trial_id,subject_id,material_key,label,original_label,group,source_session,material_rotation,fold,arm,model,role,C,p0,p1
DEAP:S01:T02,DEAP:S01,T02,1,8.1,2,1,1,4,unexposed,stimulus_absolute_context,train,0.01,0.3422515261751349,0.6577484738248651
DEAP:S01:T06,DEAP:S01,T06,1,8.27,2,1,1,4,unexposed,stimulus_absolute_context,train,0.01,0.26341559104905576,0.7365844089509442
DEAP:S01:T07,DEAP:S01,T07,1,7.44,2,1,1,4,unexposed,stimulus_absolute_context,train,0.01,0.4047469440535719,0.5952530559464281
DEAP:S01:T09,DEAP:S01,T09,0,4.04,2,1,1,4,unexposed,stimulus_absolute_context,train,0.01,0.2702437240244657,0.7297562759755343
DEAP:S01:T17,DEAP:S01,T17,0,2.46,2,1,1,4,unexposed,stimulus_absolute_context,train,0.01,0.3058213049671362,0.6941786950328638
DEAP:S01:T19,DEAP:S01,T19,1,7.17,2,1,1,4,unexposed,stimulus_absolute_context,train,0.01,0.2570101749288375,0.7429898250711625
DEAP:S01:T23,DEAP:S01,T23,1,8.15,2,1,1,4,unexposed,stimulus_absolute_context,train,0.01,0.7851034688757801,0.21489653112421989
DEAP:S01:T26,DEAP:S01,T26,1,7.28,2,1,1,4,unexposed,stimulus_absolute_context,train,0.01,0.5777862426597579,0.42221375734024214
DEAP:S01:T28,DEAP:S01,T28,0,3.88,2,1,1,4,unexposed,stimulus_absolute_context,train,0.01,0.505378775257718,0.494621224742282
DEAP:S01:T30,DEAP:S01,T30,0,2.08,2,1,1,4,unexposed,stimulus_absolute_context,train,0.01,0.7432025933278494,0.2567974066721506
DEAP:S01:T33,DEAP:S01,T33,0,3.81,2,1,1,4,unexposed,stimulus_absolute_context,train,0.01,0.5852963533566159,0.4147036466433841
DEAP:S01:T35,DEAP:S01,T35,0,2.06,2,1,1,4,unexposed,stimulus_absolute_context,train,0.01,0.6736711301491454,0.3263288698508547
DEAP:S01:T36,DEAP:S01,T36,0,2.9,2,1,1,4,unexposed,stimulus_absolute_context,train,0.01,0.5968022406375542,0.40319775936244584
DEAP:S01:T37,DEAP:S01,T37,0,2.31,2,1,1,4,unexposed,stimulus_absolute_context,train,0.01,0.6666927522973276,0.33330724770267245
DEAP:S01:T39,DEAP:S01,T39,0,3.24,2,1,1,4,unexposed,stimulus_absolute_context,train,0.01,0.5374877088893795,0.46251229111062053
DEAP:S01:T40,DEAP:S01,T40,1,5.1,2,1,1,4,unexposed,stimulus_absolute_context,train,0.01,0.5171384956268039,0.4828615043731961
DEAP:S02:T02,DEAP:S02,T02,1,8.01,2,1,1,4,unexposed,stimulus_absolute_context,train,0.01,0.3808398664079048,0.6191601335920952
DEAP:S02:T07,DEAP:S02,T07,0,4.96,2,1,1,4,unexposed,stimulus_absolute_context,train,0.01,0.43209925108745584,0.5679007489125442
DEAP:S02:T09,DEAP:S02,T09,1,9.0,2,1,1,4,unexposed,stimulus_absolute_context,train,0.01,0.35302487810672445,0.6469751218932756
DEAP:S02:T17,DEAP:S02,T17,1,9.0,2,1,1,4,unexposed,stimulus_absolute_context,train,0.01,0.4359851589330347,0.5640148410669653
DEAP:S02:T19,DEAP:S02,T19,1,9.0,2,1,1,4,unexposed,stimulus_absolute_context,train,0.01,0.324330591696687,0.675669408303313
DEAP:S02:T26,DEAP:S02,T26,1,9.0,2,1,1,4,unexposed,stimulus_absolute_context,train,0.01,0.6870788273457478,0.31292117265425223
DEAP:S02:T28,DEAP:S02,T28,0,4.06,2,1,1,4,unexposed,stimulus_absolute_context,train,0.01,0.5970722617239083,0.40292773827609174
DEAP:S02:T30,DEAP:S02,T30,0,2.01,2,1,1,4,unexposed,stimulus_absolute_context,train,0.01,0.8047614478801769,0.1952385521198231
DEAP:S02:T35,DEAP:S02,T35,0,1.99,2,1,1,4,unexposed,stimulus_absolute_context,train,0.01,0.761155350456536,0.23884464954346393
DEAP:S02:T36,DEAP:S02,T36,1,5.04,2,1,1,4,unexposed,stimulus_absolute_context,train,0.01,0.6509677040934574,0.34903229590654267
DEAP:S02:T37,DEAP:S02,T37,0,1.0,2,1,1,4,unexposed,stimulus_absolute_context,train,0.01,0.7299224168257892,0.2700775831742109
DEAP:S02:T39,DEAP:S02,T39,0,1.0,2,1,1,4,unexposed,stimulus_absolute_context,train,0.01,0.5990625058639865,0.4009374941360136
DEAP:S02:T40,DEAP:S02,T40,1,6.05,2,1,1,4,unexposed,stimulus_absolute_context,train,0.01,0.5694123009391551,0.43058769906084493
DEAP:S03:T02,DEAP:S03,T02,1,7.21,2,1,1,4,unexposed,stimulus_absolute_context,train,0.01,0.3619626998783413,0.6380373001216587
DEAP:S03:T06,DEAP:S03,T06,1,6.79,2,1,1,4,unexposed,stimulus_absolute_context,train,0.01,0.29765462486275973,0.7023453751372403
DEAP:S03:T07,DEAP:S03,T07,1,5.45,2,1,1,4,unexposed,stimulus_absolute_context,train,0.01,0.4345974274788452,0.5654025725211548
DEAP:S03:T09,DEAP:S03,T09,1,7.33,2,1,1,4,unexposed,stimulus_absolute_context,train,0.01,0.3436161550582074,0.6563838449417926
DEAP:S03:T17,DEAP:S03,T17,0,4.56,2,1,1,4,unexposed,stimulus_absolute_context,train,0.01,0.3227308793577769,0.6772691206422231
DEAP:S03:T19,DEAP:S03,T19,1,8.14,2,1,1,4,unexposed,stimulus_absolute_context,train,0.01,0.29283563957719905,0.707164360422801
DEAP:S03:T23,DEAP:S03,T23,0,3.65,2,1,1,4,unexposed,stimulus_absolute_context,train,0.01,0.7549595500370285,0.24504044996297142
DEAP:S03:T26,DEAP:S03,T26,0,4.67,2,1,1,4,unexposed,stimulus_absolute_context,train,0.01,0.5962373841359272,0.40376261586407286
DEAP:S03:T28,DEAP:S03,T28,1,5.59,2,1,1,4,unexposed,stimulus_absolute_context,train,0.01,0.5208426428138168,0.47915735718618324
DEAP:S03:T30,DEAP:S03,T30,0,3.87,2,1,1,4,unexposed,stimulus_absolute_context,train,0.01,0.756542735818931,0.24345726418106908
DEAP:S03:T33,DEAP:S03,T33,0,4.05,2,1,1,4,unexposed,stimulus_absolute_context,train,0.01,0.5961919366838884,0.40380806331611163
DEAP:S03:T36,DEAP:S03,T36,1,5.01,2,1,1,4,unexposed,stimulus_absolute_context,train,0.01,0.6428551495591311,0.35714485044086886
DEAP:S03:T37,DEAP:S03,T37,0,4.92,2,1,1,4,unexposed,stimulus_absolute_context,train,0.01,0.6692905644116416,0.33070943558835836
DEAP:S03:T39,DEAP:S03,T39,0,4.33,2,1,1,4,unexposed,stimulus_absolute_context,train,0.01,0.5497280934005057,0.45027190659949434
DEAP:S03:T40,DEAP:S03,T40,1,5.38,2,1,1,4,unexposed,stimulus_absolute_context,train,0.01,0.5116252276697477,0.48837477233025234
DEAP:S04:T02,DEAP:S04,T02,0,4.06,2,1,1,4,unexposed,stimulus_absolute_context,train,0.01,0.46409345221095666,0.5359065477890433
DEAP:S04:T06,DEAP:S04,T06,1,5.01,2,1,1,4,unexposed,stimulus_absolute_context,train,0.01,0.4047856866598597,0.5952143133401403
DEAP:S04:T07,DEAP:S04,T07,0,2.94,2,1,1,4,unexposed,stimulus_absolute_context,train,0.01,0.5280839397642004,0.4719160602357996
DEAP:S04:T09,DEAP:S04,T09,1,6.05,2,1,1,4,unexposed,stimulus_absolute_context,train,0.01,0.4225828131743158,0.5774171868256842
DEAP:S04:T17,DEAP:S04,T17,1,7.01,2,1,1,4,unexposed,stimulus_absolute_context,train,0.01,0.5403871493096439,0.45961285069035607
DEAP:S04:T19,DEAP:S04,T19,1,7.09,2,1,1,4,unexposed,stimulus_absolute_context,train,0.01,0.3644003501236731,0.6355996498763269
DEAP:S04:T23,DEAP:S04,T23,0,1.86,2,1,1,4,unexposed,stimulus_absolute_context,train,0.01,0.8414652353759844,0.15853476462401564
DEAP:S04:T26,DEAP:S04,T26,1,6.0,2,1,1,4,unexposed,stimulus_absolute_context,train,0.01,0.7605735182610385,0.23942648173896156
DEAP:S04:T28,DEAP:S04,T28,0,2.17,2,1,1,4,unexposed,stimulus_absolute_context,train,0.01,0.6401947085933899,0.35980529140661016
DEAP:S04:T30,DEAP:S04,T30,0,3.1,2,1,1,4,unexposed,stimulus_absolute_context,train,0.01,0.8552310667929243,0.1447689332070757
DEAP:S04:T33,DEAP:S04,T33,0,1.0,2,1,1,4,unexposed,stimulus_absolute_context,train,0.01,0.7720508025981484,0.22794919740185163
DEAP:S04:T35,DEAP:S04,T35,0,2.03,2,1,1,4,unexposed,stimulus_absolute_context,train,0.01,0.7977507012468539,0.20224929875314618
DEAP:S04:T36,DEAP:S04,T36,0,2.72,2,1,1,4,unexposed,stimulus_absolute_context,train,0.01,0.7087371243437948,0.29126287565620523
DEAP:S04:T39,DEAP:S04,T39,0,1.92,2,1,1,4,unexposed,stimulus_absolute_context,train,0.01,0.6900972654847011,0.3099027345152989
DEAP:S04:T40,DEAP:S04,T40,0,1.86,2,1,1,4,unexposed,stimulus_absolute_context,train,0.01,0.6473053067748289,0.35269469322517105
DEAP:S05:T02,DEAP:S05,T02,1,9.0,2,1,1,4,unexposed,stimulus_absolute_context,train,0.01,0.2747330043583026,0.7252669956416974
DEAP:S05:T06,DEAP:S05,T06,1,8.09,2,1,1,4,unexposed,stimulus_absolute_context,train,0.01,0.24220274212712078,0.7577972578728792
DEAP:S05:T07,DEAP:S05,T07,1,5.12,2,1,1,4,unexposed,stimulus_absolute_context,train,0.01,0.3742877883030573,0.6257122116969427
DEAP:S05:T09,DEAP:S05,T09,1,6.94,2,1,1,4,unexposed,stimulus_absolute_context,train,0.01,0.275409276324151,0.724590723675849
DEAP:S05:T17,DEAP:S05,T17,1,6.88,2,1,1,4,unexposed,stimulus_absolute_context,train,0.01,0.33795946058799586,0.6620405394120041
DEAP:S05:T19,DEAP:S05,T19,1,8.03,2,1,1,4,unexposed,stimulus_absolute_context,train,0.01,0.23699799685546719,0.7630020031445328
DEAP:S05:T23,DEAP:S05,T23,0,1.0,2,1,1,4,unexposed,stimulus_absolute_context,train,0.01,0.7231172590583985,0.2768827409416015
DEAP:S05:T26,DEAP:S05,T26,1,7.96,2,1,1,4,unexposed,stimulus_absolute_context,train,0.01,0.5528616496314456,0.44713835036855437
DEAP:S05:T28,DEAP:S05,T28,0,3.9,2,1,1,4,unexposed,stimulus_absolute_context,train,0.01,0.4924878013423555,0.5075121986576445
DEAP:S05:T30,DEAP:S05,T30,0,2.94,2,1,1,4,unexposed,stimulus_absolute_context,train,0.01,0.7173976676683029,0.2826023323316971
DEAP:S05:T33,DEAP:S05,T33,1,5.17,2,1,1,4,unexposed,stimulus_absolute_context,train,0.01,0.58659299139303,0.41340700860697
DEAP:S05:T35,DEAP:S05,T35,0,4.86,2,1,1,4,unexposed,stimulus_absolute_context,train,0.01,0.6937258622027501,0.3062741377972499
DEAP:S05:T36,DEAP:S05,T36,0,4.91,2,1,1,4,unexposed,stimulus_absolute_context,train,0.01,0.5596662100299501,0.44033378997004996
DEAP:S05:T37,DEAP:S05,T37,0,1.91,2,1,1,4,unexposed,stimulus_absolute_context,train,0.01,0.6280732962342503,0.3719267037657497
DEAP:S05:T39,DEAP:S05,T39,0,1.0,2,1,1,4,unexposed,stimulus_absolute_context,train,0.01,0.517971495165223,0.48202850483477705
DEAP:S05:T40,DEAP:S05,T40,1,7.0,2,1,1,4,unexposed,stimulus_absolute_context,train,0.01,0.5133495907062209,0.48665040929377906
DEAP:S06:T02,DEAP:S06,T02,1,6.83,2,1,1,4,unexposed,stimulus_absolute_context,train,0.01,0.2573526030330495,0.7426473969669505
DEAP:S06:T06,DEAP:S06,T06,1,8.05,2,1,1,4,unexposed,stimulus_absolute_context,train,0.01,0.20700614436585196,0.792993855634148
DEAP:S06:T07,DEAP:S06,T07,1,8.26,2,1,1,4,unexposed,stimulus_absolute_context,train,0.01,0.30070648165060865,0.6992935183493914
DEAP:S06:T17,DEAP:S06,T17,1,6.72,2,1,1,4,unexposed,stimulus_absolute_context,train,0.01,0.3092641344190813,0.6907358655809187
DEAP:S06:T19,DEAP:S06,T19,1,7.41,2,1,1,4,unexposed,stimulus_absolute_context,train,0.01,0.1871157252886363,0.8128842747113637
DEAP:S06:T23,DEAP:S06,T23,0,3.47,2,1,1,4,unexposed,stimulus_absolute_context,train,0.01,0.6666884600165455,0.33331153998345453
DEAP:S06:T26,DEAP:S06,T26,1,5.08,2,1,1,4,unexposed,stimulus_absolute_context,train,0.01,0.4859891252868729,0.5140108747131271
DEAP:S06:T28,DEAP:S06,T28,1,6.42,2,1,1,4,unexposed,stimulus_absolute_context,train,0.01,0.44067831848977557,0.5593216815102244
DEAP:S06:T30,DEAP:S06,T30,1,6.99,2,1,1,4,unexposed,stimulus_absolute_context,train,0.01,0.7030541387642371,0.2969458612357629
DEAP:S06:T35,DEAP:S06,T35,0,3.96,2,1,1,4,unexposed,stimulus_absolute_context,train,0.01,0.5965468033545772,0.4034531966454228
DEAP:S06:T36,DEAP:S06,T36,1,5.71,2,1,1,4,unexposed,stimulus_absolute_context,train,0.01,0.522851778485576,0.4771482215144241
DEAP:S06:T37,DEAP:S06,T37,0,4.83,2,1,1,4,unexposed,stimulus_absolute_context,train,0.01,0.5932390637313234,0.40676093626867654
DEAP:S06:T39,DEAP:S06,T39,1,6.56,2,1,1,4,unexposed,stimulus_absolute_context,train,0.01,0.45683652220811677,0.5431634777918832
DEAP:S06:T40,DEAP:S06,T40,0,4.85,2,1,1,4,unexposed,stimulus_absolute_context,train,0.01,0.41067251914207736,0.5893274808579226
DEAP:S07:T02,DEAP:S07,T02,1,7.15,2,1,1,4,unexposed,stimulus_absolute_context,train,0.01,0.21520777456112605,0.784792225438874
DEAP:S07:T06,DEAP:S07,T06,1,6.97,2,1,1,4,unexposed,stimulus_absolute_context,train,0.01,0.17663713062306896,0.823362869376931
DEAP:S07:T07,DEAP:S07,T07,1,7.08,2,1,1,4,unexposed,stimulus_absolute_context,train,0.01,0.30830260891900607,0.6916973910809939
DEAP:S07:T09,DEAP:S07,T09,1,6.99,2,1,1,4,unexposed,stimulus_absolute_context,train,0.01,0.2009151393793115,0.7990848606206885
DEAP:S07:T17,DEAP:S07,T17,1,7.12,2,1,1,4,unexposed,stimulus_absolute_context,train,0.01,0.2674704811180998,0.7325295188819002
DEAP:S07:T19,DEAP:S07,T19,1,6.99,2,1,1,4,unexposed,stimulus_absolute_context,train,0.01,0.1768522910726712,0.8231477089273288
DEAP:S07:T26,DEAP:S07,T26,0,2.0,2,1,1,4,unexposed,stimulus_absolute_context,train,0.01,0.442435759767682,0.557564240232318
DEAP:S07:T30,DEAP:S07,T30,0,3.09,2,1,1,4,unexposed,stimulus_absolute_context,train,0.01,0.6231276970829485,0.3768723029170516
DEAP:S07:T35,DEAP:S07,T35,1,5.01,2,1,1,4,unexposed,stimulus_absolute_context,train,0.01,0.6250194180249506,0.3749805819750494
DEAP:S07:T36,DEAP:S07,T36,1,8.1,2,1,1,4,unexposed,stimulus_absolute_context,train,0.01,0.49623969925984446,0.5037603007401555
DEAP:S07:T37,DEAP:S07,T37,1,5.05,2,1,1,4,unexposed,stimulus_absolute_context,train,0.01,0.576360370403834,0.42363962959616597
DEAP:S07:T39,DEAP:S07,T39,1,7.01,2,1,1,4,unexposed,stimulus_absolute_context,train,0.01,0.4198541839851291,0.5801458160148709
DEAP:S07:T40,DEAP:S07,T40,1,7.01,2,1,1,4,unexposed,stimulus_absolute_context,train,0.01,0.4118278359077838,0.5881721640922162
DEAP:S08:T02,DEAP:S08,T02,1,5.04,2,1,1,4,unexposed,stimulus_absolute_context,train,0.01,0.31129734977190626,0.6887026502280937
DEAP:S08:T06,DEAP:S08,T06,1,7.4,2,1,1,4,unexposed,stimulus_absolute_context,train,0.01,0.22827483658934744,0.7717251634106526
DEAP:S08:T07,DEAP:S08,T07,1,5.04,2,1,1,4,unexposed,stimulus_absolute_context,train,0.01,0.3849817489055902,0.6150182510944098
DEAP:S08:T09,DEAP:S08,T09,1,8.78,2,1,1,4,unexposed,stimulus_absolute_context,train,0.01,0.24820828887506052,0.7517917111249395
DEAP:S08:T17,DEAP:S08,T17,1,6.67,2,1,1,4,unexposed,stimulus_absolute_context,train,0.01,0.282193360114532,0.717806639885468
DEAP:S08:T19,DEAP:S08,T19,1,5.04,2,1,1,4,unexposed,stimulus_absolute_context,train,0.01,0.20695473960154487,0.7930452603984551
DEAP:S08:T23,DEAP:S08,T23,0,3.59,2,1,1,4,unexposed,stimulus_absolute_context,train,0.01,0.7073257990904717,0.29267420090952834
DEAP:S08:T26,DEAP:S08,T26,0,4.99,2,1,1,4,unexposed,stimulus_absolute_context,train,0.01,0.5317013081104536,0.4682986918895465
DEAP:S08:T28,DEAP:S08,T28,1,5.04,2,1,1,4,unexposed,stimulus_absolute_context,train,0.01,0.4252136992735306,0.5747863007264694
DEAP:S08:T30,DEAP:S08,T30,0,1.4,2,1,1,4,unexposed,stimulus_absolute_context,train,0.01,0.6858325441302121,0.3141674558697879
DEAP:S08:T33,DEAP:S08,T33,0,4.44,2,1,1,4,unexposed,stimulus_absolute_context,train,0.01,0.574802451263801,0.42519754873619897
DEAP:S08:T35,DEAP:S08,T35,0,3.62,2,1,1,4,unexposed,stimulus_absolute_context,train,0.01,0.5702867479968843,0.4297132520031157
DEAP:S08:T36,DEAP:S08,T36,0,1.21,2,1,1,4,unexposed,stimulus_absolute_context,train,0.01,0.5318894388777164,0.4681105611222835
DEAP:S08:T37,DEAP:S08,T37,1,5.06,2,1,1,4,unexposed,stimulus_absolute_context,train,0.01,0.684441671789358,0.31555832821064206
DEAP:S08:T39,DEAP:S08,T39,1,5.05,2,1,1,4,unexposed,stimulus_absolute_context,train,0.01,0.4590281045134659,0.5409718954865341
DEAP:S08:T40,DEAP:S08,T40,0,3.13,2,1,1,4,unexposed,stimulus_absolute_context,train,0.01,0.4284291911665524,0.5715708088334476
DEAP:S11:T02,DEAP:S11,T02,1,5.67,2,1,1,4,unexposed,stimulus_absolute_context,train,0.01,0.31594272068691354,0.6840572793130865
DEAP:S11:T06,DEAP:S11,T06,1,5.32,2,1,1,4,unexposed,stimulus_absolute_context,train,0.01,0.24069242836794724,0.7593075716320528
DEAP:S11:T07,DEAP:S11,T07,1,6.37,2,1,1,4,unexposed,stimulus_absolute_context,train,0.01,0.40953539901093317,0.5904646009890668
DEAP:S11:T09,DEAP:S11,T09,1,7.04,2,1,1,4,unexposed,stimulus_absolute_context,train,0.01,0.2786012239305746,0.7213987760694254
DEAP:S11:T17,DEAP:S11,T17,1,8.32,2,1,1,4,unexposed,stimulus_absolute_context,train,0.01,0.32780585976362253,0.6721941402363775
DEAP:S11:T19,DEAP:S11,T19,1,5.54,2,1,1,4,unexposed,stimulus_absolute_context,train,0.01,0.2294507035376787,0.7705492964623213
DEAP:S11:T23,DEAP:S11,T23,0,3.72,2,1,1,4,unexposed,stimulus_absolute_context,train,0.01,0.7395249443913527,0.26047505560864725
DEAP:S11:T26,DEAP:S11,T26,1,5.49,2,1,1,4,unexposed,stimulus_absolute_context,train,0.01,0.6102188082365094,0.3897811917634905
DEAP:S11:T28,DEAP:S11,T28,0,4.26,2,1,1,4,unexposed,stimulus_absolute_context,train,0.01,0.5253119493404937,0.47468805065950626
DEAP:S11:T30,DEAP:S11,T30,0,4.58,2,1,1,4,unexposed,stimulus_absolute_context,train,0.01,0.700422743978508,0.29957725602149193
DEAP:S11:T33,DEAP:S11,T33,1,5.64,2,1,1,4,unexposed,stimulus_absolute_context,train,0.01,0.6128148135959519,0.3871851864040481
DEAP:S11:T35,DEAP:S11,T35,0,1.23,2,1,1,4,unexposed,stimulus_absolute_context,train,0.01,0.671570160161298,0.328429839838702
DEAP:S11:T36,DEAP:S11,T36,0,3.62,2,1,1,4,unexposed,stimulus_absolute_context,train,0.01,0.60289019409508,0.39710980590491995
DEAP:S11:T39,DEAP:S11,T39,0,1.0,2,1,1,4,unexposed,stimulus_absolute_context,train,0.01,0.4698052029269315,0.5301947970730685
DEAP:S11:T40,DEAP:S11,T40,0,4.95,2,1,1,4,unexposed,stimulus_absolute_context,train,0.01,0.45711962007404017,0.5428803799259598
DEAP:S14:T02,DEAP:S14,T02,1,6.05,2,1,1,4,unexposed,stimulus_absolute_context,train,0.01,0.3363631425616068,0.6636368574383932
DEAP:S14:T06,DEAP:S14,T06,1,7.19,2,1,1,4,unexposed,stimulus_absolute_context,train,0.01,0.26395345939519044,0.7360465406048096
DEAP:S14:T07,DEAP:S14,T07,1,6.85,2,1,1,4,unexposed,stimulus_absolute_context,train,0.01,0.4219439040958064,0.5780560959041936
DEAP:S14:T09,DEAP:S14,T09,1,7.69,2,1,1,4,unexposed,stimulus_absolute_context,train,0.01,0.3176289908895482,0.6823710091104518
DEAP:S14:T17,DEAP:S14,T17,1,6.06,2,1,1,4,unexposed,stimulus_absolute_context,train,0.01,0.40417016467304445,0.5958298353269555
DEAP:S14:T19,DEAP:S14,T19,1,7.55,2,1,1,4,unexposed,stimulus_absolute_context,train,0.01,0.25992378814425676,0.7400762118557432
DEAP:S14:T23,DEAP:S14,T23,0,2.41,2,1,1,4,unexposed,stimulus_absolute_context,train,0.01,0.7575439424075527,0.2424560575924473
DEAP:S14:T26,DEAP:S14,T26,0,3.28,2,1,1,4,unexposed,stimulus_absolute_context,train,0.01,0.6008851543964842,0.39911484560351584
DEAP:S14:T28,DEAP:S14,T28,0,2.53,2,1,1,4,unexposed,stimulus_absolute_context,train,0.01,0.5279413803391146,0.4720586196608853
DEAP:S14:T30,DEAP:S14,T30,0,1.1,2,1,1,4,unexposed,stimulus_absolute_context,train,0.01,0.766143672595504,0.233856327404496
DEAP:S14:T33,DEAP:S14,T33,0,3.18,2,1,1,4,unexposed,stimulus_absolute_context,train,0.01,0.6085006361952965,0.3914993638047035
DEAP:S14:T35,DEAP:S14,T35,0,2.68,2,1,1,4,unexposed,stimulus_absolute_context,train,0.01,0.7004819517787962,0.29951804822120376
DEAP:S14:T36,DEAP:S14,T36,0,2.01,2,1,1,4,unexposed,stimulus_absolute_context,train,0.01,0.6152185580634058,0.38478144193659425
DEAP:S14:T37,DEAP:S14,T37,0,3.47,2,1,1,4,unexposed,stimulus_absolute_context,train,0.01,0.68611517710586,0.31388482289414005
DEAP:S14:T39,DEAP:S14,T39,1,6.65,2,1,1,4,unexposed,stimulus_absolute_context,train,0.01,0.5824334462669657,0.4175665537330343
DEAP:S14:T40,DEAP:S14,T40,1,6.68,2,1,1,4,unexposed,stimulus_absolute_context,train,0.01,0.5329882555749101,0.4670117444250899
DEAP:S15:T02,DEAP:S15,T02,1,5.04,2,1,1,4,unexposed,stimulus_absolute_context,train,0.01,0.36545993831526236,0.6345400616847376
DEAP:S15:T06,DEAP:S15,T06,1,9.0,2,1,1,4,unexposed,stimulus_absolute_context,train,0.01,0.2459546281475955,0.7540453718524045
DEAP:S15:T07,DEAP:S15,T07,1,5.04,2,1,1,4,unexposed,stimulus_absolute_context,train,0.01,0.4331892188508467,0.5668107811491533
DEAP:S15:T09,DEAP:S15,T09,1,9.0,2,1,1,4,unexposed,stimulus_absolute_context,train,0.01,0.2742340730640742,0.7257659269359258
DEAP:S15:T17,DEAP:S15,T17,1,8.1,2,1,1,4,unexposed,stimulus_absolute_context,train,0.01,0.3624985678088517,0.6375014321911483
DEAP:S15:T19,DEAP:S15,T19,1,7.04,2,1,1,4,unexposed,stimulus_absolute_context,train,0.01,0.2649983013059126,0.7350016986940874
DEAP:S15:T26,DEAP:S15,T26,0,4.96,2,1,1,4,unexposed,stimulus_absolute_context,train,0.01,0.6202774397837314,0.37972256021626855
DEAP:S15:T28,DEAP:S15,T28,0,4.01,2,1,1,4,unexposed,stimulus_absolute_context,train,0.01,0.531921316578239,0.4680786834217609
DEAP:S15:T30,DEAP:S15,T30,0,2.04,2,1,1,4,unexposed,stimulus_absolute_context,train,0.01,0.7466420446956852,0.2533579553043148
DEAP:S15:T35,DEAP:S15,T35,1,5.05,2,1,1,4,unexposed,stimulus_absolute_context,train,0.01,0.7084514781057425,0.29154852189425756
DEAP:S15:T36,DEAP:S15,T36,0,3.96,2,1,1,4,unexposed,stimulus_absolute_context,train,0.01,0.6125317756035223,0.38746822439647766
DEAP:S15:T37,DEAP:S15,T37,0,3.04,2,1,1,4,unexposed,stimulus_absolute_context,train,0.01,0.6827866129441003,0.3172133870558998
DEAP:S15:T39,DEAP:S15,T39,0,4.0,2,1,1,4,unexposed,stimulus_absolute_context,train,0.01,0.5650006788467414,0.4349993211532586
DEAP:S15:T40,DEAP:S15,T40,0,4.01,2,1,1,4,unexposed,stimulus_absolute_context,train,0.01,0.5166498306337604,0.48335016936623965
DEAP:S16:T02,DEAP:S16,T02,1,6.45,2,1,1,4,unexposed,stimulus_absolute_context,train,0.01,0.39120370291595685,0.6087962970840431
DEAP:S16:T06,DEAP:S16,T06,0,4.99,2,1,1,4,unexposed,stimulus_absolute_context,train,0.01,0.25502115984155904,0.744978840158441
DEAP:S16:T07,DEAP:S16,T07,1,6.83,2,1,1,4,unexposed,stimulus_absolute_context,train,0.01,0.5088241177633761,0.49117588223662395
DEAP:S16:T09,DEAP:S16,T09,0,4.18,2,1,1,4,unexposed,stimulus_absolute_context,train,0.01,0.33782232668585943,0.6621776733141406
DEAP:S16:T19,DEAP:S16,T19,0,2.86,2,1,1,4,unexposed,stimulus_absolute_context,train,0.01,0.2640607437918294,0.7359392562081706
DEAP:S16:T23,DEAP:S16,T23,0,3.9,2,1,1,4,unexposed,stimulus_absolute_context,train,0.01,0.7898381290288384,0.21016187097116157
DEAP:S16:T26,DEAP:S16,T26,0,1.82,2,1,1,4,unexposed,stimulus_absolute_context,train,0.01,0.6214268817592516,0.37857311824074835
DEAP:S16:T28,DEAP:S16,T28,0,2.85,2,1,1,4,unexposed,stimulus_absolute_context,train,0.01,0.5582402954789849,0.4417597045210151
DEAP:S16:T30,DEAP:S16,T30,1,6.1,2,1,1,4,unexposed,stimulus_absolute_context,train,0.01,0.8115402698571056,0.18845973014289438
DEAP:S16:T33,DEAP:S16,T33,0,1.0,2,1,1,4,unexposed,stimulus_absolute_context,train,0.01,0.6861778909178899,0.31382210908211006
DEAP:S16:T35,DEAP:S16,T35,0,1.0,2,1,1,4,unexposed,stimulus_absolute_context,train,0.01,0.7555217398668208,0.24447826013317922
DEAP:S16:T36,DEAP:S16,T36,1,5.05,2,1,1,4,unexposed,stimulus_absolute_context,train,0.01,0.68781721024696,0.31218278975304
DEAP:S16:T37,DEAP:S16,T37,1,6.09,2,1,1,4,unexposed,stimulus_absolute_context,train,0.01,0.7499385392062423,0.25006146079375774
DEAP:S16:T39,DEAP:S16,T39,1,6.13,2,1,1,4,unexposed,stimulus_absolute_context,train,0.01,0.6477637964300325,0.3522362035699676
DEAP:S16:T40,DEAP:S16,T40,0,3.74,2,1,1,4,unexposed,stimulus_absolute_context,train,0.01,0.5646261482764046,0.43537385172359544
DEAP:S17:T02,DEAP:S17,T02,1,7.26,2,1,1,4,unexposed,stimulus_absolute_context,train,0.01,0.3823351141506728,0.6176648858493272
DEAP:S17:T06,DEAP:S17,T06,1,6.9,2,1,1,4,unexposed,stimulus_absolute_context,train,0.01,0.29620734794712067,0.7037926520528793
DEAP:S17:T07,DEAP:S17,T07,1,7.08,2,1,1,4,unexposed,stimulus_absolute_context,train,0.01,0.43510201320456365,0.5648979867954363
DEAP:S17:T09,DEAP:S17,T09,1,6.04,2,1,1,4,unexposed,stimulus_absolute_context,train,0.01,0.36054796383707477,0.6394520361629252
DEAP:S17:T17,DEAP:S17,T17,0,4.12,2,1,1,4,unexposed,stimulus_absolute_context,train,0.01,0.39773854944282494,0.6022614505571751
DEAP:S17:T19,DEAP:S17,T19,1,7.27,2,1,1,4,unexposed,stimulus_absolute_context,train,0.01,0.3338836489617758,0.6661163510382242
DEAP:S17:T23,DEAP:S17,T23,0,3.62,2,1,1,4,unexposed,stimulus_absolute_context,train,0.01,0.7985654150127549,0.20143458498724512
DEAP:S17:T26,DEAP:S17,T26,0,3.73,2,1,1,4,unexposed,stimulus_absolute_context,train,0.01,0.6788971782348664,0.3211028217651336
DEAP:S17:T28,DEAP:S17,T28,1,5.64,2,1,1,4,unexposed,stimulus_absolute_context,train,0.01,0.5924717549528407,0.4075282450471594
DEAP:S17:T30,DEAP:S17,T30,0,3.04,2,1,1,4,unexposed,stimulus_absolute_context,train,0.01,0.7513284422937666,0.24867155770623336
DEAP:S17:T33,DEAP:S17,T33,0,3.83,2,1,1,4,unexposed,stimulus_absolute_context,train,0.01,0.6815945152139111,0.31840548478608893
DEAP:S17:T35,DEAP:S17,T35,0,4.17,2,1,1,4,unexposed,stimulus_absolute_context,train,0.01,0.7405347002739986,0.25946529972600135
DEAP:S17:T36,DEAP:S17,T36,0,3.37,2,1,1,4,unexposed,stimulus_absolute_context,train,0.01,0.6443197787641217,0.3556802212358783
DEAP:S17:T37,DEAP:S17,T37,0,3.46,2,1,1,4,unexposed,stimulus_absolute_context,train,0.01,0.7316721893329825,0.26832781066701744
DEAP:S17:T39,DEAP:S17,T39,1,7.1,2,1,1,4,unexposed,stimulus_absolute_context,train,0.01,0.6136608401712347,0.3863391598287654
DEAP:S17:T40,DEAP:S17,T40,1,5.04,2,1,1,4,unexposed,stimulus_absolute_context,train,0.01,0.5549148161720994,0.4450851838279007
DEAP:S19:T02,DEAP:S19,T02,1,6.46,2,1,1,4,unexposed,stimulus_absolute_context,train,0.01,0.3215986464565094,0.6784013535434906
DEAP:S19:T06,DEAP:S19,T06,1,7.73,2,1,1,4,unexposed,stimulus_absolute_context,train,0.01,0.2374557769016945,0.7625442230983055
DEAP:S19:T07,DEAP:S19,T07,1,6.64,2,1,1,4,unexposed,stimulus_absolute_context,train,0.01,0.38845136619113796,0.611548633808862
DEAP:S19:T09,DEAP:S19,T09,1,7.09,2,1,1,4,unexposed,stimulus_absolute_context,train,0.01,0.2915289563657011,0.7084710436342989
DEAP:S19:T17,DEAP:S19,T17,1,7.38,2,1,1,4,unexposed,stimulus_absolute_context,train,0.01,0.35443987458396553,0.6455601254160345
DEAP:S19:T19,DEAP:S19,T19,1,7.65,2,1,1,4,unexposed,stimulus_absolute_context,train,0.01,0.2343049580649842,0.7656950419350158
DEAP:S19:T26,DEAP:S19,T26,0,4.95,2,1,1,4,unexposed,stimulus_absolute_context,train,0.01,0.5983369064496,0.40166309355040003
DEAP:S19:T28,DEAP:S19,T28,1,6.21,2,1,1,4,unexposed,stimulus_absolute_context,train,0.01,0.5206227719374079,0.47937722806259203
DEAP:S19:T30,DEAP:S19,T30,0,2.85,2,1,1,4,unexposed,stimulus_absolute_context,train,0.01,0.6983104370339781,0.30168956296602184
DEAP:S19:T33,DEAP:S19,T33,0,3.4,2,1,1,4,unexposed,stimulus_absolute_context,train,0.01,0.5979745106432264,0.4020254893567736
DEAP:S19:T36,DEAP:S19,T36,0,3.71,2,1,1,4,unexposed,stimulus_absolute_context,train,0.01,0.6034539226544002,0.3965460773455997
DEAP:S19:T37,DEAP:S19,T37,0,3.15,2,1,1,4,unexposed,stimulus_absolute_context,train,0.01,0.6436730350995222,0.35632696490047777
DEAP:S19:T39,DEAP:S19,T39,1,5.04,2,1,1,4,unexposed,stimulus_absolute_context,train,0.01,0.5780759135855362,0.4219240864144637
DEAP:S19:T40,DEAP:S19,T40,0,4.24,2,1,1,4,unexposed,stimulus_absolute_context,train,0.01,0.48153045011685724,0.5184695498831428
DEAP:S20:T02,DEAP:S20,T02,1,6.77,2,1,1,4,unexposed,stimulus_absolute_context,train,0.01,0.3148596087101687,0.6851403912898313
DEAP:S20:T06,DEAP:S20,T06,1,7.62,2,1,1,4,unexposed,stimulus_absolute_context,train,0.01,0.2606011444999622,0.7393988555000378
DEAP:S20:T07,DEAP:S20,T07,1,5.27,2,1,1,4,unexposed,stimulus_absolute_context,train,0.01,0.4205549307098845,0.5794450692901155
DEAP:S20:T09,DEAP:S20,T09,1,8.22,2,1,1,4,unexposed,stimulus_absolute_context,train,0.01,0.2497885678731182,0.7502114321268818
DEAP:S20:T17,DEAP:S20,T17,1,5.04,2,1,1,4,unexposed,stimulus_absolute_context,train,0.01,0.36616995618536163,0.6338300438146384
DEAP:S20:T19,DEAP:S20,T19,1,7.59,2,1,1,4,unexposed,stimulus_absolute_context,train,0.01,0.22500222775591683,0.7749977722440832
DEAP:S20:T23,DEAP:S20,T23,0,2.82,2,1,1,4,unexposed,stimulus_absolute_context,train,0.01,0.7273832927728594,0.2726167072271406
DEAP:S20:T26,DEAP:S20,T26,0,4.31,2,1,1,4,unexposed,stimulus_absolute_context,train,0.01,0.5688381459599672,0.43116185404003277
DEAP:S20:T28,DEAP:S20,T28,1,5.01,2,1,1,4,unexposed,stimulus_absolute_context,train,0.01,0.4854255489316447,0.5145744510683553
DEAP:S20:T30,DEAP:S20,T30,0,3.49,2,1,1,4,unexposed,stimulus_absolute_context,train,0.01,0.7422691957905476,0.2577308042094523
DEAP:S20:T33,DEAP:S20,T33,0,4.64,2,1,1,4,unexposed,stimulus_absolute_context,train,0.01,0.5812933580189328,0.4187066419810673
DEAP:S20:T36,DEAP:S20,T36,0,4.29,2,1,1,4,unexposed,stimulus_absolute_context,train,0.01,0.5817579333212797,0.4182420666787204
DEAP:S20:T37,DEAP:S20,T37,0,3.01,2,1,1,4,unexposed,stimulus_absolute_context,train,0.01,0.6538330511352818,0.3461669488647182
DEAP:S20:T39,DEAP:S20,T39,0,4.67,2,1,1,4,unexposed,stimulus_absolute_context,train,0.01,0.5268197235498617,0.4731802764501382
DEAP:S21:T02,DEAP:S21,T02,1,7.05,2,1,1,4,unexposed,stimulus_absolute_context,train,0.01,0.33124953981973426,0.6687504601802657
DEAP:S21:T06,DEAP:S21,T06,1,7.92,2,1,1,4,unexposed,stimulus_absolute_context,train,0.01,0.28357245146583065,0.7164275485341693
DEAP:S21:T07,DEAP:S21,T07,1,7.05,2,1,1,4,unexposed,stimulus_absolute_context,train,0.01,0.3932795684605479,0.6067204315394521
DEAP:S21:T09,DEAP:S21,T09,1,8.56,2,1,1,4,unexposed,stimulus_absolute_context,train,0.01,0.3085828706602277,0.6914171293397723
DEAP:S21:T17,DEAP:S21,T17,1,5.53,2,1,1,4,unexposed,stimulus_absolute_context,train,0.01,0.34546384594589985,0.6545361540541001
DEAP:S21:T19,DEAP:S21,T19,1,7.26,2,1,1,4,unexposed,stimulus_absolute_context,train,0.01,0.268645108180285,0.731354891819715
DEAP:S21:T23,DEAP:S21,T23,0,4.69,2,1,1,4,unexposed,stimulus_absolute_context,train,0.01,0.729550269821481,0.27044973017851903
DEAP:S21:T26,DEAP:S21,T26,0,4.06,2,1,1,4,unexposed,stimulus_absolute_context,train,0.01,0.5705306791835305,0.42946932081646944
DEAP:S21:T28,DEAP:S21,T28,0,3.04,2,1,1,4,unexposed,stimulus_absolute_context,train,0.01,0.49375559155423177,0.5062444084457682
DEAP:S21:T30,DEAP:S21,T30,0,3.45,2,1,1,4,unexposed,stimulus_absolute_context,train,0.01,0.7397655642832806,0.26023443571671945
DEAP:S21:T33,DEAP:S21,T33,1,7.03,2,1,1,4,unexposed,stimulus_absolute_context,train,0.01,0.6094645572478828,0.39053544275211716
DEAP:S21:T35,DEAP:S21,T35,0,4.92,2,1,1,4,unexposed,stimulus_absolute_context,train,0.01,0.6636823396115072,0.3363176603884927
DEAP:S21:T36,DEAP:S21,T36,1,6.88,2,1,1,4,unexposed,stimulus_absolute_context,train,0.01,0.6265057992168678,0.3734942007831322
DEAP:S21:T37,DEAP:S21,T37,0,3.04,2,1,1,4,unexposed,stimulus_absolute_context,train,0.01,0.667829787683052,0.332170212316948
DEAP:S21:T39,DEAP:S21,T39,1,6.09,2,1,1,4,unexposed,stimulus_absolute_context,train,0.01,0.5610241608063415,0.4389758391936584
DEAP:S21:T40,DEAP:S21,T40,0,3.99,2,1,1,4,unexposed,stimulus_absolute_context,train,0.01,0.5213974154238803,0.47860258457611965
DEAP:S23:T02,DEAP:S23,T02,1,9.0,2,1,1,4,unexposed,stimulus_absolute_context,train,0.01,0.18705369488145307,0.8129463051185469
DEAP:S23:T06,DEAP:S23,T06,1,5.09,2,1,1,4,unexposed,stimulus_absolute_context,train,0.01,0.1616921884655107,0.8383078115344893
DEAP:S23:T07,DEAP:S23,T07,1,8.94,2,1,1,4,unexposed,stimulus_absolute_context,train,0.01,0.25301947078114573,0.7469805292188543
DEAP:S23:T09,DEAP:S23,T09,1,7.03,2,1,1,4,unexposed,stimulus_absolute_context,train,0.01,0.21825330020139855,0.7817466997986015
DEAP:S23:T19,DEAP:S23,T19,1,8.15,2,1,1,4,unexposed,stimulus_absolute_context,train,0.01,0.14928514665633308,0.8507148533436669
DEAP:S23:T23,DEAP:S23,T23,0,4.17,2,1,1,4,unexposed,stimulus_absolute_context,train,0.01,0.6131945137975043,0.38680548620249566
DEAP:S23:T26,DEAP:S23,T26,1,8.27,2,1,1,4,unexposed,stimulus_absolute_context,train,0.01,0.45533527491993575,0.5446647250800642
DEAP:S23:T28,DEAP:S23,T28,1,5.04,2,1,1,4,unexposed,stimulus_absolute_context,train,0.01,0.36016628456512567,0.6398337154348743
DEAP:S23:T30,DEAP:S23,T30,0,3.88,2,1,1,4,unexposed,stimulus_absolute_context,train,0.01,0.6213698414741216,0.3786301585258785
DEAP:S23:T33,DEAP:S23,T33,1,5.04,2,1,1,4,unexposed,stimulus_absolute_context,train,0.01,0.4798741717220405,0.5201258282779595
DEAP:S23:T35,DEAP:S23,T35,1,5.18,2,1,1,4,unexposed,stimulus_absolute_context,train,0.01,0.6122001380717672,0.38779986192823274
DEAP:S23:T36,DEAP:S23,T36,0,4.92,2,1,1,4,unexposed,stimulus_absolute_context,train,0.01,0.45060066117297914,0.5493993388270209
DEAP:S23:T37,DEAP:S23,T37,0,4.31,2,1,1,4,unexposed,stimulus_absolute_context,train,0.01,0.4864072296629809,0.5135927703370191
DEAP:S23:T40,DEAP:S23,T40,0,4.88,2,1,1,4,unexposed,stimulus_absolute_context,train,0.01,0.3482787527147795,0.6517212472852205
DEAP:S24:T02,DEAP:S24,T02,1,6.04,2,1,1,4,unexposed,stimulus_absolute_context,train,0.01,0.39001764140171535,0.6099823585982846
DEAP:S24:T06,DEAP:S24,T06,1,5.96,2,1,1,4,unexposed,stimulus_absolute_context,train,0.01,0.34323032564227607,0.6567696743577239
DEAP:S24:T07,DEAP:S24,T07,0,3.04,2,1,1,4,unexposed,stimulus_absolute_context,train,0.01,0.4717129885531506,0.5282870114468494
DEAP:S24:T09,DEAP:S24,T09,1,7.08,2,1,1,4,unexposed,stimulus_absolute_context,train,0.01,0.3579660850978228,0.6420339149021772
DEAP:S24:T19,DEAP:S24,T19,1,7.03,2,1,1,4,unexposed,stimulus_absolute_context,train,0.01,0.3521761033922105,0.6478238966077895
DEAP:S24:T23,DEAP:S24,T23,0,1.0,2,1,1,4,unexposed,stimulus_absolute_context,train,0.01,0.808558859451091,0.191441140548909
DEAP:S24:T26,DEAP:S24,T26,0,4.05,2,1,1,4,unexposed,stimulus_absolute_context,train,0.01,0.6570078481838184,0.34299215181618153
DEAP:S24:T28,DEAP:S24,T28,0,4.03,2,1,1,4,unexposed,stimulus_absolute_context,train,0.01,0.5537151638598965,0.4462848361401035
DEAP:S24:T30,DEAP:S24,T30,0,1.0,2,1,1,4,unexposed,stimulus_absolute_context,train,0.01,0.7690158742635174,0.23098412573648264
DEAP:S24:T33,DEAP:S24,T33,1,5.01,2,1,1,4,unexposed,stimulus_absolute_context,train,0.01,0.6963111502060029,0.30368884979399713
DEAP:S24:T35,DEAP:S24,T35,0,4.05,2,1,1,4,unexposed,stimulus_absolute_context,train,0.01,0.7070942449557789,0.29290575504422117
DEAP:S24:T36,DEAP:S24,T36,0,4.0,2,1,1,4,unexposed,stimulus_absolute_context,train,0.01,0.6714647072607687,0.32853529273923127
DEAP:S24:T39,DEAP:S24,T39,0,2.12,2,1,1,4,unexposed,stimulus_absolute_context,train,0.01,0.598869655824535,0.40113034417546506
DEAP:S25:T02,DEAP:S25,T02,0,2.99,2,1,1,4,unexposed,stimulus_absolute_context,train,0.01,0.3411686388415296,0.6588313611584704
DEAP:S25:T07,DEAP:S25,T07,1,6.08,2,1,1,4,unexposed,stimulus_absolute_context,train,0.01,0.46207750320092555,0.5379224967990744
DEAP:S25:T09,DEAP:S25,T09,1,8.09,2,1,1,4,unexposed,stimulus_absolute_context,train,0.01,0.34403474916167254,0.6559652508383275
DEAP:S25:T17,DEAP:S25,T17,1,5.04,2,1,1,4,unexposed,stimulus_absolute_context,train,0.01,0.3839675061536897,0.6160324938463103
DEAP:S25:T19,DEAP:S25,T19,1,7.06,2,1,1,4,unexposed,stimulus_absolute_context,train,0.01,0.3042725468523033,0.6957274531476967
DEAP:S25:T23,DEAP:S25,T23,0,2.01,2,1,1,4,unexposed,stimulus_absolute_context,train,0.01,0.7774143091018325,0.22258569089816746
DEAP:S25:T26,DEAP:S25,T26,0,4.99,2,1,1,4,unexposed,stimulus_absolute_context,train,0.01,0.61518545197638,0.38481454802362003
DEAP:S25:T28,DEAP:S25,T28,1,5.01,2,1,1,4,unexposed,stimulus_absolute_context,train,0.01,0.5682723071264993,0.43172769287350066
DEAP:S25:T30,DEAP:S25,T30,0,4.03,2,1,1,4,unexposed,stimulus_absolute_context,train,0.01,0.7749573796286846,0.22504262037131534
DEAP:S25:T33,DEAP:S25,T33,0,1.94,2,1,1,4,unexposed,stimulus_absolute_context,train,0.01,0.621745588668609,0.3782544113313911
DEAP:S25:T35,DEAP:S25,T35,0,3.03,2,1,1,4,unexposed,stimulus_absolute_context,train,0.01,0.7206989309180805,0.2793010690819195
DEAP:S25:T37,DEAP:S25,T37,0,1.0,2,1,1,4,unexposed,stimulus_absolute_context,train,0.01,0.7088143950106882,0.29118560498931173
DEAP:S25:T40,DEAP:S25,T40,0,1.0,2,1,1,4,unexposed,stimulus_absolute_context,train,0.01,0.5566799029065215,0.44332009709347847
DEAP:S27:T02,DEAP:S27,T02,1,7.0,2,1,1,4,unexposed,stimulus_absolute_context,train,0.01,0.23978995321571572,0.7602100467842843
DEAP:S27:T07,DEAP:S27,T07,0,4.94,2,1,1,4,unexposed,stimulus_absolute_context,train,0.01,0.314031918184301,0.685968081815699
DEAP:S27:T09,DEAP:S27,T09,1,8.99,2,1,1,4,unexposed,stimulus_absolute_context,train,0.01,0.2392043395860428,0.7607956604139572
DEAP:S27:T17,DEAP:S27,T17,1,9.0,2,1,1,4,unexposed,stimulus_absolute_context,train,0.01,0.2723942511769214,0.7276057488230786
DEAP:S27:T19,DEAP:S27,T19,1,5.06,2,1,1,4,unexposed,stimulus_absolute_context,train,0.01,0.18611602664081262,0.8138839733591874
DEAP:S27:T23,DEAP:S27,T23,1,8.0,2,1,1,4,unexposed,stimulus_absolute_context,train,0.01,0.7141230926466056,0.2858769073533945
DEAP:S27:T28,DEAP:S27,T28,1,5.04,2,1,1,4,unexposed,stimulus_absolute_context,train,0.01,0.4545238562692072,0.5454761437307928
DEAP:S27:T30,DEAP:S27,T30,1,7.08,2,1,1,4,unexposed,stimulus_absolute_context,train,0.01,0.703154070174743,0.296845929825257
DEAP:S27:T33,DEAP:S27,T33,1,5.04,2,1,1,4,unexposed,stimulus_absolute_context,train,0.01,0.5154457668010195,0.4845542331989805
DEAP:S27:T35,DEAP:S27,T35,0,1.0,2,1,1,4,unexposed,stimulus_absolute_context,train,0.01,0.5850128220337827,0.41498717796621726
DEAP:S27:T36,DEAP:S27,T36,1,6.13,2,1,1,4,unexposed,stimulus_absolute_context,train,0.01,0.5146024814684695,0.4853975185315305
DEAP:S27:T37,DEAP:S27,T37,0,2.99,2,1,1,4,unexposed,stimulus_absolute_context,train,0.01,0.5596627287100013,0.44033727128999867
DEAP:S27:T39,DEAP:S27,T39,0,2.14,2,1,1,4,unexposed,stimulus_absolute_context,train,0.01,0.45405379262530077,0.5459462073746992
DEAP:S27:T40,DEAP:S27,T40,1,5.04,2,1,1,4,unexposed,stimulus_absolute_context,train,0.01,0.41356466928745494,0.586435330712545
DEAP:S28:T02,DEAP:S28,T02,1,7.99,2,1,1,4,unexposed,stimulus_absolute_context,train,0.01,0.2672333382497323,0.7327666617502677
DEAP:S28:T06,DEAP:S28,T06,1,8.15,2,1,1,4,unexposed,stimulus_absolute_context,train,0.01,0.19392381287759697,0.806076187122403
DEAP:S28:T07,DEAP:S28,T07,1,8.09,2,1,1,4,unexposed,stimulus_absolute_context,train,0.01,0.3154288002967708,0.6845711997032292
DEAP:S28:T09,DEAP:S28,T09,1,5.04,2,1,1,4,unexposed,stimulus_absolute_context,train,0.01,0.21983144615115546,0.7801685538488445
DEAP:S28:T17,DEAP:S28,T17,1,6.99,2,1,1,4,unexposed,stimulus_absolute_context,train,0.01,0.27335323808322587,0.7266467619167741
DEAP:S28:T19,DEAP:S28,T19,1,7.03,2,1,1,4,unexposed,stimulus_absolute_context,train,0.01,0.17583193580922574,0.8241680641907743
DEAP:S28:T26,DEAP:S28,T26,0,1.99,2,1,1,4,unexposed,stimulus_absolute_context,train,0.01,0.4812204306383623,0.5187795693616377
DEAP:S28:T30,DEAP:S28,T30,0,1.99,2,1,1,4,unexposed,stimulus_absolute_context,train,0.01,0.6333937759078674,0.36660622409213256
DEAP:S28:T33,DEAP:S28,T33,1,7.01,2,1,1,4,unexposed,stimulus_absolute_context,train,0.01,0.5127683550209903,0.4872316449790097
DEAP:S28:T35,DEAP:S28,T35,0,1.08,2,1,1,4,unexposed,stimulus_absolute_context,train,0.01,0.5860693376293409,0.41393066237065906
DEAP:S28:T36,DEAP:S28,T36,0,3.08,2,1,1,4,unexposed,stimulus_absolute_context,train,0.01,0.4958377721230227,0.5041622278769773
DEAP:S28:T40,DEAP:S28,T40,1,7.1,2,1,1,4,unexposed,stimulus_absolute_context,train,0.01,0.4084999285213088,0.5915000714786912
DEAP:S29:T02,DEAP:S29,T02,1,7.05,2,1,1,4,unexposed,stimulus_absolute_context,train,0.01,0.23409343053563114,0.7659065694643689
DEAP:S29:T06,DEAP:S29,T06,1,8.03,2,1,1,4,unexposed,stimulus_absolute_context,train,0.01,0.18759475358091438,0.8124052464190856
DEAP:S29:T07,DEAP:S29,T07,1,7.04,2,1,1,4,unexposed,stimulus_absolute_context,train,0.01,0.3277631426766805,0.6722368573233195
DEAP:S29:T09,DEAP:S29,T09,1,7.06,2,1,1,4,unexposed,stimulus_absolute_context,train,0.01,0.2466834646795243,0.7533165353204757
DEAP:S29:T17,DEAP:S29,T17,1,5.08,2,1,1,4,unexposed,stimulus_absolute_context,train,0.01,0.26294306108724563,0.7370569389127544
DEAP:S29:T19,DEAP:S29,T19,1,7.05,2,1,1,4,unexposed,stimulus_absolute_context,train,0.01,0.1781108538127525,0.8218891461872475
DEAP:S29:T26,DEAP:S29,T26,0,3.0,2,1,1,4,unexposed,stimulus_absolute_context,train,0.01,0.48715107576752237,0.5128489242324776
DEAP:S29:T30,DEAP:S29,T30,0,2.95,2,1,1,4,unexposed,stimulus_absolute_context,train,0.01,0.6648351742639416,0.33516482573605844
DEAP:S29:T33,DEAP:S29,T33,0,1.99,2,1,1,4,unexposed,stimulus_absolute_context,train,0.01,0.5106954717186432,0.4893045282813568
DEAP:S29:T35,DEAP:S29,T35,0,1.92,2,1,1,4,unexposed,stimulus_absolute_context,train,0.01,0.5945903601085188,0.40540963989148115
DEAP:S29:T36,DEAP:S29,T36,1,5.03,2,1,1,4,unexposed,stimulus_absolute_context,train,0.01,0.5506363343953514,0.4493636656046486
DEAP:S29:T37,DEAP:S29,T37,1,5.01,2,1,1,4,unexposed,stimulus_absolute_context,train,0.01,0.5969622911526151,0.4030377088473849
DEAP:S29:T39,DEAP:S29,T39,1,6.05,2,1,1,4,unexposed,stimulus_absolute_context,train,0.01,0.4636156057296069,0.5363843942703931
DEAP:S29:T40,DEAP:S29,T40,1,6.01,2,1,1,4,unexposed,stimulus_absolute_context,train,0.01,0.4149053677512996,0.5850946322487004
DEAP:S30:T02,DEAP:S30,T02,1,7.15,2,1,1,4,unexposed,stimulus_absolute_context,train,0.01,0.2822309325791984,0.7177690674208016
DEAP:S30:T06,DEAP:S30,T06,1,6.22,2,1,1,4,unexposed,stimulus_absolute_context,train,0.01,0.20801992312873152,0.7919800768712685
DEAP:S30:T07,DEAP:S30,T07,0,4.05,2,1,1,4,unexposed,stimulus_absolute_context,train,0.01,0.3195865962788813,0.6804134037211187
DEAP:S30:T09,DEAP:S30,T09,1,7.08,2,1,1,4,unexposed,stimulus_absolute_context,train,0.01,0.2520159834157468,0.7479840165842532
DEAP:S30:T17,DEAP:S30,T17,1,7.13,2,1,1,4,unexposed,stimulus_absolute_context,train,0.01,0.2966236588706539,0.7033763411293461
DEAP:S30:T19,DEAP:S30,T19,1,8.27,2,1,1,4,unexposed,stimulus_absolute_context,train,0.01,0.21421035587811466,0.7857896441218853
DEAP:S30:T23,DEAP:S30,T23,0,3.0,2,1,1,4,unexposed,stimulus_absolute_context,train,0.01,0.6810590253277105,0.31894097467228955
DEAP:S30:T26,DEAP:S30,T26,1,5.01,2,1,1,4,unexposed,stimulus_absolute_context,train,0.01,0.5532459675947539,0.44675403240524614
DEAP:S30:T28,DEAP:S30,T28,1,5.06,2,1,1,4,unexposed,stimulus_absolute_context,train,0.01,0.468153654416117,0.531846345583883
DEAP:S30:T30,DEAP:S30,T30,0,4.04,2,1,1,4,unexposed,stimulus_absolute_context,train,0.01,0.6842992122990985,0.31570078770090143
DEAP:S30:T33,DEAP:S30,T33,0,3.91,2,1,1,4,unexposed,stimulus_absolute_context,train,0.01,0.5358383046149924,0.46416169538500757
DEAP:S30:T35,DEAP:S30,T35,1,5.04,2,1,1,4,unexposed,stimulus_absolute_context,train,0.01,0.6627084322039424,0.3372915677960576
DEAP:S30:T36,DEAP:S30,T36,0,4.03,2,1,1,4,unexposed,stimulus_absolute_context,train,0.01,0.5345665179882768,0.46543348201172313
DEAP:S30:T40,DEAP:S30,T40,1,5.05,2,1,1,4,unexposed,stimulus_absolute_context,train,0.01,0.4650610534517341,0.5349389465482659
DEAP:S32:T02,DEAP:S32,T02,0,4.99,2,1,1,4,unexposed,stimulus_absolute_context,train,0.01,0.3255873716448018,0.6744126283551982
DEAP:S32:T06,DEAP:S32,T06,1,5.78,2,1,1,4,unexposed,stimulus_absolute_context,train,0.01,0.285769978975837,0.714230021024163
DEAP:S32:T07,DEAP:S32,T07,0,4.94,2,1,1,4,unexposed,stimulus_absolute_context,train,0.01,0.42206909277506177,0.5779309072249382
DEAP:S32:T09,DEAP:S32,T09,1,7.86,2,1,1,4,unexposed,stimulus_absolute_context,train,0.01,0.27872420523898644,0.7212757947610136
DEAP:S32:T17,DEAP:S32,T17,1,6.09,2,1,1,4,unexposed,stimulus_absolute_context,train,0.01,0.33163968540575794,0.668360314594242
DEAP:S32:T19,DEAP:S32,T19,1,8.24,2,1,1,4,unexposed,stimulus_absolute_context,train,0.01,0.2405135764717372,0.7594864235282628
DEAP:S32:T23,DEAP:S32,T23,0,3.01,2,1,1,4,unexposed,stimulus_absolute_context,train,0.01,0.7332016917161539,0.26679830828384604
DEAP:S32:T26,DEAP:S32,T26,1,5.14,2,1,1,4,unexposed,stimulus_absolute_context,train,0.01,0.5915088228171155,0.4084911771828845
DEAP:S32:T28,DEAP:S32,T28,1,6.03,2,1,1,4,unexposed,stimulus_absolute_context,train,0.01,0.48506873358718294,0.5149312664128171
DEAP:S32:T30,DEAP:S32,T30,0,1.0,2,1,1,4,unexposed,stimulus_absolute_context,train,0.01,0.7829891456305588,0.21701085436944123
DEAP:S32:T33,DEAP:S32,T33,0,4.06,2,1,1,4,unexposed,stimulus_absolute_context,train,0.01,0.62883657508925,0.3711634249107501
DEAP:S32:T35,DEAP:S32,T35,0,3.88,2,1,1,4,unexposed,stimulus_absolute_context,train,0.01,0.6666447458654041,0.3333552541345958
DEAP:S32:T36,DEAP:S32,T36,0,3.91,2,1,1,4,unexposed,stimulus_absolute_context,train,0.01,0.6275916423427825,0.3724083576572175
DEAP:S32:T39,DEAP:S32,T39,0,3.99,2,1,1,4,unexposed,stimulus_absolute_context,train,0.01,0.5537703645774158,0.4462296354225842
DEAP:S32:T40,DEAP:S32,T40,1,7.15,2,1,1,4,unexposed,stimulus_absolute_context,train,0.01,0.5525966108149882,0.4474033891850117
DEAP:S10:T13,DEAP:S10,T13,1,6.72,2,1,1,4,unexposed,stimulus_absolute_context,validation_unseen,0.01,0.37355868179915797,0.626441318200842
DEAP:S10:T14,DEAP:S10,T14,1,8.81,2,1,1,4,unexposed,stimulus_absolute_context,validation_unseen,0.01,0.36811079483470743,0.6318892051652926
DEAP:S10:T15,DEAP:S10,T15,1,5.31,2,1,1,4,unexposed,stimulus_absolute_context,validation_unseen,0.01,0.36757012262333444,0.6324298773766656
DEAP:S10:T16,DEAP:S10,T16,0,3.85,2,1,1,4,unexposed,stimulus_absolute_context,validation_unseen,0.01,0.37790804232553643,0.6220919576744636
DEAP:S10:T20,DEAP:S10,T20,1,5.58,2,1,1,4,unexposed,stimulus_absolute_context,validation_unseen,0.01,0.3601122508281982,0.6398877491718018
DEAP:S10:T21,DEAP:S10,T21,0,2.97,2,1,1,4,unexposed,stimulus_absolute_context,validation_unseen,0.01,0.3776295903717669,0.6223704096282331
DEAP:S10:T27,DEAP:S10,T27,0,4.94,2,1,1,4,unexposed,stimulus_absolute_context,validation_unseen,0.01,0.3728708362059203,0.6271291637940797
DEAP:S10:T38,DEAP:S10,T38,0,1.91,2,1,1,4,unexposed,stimulus_absolute_context,validation_unseen,0.01,0.3614701713396097,0.6385298286603903
DEAP:S12:T13,DEAP:S12,T13,1,7.99,2,1,1,4,unexposed,stimulus_absolute_context,validation_unseen,0.01,0.42642035719147875,0.5735796428085213
DEAP:S12:T14,DEAP:S12,T14,1,8.15,2,1,1,4,unexposed,stimulus_absolute_context,validation_unseen,0.01,0.39040492999453846,0.6095950700054615
DEAP:S12:T15,DEAP:S12,T15,1,7.08,2,1,1,4,unexposed,stimulus_absolute_context,validation_unseen,0.01,0.4620218454211642,0.5379781545788358
DEAP:S12:T16,DEAP:S12,T16,1,5.04,2,1,1,4,unexposed,stimulus_absolute_context,validation_unseen,0.01,0.405737084335976,0.594262915664024
DEAP:S12:T20,DEAP:S12,T20,1,7.35,2,1,1,4,unexposed,stimulus_absolute_context,validation_unseen,0.01,0.4001404839868903,0.5998595160131097
DEAP:S12:T21,DEAP:S12,T21,0,2.13,2,1,1,4,unexposed,stimulus_absolute_context,validation_unseen,0.01,0.3953757025829897,0.6046242974170103
DEAP:S12:T27,DEAP:S12,T27,1,5.05,2,1,1,4,unexposed,stimulus_absolute_context,validation_unseen,0.01,0.4473839882670273,0.5526160117329727
DEAP:S12:T38,DEAP:S12,T38,0,2.85,2,1,1,4,unexposed,stimulus_absolute_context,validation_unseen,0.01,0.38752566600442506,0.6124743339955749
DEAP:S22:T13,DEAP:S22,T13,1,7.01,2,1,1,4,unexposed,stimulus_absolute_context,validation_unseen,0.01,0.3456548364225436,0.6543451635774564
DEAP:S22:T14,DEAP:S22,T14,1,8.05,2,1,1,4,unexposed,stimulus_absolute_context,validation_unseen,0.01,0.3884115610162805,0.6115884389837195
DEAP:S22:T16,DEAP:S22,T16,1,6.06,2,1,1,4,unexposed,stimulus_absolute_context,validation_unseen,0.01,0.3927597754013301,0.6072402245986699
DEAP:S22:T20,DEAP:S22,T20,1,7.08,2,1,1,4,unexposed,stimulus_absolute_context,validation_unseen,0.01,0.3428270166468488,0.6571729833531512
DEAP:S22:T21,DEAP:S22,T21,0,2.97,2,1,1,4,unexposed,stimulus_absolute_context,validation_unseen,0.01,0.3673457637237614,0.6326542362762386
DEAP:S22:T27,DEAP:S22,T27,1,7.06,2,1,1,4,unexposed,stimulus_absolute_context,validation_unseen,0.01,0.3188935153574828,0.6811064846425172
DEAP:S22:T38,DEAP:S22,T38,0,1.0,2,1,1,4,unexposed,stimulus_absolute_context,validation_unseen,0.01,0.3236119301706467,0.6763880698293533
DEAP:S26:T13,DEAP:S26,T13,1,7.12,2,1,1,4,unexposed,stimulus_absolute_context,validation_unseen,0.01,0.4459198732693699,0.5540801267306301
DEAP:S26:T14,DEAP:S26,T14,1,9.0,2,1,1,4,unexposed,stimulus_absolute_context,validation_unseen,0.01,0.4351097999564324,0.5648902000435676
DEAP:S26:T15,DEAP:S26,T15,1,7.01,2,1,1,4,unexposed,stimulus_absolute_context,validation_unseen,0.01,0.4573673441856887,0.5426326558143113
DEAP:S26:T16,DEAP:S26,T16,1,6.19,2,1,1,4,unexposed,stimulus_absolute_context,validation_unseen,0.01,0.41507139689698946,0.5849286031030105
DEAP:S26:T20,DEAP:S26,T20,1,8.08,2,1,1,4,unexposed,stimulus_absolute_context,validation_unseen,0.01,0.44834448237523306,0.551655517624767
DEAP:S26:T21,DEAP:S26,T21,1,6.06,2,1,1,4,unexposed,stimulus_absolute_context,validation_unseen,0.01,0.44539028363989785,0.5546097163601021
DEAP:S26:T27,DEAP:S26,T27,1,6.0,2,1,1,4,unexposed,stimulus_absolute_context,validation_unseen,0.01,0.4582577308841135,0.5417422691158865
DEAP:S26:T38,DEAP:S26,T38,0,1.15,2,1,1,4,unexposed,stimulus_absolute_context,validation_unseen,0.01,0.42855213757546473,0.5714478624245353
DEAP:S10:T02,DEAP:S10,T02,0,3.55,2,1,1,4,unexposed,stimulus_absolute_context,validation_familiar,0.01,0.21030366339862527,0.7896963366013747
DEAP:S10:T06,DEAP:S10,T06,1,7.1,2,1,1,4,unexposed,stimulus_absolute_context,validation_familiar,0.01,0.1409514289016952,0.8590485710983048
DEAP:S10:T07,DEAP:S10,T07,1,8.96,2,1,1,4,unexposed,stimulus_absolute_context,validation_familiar,0.01,0.17669128934163947,0.8233087106583605
DEAP:S10:T09,DEAP:S10,T09,1,7.56,2,1,1,4,unexposed,stimulus_absolute_context,validation_familiar,0.01,0.17413475336403827,0.8258652466359617
DEAP:S10:T17,DEAP:S10,T17,0,4.95,2,1,1,4,unexposed,stimulus_absolute_context,validation_familiar,0.01,0.24562337145614377,0.7543766285438562
DEAP:S10:T19,DEAP:S10,T19,1,7.82,2,1,1,4,unexposed,stimulus_absolute_context,validation_familiar,0.01,0.15151884284450257,0.8484811571554974
DEAP:S10:T23,DEAP:S10,T23,0,2.87,2,1,1,4,unexposed,stimulus_absolute_context,validation_familiar,0.01,0.6424033753241378,0.3575966246758622
DEAP:S10:T26,DEAP:S10,T26,0,4.95,2,1,1,4,unexposed,stimulus_absolute_context,validation_familiar,0.01,0.4598261728322707,0.5401738271677293
DEAP:S10:T28,DEAP:S10,T28,0,4.31,2,1,1,4,unexposed,stimulus_absolute_context,validation_familiar,0.01,0.3821376947482592,0.6178623052517408
DEAP:S10:T30,DEAP:S10,T30,0,2.64,2,1,1,4,unexposed,stimulus_absolute_context,validation_familiar,0.01,0.6169080775060851,0.3830919224939149
DEAP:S10:T33,DEAP:S10,T33,0,4.94,2,1,1,4,unexposed,stimulus_absolute_context,validation_familiar,0.01,0.4592084579979512,0.5407915420020488
DEAP:S10:T35,DEAP:S10,T35,0,1.38,2,1,1,4,unexposed,stimulus_absolute_context,validation_familiar,0.01,0.563294041894048,0.43670595810595203
DEAP:S10:T36,DEAP:S10,T36,0,2.17,2,1,1,4,unexposed,stimulus_absolute_context,validation_familiar,0.01,0.4515648288168962,0.5484351711831038
DEAP:S10:T37,DEAP:S10,T37,0,2.92,2,1,1,4,unexposed,stimulus_absolute_context,validation_familiar,0.01,0.5364795504556469,0.4635204495443531
DEAP:S10:T39,DEAP:S10,T39,0,2.17,2,1,1,4,unexposed,stimulus_absolute_context,validation_familiar,0.01,0.4239852236195837,0.5760147763804163
DEAP:S10:T40,DEAP:S10,T40,1,5.78,2,1,1,4,unexposed,stimulus_absolute_context,validation_familiar,0.01,0.36672265427941,0.63327734572059
DEAP:S12:T02,DEAP:S12,T02,1,6.09,2,1,1,4,unexposed,stimulus_absolute_context,validation_familiar,0.01,0.24946566221727517,0.7505343377827248
DEAP:S12:T06,DEAP:S12,T06,1,6.65,2,1,1,4,unexposed,stimulus_absolute_context,validation_familiar,0.01,0.1887003626795789,0.8112996373204211
DEAP:S12:T07,DEAP:S12,T07,1,6.77,2,1,1,4,unexposed,stimulus_absolute_context,validation_familiar,0.01,0.310008092382817,0.689991907617183
DEAP:S12:T09,DEAP:S12,T09,1,7.95,2,1,1,4,unexposed,stimulus_absolute_context,validation_familiar,0.01,0.21410027551845545,0.7858997244815445
DEAP:S12:T17,DEAP:S12,T17,0,4.86,2,1,1,4,unexposed,stimulus_absolute_context,validation_familiar,0.01,0.24164160798783452,0.7583583920121655
DEAP:S12:T19,DEAP:S12,T19,1,7.03,2,1,1,4,unexposed,stimulus_absolute_context,validation_familiar,0.01,0.18265694705528546,0.8173430529447145
DEAP:S12:T23,DEAP:S12,T23,0,1.74,2,1,1,4,unexposed,stimulus_absolute_context,validation_familiar,0.01,0.6485656627317665,0.3514343372682335
DEAP:S12:T26,DEAP:S12,T26,1,6.08,2,1,1,4,unexposed,stimulus_absolute_context,validation_familiar,0.01,0.5334033829789145,0.46659661702108546
DEAP:S12:T28,DEAP:S12,T28,1,5.04,2,1,1,4,unexposed,stimulus_absolute_context,validation_familiar,0.01,0.44098227291392633,0.5590177270860737
DEAP:S12:T30,DEAP:S12,T30,0,3.36,2,1,1,4,unexposed,stimulus_absolute_context,validation_familiar,0.01,0.6357764507027119,0.364223549297288
DEAP:S12:T33,DEAP:S12,T33,0,1.9,2,1,1,4,unexposed,stimulus_absolute_context,validation_familiar,0.01,0.5073190519608322,0.49268094803916784
DEAP:S12:T35,DEAP:S12,T35,0,1.22,2,1,1,4,unexposed,stimulus_absolute_context,validation_familiar,0.01,0.5930774488199397,0.4069225511800602
DEAP:S12:T36,DEAP:S12,T36,0,2.82,2,1,1,4,unexposed,stimulus_absolute_context,validation_familiar,0.01,0.48160028147116796,0.518399718528832
DEAP:S12:T37,DEAP:S12,T37,0,1.0,2,1,1,4,unexposed,stimulus_absolute_context,validation_familiar,0.01,0.5750623166165139,0.4249376833834862
DEAP:S12:T39,DEAP:S12,T39,0,3.18,2,1,1,4,unexposed,stimulus_absolute_context,validation_familiar,0.01,0.43174449281687444,0.5682555071831256
DEAP:S12:T40,DEAP:S12,T40,1,6.81,2,1,1,4,unexposed,stimulus_absolute_context,validation_familiar,0.01,0.4138187706738584,0.5861812293261416
DEAP:S22:T02,DEAP:S22,T02,1,7.08,2,1,1,4,unexposed,stimulus_absolute_context,validation_familiar,0.01,0.19902198317598463,0.8009780168240154
DEAP:S22:T06,DEAP:S22,T06,0,4.97,2,1,1,4,unexposed,stimulus_absolute_context,validation_familiar,0.01,0.14275188806581596,0.857248111934184
DEAP:S22:T07,DEAP:S22,T07,1,6.03,2,1,1,4,unexposed,stimulus_absolute_context,validation_familiar,0.01,0.26271703708942173,0.7372829629105783
DEAP:S22:T09,DEAP:S22,T09,1,9.0,2,1,1,4,unexposed,stimulus_absolute_context,validation_familiar,0.01,0.17532039376412278,0.8246796062358772
DEAP:S22:T17,DEAP:S22,T17,1,5.04,2,1,1,4,unexposed,stimulus_absolute_context,validation_familiar,0.01,0.21913963015563664,0.7808603698443634
DEAP:S22:T19,DEAP:S22,T19,1,9.0,2,1,1,4,unexposed,stimulus_absolute_context,validation_familiar,0.01,0.14454671914127315,0.8554532808587268
DEAP:S22:T23,DEAP:S22,T23,0,2.99,2,1,1,4,unexposed,stimulus_absolute_context,validation_familiar,0.01,0.5857735286479264,0.4142264713520735
DEAP:S22:T28,DEAP:S22,T28,0,4.03,2,1,1,4,unexposed,stimulus_absolute_context,validation_familiar,0.01,0.33349172123874116,0.6665082787612588
DEAP:S22:T30,DEAP:S22,T30,0,1.0,2,1,1,4,unexposed,stimulus_absolute_context,validation_familiar,0.01,0.5817063647282728,0.4182936352717273
DEAP:S22:T33,DEAP:S22,T33,0,1.96,2,1,1,4,unexposed,stimulus_absolute_context,validation_familiar,0.01,0.42880528984023647,0.5711947101597635
DEAP:S22:T35,DEAP:S22,T35,0,1.99,2,1,1,4,unexposed,stimulus_absolute_context,validation_familiar,0.01,0.5025350168986498,0.49746498310135023
DEAP:S22:T36,DEAP:S22,T36,0,1.96,2,1,1,4,unexposed,stimulus_absolute_context,validation_familiar,0.01,0.44123550040816806,0.5587644995918319
DEAP:S22:T37,DEAP:S22,T37,0,1.0,2,1,1,4,unexposed,stimulus_absolute_context,validation_familiar,0.01,0.4818783403107444,0.5181216596892556
DEAP:S22:T39,DEAP:S22,T39,0,1.0,2,1,1,4,unexposed,stimulus_absolute_context,validation_familiar,0.01,0.3963963636282445,0.6036036363717555
DEAP:S22:T40,DEAP:S22,T40,0,2.97,2,1,1,4,unexposed,stimulus_absolute_context,validation_familiar,0.01,0.3494442320813056,0.6505557679186944
DEAP:S26:T02,DEAP:S26,T02,1,6.96,2,1,1,4,unexposed,stimulus_absolute_context,validation_familiar,0.01,0.2538501307363047,0.7461498692636953
DEAP:S26:T06,DEAP:S26,T06,1,8.09,2,1,1,4,unexposed,stimulus_absolute_context,validation_familiar,0.01,0.20453820012709079,0.7954617998729092
DEAP:S26:T07,DEAP:S26,T07,1,6.08,2,1,1,4,unexposed,stimulus_absolute_context,validation_familiar,0.01,0.35380657410485683,0.6461934258951432
DEAP:S26:T09,DEAP:S26,T09,1,8.05,2,1,1,4,unexposed,stimulus_absolute_context,validation_familiar,0.01,0.24897238010386524,0.7510276198961348
DEAP:S26:T17,DEAP:S26,T17,1,5.04,2,1,1,4,unexposed,stimulus_absolute_context,validation_familiar,0.01,0.31009740532222296,0.689902594677777
DEAP:S26:T19,DEAP:S26,T19,1,8.0,2,1,1,4,unexposed,stimulus_absolute_context,validation_familiar,0.01,0.20677491933879655,0.7932250806612035
DEAP:S26:T23,DEAP:S26,T23,0,2.28,2,1,1,4,unexposed,stimulus_absolute_context,validation_familiar,0.01,0.6950829247160615,0.3049170752839385
DEAP:S26:T26,DEAP:S26,T26,1,5.05,2,1,1,4,unexposed,stimulus_absolute_context,validation_familiar,0.01,0.5290011141991586,0.4709988858008413
DEAP:S26:T28,DEAP:S26,T28,1,5.97,2,1,1,4,unexposed,stimulus_absolute_context,validation_familiar,0.01,0.4860861491106032,0.5139138508893968
DEAP:S26:T30,DEAP:S26,T30,0,4.95,2,1,1,4,unexposed,stimulus_absolute_context,validation_familiar,0.01,0.6692140579975845,0.33078594200241557
DEAP:S26:T33,DEAP:S26,T33,0,1.0,2,1,1,4,unexposed,stimulus_absolute_context,validation_familiar,0.01,0.52414253778258,0.47585746221742
DEAP:S26:T35,DEAP:S26,T35,0,2.97,2,1,1,4,unexposed,stimulus_absolute_context,validation_familiar,0.01,0.6150797823350624,0.38492021766493756
DEAP:S26:T36,DEAP:S26,T36,0,2.92,2,1,1,4,unexposed,stimulus_absolute_context,validation_familiar,0.01,0.5327472591282554,0.4672527408717447
DEAP:S26:T37,DEAP:S26,T37,0,1.0,2,1,1,4,unexposed,stimulus_absolute_context,validation_familiar,0.01,0.5897978216877502,0.4102021783122498
DEAP:S26:T39,DEAP:S26,T39,0,1.95,2,1,1,4,unexposed,stimulus_absolute_context,validation_familiar,0.01,0.4656830068061699,0.5343169931938301
DEAP:S26:T40,DEAP:S26,T40,0,3.06,2,1,1,4,unexposed,stimulus_absolute_context,validation_familiar,0.01,0.42699554867452494,0.5730044513254751
DEAP:S01:T02,DEAP:S01,T02,1,8.1,2,1,1,4,unexposed,stimulus_absolute_context,train,0.1,0.291368405835724,0.708631594164276
DEAP:S01:T06,DEAP:S01,T06,1,8.27,2,1,1,4,unexposed,stimulus_absolute_context,train,0.1,0.1627256100899973,0.8372743899100027
DEAP:S01:T07,DEAP:S01,T07,1,7.44,2,1,1,4,unexposed,stimulus_absolute_context,train,0.1,0.3933473705524446,0.6066526294475554
DEAP:S01:T09,DEAP:S01,T09,0,4.04,2,1,1,4,unexposed,stimulus_absolute_context,train,0.1,0.18126683490868745,0.8187331650913126
DEAP:S01:T17,DEAP:S01,T17,0,2.46,2,1,1,4,unexposed,stimulus_absolute_context,train,0.1,0.23328578151618606,0.7667142184838139
DEAP:S01:T19,DEAP:S01,T19,1,7.17,2,1,1,4,unexposed,stimulus_absolute_context,train,0.1,0.14820727058974614,0.8517927294102539
DEAP:S01:T23,DEAP:S01,T23,1,8.15,2,1,1,4,unexposed,stimulus_absolute_context,train,0.1,0.9367414240144213,0.06325857598557873
DEAP:S01:T26,DEAP:S01,T26,1,7.28,2,1,1,4,unexposed,stimulus_absolute_context,train,0.1,0.7307030863134105,0.26929691368658953
DEAP:S01:T28,DEAP:S01,T28,0,3.88,2,1,1,4,unexposed,stimulus_absolute_context,train,0.1,0.5999128985342186,0.40008710146578147
DEAP:S01:T30,DEAP:S01,T30,0,2.08,2,1,1,4,unexposed,stimulus_absolute_context,train,0.1,0.896717009193251,0.10328299080674899
DEAP:S01:T33,DEAP:S01,T33,0,3.81,2,1,1,4,unexposed,stimulus_absolute_context,train,0.1,0.7227187618809064,0.27728123811909355
DEAP:S01:T35,DEAP:S01,T35,0,2.06,2,1,1,4,unexposed,stimulus_absolute_context,train,0.1,0.8285041433723646,0.1714958566276355
DEAP:S01:T36,DEAP:S01,T36,0,2.9,2,1,1,4,unexposed,stimulus_absolute_context,train,0.1,0.7309246175497789,0.2690753824502211
DEAP:S01:T37,DEAP:S01,T37,0,2.31,2,1,1,4,unexposed,stimulus_absolute_context,train,0.1,0.8121682000629971,0.187831799937003
DEAP:S01:T39,DEAP:S01,T39,0,3.24,2,1,1,4,unexposed,stimulus_absolute_context,train,0.1,0.6379336458635769,0.36206635413642313
DEAP:S01:T40,DEAP:S01,T40,1,5.1,2,1,1,4,unexposed,stimulus_absolute_context,train,0.1,0.6077465118660452,0.3922534881339548
DEAP:S02:T02,DEAP:S02,T02,1,8.01,2,1,1,4,unexposed,stimulus_absolute_context,train,0.1,0.2076409385621718,0.7923590614378282
DEAP:S02:T07,DEAP:S02,T07,0,4.96,2,1,1,4,unexposed,stimulus_absolute_context,train,0.1,0.34411127998204094,0.6558887200179591
DEAP:S02:T09,DEAP:S02,T09,1,9.0,2,1,1,4,unexposed,stimulus_absolute_context,train,0.1,0.1905067270396399,0.8094932729603601
DEAP:S02:T17,DEAP:S02,T17,1,9.0,2,1,1,4,unexposed,stimulus_absolute_context,train,0.1,0.2882373109010474,0.7117626890989526
DEAP:S02:T19,DEAP:S02,T19,1,9.0,2,1,1,4,unexposed,stimulus_absolute_context,train,0.1,0.14066195545356341,0.8593380445464366
DEAP:S02:T26,DEAP:S02,T26,1,9.0,2,1,1,4,unexposed,stimulus_absolute_context,train,0.1,0.7313824513890312,0.2686175486109688
DEAP:S02:T28,DEAP:S02,T28,0,4.06,2,1,1,4,unexposed,stimulus_absolute_context,train,0.1,0.6220399759252647,0.3779600240747353
DEAP:S02:T30,DEAP:S02,T30,0,2.01,2,1,1,4,unexposed,stimulus_absolute_context,train,0.1,0.9102621509149852,0.08973784908501482
DEAP:S02:T35,DEAP:S02,T35,0,1.99,2,1,1,4,unexposed,stimulus_absolute_context,train,0.1,0.8551951977330751,0.1448048022669249
DEAP:S02:T36,DEAP:S02,T36,1,5.04,2,1,1,4,unexposed,stimulus_absolute_context,train,0.1,0.7169402184639151,0.2830597815360849
DEAP:S02:T37,DEAP:S02,T37,0,1.0,2,1,1,4,unexposed,stimulus_absolute_context,train,0.1,0.8165786079294571,0.18342139207054284
DEAP:S02:T39,DEAP:S02,T39,0,1.0,2,1,1,4,unexposed,stimulus_absolute_context,train,0.1,0.5968824781723695,0.4031175218276305
DEAP:S02:T40,DEAP:S02,T40,1,6.05,2,1,1,4,unexposed,stimulus_absolute_context,train,0.1,0.5422570249641318,0.45774297503586825
DEAP:S03:T02,DEAP:S03,T02,1,7.21,2,1,1,4,unexposed,stimulus_absolute_context,train,0.1,0.2837606613760586,0.7162393386239414
DEAP:S03:T06,DEAP:S03,T06,1,6.79,2,1,1,4,unexposed,stimulus_absolute_context,train,0.1,0.162399358728068,0.837600641271932
DEAP:S03:T07,DEAP:S03,T07,1,5.45,2,1,1,4,unexposed,stimulus_absolute_context,train,0.1,0.3821715133049305,0.6178284866950695
DEAP:S03:T09,DEAP:S03,T09,1,7.33,2,1,1,4,unexposed,stimulus_absolute_context,train,0.1,0.237794252655811,0.762205747344189
DEAP:S03:T17,DEAP:S03,T17,0,4.56,2,1,1,4,unexposed,stimulus_absolute_context,train,0.1,0.1919688219341924,0.8080311780658076
DEAP:S03:T19,DEAP:S03,T19,1,8.14,2,1,1,4,unexposed,stimulus_absolute_context,train,0.1,0.17613969528208095,0.823860304717919
DEAP:S03:T23,DEAP:S03,T23,0,3.65,2,1,1,4,unexposed,stimulus_absolute_context,train,0.1,0.8778686244193815,0.12213137558061846
DEAP:S03:T26,DEAP:S03,T26,0,4.67,2,1,1,4,unexposed,stimulus_absolute_context,train,0.1,0.6906053803373273,0.3093946196626726
DEAP:S03:T28,DEAP:S03,T28,1,5.59,2,1,1,4,unexposed,stimulus_absolute_context,train,0.1,0.5311834366958157,0.46881656330418436
DEAP:S03:T30,DEAP:S03,T30,0,3.87,2,1,1,4,unexposed,stimulus_absolute_context,train,0.1,0.8921741836183198,0.10782581638168025
DEAP:S03:T33,DEAP:S03,T33,0,4.05,2,1,1,4,unexposed,stimulus_absolute_context,train,0.1,0.644645718883751,0.355354281116249
DEAP:S03:T36,DEAP:S03,T36,1,5.01,2,1,1,4,unexposed,stimulus_absolute_context,train,0.1,0.7255898035038197,0.27441019649618026
DEAP:S03:T37,DEAP:S03,T37,0,4.92,2,1,1,4,unexposed,stimulus_absolute_context,train,0.1,0.7800356476264984,0.21996435237350165
DEAP:S03:T39,DEAP:S03,T39,0,4.33,2,1,1,4,unexposed,stimulus_absolute_context,train,0.1,0.5865504597464476,0.4134495402535524
DEAP:S03:T40,DEAP:S03,T40,1,5.38,2,1,1,4,unexposed,stimulus_absolute_context,train,0.1,0.5103031319383048,0.4896968680616952
DEAP:S04:T02,DEAP:S04,T02,0,4.06,2,1,1,4,unexposed,stimulus_absolute_context,train,0.1,0.3986964074904433,0.6013035925095567
DEAP:S04:T06,DEAP:S04,T06,1,5.01,2,1,1,4,unexposed,stimulus_absolute_context,train,0.1,0.3231080464890618,0.6768919535109382
DEAP:S04:T07,DEAP:S04,T07,0,2.94,2,1,1,4,unexposed,stimulus_absolute_context,train,0.1,0.5663966952604258,0.43360330473957415
DEAP:S04:T09,DEAP:S04,T09,1,6.05,2,1,1,4,unexposed,stimulus_absolute_context,train,0.1,0.40234313133663646,0.5976568686633635
DEAP:S04:T17,DEAP:S04,T17,1,7.01,2,1,1,4,unexposed,stimulus_absolute_context,train,0.1,0.5302710007246663,0.46972899927533374
DEAP:S04:T19,DEAP:S04,T19,1,7.09,2,1,1,4,unexposed,stimulus_absolute_context,train,0.1,0.27378754688051843,0.7262124531194816
DEAP:S04:T23,DEAP:S04,T23,0,1.86,2,1,1,4,unexposed,stimulus_absolute_context,train,0.1,0.9548987731513717,0.04510122684862825
DEAP:S04:T26,DEAP:S04,T26,1,6.0,2,1,1,4,unexposed,stimulus_absolute_context,train,0.1,0.868693948921742,0.13130605107825796
DEAP:S04:T28,DEAP:S04,T28,0,2.17,2,1,1,4,unexposed,stimulus_absolute_context,train,0.1,0.7841941947611716,0.21580580523882845
DEAP:S04:T30,DEAP:S04,T30,0,3.1,2,1,1,4,unexposed,stimulus_absolute_context,train,0.1,0.956874033489318,0.043125966510682
DEAP:S04:T33,DEAP:S04,T33,0,1.0,2,1,1,4,unexposed,stimulus_absolute_context,train,0.1,0.8919281353676104,0.10807186463238957
DEAP:S04:T35,DEAP:S04,T35,0,2.03,2,1,1,4,unexposed,stimulus_absolute_context,train,0.1,0.9326201943008721,0.06737980569912792
DEAP:S04:T36,DEAP:S04,T36,0,2.72,2,1,1,4,unexposed,stimulus_absolute_context,train,0.1,0.8538832676540513,0.14611673234594863
DEAP:S04:T39,DEAP:S04,T39,0,1.92,2,1,1,4,unexposed,stimulus_absolute_context,train,0.1,0.8357604616703471,0.1642395383296529
DEAP:S04:T40,DEAP:S04,T40,0,1.86,2,1,1,4,unexposed,stimulus_absolute_context,train,0.1,0.7373883755688635,0.26261162443113656
DEAP:S05:T02,DEAP:S05,T02,1,9.0,2,1,1,4,unexposed,stimulus_absolute_context,train,0.1,0.15197380262051519,0.8480261973794848
DEAP:S05:T06,DEAP:S05,T06,1,8.09,2,1,1,4,unexposed,stimulus_absolute_context,train,0.1,0.10927071656028386,0.8907292834397161
DEAP:S05:T07,DEAP:S05,T07,1,5.12,2,1,1,4,unexposed,stimulus_absolute_context,train,0.1,0.2836095960411431,0.7163904039588569
DEAP:S05:T09,DEAP:S05,T09,1,6.94,2,1,1,4,unexposed,stimulus_absolute_context,train,0.1,0.1493854327277464,0.8506145672722536
DEAP:S05:T17,DEAP:S05,T17,1,6.88,2,1,1,4,unexposed,stimulus_absolute_context,train,0.1,0.21299921610920325,0.7870007838907968
DEAP:S05:T19,DEAP:S05,T19,1,8.03,2,1,1,4,unexposed,stimulus_absolute_context,train,0.1,0.09899635580566768,0.9010036441943323
DEAP:S05:T23,DEAP:S05,T23,0,1.0,2,1,1,4,unexposed,stimulus_absolute_context,train,0.1,0.8567521702966044,0.14324782970339558
DEAP:S05:T26,DEAP:S05,T26,1,7.96,2,1,1,4,unexposed,stimulus_absolute_context,train,0.1,0.5912238814879287,0.4087761185120713
DEAP:S05:T28,DEAP:S05,T28,0,3.9,2,1,1,4,unexposed,stimulus_absolute_context,train,0.1,0.5237315310802233,0.47626846891977676
DEAP:S05:T30,DEAP:S05,T30,0,2.94,2,1,1,4,unexposed,stimulus_absolute_context,train,0.1,0.8304241282575328,0.16957587174246727
DEAP:S05:T33,DEAP:S05,T33,1,5.17,2,1,1,4,unexposed,stimulus_absolute_context,train,0.1,0.6475455223065992,0.35245447769340077
DEAP:S05:T35,DEAP:S05,T35,0,4.86,2,1,1,4,unexposed,stimulus_absolute_context,train,0.1,0.8103324650448872,0.18966753495511277
DEAP:S05:T36,DEAP:S05,T36,0,4.91,2,1,1,4,unexposed,stimulus_absolute_context,train,0.1,0.6146770949344569,0.38532290506554306
DEAP:S05:T37,DEAP:S05,T37,0,1.91,2,1,1,4,unexposed,stimulus_absolute_context,train,0.1,0.6960896685694833,0.30391033143051677
DEAP:S05:T39,DEAP:S05,T39,0,1.0,2,1,1,4,unexposed,stimulus_absolute_context,train,0.1,0.5527369857666591,0.44726301423334097
DEAP:S05:T40,DEAP:S05,T40,1,7.0,2,1,1,4,unexposed,stimulus_absolute_context,train,0.1,0.4986237261813051,0.5013762738186949
DEAP:S06:T02,DEAP:S06,T02,1,6.83,2,1,1,4,unexposed,stimulus_absolute_context,train,0.1,0.11900107665652748,0.8809989233434725
DEAP:S06:T06,DEAP:S06,T06,1,8.05,2,1,1,4,unexposed,stimulus_absolute_context,train,0.1,0.06526022283104216,0.9347397771689578
DEAP:S06:T07,DEAP:S06,T07,1,8.26,2,1,1,4,unexposed,stimulus_absolute_context,train,0.1,0.15420644238139047,0.8457935576186095
DEAP:S06:T17,DEAP:S06,T17,1,6.72,2,1,1,4,unexposed,stimulus_absolute_context,train,0.1,0.16419632690355768,0.8358036730964423
DEAP:S06:T19,DEAP:S06,T19,1,7.41,2,1,1,4,unexposed,stimulus_absolute_context,train,0.1,0.04841767998183588,0.9515823200181641
DEAP:S06:T23,DEAP:S06,T23,0,3.47,2,1,1,4,unexposed,stimulus_absolute_context,train,0.1,0.7583307054113085,0.24166929458869144
DEAP:S06:T26,DEAP:S06,T26,1,5.08,2,1,1,4,unexposed,stimulus_absolute_context,train,0.1,0.3487563035440431,0.6512436964559569
DEAP:S06:T28,DEAP:S06,T28,1,6.42,2,1,1,4,unexposed,stimulus_absolute_context,train,0.1,0.36267155958121244,0.6373284404187876
DEAP:S06:T30,DEAP:S06,T30,1,6.99,2,1,1,4,unexposed,stimulus_absolute_context,train,0.1,0.7993920096671472,0.2006079903328528
DEAP:S06:T35,DEAP:S06,T35,0,3.96,2,1,1,4,unexposed,stimulus_absolute_context,train,0.1,0.6192273957712178,0.3807726042287822
DEAP:S06:T36,DEAP:S06,T36,1,5.71,2,1,1,4,unexposed,stimulus_absolute_context,train,0.1,0.45683975568421686,0.5431602443157831
DEAP:S06:T37,DEAP:S06,T37,0,4.83,2,1,1,4,unexposed,stimulus_absolute_context,train,0.1,0.6172206603659962,0.38277933963400373
DEAP:S06:T39,DEAP:S06,T39,1,6.56,2,1,1,4,unexposed,stimulus_absolute_context,train,0.1,0.37969199167677403,0.620308008323226
DEAP:S06:T40,DEAP:S06,T40,0,4.85,2,1,1,4,unexposed,stimulus_absolute_context,train,0.1,0.3331755047748559,0.6668244952251441
DEAP:S07:T02,DEAP:S07,T02,1,7.15,2,1,1,4,unexposed,stimulus_absolute_context,train,0.1,0.07203942261418805,0.927960577385812
DEAP:S07:T06,DEAP:S07,T06,1,6.97,2,1,1,4,unexposed,stimulus_absolute_context,train,0.1,0.03718651336163381,0.9628134866383662
DEAP:S07:T07,DEAP:S07,T07,1,7.08,2,1,1,4,unexposed,stimulus_absolute_context,train,0.1,0.1800031487674576,0.8199968512325424
DEAP:S07:T09,DEAP:S07,T09,1,6.99,2,1,1,4,unexposed,stimulus_absolute_context,train,0.1,0.06594938943097439,0.9340506105690256
DEAP:S07:T17,DEAP:S07,T17,1,7.12,2,1,1,4,unexposed,stimulus_absolute_context,train,0.1,0.11100354404398693,0.8889964559560131
DEAP:S07:T19,DEAP:S07,T19,1,6.99,2,1,1,4,unexposed,stimulus_absolute_context,train,0.1,0.048862275301580604,0.9511377246984194
DEAP:S07:T26,DEAP:S07,T26,0,2.0,2,1,1,4,unexposed,stimulus_absolute_context,train,0.1,0.33971513109340423,0.6602848689065958
DEAP:S07:T30,DEAP:S07,T30,0,3.09,2,1,1,4,unexposed,stimulus_absolute_context,train,0.1,0.6366922816782945,0.36330771832170555
DEAP:S07:T35,DEAP:S07,T35,1,5.01,2,1,1,4,unexposed,stimulus_absolute_context,train,0.1,0.5416174500435597,0.45838254995644034
DEAP:S07:T36,DEAP:S07,T36,1,8.1,2,1,1,4,unexposed,stimulus_absolute_context,train,0.1,0.3609264568162024,0.6390735431837976
DEAP:S07:T37,DEAP:S07,T37,1,5.05,2,1,1,4,unexposed,stimulus_absolute_context,train,0.1,0.5684756418684771,0.43152435813152296
DEAP:S07:T39,DEAP:S07,T39,1,7.01,2,1,1,4,unexposed,stimulus_absolute_context,train,0.1,0.3262101914576866,0.6737898085423134
DEAP:S07:T40,DEAP:S07,T40,1,7.01,2,1,1,4,unexposed,stimulus_absolute_context,train,0.1,0.24512893407253555,0.7548710659274644
DEAP:S08:T02,DEAP:S08,T02,1,5.04,2,1,1,4,unexposed,stimulus_absolute_context,train,0.1,0.21012764758011337,0.7898723524198866
DEAP:S08:T06,DEAP:S08,T06,1,7.4,2,1,1,4,unexposed,stimulus_absolute_context,train,0.1,0.08378886627209825,0.9162111337279017
DEAP:S08:T07,DEAP:S08,T07,1,5.04,2,1,1,4,unexposed,stimulus_absolute_context,train,0.1,0.3455190767691193,0.6544809232308807
DEAP:S08:T09,DEAP:S08,T09,1,8.78,2,1,1,4,unexposed,stimulus_absolute_context,train,0.1,0.12380633609345293,0.8761936639065471
DEAP:S08:T17,DEAP:S08,T17,1,6.67,2,1,1,4,unexposed,stimulus_absolute_context,train,0.1,0.13253879133153845,0.8674612086684615
DEAP:S08:T19,DEAP:S08,T19,1,5.04,2,1,1,4,unexposed,stimulus_absolute_context,train,0.1,0.07950601458858775,0.9204939854114123
DEAP:S08:T23,DEAP:S08,T23,0,3.59,2,1,1,4,unexposed,stimulus_absolute_context,train,0.1,0.8634720676663727,0.13652793233362723
DEAP:S08:T26,DEAP:S08,T26,0,4.99,2,1,1,4,unexposed,stimulus_absolute_context,train,0.1,0.6240886932398142,0.37591130676018586
DEAP:S08:T28,DEAP:S08,T28,1,5.04,2,1,1,4,unexposed,stimulus_absolute_context,train,0.1,0.30961157452235766,0.6903884254776423
DEAP:S08:T30,DEAP:S08,T30,0,1.4,2,1,1,4,unexposed,stimulus_absolute_context,train,0.1,0.7727527555494054,0.22724724445059466
DEAP:S08:T33,DEAP:S08,T33,0,4.44,2,1,1,4,unexposed,stimulus_absolute_context,train,0.1,0.6481355527522783,0.3518644472477217
DEAP:S08:T35,DEAP:S08,T35,0,3.62,2,1,1,4,unexposed,stimulus_absolute_context,train,0.1,0.5995468748448208,0.40045312515517917
DEAP:S08:T36,DEAP:S08,T36,0,1.21,2,1,1,4,unexposed,stimulus_absolute_context,train,0.1,0.6723012936942885,0.32769870630571146
DEAP:S08:T37,DEAP:S08,T37,1,5.06,2,1,1,4,unexposed,stimulus_absolute_context,train,0.1,0.7926575094896704,0.2073424905103296
DEAP:S08:T39,DEAP:S08,T39,1,5.05,2,1,1,4,unexposed,stimulus_absolute_context,train,0.1,0.42241696479712243,0.5775830352028776
DEAP:S08:T40,DEAP:S08,T40,0,3.13,2,1,1,4,unexposed,stimulus_absolute_context,train,0.1,0.3977559237284026,0.6022440762715974
DEAP:S11:T02,DEAP:S11,T02,1,5.67,2,1,1,4,unexposed,stimulus_absolute_context,train,0.1,0.20575172776080575,0.7942482722391943
DEAP:S11:T06,DEAP:S11,T06,1,5.32,2,1,1,4,unexposed,stimulus_absolute_context,train,0.1,0.10933866342730802,0.890661336572692
DEAP:S11:T07,DEAP:S11,T07,1,6.37,2,1,1,4,unexposed,stimulus_absolute_context,train,0.1,0.3655008115878715,0.6344991884121285
DEAP:S11:T09,DEAP:S11,T09,1,7.04,2,1,1,4,unexposed,stimulus_absolute_context,train,0.1,0.16581341908026082,0.8341865809197392
DEAP:S11:T17,DEAP:S11,T17,1,8.32,2,1,1,4,unexposed,stimulus_absolute_context,train,0.1,0.20963971723757424,0.7903602827624258
DEAP:S11:T19,DEAP:S11,T19,1,5.54,2,1,1,4,unexposed,stimulus_absolute_context,train,0.1,0.10537128765356374,0.8946287123464363
DEAP:S11:T23,DEAP:S11,T23,0,3.72,2,1,1,4,unexposed,stimulus_absolute_context,train,0.1,0.8769321973145467,0.12306780268545324
DEAP:S11:T26,DEAP:S11,T26,1,5.49,2,1,1,4,unexposed,stimulus_absolute_context,train,0.1,0.7177142710297398,0.28228572897026016
DEAP:S11:T28,DEAP:S11,T28,0,4.26,2,1,1,4,unexposed,stimulus_absolute_context,train,0.1,0.592321604306997,0.40767839569300296
DEAP:S11:T30,DEAP:S11,T30,0,4.58,2,1,1,4,unexposed,stimulus_absolute_context,train,0.1,0.817768579505668,0.18223142049433208
DEAP:S11:T33,DEAP:S11,T33,1,5.64,2,1,1,4,unexposed,stimulus_absolute_context,train,0.1,0.6978945577403466,0.30210544225965336
DEAP:S11:T35,DEAP:S11,T35,0,1.23,2,1,1,4,unexposed,stimulus_absolute_context,train,0.1,0.7817257115761742,0.21827428842382574
DEAP:S11:T36,DEAP:S11,T36,0,3.62,2,1,1,4,unexposed,stimulus_absolute_context,train,0.1,0.6796339004431016,0.3203660995568984
DEAP:S11:T39,DEAP:S11,T39,0,1.0,2,1,1,4,unexposed,stimulus_absolute_context,train,0.1,0.4411165615874718,0.5588834384125282
DEAP:S11:T40,DEAP:S11,T40,0,4.95,2,1,1,4,unexposed,stimulus_absolute_context,train,0.1,0.46091138742250126,0.5390886125774987
DEAP:S14:T02,DEAP:S14,T02,1,6.05,2,1,1,4,unexposed,stimulus_absolute_context,train,0.1,0.1867833355227052,0.8132166644772948
DEAP:S14:T06,DEAP:S14,T06,1,7.19,2,1,1,4,unexposed,stimulus_absolute_context,train,0.1,0.10594450167747871,0.8940554983225213
DEAP:S14:T07,DEAP:S14,T07,1,6.85,2,1,1,4,unexposed,stimulus_absolute_context,train,0.1,0.35715679913019505,0.642843200869805
DEAP:S14:T09,DEAP:S14,T09,1,7.69,2,1,1,4,unexposed,stimulus_absolute_context,train,0.1,0.15364811985187876,0.8463518801481212
DEAP:S14:T17,DEAP:S14,T17,1,6.06,2,1,1,4,unexposed,stimulus_absolute_context,train,0.1,0.301197983705635,0.698802016294365
DEAP:S14:T19,DEAP:S14,T19,1,7.55,2,1,1,4,unexposed,stimulus_absolute_context,train,0.1,0.10241462941291246,0.8975853705870875
DEAP:S14:T23,DEAP:S14,T23,0,2.41,2,1,1,4,unexposed,stimulus_absolute_context,train,0.1,0.8976523742925356,0.10234762570746436
DEAP:S14:T26,DEAP:S14,T26,0,3.28,2,1,1,4,unexposed,stimulus_absolute_context,train,0.1,0.6703091226776696,0.32969087732233043
DEAP:S14:T28,DEAP:S14,T28,0,2.53,2,1,1,4,unexposed,stimulus_absolute_context,train,0.1,0.5325386244625847,0.4674613755374153
DEAP:S14:T30,DEAP:S14,T30,0,1.1,2,1,1,4,unexposed,stimulus_absolute_context,train,0.1,0.8737560621172098,0.12624393788279017
DEAP:S14:T33,DEAP:S14,T33,0,3.18,2,1,1,4,unexposed,stimulus_absolute_context,train,0.1,0.6745227805796201,0.3254772194203799
DEAP:S14:T35,DEAP:S14,T35,0,2.68,2,1,1,4,unexposed,stimulus_absolute_context,train,0.1,0.8310750058289658,0.16892499417103424
DEAP:S14:T36,DEAP:S14,T36,0,2.01,2,1,1,4,unexposed,stimulus_absolute_context,train,0.1,0.6898584008805775,0.3101415991194225
DEAP:S14:T37,DEAP:S14,T37,0,3.47,2,1,1,4,unexposed,stimulus_absolute_context,train,0.1,0.8139157662232128,0.1860842337767872
DEAP:S14:T39,DEAP:S14,T39,1,6.65,2,1,1,4,unexposed,stimulus_absolute_context,train,0.1,0.6359765865282456,0.3640234134717544
DEAP:S14:T40,DEAP:S14,T40,1,6.68,2,1,1,4,unexposed,stimulus_absolute_context,train,0.1,0.5096755052748339,0.4903244947251661
DEAP:S15:T02,DEAP:S15,T02,1,5.04,2,1,1,4,unexposed,stimulus_absolute_context,train,0.1,0.3069221499183389,0.6930778500816611
DEAP:S15:T06,DEAP:S15,T06,1,9.0,2,1,1,4,unexposed,stimulus_absolute_context,train,0.1,0.13543411700987307,0.8645658829901269
DEAP:S15:T07,DEAP:S15,T07,1,5.04,2,1,1,4,unexposed,stimulus_absolute_context,train,0.1,0.3873769015331683,0.6126230984668317
DEAP:S15:T09,DEAP:S15,T09,1,9.0,2,1,1,4,unexposed,stimulus_absolute_context,train,0.1,0.19007145949654924,0.8099285405034508
DEAP:S15:T17,DEAP:S15,T17,1,8.1,2,1,1,4,unexposed,stimulus_absolute_context,train,0.1,0.2832029636102348,0.7167970363897652
DEAP:S15:T19,DEAP:S15,T19,1,7.04,2,1,1,4,unexposed,stimulus_absolute_context,train,0.1,0.13368657832838693,0.8663134216716131
DEAP:S15:T26,DEAP:S15,T26,0,4.96,2,1,1,4,unexposed,stimulus_absolute_context,train,0.1,0.714658863533213,0.28534113646678705
DEAP:S15:T28,DEAP:S15,T28,0,4.01,2,1,1,4,unexposed,stimulus_absolute_context,train,0.1,0.6300755106441094,0.3699244893558907
DEAP:S15:T30,DEAP:S15,T30,0,2.04,2,1,1,4,unexposed,stimulus_absolute_context,train,0.1,0.8556721922960894,0.14432780770391065
DEAP:S15:T35,DEAP:S15,T35,1,5.05,2,1,1,4,unexposed,stimulus_absolute_context,train,0.1,0.8089996866122937,0.19100031338770623
DEAP:S15:T36,DEAP:S15,T36,0,3.96,2,1,1,4,unexposed,stimulus_absolute_context,train,0.1,0.7209717471712278,0.27902825282877225
DEAP:S15:T37,DEAP:S15,T37,0,3.04,2,1,1,4,unexposed,stimulus_absolute_context,train,0.1,0.8174150390374717,0.1825849609625283
DEAP:S15:T39,DEAP:S15,T39,0,4.0,2,1,1,4,unexposed,stimulus_absolute_context,train,0.1,0.6363905133498695,0.36360948665013054
DEAP:S15:T40,DEAP:S15,T40,0,4.01,2,1,1,4,unexposed,stimulus_absolute_context,train,0.1,0.5668056813010113,0.4331943186989887
DEAP:S16:T02,DEAP:S16,T02,1,6.45,2,1,1,4,unexposed,stimulus_absolute_context,train,0.1,0.31425841557204215,0.6857415844279579
DEAP:S16:T06,DEAP:S16,T06,0,4.99,2,1,1,4,unexposed,stimulus_absolute_context,train,0.1,0.14646373323871031,0.8535362667612897
DEAP:S16:T07,DEAP:S16,T07,1,6.83,2,1,1,4,unexposed,stimulus_absolute_context,train,0.1,0.5227789600115618,0.4772210399884383
DEAP:S16:T09,DEAP:S16,T09,0,4.18,2,1,1,4,unexposed,stimulus_absolute_context,train,0.1,0.2591546848934081,0.7408453151065919
DEAP:S16:T19,DEAP:S16,T19,0,2.86,2,1,1,4,unexposed,stimulus_absolute_context,train,0.1,0.160557767554653,0.839442232445347
DEAP:S16:T23,DEAP:S16,T23,0,3.9,2,1,1,4,unexposed,stimulus_absolute_context,train,0.1,0.9049941489515874,0.09500585104841267
DEAP:S16:T26,DEAP:S16,T26,0,1.82,2,1,1,4,unexposed,stimulus_absolute_context,train,0.1,0.7597324873949115,0.24026751260508847
DEAP:S16:T28,DEAP:S16,T28,0,2.85,2,1,1,4,unexposed,stimulus_absolute_context,train,0.1,0.6677514519011666,0.3322485480988334
DEAP:S16:T30,DEAP:S16,T30,1,6.1,2,1,1,4,unexposed,stimulus_absolute_context,train,0.1,0.9334645271503959,0.0665354728496041
DEAP:S16:T33,DEAP:S16,T33,0,1.0,2,1,1,4,unexposed,stimulus_absolute_context,train,0.1,0.8259067778509659,0.17409322214903408
DEAP:S16:T35,DEAP:S16,T35,0,1.0,2,1,1,4,unexposed,stimulus_absolute_context,train,0.1,0.8955937969136247,0.10440620308637522
DEAP:S16:T36,DEAP:S16,T36,1,5.05,2,1,1,4,unexposed,stimulus_absolute_context,train,0.1,0.8526225909545583,0.14737740904544172
DEAP:S16:T37,DEAP:S16,T37,1,6.09,2,1,1,4,unexposed,stimulus_absolute_context,train,0.1,0.8603127190504625,0.1396872809495375
DEAP:S16:T39,DEAP:S16,T39,1,6.13,2,1,1,4,unexposed,stimulus_absolute_context,train,0.1,0.811083409226985,0.1889165907730151
DEAP:S16:T40,DEAP:S16,T40,0,3.74,2,1,1,4,unexposed,stimulus_absolute_context,train,0.1,0.6672392494259105,0.3327607505740895
DEAP:S17:T02,DEAP:S17,T02,1,7.26,2,1,1,4,unexposed,stimulus_absolute_context,train,0.1,0.21973216871244272,0.7802678312875573
DEAP:S17:T06,DEAP:S17,T06,1,6.9,2,1,1,4,unexposed,stimulus_absolute_context,train,0.1,0.10739466736427017,0.8926053326357298
DEAP:S17:T07,DEAP:S17,T07,1,7.08,2,1,1,4,unexposed,stimulus_absolute_context,train,0.1,0.2841812318036444,0.7158187681963556
DEAP:S17:T09,DEAP:S17,T09,1,6.04,2,1,1,4,unexposed,stimulus_absolute_context,train,0.1,0.19826290775219513,0.8017370922478049
DEAP:S17:T17,DEAP:S17,T17,0,4.12,2,1,1,4,unexposed,stimulus_absolute_context,train,0.1,0.3361004872400758,0.6638995127599242
DEAP:S17:T19,DEAP:S17,T19,1,7.27,2,1,1,4,unexposed,stimulus_absolute_context,train,0.1,0.2258453268671643,0.7741546731328357
DEAP:S17:T23,DEAP:S17,T23,0,3.62,2,1,1,4,unexposed,stimulus_absolute_context,train,0.1,0.9130515714803592,0.08694842851964081
DEAP:S17:T26,DEAP:S17,T26,0,3.73,2,1,1,4,unexposed,stimulus_absolute_context,train,0.1,0.8217135489931842,0.17828645100681587
DEAP:S17:T28,DEAP:S17,T28,1,5.64,2,1,1,4,unexposed,stimulus_absolute_context,train,0.1,0.5863678477353451,0.4136321522646549
DEAP:S17:T30,DEAP:S17,T30,0,3.04,2,1,1,4,unexposed,stimulus_absolute_context,train,0.1,0.793706065520928,0.20629393447907193
DEAP:S17:T33,DEAP:S17,T33,0,3.83,2,1,1,4,unexposed,stimulus_absolute_context,train,0.1,0.7622006828476536,0.23779931715234634
DEAP:S17:T35,DEAP:S17,T35,0,4.17,2,1,1,4,unexposed,stimulus_absolute_context,train,0.1,0.8569523695048877,0.14304763049511232
DEAP:S17:T36,DEAP:S17,T36,0,3.37,2,1,1,4,unexposed,stimulus_absolute_context,train,0.1,0.7262039578320192,0.27379604216798087
DEAP:S17:T37,DEAP:S17,T37,0,3.46,2,1,1,4,unexposed,stimulus_absolute_context,train,0.1,0.8637307811181877,0.13626921888181234
DEAP:S17:T39,DEAP:S17,T39,1,7.1,2,1,1,4,unexposed,stimulus_absolute_context,train,0.1,0.6209908708410161,0.37900912915898394
DEAP:S17:T40,DEAP:S17,T40,1,5.04,2,1,1,4,unexposed,stimulus_absolute_context,train,0.1,0.4876592116669731,0.5123407883330269
DEAP:S19:T02,DEAP:S19,T02,1,6.46,2,1,1,4,unexposed,stimulus_absolute_context,train,0.1,0.20324439983752696,0.796755600162473
DEAP:S19:T06,DEAP:S19,T06,1,7.73,2,1,1,4,unexposed,stimulus_absolute_context,train,0.1,0.0830093157402112,0.9169906842597888
DEAP:S19:T07,DEAP:S19,T07,1,6.64,2,1,1,4,unexposed,stimulus_absolute_context,train,0.1,0.27935266398099434,0.7206473360190057
DEAP:S19:T09,DEAP:S19,T09,1,7.09,2,1,1,4,unexposed,stimulus_absolute_context,train,0.1,0.1537937524334826,0.8462062475665174
DEAP:S19:T17,DEAP:S19,T17,1,7.38,2,1,1,4,unexposed,stimulus_absolute_context,train,0.1,0.2319155645217511,0.7680844354782489
DEAP:S19:T19,DEAP:S19,T19,1,7.65,2,1,1,4,unexposed,stimulus_absolute_context,train,0.1,0.07899394624633171,0.9210060537536683
DEAP:S19:T26,DEAP:S19,T26,0,4.95,2,1,1,4,unexposed,stimulus_absolute_context,train,0.1,0.6658493506572752,0.33415064934272476
DEAP:S19:T28,DEAP:S19,T28,1,6.21,2,1,1,4,unexposed,stimulus_absolute_context,train,0.1,0.44289732257633796,0.557102677423662
DEAP:S19:T30,DEAP:S19,T30,0,2.85,2,1,1,4,unexposed,stimulus_absolute_context,train,0.1,0.8462973750502992,0.15370262494970077
DEAP:S19:T33,DEAP:S19,T33,0,3.4,2,1,1,4,unexposed,stimulus_absolute_context,train,0.1,0.646255458382122,0.35374454161787805
DEAP:S19:T36,DEAP:S19,T36,0,3.71,2,1,1,4,unexposed,stimulus_absolute_context,train,0.1,0.6126194746818867,0.3873805253181133
DEAP:S19:T37,DEAP:S19,T37,0,3.15,2,1,1,4,unexposed,stimulus_absolute_context,train,0.1,0.7189531629415973,0.2810468370584028
DEAP:S19:T39,DEAP:S19,T39,1,5.04,2,1,1,4,unexposed,stimulus_absolute_context,train,0.1,0.6225171186868058,0.3774828813131942
DEAP:S19:T40,DEAP:S19,T40,0,4.24,2,1,1,4,unexposed,stimulus_absolute_context,train,0.1,0.48043363934930183,0.5195663606506982
DEAP:S20:T02,DEAP:S20,T02,1,6.77,2,1,1,4,unexposed,stimulus_absolute_context,train,0.1,0.2044282247481095,0.7955717752518905
DEAP:S20:T06,DEAP:S20,T06,1,7.62,2,1,1,4,unexposed,stimulus_absolute_context,train,0.1,0.12730214455059186,0.8726978554494081
DEAP:S20:T07,DEAP:S20,T07,1,5.27,2,1,1,4,unexposed,stimulus_absolute_context,train,0.1,0.36712590379115473,0.6328740962088453
DEAP:S20:T09,DEAP:S20,T09,1,8.22,2,1,1,4,unexposed,stimulus_absolute_context,train,0.1,0.12288593714267493,0.8771140628573251
DEAP:S20:T17,DEAP:S20,T17,1,5.04,2,1,1,4,unexposed,stimulus_absolute_context,train,0.1,0.2751637576434316,0.7248362423565684
DEAP:S20:T19,DEAP:S20,T19,1,7.59,2,1,1,4,unexposed,stimulus_absolute_context,train,0.1,0.09354919498553849,0.9064508050144615
DEAP:S20:T23,DEAP:S20,T23,0,2.82,2,1,1,4,unexposed,stimulus_absolute_context,train,0.1,0.8553531768518812,0.14464682314811877
DEAP:S20:T26,DEAP:S20,T26,0,4.31,2,1,1,4,unexposed,stimulus_absolute_context,train,0.1,0.6203136826763151,0.37968631732368485
DEAP:S20:T28,DEAP:S20,T28,1,5.01,2,1,1,4,unexposed,stimulus_absolute_context,train,0.1,0.48826547692858535,0.5117345230714146
DEAP:S20:T30,DEAP:S20,T30,0,3.49,2,1,1,4,unexposed,stimulus_absolute_context,train,0.1,0.873462448469913,0.12653755153008697
DEAP:S20:T33,DEAP:S20,T33,0,4.64,2,1,1,4,unexposed,stimulus_absolute_context,train,0.1,0.6579375643477725,0.34206243565222744
DEAP:S20:T36,DEAP:S20,T36,0,4.29,2,1,1,4,unexposed,stimulus_absolute_context,train,0.1,0.6599106019153957,0.3400893980846043
DEAP:S20:T37,DEAP:S20,T37,0,3.01,2,1,1,4,unexposed,stimulus_absolute_context,train,0.1,0.7643674188664579,0.2356325811335421
DEAP:S20:T39,DEAP:S20,T39,0,4.67,2,1,1,4,unexposed,stimulus_absolute_context,train,0.1,0.5695562456770129,0.43044375432298704
DEAP:S21:T02,DEAP:S21,T02,1,7.05,2,1,1,4,unexposed,stimulus_absolute_context,train,0.1,0.19666662531606183,0.8033333746839382
DEAP:S21:T06,DEAP:S21,T06,1,7.92,2,1,1,4,unexposed,stimulus_absolute_context,train,0.1,0.13679834643758837,0.8632016535624116
DEAP:S21:T07,DEAP:S21,T07,1,7.05,2,1,1,4,unexposed,stimulus_absolute_context,train,0.1,0.2936992273754523,0.7063007726245477
DEAP:S21:T09,DEAP:S21,T09,1,8.56,2,1,1,4,unexposed,stimulus_absolute_context,train,0.1,0.16564343697436323,0.8343565630256368
DEAP:S21:T17,DEAP:S21,T17,1,5.53,2,1,1,4,unexposed,stimulus_absolute_context,train,0.1,0.20410974398243087,0.7958902560175691
DEAP:S21:T19,DEAP:S21,T19,1,7.26,2,1,1,4,unexposed,stimulus_absolute_context,train,0.1,0.10187150996111383,0.8981284900388862
DEAP:S21:T23,DEAP:S21,T23,0,4.69,2,1,1,4,unexposed,stimulus_absolute_context,train,0.1,0.8291557880408549,0.17084421195914515
DEAP:S21:T26,DEAP:S21,T26,0,4.06,2,1,1,4,unexposed,stimulus_absolute_context,train,0.1,0.6110773442116173,0.3889226557883827
DEAP:S21:T28,DEAP:S21,T28,0,3.04,2,1,1,4,unexposed,stimulus_absolute_context,train,0.1,0.48748324020988654,0.5125167597901135
DEAP:S21:T30,DEAP:S21,T30,0,3.45,2,1,1,4,unexposed,stimulus_absolute_context,train,0.1,0.8682338320406146,0.13176616795938545
DEAP:S21:T33,DEAP:S21,T33,1,7.03,2,1,1,4,unexposed,stimulus_absolute_context,train,0.1,0.6627394366287567,0.3372605633712434
DEAP:S21:T35,DEAP:S21,T35,0,4.92,2,1,1,4,unexposed,stimulus_absolute_context,train,0.1,0.7511915684493352,0.24880843155066476
DEAP:S21:T36,DEAP:S21,T36,1,6.88,2,1,1,4,unexposed,stimulus_absolute_context,train,0.1,0.6959077356746357,0.30409226432536424
DEAP:S21:T37,DEAP:S21,T37,0,3.04,2,1,1,4,unexposed,stimulus_absolute_context,train,0.1,0.7821219484994221,0.2178780515005779
DEAP:S21:T39,DEAP:S21,T39,1,6.09,2,1,1,4,unexposed,stimulus_absolute_context,train,0.1,0.557270781149782,0.442729218850218
DEAP:S21:T40,DEAP:S21,T40,0,3.99,2,1,1,4,unexposed,stimulus_absolute_context,train,0.1,0.540919774857161,0.4590802251428389
DEAP:S23:T02,DEAP:S23,T02,1,9.0,2,1,1,4,unexposed,stimulus_absolute_context,train,0.1,0.09141569365748703,0.908584306342513
DEAP:S23:T06,DEAP:S23,T06,1,5.09,2,1,1,4,unexposed,stimulus_absolute_context,train,0.1,0.05891875918005118,0.9410812408199488
DEAP:S23:T07,DEAP:S23,T07,1,8.94,2,1,1,4,unexposed,stimulus_absolute_context,train,0.1,0.1477943071830916,0.8522056928169084
DEAP:S23:T09,DEAP:S23,T09,1,7.03,2,1,1,4,unexposed,stimulus_absolute_context,train,0.1,0.09081418788785722,0.9091858121121428
DEAP:S23:T19,DEAP:S23,T19,1,8.15,2,1,1,4,unexposed,stimulus_absolute_context,train,0.1,0.04601851656568212,0.9539814834343179
DEAP:S23:T23,DEAP:S23,T23,0,4.17,2,1,1,4,unexposed,stimulus_absolute_context,train,0.1,0.7263108170600084,0.27368918293999156
DEAP:S23:T26,DEAP:S23,T26,1,8.27,2,1,1,4,unexposed,stimulus_absolute_context,train,0.1,0.44987697093435497,0.550123029065645
DEAP:S23:T28,DEAP:S23,T28,1,5.04,2,1,1,4,unexposed,stimulus_absolute_context,train,0.1,0.3196957327780502,0.6803042672219498
DEAP:S23:T30,DEAP:S23,T30,0,3.88,2,1,1,4,unexposed,stimulus_absolute_context,train,0.1,0.72464240952765,0.27535759047235003
DEAP:S23:T33,DEAP:S23,T33,1,5.04,2,1,1,4,unexposed,stimulus_absolute_context,train,0.1,0.5350556469895532,0.4649443530104468
DEAP:S23:T35,DEAP:S23,T35,1,5.18,2,1,1,4,unexposed,stimulus_absolute_context,train,0.1,0.7306295340713171,0.2693704659286829
DEAP:S23:T36,DEAP:S23,T36,0,4.92,2,1,1,4,unexposed,stimulus_absolute_context,train,0.1,0.48289078354767667,0.5171092164523233
DEAP:S23:T37,DEAP:S23,T37,0,4.31,2,1,1,4,unexposed,stimulus_absolute_context,train,0.1,0.5468406910803519,0.45315930891964806
DEAP:S23:T40,DEAP:S23,T40,0,4.88,2,1,1,4,unexposed,stimulus_absolute_context,train,0.1,0.29298075426711934,0.7070192457328807
DEAP:S24:T02,DEAP:S24,T02,1,6.04,2,1,1,4,unexposed,stimulus_absolute_context,train,0.1,0.2855265226587348,0.7144734773412652
DEAP:S24:T06,DEAP:S24,T06,1,5.96,2,1,1,4,unexposed,stimulus_absolute_context,train,0.1,0.20162624414564012,0.7983737558543599
DEAP:S24:T07,DEAP:S24,T07,0,3.04,2,1,1,4,unexposed,stimulus_absolute_context,train,0.1,0.482024038885687,0.517975961114313
DEAP:S24:T09,DEAP:S24,T09,1,7.08,2,1,1,4,unexposed,stimulus_absolute_context,train,0.1,0.23630263871875012,0.7636973612812499
DEAP:S24:T19,DEAP:S24,T19,1,7.03,2,1,1,4,unexposed,stimulus_absolute_context,train,0.1,0.20031296554899547,0.7996870344510045
DEAP:S24:T23,DEAP:S24,T23,0,1.0,2,1,1,4,unexposed,stimulus_absolute_context,train,0.1,0.9171459426379122,0.0828540573620878
DEAP:S24:T26,DEAP:S24,T26,0,4.05,2,1,1,4,unexposed,stimulus_absolute_context,train,0.1,0.7427187292050801,0.25728127079491986
DEAP:S24:T28,DEAP:S24,T28,0,4.03,2,1,1,4,unexposed,stimulus_absolute_context,train,0.1,0.5941329987159867,0.4058670012840133
DEAP:S24:T30,DEAP:S24,T30,0,1.0,2,1,1,4,unexposed,stimulus_absolute_context,train,0.1,0.886257172029708,0.11374282797029203
DEAP:S24:T33,DEAP:S24,T33,1,5.01,2,1,1,4,unexposed,stimulus_absolute_context,train,0.1,0.8154714917096928,0.18452850829030715
DEAP:S24:T35,DEAP:S24,T35,0,4.05,2,1,1,4,unexposed,stimulus_absolute_context,train,0.1,0.8044733705329563,0.19552662946704372
DEAP:S24:T36,DEAP:S24,T36,0,4.0,2,1,1,4,unexposed,stimulus_absolute_context,train,0.1,0.7786343478542712,0.22136565214572876
DEAP:S24:T39,DEAP:S24,T39,0,2.12,2,1,1,4,unexposed,stimulus_absolute_context,train,0.1,0.6822296758011988,0.3177703241988012
DEAP:S25:T02,DEAP:S25,T02,0,2.99,2,1,1,4,unexposed,stimulus_absolute_context,train,0.1,0.2707201514927803,0.7292798485072197
DEAP:S25:T07,DEAP:S25,T07,1,6.08,2,1,1,4,unexposed,stimulus_absolute_context,train,0.1,0.4491475339106673,0.5508524660893327
DEAP:S25:T09,DEAP:S25,T09,1,8.09,2,1,1,4,unexposed,stimulus_absolute_context,train,0.1,0.17262860531783564,0.8273713946821644
DEAP:S25:T17,DEAP:S25,T17,1,5.04,2,1,1,4,unexposed,stimulus_absolute_context,train,0.1,0.24112219670910529,0.7588778032908947
DEAP:S25:T19,DEAP:S25,T19,1,7.06,2,1,1,4,unexposed,stimulus_absolute_context,train,0.1,0.2159731859716506,0.7840268140283494
DEAP:S25:T23,DEAP:S25,T23,0,2.01,2,1,1,4,unexposed,stimulus_absolute_context,train,0.1,0.9048443852280477,0.0951556147719523
DEAP:S25:T26,DEAP:S25,T26,0,4.99,2,1,1,4,unexposed,stimulus_absolute_context,train,0.1,0.7465655882438957,0.2534344117561043
DEAP:S25:T28,DEAP:S25,T28,1,5.01,2,1,1,4,unexposed,stimulus_absolute_context,train,0.1,0.7056110060557724,0.2943889939442276
DEAP:S25:T30,DEAP:S25,T30,0,4.03,2,1,1,4,unexposed,stimulus_absolute_context,train,0.1,0.898960220874762,0.10103977912523796
DEAP:S25:T33,DEAP:S25,T33,0,1.94,2,1,1,4,unexposed,stimulus_absolute_context,train,0.1,0.7215289621101663,0.27847103788983374
DEAP:S25:T35,DEAP:S25,T35,0,3.03,2,1,1,4,unexposed,stimulus_absolute_context,train,0.1,0.8855231305400626,0.11447686945993737
DEAP:S25:T37,DEAP:S25,T37,0,1.0,2,1,1,4,unexposed,stimulus_absolute_context,train,0.1,0.8599696610386462,0.14003033896135372
DEAP:S25:T40,DEAP:S25,T40,0,1.0,2,1,1,4,unexposed,stimulus_absolute_context,train,0.1,0.7109752304429597,0.2890247695570403
DEAP:S27:T02,DEAP:S27,T02,1,7.0,2,1,1,4,unexposed,stimulus_absolute_context,train,0.1,0.07279667952634905,0.927203320473651
DEAP:S27:T07,DEAP:S27,T07,0,4.94,2,1,1,4,unexposed,stimulus_absolute_context,train,0.1,0.1812899783064843,0.8187100216935157
DEAP:S27:T09,DEAP:S27,T09,1,8.99,2,1,1,4,unexposed,stimulus_absolute_context,train,0.1,0.08699420534437463,0.9130057946556254
DEAP:S27:T17,DEAP:S27,T17,1,9.0,2,1,1,4,unexposed,stimulus_absolute_context,train,0.1,0.13043544877739066,0.8695645512226093
DEAP:S27:T19,DEAP:S27,T19,1,5.06,2,1,1,4,unexposed,stimulus_absolute_context,train,0.1,0.04721850057143939,0.9527814994285606
DEAP:S27:T23,DEAP:S27,T23,1,8.0,2,1,1,4,unexposed,stimulus_absolute_context,train,0.1,0.7996353916250201,0.2003646083749799
DEAP:S27:T28,DEAP:S27,T28,1,5.04,2,1,1,4,unexposed,stimulus_absolute_context,train,0.1,0.4004372661130352,0.5995627338869648
DEAP:S27:T30,DEAP:S27,T30,1,7.08,2,1,1,4,unexposed,stimulus_absolute_context,train,0.1,0.7802001826505565,0.21979981734944354
DEAP:S27:T33,DEAP:S27,T33,1,5.04,2,1,1,4,unexposed,stimulus_absolute_context,train,0.1,0.4678765469778039,0.5321234530221961
DEAP:S27:T35,DEAP:S27,T35,0,1.0,2,1,1,4,unexposed,stimulus_absolute_context,train,0.1,0.5725608351954519,0.4274391648045481
DEAP:S27:T36,DEAP:S27,T36,1,6.13,2,1,1,4,unexposed,stimulus_absolute_context,train,0.1,0.45415371870445365,0.5458462812955464
DEAP:S27:T37,DEAP:S27,T37,0,2.99,2,1,1,4,unexposed,stimulus_absolute_context,train,0.1,0.5585677070526571,0.4414322929473428
DEAP:S27:T39,DEAP:S27,T39,0,2.14,2,1,1,4,unexposed,stimulus_absolute_context,train,0.1,0.40847087648627556,0.5915291235137244
DEAP:S27:T40,DEAP:S27,T40,1,5.04,2,1,1,4,unexposed,stimulus_absolute_context,train,0.1,0.266063649114728,0.733936350885272
DEAP:S28:T02,DEAP:S28,T02,1,7.99,2,1,1,4,unexposed,stimulus_absolute_context,train,0.1,0.1961414188652385,0.8038585811347615
DEAP:S28:T06,DEAP:S28,T06,1,8.15,2,1,1,4,unexposed,stimulus_absolute_context,train,0.1,0.08500091153231304,0.914999088467687
DEAP:S28:T07,DEAP:S28,T07,1,8.09,2,1,1,4,unexposed,stimulus_absolute_context,train,0.1,0.2825026936268491,0.7174973063731509
DEAP:S28:T09,DEAP:S28,T09,1,5.04,2,1,1,4,unexposed,stimulus_absolute_context,train,0.1,0.10433130249838285,0.8956686975016172
DEAP:S28:T17,DEAP:S28,T17,1,6.99,2,1,1,4,unexposed,stimulus_absolute_context,train,0.1,0.1399035951261891,0.8600964048738109
DEAP:S28:T19,DEAP:S28,T19,1,7.03,2,1,1,4,unexposed,stimulus_absolute_context,train,0.1,0.06552110765514674,0.9344788923448533
DEAP:S28:T26,DEAP:S28,T26,0,1.99,2,1,1,4,unexposed,stimulus_absolute_context,train,0.1,0.5030625925523096,0.4969374074476904
DEAP:S28:T30,DEAP:S28,T30,0,1.99,2,1,1,4,unexposed,stimulus_absolute_context,train,0.1,0.733549444097253,0.2664505559027471
DEAP:S28:T33,DEAP:S28,T33,1,7.01,2,1,1,4,unexposed,stimulus_absolute_context,train,0.1,0.5433832978334479,0.4566167021665521
DEAP:S28:T35,DEAP:S28,T35,0,1.08,2,1,1,4,unexposed,stimulus_absolute_context,train,0.1,0.6725634258221067,0.3274365741778933
DEAP:S28:T36,DEAP:S28,T36,0,3.08,2,1,1,4,unexposed,stimulus_absolute_context,train,0.1,0.5236739152185563,0.4763260847814437
DEAP:S28:T40,DEAP:S28,T40,1,7.1,2,1,1,4,unexposed,stimulus_absolute_context,train,0.1,0.37028317073590955,0.6297168292640904
DEAP:S29:T02,DEAP:S29,T02,1,7.05,2,1,1,4,unexposed,stimulus_absolute_context,train,0.1,0.07733706186231148,0.9226629381376885
DEAP:S29:T06,DEAP:S29,T06,1,8.03,2,1,1,4,unexposed,stimulus_absolute_context,train,0.1,0.047132532272653904,0.9528674677273461
DEAP:S29:T07,DEAP:S29,T07,1,7.04,2,1,1,4,unexposed,stimulus_absolute_context,train,0.1,0.1891334425146124,0.8108665574853876
DEAP:S29:T09,DEAP:S29,T09,1,7.06,2,1,1,4,unexposed,stimulus_absolute_context,train,0.1,0.1083730904162944,0.8916269095837056
DEAP:S29:T17,DEAP:S29,T17,1,5.08,2,1,1,4,unexposed,stimulus_absolute_context,train,0.1,0.10537565834451024,0.8946243416554898
DEAP:S29:T19,DEAP:S29,T19,1,7.05,2,1,1,4,unexposed,stimulus_absolute_context,train,0.1,0.03922500969833942,0.9607749903016606
DEAP:S29:T26,DEAP:S29,T26,0,3.0,2,1,1,4,unexposed,stimulus_absolute_context,train,0.1,0.4722691813447475,0.5277308186552525
DEAP:S29:T30,DEAP:S29,T30,0,2.95,2,1,1,4,unexposed,stimulus_absolute_context,train,0.1,0.7521732156041299,0.24782678439587016
DEAP:S29:T33,DEAP:S29,T33,0,1.99,2,1,1,4,unexposed,stimulus_absolute_context,train,0.1,0.5096815010858793,0.49031849891412077
DEAP:S29:T35,DEAP:S29,T35,0,1.92,2,1,1,4,unexposed,stimulus_absolute_context,train,0.1,0.6261021114976226,0.3738978885023774
DEAP:S29:T36,DEAP:S29,T36,1,5.03,2,1,1,4,unexposed,stimulus_absolute_context,train,0.1,0.596938489731409,0.403061510268591
DEAP:S29:T37,DEAP:S29,T37,1,5.01,2,1,1,4,unexposed,stimulus_absolute_context,train,0.1,0.6271318302323843,0.3728681697676157
DEAP:S29:T39,DEAP:S29,T39,1,6.05,2,1,1,4,unexposed,stimulus_absolute_context,train,0.1,0.39388478585024134,0.6061152141497587
DEAP:S29:T40,DEAP:S29,T40,1,6.01,2,1,1,4,unexposed,stimulus_absolute_context,train,0.1,0.3025696456767196,0.6974303543232804
DEAP:S30:T02,DEAP:S30,T02,1,7.15,2,1,1,4,unexposed,stimulus_absolute_context,train,0.1,0.14338725527910634,0.8566127447208937
DEAP:S30:T06,DEAP:S30,T06,1,6.22,2,1,1,4,unexposed,stimulus_absolute_context,train,0.1,0.06776491064681323,0.9322350893531868
DEAP:S30:T07,DEAP:S30,T07,0,4.05,2,1,1,4,unexposed,stimulus_absolute_context,train,0.1,0.1930382067310571,0.8069617932689429
DEAP:S30:T09,DEAP:S30,T09,1,7.08,2,1,1,4,unexposed,stimulus_absolute_context,train,0.1,0.10735098767555984,0.8926490123244402
DEAP:S30:T17,DEAP:S30,T17,1,7.13,2,1,1,4,unexposed,stimulus_absolute_context,train,0.1,0.12903302807760264,0.8709669719223974
DEAP:S30:T19,DEAP:S30,T19,1,8.27,2,1,1,4,unexposed,stimulus_absolute_context,train,0.1,0.07232222602222627,0.9276777739777737
DEAP:S30:T23,DEAP:S30,T23,0,3.0,2,1,1,4,unexposed,stimulus_absolute_context,train,0.1,0.792570957388735,0.207429042611265
DEAP:S30:T26,DEAP:S30,T26,1,5.01,2,1,1,4,unexposed,stimulus_absolute_context,train,0.1,0.566592153409998,0.433407846590002
DEAP:S30:T28,DEAP:S30,T28,1,5.06,2,1,1,4,unexposed,stimulus_absolute_context,train,0.1,0.42383836478557824,0.5761616352144218
DEAP:S30:T30,DEAP:S30,T30,0,4.04,2,1,1,4,unexposed,stimulus_absolute_context,train,0.1,0.7522538341838718,0.24774616581612816
DEAP:S30:T33,DEAP:S30,T33,0,3.91,2,1,1,4,unexposed,stimulus_absolute_context,train,0.1,0.5775796516852711,0.4224203483147288
DEAP:S30:T35,DEAP:S30,T35,1,5.04,2,1,1,4,unexposed,stimulus_absolute_context,train,0.1,0.7500830478766776,0.24991695212332243
DEAP:S30:T36,DEAP:S30,T36,0,4.03,2,1,1,4,unexposed,stimulus_absolute_context,train,0.1,0.5459046073565277,0.4540953926434724
DEAP:S30:T40,DEAP:S30,T40,1,5.05,2,1,1,4,unexposed,stimulus_absolute_context,train,0.1,0.41116024526243633,0.5888397547375637
DEAP:S32:T02,DEAP:S32,T02,0,4.99,2,1,1,4,unexposed,stimulus_absolute_context,train,0.1,0.2825134675320149,0.7174865324679851
DEAP:S32:T06,DEAP:S32,T06,1,5.78,2,1,1,4,unexposed,stimulus_absolute_context,train,0.1,0.1680759203775165,0.8319240796224835
DEAP:S32:T07,DEAP:S32,T07,0,4.94,2,1,1,4,unexposed,stimulus_absolute_context,train,0.1,0.41745478283290516,0.5825452171670948
DEAP:S32:T09,DEAP:S32,T09,1,7.86,2,1,1,4,unexposed,stimulus_absolute_context,train,0.1,0.18223386081267157,0.8177661391873284
DEAP:S32:T17,DEAP:S32,T17,1,6.09,2,1,1,4,unexposed,stimulus_absolute_context,train,0.1,0.2711220172411798,0.7288779827588202
DEAP:S32:T19,DEAP:S32,T19,1,8.24,2,1,1,4,unexposed,stimulus_absolute_context,train,0.1,0.12400988753867925,0.8759901124613207
DEAP:S32:T23,DEAP:S32,T23,0,3.01,2,1,1,4,unexposed,stimulus_absolute_context,train,0.1,0.8656633484347359,0.13433665156526411
DEAP:S32:T26,DEAP:S32,T26,1,5.14,2,1,1,4,unexposed,stimulus_absolute_context,train,0.1,0.6819723328852301,0.31802766711476993
DEAP:S32:T28,DEAP:S32,T28,1,6.03,2,1,1,4,unexposed,stimulus_absolute_context,train,0.1,0.5238896838769418,0.47611031612305815
DEAP:S32:T30,DEAP:S32,T30,0,1.0,2,1,1,4,unexposed,stimulus_absolute_context,train,0.1,0.9486391241110324,0.05136087588896766
DEAP:S32:T33,DEAP:S32,T33,0,4.06,2,1,1,4,unexposed,stimulus_absolute_context,train,0.1,0.8000769034427704,0.19992309655722956
DEAP:S32:T35,DEAP:S32,T35,0,3.88,2,1,1,4,unexposed,stimulus_absolute_context,train,0.1,0.8078106950290052,0.19218930497099485
DEAP:S32:T36,DEAP:S32,T36,0,3.91,2,1,1,4,unexposed,stimulus_absolute_context,train,0.1,0.7847776007696563,0.21522239923034367
DEAP:S32:T39,DEAP:S32,T39,0,3.99,2,1,1,4,unexposed,stimulus_absolute_context,train,0.1,0.6725991307048451,0.3274008692951549
DEAP:S32:T40,DEAP:S32,T40,1,7.15,2,1,1,4,unexposed,stimulus_absolute_context,train,0.1,0.7117384776938984,0.2882615223061015
DEAP:S10:T13,DEAP:S10,T13,1,6.72,2,1,1,4,unexposed,stimulus_absolute_context,validation_unseen,0.1,0.15656952084103037,0.8434304791589696
DEAP:S10:T14,DEAP:S10,T14,1,8.81,2,1,1,4,unexposed,stimulus_absolute_context,validation_unseen,0.1,0.1379920237506589,0.8620079762493411
DEAP:S10:T15,DEAP:S10,T15,1,5.31,2,1,1,4,unexposed,stimulus_absolute_context,validation_unseen,0.1,0.1678206137559164,0.8321793862440836
DEAP:S10:T16,DEAP:S10,T16,0,3.85,2,1,1,4,unexposed,stimulus_absolute_context,validation_unseen,0.1,0.17633466801010766,0.8236653319898923
DEAP:S10:T20,DEAP:S10,T20,1,5.58,2,1,1,4,unexposed,stimulus_absolute_context,validation_unseen,0.1,0.16848588377320173,0.8315141162267983
DEAP:S10:T21,DEAP:S10,T21,0,2.97,2,1,1,4,unexposed,stimulus_absolute_context,validation_unseen,0.1,0.16427853698314165,0.8357214630168583
DEAP:S10:T27,DEAP:S10,T27,0,4.94,2,1,1,4,unexposed,stimulus_absolute_context,validation_unseen,0.1,0.1595291265237071,0.8404708734762929
DEAP:S10:T38,DEAP:S10,T38,0,1.91,2,1,1,4,unexposed,stimulus_absolute_context,validation_unseen,0.1,0.14989369130374386,0.8501063086962561
DEAP:S12:T13,DEAP:S12,T13,1,7.99,2,1,1,4,unexposed,stimulus_absolute_context,validation_unseen,0.1,0.34019924919421085,0.6598007508057891
DEAP:S12:T14,DEAP:S12,T14,1,8.15,2,1,1,4,unexposed,stimulus_absolute_context,validation_unseen,0.1,0.2673647849570743,0.7326352150429257
DEAP:S12:T15,DEAP:S12,T15,1,7.08,2,1,1,4,unexposed,stimulus_absolute_context,validation_unseen,0.1,0.39437958079463153,0.6056204192053685
DEAP:S12:T16,DEAP:S12,T16,1,5.04,2,1,1,4,unexposed,stimulus_absolute_context,validation_unseen,0.1,0.34255387941495974,0.6574461205850403
DEAP:S12:T20,DEAP:S12,T20,1,7.35,2,1,1,4,unexposed,stimulus_absolute_context,validation_unseen,0.1,0.2874419460807889,0.7125580539192111
DEAP:S12:T21,DEAP:S12,T21,0,2.13,2,1,1,4,unexposed,stimulus_absolute_context,validation_unseen,0.1,0.28723169732829446,0.7127683026717055
DEAP:S12:T27,DEAP:S12,T27,1,5.05,2,1,1,4,unexposed,stimulus_absolute_context,validation_unseen,0.1,0.3789217243669619,0.6210782756330381
DEAP:S12:T38,DEAP:S12,T38,0,2.85,2,1,1,4,unexposed,stimulus_absolute_context,validation_unseen,0.1,0.274567792052976,0.725432207947024
DEAP:S22:T13,DEAP:S22,T13,1,7.01,2,1,1,4,unexposed,stimulus_absolute_context,validation_unseen,0.1,0.11793925304357522,0.8820607469564248
DEAP:S22:T14,DEAP:S22,T14,1,8.05,2,1,1,4,unexposed,stimulus_absolute_context,validation_unseen,0.1,0.1618231741650734,0.8381768258349266
DEAP:S22:T16,DEAP:S22,T16,1,6.06,2,1,1,4,unexposed,stimulus_absolute_context,validation_unseen,0.1,0.14813517715146962,0.8518648228485304
DEAP:S22:T20,DEAP:S22,T20,1,7.08,2,1,1,4,unexposed,stimulus_absolute_context,validation_unseen,0.1,0.13073153163640472,0.8692684683635953
DEAP:S22:T21,DEAP:S22,T21,0,2.97,2,1,1,4,unexposed,stimulus_absolute_context,validation_unseen,0.1,0.13044915693328174,0.8695508430667183
DEAP:S22:T27,DEAP:S22,T27,1,7.06,2,1,1,4,unexposed,stimulus_absolute_context,validation_unseen,0.1,0.10771948981250179,0.8922805101874982
DEAP:S22:T38,DEAP:S22,T38,0,1.0,2,1,1,4,unexposed,stimulus_absolute_context,validation_unseen,0.1,0.11111167277052025,0.8888883272294797
DEAP:S26:T13,DEAP:S26,T13,1,7.12,2,1,1,4,unexposed,stimulus_absolute_context,validation_unseen,0.1,0.5375060900118018,0.4624939099881981
DEAP:S26:T14,DEAP:S26,T14,1,9.0,2,1,1,4,unexposed,stimulus_absolute_context,validation_unseen,0.1,0.5162887255221473,0.4837112744778526
DEAP:S26:T15,DEAP:S26,T15,1,7.01,2,1,1,4,unexposed,stimulus_absolute_context,validation_unseen,0.1,0.5397211125148711,0.46027888748512896
DEAP:S26:T16,DEAP:S26,T16,1,6.19,2,1,1,4,unexposed,stimulus_absolute_context,validation_unseen,0.1,0.5055899391090343,0.49441006089096573
DEAP:S26:T20,DEAP:S26,T20,1,8.08,2,1,1,4,unexposed,stimulus_absolute_context,validation_unseen,0.1,0.5493060893704319,0.4506939106295681
DEAP:S26:T21,DEAP:S26,T21,1,6.06,2,1,1,4,unexposed,stimulus_absolute_context,validation_unseen,0.1,0.531980307545119,0.468019692454881
DEAP:S26:T27,DEAP:S26,T27,1,6.0,2,1,1,4,unexposed,stimulus_absolute_context,validation_unseen,0.1,0.5409306430312419,0.4590693569687581
DEAP:S26:T38,DEAP:S26,T38,0,1.15,2,1,1,4,unexposed,stimulus_absolute_context,validation_unseen,0.1,0.49670067947086216,0.5032993205291378
DEAP:S10:T02,DEAP:S10,T02,0,3.55,2,1,1,4,unexposed,stimulus_absolute_context,validation_familiar,0.1,0.04176317251247008,0.9582368274875299
DEAP:S10:T06,DEAP:S10,T06,1,7.1,2,1,1,4,unexposed,stimulus_absolute_context,validation_familiar,0.1,0.013356951586265597,0.9866430484137344
DEAP:S10:T07,DEAP:S10,T07,1,8.96,2,1,1,4,unexposed,stimulus_absolute_context,validation_familiar,0.1,0.021232762180965703,0.9787672378190343
DEAP:S10:T09,DEAP:S10,T09,1,7.56,2,1,1,4,unexposed,stimulus_absolute_context,validation_familiar,0.1,0.024208743643007513,0.9757912563569925
DEAP:S10:T17,DEAP:S10,T17,0,4.95,2,1,1,4,unexposed,stimulus_absolute_context,validation_familiar,0.1,0.05111175394230438,0.9488882460576956
DEAP:S10:T19,DEAP:S10,T19,1,7.82,2,1,1,4,unexposed,stimulus_absolute_context,validation_familiar,0.1,0.01795723463744381,0.9820427653625562
DEAP:S10:T23,DEAP:S10,T23,0,2.87,2,1,1,4,unexposed,stimulus_absolute_context,validation_familiar,0.1,0.5547777785905961,0.445222221409404
DEAP:S10:T26,DEAP:S10,T26,0,4.95,2,1,1,4,unexposed,stimulus_absolute_context,validation_familiar,0.1,0.24585463862208912,0.7541453613779109
DEAP:S10:T28,DEAP:S10,T28,0,4.31,2,1,1,4,unexposed,stimulus_absolute_context,validation_familiar,0.1,0.1835221567037275,0.8164778432962725
DEAP:S10:T30,DEAP:S10,T30,0,2.64,2,1,1,4,unexposed,stimulus_absolute_context,validation_familiar,0.1,0.5175531771077821,0.4824468228922179
DEAP:S10:T33,DEAP:S10,T33,0,4.94,2,1,1,4,unexposed,stimulus_absolute_context,validation_familiar,0.1,0.2594396028176589,0.7405603971823411
DEAP:S10:T35,DEAP:S10,T35,0,1.38,2,1,1,4,unexposed,stimulus_absolute_context,validation_familiar,0.1,0.43990568654744955,0.5600943134525505
DEAP:S10:T36,DEAP:S10,T36,0,2.17,2,1,1,4,unexposed,stimulus_absolute_context,validation_familiar,0.1,0.255675317259472,0.744324682740528
DEAP:S10:T37,DEAP:S10,T37,0,2.92,2,1,1,4,unexposed,stimulus_absolute_context,validation_familiar,0.1,0.34112632881158034,0.6588736711884197
DEAP:S10:T39,DEAP:S10,T39,0,2.17,2,1,1,4,unexposed,stimulus_absolute_context,validation_familiar,0.1,0.22380162610829757,0.7761983738917024
DEAP:S10:T40,DEAP:S10,T40,1,5.78,2,1,1,4,unexposed,stimulus_absolute_context,validation_familiar,0.1,0.14324204632009008,0.8567579536799099
DEAP:S12:T02,DEAP:S12,T02,1,6.09,2,1,1,4,unexposed,stimulus_absolute_context,validation_familiar,0.1,0.09694522473253964,0.9030547752674604
DEAP:S12:T06,DEAP:S12,T06,1,6.65,2,1,1,4,unexposed,stimulus_absolute_context,validation_familiar,0.1,0.061316434302118306,0.9386835656978817
DEAP:S12:T07,DEAP:S12,T07,1,6.77,2,1,1,4,unexposed,stimulus_absolute_context,validation_familiar,0.1,0.18932028296125403,0.810679717038746
DEAP:S12:T09,DEAP:S12,T09,1,7.95,2,1,1,4,unexposed,stimulus_absolute_context,validation_familiar,0.1,0.08094485243855243,0.9190551475614476
DEAP:S12:T17,DEAP:S12,T17,0,4.86,2,1,1,4,unexposed,stimulus_absolute_context,validation_familiar,0.1,0.08463431802949672,0.9153656819705033
DEAP:S12:T19,DEAP:S12,T19,1,7.03,2,1,1,4,unexposed,stimulus_absolute_context,validation_familiar,0.1,0.05481862187703512,0.9451813781229649
DEAP:S12:T23,DEAP:S12,T23,0,1.74,2,1,1,4,unexposed,stimulus_absolute_context,validation_familiar,0.1,0.7310832076841176,0.26891679231588245
DEAP:S12:T26,DEAP:S12,T26,1,6.08,2,1,1,4,unexposed,stimulus_absolute_context,validation_familiar,0.1,0.5468017632976565,0.45319823670234355
DEAP:S12:T28,DEAP:S12,T28,1,5.04,2,1,1,4,unexposed,stimulus_absolute_context,validation_familiar,0.1,0.3950548919945087,0.6049451080054913
DEAP:S12:T30,DEAP:S12,T30,0,3.36,2,1,1,4,unexposed,stimulus_absolute_context,validation_familiar,0.1,0.6702043447525703,0.32979565524742976
DEAP:S12:T33,DEAP:S12,T33,0,1.9,2,1,1,4,unexposed,stimulus_absolute_context,validation_familiar,0.1,0.5364624081741156,0.46353759182588444
DEAP:S12:T35,DEAP:S12,T35,0,1.22,2,1,1,4,unexposed,stimulus_absolute_context,validation_familiar,0.1,0.6582672750627027,0.34173272493729734
DEAP:S12:T36,DEAP:S12,T36,0,2.82,2,1,1,4,unexposed,stimulus_absolute_context,validation_familiar,0.1,0.4430819694067233,0.5569180305932767
DEAP:S12:T37,DEAP:S12,T37,0,1.0,2,1,1,4,unexposed,stimulus_absolute_context,validation_familiar,0.1,0.607436170094364,0.39256382990563593
DEAP:S12:T39,DEAP:S12,T39,0,3.18,2,1,1,4,unexposed,stimulus_absolute_context,validation_familiar,0.1,0.37791509854121363,0.6220849014587864
DEAP:S12:T40,DEAP:S12,T40,1,6.81,2,1,1,4,unexposed,stimulus_absolute_context,validation_familiar,0.1,0.35948180736153934,0.6405181926384607
DEAP:S22:T02,DEAP:S22,T02,1,7.08,2,1,1,4,unexposed,stimulus_absolute_context,validation_familiar,0.1,0.03660699470243334,0.9633930052975667
DEAP:S22:T06,DEAP:S22,T06,0,4.97,2,1,1,4,unexposed,stimulus_absolute_context,validation_familiar,0.1,0.016191834603351718,0.9838081653966483
DEAP:S22:T07,DEAP:S22,T07,1,6.03,2,1,1,4,unexposed,stimulus_absolute_context,validation_familiar,0.1,0.06501837692521673,0.9349816230747833
DEAP:S22:T09,DEAP:S22,T09,1,9.0,2,1,1,4,unexposed,stimulus_absolute_context,validation_familiar,0.1,0.025010867805820736,0.9749891321941793
DEAP:S22:T17,DEAP:S22,T17,1,5.04,2,1,1,4,unexposed,stimulus_absolute_context,validation_familiar,0.1,0.04309060157133204,0.956909398428668
DEAP:S22:T19,DEAP:S22,T19,1,9.0,2,1,1,4,unexposed,stimulus_absolute_context,validation_familiar,0.1,0.016334733085124786,0.9836652669148752
DEAP:S22:T23,DEAP:S22,T23,0,2.99,2,1,1,4,unexposed,stimulus_absolute_context,validation_familiar,0.1,0.4469691828693588,0.5530308171306412
DEAP:S22:T28,DEAP:S22,T28,0,4.03,2,1,1,4,unexposed,stimulus_absolute_context,validation_familiar,0.1,0.11519735037176071,0.8848026496282393
DEAP:S22:T30,DEAP:S22,T30,0,1.0,2,1,1,4,unexposed,stimulus_absolute_context,validation_familiar,0.1,0.41565692701737644,0.5843430729826236
DEAP:S22:T33,DEAP:S22,T33,0,1.96,2,1,1,4,unexposed,stimulus_absolute_context,validation_familiar,0.1,0.21512299163355397,0.784877008366446
DEAP:S22:T35,DEAP:S22,T35,0,1.99,2,1,1,4,unexposed,stimulus_absolute_context,validation_familiar,0.1,0.3058912134918641,0.6941087865081359
DEAP:S22:T36,DEAP:S22,T36,0,1.96,2,1,1,4,unexposed,stimulus_absolute_context,validation_familiar,0.1,0.2283759701105894,0.7716240298894106
DEAP:S22:T37,DEAP:S22,T37,0,1.0,2,1,1,4,unexposed,stimulus_absolute_context,validation_familiar,0.1,0.2715985237945021,0.7284014762054979
DEAP:S22:T39,DEAP:S22,T39,0,1.0,2,1,1,4,unexposed,stimulus_absolute_context,validation_familiar,0.1,0.1578317935837571,0.8421682064162429
DEAP:S22:T40,DEAP:S22,T40,0,2.97,2,1,1,4,unexposed,stimulus_absolute_context,validation_familiar,0.1,0.12381615400585344,0.8761838459941466
DEAP:S26:T02,DEAP:S26,T02,1,6.96,2,1,1,4,unexposed,stimulus_absolute_context,validation_familiar,0.1,0.2042802147181766,0.7957197852818234
DEAP:S26:T06,DEAP:S26,T06,1,8.09,2,1,1,4,unexposed,stimulus_absolute_context,validation_familiar,0.1,0.1274830093366055,0.8725169906633945
DEAP:S26:T07,DEAP:S26,T07,1,6.08,2,1,1,4,unexposed,stimulus_absolute_context,validation_familiar,0.1,0.3551495894937251,0.6448504105062749
DEAP:S26:T09,DEAP:S26,T09,1,8.05,2,1,1,4,unexposed,stimulus_absolute_context,validation_familiar,0.1,0.21089196019860523,0.7891080398013948
DEAP:S26:T17,DEAP:S26,T17,1,5.04,2,1,1,4,unexposed,stimulus_absolute_context,validation_familiar,0.1,0.2916249277025873,0.7083750722974127
DEAP:S26:T19,DEAP:S26,T19,1,8.0,2,1,1,4,unexposed,stimulus_absolute_context,validation_familiar,0.1,0.11078963515468099,0.889210364845319
DEAP:S26:T23,DEAP:S26,T23,0,2.28,2,1,1,4,unexposed,stimulus_absolute_context,validation_familiar,0.1,0.8879088604491353,0.11209113955086468
DEAP:S26:T26,DEAP:S26,T26,1,5.05,2,1,1,4,unexposed,stimulus_absolute_context,validation_familiar,0.1,0.6606931045381677,0.3393068954618323
DEAP:S26:T28,DEAP:S26,T28,1,5.97,2,1,1,4,unexposed,stimulus_absolute_context,validation_familiar,0.1,0.6337422546947041,0.36625774530529587
DEAP:S26:T30,DEAP:S26,T30,0,4.95,2,1,1,4,unexposed,stimulus_absolute_context,validation_familiar,0.1,0.8779623780536913,0.12203762194630875
DEAP:S26:T33,DEAP:S26,T33,0,1.0,2,1,1,4,unexposed,stimulus_absolute_context,validation_familiar,0.1,0.664210115400533,0.335789884599467
DEAP:S26:T35,DEAP:S26,T35,0,2.97,2,1,1,4,unexposed,stimulus_absolute_context,validation_familiar,0.1,0.779508068580073,0.2204919314199269
DEAP:S26:T36,DEAP:S26,T36,0,2.92,2,1,1,4,unexposed,stimulus_absolute_context,validation_familiar,0.1,0.6913204202673338,0.3086795797326663
DEAP:S26:T37,DEAP:S26,T37,0,1.0,2,1,1,4,unexposed,stimulus_absolute_context,validation_familiar,0.1,0.7599741566266744,0.24002584337332555
DEAP:S26:T39,DEAP:S26,T39,0,1.95,2,1,1,4,unexposed,stimulus_absolute_context,validation_familiar,0.1,0.5747381677792368,0.4252618322207632
DEAP:S26:T40,DEAP:S26,T40,0,3.06,2,1,1,4,unexposed,stimulus_absolute_context,validation_familiar,0.1,0.5445257473174441,0.4554742526825559
DEAP:S01:T02,DEAP:S01,T02,1,8.1,2,1,1,4,unexposed,stimulus_absolute_context,train,1.0,0.3368706056861269,0.6631293943138731
DEAP:S01:T06,DEAP:S01,T06,1,8.27,2,1,1,4,unexposed,stimulus_absolute_context,train,1.0,0.1379197848267817,0.8620802151732183
DEAP:S01:T07,DEAP:S01,T07,1,7.44,2,1,1,4,unexposed,stimulus_absolute_context,train,1.0,0.465664068906836,0.534335931093164
DEAP:S01:T09,DEAP:S01,T09,0,4.04,2,1,1,4,unexposed,stimulus_absolute_context,train,1.0,0.22838117982787132,0.7716188201721287
DEAP:S01:T17,DEAP:S01,T17,0,2.46,2,1,1,4,unexposed,stimulus_absolute_context,train,1.0,0.31260705031509073,0.6873929496849093
DEAP:S01:T19,DEAP:S01,T19,1,7.17,2,1,1,4,unexposed,stimulus_absolute_context,train,1.0,0.15584849421215308,0.8441515057878469
DEAP:S01:T23,DEAP:S01,T23,1,8.15,2,1,1,4,unexposed,stimulus_absolute_context,train,1.0,0.9731413856243172,0.026858614375682835
DEAP:S01:T26,DEAP:S01,T26,1,7.28,2,1,1,4,unexposed,stimulus_absolute_context,train,1.0,0.8455379760667109,0.15446202393328912
DEAP:S01:T28,DEAP:S01,T28,0,3.88,2,1,1,4,unexposed,stimulus_absolute_context,train,1.0,0.7316620688971489,0.26833793110285104
DEAP:S01:T30,DEAP:S01,T30,0,2.08,2,1,1,4,unexposed,stimulus_absolute_context,train,1.0,0.9509379795933561,0.04906202040664391
DEAP:S01:T33,DEAP:S01,T33,0,3.81,2,1,1,4,unexposed,stimulus_absolute_context,train,1.0,0.771197070716494,0.22880292928350596
DEAP:S01:T35,DEAP:S01,T35,0,2.06,2,1,1,4,unexposed,stimulus_absolute_context,train,1.0,0.8963738214600865,0.10362617853991357
DEAP:S01:T36,DEAP:S01,T36,0,2.9,2,1,1,4,unexposed,stimulus_absolute_context,train,1.0,0.8806495651351566,0.11935043486484345
DEAP:S01:T37,DEAP:S01,T37,0,2.31,2,1,1,4,unexposed,stimulus_absolute_context,train,1.0,0.869841210102302,0.13015878989769802
DEAP:S01:T39,DEAP:S01,T39,0,3.24,2,1,1,4,unexposed,stimulus_absolute_context,train,1.0,0.6794915314348628,0.32050846856513715
DEAP:S01:T40,DEAP:S01,T40,1,5.1,2,1,1,4,unexposed,stimulus_absolute_context,train,1.0,0.6480303533842044,0.3519696466157955
DEAP:S02:T02,DEAP:S02,T02,1,8.01,2,1,1,4,unexposed,stimulus_absolute_context,train,1.0,0.09747209624860842,0.9025279037513916
DEAP:S02:T07,DEAP:S02,T07,0,4.96,2,1,1,4,unexposed,stimulus_absolute_context,train,1.0,0.35237042099134686,0.6476295790086531
DEAP:S02:T09,DEAP:S02,T09,1,9.0,2,1,1,4,unexposed,stimulus_absolute_context,train,1.0,0.12960917935756067,0.8703908206424393
DEAP:S02:T17,DEAP:S02,T17,1,9.0,2,1,1,4,unexposed,stimulus_absolute_context,train,1.0,0.17949238393128042,0.8205076160687196
DEAP:S02:T19,DEAP:S02,T19,1,9.0,2,1,1,4,unexposed,stimulus_absolute_context,train,1.0,0.07868946413209699,0.921310535867903
DEAP:S02:T26,DEAP:S02,T26,1,9.0,2,1,1,4,unexposed,stimulus_absolute_context,train,1.0,0.7015192953815644,0.29848070461843557
DEAP:S02:T28,DEAP:S02,T28,0,4.06,2,1,1,4,unexposed,stimulus_absolute_context,train,1.0,0.6801548259866219,0.31984517401337803
DEAP:S02:T30,DEAP:S02,T30,0,2.01,2,1,1,4,unexposed,stimulus_absolute_context,train,1.0,0.9320339024134195,0.06796609758658045
DEAP:S02:T35,DEAP:S02,T35,0,1.99,2,1,1,4,unexposed,stimulus_absolute_context,train,1.0,0.8842763893675626,0.11572361063243743
DEAP:S02:T36,DEAP:S02,T36,1,5.04,2,1,1,4,unexposed,stimulus_absolute_context,train,1.0,0.7174097664002631,0.2825902335997369
DEAP:S02:T37,DEAP:S02,T37,0,1.0,2,1,1,4,unexposed,stimulus_absolute_context,train,1.0,0.8527233156587467,0.1472766843412533
DEAP:S02:T39,DEAP:S02,T39,0,1.0,2,1,1,4,unexposed,stimulus_absolute_context,train,1.0,0.5513870669067882,0.4486129330932118
DEAP:S02:T40,DEAP:S02,T40,1,6.05,2,1,1,4,unexposed,stimulus_absolute_context,train,1.0,0.42956035457177544,0.5704396454282246
DEAP:S03:T02,DEAP:S03,T02,1,7.21,2,1,1,4,unexposed,stimulus_absolute_context,train,1.0,0.3100207050671516,0.6899792949328484
DEAP:S03:T06,DEAP:S03,T06,1,6.79,2,1,1,4,unexposed,stimulus_absolute_context,train,1.0,0.08977258281112666,0.9102274171888733
DEAP:S03:T07,DEAP:S03,T07,1,5.45,2,1,1,4,unexposed,stimulus_absolute_context,train,1.0,0.3286622806624524,0.6713377193375476
DEAP:S03:T09,DEAP:S03,T09,1,7.33,2,1,1,4,unexposed,stimulus_absolute_context,train,1.0,0.19184638104563756,0.8081536189543624
DEAP:S03:T17,DEAP:S03,T17,0,4.56,2,1,1,4,unexposed,stimulus_absolute_context,train,1.0,0.14775453993758036,0.8522454600624196
DEAP:S03:T19,DEAP:S03,T19,1,8.14,2,1,1,4,unexposed,stimulus_absolute_context,train,1.0,0.18538609816187102,0.814613901838129
DEAP:S03:T23,DEAP:S03,T23,0,3.65,2,1,1,4,unexposed,stimulus_absolute_context,train,1.0,0.8877928914130222,0.11220710858697781
DEAP:S03:T26,DEAP:S03,T26,0,4.67,2,1,1,4,unexposed,stimulus_absolute_context,train,1.0,0.7841250713867681,0.2158749286132319
DEAP:S03:T28,DEAP:S03,T28,1,5.59,2,1,1,4,unexposed,stimulus_absolute_context,train,1.0,0.49577190330529897,0.504228096694701
DEAP:S03:T30,DEAP:S03,T30,0,3.87,2,1,1,4,unexposed,stimulus_absolute_context,train,1.0,0.9388548523478549,0.06114514765214507
DEAP:S03:T33,DEAP:S03,T33,0,4.05,2,1,1,4,unexposed,stimulus_absolute_context,train,1.0,0.536175525365329,0.463824474634671
DEAP:S03:T36,DEAP:S03,T36,1,5.01,2,1,1,4,unexposed,stimulus_absolute_context,train,1.0,0.6360824725056295,0.3639175274943704
DEAP:S03:T37,DEAP:S03,T37,0,4.92,2,1,1,4,unexposed,stimulus_absolute_context,train,1.0,0.7701668111575783,0.22983318884242165
DEAP:S03:T39,DEAP:S03,T39,0,4.33,2,1,1,4,unexposed,stimulus_absolute_context,train,1.0,0.5667912938932529,0.43320870610674705
DEAP:S03:T40,DEAP:S03,T40,1,5.38,2,1,1,4,unexposed,stimulus_absolute_context,train,1.0,0.47687332287688844,0.5231266771231116
DEAP:S04:T02,DEAP:S04,T02,0,4.06,2,1,1,4,unexposed,stimulus_absolute_context,train,1.0,0.2656732239319439,0.7343267760680561
DEAP:S04:T06,DEAP:S04,T06,1,5.01,2,1,1,4,unexposed,stimulus_absolute_context,train,1.0,0.24506628397796704,0.754933716022033
DEAP:S04:T07,DEAP:S04,T07,0,2.94,2,1,1,4,unexposed,stimulus_absolute_context,train,1.0,0.5634339174603396,0.4365660825396605
DEAP:S04:T09,DEAP:S04,T09,1,6.05,2,1,1,4,unexposed,stimulus_absolute_context,train,1.0,0.48513190614218893,0.5148680938578111
DEAP:S04:T17,DEAP:S04,T17,1,7.01,2,1,1,4,unexposed,stimulus_absolute_context,train,1.0,0.47122585140001816,0.5287741485999818
DEAP:S04:T19,DEAP:S04,T19,1,7.09,2,1,1,4,unexposed,stimulus_absolute_context,train,1.0,0.24211631709448156,0.7578836829055184
DEAP:S04:T23,DEAP:S04,T23,0,1.86,2,1,1,4,unexposed,stimulus_absolute_context,train,1.0,0.9763534281717261,0.023646571828273896
DEAP:S04:T26,DEAP:S04,T26,1,6.0,2,1,1,4,unexposed,stimulus_absolute_context,train,1.0,0.8506140048549429,0.14938599514505713
DEAP:S04:T28,DEAP:S04,T28,0,2.17,2,1,1,4,unexposed,stimulus_absolute_context,train,1.0,0.8750221563200234,0.1249778436799766
DEAP:S04:T30,DEAP:S04,T30,0,3.1,2,1,1,4,unexposed,stimulus_absolute_context,train,1.0,0.9617792822968672,0.038220717703132824
DEAP:S04:T33,DEAP:S04,T33,0,1.0,2,1,1,4,unexposed,stimulus_absolute_context,train,1.0,0.9257412365528694,0.07425876344713057
DEAP:S04:T35,DEAP:S04,T35,0,2.03,2,1,1,4,unexposed,stimulus_absolute_context,train,1.0,0.9746156988261603,0.02538430117383975
DEAP:S04:T36,DEAP:S04,T36,0,2.72,2,1,1,4,unexposed,stimulus_absolute_context,train,1.0,0.870284902114767,0.12971509788523308
DEAP:S04:T39,DEAP:S04,T39,0,1.92,2,1,1,4,unexposed,stimulus_absolute_context,train,1.0,0.9061109729248088,0.09388902707519117
DEAP:S04:T40,DEAP:S04,T40,0,1.86,2,1,1,4,unexposed,stimulus_absolute_context,train,1.0,0.779348231453601,0.22065176854639898
DEAP:S05:T02,DEAP:S05,T02,1,9.0,2,1,1,4,unexposed,stimulus_absolute_context,train,1.0,0.15216444998501266,0.8478355500149873
DEAP:S05:T06,DEAP:S05,T06,1,8.09,2,1,1,4,unexposed,stimulus_absolute_context,train,1.0,0.09747190753407775,0.9025280924659222
DEAP:S05:T07,DEAP:S05,T07,1,5.12,2,1,1,4,unexposed,stimulus_absolute_context,train,1.0,0.26974056374810096,0.730259436251899
DEAP:S05:T09,DEAP:S05,T09,1,6.94,2,1,1,4,unexposed,stimulus_absolute_context,train,1.0,0.1452399063183245,0.8547600936816755
DEAP:S05:T17,DEAP:S05,T17,1,6.88,2,1,1,4,unexposed,stimulus_absolute_context,train,1.0,0.17230849042520624,0.8276915095747938
DEAP:S05:T19,DEAP:S05,T19,1,8.03,2,1,1,4,unexposed,stimulus_absolute_context,train,1.0,0.06155596307601385,0.9384440369239861
DEAP:S05:T23,DEAP:S05,T23,0,1.0,2,1,1,4,unexposed,stimulus_absolute_context,train,1.0,0.9239562070048558,0.07604379299514419
DEAP:S05:T26,DEAP:S05,T26,1,7.96,2,1,1,4,unexposed,stimulus_absolute_context,train,1.0,0.560479133956209,0.43952086604379104
DEAP:S05:T28,DEAP:S05,T28,0,3.9,2,1,1,4,unexposed,stimulus_absolute_context,train,1.0,0.6049740317373216,0.3950259682626785
DEAP:S05:T30,DEAP:S05,T30,0,2.94,2,1,1,4,unexposed,stimulus_absolute_context,train,1.0,0.7959574875650703,0.2040425124349296
DEAP:S05:T33,DEAP:S05,T33,1,5.17,2,1,1,4,unexposed,stimulus_absolute_context,train,1.0,0.5839266464307215,0.41607335356927855
DEAP:S05:T35,DEAP:S05,T35,0,4.86,2,1,1,4,unexposed,stimulus_absolute_context,train,1.0,0.8254090820621085,0.1745909179378915
DEAP:S05:T36,DEAP:S05,T36,0,4.91,2,1,1,4,unexposed,stimulus_absolute_context,train,1.0,0.6498808721516045,0.35011912784839555
DEAP:S05:T37,DEAP:S05,T37,0,1.91,2,1,1,4,unexposed,stimulus_absolute_context,train,1.0,0.6657111235736515,0.3342888764263486
DEAP:S05:T39,DEAP:S05,T39,0,1.0,2,1,1,4,unexposed,stimulus_absolute_context,train,1.0,0.6207622525875129,0.37923774741248706
DEAP:S05:T40,DEAP:S05,T40,1,7.0,2,1,1,4,unexposed,stimulus_absolute_context,train,1.0,0.4295239236668241,0.5704760763331759
DEAP:S06:T02,DEAP:S06,T02,1,6.83,2,1,1,4,unexposed,stimulus_absolute_context,train,1.0,0.0771558114045563,0.9228441885954437
DEAP:S06:T06,DEAP:S06,T06,1,8.05,2,1,1,4,unexposed,stimulus_absolute_context,train,1.0,0.033665517488071894,0.9663344825119281
DEAP:S06:T07,DEAP:S06,T07,1,8.26,2,1,1,4,unexposed,stimulus_absolute_context,train,1.0,0.1595444880129956,0.8404555119870044
DEAP:S06:T17,DEAP:S06,T17,1,6.72,2,1,1,4,unexposed,stimulus_absolute_context,train,1.0,0.0952005428857875,0.9047994571142125
DEAP:S06:T19,DEAP:S06,T19,1,7.41,2,1,1,4,unexposed,stimulus_absolute_context,train,1.0,0.01972186757312666,0.9802781324268733
DEAP:S06:T23,DEAP:S06,T23,0,3.47,2,1,1,4,unexposed,stimulus_absolute_context,train,1.0,0.8272645052140393,0.17273549478596073
DEAP:S06:T26,DEAP:S06,T26,1,5.08,2,1,1,4,unexposed,stimulus_absolute_context,train,1.0,0.14069156303784836,0.8593084369621516
DEAP:S06:T28,DEAP:S06,T28,1,6.42,2,1,1,4,unexposed,stimulus_absolute_context,train,1.0,0.2339368014643417,0.7660631985356583
DEAP:S06:T30,DEAP:S06,T30,1,6.99,2,1,1,4,unexposed,stimulus_absolute_context,train,1.0,0.7825021416035566,0.2174978583964434
DEAP:S06:T35,DEAP:S06,T35,0,3.96,2,1,1,4,unexposed,stimulus_absolute_context,train,1.0,0.5682328063751891,0.43176719362481086
DEAP:S06:T36,DEAP:S06,T36,1,5.71,2,1,1,4,unexposed,stimulus_absolute_context,train,1.0,0.2775889710358921,0.7224110289641079
DEAP:S06:T37,DEAP:S06,T37,0,4.83,2,1,1,4,unexposed,stimulus_absolute_context,train,1.0,0.6222688427450076,0.3777311572549924
DEAP:S06:T39,DEAP:S06,T39,1,6.56,2,1,1,4,unexposed,stimulus_absolute_context,train,1.0,0.3098909981806678,0.6901090018193322
DEAP:S06:T40,DEAP:S06,T40,0,4.85,2,1,1,4,unexposed,stimulus_absolute_context,train,1.0,0.37865999408702267,0.6213400059129773
DEAP:S07:T02,DEAP:S07,T02,1,7.15,2,1,1,4,unexposed,stimulus_absolute_context,train,1.0,0.03910692006629635,0.9608930799337037
DEAP:S07:T06,DEAP:S07,T06,1,6.97,2,1,1,4,unexposed,stimulus_absolute_context,train,1.0,0.008802256180555745,0.9911977438194443
DEAP:S07:T07,DEAP:S07,T07,1,7.08,2,1,1,4,unexposed,stimulus_absolute_context,train,1.0,0.1640642551972632,0.8359357448027368
DEAP:S07:T09,DEAP:S07,T09,1,6.99,2,1,1,4,unexposed,stimulus_absolute_context,train,1.0,0.032916405549088146,0.9670835944509119
DEAP:S07:T17,DEAP:S07,T17,1,7.12,2,1,1,4,unexposed,stimulus_absolute_context,train,1.0,0.07022728654587818,0.9297727134541218
DEAP:S07:T19,DEAP:S07,T19,1,6.99,2,1,1,4,unexposed,stimulus_absolute_context,train,1.0,0.023018724153415215,0.9769812758465848
DEAP:S07:T26,DEAP:S07,T26,0,2.0,2,1,1,4,unexposed,stimulus_absolute_context,train,1.0,0.282993787609109,0.717006212390891
DEAP:S07:T30,DEAP:S07,T30,0,3.09,2,1,1,4,unexposed,stimulus_absolute_context,train,1.0,0.5586279440568778,0.44137205594312223
DEAP:S07:T35,DEAP:S07,T35,1,5.01,2,1,1,4,unexposed,stimulus_absolute_context,train,1.0,0.23980275013910324,0.7601972498608968
DEAP:S07:T36,DEAP:S07,T36,1,8.1,2,1,1,4,unexposed,stimulus_absolute_context,train,1.0,0.15814587215234122,0.8418541278476588
DEAP:S07:T37,DEAP:S07,T37,1,5.05,2,1,1,4,unexposed,stimulus_absolute_context,train,1.0,0.4845172202150041,0.5154827797849959
DEAP:S07:T39,DEAP:S07,T39,1,7.01,2,1,1,4,unexposed,stimulus_absolute_context,train,1.0,0.29467782653434205,0.705322173465658
DEAP:S07:T40,DEAP:S07,T40,1,7.01,2,1,1,4,unexposed,stimulus_absolute_context,train,1.0,0.12251673192991563,0.8774832680700844
DEAP:S08:T02,DEAP:S08,T02,1,5.04,2,1,1,4,unexposed,stimulus_absolute_context,train,1.0,0.09590021531206916,0.9040997846879308
DEAP:S08:T06,DEAP:S08,T06,1,7.4,2,1,1,4,unexposed,stimulus_absolute_context,train,1.0,0.0336793515801348,0.9663206484198652
DEAP:S08:T07,DEAP:S08,T07,1,5.04,2,1,1,4,unexposed,stimulus_absolute_context,train,1.0,0.38845375888839384,0.6115462411116062
DEAP:S08:T09,DEAP:S08,T09,1,8.78,2,1,1,4,unexposed,stimulus_absolute_context,train,1.0,0.07068967819884409,0.9293103218011559
DEAP:S08:T17,DEAP:S08,T17,1,6.67,2,1,1,4,unexposed,stimulus_absolute_context,train,1.0,0.09370785605474263,0.9062921439452574
DEAP:S08:T19,DEAP:S08,T19,1,5.04,2,1,1,4,unexposed,stimulus_absolute_context,train,1.0,0.054835952620284956,0.945164047379715
DEAP:S08:T23,DEAP:S08,T23,0,3.59,2,1,1,4,unexposed,stimulus_absolute_context,train,1.0,0.9394274641531233,0.06057253584687676
DEAP:S08:T26,DEAP:S08,T26,0,4.99,2,1,1,4,unexposed,stimulus_absolute_context,train,1.0,0.7658761483198566,0.23412385168014338
DEAP:S08:T28,DEAP:S08,T28,1,5.04,2,1,1,4,unexposed,stimulus_absolute_context,train,1.0,0.18806336411167524,0.8119366358883248
DEAP:S08:T30,DEAP:S08,T30,0,1.4,2,1,1,4,unexposed,stimulus_absolute_context,train,1.0,0.6932398955449022,0.3067601044550978
DEAP:S08:T33,DEAP:S08,T33,0,4.44,2,1,1,4,unexposed,stimulus_absolute_context,train,1.0,0.679682183636259,0.32031781636374096
DEAP:S08:T35,DEAP:S08,T35,0,3.62,2,1,1,4,unexposed,stimulus_absolute_context,train,1.0,0.6133087958567072,0.3866912041432929
DEAP:S08:T36,DEAP:S08,T36,0,1.21,2,1,1,4,unexposed,stimulus_absolute_context,train,1.0,0.7920738879346503,0.20792611206534967
DEAP:S08:T37,DEAP:S08,T37,1,5.06,2,1,1,4,unexposed,stimulus_absolute_context,train,1.0,0.7177097120962694,0.28229028790373056
DEAP:S08:T39,DEAP:S08,T39,1,5.05,2,1,1,4,unexposed,stimulus_absolute_context,train,1.0,0.42440626286947025,0.5755937371305297
DEAP:S08:T40,DEAP:S08,T40,0,3.13,2,1,1,4,unexposed,stimulus_absolute_context,train,1.0,0.5044043540253269,0.49559564597467304
DEAP:S11:T02,DEAP:S11,T02,1,5.67,2,1,1,4,unexposed,stimulus_absolute_context,train,1.0,0.19623510490211482,0.8037648950978852
DEAP:S11:T06,DEAP:S11,T06,1,5.32,2,1,1,4,unexposed,stimulus_absolute_context,train,1.0,0.07795039508507828,0.9220496049149217
DEAP:S11:T07,DEAP:S11,T07,1,6.37,2,1,1,4,unexposed,stimulus_absolute_context,train,1.0,0.3982860547897421,0.6017139452102579
DEAP:S11:T09,DEAP:S11,T09,1,7.04,2,1,1,4,unexposed,stimulus_absolute_context,train,1.0,0.14157747018265898,0.858422529817341
DEAP:S11:T17,DEAP:S11,T17,1,8.32,2,1,1,4,unexposed,stimulus_absolute_context,train,1.0,0.14751451978392138,0.8524854802160786
DEAP:S11:T19,DEAP:S11,T19,1,5.54,2,1,1,4,unexposed,stimulus_absolute_context,train,1.0,0.07791595596793555,0.9220840440320645
DEAP:S11:T23,DEAP:S11,T23,0,3.72,2,1,1,4,unexposed,stimulus_absolute_context,train,1.0,0.928520367658388,0.07147963234161203
DEAP:S11:T26,DEAP:S11,T26,1,5.49,2,1,1,4,unexposed,stimulus_absolute_context,train,1.0,0.7923354458615537,0.20766455413844628
DEAP:S11:T28,DEAP:S11,T28,0,4.26,2,1,1,4,unexposed,stimulus_absolute_context,train,1.0,0.7260341359075978,0.2739658640924022
DEAP:S11:T30,DEAP:S11,T30,0,4.58,2,1,1,4,unexposed,stimulus_absolute_context,train,1.0,0.8373223047406638,0.16267769525933617
DEAP:S11:T33,DEAP:S11,T33,1,5.64,2,1,1,4,unexposed,stimulus_absolute_context,train,1.0,0.6631074556681328,0.3368925443318672
DEAP:S11:T35,DEAP:S11,T35,0,1.23,2,1,1,4,unexposed,stimulus_absolute_context,train,1.0,0.7924237173578523,0.2075762826421476
DEAP:S11:T36,DEAP:S11,T36,0,3.62,2,1,1,4,unexposed,stimulus_absolute_context,train,1.0,0.6696868569955168,0.3303131430044832
DEAP:S11:T39,DEAP:S11,T39,0,1.0,2,1,1,4,unexposed,stimulus_absolute_context,train,1.0,0.32106121033838464,0.6789387896616154
DEAP:S11:T40,DEAP:S11,T40,0,4.95,2,1,1,4,unexposed,stimulus_absolute_context,train,1.0,0.5438256462857695,0.45617435371423054
DEAP:S14:T02,DEAP:S14,T02,1,6.05,2,1,1,4,unexposed,stimulus_absolute_context,train,1.0,0.0845361325605245,0.9154638674394755
DEAP:S14:T06,DEAP:S14,T06,1,7.19,2,1,1,4,unexposed,stimulus_absolute_context,train,1.0,0.0370164875593878,0.9629835124406122
DEAP:S14:T07,DEAP:S14,T07,1,6.85,2,1,1,4,unexposed,stimulus_absolute_context,train,1.0,0.3652603559221056,0.6347396440778944
DEAP:S14:T09,DEAP:S14,T09,1,7.69,2,1,1,4,unexposed,stimulus_absolute_context,train,1.0,0.050245049425480914,0.9497549505745191
DEAP:S14:T17,DEAP:S14,T17,1,6.06,2,1,1,4,unexposed,stimulus_absolute_context,train,1.0,0.20448349845230562,0.7955165015476944
DEAP:S14:T19,DEAP:S14,T19,1,7.55,2,1,1,4,unexposed,stimulus_absolute_context,train,1.0,0.0332383270420753,0.9667616729579247
DEAP:S14:T23,DEAP:S14,T23,0,2.41,2,1,1,4,unexposed,stimulus_absolute_context,train,1.0,0.9597653575272952,0.04023464247270476
DEAP:S14:T26,DEAP:S14,T26,0,3.28,2,1,1,4,unexposed,stimulus_absolute_context,train,1.0,0.7162881182958725,0.2837118817041275
DEAP:S14:T28,DEAP:S14,T28,0,2.53,2,1,1,4,unexposed,stimulus_absolute_context,train,1.0,0.5622292403681,0.43777075963190004
DEAP:S14:T30,DEAP:S14,T30,0,1.1,2,1,1,4,unexposed,stimulus_absolute_context,train,1.0,0.8849122744248616,0.11508772557513836
DEAP:S14:T33,DEAP:S14,T33,0,3.18,2,1,1,4,unexposed,stimulus_absolute_context,train,1.0,0.6912383308927307,0.3087616691072693
DEAP:S14:T35,DEAP:S14,T35,0,2.68,2,1,1,4,unexposed,stimulus_absolute_context,train,1.0,0.9082898377151957,0.09171016228480434
DEAP:S14:T36,DEAP:S14,T36,0,2.01,2,1,1,4,unexposed,stimulus_absolute_context,train,1.0,0.7203870020099286,0.2796129979900714
DEAP:S14:T37,DEAP:S14,T37,0,3.47,2,1,1,4,unexposed,stimulus_absolute_context,train,1.0,0.9050276054192972,0.09497239458070282
DEAP:S14:T39,DEAP:S14,T39,1,6.65,2,1,1,4,unexposed,stimulus_absolute_context,train,1.0,0.6493174497654968,0.3506825502345033
DEAP:S14:T40,DEAP:S14,T40,1,6.68,2,1,1,4,unexposed,stimulus_absolute_context,train,1.0,0.3610844746095482,0.6389155253904518
DEAP:S15:T02,DEAP:S15,T02,1,5.04,2,1,1,4,unexposed,stimulus_absolute_context,train,1.0,0.34092147572965803,0.659078524270342
DEAP:S15:T06,DEAP:S15,T06,1,9.0,2,1,1,4,unexposed,stimulus_absolute_context,train,1.0,0.052301014413489,0.947698985586511
DEAP:S15:T07,DEAP:S15,T07,1,5.04,2,1,1,4,unexposed,stimulus_absolute_context,train,1.0,0.22886269519642932,0.7711373048035707
DEAP:S15:T09,DEAP:S15,T09,1,9.0,2,1,1,4,unexposed,stimulus_absolute_context,train,1.0,0.14352424017123033,0.8564757598287697
DEAP:S15:T17,DEAP:S15,T17,1,8.1,2,1,1,4,unexposed,stimulus_absolute_context,train,1.0,0.22693255872093798,0.773067441279062
DEAP:S15:T19,DEAP:S15,T19,1,7.04,2,1,1,4,unexposed,stimulus_absolute_context,train,1.0,0.05414553322322535,0.9458544667767746
DEAP:S15:T26,DEAP:S15,T26,0,4.96,2,1,1,4,unexposed,stimulus_absolute_context,train,1.0,0.8137489801863372,0.18625101981366277
DEAP:S15:T28,DEAP:S15,T28,0,4.01,2,1,1,4,unexposed,stimulus_absolute_context,train,1.0,0.7547340945034613,0.24526590549653868
DEAP:S15:T30,DEAP:S15,T30,0,2.04,2,1,1,4,unexposed,stimulus_absolute_context,train,1.0,0.8940725816339307,0.10592741836606932
DEAP:S15:T35,DEAP:S15,T35,1,5.05,2,1,1,4,unexposed,stimulus_absolute_context,train,1.0,0.79448825451651,0.20551174548349008
DEAP:S15:T36,DEAP:S15,T36,0,3.96,2,1,1,4,unexposed,stimulus_absolute_context,train,1.0,0.734773382925046,0.265226617074954
DEAP:S15:T37,DEAP:S15,T37,0,3.04,2,1,1,4,unexposed,stimulus_absolute_context,train,1.0,0.8842912900980309,0.11570870990196915
DEAP:S15:T39,DEAP:S15,T39,0,4.0,2,1,1,4,unexposed,stimulus_absolute_context,train,1.0,0.7655737618986571,0.23442623810134283
DEAP:S15:T40,DEAP:S15,T40,0,4.01,2,1,1,4,unexposed,stimulus_absolute_context,train,1.0,0.6528841744879292,0.3471158255120708
DEAP:S16:T02,DEAP:S16,T02,1,6.45,2,1,1,4,unexposed,stimulus_absolute_context,train,1.0,0.23676284286273563,0.7632371571372644
DEAP:S16:T06,DEAP:S16,T06,0,4.99,2,1,1,4,unexposed,stimulus_absolute_context,train,1.0,0.17674916159185716,0.8232508384081428
DEAP:S16:T07,DEAP:S16,T07,1,6.83,2,1,1,4,unexposed,stimulus_absolute_context,train,1.0,0.4636675893620662,0.5363324106379338
DEAP:S16:T09,DEAP:S16,T09,0,4.18,2,1,1,4,unexposed,stimulus_absolute_context,train,1.0,0.3205794173847023,0.6794205826152977
DEAP:S16:T19,DEAP:S16,T19,0,2.86,2,1,1,4,unexposed,stimulus_absolute_context,train,1.0,0.1186803136619452,0.8813196863380548
DEAP:S16:T23,DEAP:S16,T23,0,3.9,2,1,1,4,unexposed,stimulus_absolute_context,train,1.0,0.8824642338072756,0.11753576619272448
DEAP:S16:T26,DEAP:S16,T26,0,1.82,2,1,1,4,unexposed,stimulus_absolute_context,train,1.0,0.8345689288002072,0.16543107119979286
DEAP:S16:T28,DEAP:S16,T28,0,2.85,2,1,1,4,unexposed,stimulus_absolute_context,train,1.0,0.8218432973841192,0.17815670261588076
DEAP:S16:T30,DEAP:S16,T30,1,6.1,2,1,1,4,unexposed,stimulus_absolute_context,train,1.0,0.9514985170971224,0.048501482902877646
DEAP:S16:T33,DEAP:S16,T33,0,1.0,2,1,1,4,unexposed,stimulus_absolute_context,train,1.0,0.8337711848176226,0.16622881518237748
DEAP:S16:T35,DEAP:S16,T35,0,1.0,2,1,1,4,unexposed,stimulus_absolute_context,train,1.0,0.9244184020304242,0.07558159796957573
DEAP:S16:T36,DEAP:S16,T36,1,5.05,2,1,1,4,unexposed,stimulus_absolute_context,train,1.0,0.8631217827422483,0.1368782172577517
DEAP:S16:T37,DEAP:S16,T37,1,6.09,2,1,1,4,unexposed,stimulus_absolute_context,train,1.0,0.8117992108274464,0.1882007891725536
DEAP:S16:T39,DEAP:S16,T39,1,6.13,2,1,1,4,unexposed,stimulus_absolute_context,train,1.0,0.9137335003682571,0.08626649963174296
DEAP:S16:T40,DEAP:S16,T40,0,3.74,2,1,1,4,unexposed,stimulus_absolute_context,train,1.0,0.7382087779775346,0.26179122202246535
DEAP:S17:T02,DEAP:S17,T02,1,7.26,2,1,1,4,unexposed,stimulus_absolute_context,train,1.0,0.12468285535378842,0.8753171446462116
DEAP:S17:T06,DEAP:S17,T06,1,6.9,2,1,1,4,unexposed,stimulus_absolute_context,train,1.0,0.035898405751211504,0.9641015942487885
DEAP:S17:T07,DEAP:S17,T07,1,7.08,2,1,1,4,unexposed,stimulus_absolute_context,train,1.0,0.17566282963153312,0.8243371703684669
DEAP:S17:T09,DEAP:S17,T09,1,6.04,2,1,1,4,unexposed,stimulus_absolute_context,train,1.0,0.1016009656976411,0.8983990343023589
DEAP:S17:T17,DEAP:S17,T17,0,4.12,2,1,1,4,unexposed,stimulus_absolute_context,train,1.0,0.43911748336801537,0.5608825166319846
DEAP:S17:T19,DEAP:S17,T19,1,7.27,2,1,1,4,unexposed,stimulus_absolute_context,train,1.0,0.23957374508434492,0.7604262549156551
DEAP:S17:T23,DEAP:S17,T23,0,3.62,2,1,1,4,unexposed,stimulus_absolute_context,train,1.0,0.9334894421577202,0.06651055784227981
DEAP:S17:T26,DEAP:S17,T26,0,3.73,2,1,1,4,unexposed,stimulus_absolute_context,train,1.0,0.8935076650293801,0.10649233497061998
DEAP:S17:T28,DEAP:S17,T28,1,5.64,2,1,1,4,unexposed,stimulus_absolute_context,train,1.0,0.5082948048450684,0.49170519515493155
DEAP:S17:T30,DEAP:S17,T30,0,3.04,2,1,1,4,unexposed,stimulus_absolute_context,train,1.0,0.6806571599978881,0.3193428400021119
DEAP:S17:T33,DEAP:S17,T33,0,3.83,2,1,1,4,unexposed,stimulus_absolute_context,train,1.0,0.7812811162031988,0.21871888379680118
DEAP:S17:T35,DEAP:S17,T35,0,4.17,2,1,1,4,unexposed,stimulus_absolute_context,train,1.0,0.9019457464734313,0.09805425352656877
DEAP:S17:T36,DEAP:S17,T36,0,3.37,2,1,1,4,unexposed,stimulus_absolute_context,train,1.0,0.7821812317336607,0.21781876826633922
DEAP:S17:T37,DEAP:S17,T37,0,3.46,2,1,1,4,unexposed,stimulus_absolute_context,train,1.0,0.9497812805501883,0.0502187194498117
DEAP:S17:T39,DEAP:S17,T39,1,7.1,2,1,1,4,unexposed,stimulus_absolute_context,train,1.0,0.4786016356340381,0.5213983643659619
DEAP:S17:T40,DEAP:S17,T40,1,5.04,2,1,1,4,unexposed,stimulus_absolute_context,train,1.0,0.3401121833352664,0.6598878166647336
DEAP:S19:T02,DEAP:S19,T02,1,6.46,2,1,1,4,unexposed,stimulus_absolute_context,train,1.0,0.23655662360608543,0.7634433763939146
DEAP:S19:T06,DEAP:S19,T06,1,7.73,2,1,1,4,unexposed,stimulus_absolute_context,train,1.0,0.05635174962631162,0.9436482503736884
DEAP:S19:T07,DEAP:S19,T07,1,6.64,2,1,1,4,unexposed,stimulus_absolute_context,train,1.0,0.25033176346745767,0.7496682365325423
DEAP:S19:T09,DEAP:S19,T09,1,7.09,2,1,1,4,unexposed,stimulus_absolute_context,train,1.0,0.16744969996452874,0.8325503000354713
DEAP:S19:T17,DEAP:S19,T17,1,7.38,2,1,1,4,unexposed,stimulus_absolute_context,train,1.0,0.19722556251287238,0.8027744374871276
DEAP:S19:T19,DEAP:S19,T19,1,7.65,2,1,1,4,unexposed,stimulus_absolute_context,train,1.0,0.03371830538752851,0.9662816946124715
DEAP:S19:T26,DEAP:S19,T26,0,4.95,2,1,1,4,unexposed,stimulus_absolute_context,train,1.0,0.7024963134537812,0.29750368654621884
DEAP:S19:T28,DEAP:S19,T28,1,6.21,2,1,1,4,unexposed,stimulus_absolute_context,train,1.0,0.3348556231050043,0.6651443768949957
DEAP:S19:T30,DEAP:S19,T30,0,2.85,2,1,1,4,unexposed,stimulus_absolute_context,train,1.0,0.934414840963758,0.065585159036242
DEAP:S19:T33,DEAP:S19,T33,0,3.4,2,1,1,4,unexposed,stimulus_absolute_context,train,1.0,0.6224974858474059,0.37750251415259406
DEAP:S19:T36,DEAP:S19,T36,0,3.71,2,1,1,4,unexposed,stimulus_absolute_context,train,1.0,0.5864953898225767,0.4135046101774233
DEAP:S19:T37,DEAP:S19,T37,0,3.15,2,1,1,4,unexposed,stimulus_absolute_context,train,1.0,0.7454314585273507,0.2545685414726493
DEAP:S19:T39,DEAP:S19,T39,1,5.04,2,1,1,4,unexposed,stimulus_absolute_context,train,1.0,0.6686599948070617,0.3313400051929383
DEAP:S19:T40,DEAP:S19,T40,0,4.24,2,1,1,4,unexposed,stimulus_absolute_context,train,1.0,0.5952635577945549,0.40473644220544513
DEAP:S20:T02,DEAP:S20,T02,1,6.77,2,1,1,4,unexposed,stimulus_absolute_context,train,1.0,0.2135362022585725,0.7864637977414275
DEAP:S20:T06,DEAP:S20,T06,1,7.62,2,1,1,4,unexposed,stimulus_absolute_context,train,1.0,0.10283053823372923,0.8971694617662708
DEAP:S20:T07,DEAP:S20,T07,1,5.27,2,1,1,4,unexposed,stimulus_absolute_context,train,1.0,0.3152508672962504,0.6847491327037496
DEAP:S20:T09,DEAP:S20,T09,1,8.22,2,1,1,4,unexposed,stimulus_absolute_context,train,1.0,0.11740413978022579,0.8825958602197742
DEAP:S20:T17,DEAP:S20,T17,1,5.04,2,1,1,4,unexposed,stimulus_absolute_context,train,1.0,0.2522203990307669,0.7477796009692331
DEAP:S20:T19,DEAP:S20,T19,1,7.59,2,1,1,4,unexposed,stimulus_absolute_context,train,1.0,0.07037740701254092,0.9296225929874591
DEAP:S20:T23,DEAP:S20,T23,0,2.82,2,1,1,4,unexposed,stimulus_absolute_context,train,1.0,0.9010223235772474,0.0989776764227526
DEAP:S20:T26,DEAP:S20,T26,0,4.31,2,1,1,4,unexposed,stimulus_absolute_context,train,1.0,0.6381715848255995,0.3618284151744004
DEAP:S20:T28,DEAP:S20,T28,1,5.01,2,1,1,4,unexposed,stimulus_absolute_context,train,1.0,0.49177497702446704,0.508225022975533
DEAP:S20:T30,DEAP:S20,T30,0,3.49,2,1,1,4,unexposed,stimulus_absolute_context,train,1.0,0.9134684058549676,0.08653159414503239
DEAP:S20:T33,DEAP:S20,T33,0,4.64,2,1,1,4,unexposed,stimulus_absolute_context,train,1.0,0.7423062710341108,0.25769372896588916
DEAP:S20:T36,DEAP:S20,T36,0,4.29,2,1,1,4,unexposed,stimulus_absolute_context,train,1.0,0.7313733081665723,0.2686266918334277
DEAP:S20:T37,DEAP:S20,T37,0,3.01,2,1,1,4,unexposed,stimulus_absolute_context,train,1.0,0.8274011272478914,0.17259887275210864
DEAP:S20:T39,DEAP:S20,T39,0,4.67,2,1,1,4,unexposed,stimulus_absolute_context,train,1.0,0.6534252290140219,0.34657477098597816
DEAP:S21:T02,DEAP:S21,T02,1,7.05,2,1,1,4,unexposed,stimulus_absolute_context,train,1.0,0.11671281923863064,0.8832871807613694
DEAP:S21:T06,DEAP:S21,T06,1,7.92,2,1,1,4,unexposed,stimulus_absolute_context,train,1.0,0.07181469019036013,0.9281853098096399
DEAP:S21:T07,DEAP:S21,T07,1,7.05,2,1,1,4,unexposed,stimulus_absolute_context,train,1.0,0.2873671205990267,0.7126328794009733
DEAP:S21:T09,DEAP:S21,T09,1,8.56,2,1,1,4,unexposed,stimulus_absolute_context,train,1.0,0.09701236549591197,0.902987634504088
DEAP:S21:T17,DEAP:S21,T17,1,5.53,2,1,1,4,unexposed,stimulus_absolute_context,train,1.0,0.13632167979853893,0.8636783202014611
DEAP:S21:T19,DEAP:S21,T19,1,7.26,2,1,1,4,unexposed,stimulus_absolute_context,train,1.0,0.019017039343813935,0.9809829606561861
DEAP:S21:T23,DEAP:S21,T23,0,4.69,2,1,1,4,unexposed,stimulus_absolute_context,train,1.0,0.8210944262226951,0.17890557377730484
DEAP:S21:T26,DEAP:S21,T26,0,4.06,2,1,1,4,unexposed,stimulus_absolute_context,train,1.0,0.6312801805245161,0.36871981947548393
DEAP:S21:T28,DEAP:S21,T28,0,3.04,2,1,1,4,unexposed,stimulus_absolute_context,train,1.0,0.5192437655554769,0.48075623444452315
DEAP:S21:T30,DEAP:S21,T30,0,3.45,2,1,1,4,unexposed,stimulus_absolute_context,train,1.0,0.939386322915894,0.06061367708410602
DEAP:S21:T33,DEAP:S21,T33,1,7.03,2,1,1,4,unexposed,stimulus_absolute_context,train,1.0,0.6218671488024372,0.37813285119756285
DEAP:S21:T35,DEAP:S21,T35,0,4.92,2,1,1,4,unexposed,stimulus_absolute_context,train,1.0,0.7203623090787687,0.2796376909212312
DEAP:S21:T36,DEAP:S21,T36,1,6.88,2,1,1,4,unexposed,stimulus_absolute_context,train,1.0,0.6293765788679043,0.3706234211320957
DEAP:S21:T37,DEAP:S21,T37,0,3.04,2,1,1,4,unexposed,stimulus_absolute_context,train,1.0,0.8896813955619218,0.11031860443807813
DEAP:S21:T39,DEAP:S21,T39,1,6.09,2,1,1,4,unexposed,stimulus_absolute_context,train,1.0,0.3920030086789418,0.6079969913210582
DEAP:S21:T40,DEAP:S21,T40,0,3.99,2,1,1,4,unexposed,stimulus_absolute_context,train,1.0,0.5632472180170273,0.43675278198297274
DEAP:S23:T02,DEAP:S23,T02,1,9.0,2,1,1,4,unexposed,stimulus_absolute_context,train,1.0,0.15585639041853372,0.8441436095814663
DEAP:S23:T06,DEAP:S23,T06,1,5.09,2,1,1,4,unexposed,stimulus_absolute_context,train,1.0,0.04467398588683702,0.955326014113163
DEAP:S23:T07,DEAP:S23,T07,1,8.94,2,1,1,4,unexposed,stimulus_absolute_context,train,1.0,0.15193185706188628,0.8480681429381137
DEAP:S23:T09,DEAP:S23,T09,1,7.03,2,1,1,4,unexposed,stimulus_absolute_context,train,1.0,0.048535208513513894,0.9514647914864861
DEAP:S23:T19,DEAP:S23,T19,1,8.15,2,1,1,4,unexposed,stimulus_absolute_context,train,1.0,0.02773365701211894,0.9722663429878811
DEAP:S23:T23,DEAP:S23,T23,0,4.17,2,1,1,4,unexposed,stimulus_absolute_context,train,1.0,0.7867907264516673,0.21320927354833272
DEAP:S23:T26,DEAP:S23,T26,1,8.27,2,1,1,4,unexposed,stimulus_absolute_context,train,1.0,0.44527778921256667,0.5547222107874333
DEAP:S23:T28,DEAP:S23,T28,1,5.04,2,1,1,4,unexposed,stimulus_absolute_context,train,1.0,0.3526182358425294,0.6473817641574706
DEAP:S23:T30,DEAP:S23,T30,0,3.88,2,1,1,4,unexposed,stimulus_absolute_context,train,1.0,0.7920074727217232,0.2079925272782768
DEAP:S23:T33,DEAP:S23,T33,1,5.04,2,1,1,4,unexposed,stimulus_absolute_context,train,1.0,0.5132864334205676,0.4867135665794324
DEAP:S23:T35,DEAP:S23,T35,1,5.18,2,1,1,4,unexposed,stimulus_absolute_context,train,1.0,0.7342858643186916,0.2657141356813084
DEAP:S23:T36,DEAP:S23,T36,0,4.92,2,1,1,4,unexposed,stimulus_absolute_context,train,1.0,0.5654320635028507,0.43456793649714937
DEAP:S23:T37,DEAP:S23,T37,0,4.31,2,1,1,4,unexposed,stimulus_absolute_context,train,1.0,0.5806894454094027,0.41931055459059735
DEAP:S23:T40,DEAP:S23,T40,0,4.88,2,1,1,4,unexposed,stimulus_absolute_context,train,1.0,0.29061957395029014,0.7093804260497099
DEAP:S24:T02,DEAP:S24,T02,1,6.04,2,1,1,4,unexposed,stimulus_absolute_context,train,1.0,0.2579278247208048,0.7420721752791952
DEAP:S24:T06,DEAP:S24,T06,1,5.96,2,1,1,4,unexposed,stimulus_absolute_context,train,1.0,0.16803463266700125,0.8319653673329988
DEAP:S24:T07,DEAP:S24,T07,0,3.04,2,1,1,4,unexposed,stimulus_absolute_context,train,1.0,0.5882255270643142,0.41177447293568575
DEAP:S24:T09,DEAP:S24,T09,1,7.08,2,1,1,4,unexposed,stimulus_absolute_context,train,1.0,0.17263786920802704,0.827362130791973
DEAP:S24:T19,DEAP:S24,T19,1,7.03,2,1,1,4,unexposed,stimulus_absolute_context,train,1.0,0.10152727201311129,0.8984727279868887
DEAP:S24:T23,DEAP:S24,T23,0,1.0,2,1,1,4,unexposed,stimulus_absolute_context,train,1.0,0.9430951365048422,0.05690486349515775
DEAP:S24:T26,DEAP:S24,T26,0,4.05,2,1,1,4,unexposed,stimulus_absolute_context,train,1.0,0.7852420694526634,0.21475793054733666
DEAP:S24:T28,DEAP:S24,T28,0,4.03,2,1,1,4,unexposed,stimulus_absolute_context,train,1.0,0.6814849999832705,0.3185150000167295
DEAP:S24:T30,DEAP:S24,T30,0,1.0,2,1,1,4,unexposed,stimulus_absolute_context,train,1.0,0.9361072258525812,0.06389277414741874
DEAP:S24:T33,DEAP:S24,T33,1,5.01,2,1,1,4,unexposed,stimulus_absolute_context,train,1.0,0.8723902311310147,0.1276097688689853
DEAP:S24:T35,DEAP:S24,T35,0,4.05,2,1,1,4,unexposed,stimulus_absolute_context,train,1.0,0.8398527433521025,0.16014725664789753
DEAP:S24:T36,DEAP:S24,T36,0,4.0,2,1,1,4,unexposed,stimulus_absolute_context,train,1.0,0.8535671358489424,0.1464328641510576
DEAP:S24:T39,DEAP:S24,T39,0,2.12,2,1,1,4,unexposed,stimulus_absolute_context,train,1.0,0.8085680216620252,0.19143197833797476
DEAP:S25:T02,DEAP:S25,T02,0,2.99,2,1,1,4,unexposed,stimulus_absolute_context,train,1.0,0.33603310281288645,0.6639668971871135
DEAP:S25:T07,DEAP:S25,T07,1,6.08,2,1,1,4,unexposed,stimulus_absolute_context,train,1.0,0.4182810612850911,0.5817189387149089
DEAP:S25:T09,DEAP:S25,T09,1,8.09,2,1,1,4,unexposed,stimulus_absolute_context,train,1.0,0.04167700190474788,0.9583229980952521
DEAP:S25:T17,DEAP:S25,T17,1,5.04,2,1,1,4,unexposed,stimulus_absolute_context,train,1.0,0.11913593398547506,0.8808640660145249
DEAP:S25:T19,DEAP:S25,T19,1,7.06,2,1,1,4,unexposed,stimulus_absolute_context,train,1.0,0.2120785097269332,0.7879214902730668
DEAP:S25:T23,DEAP:S25,T23,0,2.01,2,1,1,4,unexposed,stimulus_absolute_context,train,1.0,0.904526308867058,0.09547369113294199
DEAP:S25:T26,DEAP:S25,T26,0,4.99,2,1,1,4,unexposed,stimulus_absolute_context,train,1.0,0.8548510213125288,0.14514897868747126
DEAP:S25:T28,DEAP:S25,T28,1,5.01,2,1,1,4,unexposed,stimulus_absolute_context,train,1.0,0.8488352594878475,0.15116474051215242
DEAP:S25:T30,DEAP:S25,T30,0,4.03,2,1,1,4,unexposed,stimulus_absolute_context,train,1.0,0.9222974868023142,0.07770251319768584
DEAP:S25:T33,DEAP:S25,T33,0,1.94,2,1,1,4,unexposed,stimulus_absolute_context,train,1.0,0.7417144393781183,0.25828556062188174
DEAP:S25:T35,DEAP:S25,T35,0,3.03,2,1,1,4,unexposed,stimulus_absolute_context,train,1.0,0.9556886421376064,0.044311357862393576
DEAP:S25:T37,DEAP:S25,T37,0,1.0,2,1,1,4,unexposed,stimulus_absolute_context,train,1.0,0.932029917904395,0.067970082095605
DEAP:S25:T40,DEAP:S25,T40,0,1.0,2,1,1,4,unexposed,stimulus_absolute_context,train,1.0,0.8922125424975359,0.10778745750246407
DEAP:S27:T02,DEAP:S27,T02,1,7.0,2,1,1,4,unexposed,stimulus_absolute_context,train,1.0,0.021915541435673536,0.9780844585643265
DEAP:S27:T07,DEAP:S27,T07,0,4.94,2,1,1,4,unexposed,stimulus_absolute_context,train,1.0,0.20184974733959604,0.798150252660404
DEAP:S27:T09,DEAP:S27,T09,1,8.99,2,1,1,4,unexposed,stimulus_absolute_context,train,1.0,0.04656609022928615,0.9534339097707138
DEAP:S27:T17,DEAP:S27,T17,1,9.0,2,1,1,4,unexposed,stimulus_absolute_context,train,1.0,0.10087937663272761,0.8991206233672724
DEAP:S27:T19,DEAP:S27,T19,1,5.06,2,1,1,4,unexposed,stimulus_absolute_context,train,1.0,0.017623087770480717,0.9823769122295193
DEAP:S27:T23,DEAP:S27,T23,1,8.0,2,1,1,4,unexposed,stimulus_absolute_context,train,1.0,0.790825652369934,0.209174347630066
DEAP:S27:T28,DEAP:S27,T28,1,5.04,2,1,1,4,unexposed,stimulus_absolute_context,train,1.0,0.39586770760272494,0.6041322923972751
DEAP:S27:T30,DEAP:S27,T30,1,7.08,2,1,1,4,unexposed,stimulus_absolute_context,train,1.0,0.7672855793711739,0.23271442062882608
DEAP:S27:T33,DEAP:S27,T33,1,5.04,2,1,1,4,unexposed,stimulus_absolute_context,train,1.0,0.3865049420452946,0.6134950579547054
DEAP:S27:T35,DEAP:S27,T35,0,1.0,2,1,1,4,unexposed,stimulus_absolute_context,train,1.0,0.4414088723250478,0.5585911276749522
DEAP:S27:T36,DEAP:S27,T36,1,6.13,2,1,1,4,unexposed,stimulus_absolute_context,train,1.0,0.3716022713614413,0.6283977286385587
DEAP:S27:T37,DEAP:S27,T37,0,2.99,2,1,1,4,unexposed,stimulus_absolute_context,train,1.0,0.5420870706464036,0.4579129293535964
DEAP:S27:T39,DEAP:S27,T39,0,2.14,2,1,1,4,unexposed,stimulus_absolute_context,train,1.0,0.4469256955310059,0.5530743044689941
DEAP:S27:T40,DEAP:S27,T40,1,5.04,2,1,1,4,unexposed,stimulus_absolute_context,train,1.0,0.11198401443126849,0.8880159855687315
DEAP:S28:T02,DEAP:S28,T02,1,7.99,2,1,1,4,unexposed,stimulus_absolute_context,train,1.0,0.22340220061972993,0.7765977993802701
DEAP:S28:T06,DEAP:S28,T06,1,8.15,2,1,1,4,unexposed,stimulus_absolute_context,train,1.0,0.08520386563178528,0.9147961343682147
DEAP:S28:T07,DEAP:S28,T07,1,8.09,2,1,1,4,unexposed,stimulus_absolute_context,train,1.0,0.4245987060232328,0.5754012939767672
DEAP:S28:T09,DEAP:S28,T09,1,5.04,2,1,1,4,unexposed,stimulus_absolute_context,train,1.0,0.07986773685576798,0.920132263144232
DEAP:S28:T17,DEAP:S28,T17,1,6.99,2,1,1,4,unexposed,stimulus_absolute_context,train,1.0,0.07410168502717718,0.9258983149728228
DEAP:S28:T19,DEAP:S28,T19,1,7.03,2,1,1,4,unexposed,stimulus_absolute_context,train,1.0,0.04947252521132317,0.9505274747886768
DEAP:S28:T26,DEAP:S28,T26,0,1.99,2,1,1,4,unexposed,stimulus_absolute_context,train,1.0,0.5094092524124597,0.4905907475875403
DEAP:S28:T30,DEAP:S28,T30,0,1.99,2,1,1,4,unexposed,stimulus_absolute_context,train,1.0,0.7644233379213278,0.2355766620786722
DEAP:S28:T33,DEAP:S28,T33,1,7.01,2,1,1,4,unexposed,stimulus_absolute_context,train,1.0,0.4787176129815083,0.5212823870184917
DEAP:S28:T35,DEAP:S28,T35,0,1.08,2,1,1,4,unexposed,stimulus_absolute_context,train,1.0,0.6849964185654294,0.31500358143457063
DEAP:S28:T36,DEAP:S28,T36,0,3.08,2,1,1,4,unexposed,stimulus_absolute_context,train,1.0,0.5322437163021945,0.4677562836978056
DEAP:S28:T40,DEAP:S28,T40,1,7.1,2,1,1,4,unexposed,stimulus_absolute_context,train,1.0,0.36006015233455024,0.6399398476654498
DEAP:S29:T02,DEAP:S29,T02,1,7.05,2,1,1,4,unexposed,stimulus_absolute_context,train,1.0,0.025454362211620896,0.9745456377883791
DEAP:S29:T06,DEAP:S29,T06,1,8.03,2,1,1,4,unexposed,stimulus_absolute_context,train,1.0,0.014521552841479157,0.9854784471585208
DEAP:S29:T07,DEAP:S29,T07,1,7.04,2,1,1,4,unexposed,stimulus_absolute_context,train,1.0,0.11747541345494339,0.8825245865450566
DEAP:S29:T09,DEAP:S29,T09,1,7.06,2,1,1,4,unexposed,stimulus_absolute_context,train,1.0,0.07542668251344231,0.9245733174865577
DEAP:S29:T17,DEAP:S29,T17,1,5.08,2,1,1,4,unexposed,stimulus_absolute_context,train,1.0,0.06130986719898879,0.9386901328010112
DEAP:S29:T19,DEAP:S29,T19,1,7.05,2,1,1,4,unexposed,stimulus_absolute_context,train,1.0,0.009009957077805941,0.9909900429221941
DEAP:S29:T26,DEAP:S29,T26,0,3.0,2,1,1,4,unexposed,stimulus_absolute_context,train,1.0,0.5269667329053128,0.4730332670946872
DEAP:S29:T30,DEAP:S29,T30,0,2.95,2,1,1,4,unexposed,stimulus_absolute_context,train,1.0,0.7592183763482436,0.24078162365175637
DEAP:S29:T33,DEAP:S29,T33,0,1.99,2,1,1,4,unexposed,stimulus_absolute_context,train,1.0,0.5210863618439956,0.47891363815600446
DEAP:S29:T35,DEAP:S29,T35,0,1.92,2,1,1,4,unexposed,stimulus_absolute_context,train,1.0,0.6248065844893842,0.37519341551061575
DEAP:S29:T36,DEAP:S29,T36,1,5.03,2,1,1,4,unexposed,stimulus_absolute_context,train,1.0,0.6701438470851588,0.32985615291484116
DEAP:S29:T37,DEAP:S29,T37,1,5.01,2,1,1,4,unexposed,stimulus_absolute_context,train,1.0,0.5868515402306302,0.4131484597693698
DEAP:S29:T39,DEAP:S29,T39,1,6.05,2,1,1,4,unexposed,stimulus_absolute_context,train,1.0,0.2865076273398002,0.7134923726601998
DEAP:S29:T40,DEAP:S29,T40,1,6.01,2,1,1,4,unexposed,stimulus_absolute_context,train,1.0,0.22542902319207958,0.7745709768079204
DEAP:S30:T02,DEAP:S30,T02,1,7.15,2,1,1,4,unexposed,stimulus_absolute_context,train,1.0,0.0971838233186314,0.9028161766813686
DEAP:S30:T06,DEAP:S30,T06,1,6.22,2,1,1,4,unexposed,stimulus_absolute_context,train,1.0,0.03033117638549332,0.9696688236145067
DEAP:S30:T07,DEAP:S30,T07,0,4.05,2,1,1,4,unexposed,stimulus_absolute_context,train,1.0,0.21707301939523005,0.78292698060477
DEAP:S30:T09,DEAP:S30,T09,1,7.08,2,1,1,4,unexposed,stimulus_absolute_context,train,1.0,0.07286091497505176,0.9271390850249482
DEAP:S30:T17,DEAP:S30,T17,1,7.13,2,1,1,4,unexposed,stimulus_absolute_context,train,1.0,0.0546203035940106,0.9453796964059894
DEAP:S30:T19,DEAP:S30,T19,1,8.27,2,1,1,4,unexposed,stimulus_absolute_context,train,1.0,0.039816548923645834,0.9601834510763542
DEAP:S30:T23,DEAP:S30,T23,0,3.0,2,1,1,4,unexposed,stimulus_absolute_context,train,1.0,0.8645190508454997,0.13548094915450026
DEAP:S30:T26,DEAP:S30,T26,1,5.01,2,1,1,4,unexposed,stimulus_absolute_context,train,1.0,0.476621356550583,0.523378643449417
DEAP:S30:T28,DEAP:S30,T28,1,5.06,2,1,1,4,unexposed,stimulus_absolute_context,train,1.0,0.44527444180036657,0.5547255581996334
DEAP:S30:T30,DEAP:S30,T30,0,4.04,2,1,1,4,unexposed,stimulus_absolute_context,train,1.0,0.6713821752742105,0.3286178247257895
DEAP:S30:T33,DEAP:S30,T33,0,3.91,2,1,1,4,unexposed,stimulus_absolute_context,train,1.0,0.6096397384589145,0.39036026154108555
DEAP:S30:T35,DEAP:S30,T35,1,5.04,2,1,1,4,unexposed,stimulus_absolute_context,train,1.0,0.7945393888289257,0.2054606111710743
DEAP:S30:T36,DEAP:S30,T36,0,4.03,2,1,1,4,unexposed,stimulus_absolute_context,train,1.0,0.5944849629918382,0.4055150370081618
DEAP:S30:T40,DEAP:S30,T40,1,5.05,2,1,1,4,unexposed,stimulus_absolute_context,train,1.0,0.36154310337739337,0.6384568966226066
DEAP:S32:T02,DEAP:S32,T02,0,4.99,2,1,1,4,unexposed,stimulus_absolute_context,train,1.0,0.3181475117765865,0.6818524882234135
DEAP:S32:T06,DEAP:S32,T06,1,5.78,2,1,1,4,unexposed,stimulus_absolute_context,train,1.0,0.1433034019682502,0.8566965980317498
DEAP:S32:T07,DEAP:S32,T07,0,4.94,2,1,1,4,unexposed,stimulus_absolute_context,train,1.0,0.5122502189061127,0.4877497810938873
DEAP:S32:T09,DEAP:S32,T09,1,7.86,2,1,1,4,unexposed,stimulus_absolute_context,train,1.0,0.13972044252411586,0.8602795574758841
DEAP:S32:T17,DEAP:S32,T17,1,6.09,2,1,1,4,unexposed,stimulus_absolute_context,train,1.0,0.3255978005993222,0.6744021994006778
DEAP:S32:T19,DEAP:S32,T19,1,8.24,2,1,1,4,unexposed,stimulus_absolute_context,train,1.0,0.0685989864373222,0.9314010135626778
DEAP:S32:T23,DEAP:S32,T23,0,3.01,2,1,1,4,unexposed,stimulus_absolute_context,train,1.0,0.9165168733183178,0.08348312668168226
DEAP:S32:T26,DEAP:S32,T26,1,5.14,2,1,1,4,unexposed,stimulus_absolute_context,train,1.0,0.557153285748063,0.442846714251937
DEAP:S32:T28,DEAP:S32,T28,1,6.03,2,1,1,4,unexposed,stimulus_absolute_context,train,1.0,0.46937636141406025,0.5306236385859397
DEAP:S32:T30,DEAP:S32,T30,0,1.0,2,1,1,4,unexposed,stimulus_absolute_context,train,1.0,0.9779067666350608,0.022093233364939163
DEAP:S32:T33,DEAP:S32,T33,0,4.06,2,1,1,4,unexposed,stimulus_absolute_context,train,1.0,0.888676025051446,0.1113239749485539
DEAP:S32:T35,DEAP:S32,T35,0,3.88,2,1,1,4,unexposed,stimulus_absolute_context,train,1.0,0.9006342613895834,0.09936573861041663
DEAP:S32:T36,DEAP:S32,T36,0,3.91,2,1,1,4,unexposed,stimulus_absolute_context,train,1.0,0.8277013259602998,0.17229867403970023
DEAP:S32:T39,DEAP:S32,T39,0,3.99,2,1,1,4,unexposed,stimulus_absolute_context,train,1.0,0.8213681296037674,0.1786318703962326
DEAP:S32:T40,DEAP:S32,T40,1,7.15,2,1,1,4,unexposed,stimulus_absolute_context,train,1.0,0.8106720691986506,0.18932793080134933
DEAP:S10:T13,DEAP:S10,T13,1,6.72,2,1,1,4,unexposed,stimulus_absolute_context,validation_unseen,1.0,0.0041291992949189504,0.995870800705081
DEAP:S10:T14,DEAP:S10,T14,1,8.81,2,1,1,4,unexposed,stimulus_absolute_context,validation_unseen,1.0,0.002269419280492402,0.9977305807195076
DEAP:S10:T15,DEAP:S10,T15,1,5.31,2,1,1,4,unexposed,stimulus_absolute_context,validation_unseen,1.0,0.0065723775404468165,0.9934276224595532
DEAP:S10:T16,DEAP:S10,T16,0,3.85,2,1,1,4,unexposed,stimulus_absolute_context,validation_unseen,1.0,0.005738195968524429,0.9942618040314756
DEAP:S10:T20,DEAP:S10,T20,1,5.58,2,1,1,4,unexposed,stimulus_absolute_context,validation_unseen,1.0,0.0072772871171420395,0.992722712882858
DEAP:S10:T21,DEAP:S10,T21,0,2.97,2,1,1,4,unexposed,stimulus_absolute_context,validation_unseen,1.0,0.002161268443416131,0.9978387315565839
DEAP:S10:T27,DEAP:S10,T27,0,4.94,2,1,1,4,unexposed,stimulus_absolute_context,validation_unseen,1.0,0.003780258919982127,0.9962197410800179
DEAP:S10:T38,DEAP:S10,T38,0,1.91,2,1,1,4,unexposed,stimulus_absolute_context,validation_unseen,1.0,0.0031208978040232482,0.9968791021959768
DEAP:S12:T13,DEAP:S12,T13,1,7.99,2,1,1,4,unexposed,stimulus_absolute_context,validation_unseen,1.0,0.13379767976375756,0.8662023202362424
DEAP:S12:T14,DEAP:S12,T14,1,8.15,2,1,1,4,unexposed,stimulus_absolute_context,validation_unseen,1.0,0.06716448267619635,0.9328355173238037
DEAP:S12:T15,DEAP:S12,T15,1,7.08,2,1,1,4,unexposed,stimulus_absolute_context,validation_unseen,1.0,0.1617833827205728,0.8382166172794272
DEAP:S12:T16,DEAP:S12,T16,1,5.04,2,1,1,4,unexposed,stimulus_absolute_context,validation_unseen,1.0,0.1292804120722797,0.8707195879277203
DEAP:S12:T20,DEAP:S12,T20,1,7.35,2,1,1,4,unexposed,stimulus_absolute_context,validation_unseen,1.0,0.07059949750548566,0.9294005024945143
DEAP:S12:T21,DEAP:S12,T21,0,2.13,2,1,1,4,unexposed,stimulus_absolute_context,validation_unseen,1.0,0.07934370301912264,0.9206562969808774
DEAP:S12:T27,DEAP:S12,T27,1,5.05,2,1,1,4,unexposed,stimulus_absolute_context,validation_unseen,1.0,0.16708252526840828,0.8329174747315917
DEAP:S12:T38,DEAP:S12,T38,0,2.85,2,1,1,4,unexposed,stimulus_absolute_context,validation_unseen,1.0,0.08142537690413187,0.9185746230958681
DEAP:S22:T13,DEAP:S22,T13,1,7.01,2,1,1,4,unexposed,stimulus_absolute_context,validation_unseen,1.0,0.03925703400710567,0.9607429659928943
DEAP:S22:T14,DEAP:S22,T14,1,8.05,2,1,1,4,unexposed,stimulus_absolute_context,validation_unseen,1.0,0.07113245816578795,0.928867541834212
DEAP:S22:T16,DEAP:S22,T16,1,6.06,2,1,1,4,unexposed,stimulus_absolute_context,validation_unseen,1.0,0.06471666543771992,0.9352833345622801
DEAP:S22:T20,DEAP:S22,T20,1,7.08,2,1,1,4,unexposed,stimulus_absolute_context,validation_unseen,1.0,0.05807483346194331,0.9419251665380567
DEAP:S22:T21,DEAP:S22,T21,0,2.97,2,1,1,4,unexposed,stimulus_absolute_context,validation_unseen,1.0,0.06570665746775184,0.9342933425322482
DEAP:S22:T27,DEAP:S22,T27,1,7.06,2,1,1,4,unexposed,stimulus_absolute_context,validation_unseen,1.0,0.04504183609046941,0.9549581639095306
DEAP:S22:T38,DEAP:S22,T38,0,1.0,2,1,1,4,unexposed,stimulus_absolute_context,validation_unseen,1.0,0.04906103576290077,0.9509389642370992
DEAP:S26:T13,DEAP:S26,T13,1,7.12,2,1,1,4,unexposed,stimulus_absolute_context,validation_unseen,1.0,0.8681311301968473,0.13186886980315274
DEAP:S26:T14,DEAP:S26,T14,1,9.0,2,1,1,4,unexposed,stimulus_absolute_context,validation_unseen,1.0,0.8867512016578928,0.1132487983421072
DEAP:S26:T15,DEAP:S26,T15,1,7.01,2,1,1,4,unexposed,stimulus_absolute_context,validation_unseen,1.0,0.8379629874286216,0.1620370125713783
DEAP:S26:T16,DEAP:S26,T16,1,6.19,2,1,1,4,unexposed,stimulus_absolute_context,validation_unseen,1.0,0.8929879433875333,0.10701205661246672
DEAP:S26:T20,DEAP:S26,T20,1,8.08,2,1,1,4,unexposed,stimulus_absolute_context,validation_unseen,1.0,0.8668825466460763,0.13311745335392364
DEAP:S26:T21,DEAP:S26,T21,1,6.06,2,1,1,4,unexposed,stimulus_absolute_context,validation_unseen,1.0,0.859235389216052,0.140764610783948
DEAP:S26:T27,DEAP:S26,T27,1,6.0,2,1,1,4,unexposed,stimulus_absolute_context,validation_unseen,1.0,0.8719838790924658,0.1280161209075342
DEAP:S26:T38,DEAP:S26,T38,0,1.15,2,1,1,4,unexposed,stimulus_absolute_context,validation_unseen,1.0,0.8316255087359573,0.16837449126404272
DEAP:S10:T02,DEAP:S10,T02,0,3.55,2,1,1,4,unexposed,stimulus_absolute_context,validation_familiar,1.0,0.0008015821899126641,0.9991984178100873
DEAP:S10:T06,DEAP:S10,T06,1,7.1,2,1,1,4,unexposed,stimulus_absolute_context,validation_familiar,1.0,6.093167687282186e-05,0.9999390683231272
DEAP:S10:T07,DEAP:S10,T07,1,8.96,2,1,1,4,unexposed,stimulus_absolute_context,validation_familiar,1.0,8.369947473618744e-05,0.9999163005252638
DEAP:S10:T09,DEAP:S10,T09,1,7.56,2,1,1,4,unexposed,stimulus_absolute_context,validation_familiar,1.0,0.00014915664093984038,0.9998508433590602
DEAP:S10:T17,DEAP:S10,T17,0,4.95,2,1,1,4,unexposed,stimulus_absolute_context,validation_familiar,1.0,0.0005569048374611807,0.9994430951625388
DEAP:S10:T19,DEAP:S10,T19,1,7.82,2,1,1,4,unexposed,stimulus_absolute_context,validation_familiar,1.0,0.00014602440735411726,0.9998539755926459
DEAP:S10:T23,DEAP:S10,T23,0,2.87,2,1,1,4,unexposed,stimulus_absolute_context,validation_familiar,1.0,0.02443368577614291,0.9755663142238571
DEAP:S10:T26,DEAP:S10,T26,0,4.95,2,1,1,4,unexposed,stimulus_absolute_context,validation_familiar,1.0,0.004984251151518793,0.9950157488484812
DEAP:S10:T28,DEAP:S10,T28,0,4.31,2,1,1,4,unexposed,stimulus_absolute_context,validation_familiar,1.0,0.007748896153359053,0.992251103846641
DEAP:S10:T30,DEAP:S10,T30,0,2.64,2,1,1,4,unexposed,stimulus_absolute_context,validation_familiar,1.0,0.025873451904515066,0.9741265480954849
DEAP:S10:T33,DEAP:S10,T33,0,4.94,2,1,1,4,unexposed,stimulus_absolute_context,validation_familiar,1.0,0.007361327427411024,0.992638672572589
DEAP:S10:T35,DEAP:S10,T35,0,1.38,2,1,1,4,unexposed,stimulus_absolute_context,validation_familiar,1.0,0.019038133216876307,0.9809618667831237
DEAP:S10:T36,DEAP:S10,T36,0,2.17,2,1,1,4,unexposed,stimulus_absolute_context,validation_familiar,1.0,0.009004551421328166,0.9909954485786718
DEAP:S10:T37,DEAP:S10,T37,0,2.92,2,1,1,4,unexposed,stimulus_absolute_context,validation_familiar,1.0,0.006110786298107462,0.9938892137018925
DEAP:S10:T39,DEAP:S10,T39,0,2.17,2,1,1,4,unexposed,stimulus_absolute_context,validation_familiar,1.0,0.006559712085803304,0.9934402879141967
DEAP:S10:T40,DEAP:S10,T40,1,5.78,2,1,1,4,unexposed,stimulus_absolute_context,validation_familiar,1.0,0.0016228904484920648,0.9983771095515079
DEAP:S12:T02,DEAP:S12,T02,1,6.09,2,1,1,4,unexposed,stimulus_absolute_context,validation_familiar,1.0,0.019936558215244315,0.9800634417847557
DEAP:S12:T06,DEAP:S12,T06,1,6.65,2,1,1,4,unexposed,stimulus_absolute_context,validation_familiar,1.0,0.012696668552578116,0.9873033314474219
DEAP:S12:T07,DEAP:S12,T07,1,6.77,2,1,1,4,unexposed,stimulus_absolute_context,validation_familiar,1.0,0.05531263545689924,0.9446873645431008
DEAP:S12:T09,DEAP:S12,T09,1,7.95,2,1,1,4,unexposed,stimulus_absolute_context,validation_familiar,1.0,0.01797436278701714,0.9820256372129829
DEAP:S12:T17,DEAP:S12,T17,0,4.86,2,1,1,4,unexposed,stimulus_absolute_context,validation_familiar,1.0,0.011901979262861295,0.9880980207371387
DEAP:S12:T19,DEAP:S12,T19,1,7.03,2,1,1,4,unexposed,stimulus_absolute_context,validation_familiar,1.0,0.010391951116976217,0.9896080488830238
DEAP:S12:T23,DEAP:S12,T23,0,1.74,2,1,1,4,unexposed,stimulus_absolute_context,validation_familiar,1.0,0.4588799802529303,0.5411200197470697
DEAP:S12:T26,DEAP:S12,T26,1,6.08,2,1,1,4,unexposed,stimulus_absolute_context,validation_familiar,1.0,0.26097768427130674,0.7390223157286933
DEAP:S12:T28,DEAP:S12,T28,1,5.04,2,1,1,4,unexposed,stimulus_absolute_context,validation_familiar,1.0,0.1996392275005927,0.8003607724994073
DEAP:S12:T30,DEAP:S12,T30,0,3.36,2,1,1,4,unexposed,stimulus_absolute_context,validation_familiar,1.0,0.3084770448152795,0.6915229551847205
DEAP:S12:T33,DEAP:S12,T33,0,1.9,2,1,1,4,unexposed,stimulus_absolute_context,validation_familiar,1.0,0.3035653672212044,0.6964346327787956
DEAP:S12:T35,DEAP:S12,T35,0,1.22,2,1,1,4,unexposed,stimulus_absolute_context,validation_familiar,1.0,0.38333768944137614,0.6166623105586239
DEAP:S12:T36,DEAP:S12,T36,0,2.82,2,1,1,4,unexposed,stimulus_absolute_context,validation_familiar,1.0,0.19148229253285254,0.8085177074671475
DEAP:S12:T37,DEAP:S12,T37,0,1.0,2,1,1,4,unexposed,stimulus_absolute_context,validation_familiar,1.0,0.3209530409065937,0.6790469590934063
DEAP:S12:T39,DEAP:S12,T39,0,3.18,2,1,1,4,unexposed,stimulus_absolute_context,validation_familiar,1.0,0.18546023116366017,0.8145397688363398
DEAP:S12:T40,DEAP:S12,T40,1,6.81,2,1,1,4,unexposed,stimulus_absolute_context,validation_familiar,1.0,0.17360944965855207,0.8263905503414479
DEAP:S22:T02,DEAP:S22,T02,1,7.08,2,1,1,4,unexposed,stimulus_absolute_context,validation_familiar,1.0,0.011863602885031188,0.9881363971149688
DEAP:S22:T06,DEAP:S22,T06,0,4.97,2,1,1,4,unexposed,stimulus_absolute_context,validation_familiar,1.0,0.0035338772993209755,0.996466122700679
DEAP:S22:T07,DEAP:S22,T07,1,6.03,2,1,1,4,unexposed,stimulus_absolute_context,validation_familiar,1.0,0.02379074509081902,0.976209254909181
DEAP:S22:T09,DEAP:S22,T09,1,9.0,2,1,1,4,unexposed,stimulus_absolute_context,validation_familiar,1.0,0.00496143002700733,0.9950385699729927
DEAP:S22:T17,DEAP:S22,T17,1,5.04,2,1,1,4,unexposed,stimulus_absolute_context,validation_familiar,1.0,0.014377702436874973,0.985622297563125
DEAP:S22:T19,DEAP:S22,T19,1,9.0,2,1,1,4,unexposed,stimulus_absolute_context,validation_familiar,1.0,0.0033970287175717484,0.9966029712824283
DEAP:S22:T23,DEAP:S22,T23,0,2.99,2,1,1,4,unexposed,stimulus_absolute_context,validation_familiar,1.0,0.23627030823059236,0.7637296917694076
DEAP:S22:T28,DEAP:S22,T28,0,4.03,2,1,1,4,unexposed,stimulus_absolute_context,validation_familiar,1.0,0.040820426110322994,0.959179573889677
DEAP:S22:T30,DEAP:S22,T30,0,1.0,2,1,1,4,unexposed,stimulus_absolute_context,validation_familiar,1.0,0.22360097844935056,0.7763990215506494
DEAP:S22:T33,DEAP:S22,T33,0,1.96,2,1,1,4,unexposed,stimulus_absolute_context,validation_familiar,1.0,0.10293958495770617,0.8970604150422938
DEAP:S22:T35,DEAP:S22,T35,0,1.99,2,1,1,4,unexposed,stimulus_absolute_context,validation_familiar,1.0,0.12601511988112812,0.8739848801188719
DEAP:S22:T36,DEAP:S22,T36,0,1.96,2,1,1,4,unexposed,stimulus_absolute_context,validation_familiar,1.0,0.09385745409346591,0.9061425459065341
DEAP:S22:T37,DEAP:S22,T37,0,1.0,2,1,1,4,unexposed,stimulus_absolute_context,validation_familiar,1.0,0.1094913921377576,0.8905086078622424
DEAP:S22:T39,DEAP:S22,T39,0,1.0,2,1,1,4,unexposed,stimulus_absolute_context,validation_familiar,1.0,0.07451423167640103,0.925485768323599
DEAP:S22:T40,DEAP:S22,T40,0,2.97,2,1,1,4,unexposed,stimulus_absolute_context,validation_familiar,1.0,0.04347403004627726,0.9565259699537227
DEAP:S26:T02,DEAP:S26,T02,1,6.96,2,1,1,4,unexposed,stimulus_absolute_context,validation_familiar,1.0,0.4852782678844607,0.5147217321155393
DEAP:S26:T06,DEAP:S26,T06,1,8.09,2,1,1,4,unexposed,stimulus_absolute_context,validation_familiar,1.0,0.381758539730524,0.618241460269476
DEAP:S26:T07,DEAP:S26,T07,1,6.08,2,1,1,4,unexposed,stimulus_absolute_context,validation_familiar,1.0,0.7207997649402884,0.2792002350597116
DEAP:S26:T09,DEAP:S26,T09,1,8.05,2,1,1,4,unexposed,stimulus_absolute_context,validation_familiar,1.0,0.6127957244183722,0.3872042755816278
DEAP:S26:T17,DEAP:S26,T17,1,5.04,2,1,1,4,unexposed,stimulus_absolute_context,validation_familiar,1.0,0.6934721023867457,0.3065278976132543
DEAP:S26:T19,DEAP:S26,T19,1,8.0,2,1,1,4,unexposed,stimulus_absolute_context,validation_familiar,1.0,0.23223706333778227,0.7677629366622177
DEAP:S26:T23,DEAP:S26,T23,0,2.28,2,1,1,4,unexposed,stimulus_absolute_context,validation_familiar,1.0,0.9889038697492073,0.011096130250792733
DEAP:S26:T26,DEAP:S26,T26,1,5.05,2,1,1,4,unexposed,stimulus_absolute_context,validation_familiar,1.0,0.8709558502738592,0.12904414972614076
DEAP:S26:T28,DEAP:S26,T28,1,5.97,2,1,1,4,unexposed,stimulus_absolute_context,validation_familiar,1.0,0.9140009814110414,0.08599901858895868
DEAP:S26:T30,DEAP:S26,T30,0,4.95,2,1,1,4,unexposed,stimulus_absolute_context,validation_familiar,1.0,0.9899644874980353,0.01003551250196469
DEAP:S26:T33,DEAP:S26,T33,0,1.0,2,1,1,4,unexposed,stimulus_absolute_context,validation_familiar,1.0,0.9150568179728898,0.08494318202711011
DEAP:S26:T35,DEAP:S26,T35,0,2.97,2,1,1,4,unexposed,stimulus_absolute_context,validation_familiar,1.0,0.9372304056960712,0.06276959430392887
DEAP:S26:T36,DEAP:S26,T36,0,2.92,2,1,1,4,unexposed,stimulus_absolute_context,validation_familiar,1.0,0.9358744168659089,0.06412558313409107
DEAP:S26:T37,DEAP:S26,T37,0,1.0,2,1,1,4,unexposed,stimulus_absolute_context,validation_familiar,1.0,0.9640637946000372,0.035936205399962784
DEAP:S26:T39,DEAP:S26,T39,0,1.95,2,1,1,4,unexposed,stimulus_absolute_context,validation_familiar,1.0,0.9079492694293622,0.09205073057063785
DEAP:S26:T40,DEAP:S26,T40,0,3.06,2,1,1,4,unexposed,stimulus_absolute_context,validation_familiar,1.0,0.9134693220574824,0.0865306779425176
DEAP:S01:T02,DEAP:S01,T02,1,8.1,2,1,1,4,unexposed,stimulus_absolute_context,train,10.0,0.30772400337005923,0.6922759966299408
DEAP:S01:T06,DEAP:S01,T06,1,8.27,2,1,1,4,unexposed,stimulus_absolute_context,train,10.0,0.0997544932075356,0.9002455067924644
DEAP:S01:T07,DEAP:S01,T07,1,7.44,2,1,1,4,unexposed,stimulus_absolute_context,train,10.0,0.4422863661536359,0.5577136338463641
DEAP:S01:T09,DEAP:S01,T09,0,4.04,2,1,1,4,unexposed,stimulus_absolute_context,train,10.0,0.23652422714584231,0.7634757728541577
DEAP:S01:T17,DEAP:S01,T17,0,2.46,2,1,1,4,unexposed,stimulus_absolute_context,train,10.0,0.4079511397217871,0.5920488602782129
DEAP:S01:T19,DEAP:S01,T19,1,7.17,2,1,1,4,unexposed,stimulus_absolute_context,train,10.0,0.16550313301780883,0.8344968669821912
DEAP:S01:T23,DEAP:S01,T23,1,8.15,2,1,1,4,unexposed,stimulus_absolute_context,train,10.0,0.966794418109367,0.03320558189063307
DEAP:S01:T26,DEAP:S01,T26,1,7.28,2,1,1,4,unexposed,stimulus_absolute_context,train,10.0,0.7718412410592534,0.22815875894074653
DEAP:S01:T28,DEAP:S01,T28,0,3.88,2,1,1,4,unexposed,stimulus_absolute_context,train,10.0,0.7665503625475819,0.23344963745241812
DEAP:S01:T30,DEAP:S01,T30,0,2.08,2,1,1,4,unexposed,stimulus_absolute_context,train,10.0,0.9887576593910569,0.011242340608943127
DEAP:S01:T33,DEAP:S01,T33,0,3.81,2,1,1,4,unexposed,stimulus_absolute_context,train,10.0,0.8328153429262628,0.1671846570737372
DEAP:S01:T35,DEAP:S01,T35,0,2.06,2,1,1,4,unexposed,stimulus_absolute_context,train,10.0,0.8846799950562999,0.11532000494370008
DEAP:S01:T36,DEAP:S01,T36,0,2.9,2,1,1,4,unexposed,stimulus_absolute_context,train,10.0,0.9819723003027248,0.018027699697275232
DEAP:S01:T37,DEAP:S01,T37,0,2.31,2,1,1,4,unexposed,stimulus_absolute_context,train,10.0,0.8783293018074162,0.12167069819258382
DEAP:S01:T39,DEAP:S01,T39,0,3.24,2,1,1,4,unexposed,stimulus_absolute_context,train,10.0,0.6036220276820569,0.39637797231794314
DEAP:S01:T40,DEAP:S01,T40,1,5.1,2,1,1,4,unexposed,stimulus_absolute_context,train,10.0,0.5586364818879481,0.4413635181120518
DEAP:S02:T02,DEAP:S02,T02,1,8.01,2,1,1,4,unexposed,stimulus_absolute_context,train,10.0,0.024416952662683955,0.975583047337316
DEAP:S02:T07,DEAP:S02,T07,0,4.96,2,1,1,4,unexposed,stimulus_absolute_context,train,10.0,0.508186597831864,0.491813402168136
DEAP:S02:T09,DEAP:S02,T09,1,9.0,2,1,1,4,unexposed,stimulus_absolute_context,train,10.0,0.13155821634956943,0.8684417836504306
DEAP:S02:T17,DEAP:S02,T17,1,9.0,2,1,1,4,unexposed,stimulus_absolute_context,train,10.0,0.09417241227659046,0.9058275877234095
DEAP:S02:T19,DEAP:S02,T19,1,9.0,2,1,1,4,unexposed,stimulus_absolute_context,train,10.0,0.055584570191074545,0.9444154298089255
DEAP:S02:T26,DEAP:S02,T26,1,9.0,2,1,1,4,unexposed,stimulus_absolute_context,train,10.0,0.5177775215743463,0.4822224784256537
DEAP:S02:T28,DEAP:S02,T28,0,4.06,2,1,1,4,unexposed,stimulus_absolute_context,train,10.0,0.8234914302306544,0.17650856976934562
DEAP:S02:T30,DEAP:S02,T30,0,2.01,2,1,1,4,unexposed,stimulus_absolute_context,train,10.0,0.93814091458428,0.061859085415720036
DEAP:S02:T35,DEAP:S02,T35,0,1.99,2,1,1,4,unexposed,stimulus_absolute_context,train,10.0,0.9080834004769209,0.0919165995230791
DEAP:S02:T36,DEAP:S02,T36,1,5.04,2,1,1,4,unexposed,stimulus_absolute_context,train,10.0,0.6779401079399192,0.32205989206008073
DEAP:S02:T37,DEAP:S02,T37,0,1.0,2,1,1,4,unexposed,stimulus_absolute_context,train,10.0,0.9190046784961139,0.08099532150388607
DEAP:S02:T39,DEAP:S02,T39,0,1.0,2,1,1,4,unexposed,stimulus_absolute_context,train,10.0,0.5927266784150229,0.40727332158497714
DEAP:S02:T40,DEAP:S02,T40,1,6.05,2,1,1,4,unexposed,stimulus_absolute_context,train,10.0,0.2539191085958791,0.7460808914041209
DEAP:S03:T02,DEAP:S03,T02,1,7.21,2,1,1,4,unexposed,stimulus_absolute_context,train,10.0,0.3872595839850308,0.6127404160149692
DEAP:S03:T06,DEAP:S03,T06,1,6.79,2,1,1,4,unexposed,stimulus_absolute_context,train,10.0,0.03557306785642844,0.9644269321435716
DEAP:S03:T07,DEAP:S03,T07,1,5.45,2,1,1,4,unexposed,stimulus_absolute_context,train,10.0,0.30889286935586413,0.6911071306441359
DEAP:S03:T09,DEAP:S03,T09,1,7.33,2,1,1,4,unexposed,stimulus_absolute_context,train,10.0,0.13458161546604774,0.8654183845339523
DEAP:S03:T17,DEAP:S03,T17,0,4.56,2,1,1,4,unexposed,stimulus_absolute_context,train,10.0,0.1829505791659315,0.8170494208340685
DEAP:S03:T19,DEAP:S03,T19,1,8.14,2,1,1,4,unexposed,stimulus_absolute_context,train,10.0,0.2270611023186997,0.7729388976813003
DEAP:S03:T23,DEAP:S03,T23,0,3.65,2,1,1,4,unexposed,stimulus_absolute_context,train,10.0,0.8878319580291338,0.11216804197086616
DEAP:S03:T26,DEAP:S03,T26,0,4.67,2,1,1,4,unexposed,stimulus_absolute_context,train,10.0,0.8945593498708028,0.10544065012919727
DEAP:S03:T28,DEAP:S03,T28,1,5.59,2,1,1,4,unexposed,stimulus_absolute_context,train,10.0,0.512400198952233,0.487599801047767
DEAP:S03:T30,DEAP:S03,T30,0,3.87,2,1,1,4,unexposed,stimulus_absolute_context,train,10.0,0.9727933140209734,0.027206685979026677
DEAP:S03:T33,DEAP:S03,T33,0,4.05,2,1,1,4,unexposed,stimulus_absolute_context,train,10.0,0.4864345279747436,0.5135654720252564
DEAP:S03:T36,DEAP:S03,T36,1,5.01,2,1,1,4,unexposed,stimulus_absolute_context,train,10.0,0.4277443010596699,0.5722556989403301
DEAP:S03:T37,DEAP:S03,T37,0,4.92,2,1,1,4,unexposed,stimulus_absolute_context,train,10.0,0.7940868879833964,0.2059131120166036
DEAP:S03:T39,DEAP:S03,T39,0,4.33,2,1,1,4,unexposed,stimulus_absolute_context,train,10.0,0.5703981357198118,0.42960186428018826
DEAP:S03:T40,DEAP:S03,T40,1,5.38,2,1,1,4,unexposed,stimulus_absolute_context,train,10.0,0.46153459657380613,0.5384654034261939
DEAP:S04:T02,DEAP:S04,T02,0,4.06,2,1,1,4,unexposed,stimulus_absolute_context,train,10.0,0.24445606612469206,0.7555439338753079
DEAP:S04:T06,DEAP:S04,T06,1,5.01,2,1,1,4,unexposed,stimulus_absolute_context,train,10.0,0.18541723270878385,0.8145827672912161
DEAP:S04:T07,DEAP:S04,T07,0,2.94,2,1,1,4,unexposed,stimulus_absolute_context,train,10.0,0.5028306626143202,0.49716933738567975
DEAP:S04:T09,DEAP:S04,T09,1,6.05,2,1,1,4,unexposed,stimulus_absolute_context,train,10.0,0.5481235304751704,0.4518764695248297
DEAP:S04:T17,DEAP:S04,T17,1,7.01,2,1,1,4,unexposed,stimulus_absolute_context,train,10.0,0.35551886441498004,0.64448113558502
DEAP:S04:T19,DEAP:S04,T19,1,7.09,2,1,1,4,unexposed,stimulus_absolute_context,train,10.0,0.2637198073272814,0.7362801926727186
DEAP:S04:T23,DEAP:S04,T23,0,1.86,2,1,1,4,unexposed,stimulus_absolute_context,train,10.0,0.9911186693055842,0.00888133069441579
DEAP:S04:T26,DEAP:S04,T26,1,6.0,2,1,1,4,unexposed,stimulus_absolute_context,train,10.0,0.8427087359515703,0.15729126404842975
DEAP:S04:T28,DEAP:S04,T28,0,2.17,2,1,1,4,unexposed,stimulus_absolute_context,train,10.0,0.9507941304374368,0.049205869562563176
DEAP:S04:T30,DEAP:S04,T30,0,3.1,2,1,1,4,unexposed,stimulus_absolute_context,train,10.0,0.906958891436205,0.09304110856379501
DEAP:S04:T33,DEAP:S04,T33,0,1.0,2,1,1,4,unexposed,stimulus_absolute_context,train,10.0,0.9438752017211894,0.05612479827881061
DEAP:S04:T35,DEAP:S04,T35,0,2.03,2,1,1,4,unexposed,stimulus_absolute_context,train,10.0,0.9942756125246395,0.00572438747536056
DEAP:S04:T36,DEAP:S04,T36,0,2.72,2,1,1,4,unexposed,stimulus_absolute_context,train,10.0,0.7868563928132497,0.21314360718675032
DEAP:S04:T39,DEAP:S04,T39,0,1.92,2,1,1,4,unexposed,stimulus_absolute_context,train,10.0,0.9485888728773431,0.05141112712265697
DEAP:S04:T40,DEAP:S04,T40,0,1.86,2,1,1,4,unexposed,stimulus_absolute_context,train,10.0,0.8271426801234398,0.17285731987656022
DEAP:S05:T02,DEAP:S05,T02,1,9.0,2,1,1,4,unexposed,stimulus_absolute_context,train,10.0,0.1521932087139014,0.8478067912860986
DEAP:S05:T06,DEAP:S05,T06,1,8.09,2,1,1,4,unexposed,stimulus_absolute_context,train,10.0,0.09097332207869313,0.9090266779213069
DEAP:S05:T07,DEAP:S05,T07,1,5.12,2,1,1,4,unexposed,stimulus_absolute_context,train,10.0,0.27037867980523234,0.7296213201947677
DEAP:S05:T09,DEAP:S05,T09,1,6.94,2,1,1,4,unexposed,stimulus_absolute_context,train,10.0,0.1522955180176193,0.8477044819823807
DEAP:S05:T17,DEAP:S05,T17,1,6.88,2,1,1,4,unexposed,stimulus_absolute_context,train,10.0,0.17926843874893716,0.8207315612510628
DEAP:S05:T19,DEAP:S05,T19,1,8.03,2,1,1,4,unexposed,stimulus_absolute_context,train,10.0,0.0461702509778148,0.9538297490221852
DEAP:S05:T23,DEAP:S05,T23,0,1.0,2,1,1,4,unexposed,stimulus_absolute_context,train,10.0,0.9811398374158826,0.018860162584117428
DEAP:S05:T26,DEAP:S05,T26,1,7.96,2,1,1,4,unexposed,stimulus_absolute_context,train,10.0,0.5135821179817277,0.48641788201827224
DEAP:S05:T28,DEAP:S05,T28,0,3.9,2,1,1,4,unexposed,stimulus_absolute_context,train,10.0,0.6683762124061745,0.3316237875938255
DEAP:S05:T30,DEAP:S05,T30,0,2.94,2,1,1,4,unexposed,stimulus_absolute_context,train,10.0,0.6146040609861949,0.3853959390138051
DEAP:S05:T33,DEAP:S05,T33,1,5.17,2,1,1,4,unexposed,stimulus_absolute_context,train,10.0,0.3466786092951406,0.6533213907048594
DEAP:S05:T35,DEAP:S05,T35,0,4.86,2,1,1,4,unexposed,stimulus_absolute_context,train,10.0,0.8740503640098137,0.1259496359901863
DEAP:S05:T36,DEAP:S05,T36,0,4.91,2,1,1,4,unexposed,stimulus_absolute_context,train,10.0,0.650840801121235,0.349159198878765
DEAP:S05:T37,DEAP:S05,T37,0,1.91,2,1,1,4,unexposed,stimulus_absolute_context,train,10.0,0.7167053873559714,0.2832946126440286
DEAP:S05:T39,DEAP:S05,T39,0,1.0,2,1,1,4,unexposed,stimulus_absolute_context,train,10.0,0.758764808796075,0.24123519120392498
DEAP:S05:T40,DEAP:S05,T40,1,7.0,2,1,1,4,unexposed,stimulus_absolute_context,train,10.0,0.41432771079934083,0.5856722892006592
DEAP:S06:T02,DEAP:S06,T02,1,6.83,2,1,1,4,unexposed,stimulus_absolute_context,train,10.0,0.03801772416890292,0.9619822758310971
DEAP:S06:T06,DEAP:S06,T06,1,8.05,2,1,1,4,unexposed,stimulus_absolute_context,train,10.0,0.014205411708545168,0.9857945882914548
DEAP:S06:T07,DEAP:S06,T07,1,8.26,2,1,1,4,unexposed,stimulus_absolute_context,train,10.0,0.23148741867010447,0.7685125813298955
DEAP:S06:T17,DEAP:S06,T17,1,6.72,2,1,1,4,unexposed,stimulus_absolute_context,train,10.0,0.053620723094944034,0.946379276905056
DEAP:S06:T19,DEAP:S06,T19,1,7.41,2,1,1,4,unexposed,stimulus_absolute_context,train,10.0,0.006527348657550114,0.9934726513424499
DEAP:S06:T23,DEAP:S06,T23,0,3.47,2,1,1,4,unexposed,stimulus_absolute_context,train,10.0,0.9321506151720904,0.06784938482790955
DEAP:S06:T26,DEAP:S06,T26,1,5.08,2,1,1,4,unexposed,stimulus_absolute_context,train,10.0,0.055977464197456306,0.9440225358025437
DEAP:S06:T28,DEAP:S06,T28,1,6.42,2,1,1,4,unexposed,stimulus_absolute_context,train,10.0,0.09136792814334893,0.9086320718566511
DEAP:S06:T30,DEAP:S06,T30,1,6.99,2,1,1,4,unexposed,stimulus_absolute_context,train,10.0,0.7074938325333275,0.2925061674666724
DEAP:S06:T35,DEAP:S06,T35,0,3.96,2,1,1,4,unexposed,stimulus_absolute_context,train,10.0,0.6847464834979407,0.3152535165020594
DEAP:S06:T36,DEAP:S06,T36,1,5.71,2,1,1,4,unexposed,stimulus_absolute_context,train,10.0,0.07787826976947954,0.9221217302305205
DEAP:S06:T37,DEAP:S06,T37,0,4.83,2,1,1,4,unexposed,stimulus_absolute_context,train,10.0,0.775575529087229,0.22442447091277096
DEAP:S06:T39,DEAP:S06,T39,1,6.56,2,1,1,4,unexposed,stimulus_absolute_context,train,10.0,0.25611937073068525,0.7438806292693148
DEAP:S06:T40,DEAP:S06,T40,0,4.85,2,1,1,4,unexposed,stimulus_absolute_context,train,10.0,0.3672030557422906,0.6327969442577094
DEAP:S07:T02,DEAP:S07,T02,1,7.15,2,1,1,4,unexposed,stimulus_absolute_context,train,10.0,0.03154183218821349,0.9684581678117865
DEAP:S07:T06,DEAP:S07,T06,1,6.97,2,1,1,4,unexposed,stimulus_absolute_context,train,10.0,0.0038470699808308417,0.9961529300191692
DEAP:S07:T07,DEAP:S07,T07,1,7.08,2,1,1,4,unexposed,stimulus_absolute_context,train,10.0,0.11147307202329182,0.8885269279767082
DEAP:S07:T09,DEAP:S07,T09,1,6.99,2,1,1,4,unexposed,stimulus_absolute_context,train,10.0,0.012432912645403693,0.9875670873545963
DEAP:S07:T17,DEAP:S07,T17,1,7.12,2,1,1,4,unexposed,stimulus_absolute_context,train,10.0,0.028125119132379917,0.9718748808676201
DEAP:S07:T19,DEAP:S07,T19,1,6.99,2,1,1,4,unexposed,stimulus_absolute_context,train,10.0,0.010799220335404036,0.989200779664596
DEAP:S07:T26,DEAP:S07,T26,0,2.0,2,1,1,4,unexposed,stimulus_absolute_context,train,10.0,0.33944991576324635,0.6605500842367537
DEAP:S07:T30,DEAP:S07,T30,0,3.09,2,1,1,4,unexposed,stimulus_absolute_context,train,10.0,0.6378285267600274,0.36217147323997256
DEAP:S07:T35,DEAP:S07,T35,1,5.01,2,1,1,4,unexposed,stimulus_absolute_context,train,10.0,0.12036016389354232,0.8796398361064577
DEAP:S07:T36,DEAP:S07,T36,1,8.1,2,1,1,4,unexposed,stimulus_absolute_context,train,10.0,0.1023424524565788,0.8976575475434212
DEAP:S07:T37,DEAP:S07,T37,1,5.05,2,1,1,4,unexposed,stimulus_absolute_context,train,10.0,0.42683820745544465,0.5731617925445553
DEAP:S07:T39,DEAP:S07,T39,1,7.01,2,1,1,4,unexposed,stimulus_absolute_context,train,10.0,0.1937558200072883,0.8062441799927117
DEAP:S07:T40,DEAP:S07,T40,1,7.01,2,1,1,4,unexposed,stimulus_absolute_context,train,10.0,0.06490706099588617,0.9350929390041138
DEAP:S08:T02,DEAP:S08,T02,1,5.04,2,1,1,4,unexposed,stimulus_absolute_context,train,10.0,0.011661941941480958,0.988338058058519
DEAP:S08:T06,DEAP:S08,T06,1,7.4,2,1,1,4,unexposed,stimulus_absolute_context,train,10.0,0.005569409542640957,0.994430590457359
DEAP:S08:T07,DEAP:S08,T07,1,5.04,2,1,1,4,unexposed,stimulus_absolute_context,train,10.0,0.46811932852801563,0.5318806714719844
DEAP:S08:T09,DEAP:S08,T09,1,8.78,2,1,1,4,unexposed,stimulus_absolute_context,train,10.0,0.01766443416184682,0.9823355658381532
DEAP:S08:T17,DEAP:S08,T17,1,6.67,2,1,1,4,unexposed,stimulus_absolute_context,train,10.0,0.12166166182125904,0.878338338178741
DEAP:S08:T19,DEAP:S08,T19,1,5.04,2,1,1,4,unexposed,stimulus_absolute_context,train,10.0,0.0530275173879029,0.9469724826120971
DEAP:S08:T23,DEAP:S08,T23,0,3.59,2,1,1,4,unexposed,stimulus_absolute_context,train,10.0,0.9326694945760514,0.06733050542394858
DEAP:S08:T26,DEAP:S08,T26,0,4.99,2,1,1,4,unexposed,stimulus_absolute_context,train,10.0,0.884457361477025,0.11554263852297494
DEAP:S08:T28,DEAP:S08,T28,1,5.04,2,1,1,4,unexposed,stimulus_absolute_context,train,10.0,0.13772592735950784,0.8622740726404922
DEAP:S08:T30,DEAP:S08,T30,0,1.4,2,1,1,4,unexposed,stimulus_absolute_context,train,10.0,0.6271717591064172,0.37282824089358274
DEAP:S08:T33,DEAP:S08,T33,0,4.44,2,1,1,4,unexposed,stimulus_absolute_context,train,10.0,0.7026862558403001,0.2973137441596999
DEAP:S08:T35,DEAP:S08,T35,0,3.62,2,1,1,4,unexposed,stimulus_absolute_context,train,10.0,0.6295545179891817,0.3704454820108183
DEAP:S08:T36,DEAP:S08,T36,0,1.21,2,1,1,4,unexposed,stimulus_absolute_context,train,10.0,0.8696695402936024,0.13033045970639756
DEAP:S08:T37,DEAP:S08,T37,1,5.06,2,1,1,4,unexposed,stimulus_absolute_context,train,10.0,0.4530397425610665,0.5469602574389335
DEAP:S08:T39,DEAP:S08,T39,1,5.05,2,1,1,4,unexposed,stimulus_absolute_context,train,10.0,0.5891107686715196,0.41088923132848043
DEAP:S08:T40,DEAP:S08,T40,0,3.13,2,1,1,4,unexposed,stimulus_absolute_context,train,10.0,0.5250624907217125,0.47493750927828743
DEAP:S11:T02,DEAP:S11,T02,1,5.67,2,1,1,4,unexposed,stimulus_absolute_context,train,10.0,0.23712615547952498,0.762873844520475
DEAP:S11:T06,DEAP:S11,T06,1,5.32,2,1,1,4,unexposed,stimulus_absolute_context,train,10.0,0.07222855889167779,0.9277714411083222
DEAP:S11:T07,DEAP:S11,T07,1,6.37,2,1,1,4,unexposed,stimulus_absolute_context,train,10.0,0.4917911748741839,0.5082088251258161
DEAP:S11:T09,DEAP:S11,T09,1,7.04,2,1,1,4,unexposed,stimulus_absolute_context,train,10.0,0.11032787601074756,0.8896721239892524
DEAP:S11:T17,DEAP:S11,T17,1,8.32,2,1,1,4,unexposed,stimulus_absolute_context,train,10.0,0.08583843321635864,0.9141615667836414
DEAP:S11:T19,DEAP:S11,T19,1,5.54,2,1,1,4,unexposed,stimulus_absolute_context,train,10.0,0.08906298002499868,0.9109370199750013
DEAP:S11:T23,DEAP:S11,T23,0,3.72,2,1,1,4,unexposed,stimulus_absolute_context,train,10.0,0.9603385554655322,0.039661444534467884
DEAP:S11:T26,DEAP:S11,T26,1,5.49,2,1,1,4,unexposed,stimulus_absolute_context,train,10.0,0.7696168706847992,0.23038312931520083
DEAP:S11:T28,DEAP:S11,T28,0,4.26,2,1,1,4,unexposed,stimulus_absolute_context,train,10.0,0.7526657676528843,0.24733423234711577
DEAP:S11:T30,DEAP:S11,T30,0,4.58,2,1,1,4,unexposed,stimulus_absolute_context,train,10.0,0.8440312019039057,0.15596879809609432
DEAP:S11:T33,DEAP:S11,T33,1,5.64,2,1,1,4,unexposed,stimulus_absolute_context,train,10.0,0.5444192129529684,0.4555807870470317
DEAP:S11:T35,DEAP:S11,T35,0,1.23,2,1,1,4,unexposed,stimulus_absolute_context,train,10.0,0.8229066499114744,0.1770933500885256
DEAP:S11:T36,DEAP:S11,T36,0,3.62,2,1,1,4,unexposed,stimulus_absolute_context,train,10.0,0.704262063672183,0.295737936327817
DEAP:S11:T39,DEAP:S11,T39,0,1.0,2,1,1,4,unexposed,stimulus_absolute_context,train,10.0,0.15897286397323318,0.8410271360267668
DEAP:S11:T40,DEAP:S11,T40,0,4.95,2,1,1,4,unexposed,stimulus_absolute_context,train,10.0,0.6884476700516415,0.3115523299483584
DEAP:S14:T02,DEAP:S14,T02,1,6.05,2,1,1,4,unexposed,stimulus_absolute_context,train,10.0,0.014426207090521337,0.9855737929094787
DEAP:S14:T06,DEAP:S14,T06,1,7.19,2,1,1,4,unexposed,stimulus_absolute_context,train,10.0,0.00972761275428613,0.9902723872457139
DEAP:S14:T07,DEAP:S14,T07,1,6.85,2,1,1,4,unexposed,stimulus_absolute_context,train,10.0,0.3479422783005087,0.6520577216994913
DEAP:S14:T09,DEAP:S14,T09,1,7.69,2,1,1,4,unexposed,stimulus_absolute_context,train,10.0,0.0060870889575844744,0.9939129110424155
DEAP:S14:T17,DEAP:S14,T17,1,6.06,2,1,1,4,unexposed,stimulus_absolute_context,train,10.0,0.18286219602712073,0.8171378039728793
DEAP:S14:T19,DEAP:S14,T19,1,7.55,2,1,1,4,unexposed,stimulus_absolute_context,train,10.0,0.003072638969026098,0.9969273610309739
DEAP:S14:T23,DEAP:S14,T23,0,2.41,2,1,1,4,unexposed,stimulus_absolute_context,train,10.0,0.9888897577220486,0.01111024227795146
DEAP:S14:T26,DEAP:S14,T26,0,3.28,2,1,1,4,unexposed,stimulus_absolute_context,train,10.0,0.7572051041645926,0.24279489583540734
DEAP:S14:T28,DEAP:S14,T28,0,2.53,2,1,1,4,unexposed,stimulus_absolute_context,train,10.0,0.7102626747093095,0.2897373252906905
DEAP:S14:T30,DEAP:S14,T30,0,1.1,2,1,1,4,unexposed,stimulus_absolute_context,train,10.0,0.96087862827542,0.03912137172457993
DEAP:S14:T33,DEAP:S14,T33,0,3.18,2,1,1,4,unexposed,stimulus_absolute_context,train,10.0,0.6907559463359039,0.3092440536640961
DEAP:S14:T35,DEAP:S14,T35,0,2.68,2,1,1,4,unexposed,stimulus_absolute_context,train,10.0,0.9533790589883885,0.046620941011611544
DEAP:S14:T36,DEAP:S14,T36,0,2.01,2,1,1,4,unexposed,stimulus_absolute_context,train,10.0,0.7427452952028305,0.2572547047971695
DEAP:S14:T37,DEAP:S14,T37,0,3.47,2,1,1,4,unexposed,stimulus_absolute_context,train,10.0,0.9610787334391525,0.03892126656084753
DEAP:S14:T39,DEAP:S14,T39,1,6.65,2,1,1,4,unexposed,stimulus_absolute_context,train,10.0,0.5918178191046433,0.4081821808953567
DEAP:S14:T40,DEAP:S14,T40,1,6.68,2,1,1,4,unexposed,stimulus_absolute_context,train,10.0,0.12773498610369716,0.8722650138963028
DEAP:S15:T02,DEAP:S15,T02,1,5.04,2,1,1,4,unexposed,stimulus_absolute_context,train,10.0,0.3196144898275818,0.6803855101724182
DEAP:S15:T06,DEAP:S15,T06,1,9.0,2,1,1,4,unexposed,stimulus_absolute_context,train,10.0,0.00421393767350331,0.9957860623264967
DEAP:S15:T07,DEAP:S15,T07,1,5.04,2,1,1,4,unexposed,stimulus_absolute_context,train,10.0,0.07568053650783158,0.9243194634921684
DEAP:S15:T09,DEAP:S15,T09,1,9.0,2,1,1,4,unexposed,stimulus_absolute_context,train,10.0,0.042460315880605615,0.9575396841193944
DEAP:S15:T17,DEAP:S15,T17,1,8.1,2,1,1,4,unexposed,stimulus_absolute_context,train,10.0,0.1820523011471834,0.8179476988528166
DEAP:S15:T19,DEAP:S15,T19,1,7.04,2,1,1,4,unexposed,stimulus_absolute_context,train,10.0,0.02162711024640729,0.9783728897535927
DEAP:S15:T26,DEAP:S15,T26,0,4.96,2,1,1,4,unexposed,stimulus_absolute_context,train,10.0,0.8677246614279596,0.13227533857204044
DEAP:S15:T28,DEAP:S15,T28,0,4.01,2,1,1,4,unexposed,stimulus_absolute_context,train,10.0,0.7641924937953268,0.23580750620467322
DEAP:S15:T30,DEAP:S15,T30,0,2.04,2,1,1,4,unexposed,stimulus_absolute_context,train,10.0,0.9232983647797341,0.07670163522026585
DEAP:S15:T35,DEAP:S15,T35,1,5.05,2,1,1,4,unexposed,stimulus_absolute_context,train,10.0,0.6262700437390555,0.3737299562609445
DEAP:S15:T36,DEAP:S15,T36,0,3.96,2,1,1,4,unexposed,stimulus_absolute_context,train,10.0,0.7050386674279545,0.29496133257204543
DEAP:S15:T37,DEAP:S15,T37,0,3.04,2,1,1,4,unexposed,stimulus_absolute_context,train,10.0,0.9441603342623829,0.05583966573761713
DEAP:S15:T39,DEAP:S15,T39,0,4.0,2,1,1,4,unexposed,stimulus_absolute_context,train,10.0,0.9079444091651557,0.09205559083484427
DEAP:S15:T40,DEAP:S15,T40,0,4.01,2,1,1,4,unexposed,stimulus_absolute_context,train,10.0,0.8517453215174069,0.14825467848259316
DEAP:S16:T02,DEAP:S16,T02,1,6.45,2,1,1,4,unexposed,stimulus_absolute_context,train,10.0,0.04214502774929907,0.9578549722507009
DEAP:S16:T06,DEAP:S16,T06,0,4.99,2,1,1,4,unexposed,stimulus_absolute_context,train,10.0,0.3624468663103392,0.6375531336896608
DEAP:S16:T07,DEAP:S16,T07,1,6.83,2,1,1,4,unexposed,stimulus_absolute_context,train,10.0,0.39357170912079753,0.6064282908792025
DEAP:S16:T09,DEAP:S16,T09,0,4.18,2,1,1,4,unexposed,stimulus_absolute_context,train,10.0,0.4277178775061087,0.5722821224938913
DEAP:S16:T19,DEAP:S16,T19,0,2.86,2,1,1,4,unexposed,stimulus_absolute_context,train,10.0,0.10927070914064818,0.8907292908593518
DEAP:S16:T23,DEAP:S16,T23,0,3.9,2,1,1,4,unexposed,stimulus_absolute_context,train,10.0,0.8534612960466395,0.1465387039533605
DEAP:S16:T26,DEAP:S16,T26,0,1.82,2,1,1,4,unexposed,stimulus_absolute_context,train,10.0,0.8866075615892767,0.11339243841072334
DEAP:S16:T28,DEAP:S16,T28,0,2.85,2,1,1,4,unexposed,stimulus_absolute_context,train,10.0,0.9614228410185465,0.038577158981453516
DEAP:S16:T30,DEAP:S16,T30,1,6.1,2,1,1,4,unexposed,stimulus_absolute_context,train,10.0,0.9794279848766319,0.020572015123368204
DEAP:S16:T33,DEAP:S16,T33,0,1.0,2,1,1,4,unexposed,stimulus_absolute_context,train,10.0,0.7896852727361755,0.21031472726382447
DEAP:S16:T35,DEAP:S16,T35,0,1.0,2,1,1,4,unexposed,stimulus_absolute_context,train,10.0,0.9470178689438338,0.052982131056166275
DEAP:S16:T36,DEAP:S16,T36,1,5.05,2,1,1,4,unexposed,stimulus_absolute_context,train,10.0,0.6585757190567936,0.3414242809432064
DEAP:S16:T37,DEAP:S16,T37,1,6.09,2,1,1,4,unexposed,stimulus_absolute_context,train,10.0,0.6975913719800277,0.3024086280199723
DEAP:S16:T39,DEAP:S16,T39,1,6.13,2,1,1,4,unexposed,stimulus_absolute_context,train,10.0,0.9332925977202273,0.06670740227977263
DEAP:S16:T40,DEAP:S16,T40,0,3.74,2,1,1,4,unexposed,stimulus_absolute_context,train,10.0,0.8033042392886446,0.19669576071135542
DEAP:S17:T02,DEAP:S17,T02,1,7.26,2,1,1,4,unexposed,stimulus_absolute_context,train,10.0,0.0841212166216202,0.9158787833783798
DEAP:S17:T06,DEAP:S17,T06,1,6.9,2,1,1,4,unexposed,stimulus_absolute_context,train,10.0,0.010886394387923382,0.9891136056120766
DEAP:S17:T07,DEAP:S17,T07,1,7.08,2,1,1,4,unexposed,stimulus_absolute_context,train,10.0,0.11014868814602197,0.889851311853978
DEAP:S17:T09,DEAP:S17,T09,1,6.04,2,1,1,4,unexposed,stimulus_absolute_context,train,10.0,0.02848598373557476,0.9715140162644252
DEAP:S17:T17,DEAP:S17,T17,0,4.12,2,1,1,4,unexposed,stimulus_absolute_context,train,10.0,0.6092985791537864,0.3907014208462137
DEAP:S17:T19,DEAP:S17,T19,1,7.27,2,1,1,4,unexposed,stimulus_absolute_context,train,10.0,0.22987514667572606,0.7701248533242739
DEAP:S17:T23,DEAP:S17,T23,0,3.62,2,1,1,4,unexposed,stimulus_absolute_context,train,10.0,0.9348027351028445,0.06519726489715551
DEAP:S17:T26,DEAP:S17,T26,0,3.73,2,1,1,4,unexposed,stimulus_absolute_context,train,10.0,0.932610006253218,0.06738999374678202
DEAP:S17:T28,DEAP:S17,T28,1,5.64,2,1,1,4,unexposed,stimulus_absolute_context,train,10.0,0.4790924380183633,0.5209075619816367
DEAP:S17:T30,DEAP:S17,T30,0,3.04,2,1,1,4,unexposed,stimulus_absolute_context,train,10.0,0.6991731922960074,0.30082680770399256
DEAP:S17:T33,DEAP:S17,T33,0,3.83,2,1,1,4,unexposed,stimulus_absolute_context,train,10.0,0.8269229536702136,0.17307704632978632
DEAP:S17:T35,DEAP:S17,T35,0,4.17,2,1,1,4,unexposed,stimulus_absolute_context,train,10.0,0.9446958286160565,0.05530417138394346
DEAP:S17:T36,DEAP:S17,T36,0,3.37,2,1,1,4,unexposed,stimulus_absolute_context,train,10.0,0.8960481018988077,0.10395189810119229
DEAP:S17:T37,DEAP:S17,T37,0,3.46,2,1,1,4,unexposed,stimulus_absolute_context,train,10.0,0.9977760190725035,0.002223980927496593
DEAP:S17:T39,DEAP:S17,T39,1,7.1,2,1,1,4,unexposed,stimulus_absolute_context,train,10.0,0.17733906737693994,0.8226609326230601
DEAP:S17:T40,DEAP:S17,T40,1,5.04,2,1,1,4,unexposed,stimulus_absolute_context,train,10.0,0.2236524604467821,0.7763475395532179
DEAP:S19:T02,DEAP:S19,T02,1,6.46,2,1,1,4,unexposed,stimulus_absolute_context,train,10.0,0.25318354201011295,0.746816457989887
DEAP:S19:T06,DEAP:S19,T06,1,7.73,2,1,1,4,unexposed,stimulus_absolute_context,train,10.0,0.10106765587560673,0.8989323441243933
DEAP:S19:T07,DEAP:S19,T07,1,6.64,2,1,1,4,unexposed,stimulus_absolute_context,train,10.0,0.20553111183656292,0.7944688881634371
DEAP:S19:T09,DEAP:S19,T09,1,7.09,2,1,1,4,unexposed,stimulus_absolute_context,train,10.0,0.2961554553954786,0.7038445446045214
DEAP:S19:T17,DEAP:S19,T17,1,7.38,2,1,1,4,unexposed,stimulus_absolute_context,train,10.0,0.154747147019749,0.845252852980251
DEAP:S19:T19,DEAP:S19,T19,1,7.65,2,1,1,4,unexposed,stimulus_absolute_context,train,10.0,0.026759642432566677,0.9732403575674333
DEAP:S19:T26,DEAP:S19,T26,0,4.95,2,1,1,4,unexposed,stimulus_absolute_context,train,10.0,0.7256902820541331,0.27430971794586684
DEAP:S19:T28,DEAP:S19,T28,1,6.21,2,1,1,4,unexposed,stimulus_absolute_context,train,10.0,0.14573093729584163,0.8542690627041584
DEAP:S19:T30,DEAP:S19,T30,0,2.85,2,1,1,4,unexposed,stimulus_absolute_context,train,10.0,0.9465214289123757,0.053478571087624306
DEAP:S19:T33,DEAP:S19,T33,0,3.4,2,1,1,4,unexposed,stimulus_absolute_context,train,10.0,0.629660438201657,0.37033956179834304
DEAP:S19:T36,DEAP:S19,T36,0,3.71,2,1,1,4,unexposed,stimulus_absolute_context,train,10.0,0.5974663328200973,0.40253366717990274
DEAP:S19:T37,DEAP:S19,T37,0,3.15,2,1,1,4,unexposed,stimulus_absolute_context,train,10.0,0.7939082383369405,0.20609176166305954
DEAP:S19:T39,DEAP:S19,T39,1,5.04,2,1,1,4,unexposed,stimulus_absolute_context,train,10.0,0.6761739569224814,0.32382604307751867
DEAP:S19:T40,DEAP:S19,T40,0,4.24,2,1,1,4,unexposed,stimulus_absolute_context,train,10.0,0.6931087691462818,0.3068912308537181
DEAP:S20:T02,DEAP:S20,T02,1,6.77,2,1,1,4,unexposed,stimulus_absolute_context,train,10.0,0.25581500634537024,0.7441849936546298
DEAP:S20:T06,DEAP:S20,T06,1,7.62,2,1,1,4,unexposed,stimulus_absolute_context,train,10.0,0.07774685328177022,0.9222531467182298
DEAP:S20:T07,DEAP:S20,T07,1,5.27,2,1,1,4,unexposed,stimulus_absolute_context,train,10.0,0.26604316068478506,0.7339568393152149
DEAP:S20:T09,DEAP:S20,T09,1,8.22,2,1,1,4,unexposed,stimulus_absolute_context,train,10.0,0.1063697081078484,0.8936302918921516
DEAP:S20:T17,DEAP:S20,T17,1,5.04,2,1,1,4,unexposed,stimulus_absolute_context,train,10.0,0.2227864461172835,0.7772135538827165
DEAP:S20:T19,DEAP:S20,T19,1,7.59,2,1,1,4,unexposed,stimulus_absolute_context,train,10.0,0.048880846445546355,0.9511191535544536
DEAP:S20:T23,DEAP:S20,T23,0,2.82,2,1,1,4,unexposed,stimulus_absolute_context,train,10.0,0.933477215257876,0.06652278474212406
DEAP:S20:T26,DEAP:S20,T26,0,4.31,2,1,1,4,unexposed,stimulus_absolute_context,train,10.0,0.6041027821852567,0.3958972178147433
DEAP:S20:T28,DEAP:S20,T28,1,5.01,2,1,1,4,unexposed,stimulus_absolute_context,train,10.0,0.3025200681120267,0.6974799318879733
DEAP:S20:T30,DEAP:S20,T30,0,3.49,2,1,1,4,unexposed,stimulus_absolute_context,train,10.0,0.9583136506022284,0.041686349397771646
DEAP:S20:T33,DEAP:S20,T33,0,4.64,2,1,1,4,unexposed,stimulus_absolute_context,train,10.0,0.8746085331699114,0.12539146683008856
DEAP:S20:T36,DEAP:S20,T36,0,4.29,2,1,1,4,unexposed,stimulus_absolute_context,train,10.0,0.8165294360721507,0.1834705639278493
DEAP:S20:T37,DEAP:S20,T37,0,3.01,2,1,1,4,unexposed,stimulus_absolute_context,train,10.0,0.8873088364421752,0.11269116355782485
DEAP:S20:T39,DEAP:S20,T39,0,4.67,2,1,1,4,unexposed,stimulus_absolute_context,train,10.0,0.806558784252993,0.19344121574700698
DEAP:S21:T02,DEAP:S21,T02,1,7.05,2,1,1,4,unexposed,stimulus_absolute_context,train,10.0,0.04458502480502746,0.9554149751949725
DEAP:S21:T06,DEAP:S21,T06,1,7.92,2,1,1,4,unexposed,stimulus_absolute_context,train,10.0,0.0277804162729689,0.9722195837270311
DEAP:S21:T07,DEAP:S21,T07,1,7.05,2,1,1,4,unexposed,stimulus_absolute_context,train,10.0,0.318699590326178,0.681300409673822
DEAP:S21:T09,DEAP:S21,T09,1,8.56,2,1,1,4,unexposed,stimulus_absolute_context,train,10.0,0.02277251146442627,0.9772274885355737
DEAP:S21:T17,DEAP:S21,T17,1,5.53,2,1,1,4,unexposed,stimulus_absolute_context,train,10.0,0.10356641946500833,0.8964335805349917
DEAP:S21:T19,DEAP:S21,T19,1,7.26,2,1,1,4,unexposed,stimulus_absolute_context,train,10.0,0.000640485023406856,0.9993595149765931
DEAP:S21:T23,DEAP:S21,T23,0,4.69,2,1,1,4,unexposed,stimulus_absolute_context,train,10.0,0.8903261914541876,0.10967380854581243
DEAP:S21:T26,DEAP:S21,T26,0,4.06,2,1,1,4,unexposed,stimulus_absolute_context,train,10.0,0.6932361631491165,0.3067638368508835
DEAP:S21:T28,DEAP:S21,T28,0,3.04,2,1,1,4,unexposed,stimulus_absolute_context,train,10.0,0.7332873472794277,0.2667126527205724
DEAP:S21:T30,DEAP:S21,T30,0,3.45,2,1,1,4,unexposed,stimulus_absolute_context,train,10.0,0.9889972290573479,0.011002770942652168
DEAP:S21:T33,DEAP:S21,T33,1,7.03,2,1,1,4,unexposed,stimulus_absolute_context,train,10.0,0.5444689973161491,0.45553100268385094
DEAP:S21:T35,DEAP:S21,T35,0,4.92,2,1,1,4,unexposed,stimulus_absolute_context,train,10.0,0.6407368944289528,0.35926310557104724
DEAP:S21:T36,DEAP:S21,T36,1,6.88,2,1,1,4,unexposed,stimulus_absolute_context,train,10.0,0.5253854948076009,0.4746145051923991
DEAP:S21:T37,DEAP:S21,T37,0,3.04,2,1,1,4,unexposed,stimulus_absolute_context,train,10.0,0.9747653956760698,0.025234604323930192
DEAP:S21:T39,DEAP:S21,T39,1,6.09,2,1,1,4,unexposed,stimulus_absolute_context,train,10.0,0.1597405129202074,0.8402594870797926
DEAP:S21:T40,DEAP:S21,T40,0,3.99,2,1,1,4,unexposed,stimulus_absolute_context,train,10.0,0.593729985557309,0.4062700144426909
DEAP:S23:T02,DEAP:S23,T02,1,9.0,2,1,1,4,unexposed,stimulus_absolute_context,train,10.0,0.29027139503009536,0.7097286049699046
DEAP:S23:T06,DEAP:S23,T06,1,5.09,2,1,1,4,unexposed,stimulus_absolute_context,train,10.0,0.046769853265379746,0.9532301467346203
DEAP:S23:T07,DEAP:S23,T07,1,8.94,2,1,1,4,unexposed,stimulus_absolute_context,train,10.0,0.3066108200858567,0.6933891799141433
DEAP:S23:T09,DEAP:S23,T09,1,7.03,2,1,1,4,unexposed,stimulus_absolute_context,train,10.0,0.018572683765352815,0.9814273162346472
DEAP:S23:T19,DEAP:S23,T19,1,8.15,2,1,1,4,unexposed,stimulus_absolute_context,train,10.0,0.020103491246520888,0.9798965087534791
DEAP:S23:T23,DEAP:S23,T23,0,4.17,2,1,1,4,unexposed,stimulus_absolute_context,train,10.0,0.8457529052334398,0.15424709476656018
DEAP:S23:T26,DEAP:S23,T26,1,8.27,2,1,1,4,unexposed,stimulus_absolute_context,train,10.0,0.5016535511470466,0.4983464488529534
DEAP:S23:T28,DEAP:S23,T28,1,5.04,2,1,1,4,unexposed,stimulus_absolute_context,train,10.0,0.35123517500539625,0.6487648249946038
DEAP:S23:T30,DEAP:S23,T30,0,3.88,2,1,1,4,unexposed,stimulus_absolute_context,train,10.0,0.8613607476730718,0.13863925232692814
DEAP:S23:T33,DEAP:S23,T33,1,5.04,2,1,1,4,unexposed,stimulus_absolute_context,train,10.0,0.39381979017516366,0.6061802098248363
DEAP:S23:T35,DEAP:S23,T35,1,5.18,2,1,1,4,unexposed,stimulus_absolute_context,train,10.0,0.5202700472519053,0.47972995274809466
DEAP:S23:T36,DEAP:S23,T36,0,4.92,2,1,1,4,unexposed,stimulus_absolute_context,train,10.0,0.5489034250216702,0.45109657497832983
DEAP:S23:T37,DEAP:S23,T37,0,4.31,2,1,1,4,unexposed,stimulus_absolute_context,train,10.0,0.49563267981302483,0.5043673201869752
DEAP:S23:T40,DEAP:S23,T40,0,4.88,2,1,1,4,unexposed,stimulus_absolute_context,train,10.0,0.3430126205535343,0.6569873794464657
DEAP:S24:T02,DEAP:S24,T02,1,6.04,2,1,1,4,unexposed,stimulus_absolute_context,train,10.0,0.16960714095543927,0.8303928590445607
DEAP:S24:T06,DEAP:S24,T06,1,5.96,2,1,1,4,unexposed,stimulus_absolute_context,train,10.0,0.18861667332547805,0.811383326674522
DEAP:S24:T07,DEAP:S24,T07,0,3.04,2,1,1,4,unexposed,stimulus_absolute_context,train,10.0,0.6740151392075162,0.32598486079248373
DEAP:S24:T09,DEAP:S24,T09,1,7.08,2,1,1,4,unexposed,stimulus_absolute_context,train,10.0,0.07683421421665781,0.9231657857833422
DEAP:S24:T19,DEAP:S24,T19,1,7.03,2,1,1,4,unexposed,stimulus_absolute_context,train,10.0,0.03365040080366166,0.9663495991963383
DEAP:S24:T23,DEAP:S24,T23,0,1.0,2,1,1,4,unexposed,stimulus_absolute_context,train,10.0,0.9582263537664194,0.041773646233580625
DEAP:S24:T26,DEAP:S24,T26,0,4.05,2,1,1,4,unexposed,stimulus_absolute_context,train,10.0,0.8468380683643809,0.15316193163561906
DEAP:S24:T28,DEAP:S24,T28,0,4.03,2,1,1,4,unexposed,stimulus_absolute_context,train,10.0,0.7810301613957712,0.21896983860422883
DEAP:S24:T30,DEAP:S24,T30,0,1.0,2,1,1,4,unexposed,stimulus_absolute_context,train,10.0,0.9782911503987217,0.021708849601278266
DEAP:S24:T33,DEAP:S24,T33,1,5.01,2,1,1,4,unexposed,stimulus_absolute_context,train,10.0,0.7784736698087071,0.2215263301912929
DEAP:S24:T35,DEAP:S24,T35,0,4.05,2,1,1,4,unexposed,stimulus_absolute_context,train,10.0,0.9133676019919177,0.08663239800808226
DEAP:S24:T36,DEAP:S24,T36,0,4.0,2,1,1,4,unexposed,stimulus_absolute_context,train,10.0,0.8512243823446493,0.1487756176553508
DEAP:S24:T39,DEAP:S24,T39,0,2.12,2,1,1,4,unexposed,stimulus_absolute_context,train,10.0,0.9008697210547075,0.09913027894529249
DEAP:S25:T02,DEAP:S25,T02,0,2.99,2,1,1,4,unexposed,stimulus_absolute_context,train,10.0,0.5308244481190176,0.4691755518809824
DEAP:S25:T07,DEAP:S25,T07,1,6.08,2,1,1,4,unexposed,stimulus_absolute_context,train,10.0,0.34091783458829694,0.6590821654117031
DEAP:S25:T09,DEAP:S25,T09,1,8.09,2,1,1,4,unexposed,stimulus_absolute_context,train,10.0,0.005311027413951508,0.9946889725860485
DEAP:S25:T17,DEAP:S25,T17,1,5.04,2,1,1,4,unexposed,stimulus_absolute_context,train,10.0,0.06963791713119893,0.9303620828688011
DEAP:S25:T19,DEAP:S25,T19,1,7.06,2,1,1,4,unexposed,stimulus_absolute_context,train,10.0,0.1534348493858294,0.8465651506141706
DEAP:S25:T23,DEAP:S25,T23,0,2.01,2,1,1,4,unexposed,stimulus_absolute_context,train,10.0,0.8269371290546779,0.17306287094532213
DEAP:S25:T26,DEAP:S25,T26,0,4.99,2,1,1,4,unexposed,stimulus_absolute_context,train,10.0,0.9117410933785433,0.08825890662145676
DEAP:S25:T28,DEAP:S25,T28,1,5.01,2,1,1,4,unexposed,stimulus_absolute_context,train,10.0,0.8813763469091535,0.1186236530908465
DEAP:S25:T30,DEAP:S25,T30,0,4.03,2,1,1,4,unexposed,stimulus_absolute_context,train,10.0,0.9501329296882647,0.04986707031173528
DEAP:S25:T33,DEAP:S25,T33,0,1.94,2,1,1,4,unexposed,stimulus_absolute_context,train,10.0,0.7487599596873205,0.2512400403126796
DEAP:S25:T35,DEAP:S25,T35,0,3.03,2,1,1,4,unexposed,stimulus_absolute_context,train,10.0,0.9825137544511697,0.01748624554883027
DEAP:S25:T37,DEAP:S25,T37,0,1.0,2,1,1,4,unexposed,stimulus_absolute_context,train,10.0,0.9570649726267991,0.04293502737320084
DEAP:S25:T40,DEAP:S25,T40,0,1.0,2,1,1,4,unexposed,stimulus_absolute_context,train,10.0,0.9488705425981256,0.0511294574018743
DEAP:S27:T02,DEAP:S27,T02,1,7.0,2,1,1,4,unexposed,stimulus_absolute_context,train,10.0,0.006061326920677623,0.9939386730793224
DEAP:S27:T07,DEAP:S27,T07,0,4.94,2,1,1,4,unexposed,stimulus_absolute_context,train,10.0,0.4580703773296636,0.5419296226703364
DEAP:S27:T09,DEAP:S27,T09,1,8.99,2,1,1,4,unexposed,stimulus_absolute_context,train,10.0,0.059480568346113816,0.9405194316538862
DEAP:S27:T17,DEAP:S27,T17,1,9.0,2,1,1,4,unexposed,stimulus_absolute_context,train,10.0,0.0880873356860743,0.9119126643139257
DEAP:S27:T19,DEAP:S27,T19,1,5.06,2,1,1,4,unexposed,stimulus_absolute_context,train,10.0,0.006902629352389389,0.9930973706476106
DEAP:S27:T23,DEAP:S27,T23,1,8.0,2,1,1,4,unexposed,stimulus_absolute_context,train,10.0,0.7446551133169459,0.25534488668305416
DEAP:S27:T28,DEAP:S27,T28,1,5.04,2,1,1,4,unexposed,stimulus_absolute_context,train,10.0,0.3069337813143991,0.6930662186856009
DEAP:S27:T30,DEAP:S27,T30,1,7.08,2,1,1,4,unexposed,stimulus_absolute_context,train,10.0,0.6984205227116747,0.3015794772883254
DEAP:S27:T33,DEAP:S27,T33,1,5.04,2,1,1,4,unexposed,stimulus_absolute_context,train,10.0,0.31974760347033326,0.6802523965296667
DEAP:S27:T35,DEAP:S27,T35,0,1.0,2,1,1,4,unexposed,stimulus_absolute_context,train,10.0,0.3474100672355276,0.6525899327644724
DEAP:S27:T36,DEAP:S27,T36,1,6.13,2,1,1,4,unexposed,stimulus_absolute_context,train,10.0,0.2905590370541037,0.7094409629458963
DEAP:S27:T37,DEAP:S27,T37,0,2.99,2,1,1,4,unexposed,stimulus_absolute_context,train,10.0,0.5584055750306962,0.44159442496930384
DEAP:S27:T39,DEAP:S27,T39,0,2.14,2,1,1,4,unexposed,stimulus_absolute_context,train,10.0,0.5398903581834,0.4601096418166
DEAP:S27:T40,DEAP:S27,T40,1,5.04,2,1,1,4,unexposed,stimulus_absolute_context,train,10.0,0.055478289062891206,0.9445217109371088
DEAP:S28:T02,DEAP:S28,T02,1,7.99,2,1,1,4,unexposed,stimulus_absolute_context,train,10.0,0.11542529507034105,0.884574704929659
DEAP:S28:T06,DEAP:S28,T06,1,8.15,2,1,1,4,unexposed,stimulus_absolute_context,train,10.0,0.19195483312760675,0.8080451668723933
DEAP:S28:T07,DEAP:S28,T07,1,8.09,2,1,1,4,unexposed,stimulus_absolute_context,train,10.0,0.40047487742827703,0.599525122571723
DEAP:S28:T09,DEAP:S28,T09,1,5.04,2,1,1,4,unexposed,stimulus_absolute_context,train,10.0,0.04064972998098071,0.9593502700190193
DEAP:S28:T17,DEAP:S28,T17,1,6.99,2,1,1,4,unexposed,stimulus_absolute_context,train,10.0,0.03834086784380264,0.9616591321561974
DEAP:S28:T19,DEAP:S28,T19,1,7.03,2,1,1,4,unexposed,stimulus_absolute_context,train,10.0,0.03811883301444052,0.9618811669855595
DEAP:S28:T26,DEAP:S28,T26,0,1.99,2,1,1,4,unexposed,stimulus_absolute_context,train,10.0,0.5858825078377409,0.4141174921622591
DEAP:S28:T30,DEAP:S28,T30,0,1.99,2,1,1,4,unexposed,stimulus_absolute_context,train,10.0,0.8756619180855778,0.12433808191442224
DEAP:S28:T33,DEAP:S28,T33,1,7.01,2,1,1,4,unexposed,stimulus_absolute_context,train,10.0,0.3521535273822253,0.6478464726177747
DEAP:S28:T35,DEAP:S28,T35,0,1.08,2,1,1,4,unexposed,stimulus_absolute_context,train,10.0,0.7246754275807594,0.2753245724192406
DEAP:S28:T36,DEAP:S28,T36,0,3.08,2,1,1,4,unexposed,stimulus_absolute_context,train,10.0,0.5367502735485891,0.46324972645141094
DEAP:S28:T40,DEAP:S28,T40,1,7.1,2,1,1,4,unexposed,stimulus_absolute_context,train,10.0,0.3358700195249985,0.6641299804750015
DEAP:S29:T02,DEAP:S29,T02,1,7.05,2,1,1,4,unexposed,stimulus_absolute_context,train,10.0,0.007680849681712898,0.9923191503182871
DEAP:S29:T06,DEAP:S29,T06,1,8.03,2,1,1,4,unexposed,stimulus_absolute_context,train,10.0,0.0026951042719670637,0.9973048957280329
DEAP:S29:T07,DEAP:S29,T07,1,7.04,2,1,1,4,unexposed,stimulus_absolute_context,train,10.0,0.04121322607008915,0.9587867739299109
DEAP:S29:T09,DEAP:S29,T09,1,7.06,2,1,1,4,unexposed,stimulus_absolute_context,train,10.0,0.043742489214954494,0.9562575107850455
DEAP:S29:T17,DEAP:S29,T17,1,5.08,2,1,1,4,unexposed,stimulus_absolute_context,train,10.0,0.02678548391242075,0.9732145160875793
DEAP:S29:T19,DEAP:S29,T19,1,7.05,2,1,1,4,unexposed,stimulus_absolute_context,train,10.0,0.0032427727638804082,0.9967572272361196
DEAP:S29:T26,DEAP:S29,T26,0,3.0,2,1,1,4,unexposed,stimulus_absolute_context,train,10.0,0.6909524350312742,0.30904756496872576
DEAP:S29:T30,DEAP:S29,T30,0,2.95,2,1,1,4,unexposed,stimulus_absolute_context,train,10.0,0.811608996475526,0.18839100352447397
DEAP:S29:T33,DEAP:S29,T33,0,1.99,2,1,1,4,unexposed,stimulus_absolute_context,train,10.0,0.43689225998800707,0.5631077400119929
DEAP:S29:T35,DEAP:S29,T35,0,1.92,2,1,1,4,unexposed,stimulus_absolute_context,train,10.0,0.749786754034319,0.2502132459656809
DEAP:S29:T36,DEAP:S29,T36,1,5.03,2,1,1,4,unexposed,stimulus_absolute_context,train,10.0,0.745384334539471,0.25461566546052905
DEAP:S29:T37,DEAP:S29,T37,1,5.01,2,1,1,4,unexposed,stimulus_absolute_context,train,10.0,0.4926208810942626,0.5073791189057374
DEAP:S29:T39,DEAP:S29,T39,1,6.05,2,1,1,4,unexposed,stimulus_absolute_context,train,10.0,0.1808070833752502,0.8191929166247498
DEAP:S29:T40,DEAP:S29,T40,1,6.01,2,1,1,4,unexposed,stimulus_absolute_context,train,10.0,0.12114495521152502,0.878855044788475
DEAP:S30:T02,DEAP:S30,T02,1,7.15,2,1,1,4,unexposed,stimulus_absolute_context,train,10.0,0.06875098466024243,0.9312490153397576
DEAP:S30:T06,DEAP:S30,T06,1,6.22,2,1,1,4,unexposed,stimulus_absolute_context,train,10.0,0.0070964755461271345,0.9929035244538729
DEAP:S30:T07,DEAP:S30,T07,0,4.05,2,1,1,4,unexposed,stimulus_absolute_context,train,10.0,0.37518860119657216,0.6248113988034278
DEAP:S30:T09,DEAP:S30,T09,1,7.08,2,1,1,4,unexposed,stimulus_absolute_context,train,10.0,0.06831126312242264,0.9316887368775774
DEAP:S30:T17,DEAP:S30,T17,1,7.13,2,1,1,4,unexposed,stimulus_absolute_context,train,10.0,0.013601832701384264,0.9863981672986157
DEAP:S30:T19,DEAP:S30,T19,1,8.27,2,1,1,4,unexposed,stimulus_absolute_context,train,10.0,0.021636319091989598,0.9783636809080104
DEAP:S30:T23,DEAP:S30,T23,0,3.0,2,1,1,4,unexposed,stimulus_absolute_context,train,10.0,0.9288451144359786,0.07115488556402144
DEAP:S30:T26,DEAP:S30,T26,1,5.01,2,1,1,4,unexposed,stimulus_absolute_context,train,10.0,0.3738672743849054,0.6261327256150946
DEAP:S30:T28,DEAP:S30,T28,1,5.06,2,1,1,4,unexposed,stimulus_absolute_context,train,10.0,0.4107295991798049,0.5892704008201951
DEAP:S30:T30,DEAP:S30,T30,0,4.04,2,1,1,4,unexposed,stimulus_absolute_context,train,10.0,0.5162659092544197,0.4837340907455803
DEAP:S30:T33,DEAP:S30,T33,0,3.91,2,1,1,4,unexposed,stimulus_absolute_context,train,10.0,0.5959005834083091,0.40409941659169096
DEAP:S30:T35,DEAP:S30,T35,1,5.04,2,1,1,4,unexposed,stimulus_absolute_context,train,10.0,0.8175401496746078,0.18245985032539228
DEAP:S30:T36,DEAP:S30,T36,0,4.03,2,1,1,4,unexposed,stimulus_absolute_context,train,10.0,0.7313121371362094,0.26868786286379065
DEAP:S30:T40,DEAP:S30,T40,1,5.05,2,1,1,4,unexposed,stimulus_absolute_context,train,10.0,0.37113003524259225,0.6288699647574078
DEAP:S32:T02,DEAP:S32,T02,0,4.99,2,1,1,4,unexposed,stimulus_absolute_context,train,10.0,0.2961587788512505,0.7038412211487495
DEAP:S32:T06,DEAP:S32,T06,1,5.78,2,1,1,4,unexposed,stimulus_absolute_context,train,10.0,0.17355005310359617,0.8264499468964038
DEAP:S32:T07,DEAP:S32,T07,0,4.94,2,1,1,4,unexposed,stimulus_absolute_context,train,10.0,0.6420473985716519,0.357952601428348
DEAP:S32:T09,DEAP:S32,T09,1,7.86,2,1,1,4,unexposed,stimulus_absolute_context,train,10.0,0.18339351361616485,0.8166064863838352
DEAP:S32:T17,DEAP:S32,T17,1,6.09,2,1,1,4,unexposed,stimulus_absolute_context,train,10.0,0.27472156119033664,0.7252784388096634
DEAP:S32:T19,DEAP:S32,T19,1,8.24,2,1,1,4,unexposed,stimulus_absolute_context,train,10.0,0.02788310987791265,0.9721168901220874
DEAP:S32:T23,DEAP:S32,T23,0,3.01,2,1,1,4,unexposed,stimulus_absolute_context,train,10.0,0.9466972747163054,0.05330272528369463
DEAP:S32:T26,DEAP:S32,T26,1,5.14,2,1,1,4,unexposed,stimulus_absolute_context,train,10.0,0.2057455674376364,0.7942544325623636
DEAP:S32:T28,DEAP:S32,T28,1,6.03,2,1,1,4,unexposed,stimulus_absolute_context,train,10.0,0.3898160682669447,0.6101839317330553
DEAP:S32:T30,DEAP:S32,T30,0,1.0,2,1,1,4,unexposed,stimulus_absolute_context,train,10.0,0.9925198794956643,0.007480120504335675
DEAP:S32:T33,DEAP:S32,T33,0,4.06,2,1,1,4,unexposed,stimulus_absolute_context,train,10.0,0.9523124354102768,0.04768756458972322
DEAP:S32:T35,DEAP:S32,T35,0,3.88,2,1,1,4,unexposed,stimulus_absolute_context,train,10.0,0.9639725369900272,0.0360274630099728
DEAP:S32:T36,DEAP:S32,T36,0,3.91,2,1,1,4,unexposed,stimulus_absolute_context,train,10.0,0.838675888063243,0.16132411193675703
DEAP:S32:T39,DEAP:S32,T39,0,3.99,2,1,1,4,unexposed,stimulus_absolute_context,train,10.0,0.9255563953409898,0.07444360465901023
DEAP:S32:T40,DEAP:S32,T40,1,7.15,2,1,1,4,unexposed,stimulus_absolute_context,train,10.0,0.8108393817516306,0.18916061824836933
DEAP:S10:T13,DEAP:S10,T13,1,6.72,2,1,1,4,unexposed,stimulus_absolute_context,validation_unseen,10.0,1.0426459604584437e-06,0.9999989573540395
DEAP:S10:T14,DEAP:S10,T14,1,8.81,2,1,1,4,unexposed,stimulus_absolute_context,validation_unseen,10.0,3.8598495821773326e-07,0.9999996140150418
DEAP:S10:T15,DEAP:S10,T15,1,5.31,2,1,1,4,unexposed,stimulus_absolute_context,validation_unseen,10.0,1.2284540144014144e-06,0.9999987715459856
DEAP:S10:T16,DEAP:S10,T16,0,3.85,2,1,1,4,unexposed,stimulus_absolute_context,validation_unseen,10.0,1.7013659306952533e-06,0.9999982986340693
DEAP:S10:T20,DEAP:S10,T20,1,5.58,2,1,1,4,unexposed,stimulus_absolute_context,validation_unseen,10.0,1.1560192613169207e-06,0.9999988439807387
DEAP:S10:T21,DEAP:S10,T21,0,2.97,2,1,1,4,unexposed,stimulus_absolute_context,validation_unseen,10.0,7.477423480395373e-08,0.9999999252257652
DEAP:S10:T27,DEAP:S10,T27,0,4.94,2,1,1,4,unexposed,stimulus_absolute_context,validation_unseen,10.0,7.450378447515504e-07,0.9999992549621552
DEAP:S10:T38,DEAP:S10,T38,0,1.91,2,1,1,4,unexposed,stimulus_absolute_context,validation_unseen,10.0,2.147881477121416e-07,0.9999997852118523
DEAP:S12:T13,DEAP:S12,T13,1,7.99,2,1,1,4,unexposed,stimulus_absolute_context,validation_unseen,10.0,0.1681876175076953,0.8318123824923047
DEAP:S12:T14,DEAP:S12,T14,1,8.15,2,1,1,4,unexposed,stimulus_absolute_context,validation_unseen,10.0,0.018452294212135345,0.9815477057878647
DEAP:S12:T15,DEAP:S12,T15,1,7.08,2,1,1,4,unexposed,stimulus_absolute_context,validation_unseen,10.0,0.10933452937238664,0.8906654706276134
DEAP:S12:T16,DEAP:S12,T16,1,5.04,2,1,1,4,unexposed,stimulus_absolute_context,validation_unseen,10.0,0.07037413231117418,0.9296258676888258
DEAP:S12:T20,DEAP:S12,T20,1,7.35,2,1,1,4,unexposed,stimulus_absolute_context,validation_unseen,10.0,0.016932419276814215,0.9830675807231858
DEAP:S12:T21,DEAP:S12,T21,0,2.13,2,1,1,4,unexposed,stimulus_absolute_context,validation_unseen,10.0,0.02246038186624899,0.977539618133751
DEAP:S12:T27,DEAP:S12,T27,1,5.05,2,1,1,4,unexposed,stimulus_absolute_context,validation_unseen,10.0,0.13456846148464985,0.8654315385153502
DEAP:S12:T38,DEAP:S12,T38,0,2.85,2,1,1,4,unexposed,stimulus_absolute_context,validation_unseen,10.0,0.02054386920011786,0.9794561307998821
DEAP:S22:T13,DEAP:S22,T13,1,7.01,2,1,1,4,unexposed,stimulus_absolute_context,validation_unseen,10.0,0.019145935909064105,0.9808540640909359
DEAP:S22:T14,DEAP:S22,T14,1,8.05,2,1,1,4,unexposed,stimulus_absolute_context,validation_unseen,10.0,0.03172792660768975,0.9682720733923103
DEAP:S22:T16,DEAP:S22,T16,1,6.06,2,1,1,4,unexposed,stimulus_absolute_context,validation_unseen,10.0,0.06032057548033709,0.9396794245196629
DEAP:S22:T20,DEAP:S22,T20,1,7.08,2,1,1,4,unexposed,stimulus_absolute_context,validation_unseen,10.0,0.037131733469928374,0.9628682665300716
DEAP:S22:T21,DEAP:S22,T21,0,2.97,2,1,1,4,unexposed,stimulus_absolute_context,validation_unseen,10.0,0.05185012556193469,0.9481498744380653
DEAP:S22:T27,DEAP:S22,T27,1,7.06,2,1,1,4,unexposed,stimulus_absolute_context,validation_unseen,10.0,0.020161091342944415,0.9798389086570556
DEAP:S22:T38,DEAP:S22,T38,0,1.0,2,1,1,4,unexposed,stimulus_absolute_context,validation_unseen,10.0,0.029491265455969806,0.9705087345440302
DEAP:S26:T13,DEAP:S26,T13,1,7.12,2,1,1,4,unexposed,stimulus_absolute_context,validation_unseen,10.0,0.9907970669437791,0.009202933056220906
DEAP:S26:T14,DEAP:S26,T14,1,9.0,2,1,1,4,unexposed,stimulus_absolute_context,validation_unseen,10.0,0.9988140196455011,0.0011859803544988546
DEAP:S26:T15,DEAP:S26,T15,1,7.01,2,1,1,4,unexposed,stimulus_absolute_context,validation_unseen,10.0,0.981052072734891,0.018947927265108928
DEAP:S26:T16,DEAP:S26,T16,1,6.19,2,1,1,4,unexposed,stimulus_absolute_context,validation_unseen,10.0,0.9983900628031437,0.0016099371968563043
DEAP:S26:T20,DEAP:S26,T20,1,8.08,2,1,1,4,unexposed,stimulus_absolute_context,validation_unseen,10.0,0.9869243947643758,0.013075605235624205
DEAP:S26:T21,DEAP:S26,T21,1,6.06,2,1,1,4,unexposed,stimulus_absolute_context,validation_unseen,10.0,0.9963222900406755,0.0036777099593244527
DEAP:S26:T27,DEAP:S26,T27,1,6.0,2,1,1,4,unexposed,stimulus_absolute_context,validation_unseen,10.0,0.9970721774490294,0.0029278225509705978
DEAP:S26:T38,DEAP:S26,T38,0,1.15,2,1,1,4,unexposed,stimulus_absolute_context,validation_unseen,10.0,0.9871832263927146,0.012816773607285366
DEAP:S10:T02,DEAP:S10,T02,0,3.55,2,1,1,4,unexposed,stimulus_absolute_context,validation_familiar,10.0,1.579171821086689e-07,0.9999998420828179
DEAP:S10:T06,DEAP:S10,T06,1,7.1,2,1,1,4,unexposed,stimulus_absolute_context,validation_familiar,10.0,6.335163504900265e-10,0.9999999993664836
DEAP:S10:T07,DEAP:S10,T07,1,8.96,2,1,1,4,unexposed,stimulus_absolute_context,validation_familiar,10.0,2.6975333078382846e-10,0.9999999997302467
DEAP:S10:T09,DEAP:S10,T09,1,7.56,2,1,1,4,unexposed,stimulus_absolute_context,validation_familiar,10.0,1.5516790075054132e-09,0.999999998448321
DEAP:S10:T17,DEAP:S10,T17,0,4.95,2,1,1,4,unexposed,stimulus_absolute_context,validation_familiar,10.0,8.11581711834819e-08,0.9999999188418288
DEAP:S10:T19,DEAP:S10,T19,1,7.82,2,1,1,4,unexposed,stimulus_absolute_context,validation_familiar,10.0,3.6460074959165922e-09,0.9999999963539925
DEAP:S10:T23,DEAP:S10,T23,0,2.87,2,1,1,4,unexposed,stimulus_absolute_context,validation_familiar,10.0,5.439397371187482e-06,0.9999945606026288
DEAP:S10:T26,DEAP:S10,T26,0,4.95,2,1,1,4,unexposed,stimulus_absolute_context,validation_familiar,10.0,2.989306379097556e-07,0.9999997010693621
DEAP:S10:T28,DEAP:S10,T28,0,4.31,2,1,1,4,unexposed,stimulus_absolute_context,validation_familiar,10.0,3.9864983284454425e-06,0.9999960135016716
DEAP:S10:T30,DEAP:S10,T30,0,2.64,2,1,1,4,unexposed,stimulus_absolute_context,validation_familiar,10.0,5.837077169168481e-06,0.9999941629228308
DEAP:S10:T33,DEAP:S10,T33,0,4.94,2,1,1,4,unexposed,stimulus_absolute_context,validation_familiar,10.0,7.544249734925401e-07,0.9999992455750265
DEAP:S10:T35,DEAP:S10,T35,0,1.38,2,1,1,4,unexposed,stimulus_absolute_context,validation_familiar,10.0,1.7341918725488625e-06,0.9999982658081275
DEAP:S10:T36,DEAP:S10,T36,0,2.17,2,1,1,4,unexposed,stimulus_absolute_context,validation_familiar,10.0,1.0632493018247757e-06,0.9999989367506982
DEAP:S10:T37,DEAP:S10,T37,0,2.92,2,1,1,4,unexposed,stimulus_absolute_context,validation_familiar,10.0,1.799127355983643e-07,0.9999998200872644
DEAP:S10:T39,DEAP:S10,T39,0,2.17,2,1,1,4,unexposed,stimulus_absolute_context,validation_familiar,10.0,8.606225539997681e-07,0.999999139377446
DEAP:S10:T40,DEAP:S10,T40,1,5.78,2,1,1,4,unexposed,stimulus_absolute_context,validation_familiar,10.0,7.465068452283674e-08,0.9999999253493155
DEAP:S12:T02,DEAP:S12,T02,1,6.09,2,1,1,4,unexposed,stimulus_absolute_context,validation_familiar,10.0,0.007415248301449462,0.9925847516985505
DEAP:S12:T06,DEAP:S12,T06,1,6.65,2,1,1,4,unexposed,stimulus_absolute_context,validation_familiar,10.0,0.0029685151861427173,0.9970314848138573
DEAP:S12:T07,DEAP:S12,T07,1,6.77,2,1,1,4,unexposed,stimulus_absolute_context,validation_familiar,10.0,0.019582875663150756,0.9804171243368492
DEAP:S12:T09,DEAP:S12,T09,1,7.95,2,1,1,4,unexposed,stimulus_absolute_context,validation_familiar,10.0,0.003984708754833144,0.9960152912451669
DEAP:S12:T17,DEAP:S12,T17,0,4.86,2,1,1,4,unexposed,stimulus_absolute_context,validation_familiar,10.0,0.005150379261144589,0.9948496207388554
DEAP:S12:T19,DEAP:S12,T19,1,7.03,2,1,1,4,unexposed,stimulus_absolute_context,validation_familiar,10.0,0.0028254445078020884,0.9971745554921979
DEAP:S12:T23,DEAP:S12,T23,0,1.74,2,1,1,4,unexposed,stimulus_absolute_context,validation_familiar,10.0,0.2534429585103162,0.7465570414896838
DEAP:S12:T26,DEAP:S12,T26,1,6.08,2,1,1,4,unexposed,stimulus_absolute_context,validation_familiar,10.0,0.14147629127246864,0.8585237087275314
DEAP:S12:T28,DEAP:S12,T28,1,5.04,2,1,1,4,unexposed,stimulus_absolute_context,validation_familiar,10.0,0.12915403349229648,0.8708459665077035
DEAP:S12:T30,DEAP:S12,T30,0,3.36,2,1,1,4,unexposed,stimulus_absolute_context,validation_familiar,10.0,0.09858928310010384,0.9014107168998962
DEAP:S12:T33,DEAP:S12,T33,0,1.9,2,1,1,4,unexposed,stimulus_absolute_context,validation_familiar,10.0,0.23415184525111243,0.7658481547488876
DEAP:S12:T35,DEAP:S12,T35,0,1.22,2,1,1,4,unexposed,stimulus_absolute_context,validation_familiar,10.0,0.20256080619283845,0.7974391938071616
DEAP:S12:T36,DEAP:S12,T36,0,2.82,2,1,1,4,unexposed,stimulus_absolute_context,validation_familiar,10.0,0.11720667834073661,0.8827933216592634
DEAP:S12:T37,DEAP:S12,T37,0,1.0,2,1,1,4,unexposed,stimulus_absolute_context,validation_familiar,10.0,0.14220511044477435,0.8577948895552256
DEAP:S12:T39,DEAP:S12,T39,0,3.18,2,1,1,4,unexposed,stimulus_absolute_context,validation_familiar,10.0,0.14799008936092672,0.8520099106390733
DEAP:S12:T40,DEAP:S12,T40,1,6.81,2,1,1,4,unexposed,stimulus_absolute_context,validation_familiar,10.0,0.17694530992409818,0.8230546900759018
DEAP:S22:T02,DEAP:S22,T02,1,7.08,2,1,1,4,unexposed,stimulus_absolute_context,validation_familiar,10.0,0.008162077280276847,0.9918379227197232
DEAP:S22:T06,DEAP:S22,T06,0,4.97,2,1,1,4,unexposed,stimulus_absolute_context,validation_familiar,10.0,0.0011967405568710232,0.998803259443129
DEAP:S22:T07,DEAP:S22,T07,1,6.03,2,1,1,4,unexposed,stimulus_absolute_context,validation_familiar,10.0,0.010505256005753028,0.989494743994247
DEAP:S22:T09,DEAP:S22,T09,1,9.0,2,1,1,4,unexposed,stimulus_absolute_context,validation_familiar,10.0,0.0007165456912400225,0.99928345430876
DEAP:S22:T17,DEAP:S22,T17,1,5.04,2,1,1,4,unexposed,stimulus_absolute_context,validation_familiar,10.0,0.007414235275242431,0.9925857647247576
DEAP:S22:T19,DEAP:S22,T19,1,9.0,2,1,1,4,unexposed,stimulus_absolute_context,validation_familiar,10.0,0.0010206923498404796,0.9989793076501595
DEAP:S22:T23,DEAP:S22,T23,0,2.99,2,1,1,4,unexposed,stimulus_absolute_context,validation_familiar,10.0,0.09000653222745325,0.9099934677725467
DEAP:S22:T28,DEAP:S22,T28,0,4.03,2,1,1,4,unexposed,stimulus_absolute_context,validation_familiar,10.0,0.010532598307358865,0.9894674016926411
DEAP:S22:T30,DEAP:S22,T30,0,1.0,2,1,1,4,unexposed,stimulus_absolute_context,validation_familiar,10.0,0.10120081939614178,0.8987991806038582
DEAP:S22:T33,DEAP:S22,T33,0,1.96,2,1,1,4,unexposed,stimulus_absolute_context,validation_familiar,10.0,0.039458841885241736,0.9605411581147583
DEAP:S22:T35,DEAP:S22,T35,0,1.99,2,1,1,4,unexposed,stimulus_absolute_context,validation_familiar,10.0,0.030333927539395567,0.9696660724606044
DEAP:S22:T36,DEAP:S22,T36,0,1.96,2,1,1,4,unexposed,stimulus_absolute_context,validation_familiar,10.0,0.03109561724863763,0.9689043827513624
DEAP:S22:T37,DEAP:S22,T37,0,1.0,2,1,1,4,unexposed,stimulus_absolute_context,validation_familiar,10.0,0.035873767296103254,0.9641262327038967
DEAP:S22:T39,DEAP:S22,T39,0,1.0,2,1,1,4,unexposed,stimulus_absolute_context,validation_familiar,10.0,0.07047654761605304,0.929523452383947
DEAP:S22:T40,DEAP:S22,T40,0,2.97,2,1,1,4,unexposed,stimulus_absolute_context,validation_familiar,10.0,0.016332314983422913,0.9836676850165771
DEAP:S26:T02,DEAP:S26,T02,1,6.96,2,1,1,4,unexposed,stimulus_absolute_context,validation_familiar,10.0,0.8151880129098901,0.18481198709010996
DEAP:S26:T06,DEAP:S26,T06,1,8.09,2,1,1,4,unexposed,stimulus_absolute_context,validation_familiar,10.0,0.9278869517253294,0.07211304827467054
DEAP:S26:T07,DEAP:S26,T07,1,6.08,2,1,1,4,unexposed,stimulus_absolute_context,validation_familiar,10.0,0.9893818326314111,0.010618167368588942
DEAP:S26:T09,DEAP:S26,T09,1,8.05,2,1,1,4,unexposed,stimulus_absolute_context,validation_familiar,10.0,0.9803072801317448,0.019692719868255205
DEAP:S26:T17,DEAP:S26,T17,1,5.04,2,1,1,4,unexposed,stimulus_absolute_context,validation_familiar,10.0,0.9850906846883885,0.014909315311611541
DEAP:S26:T19,DEAP:S26,T19,1,8.0,2,1,1,4,unexposed,stimulus_absolute_context,validation_familiar,10.0,0.6754934685590538,0.3245065314409462
DEAP:S26:T23,DEAP:S26,T23,0,2.28,2,1,1,4,unexposed,stimulus_absolute_context,validation_familiar,10.0,0.999907267059288,9.273294071202777e-05
DEAP:S26:T26,DEAP:S26,T26,1,5.05,2,1,1,4,unexposed,stimulus_absolute_context,validation_familiar,10.0,0.95512399127098,0.04487600872901994
DEAP:S26:T28,DEAP:S26,T28,1,5.97,2,1,1,4,unexposed,stimulus_absolute_context,validation_familiar,10.0,0.994692571369942,0.005307428630057951
DEAP:S26:T30,DEAP:S26,T30,0,4.95,2,1,1,4,unexposed,stimulus_absolute_context,validation_familiar,10.0,0.9997950085975096,0.0002049914024903898
DEAP:S26:T33,DEAP:S26,T33,0,1.0,2,1,1,4,unexposed,stimulus_absolute_context,validation_familiar,10.0,0.9955061905514455,0.004493809448554525
DEAP:S26:T35,DEAP:S26,T35,0,2.97,2,1,1,4,unexposed,stimulus_absolute_context,validation_familiar,10.0,0.98878988835801,0.011210111641990083
DEAP:S26:T36,DEAP:S26,T36,0,2.92,2,1,1,4,unexposed,stimulus_absolute_context,validation_familiar,10.0,0.9984550075861348,0.0015449924138652065
DEAP:S26:T37,DEAP:S26,T37,0,1.0,2,1,1,4,unexposed,stimulus_absolute_context,validation_familiar,10.0,0.9987386916655676,0.0012613083344323887
DEAP:S26:T39,DEAP:S26,T39,0,1.95,2,1,1,4,unexposed,stimulus_absolute_context,validation_familiar,10.0,0.9964540237533671,0.003545976246632857
DEAP:S26:T40,DEAP:S26,T40,0,3.06,2,1,1,4,unexposed,stimulus_absolute_context,validation_familiar,10.0,0.9985810524044881,0.0014189475955118619
