trial_id,subject_id,material_key,label,original_label,group,source_session,material_rotation,fold,arm,model,role,C,p0,p1
DEAP:S01:T02,DEAP:S01,T02,1,8.1,2,1,2,5,exposed,baseline_relative_context,train,0.01,0.3838892064033357,0.6161107935966643
DEAP:S01:T13,DEAP:S01,T13,0,1.95,2,1,2,5,exposed,baseline_relative_context,train,0.01,0.37892663419463835,0.6210733658053617
DEAP:S01:T14,DEAP:S01,T14,0,4.18,2,1,2,5,exposed,baseline_relative_context,train,0.01,0.1682516498359331,0.8317483501640669
DEAP:S01:T15,DEAP:S01,T15,0,3.17,2,1,2,5,exposed,baseline_relative_context,train,0.01,0.40082530647775616,0.5991746935222438
DEAP:S01:T16,DEAP:S01,T16,1,6.81,2,1,2,5,exposed,baseline_relative_context,train,0.01,0.5143476714056543,0.48565232859434576
DEAP:S01:T19,DEAP:S01,T19,1,7.17,2,1,2,5,exposed,baseline_relative_context,train,0.01,0.259055998109025,0.740944001890975
DEAP:S01:T20,DEAP:S01,T20,1,8.26,2,1,2,5,exposed,baseline_relative_context,train,0.01,0.3033581331360843,0.6966418668639157
DEAP:S01:T21,DEAP:S01,T21,1,9.0,2,1,2,5,exposed,baseline_relative_context,train,0.01,0.6521362865256517,0.34786371347434836
DEAP:S01:T23,DEAP:S01,T23,1,8.15,2,1,2,5,exposed,baseline_relative_context,train,0.01,0.7366706179354797,0.2633293820645203
DEAP:S01:T26,DEAP:S01,T26,1,7.28,2,1,2,5,exposed,baseline_relative_context,train,0.01,0.5104455950375006,0.48955440496249936
DEAP:S01:T27,DEAP:S01,T27,1,7.35,2,1,2,5,exposed,baseline_relative_context,train,0.01,0.36089435809882653,0.6391056419011735
DEAP:S01:T28,DEAP:S01,T28,0,3.88,2,1,2,5,exposed,baseline_relative_context,train,0.01,0.5576058933165082,0.4423941066834917
DEAP:S01:T30,DEAP:S01,T30,0,2.08,2,1,2,5,exposed,baseline_relative_context,train,0.01,0.7934834982308382,0.20651650176916184
DEAP:S01:T33,DEAP:S01,T33,0,3.81,2,1,2,5,exposed,baseline_relative_context,train,0.01,0.7148375916666818,0.28516240833331813
DEAP:S01:T38,DEAP:S01,T38,0,3.33,2,1,2,5,exposed,baseline_relative_context,train,0.01,0.8393213629154997,0.16067863708450028
DEAP:S01:T39,DEAP:S01,T39,0,3.24,2,1,2,5,exposed,baseline_relative_context,train,0.01,0.6982004308362815,0.30179956916371853
DEAP:S02:T02,DEAP:S02,T02,1,8.01,2,1,2,5,exposed,baseline_relative_context,train,0.01,0.24289202689752531,0.7571079731024747
DEAP:S02:T13,DEAP:S02,T13,1,9.0,2,1,2,5,exposed,baseline_relative_context,train,0.01,0.32790777526453496,0.672092224735465
DEAP:S02:T14,DEAP:S02,T14,1,8.94,2,1,2,5,exposed,baseline_relative_context,train,0.01,0.20489229497398553,0.7951077050260145
DEAP:S02:T15,DEAP:S02,T15,1,9.0,2,1,2,5,exposed,baseline_relative_context,train,0.01,0.2112937854918142,0.7887062145081858
DEAP:S02:T16,DEAP:S02,T16,1,6.0,2,1,2,5,exposed,baseline_relative_context,train,0.01,0.47040451840822683,0.5295954815917732
DEAP:S02:T19,DEAP:S02,T19,1,9.0,2,1,2,5,exposed,baseline_relative_context,train,0.01,0.3728809625437801,0.6271190374562199
DEAP:S02:T20,DEAP:S02,T20,1,8.97,2,1,2,5,exposed,baseline_relative_context,train,0.01,0.20856551677898183,0.7914344832210182
DEAP:S02:T23,DEAP:S02,T23,0,1.0,2,1,2,5,exposed,baseline_relative_context,train,0.01,0.7519534859479577,0.2480465140520423
DEAP:S02:T26,DEAP:S02,T26,1,9.0,2,1,2,5,exposed,baseline_relative_context,train,0.01,0.5792801136559583,0.42071988634404167
DEAP:S02:T27,DEAP:S02,T27,0,4.96,2,1,2,5,exposed,baseline_relative_context,train,0.01,0.475017965422426,0.524982034577574
DEAP:S02:T28,DEAP:S02,T28,0,4.06,2,1,2,5,exposed,baseline_relative_context,train,0.01,0.5056048834622968,0.49439511653770324
DEAP:S02:T30,DEAP:S02,T30,0,2.01,2,1,2,5,exposed,baseline_relative_context,train,0.01,0.7448031400194766,0.2551968599805235
DEAP:S02:T38,DEAP:S02,T38,0,1.0,2,1,2,5,exposed,baseline_relative_context,train,0.01,0.728875778786064,0.271124221213936
DEAP:S02:T39,DEAP:S02,T39,0,1.0,2,1,2,5,exposed,baseline_relative_context,train,0.01,0.6082295511250169,0.3917704488749832
DEAP:S03:T13,DEAP:S03,T13,1,7.91,2,1,2,5,exposed,baseline_relative_context,train,0.01,0.5538979313549302,0.44610206864506985
DEAP:S03:T14,DEAP:S03,T14,1,7.29,2,1,2,5,exposed,baseline_relative_context,train,0.01,0.26535268819058466,0.7346473118094153
DEAP:S03:T15,DEAP:S03,T15,1,7.36,2,1,2,5,exposed,baseline_relative_context,train,0.01,0.21828446987399064,0.7817155301260094
DEAP:S03:T16,DEAP:S03,T16,1,7.15,2,1,2,5,exposed,baseline_relative_context,train,0.01,0.34142300297904027,0.6585769970209597
DEAP:S03:T20,DEAP:S03,T20,1,6.26,2,1,2,5,exposed,baseline_relative_context,train,0.01,0.4556436200816908,0.5443563799183092
DEAP:S03:T21,DEAP:S03,T21,0,4.99,2,1,2,5,exposed,baseline_relative_context,train,0.01,0.6101077593847635,0.38989224061523653
DEAP:S03:T23,DEAP:S03,T23,0,3.65,2,1,2,5,exposed,baseline_relative_context,train,0.01,0.7855943601877904,0.2144056398122096
DEAP:S03:T26,DEAP:S03,T26,0,4.67,2,1,2,5,exposed,baseline_relative_context,train,0.01,0.45163986803636236,0.5483601319636376
DEAP:S03:T27,DEAP:S03,T27,1,6.72,2,1,2,5,exposed,baseline_relative_context,train,0.01,0.4891792196270349,0.5108207803729651
DEAP:S03:T28,DEAP:S03,T28,1,5.59,2,1,2,5,exposed,baseline_relative_context,train,0.01,0.4404073627986328,0.5595926372013672
DEAP:S03:T30,DEAP:S03,T30,0,3.87,2,1,2,5,exposed,baseline_relative_context,train,0.01,0.8486831322699693,0.15131686773003075
DEAP:S03:T33,DEAP:S03,T33,0,4.05,2,1,2,5,exposed,baseline_relative_context,train,0.01,0.6874259842612805,0.31257401573871946
DEAP:S03:T38,DEAP:S03,T38,0,4.53,2,1,2,5,exposed,baseline_relative_context,train,0.01,0.8223144813818554,0.17768551861814466
DEAP:S03:T39,DEAP:S03,T39,0,4.33,2,1,2,5,exposed,baseline_relative_context,train,0.01,0.7294558742901613,0.2705441257098387
DEAP:S05:T02,DEAP:S05,T02,1,9.0,2,1,2,5,exposed,baseline_relative_context,train,0.01,0.3479667136357979,0.6520332863642021
DEAP:S05:T13,DEAP:S05,T13,0,4.94,2,1,2,5,exposed,baseline_relative_context,train,0.01,0.3358607587914495,0.6641392412085505
DEAP:S05:T14,DEAP:S05,T14,1,7.21,2,1,2,5,exposed,baseline_relative_context,train,0.01,0.32155668850098573,0.6784433114990143
DEAP:S05:T15,DEAP:S05,T15,1,6.97,2,1,2,5,exposed,baseline_relative_context,train,0.01,0.21567037151899116,0.7843296284810088
DEAP:S05:T16,DEAP:S05,T16,1,5.96,2,1,2,5,exposed,baseline_relative_context,train,0.01,0.5056775616987406,0.49432243830125944
DEAP:S05:T19,DEAP:S05,T19,1,8.03,2,1,2,5,exposed,baseline_relative_context,train,0.01,0.2513056565647158,0.7486943434352842
DEAP:S05:T20,DEAP:S05,T20,1,7.0,2,1,2,5,exposed,baseline_relative_context,train,0.01,0.3159115331723563,0.6840884668276437
DEAP:S05:T21,DEAP:S05,T21,0,4.0,2,1,2,5,exposed,baseline_relative_context,train,0.01,0.6447881258080624,0.35521187419193756
DEAP:S05:T23,DEAP:S05,T23,0,1.0,2,1,2,5,exposed,baseline_relative_context,train,0.01,0.7600232289406843,0.23997677105931572
DEAP:S05:T26,DEAP:S05,T26,1,7.96,2,1,2,5,exposed,baseline_relative_context,train,0.01,0.4831599094803368,0.5168400905196632
DEAP:S05:T27,DEAP:S05,T27,1,7.0,2,1,2,5,exposed,baseline_relative_context,train,0.01,0.35933072684764944,0.6406692731523506
DEAP:S05:T30,DEAP:S05,T30,0,2.94,2,1,2,5,exposed,baseline_relative_context,train,0.01,0.7974660071371282,0.2025339928628718
DEAP:S05:T33,DEAP:S05,T33,1,5.17,2,1,2,5,exposed,baseline_relative_context,train,0.01,0.5648930414850462,0.43510695851495385
DEAP:S05:T38,DEAP:S05,T38,0,1.0,2,1,2,5,exposed,baseline_relative_context,train,0.01,0.792900769806886,0.2070992301931141
DEAP:S05:T39,DEAP:S05,T39,0,1.0,2,1,2,5,exposed,baseline_relative_context,train,0.01,0.6236943315953449,0.3763056684046551
DEAP:S06:T02,DEAP:S06,T02,1,6.83,2,1,2,5,exposed,baseline_relative_context,train,0.01,0.24353263914406753,0.7564673608559325
DEAP:S06:T13,DEAP:S06,T13,1,7.79,2,1,2,5,exposed,baseline_relative_context,train,0.01,0.3170053212789785,0.6829946787210215
DEAP:S06:T14,DEAP:S06,T14,1,6.32,2,1,2,5,exposed,baseline_relative_context,train,0.01,0.2264675829665218,0.7735324170334782
DEAP:S06:T15,DEAP:S06,T15,1,5.59,2,1,2,5,exposed,baseline_relative_context,train,0.01,0.32661057917170255,0.6733894208282974
DEAP:S06:T16,DEAP:S06,T16,1,5.06,2,1,2,5,exposed,baseline_relative_context,train,0.01,0.6319770915607831,0.3680229084392169
DEAP:S06:T19,DEAP:S06,T19,1,7.41,2,1,2,5,exposed,baseline_relative_context,train,0.01,0.21118379040056012,0.7888162095994399
DEAP:S06:T20,DEAP:S06,T20,1,5.01,2,1,2,5,exposed,baseline_relative_context,train,0.01,0.27760364762446277,0.7223963523755372
DEAP:S06:T21,DEAP:S06,T21,1,6.28,2,1,2,5,exposed,baseline_relative_context,train,0.01,0.6637539185089378,0.3362460814910621
DEAP:S06:T23,DEAP:S06,T23,0,3.47,2,1,2,5,exposed,baseline_relative_context,train,0.01,0.7146812169984597,0.28531878300154034
DEAP:S06:T27,DEAP:S06,T27,1,5.08,2,1,2,5,exposed,baseline_relative_context,train,0.01,0.4573549692079366,0.5426450307920634
DEAP:S06:T28,DEAP:S06,T28,1,6.42,2,1,2,5,exposed,baseline_relative_context,train,0.01,0.5009274960890191,0.4990725039109809
DEAP:S06:T30,DEAP:S06,T30,1,6.99,2,1,2,5,exposed,baseline_relative_context,train,0.01,0.6992088243192296,0.30079117568077046
DEAP:S06:T33,DEAP:S06,T33,1,6.68,2,1,2,5,exposed,baseline_relative_context,train,0.01,0.5954486516403195,0.4045513483596805
DEAP:S06:T38,DEAP:S06,T38,0,4.44,2,1,2,5,exposed,baseline_relative_context,train,0.01,0.6739402290579402,0.32605977094205985
DEAP:S06:T39,DEAP:S06,T39,1,6.56,2,1,2,5,exposed,baseline_relative_context,train,0.01,0.5762631922036712,0.4237368077963288
DEAP:S08:T02,DEAP:S08,T02,1,5.04,2,1,2,5,exposed,baseline_relative_context,train,0.01,0.33381685464291244,0.6661831453570876
DEAP:S08:T13,DEAP:S08,T13,1,7.9,2,1,2,5,exposed,baseline_relative_context,train,0.01,0.21031014218843314,0.7896898578115669
DEAP:S08:T14,DEAP:S08,T14,1,6.88,2,1,2,5,exposed,baseline_relative_context,train,0.01,0.3093812723330823,0.6906187276669177
DEAP:S08:T15,DEAP:S08,T15,1,8.33,2,1,2,5,exposed,baseline_relative_context,train,0.01,0.19634202737424433,0.8036579726257557
DEAP:S08:T16,DEAP:S08,T16,0,4.21,2,1,2,5,exposed,baseline_relative_context,train,0.01,0.5785996863028229,0.42140031369717706
DEAP:S08:T19,DEAP:S08,T19,1,5.04,2,1,2,5,exposed,baseline_relative_context,train,0.01,0.1100616062519223,0.8899383937480777
DEAP:S08:T20,DEAP:S08,T20,1,6.74,2,1,2,5,exposed,baseline_relative_context,train,0.01,0.3011669660506021,0.6988330339493979
DEAP:S08:T23,DEAP:S08,T23,0,3.59,2,1,2,5,exposed,baseline_relative_context,train,0.01,0.8439062206380997,0.15609377936190028
DEAP:S08:T26,DEAP:S08,T26,0,4.99,2,1,2,5,exposed,baseline_relative_context,train,0.01,0.5008783897848583,0.4991216102151416
DEAP:S08:T27,DEAP:S08,T27,0,4.46,2,1,2,5,exposed,baseline_relative_context,train,0.01,0.4236956530215714,0.5763043469784286
DEAP:S08:T28,DEAP:S08,T28,1,5.04,2,1,2,5,exposed,baseline_relative_context,train,0.01,0.4811464272086221,0.5188535727913779
DEAP:S08:T30,DEAP:S08,T30,0,1.4,2,1,2,5,exposed,baseline_relative_context,train,0.01,0.6286001066461689,0.37139989335383106
DEAP:S08:T33,DEAP:S08,T33,0,4.44,2,1,2,5,exposed,baseline_relative_context,train,0.01,0.6713903977238216,0.32860960227617847
DEAP:S08:T38,DEAP:S08,T38,0,4.72,2,1,2,5,exposed,baseline_relative_context,train,0.01,0.8135686400686386,0.18643135993136142
DEAP:S08:T39,DEAP:S08,T39,1,5.05,2,1,2,5,exposed,baseline_relative_context,train,0.01,0.392266617557781,0.607733382442219
DEAP:S09:T02,DEAP:S09,T02,1,7.08,2,1,2,5,exposed,baseline_relative_context,train,0.01,0.2787172817541663,0.7212827182458337
DEAP:S09:T13,DEAP:S09,T13,1,8.15,2,1,2,5,exposed,baseline_relative_context,train,0.01,0.44898207997756745,0.5510179200224326
DEAP:S09:T14,DEAP:S09,T14,1,7.0,2,1,2,5,exposed,baseline_relative_context,train,0.01,0.3009730269070706,0.6990269730929294
DEAP:S09:T15,DEAP:S09,T15,1,6.21,2,1,2,5,exposed,baseline_relative_context,train,0.01,0.3031525362150037,0.6968474637849963
DEAP:S09:T16,DEAP:S09,T16,0,4.05,2,1,2,5,exposed,baseline_relative_context,train,0.01,0.6500184678226734,0.34998153217732664
DEAP:S09:T19,DEAP:S09,T19,0,3.97,2,1,2,5,exposed,baseline_relative_context,train,0.01,0.6448868584195346,0.3551131415804653
DEAP:S09:T21,DEAP:S09,T21,0,4.04,2,1,2,5,exposed,baseline_relative_context,train,0.01,0.7298628882018792,0.2701371117981209
DEAP:S09:T26,DEAP:S09,T26,0,4.1,2,1,2,5,exposed,baseline_relative_context,train,0.01,0.5764603719917551,0.42353962800824485
DEAP:S09:T27,DEAP:S09,T27,1,5.04,2,1,2,5,exposed,baseline_relative_context,train,0.01,0.42576494468917747,0.5742350553108225
DEAP:S09:T28,DEAP:S09,T28,0,2.96,2,1,2,5,exposed,baseline_relative_context,train,0.01,0.5296967441159632,0.47030325588403676
DEAP:S09:T30,DEAP:S09,T30,0,4.04,2,1,2,5,exposed,baseline_relative_context,train,0.01,0.6872084773832696,0.3127915226167304
DEAP:S09:T33,DEAP:S09,T33,0,3.08,2,1,2,5,exposed,baseline_relative_context,train,0.01,0.5911869408156076,0.4088130591843924
DEAP:S09:T38,DEAP:S09,T38,0,2.92,2,1,2,5,exposed,baseline_relative_context,train,0.01,0.9059683669210299,0.09403163307897015
DEAP:S09:T39,DEAP:S09,T39,0,3.17,2,1,2,5,exposed,baseline_relative_context,train,0.01,0.6484865996570994,0.3515134003429005
DEAP:S11:T02,DEAP:S11,T02,1,5.67,2,1,2,5,exposed,baseline_relative_context,train,0.01,0.5374072664063834,0.46259273359361663
DEAP:S11:T13,DEAP:S11,T13,1,8.42,2,1,2,5,exposed,baseline_relative_context,train,0.01,0.32050802550611235,0.6794919744938877
DEAP:S11:T14,DEAP:S11,T14,1,7.96,2,1,2,5,exposed,baseline_relative_context,train,0.01,0.11155173679410535,0.8884482632058947
DEAP:S11:T15,DEAP:S11,T15,1,6.92,2,1,2,5,exposed,baseline_relative_context,train,0.01,0.19062290938016135,0.8093770906198386
DEAP:S11:T16,DEAP:S11,T16,0,4.35,2,1,2,5,exposed,baseline_relative_context,train,0.01,0.3870836198985993,0.6129163801014007
DEAP:S11:T19,DEAP:S11,T19,1,5.54,2,1,2,5,exposed,baseline_relative_context,train,0.01,0.1940533627562716,0.8059466372437284
DEAP:S11:T20,DEAP:S11,T20,1,6.0,2,1,2,5,exposed,baseline_relative_context,train,0.01,0.23915944486353713,0.7608405551364629
DEAP:S11:T21,DEAP:S11,T21,0,3.27,2,1,2,5,exposed,baseline_relative_context,train,0.01,0.7146729021633449,0.28532709783665505
DEAP:S11:T26,DEAP:S11,T26,1,5.49,2,1,2,5,exposed,baseline_relative_context,train,0.01,0.3483371123578388,0.6516628876421612
DEAP:S11:T28,DEAP:S11,T28,0,4.26,2,1,2,5,exposed,baseline_relative_context,train,0.01,0.36491069003478893,0.6350893099652111
DEAP:S11:T30,DEAP:S11,T30,0,4.58,2,1,2,5,exposed,baseline_relative_context,train,0.01,0.8417183083442388,0.15828169165576123
DEAP:S11:T33,DEAP:S11,T33,1,5.64,2,1,2,5,exposed,baseline_relative_context,train,0.01,0.49798497536921593,0.5020150246307841
DEAP:S11:T38,DEAP:S11,T38,0,1.35,2,1,2,5,exposed,baseline_relative_context,train,0.01,0.6233964465497361,0.37660355345026386
DEAP:S13:T02,DEAP:S13,T02,0,4.03,2,1,2,5,exposed,baseline_relative_context,train,0.01,0.24795407124197388,0.7520459287580261
DEAP:S13:T13,DEAP:S13,T13,1,9.0,2,1,2,5,exposed,baseline_relative_context,train,0.01,0.2533313586917054,0.7466686413082946
DEAP:S13:T14,DEAP:S13,T14,1,7.97,2,1,2,5,exposed,baseline_relative_context,train,0.01,0.12953715865130266,0.8704628413486973
DEAP:S13:T15,DEAP:S13,T15,0,4.94,2,1,2,5,exposed,baseline_relative_context,train,0.01,0.23349234186526968,0.7665076581347303
DEAP:S13:T19,DEAP:S13,T19,1,8.51,2,1,2,5,exposed,baseline_relative_context,train,0.01,0.1447618850252772,0.8552381149747228
DEAP:S13:T20,DEAP:S13,T20,1,7.6,2,1,2,5,exposed,baseline_relative_context,train,0.01,0.26934556407581456,0.7306544359241854
DEAP:S13:T21,DEAP:S13,T21,0,2.0,2,1,2,5,exposed,baseline_relative_context,train,0.01,0.577162831755959,0.42283716824404105
DEAP:S13:T23,DEAP:S13,T23,0,1.0,2,1,2,5,exposed,baseline_relative_context,train,0.01,0.7330832387341102,0.2669167612658898
DEAP:S13:T26,DEAP:S13,T26,1,5.04,2,1,2,5,exposed,baseline_relative_context,train,0.01,0.3553502092370239,0.6446497907629761
DEAP:S13:T27,DEAP:S13,T27,1,5.47,2,1,2,5,exposed,baseline_relative_context,train,0.01,0.28313485753055423,0.7168651424694458
DEAP:S13:T28,DEAP:S13,T28,1,7.08,2,1,2,5,exposed,baseline_relative_context,train,0.01,0.38189880070416315,0.6181011992958368
DEAP:S13:T30,DEAP:S13,T30,0,3.05,2,1,2,5,exposed,baseline_relative_context,train,0.01,0.626140897969494,0.37385910203050593
DEAP:S13:T33,DEAP:S13,T33,0,4.55,2,1,2,5,exposed,baseline_relative_context,train,0.01,0.5626624868843643,0.43733751311563573
DEAP:S13:T38,DEAP:S13,T38,0,1.0,2,1,2,5,exposed,baseline_relative_context,train,0.01,0.7258348575128163,0.2741651424871837
DEAP:S13:T39,DEAP:S13,T39,0,1.97,2,1,2,5,exposed,baseline_relative_context,train,0.01,0.5371635282207164,0.46283647177928355
DEAP:S14:T02,DEAP:S14,T02,1,6.05,2,1,2,5,exposed,baseline_relative_context,train,0.01,0.27738870781040814,0.7226112921895919
DEAP:S14:T13,DEAP:S14,T13,1,6.79,2,1,2,5,exposed,baseline_relative_context,train,0.01,0.34629952164724087,0.6537004783527591
DEAP:S14:T14,DEAP:S14,T14,1,8.03,2,1,2,5,exposed,baseline_relative_context,train,0.01,0.30675054242250577,0.6932494575774942
DEAP:S14:T15,DEAP:S14,T15,1,7.08,2,1,2,5,exposed,baseline_relative_context,train,0.01,0.2370388155948039,0.7629611844051961
DEAP:S14:T16,DEAP:S14,T16,0,3.96,2,1,2,5,exposed,baseline_relative_context,train,0.01,0.45996560741438564,0.5400343925856144
DEAP:S14:T19,DEAP:S14,T19,1,7.55,2,1,2,5,exposed,baseline_relative_context,train,0.01,0.2180200078762673,0.7819799921237327
DEAP:S14:T21,DEAP:S14,T21,0,1.03,2,1,2,5,exposed,baseline_relative_context,train,0.01,0.6802298066656666,0.31977019333433343
DEAP:S14:T23,DEAP:S14,T23,0,2.41,2,1,2,5,exposed,baseline_relative_context,train,0.01,0.6531907835372399,0.34680921646276003
DEAP:S14:T26,DEAP:S14,T26,0,3.28,2,1,2,5,exposed,baseline_relative_context,train,0.01,0.39631581234608404,0.603684187653916
DEAP:S14:T27,DEAP:S14,T27,1,5.81,2,1,2,5,exposed,baseline_relative_context,train,0.01,0.4178427758127671,0.5821572241872329
DEAP:S14:T28,DEAP:S14,T28,0,2.53,2,1,2,5,exposed,baseline_relative_context,train,0.01,0.4398669712969223,0.5601330287030777
DEAP:S14:T30,DEAP:S14,T30,0,1.1,2,1,2,5,exposed,baseline_relative_context,train,0.01,0.7376655165933799,0.26233448340662013
DEAP:S14:T33,DEAP:S14,T33,0,3.18,2,1,2,5,exposed,baseline_relative_context,train,0.01,0.606092093811093,0.393907906188907
DEAP:S14:T38,DEAP:S14,T38,0,2.26,2,1,2,5,exposed,baseline_relative_context,train,0.01,0.7422189976786953,0.25778100232130474
DEAP:S14:T39,DEAP:S14,T39,1,6.65,2,1,2,5,exposed,baseline_relative_context,train,0.01,0.5229604280214708,0.47703957197852925
DEAP:S15:T02,DEAP:S15,T02,1,5.04,2,1,2,5,exposed,baseline_relative_context,train,0.01,0.31047748216926097,0.689522517830739
DEAP:S15:T14,DEAP:S15,T14,1,8.15,2,1,2,5,exposed,baseline_relative_context,train,0.01,0.2599230470044477,0.7400769529955523
DEAP:S15:T15,DEAP:S15,T15,1,8.12,2,1,2,5,exposed,baseline_relative_context,train,0.01,0.22580891115584867,0.7741910888441513
DEAP:S15:T16,DEAP:S15,T16,0,4.17,2,1,2,5,exposed,baseline_relative_context,train,0.01,0.5844279939303576,0.4155720060696424
DEAP:S15:T19,DEAP:S15,T19,1,7.04,2,1,2,5,exposed,baseline_relative_context,train,0.01,0.27408335653136096,0.725916643468639
DEAP:S15:T20,DEAP:S15,T20,1,7.97,2,1,2,5,exposed,baseline_relative_context,train,0.01,0.272791517050623,0.727208482949377
DEAP:S15:T21,DEAP:S15,T21,0,3.09,2,1,2,5,exposed,baseline_relative_context,train,0.01,0.6677874109886176,0.3322125890113824
DEAP:S15:T23,DEAP:S15,T23,0,3.05,2,1,2,5,exposed,baseline_relative_context,train,0.01,0.849636982104594,0.15036301789540593
DEAP:S15:T26,DEAP:S15,T26,0,4.96,2,1,2,5,exposed,baseline_relative_context,train,0.01,0.5411646145474229,0.458835385452577
DEAP:S15:T27,DEAP:S15,T27,1,6.0,2,1,2,5,exposed,baseline_relative_context,train,0.01,0.3135218921308589,0.6864781078691411
DEAP:S15:T28,DEAP:S15,T28,0,4.01,2,1,2,5,exposed,baseline_relative_context,train,0.01,0.4314285170607075,0.5685714829392925
DEAP:S15:T30,DEAP:S15,T30,0,2.04,2,1,2,5,exposed,baseline_relative_context,train,0.01,0.8762874136227559,0.12371258637724408
DEAP:S15:T33,DEAP:S15,T33,0,3.01,2,1,2,5,exposed,baseline_relative_context,train,0.01,0.70010136531284,0.29989863468716005
DEAP:S15:T38,DEAP:S15,T38,0,2.08,2,1,2,5,exposed,baseline_relative_context,train,0.01,0.8891575569518544,0.11084244304814561
DEAP:S15:T39,DEAP:S15,T39,0,4.0,2,1,2,5,exposed,baseline_relative_context,train,0.01,0.855572395195843,0.14442760480415698
DEAP:S16:T02,DEAP:S16,T02,1,6.45,2,1,2,5,exposed,baseline_relative_context,train,0.01,0.40436259597211344,0.5956374040278866
DEAP:S16:T13,DEAP:S16,T13,0,3.88,2,1,2,5,exposed,baseline_relative_context,train,0.01,0.6971676438113363,0.3028323561886637
DEAP:S16:T16,DEAP:S16,T16,0,4.97,2,1,2,5,exposed,baseline_relative_context,train,0.01,0.6576805343760528,0.34231946562394727
DEAP:S16:T21,DEAP:S16,T21,0,4.42,2,1,2,5,exposed,baseline_relative_context,train,0.01,0.7734712927143286,0.2265287072856714
DEAP:S16:T23,DEAP:S16,T23,0,3.9,2,1,2,5,exposed,baseline_relative_context,train,0.01,0.7746702615051031,0.22532973849489693
DEAP:S16:T26,DEAP:S16,T26,0,1.82,2,1,2,5,exposed,baseline_relative_context,train,0.01,0.8087724966877332,0.19122750331226682
DEAP:S16:T27,DEAP:S16,T27,0,2.59,2,1,2,5,exposed,baseline_relative_context,train,0.01,0.5877088676131841,0.4122911323868159
DEAP:S16:T30,DEAP:S16,T30,1,6.1,2,1,2,5,exposed,baseline_relative_context,train,0.01,0.6996741769415189,0.30032582305848105
DEAP:S16:T33,DEAP:S16,T33,0,1.0,2,1,2,5,exposed,baseline_relative_context,train,0.01,0.9343573406190793,0.0656426593809207
DEAP:S16:T38,DEAP:S16,T38,0,4.27,2,1,2,5,exposed,baseline_relative_context,train,0.01,0.9108051517922297,0.08919484820777032
DEAP:S16:T39,DEAP:S16,T39,1,6.13,2,1,2,5,exposed,baseline_relative_context,train,0.01,0.6347944851925679,0.36520551480743213
DEAP:S17:T02,DEAP:S17,T02,1,7.26,2,1,2,5,exposed,baseline_relative_context,train,0.01,0.2920941292850622,0.7079058707149378
DEAP:S17:T14,DEAP:S17,T14,1,6.58,2,1,2,5,exposed,baseline_relative_context,train,0.01,0.2313641471150445,0.7686358528849555
DEAP:S17:T15,DEAP:S17,T15,1,5.96,2,1,2,5,exposed,baseline_relative_context,train,0.01,0.20462190088314847,0.7953780991168515
DEAP:S17:T16,DEAP:S17,T16,1,5.92,2,1,2,5,exposed,baseline_relative_context,train,0.01,0.3121917477503998,0.6878082522496002
DEAP:S17:T19,DEAP:S17,T19,1,7.27,2,1,2,5,exposed,baseline_relative_context,train,0.01,0.2121893818544034,0.7878106181455966
DEAP:S17:T20,DEAP:S17,T20,1,7.03,2,1,2,5,exposed,baseline_relative_context,train,0.01,0.39149511684347593,0.6085048831565241
DEAP:S17:T21,DEAP:S17,T21,0,4.0,2,1,2,5,exposed,baseline_relative_context,train,0.01,0.6885644688979515,0.3114355311020485
DEAP:S17:T23,DEAP:S17,T23,0,3.62,2,1,2,5,exposed,baseline_relative_context,train,0.01,0.5621105112284843,0.43788948877151573
DEAP:S17:T26,DEAP:S17,T26,0,3.73,2,1,2,5,exposed,baseline_relative_context,train,0.01,0.40776861171577994,0.5922313882842201
DEAP:S17:T27,DEAP:S17,T27,0,3.96,2,1,2,5,exposed,baseline_relative_context,train,0.01,0.4649352189815228,0.5350647810184772
DEAP:S17:T28,DEAP:S17,T28,1,5.64,2,1,2,5,exposed,baseline_relative_context,train,0.01,0.3166876929739181,0.6833123070260819
DEAP:S17:T33,DEAP:S17,T33,0,3.83,2,1,2,5,exposed,baseline_relative_context,train,0.01,0.5987268917477958,0.4012731082522042
DEAP:S17:T38,DEAP:S17,T38,0,3.6,2,1,2,5,exposed,baseline_relative_context,train,0.01,0.7760621181953647,0.22393788180463525
DEAP:S17:T39,DEAP:S17,T39,1,7.1,2,1,2,5,exposed,baseline_relative_context,train,0.01,0.48384500146211706,0.5161549985378829
DEAP:S18:T02,DEAP:S18,T02,1,6.87,2,1,2,5,exposed,baseline_relative_context,train,0.01,0.13297361430425858,0.8670263856957414
DEAP:S18:T13,DEAP:S18,T13,1,7.33,2,1,2,5,exposed,baseline_relative_context,train,0.01,0.363030741959273,0.636969258040727
DEAP:S18:T14,DEAP:S18,T14,1,6.62,2,1,2,5,exposed,baseline_relative_context,train,0.01,0.25390898565379394,0.7460910143462061
DEAP:S18:T15,DEAP:S18,T15,1,6.04,2,1,2,5,exposed,baseline_relative_context,train,0.01,0.36763191634851555,0.6323680836514844
DEAP:S18:T16,DEAP:S18,T16,0,4.38,2,1,2,5,exposed,baseline_relative_context,train,0.01,0.551944338510153,0.448055661489847
DEAP:S18:T19,DEAP:S18,T19,1,7.04,2,1,2,5,exposed,baseline_relative_context,train,0.01,0.22942058239490548,0.7705794176050945
DEAP:S18:T21,DEAP:S18,T21,0,3.92,2,1,2,5,exposed,baseline_relative_context,train,0.01,0.7550972147780319,0.24490278522196804
DEAP:S18:T23,DEAP:S18,T23,0,3.71,2,1,2,5,exposed,baseline_relative_context,train,0.01,0.7581102232182552,0.24188977678174486
DEAP:S18:T26,DEAP:S18,T26,1,5.44,2,1,2,5,exposed,baseline_relative_context,train,0.01,0.4478172156226883,0.5521827843773117
DEAP:S18:T27,DEAP:S18,T27,1,5.94,2,1,2,5,exposed,baseline_relative_context,train,0.01,0.5919341289200124,0.40806587107998754
DEAP:S18:T28,DEAP:S18,T28,1,5.95,2,1,2,5,exposed,baseline_relative_context,train,0.01,0.5141747840071406,0.48582521599285944
DEAP:S18:T30,DEAP:S18,T30,0,2.96,2,1,2,5,exposed,baseline_relative_context,train,0.01,0.7602449116718952,0.2397550883281048
DEAP:S18:T33,DEAP:S18,T33,0,4.56,2,1,2,5,exposed,baseline_relative_context,train,0.01,0.8834185019536342,0.11658149804636575
DEAP:S18:T38,DEAP:S18,T38,0,4.51,2,1,2,5,exposed,baseline_relative_context,train,0.01,0.7743976533665871,0.22560234663341291
DEAP:S18:T39,DEAP:S18,T39,0,4.06,2,1,2,5,exposed,baseline_relative_context,train,0.01,0.5848024063431625,0.41519759365683756
DEAP:S19:T02,DEAP:S19,T02,1,6.46,2,1,2,5,exposed,baseline_relative_context,train,0.01,0.31180269984855713,0.6881973001514429
DEAP:S19:T13,DEAP:S19,T13,1,7.53,2,1,2,5,exposed,baseline_relative_context,train,0.01,0.3433528556745644,0.6566471443254356
DEAP:S19:T14,DEAP:S19,T14,1,6.76,2,1,2,5,exposed,baseline_relative_context,train,0.01,0.20350678650465326,0.7964932134953467
DEAP:S19:T15,DEAP:S19,T15,1,5.68,2,1,2,5,exposed,baseline_relative_context,train,0.01,0.35245901449185824,0.6475409855081418
DEAP:S19:T16,DEAP:S19,T16,0,3.24,2,1,2,5,exposed,baseline_relative_context,train,0.01,0.5501027217530174,0.4498972782469826
DEAP:S19:T19,DEAP:S19,T19,1,7.65,2,1,2,5,exposed,baseline_relative_context,train,0.01,0.2045913421489537,0.7954086578510463
DEAP:S19:T20,DEAP:S19,T20,1,6.13,2,1,2,5,exposed,baseline_relative_context,train,0.01,0.3343023932155591,0.6656976067844409
DEAP:S19:T21,DEAP:S19,T21,0,2.19,2,1,2,5,exposed,baseline_relative_context,train,0.01,0.8955474732643021,0.10445252673569792
DEAP:S19:T23,DEAP:S19,T23,0,3.77,2,1,2,5,exposed,baseline_relative_context,train,0.01,0.7406572118211829,0.2593427881788171
DEAP:S19:T26,DEAP:S19,T26,0,4.95,2,1,2,5,exposed,baseline_relative_context,train,0.01,0.4426567748812892,0.5573432251187108
DEAP:S19:T27,DEAP:S19,T27,0,4.97,2,1,2,5,exposed,baseline_relative_context,train,0.01,0.6257637471094903,0.3742362528905096
DEAP:S19:T28,DEAP:S19,T28,1,6.21,2,1,2,5,exposed,baseline_relative_context,train,0.01,0.5086594315628388,0.49134056843716123
DEAP:S19:T33,DEAP:S19,T33,0,3.4,2,1,2,5,exposed,baseline_relative_context,train,0.01,0.5652704486468476,0.43472955135315244
DEAP:S19:T38,DEAP:S19,T38,0,1.62,2,1,2,5,exposed,baseline_relative_context,train,0.01,0.7078633016472149,0.29213669835278516
DEAP:S19:T39,DEAP:S19,T39,1,5.04,2,1,2,5,exposed,baseline_relative_context,train,0.01,0.5898745469139508,0.4101254530860492
DEAP:S20:T02,DEAP:S20,T02,1,6.77,2,1,2,5,exposed,baseline_relative_context,train,0.01,0.3252180751624175,0.6747819248375825
DEAP:S20:T14,DEAP:S20,T14,1,6.4,2,1,2,5,exposed,baseline_relative_context,train,0.01,0.2499564901911484,0.7500435098088516
DEAP:S20:T15,DEAP:S20,T15,1,6.35,2,1,2,5,exposed,baseline_relative_context,train,0.01,0.17635317955891372,0.8236468204410863
DEAP:S20:T16,DEAP:S20,T16,1,5.03,2,1,2,5,exposed,baseline_relative_context,train,0.01,0.47187297624805913,0.5281270237519409
DEAP:S20:T19,DEAP:S20,T19,1,7.59,2,1,2,5,exposed,baseline_relative_context,train,0.01,0.15713480921733913,0.8428651907826609
DEAP:S20:T20,DEAP:S20,T20,1,6.65,2,1,2,5,exposed,baseline_relative_context,train,0.01,0.3423931393290217,0.6576068606709783
DEAP:S20:T21,DEAP:S20,T21,0,4.97,2,1,2,5,exposed,baseline_relative_context,train,0.01,0.7324081707846374,0.2675918292153626
DEAP:S20:T23,DEAP:S20,T23,0,2.82,2,1,2,5,exposed,baseline_relative_context,train,0.01,0.7050856860022785,0.29491431399772156
DEAP:S20:T26,DEAP:S20,T26,0,4.31,2,1,2,5,exposed,baseline_relative_context,train,0.01,0.436154557066056,0.563845442933944
DEAP:S20:T27,DEAP:S20,T27,1,5.03,2,1,2,5,exposed,baseline_relative_context,train,0.01,0.45256991804750957,0.5474300819524904
DEAP:S20:T28,DEAP:S20,T28,1,5.01,2,1,2,5,exposed,baseline_relative_context,train,0.01,0.43194308451974495,0.568056915480255
DEAP:S20:T30,DEAP:S20,T30,0,3.49,2,1,2,5,exposed,baseline_relative_context,train,0.01,0.7862017555730147,0.21379824442698525
DEAP:S20:T33,DEAP:S20,T33,0,4.64,2,1,2,5,exposed,baseline_relative_context,train,0.01,0.7031859038954655,0.29681409610453446
DEAP:S20:T38,DEAP:S20,T38,0,3.38,2,1,2,5,exposed,baseline_relative_context,train,0.01,0.6523454166859837,0.34765458331401633
DEAP:S20:T39,DEAP:S20,T39,0,4.67,2,1,2,5,exposed,baseline_relative_context,train,0.01,0.6830800039923568,0.31691999600764315
DEAP:S21:T02,DEAP:S21,T02,1,7.05,2,1,2,5,exposed,baseline_relative_context,train,0.01,0.24457370413135804,0.755426295868642
DEAP:S21:T13,DEAP:S21,T13,0,4.27,2,1,2,5,exposed,baseline_relative_context,train,0.01,0.5795035279599767,0.4204964720400232
DEAP:S21:T14,DEAP:S21,T14,1,8.1,2,1,2,5,exposed,baseline_relative_context,train,0.01,0.2755769273827744,0.7244230726172256
DEAP:S21:T15,DEAP:S21,T15,1,6.92,2,1,2,5,exposed,baseline_relative_context,train,0.01,0.2898600947791369,0.7101399052208631
DEAP:S21:T16,DEAP:S21,T16,1,5.99,2,1,2,5,exposed,baseline_relative_context,train,0.01,0.40332425268410277,0.5966757473158972
DEAP:S21:T19,DEAP:S21,T19,1,7.26,2,1,2,5,exposed,baseline_relative_context,train,0.01,0.23482362033784288,0.7651763796621571
DEAP:S21:T20,DEAP:S21,T20,0,2.33,2,1,2,5,exposed,baseline_relative_context,train,0.01,0.2679411189851013,0.7320588810148987
DEAP:S21:T21,DEAP:S21,T21,0,4.08,2,1,2,5,exposed,baseline_relative_context,train,0.01,0.7542978136097395,0.2457021863902605
DEAP:S21:T23,DEAP:S21,T23,0,4.69,2,1,2,5,exposed,baseline_relative_context,train,0.01,0.8052000419048053,0.19479995809519465
DEAP:S21:T27,DEAP:S21,T27,0,4.01,2,1,2,5,exposed,baseline_relative_context,train,0.01,0.49089982300488744,0.5091001769951126
DEAP:S21:T30,DEAP:S21,T30,0,3.45,2,1,2,5,exposed,baseline_relative_context,train,0.01,0.8200129466438498,0.1799870533561502
DEAP:S21:T33,DEAP:S21,T33,1,7.03,2,1,2,5,exposed,baseline_relative_context,train,0.01,0.5450710827633938,0.4549289172366062
DEAP:S21:T38,DEAP:S21,T38,0,3.03,2,1,2,5,exposed,baseline_relative_context,train,0.01,0.7492154268394917,0.25078457316050834
DEAP:S21:T39,DEAP:S21,T39,1,6.09,2,1,2,5,exposed,baseline_relative_context,train,0.01,0.36596224132688326,0.6340377586731167
DEAP:S23:T02,DEAP:S23,T02,1,9.0,2,1,2,5,exposed,baseline_relative_context,train,0.01,0.32023915870936703,0.679760841290633
DEAP:S23:T13,DEAP:S23,T13,1,8.01,2,1,2,5,exposed,baseline_relative_context,train,0.01,0.22597163813374488,0.7740283618662551
DEAP:S23:T14,DEAP:S23,T14,1,8.01,2,1,2,5,exposed,baseline_relative_context,train,0.01,0.2368470354566483,0.7631529645433517
DEAP:S23:T15,DEAP:S23,T15,1,7.0,2,1,2,5,exposed,baseline_relative_context,train,0.01,0.27572453295428134,0.7242754670457187
DEAP:S23:T16,DEAP:S23,T16,1,5.15,2,1,2,5,exposed,baseline_relative_context,train,0.01,0.48644931674986336,0.5135506832501366
DEAP:S23:T19,DEAP:S23,T19,1,8.15,2,1,2,5,exposed,baseline_relative_context,train,0.01,0.21927455582974675,0.7807254441702532
DEAP:S23:T20,DEAP:S23,T20,0,3.96,2,1,2,5,exposed,baseline_relative_context,train,0.01,0.20546706003691373,0.7945329399630863
DEAP:S23:T21,DEAP:S23,T21,0,1.91,2,1,2,5,exposed,baseline_relative_context,train,0.01,0.6438385786009301,0.3561614213990699
DEAP:S23:T23,DEAP:S23,T23,0,4.17,2,1,2,5,exposed,baseline_relative_context,train,0.01,0.6601682545043401,0.3398317454956598
DEAP:S23:T26,DEAP:S23,T26,1,8.27,2,1,2,5,exposed,baseline_relative_context,train,0.01,0.4686516216654564,0.5313483783345436
DEAP:S23:T27,DEAP:S23,T27,1,5.06,2,1,2,5,exposed,baseline_relative_context,train,0.01,0.3659142746628127,0.6340857253371873
DEAP:S23:T28,DEAP:S23,T28,1,5.04,2,1,2,5,exposed,baseline_relative_context,train,0.01,0.3996755191334773,0.6003244808665227
DEAP:S23:T30,DEAP:S23,T30,0,3.88,2,1,2,5,exposed,baseline_relative_context,train,0.01,0.6896632061906391,0.31033679380936086
DEAP:S23:T33,DEAP:S23,T33,1,5.04,2,1,2,5,exposed,baseline_relative_context,train,0.01,0.5887157459968503,0.4112842540031497
DEAP:S23:T38,DEAP:S23,T38,0,4.97,2,1,2,5,exposed,baseline_relative_context,train,0.01,0.7555437968446205,0.24445620315537955
DEAP:S25:T02,DEAP:S25,T02,0,2.99,2,1,2,5,exposed,baseline_relative_context,train,0.01,0.32093711353455523,0.6790628864654448
DEAP:S25:T13,DEAP:S25,T13,1,7.97,2,1,2,5,exposed,baseline_relative_context,train,0.01,0.5018056601652208,0.49819433983477923
DEAP:S25:T15,DEAP:S25,T15,1,7.01,2,1,2,5,exposed,baseline_relative_context,train,0.01,0.22159135500958982,0.7784086449904102
DEAP:S25:T16,DEAP:S25,T16,1,6.05,2,1,2,5,exposed,baseline_relative_context,train,0.01,0.4530623626186441,0.5469376373813559
DEAP:S25:T19,DEAP:S25,T19,1,7.06,2,1,2,5,exposed,baseline_relative_context,train,0.01,0.2571704346256162,0.7428295653743838
DEAP:S25:T21,DEAP:S25,T21,1,6.03,2,1,2,5,exposed,baseline_relative_context,train,0.01,0.5907045725783383,0.4092954274216617
DEAP:S25:T23,DEAP:S25,T23,0,2.01,2,1,2,5,exposed,baseline_relative_context,train,0.01,0.5867682090616454,0.4132317909383546
DEAP:S25:T26,DEAP:S25,T26,0,4.99,2,1,2,5,exposed,baseline_relative_context,train,0.01,0.6194358281226608,0.38056417187733915
DEAP:S25:T30,DEAP:S25,T30,0,4.03,2,1,2,5,exposed,baseline_relative_context,train,0.01,0.6825394515492569,0.31746054845074306
DEAP:S25:T33,DEAP:S25,T33,0,1.94,2,1,2,5,exposed,baseline_relative_context,train,0.01,0.5263641998618398,0.4736358001381602
DEAP:S25:T38,DEAP:S25,T38,0,1.0,2,1,2,5,exposed,baseline_relative_context,train,0.01,0.9060141507295569,0.09398584927044307
DEAP:S25:T39,DEAP:S25,T39,0,1.0,2,1,2,5,exposed,baseline_relative_context,train,0.01,0.5444231285924335,0.4555768714075665
DEAP:S27:T02,DEAP:S27,T02,1,7.0,2,1,2,5,exposed,baseline_relative_context,train,0.01,0.3275334682909622,0.6724665317090378
DEAP:S27:T13,DEAP:S27,T13,1,7.01,2,1,2,5,exposed,baseline_relative_context,train,0.01,0.42677698539297226,0.5732230146070277
DEAP:S27:T14,DEAP:S27,T14,1,8.06,2,1,2,5,exposed,baseline_relative_context,train,0.01,0.18229179282629748,0.8177082071737025
DEAP:S27:T15,DEAP:S27,T15,1,5.04,2,1,2,5,exposed,baseline_relative_context,train,0.01,0.25511139581246467,0.7448886041875353
DEAP:S27:T16,DEAP:S27,T16,1,8.06,2,1,2,5,exposed,baseline_relative_context,train,0.01,0.38729012238257465,0.6127098776174253
DEAP:S27:T19,DEAP:S27,T19,1,5.06,2,1,2,5,exposed,baseline_relative_context,train,0.01,0.19511867388835447,0.8048813261116455
DEAP:S27:T20,DEAP:S27,T20,1,6.97,2,1,2,5,exposed,baseline_relative_context,train,0.01,0.3079620623098349,0.6920379376901651
DEAP:S27:T21,DEAP:S27,T21,1,9.0,2,1,2,5,exposed,baseline_relative_context,train,0.01,0.5948841827427813,0.4051158172572187
DEAP:S27:T23,DEAP:S27,T23,1,8.0,2,1,2,5,exposed,baseline_relative_context,train,0.01,0.7821133091040979,0.21788669089590212
DEAP:S27:T26,DEAP:S27,T26,1,5.04,2,1,2,5,exposed,baseline_relative_context,train,0.01,0.48733188945244565,0.5126681105475543
DEAP:S27:T27,DEAP:S27,T27,0,4.97,2,1,2,5,exposed,baseline_relative_context,train,0.01,0.38330271449200604,0.616697285507994
DEAP:S27:T28,DEAP:S27,T28,1,5.04,2,1,2,5,exposed,baseline_relative_context,train,0.01,0.38603609651111315,0.6139639034888869
DEAP:S27:T30,DEAP:S27,T30,1,7.08,2,1,2,5,exposed,baseline_relative_context,train,0.01,0.7762319792968814,0.22376802070311866
DEAP:S27:T33,DEAP:S27,T33,1,5.04,2,1,2,5,exposed,baseline_relative_context,train,0.01,0.539538468209515,0.460461531790485
DEAP:S27:T39,DEAP:S27,T39,0,2.14,2,1,2,5,exposed,baseline_relative_context,train,0.01,0.6864054605099801,0.3135945394900199
DEAP:S28:T02,DEAP:S28,T02,1,7.99,2,1,2,5,exposed,baseline_relative_context,train,0.01,0.320858496789712,0.679141503210288
DEAP:S28:T13,DEAP:S28,T13,0,2.09,2,1,2,5,exposed,baseline_relative_context,train,0.01,0.3724331690904815,0.6275668309095185
DEAP:S28:T14,DEAP:S28,T14,1,8.03,2,1,2,5,exposed,baseline_relative_context,train,0.01,0.3379815460960478,0.6620184539039522
DEAP:S28:T15,DEAP:S28,T15,1,5.04,2,1,2,5,exposed,baseline_relative_context,train,0.01,0.3125149594751314,0.6874850405248686
DEAP:S28:T16,DEAP:S28,T16,1,6.91,2,1,2,5,exposed,baseline_relative_context,train,0.01,0.5045021732202307,0.4954978267797693
DEAP:S28:T19,DEAP:S28,T19,1,7.03,2,1,2,5,exposed,baseline_relative_context,train,0.01,0.18448596106484516,0.8155140389351548
DEAP:S28:T20,DEAP:S28,T20,1,8.04,2,1,2,5,exposed,baseline_relative_context,train,0.01,0.2120061253344282,0.7879938746655718
DEAP:S28:T21,DEAP:S28,T21,0,2.01,2,1,2,5,exposed,baseline_relative_context,train,0.01,0.7399271632164051,0.260072836783595
DEAP:S28:T23,DEAP:S28,T23,0,2.03,2,1,2,5,exposed,baseline_relative_context,train,0.01,0.7579143149960779,0.2420856850039222
DEAP:S28:T26,DEAP:S28,T26,0,1.99,2,1,2,5,exposed,baseline_relative_context,train,0.01,0.5488182953531886,0.45118170464681145
DEAP:S28:T27,DEAP:S28,T27,1,6.08,2,1,2,5,exposed,baseline_relative_context,train,0.01,0.4453414333908985,0.5546585666091015
DEAP:S28:T28,DEAP:S28,T28,0,2.9,2,1,2,5,exposed,baseline_relative_context,train,0.01,0.4805040768296337,0.5194959231703663
DEAP:S28:T30,DEAP:S28,T30,0,1.99,2,1,2,5,exposed,baseline_relative_context,train,0.01,0.6865675288230115,0.31343247117698847
DEAP:S28:T33,DEAP:S28,T33,1,7.01,2,1,2,5,exposed,baseline_relative_context,train,0.01,0.6934028560346109,0.30659714396538906
DEAP:S28:T38,DEAP:S28,T38,0,1.96,2,1,2,5,exposed,baseline_relative_context,train,0.01,0.7608838366011621,0.2391161633988379
DEAP:S28:T39,DEAP:S28,T39,0,1.04,2,1,2,5,exposed,baseline_relative_context,train,0.01,0.5682426516616803,0.4317573483383197
DEAP:S30:T02,DEAP:S30,T02,1,7.15,2,1,2,5,exposed,baseline_relative_context,train,0.01,0.24428241591102817,0.7557175840889718
DEAP:S30:T13,DEAP:S30,T13,0,4.04,2,1,2,5,exposed,baseline_relative_context,train,0.01,0.34620365042269163,0.6537963495773084
DEAP:S30:T14,DEAP:S30,T14,1,5.04,2,1,2,5,exposed,baseline_relative_context,train,0.01,0.19259830782935083,0.8074016921706492
DEAP:S30:T15,DEAP:S30,T15,1,5.01,2,1,2,5,exposed,baseline_relative_context,train,0.01,0.36156929764081525,0.6384307023591848
DEAP:S30:T16,DEAP:S30,T16,1,5.04,2,1,2,5,exposed,baseline_relative_context,train,0.01,0.35845068354096976,0.6415493164590302
DEAP:S30:T19,DEAP:S30,T19,1,8.27,2,1,2,5,exposed,baseline_relative_context,train,0.01,0.29446828100514033,0.7055317189948597
DEAP:S30:T20,DEAP:S30,T20,1,7.26,2,1,2,5,exposed,baseline_relative_context,train,0.01,0.15497364523768165,0.8450263547623184
DEAP:S30:T21,DEAP:S30,T21,0,3.05,2,1,2,5,exposed,baseline_relative_context,train,0.01,0.6291162035767901,0.37088379642320995
DEAP:S30:T23,DEAP:S30,T23,0,3.0,2,1,2,5,exposed,baseline_relative_context,train,0.01,0.6619625414252048,0.3380374585747952
DEAP:S30:T26,DEAP:S30,T26,1,5.01,2,1,2,5,exposed,baseline_relative_context,train,0.01,0.45098096125438825,0.5490190387456118
DEAP:S30:T27,DEAP:S30,T27,1,8.01,2,1,2,5,exposed,baseline_relative_context,train,0.01,0.323867348114121,0.676132651885879
DEAP:S30:T28,DEAP:S30,T28,1,5.06,2,1,2,5,exposed,baseline_relative_context,train,0.01,0.3895744311482515,0.6104255688517485
DEAP:S30:T30,DEAP:S30,T30,0,4.04,2,1,2,5,exposed,baseline_relative_context,train,0.01,0.5621116751247666,0.4378883248752335
DEAP:S30:T33,DEAP:S30,T33,0,3.91,2,1,2,5,exposed,baseline_relative_context,train,0.01,0.5733724983001509,0.4266275016998491
DEAP:S30:T38,DEAP:S30,T38,1,5.04,2,1,2,5,exposed,baseline_relative_context,train,0.01,0.7310103417997176,0.26898965820028237
DEAP:S30:T39,DEAP:S30,T39,0,2.97,2,1,2,5,exposed,baseline_relative_context,train,0.01,0.48308317955168545,0.5169168204483146
DEAP:S31:T02,DEAP:S31,T02,1,5.03,2,1,2,5,exposed,baseline_relative_context,train,0.01,0.41347291976456146,0.5865270802354385
DEAP:S31:T13,DEAP:S31,T13,1,8.09,2,1,2,5,exposed,baseline_relative_context,train,0.01,0.2332313851430795,0.7667686148569205
DEAP:S31:T14,DEAP:S31,T14,1,8.06,2,1,2,5,exposed,baseline_relative_context,train,0.01,0.2922523031646671,0.7077476968353329
DEAP:S31:T15,DEAP:S31,T15,1,6.05,2,1,2,5,exposed,baseline_relative_context,train,0.01,0.28632645065358886,0.7136735493464111
DEAP:S31:T16,DEAP:S31,T16,1,6.09,2,1,2,5,exposed,baseline_relative_context,train,0.01,0.38215427872706287,0.6178457212729371
DEAP:S31:T19,DEAP:S31,T19,1,7.95,2,1,2,5,exposed,baseline_relative_context,train,0.01,0.2079059859253638,0.7920940140746362
DEAP:S31:T20,DEAP:S31,T20,1,6.9,2,1,2,5,exposed,baseline_relative_context,train,0.01,0.3054250630121612,0.6945749369878388
DEAP:S31:T21,DEAP:S31,T21,1,5.09,2,1,2,5,exposed,baseline_relative_context,train,0.01,0.6376588232390477,0.3623411767609524
DEAP:S31:T23,DEAP:S31,T23,0,1.0,2,1,2,5,exposed,baseline_relative_context,train,0.01,0.6631539720915128,0.33684602790848717
DEAP:S31:T26,DEAP:S31,T26,1,7.08,2,1,2,5,exposed,baseline_relative_context,train,0.01,0.29443663117027086,0.7055633688297291
DEAP:S31:T28,DEAP:S31,T28,1,5.01,2,1,2,5,exposed,baseline_relative_context,train,0.01,0.49825594378975013,0.5017440562102499
DEAP:S31:T30,DEAP:S31,T30,0,3.13,2,1,2,5,exposed,baseline_relative_context,train,0.01,0.6551753855687255,0.3448246144312745
DEAP:S31:T33,DEAP:S31,T33,0,4.18,2,1,2,5,exposed,baseline_relative_context,train,0.01,0.5109531490983462,0.4890468509016538
DEAP:S31:T38,DEAP:S31,T38,0,1.0,2,1,2,5,exposed,baseline_relative_context,train,0.01,0.7646166057905762,0.23538339420942375
DEAP:S31:T39,DEAP:S31,T39,0,1.0,2,1,2,5,exposed,baseline_relative_context,train,0.01,0.7836507135027972,0.21634928649720275
DEAP:S32:T02,DEAP:S32,T02,0,4.99,2,1,2,5,exposed,baseline_relative_context,train,0.01,0.3675030628435205,0.6324969371564795
DEAP:S32:T13,DEAP:S32,T13,1,7.09,2,1,2,5,exposed,baseline_relative_context,train,0.01,0.37174210940238017,0.6282578905976198
DEAP:S32:T14,DEAP:S32,T14,1,7.1,2,1,2,5,exposed,baseline_relative_context,train,0.01,0.2688040744281075,0.7311959255718925
DEAP:S32:T15,DEAP:S32,T15,1,5.01,2,1,2,5,exposed,baseline_relative_context,train,0.01,0.2813733471544312,0.7186266528455688
DEAP:S32:T16,DEAP:S32,T16,0,3.97,2,1,2,5,exposed,baseline_relative_context,train,0.01,0.5153296351572196,0.4846703648427803
DEAP:S32:T20,DEAP:S32,T20,1,6.03,2,1,2,5,exposed,baseline_relative_context,train,0.01,0.39473640565405854,0.6052635943459415
DEAP:S32:T21,DEAP:S32,T21,0,4.12,2,1,2,5,exposed,baseline_relative_context,train,0.01,0.7182827019804487,0.2817172980195513
DEAP:S32:T23,DEAP:S32,T23,0,3.01,2,1,2,5,exposed,baseline_relative_context,train,0.01,0.7265795388884859,0.2734204611115141
DEAP:S32:T26,DEAP:S32,T26,1,5.14,2,1,2,5,exposed,baseline_relative_context,train,0.01,0.6305818257794067,0.3694181742205933
DEAP:S32:T27,DEAP:S32,T27,1,6.0,2,1,2,5,exposed,baseline_relative_context,train,0.01,0.4045114187521458,0.5954885812478542
DEAP:S32:T28,DEAP:S32,T28,1,6.03,2,1,2,5,exposed,baseline_relative_context,train,0.01,0.4025809282605911,0.5974190717394089
DEAP:S32:T30,DEAP:S32,T30,0,1.0,2,1,2,5,exposed,baseline_relative_context,train,0.01,0.6142788555932999,0.38572114440670013
DEAP:S32:T33,DEAP:S32,T33,0,4.06,2,1,2,5,exposed,baseline_relative_context,train,0.01,0.6186080152794072,0.38139198472059277
DEAP:S32:T38,DEAP:S32,T38,0,3.05,2,1,2,5,exposed,baseline_relative_context,train,0.01,0.7865434065594852,0.2134565934405148
DEAP:S32:T39,DEAP:S32,T39,0,3.99,2,1,2,5,exposed,baseline_relative_context,train,0.01,0.6368326957426156,0.36316730425738447
DEAP:S04:T06,DEAP:S04,T06,1,5.01,2,1,2,5,exposed,baseline_relative_context,validation_unseen,0.01,0.25525213874044783,0.7447478612595522
DEAP:S04:T07,DEAP:S04,T07,0,2.94,2,1,2,5,exposed,baseline_relative_context,validation_unseen,0.01,0.34672195888108226,0.6532780411189177
DEAP:S04:T09,DEAP:S04,T09,1,6.05,2,1,2,5,exposed,baseline_relative_context,validation_unseen,0.01,0.4267579933285809,0.5732420066714191
DEAP:S04:T17,DEAP:S04,T17,1,7.01,2,1,2,5,exposed,baseline_relative_context,validation_unseen,0.01,0.44809454424791795,0.551905455752082
DEAP:S04:T35,DEAP:S04,T35,0,2.03,2,1,2,5,exposed,baseline_relative_context,validation_unseen,0.01,0.22831643568523852,0.7716835643147615
DEAP:S04:T36,DEAP:S04,T36,0,2.72,2,1,2,5,exposed,baseline_relative_context,validation_unseen,0.01,0.8227436727717667,0.17725632722823323
DEAP:S04:T37,DEAP:S04,T37,0,1.0,2,1,2,5,exposed,baseline_relative_context,validation_unseen,0.01,0.17042129822166852,0.8295787017783315
DEAP:S04:T40,DEAP:S04,T40,0,1.86,2,1,2,5,exposed,baseline_relative_context,validation_unseen,0.01,0.22149966080108408,0.7785003391989159
DEAP:S07:T06,DEAP:S07,T06,1,6.97,2,1,2,5,exposed,baseline_relative_context,validation_unseen,0.01,0.5093357861891892,0.4906642138108109
DEAP:S07:T07,DEAP:S07,T07,1,7.08,2,1,2,5,exposed,baseline_relative_context,validation_unseen,0.01,0.5087012572296047,0.4912987427703953
DEAP:S07:T09,DEAP:S07,T09,1,6.99,2,1,2,5,exposed,baseline_relative_context,validation_unseen,0.01,0.46936006436359157,0.5306399356364084
DEAP:S07:T17,DEAP:S07,T17,1,7.12,2,1,2,5,exposed,baseline_relative_context,validation_unseen,0.01,0.4563954730984914,0.5436045269015086
DEAP:S07:T35,DEAP:S07,T35,1,5.01,2,1,2,5,exposed,baseline_relative_context,validation_unseen,0.01,0.5761563945451926,0.42384360545480737
DEAP:S07:T36,DEAP:S07,T36,1,8.1,2,1,2,5,exposed,baseline_relative_context,validation_unseen,0.01,0.5232077064487377,0.4767922935512623
DEAP:S07:T37,DEAP:S07,T37,1,5.05,2,1,2,5,exposed,baseline_relative_context,validation_unseen,0.01,0.5211944219286189,0.47880557807138113
DEAP:S07:T40,DEAP:S07,T40,1,7.01,2,1,2,5,exposed,baseline_relative_context,validation_unseen,0.01,0.5726100291730967,0.4273899708269034
DEAP:S24:T06,DEAP:S24,T06,1,5.96,2,1,2,5,exposed,baseline_relative_context,validation_unseen,0.01,0.4688522379382638,0.5311477620617362
DEAP:S24:T07,DEAP:S24,T07,0,3.04,2,1,2,5,exposed,baseline_relative_context,validation_unseen,0.01,0.5477816338088177,0.4522183661911822
DEAP:S24:T09,DEAP:S24,T09,1,7.08,2,1,2,5,exposed,baseline_relative_context,validation_unseen,0.01,0.6534026988630777,0.34659730113692233
DEAP:S24:T17,DEAP:S24,T17,0,4.08,2,1,2,5,exposed,baseline_relative_context,validation_unseen,0.01,0.6272675741473701,0.3727324258526299
DEAP:S24:T35,DEAP:S24,T35,0,4.05,2,1,2,5,exposed,baseline_relative_context,validation_unseen,0.01,0.6373396004823803,0.36266039951761975
DEAP:S24:T36,DEAP:S24,T36,0,4.0,2,1,2,5,exposed,baseline_relative_context,validation_unseen,0.01,0.565966673078055,0.43403332692194496
DEAP:S24:T37,DEAP:S24,T37,0,4.0,2,1,2,5,exposed,baseline_relative_context,validation_unseen,0.01,0.5576107851446179,0.442389214855382
DEAP:S29:T06,DEAP:S29,T06,1,8.03,2,1,2,5,exposed,baseline_relative_context,validation_unseen,0.01,0.5875951376921843,0.4124048623078157
DEAP:S29:T07,DEAP:S29,T07,1,7.04,2,1,2,5,exposed,baseline_relative_context,validation_unseen,0.01,0.6379035904712314,0.3620964095287687
DEAP:S29:T09,DEAP:S29,T09,1,7.06,2,1,2,5,exposed,baseline_relative_context,validation_unseen,0.01,0.6237664987981085,0.3762335012018915
DEAP:S29:T17,DEAP:S29,T17,1,5.08,2,1,2,5,exposed,baseline_relative_context,validation_unseen,0.01,0.44854144945546426,0.5514585505445357
DEAP:S29:T35,DEAP:S29,T35,0,1.92,2,1,2,5,exposed,baseline_relative_context,validation_unseen,0.01,0.5688136069854841,0.4311863930145159
DEAP:S29:T36,DEAP:S29,T36,1,5.03,2,1,2,5,exposed,baseline_relative_context,validation_unseen,0.01,0.6005317801144567,0.39946821988554326
DEAP:S29:T37,DEAP:S29,T37,1,5.01,2,1,2,5,exposed,baseline_relative_context,validation_unseen,0.01,0.5000381732937236,0.4999618267062764
DEAP:S29:T40,DEAP:S29,T40,1,6.01,2,1,2,5,exposed,baseline_relative_context,validation_unseen,0.01,0.4695058415385813,0.5304941584614187
DEAP:S04:T02,DEAP:S04,T02,0,4.06,2,1,2,5,exposed,baseline_relative_context,validation_familiar,0.01,0.14736588363323178,0.8526341163667682
DEAP:S04:T13,DEAP:S04,T13,0,4.12,2,1,2,5,exposed,baseline_relative_context,validation_familiar,0.01,0.5341977083974553,0.4658022916025447
DEAP:S04:T14,DEAP:S04,T14,1,6.96,2,1,2,5,exposed,baseline_relative_context,validation_familiar,0.01,0.4375256257222022,0.5624743742777978
DEAP:S04:T15,DEAP:S04,T15,1,6.96,2,1,2,5,exposed,baseline_relative_context,validation_familiar,0.01,0.5772191879369872,0.4227808120630127
DEAP:S04:T16,DEAP:S04,T16,0,2.51,2,1,2,5,exposed,baseline_relative_context,validation_familiar,0.01,0.49462720105536573,0.5053727989446343
DEAP:S04:T19,DEAP:S04,T19,1,7.09,2,1,2,5,exposed,baseline_relative_context,validation_familiar,0.01,0.41369071051340467,0.5863092894865953
DEAP:S04:T20,DEAP:S04,T20,1,8.17,2,1,2,5,exposed,baseline_relative_context,validation_familiar,0.01,0.42780497750129187,0.5721950224987081
DEAP:S04:T21,DEAP:S04,T21,0,1.77,2,1,2,5,exposed,baseline_relative_context,validation_familiar,0.01,0.49089283972045483,0.5091071602795452
DEAP:S04:T23,DEAP:S04,T23,0,1.86,2,1,2,5,exposed,baseline_relative_context,validation_familiar,0.01,0.4930522870015994,0.5069477129984006
DEAP:S04:T26,DEAP:S04,T26,1,6.0,2,1,2,5,exposed,baseline_relative_context,validation_familiar,0.01,0.569353728069119,0.43064627193088106
DEAP:S04:T27,DEAP:S04,T27,1,6.14,2,1,2,5,exposed,baseline_relative_context,validation_familiar,0.01,0.43901398491440335,0.5609860150855966
DEAP:S04:T28,DEAP:S04,T28,0,2.17,2,1,2,5,exposed,baseline_relative_context,validation_familiar,0.01,0.8239400257616911,0.17605997423830885
DEAP:S04:T30,DEAP:S04,T30,0,3.1,2,1,2,5,exposed,baseline_relative_context,validation_familiar,0.01,0.8129636693173922,0.18703633068260783
DEAP:S04:T33,DEAP:S04,T33,0,1.0,2,1,2,5,exposed,baseline_relative_context,validation_familiar,0.01,0.7208866518569308,0.2791133481430692
DEAP:S04:T38,DEAP:S04,T38,0,1.79,2,1,2,5,exposed,baseline_relative_context,validation_familiar,0.01,0.7280612996642141,0.27193870033578593
DEAP:S04:T39,DEAP:S04,T39,0,1.92,2,1,2,5,exposed,baseline_relative_context,validation_familiar,0.01,0.40559987782452334,0.5944001221754767
DEAP:S07:T02,DEAP:S07,T02,1,7.15,2,1,2,5,exposed,baseline_relative_context,validation_familiar,0.01,0.2850148865453783,0.7149851134546217
DEAP:S07:T13,DEAP:S07,T13,1,8.0,2,1,2,5,exposed,baseline_relative_context,validation_familiar,0.01,0.4364048159169366,0.5635951840830634
DEAP:S07:T14,DEAP:S07,T14,1,7.09,2,1,2,5,exposed,baseline_relative_context,validation_familiar,0.01,0.27931854330836225,0.7206814566916377
DEAP:S07:T15,DEAP:S07,T15,1,7.99,2,1,2,5,exposed,baseline_relative_context,validation_familiar,0.01,0.30958818659771026,0.6904118134022897
DEAP:S07:T16,DEAP:S07,T16,0,3.03,2,1,2,5,exposed,baseline_relative_context,validation_familiar,0.01,0.49185146838025984,0.5081485316197402
DEAP:S07:T19,DEAP:S07,T19,1,6.99,2,1,2,5,exposed,baseline_relative_context,validation_familiar,0.01,0.21045523116239273,0.7895447688376073
DEAP:S07:T20,DEAP:S07,T20,1,8.06,2,1,2,5,exposed,baseline_relative_context,validation_familiar,0.01,0.4397165794809259,0.5602834205190741
DEAP:S07:T21,DEAP:S07,T21,0,3.12,2,1,2,5,exposed,baseline_relative_context,validation_familiar,0.01,0.6482408859286355,0.35175911407136445
DEAP:S07:T23,DEAP:S07,T23,0,3.01,2,1,2,5,exposed,baseline_relative_context,validation_familiar,0.01,0.741343832448589,0.258656167551411
DEAP:S07:T26,DEAP:S07,T26,0,2.0,2,1,2,5,exposed,baseline_relative_context,validation_familiar,0.01,0.5101973689699115,0.4898026310300884
DEAP:S07:T27,DEAP:S07,T27,1,6.09,2,1,2,5,exposed,baseline_relative_context,validation_familiar,0.01,0.4282320831546864,0.5717679168453136
DEAP:S07:T28,DEAP:S07,T28,0,2.05,2,1,2,5,exposed,baseline_relative_context,validation_familiar,0.01,0.5087892255488867,0.4912107744511133
DEAP:S07:T30,DEAP:S07,T30,0,3.09,2,1,2,5,exposed,baseline_relative_context,validation_familiar,0.01,0.7578429668587302,0.2421570331412698
DEAP:S07:T33,DEAP:S07,T33,0,4.97,2,1,2,5,exposed,baseline_relative_context,validation_familiar,0.01,0.6008456000740994,0.3991543999259006
DEAP:S07:T38,DEAP:S07,T38,1,5.03,2,1,2,5,exposed,baseline_relative_context,validation_familiar,0.01,0.7632291609800066,0.23677083901999346
DEAP:S07:T39,DEAP:S07,T39,1,7.01,2,1,2,5,exposed,baseline_relative_context,validation_familiar,0.01,0.6292639698745148,0.3707360301254851
DEAP:S24:T02,DEAP:S24,T02,1,6.04,2,1,2,5,exposed,baseline_relative_context,validation_familiar,0.01,0.539283972333192,0.46071602766680797
DEAP:S24:T13,DEAP:S24,T13,1,8.0,2,1,2,5,exposed,baseline_relative_context,validation_familiar,0.01,0.5066679577106494,0.49333204228935057
DEAP:S24:T14,DEAP:S24,T14,1,8.05,2,1,2,5,exposed,baseline_relative_context,validation_familiar,0.01,0.3671939219778352,0.6328060780221648
DEAP:S24:T15,DEAP:S24,T15,1,6.0,2,1,2,5,exposed,baseline_relative_context,validation_familiar,0.01,0.4101826403733916,0.5898173596266084
DEAP:S24:T16,DEAP:S24,T16,0,4.0,2,1,2,5,exposed,baseline_relative_context,validation_familiar,0.01,0.48130110653703195,0.518698893462968
DEAP:S24:T19,DEAP:S24,T19,1,7.03,2,1,2,5,exposed,baseline_relative_context,validation_familiar,0.01,0.26147297327015306,0.7385270267298469
DEAP:S24:T20,DEAP:S24,T20,0,4.03,2,1,2,5,exposed,baseline_relative_context,validation_familiar,0.01,0.42599677005815695,0.574003229941843
DEAP:S24:T21,DEAP:S24,T21,0,1.96,2,1,2,5,exposed,baseline_relative_context,validation_familiar,0.01,0.7054963981147515,0.2945036018852485
DEAP:S24:T23,DEAP:S24,T23,0,1.0,2,1,2,5,exposed,baseline_relative_context,validation_familiar,0.01,0.7794914562155447,0.22050854378445528
DEAP:S24:T26,DEAP:S24,T26,0,4.05,2,1,2,5,exposed,baseline_relative_context,validation_familiar,0.01,0.6746135102483243,0.3253864897516757
DEAP:S24:T27,DEAP:S24,T27,1,6.08,2,1,2,5,exposed,baseline_relative_context,validation_familiar,0.01,0.7825939429512739,0.2174060570487261
DEAP:S24:T28,DEAP:S24,T28,0,4.03,2,1,2,5,exposed,baseline_relative_context,validation_familiar,0.01,0.5540661952034002,0.44593380479659983
DEAP:S24:T30,DEAP:S24,T30,0,1.0,2,1,2,5,exposed,baseline_relative_context,validation_familiar,0.01,0.785525833350402,0.21447416664959792
DEAP:S24:T33,DEAP:S24,T33,1,5.01,2,1,2,5,exposed,baseline_relative_context,validation_familiar,0.01,0.6822018772956434,0.3177981227043566
DEAP:S24:T38,DEAP:S24,T38,0,2.03,2,1,2,5,exposed,baseline_relative_context,validation_familiar,0.01,0.8008203687901072,0.19917963120989285
DEAP:S24:T39,DEAP:S24,T39,0,2.12,2,1,2,5,exposed,baseline_relative_context,validation_familiar,0.01,0.6068958539174538,0.3931041460825461
DEAP:S29:T02,DEAP:S29,T02,1,7.05,2,1,2,5,exposed,baseline_relative_context,validation_familiar,0.01,0.5882325320262615,0.41176746797373853
DEAP:S29:T13,DEAP:S29,T13,1,6.06,2,1,2,5,exposed,baseline_relative_context,validation_familiar,0.01,0.5098189769347916,0.49018102306520844
DEAP:S29:T14,DEAP:S29,T14,1,8.06,2,1,2,5,exposed,baseline_relative_context,validation_familiar,0.01,0.4148216889571581,0.5851783110428419
DEAP:S29:T15,DEAP:S29,T15,0,4.01,2,1,2,5,exposed,baseline_relative_context,validation_familiar,0.01,0.3251059407284449,0.6748940592715551
DEAP:S29:T16,DEAP:S29,T16,0,3.0,2,1,2,5,exposed,baseline_relative_context,validation_familiar,0.01,0.5229640928108262,0.47703590718917377
DEAP:S29:T19,DEAP:S29,T19,1,7.05,2,1,2,5,exposed,baseline_relative_context,validation_familiar,0.01,0.415211709269647,0.584788290730353
DEAP:S29:T20,DEAP:S29,T20,1,8.03,2,1,2,5,exposed,baseline_relative_context,validation_familiar,0.01,0.5875461538879778,0.41245384611202224
DEAP:S29:T21,DEAP:S29,T21,0,2.92,2,1,2,5,exposed,baseline_relative_context,validation_familiar,0.01,0.7318369737147892,0.2681630262852109
DEAP:S29:T23,DEAP:S29,T23,0,2.05,2,1,2,5,exposed,baseline_relative_context,validation_familiar,0.01,0.8183319019099629,0.1816680980900372
DEAP:S29:T26,DEAP:S29,T26,0,3.0,2,1,2,5,exposed,baseline_relative_context,validation_familiar,0.01,0.592868739119544,0.407131260880456
DEAP:S29:T27,DEAP:S29,T27,1,7.09,2,1,2,5,exposed,baseline_relative_context,validation_familiar,0.01,0.4908539666077585,0.5091460333922415
DEAP:S29:T28,DEAP:S29,T28,0,1.04,2,1,2,5,exposed,baseline_relative_context,validation_familiar,0.01,0.5287070369296096,0.47129296307039037
DEAP:S29:T30,DEAP:S29,T30,0,2.95,2,1,2,5,exposed,baseline_relative_context,validation_familiar,0.01,0.8716404811244398,0.1283595188755602
DEAP:S29:T33,DEAP:S29,T33,0,1.99,2,1,2,5,exposed,baseline_relative_context,validation_familiar,0.01,0.6287665188553403,0.3712334811446597
DEAP:S29:T38,DEAP:S29,T38,0,1.88,2,1,2,5,exposed,baseline_relative_context,validation_familiar,0.01,0.8776968818466798,0.12230311815332018
DEAP:S29:T39,DEAP:S29,T39,1,6.05,2,1,2,5,exposed,baseline_relative_context,validation_familiar,0.01,0.562466754184415,0.437533245815585
DEAP:S01:T02,DEAP:S01,T02,1,8.1,2,1,2,5,exposed,baseline_relative_context,train,0.1,0.23564472585793694,0.7643552741420631
DEAP:S01:T13,DEAP:S01,T13,0,1.95,2,1,2,5,exposed,baseline_relative_context,train,0.1,0.32164937845271235,0.6783506215472876
DEAP:S01:T14,DEAP:S01,T14,0,4.18,2,1,2,5,exposed,baseline_relative_context,train,0.1,0.04457575339195785,0.9554242466080421
DEAP:S01:T15,DEAP:S01,T15,0,3.17,2,1,2,5,exposed,baseline_relative_context,train,0.1,0.2464954486315123,0.7535045513684877
DEAP:S01:T16,DEAP:S01,T16,1,6.81,2,1,2,5,exposed,baseline_relative_context,train,0.1,0.35271649166735053,0.6472835083326495
DEAP:S01:T19,DEAP:S01,T19,1,7.17,2,1,2,5,exposed,baseline_relative_context,train,0.1,0.13889038118305352,0.8611096188169465
DEAP:S01:T20,DEAP:S01,T20,1,8.26,2,1,2,5,exposed,baseline_relative_context,train,0.1,0.14217196059392612,0.8578280394060739
DEAP:S01:T21,DEAP:S01,T21,1,9.0,2,1,2,5,exposed,baseline_relative_context,train,0.1,0.6779243961731207,0.3220756038268793
DEAP:S01:T23,DEAP:S01,T23,1,8.15,2,1,2,5,exposed,baseline_relative_context,train,0.1,0.723076193284327,0.27692380671567296
DEAP:S01:T26,DEAP:S01,T26,1,7.28,2,1,2,5,exposed,baseline_relative_context,train,0.1,0.4242324860758385,0.5757675139241615
DEAP:S01:T27,DEAP:S01,T27,1,7.35,2,1,2,5,exposed,baseline_relative_context,train,0.1,0.1872830709905613,0.8127169290094387
DEAP:S01:T28,DEAP:S01,T28,0,3.88,2,1,2,5,exposed,baseline_relative_context,train,0.1,0.5411141890914519,0.4588858109085481
DEAP:S01:T30,DEAP:S01,T30,0,2.08,2,1,2,5,exposed,baseline_relative_context,train,0.1,0.9445451452942185,0.05545485470578149
DEAP:S01:T33,DEAP:S01,T33,0,3.81,2,1,2,5,exposed,baseline_relative_context,train,0.1,0.8377131002129409,0.16228689978705912
DEAP:S01:T38,DEAP:S01,T38,0,3.33,2,1,2,5,exposed,baseline_relative_context,train,0.1,0.9288137027702335,0.07118629722976652
DEAP:S01:T39,DEAP:S01,T39,0,3.24,2,1,2,5,exposed,baseline_relative_context,train,0.1,0.7079321211101437,0.2920678788898563
DEAP:S02:T02,DEAP:S02,T02,1,8.01,2,1,2,5,exposed,baseline_relative_context,train,0.1,0.12429014760596391,0.8757098523940361
DEAP:S02:T13,DEAP:S02,T13,1,9.0,2,1,2,5,exposed,baseline_relative_context,train,0.1,0.15970027862018132,0.8402997213798187
DEAP:S02:T14,DEAP:S02,T14,1,8.94,2,1,2,5,exposed,baseline_relative_context,train,0.1,0.060228069933674466,0.9397719300663255
DEAP:S02:T15,DEAP:S02,T15,1,9.0,2,1,2,5,exposed,baseline_relative_context,train,0.1,0.05078633955501033,0.9492136604449897
DEAP:S02:T16,DEAP:S02,T16,1,6.0,2,1,2,5,exposed,baseline_relative_context,train,0.1,0.40172096549400627,0.5982790345059937
DEAP:S02:T19,DEAP:S02,T19,1,9.0,2,1,2,5,exposed,baseline_relative_context,train,0.1,0.17349902655875082,0.8265009734412492
DEAP:S02:T20,DEAP:S02,T20,1,8.97,2,1,2,5,exposed,baseline_relative_context,train,0.1,0.0924688433478198,0.9075311566521802
DEAP:S02:T23,DEAP:S02,T23,0,1.0,2,1,2,5,exposed,baseline_relative_context,train,0.1,0.89933322336108,0.10066677663892004
DEAP:S02:T26,DEAP:S02,T26,1,9.0,2,1,2,5,exposed,baseline_relative_context,train,0.1,0.5313263834785398,0.4686736165214603
DEAP:S02:T27,DEAP:S02,T27,0,4.96,2,1,2,5,exposed,baseline_relative_context,train,0.1,0.3910022862878406,0.6089977137121594
DEAP:S02:T28,DEAP:S02,T28,0,4.06,2,1,2,5,exposed,baseline_relative_context,train,0.1,0.596578882077812,0.4034211179221881
DEAP:S02:T30,DEAP:S02,T30,0,2.01,2,1,2,5,exposed,baseline_relative_context,train,0.1,0.8482062790788505,0.15179372092114946
DEAP:S02:T38,DEAP:S02,T38,0,1.0,2,1,2,5,exposed,baseline_relative_context,train,0.1,0.8578924882590048,0.14210751174099523
DEAP:S02:T39,DEAP:S02,T39,0,1.0,2,1,2,5,exposed,baseline_relative_context,train,0.1,0.7957177540074392,0.20428224599256078
DEAP:S03:T13,DEAP:S03,T13,1,7.91,2,1,2,5,exposed,baseline_relative_context,train,0.1,0.5283856582088959,0.47161434179110406
DEAP:S03:T14,DEAP:S03,T14,1,7.29,2,1,2,5,exposed,baseline_relative_context,train,0.1,0.09454797531719894,0.9054520246828011
DEAP:S03:T15,DEAP:S03,T15,1,7.36,2,1,2,5,exposed,baseline_relative_context,train,0.1,0.09926694193995689,0.9007330580600431
DEAP:S03:T16,DEAP:S03,T16,1,7.15,2,1,2,5,exposed,baseline_relative_context,train,0.1,0.21030358775096214,0.7896964122490379
DEAP:S03:T20,DEAP:S03,T20,1,6.26,2,1,2,5,exposed,baseline_relative_context,train,0.1,0.28960436008656176,0.7103956399134382
DEAP:S03:T21,DEAP:S03,T21,0,4.99,2,1,2,5,exposed,baseline_relative_context,train,0.1,0.776340294384336,0.2236597056156639
DEAP:S03:T23,DEAP:S03,T23,0,3.65,2,1,2,5,exposed,baseline_relative_context,train,0.1,0.8663764739770646,0.13362352602293534
DEAP:S03:T26,DEAP:S03,T26,0,4.67,2,1,2,5,exposed,baseline_relative_context,train,0.1,0.46178454681996517,0.5382154531800348
DEAP:S03:T27,DEAP:S03,T27,1,6.72,2,1,2,5,exposed,baseline_relative_context,train,0.1,0.454052242020654,0.545947757979346
DEAP:S03:T28,DEAP:S03,T28,1,5.59,2,1,2,5,exposed,baseline_relative_context,train,0.1,0.2590343599494327,0.7409656400505673
DEAP:S03:T30,DEAP:S03,T30,0,3.87,2,1,2,5,exposed,baseline_relative_context,train,0.1,0.9355364456256247,0.06446355437437533
DEAP:S03:T33,DEAP:S03,T33,0,4.05,2,1,2,5,exposed,baseline_relative_context,train,0.1,0.6497690864891126,0.3502309135108875
DEAP:S03:T38,DEAP:S03,T38,0,4.53,2,1,2,5,exposed,baseline_relative_context,train,0.1,0.9278347948419146,0.0721652051580855
DEAP:S03:T39,DEAP:S03,T39,0,4.33,2,1,2,5,exposed,baseline_relative_context,train,0.1,0.8679699627966643,0.13203003720333575
DEAP:S05:T02,DEAP:S05,T02,1,9.0,2,1,2,5,exposed,baseline_relative_context,train,0.1,0.23117279521469525,0.7688272047853048
DEAP:S05:T13,DEAP:S05,T13,0,4.94,2,1,2,5,exposed,baseline_relative_context,train,0.1,0.23898147911828993,0.7610185208817101
DEAP:S05:T14,DEAP:S05,T14,1,7.21,2,1,2,5,exposed,baseline_relative_context,train,0.1,0.14642410678740525,0.8535758932125947
DEAP:S05:T15,DEAP:S05,T15,1,6.97,2,1,2,5,exposed,baseline_relative_context,train,0.1,0.07552526352236089,0.9244747364776391
DEAP:S05:T16,DEAP:S05,T16,1,5.96,2,1,2,5,exposed,baseline_relative_context,train,0.1,0.48386422823806885,0.5161357717619312
DEAP:S05:T19,DEAP:S05,T19,1,8.03,2,1,2,5,exposed,baseline_relative_context,train,0.1,0.1064910281120145,0.8935089718879855
DEAP:S05:T20,DEAP:S05,T20,1,7.0,2,1,2,5,exposed,baseline_relative_context,train,0.1,0.2720242262378104,0.7279757737621896
DEAP:S05:T21,DEAP:S05,T21,0,4.0,2,1,2,5,exposed,baseline_relative_context,train,0.1,0.7710511725873997,0.22894882741260023
DEAP:S05:T23,DEAP:S05,T23,0,1.0,2,1,2,5,exposed,baseline_relative_context,train,0.1,0.9207654243978478,0.0792345756021522
DEAP:S05:T26,DEAP:S05,T26,1,7.96,2,1,2,5,exposed,baseline_relative_context,train,0.1,0.29209385747547867,0.7079061425245213
DEAP:S05:T27,DEAP:S05,T27,1,7.0,2,1,2,5,exposed,baseline_relative_context,train,0.1,0.247640024797397,0.752359975202603
DEAP:S05:T30,DEAP:S05,T30,0,2.94,2,1,2,5,exposed,baseline_relative_context,train,0.1,0.9202807563680995,0.07971924363190054
DEAP:S05:T33,DEAP:S05,T33,1,5.17,2,1,2,5,exposed,baseline_relative_context,train,0.1,0.5032563450570423,0.4967436549429577
DEAP:S05:T38,DEAP:S05,T38,0,1.0,2,1,2,5,exposed,baseline_relative_context,train,0.1,0.9266019516790702,0.07339804832092975
DEAP:S05:T39,DEAP:S05,T39,0,1.0,2,1,2,5,exposed,baseline_relative_context,train,0.1,0.7906156578915762,0.20938434210842383
DEAP:S06:T02,DEAP:S06,T02,1,6.83,2,1,2,5,exposed,baseline_relative_context,train,0.1,0.09029652902852758,0.9097034709714724
DEAP:S06:T13,DEAP:S06,T13,1,7.79,2,1,2,5,exposed,baseline_relative_context,train,0.1,0.1378860076495131,0.8621139923504869
DEAP:S06:T14,DEAP:S06,T14,1,6.32,2,1,2,5,exposed,baseline_relative_context,train,0.1,0.048530677892293816,0.9514693221077062
DEAP:S06:T15,DEAP:S06,T15,1,5.59,2,1,2,5,exposed,baseline_relative_context,train,0.1,0.14210224989607045,0.8578977501039295
DEAP:S06:T16,DEAP:S06,T16,1,5.06,2,1,2,5,exposed,baseline_relative_context,train,0.1,0.5289704918711309,0.4710295081288692
DEAP:S06:T19,DEAP:S06,T19,1,7.41,2,1,2,5,exposed,baseline_relative_context,train,0.1,0.05230586678183102,0.947694133218169
DEAP:S06:T20,DEAP:S06,T20,1,5.01,2,1,2,5,exposed,baseline_relative_context,train,0.1,0.049822581949913514,0.9501774180500865
DEAP:S06:T21,DEAP:S06,T21,1,6.28,2,1,2,5,exposed,baseline_relative_context,train,0.1,0.7315922919227611,0.26840770807723885
DEAP:S06:T23,DEAP:S06,T23,0,3.47,2,1,2,5,exposed,baseline_relative_context,train,0.1,0.7914297099633563,0.20857029003664368
DEAP:S06:T27,DEAP:S06,T27,1,5.08,2,1,2,5,exposed,baseline_relative_context,train,0.1,0.37877823117312004,0.62122176882688
DEAP:S06:T28,DEAP:S06,T28,1,6.42,2,1,2,5,exposed,baseline_relative_context,train,0.1,0.3188865270143685,0.6811134729856315
DEAP:S06:T30,DEAP:S06,T30,1,6.99,2,1,2,5,exposed,baseline_relative_context,train,0.1,0.6908291191366713,0.3091708808633286
DEAP:S06:T33,DEAP:S06,T33,1,6.68,2,1,2,5,exposed,baseline_relative_context,train,0.1,0.29606954109705663,0.7039304589029434
DEAP:S06:T38,DEAP:S06,T38,0,4.44,2,1,2,5,exposed,baseline_relative_context,train,0.1,0.8218745820199761,0.1781254179800239
DEAP:S06:T39,DEAP:S06,T39,1,6.56,2,1,2,5,exposed,baseline_relative_context,train,0.1,0.5056798727460161,0.4943201272539839
DEAP:S08:T02,DEAP:S08,T02,1,5.04,2,1,2,5,exposed,baseline_relative_context,train,0.1,0.06548431546677835,0.9345156845332216
DEAP:S08:T13,DEAP:S08,T13,1,7.9,2,1,2,5,exposed,baseline_relative_context,train,0.1,0.0874204932081144,0.9125795067918856
DEAP:S08:T14,DEAP:S08,T14,1,6.88,2,1,2,5,exposed,baseline_relative_context,train,0.1,0.17752632001718294,0.8224736799828171
DEAP:S08:T15,DEAP:S08,T15,1,8.33,2,1,2,5,exposed,baseline_relative_context,train,0.1,0.022178659983140392,0.9778213400168596
DEAP:S08:T16,DEAP:S08,T16,0,4.21,2,1,2,5,exposed,baseline_relative_context,train,0.1,0.6851306777718548,0.31486932222814523
DEAP:S08:T19,DEAP:S08,T19,1,5.04,2,1,2,5,exposed,baseline_relative_context,train,0.1,0.03784022012506405,0.962159779874936
DEAP:S08:T20,DEAP:S08,T20,1,6.74,2,1,2,5,exposed,baseline_relative_context,train,0.1,0.2087280482038396,0.7912719517961604
DEAP:S08:T23,DEAP:S08,T23,0,3.59,2,1,2,5,exposed,baseline_relative_context,train,0.1,0.9830858121896677,0.016914187810332246
DEAP:S08:T26,DEAP:S08,T26,0,4.99,2,1,2,5,exposed,baseline_relative_context,train,0.1,0.7094242922400487,0.29057570775995134
DEAP:S08:T27,DEAP:S08,T27,0,4.46,2,1,2,5,exposed,baseline_relative_context,train,0.1,0.4848279574219888,0.5151720425780112
DEAP:S08:T28,DEAP:S08,T28,1,5.04,2,1,2,5,exposed,baseline_relative_context,train,0.1,0.2971167184742738,0.7028832815257262
DEAP:S08:T30,DEAP:S08,T30,0,1.4,2,1,2,5,exposed,baseline_relative_context,train,0.1,0.6183072230815707,0.38169277691842934
DEAP:S08:T33,DEAP:S08,T33,0,4.44,2,1,2,5,exposed,baseline_relative_context,train,0.1,0.7347594052649988,0.26524059473500117
DEAP:S08:T38,DEAP:S08,T38,0,4.72,2,1,2,5,exposed,baseline_relative_context,train,0.1,0.8952352375193902,0.10476476248060985
DEAP:S08:T39,DEAP:S08,T39,1,5.05,2,1,2,5,exposed,baseline_relative_context,train,0.1,0.2204659193367,0.7795340806633
DEAP:S09:T02,DEAP:S09,T02,1,7.08,2,1,2,5,exposed,baseline_relative_context,train,0.1,0.11839441027274122,0.8816055897272588
DEAP:S09:T13,DEAP:S09,T13,1,8.15,2,1,2,5,exposed,baseline_relative_context,train,0.1,0.3082717305327467,0.6917282694672533
DEAP:S09:T14,DEAP:S09,T14,1,7.0,2,1,2,5,exposed,baseline_relative_context,train,0.1,0.08107451159050238,0.9189254884094976
DEAP:S09:T15,DEAP:S09,T15,1,6.21,2,1,2,5,exposed,baseline_relative_context,train,0.1,0.2012784735419556,0.7987215264580444
DEAP:S09:T16,DEAP:S09,T16,0,4.05,2,1,2,5,exposed,baseline_relative_context,train,0.1,0.8200733863096688,0.1799266136903313
DEAP:S09:T19,DEAP:S09,T19,0,3.97,2,1,2,5,exposed,baseline_relative_context,train,0.1,0.7369220111902999,0.2630779888097001
DEAP:S09:T21,DEAP:S09,T21,0,4.04,2,1,2,5,exposed,baseline_relative_context,train,0.1,0.8942473239170388,0.1057526760829612
DEAP:S09:T26,DEAP:S09,T26,0,4.1,2,1,2,5,exposed,baseline_relative_context,train,0.1,0.7187070766884271,0.28129292331157285
DEAP:S09:T27,DEAP:S09,T27,1,5.04,2,1,2,5,exposed,baseline_relative_context,train,0.1,0.2624521588567955,0.7375478411432045
DEAP:S09:T28,DEAP:S09,T28,0,2.96,2,1,2,5,exposed,baseline_relative_context,train,0.1,0.7014029812540807,0.2985970187459193
DEAP:S09:T30,DEAP:S09,T30,0,4.04,2,1,2,5,exposed,baseline_relative_context,train,0.1,0.7676168353625927,0.23238316463740724
DEAP:S09:T33,DEAP:S09,T33,0,3.08,2,1,2,5,exposed,baseline_relative_context,train,0.1,0.7245969207273848,0.27540307927261526
DEAP:S09:T38,DEAP:S09,T38,0,2.92,2,1,2,5,exposed,baseline_relative_context,train,0.1,0.998266430582045,0.0017335694179549533
DEAP:S09:T39,DEAP:S09,T39,0,3.17,2,1,2,5,exposed,baseline_relative_context,train,0.1,0.7584968529064233,0.24150314709357668
DEAP:S11:T02,DEAP:S11,T02,1,5.67,2,1,2,5,exposed,baseline_relative_context,train,0.1,0.4808051355013121,0.5191948644986879
DEAP:S11:T13,DEAP:S11,T13,1,8.42,2,1,2,5,exposed,baseline_relative_context,train,0.1,0.2456274983077924,0.7543725016922076
DEAP:S11:T14,DEAP:S11,T14,1,7.96,2,1,2,5,exposed,baseline_relative_context,train,0.1,0.032998811059776756,0.9670011889402232
DEAP:S11:T15,DEAP:S11,T15,1,6.92,2,1,2,5,exposed,baseline_relative_context,train,0.1,0.10514528278703206,0.8948547172129679
DEAP:S11:T16,DEAP:S11,T16,0,4.35,2,1,2,5,exposed,baseline_relative_context,train,0.1,0.3579027576318201,0.6420972423681799
DEAP:S11:T19,DEAP:S11,T19,1,5.54,2,1,2,5,exposed,baseline_relative_context,train,0.1,0.10339674840338664,0.8966032515966134
DEAP:S11:T20,DEAP:S11,T20,1,6.0,2,1,2,5,exposed,baseline_relative_context,train,0.1,0.15014795128718672,0.8498520487128133
DEAP:S11:T21,DEAP:S11,T21,0,3.27,2,1,2,5,exposed,baseline_relative_context,train,0.1,0.8547353997768741,0.14526460022312587
DEAP:S11:T26,DEAP:S11,T26,1,5.49,2,1,2,5,exposed,baseline_relative_context,train,0.1,0.24688408668941852,0.7531159133105815
DEAP:S11:T28,DEAP:S11,T28,0,4.26,2,1,2,5,exposed,baseline_relative_context,train,0.1,0.2709114936912286,0.7290885063087714
DEAP:S11:T30,DEAP:S11,T30,0,4.58,2,1,2,5,exposed,baseline_relative_context,train,0.1,0.9520234016249269,0.047976598375073086
DEAP:S11:T33,DEAP:S11,T33,1,5.64,2,1,2,5,exposed,baseline_relative_context,train,0.1,0.48180781206176926,0.5181921879382307
DEAP:S11:T38,DEAP:S11,T38,0,1.35,2,1,2,5,exposed,baseline_relative_context,train,0.1,0.7654163597673805,0.2345836402326195
DEAP:S13:T02,DEAP:S13,T02,0,4.03,2,1,2,5,exposed,baseline_relative_context,train,0.1,0.20706165943685484,0.7929383405631452
DEAP:S13:T13,DEAP:S13,T13,1,9.0,2,1,2,5,exposed,baseline_relative_context,train,0.1,0.09682930424305491,0.9031706957569451
DEAP:S13:T14,DEAP:S13,T14,1,7.97,2,1,2,5,exposed,baseline_relative_context,train,0.1,0.032833220213635994,0.967166779786364
DEAP:S13:T15,DEAP:S13,T15,0,4.94,2,1,2,5,exposed,baseline_relative_context,train,0.1,0.23789157995143795,0.762108420048562
DEAP:S13:T19,DEAP:S13,T19,1,8.51,2,1,2,5,exposed,baseline_relative_context,train,0.1,0.025727873484734376,0.9742721265152656
DEAP:S13:T20,DEAP:S13,T20,1,7.6,2,1,2,5,exposed,baseline_relative_context,train,0.1,0.2298215458873477,0.7701784541126523
DEAP:S13:T21,DEAP:S13,T21,0,2.0,2,1,2,5,exposed,baseline_relative_context,train,0.1,0.7302407998140162,0.26975920018598376
DEAP:S13:T23,DEAP:S13,T23,0,1.0,2,1,2,5,exposed,baseline_relative_context,train,0.1,0.9001306344581567,0.0998693655418433
DEAP:S13:T26,DEAP:S13,T26,1,5.04,2,1,2,5,exposed,baseline_relative_context,train,0.1,0.18971815085844457,0.8102818491415554
DEAP:S13:T27,DEAP:S13,T27,1,5.47,2,1,2,5,exposed,baseline_relative_context,train,0.1,0.17997472228800515,0.8200252777119948
DEAP:S13:T28,DEAP:S13,T28,1,7.08,2,1,2,5,exposed,baseline_relative_context,train,0.1,0.30704797827288344,0.6929520217271166
DEAP:S13:T30,DEAP:S13,T30,0,3.05,2,1,2,5,exposed,baseline_relative_context,train,0.1,0.7759442389521893,0.2240557610478106
DEAP:S13:T33,DEAP:S13,T33,0,4.55,2,1,2,5,exposed,baseline_relative_context,train,0.1,0.6842585026697274,0.3157414973302726
DEAP:S13:T38,DEAP:S13,T38,0,1.0,2,1,2,5,exposed,baseline_relative_context,train,0.1,0.9230118113897492,0.07698818861025081
DEAP:S13:T39,DEAP:S13,T39,0,1.97,2,1,2,5,exposed,baseline_relative_context,train,0.1,0.7098653611462211,0.2901346388537788
DEAP:S14:T02,DEAP:S14,T02,1,6.05,2,1,2,5,exposed,baseline_relative_context,train,0.1,0.09799098545142015,0.9020090145485798
DEAP:S14:T13,DEAP:S14,T13,1,6.79,2,1,2,5,exposed,baseline_relative_context,train,0.1,0.16123214909273942,0.8387678509072606
DEAP:S14:T14,DEAP:S14,T14,1,8.03,2,1,2,5,exposed,baseline_relative_context,train,0.1,0.15038599353438897,0.849614006465611
DEAP:S14:T15,DEAP:S14,T15,1,7.08,2,1,2,5,exposed,baseline_relative_context,train,0.1,0.10714931342979261,0.8928506865702074
DEAP:S14:T16,DEAP:S14,T16,0,3.96,2,1,2,5,exposed,baseline_relative_context,train,0.1,0.5463287987565515,0.4536712012434485
DEAP:S14:T19,DEAP:S14,T19,1,7.55,2,1,2,5,exposed,baseline_relative_context,train,0.1,0.14230311414318086,0.8576968858568191
DEAP:S14:T21,DEAP:S14,T21,0,1.03,2,1,2,5,exposed,baseline_relative_context,train,0.1,0.8857223392483732,0.11427766075162682
DEAP:S14:T23,DEAP:S14,T23,0,2.41,2,1,2,5,exposed,baseline_relative_context,train,0.1,0.7378196405677161,0.2621803594322839
DEAP:S14:T26,DEAP:S14,T26,0,3.28,2,1,2,5,exposed,baseline_relative_context,train,0.1,0.3637254456535304,0.6362745543464696
DEAP:S14:T27,DEAP:S14,T27,1,5.81,2,1,2,5,exposed,baseline_relative_context,train,0.1,0.3438619007928796,0.6561380992071204
DEAP:S14:T28,DEAP:S14,T28,0,2.53,2,1,2,5,exposed,baseline_relative_context,train,0.1,0.4753509567277243,0.5246490432722757
DEAP:S14:T30,DEAP:S14,T30,0,1.1,2,1,2,5,exposed,baseline_relative_context,train,0.1,0.9391236393179033,0.060876360682096654
DEAP:S14:T33,DEAP:S14,T33,0,3.18,2,1,2,5,exposed,baseline_relative_context,train,0.1,0.7721919561650531,0.22780804383494688
DEAP:S14:T38,DEAP:S14,T38,0,2.26,2,1,2,5,exposed,baseline_relative_context,train,0.1,0.9074511485767688,0.09254885142323126
DEAP:S14:T39,DEAP:S14,T39,1,6.65,2,1,2,5,exposed,baseline_relative_context,train,0.1,0.48313214729037923,0.5168678527096208
DEAP:S15:T02,DEAP:S15,T02,1,5.04,2,1,2,5,exposed,baseline_relative_context,train,0.1,0.2059589656270161,0.7940410343729839
DEAP:S15:T14,DEAP:S15,T14,1,8.15,2,1,2,5,exposed,baseline_relative_context,train,0.1,0.20776160945940647,0.7922383905405935
DEAP:S15:T15,DEAP:S15,T15,1,8.12,2,1,2,5,exposed,baseline_relative_context,train,0.1,0.17573177145447216,0.8242682285455278
DEAP:S15:T16,DEAP:S15,T16,0,4.17,2,1,2,5,exposed,baseline_relative_context,train,0.1,0.7951127148169315,0.20488728518306856
DEAP:S15:T19,DEAP:S15,T19,1,7.04,2,1,2,5,exposed,baseline_relative_context,train,0.1,0.17369205666717746,0.8263079433328225
DEAP:S15:T20,DEAP:S15,T20,1,7.97,2,1,2,5,exposed,baseline_relative_context,train,0.1,0.21660337486424552,0.7833966251357545
DEAP:S15:T21,DEAP:S15,T21,0,3.09,2,1,2,5,exposed,baseline_relative_context,train,0.1,0.8079362195483725,0.19206378045162753
DEAP:S15:T23,DEAP:S15,T23,0,3.05,2,1,2,5,exposed,baseline_relative_context,train,0.1,0.9474195998872227,0.05258040011277736
DEAP:S15:T26,DEAP:S15,T26,0,4.96,2,1,2,5,exposed,baseline_relative_context,train,0.1,0.6971573929939175,0.30284260700608245
DEAP:S15:T27,DEAP:S15,T27,1,6.0,2,1,2,5,exposed,baseline_relative_context,train,0.1,0.14392853195351407,0.8560714680464859
DEAP:S15:T28,DEAP:S15,T28,0,4.01,2,1,2,5,exposed,baseline_relative_context,train,0.1,0.5138865597222937,0.4861134402777063
DEAP:S15:T30,DEAP:S15,T30,0,2.04,2,1,2,5,exposed,baseline_relative_context,train,0.1,0.9798074960430041,0.020192503956995917
DEAP:S15:T33,DEAP:S15,T33,0,3.01,2,1,2,5,exposed,baseline_relative_context,train,0.1,0.8381031328178022,0.16189686718219776
DEAP:S15:T38,DEAP:S15,T38,0,2.08,2,1,2,5,exposed,baseline_relative_context,train,0.1,0.9971373099749443,0.0028626900250556704
DEAP:S15:T39,DEAP:S15,T39,0,4.0,2,1,2,5,exposed,baseline_relative_context,train,0.1,0.9654569500954467,0.034543049904553244
DEAP:S16:T02,DEAP:S16,T02,1,6.45,2,1,2,5,exposed,baseline_relative_context,train,0.1,0.314567023761384,0.685432976238616
DEAP:S16:T13,DEAP:S16,T13,0,3.88,2,1,2,5,exposed,baseline_relative_context,train,0.1,0.798816064206856,0.20118393579314403
DEAP:S16:T16,DEAP:S16,T16,0,4.97,2,1,2,5,exposed,baseline_relative_context,train,0.1,0.8156332899239218,0.18436671007607822
DEAP:S16:T21,DEAP:S16,T21,0,4.42,2,1,2,5,exposed,baseline_relative_context,train,0.1,0.9126318121592331,0.08736818784076691
DEAP:S16:T23,DEAP:S16,T23,0,3.9,2,1,2,5,exposed,baseline_relative_context,train,0.1,0.8802525329378439,0.11974746706215608
DEAP:S16:T26,DEAP:S16,T26,0,1.82,2,1,2,5,exposed,baseline_relative_context,train,0.1,0.959083060366349,0.04091693963365097
DEAP:S16:T27,DEAP:S16,T27,0,2.59,2,1,2,5,exposed,baseline_relative_context,train,0.1,0.6658396640861806,0.3341603359138194
DEAP:S16:T30,DEAP:S16,T30,1,6.1,2,1,2,5,exposed,baseline_relative_context,train,0.1,0.7345099685801304,0.26549003141986965
DEAP:S16:T33,DEAP:S16,T33,0,1.0,2,1,2,5,exposed,baseline_relative_context,train,0.1,0.9937469775842792,0.006253022415720776
DEAP:S16:T38,DEAP:S16,T38,0,4.27,2,1,2,5,exposed,baseline_relative_context,train,0.1,0.9625157333194697,0.03748426668053027
DEAP:S16:T39,DEAP:S16,T39,1,6.13,2,1,2,5,exposed,baseline_relative_context,train,0.1,0.4789737523248274,0.5210262476751726
DEAP:S17:T02,DEAP:S17,T02,1,7.26,2,1,2,5,exposed,baseline_relative_context,train,0.1,0.1346734107118549,0.8653265892881451
DEAP:S17:T14,DEAP:S17,T14,1,6.58,2,1,2,5,exposed,baseline_relative_context,train,0.1,0.07270163070448565,0.9272983692955143
DEAP:S17:T15,DEAP:S17,T15,1,5.96,2,1,2,5,exposed,baseline_relative_context,train,0.1,0.08789015188022609,0.9121098481197739
DEAP:S17:T16,DEAP:S17,T16,1,5.92,2,1,2,5,exposed,baseline_relative_context,train,0.1,0.1539239042280659,0.8460760957719341
DEAP:S17:T19,DEAP:S17,T19,1,7.27,2,1,2,5,exposed,baseline_relative_context,train,0.1,0.0871555869026246,0.9128444130973754
DEAP:S17:T20,DEAP:S17,T20,1,7.03,2,1,2,5,exposed,baseline_relative_context,train,0.1,0.34005083005844805,0.659949169941552
DEAP:S17:T21,DEAP:S17,T21,0,4.0,2,1,2,5,exposed,baseline_relative_context,train,0.1,0.8748258609095046,0.12517413909049538
DEAP:S17:T23,DEAP:S17,T23,0,3.62,2,1,2,5,exposed,baseline_relative_context,train,0.1,0.7673630463147535,0.23263695368524653
DEAP:S17:T26,DEAP:S17,T26,0,3.73,2,1,2,5,exposed,baseline_relative_context,train,0.1,0.3402322332208009,0.6597677667791991
DEAP:S17:T27,DEAP:S17,T27,0,3.96,2,1,2,5,exposed,baseline_relative_context,train,0.1,0.47557222261304155,0.5244277773869584
DEAP:S17:T28,DEAP:S17,T28,1,5.64,2,1,2,5,exposed,baseline_relative_context,train,0.1,0.1472667403428708,0.8527332596571292
DEAP:S17:T33,DEAP:S17,T33,0,3.83,2,1,2,5,exposed,baseline_relative_context,train,0.1,0.6832115031867536,0.31678849681324633
DEAP:S17:T38,DEAP:S17,T38,0,3.6,2,1,2,5,exposed,baseline_relative_context,train,0.1,0.9695349927203049,0.03046500727969515
DEAP:S17:T39,DEAP:S17,T39,1,7.1,2,1,2,5,exposed,baseline_relative_context,train,0.1,0.5239871970459633,0.47601280295403675
DEAP:S18:T02,DEAP:S18,T02,1,6.87,2,1,2,5,exposed,baseline_relative_context,train,0.1,0.018852256416172053,0.981147743583828
DEAP:S18:T13,DEAP:S18,T13,1,7.33,2,1,2,5,exposed,baseline_relative_context,train,0.1,0.2612803678615915,0.7387196321384085
DEAP:S18:T14,DEAP:S18,T14,1,6.62,2,1,2,5,exposed,baseline_relative_context,train,0.1,0.09963417679316489,0.9003658232068351
DEAP:S18:T15,DEAP:S18,T15,1,6.04,2,1,2,5,exposed,baseline_relative_context,train,0.1,0.38511982009562384,0.6148801799043762
DEAP:S18:T16,DEAP:S18,T16,0,4.38,2,1,2,5,exposed,baseline_relative_context,train,0.1,0.7200989285377105,0.2799010714622895
DEAP:S18:T19,DEAP:S18,T19,1,7.04,2,1,2,5,exposed,baseline_relative_context,train,0.1,0.11731592545394376,0.8826840745460562
DEAP:S18:T21,DEAP:S18,T21,0,3.92,2,1,2,5,exposed,baseline_relative_context,train,0.1,0.9377576904241902,0.0622423095758098
DEAP:S18:T23,DEAP:S18,T23,0,3.71,2,1,2,5,exposed,baseline_relative_context,train,0.1,0.823866481393419,0.176133518606581
DEAP:S18:T26,DEAP:S18,T26,1,5.44,2,1,2,5,exposed,baseline_relative_context,train,0.1,0.49997150764585396,0.500028492354146
DEAP:S18:T27,DEAP:S18,T27,1,5.94,2,1,2,5,exposed,baseline_relative_context,train,0.1,0.5519039509319174,0.44809604906808265
DEAP:S18:T28,DEAP:S18,T28,1,5.95,2,1,2,5,exposed,baseline_relative_context,train,0.1,0.5298632398085354,0.4701367601914646
DEAP:S18:T30,DEAP:S18,T30,0,2.96,2,1,2,5,exposed,baseline_relative_context,train,0.1,0.927009967827792,0.07299003217220797
DEAP:S18:T33,DEAP:S18,T33,0,4.56,2,1,2,5,exposed,baseline_relative_context,train,0.1,0.9805246641513206,0.019475335848679436
DEAP:S18:T38,DEAP:S18,T38,0,4.51,2,1,2,5,exposed,baseline_relative_context,train,0.1,0.8845432863764984,0.11545671362350163
DEAP:S18:T39,DEAP:S18,T39,0,4.06,2,1,2,5,exposed,baseline_relative_context,train,0.1,0.6702448677973717,0.3297551322026283
DEAP:S19:T02,DEAP:S19,T02,1,6.46,2,1,2,5,exposed,baseline_relative_context,train,0.1,0.14532918326615518,0.8546708167338448
DEAP:S19:T13,DEAP:S19,T13,1,7.53,2,1,2,5,exposed,baseline_relative_context,train,0.1,0.20663985468858115,0.7933601453114189
DEAP:S19:T14,DEAP:S19,T14,1,6.76,2,1,2,5,exposed,baseline_relative_context,train,0.1,0.11285502963586902,0.887144970364131
DEAP:S19:T15,DEAP:S19,T15,1,5.68,2,1,2,5,exposed,baseline_relative_context,train,0.1,0.22780106831005809,0.7721989316899419
DEAP:S19:T16,DEAP:S19,T16,0,3.24,2,1,2,5,exposed,baseline_relative_context,train,0.1,0.5821295913450142,0.41787040865498587
DEAP:S19:T19,DEAP:S19,T19,1,7.65,2,1,2,5,exposed,baseline_relative_context,train,0.1,0.09368601722405545,0.9063139827759445
DEAP:S19:T20,DEAP:S19,T20,1,6.13,2,1,2,5,exposed,baseline_relative_context,train,0.1,0.2497556486815835,0.7502443513184165
DEAP:S19:T21,DEAP:S19,T21,0,2.19,2,1,2,5,exposed,baseline_relative_context,train,0.1,0.8791358815426688,0.12086411845733129
DEAP:S19:T23,DEAP:S19,T23,0,3.77,2,1,2,5,exposed,baseline_relative_context,train,0.1,0.8633270580370406,0.13667294196295945
DEAP:S19:T26,DEAP:S19,T26,0,4.95,2,1,2,5,exposed,baseline_relative_context,train,0.1,0.39142247407863984,0.6085775259213602
DEAP:S19:T27,DEAP:S19,T27,0,4.97,2,1,2,5,exposed,baseline_relative_context,train,0.1,0.6872101479624393,0.31278985203756077
DEAP:S19:T28,DEAP:S19,T28,1,6.21,2,1,2,5,exposed,baseline_relative_context,train,0.1,0.3482931542498171,0.6517068457501829
DEAP:S19:T33,DEAP:S19,T33,0,3.4,2,1,2,5,exposed,baseline_relative_context,train,0.1,0.5728700994020524,0.4271299005979477
DEAP:S19:T38,DEAP:S19,T38,0,1.62,2,1,2,5,exposed,baseline_relative_context,train,0.1,0.8473704313750952,0.15262956862490482
DEAP:S19:T39,DEAP:S19,T39,1,5.04,2,1,2,5,exposed,baseline_relative_context,train,0.1,0.5121077094961839,0.48789229050381616
DEAP:S20:T02,DEAP:S20,T02,1,6.77,2,1,2,5,exposed,baseline_relative_context,train,0.1,0.12594757843076398,0.874052421569236
DEAP:S20:T14,DEAP:S20,T14,1,6.4,2,1,2,5,exposed,baseline_relative_context,train,0.1,0.11853823972420252,0.8814617602757975
DEAP:S20:T15,DEAP:S20,T15,1,6.35,2,1,2,5,exposed,baseline_relative_context,train,0.1,0.0430998604344508,0.9569001395655492
DEAP:S20:T16,DEAP:S20,T16,1,5.03,2,1,2,5,exposed,baseline_relative_context,train,0.1,0.3673230550755854,0.6326769449244146
DEAP:S20:T19,DEAP:S20,T19,1,7.59,2,1,2,5,exposed,baseline_relative_context,train,0.1,0.0356481897724612,0.9643518102275388
DEAP:S20:T20,DEAP:S20,T20,1,6.65,2,1,2,5,exposed,baseline_relative_context,train,0.1,0.15093064502674747,0.8490693549732525
DEAP:S20:T21,DEAP:S20,T21,0,4.97,2,1,2,5,exposed,baseline_relative_context,train,0.1,0.8645333930983217,0.1354666069016784
DEAP:S20:T23,DEAP:S20,T23,0,2.82,2,1,2,5,exposed,baseline_relative_context,train,0.1,0.8182539565230816,0.18174604347691833
DEAP:S20:T26,DEAP:S20,T26,0,4.31,2,1,2,5,exposed,baseline_relative_context,train,0.1,0.35317681584715876,0.6468231841528412
DEAP:S20:T27,DEAP:S20,T27,1,5.03,2,1,2,5,exposed,baseline_relative_context,train,0.1,0.30639209742900575,0.6936079025709943
DEAP:S20:T28,DEAP:S20,T28,1,5.01,2,1,2,5,exposed,baseline_relative_context,train,0.1,0.33951448926492056,0.6604855107350794
DEAP:S20:T30,DEAP:S20,T30,0,3.49,2,1,2,5,exposed,baseline_relative_context,train,0.1,0.9132931658565019,0.08670683414349811
DEAP:S20:T33,DEAP:S20,T33,0,4.64,2,1,2,5,exposed,baseline_relative_context,train,0.1,0.8137475542816011,0.1862524457183989
DEAP:S20:T38,DEAP:S20,T38,0,3.38,2,1,2,5,exposed,baseline_relative_context,train,0.1,0.7348940700827606,0.2651059299172393
DEAP:S20:T39,DEAP:S20,T39,0,4.67,2,1,2,5,exposed,baseline_relative_context,train,0.1,0.8143281614097034,0.18567183859029657
DEAP:S21:T02,DEAP:S21,T02,1,7.05,2,1,2,5,exposed,baseline_relative_context,train,0.1,0.1014625239903334,0.8985374760096666
DEAP:S21:T13,DEAP:S21,T13,0,4.27,2,1,2,5,exposed,baseline_relative_context,train,0.1,0.8201727615372205,0.17982723846277948
DEAP:S21:T14,DEAP:S21,T14,1,8.1,2,1,2,5,exposed,baseline_relative_context,train,0.1,0.1621180612875538,0.8378819387124462
DEAP:S21:T15,DEAP:S21,T15,1,6.92,2,1,2,5,exposed,baseline_relative_context,train,0.1,0.18267572292994017,0.8173242770700598
DEAP:S21:T16,DEAP:S21,T16,1,5.99,2,1,2,5,exposed,baseline_relative_context,train,0.1,0.3988604771011415,0.6011395228988585
DEAP:S21:T19,DEAP:S21,T19,1,7.26,2,1,2,5,exposed,baseline_relative_context,train,0.1,0.09372207330101001,0.90627792669899
DEAP:S21:T20,DEAP:S21,T20,0,2.33,2,1,2,5,exposed,baseline_relative_context,train,0.1,0.21619988771474108,0.7838001122852589
DEAP:S21:T21,DEAP:S21,T21,0,4.08,2,1,2,5,exposed,baseline_relative_context,train,0.1,0.9239822373498247,0.07601776265017532
DEAP:S21:T23,DEAP:S21,T23,0,4.69,2,1,2,5,exposed,baseline_relative_context,train,0.1,0.9816855477965496,0.018314452203450408
DEAP:S21:T27,DEAP:S21,T27,0,4.01,2,1,2,5,exposed,baseline_relative_context,train,0.1,0.6423693799198942,0.3576306200801059
DEAP:S21:T30,DEAP:S21,T30,0,3.45,2,1,2,5,exposed,baseline_relative_context,train,0.1,0.9773385197981956,0.022661480201804356
DEAP:S21:T33,DEAP:S21,T33,1,7.03,2,1,2,5,exposed,baseline_relative_context,train,0.1,0.5109184838595506,0.4890815161404493
DEAP:S21:T38,DEAP:S21,T38,0,3.03,2,1,2,5,exposed,baseline_relative_context,train,0.1,0.9250337555381938,0.07496624446180618
DEAP:S21:T39,DEAP:S21,T39,1,6.09,2,1,2,5,exposed,baseline_relative_context,train,0.1,0.13792159315530794,0.8620784068446921
DEAP:S23:T02,DEAP:S23,T02,1,9.0,2,1,2,5,exposed,baseline_relative_context,train,0.1,0.35490005962228766,0.6450999403777123
DEAP:S23:T13,DEAP:S23,T13,1,8.01,2,1,2,5,exposed,baseline_relative_context,train,0.1,0.013216283124256933,0.9867837168757431
DEAP:S23:T14,DEAP:S23,T14,1,8.01,2,1,2,5,exposed,baseline_relative_context,train,0.1,0.1080417573911382,0.8919582426088618
DEAP:S23:T15,DEAP:S23,T15,1,7.0,2,1,2,5,exposed,baseline_relative_context,train,0.1,0.14307368151660038,0.8569263184833996
DEAP:S23:T16,DEAP:S23,T16,1,5.15,2,1,2,5,exposed,baseline_relative_context,train,0.1,0.11615780109478335,0.8838421989052166
DEAP:S23:T19,DEAP:S23,T19,1,8.15,2,1,2,5,exposed,baseline_relative_context,train,0.1,0.09243999288025517,0.9075600071197448
DEAP:S23:T20,DEAP:S23,T20,0,3.96,2,1,2,5,exposed,baseline_relative_context,train,0.1,0.15550210491566063,0.8444978950843394
DEAP:S23:T21,DEAP:S23,T21,0,1.91,2,1,2,5,exposed,baseline_relative_context,train,0.1,0.7959823202981922,0.20401767970180787
DEAP:S23:T23,DEAP:S23,T23,0,4.17,2,1,2,5,exposed,baseline_relative_context,train,0.1,0.8187109176224217,0.18128908237757835
DEAP:S23:T26,DEAP:S23,T26,1,8.27,2,1,2,5,exposed,baseline_relative_context,train,0.1,0.4802981248367467,0.5197018751632533
DEAP:S23:T27,DEAP:S23,T27,1,5.06,2,1,2,5,exposed,baseline_relative_context,train,0.1,0.11574182166722491,0.8842581783327751
DEAP:S23:T28,DEAP:S23,T28,1,5.04,2,1,2,5,exposed,baseline_relative_context,train,0.1,0.2999516462292462,0.7000483537707538
DEAP:S23:T30,DEAP:S23,T30,0,3.88,2,1,2,5,exposed,baseline_relative_context,train,0.1,0.8853281095405275,0.11467189045947247
DEAP:S23:T33,DEAP:S23,T33,1,5.04,2,1,2,5,exposed,baseline_relative_context,train,0.1,0.6735426367862609,0.326457363213739
DEAP:S23:T38,DEAP:S23,T38,0,4.97,2,1,2,5,exposed,baseline_relative_context,train,0.1,0.8740446014931266,0.12595539850687343
DEAP:S25:T02,DEAP:S25,T02,0,2.99,2,1,2,5,exposed,baseline_relative_context,train,0.1,0.3580520162750598,0.6419479837249402
DEAP:S25:T13,DEAP:S25,T13,1,7.97,2,1,2,5,exposed,baseline_relative_context,train,0.1,0.6804082238929121,0.3195917761070879
DEAP:S25:T15,DEAP:S25,T15,1,7.01,2,1,2,5,exposed,baseline_relative_context,train,0.1,0.13339777158672017,0.8666022284132798
DEAP:S25:T16,DEAP:S25,T16,1,6.05,2,1,2,5,exposed,baseline_relative_context,train,0.1,0.32908016839034226,0.6709198316096577
DEAP:S25:T19,DEAP:S25,T19,1,7.06,2,1,2,5,exposed,baseline_relative_context,train,0.1,0.20109947256317773,0.7989005274368223
DEAP:S25:T21,DEAP:S25,T21,1,6.03,2,1,2,5,exposed,baseline_relative_context,train,0.1,0.6686531658265953,0.33134683417340466
DEAP:S25:T23,DEAP:S25,T23,0,2.01,2,1,2,5,exposed,baseline_relative_context,train,0.1,0.7599147287617786,0.24008527123822143
DEAP:S25:T26,DEAP:S25,T26,0,4.99,2,1,2,5,exposed,baseline_relative_context,train,0.1,0.7840506585456806,0.21594934145431943
DEAP:S25:T30,DEAP:S25,T30,0,4.03,2,1,2,5,exposed,baseline_relative_context,train,0.1,0.8962222613733085,0.10377773862669151
DEAP:S25:T33,DEAP:S25,T33,0,1.94,2,1,2,5,exposed,baseline_relative_context,train,0.1,0.7226163507098657,0.27738364929013426
DEAP:S25:T38,DEAP:S25,T38,0,1.0,2,1,2,5,exposed,baseline_relative_context,train,0.1,0.9860546665476385,0.013945333452361526
DEAP:S25:T39,DEAP:S25,T39,0,1.0,2,1,2,5,exposed,baseline_relative_context,train,0.1,0.6412204142076068,0.3587795857923932
DEAP:S27:T02,DEAP:S27,T02,1,7.0,2,1,2,5,exposed,baseline_relative_context,train,0.1,0.16898312181870856,0.8310168781812914
DEAP:S27:T13,DEAP:S27,T13,1,7.01,2,1,2,5,exposed,baseline_relative_context,train,0.1,0.3125076717296299,0.6874923282703701
DEAP:S27:T14,DEAP:S27,T14,1,8.06,2,1,2,5,exposed,baseline_relative_context,train,0.1,0.05358108186894783,0.9464189181310522
DEAP:S27:T15,DEAP:S27,T15,1,5.04,2,1,2,5,exposed,baseline_relative_context,train,0.1,0.11608593995330563,0.8839140600466944
DEAP:S27:T16,DEAP:S27,T16,1,8.06,2,1,2,5,exposed,baseline_relative_context,train,0.1,0.2760204666940218,0.7239795333059782
DEAP:S27:T19,DEAP:S27,T19,1,5.06,2,1,2,5,exposed,baseline_relative_context,train,0.1,0.04704678461627154,0.9529532153837285
DEAP:S27:T20,DEAP:S27,T20,1,6.97,2,1,2,5,exposed,baseline_relative_context,train,0.1,0.15259997435491757,0.8474000256450824
DEAP:S27:T21,DEAP:S27,T21,1,9.0,2,1,2,5,exposed,baseline_relative_context,train,0.1,0.47794796363097525,0.5220520363690248
DEAP:S27:T23,DEAP:S27,T23,1,8.0,2,1,2,5,exposed,baseline_relative_context,train,0.1,0.8547671423203023,0.1452328576796978
DEAP:S27:T26,DEAP:S27,T26,1,5.04,2,1,2,5,exposed,baseline_relative_context,train,0.1,0.5137015112351577,0.4862984887648423
DEAP:S27:T27,DEAP:S27,T27,0,4.97,2,1,2,5,exposed,baseline_relative_context,train,0.1,0.3688515409091365,0.6311484590908635
DEAP:S27:T28,DEAP:S27,T28,1,5.04,2,1,2,5,exposed,baseline_relative_context,train,0.1,0.2869038134678401,0.7130961865321599
DEAP:S27:T30,DEAP:S27,T30,1,7.08,2,1,2,5,exposed,baseline_relative_context,train,0.1,0.9399654941221534,0.06003450587784667
DEAP:S27:T33,DEAP:S27,T33,1,5.04,2,1,2,5,exposed,baseline_relative_context,train,0.1,0.5587143013436308,0.44128569865636924
DEAP:S27:T39,DEAP:S27,T39,0,2.14,2,1,2,5,exposed,baseline_relative_context,train,0.1,0.7075671175247402,0.2924328824752597
DEAP:S28:T02,DEAP:S28,T02,1,7.99,2,1,2,5,exposed,baseline_relative_context,train,0.1,0.18847644991607015,0.8115235500839298
DEAP:S28:T13,DEAP:S28,T13,0,2.09,2,1,2,5,exposed,baseline_relative_context,train,0.1,0.47869033532244,0.52130966467756
DEAP:S28:T14,DEAP:S28,T14,1,8.03,2,1,2,5,exposed,baseline_relative_context,train,0.1,0.16062679387075274,0.8393732061292473
DEAP:S28:T15,DEAP:S28,T15,1,5.04,2,1,2,5,exposed,baseline_relative_context,train,0.1,0.1646204911881196,0.8353795088118804
DEAP:S28:T16,DEAP:S28,T16,1,6.91,2,1,2,5,exposed,baseline_relative_context,train,0.1,0.5426401098745686,0.4573598901254314
DEAP:S28:T19,DEAP:S28,T19,1,7.03,2,1,2,5,exposed,baseline_relative_context,train,0.1,0.06694113828678128,0.9330588617132187
DEAP:S28:T20,DEAP:S28,T20,1,8.04,2,1,2,5,exposed,baseline_relative_context,train,0.1,0.07949497351145007,0.9205050264885499
DEAP:S28:T21,DEAP:S28,T21,0,2.01,2,1,2,5,exposed,baseline_relative_context,train,0.1,0.8267935596596496,0.17320644034035043
DEAP:S28:T23,DEAP:S28,T23,0,2.03,2,1,2,5,exposed,baseline_relative_context,train,0.1,0.9100963110961867,0.0899036889038133
DEAP:S28:T26,DEAP:S28,T26,0,1.99,2,1,2,5,exposed,baseline_relative_context,train,0.1,0.70315027416454,0.29684972583546
DEAP:S28:T27,DEAP:S28,T27,1,6.08,2,1,2,5,exposed,baseline_relative_context,train,0.1,0.49467720812461013,0.5053227918753899
DEAP:S28:T28,DEAP:S28,T28,0,2.9,2,1,2,5,exposed,baseline_relative_context,train,0.1,0.41581589813958,0.58418410186042
DEAP:S28:T30,DEAP:S28,T30,0,1.99,2,1,2,5,exposed,baseline_relative_context,train,0.1,0.801144303649942,0.19885569635005798
DEAP:S28:T33,DEAP:S28,T33,1,7.01,2,1,2,5,exposed,baseline_relative_context,train,0.1,0.7736912485524331,0.2263087514475669
DEAP:S28:T38,DEAP:S28,T38,0,1.96,2,1,2,5,exposed,baseline_relative_context,train,0.1,0.9021732991858153,0.09782670081418467
DEAP:S28:T39,DEAP:S28,T39,0,1.04,2,1,2,5,exposed,baseline_relative_context,train,0.1,0.6880945015625117,0.3119054984374882
DEAP:S30:T02,DEAP:S30,T02,1,7.15,2,1,2,5,exposed,baseline_relative_context,train,0.1,0.06884968404321201,0.931150315956788
DEAP:S30:T13,DEAP:S30,T13,0,4.04,2,1,2,5,exposed,baseline_relative_context,train,0.1,0.3400829364151875,0.6599170635848125
DEAP:S30:T14,DEAP:S30,T14,1,5.04,2,1,2,5,exposed,baseline_relative_context,train,0.1,0.07993728018955548,0.9200627198104445
DEAP:S30:T15,DEAP:S30,T15,1,5.01,2,1,2,5,exposed,baseline_relative_context,train,0.1,0.2362608378759652,0.7637391621240348
DEAP:S30:T16,DEAP:S30,T16,1,5.04,2,1,2,5,exposed,baseline_relative_context,train,0.1,0.27588341587100007,0.7241165841289999
DEAP:S30:T19,DEAP:S30,T19,1,8.27,2,1,2,5,exposed,baseline_relative_context,train,0.1,0.2810702095361448,0.7189297904638552
DEAP:S30:T20,DEAP:S30,T20,1,7.26,2,1,2,5,exposed,baseline_relative_context,train,0.1,0.03490504683604345,0.9650949531639565
DEAP:S30:T21,DEAP:S30,T21,0,3.05,2,1,2,5,exposed,baseline_relative_context,train,0.1,0.7490593691962406,0.25094063080375933
DEAP:S30:T23,DEAP:S30,T23,0,3.0,2,1,2,5,exposed,baseline_relative_context,train,0.1,0.7816259228882952,0.21837407711170478
DEAP:S30:T26,DEAP:S30,T26,1,5.01,2,1,2,5,exposed,baseline_relative_context,train,0.1,0.37030720076492274,0.6296927992350773
DEAP:S30:T27,DEAP:S30,T27,1,8.01,2,1,2,5,exposed,baseline_relative_context,train,0.1,0.22343803337872592,0.7765619666212741
DEAP:S30:T28,DEAP:S30,T28,1,5.06,2,1,2,5,exposed,baseline_relative_context,train,0.1,0.31639908602567,0.68360091397433
DEAP:S30:T30,DEAP:S30,T30,0,4.04,2,1,2,5,exposed,baseline_relative_context,train,0.1,0.7821051736715272,0.21789482632847276
DEAP:S30:T33,DEAP:S30,T33,0,3.91,2,1,2,5,exposed,baseline_relative_context,train,0.1,0.6593336983384124,0.3406663016615876
DEAP:S30:T38,DEAP:S30,T38,1,5.04,2,1,2,5,exposed,baseline_relative_context,train,0.1,0.8367138976616334,0.1632861023383666
DEAP:S30:T39,DEAP:S30,T39,0,2.97,2,1,2,5,exposed,baseline_relative_context,train,0.1,0.5127820972748873,0.4872179027251127
DEAP:S31:T02,DEAP:S31,T02,1,5.03,2,1,2,5,exposed,baseline_relative_context,train,0.1,0.2465938604557283,0.7534061395442717
DEAP:S31:T13,DEAP:S31,T13,1,8.09,2,1,2,5,exposed,baseline_relative_context,train,0.1,0.11617192520157549,0.8838280747984245
DEAP:S31:T14,DEAP:S31,T14,1,8.06,2,1,2,5,exposed,baseline_relative_context,train,0.1,0.1759193486717756,0.8240806513282244
DEAP:S31:T15,DEAP:S31,T15,1,6.05,2,1,2,5,exposed,baseline_relative_context,train,0.1,0.20344960727686312,0.7965503927231369
DEAP:S31:T16,DEAP:S31,T16,1,6.09,2,1,2,5,exposed,baseline_relative_context,train,0.1,0.265298780067001,0.734701219932999
DEAP:S31:T19,DEAP:S31,T19,1,7.95,2,1,2,5,exposed,baseline_relative_context,train,0.1,0.0760354449956151,0.9239645550043849
DEAP:S31:T20,DEAP:S31,T20,1,6.9,2,1,2,5,exposed,baseline_relative_context,train,0.1,0.1198254827638795,0.8801745172361205
DEAP:S31:T21,DEAP:S31,T21,1,5.09,2,1,2,5,exposed,baseline_relative_context,train,0.1,0.7122467435897437,0.28775325641025623
DEAP:S31:T23,DEAP:S31,T23,0,1.0,2,1,2,5,exposed,baseline_relative_context,train,0.1,0.8312568736160963,0.16874312638390362
DEAP:S31:T26,DEAP:S31,T26,1,7.08,2,1,2,5,exposed,baseline_relative_context,train,0.1,0.1192834784868031,0.8807165215131969
DEAP:S31:T28,DEAP:S31,T28,1,5.01,2,1,2,5,exposed,baseline_relative_context,train,0.1,0.45972241071727094,0.5402775892827291
DEAP:S31:T30,DEAP:S31,T30,0,3.13,2,1,2,5,exposed,baseline_relative_context,train,0.1,0.6880248741996496,0.31197512580035036
DEAP:S31:T33,DEAP:S31,T33,0,4.18,2,1,2,5,exposed,baseline_relative_context,train,0.1,0.5257447169498677,0.47425528305013226
DEAP:S31:T38,DEAP:S31,T38,0,1.0,2,1,2,5,exposed,baseline_relative_context,train,0.1,0.9192431954676918,0.08075680453230812
DEAP:S31:T39,DEAP:S31,T39,0,1.0,2,1,2,5,exposed,baseline_relative_context,train,0.1,0.9128279755079113,0.08717202449208873
DEAP:S32:T02,DEAP:S32,T02,0,4.99,2,1,2,5,exposed,baseline_relative_context,train,0.1,0.4186313382902791,0.5813686617097209
DEAP:S32:T13,DEAP:S32,T13,1,7.09,2,1,2,5,exposed,baseline_relative_context,train,0.1,0.28546828973644045,0.7145317102635595
DEAP:S32:T14,DEAP:S32,T14,1,7.1,2,1,2,5,exposed,baseline_relative_context,train,0.1,0.13690736393483127,0.8630926360651687
DEAP:S32:T15,DEAP:S32,T15,1,5.01,2,1,2,5,exposed,baseline_relative_context,train,0.1,0.2594295266882667,0.7405704733117333
DEAP:S32:T16,DEAP:S32,T16,0,3.97,2,1,2,5,exposed,baseline_relative_context,train,0.1,0.6217695017379357,0.3782304982620644
DEAP:S32:T20,DEAP:S32,T20,1,6.03,2,1,2,5,exposed,baseline_relative_context,train,0.1,0.2805049762738264,0.7194950237261736
DEAP:S32:T21,DEAP:S32,T21,0,4.12,2,1,2,5,exposed,baseline_relative_context,train,0.1,0.9454939540606064,0.05450604593939353
DEAP:S32:T23,DEAP:S32,T23,0,3.01,2,1,2,5,exposed,baseline_relative_context,train,0.1,0.9388762300921434,0.06112376990785664
DEAP:S32:T26,DEAP:S32,T26,1,5.14,2,1,2,5,exposed,baseline_relative_context,train,0.1,0.7883245265354915,0.2116754734645086
DEAP:S32:T27,DEAP:S32,T27,1,6.0,2,1,2,5,exposed,baseline_relative_context,train,0.1,0.3926363117012682,0.6073636882987318
DEAP:S32:T28,DEAP:S32,T28,1,6.03,2,1,2,5,exposed,baseline_relative_context,train,0.1,0.3230455132374369,0.6769544867625631
DEAP:S32:T30,DEAP:S32,T30,0,1.0,2,1,2,5,exposed,baseline_relative_context,train,0.1,0.7266747756576468,0.27332522434235323
DEAP:S32:T33,DEAP:S32,T33,0,4.06,2,1,2,5,exposed,baseline_relative_context,train,0.1,0.8421053546043259,0.1578946453956741
DEAP:S32:T38,DEAP:S32,T38,0,3.05,2,1,2,5,exposed,baseline_relative_context,train,0.1,0.9178625646449969,0.08213743535500312
DEAP:S32:T39,DEAP:S32,T39,0,3.99,2,1,2,5,exposed,baseline_relative_context,train,0.1,0.8282246659558274,0.17177533404417258
DEAP:S04:T06,DEAP:S04,T06,1,5.01,2,1,2,5,exposed,baseline_relative_context,validation_unseen,0.1,0.1469936025698081,0.8530063974301919
DEAP:S04:T07,DEAP:S04,T07,0,2.94,2,1,2,5,exposed,baseline_relative_context,validation_unseen,0.1,0.4771486382637854,0.5228513617362146
DEAP:S04:T09,DEAP:S04,T09,1,6.05,2,1,2,5,exposed,baseline_relative_context,validation_unseen,0.1,0.49839888418743483,0.5016011158125652
DEAP:S04:T17,DEAP:S04,T17,1,7.01,2,1,2,5,exposed,baseline_relative_context,validation_unseen,0.1,0.5422659564619012,0.4577340435380987
DEAP:S04:T35,DEAP:S04,T35,0,2.03,2,1,2,5,exposed,baseline_relative_context,validation_unseen,0.1,0.13347812200385023,0.8665218779961498
DEAP:S04:T36,DEAP:S04,T36,0,2.72,2,1,2,5,exposed,baseline_relative_context,validation_unseen,0.1,0.9573143685902347,0.042685631409765314
DEAP:S04:T37,DEAP:S04,T37,0,1.0,2,1,2,5,exposed,baseline_relative_context,validation_unseen,0.1,0.09343256088210528,0.9065674391178947
DEAP:S04:T40,DEAP:S04,T40,0,1.86,2,1,2,5,exposed,baseline_relative_context,validation_unseen,0.1,0.121464896469761,0.878535103530239
DEAP:S07:T06,DEAP:S07,T06,1,6.97,2,1,2,5,exposed,baseline_relative_context,validation_unseen,0.1,0.5071412926227485,0.4928587073772515
DEAP:S07:T07,DEAP:S07,T07,1,7.08,2,1,2,5,exposed,baseline_relative_context,validation_unseen,0.1,0.6007791432290039,0.3992208567709961
DEAP:S07:T09,DEAP:S07,T09,1,6.99,2,1,2,5,exposed,baseline_relative_context,validation_unseen,0.1,0.7238249440913112,0.27617505590868885
DEAP:S07:T17,DEAP:S07,T17,1,7.12,2,1,2,5,exposed,baseline_relative_context,validation_unseen,0.1,0.4133212727482326,0.5866787272517674
DEAP:S07:T35,DEAP:S07,T35,1,5.01,2,1,2,5,exposed,baseline_relative_context,validation_unseen,0.1,0.5852515486806746,0.4147484513193253
DEAP:S07:T36,DEAP:S07,T36,1,8.1,2,1,2,5,exposed,baseline_relative_context,validation_unseen,0.1,0.49250199064950495,0.507498009350495
DEAP:S07:T37,DEAP:S07,T37,1,5.05,2,1,2,5,exposed,baseline_relative_context,validation_unseen,0.1,0.5979788599600526,0.4020211400399473
DEAP:S07:T40,DEAP:S07,T40,1,7.01,2,1,2,5,exposed,baseline_relative_context,validation_unseen,0.1,0.6537756681665017,0.3462243318334983
DEAP:S24:T06,DEAP:S24,T06,1,5.96,2,1,2,5,exposed,baseline_relative_context,validation_unseen,0.1,0.5832798851832262,0.4167201148167738
DEAP:S24:T07,DEAP:S24,T07,0,3.04,2,1,2,5,exposed,baseline_relative_context,validation_unseen,0.1,0.6771702851774807,0.3228297148225193
DEAP:S24:T09,DEAP:S24,T09,1,7.08,2,1,2,5,exposed,baseline_relative_context,validation_unseen,0.1,0.9063889691944502,0.0936110308055498
DEAP:S24:T17,DEAP:S24,T17,0,4.08,2,1,2,5,exposed,baseline_relative_context,validation_unseen,0.1,0.7551135635779576,0.24488643642204241
DEAP:S24:T35,DEAP:S24,T35,0,4.05,2,1,2,5,exposed,baseline_relative_context,validation_unseen,0.1,0.8376960362326136,0.16230396376738637
DEAP:S24:T36,DEAP:S24,T36,0,4.0,2,1,2,5,exposed,baseline_relative_context,validation_unseen,0.1,0.4646537796901372,0.5353462203098628
DEAP:S24:T37,DEAP:S24,T37,0,4.0,2,1,2,5,exposed,baseline_relative_context,validation_unseen,0.1,0.6432030442635426,0.35679695573645737
DEAP:S29:T06,DEAP:S29,T06,1,8.03,2,1,2,5,exposed,baseline_relative_context,validation_unseen,0.1,0.5402244649079504,0.45977553509204955
DEAP:S29:T07,DEAP:S29,T07,1,7.04,2,1,2,5,exposed,baseline_relative_context,validation_unseen,0.1,0.4243710811665139,0.5756289188334861
DEAP:S29:T09,DEAP:S29,T09,1,7.06,2,1,2,5,exposed,baseline_relative_context,validation_unseen,0.1,0.6996141521857818,0.3003858478142182
DEAP:S29:T17,DEAP:S29,T17,1,5.08,2,1,2,5,exposed,baseline_relative_context,validation_unseen,0.1,0.3218331659933814,0.6781668340066186
DEAP:S29:T35,DEAP:S29,T35,0,1.92,2,1,2,5,exposed,baseline_relative_context,validation_unseen,0.1,0.5459788831940244,0.4540211168059755
DEAP:S29:T36,DEAP:S29,T36,1,5.03,2,1,2,5,exposed,baseline_relative_context,validation_unseen,0.1,0.6532144539708843,0.3467855460291157
DEAP:S29:T37,DEAP:S29,T37,1,5.01,2,1,2,5,exposed,baseline_relative_context,validation_unseen,0.1,0.36240077686102545,0.6375992231389745
DEAP:S29:T40,DEAP:S29,T40,1,6.01,2,1,2,5,exposed,baseline_relative_context,validation_unseen,0.1,0.2509000757037728,0.7490999242962272
DEAP:S04:T02,DEAP:S04,T02,0,4.06,2,1,2,5,exposed,baseline_relative_context,validation_familiar,0.1,0.0598893829818572,0.9401106170181428
DEAP:S04:T13,DEAP:S04,T13,0,4.12,2,1,2,5,exposed,baseline_relative_context,validation_familiar,0.1,0.46531749133239053,0.5346825086676095
DEAP:S04:T14,DEAP:S04,T14,1,6.96,2,1,2,5,exposed,baseline_relative_context,validation_familiar,0.1,0.3543109005678283,0.6456890994321717
DEAP:S04:T15,DEAP:S04,T15,1,6.96,2,1,2,5,exposed,baseline_relative_context,validation_familiar,0.1,0.3592164703795362,0.6407835296204638
DEAP:S04:T16,DEAP:S04,T16,0,2.51,2,1,2,5,exposed,baseline_relative_context,validation_familiar,0.1,0.4718565637251473,0.5281434362748527
DEAP:S04:T19,DEAP:S04,T19,1,7.09,2,1,2,5,exposed,baseline_relative_context,validation_familiar,0.1,0.3850441809395656,0.6149558190604344
DEAP:S04:T20,DEAP:S04,T20,1,8.17,2,1,2,5,exposed,baseline_relative_context,validation_familiar,0.1,0.39130690991936257,0.6086930900806374
DEAP:S04:T21,DEAP:S04,T21,0,1.77,2,1,2,5,exposed,baseline_relative_context,validation_familiar,0.1,0.5591461265660449,0.44085387343395516
DEAP:S04:T23,DEAP:S04,T23,0,1.86,2,1,2,5,exposed,baseline_relative_context,validation_familiar,0.1,0.6138657423081824,0.3861342576918177
DEAP:S04:T26,DEAP:S04,T26,1,6.0,2,1,2,5,exposed,baseline_relative_context,validation_familiar,0.1,0.6530984298765758,0.34690157012342415
DEAP:S04:T27,DEAP:S04,T27,1,6.14,2,1,2,5,exposed,baseline_relative_context,validation_familiar,0.1,0.47455870837148184,0.5254412916285182
DEAP:S04:T28,DEAP:S04,T28,0,2.17,2,1,2,5,exposed,baseline_relative_context,validation_familiar,0.1,0.9687744172179139,0.031225582782086102
DEAP:S04:T30,DEAP:S04,T30,0,3.1,2,1,2,5,exposed,baseline_relative_context,validation_familiar,0.1,0.9064815781098705,0.09351842189012945
DEAP:S04:T33,DEAP:S04,T33,0,1.0,2,1,2,5,exposed,baseline_relative_context,validation_familiar,0.1,0.7985924005472723,0.20140759945272765
DEAP:S04:T38,DEAP:S04,T38,0,1.79,2,1,2,5,exposed,baseline_relative_context,validation_familiar,0.1,0.8064047769413719,0.19359522305862809
DEAP:S04:T39,DEAP:S04,T39,0,1.92,2,1,2,5,exposed,baseline_relative_context,validation_familiar,0.1,0.3514509920592226,0.6485490079407774
DEAP:S07:T02,DEAP:S07,T02,1,7.15,2,1,2,5,exposed,baseline_relative_context,validation_familiar,0.1,0.08387073986831095,0.916129260131689
DEAP:S07:T13,DEAP:S07,T13,1,8.0,2,1,2,5,exposed,baseline_relative_context,validation_familiar,0.1,0.5492973401767434,0.45070265982325664
DEAP:S07:T14,DEAP:S07,T14,1,7.09,2,1,2,5,exposed,baseline_relative_context,validation_familiar,0.1,0.17907129314746117,0.8209287068525388
DEAP:S07:T15,DEAP:S07,T15,1,7.99,2,1,2,5,exposed,baseline_relative_context,validation_familiar,0.1,0.20850069110731295,0.791499308892687
DEAP:S07:T16,DEAP:S07,T16,0,3.03,2,1,2,5,exposed,baseline_relative_context,validation_familiar,0.1,0.5348610538085615,0.4651389461914385
DEAP:S07:T19,DEAP:S07,T19,1,6.99,2,1,2,5,exposed,baseline_relative_context,validation_familiar,0.1,0.1876538203206164,0.8123461796793836
DEAP:S07:T20,DEAP:S07,T20,1,8.06,2,1,2,5,exposed,baseline_relative_context,validation_familiar,0.1,0.4734654175958276,0.5265345824041724
DEAP:S07:T21,DEAP:S07,T21,0,3.12,2,1,2,5,exposed,baseline_relative_context,validation_familiar,0.1,0.767301350004259,0.232698649995741
DEAP:S07:T23,DEAP:S07,T23,0,3.01,2,1,2,5,exposed,baseline_relative_context,validation_familiar,0.1,0.8441125092559084,0.15588749074409158
DEAP:S07:T26,DEAP:S07,T26,0,2.0,2,1,2,5,exposed,baseline_relative_context,validation_familiar,0.1,0.44342561463953056,0.5565743853604694
DEAP:S07:T27,DEAP:S07,T27,1,6.09,2,1,2,5,exposed,baseline_relative_context,validation_familiar,0.1,0.33770176444650735,0.6622982355534927
DEAP:S07:T28,DEAP:S07,T28,0,2.05,2,1,2,5,exposed,baseline_relative_context,validation_familiar,0.1,0.5336888459258331,0.46631115407416684
DEAP:S07:T30,DEAP:S07,T30,0,3.09,2,1,2,5,exposed,baseline_relative_context,validation_familiar,0.1,0.9057555044124127,0.09424449558758725
DEAP:S07:T33,DEAP:S07,T33,0,4.97,2,1,2,5,exposed,baseline_relative_context,validation_familiar,0.1,0.5150479969591499,0.48495200304085
DEAP:S07:T38,DEAP:S07,T38,1,5.03,2,1,2,5,exposed,baseline_relative_context,validation_familiar,0.1,0.9201918261554184,0.07980817384458164
DEAP:S07:T39,DEAP:S07,T39,1,7.01,2,1,2,5,exposed,baseline_relative_context,validation_familiar,0.1,0.7469363387146195,0.25306366128538055
DEAP:S24:T02,DEAP:S24,T02,1,6.04,2,1,2,5,exposed,baseline_relative_context,validation_familiar,0.1,0.5179817338861299,0.4820182661138701
DEAP:S24:T13,DEAP:S24,T13,1,8.0,2,1,2,5,exposed,baseline_relative_context,validation_familiar,0.1,0.43317622418124935,0.5668237758187507
DEAP:S24:T14,DEAP:S24,T14,1,8.05,2,1,2,5,exposed,baseline_relative_context,validation_familiar,0.1,0.21913749782550618,0.7808625021744938
DEAP:S24:T15,DEAP:S24,T15,1,6.0,2,1,2,5,exposed,baseline_relative_context,validation_familiar,0.1,0.4521558872547994,0.5478441127452006
DEAP:S24:T16,DEAP:S24,T16,0,4.0,2,1,2,5,exposed,baseline_relative_context,validation_familiar,0.1,0.4853090306360499,0.5146909693639501
DEAP:S24:T19,DEAP:S24,T19,1,7.03,2,1,2,5,exposed,baseline_relative_context,validation_familiar,0.1,0.31470581902538597,0.685294180974614
DEAP:S24:T20,DEAP:S24,T20,0,4.03,2,1,2,5,exposed,baseline_relative_context,validation_familiar,0.1,0.48033691514040655,0.5196630848595934
DEAP:S24:T21,DEAP:S24,T21,0,1.96,2,1,2,5,exposed,baseline_relative_context,validation_familiar,0.1,0.8976086299829424,0.10239137001705761
DEAP:S24:T23,DEAP:S24,T23,0,1.0,2,1,2,5,exposed,baseline_relative_context,validation_familiar,0.1,0.8989502602110677,0.10104973978893225
DEAP:S24:T26,DEAP:S24,T26,0,4.05,2,1,2,5,exposed,baseline_relative_context,validation_familiar,0.1,0.9014564518510063,0.09854354814899373
DEAP:S24:T27,DEAP:S24,T27,1,6.08,2,1,2,5,exposed,baseline_relative_context,validation_familiar,0.1,0.8869018287581917,0.1130981712418083
DEAP:S24:T28,DEAP:S24,T28,0,4.03,2,1,2,5,exposed,baseline_relative_context,validation_familiar,0.1,0.6049566826406692,0.3950433173593309
DEAP:S24:T30,DEAP:S24,T30,0,1.0,2,1,2,5,exposed,baseline_relative_context,validation_familiar,0.1,0.8650585497391351,0.13494145026086488
DEAP:S24:T33,DEAP:S24,T33,1,5.01,2,1,2,5,exposed,baseline_relative_context,validation_familiar,0.1,0.7401494858085715,0.2598505141914285
DEAP:S24:T38,DEAP:S24,T38,0,2.03,2,1,2,5,exposed,baseline_relative_context,validation_familiar,0.1,0.9057518023557698,0.09424819764423017
DEAP:S24:T39,DEAP:S24,T39,0,2.12,2,1,2,5,exposed,baseline_relative_context,validation_familiar,0.1,0.7389832092031474,0.2610167907968525
DEAP:S29:T02,DEAP:S29,T02,1,7.05,2,1,2,5,exposed,baseline_relative_context,validation_familiar,0.1,0.6350576371827088,0.36494236281729125
DEAP:S29:T13,DEAP:S29,T13,1,6.06,2,1,2,5,exposed,baseline_relative_context,validation_familiar,0.1,0.5689434802097739,0.43105651979022613
DEAP:S29:T14,DEAP:S29,T14,1,8.06,2,1,2,5,exposed,baseline_relative_context,validation_familiar,0.1,0.24629597663870384,0.7537040233612962
DEAP:S29:T15,DEAP:S29,T15,0,4.01,2,1,2,5,exposed,baseline_relative_context,validation_familiar,0.1,0.23524449707838424,0.7647555029216158
DEAP:S29:T16,DEAP:S29,T16,0,3.0,2,1,2,5,exposed,baseline_relative_context,validation_familiar,0.1,0.4374258584169308,0.5625741415830692
DEAP:S29:T19,DEAP:S29,T19,1,7.05,2,1,2,5,exposed,baseline_relative_context,validation_familiar,0.1,0.2561435319471105,0.7438564680528895
DEAP:S29:T20,DEAP:S29,T20,1,8.03,2,1,2,5,exposed,baseline_relative_context,validation_familiar,0.1,0.6309616214544187,0.36903837854558125
DEAP:S29:T21,DEAP:S29,T21,0,2.92,2,1,2,5,exposed,baseline_relative_context,validation_familiar,0.1,0.8585337740620942,0.14146622593790575
DEAP:S29:T23,DEAP:S29,T23,0,2.05,2,1,2,5,exposed,baseline_relative_context,validation_familiar,0.1,0.9118659591625128,0.08813404083748726
DEAP:S29:T26,DEAP:S29,T26,0,3.0,2,1,2,5,exposed,baseline_relative_context,validation_familiar,0.1,0.6379423560745769,0.36205764392542306
DEAP:S29:T27,DEAP:S29,T27,1,7.09,2,1,2,5,exposed,baseline_relative_context,validation_familiar,0.1,0.343556688117581,0.656443311882419
DEAP:S29:T28,DEAP:S29,T28,0,1.04,2,1,2,5,exposed,baseline_relative_context,validation_familiar,0.1,0.4553298929879762,0.5446701070120238
DEAP:S29:T30,DEAP:S29,T30,0,2.95,2,1,2,5,exposed,baseline_relative_context,validation_familiar,0.1,0.9481614914332342,0.051838508566765716
DEAP:S29:T33,DEAP:S29,T33,0,1.99,2,1,2,5,exposed,baseline_relative_context,validation_familiar,0.1,0.40415557740119556,0.5958444225988044
DEAP:S29:T38,DEAP:S29,T38,0,1.88,2,1,2,5,exposed,baseline_relative_context,validation_familiar,0.1,0.9788093035677119,0.021190696432288117
DEAP:S29:T39,DEAP:S29,T39,1,6.05,2,1,2,5,exposed,baseline_relative_context,validation_familiar,0.1,0.5026082782718411,0.49739172172815893
DEAP:S01:T02,DEAP:S01,T02,1,8.1,2,1,2,5,exposed,baseline_relative_context,train,1.0,0.19209207697130315,0.8079079230286969
DEAP:S01:T13,DEAP:S01,T13,0,1.95,2,1,2,5,exposed,baseline_relative_context,train,1.0,0.4154224821409068,0.5845775178590932
DEAP:S01:T14,DEAP:S01,T14,0,4.18,2,1,2,5,exposed,baseline_relative_context,train,1.0,0.05043092129441662,0.9495690787055834
DEAP:S01:T15,DEAP:S01,T15,0,3.17,2,1,2,5,exposed,baseline_relative_context,train,1.0,0.27691833374181185,0.7230816662581881
DEAP:S01:T16,DEAP:S01,T16,1,6.81,2,1,2,5,exposed,baseline_relative_context,train,1.0,0.1710827969122234,0.8289172030877766
DEAP:S01:T19,DEAP:S01,T19,1,7.17,2,1,2,5,exposed,baseline_relative_context,train,1.0,0.13363482207232924,0.8663651779276708
DEAP:S01:T20,DEAP:S01,T20,1,8.26,2,1,2,5,exposed,baseline_relative_context,train,1.0,0.06292969762405576,0.9370703023759442
DEAP:S01:T21,DEAP:S01,T21,1,9.0,2,1,2,5,exposed,baseline_relative_context,train,1.0,0.5259731069885119,0.47402689301148815
DEAP:S01:T23,DEAP:S01,T23,1,8.15,2,1,2,5,exposed,baseline_relative_context,train,1.0,0.5299058714088226,0.4700941285911774
DEAP:S01:T26,DEAP:S01,T26,1,7.28,2,1,2,5,exposed,baseline_relative_context,train,1.0,0.37041356884330423,0.6295864311566958
DEAP:S01:T27,DEAP:S01,T27,1,7.35,2,1,2,5,exposed,baseline_relative_context,train,1.0,0.03845810854970999,0.96154189145029
DEAP:S01:T28,DEAP:S01,T28,0,3.88,2,1,2,5,exposed,baseline_relative_context,train,1.0,0.5711267431535606,0.4288732568464394
DEAP:S01:T30,DEAP:S01,T30,0,2.08,2,1,2,5,exposed,baseline_relative_context,train,1.0,0.9966624935376851,0.0033375064623149503
DEAP:S01:T33,DEAP:S01,T33,0,3.81,2,1,2,5,exposed,baseline_relative_context,train,1.0,0.939291092836797,0.06070890716320303
DEAP:S01:T38,DEAP:S01,T38,0,3.33,2,1,2,5,exposed,baseline_relative_context,train,1.0,0.9668053163546493,0.03319468364535073
DEAP:S01:T39,DEAP:S01,T39,0,3.24,2,1,2,5,exposed,baseline_relative_context,train,1.0,0.6687629058692255,0.33123709413077457
DEAP:S02:T02,DEAP:S02,T02,1,8.01,2,1,2,5,exposed,baseline_relative_context,train,1.0,0.07763063191317277,0.9223693680868272
DEAP:S02:T13,DEAP:S02,T13,1,9.0,2,1,2,5,exposed,baseline_relative_context,train,1.0,0.05998605455560835,0.9400139454443917
DEAP:S02:T14,DEAP:S02,T14,1,8.94,2,1,2,5,exposed,baseline_relative_context,train,1.0,0.0232971273695457,0.9767028726304543
DEAP:S02:T15,DEAP:S02,T15,1,9.0,2,1,2,5,exposed,baseline_relative_context,train,1.0,0.0026821391413685003,0.9973178608586315
DEAP:S02:T16,DEAP:S02,T16,1,6.0,2,1,2,5,exposed,baseline_relative_context,train,1.0,0.4276163054036066,0.5723836945963934
DEAP:S02:T19,DEAP:S02,T19,1,9.0,2,1,2,5,exposed,baseline_relative_context,train,1.0,0.04540867148112271,0.9545913285188773
DEAP:S02:T20,DEAP:S02,T20,1,8.97,2,1,2,5,exposed,baseline_relative_context,train,1.0,0.04660858993462391,0.9533914100653761
DEAP:S02:T23,DEAP:S02,T23,0,1.0,2,1,2,5,exposed,baseline_relative_context,train,1.0,0.9520410800611245,0.04795891993887547
DEAP:S02:T26,DEAP:S02,T26,1,9.0,2,1,2,5,exposed,baseline_relative_context,train,1.0,0.3963945944231504,0.6036054055768496
DEAP:S02:T27,DEAP:S02,T27,0,4.96,2,1,2,5,exposed,baseline_relative_context,train,1.0,0.29895545916755906,0.7010445408324409
DEAP:S02:T28,DEAP:S02,T28,0,4.06,2,1,2,5,exposed,baseline_relative_context,train,1.0,0.7766336870465753,0.22336631295342468
DEAP:S02:T30,DEAP:S02,T30,0,2.01,2,1,2,5,exposed,baseline_relative_context,train,1.0,0.9093688680750235,0.09063113192497653
DEAP:S02:T38,DEAP:S02,T38,0,1.0,2,1,2,5,exposed,baseline_relative_context,train,1.0,0.9014530160578584,0.09854698394214158
DEAP:S02:T39,DEAP:S02,T39,0,1.0,2,1,2,5,exposed,baseline_relative_context,train,1.0,0.9581406482951754,0.041859351704824556
DEAP:S03:T13,DEAP:S03,T13,1,7.91,2,1,2,5,exposed,baseline_relative_context,train,1.0,0.5762913456448926,0.4237086543551074
DEAP:S03:T14,DEAP:S03,T14,1,7.29,2,1,2,5,exposed,baseline_relative_context,train,1.0,0.04461367688517215,0.9553863231148279
DEAP:S03:T15,DEAP:S03,T15,1,7.36,2,1,2,5,exposed,baseline_relative_context,train,1.0,0.05833703463851436,0.9416629653614856
DEAP:S03:T16,DEAP:S03,T16,1,7.15,2,1,2,5,exposed,baseline_relative_context,train,1.0,0.088381814954131,0.911618185045869
DEAP:S03:T20,DEAP:S03,T20,1,6.26,2,1,2,5,exposed,baseline_relative_context,train,1.0,0.1948779473719945,0.8051220526280055
DEAP:S03:T21,DEAP:S03,T21,0,4.99,2,1,2,5,exposed,baseline_relative_context,train,1.0,0.8976883814349805,0.10231161856501948
DEAP:S03:T23,DEAP:S03,T23,0,3.65,2,1,2,5,exposed,baseline_relative_context,train,1.0,0.8269978276103847,0.17300217238961538
DEAP:S03:T26,DEAP:S03,T26,0,4.67,2,1,2,5,exposed,baseline_relative_context,train,1.0,0.6496656930893261,0.3503343069106739
DEAP:S03:T27,DEAP:S03,T27,1,6.72,2,1,2,5,exposed,baseline_relative_context,train,1.0,0.3769363447478997,0.6230636552521003
DEAP:S03:T28,DEAP:S03,T28,1,5.59,2,1,2,5,exposed,baseline_relative_context,train,1.0,0.13528339787228183,0.8647166021277182
DEAP:S03:T30,DEAP:S03,T30,0,3.87,2,1,2,5,exposed,baseline_relative_context,train,1.0,0.9492305537352229,0.050769446264777085
DEAP:S03:T33,DEAP:S03,T33,0,4.05,2,1,2,5,exposed,baseline_relative_context,train,1.0,0.7033795373240335,0.29662046267596653
DEAP:S03:T38,DEAP:S03,T38,0,4.53,2,1,2,5,exposed,baseline_relative_context,train,1.0,0.9702443884795036,0.029755611520496387
DEAP:S03:T39,DEAP:S03,T39,0,4.33,2,1,2,5,exposed,baseline_relative_context,train,1.0,0.9313746409660921,0.06862535903390783
DEAP:S05:T02,DEAP:S05,T02,1,9.0,2,1,2,5,exposed,baseline_relative_context,train,1.0,0.13011175628666094,0.8698882437133391
DEAP:S05:T13,DEAP:S05,T13,0,4.94,2,1,2,5,exposed,baseline_relative_context,train,1.0,0.3289100873408145,0.6710899126591855
DEAP:S05:T14,DEAP:S05,T14,1,7.21,2,1,2,5,exposed,baseline_relative_context,train,1.0,0.07460375661473184,0.9253962433852682
DEAP:S05:T15,DEAP:S05,T15,1,6.97,2,1,2,5,exposed,baseline_relative_context,train,1.0,0.018916223123446985,0.981083776876553
DEAP:S05:T16,DEAP:S05,T16,1,5.96,2,1,2,5,exposed,baseline_relative_context,train,1.0,0.3295998838630486,0.6704001161369514
DEAP:S05:T19,DEAP:S05,T19,1,8.03,2,1,2,5,exposed,baseline_relative_context,train,1.0,0.03412732312376776,0.9658726768762322
DEAP:S05:T20,DEAP:S05,T20,1,7.0,2,1,2,5,exposed,baseline_relative_context,train,1.0,0.29512824055161957,0.7048717594483804
DEAP:S05:T21,DEAP:S05,T21,0,4.0,2,1,2,5,exposed,baseline_relative_context,train,1.0,0.7938034630828869,0.20619653691711312
DEAP:S05:T23,DEAP:S05,T23,0,1.0,2,1,2,5,exposed,baseline_relative_context,train,1.0,0.9646357155882528,0.035364284411747264
DEAP:S05:T26,DEAP:S05,T26,1,7.96,2,1,2,5,exposed,baseline_relative_context,train,1.0,0.06785126599684721,0.9321487340031528
DEAP:S05:T27,DEAP:S05,T27,1,7.0,2,1,2,5,exposed,baseline_relative_context,train,1.0,0.19883936430090787,0.8011606356990921
DEAP:S05:T30,DEAP:S05,T30,0,2.94,2,1,2,5,exposed,baseline_relative_context,train,1.0,0.9770171168794266,0.02298288312057337
DEAP:S05:T33,DEAP:S05,T33,1,5.17,2,1,2,5,exposed,baseline_relative_context,train,1.0,0.3433732712080091,0.6566267287919909
DEAP:S05:T38,DEAP:S05,T38,0,1.0,2,1,2,5,exposed,baseline_relative_context,train,1.0,0.969813528037504,0.030186471962496044
DEAP:S05:T39,DEAP:S05,T39,0,1.0,2,1,2,5,exposed,baseline_relative_context,train,1.0,0.9574116425360877,0.04258835746391231
DEAP:S06:T02,DEAP:S06,T02,1,6.83,2,1,2,5,exposed,baseline_relative_context,train,1.0,0.07856401018203174,0.9214359898179683
DEAP:S06:T13,DEAP:S06,T13,1,7.79,2,1,2,5,exposed,baseline_relative_context,train,1.0,0.03758115570804221,0.9624188442919578
DEAP:S06:T14,DEAP:S06,T14,1,6.32,2,1,2,5,exposed,baseline_relative_context,train,1.0,0.017549512482929575,0.9824504875170704
DEAP:S06:T15,DEAP:S06,T15,1,5.59,2,1,2,5,exposed,baseline_relative_context,train,1.0,0.016415947162186306,0.9835840528378137
DEAP:S06:T16,DEAP:S06,T16,1,5.06,2,1,2,5,exposed,baseline_relative_context,train,1.0,0.2487820908861118,0.7512179091138882
DEAP:S06:T19,DEAP:S06,T19,1,7.41,2,1,2,5,exposed,baseline_relative_context,train,1.0,0.008379651973059454,0.9916203480269405
DEAP:S06:T20,DEAP:S06,T20,1,5.01,2,1,2,5,exposed,baseline_relative_context,train,1.0,0.0011677628016778518,0.9988322371983221
DEAP:S06:T21,DEAP:S06,T21,1,6.28,2,1,2,5,exposed,baseline_relative_context,train,1.0,0.7522914625333824,0.24770853746661756
DEAP:S06:T23,DEAP:S06,T23,0,3.47,2,1,2,5,exposed,baseline_relative_context,train,1.0,0.8221440894745475,0.1778559105254524
DEAP:S06:T27,DEAP:S06,T27,1,5.08,2,1,2,5,exposed,baseline_relative_context,train,1.0,0.44717362013321227,0.5528263798667877
DEAP:S06:T28,DEAP:S06,T28,1,6.42,2,1,2,5,exposed,baseline_relative_context,train,1.0,0.10020094465208396,0.899799055347916
DEAP:S06:T30,DEAP:S06,T30,1,6.99,2,1,2,5,exposed,baseline_relative_context,train,1.0,0.42894661266296774,0.5710533873370323
DEAP:S06:T33,DEAP:S06,T33,1,6.68,2,1,2,5,exposed,baseline_relative_context,train,1.0,0.02409378578299981,0.9759062142170002
DEAP:S06:T38,DEAP:S06,T38,0,4.44,2,1,2,5,exposed,baseline_relative_context,train,1.0,0.9352370409414632,0.0647629590585368
DEAP:S06:T39,DEAP:S06,T39,1,6.56,2,1,2,5,exposed,baseline_relative_context,train,1.0,0.17879383571095997,0.82120616428904
DEAP:S08:T02,DEAP:S08,T02,1,5.04,2,1,2,5,exposed,baseline_relative_context,train,1.0,0.001019935170264552,0.9989800648297354
DEAP:S08:T13,DEAP:S08,T13,1,7.9,2,1,2,5,exposed,baseline_relative_context,train,1.0,0.07069514622979678,0.9293048537702032
DEAP:S08:T14,DEAP:S08,T14,1,6.88,2,1,2,5,exposed,baseline_relative_context,train,1.0,0.18939595406294785,0.8106040459370522
DEAP:S08:T15,DEAP:S08,T15,1,8.33,2,1,2,5,exposed,baseline_relative_context,train,1.0,0.00014900024315356308,0.9998509997568464
DEAP:S08:T16,DEAP:S08,T16,0,4.21,2,1,2,5,exposed,baseline_relative_context,train,1.0,0.8157164447373632,0.18428355526263682
DEAP:S08:T19,DEAP:S08,T19,1,5.04,2,1,2,5,exposed,baseline_relative_context,train,1.0,0.0037085590237179167,0.9962914409762821
DEAP:S08:T20,DEAP:S08,T20,1,6.74,2,1,2,5,exposed,baseline_relative_context,train,1.0,0.07785810888366707,0.9221418911163329
DEAP:S08:T23,DEAP:S08,T23,0,3.59,2,1,2,5,exposed,baseline_relative_context,train,1.0,0.9996289984102977,0.00037100158970223917
DEAP:S08:T26,DEAP:S08,T26,0,4.99,2,1,2,5,exposed,baseline_relative_context,train,1.0,0.8736238910540471,0.12637610894595286
DEAP:S08:T27,DEAP:S08,T27,0,4.46,2,1,2,5,exposed,baseline_relative_context,train,1.0,0.6592136117901042,0.3407863882098958
DEAP:S08:T28,DEAP:S08,T28,1,5.04,2,1,2,5,exposed,baseline_relative_context,train,1.0,0.1382740635780323,0.8617259364219677
DEAP:S08:T30,DEAP:S08,T30,0,1.4,2,1,2,5,exposed,baseline_relative_context,train,1.0,0.6178574643609991,0.38214253563900097
DEAP:S08:T33,DEAP:S08,T33,0,4.44,2,1,2,5,exposed,baseline_relative_context,train,1.0,0.7900865522265965,0.2099134477734035
DEAP:S08:T38,DEAP:S08,T38,0,4.72,2,1,2,5,exposed,baseline_relative_context,train,1.0,0.8682332431655727,0.13176675683442726
DEAP:S08:T39,DEAP:S08,T39,1,5.05,2,1,2,5,exposed,baseline_relative_context,train,1.0,0.06812692109284346,0.9318730789071565
DEAP:S09:T02,DEAP:S09,T02,1,7.08,2,1,2,5,exposed,baseline_relative_context,train,1.0,0.08489689627931873,0.9151031037206813
DEAP:S09:T13,DEAP:S09,T13,1,8.15,2,1,2,5,exposed,baseline_relative_context,train,1.0,0.1543118218659425,0.8456881781340575
DEAP:S09:T14,DEAP:S09,T14,1,7.0,2,1,2,5,exposed,baseline_relative_context,train,1.0,0.007330510652436395,0.9926694893475636
DEAP:S09:T15,DEAP:S09,T15,1,6.21,2,1,2,5,exposed,baseline_relative_context,train,1.0,0.08513295700845414,0.9148670429915459
DEAP:S09:T16,DEAP:S09,T16,0,4.05,2,1,2,5,exposed,baseline_relative_context,train,1.0,0.9723039409954335,0.027696059004566558
DEAP:S09:T19,DEAP:S09,T19,0,3.97,2,1,2,5,exposed,baseline_relative_context,train,1.0,0.7771916412351977,0.22280835876480232
DEAP:S09:T21,DEAP:S09,T21,0,4.04,2,1,2,5,exposed,baseline_relative_context,train,1.0,0.9706741652183173,0.02932583478168276
DEAP:S09:T26,DEAP:S09,T26,0,4.1,2,1,2,5,exposed,baseline_relative_context,train,1.0,0.8535669643013911,0.1464330356986089
DEAP:S09:T27,DEAP:S09,T27,1,5.04,2,1,2,5,exposed,baseline_relative_context,train,1.0,0.12410393041443235,0.8758960695855676
DEAP:S09:T28,DEAP:S09,T28,0,2.96,2,1,2,5,exposed,baseline_relative_context,train,1.0,0.9327504856787904,0.06724951432120961
DEAP:S09:T30,DEAP:S09,T30,0,4.04,2,1,2,5,exposed,baseline_relative_context,train,1.0,0.716690503696638,0.28330949630336194
DEAP:S09:T33,DEAP:S09,T33,0,3.08,2,1,2,5,exposed,baseline_relative_context,train,1.0,0.9318660711057534,0.06813392889424665
DEAP:S09:T38,DEAP:S09,T38,0,2.92,2,1,2,5,exposed,baseline_relative_context,train,1.0,0.9999953671316174,4.632868382643461e-06
DEAP:S09:T39,DEAP:S09,T39,0,3.17,2,1,2,5,exposed,baseline_relative_context,train,1.0,0.7899448375888736,0.2100551624111264
DEAP:S11:T02,DEAP:S11,T02,1,5.67,2,1,2,5,exposed,baseline_relative_context,train,1.0,0.44907035967596287,0.5509296403240371
DEAP:S11:T13,DEAP:S11,T13,1,8.42,2,1,2,5,exposed,baseline_relative_context,train,1.0,0.16761003697095367,0.8323899630290463
DEAP:S11:T14,DEAP:S11,T14,1,7.96,2,1,2,5,exposed,baseline_relative_context,train,1.0,0.01196665938437158,0.9880333406156284
DEAP:S11:T15,DEAP:S11,T15,1,6.92,2,1,2,5,exposed,baseline_relative_context,train,1.0,0.04450809405224376,0.9554919059477562
DEAP:S11:T16,DEAP:S11,T16,0,4.35,2,1,2,5,exposed,baseline_relative_context,train,1.0,0.37580704394407527,0.6241929560559247
DEAP:S11:T19,DEAP:S11,T19,1,5.54,2,1,2,5,exposed,baseline_relative_context,train,1.0,0.11225387853782076,0.8877461214621792
DEAP:S11:T20,DEAP:S11,T20,1,6.0,2,1,2,5,exposed,baseline_relative_context,train,1.0,0.12573696616848506,0.8742630338315149
DEAP:S11:T21,DEAP:S11,T21,0,3.27,2,1,2,5,exposed,baseline_relative_context,train,1.0,0.9646139746391392,0.035386025360860766
DEAP:S11:T26,DEAP:S11,T26,1,5.49,2,1,2,5,exposed,baseline_relative_context,train,1.0,0.07128005800775561,0.9287199419922444
DEAP:S11:T28,DEAP:S11,T28,0,4.26,2,1,2,5,exposed,baseline_relative_context,train,1.0,0.24743509669628982,0.7525649033037102
DEAP:S11:T30,DEAP:S11,T30,0,4.58,2,1,2,5,exposed,baseline_relative_context,train,1.0,0.9842841110582731,0.015715888941726895
DEAP:S11:T33,DEAP:S11,T33,1,5.64,2,1,2,5,exposed,baseline_relative_context,train,1.0,0.30476786203722717,0.6952321379627728
DEAP:S11:T38,DEAP:S11,T38,0,1.35,2,1,2,5,exposed,baseline_relative_context,train,1.0,0.7713360484005535,0.22866395159944652
DEAP:S13:T02,DEAP:S13,T02,0,4.03,2,1,2,5,exposed,baseline_relative_context,train,1.0,0.3406215452924619,0.6593784547075381
DEAP:S13:T13,DEAP:S13,T13,1,9.0,2,1,2,5,exposed,baseline_relative_context,train,1.0,0.014765631955965919,0.9852343680440341
DEAP:S13:T14,DEAP:S13,T14,1,7.97,2,1,2,5,exposed,baseline_relative_context,train,1.0,0.0034712058978636495,0.9965287941021364
DEAP:S13:T15,DEAP:S13,T15,0,4.94,2,1,2,5,exposed,baseline_relative_context,train,1.0,0.5530550086818327,0.4469449913181674
DEAP:S13:T19,DEAP:S13,T19,1,8.51,2,1,2,5,exposed,baseline_relative_context,train,1.0,0.0007884386377114971,0.9992115613622885
DEAP:S13:T20,DEAP:S13,T20,1,7.6,2,1,2,5,exposed,baseline_relative_context,train,1.0,0.24291194079828726,0.7570880592017127
DEAP:S13:T21,DEAP:S13,T21,0,2.0,2,1,2,5,exposed,baseline_relative_context,train,1.0,0.9054363473312856,0.09456365266871439
DEAP:S13:T23,DEAP:S13,T23,0,1.0,2,1,2,5,exposed,baseline_relative_context,train,1.0,0.946392828812263,0.053607171187736995
DEAP:S13:T26,DEAP:S13,T26,1,5.04,2,1,2,5,exposed,baseline_relative_context,train,1.0,0.017286052982174893,0.9827139470178251
DEAP:S13:T27,DEAP:S13,T27,1,5.47,2,1,2,5,exposed,baseline_relative_context,train,1.0,0.10929989697116738,0.8907001030288326
DEAP:S13:T28,DEAP:S13,T28,1,7.08,2,1,2,5,exposed,baseline_relative_context,train,1.0,0.14567844532169594,0.8543215546783041
DEAP:S13:T30,DEAP:S13,T30,0,3.05,2,1,2,5,exposed,baseline_relative_context,train,1.0,0.8504441849711126,0.1495558150288874
DEAP:S13:T33,DEAP:S13,T33,0,4.55,2,1,2,5,exposed,baseline_relative_context,train,1.0,0.8272819413613575,0.17271805863864254
DEAP:S13:T38,DEAP:S13,T38,0,1.0,2,1,2,5,exposed,baseline_relative_context,train,1.0,0.9887885068068791,0.011211493193120821
DEAP:S13:T39,DEAP:S13,T39,0,1.97,2,1,2,5,exposed,baseline_relative_context,train,1.0,0.8809439935887777,0.1190560064112223
DEAP:S14:T02,DEAP:S14,T02,1,6.05,2,1,2,5,exposed,baseline_relative_context,train,1.0,0.016877349456608015,0.983122650543392
DEAP:S14:T13,DEAP:S14,T13,1,6.79,2,1,2,5,exposed,baseline_relative_context,train,1.0,0.026599647543837035,0.973400352456163
DEAP:S14:T14,DEAP:S14,T14,1,8.03,2,1,2,5,exposed,baseline_relative_context,train,1.0,0.07321162199282738,0.9267883780071726
DEAP:S14:T15,DEAP:S14,T15,1,7.08,2,1,2,5,exposed,baseline_relative_context,train,1.0,0.024590017311105217,0.9754099826888948
DEAP:S14:T16,DEAP:S14,T16,0,3.96,2,1,2,5,exposed,baseline_relative_context,train,1.0,0.7095018858619959,0.29049811413800414
DEAP:S14:T19,DEAP:S14,T19,1,7.55,2,1,2,5,exposed,baseline_relative_context,train,1.0,0.12279336168589006,0.8772066383141099
DEAP:S14:T21,DEAP:S14,T21,0,1.03,2,1,2,5,exposed,baseline_relative_context,train,1.0,0.979883229207876,0.020116770792124074
DEAP:S14:T23,DEAP:S14,T23,0,2.41,2,1,2,5,exposed,baseline_relative_context,train,1.0,0.78321505757786,0.21678494242213991
DEAP:S14:T26,DEAP:S14,T26,0,3.28,2,1,2,5,exposed,baseline_relative_context,train,1.0,0.39356630653022273,0.6064336934697773
DEAP:S14:T27,DEAP:S14,T27,1,5.81,2,1,2,5,exposed,baseline_relative_context,train,1.0,0.27007063946009247,0.7299293605399075
DEAP:S14:T28,DEAP:S14,T28,0,2.53,2,1,2,5,exposed,baseline_relative_context,train,1.0,0.5908799743738842,0.4091200256261158
DEAP:S14:T30,DEAP:S14,T30,0,1.1,2,1,2,5,exposed,baseline_relative_context,train,1.0,0.995075350242982,0.0049246497570179975
DEAP:S14:T33,DEAP:S14,T33,0,3.18,2,1,2,5,exposed,baseline_relative_context,train,1.0,0.8945340455506773,0.1054659544493227
DEAP:S14:T38,DEAP:S14,T38,0,2.26,2,1,2,5,exposed,baseline_relative_context,train,1.0,0.9763246610509215,0.023675338949078487
DEAP:S14:T39,DEAP:S14,T39,1,6.65,2,1,2,5,exposed,baseline_relative_context,train,1.0,0.27709099188179687,0.7229090081182031
DEAP:S15:T02,DEAP:S15,T02,1,5.04,2,1,2,5,exposed,baseline_relative_context,train,1.0,0.153406514584708,0.846593485415292
DEAP:S15:T14,DEAP:S15,T14,1,8.15,2,1,2,5,exposed,baseline_relative_context,train,1.0,0.15685968863139887,0.8431403113686011
DEAP:S15:T15,DEAP:S15,T15,1,8.12,2,1,2,5,exposed,baseline_relative_context,train,1.0,0.2571699938620151,0.7428300061379849
DEAP:S15:T16,DEAP:S15,T16,0,4.17,2,1,2,5,exposed,baseline_relative_context,train,1.0,0.9634213563653011,0.03657864363469885
DEAP:S15:T19,DEAP:S15,T19,1,7.04,2,1,2,5,exposed,baseline_relative_context,train,1.0,0.12642581775057693,0.8735741822494231
DEAP:S15:T20,DEAP:S15,T20,1,7.97,2,1,2,5,exposed,baseline_relative_context,train,1.0,0.17004253424468418,0.8299574657553158
DEAP:S15:T21,DEAP:S15,T21,0,3.09,2,1,2,5,exposed,baseline_relative_context,train,1.0,0.8880295032623966,0.11197049673760338
DEAP:S15:T23,DEAP:S15,T23,0,3.05,2,1,2,5,exposed,baseline_relative_context,train,1.0,0.9624086551816942,0.03759134481830578
DEAP:S15:T26,DEAP:S15,T26,0,4.96,2,1,2,5,exposed,baseline_relative_context,train,1.0,0.7477015156824438,0.25229848431755614
DEAP:S15:T27,DEAP:S15,T27,1,6.0,2,1,2,5,exposed,baseline_relative_context,train,1.0,0.01626356235100601,0.983736437648994
DEAP:S15:T28,DEAP:S15,T28,0,4.01,2,1,2,5,exposed,baseline_relative_context,train,1.0,0.7427941926483894,0.2572058073516105
DEAP:S15:T30,DEAP:S15,T30,0,2.04,2,1,2,5,exposed,baseline_relative_context,train,1.0,0.996498013029104,0.003501986970895986
DEAP:S15:T33,DEAP:S15,T33,0,3.01,2,1,2,5,exposed,baseline_relative_context,train,1.0,0.9490450256502018,0.05095497434979824
DEAP:S15:T38,DEAP:S15,T38,0,2.08,2,1,2,5,exposed,baseline_relative_context,train,1.0,0.9999832565726455,1.674342735447065e-05
DEAP:S15:T39,DEAP:S15,T39,0,4.0,2,1,2,5,exposed,baseline_relative_context,train,1.0,0.9906097157764251,0.00939028422357486
DEAP:S16:T02,DEAP:S16,T02,1,6.45,2,1,2,5,exposed,baseline_relative_context,train,1.0,0.3195840848960141,0.6804159151039859
DEAP:S16:T13,DEAP:S16,T13,0,3.88,2,1,2,5,exposed,baseline_relative_context,train,1.0,0.8083380685533033,0.19166193144669671
DEAP:S16:T16,DEAP:S16,T16,0,4.97,2,1,2,5,exposed,baseline_relative_context,train,1.0,0.9715345648939134,0.028465435106086606
DEAP:S16:T21,DEAP:S16,T21,0,4.42,2,1,2,5,exposed,baseline_relative_context,train,1.0,0.9785279205905877,0.021472079409412283
DEAP:S16:T23,DEAP:S16,T23,0,3.9,2,1,2,5,exposed,baseline_relative_context,train,1.0,0.9008003493878243,0.09919965061217575
DEAP:S16:T26,DEAP:S16,T26,0,1.82,2,1,2,5,exposed,baseline_relative_context,train,1.0,0.9992324295133578,0.0007675704866422446
DEAP:S16:T27,DEAP:S16,T27,0,2.59,2,1,2,5,exposed,baseline_relative_context,train,1.0,0.8625354697490664,0.1374645302509337
DEAP:S16:T30,DEAP:S16,T30,1,6.1,2,1,2,5,exposed,baseline_relative_context,train,1.0,0.45127526057292744,0.5487247394270726
DEAP:S16:T33,DEAP:S16,T33,0,1.0,2,1,2,5,exposed,baseline_relative_context,train,1.0,0.9994762578235165,0.0005237421764835734
DEAP:S16:T38,DEAP:S16,T38,0,4.27,2,1,2,5,exposed,baseline_relative_context,train,1.0,0.930177178748563,0.06982282125143698
DEAP:S16:T39,DEAP:S16,T39,1,6.13,2,1,2,5,exposed,baseline_relative_context,train,1.0,0.16979177662088107,0.8302082233791189
DEAP:S17:T02,DEAP:S17,T02,1,7.26,2,1,2,5,exposed,baseline_relative_context,train,1.0,0.011056186840470161,0.9889438131595298
DEAP:S17:T14,DEAP:S17,T14,1,6.58,2,1,2,5,exposed,baseline_relative_context,train,1.0,0.008970854817354379,0.9910291451826456
DEAP:S17:T15,DEAP:S17,T15,1,5.96,2,1,2,5,exposed,baseline_relative_context,train,1.0,0.05736785337999328,0.9426321466200067
DEAP:S17:T16,DEAP:S17,T16,1,5.92,2,1,2,5,exposed,baseline_relative_context,train,1.0,0.03357616746138714,0.9664238325386129
DEAP:S17:T19,DEAP:S17,T19,1,7.27,2,1,2,5,exposed,baseline_relative_context,train,1.0,0.09166618672060334,0.9083338132793967
DEAP:S17:T20,DEAP:S17,T20,1,7.03,2,1,2,5,exposed,baseline_relative_context,train,1.0,0.3154765246975969,0.6845234753024031
DEAP:S17:T21,DEAP:S17,T21,0,4.0,2,1,2,5,exposed,baseline_relative_context,train,1.0,0.9520609071149438,0.04793909288505612
DEAP:S17:T23,DEAP:S17,T23,0,3.62,2,1,2,5,exposed,baseline_relative_context,train,1.0,0.8877281938428563,0.11227180615714367
DEAP:S17:T26,DEAP:S17,T26,0,3.73,2,1,2,5,exposed,baseline_relative_context,train,1.0,0.32929939885700366,0.6707006011429963
DEAP:S17:T27,DEAP:S17,T27,0,3.96,2,1,2,5,exposed,baseline_relative_context,train,1.0,0.5658265576517698,0.43417344234823013
DEAP:S17:T28,DEAP:S17,T28,1,5.64,2,1,2,5,exposed,baseline_relative_context,train,1.0,0.013945425138832346,0.9860545748611677
DEAP:S17:T33,DEAP:S17,T33,0,3.83,2,1,2,5,exposed,baseline_relative_context,train,1.0,0.6911627539271885,0.30883724607281154
DEAP:S17:T38,DEAP:S17,T38,0,3.6,2,1,2,5,exposed,baseline_relative_context,train,1.0,0.9988475719914182,0.0011524280085818182
DEAP:S17:T39,DEAP:S17,T39,1,7.1,2,1,2,5,exposed,baseline_relative_context,train,1.0,0.4050783788702945,0.5949216211297055
DEAP:S18:T02,DEAP:S18,T02,1,6.87,2,1,2,5,exposed,baseline_relative_context,train,1.0,0.00044449851194283685,0.9995555014880572
DEAP:S18:T13,DEAP:S18,T13,1,7.33,2,1,2,5,exposed,baseline_relative_context,train,1.0,0.15725189145476248,0.8427481085452375
DEAP:S18:T14,DEAP:S18,T14,1,6.62,2,1,2,5,exposed,baseline_relative_context,train,1.0,0.016758405983026248,0.9832415940169738
DEAP:S18:T15,DEAP:S18,T15,1,6.04,2,1,2,5,exposed,baseline_relative_context,train,1.0,0.6016781588228557,0.3983218411771443
DEAP:S18:T16,DEAP:S18,T16,0,4.38,2,1,2,5,exposed,baseline_relative_context,train,1.0,0.9610553718129385,0.03894462818706147
DEAP:S18:T19,DEAP:S18,T19,1,7.04,2,1,2,5,exposed,baseline_relative_context,train,1.0,0.08473784620088765,0.9152621537991124
DEAP:S18:T21,DEAP:S18,T21,0,3.92,2,1,2,5,exposed,baseline_relative_context,train,1.0,0.9905905954138278,0.009409404586172284
DEAP:S18:T23,DEAP:S18,T23,0,3.71,2,1,2,5,exposed,baseline_relative_context,train,1.0,0.8482861405703199,0.15171385942968008
DEAP:S18:T26,DEAP:S18,T26,1,5.44,2,1,2,5,exposed,baseline_relative_context,train,1.0,0.6095041633854655,0.39049583661453446
DEAP:S18:T27,DEAP:S18,T27,1,5.94,2,1,2,5,exposed,baseline_relative_context,train,1.0,0.48166909068727204,0.518330909312728
DEAP:S18:T28,DEAP:S18,T28,1,5.95,2,1,2,5,exposed,baseline_relative_context,train,1.0,0.5363152870406898,0.4636847129593103
DEAP:S18:T30,DEAP:S18,T30,0,2.96,2,1,2,5,exposed,baseline_relative_context,train,1.0,0.987265155325215,0.012734844674784997
DEAP:S18:T33,DEAP:S18,T33,0,4.56,2,1,2,5,exposed,baseline_relative_context,train,1.0,0.999112374405051,0.0008876255949490644
DEAP:S18:T38,DEAP:S18,T38,0,4.51,2,1,2,5,exposed,baseline_relative_context,train,1.0,0.9074344403289725,0.09256555967102752
DEAP:S18:T39,DEAP:S18,T39,0,4.06,2,1,2,5,exposed,baseline_relative_context,train,1.0,0.6398942260357352,0.3601057739642648
DEAP:S19:T02,DEAP:S19,T02,1,6.46,2,1,2,5,exposed,baseline_relative_context,train,1.0,0.05198879974675419,0.9480112002532458
DEAP:S19:T13,DEAP:S19,T13,1,7.53,2,1,2,5,exposed,baseline_relative_context,train,1.0,0.15219725377554028,0.8478027462244597
DEAP:S19:T14,DEAP:S19,T14,1,6.76,2,1,2,5,exposed,baseline_relative_context,train,1.0,0.11526908496176635,0.8847309150382336
DEAP:S19:T15,DEAP:S19,T15,1,5.68,2,1,2,5,exposed,baseline_relative_context,train,1.0,0.12476543045928967,0.8752345695407103
DEAP:S19:T16,DEAP:S19,T16,0,3.24,2,1,2,5,exposed,baseline_relative_context,train,1.0,0.6575953755694339,0.342404624430566
DEAP:S19:T19,DEAP:S19,T19,1,7.65,2,1,2,5,exposed,baseline_relative_context,train,1.0,0.07679365114931602,0.923206348850684
DEAP:S19:T20,DEAP:S19,T20,1,6.13,2,1,2,5,exposed,baseline_relative_context,train,1.0,0.18007001515036225,0.8199299848496377
DEAP:S19:T21,DEAP:S19,T21,0,2.19,2,1,2,5,exposed,baseline_relative_context,train,1.0,0.9056583587365229,0.09434164126347715
DEAP:S19:T23,DEAP:S19,T23,0,3.77,2,1,2,5,exposed,baseline_relative_context,train,1.0,0.9080295874336338,0.09197041256636616
DEAP:S19:T26,DEAP:S19,T26,0,4.95,2,1,2,5,exposed,baseline_relative_context,train,1.0,0.4681118473067979,0.5318881526932021
DEAP:S19:T27,DEAP:S19,T27,0,4.97,2,1,2,5,exposed,baseline_relative_context,train,1.0,0.6953831580682271,0.30461684193177285
DEAP:S19:T28,DEAP:S19,T28,1,6.21,2,1,2,5,exposed,baseline_relative_context,train,1.0,0.1345766089057212,0.8654233910942788
DEAP:S19:T33,DEAP:S19,T33,0,3.4,2,1,2,5,exposed,baseline_relative_context,train,1.0,0.4728349957624973,0.5271650042375027
DEAP:S19:T38,DEAP:S19,T38,0,1.62,2,1,2,5,exposed,baseline_relative_context,train,1.0,0.8293297194448253,0.17067028055517475
DEAP:S19:T39,DEAP:S19,T39,1,5.04,2,1,2,5,exposed,baseline_relative_context,train,1.0,0.3771926148545024,0.6228073851454976
DEAP:S20:T02,DEAP:S20,T02,1,6.77,2,1,2,5,exposed,baseline_relative_context,train,1.0,0.038398901815062,0.961601098184938
DEAP:S20:T14,DEAP:S20,T14,1,6.4,2,1,2,5,exposed,baseline_relative_context,train,1.0,0.059487234510149256,0.9405127654898507
DEAP:S20:T15,DEAP:S20,T15,1,6.35,2,1,2,5,exposed,baseline_relative_context,train,1.0,0.013155791640152348,0.9868442083598477
DEAP:S20:T16,DEAP:S20,T16,1,5.03,2,1,2,5,exposed,baseline_relative_context,train,1.0,0.2261403079757046,0.7738596920242954
DEAP:S20:T19,DEAP:S20,T19,1,7.59,2,1,2,5,exposed,baseline_relative_context,train,1.0,0.007578843353383213,0.9924211566466168
DEAP:S20:T20,DEAP:S20,T20,1,6.65,2,1,2,5,exposed,baseline_relative_context,train,1.0,0.0660242318293024,0.9339757681706976
DEAP:S20:T21,DEAP:S20,T21,0,4.97,2,1,2,5,exposed,baseline_relative_context,train,1.0,0.9272478559229838,0.07275214407701623
DEAP:S20:T23,DEAP:S20,T23,0,2.82,2,1,2,5,exposed,baseline_relative_context,train,1.0,0.8838788196847644,0.11612118031523559
DEAP:S20:T26,DEAP:S20,T26,0,4.31,2,1,2,5,exposed,baseline_relative_context,train,1.0,0.2915636733507211,0.7084363266492789
DEAP:S20:T27,DEAP:S20,T27,1,5.03,2,1,2,5,exposed,baseline_relative_context,train,1.0,0.42130668748833433,0.5786933125116657
DEAP:S20:T28,DEAP:S20,T28,1,5.01,2,1,2,5,exposed,baseline_relative_context,train,1.0,0.24326237082251678,0.7567376291774832
DEAP:S20:T30,DEAP:S20,T30,0,3.49,2,1,2,5,exposed,baseline_relative_context,train,1.0,0.980203149010231,0.019796850989769025
DEAP:S20:T33,DEAP:S20,T33,0,4.64,2,1,2,5,exposed,baseline_relative_context,train,1.0,0.9445913620250121,0.05540863797498791
DEAP:S20:T38,DEAP:S20,T38,0,3.38,2,1,2,5,exposed,baseline_relative_context,train,1.0,0.8435418907546753,0.15645810924532466
DEAP:S20:T39,DEAP:S20,T39,0,4.67,2,1,2,5,exposed,baseline_relative_context,train,1.0,0.9516448829483977,0.04835511705160234
DEAP:S21:T02,DEAP:S21,T02,1,7.05,2,1,2,5,exposed,baseline_relative_context,train,1.0,0.07212598626311895,0.927874013736881
DEAP:S21:T13,DEAP:S21,T13,0,4.27,2,1,2,5,exposed,baseline_relative_context,train,1.0,0.9733501847123555,0.02664981528764451
DEAP:S21:T14,DEAP:S21,T14,1,8.1,2,1,2,5,exposed,baseline_relative_context,train,1.0,0.051647158022114725,0.9483528419778853
DEAP:S21:T15,DEAP:S21,T15,1,6.92,2,1,2,5,exposed,baseline_relative_context,train,1.0,0.13922306196848844,0.8607769380315116
DEAP:S21:T16,DEAP:S21,T16,1,5.99,2,1,2,5,exposed,baseline_relative_context,train,1.0,0.38770421660558363,0.6122957833944164
DEAP:S21:T19,DEAP:S21,T19,1,7.26,2,1,2,5,exposed,baseline_relative_context,train,1.0,0.03319615268699827,0.9668038473130017
DEAP:S21:T20,DEAP:S21,T20,0,2.33,2,1,2,5,exposed,baseline_relative_context,train,1.0,0.25239210645010224,0.7476078935498978
DEAP:S21:T21,DEAP:S21,T21,0,4.08,2,1,2,5,exposed,baseline_relative_context,train,1.0,0.9884816882005162,0.011518311799483795
DEAP:S21:T23,DEAP:S21,T23,0,4.69,2,1,2,5,exposed,baseline_relative_context,train,1.0,0.9999075171989661,9.2482801033898e-05
DEAP:S21:T27,DEAP:S21,T27,0,4.01,2,1,2,5,exposed,baseline_relative_context,train,1.0,0.9374432540243118,0.06255674597568817
DEAP:S21:T30,DEAP:S21,T30,0,3.45,2,1,2,5,exposed,baseline_relative_context,train,1.0,0.9986103776101999,0.0013896223898001636
DEAP:S21:T33,DEAP:S21,T33,1,7.03,2,1,2,5,exposed,baseline_relative_context,train,1.0,0.33044197836692224,0.6695580216330778
DEAP:S21:T38,DEAP:S21,T38,0,3.03,2,1,2,5,exposed,baseline_relative_context,train,1.0,0.9884335177484588,0.011566482251541249
DEAP:S21:T39,DEAP:S21,T39,1,6.09,2,1,2,5,exposed,baseline_relative_context,train,1.0,0.0072074584238572825,0.9927925415761427
DEAP:S23:T02,DEAP:S23,T02,1,9.0,2,1,2,5,exposed,baseline_relative_context,train,1.0,0.46155460999578934,0.5384453900042107
DEAP:S23:T13,DEAP:S23,T13,1,8.01,2,1,2,5,exposed,baseline_relative_context,train,1.0,9.016960091012827e-05,0.9999098303990899
DEAP:S23:T14,DEAP:S23,T14,1,8.01,2,1,2,5,exposed,baseline_relative_context,train,1.0,0.039151960491215054,0.960848039508785
DEAP:S23:T15,DEAP:S23,T15,1,7.0,2,1,2,5,exposed,baseline_relative_context,train,1.0,0.07378115826652876,0.9262188417334712
DEAP:S23:T16,DEAP:S23,T16,1,5.15,2,1,2,5,exposed,baseline_relative_context,train,1.0,0.0012547878311297556,0.9987452121688702
DEAP:S23:T19,DEAP:S23,T19,1,8.15,2,1,2,5,exposed,baseline_relative_context,train,1.0,0.03780655308770675,0.9621934469122932
DEAP:S23:T20,DEAP:S23,T20,0,3.96,2,1,2,5,exposed,baseline_relative_context,train,1.0,0.4029541835961653,0.5970458164038347
DEAP:S23:T21,DEAP:S23,T21,0,1.91,2,1,2,5,exposed,baseline_relative_context,train,1.0,0.9298687146265838,0.07013128537341619
DEAP:S23:T23,DEAP:S23,T23,0,4.17,2,1,2,5,exposed,baseline_relative_context,train,1.0,0.9348383670805019,0.06516163291949802
DEAP:S23:T26,DEAP:S23,T26,1,8.27,2,1,2,5,exposed,baseline_relative_context,train,1.0,0.3630967363320282,0.6369032636679718
DEAP:S23:T27,DEAP:S23,T27,1,5.06,2,1,2,5,exposed,baseline_relative_context,train,1.0,0.005191469792425907,0.9948085302075741
DEAP:S23:T28,DEAP:S23,T28,1,5.04,2,1,2,5,exposed,baseline_relative_context,train,1.0,0.1362873978052883,0.8637126021947117
DEAP:S23:T30,DEAP:S23,T30,0,3.88,2,1,2,5,exposed,baseline_relative_context,train,1.0,0.9782418133672196,0.02175818663278044
DEAP:S23:T33,DEAP:S23,T33,1,5.04,2,1,2,5,exposed,baseline_relative_context,train,1.0,0.6017575086154945,0.3982424913845055
DEAP:S23:T38,DEAP:S23,T38,0,4.97,2,1,2,5,exposed,baseline_relative_context,train,1.0,0.924262998528844,0.07573700147115606
DEAP:S25:T02,DEAP:S25,T02,0,2.99,2,1,2,5,exposed,baseline_relative_context,train,1.0,0.5298155006683443,0.4701844993316558
DEAP:S25:T13,DEAP:S25,T13,1,7.97,2,1,2,5,exposed,baseline_relative_context,train,1.0,0.7216646495114531,0.2783353504885469
DEAP:S25:T15,DEAP:S25,T15,1,7.01,2,1,2,5,exposed,baseline_relative_context,train,1.0,0.08395198576216889,0.9160480142378311
DEAP:S25:T16,DEAP:S25,T16,1,6.05,2,1,2,5,exposed,baseline_relative_context,train,1.0,0.12345530179622177,0.8765446982037782
DEAP:S25:T19,DEAP:S25,T19,1,7.06,2,1,2,5,exposed,baseline_relative_context,train,1.0,0.2894108316562969,0.7105891683437031
DEAP:S25:T21,DEAP:S25,T21,1,6.03,2,1,2,5,exposed,baseline_relative_context,train,1.0,0.6328580843601957,0.36714191563980425
DEAP:S25:T23,DEAP:S25,T23,0,2.01,2,1,2,5,exposed,baseline_relative_context,train,1.0,0.8501697030807456,0.1498302969192544
DEAP:S25:T26,DEAP:S25,T26,0,4.99,2,1,2,5,exposed,baseline_relative_context,train,1.0,0.9385261131720523,0.061473886827947716
DEAP:S25:T30,DEAP:S25,T30,0,4.03,2,1,2,5,exposed,baseline_relative_context,train,1.0,0.9846008611735952,0.015399138826404795
DEAP:S25:T33,DEAP:S25,T33,0,1.94,2,1,2,5,exposed,baseline_relative_context,train,1.0,0.8464211170460885,0.15357888295391153
DEAP:S25:T38,DEAP:S25,T38,0,1.0,2,1,2,5,exposed,baseline_relative_context,train,1.0,0.9903953141110513,0.009604685888948672
DEAP:S25:T39,DEAP:S25,T39,0,1.0,2,1,2,5,exposed,baseline_relative_context,train,1.0,0.719144949604581,0.2808550503954191
DEAP:S27:T02,DEAP:S27,T02,1,7.0,2,1,2,5,exposed,baseline_relative_context,train,1.0,0.1899045934444108,0.8100954065555892
DEAP:S27:T13,DEAP:S27,T13,1,7.01,2,1,2,5,exposed,baseline_relative_context,train,1.0,0.18442453821922544,0.8155754617807746
DEAP:S27:T14,DEAP:S27,T14,1,8.06,2,1,2,5,exposed,baseline_relative_context,train,1.0,0.009528687158940619,0.9904713128410594
DEAP:S27:T15,DEAP:S27,T15,1,5.04,2,1,2,5,exposed,baseline_relative_context,train,1.0,0.03932803116841277,0.9606719688315872
DEAP:S27:T16,DEAP:S27,T16,1,8.06,2,1,2,5,exposed,baseline_relative_context,train,1.0,0.11676456682718717,0.8832354331728128
DEAP:S27:T19,DEAP:S27,T19,1,5.06,2,1,2,5,exposed,baseline_relative_context,train,1.0,0.003599280548865824,0.9964007194511342
DEAP:S27:T20,DEAP:S27,T20,1,6.97,2,1,2,5,exposed,baseline_relative_context,train,1.0,0.038886733298331144,0.9611132667016689
DEAP:S27:T21,DEAP:S27,T21,1,9.0,2,1,2,5,exposed,baseline_relative_context,train,1.0,0.18305649365372623,0.8169435063462738
DEAP:S27:T23,DEAP:S27,T23,1,8.0,2,1,2,5,exposed,baseline_relative_context,train,1.0,0.6504142028706839,0.3495857971293162
DEAP:S27:T26,DEAP:S27,T26,1,5.04,2,1,2,5,exposed,baseline_relative_context,train,1.0,0.5244697331123176,0.47553026688768235
DEAP:S27:T27,DEAP:S27,T27,0,4.97,2,1,2,5,exposed,baseline_relative_context,train,1.0,0.41653189024558235,0.5834681097544177
DEAP:S27:T28,DEAP:S27,T28,1,5.04,2,1,2,5,exposed,baseline_relative_context,train,1.0,0.16119131663695463,0.8388086833630454
DEAP:S27:T30,DEAP:S27,T30,1,7.08,2,1,2,5,exposed,baseline_relative_context,train,1.0,0.9719838847138488,0.028016115286151267
DEAP:S27:T33,DEAP:S27,T33,1,5.04,2,1,2,5,exposed,baseline_relative_context,train,1.0,0.42613335634228955,0.5738666436577105
DEAP:S27:T39,DEAP:S27,T39,0,2.14,2,1,2,5,exposed,baseline_relative_context,train,1.0,0.7380006116496853,0.2619993883503146
DEAP:S28:T02,DEAP:S28,T02,1,7.99,2,1,2,5,exposed,baseline_relative_context,train,1.0,0.07973204636171505,0.920267953638285
DEAP:S28:T13,DEAP:S28,T13,0,2.09,2,1,2,5,exposed,baseline_relative_context,train,1.0,0.6832969959215898,0.31670300407841023
DEAP:S28:T14,DEAP:S28,T14,1,8.03,2,1,2,5,exposed,baseline_relative_context,train,1.0,0.015870063055387185,0.9841299369446128
DEAP:S28:T15,DEAP:S28,T15,1,5.04,2,1,2,5,exposed,baseline_relative_context,train,1.0,0.06006037700582478,0.9399396229941752
DEAP:S28:T16,DEAP:S28,T16,1,6.91,2,1,2,5,exposed,baseline_relative_context,train,1.0,0.6169547608917327,0.3830452391082672
DEAP:S28:T19,DEAP:S28,T19,1,7.03,2,1,2,5,exposed,baseline_relative_context,train,1.0,0.021249079032032325,0.9787509209679677
DEAP:S28:T20,DEAP:S28,T20,1,8.04,2,1,2,5,exposed,baseline_relative_context,train,1.0,0.01865662666376333,0.9813433733362367
DEAP:S28:T21,DEAP:S28,T21,0,2.01,2,1,2,5,exposed,baseline_relative_context,train,1.0,0.8309335372052128,0.1690664627947872
DEAP:S28:T23,DEAP:S28,T23,0,2.03,2,1,2,5,exposed,baseline_relative_context,train,1.0,0.9828003674265132,0.01719963257348673
DEAP:S28:T26,DEAP:S28,T26,0,1.99,2,1,2,5,exposed,baseline_relative_context,train,1.0,0.9031880397084917,0.09681196029150826
DEAP:S28:T27,DEAP:S28,T27,1,6.08,2,1,2,5,exposed,baseline_relative_context,train,1.0,0.48728836385245355,0.5127116361475464
DEAP:S28:T28,DEAP:S28,T28,0,2.9,2,1,2,5,exposed,baseline_relative_context,train,1.0,0.46867576058907556,0.5313242394109244
DEAP:S28:T30,DEAP:S28,T30,0,1.99,2,1,2,5,exposed,baseline_relative_context,train,1.0,0.818692687500496,0.18130731249950402
DEAP:S28:T33,DEAP:S28,T33,1,7.01,2,1,2,5,exposed,baseline_relative_context,train,1.0,0.8370075095383422,0.16299249046165779
DEAP:S28:T38,DEAP:S28,T38,0,1.96,2,1,2,5,exposed,baseline_relative_context,train,1.0,0.9849300624649823,0.01506993753501778
DEAP:S28:T39,DEAP:S28,T39,0,1.04,2,1,2,5,exposed,baseline_relative_context,train,1.0,0.6743517232159124,0.32564827678408753
DEAP:S30:T02,DEAP:S30,T02,1,7.15,2,1,2,5,exposed,baseline_relative_context,train,1.0,0.007634234120108996,0.992365765879891
DEAP:S30:T13,DEAP:S30,T13,0,4.04,2,1,2,5,exposed,baseline_relative_context,train,1.0,0.6039443111605969,0.3960556888394032
DEAP:S30:T14,DEAP:S30,T14,1,5.04,2,1,2,5,exposed,baseline_relative_context,train,1.0,0.033385178869634324,0.9666148211303657
DEAP:S30:T15,DEAP:S30,T15,1,5.01,2,1,2,5,exposed,baseline_relative_context,train,1.0,0.13174395280851126,0.8682560471914887
DEAP:S30:T16,DEAP:S30,T16,1,5.04,2,1,2,5,exposed,baseline_relative_context,train,1.0,0.2732779179200173,0.7267220820799827
DEAP:S30:T19,DEAP:S30,T19,1,8.27,2,1,2,5,exposed,baseline_relative_context,train,1.0,0.3536271746816825,0.6463728253183175
DEAP:S30:T20,DEAP:S30,T20,1,7.26,2,1,2,5,exposed,baseline_relative_context,train,1.0,0.002695059396954802,0.9973049406030452
DEAP:S30:T21,DEAP:S30,T21,0,3.05,2,1,2,5,exposed,baseline_relative_context,train,1.0,0.7555467597176841,0.24445324028231588
DEAP:S30:T23,DEAP:S30,T23,0,3.0,2,1,2,5,exposed,baseline_relative_context,train,1.0,0.8371658371125699,0.16283416288743013
DEAP:S30:T26,DEAP:S30,T26,1,5.01,2,1,2,5,exposed,baseline_relative_context,train,1.0,0.14186306269348958,0.8581369373065104
DEAP:S30:T27,DEAP:S30,T27,1,8.01,2,1,2,5,exposed,baseline_relative_context,train,1.0,0.07916409943649683,0.9208359005635032
DEAP:S30:T28,DEAP:S30,T28,1,5.06,2,1,2,5,exposed,baseline_relative_context,train,1.0,0.19358951231293386,0.8064104876870661
DEAP:S30:T30,DEAP:S30,T30,0,4.04,2,1,2,5,exposed,baseline_relative_context,train,1.0,0.9051940356075177,0.09480596439248232
DEAP:S30:T33,DEAP:S30,T33,0,3.91,2,1,2,5,exposed,baseline_relative_context,train,1.0,0.6956804719962584,0.3043195280037417
DEAP:S30:T38,DEAP:S30,T38,1,5.04,2,1,2,5,exposed,baseline_relative_context,train,1.0,0.8163910780079976,0.1836089219920024
DEAP:S30:T39,DEAP:S30,T39,0,2.97,2,1,2,5,exposed,baseline_relative_context,train,1.0,0.7798734105246943,0.22012658947530575
DEAP:S31:T02,DEAP:S31,T02,1,5.03,2,1,2,5,exposed,baseline_relative_context,train,1.0,0.034736888946056976,0.965263111053943
DEAP:S31:T13,DEAP:S31,T13,1,8.09,2,1,2,5,exposed,baseline_relative_context,train,1.0,0.07915380623155033,0.9208461937684497
DEAP:S31:T14,DEAP:S31,T14,1,8.06,2,1,2,5,exposed,baseline_relative_context,train,1.0,0.10679258103636147,0.8932074189636385
DEAP:S31:T15,DEAP:S31,T15,1,6.05,2,1,2,5,exposed,baseline_relative_context,train,1.0,0.16712696297832985,0.8328730370216701
DEAP:S31:T16,DEAP:S31,T16,1,6.09,2,1,2,5,exposed,baseline_relative_context,train,1.0,0.19428344221580085,0.8057165577841991
DEAP:S31:T19,DEAP:S31,T19,1,7.95,2,1,2,5,exposed,baseline_relative_context,train,1.0,0.03472125728501907,0.9652787427149809
DEAP:S31:T20,DEAP:S31,T20,1,6.9,2,1,2,5,exposed,baseline_relative_context,train,1.0,0.014883683486953458,0.9851163165130465
DEAP:S31:T21,DEAP:S31,T21,1,5.09,2,1,2,5,exposed,baseline_relative_context,train,1.0,0.7116663090255748,0.28833369097442524
DEAP:S31:T23,DEAP:S31,T23,0,1.0,2,1,2,5,exposed,baseline_relative_context,train,1.0,0.924737592418642,0.075262407581358
DEAP:S31:T26,DEAP:S31,T26,1,7.08,2,1,2,5,exposed,baseline_relative_context,train,1.0,0.025879626100629882,0.9741203738993701
DEAP:S31:T28,DEAP:S31,T28,1,5.01,2,1,2,5,exposed,baseline_relative_context,train,1.0,0.26018574352216073,0.7398142564778393
DEAP:S31:T30,DEAP:S31,T30,0,3.13,2,1,2,5,exposed,baseline_relative_context,train,1.0,0.7068358940291696,0.2931641059708304
DEAP:S31:T33,DEAP:S31,T33,0,4.18,2,1,2,5,exposed,baseline_relative_context,train,1.0,0.6308158741881658,0.3691841258118343
DEAP:S31:T38,DEAP:S31,T38,0,1.0,2,1,2,5,exposed,baseline_relative_context,train,1.0,0.951463772184184,0.04853622781581603
DEAP:S31:T39,DEAP:S31,T39,0,1.0,2,1,2,5,exposed,baseline_relative_context,train,1.0,0.97689816409648,0.023101835903519965
DEAP:S32:T02,DEAP:S32,T02,0,4.99,2,1,2,5,exposed,baseline_relative_context,train,1.0,0.6685047001164423,0.33149529988355775
DEAP:S32:T13,DEAP:S32,T13,1,7.09,2,1,2,5,exposed,baseline_relative_context,train,1.0,0.14780613555234,0.85219386444766
DEAP:S32:T14,DEAP:S32,T14,1,7.1,2,1,2,5,exposed,baseline_relative_context,train,1.0,0.0692083902516406,0.9307916097483594
DEAP:S32:T15,DEAP:S32,T15,1,5.01,2,1,2,5,exposed,baseline_relative_context,train,1.0,0.4840915279655952,0.5159084720344048
DEAP:S32:T16,DEAP:S32,T16,0,3.97,2,1,2,5,exposed,baseline_relative_context,train,1.0,0.737293334817529,0.262706665182471
DEAP:S32:T20,DEAP:S32,T20,1,6.03,2,1,2,5,exposed,baseline_relative_context,train,1.0,0.098842297565774,0.901157702434226
DEAP:S32:T21,DEAP:S32,T21,0,4.12,2,1,2,5,exposed,baseline_relative_context,train,1.0,0.9972236135086144,0.0027763864913856106
DEAP:S32:T23,DEAP:S32,T23,0,3.01,2,1,2,5,exposed,baseline_relative_context,train,1.0,0.984228706654521,0.01577129334547896
DEAP:S32:T26,DEAP:S32,T26,1,5.14,2,1,2,5,exposed,baseline_relative_context,train,1.0,0.8121544283039918,0.18784557169600824
DEAP:S32:T27,DEAP:S32,T27,1,6.0,2,1,2,5,exposed,baseline_relative_context,train,1.0,0.2710162188993799,0.7289837811006201
DEAP:S32:T28,DEAP:S32,T28,1,6.03,2,1,2,5,exposed,baseline_relative_context,train,1.0,0.11469024642274006,0.8853097535772599
DEAP:S32:T30,DEAP:S32,T30,0,1.0,2,1,2,5,exposed,baseline_relative_context,train,1.0,0.8589038781139965,0.14109612188600354
DEAP:S32:T33,DEAP:S32,T33,0,4.06,2,1,2,5,exposed,baseline_relative_context,train,1.0,0.9736860095638983,0.02631399043610177
DEAP:S32:T38,DEAP:S32,T38,0,3.05,2,1,2,5,exposed,baseline_relative_context,train,1.0,0.9618783780452027,0.03812162195479726
DEAP:S32:T39,DEAP:S32,T39,0,3.99,2,1,2,5,exposed,baseline_relative_context,train,1.0,0.9386639890294095,0.06133601097059055
DEAP:S04:T06,DEAP:S04,T06,1,5.01,2,1,2,5,exposed,baseline_relative_context,validation_unseen,1.0,0.03856427427679909,0.9614357257232009
DEAP:S04:T07,DEAP:S04,T07,0,2.94,2,1,2,5,exposed,baseline_relative_context,validation_unseen,1.0,0.9488465843868507,0.05115341561314931
DEAP:S04:T09,DEAP:S04,T09,1,6.05,2,1,2,5,exposed,baseline_relative_context,validation_unseen,1.0,0.7708858672742941,0.22911413272570594
DEAP:S04:T17,DEAP:S04,T17,1,7.01,2,1,2,5,exposed,baseline_relative_context,validation_unseen,1.0,0.8289987081150714,0.17100129188492857
DEAP:S04:T35,DEAP:S04,T35,0,2.03,2,1,2,5,exposed,baseline_relative_context,validation_unseen,1.0,0.03628385031211678,0.9637161496878832
DEAP:S04:T36,DEAP:S04,T36,0,2.72,2,1,2,5,exposed,baseline_relative_context,validation_unseen,1.0,0.9937781667872857,0.006221833212714341
DEAP:S04:T37,DEAP:S04,T37,0,1.0,2,1,2,5,exposed,baseline_relative_context,validation_unseen,1.0,0.07056321743641891,0.9294367825635811
DEAP:S04:T40,DEAP:S04,T40,0,1.86,2,1,2,5,exposed,baseline_relative_context,validation_unseen,1.0,0.022037379567991122,0.9779626204320089
DEAP:S07:T06,DEAP:S07,T06,1,6.97,2,1,2,5,exposed,baseline_relative_context,validation_unseen,1.0,0.32858181390296404,0.671418186097036
DEAP:S07:T07,DEAP:S07,T07,1,7.08,2,1,2,5,exposed,baseline_relative_context,validation_unseen,1.0,0.723516774509709,0.27648322549029103
DEAP:S07:T09,DEAP:S07,T09,1,6.99,2,1,2,5,exposed,baseline_relative_context,validation_unseen,1.0,0.9543707945946068,0.04562920540539321
DEAP:S07:T17,DEAP:S07,T17,1,7.12,2,1,2,5,exposed,baseline_relative_context,validation_unseen,1.0,0.2589965277537889,0.7410034722462111
DEAP:S07:T35,DEAP:S07,T35,1,5.01,2,1,2,5,exposed,baseline_relative_context,validation_unseen,1.0,0.6167839268905408,0.3832160731094591
DEAP:S07:T36,DEAP:S07,T36,1,8.1,2,1,2,5,exposed,baseline_relative_context,validation_unseen,1.0,0.31327115153898566,0.6867288484610143
DEAP:S07:T37,DEAP:S07,T37,1,5.05,2,1,2,5,exposed,baseline_relative_context,validation_unseen,1.0,0.6996061178090774,0.30039388219092256
DEAP:S07:T40,DEAP:S07,T40,1,7.01,2,1,2,5,exposed,baseline_relative_context,validation_unseen,1.0,0.7175590746350421,0.2824409253649579
DEAP:S24:T06,DEAP:S24,T06,1,5.96,2,1,2,5,exposed,baseline_relative_context,validation_unseen,1.0,0.8939606991972159,0.10603930080278413
DEAP:S24:T07,DEAP:S24,T07,0,3.04,2,1,2,5,exposed,baseline_relative_context,validation_unseen,1.0,0.944927957169339,0.05507204283066104
DEAP:S24:T09,DEAP:S24,T09,1,7.08,2,1,2,5,exposed,baseline_relative_context,validation_unseen,1.0,0.997210747745755,0.00278925225424494
DEAP:S24:T17,DEAP:S24,T17,0,4.08,2,1,2,5,exposed,baseline_relative_context,validation_unseen,1.0,0.8332571664157757,0.16674283358422423
DEAP:S24:T35,DEAP:S24,T35,0,4.05,2,1,2,5,exposed,baseline_relative_context,validation_unseen,1.0,0.9652205765325248,0.03477942346747526
DEAP:S24:T36,DEAP:S24,T36,0,4.0,2,1,2,5,exposed,baseline_relative_context,validation_unseen,1.0,0.19095514403510616,0.8090448559648938
DEAP:S24:T37,DEAP:S24,T37,0,4.0,2,1,2,5,exposed,baseline_relative_context,validation_unseen,1.0,0.8779510348643206,0.12204896513567946
DEAP:S29:T06,DEAP:S29,T06,1,8.03,2,1,2,5,exposed,baseline_relative_context,validation_unseen,1.0,0.10472732970124066,0.8952726702987593
DEAP:S29:T07,DEAP:S29,T07,1,7.04,2,1,2,5,exposed,baseline_relative_context,validation_unseen,1.0,0.032811713169433876,0.9671882868305661
DEAP:S29:T09,DEAP:S29,T09,1,7.06,2,1,2,5,exposed,baseline_relative_context,validation_unseen,1.0,0.5575602190182225,0.44243978098177744
DEAP:S29:T17,DEAP:S29,T17,1,5.08,2,1,2,5,exposed,baseline_relative_context,validation_unseen,1.0,0.049940858898179674,0.9500591411018203
DEAP:S29:T35,DEAP:S29,T35,0,1.92,2,1,2,5,exposed,baseline_relative_context,validation_unseen,1.0,0.36721075907298006,0.6327892409270199
DEAP:S29:T36,DEAP:S29,T36,1,5.03,2,1,2,5,exposed,baseline_relative_context,validation_unseen,1.0,0.6915406418653323,0.30845935813466774
DEAP:S29:T37,DEAP:S29,T37,1,5.01,2,1,2,5,exposed,baseline_relative_context,validation_unseen,1.0,0.09620855489171454,0.9037914451082855
DEAP:S29:T40,DEAP:S29,T40,1,6.01,2,1,2,5,exposed,baseline_relative_context,validation_unseen,1.0,0.026089960557257652,0.9739100394427423
DEAP:S04:T02,DEAP:S04,T02,0,4.06,2,1,2,5,exposed,baseline_relative_context,validation_familiar,1.0,0.020730040596080745,0.9792699594039193
DEAP:S04:T13,DEAP:S04,T13,0,4.12,2,1,2,5,exposed,baseline_relative_context,validation_familiar,1.0,0.479647769020366,0.520352230979634
DEAP:S04:T14,DEAP:S04,T14,1,6.96,2,1,2,5,exposed,baseline_relative_context,validation_familiar,1.0,0.30520259248274184,0.6947974075172582
DEAP:S04:T15,DEAP:S04,T15,1,6.96,2,1,2,5,exposed,baseline_relative_context,validation_familiar,1.0,0.05943225127261842,0.9405677487273816
DEAP:S04:T16,DEAP:S04,T16,0,2.51,2,1,2,5,exposed,baseline_relative_context,validation_familiar,1.0,0.27237851017566683,0.7276214898243332
DEAP:S04:T19,DEAP:S04,T19,1,7.09,2,1,2,5,exposed,baseline_relative_context,validation_familiar,1.0,0.5210882528917583,0.4789117471082417
DEAP:S04:T20,DEAP:S04,T20,1,8.17,2,1,2,5,exposed,baseline_relative_context,validation_familiar,1.0,0.43275101802087035,0.5672489819791297
DEAP:S04:T21,DEAP:S04,T21,0,1.77,2,1,2,5,exposed,baseline_relative_context,validation_familiar,1.0,0.5452991838770773,0.45470081612292274
DEAP:S04:T23,DEAP:S04,T23,0,1.86,2,1,2,5,exposed,baseline_relative_context,validation_familiar,1.0,0.6848225281594933,0.31517747184050665
DEAP:S04:T26,DEAP:S04,T26,1,6.0,2,1,2,5,exposed,baseline_relative_context,validation_familiar,1.0,0.7424488479554676,0.25755115204453244
DEAP:S04:T27,DEAP:S04,T27,1,6.14,2,1,2,5,exposed,baseline_relative_context,validation_familiar,1.0,0.38556276107482423,0.6144372389251758
DEAP:S04:T28,DEAP:S04,T28,0,2.17,2,1,2,5,exposed,baseline_relative_context,validation_familiar,1.0,0.9990416260560117,0.0009583739439883791
DEAP:S04:T30,DEAP:S04,T30,0,3.1,2,1,2,5,exposed,baseline_relative_context,validation_familiar,1.0,0.8194473649197731,0.18055263508022693
DEAP:S04:T33,DEAP:S04,T33,0,1.0,2,1,2,5,exposed,baseline_relative_context,validation_familiar,1.0,0.9060260771130196,0.0939739228869804
DEAP:S04:T38,DEAP:S04,T38,0,1.79,2,1,2,5,exposed,baseline_relative_context,validation_familiar,1.0,0.8148740524239574,0.1851259475760426
DEAP:S04:T39,DEAP:S04,T39,0,1.92,2,1,2,5,exposed,baseline_relative_context,validation_familiar,1.0,0.16690984068400705,0.833090159315993
DEAP:S07:T02,DEAP:S07,T02,1,7.15,2,1,2,5,exposed,baseline_relative_context,validation_familiar,1.0,0.0042750239151115865,0.9957249760848884
DEAP:S07:T13,DEAP:S07,T13,1,8.0,2,1,2,5,exposed,baseline_relative_context,validation_familiar,1.0,0.8112002750365268,0.18879972496347325
DEAP:S07:T14,DEAP:S07,T14,1,7.09,2,1,2,5,exposed,baseline_relative_context,validation_familiar,1.0,0.3844847166210089,0.6155152833789911
DEAP:S07:T15,DEAP:S07,T15,1,7.99,2,1,2,5,exposed,baseline_relative_context,validation_familiar,1.0,0.149972914240738,0.850027085759262
DEAP:S07:T16,DEAP:S07,T16,0,3.03,2,1,2,5,exposed,baseline_relative_context,validation_familiar,1.0,0.5290168044655119,0.47098319553448814
DEAP:S07:T19,DEAP:S07,T19,1,6.99,2,1,2,5,exposed,baseline_relative_context,validation_familiar,1.0,0.590595533871925,0.409404466128075
DEAP:S07:T20,DEAP:S07,T20,1,8.06,2,1,2,5,exposed,baseline_relative_context,validation_familiar,1.0,0.6422929940488027,0.35770700595119725
DEAP:S07:T21,DEAP:S07,T21,0,3.12,2,1,2,5,exposed,baseline_relative_context,validation_familiar,1.0,0.8005514443353825,0.19944855566461756
DEAP:S07:T23,DEAP:S07,T23,0,3.01,2,1,2,5,exposed,baseline_relative_context,validation_familiar,1.0,0.8525927115356473,0.14740728846435272
DEAP:S07:T26,DEAP:S07,T26,0,2.0,2,1,2,5,exposed,baseline_relative_context,validation_familiar,1.0,0.30038619734050886,0.6996138026594911
DEAP:S07:T27,DEAP:S07,T27,1,6.09,2,1,2,5,exposed,baseline_relative_context,validation_familiar,1.0,0.26514603937304426,0.7348539606269557
DEAP:S07:T28,DEAP:S07,T28,0,2.05,2,1,2,5,exposed,baseline_relative_context,validation_familiar,1.0,0.508240822079598,0.491759177920402
DEAP:S07:T30,DEAP:S07,T30,0,3.09,2,1,2,5,exposed,baseline_relative_context,validation_familiar,1.0,0.936426338949395,0.06357366105060498
DEAP:S07:T33,DEAP:S07,T33,0,4.97,2,1,2,5,exposed,baseline_relative_context,validation_familiar,1.0,0.10103420415991504,0.898965795840085
DEAP:S07:T38,DEAP:S07,T38,1,5.03,2,1,2,5,exposed,baseline_relative_context,validation_familiar,1.0,0.9771351726431435,0.02286482735685649
DEAP:S07:T39,DEAP:S07,T39,1,7.01,2,1,2,5,exposed,baseline_relative_context,validation_familiar,1.0,0.7092955157033214,0.2907044842966786
DEAP:S24:T02,DEAP:S24,T02,1,6.04,2,1,2,5,exposed,baseline_relative_context,validation_familiar,1.0,0.4108501631391539,0.5891498368608461
DEAP:S24:T13,DEAP:S24,T13,1,8.0,2,1,2,5,exposed,baseline_relative_context,validation_familiar,1.0,0.3119899973649706,0.6880100026350294
DEAP:S24:T14,DEAP:S24,T14,1,8.05,2,1,2,5,exposed,baseline_relative_context,validation_familiar,1.0,0.06232314416828333,0.9376768558317167
DEAP:S24:T15,DEAP:S24,T15,1,6.0,2,1,2,5,exposed,baseline_relative_context,validation_familiar,1.0,0.6539671107375729,0.34603288926242715
DEAP:S24:T16,DEAP:S24,T16,0,4.0,2,1,2,5,exposed,baseline_relative_context,validation_familiar,1.0,0.46403474892818464,0.5359652510718154
DEAP:S24:T19,DEAP:S24,T19,1,7.03,2,1,2,5,exposed,baseline_relative_context,validation_familiar,1.0,0.8715054292047253,0.12849457079527474
DEAP:S24:T20,DEAP:S24,T20,0,4.03,2,1,2,5,exposed,baseline_relative_context,validation_familiar,1.0,0.6645308623251304,0.33546913767486963
DEAP:S24:T21,DEAP:S24,T21,0,1.96,2,1,2,5,exposed,baseline_relative_context,validation_familiar,1.0,0.9922759828278367,0.007724017172163286
DEAP:S24:T23,DEAP:S24,T23,0,1.0,2,1,2,5,exposed,baseline_relative_context,validation_familiar,1.0,0.9101704817496619,0.08982951825033815
DEAP:S24:T26,DEAP:S24,T26,0,4.05,2,1,2,5,exposed,baseline_relative_context,validation_familiar,1.0,0.9933607253311098,0.006639274668890264
DEAP:S24:T27,DEAP:S24,T27,1,6.08,2,1,2,5,exposed,baseline_relative_context,validation_familiar,1.0,0.9846866217417527,0.01531337825824729
DEAP:S24:T28,DEAP:S24,T28,0,4.03,2,1,2,5,exposed,baseline_relative_context,validation_familiar,1.0,0.6746049096282822,0.3253950903717178
DEAP:S24:T30,DEAP:S24,T30,0,1.0,2,1,2,5,exposed,baseline_relative_context,validation_familiar,1.0,0.7321592093009304,0.2678407906990697
DEAP:S24:T33,DEAP:S24,T33,1,5.01,2,1,2,5,exposed,baseline_relative_context,validation_familiar,1.0,0.6266841600780295,0.3733158399219704
DEAP:S24:T38,DEAP:S24,T38,0,2.03,2,1,2,5,exposed,baseline_relative_context,validation_familiar,1.0,0.8776755816150914,0.12232441838490857
DEAP:S24:T39,DEAP:S24,T39,0,2.12,2,1,2,5,exposed,baseline_relative_context,validation_familiar,1.0,0.7892461641011084,0.21075383589889168
DEAP:S29:T02,DEAP:S29,T02,1,7.05,2,1,2,5,exposed,baseline_relative_context,validation_familiar,1.0,0.32951721272324397,0.670482787276756
DEAP:S29:T13,DEAP:S29,T13,1,6.06,2,1,2,5,exposed,baseline_relative_context,validation_familiar,1.0,0.5969545105917494,0.4030454894082506
DEAP:S29:T14,DEAP:S29,T14,1,8.06,2,1,2,5,exposed,baseline_relative_context,validation_familiar,1.0,0.07967570331737284,0.9203242966826272
DEAP:S29:T15,DEAP:S29,T15,0,4.01,2,1,2,5,exposed,baseline_relative_context,validation_familiar,1.0,0.337016393874109,0.662983606125891
DEAP:S29:T16,DEAP:S29,T16,0,3.0,2,1,2,5,exposed,baseline_relative_context,validation_familiar,1.0,0.20789259708143892,0.7921074029185611
DEAP:S29:T19,DEAP:S29,T19,1,7.05,2,1,2,5,exposed,baseline_relative_context,validation_familiar,1.0,0.017147531283848272,0.9828524687161517
DEAP:S29:T20,DEAP:S29,T20,1,8.03,2,1,2,5,exposed,baseline_relative_context,validation_familiar,1.0,0.804419305088316,0.19558069491168398
DEAP:S29:T21,DEAP:S29,T21,0,2.92,2,1,2,5,exposed,baseline_relative_context,validation_familiar,1.0,0.9285785199651329,0.0714214800348672
DEAP:S29:T23,DEAP:S29,T23,0,2.05,2,1,2,5,exposed,baseline_relative_context,validation_familiar,1.0,0.7876489635695886,0.21235103643041145
DEAP:S29:T26,DEAP:S29,T26,0,3.0,2,1,2,5,exposed,baseline_relative_context,validation_familiar,1.0,0.4873095705289735,0.5126904294710265
DEAP:S29:T27,DEAP:S29,T27,1,7.09,2,1,2,5,exposed,baseline_relative_context,validation_familiar,1.0,0.16833780730280934,0.8316621926971907
DEAP:S29:T28,DEAP:S29,T28,0,1.04,2,1,2,5,exposed,baseline_relative_context,validation_familiar,1.0,0.23164233833574732,0.7683576616642527
DEAP:S29:T30,DEAP:S29,T30,0,2.95,2,1,2,5,exposed,baseline_relative_context,validation_familiar,1.0,0.7473371390295542,0.25266286097044577
DEAP:S29:T33,DEAP:S29,T33,0,1.99,2,1,2,5,exposed,baseline_relative_context,validation_familiar,1.0,0.01619786165345094,0.9838021383465491
DEAP:S29:T38,DEAP:S29,T38,0,1.88,2,1,2,5,exposed,baseline_relative_context,validation_familiar,1.0,0.9918269951002996,0.008173004899700437
DEAP:S29:T39,DEAP:S29,T39,1,6.05,2,1,2,5,exposed,baseline_relative_context,validation_familiar,1.0,0.3276552511517906,0.6723447488482094
DEAP:S01:T02,DEAP:S01,T02,1,8.1,2,1,2,5,exposed,baseline_relative_context,train,10.0,0.22956182572960815,0.7704381742703919
DEAP:S01:T13,DEAP:S01,T13,0,1.95,2,1,2,5,exposed,baseline_relative_context,train,10.0,0.5003284855948509,0.4996715144051492
DEAP:S01:T14,DEAP:S01,T14,0,4.18,2,1,2,5,exposed,baseline_relative_context,train,10.0,0.2472021145909553,0.7527978854090447
DEAP:S01:T15,DEAP:S01,T15,0,3.17,2,1,2,5,exposed,baseline_relative_context,train,10.0,0.35225987839676376,0.6477401216032362
DEAP:S01:T16,DEAP:S01,T16,1,6.81,2,1,2,5,exposed,baseline_relative_context,train,10.0,0.12793203164776012,0.8720679683522399
DEAP:S01:T19,DEAP:S01,T19,1,7.17,2,1,2,5,exposed,baseline_relative_context,train,10.0,0.04680523131759018,0.9531947686824098
DEAP:S01:T20,DEAP:S01,T20,1,8.26,2,1,2,5,exposed,baseline_relative_context,train,10.0,0.008727601972100985,0.991272398027899
DEAP:S01:T21,DEAP:S01,T21,1,9.0,2,1,2,5,exposed,baseline_relative_context,train,10.0,0.34695986921277,0.65304013078723
DEAP:S01:T23,DEAP:S01,T23,1,8.15,2,1,2,5,exposed,baseline_relative_context,train,10.0,0.33580862654316934,0.6641913734568307
DEAP:S01:T26,DEAP:S01,T26,1,7.28,2,1,2,5,exposed,baseline_relative_context,train,10.0,0.3131831915341332,0.6868168084658668
DEAP:S01:T27,DEAP:S01,T27,1,7.35,2,1,2,5,exposed,baseline_relative_context,train,10.0,0.0005371292719557053,0.9994628707280443
DEAP:S01:T28,DEAP:S01,T28,0,3.88,2,1,2,5,exposed,baseline_relative_context,train,10.0,0.718457664406529,0.28154233559347097
DEAP:S01:T30,DEAP:S01,T30,0,2.08,2,1,2,5,exposed,baseline_relative_context,train,10.0,0.9999985215077974,1.4784922025148349e-06
DEAP:S01:T33,DEAP:S01,T33,0,3.81,2,1,2,5,exposed,baseline_relative_context,train,10.0,0.9962744450625046,0.003725554937495383
DEAP:S01:T38,DEAP:S01,T38,0,3.33,2,1,2,5,exposed,baseline_relative_context,train,10.0,0.9979166341499042,0.0020833658500958676
DEAP:S01:T39,DEAP:S01,T39,0,3.24,2,1,2,5,exposed,baseline_relative_context,train,10.0,0.615414936095533,0.38458506390446695
DEAP:S02:T02,DEAP:S02,T02,1,8.01,2,1,2,5,exposed,baseline_relative_context,train,10.0,0.010896074285662194,0.9891039257143378
DEAP:S02:T13,DEAP:S02,T13,1,9.0,2,1,2,5,exposed,baseline_relative_context,train,10.0,0.007275574179210542,0.9927244258207895
DEAP:S02:T14,DEAP:S02,T14,1,8.94,2,1,2,5,exposed,baseline_relative_context,train,10.0,0.005013140485659817,0.9949868595143402
DEAP:S02:T15,DEAP:S02,T15,1,9.0,2,1,2,5,exposed,baseline_relative_context,train,10.0,2.2192120918695935e-07,0.9999997780787908
DEAP:S02:T16,DEAP:S02,T16,1,6.0,2,1,2,5,exposed,baseline_relative_context,train,10.0,0.3900633215307049,0.6099366784692951
DEAP:S02:T19,DEAP:S02,T19,1,9.0,2,1,2,5,exposed,baseline_relative_context,train,10.0,0.0033427826348240153,0.996657217365176
DEAP:S02:T20,DEAP:S02,T20,1,8.97,2,1,2,5,exposed,baseline_relative_context,train,10.0,0.02708002635652962,0.9729199736434704
DEAP:S02:T23,DEAP:S02,T23,0,1.0,2,1,2,5,exposed,baseline_relative_context,train,10.0,0.9634031137014181,0.03659688629858193
DEAP:S02:T26,DEAP:S02,T26,1,9.0,2,1,2,5,exposed,baseline_relative_context,train,10.0,0.342500778037266,0.657499221962734
DEAP:S02:T27,DEAP:S02,T27,0,4.96,2,1,2,5,exposed,baseline_relative_context,train,10.0,0.30282568160837264,0.6971743183916274
DEAP:S02:T28,DEAP:S02,T28,0,4.06,2,1,2,5,exposed,baseline_relative_context,train,10.0,0.9093110279909904,0.09068897200900956
DEAP:S02:T30,DEAP:S02,T30,0,2.01,2,1,2,5,exposed,baseline_relative_context,train,10.0,0.9837464649522898,0.01625353504771023
DEAP:S02:T38,DEAP:S02,T38,0,1.0,2,1,2,5,exposed,baseline_relative_context,train,10.0,0.9845864426065741,0.015413557393425904
DEAP:S02:T39,DEAP:S02,T39,0,1.0,2,1,2,5,exposed,baseline_relative_context,train,10.0,0.9953025447959176,0.004697455204082421
DEAP:S03:T13,DEAP:S03,T13,1,7.91,2,1,2,5,exposed,baseline_relative_context,train,10.0,0.5782933325969669,0.4217066674030331
DEAP:S03:T14,DEAP:S03,T14,1,7.29,2,1,2,5,exposed,baseline_relative_context,train,10.0,0.07290355452697761,0.9270964454730224
DEAP:S03:T15,DEAP:S03,T15,1,7.36,2,1,2,5,exposed,baseline_relative_context,train,10.0,0.009493275877970775,0.9905067241220292
DEAP:S03:T16,DEAP:S03,T16,1,7.15,2,1,2,5,exposed,baseline_relative_context,train,10.0,0.008649596715484598,0.9913504032845154
DEAP:S03:T20,DEAP:S03,T20,1,6.26,2,1,2,5,exposed,baseline_relative_context,train,10.0,0.08967206504593916,0.9103279349540608
DEAP:S03:T21,DEAP:S03,T21,0,4.99,2,1,2,5,exposed,baseline_relative_context,train,10.0,0.9869985472674391,0.013001452732560892
DEAP:S03:T23,DEAP:S03,T23,0,3.65,2,1,2,5,exposed,baseline_relative_context,train,10.0,0.7744212553067973,0.2255787446932027
DEAP:S03:T26,DEAP:S03,T26,0,4.67,2,1,2,5,exposed,baseline_relative_context,train,10.0,0.9282634486554342,0.07173655134456576
DEAP:S03:T27,DEAP:S03,T27,1,6.72,2,1,2,5,exposed,baseline_relative_context,train,10.0,0.29192237638746776,0.7080776236125322
DEAP:S03:T28,DEAP:S03,T28,1,5.59,2,1,2,5,exposed,baseline_relative_context,train,10.0,0.05278156039373871,0.9472184396062613
DEAP:S03:T30,DEAP:S03,T30,0,3.87,2,1,2,5,exposed,baseline_relative_context,train,10.0,0.9495339506411782,0.05046604935882178
DEAP:S03:T33,DEAP:S03,T33,0,4.05,2,1,2,5,exposed,baseline_relative_context,train,10.0,0.8207013068784234,0.17929869312157667
DEAP:S03:T38,DEAP:S03,T38,0,4.53,2,1,2,5,exposed,baseline_relative_context,train,10.0,0.9890392352483391,0.010960764751660839
DEAP:S03:T39,DEAP:S03,T39,0,4.33,2,1,2,5,exposed,baseline_relative_context,train,10.0,0.9844864456291348,0.01551355437086516
DEAP:S05:T02,DEAP:S05,T02,1,9.0,2,1,2,5,exposed,baseline_relative_context,train,10.0,0.061239038328735784,0.9387609616712642
DEAP:S05:T13,DEAP:S05,T13,0,4.94,2,1,2,5,exposed,baseline_relative_context,train,10.0,0.6357453727938411,0.3642546272061588
DEAP:S05:T14,DEAP:S05,T14,1,7.21,2,1,2,5,exposed,baseline_relative_context,train,10.0,0.024476160455859763,0.9755238395441402
DEAP:S05:T15,DEAP:S05,T15,1,6.97,2,1,2,5,exposed,baseline_relative_context,train,10.0,0.000399429346556901,0.9996005706534431
DEAP:S05:T16,DEAP:S05,T16,1,5.96,2,1,2,5,exposed,baseline_relative_context,train,10.0,0.060587738054352025,0.939412261945648
DEAP:S05:T19,DEAP:S05,T19,1,8.03,2,1,2,5,exposed,baseline_relative_context,train,10.0,0.0014298753949486542,0.9985701246050513
DEAP:S05:T20,DEAP:S05,T20,1,7.0,2,1,2,5,exposed,baseline_relative_context,train,10.0,0.2854158735088249,0.7145841264911751
DEAP:S05:T21,DEAP:S05,T21,0,4.0,2,1,2,5,exposed,baseline_relative_context,train,10.0,0.8161472696704335,0.18385273032956656
DEAP:S05:T23,DEAP:S05,T23,0,1.0,2,1,2,5,exposed,baseline_relative_context,train,10.0,0.9763528719667247,0.02364712803327531
DEAP:S05:T26,DEAP:S05,T26,1,7.96,2,1,2,5,exposed,baseline_relative_context,train,10.0,0.009020078425880595,0.9909799215741194
DEAP:S05:T27,DEAP:S05,T27,1,7.0,2,1,2,5,exposed,baseline_relative_context,train,10.0,0.13969697024998917,0.8603030297500108
DEAP:S05:T30,DEAP:S05,T30,0,2.94,2,1,2,5,exposed,baseline_relative_context,train,10.0,0.9985050532574956,0.0014949467425043519
DEAP:S05:T33,DEAP:S05,T33,1,5.17,2,1,2,5,exposed,baseline_relative_context,train,10.0,0.13088487527229775,0.8691151247277022
DEAP:S05:T38,DEAP:S05,T38,0,1.0,2,1,2,5,exposed,baseline_relative_context,train,10.0,0.9890346674524266,0.010965332547573417
DEAP:S05:T39,DEAP:S05,T39,0,1.0,2,1,2,5,exposed,baseline_relative_context,train,10.0,0.9994262239332036,0.0005737760667964133
DEAP:S06:T02,DEAP:S06,T02,1,6.83,2,1,2,5,exposed,baseline_relative_context,train,10.0,0.11523003517906016,0.8847699648209398
DEAP:S06:T13,DEAP:S06,T13,1,7.79,2,1,2,5,exposed,baseline_relative_context,train,10.0,0.0016429816845209277,0.9983570183154791
DEAP:S06:T14,DEAP:S06,T14,1,6.32,2,1,2,5,exposed,baseline_relative_context,train,10.0,0.019327906094890657,0.9806720939051093
DEAP:S06:T15,DEAP:S06,T15,1,5.59,2,1,2,5,exposed,baseline_relative_context,train,10.0,4.985703898185978e-05,0.9999501429610181
DEAP:S06:T16,DEAP:S06,T16,1,5.06,2,1,2,5,exposed,baseline_relative_context,train,10.0,0.037543374504126925,0.9624566254958731
DEAP:S06:T19,DEAP:S06,T19,1,7.41,2,1,2,5,exposed,baseline_relative_context,train,10.0,0.00010704861600163706,0.9998929513839984
DEAP:S06:T20,DEAP:S06,T20,1,5.01,2,1,2,5,exposed,baseline_relative_context,train,10.0,9.49623012447276e-08,0.9999999050376988
DEAP:S06:T21,DEAP:S06,T21,1,6.28,2,1,2,5,exposed,baseline_relative_context,train,10.0,0.6675552014804924,0.33244479851950764
DEAP:S06:T23,DEAP:S06,T23,0,3.47,2,1,2,5,exposed,baseline_relative_context,train,10.0,0.841478705493286,0.1585212945067141
DEAP:S06:T27,DEAP:S06,T27,1,5.08,2,1,2,5,exposed,baseline_relative_context,train,10.0,0.37810668490973165,0.6218933150902684
DEAP:S06:T28,DEAP:S06,T28,1,6.42,2,1,2,5,exposed,baseline_relative_context,train,10.0,0.008707121391334116,0.9912928786086659
DEAP:S06:T30,DEAP:S06,T30,1,6.99,2,1,2,5,exposed,baseline_relative_context,train,10.0,0.24322459149809872,0.7567754085019013
DEAP:S06:T33,DEAP:S06,T33,1,6.68,2,1,2,5,exposed,baseline_relative_context,train,10.0,3.8508142723991945e-05,0.999961491857276
DEAP:S06:T38,DEAP:S06,T38,0,4.44,2,1,2,5,exposed,baseline_relative_context,train,10.0,0.9966198517281,0.003380148271900043
DEAP:S06:T39,DEAP:S06,T39,1,6.56,2,1,2,5,exposed,baseline_relative_context,train,10.0,0.010350197835523933,0.9896498021644761
DEAP:S08:T02,DEAP:S08,T02,1,5.04,2,1,2,5,exposed,baseline_relative_context,train,10.0,8.885106461686831e-08,0.9999999111489354
DEAP:S08:T13,DEAP:S08,T13,1,7.9,2,1,2,5,exposed,baseline_relative_context,train,10.0,0.06845914280086962,0.9315408571991304
DEAP:S08:T14,DEAP:S08,T14,1,6.88,2,1,2,5,exposed,baseline_relative_context,train,10.0,0.28342711474940496,0.716572885250595
DEAP:S08:T15,DEAP:S08,T15,1,8.33,2,1,2,5,exposed,baseline_relative_context,train,10.0,2.0278672963058852e-08,0.999999979721327
DEAP:S08:T16,DEAP:S08,T16,0,4.21,2,1,2,5,exposed,baseline_relative_context,train,10.0,0.8810666459200355,0.11893335407996451
DEAP:S08:T19,DEAP:S08,T19,1,5.04,2,1,2,5,exposed,baseline_relative_context,train,10.0,9.961865480079268e-06,0.9999900381345199
DEAP:S08:T20,DEAP:S08,T20,1,6.74,2,1,2,5,exposed,baseline_relative_context,train,10.0,0.02223361171568894,0.9777663882843111
DEAP:S08:T23,DEAP:S08,T23,0,3.59,2,1,2,5,exposed,baseline_relative_context,train,10.0,0.9999999356013556,6.439864436530019e-08
DEAP:S08:T26,DEAP:S08,T26,0,4.99,2,1,2,5,exposed,baseline_relative_context,train,10.0,0.9673382495561469,0.03266175044385316
DEAP:S08:T27,DEAP:S08,T27,0,4.46,2,1,2,5,exposed,baseline_relative_context,train,10.0,0.7422547597682022,0.2577452402317978
DEAP:S08:T28,DEAP:S08,T28,1,5.04,2,1,2,5,exposed,baseline_relative_context,train,10.0,0.05113008887895565,0.9488699111210444
DEAP:S08:T30,DEAP:S08,T30,0,1.4,2,1,2,5,exposed,baseline_relative_context,train,10.0,0.7809288808366661,0.2190711191633339
DEAP:S08:T33,DEAP:S08,T33,0,4.44,2,1,2,5,exposed,baseline_relative_context,train,10.0,0.8884874050698741,0.11151259493012586
DEAP:S08:T38,DEAP:S08,T38,0,4.72,2,1,2,5,exposed,baseline_relative_context,train,10.0,0.8008122690408224,0.1991877309591777
DEAP:S08:T39,DEAP:S08,T39,1,5.05,2,1,2,5,exposed,baseline_relative_context,train,10.0,0.02435383066882557,0.9756461693311744
DEAP:S09:T02,DEAP:S09,T02,1,7.08,2,1,2,5,exposed,baseline_relative_context,train,10.0,0.075930882220273,0.924069117779727
DEAP:S09:T13,DEAP:S09,T13,1,8.15,2,1,2,5,exposed,baseline_relative_context,train,10.0,0.03670589865728602,0.963294101342714
DEAP:S09:T14,DEAP:S09,T14,1,7.0,2,1,2,5,exposed,baseline_relative_context,train,10.0,2.5509252744582156e-05,0.9999744907472554
DEAP:S09:T15,DEAP:S09,T15,1,6.21,2,1,2,5,exposed,baseline_relative_context,train,10.0,0.009342378106678928,0.9906576218933211
DEAP:S09:T16,DEAP:S09,T16,0,4.05,2,1,2,5,exposed,baseline_relative_context,train,10.0,0.9998977054882802,0.00010229451171980094
DEAP:S09:T19,DEAP:S09,T19,0,3.97,2,1,2,5,exposed,baseline_relative_context,train,10.0,0.8468451063165305,0.15315489368346952
DEAP:S09:T21,DEAP:S09,T21,0,4.04,2,1,2,5,exposed,baseline_relative_context,train,10.0,0.9981892367394587,0.001810763260541295
DEAP:S09:T26,DEAP:S09,T26,0,4.1,2,1,2,5,exposed,baseline_relative_context,train,10.0,0.9685171637271341,0.03148283627286588
DEAP:S09:T27,DEAP:S09,T27,1,5.04,2,1,2,5,exposed,baseline_relative_context,train,10.0,0.06799456347540445,0.9320054365245956
DEAP:S09:T28,DEAP:S09,T28,0,2.96,2,1,2,5,exposed,baseline_relative_context,train,10.0,0.9992419635966568,0.0007580364033432027
DEAP:S09:T30,DEAP:S09,T30,0,4.04,2,1,2,5,exposed,baseline_relative_context,train,10.0,0.7320264093705511,0.26797359062944887
DEAP:S09:T33,DEAP:S09,T33,0,3.08,2,1,2,5,exposed,baseline_relative_context,train,10.0,0.9996720305626245,0.0003279694373754875
DEAP:S09:T38,DEAP:S09,T38,0,2.92,2,1,2,5,exposed,baseline_relative_context,train,10.0,0.9999999999202133,7.97867049071221e-11
DEAP:S09:T39,DEAP:S09,T39,0,3.17,2,1,2,5,exposed,baseline_relative_context,train,10.0,0.7604346207255247,0.2395653792744753
DEAP:S11:T02,DEAP:S11,T02,1,5.67,2,1,2,5,exposed,baseline_relative_context,train,10.0,0.2909950973153077,0.7090049026846923
DEAP:S11:T13,DEAP:S11,T13,1,8.42,2,1,2,5,exposed,baseline_relative_context,train,10.0,0.16714708227347896,0.832852917726521
DEAP:S11:T14,DEAP:S11,T14,1,7.96,2,1,2,5,exposed,baseline_relative_context,train,10.0,0.001121064658160531,0.9988789353418395
DEAP:S11:T15,DEAP:S11,T15,1,6.92,2,1,2,5,exposed,baseline_relative_context,train,10.0,0.003971795919981647,0.9960282040800184
DEAP:S11:T16,DEAP:S11,T16,0,4.35,2,1,2,5,exposed,baseline_relative_context,train,10.0,0.43154537190712006,0.5684546280928799
DEAP:S11:T19,DEAP:S11,T19,1,5.54,2,1,2,5,exposed,baseline_relative_context,train,10.0,0.05672170669857535,0.9432782933014247
DEAP:S11:T20,DEAP:S11,T20,1,6.0,2,1,2,5,exposed,baseline_relative_context,train,10.0,0.11883027956554959,0.8811697204344504
DEAP:S11:T21,DEAP:S11,T21,0,3.27,2,1,2,5,exposed,baseline_relative_context,train,10.0,0.9983939089533502,0.0016060910466498036
DEAP:S11:T26,DEAP:S11,T26,1,5.49,2,1,2,5,exposed,baseline_relative_context,train,10.0,0.002599005149914513,0.9974009948500855
DEAP:S11:T28,DEAP:S11,T28,0,4.26,2,1,2,5,exposed,baseline_relative_context,train,10.0,0.29400013997048635,0.7059998600295136
DEAP:S11:T30,DEAP:S11,T30,0,4.58,2,1,2,5,exposed,baseline_relative_context,train,10.0,0.99703884799329,0.0029611520067099823
DEAP:S11:T33,DEAP:S11,T33,1,5.64,2,1,2,5,exposed,baseline_relative_context,train,10.0,0.18913819828659462,0.8108618017134054
DEAP:S11:T38,DEAP:S11,T38,0,1.35,2,1,2,5,exposed,baseline_relative_context,train,10.0,0.8655810293304852,0.13441897066951483
DEAP:S13:T02,DEAP:S13,T02,0,4.03,2,1,2,5,exposed,baseline_relative_context,train,10.0,0.5018962484423826,0.49810375155761744
DEAP:S13:T13,DEAP:S13,T13,1,9.0,2,1,2,5,exposed,baseline_relative_context,train,10.0,0.0014788996253770614,0.9985211003746229
DEAP:S13:T14,DEAP:S13,T14,1,7.97,2,1,2,5,exposed,baseline_relative_context,train,10.0,4.425661642715184e-06,0.9999955743383573
DEAP:S13:T15,DEAP:S13,T15,0,4.94,2,1,2,5,exposed,baseline_relative_context,train,10.0,0.7560275468366453,0.2439724531633547
DEAP:S13:T19,DEAP:S13,T19,1,8.51,2,1,2,5,exposed,baseline_relative_context,train,10.0,4.001141136855679e-06,0.9999959988588631
DEAP:S13:T20,DEAP:S13,T20,1,7.6,2,1,2,5,exposed,baseline_relative_context,train,10.0,0.03309184931754383,0.9669081506824562
DEAP:S13:T21,DEAP:S13,T21,0,2.0,2,1,2,5,exposed,baseline_relative_context,train,10.0,0.9915495111141782,0.008450488885821766
DEAP:S13:T23,DEAP:S13,T23,0,1.0,2,1,2,5,exposed,baseline_relative_context,train,10.0,0.9190782360234009,0.0809217639765991
DEAP:S13:T26,DEAP:S13,T26,1,5.04,2,1,2,5,exposed,baseline_relative_context,train,10.0,2.9524058438590295e-05,0.9999704759415614
DEAP:S13:T27,DEAP:S13,T27,1,5.47,2,1,2,5,exposed,baseline_relative_context,train,10.0,0.038975966951280916,0.9610240330487191
DEAP:S13:T28,DEAP:S13,T28,1,7.08,2,1,2,5,exposed,baseline_relative_context,train,10.0,0.0070223129173760945,0.9929776870826239
DEAP:S13:T30,DEAP:S13,T30,0,3.05,2,1,2,5,exposed,baseline_relative_context,train,10.0,0.9296134229994979,0.07038657700050216
DEAP:S13:T33,DEAP:S13,T33,0,4.55,2,1,2,5,exposed,baseline_relative_context,train,10.0,0.9486527397051312,0.05134726029486881
DEAP:S13:T38,DEAP:S13,T38,0,1.0,2,1,2,5,exposed,baseline_relative_context,train,10.0,0.9996642538623988,0.00033574613760119015
DEAP:S13:T39,DEAP:S13,T39,0,1.97,2,1,2,5,exposed,baseline_relative_context,train,10.0,0.9444667223981001,0.05553327760189987
DEAP:S14:T02,DEAP:S14,T02,1,6.05,2,1,2,5,exposed,baseline_relative_context,train,10.0,0.00022092364492276584,0.9997790763550772
DEAP:S14:T13,DEAP:S14,T13,1,6.79,2,1,2,5,exposed,baseline_relative_context,train,10.0,0.0007073917735562762,0.9992926082264437
DEAP:S14:T14,DEAP:S14,T14,1,8.03,2,1,2,5,exposed,baseline_relative_context,train,10.0,0.018497542890720697,0.9815024571092793
DEAP:S14:T15,DEAP:S14,T15,1,7.08,2,1,2,5,exposed,baseline_relative_context,train,10.0,0.0008096739423151256,0.9991903260576849
DEAP:S14:T16,DEAP:S14,T16,0,3.96,2,1,2,5,exposed,baseline_relative_context,train,10.0,0.8526848202049571,0.14731517979504288
DEAP:S14:T19,DEAP:S14,T19,1,7.55,2,1,2,5,exposed,baseline_relative_context,train,10.0,0.05780217981880764,0.9421978201811924
DEAP:S14:T21,DEAP:S14,T21,0,1.03,2,1,2,5,exposed,baseline_relative_context,train,10.0,0.999192712068349,0.0008072879316509457
DEAP:S14:T23,DEAP:S14,T23,0,2.41,2,1,2,5,exposed,baseline_relative_context,train,10.0,0.8934488051930689,0.10655119480693105
DEAP:S14:T26,DEAP:S14,T26,0,3.28,2,1,2,5,exposed,baseline_relative_context,train,10.0,0.4842687509510907,0.5157312490489093
DEAP:S14:T27,DEAP:S14,T27,1,5.81,2,1,2,5,exposed,baseline_relative_context,train,10.0,0.25783807082743715,0.7421619291725629
DEAP:S14:T28,DEAP:S14,T28,0,2.53,2,1,2,5,exposed,baseline_relative_context,train,10.0,0.6946322880976121,0.30536771190238793
DEAP:S14:T30,DEAP:S14,T30,0,1.1,2,1,2,5,exposed,baseline_relative_context,train,10.0,0.999987989104736,1.2010895264024085e-05
DEAP:S14:T33,DEAP:S14,T33,0,3.18,2,1,2,5,exposed,baseline_relative_context,train,10.0,0.9900400580775509,0.009959941922449053
DEAP:S14:T38,DEAP:S14,T38,0,2.26,2,1,2,5,exposed,baseline_relative_context,train,10.0,0.9990388121760565,0.0009611878239435275
DEAP:S14:T39,DEAP:S14,T39,1,6.65,2,1,2,5,exposed,baseline_relative_context,train,10.0,0.09759680751202049,0.9024031924879795
DEAP:S15:T02,DEAP:S15,T02,1,5.04,2,1,2,5,exposed,baseline_relative_context,train,10.0,0.1033567024081854,0.8966432975918146
DEAP:S15:T14,DEAP:S15,T14,1,8.15,2,1,2,5,exposed,baseline_relative_context,train,10.0,0.04580181380840043,0.9541981861915996
DEAP:S15:T15,DEAP:S15,T15,1,8.12,2,1,2,5,exposed,baseline_relative_context,train,10.0,0.21572824817439085,0.7842717518256092
DEAP:S15:T16,DEAP:S15,T16,0,4.17,2,1,2,5,exposed,baseline_relative_context,train,10.0,0.9969132150348408,0.0030867849651592654
DEAP:S15:T19,DEAP:S15,T19,1,7.04,2,1,2,5,exposed,baseline_relative_context,train,10.0,0.013355165952544712,0.9866448340474553
DEAP:S15:T20,DEAP:S15,T20,1,7.97,2,1,2,5,exposed,baseline_relative_context,train,10.0,0.10058986103205225,0.8994101389679477
DEAP:S15:T21,DEAP:S15,T21,0,3.09,2,1,2,5,exposed,baseline_relative_context,train,10.0,0.9389356731499896,0.06106432685001043
DEAP:S15:T23,DEAP:S15,T23,0,3.05,2,1,2,5,exposed,baseline_relative_context,train,10.0,0.9709569638371912,0.029043036162808743
DEAP:S15:T26,DEAP:S15,T26,0,4.96,2,1,2,5,exposed,baseline_relative_context,train,10.0,0.7204128295581784,0.2795871704418215
DEAP:S15:T27,DEAP:S15,T27,1,6.0,2,1,2,5,exposed,baseline_relative_context,train,10.0,0.0006879673508356499,0.9993120326491644
DEAP:S15:T28,DEAP:S15,T28,0,4.01,2,1,2,5,exposed,baseline_relative_context,train,10.0,0.9853708762573633,0.014629123742636732
DEAP:S15:T30,DEAP:S15,T30,0,2.04,2,1,2,5,exposed,baseline_relative_context,train,10.0,0.9999985589908645,1.4410091354060433e-06
DEAP:S15:T33,DEAP:S15,T33,0,3.01,2,1,2,5,exposed,baseline_relative_context,train,10.0,0.9975060678741423,0.0024939321258576953
DEAP:S15:T38,DEAP:S15,T38,0,2.08,2,1,2,5,exposed,baseline_relative_context,train,10.0,0.9999999987956961,1.2043039011232044e-09
DEAP:S15:T39,DEAP:S15,T39,0,4.0,2,1,2,5,exposed,baseline_relative_context,train,10.0,0.9994976220272439,0.0005023779727561357
DEAP:S16:T02,DEAP:S16,T02,1,6.45,2,1,2,5,exposed,baseline_relative_context,train,10.0,0.3282912463431569,0.6717087536568431
DEAP:S16:T13,DEAP:S16,T13,0,3.88,2,1,2,5,exposed,baseline_relative_context,train,10.0,0.7941362376280323,0.20586376237196774
DEAP:S16:T16,DEAP:S16,T16,0,4.97,2,1,2,5,exposed,baseline_relative_context,train,10.0,0.999984268506654,1.5731493345941765e-05
DEAP:S16:T21,DEAP:S16,T21,0,4.42,2,1,2,5,exposed,baseline_relative_context,train,10.0,0.9996468633310214,0.00035313666897857576
DEAP:S16:T23,DEAP:S16,T23,0,3.9,2,1,2,5,exposed,baseline_relative_context,train,10.0,0.9625184659116587,0.03748153408834131
DEAP:S16:T26,DEAP:S16,T26,0,1.82,2,1,2,5,exposed,baseline_relative_context,train,10.0,0.9999999857127608,1.428723919756544e-08
DEAP:S16:T27,DEAP:S16,T27,0,2.59,2,1,2,5,exposed,baseline_relative_context,train,10.0,0.9954931386520561,0.004506861347943827
DEAP:S16:T30,DEAP:S16,T30,1,6.1,2,1,2,5,exposed,baseline_relative_context,train,10.0,0.1328589915343963,0.8671410084656037
DEAP:S16:T33,DEAP:S16,T33,0,1.0,2,1,2,5,exposed,baseline_relative_context,train,10.0,0.9999980625238537,1.937476146283423e-06
DEAP:S16:T38,DEAP:S16,T38,0,4.27,2,1,2,5,exposed,baseline_relative_context,train,10.0,0.9467906658609033,0.05320933413909671
DEAP:S16:T39,DEAP:S16,T39,1,6.13,2,1,2,5,exposed,baseline_relative_context,train,10.0,0.05609208009987088,0.9439079199001291
DEAP:S17:T02,DEAP:S17,T02,1,7.26,2,1,2,5,exposed,baseline_relative_context,train,10.0,4.421407478427675e-05,0.9999557859252157
DEAP:S17:T14,DEAP:S17,T14,1,6.58,2,1,2,5,exposed,baseline_relative_context,train,10.0,0.00012593496385404634,0.999874065036146
DEAP:S17:T15,DEAP:S17,T15,1,5.96,2,1,2,5,exposed,baseline_relative_context,train,10.0,0.06647086161597449,0.9335291383840255
DEAP:S17:T16,DEAP:S17,T16,1,5.92,2,1,2,5,exposed,baseline_relative_context,train,10.0,0.0016950320537727492,0.9983049679462273
DEAP:S17:T19,DEAP:S17,T19,1,7.27,2,1,2,5,exposed,baseline_relative_context,train,10.0,0.17426690864360572,0.8257330913563943
DEAP:S17:T20,DEAP:S17,T20,1,7.03,2,1,2,5,exposed,baseline_relative_context,train,10.0,0.3056384741308542,0.6943615258691458
DEAP:S17:T21,DEAP:S17,T21,0,4.0,2,1,2,5,exposed,baseline_relative_context,train,10.0,0.9376855383277102,0.06231446167228979
DEAP:S17:T23,DEAP:S17,T23,0,3.62,2,1,2,5,exposed,baseline_relative_context,train,10.0,0.8990830557685474,0.10091694423145256
DEAP:S17:T26,DEAP:S17,T26,0,3.73,2,1,2,5,exposed,baseline_relative_context,train,10.0,0.45851158267199255,0.5414884173280075
DEAP:S17:T27,DEAP:S17,T27,0,3.96,2,1,2,5,exposed,baseline_relative_context,train,10.0,0.6234257953889331,0.37657420461106694
DEAP:S17:T28,DEAP:S17,T28,1,5.64,2,1,2,5,exposed,baseline_relative_context,train,10.0,1.7988495765397516e-05,0.9999820115042346
DEAP:S17:T33,DEAP:S17,T33,0,3.83,2,1,2,5,exposed,baseline_relative_context,train,10.0,0.7186120631543294,0.2813879368456706
DEAP:S17:T38,DEAP:S17,T38,0,3.6,2,1,2,5,exposed,baseline_relative_context,train,10.0,0.9999965269529243,3.4730470757194336e-06
DEAP:S17:T39,DEAP:S17,T39,1,7.1,2,1,2,5,exposed,baseline_relative_context,train,10.0,0.2967420850521887,0.7032579149478113
DEAP:S18:T02,DEAP:S18,T02,1,6.87,2,1,2,5,exposed,baseline_relative_context,train,10.0,1.907791730926256e-06,0.9999980922082691
DEAP:S18:T13,DEAP:S18,T13,1,7.33,2,1,2,5,exposed,baseline_relative_context,train,10.0,0.13622253531214834,0.8637774646878517
DEAP:S18:T14,DEAP:S18,T14,1,6.62,2,1,2,5,exposed,baseline_relative_context,train,10.0,0.0006822588880364133,0.9993177411119636
DEAP:S18:T15,DEAP:S18,T15,1,6.04,2,1,2,5,exposed,baseline_relative_context,train,10.0,0.7600463212451325,0.23995367875486753
DEAP:S18:T16,DEAP:S18,T16,0,4.38,2,1,2,5,exposed,baseline_relative_context,train,10.0,0.9998949846324584,0.0001050153675416351
DEAP:S18:T19,DEAP:S18,T19,1,7.04,2,1,2,5,exposed,baseline_relative_context,train,10.0,0.06197138538125635,0.9380286146187437
DEAP:S18:T21,DEAP:S18,T21,0,3.92,2,1,2,5,exposed,baseline_relative_context,train,10.0,0.9979505679029244,0.002049432097075675
DEAP:S18:T23,DEAP:S18,T23,0,3.71,2,1,2,5,exposed,baseline_relative_context,train,10.0,0.9681901014129531,0.03180989858704688
DEAP:S18:T26,DEAP:S18,T26,1,5.44,2,1,2,5,exposed,baseline_relative_context,train,10.0,0.5190805055177505,0.48091949448224947
DEAP:S18:T27,DEAP:S18,T27,1,5.94,2,1,2,5,exposed,baseline_relative_context,train,10.0,0.4327568107871076,0.5672431892128924
DEAP:S18:T28,DEAP:S18,T28,1,5.95,2,1,2,5,exposed,baseline_relative_context,train,10.0,0.5545327794762844,0.44546722052371557
DEAP:S18:T30,DEAP:S18,T30,0,2.96,2,1,2,5,exposed,baseline_relative_context,train,10.0,0.999800090650863,0.00019990934913707517
DEAP:S18:T33,DEAP:S18,T33,0,4.56,2,1,2,5,exposed,baseline_relative_context,train,10.0,0.9999985467992332,1.4532007668224486e-06
DEAP:S18:T38,DEAP:S18,T38,0,4.51,2,1,2,5,exposed,baseline_relative_context,train,10.0,0.9257729422627665,0.0742270577372335
DEAP:S18:T39,DEAP:S18,T39,0,4.06,2,1,2,5,exposed,baseline_relative_context,train,10.0,0.6260741490563742,0.3739258509436258
DEAP:S19:T02,DEAP:S19,T02,1,6.46,2,1,2,5,exposed,baseline_relative_context,train,10.0,0.019277160907930413,0.9807228390920696
DEAP:S19:T13,DEAP:S19,T13,1,7.53,2,1,2,5,exposed,baseline_relative_context,train,10.0,0.05392520033378889,0.9460747996662111
DEAP:S19:T14,DEAP:S19,T14,1,6.76,2,1,2,5,exposed,baseline_relative_context,train,10.0,0.11281757503358414,0.8871824249664159
DEAP:S19:T15,DEAP:S19,T15,1,5.68,2,1,2,5,exposed,baseline_relative_context,train,10.0,0.040441873640284176,0.9595581263597158
DEAP:S19:T16,DEAP:S19,T16,0,3.24,2,1,2,5,exposed,baseline_relative_context,train,10.0,0.7690185735793569,0.23098142642064315
DEAP:S19:T19,DEAP:S19,T19,1,7.65,2,1,2,5,exposed,baseline_relative_context,train,10.0,0.03903207191828406,0.9609679280817159
DEAP:S19:T20,DEAP:S19,T20,1,6.13,2,1,2,5,exposed,baseline_relative_context,train,10.0,0.12463617568151697,0.875363824318483
DEAP:S19:T21,DEAP:S19,T21,0,2.19,2,1,2,5,exposed,baseline_relative_context,train,10.0,0.9413196228354197,0.058680377164580265
DEAP:S19:T23,DEAP:S19,T23,0,3.77,2,1,2,5,exposed,baseline_relative_context,train,10.0,0.9226540678670196,0.07734593213298038
DEAP:S19:T26,DEAP:S19,T26,0,4.95,2,1,2,5,exposed,baseline_relative_context,train,10.0,0.6318108070179704,0.3681891929820295
DEAP:S19:T27,DEAP:S19,T27,0,4.97,2,1,2,5,exposed,baseline_relative_context,train,10.0,0.7549740645724055,0.24502593542759457
DEAP:S19:T28,DEAP:S19,T28,1,6.21,2,1,2,5,exposed,baseline_relative_context,train,10.0,0.09088051524849383,0.9091194847515062
DEAP:S19:T33,DEAP:S19,T33,0,3.4,2,1,2,5,exposed,baseline_relative_context,train,10.0,0.4055247632649237,0.5944752367350763
DEAP:S19:T38,DEAP:S19,T38,0,1.62,2,1,2,5,exposed,baseline_relative_context,train,10.0,0.7871236739800392,0.2128763260199608
DEAP:S19:T39,DEAP:S19,T39,1,5.04,2,1,2,5,exposed,baseline_relative_context,train,10.0,0.2125019379638342,0.7874980620361658
DEAP:S20:T02,DEAP:S20,T02,1,6.77,2,1,2,5,exposed,baseline_relative_context,train,10.0,0.013757317428813587,0.9862426825711864
DEAP:S20:T14,DEAP:S20,T14,1,6.4,2,1,2,5,exposed,baseline_relative_context,train,10.0,0.005661776833071008,0.994338223166929
DEAP:S20:T15,DEAP:S20,T15,1,6.35,2,1,2,5,exposed,baseline_relative_context,train,10.0,0.0009309948290384673,0.9990690051709615
DEAP:S20:T16,DEAP:S20,T16,1,5.03,2,1,2,5,exposed,baseline_relative_context,train,10.0,0.016518015295433508,0.9834819847045665
DEAP:S20:T19,DEAP:S20,T19,1,7.59,2,1,2,5,exposed,baseline_relative_context,train,10.0,0.00012700934750831117,0.9998729906524917
DEAP:S20:T20,DEAP:S20,T20,1,6.65,2,1,2,5,exposed,baseline_relative_context,train,10.0,0.009848210736651763,0.9901517892633482
DEAP:S20:T21,DEAP:S20,T21,0,4.97,2,1,2,5,exposed,baseline_relative_context,train,10.0,0.9663650198989483,0.03363498010105172
DEAP:S20:T23,DEAP:S20,T23,0,2.82,2,1,2,5,exposed,baseline_relative_context,train,10.0,0.9693075244556062,0.03069247554439377
DEAP:S20:T26,DEAP:S20,T26,0,4.31,2,1,2,5,exposed,baseline_relative_context,train,10.0,0.31958218202829547,0.6804178179717045
DEAP:S20:T27,DEAP:S20,T27,1,5.03,2,1,2,5,exposed,baseline_relative_context,train,10.0,0.6436359255637728,0.3563640744362272
DEAP:S20:T28,DEAP:S20,T28,1,5.01,2,1,2,5,exposed,baseline_relative_context,train,10.0,0.16970768884334186,0.8302923111566581
DEAP:S20:T30,DEAP:S20,T30,0,3.49,2,1,2,5,exposed,baseline_relative_context,train,10.0,0.999410834960257,0.0005891650397430728
DEAP:S20:T33,DEAP:S20,T33,0,4.64,2,1,2,5,exposed,baseline_relative_context,train,10.0,0.9980712274412228,0.0019287725587772047
DEAP:S20:T38,DEAP:S20,T38,0,3.38,2,1,2,5,exposed,baseline_relative_context,train,10.0,0.9065788560654393,0.09342114393456065
DEAP:S20:T39,DEAP:S20,T39,0,4.67,2,1,2,5,exposed,baseline_relative_context,train,10.0,0.9995287515894298,0.0004712484105702742
DEAP:S21:T02,DEAP:S21,T02,1,7.05,2,1,2,5,exposed,baseline_relative_context,train,10.0,0.15659902131437264,0.8434009786856274
DEAP:S21:T13,DEAP:S21,T13,0,4.27,2,1,2,5,exposed,baseline_relative_context,train,10.0,0.9973932384494623,0.0026067615505377113
DEAP:S21:T14,DEAP:S21,T14,1,8.1,2,1,2,5,exposed,baseline_relative_context,train,10.0,0.0004383019225541185,0.9995616980774459
DEAP:S21:T15,DEAP:S21,T15,1,6.92,2,1,2,5,exposed,baseline_relative_context,train,10.0,0.09813689896270028,0.9018631010372997
DEAP:S21:T16,DEAP:S21,T16,1,5.99,2,1,2,5,exposed,baseline_relative_context,train,10.0,0.33025235515016715,0.6697476448498328
DEAP:S21:T19,DEAP:S21,T19,1,7.26,2,1,2,5,exposed,baseline_relative_context,train,10.0,0.00864106322050917,0.9913589367794908
DEAP:S21:T20,DEAP:S21,T20,0,2.33,2,1,2,5,exposed,baseline_relative_context,train,10.0,0.37376976471221857,0.6262302352877814
DEAP:S21:T21,DEAP:S21,T21,0,4.08,2,1,2,5,exposed,baseline_relative_context,train,10.0,0.999651352998678,0.0003486470013219716
DEAP:S21:T23,DEAP:S21,T23,0,4.69,2,1,2,5,exposed,baseline_relative_context,train,10.0,0.999999998804049,1.1959509808881515e-09
DEAP:S21:T27,DEAP:S21,T27,0,4.01,2,1,2,5,exposed,baseline_relative_context,train,10.0,0.9998472624658622,0.00015273753413781523
DEAP:S21:T30,DEAP:S21,T30,0,3.45,2,1,2,5,exposed,baseline_relative_context,train,10.0,0.9999763766866261,2.3623313373929247e-05
DEAP:S21:T33,DEAP:S21,T33,1,7.03,2,1,2,5,exposed,baseline_relative_context,train,10.0,0.18921854654967396,0.810781453450326
DEAP:S21:T38,DEAP:S21,T38,0,3.03,2,1,2,5,exposed,baseline_relative_context,train,10.0,0.9997895977224086,0.00021040227759140488
DEAP:S21:T39,DEAP:S21,T39,1,6.09,2,1,2,5,exposed,baseline_relative_context,train,10.0,1.0791620390526724e-05,0.9999892083796095
DEAP:S23:T02,DEAP:S23,T02,1,9.0,2,1,2,5,exposed,baseline_relative_context,train,10.0,0.3991088212538765,0.6008911787461235
DEAP:S23:T13,DEAP:S23,T13,1,8.01,2,1,2,5,exposed,baseline_relative_context,train,10.0,3.3311486902221077e-10,0.9999999996668851
DEAP:S23:T14,DEAP:S23,T14,1,8.01,2,1,2,5,exposed,baseline_relative_context,train,10.0,0.0009333384975588332,0.9990666615024412
DEAP:S23:T15,DEAP:S23,T15,1,7.0,2,1,2,5,exposed,baseline_relative_context,train,10.0,0.009256211565034422,0.9907437884349656
DEAP:S23:T16,DEAP:S23,T16,1,5.15,2,1,2,5,exposed,baseline_relative_context,train,10.0,9.371309839245612e-09,0.9999999906286902
DEAP:S23:T19,DEAP:S23,T19,1,8.15,2,1,2,5,exposed,baseline_relative_context,train,10.0,0.0061006806305021755,0.9938993193694978
DEAP:S23:T20,DEAP:S23,T20,0,3.96,2,1,2,5,exposed,baseline_relative_context,train,10.0,0.6804780269805233,0.31952197301947677
DEAP:S23:T21,DEAP:S23,T21,0,1.91,2,1,2,5,exposed,baseline_relative_context,train,10.0,0.9986102913689812,0.0013897086310187918
DEAP:S23:T23,DEAP:S23,T23,0,4.17,2,1,2,5,exposed,baseline_relative_context,train,10.0,0.998233034137959,0.0017669658620409554
DEAP:S23:T26,DEAP:S23,T26,1,8.27,2,1,2,5,exposed,baseline_relative_context,train,10.0,0.20247844729025188,0.7975215527097481
DEAP:S23:T27,DEAP:S23,T27,1,5.06,2,1,2,5,exposed,baseline_relative_context,train,10.0,1.8727633444015623e-07,0.9999998127236656
DEAP:S23:T28,DEAP:S23,T28,1,5.04,2,1,2,5,exposed,baseline_relative_context,train,10.0,0.053125870440274725,0.9468741295597253
DEAP:S23:T30,DEAP:S23,T30,0,3.88,2,1,2,5,exposed,baseline_relative_context,train,10.0,0.9972382455502851,0.002761754449714959
DEAP:S23:T33,DEAP:S23,T33,1,5.04,2,1,2,5,exposed,baseline_relative_context,train,10.0,0.3537328238613643,0.6462671761386357
DEAP:S23:T38,DEAP:S23,T38,0,4.97,2,1,2,5,exposed,baseline_relative_context,train,10.0,0.9234303648139857,0.07656963518601435
DEAP:S25:T02,DEAP:S25,T02,0,2.99,2,1,2,5,exposed,baseline_relative_context,train,10.0,0.6830063182769602,0.31699368172303977
DEAP:S25:T13,DEAP:S25,T13,1,7.97,2,1,2,5,exposed,baseline_relative_context,train,10.0,0.5070195499082537,0.49298045009174635
DEAP:S25:T15,DEAP:S25,T15,1,7.01,2,1,2,5,exposed,baseline_relative_context,train,10.0,0.02399657301415281,0.9760034269858472
DEAP:S25:T16,DEAP:S25,T16,1,6.05,2,1,2,5,exposed,baseline_relative_context,train,10.0,0.0401763515602348,0.9598236484397652
DEAP:S25:T19,DEAP:S25,T19,1,7.06,2,1,2,5,exposed,baseline_relative_context,train,10.0,0.36167559137352545,0.6383244086264745
DEAP:S25:T21,DEAP:S25,T21,1,6.03,2,1,2,5,exposed,baseline_relative_context,train,10.0,0.46003978925467315,0.5399602107453269
DEAP:S25:T23,DEAP:S25,T23,0,2.01,2,1,2,5,exposed,baseline_relative_context,train,10.0,0.9747111225985395,0.025288877401460474
DEAP:S25:T26,DEAP:S25,T26,0,4.99,2,1,2,5,exposed,baseline_relative_context,train,10.0,0.9984771909117723,0.0015228090882277053
DEAP:S25:T30,DEAP:S25,T30,0,4.03,2,1,2,5,exposed,baseline_relative_context,train,10.0,0.9999594733003004,4.052669969951554e-05
DEAP:S25:T33,DEAP:S25,T33,0,1.94,2,1,2,5,exposed,baseline_relative_context,train,10.0,0.9057191499355833,0.09428085006441668
DEAP:S25:T38,DEAP:S25,T38,0,1.0,2,1,2,5,exposed,baseline_relative_context,train,10.0,0.9957275985111862,0.0042724014888137875
DEAP:S25:T39,DEAP:S25,T39,0,1.0,2,1,2,5,exposed,baseline_relative_context,train,10.0,0.8273485200829562,0.17265147991704374
DEAP:S27:T02,DEAP:S27,T02,1,7.0,2,1,2,5,exposed,baseline_relative_context,train,10.0,0.3444637864524538,0.6555362135475462
DEAP:S27:T13,DEAP:S27,T13,1,7.01,2,1,2,5,exposed,baseline_relative_context,train,10.0,0.04199131358557595,0.958008686414424
DEAP:S27:T14,DEAP:S27,T14,1,8.06,2,1,2,5,exposed,baseline_relative_context,train,10.0,0.00023612731110433938,0.9997638726888957
DEAP:S27:T15,DEAP:S27,T15,1,5.04,2,1,2,5,exposed,baseline_relative_context,train,10.0,0.002812158806859255,0.9971878411931407
DEAP:S27:T16,DEAP:S27,T16,1,8.06,2,1,2,5,exposed,baseline_relative_context,train,10.0,0.027989829103247432,0.9720101708967526
DEAP:S27:T19,DEAP:S27,T19,1,5.06,2,1,2,5,exposed,baseline_relative_context,train,10.0,3.7439425143448446e-06,0.9999962560574857
DEAP:S27:T20,DEAP:S27,T20,1,6.97,2,1,2,5,exposed,baseline_relative_context,train,10.0,0.0005113577091830912,0.9994886422908169
DEAP:S27:T21,DEAP:S27,T21,1,9.0,2,1,2,5,exposed,baseline_relative_context,train,10.0,0.00837195141410807,0.9916280485858919
DEAP:S27:T23,DEAP:S27,T23,1,8.0,2,1,2,5,exposed,baseline_relative_context,train,10.0,0.2709880992846271,0.7290119007153729
DEAP:S27:T26,DEAP:S27,T26,1,5.04,2,1,2,5,exposed,baseline_relative_context,train,10.0,0.4842769884178061,0.5157230115821939
DEAP:S27:T27,DEAP:S27,T27,0,4.97,2,1,2,5,exposed,baseline_relative_context,train,10.0,0.47675698856840765,0.5232430114315924
DEAP:S27:T28,DEAP:S27,T28,1,5.04,2,1,2,5,exposed,baseline_relative_context,train,10.0,0.050630103648376945,0.949369896351623
DEAP:S27:T30,DEAP:S27,T30,1,7.08,2,1,2,5,exposed,baseline_relative_context,train,10.0,0.9667925410041587,0.03320745899584134
DEAP:S27:T33,DEAP:S27,T33,1,5.04,2,1,2,5,exposed,baseline_relative_context,train,10.0,0.314790954327935,0.685209045672065
DEAP:S27:T39,DEAP:S27,T39,0,2.14,2,1,2,5,exposed,baseline_relative_context,train,10.0,0.8184712083983406,0.18152879160165936
DEAP:S28:T02,DEAP:S28,T02,1,7.99,2,1,2,5,exposed,baseline_relative_context,train,10.0,0.004961774671928043,0.995038225328072
DEAP:S28:T13,DEAP:S28,T13,0,2.09,2,1,2,5,exposed,baseline_relative_context,train,10.0,0.8177855653080863,0.1822144346919137
DEAP:S28:T14,DEAP:S28,T14,1,8.03,2,1,2,5,exposed,baseline_relative_context,train,10.0,4.66660421105658e-06,0.9999953333957889
DEAP:S28:T15,DEAP:S28,T15,1,5.04,2,1,2,5,exposed,baseline_relative_context,train,10.0,0.001025367703817559,0.9989746322961824
DEAP:S28:T16,DEAP:S28,T16,1,6.91,2,1,2,5,exposed,baseline_relative_context,train,10.0,0.6717370134933409,0.328262986506659
DEAP:S28:T19,DEAP:S28,T19,1,7.03,2,1,2,5,exposed,baseline_relative_context,train,10.0,0.0020126837403691145,0.9979873162596309
DEAP:S28:T20,DEAP:S28,T20,1,8.04,2,1,2,5,exposed,baseline_relative_context,train,10.0,0.0014705210704688554,0.9985294789295311
DEAP:S28:T21,DEAP:S28,T21,0,2.01,2,1,2,5,exposed,baseline_relative_context,train,10.0,0.7428428503756733,0.2571571496243267
DEAP:S28:T23,DEAP:S28,T23,0,2.03,2,1,2,5,exposed,baseline_relative_context,train,10.0,0.9996834008909322,0.000316599109067733
DEAP:S28:T26,DEAP:S28,T26,0,1.99,2,1,2,5,exposed,baseline_relative_context,train,10.0,0.9971838932330321,0.0028161067669678756
DEAP:S28:T27,DEAP:S28,T27,1,6.08,2,1,2,5,exposed,baseline_relative_context,train,10.0,0.32343574810648,0.67656425189352
DEAP:S28:T28,DEAP:S28,T28,0,2.9,2,1,2,5,exposed,baseline_relative_context,train,10.0,0.5165660282247351,0.483433971775265
DEAP:S28:T30,DEAP:S28,T30,0,1.99,2,1,2,5,exposed,baseline_relative_context,train,10.0,0.8620905890180827,0.1379094109819173
DEAP:S28:T33,DEAP:S28,T33,1,7.01,2,1,2,5,exposed,baseline_relative_context,train,10.0,0.8229119975181359,0.17708800248186407
DEAP:S28:T38,DEAP:S28,T38,0,1.96,2,1,2,5,exposed,baseline_relative_context,train,10.0,0.9999559613493575,4.403865064247443e-05
DEAP:S28:T39,DEAP:S28,T39,0,1.04,2,1,2,5,exposed,baseline_relative_context,train,10.0,0.7272509510674401,0.2727490489325599
DEAP:S30:T02,DEAP:S30,T02,1,7.15,2,1,2,5,exposed,baseline_relative_context,train,10.0,2.7945187119904347e-05,0.9999720548128801
DEAP:S30:T13,DEAP:S30,T13,0,4.04,2,1,2,5,exposed,baseline_relative_context,train,10.0,0.8340675734351848,0.16593242656481516
DEAP:S30:T14,DEAP:S30,T14,1,5.04,2,1,2,5,exposed,baseline_relative_context,train,10.0,0.001650708360345532,0.9983492916396545
DEAP:S30:T15,DEAP:S30,T15,1,5.01,2,1,2,5,exposed,baseline_relative_context,train,10.0,0.020811186776282686,0.9791888132237173
DEAP:S30:T16,DEAP:S30,T16,1,5.04,2,1,2,5,exposed,baseline_relative_context,train,10.0,0.1345947376587806,0.8654052623412194
DEAP:S30:T19,DEAP:S30,T19,1,8.27,2,1,2,5,exposed,baseline_relative_context,train,10.0,0.23644667882949977,0.7635533211705002
DEAP:S30:T20,DEAP:S30,T20,1,7.26,2,1,2,5,exposed,baseline_relative_context,train,10.0,8.427399956767445e-07,0.9999991572600043
DEAP:S30:T21,DEAP:S30,T21,0,3.05,2,1,2,5,exposed,baseline_relative_context,train,10.0,0.6893032210538651,0.3106967789461349
DEAP:S30:T23,DEAP:S30,T23,0,3.0,2,1,2,5,exposed,baseline_relative_context,train,10.0,0.8628204237775761,0.137179576222424
DEAP:S30:T26,DEAP:S30,T26,1,5.01,2,1,2,5,exposed,baseline_relative_context,train,10.0,0.00940620342507359,0.9905937965749264
DEAP:S30:T27,DEAP:S30,T27,1,8.01,2,1,2,5,exposed,baseline_relative_context,train,10.0,0.0012528326896781294,0.9987471673103219
DEAP:S30:T28,DEAP:S30,T28,1,5.06,2,1,2,5,exposed,baseline_relative_context,train,10.0,0.0330388880904976,0.9669611119095024
DEAP:S30:T30,DEAP:S30,T30,0,4.04,2,1,2,5,exposed,baseline_relative_context,train,10.0,0.9212989366694337,0.07870106333056623
DEAP:S30:T33,DEAP:S30,T33,0,3.91,2,1,2,5,exposed,baseline_relative_context,train,10.0,0.8653642632665949,0.13463573673340515
DEAP:S30:T38,DEAP:S30,T38,1,5.04,2,1,2,5,exposed,baseline_relative_context,train,10.0,0.6785085766603647,0.3214914233396353
DEAP:S30:T39,DEAP:S30,T39,0,2.97,2,1,2,5,exposed,baseline_relative_context,train,10.0,0.9573412831624623,0.04265871683753776
DEAP:S31:T02,DEAP:S31,T02,1,5.03,2,1,2,5,exposed,baseline_relative_context,train,10.0,4.1601860159112825e-05,0.9999583981398409
DEAP:S31:T13,DEAP:S31,T13,1,8.09,2,1,2,5,exposed,baseline_relative_context,train,10.0,0.010597299397117843,0.9894027006028822
DEAP:S31:T14,DEAP:S31,T14,1,8.06,2,1,2,5,exposed,baseline_relative_context,train,10.0,0.013713656738459923,0.9862863432615401
DEAP:S31:T15,DEAP:S31,T15,1,6.05,2,1,2,5,exposed,baseline_relative_context,train,10.0,0.1633079353156719,0.8366920646843281
DEAP:S31:T16,DEAP:S31,T16,1,6.09,2,1,2,5,exposed,baseline_relative_context,train,10.0,0.1014795450753131,0.8985204549246869
DEAP:S31:T19,DEAP:S31,T19,1,7.95,2,1,2,5,exposed,baseline_relative_context,train,10.0,0.0009934646533825697,0.9990065353466174
DEAP:S31:T20,DEAP:S31,T20,1,6.9,2,1,2,5,exposed,baseline_relative_context,train,10.0,7.246432473306808e-05,0.9999275356752669
DEAP:S31:T21,DEAP:S31,T21,1,5.09,2,1,2,5,exposed,baseline_relative_context,train,10.0,0.7053060578474534,0.29469394215254663
DEAP:S31:T23,DEAP:S31,T23,0,1.0,2,1,2,5,exposed,baseline_relative_context,train,10.0,0.977744148486959,0.022255851513041002
DEAP:S31:T26,DEAP:S31,T26,1,7.08,2,1,2,5,exposed,baseline_relative_context,train,10.0,0.00029302090787119983,0.9997069790921288
DEAP:S31:T28,DEAP:S31,T28,1,5.01,2,1,2,5,exposed,baseline_relative_context,train,10.0,0.04190129716164048,0.9580987028383595
DEAP:S31:T30,DEAP:S31,T30,0,3.13,2,1,2,5,exposed,baseline_relative_context,train,10.0,0.8833983596683274,0.1166016403316726
DEAP:S31:T33,DEAP:S31,T33,0,4.18,2,1,2,5,exposed,baseline_relative_context,train,10.0,0.9072403236296949,0.09275967637030515
DEAP:S31:T38,DEAP:S31,T38,0,1.0,2,1,2,5,exposed,baseline_relative_context,train,10.0,0.8879750844089485,0.1120249155910516
DEAP:S31:T39,DEAP:S31,T39,0,1.0,2,1,2,5,exposed,baseline_relative_context,train,10.0,0.9999188749365939,8.112506340604854e-05
DEAP:S32:T02,DEAP:S32,T02,0,4.99,2,1,2,5,exposed,baseline_relative_context,train,10.0,0.79650587520155,0.20349412479844994
DEAP:S32:T13,DEAP:S32,T13,1,7.09,2,1,2,5,exposed,baseline_relative_context,train,10.0,0.06979009780686596,0.930209902193134
DEAP:S32:T14,DEAP:S32,T14,1,7.1,2,1,2,5,exposed,baseline_relative_context,train,10.0,0.01246541836551096,0.987534581634489
DEAP:S32:T15,DEAP:S32,T15,1,5.01,2,1,2,5,exposed,baseline_relative_context,train,10.0,0.6983146564144194,0.3016853435855806
DEAP:S32:T16,DEAP:S32,T16,0,3.97,2,1,2,5,exposed,baseline_relative_context,train,10.0,0.8666967985977911,0.13330320140220886
DEAP:S32:T20,DEAP:S32,T20,1,6.03,2,1,2,5,exposed,baseline_relative_context,train,10.0,0.00291500232381503,0.997084997676185
DEAP:S32:T21,DEAP:S32,T21,0,4.12,2,1,2,5,exposed,baseline_relative_context,train,10.0,0.9999939216244956,6.078375504363328e-06
DEAP:S32:T23,DEAP:S32,T23,0,3.01,2,1,2,5,exposed,baseline_relative_context,train,10.0,0.9867842676365374,0.013215732363462665
DEAP:S32:T26,DEAP:S32,T26,1,5.14,2,1,2,5,exposed,baseline_relative_context,train,10.0,0.7167478489431913,0.28325215105680873
DEAP:S32:T27,DEAP:S32,T27,1,6.0,2,1,2,5,exposed,baseline_relative_context,train,10.0,0.10242871357622307,0.8975712864237769
DEAP:S32:T28,DEAP:S32,T28,1,6.03,2,1,2,5,exposed,baseline_relative_context,train,10.0,0.004685119195198428,0.9953148808048016
DEAP:S32:T30,DEAP:S32,T30,0,1.0,2,1,2,5,exposed,baseline_relative_context,train,10.0,0.9600653196779753,0.03993468032202472
DEAP:S32:T33,DEAP:S32,T33,0,4.06,2,1,2,5,exposed,baseline_relative_context,train,10.0,0.9985502259090524,0.0014497740909476286
DEAP:S32:T38,DEAP:S32,T38,0,3.05,2,1,2,5,exposed,baseline_relative_context,train,10.0,0.9715722968016671,0.028427703198332863
DEAP:S32:T39,DEAP:S32,T39,0,3.99,2,1,2,5,exposed,baseline_relative_context,train,10.0,0.9916828147841877,0.008317185215812246
DEAP:S04:T06,DEAP:S04,T06,1,5.01,2,1,2,5,exposed,baseline_relative_context,validation_unseen,10.0,0.001954572060019366,0.9980454279399806
DEAP:S04:T07,DEAP:S04,T07,0,2.94,2,1,2,5,exposed,baseline_relative_context,validation_unseen,10.0,0.999988364801567,1.1635198432904864e-05
DEAP:S04:T09,DEAP:S04,T09,1,6.05,2,1,2,5,exposed,baseline_relative_context,validation_unseen,10.0,0.9927046168617208,0.0072953831382791216
DEAP:S04:T17,DEAP:S04,T17,1,7.01,2,1,2,5,exposed,baseline_relative_context,validation_unseen,10.0,0.9975296565836103,0.0024703434163897363
DEAP:S04:T35,DEAP:S04,T35,0,2.03,2,1,2,5,exposed,baseline_relative_context,validation_unseen,10.0,0.0011061799601085331,0.9988938200398915
DEAP:S04:T36,DEAP:S04,T36,0,2.72,2,1,2,5,exposed,baseline_relative_context,validation_unseen,10.0,0.9998555703226655,0.0001444296773345641
DEAP:S04:T37,DEAP:S04,T37,0,1.0,2,1,2,5,exposed,baseline_relative_context,validation_unseen,10.0,0.22216934242071207,0.7778306575792879
DEAP:S04:T40,DEAP:S04,T40,0,1.86,2,1,2,5,exposed,baseline_relative_context,validation_unseen,10.0,0.0005026872188671483,0.9994973127811329
DEAP:S07:T06,DEAP:S07,T06,1,6.97,2,1,2,5,exposed,baseline_relative_context,validation_unseen,10.0,0.041021221086481874,0.9589787789135181
DEAP:S07:T07,DEAP:S07,T07,1,7.08,2,1,2,5,exposed,baseline_relative_context,validation_unseen,10.0,0.9689557616313105,0.03104423836868952
DEAP:S07:T09,DEAP:S07,T09,1,6.99,2,1,2,5,exposed,baseline_relative_context,validation_unseen,10.0,0.9998988569116004,0.0001011430883995928
DEAP:S07:T17,DEAP:S07,T17,1,7.12,2,1,2,5,exposed,baseline_relative_context,validation_unseen,10.0,0.06906750409380691,0.9309324959061931
DEAP:S07:T35,DEAP:S07,T35,1,5.01,2,1,2,5,exposed,baseline_relative_context,validation_unseen,10.0,0.8700818935200201,0.12991810647997992
DEAP:S07:T36,DEAP:S07,T36,1,8.1,2,1,2,5,exposed,baseline_relative_context,validation_unseen,10.0,0.04882270919976428,0.9511772908002357
DEAP:S07:T37,DEAP:S07,T37,1,5.05,2,1,2,5,exposed,baseline_relative_context,validation_unseen,10.0,0.9797211249594059,0.020278875040594165
DEAP:S07:T40,DEAP:S07,T40,1,7.01,2,1,2,5,exposed,baseline_relative_context,validation_unseen,10.0,0.7662812358009301,0.23371876419906992
DEAP:S24:T06,DEAP:S24,T06,1,5.96,2,1,2,5,exposed,baseline_relative_context,validation_unseen,10.0,0.9988029378402228,0.0011970621597771854
DEAP:S24:T07,DEAP:S24,T07,0,3.04,2,1,2,5,exposed,baseline_relative_context,validation_unseen,10.0,0.9999035244815677,9.647551843224248e-05
DEAP:S24:T09,DEAP:S24,T09,1,7.08,2,1,2,5,exposed,baseline_relative_context,validation_unseen,10.0,0.9999990759069582,9.240930417991947e-07
DEAP:S24:T17,DEAP:S24,T17,0,4.08,2,1,2,5,exposed,baseline_relative_context,validation_unseen,10.0,0.9853040066853876,0.01469599331461232
DEAP:S24:T35,DEAP:S24,T35,0,4.05,2,1,2,5,exposed,baseline_relative_context,validation_unseen,10.0,0.9991563644973653,0.0008436355026346874
DEAP:S24:T36,DEAP:S24,T36,0,4.0,2,1,2,5,exposed,baseline_relative_context,validation_unseen,10.0,0.004816683765123453,0.9951833162348765
DEAP:S24:T37,DEAP:S24,T37,0,4.0,2,1,2,5,exposed,baseline_relative_context,validation_unseen,10.0,0.9996236741401857,0.000376325859814313
DEAP:S29:T06,DEAP:S29,T06,1,8.03,2,1,2,5,exposed,baseline_relative_context,validation_unseen,10.0,0.0003954117484642472,0.9996045882515358
DEAP:S29:T07,DEAP:S29,T07,1,7.04,2,1,2,5,exposed,baseline_relative_context,validation_unseen,10.0,0.00019330938357897676,0.999806690616421
DEAP:S29:T09,DEAP:S29,T09,1,7.06,2,1,2,5,exposed,baseline_relative_context,validation_unseen,10.0,0.48631223331655316,0.5136877666834468
DEAP:S29:T17,DEAP:S29,T17,1,5.08,2,1,2,5,exposed,baseline_relative_context,validation_unseen,10.0,0.00014385263887750632,0.9998561473611225
DEAP:S29:T35,DEAP:S29,T35,0,1.92,2,1,2,5,exposed,baseline_relative_context,validation_unseen,10.0,0.1552912794325736,0.8447087205674264
DEAP:S29:T36,DEAP:S29,T36,1,5.03,2,1,2,5,exposed,baseline_relative_context,validation_unseen,10.0,0.6924300840242699,0.3075699159757301
DEAP:S29:T37,DEAP:S29,T37,1,5.01,2,1,2,5,exposed,baseline_relative_context,validation_unseen,10.0,0.0030790265486372315,0.9969209734513628
DEAP:S29:T40,DEAP:S29,T40,1,6.01,2,1,2,5,exposed,baseline_relative_context,validation_unseen,10.0,9.21963914390922e-05,0.9999078036085609
DEAP:S04:T02,DEAP:S04,T02,0,4.06,2,1,2,5,exposed,baseline_relative_context,validation_familiar,10.0,0.0012597822780878731,0.9987402177219121
DEAP:S04:T13,DEAP:S04,T13,0,4.12,2,1,2,5,exposed,baseline_relative_context,validation_familiar,10.0,0.7263098907489853,0.2736901092510147
DEAP:S04:T14,DEAP:S04,T14,1,6.96,2,1,2,5,exposed,baseline_relative_context,validation_familiar,10.0,0.009428856919419526,0.9905711430805805
DEAP:S04:T15,DEAP:S04,T15,1,6.96,2,1,2,5,exposed,baseline_relative_context,validation_familiar,10.0,5.8101944211630396e-05,0.9999418980557884
DEAP:S04:T16,DEAP:S04,T16,0,2.51,2,1,2,5,exposed,baseline_relative_context,validation_familiar,10.0,0.023692481995368775,0.9763075180046312
DEAP:S04:T19,DEAP:S04,T19,1,7.09,2,1,2,5,exposed,baseline_relative_context,validation_familiar,10.0,0.5838815330749703,0.41611846692502974
DEAP:S04:T20,DEAP:S04,T20,1,8.17,2,1,2,5,exposed,baseline_relative_context,validation_familiar,10.0,0.28901787008899105,0.710982129911009
DEAP:S04:T21,DEAP:S04,T21,0,1.77,2,1,2,5,exposed,baseline_relative_context,validation_familiar,10.0,0.47589549742306403,0.524104502576936
DEAP:S04:T23,DEAP:S04,T23,0,1.86,2,1,2,5,exposed,baseline_relative_context,validation_familiar,10.0,0.707415232108412,0.29258476789158805
DEAP:S04:T26,DEAP:S04,T26,1,6.0,2,1,2,5,exposed,baseline_relative_context,validation_familiar,10.0,0.8522432790250466,0.1477567209749534
DEAP:S04:T27,DEAP:S04,T27,1,6.14,2,1,2,5,exposed,baseline_relative_context,validation_familiar,10.0,0.22952602313865555,0.7704739768613444
DEAP:S04:T28,DEAP:S04,T28,0,2.17,2,1,2,5,exposed,baseline_relative_context,validation_familiar,10.0,0.999999935415483,6.458451698350681e-08
DEAP:S04:T30,DEAP:S04,T30,0,3.1,2,1,2,5,exposed,baseline_relative_context,validation_familiar,10.0,0.033285020103726914,0.9667149798962731
DEAP:S04:T33,DEAP:S04,T33,0,1.0,2,1,2,5,exposed,baseline_relative_context,validation_familiar,10.0,0.9911282565487974,0.008871743451202537
DEAP:S04:T38,DEAP:S04,T38,0,1.79,2,1,2,5,exposed,baseline_relative_context,validation_familiar,10.0,0.7916651507543868,0.2083348492456132
DEAP:S04:T39,DEAP:S04,T39,0,1.92,2,1,2,5,exposed,baseline_relative_context,validation_familiar,10.0,0.023249792244601664,0.9767502077553983
DEAP:S07:T02,DEAP:S07,T02,1,7.15,2,1,2,5,exposed,baseline_relative_context,validation_familiar,10.0,2.1237906092652636e-06,0.9999978762093907
DEAP:S07:T13,DEAP:S07,T13,1,8.0,2,1,2,5,exposed,baseline_relative_context,validation_familiar,10.0,0.9795195467614572,0.020480453238542768
DEAP:S07:T14,DEAP:S07,T14,1,7.09,2,1,2,5,exposed,baseline_relative_context,validation_familiar,10.0,0.8908142725696842,0.10918572743031586
DEAP:S07:T15,DEAP:S07,T15,1,7.99,2,1,2,5,exposed,baseline_relative_context,validation_familiar,10.0,0.08786056226789185,0.9121394377321081
DEAP:S07:T16,DEAP:S07,T16,0,3.03,2,1,2,5,exposed,baseline_relative_context,validation_familiar,10.0,0.10627860102414366,0.8937213989758563
DEAP:S07:T19,DEAP:S07,T19,1,6.99,2,1,2,5,exposed,baseline_relative_context,validation_familiar,10.0,0.9987183432416258,0.001281656758374227
DEAP:S07:T20,DEAP:S07,T20,1,8.06,2,1,2,5,exposed,baseline_relative_context,validation_familiar,10.0,0.9356145977361732,0.06438540226382687
DEAP:S07:T21,DEAP:S07,T21,0,3.12,2,1,2,5,exposed,baseline_relative_context,validation_familiar,10.0,0.9416303096334138,0.05836969036658627
DEAP:S07:T23,DEAP:S07,T23,0,3.01,2,1,2,5,exposed,baseline_relative_context,validation_familiar,10.0,0.9003576423751862,0.09964235762481381
DEAP:S07:T26,DEAP:S07,T26,0,2.0,2,1,2,5,exposed,baseline_relative_context,validation_familiar,10.0,0.01735739703337147,0.9826426029666285
DEAP:S07:T27,DEAP:S07,T27,1,6.09,2,1,2,5,exposed,baseline_relative_context,validation_familiar,10.0,0.07870416847398576,0.9212958315260142
DEAP:S07:T28,DEAP:S07,T28,0,2.05,2,1,2,5,exposed,baseline_relative_context,validation_familiar,10.0,0.8017106689378743,0.19828933106212568
DEAP:S07:T30,DEAP:S07,T30,0,3.09,2,1,2,5,exposed,baseline_relative_context,validation_familiar,10.0,0.8954306474668338,0.10456935253316621
DEAP:S07:T33,DEAP:S07,T33,0,4.97,2,1,2,5,exposed,baseline_relative_context,validation_familiar,10.0,0.00040159843086651215,0.9995984015691335
DEAP:S07:T38,DEAP:S07,T38,1,5.03,2,1,2,5,exposed,baseline_relative_context,validation_familiar,10.0,0.9992899131121397,0.0007100868878603588
DEAP:S07:T39,DEAP:S07,T39,1,7.01,2,1,2,5,exposed,baseline_relative_context,validation_familiar,10.0,0.5487048955683231,0.4512951044316768
DEAP:S24:T02,DEAP:S24,T02,1,6.04,2,1,2,5,exposed,baseline_relative_context,validation_familiar,10.0,0.25456279157526995,0.74543720842473
DEAP:S24:T13,DEAP:S24,T13,1,8.0,2,1,2,5,exposed,baseline_relative_context,validation_familiar,10.0,0.15113364856203781,0.8488663514379622
DEAP:S24:T14,DEAP:S24,T14,1,8.05,2,1,2,5,exposed,baseline_relative_context,validation_familiar,10.0,0.0010334006009961039,0.9989665993990039
DEAP:S24:T15,DEAP:S24,T15,1,6.0,2,1,2,5,exposed,baseline_relative_context,validation_familiar,10.0,0.9496566831654195,0.05034331683458052
DEAP:S24:T16,DEAP:S24,T16,0,4.0,2,1,2,5,exposed,baseline_relative_context,validation_familiar,10.0,0.6299936083325648,0.37000639166743526
DEAP:S24:T19,DEAP:S24,T19,1,7.03,2,1,2,5,exposed,baseline_relative_context,validation_familiar,10.0,0.9999123418749569,8.765812504306882e-05
DEAP:S24:T20,DEAP:S24,T20,0,4.03,2,1,2,5,exposed,baseline_relative_context,validation_familiar,10.0,0.8402322053238099,0.15976779467619004
DEAP:S24:T21,DEAP:S24,T21,0,1.96,2,1,2,5,exposed,baseline_relative_context,validation_familiar,10.0,0.9999939419646567,6.058035343312616e-06
DEAP:S24:T23,DEAP:S24,T23,0,1.0,2,1,2,5,exposed,baseline_relative_context,validation_familiar,10.0,0.9072406294431433,0.09275937055685667
DEAP:S24:T26,DEAP:S24,T26,0,4.05,2,1,2,5,exposed,baseline_relative_context,validation_familiar,10.0,0.9999894131369327,1.0586863067265382e-05
DEAP:S24:T27,DEAP:S24,T27,1,6.08,2,1,2,5,exposed,baseline_relative_context,validation_familiar,10.0,0.9996452097485773,0.0003547902514227224
DEAP:S24:T28,DEAP:S24,T28,0,4.03,2,1,2,5,exposed,baseline_relative_context,validation_familiar,10.0,0.6997858270107892,0.3002141729892108
DEAP:S24:T30,DEAP:S24,T30,0,1.0,2,1,2,5,exposed,baseline_relative_context,validation_familiar,10.0,0.2290625934086319,0.7709374065913681
DEAP:S24:T33,DEAP:S24,T33,1,5.01,2,1,2,5,exposed,baseline_relative_context,validation_familiar,10.0,0.6106104863090758,0.38938951369092417
DEAP:S24:T38,DEAP:S24,T38,0,2.03,2,1,2,5,exposed,baseline_relative_context,validation_familiar,10.0,0.3857059785962863,0.6142940214037137
DEAP:S24:T39,DEAP:S24,T39,0,2.12,2,1,2,5,exposed,baseline_relative_context,validation_familiar,10.0,0.8462650757090053,0.1537349242909947
DEAP:S29:T02,DEAP:S29,T02,1,7.05,2,1,2,5,exposed,baseline_relative_context,validation_familiar,10.0,0.0010446588957232494,0.9989553411042768
DEAP:S29:T13,DEAP:S29,T13,1,6.06,2,1,2,5,exposed,baseline_relative_context,validation_familiar,10.0,0.44247382940159885,0.5575261705984011
DEAP:S29:T14,DEAP:S29,T14,1,8.06,2,1,2,5,exposed,baseline_relative_context,validation_familiar,10.0,0.0009386026942684866,0.9990613973057315
DEAP:S29:T15,DEAP:S29,T15,0,4.01,2,1,2,5,exposed,baseline_relative_context,validation_familiar,10.0,0.8574078288744439,0.14259217112555608
DEAP:S29:T16,DEAP:S29,T16,0,3.0,2,1,2,5,exposed,baseline_relative_context,validation_familiar,10.0,0.02506493682648392,0.9749350631735161
DEAP:S29:T19,DEAP:S29,T19,1,7.05,2,1,2,5,exposed,baseline_relative_context,validation_familiar,10.0,7.24818297437313e-06,0.9999927518170256
DEAP:S29:T20,DEAP:S29,T20,1,8.03,2,1,2,5,exposed,baseline_relative_context,validation_familiar,10.0,0.6648333473215654,0.3351666526784346
DEAP:S29:T21,DEAP:S29,T21,0,2.92,2,1,2,5,exposed,baseline_relative_context,validation_familiar,10.0,0.9654734908117306,0.03452650918826934
DEAP:S29:T23,DEAP:S29,T23,0,2.05,2,1,2,5,exposed,baseline_relative_context,validation_familiar,10.0,0.1939364425423582,0.8060635574576418
DEAP:S29:T26,DEAP:S29,T26,0,3.0,2,1,2,5,exposed,baseline_relative_context,validation_familiar,10.0,0.10802982017016993,0.8919701798298301
DEAP:S29:T27,DEAP:S29,T27,1,7.09,2,1,2,5,exposed,baseline_relative_context,validation_familiar,10.0,0.04419550748851775,0.9558044925114823
DEAP:S29:T28,DEAP:S29,T28,0,1.04,2,1,2,5,exposed,baseline_relative_context,validation_familiar,10.0,0.012919455586145268,0.9870805444138547
DEAP:S29:T30,DEAP:S29,T30,0,2.95,2,1,2,5,exposed,baseline_relative_context,validation_familiar,10.0,0.02659413418707235,0.9734058658129277
DEAP:S29:T33,DEAP:S29,T33,0,1.99,2,1,2,5,exposed,baseline_relative_context,validation_familiar,10.0,7.421792608597322e-06,0.9999925782073914
DEAP:S29:T38,DEAP:S29,T38,0,1.88,2,1,2,5,exposed,baseline_relative_context,validation_familiar,10.0,0.9935177171791317,0.0064822828208682985
DEAP:S29:T39,DEAP:S29,T39,1,6.05,2,1,2,5,exposed,baseline_relative_context,validation_familiar,10.0,0.061269113759682914,0.9387308862403171
