{
    "checkpoint": "outputs\\cbsatt\\checkpoints\\checkpoint_epoch_30.pth",
    "epoch": 29,
    "best_val_acc": "unknown",
    "test_samples": 6567,
    "overall_metrics": {
        "accuracy": 0.9622354195218517,
        "precision_macro": 0.9624490603693855,
        "recall_macro": 0.9620165238132722,
        "f1_macro": 0.9621894415273329,
        "precision_weighted": 0.962304285436075,
        "recall_weighted": 0.9622354195218517,
        "f1_weighted": 0.9622265853220315
    },
    "per_class_metrics": {
        "precision": [
            0.9573099415204679,
            0.9675881792183031
        ],
        "recall": [
            0.9697867298578199,
            0.9542463177687245
        ],
        "f1_score": [
            0.9635079458505003,
            0.9608709372041654
        ]
    },
    "confidence_stats": {
        "mean_confidence": 0.9777824878692627,
        "mean_correct_confidence": 0.9851800799369812,
        "mean_incorrect_confidence": 0.7892922163009644,
        "std_confidence": 0.07698898017406464
    },
    "confusion_matrix": [
        [
            3274,
            102
        ],
        [
            146,
            3045
        ]
    ]
}