{
    "train": {
        "loss": [
            0.5897348038775087,
            0.4856574071058329,
            0.4077276626050349,
            0.3696241173237624,
            0.33696017988936255,
            0.3280202548171916,
            0.30466085930757886,
            0.2894800342773675,
            0.2771394874160149,
            0.25503499153808656,
            0.2500504088003813,
            0.2312409965240437,
            0.21882152711629374,
            0.21236430374253734,
            0.1929370238528612,
            0.18149163942652954,
            0.17922174014675568,
            0.1651642229099513,
            0.15442011832388786,
            0.14347538984077934,
            0.13278354712864132,
            0.12171965367382481,
            0.11341761008259796,
            0.10754033738812797,
            0.09550135677360291,
            0.09080137595472622,
            0.08641321866871407,
            0.0854774890641063,
            0.07903780468872615,
            0.07784328101141143
        ],
        "accuracy": [
            68.2971835545484,
            76.32890903204921,
            81.42440919391389,
            83.32146325671738,
            85.11816121722241,
            85.60699255422468,
            86.85982518614438,
            87.31952088054386,
            88.03820006474587,
            88.81191324053091,
            89.35254127549369,
            90.23308514082227,
            90.68306895435416,
            90.85788280997086,
            91.86791842020071,
            92.24344448041437,
            92.51861443832955,
            92.90708967303334,
            93.43800582712852,
            94.15344771770799,
            94.31531239883458,
            94.85917772741988,
            95.19585626416315,
            95.39980576238264,
            95.94690838459049,
            96.14438329556491,
            96.40336678536744,
            96.29977338944643,
            96.65911298154742,
            96.69472321139527
        ]
    },
    "val": {
        "loss": [
            0.681492194029444,
            0.41215059780268276,
            0.415763592734429,
            0.3563795972993408,
            0.3314062833857997,
            0.2999305724377793,
            0.25618204533837846,
            0.2426413443065496,
            0.26123922622362195,
            0.46569692123915263,
            0.2775452794408165,
            0.21892174722059912,
            0.21146106629088018,
            0.20411516641883026,
            0.17947210547860692,
            0.1901074267320947,
            0.1653059071316811,
            0.13498994261746244,
            0.146855177992172,
            0.16091148043726233,
            0.12861608660100524,
            0.13995042542931466,
            0.11311944323571642,
            0.11816862919131645,
            0.11915071860685773,
            0.10710325046298476,
            0.10814241138241897,
            0.1068891312961876,
            0.14405459348459762,
            0.10713811619007614
        ],
        "accuracy": [
            67.97099259706904,
            79.92143828372866,
            83.26031122526061,
            83.81930805257592,
            85.04305786372564,
            87.67185375434356,
            89.4999244598882,
            89.60568061640731,
            89.74165281764617,
            81.29626831847712,
            88.65387520773531,
            91.8567759480284,
            91.40353527723221,
            91.93231605982777,
            93.24671400513672,
            93.14095784861762,
            93.33736213929596,
            94.3344916150476,
            94.2740595256081,
            93.95679105605076,
            95.07478471068137,
            95.36183713551895,
            95.76975373923554,
            95.72442967215592,
            95.86040187339478,
            96.0114820969935,
            96.05680616407312,
            96.14745429823236,
            94.6668681069648,
            96.02659011935337
        ],
        "predictions": [],
        "labels": []
    },
    "best_val_loss": 0.1068891312961876,
    "best_val_acc": 96.14745429823236,
    "config": "cbsatt_full_training_DEAP_GAMEEMO_SEEDIV_bs32_lr0.001_gru128_heads4"
}