trial_id,subject_id,material_key,label,original_label,group,source_session,material_rotation,fold,arm,model,role,C,p0,p1
DEAP:S01:T01,DEAP:S01,T01,1,7.71,2,1,1,2,exposed,baseline_only_context,train,0.01,0.2022577475572046,0.7977422524427954
DEAP:S01:T03,DEAP:S01,T03,1,8.58,2,1,1,2,exposed,baseline_only_context,train,0.01,0.3378442349513333,0.6621557650486667
DEAP:S01:T05,DEAP:S01,T05,1,6.96,2,1,1,2,exposed,baseline_only_context,train,0.01,0.4869875410734913,0.5130124589265087
DEAP:S01:T06,DEAP:S01,T06,1,8.27,2,1,1,2,exposed,baseline_only_context,train,0.01,0.3555133426681433,0.6444866573318567
DEAP:S01:T07,DEAP:S01,T07,1,7.44,2,1,1,2,exposed,baseline_only_context,train,0.01,0.50337006278028,0.49662993721972
DEAP:S01:T09,DEAP:S01,T09,0,4.04,2,1,1,2,exposed,baseline_only_context,train,0.01,0.23852722646490054,0.7614727735350995
DEAP:S01:T10,DEAP:S01,T10,0,1.99,2,1,1,2,exposed,baseline_only_context,train,0.01,0.5539038855431496,0.4460961144568504
DEAP:S01:T12,DEAP:S01,T12,0,2.71,2,1,1,2,exposed,baseline_only_context,train,0.01,0.37336547252112573,0.6266345274788743
DEAP:S01:T17,DEAP:S01,T17,0,2.46,2,1,1,2,exposed,baseline_only_context,train,0.01,0.37306126247312,0.62693873752688
DEAP:S01:T24,DEAP:S01,T24,1,7.04,2,1,1,2,exposed,baseline_only_context,train,0.01,0.6558209649216835,0.34417903507831654
DEAP:S01:T31,DEAP:S01,T31,0,3.03,2,1,1,2,exposed,baseline_only_context,train,0.01,0.6084604775579174,0.39153952244208257
DEAP:S01:T34,DEAP:S01,T34,0,2.28,2,1,1,2,exposed,baseline_only_context,train,0.01,0.6877666494543803,0.31223335054561974
DEAP:S01:T35,DEAP:S01,T35,0,2.06,2,1,1,2,exposed,baseline_only_context,train,0.01,0.7873701958953226,0.21262980410467736
DEAP:S01:T36,DEAP:S01,T36,0,2.9,2,1,1,2,exposed,baseline_only_context,train,0.01,0.6768728436534499,0.32312715634655004
DEAP:S01:T37,DEAP:S01,T37,0,2.31,2,1,1,2,exposed,baseline_only_context,train,0.01,0.7447097156123946,0.25529028438760537
DEAP:S01:T40,DEAP:S01,T40,1,5.1,2,1,1,2,exposed,baseline_only_context,train,0.01,0.5680584241604631,0.43194157583953685
DEAP:S04:T01,DEAP:S04,T01,1,6.68,2,1,1,2,exposed,baseline_only_context,train,0.01,0.26765406447913476,0.7323459355208652
DEAP:S04:T03,DEAP:S04,T03,1,8.95,2,1,1,2,exposed,baseline_only_context,train,0.01,0.5120122593260956,0.4879877406739043
DEAP:S04:T05,DEAP:S04,T05,0,4.06,2,1,1,2,exposed,baseline_only_context,train,0.01,0.4982365687933994,0.5017634312066006
DEAP:S04:T06,DEAP:S04,T06,1,5.01,2,1,1,2,exposed,baseline_only_context,train,0.01,0.373121003210935,0.626878996789065
DEAP:S04:T07,DEAP:S04,T07,0,2.94,2,1,1,2,exposed,baseline_only_context,train,0.01,0.5249743187149327,0.4750256812850672
DEAP:S04:T10,DEAP:S04,T10,0,3.15,2,1,1,2,exposed,baseline_only_context,train,0.01,0.5679704837381918,0.43202951626180824
DEAP:S04:T12,DEAP:S04,T12,1,5.04,2,1,1,2,exposed,baseline_only_context,train,0.01,0.446428262114992,0.553571737885008
DEAP:S04:T17,DEAP:S04,T17,1,7.01,2,1,1,2,exposed,baseline_only_context,train,0.01,0.5646226371037545,0.4353773628962455
DEAP:S04:T24,DEAP:S04,T24,0,2.71,2,1,1,2,exposed,baseline_only_context,train,0.01,0.7373708317011702,0.2626291682988297
DEAP:S04:T31,DEAP:S04,T31,0,2.01,2,1,1,2,exposed,baseline_only_context,train,0.01,0.7183308622976892,0.2816691377023109
DEAP:S04:T34,DEAP:S04,T34,0,2.17,2,1,1,2,exposed,baseline_only_context,train,0.01,0.806642959716191,0.19335704028380898
DEAP:S04:T35,DEAP:S04,T35,0,2.03,2,1,1,2,exposed,baseline_only_context,train,0.01,0.7491418032921511,0.2508581967078489
DEAP:S04:T36,DEAP:S04,T36,0,2.72,2,1,1,2,exposed,baseline_only_context,train,0.01,0.7700312191722025,0.22996878082779748
DEAP:S04:T37,DEAP:S04,T37,0,1.0,2,1,1,2,exposed,baseline_only_context,train,0.01,0.7444653405813095,0.25553465941869047
DEAP:S04:T40,DEAP:S04,T40,0,1.86,2,1,1,2,exposed,baseline_only_context,train,0.01,0.7328143229858879,0.26718567701411217
DEAP:S05:T01,DEAP:S05,T01,1,6.97,2,1,1,2,exposed,baseline_only_context,train,0.01,0.17832516169942414,0.8216748383005759
DEAP:S05:T03,DEAP:S05,T03,0,4.95,2,1,1,2,exposed,baseline_only_context,train,0.01,0.2436516408993672,0.7563483591006328
DEAP:S05:T05,DEAP:S05,T05,0,3.04,2,1,1,2,exposed,baseline_only_context,train,0.01,0.35369599280993735,0.6463040071900626
DEAP:S05:T06,DEAP:S05,T06,1,8.09,2,1,1,2,exposed,baseline_only_context,train,0.01,0.2868194163392359,0.7131805836607641
DEAP:S05:T07,DEAP:S05,T07,1,5.12,2,1,1,2,exposed,baseline_only_context,train,0.01,0.3145949573880934,0.6854050426119066
DEAP:S05:T09,DEAP:S05,T09,1,6.94,2,1,1,2,exposed,baseline_only_context,train,0.01,0.23648344346511696,0.763516556534883
DEAP:S05:T10,DEAP:S05,T10,0,3.03,2,1,1,2,exposed,baseline_only_context,train,0.01,0.4381998371932644,0.5618001628067356
DEAP:S05:T12,DEAP:S05,T12,1,7.08,2,1,1,2,exposed,baseline_only_context,train,0.01,0.2924684678812546,0.7075315321187454
DEAP:S05:T17,DEAP:S05,T17,1,6.88,2,1,1,2,exposed,baseline_only_context,train,0.01,0.3053178110218936,0.6946821889781064
DEAP:S05:T24,DEAP:S05,T24,0,4.0,2,1,1,2,exposed,baseline_only_context,train,0.01,0.5886311445911849,0.41136885540881507
DEAP:S05:T31,DEAP:S05,T31,1,6.9,2,1,1,2,exposed,baseline_only_context,train,0.01,0.5249172824533008,0.47508271754669923
DEAP:S05:T34,DEAP:S05,T34,1,6.03,2,1,1,2,exposed,baseline_only_context,train,0.01,0.6169229237524003,0.3830770762475996
DEAP:S05:T35,DEAP:S05,T35,0,4.86,2,1,1,2,exposed,baseline_only_context,train,0.01,0.6777267906584755,0.3222732093415245
DEAP:S05:T36,DEAP:S05,T36,0,4.91,2,1,1,2,exposed,baseline_only_context,train,0.01,0.6077026550284216,0.3922973449715784
DEAP:S05:T37,DEAP:S05,T37,0,1.91,2,1,1,2,exposed,baseline_only_context,train,0.01,0.6628514836146877,0.33714851638531224
DEAP:S05:T40,DEAP:S05,T40,1,7.0,2,1,1,2,exposed,baseline_only_context,train,0.01,0.5128789129014155,0.4871210870985845
DEAP:S06:T01,DEAP:S06,T01,1,8.19,2,1,1,2,exposed,baseline_only_context,train,0.01,0.17711493635502362,0.8228850636449764
DEAP:S06:T03,DEAP:S06,T03,1,7.69,2,1,1,2,exposed,baseline_only_context,train,0.01,0.25994855646948956,0.7400514435305104
DEAP:S06:T05,DEAP:S06,T05,1,7.01,2,1,1,2,exposed,baseline_only_context,train,0.01,0.371305559241472,0.628694440758528
DEAP:S06:T06,DEAP:S06,T06,1,8.05,2,1,1,2,exposed,baseline_only_context,train,0.01,0.30487843156441363,0.6951215684355864
DEAP:S06:T07,DEAP:S06,T07,1,8.26,2,1,1,2,exposed,baseline_only_context,train,0.01,0.3560114168168149,0.6439885831831851
DEAP:S06:T09,DEAP:S06,T09,1,7.87,2,1,1,2,exposed,baseline_only_context,train,0.01,0.23108527684510205,0.768914723154898
DEAP:S06:T10,DEAP:S06,T10,1,7.37,2,1,1,2,exposed,baseline_only_context,train,0.01,0.5008086351853065,0.49919136481469356
DEAP:S06:T12,DEAP:S06,T12,1,7.17,2,1,1,2,exposed,baseline_only_context,train,0.01,0.31823455823290625,0.6817654417670937
DEAP:S06:T17,DEAP:S06,T17,1,6.72,2,1,1,2,exposed,baseline_only_context,train,0.01,0.3549814937869683,0.6450185062130317
DEAP:S06:T24,DEAP:S06,T24,0,3.5,2,1,1,2,exposed,baseline_only_context,train,0.01,0.66521702844724,0.33478297155276004
DEAP:S06:T35,DEAP:S06,T35,0,3.96,2,1,1,2,exposed,baseline_only_context,train,0.01,0.6714859839520224,0.32851401604797764
DEAP:S06:T36,DEAP:S06,T36,1,5.71,2,1,1,2,exposed,baseline_only_context,train,0.01,0.6445130084858277,0.35548699151417223
DEAP:S06:T37,DEAP:S06,T37,0,4.83,2,1,1,2,exposed,baseline_only_context,train,0.01,0.6893455101649604,0.3106544898350396
DEAP:S06:T40,DEAP:S06,T40,0,4.85,2,1,1,2,exposed,baseline_only_context,train,0.01,0.49553189199156156,0.5044681080084384
DEAP:S07:T01,DEAP:S07,T01,1,8.1,2,1,1,2,exposed,baseline_only_context,train,0.01,0.1260984780465908,0.8739015219534092
DEAP:S07:T03,DEAP:S07,T03,1,7.1,2,1,1,2,exposed,baseline_only_context,train,0.01,0.2228937974511387,0.7771062025488613
DEAP:S07:T05,DEAP:S07,T05,1,7.05,2,1,1,2,exposed,baseline_only_context,train,0.01,0.34369741247914165,0.6563025875208583
DEAP:S07:T07,DEAP:S07,T07,1,7.08,2,1,1,2,exposed,baseline_only_context,train,0.01,0.28881620642368855,0.7111837935763115
DEAP:S07:T09,DEAP:S07,T09,1,6.99,2,1,1,2,exposed,baseline_only_context,train,0.01,0.17595029046596522,0.8240497095340348
DEAP:S07:T10,DEAP:S07,T10,1,7.09,2,1,1,2,exposed,baseline_only_context,train,0.01,0.44675713392210814,0.5532428660778919
DEAP:S07:T17,DEAP:S07,T17,1,7.12,2,1,1,2,exposed,baseline_only_context,train,0.01,0.3116855322407671,0.6883144677592329
DEAP:S07:T24,DEAP:S07,T24,0,1.97,2,1,1,2,exposed,baseline_only_context,train,0.01,0.58577382613897,0.41422617386103006
DEAP:S07:T31,DEAP:S07,T31,1,6.96,2,1,1,2,exposed,baseline_only_context,train,0.01,0.5021640554928782,0.49783594450712176
DEAP:S07:T34,DEAP:S07,T34,0,4.01,2,1,1,2,exposed,baseline_only_context,train,0.01,0.5845953996158969,0.4154046003841031
DEAP:S07:T35,DEAP:S07,T35,1,5.01,2,1,1,2,exposed,baseline_only_context,train,0.01,0.6911866125001127,0.30881338749988724
DEAP:S07:T36,DEAP:S07,T36,1,8.1,2,1,1,2,exposed,baseline_only_context,train,0.01,0.5725061284972617,0.4274938715027383
DEAP:S07:T37,DEAP:S07,T37,1,5.05,2,1,1,2,exposed,baseline_only_context,train,0.01,0.6518213273008171,0.34817867269918296
DEAP:S08:T01,DEAP:S08,T01,1,7.6,2,1,1,2,exposed,baseline_only_context,train,0.01,0.17690783678537036,0.8230921632146296
DEAP:S08:T03,DEAP:S08,T03,1,8.15,2,1,1,2,exposed,baseline_only_context,train,0.01,0.29216933449394555,0.7078306655060544
DEAP:S08:T05,DEAP:S08,T05,0,4.41,2,1,1,2,exposed,baseline_only_context,train,0.01,0.4287030277750222,0.5712969722249778
DEAP:S08:T06,DEAP:S08,T06,1,7.4,2,1,1,2,exposed,baseline_only_context,train,0.01,0.38955953475797755,0.6104404652420224
DEAP:S08:T07,DEAP:S08,T07,1,5.04,2,1,1,2,exposed,baseline_only_context,train,0.01,0.38342654335585546,0.6165734566441445
DEAP:S08:T09,DEAP:S08,T09,1,8.78,2,1,1,2,exposed,baseline_only_context,train,0.01,0.23139635869342512,0.7686036413065749
DEAP:S08:T10,DEAP:S08,T10,0,4.97,2,1,1,2,exposed,baseline_only_context,train,0.01,0.5082334185566193,0.4917665814433807
DEAP:S08:T12,DEAP:S08,T12,1,8.47,2,1,1,2,exposed,baseline_only_context,train,0.01,0.4014543331342213,0.5985456668657787
DEAP:S08:T17,DEAP:S08,T17,1,6.67,2,1,1,2,exposed,baseline_only_context,train,0.01,0.3743841858977238,0.6256158141022762
DEAP:S08:T24,DEAP:S08,T24,0,4.15,2,1,1,2,exposed,baseline_only_context,train,0.01,0.666555001455573,0.33344499854442694
DEAP:S08:T31,DEAP:S08,T31,0,1.45,2,1,1,2,exposed,baseline_only_context,train,0.01,0.5838381703743524,0.41616182962564763
DEAP:S08:T34,DEAP:S08,T34,1,5.05,2,1,1,2,exposed,baseline_only_context,train,0.01,0.6396409250058259,0.36035907499417413
DEAP:S08:T35,DEAP:S08,T35,0,3.62,2,1,1,2,exposed,baseline_only_context,train,0.01,0.7436008398773428,0.25639916012265723
DEAP:S08:T36,DEAP:S08,T36,0,1.21,2,1,1,2,exposed,baseline_only_context,train,0.01,0.6367206648405783,0.3632793351594216
DEAP:S08:T37,DEAP:S08,T37,1,5.06,2,1,1,2,exposed,baseline_only_context,train,0.01,0.7814891294122432,0.2185108705877568
DEAP:S08:T40,DEAP:S08,T40,0,3.13,2,1,1,2,exposed,baseline_only_context,train,0.01,0.521607346317795,0.4783926536822049
DEAP:S09:T05,DEAP:S09,T05,0,4.99,2,1,1,2,exposed,baseline_only_context,train,0.01,0.4329728103934134,0.5670271896065866
DEAP:S09:T06,DEAP:S09,T06,1,7.04,2,1,1,2,exposed,baseline_only_context,train,0.01,0.33325984410137377,0.6667401558986262
DEAP:S09:T07,DEAP:S09,T07,1,5.08,2,1,1,2,exposed,baseline_only_context,train,0.01,0.382463046134934,0.617536953865066
DEAP:S09:T09,DEAP:S09,T09,1,5.96,2,1,1,2,exposed,baseline_only_context,train,0.01,0.22246552852879653,0.7775344714712035
DEAP:S09:T10,DEAP:S09,T10,0,3.94,2,1,1,2,exposed,baseline_only_context,train,0.01,0.5156802134412675,0.4843197865587326
DEAP:S09:T24,DEAP:S09,T24,0,4.03,2,1,1,2,exposed,baseline_only_context,train,0.01,0.6713919392830601,0.32860806071694
DEAP:S09:T31,DEAP:S09,T31,1,6.06,2,1,1,2,exposed,baseline_only_context,train,0.01,0.5817363093002295,0.4182636906997705
DEAP:S09:T34,DEAP:S09,T34,1,5.06,2,1,1,2,exposed,baseline_only_context,train,0.01,0.7100071908107506,0.28999280918924947
DEAP:S09:T35,DEAP:S09,T35,0,3.01,2,1,1,2,exposed,baseline_only_context,train,0.01,0.6921441881767982,0.30785581182320176
DEAP:S09:T36,DEAP:S09,T36,0,3.08,2,1,1,2,exposed,baseline_only_context,train,0.01,0.6328585372287263,0.3671414627712737
DEAP:S09:T37,DEAP:S09,T37,0,2.99,2,1,1,2,exposed,baseline_only_context,train,0.01,0.7331535363323012,0.26684646366769876
DEAP:S09:T40,DEAP:S09,T40,1,5.04,2,1,1,2,exposed,baseline_only_context,train,0.01,0.5142072757983478,0.4857927242016522
DEAP:S10:T01,DEAP:S10,T01,1,7.91,2,1,1,2,exposed,baseline_only_context,train,0.01,0.16739333042427806,0.8326066695757219
DEAP:S10:T09,DEAP:S10,T09,1,7.56,2,1,1,2,exposed,baseline_only_context,train,0.01,0.27768874266065713,0.7223112573393429
DEAP:S10:T12,DEAP:S10,T12,1,5.37,2,1,1,2,exposed,baseline_only_context,train,0.01,0.3343324136454029,0.6656675863545971
DEAP:S10:T17,DEAP:S10,T17,0,4.95,2,1,1,2,exposed,baseline_only_context,train,0.01,0.38682999477396596,0.613170005226034
DEAP:S10:T24,DEAP:S10,T24,1,6.82,2,1,1,2,exposed,baseline_only_context,train,0.01,0.6945568808510896,0.3054431191489104
DEAP:S10:T31,DEAP:S10,T31,0,4.15,2,1,1,2,exposed,baseline_only_context,train,0.01,0.6293206295791658,0.37067937042083426
DEAP:S10:T34,DEAP:S10,T34,0,3.91,2,1,1,2,exposed,baseline_only_context,train,0.01,0.6794339490507302,0.3205660509492698
DEAP:S10:T35,DEAP:S10,T35,0,1.38,2,1,1,2,exposed,baseline_only_context,train,0.01,0.7486911149644669,0.25130888503553306
DEAP:S10:T36,DEAP:S10,T36,0,2.17,2,1,1,2,exposed,baseline_only_context,train,0.01,0.6420265010627055,0.35797349893729447
DEAP:S10:T37,DEAP:S10,T37,0,2.92,2,1,1,2,exposed,baseline_only_context,train,0.01,0.7156201371730107,0.2843798628269893
DEAP:S10:T40,DEAP:S10,T40,1,5.78,2,1,1,2,exposed,baseline_only_context,train,0.01,0.6106744972736494,0.3893255027263506
DEAP:S11:T01,DEAP:S11,T01,1,6.27,2,1,1,2,exposed,baseline_only_context,train,0.01,0.20984202274021457,0.7901579772597854
DEAP:S11:T03,DEAP:S11,T03,1,7.41,2,1,1,2,exposed,baseline_only_context,train,0.01,0.27596513580613125,0.7240348641938688
DEAP:S11:T05,DEAP:S11,T05,1,7.41,2,1,1,2,exposed,baseline_only_context,train,0.01,0.44771273131697487,0.5522872686830251
DEAP:S11:T06,DEAP:S11,T06,1,5.32,2,1,1,2,exposed,baseline_only_context,train,0.01,0.2955154850278996,0.7044845149721004
DEAP:S11:T07,DEAP:S11,T07,1,6.37,2,1,1,2,exposed,baseline_only_context,train,0.01,0.36444853145155964,0.6355514685484404
DEAP:S11:T10,DEAP:S11,T10,1,6.53,2,1,1,2,exposed,baseline_only_context,train,0.01,0.5107136108294743,0.48928638917052575
DEAP:S11:T12,DEAP:S11,T12,1,5.04,2,1,1,2,exposed,baseline_only_context,train,0.01,0.3416457022311701,0.6583542977688299
DEAP:S11:T17,DEAP:S11,T17,1,8.32,2,1,1,2,exposed,baseline_only_context,train,0.01,0.3848561077510725,0.6151438922489275
DEAP:S11:T24,DEAP:S11,T24,0,2.88,2,1,1,2,exposed,baseline_only_context,train,0.01,0.6347102822940571,0.3652897177059428
DEAP:S11:T31,DEAP:S11,T31,0,1.83,2,1,1,2,exposed,baseline_only_context,train,0.01,0.5512202269052995,0.4487797730947006
DEAP:S11:T34,DEAP:S11,T34,0,4.88,2,1,1,2,exposed,baseline_only_context,train,0.01,0.6711430233251973,0.32885697667480274
DEAP:S11:T35,DEAP:S11,T35,0,1.23,2,1,1,2,exposed,baseline_only_context,train,0.01,0.7117091092877694,0.2882908907122305
DEAP:S11:T36,DEAP:S11,T36,0,3.62,2,1,1,2,exposed,baseline_only_context,train,0.01,0.6019014778111071,0.3980985221888929
DEAP:S11:T37,DEAP:S11,T37,0,1.47,2,1,1,2,exposed,baseline_only_context,train,0.01,0.703392639364631,0.296607360635369
DEAP:S11:T40,DEAP:S11,T40,0,4.95,2,1,1,2,exposed,baseline_only_context,train,0.01,0.4983813914841768,0.5016186085158232
DEAP:S12:T01,DEAP:S12,T01,1,7.09,2,1,1,2,exposed,baseline_only_context,train,0.01,0.22039286446850914,0.7796071355314909
DEAP:S12:T03,DEAP:S12,T03,1,7.33,2,1,1,2,exposed,baseline_only_context,train,0.01,0.314350663131851,0.685649336868149
DEAP:S12:T05,DEAP:S12,T05,0,4.01,2,1,1,2,exposed,baseline_only_context,train,0.01,0.44159661761228375,0.5584033823877163
DEAP:S12:T06,DEAP:S12,T06,1,6.65,2,1,1,2,exposed,baseline_only_context,train,0.01,0.3156082910060324,0.6843917089939676
DEAP:S12:T07,DEAP:S12,T07,1,6.77,2,1,1,2,exposed,baseline_only_context,train,0.01,0.4431555392472306,0.5568444607527694
DEAP:S12:T09,DEAP:S12,T09,1,7.95,2,1,1,2,exposed,baseline_only_context,train,0.01,0.26662141306504394,0.7333785869349561
DEAP:S12:T10,DEAP:S12,T10,0,4.06,2,1,1,2,exposed,baseline_only_context,train,0.01,0.5703096701923538,0.4296903298076462
DEAP:S12:T12,DEAP:S12,T12,1,6.86,2,1,1,2,exposed,baseline_only_context,train,0.01,0.37822314713316585,0.6217768528668342
DEAP:S12:T17,DEAP:S12,T17,0,4.86,2,1,1,2,exposed,baseline_only_context,train,0.01,0.37512670608854926,0.6248732939114507
DEAP:S12:T31,DEAP:S12,T31,0,3.18,2,1,1,2,exposed,baseline_only_context,train,0.01,0.5990611107539503,0.4009388892460497
DEAP:S12:T34,DEAP:S12,T34,0,4.87,2,1,1,2,exposed,baseline_only_context,train,0.01,0.6857685140146834,0.31423148598531664
DEAP:S12:T35,DEAP:S12,T35,0,1.22,2,1,1,2,exposed,baseline_only_context,train,0.01,0.7183449218940687,0.28165507810593127
DEAP:S12:T36,DEAP:S12,T36,0,2.82,2,1,1,2,exposed,baseline_only_context,train,0.01,0.6126636095641589,0.3873363904358411
DEAP:S12:T37,DEAP:S12,T37,0,1.0,2,1,1,2,exposed,baseline_only_context,train,0.01,0.7681283718486642,0.23187162815133572
DEAP:S12:T40,DEAP:S12,T40,1,6.81,2,1,1,2,exposed,baseline_only_context,train,0.01,0.5726024195996926,0.4273975804003074
DEAP:S13:T01,DEAP:S13,T01,1,6.15,2,1,1,2,exposed,baseline_only_context,train,0.01,0.24158447866014632,0.7584155213398537
DEAP:S13:T03,DEAP:S13,T03,1,9.0,2,1,1,2,exposed,baseline_only_context,train,0.01,0.36799558744836336,0.6320044125516366
DEAP:S13:T05,DEAP:S13,T05,1,5.01,2,1,1,2,exposed,baseline_only_context,train,0.01,0.4761088579834277,0.5238911420165723
DEAP:S13:T06,DEAP:S13,T06,0,4.46,2,1,1,2,exposed,baseline_only_context,train,0.01,0.3662031154094638,0.6337968845905362
DEAP:S13:T07,DEAP:S13,T07,0,2.99,2,1,1,2,exposed,baseline_only_context,train,0.01,0.45912347192115066,0.5408765280788493
DEAP:S13:T10,DEAP:S13,T10,0,4.01,2,1,1,2,exposed,baseline_only_context,train,0.01,0.6039973934454917,0.39600260655450825
DEAP:S13:T12,DEAP:S13,T12,1,5.08,2,1,1,2,exposed,baseline_only_context,train,0.01,0.4066454254223534,0.5933545745776466
DEAP:S13:T17,DEAP:S13,T17,1,5.99,2,1,1,2,exposed,baseline_only_context,train,0.01,0.4558155174948495,0.5441844825051505
DEAP:S13:T24,DEAP:S13,T24,0,2.97,2,1,1,2,exposed,baseline_only_context,train,0.01,0.7066196005170033,0.2933803994829967
DEAP:S13:T31,DEAP:S13,T31,0,1.97,2,1,1,2,exposed,baseline_only_context,train,0.01,0.6597757471453429,0.340224252854657
DEAP:S13:T34,DEAP:S13,T34,0,2.92,2,1,1,2,exposed,baseline_only_context,train,0.01,0.7032982467075979,0.2967017532924021
DEAP:S13:T35,DEAP:S13,T35,0,1.0,2,1,1,2,exposed,baseline_only_context,train,0.01,0.7944741451411503,0.2055258548588497
DEAP:S13:T36,DEAP:S13,T36,0,2.54,2,1,1,2,exposed,baseline_only_context,train,0.01,0.6864477060960614,0.31355229390393863
DEAP:S13:T37,DEAP:S13,T37,0,1.0,2,1,1,2,exposed,baseline_only_context,train,0.01,0.7874564348108216,0.21254356518917839
DEAP:S13:T40,DEAP:S13,T40,0,4.08,2,1,1,2,exposed,baseline_only_context,train,0.01,0.6164086526557486,0.3835913473442513
DEAP:S18:T01,DEAP:S18,T01,1,6.33,2,1,1,2,exposed,baseline_only_context,train,0.01,0.1418491221762921,0.8581508778237079
DEAP:S18:T03,DEAP:S18,T03,1,6.36,2,1,1,2,exposed,baseline_only_context,train,0.01,0.20377331228200557,0.7962266877179944
DEAP:S18:T05,DEAP:S18,T05,1,6.13,2,1,1,2,exposed,baseline_only_context,train,0.01,0.32973457028823683,0.6702654297117632
DEAP:S18:T06,DEAP:S18,T06,1,6.51,2,1,1,2,exposed,baseline_only_context,train,0.01,0.22949476326143192,0.7705052367385681
DEAP:S18:T07,DEAP:S18,T07,1,7.33,2,1,1,2,exposed,baseline_only_context,train,0.01,0.29043817130111904,0.709561828698881
DEAP:S18:T09,DEAP:S18,T09,1,6.55,2,1,1,2,exposed,baseline_only_context,train,0.01,0.19885675390514856,0.8011432460948514
DEAP:S18:T10,DEAP:S18,T10,1,6.09,2,1,1,2,exposed,baseline_only_context,train,0.01,0.3943159395298478,0.6056840604701522
DEAP:S18:T17,DEAP:S18,T17,1,7.74,2,1,1,2,exposed,baseline_only_context,train,0.01,0.30709476719007955,0.6929052328099204
DEAP:S18:T24,DEAP:S18,T24,0,3.22,2,1,1,2,exposed,baseline_only_context,train,0.01,0.5551435233254747,0.44485647667452527
DEAP:S18:T31,DEAP:S18,T31,0,4.44,2,1,1,2,exposed,baseline_only_context,train,0.01,0.5123536032124729,0.487646396787527
DEAP:S18:T34,DEAP:S18,T34,0,4.15,2,1,1,2,exposed,baseline_only_context,train,0.01,0.6161532850100109,0.38384671498998907
DEAP:S18:T35,DEAP:S18,T35,1,5.12,2,1,1,2,exposed,baseline_only_context,train,0.01,0.673615187787218,0.32638481221278204
DEAP:S18:T36,DEAP:S18,T36,1,5.24,2,1,1,2,exposed,baseline_only_context,train,0.01,0.599652825087724,0.400347174912276
DEAP:S18:T37,DEAP:S18,T37,0,4.0,2,1,1,2,exposed,baseline_only_context,train,0.01,0.605153911479481,0.394846088520519
DEAP:S19:T03,DEAP:S19,T03,1,6.82,2,1,1,2,exposed,baseline_only_context,train,0.01,0.29687630557386324,0.7031236944261368
DEAP:S19:T05,DEAP:S19,T05,1,7.79,2,1,1,2,exposed,baseline_only_context,train,0.01,0.446125286216717,0.553874713783283
DEAP:S19:T06,DEAP:S19,T06,1,7.73,2,1,1,2,exposed,baseline_only_context,train,0.01,0.32606914696741107,0.6739308530325889
DEAP:S19:T07,DEAP:S19,T07,1,6.64,2,1,1,2,exposed,baseline_only_context,train,0.01,0.4108373301800108,0.5891626698199892
DEAP:S19:T09,DEAP:S19,T09,1,7.09,2,1,1,2,exposed,baseline_only_context,train,0.01,0.2759144210625948,0.7240855789374052
DEAP:S19:T12,DEAP:S19,T12,1,6.26,2,1,1,2,exposed,baseline_only_context,train,0.01,0.3535390496275713,0.6464609503724287
DEAP:S19:T17,DEAP:S19,T17,1,7.38,2,1,1,2,exposed,baseline_only_context,train,0.01,0.4016918703868507,0.5983081296131493
DEAP:S19:T24,DEAP:S19,T24,0,3.23,2,1,1,2,exposed,baseline_only_context,train,0.01,0.6552302479252095,0.34476975207479055
DEAP:S19:T31,DEAP:S19,T31,1,5.03,2,1,1,2,exposed,baseline_only_context,train,0.01,0.661870949029728,0.338129050970272
DEAP:S19:T34,DEAP:S19,T34,0,4.17,2,1,1,2,exposed,baseline_only_context,train,0.01,0.7006905437080644,0.2993094562919356
DEAP:S19:T35,DEAP:S19,T35,0,3.21,2,1,1,2,exposed,baseline_only_context,train,0.01,0.7429824952180322,0.2570175047819678
DEAP:S19:T36,DEAP:S19,T36,0,3.71,2,1,1,2,exposed,baseline_only_context,train,0.01,0.6667988891183103,0.33320111088168974
DEAP:S19:T37,DEAP:S19,T37,0,3.15,2,1,1,2,exposed,baseline_only_context,train,0.01,0.6731061521561723,0.3268938478438277
DEAP:S19:T40,DEAP:S19,T40,0,4.24,2,1,1,2,exposed,baseline_only_context,train,0.01,0.5798874597266674,0.42011254027333256
DEAP:S21:T01,DEAP:S21,T01,1,6.42,2,1,1,2,exposed,baseline_only_context,train,0.01,0.22439557734993199,0.775604422650068
DEAP:S21:T03,DEAP:S21,T03,0,4.83,2,1,1,2,exposed,baseline_only_context,train,0.01,0.27837849960544203,0.721621500394558
DEAP:S21:T05,DEAP:S21,T05,1,8.09,2,1,1,2,exposed,baseline_only_context,train,0.01,0.4517724723327783,0.5482275276672217
DEAP:S21:T06,DEAP:S21,T06,1,7.92,2,1,1,2,exposed,baseline_only_context,train,0.01,0.35432956087776024,0.6456704391222398
DEAP:S21:T07,DEAP:S21,T07,1,7.05,2,1,1,2,exposed,baseline_only_context,train,0.01,0.3759158228378138,0.6240841771621862
DEAP:S21:T09,DEAP:S21,T09,1,8.56,2,1,1,2,exposed,baseline_only_context,train,0.01,0.2909731713732553,0.7090268286267447
DEAP:S21:T10,DEAP:S21,T10,1,7.05,2,1,1,2,exposed,baseline_only_context,train,0.01,0.5831852938554056,0.41681470614459437
DEAP:S21:T12,DEAP:S21,T12,0,4.63,2,1,1,2,exposed,baseline_only_context,train,0.01,0.3132297869417674,0.6867702130582326
DEAP:S21:T17,DEAP:S21,T17,1,5.53,2,1,1,2,exposed,baseline_only_context,train,0.01,0.35475597312033835,0.6452440268796616
DEAP:S21:T24,DEAP:S21,T24,0,2.99,2,1,1,2,exposed,baseline_only_context,train,0.01,0.6563454432454063,0.3436545567545937
DEAP:S21:T31,DEAP:S21,T31,1,5.04,2,1,1,2,exposed,baseline_only_context,train,0.01,0.6320563052895579,0.3679436947104421
DEAP:S21:T34,DEAP:S21,T34,0,4.06,2,1,1,2,exposed,baseline_only_context,train,0.01,0.7076774327345572,0.29232256726544287
DEAP:S21:T35,DEAP:S21,T35,0,4.92,2,1,1,2,exposed,baseline_only_context,train,0.01,0.7031099529119511,0.29689004708804884
DEAP:S21:T36,DEAP:S21,T36,1,6.88,2,1,1,2,exposed,baseline_only_context,train,0.01,0.6899781678135213,0.31002183218647866
DEAP:S21:T37,DEAP:S21,T37,0,3.04,2,1,1,2,exposed,baseline_only_context,train,0.01,0.734226810391352,0.26577318960864804
DEAP:S21:T40,DEAP:S21,T40,0,3.99,2,1,1,2,exposed,baseline_only_context,train,0.01,0.5610178873478007,0.43898211265219933
DEAP:S22:T01,DEAP:S22,T01,1,5.05,2,1,1,2,exposed,baseline_only_context,train,0.01,0.33329172432663323,0.6667082756733668
DEAP:S22:T03,DEAP:S22,T03,1,7.05,2,1,1,2,exposed,baseline_only_context,train,0.01,0.45681079190727125,0.5431892080927287
DEAP:S22:T06,DEAP:S22,T06,0,4.97,2,1,1,2,exposed,baseline_only_context,train,0.01,0.4577010429582291,0.5422989570417709
DEAP:S22:T07,DEAP:S22,T07,1,6.03,2,1,1,2,exposed,baseline_only_context,train,0.01,0.4718826996564859,0.5281173003435141
DEAP:S22:T09,DEAP:S22,T09,1,9.0,2,1,1,2,exposed,baseline_only_context,train,0.01,0.3985830873961239,0.6014169126038761
DEAP:S22:T10,DEAP:S22,T10,0,4.0,2,1,1,2,exposed,baseline_only_context,train,0.01,0.6885753587504406,0.31142464124955943
DEAP:S22:T12,DEAP:S22,T12,0,4.99,2,1,1,2,exposed,baseline_only_context,train,0.01,0.5080050166645546,0.49199498333544545
DEAP:S22:T17,DEAP:S22,T17,1,5.04,2,1,1,2,exposed,baseline_only_context,train,0.01,0.5232455673870682,0.4767544326129318
DEAP:S22:T24,DEAP:S22,T24,0,1.96,2,1,1,2,exposed,baseline_only_context,train,0.01,0.7650946110200458,0.2349053889799542
DEAP:S22:T31,DEAP:S22,T31,0,2.01,2,1,1,2,exposed,baseline_only_context,train,0.01,0.7241725653755897,0.27582743462441034
DEAP:S22:T35,DEAP:S22,T35,0,1.99,2,1,1,2,exposed,baseline_only_context,train,0.01,0.8394589279414972,0.16054107205850277
DEAP:S22:T36,DEAP:S22,T36,0,1.96,2,1,1,2,exposed,baseline_only_context,train,0.01,0.7279429202030943,0.2720570797969057
DEAP:S22:T37,DEAP:S22,T37,0,1.0,2,1,1,2,exposed,baseline_only_context,train,0.01,0.8387271609534459,0.16127283904655415
DEAP:S22:T40,DEAP:S22,T40,0,2.97,2,1,1,2,exposed,baseline_only_context,train,0.01,0.6976760660660903,0.3023239339339097
DEAP:S24:T01,DEAP:S24,T01,1,7.06,2,1,1,2,exposed,baseline_only_context,train,0.01,0.31630845065338986,0.6836915493466101
DEAP:S24:T06,DEAP:S24,T06,1,5.96,2,1,1,2,exposed,baseline_only_context,train,0.01,0.39793416584795605,0.602065834152044
DEAP:S24:T07,DEAP:S24,T07,0,3.04,2,1,1,2,exposed,baseline_only_context,train,0.01,0.5115083355172065,0.48849166448279346
DEAP:S24:T09,DEAP:S24,T09,1,7.08,2,1,1,2,exposed,baseline_only_context,train,0.01,0.3428182162159027,0.6571817837840973
DEAP:S24:T10,DEAP:S24,T10,1,5.01,2,1,1,2,exposed,baseline_only_context,train,0.01,0.693403571758868,0.306596428241132
DEAP:S24:T12,DEAP:S24,T12,1,7.04,2,1,1,2,exposed,baseline_only_context,train,0.01,0.3729521005718478,0.6270478994281522
DEAP:S24:T17,DEAP:S24,T17,0,4.08,2,1,1,2,exposed,baseline_only_context,train,0.01,0.49443951470272973,0.5055604852972703
DEAP:S24:T24,DEAP:S24,T24,0,2.99,2,1,1,2,exposed,baseline_only_context,train,0.01,0.7448093905928457,0.25519060940715427
DEAP:S24:T31,DEAP:S24,T31,0,2.94,2,1,1,2,exposed,baseline_only_context,train,0.01,0.6879179471766494,0.3120820528233505
DEAP:S24:T34,DEAP:S24,T34,0,4.05,2,1,1,2,exposed,baseline_only_context,train,0.01,0.7480950605200614,0.25190493947993864
DEAP:S24:T35,DEAP:S24,T35,0,4.05,2,1,1,2,exposed,baseline_only_context,train,0.01,0.8054123224353124,0.19458767756468767
DEAP:S24:T36,DEAP:S24,T36,0,4.0,2,1,1,2,exposed,baseline_only_context,train,0.01,0.7750494479713886,0.2249505520286114
DEAP:S24:T37,DEAP:S24,T37,0,4.0,2,1,1,2,exposed,baseline_only_context,train,0.01,0.7784329257686495,0.22156707423135047
DEAP:S25:T01,DEAP:S25,T01,1,8.06,2,1,1,2,exposed,baseline_only_context,train,0.01,0.23842875717611878,0.7615712428238812
DEAP:S25:T05,DEAP:S25,T05,1,5.04,2,1,1,2,exposed,baseline_only_context,train,0.01,0.4768423426856042,0.5231576573143958
DEAP:S25:T07,DEAP:S25,T07,1,6.08,2,1,1,2,exposed,baseline_only_context,train,0.01,0.40229202049767887,0.5977079795023211
DEAP:S25:T09,DEAP:S25,T09,1,8.09,2,1,1,2,exposed,baseline_only_context,train,0.01,0.2465007035446033,0.7534992964553967
DEAP:S25:T10,DEAP:S25,T10,0,1.0,2,1,1,2,exposed,baseline_only_context,train,0.01,0.5168396586513891,0.48316034134861086
DEAP:S25:T17,DEAP:S25,T17,1,5.04,2,1,1,2,exposed,baseline_only_context,train,0.01,0.4477912178369513,0.5522087821630487
DEAP:S25:T24,DEAP:S25,T24,0,3.05,2,1,1,2,exposed,baseline_only_context,train,0.01,0.5838380156765979,0.4161619843234021
DEAP:S25:T31,DEAP:S25,T31,0,1.01,2,1,1,2,exposed,baseline_only_context,train,0.01,0.6208320189988633,0.3791679810011367
DEAP:S25:T34,DEAP:S25,T34,0,4.95,2,1,1,2,exposed,baseline_only_context,train,0.01,0.7083618800742095,0.29163811992579053
DEAP:S25:T35,DEAP:S25,T35,0,3.03,2,1,1,2,exposed,baseline_only_context,train,0.01,0.7001304192459953,0.2998695807540047
DEAP:S25:T36,DEAP:S25,T36,0,3.0,2,1,1,2,exposed,baseline_only_context,train,0.01,0.7118569362559561,0.2881430637440439
DEAP:S25:T37,DEAP:S25,T37,0,1.0,2,1,1,2,exposed,baseline_only_context,train,0.01,0.7445678793330057,0.25543212066699433
DEAP:S25:T40,DEAP:S25,T40,0,1.0,2,1,1,2,exposed,baseline_only_context,train,0.01,0.5623950795289533,0.4376049204710467
DEAP:S26:T01,DEAP:S26,T01,1,7.97,2,1,1,2,exposed,baseline_only_context,train,0.01,0.2598675592379235,0.7401324407620765
DEAP:S26:T03,DEAP:S26,T03,1,9.0,2,1,1,2,exposed,baseline_only_context,train,0.01,0.3692459970084708,0.6307540029915292
DEAP:S26:T05,DEAP:S26,T05,0,4.0,2,1,1,2,exposed,baseline_only_context,train,0.01,0.45821800918806577,0.5417819908119342
DEAP:S26:T06,DEAP:S26,T06,1,8.09,2,1,1,2,exposed,baseline_only_context,train,0.01,0.3684608105725088,0.6315391894274912
DEAP:S26:T07,DEAP:S26,T07,1,6.08,2,1,1,2,exposed,baseline_only_context,train,0.01,0.4898779552258782,0.5101220447741218
DEAP:S26:T09,DEAP:S26,T09,1,8.05,2,1,1,2,exposed,baseline_only_context,train,0.01,0.30393492863986926,0.6960650713601307
DEAP:S26:T10,DEAP:S26,T10,0,3.08,2,1,1,2,exposed,baseline_only_context,train,0.01,0.591070221264701,0.40892977873529895
DEAP:S26:T12,DEAP:S26,T12,1,7.04,2,1,1,2,exposed,baseline_only_context,train,0.01,0.34686687062981103,0.653133129370189
DEAP:S26:T17,DEAP:S26,T17,1,5.04,2,1,1,2,exposed,baseline_only_context,train,0.01,0.43778986459724434,0.5622101354027557
DEAP:S26:T24,DEAP:S26,T24,1,9.0,2,1,1,2,exposed,baseline_only_context,train,0.01,0.7439158920118669,0.25608410798813314
DEAP:S26:T31,DEAP:S26,T31,0,1.97,2,1,1,2,exposed,baseline_only_context,train,0.01,0.6434948842695927,0.3565051157304073
DEAP:S26:T34,DEAP:S26,T34,0,1.0,2,1,1,2,exposed,baseline_only_context,train,0.01,0.7074244395208298,0.29257556047917027
DEAP:S26:T35,DEAP:S26,T35,0,2.97,2,1,1,2,exposed,baseline_only_context,train,0.01,0.7160963829255524,0.2839036170744476
DEAP:S26:T36,DEAP:S26,T36,0,2.92,2,1,1,2,exposed,baseline_only_context,train,0.01,0.7158827313640138,0.2841172686359862
DEAP:S26:T37,DEAP:S26,T37,0,1.0,2,1,1,2,exposed,baseline_only_context,train,0.01,0.7730302891045816,0.22696971089541837
DEAP:S26:T40,DEAP:S26,T40,0,3.06,2,1,1,2,exposed,baseline_only_context,train,0.01,0.5496547002173255,0.45034529978267446
DEAP:S27:T01,DEAP:S27,T01,1,6.03,2,1,1,2,exposed,baseline_only_context,train,0.01,0.17659362810023582,0.8234063718997642
DEAP:S27:T03,DEAP:S27,T03,1,9.0,2,1,1,2,exposed,baseline_only_context,train,0.01,0.30338008480925927,0.6966199151907407
DEAP:S27:T06,DEAP:S27,T06,1,7.0,2,1,1,2,exposed,baseline_only_context,train,0.01,0.251868892522949,0.748131107477051
DEAP:S27:T07,DEAP:S27,T07,0,4.94,2,1,1,2,exposed,baseline_only_context,train,0.01,0.3523330743518407,0.6476669256481593
DEAP:S27:T09,DEAP:S27,T09,1,8.99,2,1,1,2,exposed,baseline_only_context,train,0.01,0.2395496721500472,0.7604503278499528
DEAP:S27:T10,DEAP:S27,T10,1,6.01,2,1,1,2,exposed,baseline_only_context,train,0.01,0.49335532676996796,0.506644673230032
DEAP:S27:T12,DEAP:S27,T12,0,4.18,2,1,1,2,exposed,baseline_only_context,train,0.01,0.3087918946807874,0.6912081053192126
DEAP:S27:T17,DEAP:S27,T17,1,9.0,2,1,1,2,exposed,baseline_only_context,train,0.01,0.35699086739846586,0.6430091326015341
DEAP:S27:T24,DEAP:S27,T24,1,8.9,2,1,1,2,exposed,baseline_only_context,train,0.01,0.6203608372852523,0.37963916271474774
DEAP:S27:T31,DEAP:S27,T31,1,5.08,2,1,1,2,exposed,baseline_only_context,train,0.01,0.5145881409936942,0.4854118590063058
DEAP:S27:T35,DEAP:S27,T35,0,1.0,2,1,1,2,exposed,baseline_only_context,train,0.01,0.6880646568757569,0.3119353431242431
DEAP:S27:T36,DEAP:S27,T36,1,6.13,2,1,1,2,exposed,baseline_only_context,train,0.01,0.6393642770125658,0.36063572298743424
DEAP:S27:T37,DEAP:S27,T37,0,2.99,2,1,1,2,exposed,baseline_only_context,train,0.01,0.6955081091253237,0.30449189087467626
DEAP:S27:T40,DEAP:S27,T40,1,5.04,2,1,1,2,exposed,baseline_only_context,train,0.01,0.5257710527063088,0.47422894729369125
DEAP:S28:T03,DEAP:S28,T03,1,9.0,2,1,1,2,exposed,baseline_only_context,train,0.01,0.19506252863653062,0.8049374713634694
DEAP:S28:T05,DEAP:S28,T05,1,7.04,2,1,1,2,exposed,baseline_only_context,train,0.01,0.30946227602050336,0.6905377239794966
DEAP:S28:T07,DEAP:S28,T07,1,8.09,2,1,1,2,exposed,baseline_only_context,train,0.01,0.27580481360017495,0.724195186399825
DEAP:S28:T09,DEAP:S28,T09,1,5.04,2,1,1,2,exposed,baseline_only_context,train,0.01,0.16030818609595932,0.8396918139040407
DEAP:S28:T10,DEAP:S28,T10,1,7.99,2,1,1,2,exposed,baseline_only_context,train,0.01,0.411431085924864,0.588568914075136
DEAP:S28:T12,DEAP:S28,T12,1,6.06,2,1,1,2,exposed,baseline_only_context,train,0.01,0.25382731502546485,0.7461726849745351
DEAP:S28:T24,DEAP:S28,T24,0,4.04,2,1,1,2,exposed,baseline_only_context,train,0.01,0.564910966990068,0.4350890330099319
DEAP:S28:T31,DEAP:S28,T31,1,6.91,2,1,1,2,exposed,baseline_only_context,train,0.01,0.4684309258833069,0.5315690741166931
DEAP:S28:T34,DEAP:S28,T34,1,5.99,2,1,1,2,exposed,baseline_only_context,train,0.01,0.5620661995605793,0.4379338004394206
DEAP:S28:T35,DEAP:S28,T35,0,1.08,2,1,1,2,exposed,baseline_only_context,train,0.01,0.582077058648731,0.41792294135126895
DEAP:S28:T36,DEAP:S28,T36,0,3.08,2,1,1,2,exposed,baseline_only_context,train,0.01,0.5195131660701597,0.4804868339298403
DEAP:S28:T37,DEAP:S28,T37,0,1.01,2,1,1,2,exposed,baseline_only_context,train,0.01,0.608915725591544,0.391084274408456
DEAP:S29:T01,DEAP:S29,T01,1,6.06,2,1,1,2,exposed,baseline_only_context,train,0.01,0.12249980235748825,0.8775001976425117
DEAP:S29:T03,DEAP:S29,T03,1,9.0,2,1,1,2,exposed,baseline_only_context,train,0.01,0.2414435547402065,0.7585564452597935
DEAP:S29:T05,DEAP:S29,T05,1,6.05,2,1,1,2,exposed,baseline_only_context,train,0.01,0.3781133016298639,0.6218866983701361
DEAP:S29:T06,DEAP:S29,T06,1,8.03,2,1,1,2,exposed,baseline_only_context,train,0.01,0.28508365798696633,0.7149163420130337
DEAP:S29:T07,DEAP:S29,T07,1,7.04,2,1,1,2,exposed,baseline_only_context,train,0.01,0.2680846753011662,0.7319153246988338
DEAP:S29:T10,DEAP:S29,T10,1,7.01,2,1,1,2,exposed,baseline_only_context,train,0.01,0.4548705977746741,0.5451294022253259
DEAP:S29:T12,DEAP:S29,T12,1,6.04,2,1,1,2,exposed,baseline_only_context,train,0.01,0.31208221801039826,0.6879177819896017
DEAP:S29:T17,DEAP:S29,T17,1,5.08,2,1,1,2,exposed,baseline_only_context,train,0.01,0.30481085462290136,0.6951891453770986
DEAP:S29:T24,DEAP:S29,T24,0,4.12,2,1,1,2,exposed,baseline_only_context,train,0.01,0.5534589500828968,0.4465410499171032
DEAP:S29:T31,DEAP:S29,T31,0,1.0,2,1,1,2,exposed,baseline_only_context,train,0.01,0.5038590538900478,0.49614094610995213
DEAP:S29:T34,DEAP:S29,T34,0,3.95,2,1,1,2,exposed,baseline_only_context,train,0.01,0.6296176130855262,0.37038238691447384
DEAP:S29:T35,DEAP:S29,T35,0,1.92,2,1,1,2,exposed,baseline_only_context,train,0.01,0.6842548755816062,0.3157451244183938
DEAP:S29:T37,DEAP:S29,T37,1,5.01,2,1,1,2,exposed,baseline_only_context,train,0.01,0.6946836958378432,0.3053163041621568
DEAP:S29:T40,DEAP:S29,T40,1,6.01,2,1,1,2,exposed,baseline_only_context,train,0.01,0.49055248404632845,0.5094475159536715
DEAP:S30:T01,DEAP:S30,T01,1,5.04,2,1,1,2,exposed,baseline_only_context,train,0.01,0.18195842580891175,0.8180415741910882
DEAP:S30:T03,DEAP:S30,T03,1,6.15,2,1,1,2,exposed,baseline_only_context,train,0.01,0.3010622336495725,0.6989377663504275
DEAP:S30:T06,DEAP:S30,T06,1,6.22,2,1,1,2,exposed,baseline_only_context,train,0.01,0.2725853517115443,0.7274146482884557
DEAP:S30:T07,DEAP:S30,T07,0,4.05,2,1,1,2,exposed,baseline_only_context,train,0.01,0.34129606058825757,0.6587039394117424
DEAP:S30:T09,DEAP:S30,T09,1,7.08,2,1,1,2,exposed,baseline_only_context,train,0.01,0.216346724774649,0.783653275225351
DEAP:S30:T10,DEAP:S30,T10,1,5.08,2,1,1,2,exposed,baseline_only_context,train,0.01,0.5053943000899426,0.4946056999100575
DEAP:S30:T12,DEAP:S30,T12,1,5.15,2,1,1,2,exposed,baseline_only_context,train,0.01,0.33018993543761777,0.6698100645623822
DEAP:S30:T17,DEAP:S30,T17,1,7.13,2,1,1,2,exposed,baseline_only_context,train,0.01,0.30317329404227245,0.6968267059577276
DEAP:S30:T24,DEAP:S30,T24,1,5.99,2,1,1,2,exposed,baseline_only_context,train,0.01,0.6539348977318558,0.34606510226814424
DEAP:S30:T31,DEAP:S30,T31,0,3.86,2,1,1,2,exposed,baseline_only_context,train,0.01,0.5308186678545151,0.46918133214548485
DEAP:S30:T34,DEAP:S30,T34,0,4.99,2,1,1,2,exposed,baseline_only_context,train,0.01,0.6346916123220243,0.36530838767797563
DEAP:S30:T35,DEAP:S30,T35,1,5.04,2,1,1,2,exposed,baseline_only_context,train,0.01,0.7175807195272345,0.28241928047276554
DEAP:S30:T36,DEAP:S30,T36,0,4.03,2,1,1,2,exposed,baseline_only_context,train,0.01,0.6087285928726716,0.39127140712732844
DEAP:S30:T37,DEAP:S30,T37,0,4.13,2,1,1,2,exposed,baseline_only_context,train,0.01,0.7086148975912219,0.2913851024087781
DEAP:S31:T01,DEAP:S31,T01,1,6.79,2,1,1,2,exposed,baseline_only_context,train,0.01,0.1686409646401975,0.8313590353598025
DEAP:S31:T03,DEAP:S31,T03,1,8.04,2,1,1,2,exposed,baseline_only_context,train,0.01,0.24998760259010444,0.7500123974098956
DEAP:S31:T05,DEAP:S31,T05,1,6.22,2,1,1,2,exposed,baseline_only_context,train,0.01,0.4212372802108614,0.5787627197891386
DEAP:S31:T06,DEAP:S31,T06,0,4.99,2,1,1,2,exposed,baseline_only_context,train,0.01,0.31065335174137754,0.6893466482586225
DEAP:S31:T07,DEAP:S31,T07,1,6.05,2,1,1,2,exposed,baseline_only_context,train,0.01,0.4197311175258496,0.5802688824741504
DEAP:S31:T09,DEAP:S31,T09,1,6.06,2,1,1,2,exposed,baseline_only_context,train,0.01,0.2714051195462076,0.7285948804537924
DEAP:S31:T10,DEAP:S31,T10,0,4.01,2,1,1,2,exposed,baseline_only_context,train,0.01,0.5064249589807345,0.4935750410192655
DEAP:S31:T12,DEAP:S31,T12,1,7.14,2,1,1,2,exposed,baseline_only_context,train,0.01,0.35109055829464797,0.648909441705352
DEAP:S31:T17,DEAP:S31,T17,0,4.94,2,1,1,2,exposed,baseline_only_context,train,0.01,0.3630940450191409,0.6369059549808591
DEAP:S31:T34,DEAP:S31,T34,0,1.95,2,1,1,2,exposed,baseline_only_context,train,0.01,0.6770892165845434,0.32291078341545665
DEAP:S31:T35,DEAP:S31,T35,0,4.03,2,1,1,2,exposed,baseline_only_context,train,0.01,0.6896542755407575,0.31034572445924247
DEAP:S31:T36,DEAP:S31,T36,0,4.97,2,1,1,2,exposed,baseline_only_context,train,0.01,0.6447394972009675,0.3552605027990326
DEAP:S31:T37,DEAP:S31,T37,0,1.0,2,1,1,2,exposed,baseline_only_context,train,0.01,0.7017003665312349,0.29829963346876504
DEAP:S31:T40,DEAP:S31,T40,0,3.99,2,1,1,2,exposed,baseline_only_context,train,0.01,0.5279014178565591,0.47209858214344086
DEAP:S32:T01,DEAP:S32,T01,1,8.13,2,1,1,2,exposed,baseline_only_context,train,0.01,0.19420994362374155,0.8057900563762584
DEAP:S32:T03,DEAP:S32,T03,1,8.05,2,1,1,2,exposed,baseline_only_context,train,0.01,0.31988177332046785,0.6801182266795321
DEAP:S32:T05,DEAP:S32,T05,1,7.15,2,1,1,2,exposed,baseline_only_context,train,0.01,0.3822707268877662,0.6177292731122338
DEAP:S32:T06,DEAP:S32,T06,1,5.78,2,1,1,2,exposed,baseline_only_context,train,0.01,0.35341392548471606,0.6465860745152839
DEAP:S32:T07,DEAP:S32,T07,0,4.94,2,1,1,2,exposed,baseline_only_context,train,0.01,0.4051669908451002,0.5948330091548998
DEAP:S32:T10,DEAP:S32,T10,0,4.08,2,1,1,2,exposed,baseline_only_context,train,0.01,0.49594175433002075,0.5040582456699793
DEAP:S32:T12,DEAP:S32,T12,1,7.31,2,1,1,2,exposed,baseline_only_context,train,0.01,0.38164615116683276,0.6183538488331672
DEAP:S32:T17,DEAP:S32,T17,1,6.09,2,1,1,2,exposed,baseline_only_context,train,0.01,0.3414317183604635,0.6585682816395365
DEAP:S32:T24,DEAP:S32,T24,0,1.0,2,1,1,2,exposed,baseline_only_context,train,0.01,0.6209978422668522,0.3790021577331478
DEAP:S32:T31,DEAP:S32,T31,0,4.17,2,1,1,2,exposed,baseline_only_context,train,0.01,0.6028648664212514,0.39713513357874863
DEAP:S32:T34,DEAP:S32,T34,0,4.05,2,1,1,2,exposed,baseline_only_context,train,0.01,0.7290860825009027,0.2709139174990973
DEAP:S32:T35,DEAP:S32,T35,0,3.88,2,1,1,2,exposed,baseline_only_context,train,0.01,0.6818143977522267,0.31818560224777326
DEAP:S32:T36,DEAP:S32,T36,0,3.91,2,1,1,2,exposed,baseline_only_context,train,0.01,0.685354456538587,0.3146455434614131
DEAP:S32:T37,DEAP:S32,T37,0,2.81,2,1,1,2,exposed,baseline_only_context,train,0.01,0.752098886323134,0.247901113676866
DEAP:S32:T40,DEAP:S32,T40,1,7.15,2,1,1,2,exposed,baseline_only_context,train,0.01,0.6001248263584371,0.39987517364156294
DEAP:S02:T13,DEAP:S02,T13,1,9.0,2,1,1,2,exposed,baseline_only_context,validation_unseen,0.01,0.721496650051918,0.278503349948082
DEAP:S02:T14,DEAP:S02,T14,1,8.94,2,1,1,2,exposed,baseline_only_context,validation_unseen,0.01,0.724834115767561,0.27516588423243904
DEAP:S02:T15,DEAP:S02,T15,1,9.0,2,1,1,2,exposed,baseline_only_context,validation_unseen,0.01,0.7016341892714757,0.2983658107285243
DEAP:S02:T16,DEAP:S02,T16,1,6.0,2,1,1,2,exposed,baseline_only_context,validation_unseen,0.01,0.7186212209473961,0.2813787790526039
DEAP:S02:T20,DEAP:S02,T20,1,8.97,2,1,1,2,exposed,baseline_only_context,validation_unseen,0.01,0.621323247614325,0.378676752385675
DEAP:S02:T21,DEAP:S02,T21,0,1.0,2,1,1,2,exposed,baseline_only_context,validation_unseen,0.01,0.7600936991008349,0.2399063008991651
DEAP:S02:T27,DEAP:S02,T27,0,4.96,2,1,1,2,exposed,baseline_only_context,validation_unseen,0.01,0.7460611656980013,0.2539388343019987
DEAP:S02:T38,DEAP:S02,T38,0,1.0,2,1,1,2,exposed,baseline_only_context,validation_unseen,0.01,0.7562380420434929,0.24376195795650715
DEAP:S03:T13,DEAP:S03,T13,1,7.91,2,1,1,2,exposed,baseline_only_context,validation_unseen,0.01,0.428525231727074,0.571474768272926
DEAP:S03:T14,DEAP:S03,T14,1,7.29,2,1,1,2,exposed,baseline_only_context,validation_unseen,0.01,0.4457397347168419,0.5542602652831581
DEAP:S03:T15,DEAP:S03,T15,1,7.36,2,1,1,2,exposed,baseline_only_context,validation_unseen,0.01,0.41195765456263733,0.5880423454373627
DEAP:S03:T16,DEAP:S03,T16,1,7.15,2,1,1,2,exposed,baseline_only_context,validation_unseen,0.01,0.431959501858337,0.568040498141663
DEAP:S03:T20,DEAP:S03,T20,1,6.26,2,1,1,2,exposed,baseline_only_context,validation_unseen,0.01,0.42143119640019266,0.5785688035998073
DEAP:S03:T21,DEAP:S03,T21,0,4.99,2,1,1,2,exposed,baseline_only_context,validation_unseen,0.01,0.40686940104393954,0.5931305989560605
DEAP:S03:T27,DEAP:S03,T27,1,6.72,2,1,1,2,exposed,baseline_only_context,validation_unseen,0.01,0.4292642756803453,0.5707357243196547
DEAP:S03:T38,DEAP:S03,T38,0,4.53,2,1,1,2,exposed,baseline_only_context,validation_unseen,0.01,0.42632697142062626,0.5736730285793737
DEAP:S15:T13,DEAP:S15,T13,1,7.06,2,1,1,2,exposed,baseline_only_context,validation_unseen,0.01,0.42814726002709014,0.5718527399729099
DEAP:S15:T14,DEAP:S15,T14,1,8.15,2,1,1,2,exposed,baseline_only_context,validation_unseen,0.01,0.4380506119037667,0.5619493880962333
DEAP:S15:T15,DEAP:S15,T15,1,8.12,2,1,1,2,exposed,baseline_only_context,validation_unseen,0.01,0.4430339191395548,0.5569660808604452
DEAP:S15:T16,DEAP:S15,T16,0,4.17,2,1,1,2,exposed,baseline_only_context,validation_unseen,0.01,0.42007419819194314,0.5799258018080569
DEAP:S15:T20,DEAP:S15,T20,1,7.97,2,1,1,2,exposed,baseline_only_context,validation_unseen,0.01,0.44403397881850903,0.555966021181491
DEAP:S15:T21,DEAP:S15,T21,0,3.09,2,1,1,2,exposed,baseline_only_context,validation_unseen,0.01,0.42066277603865343,0.5793372239613466
DEAP:S15:T27,DEAP:S15,T27,1,6.0,2,1,1,2,exposed,baseline_only_context,validation_unseen,0.01,0.476954580314886,0.523045419685114
DEAP:S15:T38,DEAP:S15,T38,0,2.08,2,1,1,2,exposed,baseline_only_context,validation_unseen,0.01,0.4340999529011512,0.5659000470988488
DEAP:S20:T13,DEAP:S20,T13,1,7.91,2,1,1,2,exposed,baseline_only_context,validation_unseen,0.01,0.53292226062624,0.46707773937376
DEAP:S20:T14,DEAP:S20,T14,1,6.4,2,1,1,2,exposed,baseline_only_context,validation_unseen,0.01,0.5170738914171067,0.4829261085828933
DEAP:S20:T15,DEAP:S20,T15,1,6.35,2,1,1,2,exposed,baseline_only_context,validation_unseen,0.01,0.4727771714567056,0.5272228285432944
DEAP:S20:T16,DEAP:S20,T16,1,5.03,2,1,1,2,exposed,baseline_only_context,validation_unseen,0.01,0.5357388307574436,0.46426116924255645
DEAP:S20:T20,DEAP:S20,T20,1,6.65,2,1,1,2,exposed,baseline_only_context,validation_unseen,0.01,0.5308606075533422,0.46913939244665775
DEAP:S20:T21,DEAP:S20,T21,0,4.97,2,1,1,2,exposed,baseline_only_context,validation_unseen,0.01,0.5444954587491883,0.45550454125081175
DEAP:S20:T27,DEAP:S20,T27,1,5.03,2,1,1,2,exposed,baseline_only_context,validation_unseen,0.01,0.5040448065106689,0.4959551934893312
DEAP:S20:T38,DEAP:S20,T38,0,3.38,2,1,1,2,exposed,baseline_only_context,validation_unseen,0.01,0.491850484075651,0.508149515924349
DEAP:S02:T01,DEAP:S02,T01,1,9.0,2,1,1,2,exposed,baseline_only_context,validation_familiar,0.01,0.4157985129679648,0.5842014870320352
DEAP:S02:T03,DEAP:S02,T03,1,9.0,2,1,1,2,exposed,baseline_only_context,validation_familiar,0.01,0.6052158521730959,0.39478414782690413
DEAP:S02:T05,DEAP:S02,T05,1,5.04,2,1,1,2,exposed,baseline_only_context,validation_familiar,0.01,0.7114983512190989,0.28850164878090107
DEAP:S02:T07,DEAP:S02,T07,0,4.96,2,1,1,2,exposed,baseline_only_context,validation_familiar,0.01,0.666384317205376,0.33361568279462395
DEAP:S02:T09,DEAP:S02,T09,1,9.0,2,1,1,2,exposed,baseline_only_context,validation_familiar,0.01,0.502431521533157,0.4975684784668431
DEAP:S02:T10,DEAP:S02,T10,0,4.99,2,1,1,2,exposed,baseline_only_context,validation_familiar,0.01,0.7578879617679357,0.24211203823206423
DEAP:S02:T12,DEAP:S02,T12,1,8.01,2,1,1,2,exposed,baseline_only_context,validation_familiar,0.01,0.5900060098410402,0.4099939901589597
DEAP:S02:T17,DEAP:S02,T17,1,9.0,2,1,1,2,exposed,baseline_only_context,validation_familiar,0.01,0.6599101472462076,0.34008985275379244
DEAP:S02:T24,DEAP:S02,T24,1,7.08,2,1,1,2,exposed,baseline_only_context,validation_familiar,0.01,0.8418301923550554,0.15816980764494457
DEAP:S02:T31,DEAP:S02,T31,0,4.06,2,1,1,2,exposed,baseline_only_context,validation_familiar,0.01,0.8307287214784325,0.16927127852156748
DEAP:S02:T34,DEAP:S02,T34,0,4.87,2,1,1,2,exposed,baseline_only_context,validation_familiar,0.01,0.7754064935716465,0.22459350642835352
DEAP:S02:T35,DEAP:S02,T35,0,1.99,2,1,1,2,exposed,baseline_only_context,validation_familiar,0.01,0.8979240739998118,0.10207592600018817
DEAP:S02:T36,DEAP:S02,T36,1,5.04,2,1,1,2,exposed,baseline_only_context,validation_familiar,0.01,0.8451329743593199,0.15486702564068008
DEAP:S02:T37,DEAP:S02,T37,0,1.0,2,1,1,2,exposed,baseline_only_context,validation_familiar,0.01,0.891398702127141,0.10860129787285895
DEAP:S02:T40,DEAP:S02,T40,1,6.05,2,1,1,2,exposed,baseline_only_context,validation_familiar,0.01,0.7935136796900191,0.2064863203099809
DEAP:S03:T01,DEAP:S03,T01,1,5.33,2,1,1,2,exposed,baseline_only_context,validation_familiar,0.01,0.12491941652722849,0.8750805834727715
DEAP:S03:T03,DEAP:S03,T03,1,7.55,2,1,1,2,exposed,baseline_only_context,validation_familiar,0.01,0.26473773739292983,0.7352622626070702
DEAP:S03:T05,DEAP:S03,T05,1,6.92,2,1,1,2,exposed,baseline_only_context,validation_familiar,0.01,0.3844244184089157,0.6155755815910843
DEAP:S03:T06,DEAP:S03,T06,1,6.79,2,1,1,2,exposed,baseline_only_context,validation_familiar,0.01,0.26632038385287315,0.7336796161471268
DEAP:S03:T07,DEAP:S03,T07,1,5.45,2,1,1,2,exposed,baseline_only_context,validation_familiar,0.01,0.3624900571378822,0.6375099428621178
DEAP:S03:T09,DEAP:S03,T09,1,7.33,2,1,1,2,exposed,baseline_only_context,validation_familiar,0.01,0.231031808868574,0.768968191131426
DEAP:S03:T10,DEAP:S03,T10,0,4.45,2,1,1,2,exposed,baseline_only_context,validation_familiar,0.01,0.4263728566970105,0.5736271433029895
DEAP:S03:T12,DEAP:S03,T12,1,6.36,2,1,1,2,exposed,baseline_only_context,validation_familiar,0.01,0.32998596822359083,0.6700140317764092
DEAP:S03:T17,DEAP:S03,T17,0,4.56,2,1,1,2,exposed,baseline_only_context,validation_familiar,0.01,0.32543750500879753,0.6745624949912025
DEAP:S03:T24,DEAP:S03,T24,0,3.31,2,1,1,2,exposed,baseline_only_context,validation_familiar,0.01,0.5623695271467395,0.4376304728532605
DEAP:S03:T31,DEAP:S03,T31,0,4.44,2,1,1,2,exposed,baseline_only_context,validation_familiar,0.01,0.4888881185213013,0.5111118814786987
DEAP:S03:T34,DEAP:S03,T34,0,4.72,2,1,1,2,exposed,baseline_only_context,validation_familiar,0.01,0.6293866625565374,0.37061333744346253
DEAP:S03:T35,DEAP:S03,T35,0,3.18,2,1,1,2,exposed,baseline_only_context,validation_familiar,0.01,0.6569737061826297,0.3430262938173702
DEAP:S03:T36,DEAP:S03,T36,1,5.01,2,1,1,2,exposed,baseline_only_context,validation_familiar,0.01,0.5828933590730749,0.417106640926925
DEAP:S03:T37,DEAP:S03,T37,0,4.92,2,1,1,2,exposed,baseline_only_context,validation_familiar,0.01,0.6641558882806915,0.33584411171930845
DEAP:S03:T40,DEAP:S03,T40,1,5.38,2,1,1,2,exposed,baseline_only_context,validation_familiar,0.01,0.4825794800742822,0.5174205199257178
DEAP:S15:T01,DEAP:S15,T01,1,8.9,2,1,1,2,exposed,baseline_only_context,validation_familiar,0.01,0.17955519033819267,0.8204448096618073
DEAP:S15:T03,DEAP:S15,T03,1,8.04,2,1,1,2,exposed,baseline_only_context,validation_familiar,0.01,0.24256972385226683,0.7574302761477332
DEAP:S15:T05,DEAP:S15,T05,1,9.0,2,1,1,2,exposed,baseline_only_context,validation_familiar,0.01,0.37527874763543556,0.6247212523645644
DEAP:S15:T06,DEAP:S15,T06,1,9.0,2,1,1,2,exposed,baseline_only_context,validation_familiar,0.01,0.26985820398293314,0.7301417960170669
DEAP:S15:T07,DEAP:S15,T07,1,5.04,2,1,1,2,exposed,baseline_only_context,validation_familiar,0.01,0.34037116263308376,0.6596288373669162
DEAP:S15:T09,DEAP:S15,T09,1,9.0,2,1,1,2,exposed,baseline_only_context,validation_familiar,0.01,0.2208195465189826,0.7791804534810174
DEAP:S15:T10,DEAP:S15,T10,0,4.99,2,1,1,2,exposed,baseline_only_context,validation_familiar,0.01,0.4919779683304698,0.5080220316695302
DEAP:S15:T12,DEAP:S15,T12,1,7.08,2,1,1,2,exposed,baseline_only_context,validation_familiar,0.01,0.30429774415874034,0.6957022558412597
DEAP:S15:T17,DEAP:S15,T17,1,8.1,2,1,1,2,exposed,baseline_only_context,validation_familiar,0.01,0.31661769029325293,0.6833823097067471
DEAP:S15:T24,DEAP:S15,T24,0,1.92,2,1,1,2,exposed,baseline_only_context,validation_familiar,0.01,0.5871638221483941,0.41283617785160587
DEAP:S15:T31,DEAP:S15,T31,0,2.99,2,1,1,2,exposed,baseline_only_context,validation_familiar,0.01,0.5472647550586589,0.45273524494134115
DEAP:S15:T34,DEAP:S15,T34,0,3.01,2,1,1,2,exposed,baseline_only_context,validation_familiar,0.01,0.6195136455685859,0.38048635443141404
DEAP:S15:T35,DEAP:S15,T35,1,5.05,2,1,1,2,exposed,baseline_only_context,validation_familiar,0.01,0.6805230682681322,0.31947693173186775
DEAP:S15:T36,DEAP:S15,T36,0,3.96,2,1,1,2,exposed,baseline_only_context,validation_familiar,0.01,0.6179907469467887,0.38200925305321126
DEAP:S15:T37,DEAP:S15,T37,0,3.04,2,1,1,2,exposed,baseline_only_context,validation_familiar,0.01,0.7131493439338277,0.28685065606617227
DEAP:S15:T40,DEAP:S15,T40,0,4.01,2,1,1,2,exposed,baseline_only_context,validation_familiar,0.01,0.47127327952902753,0.5287267204709725
DEAP:S20:T01,DEAP:S20,T01,1,5.76,2,1,1,2,exposed,baseline_only_context,validation_familiar,0.01,0.20156075906711113,0.7984392409328889
DEAP:S20:T03,DEAP:S20,T03,1,7.18,2,1,1,2,exposed,baseline_only_context,validation_familiar,0.01,0.35731084261702006,0.6426891573829799
DEAP:S20:T05,DEAP:S20,T05,1,8.82,2,1,1,2,exposed,baseline_only_context,validation_familiar,0.01,0.45883543116813486,0.5411645688318651
DEAP:S20:T06,DEAP:S20,T06,1,7.62,2,1,1,2,exposed,baseline_only_context,validation_familiar,0.01,0.39554433583882287,0.6044556641611771
DEAP:S20:T07,DEAP:S20,T07,1,5.27,2,1,1,2,exposed,baseline_only_context,validation_familiar,0.01,0.4380771730482196,0.5619228269517804
DEAP:S20:T09,DEAP:S20,T09,1,8.22,2,1,1,2,exposed,baseline_only_context,validation_familiar,0.01,0.33973690303527937,0.6602630969647206
DEAP:S20:T10,DEAP:S20,T10,1,5.13,2,1,1,2,exposed,baseline_only_context,validation_familiar,0.01,0.5529553799559979,0.44704462004400214
DEAP:S20:T12,DEAP:S20,T12,1,7.64,2,1,1,2,exposed,baseline_only_context,validation_familiar,0.01,0.420678901523312,0.579321098476688
DEAP:S20:T17,DEAP:S20,T17,1,5.04,2,1,1,2,exposed,baseline_only_context,validation_familiar,0.01,0.40899308102813814,0.5910069189718619
DEAP:S20:T24,DEAP:S20,T24,0,3.0,2,1,1,2,exposed,baseline_only_context,validation_familiar,0.01,0.7466540537365992,0.2533459462634008
DEAP:S20:T31,DEAP:S20,T31,0,4.46,2,1,1,2,exposed,baseline_only_context,validation_familiar,0.01,0.6681972350111214,0.3318027649888786
DEAP:S20:T34,DEAP:S20,T34,0,4.74,2,1,1,2,exposed,baseline_only_context,validation_familiar,0.01,0.7171045541900471,0.2828954458099529
DEAP:S20:T35,DEAP:S20,T35,0,4.35,2,1,1,2,exposed,baseline_only_context,validation_familiar,0.01,0.7474511433977273,0.25254885660227266
DEAP:S20:T36,DEAP:S20,T36,0,4.29,2,1,1,2,exposed,baseline_only_context,validation_familiar,0.01,0.6691783782247704,0.3308216217752295
DEAP:S20:T37,DEAP:S20,T37,0,3.01,2,1,1,2,exposed,baseline_only_context,validation_familiar,0.01,0.7514469282294512,0.24855307177054878
DEAP:S20:T40,DEAP:S20,T40,0,4.94,2,1,1,2,exposed,baseline_only_context,validation_familiar,0.01,0.5747424200011506,0.42525757999884944
DEAP:S01:T01,DEAP:S01,T01,1,7.71,2,1,1,2,exposed,baseline_only_context,train,0.1,0.07481400011698403,0.925185999883016
DEAP:S01:T03,DEAP:S01,T03,1,8.58,2,1,1,2,exposed,baseline_only_context,train,0.1,0.32631863358930024,0.6736813664106998
DEAP:S01:T05,DEAP:S01,T05,1,6.96,2,1,1,2,exposed,baseline_only_context,train,0.1,0.5713693150685186,0.4286306849314813
DEAP:S01:T06,DEAP:S01,T06,1,8.27,2,1,1,2,exposed,baseline_only_context,train,0.1,0.25970129099191486,0.7402987090080851
DEAP:S01:T07,DEAP:S01,T07,1,7.44,2,1,1,2,exposed,baseline_only_context,train,0.1,0.5796138392817617,0.4203861607182383
DEAP:S01:T09,DEAP:S01,T09,0,4.04,2,1,1,2,exposed,baseline_only_context,train,0.1,0.13639586931762548,0.8636041306823745
DEAP:S01:T10,DEAP:S01,T10,0,1.99,2,1,1,2,exposed,baseline_only_context,train,0.1,0.6340755797140826,0.36592442028591743
DEAP:S01:T12,DEAP:S01,T12,0,2.71,2,1,1,2,exposed,baseline_only_context,train,0.1,0.3026071738699492,0.6973928261300508
DEAP:S01:T17,DEAP:S01,T17,0,2.46,2,1,1,2,exposed,baseline_only_context,train,0.1,0.2731003218659668,0.7268996781340332
DEAP:S01:T24,DEAP:S01,T24,1,7.04,2,1,1,2,exposed,baseline_only_context,train,0.1,0.7161942441754268,0.28380575582457324
DEAP:S01:T31,DEAP:S01,T31,0,3.03,2,1,1,2,exposed,baseline_only_context,train,0.1,0.7472179498117684,0.25278205018823163
DEAP:S01:T34,DEAP:S01,T34,0,2.28,2,1,1,2,exposed,baseline_only_context,train,0.1,0.8065987156730656,0.19340128432693435
DEAP:S01:T35,DEAP:S01,T35,0,2.06,2,1,1,2,exposed,baseline_only_context,train,0.1,0.9380982114232143,0.06190178857678574
DEAP:S01:T36,DEAP:S01,T36,0,2.9,2,1,1,2,exposed,baseline_only_context,train,0.1,0.823383305658899,0.17661669434110103
DEAP:S01:T37,DEAP:S01,T37,0,2.31,2,1,1,2,exposed,baseline_only_context,train,0.1,0.9112283780532612,0.08877162194673882
DEAP:S01:T40,DEAP:S01,T40,1,5.1,2,1,1,2,exposed,baseline_only_context,train,0.1,0.6275496796303166,0.37245032036968345
DEAP:S04:T01,DEAP:S04,T01,1,6.68,2,1,1,2,exposed,baseline_only_context,train,0.1,0.151595797806362,0.848404202193638
DEAP:S04:T03,DEAP:S04,T03,1,8.95,2,1,1,2,exposed,baseline_only_context,train,0.1,0.45796054296580857,0.5420394570341914
DEAP:S04:T05,DEAP:S04,T05,0,4.06,2,1,1,2,exposed,baseline_only_context,train,0.1,0.5764478144260445,0.4235521855739555
DEAP:S04:T06,DEAP:S04,T06,1,5.01,2,1,1,2,exposed,baseline_only_context,train,0.1,0.29411133431328673,0.7058886656867133
DEAP:S04:T07,DEAP:S04,T07,0,2.94,2,1,1,2,exposed,baseline_only_context,train,0.1,0.6070775904672459,0.3929224095327542
DEAP:S04:T10,DEAP:S04,T10,0,3.15,2,1,1,2,exposed,baseline_only_context,train,0.1,0.6806093631555153,0.31939063684448465
DEAP:S04:T12,DEAP:S04,T12,1,5.04,2,1,1,2,exposed,baseline_only_context,train,0.1,0.38014407050007337,0.6198559294999266
DEAP:S04:T17,DEAP:S04,T17,1,7.01,2,1,1,2,exposed,baseline_only_context,train,0.1,0.6197800839601095,0.38021991603989047
DEAP:S04:T24,DEAP:S04,T24,0,2.71,2,1,1,2,exposed,baseline_only_context,train,0.1,0.886541828253737,0.11345817174626309
DEAP:S04:T31,DEAP:S04,T31,0,2.01,2,1,1,2,exposed,baseline_only_context,train,0.1,0.8405218004074606,0.15947819959253945
DEAP:S04:T34,DEAP:S04,T34,0,2.17,2,1,1,2,exposed,baseline_only_context,train,0.1,0.9491538084599718,0.050846191540028195
DEAP:S04:T35,DEAP:S04,T35,0,2.03,2,1,1,2,exposed,baseline_only_context,train,0.1,0.9112803967655245,0.08871960323447546
DEAP:S04:T36,DEAP:S04,T36,0,2.72,2,1,1,2,exposed,baseline_only_context,train,0.1,0.906637847608364,0.09336215239163602
DEAP:S04:T37,DEAP:S04,T37,0,1.0,2,1,1,2,exposed,baseline_only_context,train,0.1,0.9009252884577397,0.09907471154226027
DEAP:S04:T40,DEAP:S04,T40,0,1.86,2,1,1,2,exposed,baseline_only_context,train,0.1,0.8641794590801567,0.13582054091984327
DEAP:S05:T01,DEAP:S05,T01,1,6.97,2,1,1,2,exposed,baseline_only_context,train,0.1,0.06891874341726312,0.9310812565827369
DEAP:S05:T03,DEAP:S05,T03,0,4.95,2,1,1,2,exposed,baseline_only_context,train,0.1,0.12979705885609905,0.870202941143901
DEAP:S05:T05,DEAP:S05,T05,0,3.04,2,1,1,2,exposed,baseline_only_context,train,0.1,0.31637717804650023,0.6836228219534998
DEAP:S05:T06,DEAP:S05,T06,1,8.09,2,1,1,2,exposed,baseline_only_context,train,0.1,0.18783569164601321,0.8121643083539868
DEAP:S05:T07,DEAP:S05,T07,1,5.12,2,1,1,2,exposed,baseline_only_context,train,0.1,0.12981621671655152,0.8701837832834485
DEAP:S05:T09,DEAP:S05,T09,1,6.94,2,1,1,2,exposed,baseline_only_context,train,0.1,0.09715280692883521,0.9028471930711648
DEAP:S05:T10,DEAP:S05,T10,0,3.03,2,1,1,2,exposed,baseline_only_context,train,0.1,0.4392178259077857,0.5607821740922143
DEAP:S05:T12,DEAP:S05,T12,1,7.08,2,1,1,2,exposed,baseline_only_context,train,0.1,0.12476423800725644,0.8752357619927436
DEAP:S05:T17,DEAP:S05,T17,1,6.88,2,1,1,2,exposed,baseline_only_context,train,0.1,0.185710378828435,0.814289621171565
DEAP:S05:T24,DEAP:S05,T24,0,4.0,2,1,1,2,exposed,baseline_only_context,train,0.1,0.6760678611913766,0.32393213880862337
DEAP:S05:T31,DEAP:S05,T31,1,6.9,2,1,1,2,exposed,baseline_only_context,train,0.1,0.4779083624314532,0.5220916375685468
DEAP:S05:T34,DEAP:S05,T34,1,6.03,2,1,1,2,exposed,baseline_only_context,train,0.1,0.5954531681151314,0.4045468318848687
DEAP:S05:T35,DEAP:S05,T35,0,4.86,2,1,1,2,exposed,baseline_only_context,train,0.1,0.8356299467427075,0.1643700532572925
DEAP:S05:T36,DEAP:S05,T36,0,4.91,2,1,1,2,exposed,baseline_only_context,train,0.1,0.7216018403861841,0.2783981596138159
DEAP:S05:T37,DEAP:S05,T37,0,1.91,2,1,1,2,exposed,baseline_only_context,train,0.1,0.7738473203198402,0.22615267968015987
DEAP:S05:T40,DEAP:S05,T40,1,7.0,2,1,1,2,exposed,baseline_only_context,train,0.1,0.5341711170198503,0.4658288829801497
DEAP:S06:T01,DEAP:S06,T01,1,8.19,2,1,1,2,exposed,baseline_only_context,train,0.1,0.038389393699846286,0.9616106063001537
DEAP:S06:T03,DEAP:S06,T03,1,7.69,2,1,1,2,exposed,baseline_only_context,train,0.1,0.10102759994658317,0.8989724000534168
DEAP:S06:T05,DEAP:S06,T05,1,7.01,2,1,1,2,exposed,baseline_only_context,train,0.1,0.26429282124402476,0.7357071787559752
DEAP:S06:T06,DEAP:S06,T06,1,8.05,2,1,1,2,exposed,baseline_only_context,train,0.1,0.1745049139428103,0.8254950860571897
DEAP:S06:T07,DEAP:S06,T07,1,8.26,2,1,1,2,exposed,baseline_only_context,train,0.1,0.17789252058673455,0.8221074794132655
DEAP:S06:T09,DEAP:S06,T09,1,7.87,2,1,1,2,exposed,baseline_only_context,train,0.1,0.07367343553341033,0.9263265644665897
DEAP:S06:T10,DEAP:S06,T10,1,7.37,2,1,1,2,exposed,baseline_only_context,train,0.1,0.44900447312216163,0.5509955268778384
DEAP:S06:T12,DEAP:S06,T12,1,7.17,2,1,1,2,exposed,baseline_only_context,train,0.1,0.18917691000471826,0.8108230899952817
DEAP:S06:T17,DEAP:S06,T17,1,6.72,2,1,1,2,exposed,baseline_only_context,train,0.1,0.275485165114303,0.724514834885697
DEAP:S06:T24,DEAP:S06,T24,0,3.5,2,1,1,2,exposed,baseline_only_context,train,0.1,0.774392580807234,0.2256074191927659
DEAP:S06:T35,DEAP:S06,T35,0,3.96,2,1,1,2,exposed,baseline_only_context,train,0.1,0.7312386383649504,0.2687613616350496
DEAP:S06:T36,DEAP:S06,T36,1,5.71,2,1,1,2,exposed,baseline_only_context,train,0.1,0.6904140870896165,0.30958591291038345
DEAP:S06:T37,DEAP:S06,T37,0,4.83,2,1,1,2,exposed,baseline_only_context,train,0.1,0.7390744136727637,0.2609255863272363
DEAP:S06:T40,DEAP:S06,T40,0,4.85,2,1,1,2,exposed,baseline_only_context,train,0.1,0.47824267366197926,0.5217573263380207
DEAP:S07:T01,DEAP:S07,T01,1,8.1,2,1,1,2,exposed,baseline_only_context,train,0.1,0.008519770032228702,0.9914802299677713
DEAP:S07:T03,DEAP:S07,T03,1,7.1,2,1,1,2,exposed,baseline_only_context,train,0.1,0.04330229096050353,0.9566977090394965
DEAP:S07:T05,DEAP:S07,T05,1,7.05,2,1,1,2,exposed,baseline_only_context,train,0.1,0.1309877837006601,0.8690122162993399
DEAP:S07:T07,DEAP:S07,T07,1,7.08,2,1,1,2,exposed,baseline_only_context,train,0.1,0.10546388416686092,0.8945361158331391
DEAP:S07:T09,DEAP:S07,T09,1,6.99,2,1,1,2,exposed,baseline_only_context,train,0.1,0.039859529001204486,0.9601404709987955
DEAP:S07:T10,DEAP:S07,T10,1,7.09,2,1,1,2,exposed,baseline_only_context,train,0.1,0.3415689392497212,0.6584310607502788
DEAP:S07:T17,DEAP:S07,T17,1,7.12,2,1,1,2,exposed,baseline_only_context,train,0.1,0.15857575969408277,0.8414242403059172
DEAP:S07:T24,DEAP:S07,T24,0,1.97,2,1,1,2,exposed,baseline_only_context,train,0.1,0.5958351614179823,0.4041648385820177
DEAP:S07:T31,DEAP:S07,T31,1,6.96,2,1,1,2,exposed,baseline_only_context,train,0.1,0.4340876232359552,0.5659123767640448
DEAP:S07:T34,DEAP:S07,T34,0,4.01,2,1,1,2,exposed,baseline_only_context,train,0.1,0.6137385161784005,0.3862614838215995
DEAP:S07:T35,DEAP:S07,T35,1,5.01,2,1,1,2,exposed,baseline_only_context,train,0.1,0.7138222110709918,0.2861777889290083
DEAP:S07:T36,DEAP:S07,T36,1,8.1,2,1,1,2,exposed,baseline_only_context,train,0.1,0.4864418579850396,0.5135581420149604
DEAP:S07:T37,DEAP:S07,T37,1,5.05,2,1,1,2,exposed,baseline_only_context,train,0.1,0.549457420775133,0.450542579224867
DEAP:S08:T01,DEAP:S08,T01,1,7.6,2,1,1,2,exposed,baseline_only_context,train,0.1,0.053852982978574326,0.9461470170214257
DEAP:S08:T03,DEAP:S08,T03,1,8.15,2,1,1,2,exposed,baseline_only_context,train,0.1,0.170168809126219,0.829831190873781
DEAP:S08:T05,DEAP:S08,T05,0,4.41,2,1,1,2,exposed,baseline_only_context,train,0.1,0.3763007570188023,0.6236992429811977
DEAP:S08:T06,DEAP:S08,T06,1,7.4,2,1,1,2,exposed,baseline_only_context,train,0.1,0.27443853417135144,0.7255614658286486
DEAP:S08:T07,DEAP:S08,T07,1,5.04,2,1,1,2,exposed,baseline_only_context,train,0.1,0.3280320125584517,0.6719679874415483
DEAP:S08:T09,DEAP:S08,T09,1,8.78,2,1,1,2,exposed,baseline_only_context,train,0.1,0.10069160144329459,0.8993083985567054
DEAP:S08:T10,DEAP:S08,T10,0,4.97,2,1,1,2,exposed,baseline_only_context,train,0.1,0.5195515593552844,0.4804484406447156
DEAP:S08:T12,DEAP:S08,T12,1,8.47,2,1,1,2,exposed,baseline_only_context,train,0.1,0.3151461207709755,0.6848538792290245
DEAP:S08:T17,DEAP:S08,T17,1,6.67,2,1,1,2,exposed,baseline_only_context,train,0.1,0.32554206609154845,0.6744579339084515
DEAP:S08:T24,DEAP:S08,T24,0,4.15,2,1,1,2,exposed,baseline_only_context,train,0.1,0.8228270481995026,0.17717295180049739
DEAP:S08:T31,DEAP:S08,T31,0,1.45,2,1,1,2,exposed,baseline_only_context,train,0.1,0.6517236971911244,0.3482763028088755
DEAP:S08:T34,DEAP:S08,T34,1,5.05,2,1,1,2,exposed,baseline_only_context,train,0.1,0.6576594304435472,0.3423405695564528
DEAP:S08:T35,DEAP:S08,T35,0,3.62,2,1,1,2,exposed,baseline_only_context,train,0.1,0.89316232259445,0.10683767740554999
DEAP:S08:T36,DEAP:S08,T36,0,1.21,2,1,1,2,exposed,baseline_only_context,train,0.1,0.8099538050911781,0.19004619490882196
DEAP:S08:T37,DEAP:S08,T37,1,5.06,2,1,1,2,exposed,baseline_only_context,train,0.1,0.8749704058557921,0.12502959414420783
DEAP:S08:T40,DEAP:S08,T40,0,3.13,2,1,1,2,exposed,baseline_only_context,train,0.1,0.6159438556701289,0.38405614432987106
DEAP:S09:T05,DEAP:S09,T05,0,4.99,2,1,1,2,exposed,baseline_only_context,train,0.1,0.47174865978188063,0.5282513402181194
DEAP:S09:T06,DEAP:S09,T06,1,7.04,2,1,1,2,exposed,baseline_only_context,train,0.1,0.20842543973155703,0.791574560268443
DEAP:S09:T07,DEAP:S09,T07,1,5.08,2,1,1,2,exposed,baseline_only_context,train,0.1,0.2593800934467827,0.7406199065532173
DEAP:S09:T09,DEAP:S09,T09,1,5.96,2,1,1,2,exposed,baseline_only_context,train,0.1,0.0718004710794512,0.9281995289205488
DEAP:S09:T10,DEAP:S09,T10,0,3.94,2,1,1,2,exposed,baseline_only_context,train,0.1,0.5641855112051305,0.4358144887948695
DEAP:S09:T24,DEAP:S09,T24,0,4.03,2,1,1,2,exposed,baseline_only_context,train,0.1,0.8051237599846105,0.19487624001538947
DEAP:S09:T31,DEAP:S09,T31,1,6.06,2,1,1,2,exposed,baseline_only_context,train,0.1,0.5665036809100951,0.43349631908990494
DEAP:S09:T34,DEAP:S09,T34,1,5.06,2,1,1,2,exposed,baseline_only_context,train,0.1,0.8621268061512101,0.1378731938487899
DEAP:S09:T35,DEAP:S09,T35,0,3.01,2,1,1,2,exposed,baseline_only_context,train,0.1,0.8258539734191145,0.1741460265808855
DEAP:S09:T36,DEAP:S09,T36,0,3.08,2,1,1,2,exposed,baseline_only_context,train,0.1,0.7038775573400555,0.2961224426599445
DEAP:S09:T37,DEAP:S09,T37,0,2.99,2,1,1,2,exposed,baseline_only_context,train,0.1,0.8940688475165082,0.10593115248349179
DEAP:S09:T40,DEAP:S09,T40,1,5.04,2,1,1,2,exposed,baseline_only_context,train,0.1,0.45950164711620356,0.5404983528837964
DEAP:S10:T01,DEAP:S10,T01,1,7.91,2,1,1,2,exposed,baseline_only_context,train,0.1,0.029348752668734712,0.9706512473312653
DEAP:S10:T09,DEAP:S10,T09,1,7.56,2,1,1,2,exposed,baseline_only_context,train,0.1,0.12947180033431793,0.8705281996656821
DEAP:S10:T12,DEAP:S10,T12,1,5.37,2,1,1,2,exposed,baseline_only_context,train,0.1,0.15680331698472982,0.8431966830152702
DEAP:S10:T17,DEAP:S10,T17,0,4.95,2,1,1,2,exposed,baseline_only_context,train,0.1,0.30436160792370814,0.6956383920762919
DEAP:S10:T24,DEAP:S10,T24,1,6.82,2,1,1,2,exposed,baseline_only_context,train,0.1,0.8059885646617673,0.19401143533823278
DEAP:S10:T31,DEAP:S10,T31,0,4.15,2,1,1,2,exposed,baseline_only_context,train,0.1,0.7277679093135184,0.2722320906864816
DEAP:S10:T34,DEAP:S10,T34,0,3.91,2,1,1,2,exposed,baseline_only_context,train,0.1,0.8053207170084717,0.1946792829915282
DEAP:S10:T35,DEAP:S10,T35,0,1.38,2,1,1,2,exposed,baseline_only_context,train,0.1,0.8907223277002195,0.10927767229978048
DEAP:S10:T36,DEAP:S10,T36,0,2.17,2,1,1,2,exposed,baseline_only_context,train,0.1,0.7030473435688821,0.2969526564311179
DEAP:S10:T37,DEAP:S10,T37,0,2.92,2,1,1,2,exposed,baseline_only_context,train,0.1,0.8485598815079742,0.1514401184920257
DEAP:S10:T40,DEAP:S10,T40,1,5.78,2,1,1,2,exposed,baseline_only_context,train,0.1,0.7027139849312188,0.29728601506878116
DEAP:S11:T01,DEAP:S11,T01,1,6.27,2,1,1,2,exposed,baseline_only_context,train,0.1,0.06090293951481407,0.9390970604851859
DEAP:S11:T03,DEAP:S11,T03,1,7.41,2,1,1,2,exposed,baseline_only_context,train,0.1,0.13680057122893619,0.8631994287710638
DEAP:S11:T05,DEAP:S11,T05,1,7.41,2,1,1,2,exposed,baseline_only_context,train,0.1,0.43597437599475175,0.5640256240052482
DEAP:S11:T06,DEAP:S11,T06,1,5.32,2,1,1,2,exposed,baseline_only_context,train,0.1,0.15006815794752137,0.8499318420524786
DEAP:S11:T07,DEAP:S11,T07,1,6.37,2,1,1,2,exposed,baseline_only_context,train,0.1,0.303962396218425,0.696037603781575
DEAP:S11:T10,DEAP:S11,T10,1,6.53,2,1,1,2,exposed,baseline_only_context,train,0.1,0.4816642848207757,0.5183357151792243
DEAP:S11:T12,DEAP:S11,T12,1,5.04,2,1,1,2,exposed,baseline_only_context,train,0.1,0.2149180700371034,0.7850819299628966
DEAP:S11:T17,DEAP:S11,T17,1,8.32,2,1,1,2,exposed,baseline_only_context,train,0.1,0.26933189624387954,0.7306681037561205
DEAP:S11:T24,DEAP:S11,T24,0,2.88,2,1,1,2,exposed,baseline_only_context,train,0.1,0.7689011094101997,0.23109889058980027
DEAP:S11:T31,DEAP:S11,T31,0,1.83,2,1,1,2,exposed,baseline_only_context,train,0.1,0.6536616328835845,0.3463383671164155
DEAP:S11:T34,DEAP:S11,T34,0,4.88,2,1,1,2,exposed,baseline_only_context,train,0.1,0.7976897399609435,0.2023102600390565
DEAP:S11:T35,DEAP:S11,T35,0,1.23,2,1,1,2,exposed,baseline_only_context,train,0.1,0.8191404137579191,0.18085958624208084
DEAP:S11:T36,DEAP:S11,T36,0,3.62,2,1,1,2,exposed,baseline_only_context,train,0.1,0.7632838632571999,0.23671613674280018
DEAP:S11:T37,DEAP:S11,T37,0,1.47,2,1,1,2,exposed,baseline_only_context,train,0.1,0.8286750761153568,0.17132492388464315
DEAP:S11:T40,DEAP:S11,T40,0,4.95,2,1,1,2,exposed,baseline_only_context,train,0.1,0.5944331998876788,0.4055668001123212
DEAP:S12:T01,DEAP:S12,T01,1,7.09,2,1,1,2,exposed,baseline_only_context,train,0.1,0.07130362205276475,0.9286963779472353
DEAP:S12:T03,DEAP:S12,T03,1,7.33,2,1,1,2,exposed,baseline_only_context,train,0.1,0.17043069691453572,0.8295693030854643
DEAP:S12:T05,DEAP:S12,T05,0,4.01,2,1,1,2,exposed,baseline_only_context,train,0.1,0.4683562396048101,0.5316437603951899
DEAP:S12:T06,DEAP:S12,T06,1,6.65,2,1,1,2,exposed,baseline_only_context,train,0.1,0.15922452759518635,0.8407754724048137
DEAP:S12:T07,DEAP:S12,T07,1,6.77,2,1,1,2,exposed,baseline_only_context,train,0.1,0.42067282206743906,0.5793271779325609
DEAP:S12:T09,DEAP:S12,T09,1,7.95,2,1,1,2,exposed,baseline_only_context,train,0.1,0.1383412112018707,0.8616587887981293
DEAP:S12:T10,DEAP:S12,T10,0,4.06,2,1,1,2,exposed,baseline_only_context,train,0.1,0.6616169011687763,0.3383830988312237
DEAP:S12:T12,DEAP:S12,T12,1,6.86,2,1,1,2,exposed,baseline_only_context,train,0.1,0.3072468054815406,0.6927531945184594
DEAP:S12:T17,DEAP:S12,T17,0,4.86,2,1,1,2,exposed,baseline_only_context,train,0.1,0.2679265798558329,0.7320734201441671
DEAP:S12:T31,DEAP:S12,T31,0,3.18,2,1,1,2,exposed,baseline_only_context,train,0.1,0.7087237064524695,0.2912762935475305
DEAP:S12:T34,DEAP:S12,T34,0,4.87,2,1,1,2,exposed,baseline_only_context,train,0.1,0.8294622142323136,0.17053778576768647
DEAP:S12:T35,DEAP:S12,T35,0,1.22,2,1,1,2,exposed,baseline_only_context,train,0.1,0.8601315458085492,0.13986845419145075
DEAP:S12:T36,DEAP:S12,T36,0,2.82,2,1,1,2,exposed,baseline_only_context,train,0.1,0.7048934956078459,0.2951065043921542
DEAP:S12:T37,DEAP:S12,T37,0,1.0,2,1,1,2,exposed,baseline_only_context,train,0.1,0.9223824310631704,0.07761756893682957
DEAP:S12:T40,DEAP:S12,T40,1,6.81,2,1,1,2,exposed,baseline_only_context,train,0.1,0.639770963061175,0.3602290369388251
DEAP:S13:T01,DEAP:S13,T01,1,6.15,2,1,1,2,exposed,baseline_only_context,train,0.1,0.15583634798073276,0.8441636520192672
DEAP:S13:T03,DEAP:S13,T03,1,9.0,2,1,1,2,exposed,baseline_only_context,train,0.1,0.3531156405016652,0.6468843594983348
DEAP:S13:T05,DEAP:S13,T05,1,5.01,2,1,1,2,exposed,baseline_only_context,train,0.1,0.4496630322490618,0.5503369677509382
DEAP:S13:T06,DEAP:S13,T06,0,4.46,2,1,1,2,exposed,baseline_only_context,train,0.1,0.38133809144701936,0.6186619085529806
DEAP:S13:T07,DEAP:S13,T07,0,2.99,2,1,1,2,exposed,baseline_only_context,train,0.1,0.6022807623157846,0.3977192376842153
DEAP:S13:T10,DEAP:S13,T10,0,4.01,2,1,1,2,exposed,baseline_only_context,train,0.1,0.8001927827951224,0.19980721720487762
DEAP:S13:T12,DEAP:S13,T12,1,5.08,2,1,1,2,exposed,baseline_only_context,train,0.1,0.3001609709551655,0.6998390290448345
DEAP:S13:T17,DEAP:S13,T17,1,5.99,2,1,1,2,exposed,baseline_only_context,train,0.1,0.5260707377509359,0.47392926224906406
DEAP:S13:T24,DEAP:S13,T24,0,2.97,2,1,1,2,exposed,baseline_only_context,train,0.1,0.8765197782717402,0.12348022172825979
DEAP:S13:T31,DEAP:S13,T31,0,1.97,2,1,1,2,exposed,baseline_only_context,train,0.1,0.8522271231475249,0.14777287685247512
DEAP:S13:T34,DEAP:S13,T34,0,2.92,2,1,1,2,exposed,baseline_only_context,train,0.1,0.8662215669036124,0.13377843309638757
DEAP:S13:T35,DEAP:S13,T35,0,1.0,2,1,1,2,exposed,baseline_only_context,train,0.1,0.9349574103286081,0.06504258967139191
DEAP:S13:T36,DEAP:S13,T36,0,2.54,2,1,1,2,exposed,baseline_only_context,train,0.1,0.8745487126833815,0.12545128731661845
DEAP:S13:T37,DEAP:S13,T37,0,1.0,2,1,1,2,exposed,baseline_only_context,train,0.1,0.9346094883904396,0.06539051160956048
DEAP:S13:T40,DEAP:S13,T40,0,4.08,2,1,1,2,exposed,baseline_only_context,train,0.1,0.8109765983986763,0.1890234016013237
DEAP:S18:T01,DEAP:S18,T01,1,6.33,2,1,1,2,exposed,baseline_only_context,train,0.1,0.02272953157955615,0.9772704684204438
DEAP:S18:T03,DEAP:S18,T03,1,6.36,2,1,1,2,exposed,baseline_only_context,train,0.1,0.041278221147921346,0.9587217788520787
DEAP:S18:T05,DEAP:S18,T05,1,6.13,2,1,1,2,exposed,baseline_only_context,train,0.1,0.15842931841396657,0.8415706815860334
DEAP:S18:T06,DEAP:S18,T06,1,6.51,2,1,1,2,exposed,baseline_only_context,train,0.1,0.06295352327487602,0.937046476725124
DEAP:S18:T07,DEAP:S18,T07,1,7.33,2,1,1,2,exposed,baseline_only_context,train,0.1,0.08969211475030037,0.9103078852496996
DEAP:S18:T09,DEAP:S18,T09,1,6.55,2,1,1,2,exposed,baseline_only_context,train,0.1,0.046761989160842066,0.9532380108391579
DEAP:S18:T10,DEAP:S18,T10,1,6.09,2,1,1,2,exposed,baseline_only_context,train,0.1,0.23336561324778782,0.7666343867522122
DEAP:S18:T17,DEAP:S18,T17,1,7.74,2,1,1,2,exposed,baseline_only_context,train,0.1,0.13538564288865285,0.8646143571113472
DEAP:S18:T24,DEAP:S18,T24,0,3.22,2,1,1,2,exposed,baseline_only_context,train,0.1,0.5646781597219863,0.43532184027801374
DEAP:S18:T31,DEAP:S18,T31,0,4.44,2,1,1,2,exposed,baseline_only_context,train,0.1,0.5213322380717593,0.4786677619282406
DEAP:S18:T34,DEAP:S18,T34,0,4.15,2,1,1,2,exposed,baseline_only_context,train,0.1,0.7235579946915613,0.2764420053084386
DEAP:S18:T35,DEAP:S18,T35,1,5.12,2,1,1,2,exposed,baseline_only_context,train,0.1,0.7584691676153146,0.2415308323846854
DEAP:S18:T36,DEAP:S18,T36,1,5.24,2,1,1,2,exposed,baseline_only_context,train,0.1,0.5844362217220629,0.41556377827793706
DEAP:S18:T37,DEAP:S18,T37,0,4.0,2,1,1,2,exposed,baseline_only_context,train,0.1,0.5990538795353786,0.4009461204646214
DEAP:S19:T03,DEAP:S19,T03,1,6.82,2,1,1,2,exposed,baseline_only_context,train,0.1,0.12251077910292507,0.8774892208970749
DEAP:S19:T05,DEAP:S19,T05,1,7.79,2,1,1,2,exposed,baseline_only_context,train,0.1,0.2664347421064349,0.7335652578935651
DEAP:S19:T06,DEAP:S19,T06,1,7.73,2,1,1,2,exposed,baseline_only_context,train,0.1,0.14821832909998633,0.8517816709000137
DEAP:S19:T07,DEAP:S19,T07,1,6.64,2,1,1,2,exposed,baseline_only_context,train,0.1,0.28976605276152034,0.7102339472384797
DEAP:S19:T09,DEAP:S19,T09,1,7.09,2,1,1,2,exposed,baseline_only_context,train,0.1,0.12923159736399348,0.8707684026360065
DEAP:S19:T12,DEAP:S19,T12,1,6.26,2,1,1,2,exposed,baseline_only_context,train,0.1,0.2150986701396269,0.7849013298603731
DEAP:S19:T17,DEAP:S19,T17,1,7.38,2,1,1,2,exposed,baseline_only_context,train,0.1,0.29074189858555943,0.7092581014144406
DEAP:S19:T24,DEAP:S19,T24,0,3.23,2,1,1,2,exposed,baseline_only_context,train,0.1,0.7703456137048161,0.2296543862951839
DEAP:S19:T31,DEAP:S19,T31,1,5.03,2,1,1,2,exposed,baseline_only_context,train,0.1,0.7109724539349138,0.2890275460650861
DEAP:S19:T34,DEAP:S19,T34,0,4.17,2,1,1,2,exposed,baseline_only_context,train,0.1,0.8012962798041245,0.19870372019587548
DEAP:S19:T35,DEAP:S19,T35,0,3.21,2,1,1,2,exposed,baseline_only_context,train,0.1,0.8791466818087694,0.12085331819123057
DEAP:S19:T36,DEAP:S19,T36,0,3.71,2,1,1,2,exposed,baseline_only_context,train,0.1,0.7946200476682732,0.20537995233172684
DEAP:S19:T37,DEAP:S19,T37,0,3.15,2,1,1,2,exposed,baseline_only_context,train,0.1,0.7794039750775364,0.22059602492246355
DEAP:S19:T40,DEAP:S19,T40,0,4.24,2,1,1,2,exposed,baseline_only_context,train,0.1,0.64836034859981,0.35163965140019
DEAP:S21:T01,DEAP:S21,T01,1,6.42,2,1,1,2,exposed,baseline_only_context,train,0.1,0.07071899684496763,0.9292810031550324
DEAP:S21:T03,DEAP:S21,T03,0,4.83,2,1,1,2,exposed,baseline_only_context,train,0.1,0.14779967314721287,0.8522003268527871
DEAP:S21:T05,DEAP:S21,T05,1,8.09,2,1,1,2,exposed,baseline_only_context,train,0.1,0.45784189906144745,0.5421581009385525
DEAP:S21:T06,DEAP:S21,T06,1,7.92,2,1,1,2,exposed,baseline_only_context,train,0.1,0.27529455584722096,0.724705444152779
DEAP:S21:T07,DEAP:S21,T07,1,7.05,2,1,1,2,exposed,baseline_only_context,train,0.1,0.2603041473467369,0.7396958526532631
DEAP:S21:T09,DEAP:S21,T09,1,8.56,2,1,1,2,exposed,baseline_only_context,train,0.1,0.16424784297668749,0.8357521570233125
DEAP:S21:T10,DEAP:S21,T10,1,7.05,2,1,1,2,exposed,baseline_only_context,train,0.1,0.5813975440591816,0.4186024559408184
DEAP:S21:T12,DEAP:S21,T12,0,4.63,2,1,1,2,exposed,baseline_only_context,train,0.1,0.16347862869696528,0.8365213713030347
DEAP:S21:T17,DEAP:S21,T17,1,5.53,2,1,1,2,exposed,baseline_only_context,train,0.1,0.22209239772849787,0.7779076022715021
DEAP:S21:T24,DEAP:S21,T24,0,2.99,2,1,1,2,exposed,baseline_only_context,train,0.1,0.7824925052226136,0.2175074947773864
DEAP:S21:T31,DEAP:S21,T31,1,5.04,2,1,1,2,exposed,baseline_only_context,train,0.1,0.7730047949388025,0.22699520506119755
DEAP:S21:T34,DEAP:S21,T34,0,4.06,2,1,1,2,exposed,baseline_only_context,train,0.1,0.8818569734177485,0.1181430265822515
DEAP:S21:T35,DEAP:S21,T35,0,4.92,2,1,1,2,exposed,baseline_only_context,train,0.1,0.7990398384816023,0.20096016151839768
DEAP:S21:T36,DEAP:S21,T36,1,6.88,2,1,1,2,exposed,baseline_only_context,train,0.1,0.8473889417289404,0.15261105827105964
DEAP:S21:T37,DEAP:S21,T37,0,3.04,2,1,1,2,exposed,baseline_only_context,train,0.1,0.8491654813399981,0.15083451866000186
DEAP:S21:T40,DEAP:S21,T40,0,3.99,2,1,1,2,exposed,baseline_only_context,train,0.1,0.6584534678772478,0.34154653212275216
DEAP:S22:T01,DEAP:S22,T01,1,5.05,2,1,1,2,exposed,baseline_only_context,train,0.1,0.17799905991981335,0.8220009400801866
DEAP:S22:T03,DEAP:S22,T03,1,7.05,2,1,1,2,exposed,baseline_only_context,train,0.1,0.4109813271206445,0.5890186728793555
DEAP:S22:T06,DEAP:S22,T06,0,4.97,2,1,1,2,exposed,baseline_only_context,train,0.1,0.38843703424447773,0.6115629657555223
DEAP:S22:T07,DEAP:S22,T07,1,6.03,2,1,1,2,exposed,baseline_only_context,train,0.1,0.42593690971296616,0.5740630902870338
DEAP:S22:T09,DEAP:S22,T09,1,9.0,2,1,1,2,exposed,baseline_only_context,train,0.1,0.3326338659854824,0.6673661340145176
DEAP:S22:T10,DEAP:S22,T10,0,4.0,2,1,1,2,exposed,baseline_only_context,train,0.1,0.8056718036140854,0.19432819638591461
DEAP:S22:T12,DEAP:S22,T12,0,4.99,2,1,1,2,exposed,baseline_only_context,train,0.1,0.5022061056744374,0.4977938943255627
DEAP:S22:T17,DEAP:S22,T17,1,5.04,2,1,1,2,exposed,baseline_only_context,train,0.1,0.48812553588024654,0.5118744641197535
DEAP:S22:T24,DEAP:S22,T24,0,1.96,2,1,1,2,exposed,baseline_only_context,train,0.1,0.8963011718033647,0.10369882819663538
DEAP:S22:T31,DEAP:S22,T31,0,2.01,2,1,1,2,exposed,baseline_only_context,train,0.1,0.8715969003254944,0.12840309967450556
DEAP:S22:T35,DEAP:S22,T35,0,1.99,2,1,1,2,exposed,baseline_only_context,train,0.1,0.9538827751431611,0.046117224856838904
DEAP:S22:T36,DEAP:S22,T36,0,1.96,2,1,1,2,exposed,baseline_only_context,train,0.1,0.8651221093481712,0.13487789065182873
DEAP:S22:T37,DEAP:S22,T37,0,1.0,2,1,1,2,exposed,baseline_only_context,train,0.1,0.9507718645965095,0.04922813540349043
DEAP:S22:T40,DEAP:S22,T40,0,2.97,2,1,1,2,exposed,baseline_only_context,train,0.1,0.8050041443662163,0.19499585563378374
DEAP:S24:T01,DEAP:S24,T01,1,7.06,2,1,1,2,exposed,baseline_only_context,train,0.1,0.14689504068387071,0.8531049593161293
DEAP:S24:T06,DEAP:S24,T06,1,5.96,2,1,1,2,exposed,baseline_only_context,train,0.1,0.2933060369770698,0.7066939630229302
DEAP:S24:T07,DEAP:S24,T07,0,3.04,2,1,1,2,exposed,baseline_only_context,train,0.1,0.5192523547623917,0.4807476452376083
DEAP:S24:T09,DEAP:S24,T09,1,7.08,2,1,1,2,exposed,baseline_only_context,train,0.1,0.20647797566818493,0.7935220243318151
DEAP:S24:T10,DEAP:S24,T10,1,5.01,2,1,1,2,exposed,baseline_only_context,train,0.1,0.7864155637804848,0.21358443621951512
DEAP:S24:T12,DEAP:S24,T12,1,7.04,2,1,1,2,exposed,baseline_only_context,train,0.1,0.19466067301477397,0.805339326985226
DEAP:S24:T17,DEAP:S24,T17,0,4.08,2,1,1,2,exposed,baseline_only_context,train,0.1,0.41446587011631797,0.585534129883682
DEAP:S24:T24,DEAP:S24,T24,0,2.99,2,1,1,2,exposed,baseline_only_context,train,0.1,0.8376664052118912,0.16233359478810885
DEAP:S24:T31,DEAP:S24,T31,0,2.94,2,1,1,2,exposed,baseline_only_context,train,0.1,0.7593473117375472,0.24065268826245276
DEAP:S24:T34,DEAP:S24,T34,0,4.05,2,1,1,2,exposed,baseline_only_context,train,0.1,0.8701638583604623,0.12983614163953777
DEAP:S24:T35,DEAP:S24,T35,0,4.05,2,1,1,2,exposed,baseline_only_context,train,0.1,0.9291703402898603,0.07082965971013967
DEAP:S24:T36,DEAP:S24,T36,0,4.0,2,1,1,2,exposed,baseline_only_context,train,0.1,0.8674125390899567,0.13258746091004323
DEAP:S24:T37,DEAP:S24,T37,0,4.0,2,1,1,2,exposed,baseline_only_context,train,0.1,0.8877393016849251,0.11226069831507485
DEAP:S25:T01,DEAP:S25,T01,1,8.06,2,1,1,2,exposed,baseline_only_context,train,0.1,0.09104463212531022,0.9089553678746898
DEAP:S25:T05,DEAP:S25,T05,1,5.04,2,1,1,2,exposed,baseline_only_context,train,0.1,0.33364362630405686,0.6663563736959431
DEAP:S25:T07,DEAP:S25,T07,1,6.08,2,1,1,2,exposed,baseline_only_context,train,0.1,0.35101602339647464,0.6489839766035254
DEAP:S25:T09,DEAP:S25,T09,1,8.09,2,1,1,2,exposed,baseline_only_context,train,0.1,0.07421205572884682,0.9257879442711532
DEAP:S25:T10,DEAP:S25,T10,0,1.0,2,1,1,2,exposed,baseline_only_context,train,0.1,0.6364745078641287,0.3635254921358713
DEAP:S25:T17,DEAP:S25,T17,1,5.04,2,1,1,2,exposed,baseline_only_context,train,0.1,0.37009399039631263,0.6299060096036874
DEAP:S25:T24,DEAP:S25,T24,0,3.05,2,1,1,2,exposed,baseline_only_context,train,0.1,0.752907262884383,0.247092737115617
DEAP:S25:T31,DEAP:S25,T31,0,1.01,2,1,1,2,exposed,baseline_only_context,train,0.1,0.7788632342033308,0.2211367657966692
DEAP:S25:T34,DEAP:S25,T34,0,4.95,2,1,1,2,exposed,baseline_only_context,train,0.1,0.8458170920558948,0.15418290794410514
DEAP:S25:T35,DEAP:S25,T35,0,3.03,2,1,1,2,exposed,baseline_only_context,train,0.1,0.867977863849424,0.13202213615057604
DEAP:S25:T36,DEAP:S25,T36,0,3.0,2,1,1,2,exposed,baseline_only_context,train,0.1,0.820199970285975,0.17980002971402495
DEAP:S25:T37,DEAP:S25,T37,0,1.0,2,1,1,2,exposed,baseline_only_context,train,0.1,0.8613139090551525,0.1386860909448475
DEAP:S25:T40,DEAP:S25,T40,0,1.0,2,1,1,2,exposed,baseline_only_context,train,0.1,0.6827271397512296,0.3172728602487705
DEAP:S26:T01,DEAP:S26,T01,1,7.97,2,1,1,2,exposed,baseline_only_context,train,0.1,0.10918048657787038,0.8908195134221296
DEAP:S26:T03,DEAP:S26,T03,1,9.0,2,1,1,2,exposed,baseline_only_context,train,0.1,0.2585182676825496,0.7414817323174504
DEAP:S26:T05,DEAP:S26,T05,0,4.0,2,1,1,2,exposed,baseline_only_context,train,0.1,0.4237825601863061,0.5762174398136939
DEAP:S26:T06,DEAP:S26,T06,1,8.09,2,1,1,2,exposed,baseline_only_context,train,0.1,0.34774181354328104,0.652258186456719
DEAP:S26:T07,DEAP:S26,T07,1,6.08,2,1,1,2,exposed,baseline_only_context,train,0.1,0.466081899434754,0.533918100565246
DEAP:S26:T09,DEAP:S26,T09,1,8.05,2,1,1,2,exposed,baseline_only_context,train,0.1,0.17823469017418359,0.8217653098258164
DEAP:S26:T10,DEAP:S26,T10,0,3.08,2,1,1,2,exposed,baseline_only_context,train,0.1,0.6907960204779408,0.30920397952205925
DEAP:S26:T12,DEAP:S26,T12,1,7.04,2,1,1,2,exposed,baseline_only_context,train,0.1,0.293412437230576,0.706587562769424
DEAP:S26:T17,DEAP:S26,T17,1,5.04,2,1,1,2,exposed,baseline_only_context,train,0.1,0.3609668310701005,0.6390331689298995
DEAP:S26:T24,DEAP:S26,T24,1,9.0,2,1,1,2,exposed,baseline_only_context,train,0.1,0.8446633153413406,0.15533668465865938
DEAP:S26:T31,DEAP:S26,T31,0,1.97,2,1,1,2,exposed,baseline_only_context,train,0.1,0.7462309814328678,0.25376901856713224
DEAP:S26:T34,DEAP:S26,T34,0,1.0,2,1,1,2,exposed,baseline_only_context,train,0.1,0.8271819761620003,0.17281802383799968
DEAP:S26:T35,DEAP:S26,T35,0,2.97,2,1,1,2,exposed,baseline_only_context,train,0.1,0.8716194960982506,0.12838050390174943
DEAP:S26:T36,DEAP:S26,T36,0,2.92,2,1,1,2,exposed,baseline_only_context,train,0.1,0.862493466413997,0.13750653358600293
DEAP:S26:T37,DEAP:S26,T37,0,1.0,2,1,1,2,exposed,baseline_only_context,train,0.1,0.9074321853468514,0.09256781465314862
DEAP:S26:T40,DEAP:S26,T40,0,3.06,2,1,1,2,exposed,baseline_only_context,train,0.1,0.6023766179483487,0.3976233820516513
DEAP:S27:T01,DEAP:S27,T01,1,6.03,2,1,1,2,exposed,baseline_only_context,train,0.1,0.0510890550818911,0.9489109449181089
DEAP:S27:T03,DEAP:S27,T03,1,9.0,2,1,1,2,exposed,baseline_only_context,train,0.1,0.16464350664167982,0.8353564933583202
DEAP:S27:T06,DEAP:S27,T06,1,7.0,2,1,1,2,exposed,baseline_only_context,train,0.1,0.05938776228942755,0.9406122377105725
DEAP:S27:T07,DEAP:S27,T07,0,4.94,2,1,1,2,exposed,baseline_only_context,train,0.1,0.2595498605346609,0.7404501394653391
DEAP:S27:T09,DEAP:S27,T09,1,8.99,2,1,1,2,exposed,baseline_only_context,train,0.1,0.09641775090514504,0.903582249094855
DEAP:S27:T10,DEAP:S27,T10,1,6.01,2,1,1,2,exposed,baseline_only_context,train,0.1,0.4266244760015788,0.5733755239984212
DEAP:S27:T12,DEAP:S27,T12,0,4.18,2,1,1,2,exposed,baseline_only_context,train,0.1,0.20351931305935622,0.7964806869406438
DEAP:S27:T17,DEAP:S27,T17,1,9.0,2,1,1,2,exposed,baseline_only_context,train,0.1,0.27625524879521834,0.7237447512047817
DEAP:S27:T24,DEAP:S27,T24,1,8.9,2,1,1,2,exposed,baseline_only_context,train,0.1,0.6679127298589371,0.3320872701410629
DEAP:S27:T31,DEAP:S27,T31,1,5.08,2,1,1,2,exposed,baseline_only_context,train,0.1,0.33588225125744386,0.6641177487425561
DEAP:S27:T35,DEAP:S27,T35,0,1.0,2,1,1,2,exposed,baseline_only_context,train,0.1,0.8005809205172622,0.19941907948273788
DEAP:S27:T36,DEAP:S27,T36,1,6.13,2,1,1,2,exposed,baseline_only_context,train,0.1,0.667973932808456,0.332026067191544
DEAP:S27:T37,DEAP:S27,T37,0,2.99,2,1,1,2,exposed,baseline_only_context,train,0.1,0.8435972652169031,0.15640273478309685
DEAP:S27:T40,DEAP:S27,T40,1,5.04,2,1,1,2,exposed,baseline_only_context,train,0.1,0.5061725040997744,0.49382749590022557
DEAP:S28:T03,DEAP:S28,T03,1,9.0,2,1,1,2,exposed,baseline_only_context,train,0.1,0.043002598764463995,0.956997401235536
DEAP:S28:T05,DEAP:S28,T05,1,7.04,2,1,1,2,exposed,baseline_only_context,train,0.1,0.16945198613948875,0.8305480138605112
DEAP:S28:T07,DEAP:S28,T07,1,8.09,2,1,1,2,exposed,baseline_only_context,train,0.1,0.14297727471897193,0.8570227252810281
DEAP:S28:T09,DEAP:S28,T09,1,5.04,2,1,1,2,exposed,baseline_only_context,train,0.1,0.03961818983227583,0.9603818101677242
DEAP:S28:T10,DEAP:S28,T10,1,7.99,2,1,1,2,exposed,baseline_only_context,train,0.1,0.3075746652335567,0.6924253347664433
DEAP:S28:T12,DEAP:S28,T12,1,6.06,2,1,1,2,exposed,baseline_only_context,train,0.1,0.1561172261778816,0.8438827738221184
DEAP:S28:T24,DEAP:S28,T24,0,4.04,2,1,1,2,exposed,baseline_only_context,train,0.1,0.6625552907411192,0.33744470925888076
DEAP:S28:T31,DEAP:S28,T31,1,6.91,2,1,1,2,exposed,baseline_only_context,train,0.1,0.3774047111416655,0.6225952888583345
DEAP:S28:T34,DEAP:S28,T34,1,5.99,2,1,1,2,exposed,baseline_only_context,train,0.1,0.4876110655967515,0.5123889344032485
DEAP:S28:T35,DEAP:S28,T35,0,1.08,2,1,1,2,exposed,baseline_only_context,train,0.1,0.6125875284903954,0.3874124715096045
DEAP:S28:T36,DEAP:S28,T36,0,3.08,2,1,1,2,exposed,baseline_only_context,train,0.1,0.5270589310829096,0.4729410689170904
DEAP:S28:T37,DEAP:S28,T37,0,1.01,2,1,1,2,exposed,baseline_only_context,train,0.1,0.7006044436029937,0.2993955563970063
DEAP:S29:T01,DEAP:S29,T01,1,6.06,2,1,1,2,exposed,baseline_only_context,train,0.1,0.010343046531568922,0.9896569534684311
DEAP:S29:T03,DEAP:S29,T03,1,9.0,2,1,1,2,exposed,baseline_only_context,train,0.1,0.08157929898801586,0.9184207010119841
DEAP:S29:T05,DEAP:S29,T05,1,6.05,2,1,1,2,exposed,baseline_only_context,train,0.1,0.25306783021564894,0.7469321697843511
DEAP:S29:T06,DEAP:S29,T06,1,8.03,2,1,1,2,exposed,baseline_only_context,train,0.1,0.1071487759539822,0.8928512240460178
DEAP:S29:T07,DEAP:S29,T07,1,7.04,2,1,1,2,exposed,baseline_only_context,train,0.1,0.10408130387610126,0.8959186961238987
DEAP:S29:T10,DEAP:S29,T10,1,7.01,2,1,1,2,exposed,baseline_only_context,train,0.1,0.34516519874988294,0.6548348012501171
DEAP:S29:T12,DEAP:S29,T12,1,6.04,2,1,1,2,exposed,baseline_only_context,train,0.1,0.1670468547921582,0.8329531452078418
DEAP:S29:T17,DEAP:S29,T17,1,5.08,2,1,1,2,exposed,baseline_only_context,train,0.1,0.13874267773401827,0.8612573222659817
DEAP:S29:T24,DEAP:S29,T24,0,4.12,2,1,1,2,exposed,baseline_only_context,train,0.1,0.5543096007992343,0.4456903992007657
DEAP:S29:T31,DEAP:S29,T31,0,1.0,2,1,1,2,exposed,baseline_only_context,train,0.1,0.4586011042755942,0.5413988957244058
DEAP:S29:T34,DEAP:S29,T34,0,3.95,2,1,1,2,exposed,baseline_only_context,train,0.1,0.6782215016332194,0.3217784983667807
DEAP:S29:T35,DEAP:S29,T35,0,1.92,2,1,1,2,exposed,baseline_only_context,train,0.1,0.7644319791115886,0.23556802088841142
DEAP:S29:T37,DEAP:S29,T37,1,5.01,2,1,1,2,exposed,baseline_only_context,train,0.1,0.7476389811330232,0.2523610188669768
DEAP:S29:T40,DEAP:S29,T40,1,6.01,2,1,1,2,exposed,baseline_only_context,train,0.1,0.46882643994721385,0.5311735600527862
DEAP:S30:T01,DEAP:S30,T01,1,5.04,2,1,1,2,exposed,baseline_only_context,train,0.1,0.04903444618908437,0.9509655538109156
DEAP:S30:T03,DEAP:S30,T03,1,6.15,2,1,1,2,exposed,baseline_only_context,train,0.1,0.1389564850147874,0.8610435149852126
DEAP:S30:T06,DEAP:S30,T06,1,6.22,2,1,1,2,exposed,baseline_only_context,train,0.1,0.09201138693142263,0.9079886130685774
DEAP:S30:T07,DEAP:S30,T07,0,4.05,2,1,1,2,exposed,baseline_only_context,train,0.1,0.2474084679829941,0.7525915320170059
DEAP:S30:T09,DEAP:S30,T09,1,7.08,2,1,1,2,exposed,baseline_only_context,train,0.1,0.0734839386148729,0.9265160613851271
DEAP:S30:T10,DEAP:S30,T10,1,5.08,2,1,1,2,exposed,baseline_only_context,train,0.1,0.4126091682290335,0.5873908317709665
DEAP:S30:T12,DEAP:S30,T12,1,5.15,2,1,1,2,exposed,baseline_only_context,train,0.1,0.19470654540973797,0.805293454590262
DEAP:S30:T17,DEAP:S30,T17,1,7.13,2,1,1,2,exposed,baseline_only_context,train,0.1,0.14377081977424377,0.8562291802257562
DEAP:S30:T24,DEAP:S30,T24,1,5.99,2,1,1,2,exposed,baseline_only_context,train,0.1,0.7459950607005384,0.25400493929946155
DEAP:S30:T31,DEAP:S30,T31,0,3.86,2,1,1,2,exposed,baseline_only_context,train,0.1,0.511688341720367,0.48831165827963297
DEAP:S30:T34,DEAP:S30,T34,0,4.99,2,1,1,2,exposed,baseline_only_context,train,0.1,0.7034702002610933,0.29652979973890675
DEAP:S30:T35,DEAP:S30,T35,1,5.04,2,1,1,2,exposed,baseline_only_context,train,0.1,0.808586050887923,0.19141394911207696
DEAP:S30:T36,DEAP:S30,T36,0,4.03,2,1,1,2,exposed,baseline_only_context,train,0.1,0.7005980364339304,0.2994019635660697
DEAP:S30:T37,DEAP:S30,T37,0,4.13,2,1,1,2,exposed,baseline_only_context,train,0.1,0.8627578731154028,0.13724212688459722
DEAP:S31:T01,DEAP:S31,T01,1,6.79,2,1,1,2,exposed,baseline_only_context,train,0.1,0.049783598439406496,0.9502164015605935
DEAP:S31:T03,DEAP:S31,T03,1,8.04,2,1,1,2,exposed,baseline_only_context,train,0.1,0.12452649630403678,0.8754735036959632
DEAP:S31:T05,DEAP:S31,T05,1,6.22,2,1,1,2,exposed,baseline_only_context,train,0.1,0.42250406943462293,0.5774959305653771
DEAP:S31:T06,DEAP:S31,T06,0,4.99,2,1,1,2,exposed,baseline_only_context,train,0.1,0.3032235494545903,0.6967764505454097
DEAP:S31:T07,DEAP:S31,T07,1,6.05,2,1,1,2,exposed,baseline_only_context,train,0.1,0.37298247065146173,0.6270175293485383
DEAP:S31:T09,DEAP:S31,T09,1,6.06,2,1,1,2,exposed,baseline_only_context,train,0.1,0.16235974646039575,0.8376402535396043
DEAP:S31:T10,DEAP:S31,T10,0,4.01,2,1,1,2,exposed,baseline_only_context,train,0.1,0.5320270462731775,0.46797295372682246
DEAP:S31:T12,DEAP:S31,T12,1,7.14,2,1,1,2,exposed,baseline_only_context,train,0.1,0.2973294744100594,0.7026705255899406
DEAP:S31:T17,DEAP:S31,T17,0,4.94,2,1,1,2,exposed,baseline_only_context,train,0.1,0.3521386999624362,0.6478613000375638
DEAP:S31:T34,DEAP:S31,T34,0,1.95,2,1,1,2,exposed,baseline_only_context,train,0.1,0.8317505687638758,0.16824943123612424
DEAP:S31:T35,DEAP:S31,T35,0,4.03,2,1,1,2,exposed,baseline_only_context,train,0.1,0.8618393580667622,0.13816064193323782
DEAP:S31:T36,DEAP:S31,T36,0,4.97,2,1,1,2,exposed,baseline_only_context,train,0.1,0.756106686243176,0.24389331375682397
DEAP:S31:T37,DEAP:S31,T37,0,1.0,2,1,1,2,exposed,baseline_only_context,train,0.1,0.8939372081451253,0.10606279185487463
DEAP:S31:T40,DEAP:S31,T40,0,3.99,2,1,1,2,exposed,baseline_only_context,train,0.1,0.6497634571444676,0.3502365428555324
DEAP:S32:T01,DEAP:S32,T01,1,8.13,2,1,1,2,exposed,baseline_only_context,train,0.1,0.05950908290454071,0.9404909170954593
DEAP:S32:T03,DEAP:S32,T03,1,8.05,2,1,1,2,exposed,baseline_only_context,train,0.1,0.1637398032620193,0.8362601967379807
DEAP:S32:T05,DEAP:S32,T05,1,7.15,2,1,1,2,exposed,baseline_only_context,train,0.1,0.3567646814503256,0.6432353185496744
DEAP:S32:T06,DEAP:S32,T06,1,5.78,2,1,1,2,exposed,baseline_only_context,train,0.1,0.18790609984008733,0.8120939001599127
DEAP:S32:T07,DEAP:S32,T07,0,4.94,2,1,1,2,exposed,baseline_only_context,train,0.1,0.3800385150161387,0.6199614849838613
DEAP:S32:T10,DEAP:S32,T10,0,4.08,2,1,1,2,exposed,baseline_only_context,train,0.1,0.5595905265015102,0.44040947349848975
DEAP:S32:T12,DEAP:S32,T12,1,7.31,2,1,1,2,exposed,baseline_only_context,train,0.1,0.23565326311054668,0.7643467368894533
DEAP:S32:T17,DEAP:S32,T17,1,6.09,2,1,1,2,exposed,baseline_only_context,train,0.1,0.27488111406842497,0.725118885931575
DEAP:S32:T24,DEAP:S32,T24,0,1.0,2,1,1,2,exposed,baseline_only_context,train,0.1,0.7159010326391644,0.2840989673608357
DEAP:S32:T31,DEAP:S32,T31,0,4.17,2,1,1,2,exposed,baseline_only_context,train,0.1,0.7552242090973734,0.24477579090262655
DEAP:S32:T34,DEAP:S32,T34,0,4.05,2,1,1,2,exposed,baseline_only_context,train,0.1,0.8484835080708168,0.1515164919291831
DEAP:S32:T35,DEAP:S32,T35,0,3.88,2,1,1,2,exposed,baseline_only_context,train,0.1,0.8382884359209234,0.16171156407907664
DEAP:S32:T36,DEAP:S32,T36,0,3.91,2,1,1,2,exposed,baseline_only_context,train,0.1,0.7789127326511307,0.22108726734886933
DEAP:S32:T37,DEAP:S32,T37,0,2.81,2,1,1,2,exposed,baseline_only_context,train,0.1,0.8686423681355435,0.13135763186445643
DEAP:S32:T40,DEAP:S32,T40,1,7.15,2,1,1,2,exposed,baseline_only_context,train,0.1,0.6452639263188796,0.35473607368112037
DEAP:S02:T13,DEAP:S02,T13,1,9.0,2,1,1,2,exposed,baseline_only_context,validation_unseen,0.1,0.879226518856474,0.12077348114352601
DEAP:S02:T14,DEAP:S02,T14,1,8.94,2,1,1,2,exposed,baseline_only_context,validation_unseen,0.1,0.8587022391800762,0.14129776081992385
DEAP:S02:T15,DEAP:S02,T15,1,9.0,2,1,1,2,exposed,baseline_only_context,validation_unseen,0.1,0.8827181900612457,0.1172818099387543
DEAP:S02:T16,DEAP:S02,T16,1,6.0,2,1,1,2,exposed,baseline_only_context,validation_unseen,0.1,0.8664724750215377,0.13352752497846232
DEAP:S02:T20,DEAP:S02,T20,1,8.97,2,1,1,2,exposed,baseline_only_context,validation_unseen,0.1,0.872412942728365,0.127587057271635
DEAP:S02:T21,DEAP:S02,T21,0,1.0,2,1,1,2,exposed,baseline_only_context,validation_unseen,0.1,0.8945020586650397,0.1054979413349603
DEAP:S02:T27,DEAP:S02,T27,0,4.96,2,1,1,2,exposed,baseline_only_context,validation_unseen,0.1,0.8776605287389578,0.12233947126104218
DEAP:S02:T38,DEAP:S02,T38,0,1.0,2,1,1,2,exposed,baseline_only_context,validation_unseen,0.1,0.8828234972339826,0.1171765027660174
DEAP:S03:T13,DEAP:S03,T13,1,7.91,2,1,1,2,exposed,baseline_only_context,validation_unseen,0.1,0.2238692164975411,0.7761307835024589
DEAP:S03:T14,DEAP:S03,T14,1,7.29,2,1,1,2,exposed,baseline_only_context,validation_unseen,0.1,0.28177495634250893,0.7182250436574911
DEAP:S03:T15,DEAP:S03,T15,1,7.36,2,1,1,2,exposed,baseline_only_context,validation_unseen,0.1,0.28961197718852527,0.7103880228114747
DEAP:S03:T16,DEAP:S03,T16,1,7.15,2,1,1,2,exposed,baseline_only_context,validation_unseen,0.1,0.2989643002710537,0.7010356997289463
DEAP:S03:T20,DEAP:S03,T20,1,6.26,2,1,1,2,exposed,baseline_only_context,validation_unseen,0.1,0.21226373323943137,0.7877362667605686
DEAP:S03:T21,DEAP:S03,T21,0,4.99,2,1,1,2,exposed,baseline_only_context,validation_unseen,0.1,0.35365728437934485,0.6463427156206552
DEAP:S03:T27,DEAP:S03,T27,1,6.72,2,1,1,2,exposed,baseline_only_context,validation_unseen,0.1,0.2571455118797349,0.7428544881202651
DEAP:S03:T38,DEAP:S03,T38,0,4.53,2,1,1,2,exposed,baseline_only_context,validation_unseen,0.1,0.22846008809286322,0.7715399119071368
DEAP:S15:T13,DEAP:S15,T13,1,7.06,2,1,1,2,exposed,baseline_only_context,validation_unseen,0.1,0.33719554414072406,0.6628044558592759
DEAP:S15:T14,DEAP:S15,T14,1,8.15,2,1,1,2,exposed,baseline_only_context,validation_unseen,0.1,0.37488505869201694,0.6251149413079831
DEAP:S15:T15,DEAP:S15,T15,1,8.12,2,1,1,2,exposed,baseline_only_context,validation_unseen,0.1,0.4702678314085498,0.5297321685914502
DEAP:S15:T16,DEAP:S15,T16,0,4.17,2,1,1,2,exposed,baseline_only_context,validation_unseen,0.1,0.289742010969532,0.710257989030468
DEAP:S15:T20,DEAP:S15,T20,1,7.97,2,1,1,2,exposed,baseline_only_context,validation_unseen,0.1,0.3779173130728495,0.6220826869271505
DEAP:S15:T21,DEAP:S15,T21,0,3.09,2,1,1,2,exposed,baseline_only_context,validation_unseen,0.1,0.30476168681626425,0.6952383131837357
DEAP:S15:T27,DEAP:S15,T27,1,6.0,2,1,1,2,exposed,baseline_only_context,validation_unseen,0.1,0.6044608405283713,0.39553915947162865
DEAP:S15:T38,DEAP:S15,T38,0,2.08,2,1,1,2,exposed,baseline_only_context,validation_unseen,0.1,0.32213210783709556,0.6778678921629044
DEAP:S20:T13,DEAP:S20,T13,1,7.91,2,1,1,2,exposed,baseline_only_context,validation_unseen,0.1,0.6291398691804049,0.37086013081959507
DEAP:S20:T14,DEAP:S20,T14,1,6.4,2,1,1,2,exposed,baseline_only_context,validation_unseen,0.1,0.6292687862129962,0.37073121378700385
DEAP:S20:T15,DEAP:S20,T15,1,6.35,2,1,1,2,exposed,baseline_only_context,validation_unseen,0.1,0.4939456801913812,0.5060543198086188
DEAP:S20:T16,DEAP:S20,T16,1,5.03,2,1,1,2,exposed,baseline_only_context,validation_unseen,0.1,0.6207325835035093,0.3792674164964906
DEAP:S20:T20,DEAP:S20,T20,1,6.65,2,1,1,2,exposed,baseline_only_context,validation_unseen,0.1,0.6460667836597512,0.35393321634024877
DEAP:S20:T21,DEAP:S20,T21,0,4.97,2,1,1,2,exposed,baseline_only_context,validation_unseen,0.1,0.6640540410825255,0.3359459589174744
DEAP:S20:T27,DEAP:S20,T27,1,5.03,2,1,1,2,exposed,baseline_only_context,validation_unseen,0.1,0.5136245729312635,0.4863754270687365
DEAP:S20:T38,DEAP:S20,T38,0,3.38,2,1,1,2,exposed,baseline_only_context,validation_unseen,0.1,0.5045416495020669,0.49545835049793313
DEAP:S02:T01,DEAP:S02,T01,1,9.0,2,1,1,2,exposed,baseline_only_context,validation_familiar,0.1,0.22854517580745115,0.7714548241925488
DEAP:S02:T03,DEAP:S02,T03,1,9.0,2,1,1,2,exposed,baseline_only_context,validation_familiar,0.1,0.6456391037470267,0.3543608962529733
DEAP:S02:T05,DEAP:S02,T05,1,5.04,2,1,1,2,exposed,baseline_only_context,validation_familiar,0.1,0.7925557703490166,0.20744422965098339
DEAP:S02:T07,DEAP:S02,T07,0,4.96,2,1,1,2,exposed,baseline_only_context,validation_familiar,0.1,0.7848496922367731,0.2151503077632269
DEAP:S02:T09,DEAP:S02,T09,1,9.0,2,1,1,2,exposed,baseline_only_context,validation_familiar,0.1,0.5323006226908785,0.4676993773091215
DEAP:S02:T10,DEAP:S02,T10,0,4.99,2,1,1,2,exposed,baseline_only_context,validation_familiar,0.1,0.8984570951660454,0.10154290483395453
DEAP:S02:T12,DEAP:S02,T12,1,8.01,2,1,1,2,exposed,baseline_only_context,validation_familiar,0.1,0.7123296776205428,0.28767032237945717
DEAP:S02:T17,DEAP:S02,T17,1,9.0,2,1,1,2,exposed,baseline_only_context,validation_familiar,0.1,0.8031094553033322,0.19689054469666775
DEAP:S02:T24,DEAP:S02,T24,1,7.08,2,1,1,2,exposed,baseline_only_context,validation_familiar,0.1,0.9685296552499834,0.03147034475001661
DEAP:S02:T31,DEAP:S02,T31,0,4.06,2,1,1,2,exposed,baseline_only_context,validation_familiar,0.1,0.9430359285672623,0.05696407143273777
DEAP:S02:T34,DEAP:S02,T34,0,4.87,2,1,1,2,exposed,baseline_only_context,validation_familiar,0.1,0.9608896611405223,0.03911033885947771
DEAP:S02:T35,DEAP:S02,T35,0,1.99,2,1,1,2,exposed,baseline_only_context,validation_familiar,0.1,0.9814964769078761,0.018503523092123934
DEAP:S02:T36,DEAP:S02,T36,1,5.04,2,1,1,2,exposed,baseline_only_context,validation_familiar,0.1,0.9532011420196786,0.04679885798032136
DEAP:S02:T37,DEAP:S02,T37,0,1.0,2,1,1,2,exposed,baseline_only_context,validation_familiar,0.1,0.9814383976523894,0.018561602347610607
DEAP:S02:T40,DEAP:S02,T40,1,6.05,2,1,1,2,exposed,baseline_only_context,validation_familiar,0.1,0.9114562877394559,0.0885437122605441
DEAP:S03:T01,DEAP:S03,T01,1,5.33,2,1,1,2,exposed,baseline_only_context,validation_familiar,0.1,0.016635422724767923,0.9833645772752321
DEAP:S03:T03,DEAP:S03,T03,1,7.55,2,1,1,2,exposed,baseline_only_context,validation_familiar,0.1,0.07099192799820908,0.9290080720017909
DEAP:S03:T05,DEAP:S03,T05,1,6.92,2,1,1,2,exposed,baseline_only_context,validation_familiar,0.1,0.2070811040532804,0.7929188959467196
DEAP:S03:T06,DEAP:S03,T06,1,6.79,2,1,1,2,exposed,baseline_only_context,validation_familiar,0.1,0.08939180109809997,0.9106081989019
DEAP:S03:T07,DEAP:S03,T07,1,5.45,2,1,1,2,exposed,baseline_only_context,validation_familiar,0.1,0.21527871566319734,0.7847212843368027
DEAP:S03:T09,DEAP:S03,T09,1,7.33,2,1,1,2,exposed,baseline_only_context,validation_familiar,0.1,0.06773636015261075,0.9322636398473892
DEAP:S03:T10,DEAP:S03,T10,0,4.45,2,1,1,2,exposed,baseline_only_context,validation_familiar,0.1,0.28849320777779364,0.7115067922222064
DEAP:S03:T12,DEAP:S03,T12,1,6.36,2,1,1,2,exposed,baseline_only_context,validation_familiar,0.1,0.14856481235938412,0.8514351876406159
DEAP:S03:T17,DEAP:S03,T17,0,4.56,2,1,1,2,exposed,baseline_only_context,validation_familiar,0.1,0.12682955733599433,0.8731704426640057
DEAP:S03:T24,DEAP:S03,T24,0,3.31,2,1,1,2,exposed,baseline_only_context,validation_familiar,0.1,0.5892798510413315,0.4107201489586685
DEAP:S03:T31,DEAP:S03,T31,0,4.44,2,1,1,2,exposed,baseline_only_context,validation_familiar,0.1,0.40614035969612405,0.593859640303876
DEAP:S03:T34,DEAP:S03,T34,0,4.72,2,1,1,2,exposed,baseline_only_context,validation_familiar,0.1,0.6072449061507663,0.3927550938492337
DEAP:S03:T35,DEAP:S03,T35,0,3.18,2,1,1,2,exposed,baseline_only_context,validation_familiar,0.1,0.6309474191281053,0.36905258087189474
DEAP:S03:T36,DEAP:S03,T36,1,5.01,2,1,1,2,exposed,baseline_only_context,validation_familiar,0.1,0.4512293178633894,0.5487706821366106
DEAP:S03:T37,DEAP:S03,T37,0,4.92,2,1,1,2,exposed,baseline_only_context,validation_familiar,0.1,0.6628937212238002,0.3371062787761998
DEAP:S03:T40,DEAP:S03,T40,1,5.38,2,1,1,2,exposed,baseline_only_context,validation_familiar,0.1,0.30921924146580004,0.6907807585342
DEAP:S15:T01,DEAP:S15,T01,1,8.9,2,1,1,2,exposed,baseline_only_context,validation_familiar,0.1,0.03198301523745173,0.9680169847625483
DEAP:S15:T03,DEAP:S15,T03,1,8.04,2,1,1,2,exposed,baseline_only_context,validation_familiar,0.1,0.080137576377732,0.919862423622268
DEAP:S15:T05,DEAP:S15,T05,1,9.0,2,1,1,2,exposed,baseline_only_context,validation_familiar,0.1,0.23666473297675683,0.7633352670232432
DEAP:S15:T06,DEAP:S15,T06,1,9.0,2,1,1,2,exposed,baseline_only_context,validation_familiar,0.1,0.13591089525790367,0.8640891047420963
DEAP:S15:T07,DEAP:S15,T07,1,5.04,2,1,1,2,exposed,baseline_only_context,validation_familiar,0.1,0.23703952034650633,0.7629604796534937
DEAP:S15:T09,DEAP:S15,T09,1,9.0,2,1,1,2,exposed,baseline_only_context,validation_familiar,0.1,0.07917346439700235,0.9208265356029977
DEAP:S15:T10,DEAP:S15,T10,0,4.99,2,1,1,2,exposed,baseline_only_context,validation_familiar,0.1,0.4471508916296436,0.5528491083703564
DEAP:S15:T12,DEAP:S15,T12,1,7.08,2,1,1,2,exposed,baseline_only_context,validation_familiar,0.1,0.18970233564332706,0.8102976643566729
DEAP:S15:T17,DEAP:S15,T17,1,8.1,2,1,1,2,exposed,baseline_only_context,validation_familiar,0.1,0.18510698140518933,0.8148930185948107
DEAP:S15:T24,DEAP:S15,T24,0,1.92,2,1,1,2,exposed,baseline_only_context,validation_familiar,0.1,0.6258115291501067,0.3741884708498933
DEAP:S15:T31,DEAP:S15,T31,0,2.99,2,1,1,2,exposed,baseline_only_context,validation_familiar,0.1,0.5787242390637193,0.4212757609362807
DEAP:S15:T34,DEAP:S15,T34,0,3.01,2,1,1,2,exposed,baseline_only_context,validation_familiar,0.1,0.6258904582438315,0.3741095417561685
DEAP:S15:T35,DEAP:S15,T35,1,5.05,2,1,1,2,exposed,baseline_only_context,validation_familiar,0.1,0.7168272796649982,0.2831727203350018
DEAP:S15:T36,DEAP:S15,T36,0,3.96,2,1,1,2,exposed,baseline_only_context,validation_familiar,0.1,0.6897169688172806,0.31028303118271944
DEAP:S15:T37,DEAP:S15,T37,0,3.04,2,1,1,2,exposed,baseline_only_context,validation_familiar,0.1,0.8820075325028661,0.1179924674971339
DEAP:S15:T40,DEAP:S15,T40,0,4.01,2,1,1,2,exposed,baseline_only_context,validation_familiar,0.1,0.32116262428887454,0.6788373757111255
DEAP:S20:T01,DEAP:S20,T01,1,5.76,2,1,1,2,exposed,baseline_only_context,validation_familiar,0.1,0.07722670155154487,0.9227732984484551
DEAP:S20:T03,DEAP:S20,T03,1,7.18,2,1,1,2,exposed,baseline_only_context,validation_familiar,0.1,0.34094775366443064,0.6590522463355694
DEAP:S20:T05,DEAP:S20,T05,1,8.82,2,1,1,2,exposed,baseline_only_context,validation_familiar,0.1,0.4862918194698522,0.5137081805301478
DEAP:S20:T06,DEAP:S20,T06,1,7.62,2,1,1,2,exposed,baseline_only_context,validation_familiar,0.1,0.396741834088152,0.603258165911848
DEAP:S20:T07,DEAP:S20,T07,1,5.27,2,1,1,2,exposed,baseline_only_context,validation_familiar,0.1,0.4706315940695164,0.5293684059304836
DEAP:S20:T09,DEAP:S20,T09,1,8.22,2,1,1,2,exposed,baseline_only_context,validation_familiar,0.1,0.362969949862478,0.637030050137522
DEAP:S20:T10,DEAP:S20,T10,1,5.13,2,1,1,2,exposed,baseline_only_context,validation_familiar,0.1,0.643684968593162,0.356315031406838
DEAP:S20:T12,DEAP:S20,T12,1,7.64,2,1,1,2,exposed,baseline_only_context,validation_familiar,0.1,0.42212515926908745,0.5778748407309126
DEAP:S20:T17,DEAP:S20,T17,1,5.04,2,1,1,2,exposed,baseline_only_context,validation_familiar,0.1,0.4254494799559445,0.5745505200440555
DEAP:S20:T24,DEAP:S20,T24,0,3.0,2,1,1,2,exposed,baseline_only_context,validation_familiar,0.1,0.9414526410211886,0.05854735897881131
DEAP:S20:T31,DEAP:S20,T31,0,4.46,2,1,1,2,exposed,baseline_only_context,validation_familiar,0.1,0.8453014476269682,0.15469855237303182
DEAP:S20:T34,DEAP:S20,T34,0,4.74,2,1,1,2,exposed,baseline_only_context,validation_familiar,0.1,0.8870771747044651,0.11292282529553488
DEAP:S20:T35,DEAP:S20,T35,0,4.35,2,1,1,2,exposed,baseline_only_context,validation_familiar,0.1,0.9077221140323132,0.09227788596768684
DEAP:S20:T36,DEAP:S20,T36,0,4.29,2,1,1,2,exposed,baseline_only_context,validation_familiar,0.1,0.8043642602470915,0.19563573975290846
DEAP:S20:T37,DEAP:S20,T37,0,3.01,2,1,1,2,exposed,baseline_only_context,validation_familiar,0.1,0.9084316341308184,0.09156836586918163
DEAP:S20:T40,DEAP:S20,T40,0,4.94,2,1,1,2,exposed,baseline_only_context,validation_familiar,0.1,0.7155633394836496,0.2844366605163504
DEAP:S01:T01,DEAP:S01,T01,1,7.71,2,1,1,2,exposed,baseline_only_context,train,1.0,0.036951343917793644,0.9630486560822064
DEAP:S01:T03,DEAP:S01,T03,1,8.58,2,1,1,2,exposed,baseline_only_context,train,1.0,0.5338403823151925,0.46615961768480746
DEAP:S01:T05,DEAP:S01,T05,1,6.96,2,1,1,2,exposed,baseline_only_context,train,1.0,0.6629228470671237,0.3370771529328763
DEAP:S01:T06,DEAP:S01,T06,1,8.27,2,1,1,2,exposed,baseline_only_context,train,1.0,0.15742624211713319,0.8425737578828668
DEAP:S01:T07,DEAP:S01,T07,1,7.44,2,1,1,2,exposed,baseline_only_context,train,1.0,0.6837453515935994,0.31625464840640066
DEAP:S01:T09,DEAP:S01,T09,0,4.04,2,1,1,2,exposed,baseline_only_context,train,1.0,0.20353980008567607,0.7964601999143239
DEAP:S01:T10,DEAP:S01,T10,0,1.99,2,1,1,2,exposed,baseline_only_context,train,1.0,0.621357968353428,0.37864203164657195
DEAP:S01:T12,DEAP:S01,T12,0,2.71,2,1,1,2,exposed,baseline_only_context,train,1.0,0.24201719223545715,0.7579828077645429
DEAP:S01:T17,DEAP:S01,T17,0,2.46,2,1,1,2,exposed,baseline_only_context,train,1.0,0.23721055054906126,0.7627894494509387
DEAP:S01:T24,DEAP:S01,T24,1,7.04,2,1,1,2,exposed,baseline_only_context,train,1.0,0.546470796966734,0.4535292030332661
DEAP:S01:T31,DEAP:S01,T31,0,3.03,2,1,1,2,exposed,baseline_only_context,train,1.0,0.882495319208834,0.11750468079116601
DEAP:S01:T34,DEAP:S01,T34,0,2.28,2,1,1,2,exposed,baseline_only_context,train,1.0,0.7937610751220854,0.2062389248779146
DEAP:S01:T35,DEAP:S01,T35,0,2.06,2,1,1,2,exposed,baseline_only_context,train,1.0,0.9725010664476041,0.02749893355239586
DEAP:S01:T36,DEAP:S01,T36,0,2.9,2,1,1,2,exposed,baseline_only_context,train,1.0,0.8793480367098683,0.12065196329013173
DEAP:S01:T37,DEAP:S01,T37,0,2.31,2,1,1,2,exposed,baseline_only_context,train,1.0,0.9760397871977751,0.023960212802224892
DEAP:S01:T40,DEAP:S01,T40,1,5.1,2,1,1,2,exposed,baseline_only_context,train,1.0,0.5238970380998129,0.47610296190018714
DEAP:S04:T01,DEAP:S04,T01,1,6.68,2,1,1,2,exposed,baseline_only_context,train,1.0,0.13260697208492866,0.8673930279150713
DEAP:S04:T03,DEAP:S04,T03,1,8.95,2,1,1,2,exposed,baseline_only_context,train,1.0,0.27632127969663267,0.7236787203033673
DEAP:S04:T05,DEAP:S04,T05,0,4.06,2,1,1,2,exposed,baseline_only_context,train,1.0,0.720447829339918,0.279552170660082
DEAP:S04:T06,DEAP:S04,T06,1,5.01,2,1,1,2,exposed,baseline_only_context,train,1.0,0.272660818881991,0.727339181118009
DEAP:S04:T07,DEAP:S04,T07,0,2.94,2,1,1,2,exposed,baseline_only_context,train,1.0,0.7281730284812076,0.27182697151879237
DEAP:S04:T10,DEAP:S04,T10,0,3.15,2,1,1,2,exposed,baseline_only_context,train,1.0,0.8119310840103444,0.18806891598965564
DEAP:S04:T12,DEAP:S04,T12,1,5.04,2,1,1,2,exposed,baseline_only_context,train,1.0,0.27319526001673433,0.7268047399832657
DEAP:S04:T17,DEAP:S04,T17,1,7.01,2,1,1,2,exposed,baseline_only_context,train,1.0,0.566121542672591,0.43387845732740904
DEAP:S04:T24,DEAP:S04,T24,0,2.71,2,1,1,2,exposed,baseline_only_context,train,1.0,0.9519922181999008,0.04800778180009919
DEAP:S04:T31,DEAP:S04,T31,0,2.01,2,1,1,2,exposed,baseline_only_context,train,1.0,0.862184280921654,0.13781571907834594
DEAP:S04:T34,DEAP:S04,T34,0,2.17,2,1,1,2,exposed,baseline_only_context,train,1.0,0.9881081900992889,0.01189180990071113
DEAP:S04:T35,DEAP:S04,T35,0,2.03,2,1,1,2,exposed,baseline_only_context,train,1.0,0.9799546413472341,0.020045358652765955
DEAP:S04:T36,DEAP:S04,T36,0,2.72,2,1,1,2,exposed,baseline_only_context,train,1.0,0.9094150196143753,0.09058498038562471
DEAP:S04:T37,DEAP:S04,T37,0,1.0,2,1,1,2,exposed,baseline_only_context,train,1.0,0.9735082933103775,0.026491706689622477
DEAP:S04:T40,DEAP:S04,T40,0,1.86,2,1,1,2,exposed,baseline_only_context,train,1.0,0.8961904246373473,0.10380957536265273
DEAP:S05:T01,DEAP:S05,T01,1,6.97,2,1,1,2,exposed,baseline_only_context,train,1.0,0.06588615481584759,0.9341138451841524
DEAP:S05:T03,DEAP:S05,T03,0,4.95,2,1,1,2,exposed,baseline_only_context,train,1.0,0.17694396161335257,0.8230560383866474
DEAP:S05:T05,DEAP:S05,T05,0,3.04,2,1,1,2,exposed,baseline_only_context,train,1.0,0.44141542532648437,0.5585845746735156
DEAP:S05:T06,DEAP:S05,T06,1,8.09,2,1,1,2,exposed,baseline_only_context,train,1.0,0.19645203780546472,0.8035479621945353
DEAP:S05:T07,DEAP:S05,T07,1,5.12,2,1,1,2,exposed,baseline_only_context,train,1.0,0.026455517514242022,0.973544482485758
DEAP:S05:T09,DEAP:S05,T09,1,6.94,2,1,1,2,exposed,baseline_only_context,train,1.0,0.07963880820873659,0.9203611917912634
DEAP:S05:T10,DEAP:S05,T10,0,3.03,2,1,1,2,exposed,baseline_only_context,train,1.0,0.6020419137203389,0.3979580862796611
DEAP:S05:T12,DEAP:S05,T12,1,7.08,2,1,1,2,exposed,baseline_only_context,train,1.0,0.0410263239576395,0.9589736760423605
DEAP:S05:T17,DEAP:S05,T17,1,6.88,2,1,1,2,exposed,baseline_only_context,train,1.0,0.13293155273034574,0.8670684472696543
DEAP:S05:T24,DEAP:S05,T24,0,4.0,2,1,1,2,exposed,baseline_only_context,train,1.0,0.8512179452582269,0.1487820547417731
DEAP:S05:T31,DEAP:S05,T31,1,6.9,2,1,1,2,exposed,baseline_only_context,train,1.0,0.3151507629645134,0.6848492370354866
DEAP:S05:T34,DEAP:S05,T34,1,6.03,2,1,1,2,exposed,baseline_only_context,train,1.0,0.31843738935258736,0.6815626106474126
DEAP:S05:T35,DEAP:S05,T35,0,4.86,2,1,1,2,exposed,baseline_only_context,train,1.0,0.9667872579857125,0.033212742014287436
DEAP:S05:T36,DEAP:S05,T36,0,4.91,2,1,1,2,exposed,baseline_only_context,train,1.0,0.8456941320816681,0.15430586791833187
DEAP:S05:T37,DEAP:S05,T37,0,1.91,2,1,1,2,exposed,baseline_only_context,train,1.0,0.8591454616322793,0.14085453836772072
DEAP:S05:T40,DEAP:S05,T40,1,7.0,2,1,1,2,exposed,baseline_only_context,train,1.0,0.5517675598609671,0.44823244013903285
DEAP:S06:T01,DEAP:S06,T01,1,8.19,2,1,1,2,exposed,baseline_only_context,train,1.0,0.00869556691981066,0.9913044330801893
DEAP:S06:T03,DEAP:S06,T03,1,7.69,2,1,1,2,exposed,baseline_only_context,train,1.0,0.022958297940568584,0.9770417020594314
DEAP:S06:T05,DEAP:S06,T05,1,7.01,2,1,1,2,exposed,baseline_only_context,train,1.0,0.20672454073492863,0.7932754592650714
DEAP:S06:T06,DEAP:S06,T06,1,8.05,2,1,1,2,exposed,baseline_only_context,train,1.0,0.22523609248736176,0.7747639075126382
DEAP:S06:T07,DEAP:S06,T07,1,8.26,2,1,1,2,exposed,baseline_only_context,train,1.0,0.04089344231900627,0.9591065576809937
DEAP:S06:T09,DEAP:S06,T09,1,7.87,2,1,1,2,exposed,baseline_only_context,train,1.0,0.04415229029013834,0.9558477097098617
DEAP:S06:T10,DEAP:S06,T10,1,7.37,2,1,1,2,exposed,baseline_only_context,train,1.0,0.28348728721854066,0.7165127127814593
DEAP:S06:T12,DEAP:S06,T12,1,7.17,2,1,1,2,exposed,baseline_only_context,train,1.0,0.11750638837524108,0.8824936116247589
DEAP:S06:T17,DEAP:S06,T17,1,6.72,2,1,1,2,exposed,baseline_only_context,train,1.0,0.3395663186381078,0.6604336813618922
DEAP:S06:T24,DEAP:S06,T24,0,3.5,2,1,1,2,exposed,baseline_only_context,train,1.0,0.8249589298212059,0.1750410701787941
DEAP:S06:T35,DEAP:S06,T35,0,3.96,2,1,1,2,exposed,baseline_only_context,train,1.0,0.6948356192124989,0.305164380787501
DEAP:S06:T36,DEAP:S06,T36,1,5.71,2,1,1,2,exposed,baseline_only_context,train,1.0,0.4913041479132917,0.5086958520867083
DEAP:S06:T37,DEAP:S06,T37,0,4.83,2,1,1,2,exposed,baseline_only_context,train,1.0,0.6129441541677425,0.3870558458322575
DEAP:S06:T40,DEAP:S06,T40,0,4.85,2,1,1,2,exposed,baseline_only_context,train,1.0,0.5481450072096171,0.4518549927903829
DEAP:S07:T01,DEAP:S07,T01,1,8.1,2,1,1,2,exposed,baseline_only_context,train,1.0,0.0001962940478684727,0.9998037059521315
DEAP:S07:T03,DEAP:S07,T03,1,7.1,2,1,1,2,exposed,baseline_only_context,train,1.0,0.0016629328678287036,0.9983370671321713
DEAP:S07:T05,DEAP:S07,T05,1,7.05,2,1,1,2,exposed,baseline_only_context,train,1.0,0.013061875138836498,0.9869381248611635
DEAP:S07:T07,DEAP:S07,T07,1,7.08,2,1,1,2,exposed,baseline_only_context,train,1.0,0.03125139886291384,0.9687486011370862
DEAP:S07:T09,DEAP:S07,T09,1,6.99,2,1,1,2,exposed,baseline_only_context,train,1.0,0.024812364932996767,0.9751876350670032
DEAP:S07:T10,DEAP:S07,T10,1,7.09,2,1,1,2,exposed,baseline_only_context,train,1.0,0.27968723887666525,0.7203127611233348
DEAP:S07:T17,DEAP:S07,T17,1,7.12,2,1,1,2,exposed,baseline_only_context,train,1.0,0.12094389972951003,0.87905610027049
DEAP:S07:T24,DEAP:S07,T24,0,1.97,2,1,1,2,exposed,baseline_only_context,train,1.0,0.6607470612021038,0.33925293879789614
DEAP:S07:T31,DEAP:S07,T31,1,6.96,2,1,1,2,exposed,baseline_only_context,train,1.0,0.3239567863067463,0.6760432136932537
DEAP:S07:T34,DEAP:S07,T34,0,4.01,2,1,1,2,exposed,baseline_only_context,train,1.0,0.6354271380877063,0.36457286191229366
DEAP:S07:T35,DEAP:S07,T35,1,5.01,2,1,1,2,exposed,baseline_only_context,train,1.0,0.6415729448847063,0.3584270551152937
DEAP:S07:T36,DEAP:S07,T36,1,8.1,2,1,1,2,exposed,baseline_only_context,train,1.0,0.3475960710879825,0.6524039289120175
DEAP:S07:T37,DEAP:S07,T37,1,5.05,2,1,1,2,exposed,baseline_only_context,train,1.0,0.1382378190127992,0.8617621809872008
DEAP:S08:T01,DEAP:S08,T01,1,7.6,2,1,1,2,exposed,baseline_only_context,train,1.0,0.02776492210504089,0.9722350778949591
DEAP:S08:T03,DEAP:S08,T03,1,8.15,2,1,1,2,exposed,baseline_only_context,train,1.0,0.1497070071325296,0.8502929928674704
DEAP:S08:T05,DEAP:S08,T05,0,4.41,2,1,1,2,exposed,baseline_only_context,train,1.0,0.3958609571065155,0.6041390428934845
DEAP:S08:T06,DEAP:S08,T06,1,7.4,2,1,1,2,exposed,baseline_only_context,train,1.0,0.1818693718818184,0.8181306281181816
DEAP:S08:T07,DEAP:S08,T07,1,5.04,2,1,1,2,exposed,baseline_only_context,train,1.0,0.40336906658038196,0.596630933419618
DEAP:S08:T09,DEAP:S08,T09,1,8.78,2,1,1,2,exposed,baseline_only_context,train,1.0,0.11299733362365094,0.8870026663763491
DEAP:S08:T10,DEAP:S08,T10,0,4.97,2,1,1,2,exposed,baseline_only_context,train,1.0,0.5055268911694972,0.4944731088305027
DEAP:S08:T12,DEAP:S08,T12,1,8.47,2,1,1,2,exposed,baseline_only_context,train,1.0,0.15273129262772767,0.8472687073722723
DEAP:S08:T17,DEAP:S08,T17,1,6.67,2,1,1,2,exposed,baseline_only_context,train,1.0,0.3642052266750103,0.6357947733249897
DEAP:S08:T24,DEAP:S08,T24,0,4.15,2,1,1,2,exposed,baseline_only_context,train,1.0,0.9274737818899306,0.07252621811006943
DEAP:S08:T31,DEAP:S08,T31,0,1.45,2,1,1,2,exposed,baseline_only_context,train,1.0,0.7302270736494233,0.2697729263505767
DEAP:S08:T34,DEAP:S08,T34,1,5.05,2,1,1,2,exposed,baseline_only_context,train,1.0,0.44825385022409925,0.5517461497759008
DEAP:S08:T35,DEAP:S08,T35,0,3.62,2,1,1,2,exposed,baseline_only_context,train,1.0,0.8927323192481892,0.10726768075181081
DEAP:S08:T36,DEAP:S08,T36,0,1.21,2,1,1,2,exposed,baseline_only_context,train,1.0,0.9530214119777511,0.04697858802224881
DEAP:S08:T37,DEAP:S08,T37,1,5.06,2,1,1,2,exposed,baseline_only_context,train,1.0,0.6439341294228695,0.35606587057713046
DEAP:S08:T40,DEAP:S08,T40,0,3.13,2,1,1,2,exposed,baseline_only_context,train,1.0,0.8362779549126583,0.16372204508734164
DEAP:S09:T05,DEAP:S09,T05,0,4.99,2,1,1,2,exposed,baseline_only_context,train,1.0,0.7114841296899803,0.2885158703100197
DEAP:S09:T06,DEAP:S09,T06,1,7.04,2,1,1,2,exposed,baseline_only_context,train,1.0,0.13016209178609384,0.8698379082139062
DEAP:S09:T07,DEAP:S09,T07,1,5.08,2,1,1,2,exposed,baseline_only_context,train,1.0,0.14112236393869204,0.858877636061308
DEAP:S09:T09,DEAP:S09,T09,1,5.96,2,1,1,2,exposed,baseline_only_context,train,1.0,0.02453674441774456,0.9754632555822554
DEAP:S09:T10,DEAP:S09,T10,0,3.94,2,1,1,2,exposed,baseline_only_context,train,1.0,0.620959548891419,0.3790404511085809
DEAP:S09:T24,DEAP:S09,T24,0,4.03,2,1,1,2,exposed,baseline_only_context,train,1.0,0.9258717170902118,0.07412828290978819
DEAP:S09:T31,DEAP:S09,T31,1,6.06,2,1,1,2,exposed,baseline_only_context,train,1.0,0.41877860140307666,0.5812213985969233
DEAP:S09:T34,DEAP:S09,T34,1,5.06,2,1,1,2,exposed,baseline_only_context,train,1.0,0.914552920809558,0.08544707919044205
DEAP:S09:T35,DEAP:S09,T35,0,3.01,2,1,1,2,exposed,baseline_only_context,train,1.0,0.9080681175227218,0.09193188247727821
DEAP:S09:T36,DEAP:S09,T36,0,3.08,2,1,1,2,exposed,baseline_only_context,train,1.0,0.6672622308016776,0.33273776919832243
DEAP:S09:T37,DEAP:S09,T37,0,2.99,2,1,1,2,exposed,baseline_only_context,train,1.0,0.964953733841949,0.035046266158050905
DEAP:S09:T40,DEAP:S09,T40,1,5.04,2,1,1,2,exposed,baseline_only_context,train,1.0,0.22119218156544063,0.7788078184345594
DEAP:S10:T01,DEAP:S10,T01,1,7.91,2,1,1,2,exposed,baseline_only_context,train,1.0,0.0033749840553558563,0.9966250159446441
DEAP:S10:T09,DEAP:S10,T09,1,7.56,2,1,1,2,exposed,baseline_only_context,train,1.0,0.0733106073077664,0.9266893926922336
DEAP:S10:T12,DEAP:S10,T12,1,5.37,2,1,1,2,exposed,baseline_only_context,train,1.0,0.03088513276318805,0.969114867236812
DEAP:S10:T17,DEAP:S10,T17,0,4.95,2,1,1,2,exposed,baseline_only_context,train,1.0,0.21957834450471014,0.7804216554952899
DEAP:S10:T24,DEAP:S10,T24,1,6.82,2,1,1,2,exposed,baseline_only_context,train,1.0,0.7899413654577545,0.21005863454224546
DEAP:S10:T31,DEAP:S10,T31,0,4.15,2,1,1,2,exposed,baseline_only_context,train,1.0,0.8397892315801734,0.16021076841982657
DEAP:S10:T34,DEAP:S10,T34,0,3.91,2,1,1,2,exposed,baseline_only_context,train,1.0,0.8640742459270115,0.13592575407298843
DEAP:S10:T35,DEAP:S10,T35,0,1.38,2,1,1,2,exposed,baseline_only_context,train,1.0,0.9405879177439941,0.05941208225600589
DEAP:S10:T36,DEAP:S10,T36,0,2.17,2,1,1,2,exposed,baseline_only_context,train,1.0,0.7985178948238755,0.20148210517612453
DEAP:S10:T37,DEAP:S10,T37,0,2.92,2,1,1,2,exposed,baseline_only_context,train,1.0,0.8728668782880449,0.1271331217119551
DEAP:S10:T40,DEAP:S10,T40,1,5.78,2,1,1,2,exposed,baseline_only_context,train,1.0,0.6978945460704777,0.3021054539295222
DEAP:S11:T01,DEAP:S11,T01,1,6.27,2,1,1,2,exposed,baseline_only_context,train,1.0,0.013558639794827743,0.9864413602051723
DEAP:S11:T03,DEAP:S11,T03,1,7.41,2,1,1,2,exposed,baseline_only_context,train,1.0,0.08565313608550684,0.9143468639144932
DEAP:S11:T05,DEAP:S11,T05,1,7.41,2,1,1,2,exposed,baseline_only_context,train,1.0,0.4300014648408098,0.5699985351591902
DEAP:S11:T06,DEAP:S11,T06,1,5.32,2,1,1,2,exposed,baseline_only_context,train,1.0,0.053179801310773156,0.9468201986892268
DEAP:S11:T07,DEAP:S11,T07,1,6.37,2,1,1,2,exposed,baseline_only_context,train,1.0,0.32942823580182223,0.6705717641981778
DEAP:S11:T10,DEAP:S11,T10,1,6.53,2,1,1,2,exposed,baseline_only_context,train,1.0,0.3296019219621923,0.6703980780378077
DEAP:S11:T12,DEAP:S11,T12,1,5.04,2,1,1,2,exposed,baseline_only_context,train,1.0,0.13740958552896054,0.8625904144710395
DEAP:S11:T17,DEAP:S11,T17,1,8.32,2,1,1,2,exposed,baseline_only_context,train,1.0,0.14822402986148864,0.8517759701385114
DEAP:S11:T24,DEAP:S11,T24,0,2.88,2,1,1,2,exposed,baseline_only_context,train,1.0,0.8672993543635705,0.13270064563642953
DEAP:S11:T31,DEAP:S11,T31,0,1.83,2,1,1,2,exposed,baseline_only_context,train,1.0,0.7556547617580529,0.2443452382419471
DEAP:S11:T34,DEAP:S11,T34,0,4.88,2,1,1,2,exposed,baseline_only_context,train,1.0,0.8826429816472633,0.11735701835273667
DEAP:S11:T35,DEAP:S11,T35,0,1.23,2,1,1,2,exposed,baseline_only_context,train,1.0,0.7960123085039388,0.2039876914960612
DEAP:S11:T36,DEAP:S11,T36,0,3.62,2,1,1,2,exposed,baseline_only_context,train,1.0,0.8824515204348053,0.1175484795651947
DEAP:S11:T37,DEAP:S11,T37,0,1.47,2,1,1,2,exposed,baseline_only_context,train,1.0,0.8536394792531613,0.14636052074683867
DEAP:S11:T40,DEAP:S11,T40,0,4.95,2,1,1,2,exposed,baseline_only_context,train,1.0,0.7960736607908288,0.2039263392091712
DEAP:S12:T01,DEAP:S12,T01,1,7.09,2,1,1,2,exposed,baseline_only_context,train,1.0,0.026828779324071683,0.9731712206759283
DEAP:S12:T03,DEAP:S12,T03,1,7.33,2,1,1,2,exposed,baseline_only_context,train,1.0,0.11261124639943176,0.8873887536005682
DEAP:S12:T05,DEAP:S12,T05,0,4.01,2,1,1,2,exposed,baseline_only_context,train,1.0,0.6122209114356201,0.3877790885643799
DEAP:S12:T06,DEAP:S12,T06,1,6.65,2,1,1,2,exposed,baseline_only_context,train,1.0,0.04489714152132773,0.9551028584786723
DEAP:S12:T07,DEAP:S12,T07,1,6.77,2,1,1,2,exposed,baseline_only_context,train,1.0,0.433630572476829,0.566369427523171
DEAP:S12:T09,DEAP:S12,T09,1,7.95,2,1,1,2,exposed,baseline_only_context,train,1.0,0.1107691641823082,0.8892308358176918
DEAP:S12:T10,DEAP:S12,T10,0,4.06,2,1,1,2,exposed,baseline_only_context,train,1.0,0.7433946224644565,0.25660537753554347
DEAP:S12:T12,DEAP:S12,T12,1,6.86,2,1,1,2,exposed,baseline_only_context,train,1.0,0.2356208601623898,0.7643791398376102
DEAP:S12:T17,DEAP:S12,T17,0,4.86,2,1,1,2,exposed,baseline_only_context,train,1.0,0.2668064575624739,0.7331935424375261
DEAP:S12:T31,DEAP:S12,T31,0,3.18,2,1,1,2,exposed,baseline_only_context,train,1.0,0.7514344775843507,0.2485655224156494
DEAP:S12:T34,DEAP:S12,T34,0,4.87,2,1,1,2,exposed,baseline_only_context,train,1.0,0.8893305779107673,0.11066942208923272
DEAP:S12:T35,DEAP:S12,T35,0,1.22,2,1,1,2,exposed,baseline_only_context,train,1.0,0.9063122926391693,0.09368770736083065
DEAP:S12:T36,DEAP:S12,T36,0,2.82,2,1,1,2,exposed,baseline_only_context,train,1.0,0.8141769072036236,0.18582309279637646
DEAP:S12:T37,DEAP:S12,T37,0,1.0,2,1,1,2,exposed,baseline_only_context,train,1.0,0.9771773058806053,0.022822694119394707
DEAP:S12:T40,DEAP:S12,T40,1,6.81,2,1,1,2,exposed,baseline_only_context,train,1.0,0.6754629559063297,0.3245370440936704
DEAP:S13:T01,DEAP:S13,T01,1,6.15,2,1,1,2,exposed,baseline_only_context,train,1.0,0.15523819120613191,0.8447618087938681
DEAP:S13:T03,DEAP:S13,T03,1,9.0,2,1,1,2,exposed,baseline_only_context,train,1.0,0.28085735038044035,0.7191426496195596
DEAP:S13:T05,DEAP:S13,T05,1,5.01,2,1,1,2,exposed,baseline_only_context,train,1.0,0.2240833982893493,0.7759166017106507
DEAP:S13:T06,DEAP:S13,T06,0,4.46,2,1,1,2,exposed,baseline_only_context,train,1.0,0.5703728224495914,0.4296271775504086
DEAP:S13:T07,DEAP:S13,T07,0,2.99,2,1,1,2,exposed,baseline_only_context,train,1.0,0.8298416762737666,0.17015832372623346
DEAP:S13:T10,DEAP:S13,T10,0,4.01,2,1,1,2,exposed,baseline_only_context,train,1.0,0.913143538260431,0.08685646173956893
DEAP:S13:T12,DEAP:S13,T12,1,5.08,2,1,1,2,exposed,baseline_only_context,train,1.0,0.1529635404236157,0.8470364595763843
DEAP:S13:T17,DEAP:S13,T17,1,5.99,2,1,1,2,exposed,baseline_only_context,train,1.0,0.6661297696503565,0.3338702303496435
DEAP:S13:T24,DEAP:S13,T24,0,2.97,2,1,1,2,exposed,baseline_only_context,train,1.0,0.904334509934687,0.09566549006531296
DEAP:S13:T31,DEAP:S13,T31,0,1.97,2,1,1,2,exposed,baseline_only_context,train,1.0,0.946002142933353,0.0539978570666469
DEAP:S13:T34,DEAP:S13,T34,0,2.92,2,1,1,2,exposed,baseline_only_context,train,1.0,0.8600735546488074,0.13992644535119264
DEAP:S13:T35,DEAP:S13,T35,0,1.0,2,1,1,2,exposed,baseline_only_context,train,1.0,0.9436808919845278,0.056319108015472234
DEAP:S13:T36,DEAP:S13,T36,0,2.54,2,1,1,2,exposed,baseline_only_context,train,1.0,0.9577470316336262,0.042252968366373864
DEAP:S13:T37,DEAP:S13,T37,0,1.0,2,1,1,2,exposed,baseline_only_context,train,1.0,0.9494944372901964,0.05050556270980354
DEAP:S13:T40,DEAP:S13,T40,0,4.08,2,1,1,2,exposed,baseline_only_context,train,1.0,0.8487285581784796,0.1512714418215204
DEAP:S18:T01,DEAP:S18,T01,1,6.33,2,1,1,2,exposed,baseline_only_context,train,1.0,0.003902463592813654,0.9960975364071863
DEAP:S18:T03,DEAP:S18,T03,1,6.36,2,1,1,2,exposed,baseline_only_context,train,1.0,0.00592455991247931,0.9940754400875207
DEAP:S18:T05,DEAP:S18,T05,1,6.13,2,1,1,2,exposed,baseline_only_context,train,1.0,0.09343042789029776,0.9065695721097022
DEAP:S18:T06,DEAP:S18,T06,1,6.51,2,1,1,2,exposed,baseline_only_context,train,1.0,0.010690459990953305,0.9893095400090467
DEAP:S18:T07,DEAP:S18,T07,1,7.33,2,1,1,2,exposed,baseline_only_context,train,1.0,0.010461199722698322,0.9895388002773017
DEAP:S18:T09,DEAP:S18,T09,1,6.55,2,1,1,2,exposed,baseline_only_context,train,1.0,0.009855878769372883,0.9901441212306271
DEAP:S18:T10,DEAP:S18,T10,1,6.09,2,1,1,2,exposed,baseline_only_context,train,1.0,0.0790804325685559,0.9209195674314441
DEAP:S18:T17,DEAP:S18,T17,1,7.74,2,1,1,2,exposed,baseline_only_context,train,1.0,0.06555167020845698,0.934448329791543
DEAP:S18:T24,DEAP:S18,T24,0,3.22,2,1,1,2,exposed,baseline_only_context,train,1.0,0.5640100294581964,0.43598997054180355
DEAP:S18:T31,DEAP:S18,T31,0,4.44,2,1,1,2,exposed,baseline_only_context,train,1.0,0.7047582212788983,0.2952417787211017
DEAP:S18:T34,DEAP:S18,T34,0,4.15,2,1,1,2,exposed,baseline_only_context,train,1.0,0.8622560572971638,0.13774394270283613
DEAP:S18:T35,DEAP:S18,T35,1,5.12,2,1,1,2,exposed,baseline_only_context,train,1.0,0.7903951556671387,0.20960484433286133
DEAP:S18:T36,DEAP:S18,T36,1,5.24,2,1,1,2,exposed,baseline_only_context,train,1.0,0.4087873611011852,0.5912126388988148
DEAP:S18:T37,DEAP:S18,T37,0,4.0,2,1,1,2,exposed,baseline_only_context,train,1.0,0.5652360645876965,0.4347639354123035
DEAP:S19:T03,DEAP:S19,T03,1,6.82,2,1,1,2,exposed,baseline_only_context,train,1.0,0.033622760827771936,0.9663772391722281
DEAP:S19:T05,DEAP:S19,T05,1,7.79,2,1,1,2,exposed,baseline_only_context,train,1.0,0.10523227642268307,0.8947677235773169
DEAP:S19:T06,DEAP:S19,T06,1,7.73,2,1,1,2,exposed,baseline_only_context,train,1.0,0.04181303153149307,0.9581869684685069
DEAP:S19:T07,DEAP:S19,T07,1,6.64,2,1,1,2,exposed,baseline_only_context,train,1.0,0.2087160734518424,0.7912839265481576
DEAP:S19:T09,DEAP:S19,T09,1,7.09,2,1,1,2,exposed,baseline_only_context,train,1.0,0.06027457395866942,0.9397254260413306
DEAP:S19:T12,DEAP:S19,T12,1,6.26,2,1,1,2,exposed,baseline_only_context,train,1.0,0.10596889244637897,0.894031107553621
DEAP:S19:T17,DEAP:S19,T17,1,7.38,2,1,1,2,exposed,baseline_only_context,train,1.0,0.2298732369111346,0.7701267630888654
DEAP:S19:T24,DEAP:S19,T24,0,3.23,2,1,1,2,exposed,baseline_only_context,train,1.0,0.8246090686784664,0.17539093132153366
DEAP:S19:T31,DEAP:S19,T31,1,5.03,2,1,1,2,exposed,baseline_only_context,train,1.0,0.5846248940518468,0.4153751059481532
DEAP:S19:T34,DEAP:S19,T34,0,4.17,2,1,1,2,exposed,baseline_only_context,train,1.0,0.859635947541308,0.14036405245869193
DEAP:S19:T35,DEAP:S19,T35,0,3.21,2,1,1,2,exposed,baseline_only_context,train,1.0,0.9164251407205557,0.08357485927944425
DEAP:S19:T36,DEAP:S19,T36,0,3.71,2,1,1,2,exposed,baseline_only_context,train,1.0,0.9190749153363316,0.08092508466366848
DEAP:S19:T37,DEAP:S19,T37,0,3.15,2,1,1,2,exposed,baseline_only_context,train,1.0,0.8923297118346384,0.1076702881653616
DEAP:S19:T40,DEAP:S19,T40,0,4.24,2,1,1,2,exposed,baseline_only_context,train,1.0,0.8069696902771505,0.19303030972284949
DEAP:S21:T01,DEAP:S21,T01,1,6.42,2,1,1,2,exposed,baseline_only_context,train,1.0,0.027995258240633536,0.9720047417593665
DEAP:S21:T03,DEAP:S21,T03,0,4.83,2,1,1,2,exposed,baseline_only_context,train,1.0,0.18637274190230413,0.8136272580976959
DEAP:S21:T05,DEAP:S21,T05,1,8.09,2,1,1,2,exposed,baseline_only_context,train,1.0,0.5283347105144913,0.4716652894855086
DEAP:S21:T06,DEAP:S21,T06,1,7.92,2,1,1,2,exposed,baseline_only_context,train,1.0,0.17314517779594585,0.8268548222040542
DEAP:S21:T07,DEAP:S21,T07,1,7.05,2,1,1,2,exposed,baseline_only_context,train,1.0,0.1260028390968888,0.8739971609031112
DEAP:S21:T09,DEAP:S21,T09,1,8.56,2,1,1,2,exposed,baseline_only_context,train,1.0,0.11369986738460702,0.886300132615393
DEAP:S21:T10,DEAP:S21,T10,1,7.05,2,1,1,2,exposed,baseline_only_context,train,1.0,0.36772826709711615,0.6322717329028839
DEAP:S21:T12,DEAP:S21,T12,0,4.63,2,1,1,2,exposed,baseline_only_context,train,1.0,0.11019727884878239,0.8898027211512176
DEAP:S21:T17,DEAP:S21,T17,1,5.53,2,1,1,2,exposed,baseline_only_context,train,1.0,0.13685768375928165,0.8631423162407184
DEAP:S21:T24,DEAP:S21,T24,0,2.99,2,1,1,2,exposed,baseline_only_context,train,1.0,0.8385741155211922,0.16142588447880776
DEAP:S21:T31,DEAP:S21,T31,1,5.04,2,1,1,2,exposed,baseline_only_context,train,1.0,0.8826096696278839,0.11739033037211612
DEAP:S21:T34,DEAP:S21,T34,0,4.06,2,1,1,2,exposed,baseline_only_context,train,1.0,0.9651998998274925,0.034800100172507405
DEAP:S21:T35,DEAP:S21,T35,0,4.92,2,1,1,2,exposed,baseline_only_context,train,1.0,0.6679120912751473,0.3320879087248527
DEAP:S21:T36,DEAP:S21,T36,1,6.88,2,1,1,2,exposed,baseline_only_context,train,1.0,0.9355543250774451,0.06444567492255492
DEAP:S21:T37,DEAP:S21,T37,0,3.04,2,1,1,2,exposed,baseline_only_context,train,1.0,0.8315455110166827,0.16845448898331733
DEAP:S21:T40,DEAP:S21,T40,0,3.99,2,1,1,2,exposed,baseline_only_context,train,1.0,0.8447589389175082,0.1552410610824918
DEAP:S22:T01,DEAP:S22,T01,1,5.05,2,1,1,2,exposed,baseline_only_context,train,1.0,0.11858727832864235,0.8814127216713576
DEAP:S22:T03,DEAP:S22,T03,1,7.05,2,1,1,2,exposed,baseline_only_context,train,1.0,0.36528867946714905,0.634711320532851
DEAP:S22:T06,DEAP:S22,T06,0,4.97,2,1,1,2,exposed,baseline_only_context,train,1.0,0.4071472869062054,0.5928527130937946
DEAP:S22:T07,DEAP:S22,T07,1,6.03,2,1,1,2,exposed,baseline_only_context,train,1.0,0.3361172648540943,0.6638827351459057
DEAP:S22:T09,DEAP:S22,T09,1,9.0,2,1,1,2,exposed,baseline_only_context,train,1.0,0.44510763755452376,0.5548923624454762
DEAP:S22:T10,DEAP:S22,T10,0,4.0,2,1,1,2,exposed,baseline_only_context,train,1.0,0.883245987333096,0.11675401266690401
DEAP:S22:T12,DEAP:S22,T12,0,4.99,2,1,1,2,exposed,baseline_only_context,train,1.0,0.5876571969383511,0.41234280306164894
DEAP:S22:T17,DEAP:S22,T17,1,5.04,2,1,1,2,exposed,baseline_only_context,train,1.0,0.4104908983486937,0.5895091016513063
DEAP:S22:T24,DEAP:S22,T24,0,1.96,2,1,1,2,exposed,baseline_only_context,train,1.0,0.9521257838772412,0.04787421612275879
DEAP:S22:T31,DEAP:S22,T31,0,2.01,2,1,1,2,exposed,baseline_only_context,train,1.0,0.945811739538332,0.05418826046166804
DEAP:S22:T35,DEAP:S22,T35,0,1.99,2,1,1,2,exposed,baseline_only_context,train,1.0,0.9873934795910776,0.012606520408922402
DEAP:S22:T36,DEAP:S22,T36,0,1.96,2,1,1,2,exposed,baseline_only_context,train,1.0,0.9195392768483855,0.0804607231516145
DEAP:S22:T37,DEAP:S22,T37,0,1.0,2,1,1,2,exposed,baseline_only_context,train,1.0,0.9841962567840132,0.01580374321598674
DEAP:S22:T40,DEAP:S22,T40,0,2.97,2,1,1,2,exposed,baseline_only_context,train,1.0,0.8458676529476551,0.15413234705234494
DEAP:S24:T01,DEAP:S24,T01,1,7.06,2,1,1,2,exposed,baseline_only_context,train,1.0,0.07484669193158766,0.9251533080684123
DEAP:S24:T06,DEAP:S24,T06,1,5.96,2,1,1,2,exposed,baseline_only_context,train,1.0,0.3696473199158957,0.6303526800841043
DEAP:S24:T07,DEAP:S24,T07,0,3.04,2,1,1,2,exposed,baseline_only_context,train,1.0,0.6115129698582302,0.38848703014176983
DEAP:S24:T09,DEAP:S24,T09,1,7.08,2,1,1,2,exposed,baseline_only_context,train,1.0,0.13615985677184772,0.8638401432281523
DEAP:S24:T10,DEAP:S24,T10,1,5.01,2,1,1,2,exposed,baseline_only_context,train,1.0,0.8329239953708271,0.1670760046291729
DEAP:S24:T12,DEAP:S24,T12,1,7.04,2,1,1,2,exposed,baseline_only_context,train,1.0,0.0355310077408052,0.9644689922591948
DEAP:S24:T17,DEAP:S24,T17,0,4.08,2,1,1,2,exposed,baseline_only_context,train,1.0,0.42043945774049507,0.5795605422595049
DEAP:S24:T24,DEAP:S24,T24,0,2.99,2,1,1,2,exposed,baseline_only_context,train,1.0,0.878697286455729,0.12130271354427101
DEAP:S24:T31,DEAP:S24,T31,0,2.94,2,1,1,2,exposed,baseline_only_context,train,1.0,0.7451474425085296,0.2548525574914704
DEAP:S24:T34,DEAP:S24,T34,0,4.05,2,1,1,2,exposed,baseline_only_context,train,1.0,0.9021124725633667,0.09788752743663326
DEAP:S24:T35,DEAP:S24,T35,0,4.05,2,1,1,2,exposed,baseline_only_context,train,1.0,0.9795611894785727,0.02043881052142725
DEAP:S24:T36,DEAP:S24,T36,0,4.0,2,1,1,2,exposed,baseline_only_context,train,1.0,0.8884907670761987,0.11150923292380133
DEAP:S24:T37,DEAP:S24,T37,0,4.0,2,1,1,2,exposed,baseline_only_context,train,1.0,0.9326150491798227,0.06738495082017726
DEAP:S25:T01,DEAP:S25,T01,1,8.06,2,1,1,2,exposed,baseline_only_context,train,1.0,0.033248416803074776,0.9667515831969252
DEAP:S25:T05,DEAP:S25,T05,1,5.04,2,1,1,2,exposed,baseline_only_context,train,1.0,0.09925761022304203,0.900742389776958
DEAP:S25:T07,DEAP:S25,T07,1,6.08,2,1,1,2,exposed,baseline_only_context,train,1.0,0.3272211285658142,0.6727788714341858
DEAP:S25:T09,DEAP:S25,T09,1,8.09,2,1,1,2,exposed,baseline_only_context,train,1.0,0.007851615820406721,0.9921483841795933
DEAP:S25:T10,DEAP:S25,T10,0,1.0,2,1,1,2,exposed,baseline_only_context,train,1.0,0.826717228633649,0.17328277136635095
DEAP:S25:T17,DEAP:S25,T17,1,5.04,2,1,1,2,exposed,baseline_only_context,train,1.0,0.2222113081422512,0.7777886918577488
DEAP:S25:T24,DEAP:S25,T24,0,3.05,2,1,1,2,exposed,baseline_only_context,train,1.0,0.950497324156323,0.049502675843676985
DEAP:S25:T31,DEAP:S25,T31,0,1.01,2,1,1,2,exposed,baseline_only_context,train,1.0,0.9050814951778478,0.09491850482215226
DEAP:S25:T34,DEAP:S25,T34,0,4.95,2,1,1,2,exposed,baseline_only_context,train,1.0,0.9403096613964658,0.059690338603534204
DEAP:S25:T35,DEAP:S25,T35,0,3.03,2,1,1,2,exposed,baseline_only_context,train,1.0,0.9475188137593507,0.05248118624064937
DEAP:S25:T36,DEAP:S25,T36,0,3.0,2,1,1,2,exposed,baseline_only_context,train,1.0,0.8783164001451359,0.1216835998548641
DEAP:S25:T37,DEAP:S25,T37,0,1.0,2,1,1,2,exposed,baseline_only_context,train,1.0,0.8408048598409738,0.15919514015902625
DEAP:S25:T40,DEAP:S25,T40,0,1.0,2,1,1,2,exposed,baseline_only_context,train,1.0,0.8026329949065177,0.19736700509348226
DEAP:S26:T01,DEAP:S26,T01,1,7.97,2,1,1,2,exposed,baseline_only_context,train,1.0,0.04953503469002374,0.9504649653099763
DEAP:S26:T03,DEAP:S26,T03,1,9.0,2,1,1,2,exposed,baseline_only_context,train,1.0,0.13557795136360673,0.8644220486363933
DEAP:S26:T05,DEAP:S26,T05,0,4.0,2,1,1,2,exposed,baseline_only_context,train,1.0,0.4032211722240383,0.5967788277759617
DEAP:S26:T06,DEAP:S26,T06,1,8.09,2,1,1,2,exposed,baseline_only_context,train,1.0,0.4394029644881907,0.5605970355118093
DEAP:S26:T07,DEAP:S26,T07,1,6.08,2,1,1,2,exposed,baseline_only_context,train,1.0,0.4531598728003804,0.5468401271996196
DEAP:S26:T09,DEAP:S26,T09,1,8.05,2,1,1,2,exposed,baseline_only_context,train,1.0,0.10371908799454355,0.8962809120054565
DEAP:S26:T10,DEAP:S26,T10,0,3.08,2,1,1,2,exposed,baseline_only_context,train,1.0,0.7708397080032058,0.22916029199679425
DEAP:S26:T12,DEAP:S26,T12,1,7.04,2,1,1,2,exposed,baseline_only_context,train,1.0,0.33080257291988946,0.6691974270801105
DEAP:S26:T17,DEAP:S26,T17,1,5.04,2,1,1,2,exposed,baseline_only_context,train,1.0,0.19741569820832783,0.8025843017916722
DEAP:S26:T24,DEAP:S26,T24,1,9.0,2,1,1,2,exposed,baseline_only_context,train,1.0,0.6888795813420105,0.31112041865798945
DEAP:S26:T31,DEAP:S26,T31,0,1.97,2,1,1,2,exposed,baseline_only_context,train,1.0,0.7281256309142337,0.2718743690857664
DEAP:S26:T34,DEAP:S26,T34,0,1.0,2,1,1,2,exposed,baseline_only_context,train,1.0,0.8803423242787399,0.1196576757212601
DEAP:S26:T35,DEAP:S26,T35,0,2.97,2,1,1,2,exposed,baseline_only_context,train,1.0,0.9602784141116368,0.039721585888363185
DEAP:S26:T36,DEAP:S26,T36,0,2.92,2,1,1,2,exposed,baseline_only_context,train,1.0,0.9498272770833573,0.0501727229166427
DEAP:S26:T37,DEAP:S26,T37,0,1.0,2,1,1,2,exposed,baseline_only_context,train,1.0,0.9684582911829641,0.03154170881703589
DEAP:S26:T40,DEAP:S26,T40,0,3.06,2,1,1,2,exposed,baseline_only_context,train,1.0,0.5963556732949691,0.403644326705031
DEAP:S27:T01,DEAP:S27,T01,1,6.03,2,1,1,2,exposed,baseline_only_context,train,1.0,0.02910016539318039,0.9708998346068196
DEAP:S27:T03,DEAP:S27,T03,1,9.0,2,1,1,2,exposed,baseline_only_context,train,1.0,0.08878593987506334,0.9112140601249367
DEAP:S27:T06,DEAP:S27,T06,1,7.0,2,1,1,2,exposed,baseline_only_context,train,1.0,0.0072705963956509745,0.992729403604349
DEAP:S27:T07,DEAP:S27,T07,0,4.94,2,1,1,2,exposed,baseline_only_context,train,1.0,0.26118023778191535,0.7388197622180847
DEAP:S27:T09,DEAP:S27,T09,1,8.99,2,1,1,2,exposed,baseline_only_context,train,1.0,0.05513865887569003,0.94486134112431
DEAP:S27:T10,DEAP:S27,T10,1,6.01,2,1,1,2,exposed,baseline_only_context,train,1.0,0.2925615919975132,0.7074384080024868
DEAP:S27:T12,DEAP:S27,T12,0,4.18,2,1,1,2,exposed,baseline_only_context,train,1.0,0.24828767498553217,0.7517123250144678
DEAP:S27:T17,DEAP:S27,T17,1,9.0,2,1,1,2,exposed,baseline_only_context,train,1.0,0.2308005832695863,0.7691994167304137
DEAP:S27:T24,DEAP:S27,T24,1,8.9,2,1,1,2,exposed,baseline_only_context,train,1.0,0.4899832734624642,0.5100167265375358
DEAP:S27:T31,DEAP:S27,T31,1,5.08,2,1,1,2,exposed,baseline_only_context,train,1.0,0.056632375893097886,0.9433676241069021
DEAP:S27:T35,DEAP:S27,T35,0,1.0,2,1,1,2,exposed,baseline_only_context,train,1.0,0.9004482294310346,0.09955177056896536
DEAP:S27:T36,DEAP:S27,T36,1,6.13,2,1,1,2,exposed,baseline_only_context,train,1.0,0.4214236580340214,0.5785763419659786
DEAP:S27:T37,DEAP:S27,T37,0,2.99,2,1,1,2,exposed,baseline_only_context,train,1.0,0.9629307317598206,0.03706926824017945
DEAP:S27:T40,DEAP:S27,T40,1,5.04,2,1,1,2,exposed,baseline_only_context,train,1.0,0.32749235453354875,0.6725076454664513
DEAP:S28:T03,DEAP:S28,T03,1,9.0,2,1,1,2,exposed,baseline_only_context,train,1.0,0.005259279129030903,0.9947407208709691
DEAP:S28:T05,DEAP:S28,T05,1,7.04,2,1,1,2,exposed,baseline_only_context,train,1.0,0.07909970593832283,0.9209002940616772
DEAP:S28:T07,DEAP:S28,T07,1,8.09,2,1,1,2,exposed,baseline_only_context,train,1.0,0.08218298199456986,0.9178170180054301
DEAP:S28:T09,DEAP:S28,T09,1,5.04,2,1,1,2,exposed,baseline_only_context,train,1.0,0.017164862928736202,0.9828351370712638
DEAP:S28:T10,DEAP:S28,T10,1,7.99,2,1,1,2,exposed,baseline_only_context,train,1.0,0.24359688384025846,0.7564031161597415
DEAP:S28:T12,DEAP:S28,T12,1,6.06,2,1,1,2,exposed,baseline_only_context,train,1.0,0.306161491583398,0.693838508416602
DEAP:S28:T24,DEAP:S28,T24,0,4.04,2,1,1,2,exposed,baseline_only_context,train,1.0,0.8502075453321943,0.14979245466780564
DEAP:S28:T31,DEAP:S28,T31,1,6.91,2,1,1,2,exposed,baseline_only_context,train,1.0,0.249597170728455,0.750402829271545
DEAP:S28:T34,DEAP:S28,T34,1,5.99,2,1,1,2,exposed,baseline_only_context,train,1.0,0.17102492004843295,0.828975079951567
DEAP:S28:T35,DEAP:S28,T35,0,1.08,2,1,1,2,exposed,baseline_only_context,train,1.0,0.5677054620022514,0.43229453799774864
DEAP:S28:T36,DEAP:S28,T36,0,3.08,2,1,1,2,exposed,baseline_only_context,train,1.0,0.6192795407345887,0.3807204592654113
DEAP:S28:T37,DEAP:S28,T37,0,1.01,2,1,1,2,exposed,baseline_only_context,train,1.0,0.829798505775533,0.17020149422446693
DEAP:S29:T01,DEAP:S29,T01,1,6.06,2,1,1,2,exposed,baseline_only_context,train,1.0,0.0006322709248071101,0.9993677290751929
DEAP:S29:T03,DEAP:S29,T03,1,9.0,2,1,1,2,exposed,baseline_only_context,train,1.0,0.02059006624861781,0.9794099337513822
DEAP:S29:T05,DEAP:S29,T05,1,6.05,2,1,1,2,exposed,baseline_only_context,train,1.0,0.12275908534113078,0.8772409146588692
DEAP:S29:T06,DEAP:S29,T06,1,8.03,2,1,1,2,exposed,baseline_only_context,train,1.0,0.016800198093846697,0.9831998019061533
DEAP:S29:T07,DEAP:S29,T07,1,7.04,2,1,1,2,exposed,baseline_only_context,train,1.0,0.07058883256694892,0.9294111674330511
DEAP:S29:T10,DEAP:S29,T10,1,7.01,2,1,1,2,exposed,baseline_only_context,train,1.0,0.22345547812684274,0.7765445218731573
DEAP:S29:T12,DEAP:S29,T12,1,6.04,2,1,1,2,exposed,baseline_only_context,train,1.0,0.08677044109694687,0.9132295589030531
DEAP:S29:T17,DEAP:S29,T17,1,5.08,2,1,1,2,exposed,baseline_only_context,train,1.0,0.08521589593418766,0.9147841040658123
DEAP:S29:T24,DEAP:S29,T24,0,4.12,2,1,1,2,exposed,baseline_only_context,train,1.0,0.6901550992133944,0.30984490078660565
DEAP:S29:T31,DEAP:S29,T31,0,1.0,2,1,1,2,exposed,baseline_only_context,train,1.0,0.4543038103430951,0.5456961896569049
DEAP:S29:T34,DEAP:S29,T34,0,3.95,2,1,1,2,exposed,baseline_only_context,train,1.0,0.7484843780327959,0.2515156219672041
DEAP:S29:T35,DEAP:S29,T35,0,1.92,2,1,1,2,exposed,baseline_only_context,train,1.0,0.8140180442499032,0.1859819557500968
DEAP:S29:T37,DEAP:S29,T37,1,5.01,2,1,1,2,exposed,baseline_only_context,train,1.0,0.6202635294900474,0.3797364705099527
DEAP:S29:T40,DEAP:S29,T40,1,6.01,2,1,1,2,exposed,baseline_only_context,train,1.0,0.5232490820162106,0.4767509179837894
DEAP:S30:T01,DEAP:S30,T01,1,5.04,2,1,1,2,exposed,baseline_only_context,train,1.0,0.016436535972222055,0.983563464027778
DEAP:S30:T03,DEAP:S30,T03,1,6.15,2,1,1,2,exposed,baseline_only_context,train,1.0,0.046270614819692746,0.9537293851803073
DEAP:S30:T06,DEAP:S30,T06,1,6.22,2,1,1,2,exposed,baseline_only_context,train,1.0,0.015251853811476979,0.984748146188523
DEAP:S30:T07,DEAP:S30,T07,0,4.05,2,1,1,2,exposed,baseline_only_context,train,1.0,0.4394248325430413,0.5605751674569587
DEAP:S30:T09,DEAP:S30,T09,1,7.08,2,1,1,2,exposed,baseline_only_context,train,1.0,0.035798575363402696,0.9642014246365973
DEAP:S30:T10,DEAP:S30,T10,1,5.08,2,1,1,2,exposed,baseline_only_context,train,1.0,0.22096781347016803,0.779032186529832
DEAP:S30:T12,DEAP:S30,T12,1,5.15,2,1,1,2,exposed,baseline_only_context,train,1.0,0.11590995373401158,0.8840900462659884
DEAP:S30:T17,DEAP:S30,T17,1,7.13,2,1,1,2,exposed,baseline_only_context,train,1.0,0.05368714816548137,0.9463128518345186
DEAP:S30:T24,DEAP:S30,T24,1,5.99,2,1,1,2,exposed,baseline_only_context,train,1.0,0.6387113285034962,0.36128867149650384
DEAP:S30:T31,DEAP:S30,T31,0,3.86,2,1,1,2,exposed,baseline_only_context,train,1.0,0.38823545440042306,0.6117645455995769
DEAP:S30:T34,DEAP:S30,T34,0,4.99,2,1,1,2,exposed,baseline_only_context,train,1.0,0.7319654007686411,0.26803459923135886
DEAP:S30:T35,DEAP:S30,T35,1,5.04,2,1,1,2,exposed,baseline_only_context,train,1.0,0.7561765545495227,0.24382344545047735
DEAP:S30:T36,DEAP:S30,T36,0,4.03,2,1,1,2,exposed,baseline_only_context,train,1.0,0.9025545811206207,0.09744541887937926
DEAP:S30:T37,DEAP:S30,T37,0,4.13,2,1,1,2,exposed,baseline_only_context,train,1.0,0.9516221956979638,0.04837780430203615
DEAP:S31:T01,DEAP:S31,T01,1,6.79,2,1,1,2,exposed,baseline_only_context,train,1.0,0.01565322750036724,0.9843467724996328
DEAP:S31:T03,DEAP:S31,T03,1,8.04,2,1,1,2,exposed,baseline_only_context,train,1.0,0.05048594849430599,0.949514051505694
DEAP:S31:T05,DEAP:S31,T05,1,6.22,2,1,1,2,exposed,baseline_only_context,train,1.0,0.41941383825592127,0.5805861617440787
DEAP:S31:T06,DEAP:S31,T06,0,4.99,2,1,1,2,exposed,baseline_only_context,train,1.0,0.5539940187823784,0.44600598121762164
DEAP:S31:T07,DEAP:S31,T07,1,6.05,2,1,1,2,exposed,baseline_only_context,train,1.0,0.2057038891061459,0.7942961108938541
DEAP:S31:T09,DEAP:S31,T09,1,6.06,2,1,1,2,exposed,baseline_only_context,train,1.0,0.08103287662357272,0.9189671233764273
DEAP:S31:T10,DEAP:S31,T10,0,4.01,2,1,1,2,exposed,baseline_only_context,train,1.0,0.5092880805169601,0.49071191948303994
DEAP:S31:T12,DEAP:S31,T12,1,7.14,2,1,1,2,exposed,baseline_only_context,train,1.0,0.4358525302682771,0.5641474697317229
DEAP:S31:T17,DEAP:S31,T17,0,4.94,2,1,1,2,exposed,baseline_only_context,train,1.0,0.559430803004926,0.440569196995074
DEAP:S31:T34,DEAP:S31,T34,0,1.95,2,1,1,2,exposed,baseline_only_context,train,1.0,0.9495527031506573,0.0504472968493427
DEAP:S31:T35,DEAP:S31,T35,0,4.03,2,1,1,2,exposed,baseline_only_context,train,1.0,0.9555821011544782,0.044417898845521865
DEAP:S31:T36,DEAP:S31,T36,0,4.97,2,1,1,2,exposed,baseline_only_context,train,1.0,0.737828569777294,0.26217143022270595
DEAP:S31:T37,DEAP:S31,T37,0,1.0,2,1,1,2,exposed,baseline_only_context,train,1.0,0.9863124539405584,0.01368754605944152
DEAP:S31:T40,DEAP:S31,T40,0,3.99,2,1,1,2,exposed,baseline_only_context,train,1.0,0.7749169873061472,0.22508301269385284
DEAP:S32:T01,DEAP:S32,T01,1,8.13,2,1,1,2,exposed,baseline_only_context,train,1.0,0.018262301172610407,0.9817376988273896
DEAP:S32:T03,DEAP:S32,T03,1,8.05,2,1,1,2,exposed,baseline_only_context,train,1.0,0.08285673445829012,0.9171432655417099
DEAP:S32:T05,DEAP:S32,T05,1,7.15,2,1,1,2,exposed,baseline_only_context,train,1.0,0.3677463525329744,0.6322536474670256
DEAP:S32:T06,DEAP:S32,T06,1,5.78,2,1,1,2,exposed,baseline_only_context,train,1.0,0.08978086306316646,0.9102191369368335
DEAP:S32:T07,DEAP:S32,T07,0,4.94,2,1,1,2,exposed,baseline_only_context,train,1.0,0.5622287722690489,0.43777122773095106
DEAP:S32:T10,DEAP:S32,T10,0,4.08,2,1,1,2,exposed,baseline_only_context,train,1.0,0.7537714897596286,0.24622851024037146
DEAP:S32:T12,DEAP:S32,T12,1,7.31,2,1,1,2,exposed,baseline_only_context,train,1.0,0.12951781683369157,0.8704821831663084
DEAP:S32:T17,DEAP:S32,T17,1,6.09,2,1,1,2,exposed,baseline_only_context,train,1.0,0.2829483564086668,0.7170516435913332
DEAP:S32:T24,DEAP:S32,T24,0,1.0,2,1,1,2,exposed,baseline_only_context,train,1.0,0.7084594012625447,0.2915405987374553
DEAP:S32:T31,DEAP:S32,T31,0,4.17,2,1,1,2,exposed,baseline_only_context,train,1.0,0.9464206931094841,0.053579306890515946
DEAP:S32:T34,DEAP:S32,T34,0,4.05,2,1,1,2,exposed,baseline_only_context,train,1.0,0.8698267553918886,0.1301732446081114
DEAP:S32:T35,DEAP:S32,T35,0,3.88,2,1,1,2,exposed,baseline_only_context,train,1.0,0.968102436374687,0.03189756362531302
DEAP:S32:T36,DEAP:S32,T36,0,3.91,2,1,1,2,exposed,baseline_only_context,train,1.0,0.7054142609484995,0.2945857390515006
DEAP:S32:T37,DEAP:S32,T37,0,2.81,2,1,1,2,exposed,baseline_only_context,train,1.0,0.889847968928224,0.11015203107177599
DEAP:S32:T40,DEAP:S32,T40,1,7.15,2,1,1,2,exposed,baseline_only_context,train,1.0,0.5333497926607385,0.46665020733926155
DEAP:S02:T13,DEAP:S02,T13,1,9.0,2,1,1,2,exposed,baseline_only_context,validation_unseen,1.0,0.9449414317587658,0.055058568241234236
DEAP:S02:T14,DEAP:S02,T14,1,8.94,2,1,1,2,exposed,baseline_only_context,validation_unseen,1.0,0.8405434401398083,0.15945655986019172
DEAP:S02:T15,DEAP:S02,T15,1,9.0,2,1,1,2,exposed,baseline_only_context,validation_unseen,1.0,0.9782177437446414,0.02178225625535855
DEAP:S02:T16,DEAP:S02,T16,1,6.0,2,1,1,2,exposed,baseline_only_context,validation_unseen,1.0,0.9086221556148291,0.09137784438517095
DEAP:S02:T20,DEAP:S02,T20,1,8.97,2,1,1,2,exposed,baseline_only_context,validation_unseen,1.0,0.9926420903146286,0.007357909685371379
DEAP:S02:T21,DEAP:S02,T21,0,1.0,2,1,1,2,exposed,baseline_only_context,validation_unseen,1.0,0.9177996966602351,0.08220030333976494
DEAP:S02:T27,DEAP:S02,T27,0,4.96,2,1,1,2,exposed,baseline_only_context,validation_unseen,1.0,0.8756175825958917,0.12438241740410827
DEAP:S02:T38,DEAP:S02,T38,0,1.0,2,1,1,2,exposed,baseline_only_context,validation_unseen,1.0,0.8275407959704836,0.1724592040295164
DEAP:S03:T13,DEAP:S03,T13,1,7.91,2,1,1,2,exposed,baseline_only_context,validation_unseen,1.0,0.014084666801528645,0.9859153331984714
DEAP:S03:T14,DEAP:S03,T14,1,7.29,2,1,1,2,exposed,baseline_only_context,validation_unseen,1.0,0.036768917383362076,0.9632310826166379
DEAP:S03:T15,DEAP:S03,T15,1,7.36,2,1,1,2,exposed,baseline_only_context,validation_unseen,1.0,0.041965973390014066,0.9580340266099859
DEAP:S03:T16,DEAP:S03,T16,1,7.15,2,1,1,2,exposed,baseline_only_context,validation_unseen,1.0,0.05492256627812975,0.9450774337218703
DEAP:S03:T20,DEAP:S03,T20,1,6.26,2,1,1,2,exposed,baseline_only_context,validation_unseen,1.0,0.010805208538457234,0.9891947914615428
DEAP:S03:T21,DEAP:S03,T21,0,4.99,2,1,1,2,exposed,baseline_only_context,validation_unseen,1.0,0.16190155689499208,0.8380984431050079
DEAP:S03:T27,DEAP:S03,T27,1,6.72,2,1,1,2,exposed,baseline_only_context,validation_unseen,1.0,0.059244801245654344,0.9407551987543457
DEAP:S03:T38,DEAP:S03,T38,0,4.53,2,1,1,2,exposed,baseline_only_context,validation_unseen,1.0,0.012085821452906154,0.9879141785470938
DEAP:S15:T13,DEAP:S15,T13,1,7.06,2,1,1,2,exposed,baseline_only_context,validation_unseen,1.0,0.28036106463025745,0.7196389353697425
DEAP:S15:T14,DEAP:S15,T14,1,8.15,2,1,1,2,exposed,baseline_only_context,validation_unseen,1.0,0.17936407746022653,0.8206359225397735
DEAP:S15:T15,DEAP:S15,T15,1,8.12,2,1,1,2,exposed,baseline_only_context,validation_unseen,1.0,0.3451726078764664,0.6548273921235336
DEAP:S15:T16,DEAP:S15,T16,0,4.17,2,1,1,2,exposed,baseline_only_context,validation_unseen,1.0,0.029097462146569275,0.9709025378534307
DEAP:S15:T20,DEAP:S15,T20,1,7.97,2,1,1,2,exposed,baseline_only_context,validation_unseen,1.0,0.15089604308426174,0.8491039569157383
DEAP:S15:T21,DEAP:S15,T21,0,3.09,2,1,1,2,exposed,baseline_only_context,validation_unseen,1.0,0.1531010309444104,0.8468989690555896
DEAP:S15:T27,DEAP:S15,T27,1,6.0,2,1,1,2,exposed,baseline_only_context,validation_unseen,1.0,0.8427773779886214,0.15722262201137854
DEAP:S15:T38,DEAP:S15,T38,0,2.08,2,1,1,2,exposed,baseline_only_context,validation_unseen,1.0,0.06310709649057744,0.9368929035094226
DEAP:S20:T13,DEAP:S20,T13,1,7.91,2,1,1,2,exposed,baseline_only_context,validation_unseen,1.0,0.8393990590985416,0.16060094090145843
DEAP:S20:T14,DEAP:S20,T14,1,6.4,2,1,1,2,exposed,baseline_only_context,validation_unseen,1.0,0.8266266607085243,0.1733733392914757
DEAP:S20:T15,DEAP:S20,T15,1,6.35,2,1,1,2,exposed,baseline_only_context,validation_unseen,1.0,0.4096217907090428,0.5903782092909572
DEAP:S20:T16,DEAP:S20,T16,1,5.03,2,1,1,2,exposed,baseline_only_context,validation_unseen,1.0,0.7514380103312263,0.24856198966877371
DEAP:S20:T20,DEAP:S20,T20,1,6.65,2,1,1,2,exposed,baseline_only_context,validation_unseen,1.0,0.8829326411914866,0.11706735880851336
DEAP:S20:T21,DEAP:S20,T21,0,4.97,2,1,1,2,exposed,baseline_only_context,validation_unseen,1.0,0.8074380871134083,0.19256191288659172
DEAP:S20:T27,DEAP:S20,T27,1,5.03,2,1,1,2,exposed,baseline_only_context,validation_unseen,1.0,0.44077403841457197,0.559225961585428
DEAP:S20:T38,DEAP:S20,T38,0,3.38,2,1,1,2,exposed,baseline_only_context,validation_unseen,1.0,0.5460809411907446,0.4539190588092555
DEAP:S02:T01,DEAP:S02,T01,1,9.0,2,1,1,2,exposed,baseline_only_context,validation_familiar,1.0,0.02400951097331061,0.9759904890266894
DEAP:S02:T03,DEAP:S02,T03,1,9.0,2,1,1,2,exposed,baseline_only_context,validation_familiar,1.0,0.5088302595877502,0.4911697404122498
DEAP:S02:T05,DEAP:S02,T05,1,5.04,2,1,1,2,exposed,baseline_only_context,validation_familiar,1.0,0.5513318890823761,0.44866811091762393
DEAP:S02:T07,DEAP:S02,T07,0,4.96,2,1,1,2,exposed,baseline_only_context,validation_familiar,1.0,0.8401694323703408,0.15983056762965916
DEAP:S02:T09,DEAP:S02,T09,1,9.0,2,1,1,2,exposed,baseline_only_context,validation_familiar,1.0,0.5486971393862099,0.4513028606137901
DEAP:S02:T10,DEAP:S02,T10,0,4.99,2,1,1,2,exposed,baseline_only_context,validation_familiar,1.0,0.9404621596640718,0.05953784033592821
DEAP:S02:T12,DEAP:S02,T12,1,8.01,2,1,1,2,exposed,baseline_only_context,validation_familiar,1.0,0.8141232552863336,0.18587674471366641
DEAP:S02:T17,DEAP:S02,T17,1,9.0,2,1,1,2,exposed,baseline_only_context,validation_familiar,1.0,0.8811954567915068,0.11880454320849318
DEAP:S02:T24,DEAP:S02,T24,1,7.08,2,1,1,2,exposed,baseline_only_context,validation_familiar,1.0,0.9935926207312924,0.00640737926870761
DEAP:S02:T31,DEAP:S02,T31,0,4.06,2,1,1,2,exposed,baseline_only_context,validation_familiar,1.0,0.9326399605290555,0.06736003947094447
DEAP:S02:T34,DEAP:S02,T34,0,4.87,2,1,1,2,exposed,baseline_only_context,validation_familiar,1.0,0.9984848860036075,0.0015151139963924664
DEAP:S02:T35,DEAP:S02,T35,0,1.99,2,1,1,2,exposed,baseline_only_context,validation_familiar,1.0,0.9888982858294973,0.011101714170502694
DEAP:S02:T36,DEAP:S02,T36,1,5.04,2,1,1,2,exposed,baseline_only_context,validation_familiar,1.0,0.960210326449832,0.03978967355016803
DEAP:S02:T37,DEAP:S02,T37,0,1.0,2,1,1,2,exposed,baseline_only_context,validation_familiar,1.0,0.9931807798531957,0.006819220146804213
DEAP:S02:T40,DEAP:S02,T40,1,6.05,2,1,1,2,exposed,baseline_only_context,validation_familiar,1.0,0.911082766790245,0.08891723320975493
DEAP:S03:T01,DEAP:S03,T01,1,5.33,2,1,1,2,exposed,baseline_only_context,validation_familiar,1.0,0.0005875537695511079,0.9994124462304489
DEAP:S03:T03,DEAP:S03,T03,1,7.55,2,1,1,2,exposed,baseline_only_context,validation_familiar,1.0,0.002349389114016498,0.9976506108859835
DEAP:S03:T05,DEAP:S03,T05,1,6.92,2,1,1,2,exposed,baseline_only_context,validation_familiar,1.0,0.03490205190630147,0.9650979480936985
DEAP:S03:T06,DEAP:S03,T06,1,6.79,2,1,1,2,exposed,baseline_only_context,validation_familiar,1.0,0.008231590844260062,0.9917684091557399
DEAP:S03:T07,DEAP:S03,T07,1,5.45,2,1,1,2,exposed,baseline_only_context,validation_familiar,1.0,0.05555540110059598,0.944444598899404
DEAP:S03:T09,DEAP:S03,T09,1,7.33,2,1,1,2,exposed,baseline_only_context,validation_familiar,1.0,0.005091967982534973,0.994908032017465
DEAP:S03:T10,DEAP:S03,T10,0,4.45,2,1,1,2,exposed,baseline_only_context,validation_familiar,1.0,0.03295016541168527,0.9670498345883147
DEAP:S03:T12,DEAP:S03,T12,1,6.36,2,1,1,2,exposed,baseline_only_context,validation_familiar,1.0,0.022127291254221526,0.9778727087457785
DEAP:S03:T17,DEAP:S03,T17,0,4.56,2,1,1,2,exposed,baseline_only_context,validation_familiar,1.0,0.01708141313593181,0.9829185868640682
DEAP:S03:T24,DEAP:S03,T24,0,3.31,2,1,1,2,exposed,baseline_only_context,validation_familiar,1.0,0.44274612220585463,0.5572538777941454
DEAP:S03:T31,DEAP:S03,T31,0,4.44,2,1,1,2,exposed,baseline_only_context,validation_familiar,1.0,0.12220943998193023,0.8777905600180698
DEAP:S03:T34,DEAP:S03,T34,0,4.72,2,1,1,2,exposed,baseline_only_context,validation_familiar,1.0,0.21775594593049408,0.7822440540695059
DEAP:S03:T35,DEAP:S03,T35,0,3.18,2,1,1,2,exposed,baseline_only_context,validation_familiar,1.0,0.14211453397338736,0.8578854660266126
DEAP:S03:T36,DEAP:S03,T36,1,5.01,2,1,1,2,exposed,baseline_only_context,validation_familiar,1.0,0.052430239076018514,0.9475697609239815
DEAP:S03:T37,DEAP:S03,T37,0,4.92,2,1,1,2,exposed,baseline_only_context,validation_familiar,1.0,0.2094848931160218,0.7905151068839782
DEAP:S03:T40,DEAP:S03,T40,1,5.38,2,1,1,2,exposed,baseline_only_context,validation_familiar,1.0,0.028915945261668297,0.9710840547383317
DEAP:S15:T01,DEAP:S15,T01,1,8.9,2,1,1,2,exposed,baseline_only_context,validation_familiar,1.0,0.00325938325395847,0.9967406167460415
DEAP:S15:T03,DEAP:S15,T03,1,8.04,2,1,1,2,exposed,baseline_only_context,validation_familiar,1.0,0.012660667078702392,0.9873393329212976
DEAP:S15:T05,DEAP:S15,T05,1,9.0,2,1,1,2,exposed,baseline_only_context,validation_familiar,1.0,0.08985443362223156,0.9101455663777684
DEAP:S15:T06,DEAP:S15,T06,1,9.0,2,1,1,2,exposed,baseline_only_context,validation_familiar,1.0,0.04144090686425983,0.9585590931357402
DEAP:S15:T07,DEAP:S15,T07,1,5.04,2,1,1,2,exposed,baseline_only_context,validation_familiar,1.0,0.35245674431064966,0.6475432556893503
DEAP:S15:T09,DEAP:S15,T09,1,9.0,2,1,1,2,exposed,baseline_only_context,validation_familiar,1.0,0.03218461693123165,0.9678153830687684
DEAP:S15:T10,DEAP:S15,T10,0,4.99,2,1,1,2,exposed,baseline_only_context,validation_familiar,1.0,0.2757746263214169,0.7242253736785831
DEAP:S15:T12,DEAP:S15,T12,1,7.08,2,1,1,2,exposed,baseline_only_context,validation_familiar,1.0,0.1236662764862767,0.8763337235137233
DEAP:S15:T17,DEAP:S15,T17,1,8.1,2,1,1,2,exposed,baseline_only_context,validation_familiar,1.0,0.03570542901661233,0.9642945709833877
DEAP:S15:T24,DEAP:S15,T24,0,1.92,2,1,1,2,exposed,baseline_only_context,validation_familiar,1.0,0.5838657521869413,0.41613424781305874
DEAP:S15:T31,DEAP:S15,T31,0,2.99,2,1,1,2,exposed,baseline_only_context,validation_familiar,1.0,0.5211437003856991,0.4788562996143008
DEAP:S15:T34,DEAP:S15,T34,0,3.01,2,1,1,2,exposed,baseline_only_context,validation_familiar,1.0,0.14784933158818425,0.8521506684118157
DEAP:S15:T35,DEAP:S15,T35,1,5.05,2,1,1,2,exposed,baseline_only_context,validation_familiar,1.0,0.252488800859869,0.747511199140131
DEAP:S15:T36,DEAP:S15,T36,0,3.96,2,1,1,2,exposed,baseline_only_context,validation_familiar,1.0,0.5400271355955443,0.45997286440445573
DEAP:S15:T37,DEAP:S15,T37,0,3.04,2,1,1,2,exposed,baseline_only_context,validation_familiar,1.0,0.9382740514252798,0.06172594857472029
DEAP:S15:T40,DEAP:S15,T40,0,4.01,2,1,1,2,exposed,baseline_only_context,validation_familiar,1.0,0.028306977277327228,0.9716930227226728
DEAP:S20:T01,DEAP:S20,T01,1,5.76,2,1,1,2,exposed,baseline_only_context,validation_familiar,1.0,0.038129806537417044,0.961870193462583
DEAP:S20:T03,DEAP:S20,T03,1,7.18,2,1,1,2,exposed,baseline_only_context,validation_familiar,1.0,0.5270562551052851,0.4729437448947149
DEAP:S20:T05,DEAP:S20,T05,1,8.82,2,1,1,2,exposed,baseline_only_context,validation_familiar,1.0,0.5447056308003653,0.4552943691996347
DEAP:S20:T06,DEAP:S20,T06,1,7.62,2,1,1,2,exposed,baseline_only_context,validation_familiar,1.0,0.5675531867164004,0.4324468132835996
DEAP:S20:T07,DEAP:S20,T07,1,5.27,2,1,1,2,exposed,baseline_only_context,validation_familiar,1.0,0.7324770082465732,0.2675229917534267
DEAP:S20:T09,DEAP:S20,T09,1,8.22,2,1,1,2,exposed,baseline_only_context,validation_familiar,1.0,0.7535697695355077,0.24643023046449225
DEAP:S20:T10,DEAP:S20,T10,1,5.13,2,1,1,2,exposed,baseline_only_context,validation_familiar,1.0,0.703922273940458,0.2960777260595419
DEAP:S20:T12,DEAP:S20,T12,1,7.64,2,1,1,2,exposed,baseline_only_context,validation_familiar,1.0,0.559735169413403,0.440264830586597
DEAP:S20:T17,DEAP:S20,T17,1,5.04,2,1,1,2,exposed,baseline_only_context,validation_familiar,1.0,0.5679005931037886,0.43209940689621135
DEAP:S20:T24,DEAP:S20,T24,0,3.0,2,1,1,2,exposed,baseline_only_context,validation_familiar,1.0,0.995690598040478,0.004309401959522007
DEAP:S20:T31,DEAP:S20,T31,0,4.46,2,1,1,2,exposed,baseline_only_context,validation_familiar,1.0,0.9644028858922489,0.03559711410775108
DEAP:S20:T34,DEAP:S20,T34,0,4.74,2,1,1,2,exposed,baseline_only_context,validation_familiar,1.0,0.9790688954974207,0.020931104502579338
DEAP:S20:T35,DEAP:S20,T35,0,4.35,2,1,1,2,exposed,baseline_only_context,validation_familiar,1.0,0.9659897057818694,0.034010294218130566
DEAP:S20:T36,DEAP:S20,T36,0,4.29,2,1,1,2,exposed,baseline_only_context,validation_familiar,1.0,0.884812697051302,0.11518730294869793
DEAP:S20:T37,DEAP:S20,T37,0,3.01,2,1,1,2,exposed,baseline_only_context,validation_familiar,1.0,0.9732779528723986,0.02672204712760145
DEAP:S20:T40,DEAP:S20,T40,0,4.94,2,1,1,2,exposed,baseline_only_context,validation_familiar,1.0,0.8445134324001085,0.15548656759989152
DEAP:S01:T01,DEAP:S01,T01,1,7.71,2,1,1,2,exposed,baseline_only_context,train,10.0,0.032101436226749325,0.9678985637732507
DEAP:S01:T03,DEAP:S01,T03,1,8.58,2,1,1,2,exposed,baseline_only_context,train,10.0,0.4650047358314028,0.5349952641685972
DEAP:S01:T05,DEAP:S01,T05,1,6.96,2,1,1,2,exposed,baseline_only_context,train,10.0,0.7671480231265533,0.23285197687344672
DEAP:S01:T06,DEAP:S01,T06,1,8.27,2,1,1,2,exposed,baseline_only_context,train,10.0,0.040314984201232806,0.9596850157987672
DEAP:S01:T07,DEAP:S01,T07,1,7.44,2,1,1,2,exposed,baseline_only_context,train,10.0,0.6521133233182784,0.3478866766817216
DEAP:S01:T09,DEAP:S01,T09,0,4.04,2,1,1,2,exposed,baseline_only_context,train,10.0,0.43999520795646185,0.5600047920435381
DEAP:S01:T10,DEAP:S01,T10,0,1.99,2,1,1,2,exposed,baseline_only_context,train,10.0,0.6762346669231947,0.3237653330768053
DEAP:S01:T12,DEAP:S01,T12,0,2.71,2,1,1,2,exposed,baseline_only_context,train,10.0,0.1533756442066696,0.8466243557933304
DEAP:S01:T17,DEAP:S01,T17,0,2.46,2,1,1,2,exposed,baseline_only_context,train,10.0,0.3609658544420671,0.6390341455579329
DEAP:S01:T24,DEAP:S01,T24,1,7.04,2,1,1,2,exposed,baseline_only_context,train,10.0,0.4656716513486283,0.5343283486513717
DEAP:S01:T31,DEAP:S01,T31,0,3.03,2,1,1,2,exposed,baseline_only_context,train,10.0,0.9629871627283341,0.037012837271665905
DEAP:S01:T34,DEAP:S01,T34,0,2.28,2,1,1,2,exposed,baseline_only_context,train,10.0,0.7918093048391228,0.20819069516087724
DEAP:S01:T35,DEAP:S01,T35,0,2.06,2,1,1,2,exposed,baseline_only_context,train,10.0,0.9914820044946188,0.008517995505381239
DEAP:S01:T36,DEAP:S01,T36,0,2.9,2,1,1,2,exposed,baseline_only_context,train,10.0,0.918633269088497,0.08136673091150307
DEAP:S01:T37,DEAP:S01,T37,0,2.31,2,1,1,2,exposed,baseline_only_context,train,10.0,0.9966980847155942,0.0033019152844058586
DEAP:S01:T40,DEAP:S01,T40,1,5.1,2,1,1,2,exposed,baseline_only_context,train,10.0,0.3369830027819596,0.6630169972180404
DEAP:S04:T01,DEAP:S04,T01,1,6.68,2,1,1,2,exposed,baseline_only_context,train,10.0,0.15979604802962,0.84020395197038
DEAP:S04:T03,DEAP:S04,T03,1,8.95,2,1,1,2,exposed,baseline_only_context,train,10.0,0.056162247365020734,0.9438377526349793
DEAP:S04:T05,DEAP:S04,T05,0,4.06,2,1,1,2,exposed,baseline_only_context,train,10.0,0.7719250338561348,0.22807496614386527
DEAP:S04:T06,DEAP:S04,T06,1,5.01,2,1,1,2,exposed,baseline_only_context,train,10.0,0.20249471702822264,0.7975052829717774
DEAP:S04:T07,DEAP:S04,T07,0,2.94,2,1,1,2,exposed,baseline_only_context,train,10.0,0.8223069596465669,0.17769304035343308
DEAP:S04:T10,DEAP:S04,T10,0,3.15,2,1,1,2,exposed,baseline_only_context,train,10.0,0.9182096710195998,0.08179032898040013
DEAP:S04:T12,DEAP:S04,T12,1,5.04,2,1,1,2,exposed,baseline_only_context,train,10.0,0.25672152504757595,0.743278474952424
DEAP:S04:T17,DEAP:S04,T17,1,7.01,2,1,1,2,exposed,baseline_only_context,train,10.0,0.41035494143372464,0.5896450585662754
DEAP:S04:T24,DEAP:S04,T24,0,2.71,2,1,1,2,exposed,baseline_only_context,train,10.0,0.9849287248793033,0.015071275120696687
DEAP:S04:T31,DEAP:S04,T31,0,2.01,2,1,1,2,exposed,baseline_only_context,train,10.0,0.9111089511306267,0.08889104886937328
DEAP:S04:T34,DEAP:S04,T34,0,2.17,2,1,1,2,exposed,baseline_only_context,train,10.0,0.9993469833924769,0.000653016607523187
DEAP:S04:T35,DEAP:S04,T35,0,2.03,2,1,1,2,exposed,baseline_only_context,train,10.0,0.9985864583048609,0.001413541695139131
DEAP:S04:T36,DEAP:S04,T36,0,2.72,2,1,1,2,exposed,baseline_only_context,train,10.0,0.9087986542336974,0.09120134576630255
DEAP:S04:T37,DEAP:S04,T37,0,1.0,2,1,1,2,exposed,baseline_only_context,train,10.0,0.9974492840429666,0.0025507159570333426
DEAP:S04:T40,DEAP:S04,T40,0,1.86,2,1,1,2,exposed,baseline_only_context,train,10.0,0.9371362433438324,0.06286375665616763
DEAP:S05:T01,DEAP:S05,T01,1,6.97,2,1,1,2,exposed,baseline_only_context,train,10.0,0.010144918212116272,0.9898550817878837
DEAP:S05:T03,DEAP:S05,T03,0,4.95,2,1,1,2,exposed,baseline_only_context,train,10.0,0.2595381013025505,0.7404618986974495
DEAP:S05:T05,DEAP:S05,T05,0,3.04,2,1,1,2,exposed,baseline_only_context,train,10.0,0.5101114808444986,0.48988851915550136
DEAP:S05:T06,DEAP:S05,T06,1,8.09,2,1,1,2,exposed,baseline_only_context,train,10.0,0.06235412313824329,0.9376458768617567
DEAP:S05:T07,DEAP:S05,T07,1,5.12,2,1,1,2,exposed,baseline_only_context,train,10.0,0.005818996905179508,0.9941810030948205
DEAP:S05:T09,DEAP:S05,T09,1,6.94,2,1,1,2,exposed,baseline_only_context,train,10.0,0.07479464033326022,0.9252053596667398
DEAP:S05:T10,DEAP:S05,T10,0,3.03,2,1,1,2,exposed,baseline_only_context,train,10.0,0.7722560664001518,0.2277439335998482
DEAP:S05:T12,DEAP:S05,T12,1,7.08,2,1,1,2,exposed,baseline_only_context,train,10.0,0.017897415059050403,0.9821025849409496
DEAP:S05:T17,DEAP:S05,T17,1,6.88,2,1,1,2,exposed,baseline_only_context,train,10.0,0.03347781596644961,0.9665221840335504
DEAP:S05:T24,DEAP:S05,T24,0,4.0,2,1,1,2,exposed,baseline_only_context,train,10.0,0.9819257678999305,0.018074232100069556
DEAP:S05:T31,DEAP:S05,T31,1,6.9,2,1,1,2,exposed,baseline_only_context,train,10.0,0.27287629931262747,0.7271237006873725
DEAP:S05:T34,DEAP:S05,T34,1,6.03,2,1,1,2,exposed,baseline_only_context,train,10.0,0.1044867866923499,0.8955132133076501
DEAP:S05:T35,DEAP:S05,T35,0,4.86,2,1,1,2,exposed,baseline_only_context,train,10.0,0.9979359098312665,0.002064090168733522
DEAP:S05:T36,DEAP:S05,T36,0,4.91,2,1,1,2,exposed,baseline_only_context,train,10.0,0.9387249260882617,0.06127507391173827
DEAP:S05:T37,DEAP:S05,T37,0,1.91,2,1,1,2,exposed,baseline_only_context,train,10.0,0.9741090687462212,0.025890931253778837
DEAP:S05:T40,DEAP:S05,T40,1,7.0,2,1,1,2,exposed,baseline_only_context,train,10.0,0.5300864280188435,0.4699135719811564
DEAP:S06:T01,DEAP:S06,T01,1,8.19,2,1,1,2,exposed,baseline_only_context,train,10.0,0.0006720466197496222,0.9993279533802504
DEAP:S06:T03,DEAP:S06,T03,1,7.69,2,1,1,2,exposed,baseline_only_context,train,10.0,0.0008230636788214563,0.9991769363211785
DEAP:S06:T05,DEAP:S06,T05,1,7.01,2,1,1,2,exposed,baseline_only_context,train,10.0,0.14454867433111063,0.8554513256688894
DEAP:S06:T06,DEAP:S06,T06,1,8.05,2,1,1,2,exposed,baseline_only_context,train,10.0,0.3286269946164696,0.6713730053835304
DEAP:S06:T07,DEAP:S06,T07,1,8.26,2,1,1,2,exposed,baseline_only_context,train,10.0,0.0025817992485763774,0.9974182007514236
DEAP:S06:T09,DEAP:S06,T09,1,7.87,2,1,1,2,exposed,baseline_only_context,train,10.0,0.040640944683520974,0.959359055316479
DEAP:S06:T10,DEAP:S06,T10,1,7.37,2,1,1,2,exposed,baseline_only_context,train,10.0,0.07383033564389763,0.9261696643561024
DEAP:S06:T12,DEAP:S06,T12,1,7.17,2,1,1,2,exposed,baseline_only_context,train,10.0,0.08195020983488877,0.9180497901651112
DEAP:S06:T17,DEAP:S06,T17,1,6.72,2,1,1,2,exposed,baseline_only_context,train,10.0,0.28452575888406695,0.715474241115933
DEAP:S06:T24,DEAP:S06,T24,0,3.5,2,1,1,2,exposed,baseline_only_context,train,10.0,0.9202608805627882,0.07973911943721179
DEAP:S06:T35,DEAP:S06,T35,0,3.96,2,1,1,2,exposed,baseline_only_context,train,10.0,0.8089598526995335,0.19104014730046645
DEAP:S06:T36,DEAP:S06,T36,1,5.71,2,1,1,2,exposed,baseline_only_context,train,10.0,0.22130698642359903,0.778693013576401
DEAP:S06:T37,DEAP:S06,T37,0,4.83,2,1,1,2,exposed,baseline_only_context,train,10.0,0.5927352304392317,0.40726476956076824
DEAP:S06:T40,DEAP:S06,T40,0,4.85,2,1,1,2,exposed,baseline_only_context,train,10.0,0.6434947526197154,0.3565052473802846
DEAP:S07:T01,DEAP:S07,T01,1,8.1,2,1,1,2,exposed,baseline_only_context,train,10.0,1.0569747976862942e-07,0.9999998943025202
DEAP:S07:T03,DEAP:S07,T03,1,7.1,2,1,1,2,exposed,baseline_only_context,train,10.0,2.2920725852859647e-06,0.9999977079274147
DEAP:S07:T05,DEAP:S07,T05,1,7.05,2,1,1,2,exposed,baseline_only_context,train,10.0,0.000182597924835326,0.9998174020751647
DEAP:S07:T07,DEAP:S07,T07,1,7.08,2,1,1,2,exposed,baseline_only_context,train,10.0,0.00846632994521046,0.9915336700547895
DEAP:S07:T09,DEAP:S07,T09,1,6.99,2,1,1,2,exposed,baseline_only_context,train,10.0,0.010599553249455718,0.9894004467505443
DEAP:S07:T10,DEAP:S07,T10,1,7.09,2,1,1,2,exposed,baseline_only_context,train,10.0,0.17205297906385408,0.8279470209361459
DEAP:S07:T17,DEAP:S07,T17,1,7.12,2,1,1,2,exposed,baseline_only_context,train,10.0,0.2452920786139281,0.7547079213860719
DEAP:S07:T24,DEAP:S07,T24,0,1.97,2,1,1,2,exposed,baseline_only_context,train,10.0,0.7702151227235763,0.22978487727642366
DEAP:S07:T31,DEAP:S07,T31,1,6.96,2,1,1,2,exposed,baseline_only_context,train,10.0,0.21556240585974917,0.7844375941402508
DEAP:S07:T34,DEAP:S07,T34,0,4.01,2,1,1,2,exposed,baseline_only_context,train,10.0,0.6350151749991444,0.3649848250008556
DEAP:S07:T35,DEAP:S07,T35,1,5.01,2,1,1,2,exposed,baseline_only_context,train,10.0,0.623974754829651,0.376025245170349
DEAP:S07:T36,DEAP:S07,T36,1,8.1,2,1,1,2,exposed,baseline_only_context,train,10.0,0.1219273756296766,0.8780726243703234
DEAP:S07:T37,DEAP:S07,T37,1,5.05,2,1,1,2,exposed,baseline_only_context,train,10.0,0.0019405567590320416,0.998059443240968
DEAP:S08:T01,DEAP:S08,T01,1,7.6,2,1,1,2,exposed,baseline_only_context,train,10.0,0.02835247988395362,0.9716475201160464
DEAP:S08:T03,DEAP:S08,T03,1,8.15,2,1,1,2,exposed,baseline_only_context,train,10.0,0.22108351102340784,0.7789164889765922
DEAP:S08:T05,DEAP:S08,T05,0,4.41,2,1,1,2,exposed,baseline_only_context,train,10.0,0.6318971047412124,0.3681028952587876
DEAP:S08:T06,DEAP:S08,T06,1,7.4,2,1,1,2,exposed,baseline_only_context,train,10.0,0.2048600312631751,0.7951399687368249
DEAP:S08:T07,DEAP:S08,T07,1,5.04,2,1,1,2,exposed,baseline_only_context,train,10.0,0.40798808454611313,0.5920119154538869
DEAP:S08:T09,DEAP:S08,T09,1,8.78,2,1,1,2,exposed,baseline_only_context,train,10.0,0.17836894311962193,0.8216310568803781
DEAP:S08:T10,DEAP:S08,T10,0,4.97,2,1,1,2,exposed,baseline_only_context,train,10.0,0.5775457681097842,0.42245423189021575
DEAP:S08:T12,DEAP:S08,T12,1,8.47,2,1,1,2,exposed,baseline_only_context,train,10.0,0.02618013187562107,0.9738198681243789
DEAP:S08:T17,DEAP:S08,T17,1,6.67,2,1,1,2,exposed,baseline_only_context,train,10.0,0.3395198398596151,0.6604801601403849
DEAP:S08:T24,DEAP:S08,T24,0,4.15,2,1,1,2,exposed,baseline_only_context,train,10.0,0.9945550724745953,0.005444927525404759
DEAP:S08:T31,DEAP:S08,T31,0,1.45,2,1,1,2,exposed,baseline_only_context,train,10.0,0.7678141267944327,0.23218587320556724
DEAP:S08:T34,DEAP:S08,T34,1,5.05,2,1,1,2,exposed,baseline_only_context,train,10.0,0.1436759890696666,0.8563240109303334
DEAP:S08:T35,DEAP:S08,T35,0,3.62,2,1,1,2,exposed,baseline_only_context,train,10.0,0.8449647353775225,0.15503526462247758
DEAP:S08:T36,DEAP:S08,T36,0,1.21,2,1,1,2,exposed,baseline_only_context,train,10.0,0.9969227126643104,0.003077287335689582
DEAP:S08:T37,DEAP:S08,T37,1,5.06,2,1,1,2,exposed,baseline_only_context,train,10.0,0.2389049036889317,0.7610950963110683
DEAP:S08:T40,DEAP:S08,T40,0,3.13,2,1,1,2,exposed,baseline_only_context,train,10.0,0.9646125488231492,0.03538745117685079
DEAP:S09:T05,DEAP:S09,T05,0,4.99,2,1,1,2,exposed,baseline_only_context,train,10.0,0.9267859545848949,0.07321404541510508
DEAP:S09:T06,DEAP:S09,T06,1,7.04,2,1,1,2,exposed,baseline_only_context,train,10.0,0.060212221288473144,0.9397877787115269
DEAP:S09:T07,DEAP:S09,T07,1,5.08,2,1,1,2,exposed,baseline_only_context,train,10.0,0.05237886284219384,0.9476211371578062
DEAP:S09:T09,DEAP:S09,T09,1,5.96,2,1,1,2,exposed,baseline_only_context,train,10.0,0.006620020093591861,0.9933799799064081
DEAP:S09:T10,DEAP:S09,T10,0,3.94,2,1,1,2,exposed,baseline_only_context,train,10.0,0.6411263903455707,0.35887360965442927
DEAP:S09:T24,DEAP:S09,T24,0,4.03,2,1,1,2,exposed,baseline_only_context,train,10.0,0.989257957377779,0.010742042622220963
DEAP:S09:T31,DEAP:S09,T31,1,6.06,2,1,1,2,exposed,baseline_only_context,train,10.0,0.3341374692398906,0.6658625307601094
DEAP:S09:T34,DEAP:S09,T34,1,5.06,2,1,1,2,exposed,baseline_only_context,train,10.0,0.7778699781691616,0.22213002183083835
DEAP:S09:T35,DEAP:S09,T35,0,3.01,2,1,1,2,exposed,baseline_only_context,train,10.0,0.9736860326925713,0.026313967307428698
DEAP:S09:T36,DEAP:S09,T36,0,3.08,2,1,1,2,exposed,baseline_only_context,train,10.0,0.6818404256292185,0.31815957437078146
DEAP:S09:T37,DEAP:S09,T37,0,2.99,2,1,1,2,exposed,baseline_only_context,train,10.0,0.9883125723627976,0.011687427637202409
DEAP:S09:T40,DEAP:S09,T40,1,5.04,2,1,1,2,exposed,baseline_only_context,train,10.0,0.07290134669181514,0.9270986533081849
DEAP:S10:T01,DEAP:S10,T01,1,7.91,2,1,1,2,exposed,baseline_only_context,train,10.0,1.9235196393574405e-05,0.9999807648036064
DEAP:S10:T09,DEAP:S10,T09,1,7.56,2,1,1,2,exposed,baseline_only_context,train,10.0,0.023195737196112343,0.9768042628038877
DEAP:S10:T12,DEAP:S10,T12,1,5.37,2,1,1,2,exposed,baseline_only_context,train,10.0,0.0009332582257391975,0.9990667417742608
DEAP:S10:T17,DEAP:S10,T17,0,4.95,2,1,1,2,exposed,baseline_only_context,train,10.0,0.1643752276799123,0.8356247723200877
DEAP:S10:T24,DEAP:S10,T24,1,6.82,2,1,1,2,exposed,baseline_only_context,train,10.0,0.7157074070275978,0.28429259297240217
DEAP:S10:T31,DEAP:S10,T31,0,4.15,2,1,1,2,exposed,baseline_only_context,train,10.0,0.9574453807627177,0.042554619237282265
DEAP:S10:T34,DEAP:S10,T34,0,3.91,2,1,1,2,exposed,baseline_only_context,train,10.0,0.8783763931593707,0.1216236068406294
DEAP:S10:T35,DEAP:S10,T35,0,1.38,2,1,1,2,exposed,baseline_only_context,train,10.0,0.9564053686082714,0.04359463139172853
DEAP:S10:T36,DEAP:S10,T36,0,2.17,2,1,1,2,exposed,baseline_only_context,train,10.0,0.9210626962042532,0.07893730379574683
DEAP:S10:T37,DEAP:S10,T37,0,2.92,2,1,1,2,exposed,baseline_only_context,train,10.0,0.8242420085428844,0.17575799145711557
DEAP:S10:T40,DEAP:S10,T40,1,5.78,2,1,1,2,exposed,baseline_only_context,train,10.0,0.6128652501139245,0.3871347498860756
DEAP:S11:T01,DEAP:S11,T01,1,6.27,2,1,1,2,exposed,baseline_only_context,train,10.0,0.0007538283597392503,0.9992461716402607
DEAP:S11:T03,DEAP:S11,T03,1,7.41,2,1,1,2,exposed,baseline_only_context,train,10.0,0.04210189508768758,0.9578981049123124
DEAP:S11:T05,DEAP:S11,T05,1,7.41,2,1,1,2,exposed,baseline_only_context,train,10.0,0.34768077821248466,0.6523192217875153
DEAP:S11:T06,DEAP:S11,T06,1,5.32,2,1,1,2,exposed,baseline_only_context,train,10.0,0.013218172218269264,0.9867818277817307
DEAP:S11:T07,DEAP:S11,T07,1,6.37,2,1,1,2,exposed,baseline_only_context,train,10.0,0.2775326175749184,0.7224673824250816
DEAP:S11:T10,DEAP:S11,T10,1,6.53,2,1,1,2,exposed,baseline_only_context,train,10.0,0.18529062864164092,0.8147093713583591
DEAP:S11:T12,DEAP:S11,T12,1,5.04,2,1,1,2,exposed,baseline_only_context,train,10.0,0.0270519782340366,0.9729480217659634
DEAP:S11:T17,DEAP:S11,T17,1,8.32,2,1,1,2,exposed,baseline_only_context,train,10.0,0.03382646060201111,0.9661735393979889
DEAP:S11:T24,DEAP:S11,T24,0,2.88,2,1,1,2,exposed,baseline_only_context,train,10.0,0.9355300776222011,0.06446992237779889
DEAP:S11:T31,DEAP:S11,T31,0,1.83,2,1,1,2,exposed,baseline_only_context,train,10.0,0.8502562044238641,0.14974379557613596
DEAP:S11:T34,DEAP:S11,T34,0,4.88,2,1,1,2,exposed,baseline_only_context,train,10.0,0.9683708372307,0.03162916276929989
DEAP:S11:T35,DEAP:S11,T35,0,1.23,2,1,1,2,exposed,baseline_only_context,train,10.0,0.8895409406142878,0.11045905938571227
DEAP:S11:T36,DEAP:S11,T36,0,3.62,2,1,1,2,exposed,baseline_only_context,train,10.0,0.9044272794638979,0.0955727205361021
DEAP:S11:T37,DEAP:S11,T37,0,1.47,2,1,1,2,exposed,baseline_only_context,train,10.0,0.8936504150888255,0.10634958491117452
DEAP:S11:T40,DEAP:S11,T40,0,4.95,2,1,1,2,exposed,baseline_only_context,train,10.0,0.9371704169209881,0.06282958307901183
DEAP:S12:T01,DEAP:S12,T01,1,7.09,2,1,1,2,exposed,baseline_only_context,train,10.0,0.014107310722491717,0.9858926892775083
DEAP:S12:T03,DEAP:S12,T03,1,7.33,2,1,1,2,exposed,baseline_only_context,train,10.0,0.13344252445172755,0.8665574755482724
DEAP:S12:T05,DEAP:S12,T05,0,4.01,2,1,1,2,exposed,baseline_only_context,train,10.0,0.6477069366197102,0.35229306338028976
DEAP:S12:T06,DEAP:S12,T06,1,6.65,2,1,1,2,exposed,baseline_only_context,train,10.0,0.007479653932506269,0.9925203460674937
DEAP:S12:T07,DEAP:S12,T07,1,6.77,2,1,1,2,exposed,baseline_only_context,train,10.0,0.3882235886930171,0.6117764113069829
DEAP:S12:T09,DEAP:S12,T09,1,7.95,2,1,1,2,exposed,baseline_only_context,train,10.0,0.12422609727807032,0.8757739027219297
DEAP:S12:T10,DEAP:S12,T10,0,4.06,2,1,1,2,exposed,baseline_only_context,train,10.0,0.7760492256442867,0.22395077435571334
DEAP:S12:T12,DEAP:S12,T12,1,6.86,2,1,1,2,exposed,baseline_only_context,train,10.0,0.09244405024884483,0.9075559497511552
DEAP:S12:T17,DEAP:S12,T17,0,4.86,2,1,1,2,exposed,baseline_only_context,train,10.0,0.48708661752053806,0.5129133824794619
DEAP:S12:T31,DEAP:S12,T31,0,3.18,2,1,1,2,exposed,baseline_only_context,train,10.0,0.7253133562830506,0.2746866437169494
DEAP:S12:T34,DEAP:S12,T34,0,4.87,2,1,1,2,exposed,baseline_only_context,train,10.0,0.8786994320374971,0.12130056796250284
DEAP:S12:T35,DEAP:S12,T35,0,1.22,2,1,1,2,exposed,baseline_only_context,train,10.0,0.9102990573025757,0.0897009426974243
DEAP:S12:T36,DEAP:S12,T36,0,2.82,2,1,1,2,exposed,baseline_only_context,train,10.0,0.9294765921694088,0.07052340783059119
DEAP:S12:T37,DEAP:S12,T37,0,1.0,2,1,1,2,exposed,baseline_only_context,train,10.0,0.9896550822919827,0.010344917708017303
DEAP:S12:T40,DEAP:S12,T40,1,6.81,2,1,1,2,exposed,baseline_only_context,train,10.0,0.7267426410186955,0.2732573589813045
DEAP:S13:T01,DEAP:S13,T01,1,6.15,2,1,1,2,exposed,baseline_only_context,train,10.0,0.2053456661610754,0.7946543338389246
DEAP:S13:T03,DEAP:S13,T03,1,9.0,2,1,1,2,exposed,baseline_only_context,train,10.0,0.06611759779749304,0.933882402202507
DEAP:S13:T05,DEAP:S13,T05,1,5.01,2,1,1,2,exposed,baseline_only_context,train,10.0,0.05454748982775104,0.945452510172249
DEAP:S13:T06,DEAP:S13,T06,0,4.46,2,1,1,2,exposed,baseline_only_context,train,10.0,0.8407798906288566,0.15922010937114336
DEAP:S13:T07,DEAP:S13,T07,0,2.99,2,1,1,2,exposed,baseline_only_context,train,10.0,0.930601225988662,0.06939877401133795
DEAP:S13:T10,DEAP:S13,T10,0,4.01,2,1,1,2,exposed,baseline_only_context,train,10.0,0.9512782642391435,0.04872173576085646
DEAP:S13:T12,DEAP:S13,T12,1,5.08,2,1,1,2,exposed,baseline_only_context,train,10.0,0.052473816162024844,0.9475261838379752
DEAP:S13:T17,DEAP:S13,T17,1,5.99,2,1,1,2,exposed,baseline_only_context,train,10.0,0.6815041193882396,0.3184958806117604
DEAP:S13:T24,DEAP:S13,T24,0,2.97,2,1,1,2,exposed,baseline_only_context,train,10.0,0.9348181092172771,0.06518189078272286
DEAP:S13:T31,DEAP:S13,T31,0,1.97,2,1,1,2,exposed,baseline_only_context,train,10.0,0.9954005503444818,0.004599449655518198
DEAP:S13:T34,DEAP:S13,T34,0,2.92,2,1,1,2,exposed,baseline_only_context,train,10.0,0.8522852934526615,0.14771470654733854
DEAP:S13:T35,DEAP:S13,T35,0,1.0,2,1,1,2,exposed,baseline_only_context,train,10.0,0.9683038135726815,0.03169618642731853
DEAP:S13:T36,DEAP:S13,T36,0,2.54,2,1,1,2,exposed,baseline_only_context,train,10.0,0.9955080151354667,0.004491984864533305
DEAP:S13:T37,DEAP:S13,T37,0,1.0,2,1,1,2,exposed,baseline_only_context,train,10.0,0.9592661543250631,0.04073384567493692
DEAP:S13:T40,DEAP:S13,T40,0,4.08,2,1,1,2,exposed,baseline_only_context,train,10.0,0.6988544269540216,0.3011455730459784
DEAP:S18:T01,DEAP:S18,T01,1,6.33,2,1,1,2,exposed,baseline_only_context,train,10.0,0.000250191940211808,0.9997498080597882
DEAP:S18:T03,DEAP:S18,T03,1,6.36,2,1,1,2,exposed,baseline_only_context,train,10.0,0.0004924899612522848,0.9995075100387477
DEAP:S18:T05,DEAP:S18,T05,1,6.13,2,1,1,2,exposed,baseline_only_context,train,10.0,0.05168536575310678,0.9483146342468932
DEAP:S18:T06,DEAP:S18,T06,1,6.51,2,1,1,2,exposed,baseline_only_context,train,10.0,0.0002871725111142087,0.9997128274888858
DEAP:S18:T07,DEAP:S18,T07,1,7.33,2,1,1,2,exposed,baseline_only_context,train,10.0,0.00014643363432376155,0.9998535663656762
DEAP:S18:T09,DEAP:S18,T09,1,6.55,2,1,1,2,exposed,baseline_only_context,train,10.0,0.0004067867393313662,0.9995932132606686
DEAP:S18:T10,DEAP:S18,T10,1,6.09,2,1,1,2,exposed,baseline_only_context,train,10.0,0.0046276823849267235,0.9953723176150733
DEAP:S18:T17,DEAP:S18,T17,1,7.74,2,1,1,2,exposed,baseline_only_context,train,10.0,0.029870937325212954,0.970129062674787
DEAP:S18:T24,DEAP:S18,T24,0,3.22,2,1,1,2,exposed,baseline_only_context,train,10.0,0.6289211551342944,0.3710788448657057
DEAP:S18:T31,DEAP:S18,T31,0,4.44,2,1,1,2,exposed,baseline_only_context,train,10.0,0.9033380975489258,0.09666190245107419
DEAP:S18:T34,DEAP:S18,T34,0,4.15,2,1,1,2,exposed,baseline_only_context,train,10.0,0.9665469980153361,0.03345300198466397
DEAP:S18:T35,DEAP:S18,T35,1,5.12,2,1,1,2,exposed,baseline_only_context,train,10.0,0.7299524505312476,0.27004754946875237
DEAP:S18:T36,DEAP:S18,T36,1,5.24,2,1,1,2,exposed,baseline_only_context,train,10.0,0.16795219602434275,0.8320478039756573
DEAP:S18:T37,DEAP:S18,T37,0,4.0,2,1,1,2,exposed,baseline_only_context,train,10.0,0.6651604248761341,0.33483957512386586
DEAP:S19:T03,DEAP:S19,T03,1,6.82,2,1,1,2,exposed,baseline_only_context,train,10.0,0.0030455243796988496,0.9969544756203012
DEAP:S19:T05,DEAP:S19,T05,1,7.79,2,1,1,2,exposed,baseline_only_context,train,10.0,0.038786573727093376,0.9612134262729066
DEAP:S19:T06,DEAP:S19,T06,1,7.73,2,1,1,2,exposed,baseline_only_context,train,10.0,0.005755273307886277,0.9942447266921137
DEAP:S19:T07,DEAP:S19,T07,1,6.64,2,1,1,2,exposed,baseline_only_context,train,10.0,0.12138816613774639,0.8786118338622536
DEAP:S19:T09,DEAP:S19,T09,1,7.09,2,1,1,2,exposed,baseline_only_context,train,10.0,0.006578384223197009,0.993421615776803
DEAP:S19:T12,DEAP:S19,T12,1,6.26,2,1,1,2,exposed,baseline_only_context,train,10.0,0.0205781187191596,0.9794218812808404
DEAP:S19:T17,DEAP:S19,T17,1,7.38,2,1,1,2,exposed,baseline_only_context,train,10.0,0.15295120965074416,0.8470487903492558
DEAP:S19:T24,DEAP:S19,T24,0,3.23,2,1,1,2,exposed,baseline_only_context,train,10.0,0.8868055220103639,0.11319447798963614
DEAP:S19:T31,DEAP:S19,T31,1,5.03,2,1,1,2,exposed,baseline_only_context,train,10.0,0.43658670029311164,0.5634132997068884
DEAP:S19:T34,DEAP:S19,T34,0,4.17,2,1,1,2,exposed,baseline_only_context,train,10.0,0.9478477667824325,0.05215223321756741
DEAP:S19:T35,DEAP:S19,T35,0,3.21,2,1,1,2,exposed,baseline_only_context,train,10.0,0.9423015444369417,0.057698455563058255
DEAP:S19:T36,DEAP:S19,T36,0,3.71,2,1,1,2,exposed,baseline_only_context,train,10.0,0.9756953154270079,0.024304684572992095
DEAP:S19:T37,DEAP:S19,T37,0,3.15,2,1,1,2,exposed,baseline_only_context,train,10.0,0.9858201904401256,0.014179809559874404
DEAP:S19:T40,DEAP:S19,T40,0,4.24,2,1,1,2,exposed,baseline_only_context,train,10.0,0.9016947708032262,0.09830522919677372
DEAP:S21:T01,DEAP:S21,T01,1,6.42,2,1,1,2,exposed,baseline_only_context,train,10.0,0.004872299446921247,0.9951277005530788
DEAP:S21:T03,DEAP:S21,T03,0,4.83,2,1,1,2,exposed,baseline_only_context,train,10.0,0.25202051841821493,0.7479794815817851
DEAP:S21:T05,DEAP:S21,T05,1,8.09,2,1,1,2,exposed,baseline_only_context,train,10.0,0.38540780422570253,0.6145921957742975
DEAP:S21:T06,DEAP:S21,T06,1,7.92,2,1,1,2,exposed,baseline_only_context,train,10.0,0.04148062540367892,0.9585193745963211
DEAP:S21:T07,DEAP:S21,T07,1,7.05,2,1,1,2,exposed,baseline_only_context,train,10.0,0.0927754452022902,0.9072245547977098
DEAP:S21:T09,DEAP:S21,T09,1,8.56,2,1,1,2,exposed,baseline_only_context,train,10.0,0.07074218188912806,0.9292578181108719
DEAP:S21:T10,DEAP:S21,T10,1,7.05,2,1,1,2,exposed,baseline_only_context,train,10.0,0.21006438228400337,0.7899356177159966
DEAP:S21:T12,DEAP:S21,T12,0,4.63,2,1,1,2,exposed,baseline_only_context,train,10.0,0.08101971549401787,0.9189802845059821
DEAP:S21:T17,DEAP:S21,T17,1,5.53,2,1,1,2,exposed,baseline_only_context,train,10.0,0.09641865669607019,0.9035813433039298
DEAP:S21:T24,DEAP:S21,T24,0,2.99,2,1,1,2,exposed,baseline_only_context,train,10.0,0.9196468669464248,0.08035313305357514
DEAP:S21:T31,DEAP:S21,T31,1,5.04,2,1,1,2,exposed,baseline_only_context,train,10.0,0.9271090995429033,0.07289090045709663
DEAP:S21:T34,DEAP:S21,T34,0,4.06,2,1,1,2,exposed,baseline_only_context,train,10.0,0.995272784195793,0.004727215804207021
DEAP:S21:T35,DEAP:S21,T35,0,4.92,2,1,1,2,exposed,baseline_only_context,train,10.0,0.6275649476884297,0.3724350523115702
DEAP:S21:T36,DEAP:S21,T36,1,6.88,2,1,1,2,exposed,baseline_only_context,train,10.0,0.9713845603595327,0.02861543964046726
DEAP:S21:T37,DEAP:S21,T37,0,3.04,2,1,1,2,exposed,baseline_only_context,train,10.0,0.889242172018224,0.11075782798177602
DEAP:S21:T40,DEAP:S21,T40,0,3.99,2,1,1,2,exposed,baseline_only_context,train,10.0,0.9663512797679237,0.033648720232076317
DEAP:S22:T01,DEAP:S22,T01,1,5.05,2,1,1,2,exposed,baseline_only_context,train,10.0,0.05996149819972263,0.9400385018002774
DEAP:S22:T03,DEAP:S22,T03,1,7.05,2,1,1,2,exposed,baseline_only_context,train,10.0,0.3447335577310987,0.6552664422689013
DEAP:S22:T06,DEAP:S22,T06,0,4.97,2,1,1,2,exposed,baseline_only_context,train,10.0,0.4220067476414259,0.5779932523585741
DEAP:S22:T07,DEAP:S22,T07,1,6.03,2,1,1,2,exposed,baseline_only_context,train,10.0,0.13566267108263852,0.8643373289173615
DEAP:S22:T09,DEAP:S22,T09,1,9.0,2,1,1,2,exposed,baseline_only_context,train,10.0,0.5037622352311448,0.4962377647688552
DEAP:S22:T10,DEAP:S22,T10,0,4.0,2,1,1,2,exposed,baseline_only_context,train,10.0,0.9525637141075943,0.047436285892405713
DEAP:S22:T12,DEAP:S22,T12,0,4.99,2,1,1,2,exposed,baseline_only_context,train,10.0,0.6862602761918744,0.3137397238081257
DEAP:S22:T17,DEAP:S22,T17,1,5.04,2,1,1,2,exposed,baseline_only_context,train,10.0,0.31010000696267437,0.6898999930373256
DEAP:S22:T24,DEAP:S22,T24,0,1.96,2,1,1,2,exposed,baseline_only_context,train,10.0,0.9843427889440377,0.015657211055962274
DEAP:S22:T31,DEAP:S22,T31,0,2.01,2,1,1,2,exposed,baseline_only_context,train,10.0,0.9839194438720009,0.016080556127999128
DEAP:S22:T35,DEAP:S22,T35,0,1.99,2,1,1,2,exposed,baseline_only_context,train,10.0,0.9981882920207528,0.0018117079792472667
DEAP:S22:T36,DEAP:S22,T36,0,1.96,2,1,1,2,exposed,baseline_only_context,train,10.0,0.9592460869538363,0.0407539130461637
DEAP:S22:T37,DEAP:S22,T37,0,1.0,2,1,1,2,exposed,baseline_only_context,train,10.0,0.9982124839734696,0.0017875160265303325
DEAP:S22:T40,DEAP:S22,T40,0,2.97,2,1,1,2,exposed,baseline_only_context,train,10.0,0.8949551440421806,0.10504485595781937
DEAP:S24:T01,DEAP:S24,T01,1,7.06,2,1,1,2,exposed,baseline_only_context,train,10.0,0.027708092315013144,0.9722919076849869
DEAP:S24:T06,DEAP:S24,T06,1,5.96,2,1,1,2,exposed,baseline_only_context,train,10.0,0.5298938290765411,0.47010617092345885
DEAP:S24:T07,DEAP:S24,T07,0,3.04,2,1,1,2,exposed,baseline_only_context,train,10.0,0.7053825513661252,0.2946174486338748
DEAP:S24:T09,DEAP:S24,T09,1,7.08,2,1,1,2,exposed,baseline_only_context,train,10.0,0.055360306317309704,0.9446396936826903
DEAP:S24:T10,DEAP:S24,T10,1,5.01,2,1,1,2,exposed,baseline_only_context,train,10.0,0.79245496750679,0.20754503249321005
DEAP:S24:T12,DEAP:S24,T12,1,7.04,2,1,1,2,exposed,baseline_only_context,train,10.0,0.00031558315909197,0.999684416840908
DEAP:S24:T17,DEAP:S24,T17,0,4.08,2,1,1,2,exposed,baseline_only_context,train,10.0,0.4895305725186653,0.5104694274813347
DEAP:S24:T24,DEAP:S24,T24,0,2.99,2,1,1,2,exposed,baseline_only_context,train,10.0,0.9333652226915717,0.06663477730842826
DEAP:S24:T31,DEAP:S24,T31,0,2.94,2,1,1,2,exposed,baseline_only_context,train,10.0,0.6820358597623563,0.31796414023764374
DEAP:S24:T34,DEAP:S24,T34,0,4.05,2,1,1,2,exposed,baseline_only_context,train,10.0,0.9279692843504663,0.07203071564953371
DEAP:S24:T35,DEAP:S24,T35,0,4.05,2,1,1,2,exposed,baseline_only_context,train,10.0,0.9987688450121704,0.0012311549878294985
DEAP:S24:T36,DEAP:S24,T36,0,4.0,2,1,1,2,exposed,baseline_only_context,train,10.0,0.8667452090951274,0.13325479090487258
DEAP:S24:T37,DEAP:S24,T37,0,4.0,2,1,1,2,exposed,baseline_only_context,train,10.0,0.9933301247468216,0.00666987525317842
DEAP:S25:T01,DEAP:S25,T01,1,8.06,2,1,1,2,exposed,baseline_only_context,train,10.0,0.006928974530361565,0.9930710254696384
DEAP:S25:T05,DEAP:S25,T05,1,5.04,2,1,1,2,exposed,baseline_only_context,train,10.0,0.02196413715452239,0.9780358628454776
DEAP:S25:T07,DEAP:S25,T07,1,6.08,2,1,1,2,exposed,baseline_only_context,train,10.0,0.285246999996443,0.714753000003557
DEAP:S25:T09,DEAP:S25,T09,1,8.09,2,1,1,2,exposed,baseline_only_context,train,10.0,0.00015975561482195477,0.999840244385178
DEAP:S25:T10,DEAP:S25,T10,0,1.0,2,1,1,2,exposed,baseline_only_context,train,10.0,0.8928684270685036,0.10713157293149643
DEAP:S25:T17,DEAP:S25,T17,1,5.04,2,1,1,2,exposed,baseline_only_context,train,10.0,0.04743863871579879,0.9525613612842012
DEAP:S25:T24,DEAP:S25,T24,0,3.05,2,1,1,2,exposed,baseline_only_context,train,10.0,0.9989218813345824,0.001078118665417664
DEAP:S25:T31,DEAP:S25,T31,0,1.01,2,1,1,2,exposed,baseline_only_context,train,10.0,0.9709773863510862,0.029022613648913828
DEAP:S25:T34,DEAP:S25,T34,0,4.95,2,1,1,2,exposed,baseline_only_context,train,10.0,0.9915927132111437,0.008407286788856326
DEAP:S25:T35,DEAP:S25,T35,0,3.03,2,1,1,2,exposed,baseline_only_context,train,10.0,0.9898510916680108,0.010148908331989184
DEAP:S25:T36,DEAP:S25,T36,0,3.0,2,1,1,2,exposed,baseline_only_context,train,10.0,0.9787090886613679,0.02129091133863214
DEAP:S25:T37,DEAP:S25,T37,0,1.0,2,1,1,2,exposed,baseline_only_context,train,10.0,0.8528994137950987,0.1471005862049013
DEAP:S25:T40,DEAP:S25,T40,0,1.0,2,1,1,2,exposed,baseline_only_context,train,10.0,0.8434507847035725,0.15654921529642754
DEAP:S26:T01,DEAP:S26,T01,1,7.97,2,1,1,2,exposed,baseline_only_context,train,10.0,0.020606908334828145,0.9793930916651719
DEAP:S26:T03,DEAP:S26,T03,1,9.0,2,1,1,2,exposed,baseline_only_context,train,10.0,0.046784792891292004,0.953215207108708
DEAP:S26:T05,DEAP:S26,T05,0,4.0,2,1,1,2,exposed,baseline_only_context,train,10.0,0.4978228338427656,0.5021771661572344
DEAP:S26:T06,DEAP:S26,T06,1,8.09,2,1,1,2,exposed,baseline_only_context,train,10.0,0.4177171042913854,0.5822828957086146
DEAP:S26:T07,DEAP:S26,T07,1,6.08,2,1,1,2,exposed,baseline_only_context,train,10.0,0.5520270942854679,0.4479729057145321
DEAP:S26:T09,DEAP:S26,T09,1,8.05,2,1,1,2,exposed,baseline_only_context,train,10.0,0.036834771168755,0.963165228831245
DEAP:S26:T10,DEAP:S26,T10,0,3.08,2,1,1,2,exposed,baseline_only_context,train,10.0,0.9178313652479203,0.08216863475207965
DEAP:S26:T12,DEAP:S26,T12,1,7.04,2,1,1,2,exposed,baseline_only_context,train,10.0,0.27576603177639825,0.7242339682236018
DEAP:S26:T17,DEAP:S26,T17,1,5.04,2,1,1,2,exposed,baseline_only_context,train,10.0,0.049861734286727244,0.9501382657132728
DEAP:S26:T24,DEAP:S26,T24,1,9.0,2,1,1,2,exposed,baseline_only_context,train,10.0,0.35104371203214935,0.6489562879678507
DEAP:S26:T31,DEAP:S26,T31,0,1.97,2,1,1,2,exposed,baseline_only_context,train,10.0,0.5890733345568011,0.41092666544319884
DEAP:S26:T34,DEAP:S26,T34,0,1.0,2,1,1,2,exposed,baseline_only_context,train,10.0,0.9568796763298321,0.043120323670167965
DEAP:S26:T35,DEAP:S26,T35,0,2.97,2,1,1,2,exposed,baseline_only_context,train,10.0,0.9984758978817707,0.001524102118229268
DEAP:S26:T36,DEAP:S26,T36,0,2.92,2,1,1,2,exposed,baseline_only_context,train,10.0,0.9945811865829892,0.0054188134170108145
DEAP:S26:T37,DEAP:S26,T37,0,1.0,2,1,1,2,exposed,baseline_only_context,train,10.0,0.9989033257998454,0.0010966742001546075
DEAP:S26:T40,DEAP:S26,T40,0,3.06,2,1,1,2,exposed,baseline_only_context,train,10.0,0.6938222741495491,0.3061777258504509
DEAP:S27:T01,DEAP:S27,T01,1,6.03,2,1,1,2,exposed,baseline_only_context,train,10.0,0.03961943576103355,0.9603805642389664
DEAP:S27:T03,DEAP:S27,T03,1,9.0,2,1,1,2,exposed,baseline_only_context,train,10.0,0.09681032309927262,0.9031896769007274
DEAP:S27:T06,DEAP:S27,T06,1,7.0,2,1,1,2,exposed,baseline_only_context,train,10.0,0.0007426626093413047,0.9992573373906587
DEAP:S27:T07,DEAP:S27,T07,0,4.94,2,1,1,2,exposed,baseline_only_context,train,10.0,0.4197240641489748,0.5802759358510252
DEAP:S27:T09,DEAP:S27,T09,1,8.99,2,1,1,2,exposed,baseline_only_context,train,10.0,0.06780611216177013,0.9321938878382299
DEAP:S27:T10,DEAP:S27,T10,1,6.01,2,1,1,2,exposed,baseline_only_context,train,10.0,0.16636871704001743,0.8336312829599826
DEAP:S27:T12,DEAP:S27,T12,0,4.18,2,1,1,2,exposed,baseline_only_context,train,10.0,0.49009734903137214,0.5099026509686279
DEAP:S27:T17,DEAP:S27,T17,1,9.0,2,1,1,2,exposed,baseline_only_context,train,10.0,0.09023989732150328,0.9097601026784967
DEAP:S27:T24,DEAP:S27,T24,1,8.9,2,1,1,2,exposed,baseline_only_context,train,10.0,0.2184888422181812,0.7815111577818188
DEAP:S27:T31,DEAP:S27,T31,1,5.08,2,1,1,2,exposed,baseline_only_context,train,10.0,0.0007809491483585784,0.9992190508516414
DEAP:S27:T35,DEAP:S27,T35,0,1.0,2,1,1,2,exposed,baseline_only_context,train,10.0,0.9934685464944675,0.00653145350553254
DEAP:S27:T36,DEAP:S27,T36,1,6.13,2,1,1,2,exposed,baseline_only_context,train,10.0,0.2699509773835045,0.7300490226164955
DEAP:S27:T37,DEAP:S27,T37,0,2.99,2,1,1,2,exposed,baseline_only_context,train,10.0,0.9986509789510957,0.001349021048904308
DEAP:S27:T40,DEAP:S27,T40,1,5.04,2,1,1,2,exposed,baseline_only_context,train,10.0,0.22782915106354207,0.7721708489364579
DEAP:S28:T03,DEAP:S28,T03,1,9.0,2,1,1,2,exposed,baseline_only_context,train,10.0,0.0001692233223377082,0.9998307766776623
DEAP:S28:T05,DEAP:S28,T05,1,7.04,2,1,1,2,exposed,baseline_only_context,train,10.0,0.009699225986625204,0.9903007740133748
DEAP:S28:T07,DEAP:S28,T07,1,8.09,2,1,1,2,exposed,baseline_only_context,train,10.0,0.016060319554326852,0.9839396804456731
DEAP:S28:T09,DEAP:S28,T09,1,5.04,2,1,1,2,exposed,baseline_only_context,train,10.0,0.01404838427380306,0.9859516157261969
DEAP:S28:T10,DEAP:S28,T10,1,7.99,2,1,1,2,exposed,baseline_only_context,train,10.0,0.2626136046573837,0.7373863953426163
DEAP:S28:T12,DEAP:S28,T12,1,6.06,2,1,1,2,exposed,baseline_only_context,train,10.0,0.3483576780739176,0.6516423219260824
DEAP:S28:T24,DEAP:S28,T24,0,4.04,2,1,1,2,exposed,baseline_only_context,train,10.0,0.9469879570709974,0.05301204292900261
DEAP:S28:T31,DEAP:S28,T31,1,6.91,2,1,1,2,exposed,baseline_only_context,train,10.0,0.07615153862858626,0.9238484613714137
DEAP:S28:T34,DEAP:S28,T34,1,5.99,2,1,1,2,exposed,baseline_only_context,train,10.0,0.02181299559751637,0.9781870044024836
DEAP:S28:T35,DEAP:S28,T35,0,1.08,2,1,1,2,exposed,baseline_only_context,train,10.0,0.5784978671025731,0.4215021328974269
DEAP:S28:T36,DEAP:S28,T36,0,3.08,2,1,1,2,exposed,baseline_only_context,train,10.0,0.7670140388703051,0.2329859611296949
DEAP:S28:T37,DEAP:S28,T37,0,1.01,2,1,1,2,exposed,baseline_only_context,train,10.0,0.9510002963434955,0.048999703656504565
DEAP:S29:T01,DEAP:S29,T01,1,6.06,2,1,1,2,exposed,baseline_only_context,train,10.0,1.3833598617729592e-05,0.9999861664013823
DEAP:S29:T03,DEAP:S29,T03,1,9.0,2,1,1,2,exposed,baseline_only_context,train,10.0,0.002280320798782598,0.9977196792012174
DEAP:S29:T05,DEAP:S29,T05,1,6.05,2,1,1,2,exposed,baseline_only_context,train,10.0,0.03148110122121561,0.9685188987787844
DEAP:S29:T06,DEAP:S29,T06,1,8.03,2,1,1,2,exposed,baseline_only_context,train,10.0,0.00023745068351577192,0.9997625493164842
DEAP:S29:T07,DEAP:S29,T07,1,7.04,2,1,1,2,exposed,baseline_only_context,train,10.0,0.09835091496197657,0.9016490850380234
DEAP:S29:T10,DEAP:S29,T10,1,7.01,2,1,1,2,exposed,baseline_only_context,train,10.0,0.12517900950597838,0.8748209904940216
DEAP:S29:T12,DEAP:S29,T12,1,6.04,2,1,1,2,exposed,baseline_only_context,train,10.0,0.014193257857848418,0.9858067421421516
DEAP:S29:T17,DEAP:S29,T17,1,5.08,2,1,1,2,exposed,baseline_only_context,train,10.0,0.0635240180225598,0.9364759819774402
DEAP:S29:T24,DEAP:S29,T24,0,4.12,2,1,1,2,exposed,baseline_only_context,train,10.0,0.8548212115584826,0.1451787884415175
DEAP:S29:T31,DEAP:S29,T31,0,1.0,2,1,1,2,exposed,baseline_only_context,train,10.0,0.4656051457036363,0.5343948542963637
DEAP:S29:T34,DEAP:S29,T34,0,3.95,2,1,1,2,exposed,baseline_only_context,train,10.0,0.7536622661385831,0.24633773386141689
DEAP:S29:T35,DEAP:S29,T35,0,1.92,2,1,1,2,exposed,baseline_only_context,train,10.0,0.9364884140266911,0.0635115859733088
DEAP:S29:T37,DEAP:S29,T37,1,5.01,2,1,1,2,exposed,baseline_only_context,train,10.0,0.3476755229690378,0.6523244770309622
DEAP:S29:T40,DEAP:S29,T40,1,6.01,2,1,1,2,exposed,baseline_only_context,train,10.0,0.6518955278235772,0.3481044721764228
DEAP:S30:T01,DEAP:S30,T01,1,5.04,2,1,1,2,exposed,baseline_only_context,train,10.0,0.0018476614120308543,0.9981523385879691
DEAP:S30:T03,DEAP:S30,T03,1,6.15,2,1,1,2,exposed,baseline_only_context,train,10.0,0.014083728407755958,0.985916271592244
DEAP:S30:T06,DEAP:S30,T06,1,6.22,2,1,1,2,exposed,baseline_only_context,train,10.0,0.000577406448955875,0.9994225935510441
DEAP:S30:T07,DEAP:S30,T07,0,4.05,2,1,1,2,exposed,baseline_only_context,train,10.0,0.7316403059532985,0.2683596940467015
DEAP:S30:T09,DEAP:S30,T09,1,7.08,2,1,1,2,exposed,baseline_only_context,train,10.0,0.011029392406879057,0.9889706075931209
DEAP:S30:T10,DEAP:S30,T10,1,5.08,2,1,1,2,exposed,baseline_only_context,train,10.0,0.1809987084821124,0.8190012915178876
DEAP:S30:T12,DEAP:S30,T12,1,5.15,2,1,1,2,exposed,baseline_only_context,train,10.0,0.03951812300603608,0.9604818769939639
DEAP:S30:T17,DEAP:S30,T17,1,7.13,2,1,1,2,exposed,baseline_only_context,train,10.0,0.012345096356593865,0.9876549036434061
DEAP:S30:T24,DEAP:S30,T24,1,5.99,2,1,1,2,exposed,baseline_only_context,train,10.0,0.4242894557964393,0.5757105442035607
DEAP:S30:T31,DEAP:S30,T31,0,3.86,2,1,1,2,exposed,baseline_only_context,train,10.0,0.29337741212499113,0.7066225878750089
DEAP:S30:T34,DEAP:S30,T34,0,4.99,2,1,1,2,exposed,baseline_only_context,train,10.0,0.7896369160019029,0.2103630839980971
DEAP:S30:T35,DEAP:S30,T35,1,5.04,2,1,1,2,exposed,baseline_only_context,train,10.0,0.6817866146744895,0.31821338532551047
DEAP:S30:T36,DEAP:S30,T36,0,4.03,2,1,1,2,exposed,baseline_only_context,train,10.0,0.9957263147332436,0.004273685266756435
DEAP:S30:T37,DEAP:S30,T37,0,4.13,2,1,1,2,exposed,baseline_only_context,train,10.0,0.9920682781923174,0.00793172180768264
DEAP:S31:T01,DEAP:S31,T01,1,6.79,2,1,1,2,exposed,baseline_only_context,train,10.0,0.00048768843415791796,0.9995123115658421
DEAP:S31:T03,DEAP:S31,T03,1,8.04,2,1,1,2,exposed,baseline_only_context,train,10.0,0.032816225791778786,0.9671837742082212
DEAP:S31:T05,DEAP:S31,T05,1,6.22,2,1,1,2,exposed,baseline_only_context,train,10.0,0.22198876073079443,0.7780112392692056
DEAP:S31:T06,DEAP:S31,T06,0,4.99,2,1,1,2,exposed,baseline_only_context,train,10.0,0.8122287806286614,0.1877712193713385
DEAP:S31:T07,DEAP:S31,T07,1,6.05,2,1,1,2,exposed,baseline_only_context,train,10.0,0.053667864025131684,0.9463321359748683
DEAP:S31:T09,DEAP:S31,T09,1,6.06,2,1,1,2,exposed,baseline_only_context,train,10.0,0.02398427383349755,0.9760157261665025
DEAP:S31:T10,DEAP:S31,T10,0,4.01,2,1,1,2,exposed,baseline_only_context,train,10.0,0.4016468885259993,0.5983531114740007
DEAP:S31:T12,DEAP:S31,T12,1,7.14,2,1,1,2,exposed,baseline_only_context,train,10.0,0.6763812943575112,0.3236187056424888
DEAP:S31:T17,DEAP:S31,T17,0,4.94,2,1,1,2,exposed,baseline_only_context,train,10.0,0.784397124106577,0.21560287589342303
DEAP:S31:T34,DEAP:S31,T34,0,1.95,2,1,1,2,exposed,baseline_only_context,train,10.0,0.9989590150959179,0.0010409849040820727
DEAP:S31:T35,DEAP:S31,T35,0,4.03,2,1,1,2,exposed,baseline_only_context,train,10.0,0.9936622491501115,0.0063377508498885776
DEAP:S31:T36,DEAP:S31,T36,0,4.97,2,1,1,2,exposed,baseline_only_context,train,10.0,0.7072077587943024,0.29279224120569763
DEAP:S31:T37,DEAP:S31,T37,0,1.0,2,1,1,2,exposed,baseline_only_context,train,10.0,0.9992484315201201,0.0007515684798798855
DEAP:S31:T40,DEAP:S31,T40,0,3.99,2,1,1,2,exposed,baseline_only_context,train,10.0,0.7872460050867567,0.21275399491324337
DEAP:S32:T01,DEAP:S32,T01,1,8.13,2,1,1,2,exposed,baseline_only_context,train,10.0,0.0003829893827320685,0.9996170106172679
DEAP:S32:T03,DEAP:S32,T03,1,8.05,2,1,1,2,exposed,baseline_only_context,train,10.0,0.02233946512329521,0.9776605348767048
DEAP:S32:T05,DEAP:S32,T05,1,7.15,2,1,1,2,exposed,baseline_only_context,train,10.0,0.31112978648122935,0.6888702135187706
DEAP:S32:T06,DEAP:S32,T06,1,5.78,2,1,1,2,exposed,baseline_only_context,train,10.0,0.1235154349715526,0.8764845650284474
DEAP:S32:T07,DEAP:S32,T07,0,4.94,2,1,1,2,exposed,baseline_only_context,train,10.0,0.8610522412580296,0.1389477587419704
DEAP:S32:T10,DEAP:S32,T10,0,4.08,2,1,1,2,exposed,baseline_only_context,train,10.0,0.8804248584333121,0.1195751415666879
DEAP:S32:T12,DEAP:S32,T12,1,7.31,2,1,1,2,exposed,baseline_only_context,train,10.0,0.08381180427062995,0.91618819572937
DEAP:S32:T17,DEAP:S32,T17,1,6.09,2,1,1,2,exposed,baseline_only_context,train,10.0,0.2065110300490255,0.7934889699509745
DEAP:S32:T24,DEAP:S32,T24,0,1.0,2,1,1,2,exposed,baseline_only_context,train,10.0,0.6402471877472875,0.35975281225271244
DEAP:S32:T31,DEAP:S32,T31,0,4.17,2,1,1,2,exposed,baseline_only_context,train,10.0,0.9989274260626338,0.0010725739373661349
DEAP:S32:T34,DEAP:S32,T34,0,4.05,2,1,1,2,exposed,baseline_only_context,train,10.0,0.88829206551478,0.11170793448522001
DEAP:S32:T35,DEAP:S32,T35,0,3.88,2,1,1,2,exposed,baseline_only_context,train,10.0,0.9996303936666008,0.0003696063333992069
DEAP:S32:T36,DEAP:S32,T36,0,3.91,2,1,1,2,exposed,baseline_only_context,train,10.0,0.6830777725782256,0.3169222274217745
DEAP:S32:T37,DEAP:S32,T37,0,2.81,2,1,1,2,exposed,baseline_only_context,train,10.0,0.9257429343807972,0.07425706561920276
DEAP:S32:T40,DEAP:S32,T40,1,7.15,2,1,1,2,exposed,baseline_only_context,train,10.0,0.33191657717043677,0.6680834228295632
DEAP:S02:T13,DEAP:S02,T13,1,9.0,2,1,1,2,exposed,baseline_only_context,validation_unseen,10.0,0.9990425632947039,0.0009574367052961382
DEAP:S02:T14,DEAP:S02,T14,1,8.94,2,1,1,2,exposed,baseline_only_context,validation_unseen,10.0,0.9879044667844475,0.012095533215552456
DEAP:S02:T15,DEAP:S02,T15,1,9.0,2,1,1,2,exposed,baseline_only_context,validation_unseen,10.0,0.9999493873052367,5.0612694763223416e-05
DEAP:S02:T16,DEAP:S02,T16,1,6.0,2,1,1,2,exposed,baseline_only_context,validation_unseen,10.0,0.9966371856240435,0.003362814375956591
DEAP:S02:T20,DEAP:S02,T20,1,8.97,2,1,1,2,exposed,baseline_only_context,validation_unseen,10.0,0.9999846672364734,1.533276352660254e-05
DEAP:S02:T21,DEAP:S02,T21,0,1.0,2,1,1,2,exposed,baseline_only_context,validation_unseen,10.0,0.9954191017115578,0.0045808982884422604
DEAP:S02:T27,DEAP:S02,T27,0,4.96,2,1,1,2,exposed,baseline_only_context,validation_unseen,10.0,0.9858529117035024,0.014147088296497618
DEAP:S02:T38,DEAP:S02,T38,0,1.0,2,1,1,2,exposed,baseline_only_context,validation_unseen,10.0,0.946994992190544,0.05300500780945605
DEAP:S03:T13,DEAP:S03,T13,1,7.91,2,1,1,2,exposed,baseline_only_context,validation_unseen,10.0,0.00017680126260477547,0.9998231987373952
DEAP:S03:T14,DEAP:S03,T14,1,7.29,2,1,1,2,exposed,baseline_only_context,validation_unseen,10.0,0.0032059541856874763,0.9967940458143125
DEAP:S03:T15,DEAP:S03,T15,1,7.36,2,1,1,2,exposed,baseline_only_context,validation_unseen,10.0,0.0007708581367605882,0.9992291418632394
DEAP:S03:T16,DEAP:S03,T16,1,7.15,2,1,1,2,exposed,baseline_only_context,validation_unseen,10.0,0.008726488927323972,0.991273511072676
DEAP:S03:T20,DEAP:S03,T20,1,6.26,2,1,1,2,exposed,baseline_only_context,validation_unseen,10.0,4.2360123225670954e-05,0.9999576398767743
DEAP:S03:T21,DEAP:S03,T21,0,4.99,2,1,1,2,exposed,baseline_only_context,validation_unseen,10.0,0.024805453783675047,0.975194546216325
DEAP:S03:T27,DEAP:S03,T27,1,6.72,2,1,1,2,exposed,baseline_only_context,validation_unseen,10.0,0.06005713509191801,0.939942864908082
DEAP:S03:T38,DEAP:S03,T38,0,4.53,2,1,1,2,exposed,baseline_only_context,validation_unseen,10.0,0.0001429885818148291,0.9998570114181852
DEAP:S15:T13,DEAP:S15,T13,1,7.06,2,1,1,2,exposed,baseline_only_context,validation_unseen,10.0,0.00515044480926119,0.9948495551907388
DEAP:S15:T14,DEAP:S15,T14,1,8.15,2,1,1,2,exposed,baseline_only_context,validation_unseen,10.0,0.00010694342127959278,0.9998930565787204
DEAP:S15:T15,DEAP:S15,T15,1,8.12,2,1,1,2,exposed,baseline_only_context,validation_unseen,10.0,0.002656649804118283,0.9973433501958817
DEAP:S15:T16,DEAP:S15,T16,0,4.17,2,1,1,2,exposed,baseline_only_context,validation_unseen,10.0,1.1490827510618473e-06,0.9999988509172489
DEAP:S15:T20,DEAP:S15,T20,1,7.97,2,1,1,2,exposed,baseline_only_context,validation_unseen,10.0,0.0001084755605177401,0.9998915244394823
DEAP:S15:T21,DEAP:S15,T21,0,3.09,2,1,1,2,exposed,baseline_only_context,validation_unseen,10.0,0.00021385872511348047,0.9997861412748865
DEAP:S15:T27,DEAP:S15,T27,1,6.0,2,1,1,2,exposed,baseline_only_context,validation_unseen,10.0,0.901037961564673,0.09896203843532703
DEAP:S15:T38,DEAP:S15,T38,0,2.08,2,1,1,2,exposed,baseline_only_context,validation_unseen,10.0,6.402072123545821e-06,0.9999935979278765
DEAP:S20:T13,DEAP:S20,T13,1,7.91,2,1,1,2,exposed,baseline_only_context,validation_unseen,10.0,0.9402968691054989,0.05970313089450105
DEAP:S20:T14,DEAP:S20,T14,1,6.4,2,1,1,2,exposed,baseline_only_context,validation_unseen,10.0,0.8853180995279791,0.11468190047202084
DEAP:S20:T15,DEAP:S20,T15,1,6.35,2,1,1,2,exposed,baseline_only_context,validation_unseen,10.0,0.11367069894176829,0.8863293010582317
DEAP:S20:T16,DEAP:S20,T16,1,5.03,2,1,1,2,exposed,baseline_only_context,validation_unseen,10.0,0.8499166472768899,0.1500833527231101
DEAP:S20:T20,DEAP:S20,T20,1,6.65,2,1,1,2,exposed,baseline_only_context,validation_unseen,10.0,0.9866120689767572,0.013387931023242785
DEAP:S20:T21,DEAP:S20,T21,0,4.97,2,1,1,2,exposed,baseline_only_context,validation_unseen,10.0,0.5271091975490765,0.4728908024509236
DEAP:S20:T27,DEAP:S20,T27,1,5.03,2,1,1,2,exposed,baseline_only_context,validation_unseen,10.0,0.23986498793117184,0.7601350120688282
DEAP:S20:T38,DEAP:S20,T38,0,3.38,2,1,1,2,exposed,baseline_only_context,validation_unseen,10.0,0.3573850526327943,0.6426149473672057
DEAP:S02:T01,DEAP:S02,T01,1,9.0,2,1,1,2,exposed,baseline_only_context,validation_familiar,10.0,0.015810547138473074,0.9841894528615269
DEAP:S02:T03,DEAP:S02,T03,1,9.0,2,1,1,2,exposed,baseline_only_context,validation_familiar,10.0,0.697176902403768,0.3028230975962321
DEAP:S02:T05,DEAP:S02,T05,1,5.04,2,1,1,2,exposed,baseline_only_context,validation_familiar,10.0,0.6707756244295878,0.3292243755704122
DEAP:S02:T07,DEAP:S02,T07,0,4.96,2,1,1,2,exposed,baseline_only_context,validation_familiar,10.0,0.9951763212667021,0.004823678733297915
DEAP:S02:T09,DEAP:S02,T09,1,9.0,2,1,1,2,exposed,baseline_only_context,validation_familiar,10.0,0.9431046620273406,0.05689533797265944
DEAP:S02:T10,DEAP:S02,T10,0,4.99,2,1,1,2,exposed,baseline_only_context,validation_familiar,10.0,0.9997635214531356,0.00023647854686432762
DEAP:S02:T12,DEAP:S02,T12,1,8.01,2,1,1,2,exposed,baseline_only_context,validation_familiar,10.0,0.9917710654947716,0.008228934505228443
DEAP:S02:T17,DEAP:S02,T17,1,9.0,2,1,1,2,exposed,baseline_only_context,validation_familiar,10.0,0.9936161868116432,0.006383813188356801
DEAP:S02:T24,DEAP:S02,T24,1,7.08,2,1,1,2,exposed,baseline_only_context,validation_familiar,10.0,0.9999627843799063,3.721562009374149e-05
DEAP:S02:T31,DEAP:S02,T31,0,4.06,2,1,1,2,exposed,baseline_only_context,validation_familiar,10.0,0.9922797973586971,0.007720202641302886
DEAP:S02:T34,DEAP:S02,T34,0,4.87,2,1,1,2,exposed,baseline_only_context,validation_familiar,10.0,0.9999997710559547,2.2894404523966752e-07
DEAP:S02:T35,DEAP:S02,T35,0,1.99,2,1,1,2,exposed,baseline_only_context,validation_familiar,10.0,0.9994626977164188,0.0005373022835811797
DEAP:S02:T36,DEAP:S02,T36,1,5.04,2,1,1,2,exposed,baseline_only_context,validation_familiar,10.0,0.9996705918026458,0.00032940819735415
DEAP:S02:T37,DEAP:S02,T37,0,1.0,2,1,1,2,exposed,baseline_only_context,validation_familiar,10.0,0.999919201766135,8.079823386502528e-05
DEAP:S02:T40,DEAP:S02,T40,1,6.05,2,1,1,2,exposed,baseline_only_context,validation_familiar,10.0,0.9968725229398975,0.0031274770601025085
DEAP:S03:T01,DEAP:S03,T01,1,5.33,2,1,1,2,exposed,baseline_only_context,validation_familiar,10.0,2.713351161309774e-06,0.9999972866488387
DEAP:S03:T03,DEAP:S03,T03,1,7.55,2,1,1,2,exposed,baseline_only_context,validation_familiar,10.0,1.0380295194845068e-05,0.9999896197048052
DEAP:S03:T05,DEAP:S03,T05,1,6.92,2,1,1,2,exposed,baseline_only_context,validation_familiar,10.0,0.010234462190585325,0.9897655378094147
DEAP:S03:T06,DEAP:S03,T06,1,6.79,2,1,1,2,exposed,baseline_only_context,validation_familiar,10.0,0.00016622459278925472,0.9998337754072107
DEAP:S03:T07,DEAP:S03,T07,1,5.45,2,1,1,2,exposed,baseline_only_context,validation_familiar,10.0,0.01103526934096688,0.9889647306590331
DEAP:S03:T09,DEAP:S03,T09,1,7.33,2,1,1,2,exposed,baseline_only_context,validation_familiar,10.0,6.296080096312995e-05,0.9999370391990369
DEAP:S03:T10,DEAP:S03,T10,0,4.45,2,1,1,2,exposed,baseline_only_context,validation_familiar,10.0,0.000413089636057129,0.9995869103639429
DEAP:S03:T12,DEAP:S03,T12,1,6.36,2,1,1,2,exposed,baseline_only_context,validation_familiar,10.0,0.007666210379613125,0.9923337896203869
DEAP:S03:T17,DEAP:S03,T17,0,4.56,2,1,1,2,exposed,baseline_only_context,validation_familiar,10.0,0.022773169941906035,0.977226830058094
DEAP:S03:T24,DEAP:S03,T24,0,3.31,2,1,1,2,exposed,baseline_only_context,validation_familiar,10.0,0.5666138269692331,0.4333861730307668
DEAP:S03:T31,DEAP:S03,T31,0,4.44,2,1,1,2,exposed,baseline_only_context,validation_familiar,10.0,0.05146343344409032,0.9485365665559097
DEAP:S03:T34,DEAP:S03,T34,0,4.72,2,1,1,2,exposed,baseline_only_context,validation_familiar,10.0,0.0696906527363218,0.9303093472636782
DEAP:S03:T35,DEAP:S03,T35,0,3.18,2,1,1,2,exposed,baseline_only_context,validation_familiar,10.0,0.014636487797411113,0.9853635122025889
DEAP:S03:T36,DEAP:S03,T36,1,5.01,2,1,1,2,exposed,baseline_only_context,validation_familiar,10.0,0.0037326357115667896,0.9962673642884332
DEAP:S03:T37,DEAP:S03,T37,0,4.92,2,1,1,2,exposed,baseline_only_context,validation_familiar,10.0,0.01265965847494932,0.9873403415250507
DEAP:S03:T40,DEAP:S03,T40,1,5.38,2,1,1,2,exposed,baseline_only_context,validation_familiar,10.0,0.0025199257568985223,0.9974800742431015
DEAP:S15:T01,DEAP:S15,T01,1,8.9,2,1,1,2,exposed,baseline_only_context,validation_familiar,10.0,4.260442913117668e-05,0.9999573955708688
DEAP:S15:T03,DEAP:S15,T03,1,8.04,2,1,1,2,exposed,baseline_only_context,validation_familiar,10.0,3.0937575626888147e-06,0.9999969062424373
DEAP:S15:T05,DEAP:S15,T05,1,9.0,2,1,1,2,exposed,baseline_only_context,validation_familiar,10.0,8.764768195002048e-05,0.99991235231805
DEAP:S15:T06,DEAP:S15,T06,1,9.0,2,1,1,2,exposed,baseline_only_context,validation_familiar,10.0,1.152107044377626e-05,0.9999884789295562
DEAP:S15:T07,DEAP:S15,T07,1,5.04,2,1,1,2,exposed,baseline_only_context,validation_familiar,10.0,0.05976474501609319,0.9402352549839068
DEAP:S15:T09,DEAP:S15,T09,1,9.0,2,1,1,2,exposed,baseline_only_context,validation_familiar,10.0,0.0006424823634008092,0.9993575176365992
DEAP:S15:T10,DEAP:S15,T10,0,4.99,2,1,1,2,exposed,baseline_only_context,validation_familiar,10.0,0.020626416559576533,0.9793735834404235
DEAP:S15:T12,DEAP:S15,T12,1,7.08,2,1,1,2,exposed,baseline_only_context,validation_familiar,10.0,0.0004973467234826723,0.9995026532765173
DEAP:S15:T17,DEAP:S15,T17,1,8.1,2,1,1,2,exposed,baseline_only_context,validation_familiar,10.0,1.2287289392731715e-05,0.9999877127106073
DEAP:S15:T24,DEAP:S15,T24,0,1.92,2,1,1,2,exposed,baseline_only_context,validation_familiar,10.0,0.6732672685425962,0.3267327314574037
DEAP:S15:T31,DEAP:S15,T31,0,2.99,2,1,1,2,exposed,baseline_only_context,validation_familiar,10.0,0.013598459699479037,0.986401540300521
DEAP:S15:T34,DEAP:S15,T34,0,3.01,2,1,1,2,exposed,baseline_only_context,validation_familiar,10.0,3.359372243494363e-06,0.9999966406277565
DEAP:S15:T35,DEAP:S15,T35,1,5.05,2,1,1,2,exposed,baseline_only_context,validation_familiar,10.0,4.82787806246332e-05,0.9999517212193754
DEAP:S15:T36,DEAP:S15,T36,0,3.96,2,1,1,2,exposed,baseline_only_context,validation_familiar,10.0,0.016938533764705,0.983061466235295
DEAP:S15:T37,DEAP:S15,T37,0,3.04,2,1,1,2,exposed,baseline_only_context,validation_familiar,10.0,0.6925705241129818,0.30742947588701813
DEAP:S15:T40,DEAP:S15,T40,0,4.01,2,1,1,2,exposed,baseline_only_context,validation_familiar,10.0,8.70261147567497e-06,0.9999912973885243
DEAP:S20:T01,DEAP:S20,T01,1,5.76,2,1,1,2,exposed,baseline_only_context,validation_familiar,10.0,0.007082583031864487,0.9929174169681355
DEAP:S20:T03,DEAP:S20,T03,1,7.18,2,1,1,2,exposed,baseline_only_context,validation_familiar,10.0,0.09225900159149791,0.9077409984085021
DEAP:S20:T05,DEAP:S20,T05,1,8.82,2,1,1,2,exposed,baseline_only_context,validation_familiar,10.0,0.2340803540451616,0.7659196459548384
DEAP:S20:T06,DEAP:S20,T06,1,7.62,2,1,1,2,exposed,baseline_only_context,validation_familiar,10.0,0.3795043167905361,0.6204956832094639
DEAP:S20:T07,DEAP:S20,T07,1,5.27,2,1,1,2,exposed,baseline_only_context,validation_familiar,10.0,0.970769807976004,0.029230192023996
DEAP:S20:T09,DEAP:S20,T09,1,8.22,2,1,1,2,exposed,baseline_only_context,validation_familiar,10.0,0.9647727483627928,0.0352272516372072
DEAP:S20:T10,DEAP:S20,T10,1,5.13,2,1,1,2,exposed,baseline_only_context,validation_familiar,10.0,0.4109307577212308,0.5890692422787692
DEAP:S20:T12,DEAP:S20,T12,1,7.64,2,1,1,2,exposed,baseline_only_context,validation_familiar,10.0,0.5093078567109934,0.49069214328900657
DEAP:S20:T17,DEAP:S20,T17,1,5.04,2,1,1,2,exposed,baseline_only_context,validation_familiar,10.0,0.5891880399149304,0.4108119600850696
DEAP:S20:T24,DEAP:S20,T24,0,3.0,2,1,1,2,exposed,baseline_only_context,validation_familiar,10.0,0.999974450265669,2.5549734331035763e-05
DEAP:S20:T31,DEAP:S20,T31,0,4.46,2,1,1,2,exposed,baseline_only_context,validation_familiar,10.0,0.9990767853211556,0.0009232146788443569
DEAP:S20:T34,DEAP:S20,T34,0,4.74,2,1,1,2,exposed,baseline_only_context,validation_familiar,10.0,0.9997491711965742,0.0002508288034257729
DEAP:S20:T35,DEAP:S20,T35,0,4.35,2,1,1,2,exposed,baseline_only_context,validation_familiar,10.0,0.9941818876054144,0.0058181123945855754
DEAP:S20:T36,DEAP:S20,T36,0,4.29,2,1,1,2,exposed,baseline_only_context,validation_familiar,10.0,0.913100781292193,0.08689921870780704
DEAP:S20:T37,DEAP:S20,T37,0,3.01,2,1,1,2,exposed,baseline_only_context,validation_familiar,10.0,0.9986466311937824,0.001353368806217571
DEAP:S20:T40,DEAP:S20,T40,0,4.94,2,1,1,2,exposed,baseline_only_context,validation_familiar,10.0,0.6013071360279061,0.39869286397209397
