trial_id,subject_id,material_key,label,original_label,group,source_session,material_rotation,fold,arm,model,role,C,p0,p1
DEAP:S01:T02,DEAP:S01,T02,1,8.1,1,1,3,4,unexposed,stimulus_relative_context,train,0.01,0.3663224219237029,0.6336775780762971
DEAP:S01:T03,DEAP:S01,T03,1,8.58,1,1,3,4,unexposed,stimulus_relative_context,train,0.01,0.3041797151542811,0.6958202848457189
DEAP:S01:T06,DEAP:S01,T06,1,8.27,1,1,3,4,unexposed,stimulus_relative_context,train,0.01,0.3380151571180595,0.6619848428819405
DEAP:S01:T10,DEAP:S01,T10,0,1.99,1,1,3,4,unexposed,stimulus_relative_context,train,0.01,0.5277655408126338,0.47223445918736623
DEAP:S01:T11,DEAP:S01,T11,0,2.99,1,1,3,4,unexposed,stimulus_relative_context,train,0.01,0.2534147092383674,0.7465852907616326
DEAP:S01:T14,DEAP:S01,T14,0,4.18,1,1,3,4,unexposed,stimulus_relative_context,train,0.01,0.30645423895633805,0.693545761043662
DEAP:S01:T16,DEAP:S01,T16,1,6.81,1,1,3,4,unexposed,stimulus_relative_context,train,0.01,0.520047987810355,0.47995201218964495
DEAP:S01:T17,DEAP:S01,T17,0,2.46,1,1,3,4,unexposed,stimulus_relative_context,train,0.01,0.44171847152047794,0.5582815284795221
DEAP:S01:T20,DEAP:S01,T20,1,8.26,1,1,3,4,unexposed,stimulus_relative_context,train,0.01,0.34853309914111574,0.6514669008588843
DEAP:S01:T21,DEAP:S01,T21,1,9.0,1,1,3,4,unexposed,stimulus_relative_context,train,0.01,0.7187431743239148,0.2812568256760853
DEAP:S01:T31,DEAP:S01,T31,0,3.03,1,1,3,4,unexposed,stimulus_relative_context,train,0.01,0.67258054114202,0.32741945885797996
DEAP:S01:T34,DEAP:S01,T34,0,2.28,1,1,3,4,unexposed,stimulus_relative_context,train,0.01,0.7314814840144473,0.26851851598555265
DEAP:S01:T37,DEAP:S01,T37,0,2.31,1,1,3,4,unexposed,stimulus_relative_context,train,0.01,0.7430132984704169,0.25698670152958314
DEAP:S01:T38,DEAP:S01,T38,0,3.33,1,1,3,4,unexposed,stimulus_relative_context,train,0.01,0.7248812539426746,0.2751187460573254
DEAP:S01:T39,DEAP:S01,T39,0,3.24,1,1,3,4,unexposed,stimulus_relative_context,train,0.01,0.6226999088634406,0.37730009113655943
DEAP:S02:T02,DEAP:S02,T02,1,8.01,1,1,3,4,unexposed,stimulus_relative_context,train,0.01,0.31895637923946174,0.6810436207605383
DEAP:S02:T03,DEAP:S02,T03,1,9.0,1,1,3,4,unexposed,stimulus_relative_context,train,0.01,0.29973938552341006,0.7002606144765899
DEAP:S02:T10,DEAP:S02,T10,0,4.99,1,1,3,4,unexposed,stimulus_relative_context,train,0.01,0.48292075534277334,0.5170792446572267
DEAP:S02:T11,DEAP:S02,T11,1,7.08,1,1,3,4,unexposed,stimulus_relative_context,train,0.01,0.24302329340452944,0.7569767065954706
DEAP:S02:T14,DEAP:S02,T14,1,8.94,1,1,3,4,unexposed,stimulus_relative_context,train,0.01,0.2928518518741008,0.7071481481258992
DEAP:S02:T17,DEAP:S02,T17,1,9.0,1,1,3,4,unexposed,stimulus_relative_context,train,0.01,0.49095030536677886,0.5090496946332211
DEAP:S02:T20,DEAP:S02,T20,1,8.97,1,1,3,4,unexposed,stimulus_relative_context,train,0.01,0.3787464184963091,0.6212535815036909
DEAP:S02:T21,DEAP:S02,T21,0,1.0,1,1,3,4,unexposed,stimulus_relative_context,train,0.01,0.6502763718311495,0.34972362816885044
DEAP:S02:T31,DEAP:S02,T31,0,4.06,1,1,3,4,unexposed,stimulus_relative_context,train,0.01,0.6799527716245461,0.3200472283754539
DEAP:S02:T34,DEAP:S02,T34,0,4.87,1,1,3,4,unexposed,stimulus_relative_context,train,0.01,0.6831783063480182,0.31682169365198176
DEAP:S02:T37,DEAP:S02,T37,0,1.0,1,1,3,4,unexposed,stimulus_relative_context,train,0.01,0.7221853691280702,0.27781463087192976
DEAP:S02:T38,DEAP:S02,T38,0,1.0,1,1,3,4,unexposed,stimulus_relative_context,train,0.01,0.7599159729827015,0.24008402701729845
DEAP:S02:T39,DEAP:S02,T39,0,1.0,1,1,3,4,unexposed,stimulus_relative_context,train,0.01,0.5971928529663435,0.40280714703365655
DEAP:S02:T40,DEAP:S02,T40,1,6.05,1,1,3,4,unexposed,stimulus_relative_context,train,0.01,0.5601159586318833,0.4398840413681167
DEAP:S03:T02,DEAP:S03,T02,1,7.21,1,1,3,4,unexposed,stimulus_relative_context,train,0.01,0.35587381870334756,0.6441261812966524
DEAP:S03:T03,DEAP:S03,T03,1,7.55,1,1,3,4,unexposed,stimulus_relative_context,train,0.01,0.31257905754531523,0.6874209424546848
DEAP:S03:T06,DEAP:S03,T06,1,6.79,1,1,3,4,unexposed,stimulus_relative_context,train,0.01,0.37065413938081304,0.629345860619187
DEAP:S03:T10,DEAP:S03,T10,0,4.45,1,1,3,4,unexposed,stimulus_relative_context,train,0.01,0.48583584551475023,0.5141641544852498
DEAP:S03:T11,DEAP:S03,T11,1,7.94,1,1,3,4,unexposed,stimulus_relative_context,train,0.01,0.27181335657313466,0.7281866434268653
DEAP:S03:T14,DEAP:S03,T14,1,7.29,1,1,3,4,unexposed,stimulus_relative_context,train,0.01,0.29662534320336786,0.7033746567966321
DEAP:S03:T16,DEAP:S03,T16,1,7.15,1,1,3,4,unexposed,stimulus_relative_context,train,0.01,0.4997779185833746,0.5002220814166254
DEAP:S03:T17,DEAP:S03,T17,0,4.56,1,1,3,4,unexposed,stimulus_relative_context,train,0.01,0.42356816068881775,0.5764318393111822
DEAP:S03:T20,DEAP:S03,T20,1,6.26,1,1,3,4,unexposed,stimulus_relative_context,train,0.01,0.33500662769792877,0.6649933723020712
DEAP:S03:T21,DEAP:S03,T21,0,4.99,1,1,3,4,unexposed,stimulus_relative_context,train,0.01,0.6871272093560741,0.31287279064392587
DEAP:S03:T31,DEAP:S03,T31,0,4.44,1,1,3,4,unexposed,stimulus_relative_context,train,0.01,0.666458136065734,0.333541863934266
DEAP:S03:T34,DEAP:S03,T34,0,4.72,1,1,3,4,unexposed,stimulus_relative_context,train,0.01,0.7325228308914651,0.26747716910853486
DEAP:S03:T37,DEAP:S03,T37,0,4.92,1,1,3,4,unexposed,stimulus_relative_context,train,0.01,0.7193802759382317,0.2806197240617683
DEAP:S03:T39,DEAP:S03,T39,0,4.33,1,1,3,4,unexposed,stimulus_relative_context,train,0.01,0.6040850883294338,0.3959149116705662
DEAP:S03:T40,DEAP:S03,T40,1,5.38,1,1,3,4,unexposed,stimulus_relative_context,train,0.01,0.5627883712201589,0.43721162877984115
DEAP:S04:T02,DEAP:S04,T02,0,4.06,1,1,3,4,unexposed,stimulus_relative_context,train,0.01,0.3275647467067737,0.6724352532932263
DEAP:S04:T03,DEAP:S04,T03,1,8.95,1,1,3,4,unexposed,stimulus_relative_context,train,0.01,0.2609768320662905,0.7390231679337095
DEAP:S04:T06,DEAP:S04,T06,1,5.01,1,1,3,4,unexposed,stimulus_relative_context,train,0.01,0.35797373629490215,0.6420262637050979
DEAP:S04:T10,DEAP:S04,T10,0,3.15,1,1,3,4,unexposed,stimulus_relative_context,train,0.01,0.5405728825246487,0.4594271174753512
DEAP:S04:T11,DEAP:S04,T11,1,7.24,1,1,3,4,unexposed,stimulus_relative_context,train,0.01,0.3099302508855287,0.6900697491144713
DEAP:S04:T14,DEAP:S04,T14,1,6.96,1,1,3,4,unexposed,stimulus_relative_context,train,0.01,0.3450261914989119,0.6549738085010881
DEAP:S04:T16,DEAP:S04,T16,0,2.51,1,1,3,4,unexposed,stimulus_relative_context,train,0.01,0.5233766472132959,0.47662335278670404
DEAP:S04:T17,DEAP:S04,T17,1,7.01,1,1,3,4,unexposed,stimulus_relative_context,train,0.01,0.4852587221797954,0.5147412778202046
DEAP:S04:T20,DEAP:S04,T20,1,8.17,1,1,3,4,unexposed,stimulus_relative_context,train,0.01,0.3267417482836049,0.6732582517163951
DEAP:S04:T21,DEAP:S04,T21,0,1.77,1,1,3,4,unexposed,stimulus_relative_context,train,0.01,0.7821687580799603,0.2178312419200396
DEAP:S04:T31,DEAP:S04,T31,0,2.01,1,1,3,4,unexposed,stimulus_relative_context,train,0.01,0.7116404161799372,0.2883595838200627
DEAP:S04:T34,DEAP:S04,T34,0,2.17,1,1,3,4,unexposed,stimulus_relative_context,train,0.01,0.7417908757645342,0.2582091242354659
DEAP:S04:T37,DEAP:S04,T37,0,1.0,1,1,3,4,unexposed,stimulus_relative_context,train,0.01,0.7055525297021314,0.2944474702978686
DEAP:S04:T38,DEAP:S04,T38,0,1.79,1,1,3,4,unexposed,stimulus_relative_context,train,0.01,0.7329349378585037,0.26706506214149633
DEAP:S04:T39,DEAP:S04,T39,0,1.92,1,1,3,4,unexposed,stimulus_relative_context,train,0.01,0.6412374865904211,0.3587625134095789
DEAP:S04:T40,DEAP:S04,T40,0,1.86,1,1,3,4,unexposed,stimulus_relative_context,train,0.01,0.5863634660251631,0.41363653397483696
DEAP:S05:T03,DEAP:S05,T03,0,4.95,1,1,3,4,unexposed,stimulus_relative_context,train,0.01,0.2456871239554378,0.7543128760445622
DEAP:S05:T10,DEAP:S05,T10,0,3.03,1,1,3,4,unexposed,stimulus_relative_context,train,0.01,0.5043399261047344,0.49566007389526556
DEAP:S05:T11,DEAP:S05,T11,1,9.0,1,1,3,4,unexposed,stimulus_relative_context,train,0.01,0.28818389937983757,0.7118161006201624
DEAP:S05:T14,DEAP:S05,T14,1,7.21,1,1,3,4,unexposed,stimulus_relative_context,train,0.01,0.29853603332840617,0.7014639666715938
DEAP:S05:T16,DEAP:S05,T16,1,5.96,1,1,3,4,unexposed,stimulus_relative_context,train,0.01,0.5110025502910759,0.4889974497089241
DEAP:S05:T17,DEAP:S05,T17,1,6.88,1,1,3,4,unexposed,stimulus_relative_context,train,0.01,0.45502256812127617,0.5449774318787238
DEAP:S05:T20,DEAP:S05,T20,1,7.0,1,1,3,4,unexposed,stimulus_relative_context,train,0.01,0.33863205998875845,0.6613679400112416
DEAP:S05:T21,DEAP:S05,T21,0,4.0,1,1,3,4,unexposed,stimulus_relative_context,train,0.01,0.6991055037684324,0.30089449623156767
DEAP:S05:T31,DEAP:S05,T31,1,6.9,1,1,3,4,unexposed,stimulus_relative_context,train,0.01,0.6759142153871622,0.32408578461283777
DEAP:S05:T37,DEAP:S05,T37,0,1.91,1,1,3,4,unexposed,stimulus_relative_context,train,0.01,0.6857408613542615,0.3142591386457385
DEAP:S05:T38,DEAP:S05,T38,0,1.0,1,1,3,4,unexposed,stimulus_relative_context,train,0.01,0.7316798823031304,0.2683201176968696
DEAP:S05:T39,DEAP:S05,T39,0,1.0,1,1,3,4,unexposed,stimulus_relative_context,train,0.01,0.6158953996527056,0.38410460034729443
DEAP:S05:T40,DEAP:S05,T40,1,7.0,1,1,3,4,unexposed,stimulus_relative_context,train,0.01,0.552167446167223,0.447832553832777
DEAP:S06:T02,DEAP:S06,T02,1,6.83,1,1,3,4,unexposed,stimulus_relative_context,train,0.01,0.2914285278004529,0.7085714721995471
DEAP:S06:T03,DEAP:S06,T03,1,7.69,1,1,3,4,unexposed,stimulus_relative_context,train,0.01,0.22767348654378383,0.7723265134562162
DEAP:S06:T06,DEAP:S06,T06,1,8.05,1,1,3,4,unexposed,stimulus_relative_context,train,0.01,0.26106663634129545,0.7389333636587045
DEAP:S06:T10,DEAP:S06,T10,1,7.37,1,1,3,4,unexposed,stimulus_relative_context,train,0.01,0.4611655597227108,0.5388344402772892
DEAP:S06:T11,DEAP:S06,T11,0,4.99,1,1,3,4,unexposed,stimulus_relative_context,train,0.01,0.19510125253248567,0.8048987474675143
DEAP:S06:T14,DEAP:S06,T14,1,6.32,1,1,3,4,unexposed,stimulus_relative_context,train,0.01,0.17836663961555488,0.8216333603844451
DEAP:S06:T16,DEAP:S06,T16,1,5.06,1,1,3,4,unexposed,stimulus_relative_context,train,0.01,0.4492826249499905,0.5507173750500095
DEAP:S06:T17,DEAP:S06,T17,1,6.72,1,1,3,4,unexposed,stimulus_relative_context,train,0.01,0.3611838515718111,0.6388161484281889
DEAP:S06:T20,DEAP:S06,T20,1,5.01,1,1,3,4,unexposed,stimulus_relative_context,train,0.01,0.33270628490279086,0.6672937150972091
DEAP:S06:T21,DEAP:S06,T21,1,6.28,1,1,3,4,unexposed,stimulus_relative_context,train,0.01,0.6761888167761061,0.32381118322389385
DEAP:S06:T34,DEAP:S06,T34,0,3.31,1,1,3,4,unexposed,stimulus_relative_context,train,0.01,0.6245637477893758,0.37543625221062416
DEAP:S06:T37,DEAP:S06,T37,0,4.83,1,1,3,4,unexposed,stimulus_relative_context,train,0.01,0.6468362026937429,0.3531637973062571
DEAP:S06:T39,DEAP:S06,T39,1,6.56,1,1,3,4,unexposed,stimulus_relative_context,train,0.01,0.5397828905396038,0.46021710946039623
DEAP:S07:T02,DEAP:S07,T02,1,7.15,1,1,3,4,unexposed,stimulus_relative_context,train,0.01,0.27184231269846215,0.7281576873015378
DEAP:S07:T03,DEAP:S07,T03,1,7.1,1,1,3,4,unexposed,stimulus_relative_context,train,0.01,0.22280021455477628,0.7771997854452237
DEAP:S07:T06,DEAP:S07,T06,1,6.97,1,1,3,4,unexposed,stimulus_relative_context,train,0.01,0.2669604440484148,0.7330395559515852
DEAP:S07:T10,DEAP:S07,T10,1,7.09,1,1,3,4,unexposed,stimulus_relative_context,train,0.01,0.4169694054490415,0.5830305945509585
DEAP:S07:T14,DEAP:S07,T14,1,7.09,1,1,3,4,unexposed,stimulus_relative_context,train,0.01,0.18882204236559408,0.8111779576344059
DEAP:S07:T16,DEAP:S07,T16,0,3.03,1,1,3,4,unexposed,stimulus_relative_context,train,0.01,0.46564842217651825,0.5343515778234817
DEAP:S07:T17,DEAP:S07,T17,1,7.12,1,1,3,4,unexposed,stimulus_relative_context,train,0.01,0.35733857500324184,0.6426614249967582
DEAP:S07:T20,DEAP:S07,T20,1,8.06,1,1,3,4,unexposed,stimulus_relative_context,train,0.01,0.2233259261231928,0.7766740738768072
DEAP:S07:T21,DEAP:S07,T21,0,3.12,1,1,3,4,unexposed,stimulus_relative_context,train,0.01,0.5883460810498219,0.4116539189501781
DEAP:S07:T31,DEAP:S07,T31,1,6.96,1,1,3,4,unexposed,stimulus_relative_context,train,0.01,0.5775453492205599,0.4224546507794401
DEAP:S07:T34,DEAP:S07,T34,0,4.01,1,1,3,4,unexposed,stimulus_relative_context,train,0.01,0.6125787749484026,0.38742122505159743
DEAP:S07:T37,DEAP:S07,T37,1,5.05,1,1,3,4,unexposed,stimulus_relative_context,train,0.01,0.6640545807912046,0.3359454192087954
DEAP:S07:T38,DEAP:S07,T38,1,5.03,1,1,3,4,unexposed,stimulus_relative_context,train,0.01,0.6979195151975157,0.30208048480248423
DEAP:S07:T39,DEAP:S07,T39,1,7.01,1,1,3,4,unexposed,stimulus_relative_context,train,0.01,0.5267701430186313,0.47322985698136866
DEAP:S07:T40,DEAP:S07,T40,1,7.01,1,1,3,4,unexposed,stimulus_relative_context,train,0.01,0.4278622545594717,0.5721377454405283
DEAP:S08:T02,DEAP:S08,T02,1,5.04,1,1,3,4,unexposed,stimulus_relative_context,train,0.01,0.29455050111819703,0.705449498881803
DEAP:S08:T03,DEAP:S08,T03,1,8.15,1,1,3,4,unexposed,stimulus_relative_context,train,0.01,0.2464332609571761,0.7535667390428239
DEAP:S08:T06,DEAP:S08,T06,1,7.4,1,1,3,4,unexposed,stimulus_relative_context,train,0.01,0.29460745969020474,0.7053925403097953
DEAP:S08:T10,DEAP:S08,T10,0,4.97,1,1,3,4,unexposed,stimulus_relative_context,train,0.01,0.5128738361881353,0.48712616381186474
DEAP:S08:T11,DEAP:S08,T11,1,8.41,1,1,3,4,unexposed,stimulus_relative_context,train,0.01,0.23936830621456506,0.7606316937854349
DEAP:S08:T14,DEAP:S08,T14,1,6.88,1,1,3,4,unexposed,stimulus_relative_context,train,0.01,0.2632878893439111,0.7367121106560889
DEAP:S08:T16,DEAP:S08,T16,0,4.21,1,1,3,4,unexposed,stimulus_relative_context,train,0.01,0.49054432929655656,0.5094556707034434
DEAP:S08:T17,DEAP:S08,T17,1,6.67,1,1,3,4,unexposed,stimulus_relative_context,train,0.01,0.4034274807902739,0.5965725192097261
DEAP:S08:T20,DEAP:S08,T20,1,6.74,1,1,3,4,unexposed,stimulus_relative_context,train,0.01,0.306221958656961,0.693778041343039
DEAP:S08:T21,DEAP:S08,T21,0,4.68,1,1,3,4,unexposed,stimulus_relative_context,train,0.01,0.6385618568626323,0.36143814313736766
DEAP:S08:T31,DEAP:S08,T31,0,1.45,1,1,3,4,unexposed,stimulus_relative_context,train,0.01,0.6318128631781951,0.36818713682180493
DEAP:S08:T37,DEAP:S08,T37,1,5.06,1,1,3,4,unexposed,stimulus_relative_context,train,0.01,0.7294727759411186,0.27052722405888147
DEAP:S08:T38,DEAP:S08,T38,0,4.72,1,1,3,4,unexposed,stimulus_relative_context,train,0.01,0.6855421034824729,0.31445789651752704
DEAP:S08:T39,DEAP:S08,T39,1,5.05,1,1,3,4,unexposed,stimulus_relative_context,train,0.01,0.5563331458650578,0.4436668541349422
DEAP:S08:T40,DEAP:S08,T40,0,3.13,1,1,3,4,unexposed,stimulus_relative_context,train,0.01,0.5838238884801266,0.41617611151987344
DEAP:S09:T02,DEAP:S09,T02,1,7.08,1,1,3,4,unexposed,stimulus_relative_context,train,0.01,0.36125403149004376,0.6387459685099562
DEAP:S09:T10,DEAP:S09,T10,0,3.94,1,1,3,4,unexposed,stimulus_relative_context,train,0.01,0.4611068541382122,0.5388931458617878
DEAP:S09:T11,DEAP:S09,T11,1,7.12,1,1,3,4,unexposed,stimulus_relative_context,train,0.01,0.2735713875337291,0.7264286124662709
DEAP:S09:T16,DEAP:S09,T16,0,4.05,1,1,3,4,unexposed,stimulus_relative_context,train,0.01,0.4387395243346428,0.5612604756653572
DEAP:S09:T17,DEAP:S09,T17,1,6.03,1,1,3,4,unexposed,stimulus_relative_context,train,0.01,0.3977518157960559,0.6022481842039441
DEAP:S09:T21,DEAP:S09,T21,0,4.04,1,1,3,4,unexposed,stimulus_relative_context,train,0.01,0.7585183857879065,0.24148161421209344
DEAP:S09:T31,DEAP:S09,T31,1,6.06,1,1,3,4,unexposed,stimulus_relative_context,train,0.01,0.6993773228383626,0.30062267716163743
DEAP:S09:T34,DEAP:S09,T34,1,5.06,1,1,3,4,unexposed,stimulus_relative_context,train,0.01,0.682457537714953,0.317542462285047
DEAP:S09:T37,DEAP:S09,T37,0,2.99,1,1,3,4,unexposed,stimulus_relative_context,train,0.01,0.6803661204632397,0.31963387953676026
DEAP:S09:T38,DEAP:S09,T38,0,2.92,1,1,3,4,unexposed,stimulus_relative_context,train,0.01,0.6995588288550225,0.30044117114497754
DEAP:S09:T39,DEAP:S09,T39,0,3.17,1,1,3,4,unexposed,stimulus_relative_context,train,0.01,0.6293733502438962,0.3706266497561038
DEAP:S09:T40,DEAP:S09,T40,1,5.04,1,1,3,4,unexposed,stimulus_relative_context,train,0.01,0.6254868558737142,0.3745131441262858
DEAP:S10:T02,DEAP:S10,T02,0,3.55,1,1,3,4,unexposed,stimulus_relative_context,train,0.01,0.36784148333258204,0.632158516667418
DEAP:S10:T03,DEAP:S10,T03,1,5.86,1,1,3,4,unexposed,stimulus_relative_context,train,0.01,0.29181339531112505,0.708186604688875
DEAP:S10:T06,DEAP:S10,T06,1,7.1,1,1,3,4,unexposed,stimulus_relative_context,train,0.01,0.329786594567392,0.670213405432608
DEAP:S10:T10,DEAP:S10,T10,1,5.94,1,1,3,4,unexposed,stimulus_relative_context,train,0.01,0.5433408313708812,0.4566591686291188
DEAP:S10:T11,DEAP:S10,T11,1,8.99,1,1,3,4,unexposed,stimulus_relative_context,train,0.01,0.3035734615151279,0.6964265384848721
DEAP:S10:T14,DEAP:S10,T14,1,8.81,1,1,3,4,unexposed,stimulus_relative_context,train,0.01,0.30745295671897965,0.6925470432810203
DEAP:S10:T16,DEAP:S10,T16,0,3.85,1,1,3,4,unexposed,stimulus_relative_context,train,0.01,0.5188649884633972,0.48113501153660276
DEAP:S10:T17,DEAP:S10,T17,0,4.95,1,1,3,4,unexposed,stimulus_relative_context,train,0.01,0.4742015356962964,0.5257984643037036
DEAP:S10:T20,DEAP:S10,T20,1,5.58,1,1,3,4,unexposed,stimulus_relative_context,train,0.01,0.3963349462543245,0.6036650537456755
DEAP:S10:T21,DEAP:S10,T21,0,2.97,1,1,3,4,unexposed,stimulus_relative_context,train,0.01,0.7232175558440719,0.2767824441559281
DEAP:S10:T31,DEAP:S10,T31,0,4.15,1,1,3,4,unexposed,stimulus_relative_context,train,0.01,0.6658155389723501,0.3341844610276499
DEAP:S10:T34,DEAP:S10,T34,0,3.91,1,1,3,4,unexposed,stimulus_relative_context,train,0.01,0.720705362708714,0.279294637291286
DEAP:S10:T37,DEAP:S10,T37,0,2.92,1,1,3,4,unexposed,stimulus_relative_context,train,0.01,0.7275058016502229,0.27249419834977706
DEAP:S10:T38,DEAP:S10,T38,0,1.91,1,1,3,4,unexposed,stimulus_relative_context,train,0.01,0.7467411818581264,0.2532588181418736
DEAP:S10:T39,DEAP:S10,T39,0,2.17,1,1,3,4,unexposed,stimulus_relative_context,train,0.01,0.6491511312932284,0.35084886870677157
DEAP:S10:T40,DEAP:S10,T40,1,5.78,1,1,3,4,unexposed,stimulus_relative_context,train,0.01,0.5659792753681656,0.43402072463183444
DEAP:S13:T02,DEAP:S13,T02,0,4.03,1,1,3,4,unexposed,stimulus_relative_context,train,0.01,0.3551723537274526,0.6448276462725474
DEAP:S13:T03,DEAP:S13,T03,1,9.0,1,1,3,4,unexposed,stimulus_relative_context,train,0.01,0.320884243038251,0.679115756961749
DEAP:S13:T10,DEAP:S13,T10,0,4.01,1,1,3,4,unexposed,stimulus_relative_context,train,0.01,0.5700370854684539,0.4299629145315461
DEAP:S13:T11,DEAP:S13,T11,1,7.04,1,1,3,4,unexposed,stimulus_relative_context,train,0.01,0.3264799766098754,0.6735200233901246
DEAP:S13:T14,DEAP:S13,T14,1,7.97,1,1,3,4,unexposed,stimulus_relative_context,train,0.01,0.3195217165119595,0.6804782834880405
DEAP:S13:T17,DEAP:S13,T17,1,5.99,1,1,3,4,unexposed,stimulus_relative_context,train,0.01,0.4912211746375177,0.5087788253624823
DEAP:S13:T20,DEAP:S13,T20,1,7.6,1,1,3,4,unexposed,stimulus_relative_context,train,0.01,0.3739330154661945,0.6260669845338055
DEAP:S13:T21,DEAP:S13,T21,0,2.0,1,1,3,4,unexposed,stimulus_relative_context,train,0.01,0.7496577675148391,0.25034223248516085
DEAP:S13:T31,DEAP:S13,T31,0,1.97,1,1,3,4,unexposed,stimulus_relative_context,train,0.01,0.6916545133593424,0.30834548664065764
DEAP:S13:T34,DEAP:S13,T34,0,2.92,1,1,3,4,unexposed,stimulus_relative_context,train,0.01,0.7428628420160335,0.2571371579839665
DEAP:S13:T37,DEAP:S13,T37,0,1.0,1,1,3,4,unexposed,stimulus_relative_context,train,0.01,0.7409540337642577,0.25904596623574233
DEAP:S13:T38,DEAP:S13,T38,0,1.0,1,1,3,4,unexposed,stimulus_relative_context,train,0.01,0.7978148652500243,0.20218513474997568
DEAP:S13:T39,DEAP:S13,T39,0,1.97,1,1,3,4,unexposed,stimulus_relative_context,train,0.01,0.6119353987079437,0.3880646012920564
DEAP:S13:T40,DEAP:S13,T40,0,4.08,1,1,3,4,unexposed,stimulus_relative_context,train,0.01,0.5799313060934119,0.420068693906588
DEAP:S15:T02,DEAP:S15,T02,1,5.04,1,1,3,4,unexposed,stimulus_relative_context,train,0.01,0.3444942338071538,0.6555057661928462
DEAP:S15:T03,DEAP:S15,T03,1,8.04,1,1,3,4,unexposed,stimulus_relative_context,train,0.01,0.3372004007137207,0.6627995992862793
DEAP:S15:T06,DEAP:S15,T06,1,9.0,1,1,3,4,unexposed,stimulus_relative_context,train,0.01,0.34496336757755275,0.6550366324224473
DEAP:S15:T10,DEAP:S15,T10,0,4.99,1,1,3,4,unexposed,stimulus_relative_context,train,0.01,0.5105531561085608,0.4894468438914392
DEAP:S15:T11,DEAP:S15,T11,1,8.99,1,1,3,4,unexposed,stimulus_relative_context,train,0.01,0.2657854977883254,0.7342145022116746
DEAP:S15:T14,DEAP:S15,T14,1,8.15,1,1,3,4,unexposed,stimulus_relative_context,train,0.01,0.3002012328087419,0.6997987671912581
DEAP:S15:T16,DEAP:S15,T16,0,4.17,1,1,3,4,unexposed,stimulus_relative_context,train,0.01,0.5177661343023181,0.48223386569768184
DEAP:S15:T17,DEAP:S15,T17,1,8.1,1,1,3,4,unexposed,stimulus_relative_context,train,0.01,0.42793236367188103,0.572067636328119
DEAP:S15:T20,DEAP:S15,T20,1,7.97,1,1,3,4,unexposed,stimulus_relative_context,train,0.01,0.34285219960248625,0.6571478003975137
DEAP:S15:T21,DEAP:S15,T21,0,3.09,1,1,3,4,unexposed,stimulus_relative_context,train,0.01,0.7514607282639316,0.2485392717360684
DEAP:S15:T31,DEAP:S15,T31,0,2.99,1,1,3,4,unexposed,stimulus_relative_context,train,0.01,0.6233245333715937,0.37667546662840634
DEAP:S15:T34,DEAP:S15,T34,0,3.01,1,1,3,4,unexposed,stimulus_relative_context,train,0.01,0.7562023206916194,0.2437976793083806
DEAP:S15:T37,DEAP:S15,T37,0,3.04,1,1,3,4,unexposed,stimulus_relative_context,train,0.01,0.7081859124393572,0.2918140875606428
DEAP:S15:T39,DEAP:S15,T39,0,4.0,1,1,3,4,unexposed,stimulus_relative_context,train,0.01,0.5856097308170205,0.41439026918297944
DEAP:S15:T40,DEAP:S15,T40,0,4.01,1,1,3,4,unexposed,stimulus_relative_context,train,0.01,0.5086926219130105,0.49130737808698954
DEAP:S16:T02,DEAP:S16,T02,1,6.45,1,1,3,4,unexposed,stimulus_relative_context,train,0.01,0.404838067358695,0.595161932641305
DEAP:S16:T03,DEAP:S16,T03,1,6.74,1,1,3,4,unexposed,stimulus_relative_context,train,0.01,0.34468235354446275,0.6553176464555373
DEAP:S16:T06,DEAP:S16,T06,0,4.99,1,1,3,4,unexposed,stimulus_relative_context,train,0.01,0.3908092471040312,0.6091907528959688
DEAP:S16:T10,DEAP:S16,T10,1,5.14,1,1,3,4,unexposed,stimulus_relative_context,train,0.01,0.5708338665249958,0.4291661334750042
DEAP:S16:T11,DEAP:S16,T11,1,7.27,1,1,3,4,unexposed,stimulus_relative_context,train,0.01,0.369576765210346,0.630423234789654
DEAP:S16:T14,DEAP:S16,T14,0,3.64,1,1,3,4,unexposed,stimulus_relative_context,train,0.01,0.3706018404383621,0.6293981595616379
DEAP:S16:T16,DEAP:S16,T16,0,4.97,1,1,3,4,unexposed,stimulus_relative_context,train,0.01,0.5984853322894321,0.40151466771056793
DEAP:S16:T17,DEAP:S16,T17,0,1.21,1,1,3,4,unexposed,stimulus_relative_context,train,0.01,0.515571641925325,0.484428358074675
DEAP:S16:T20,DEAP:S16,T20,0,3.82,1,1,3,4,unexposed,stimulus_relative_context,train,0.01,0.3749419342593777,0.6250580657406223
DEAP:S16:T21,DEAP:S16,T21,0,4.42,1,1,3,4,unexposed,stimulus_relative_context,train,0.01,0.7089736715227009,0.2910263284772991
DEAP:S16:T31,DEAP:S16,T31,0,3.88,1,1,3,4,unexposed,stimulus_relative_context,train,0.01,0.7259683726351727,0.2740316273648274
DEAP:S16:T34,DEAP:S16,T34,0,1.0,1,1,3,4,unexposed,stimulus_relative_context,train,0.01,0.7736469208291097,0.22635307917089031
DEAP:S16:T37,DEAP:S16,T37,1,6.09,1,1,3,4,unexposed,stimulus_relative_context,train,0.01,0.7649843297660456,0.23501567023395445
DEAP:S16:T38,DEAP:S16,T38,0,4.27,1,1,3,4,unexposed,stimulus_relative_context,train,0.01,0.7761651344622126,0.22383486553778742
DEAP:S16:T39,DEAP:S16,T39,1,6.13,1,1,3,4,unexposed,stimulus_relative_context,train,0.01,0.6487906433693549,0.3512093566306451
DEAP:S16:T40,DEAP:S16,T40,0,3.74,1,1,3,4,unexposed,stimulus_relative_context,train,0.01,0.5981211993539279,0.4018788006460721
DEAP:S17:T03,DEAP:S17,T03,1,6.46,1,1,3,4,unexposed,stimulus_relative_context,train,0.01,0.2847447798241336,0.7152552201758664
DEAP:S17:T06,DEAP:S17,T06,1,6.9,1,1,3,4,unexposed,stimulus_relative_context,train,0.01,0.2457584691214315,0.7542415308785685
DEAP:S17:T10,DEAP:S17,T10,1,6.09,1,1,3,4,unexposed,stimulus_relative_context,train,0.01,0.4469644465135659,0.5530355534864341
DEAP:S17:T11,DEAP:S17,T11,1,6.03,1,1,3,4,unexposed,stimulus_relative_context,train,0.01,0.26169034158505844,0.7383096584149416
DEAP:S17:T14,DEAP:S17,T14,1,6.58,1,1,3,4,unexposed,stimulus_relative_context,train,0.01,0.2808461753349559,0.7191538246650441
DEAP:S17:T16,DEAP:S17,T16,1,5.92,1,1,3,4,unexposed,stimulus_relative_context,train,0.01,0.5248502667794981,0.47514973322050186
DEAP:S17:T17,DEAP:S17,T17,0,4.12,1,1,3,4,unexposed,stimulus_relative_context,train,0.01,0.4281416882819563,0.5718583117180437
DEAP:S17:T20,DEAP:S17,T20,1,7.03,1,1,3,4,unexposed,stimulus_relative_context,train,0.01,0.31315417632547904,0.686845823674521
DEAP:S17:T21,DEAP:S17,T21,0,4.0,1,1,3,4,unexposed,stimulus_relative_context,train,0.01,0.7102288786884579,0.2897711213115421
DEAP:S17:T31,DEAP:S17,T31,0,4.54,1,1,3,4,unexposed,stimulus_relative_context,train,0.01,0.651432517570582,0.348567482429418
DEAP:S17:T34,DEAP:S17,T34,0,4.99,1,1,3,4,unexposed,stimulus_relative_context,train,0.01,0.7087928801067571,0.29120711989324294
DEAP:S17:T37,DEAP:S17,T37,0,3.46,1,1,3,4,unexposed,stimulus_relative_context,train,0.01,0.7167700291800969,0.28322997081990303
DEAP:S17:T38,DEAP:S17,T38,0,3.6,1,1,3,4,unexposed,stimulus_relative_context,train,0.01,0.779732300139093,0.22026769986090702
DEAP:S17:T39,DEAP:S17,T39,1,7.1,1,1,3,4,unexposed,stimulus_relative_context,train,0.01,0.5432038943458779,0.45679610565412204
DEAP:S17:T40,DEAP:S17,T40,1,5.04,1,1,3,4,unexposed,stimulus_relative_context,train,0.01,0.4782772036118139,0.5217227963881861
DEAP:S19:T02,DEAP:S19,T02,1,6.46,1,1,3,4,unexposed,stimulus_relative_context,train,0.01,0.29103916183573697,0.708960838164263
DEAP:S19:T03,DEAP:S19,T03,1,6.82,1,1,3,4,unexposed,stimulus_relative_context,train,0.01,0.2514211803501387,0.7485788196498613
DEAP:S19:T06,DEAP:S19,T06,1,7.73,1,1,3,4,unexposed,stimulus_relative_context,train,0.01,0.267998021674166,0.732001978325834
DEAP:S19:T10,DEAP:S19,T10,1,5.01,1,1,3,4,unexposed,stimulus_relative_context,train,0.01,0.5020703719448972,0.49792962805510277
DEAP:S19:T11,DEAP:S19,T11,1,5.83,1,1,3,4,unexposed,stimulus_relative_context,train,0.01,0.2704542725777521,0.7295457274222479
DEAP:S19:T14,DEAP:S19,T14,1,6.76,1,1,3,4,unexposed,stimulus_relative_context,train,0.01,0.24131315532827624,0.7586868446717238
DEAP:S19:T16,DEAP:S19,T16,0,3.24,1,1,3,4,unexposed,stimulus_relative_context,train,0.01,0.4903361165226755,0.5096638834773245
DEAP:S19:T20,DEAP:S19,T20,1,6.13,1,1,3,4,unexposed,stimulus_relative_context,train,0.01,0.33620279156696964,0.6637972084330304
DEAP:S19:T21,DEAP:S19,T21,0,2.19,1,1,3,4,unexposed,stimulus_relative_context,train,0.01,0.6581089913811728,0.34189100861882715
DEAP:S19:T31,DEAP:S19,T31,1,5.03,1,1,3,4,unexposed,stimulus_relative_context,train,0.01,0.6383256078251129,0.36167439217488706
DEAP:S19:T34,DEAP:S19,T34,0,4.17,1,1,3,4,unexposed,stimulus_relative_context,train,0.01,0.6632984825948356,0.33670151740516446
DEAP:S19:T37,DEAP:S19,T37,0,3.15,1,1,3,4,unexposed,stimulus_relative_context,train,0.01,0.6510485198858904,0.34895148011410965
DEAP:S19:T38,DEAP:S19,T38,0,1.62,1,1,3,4,unexposed,stimulus_relative_context,train,0.01,0.7038719648585013,0.29612803514149866
DEAP:S19:T39,DEAP:S19,T39,1,5.04,1,1,3,4,unexposed,stimulus_relative_context,train,0.01,0.5927879954732909,0.40721200452670914
DEAP:S19:T40,DEAP:S19,T40,0,4.24,1,1,3,4,unexposed,stimulus_relative_context,train,0.01,0.48399039020639323,0.5160096097936068
DEAP:S20:T02,DEAP:S20,T02,1,6.77,1,1,3,4,unexposed,stimulus_relative_context,train,0.01,0.2962625328551928,0.7037374671448072
DEAP:S20:T03,DEAP:S20,T03,1,7.18,1,1,3,4,unexposed,stimulus_relative_context,train,0.01,0.218500946432039,0.781499053567961
DEAP:S20:T06,DEAP:S20,T06,1,7.62,1,1,3,4,unexposed,stimulus_relative_context,train,0.01,0.29380094215303576,0.7061990578469642
DEAP:S20:T10,DEAP:S20,T10,1,5.13,1,1,3,4,unexposed,stimulus_relative_context,train,0.01,0.47935032868725413,0.5206496713127459
DEAP:S20:T11,DEAP:S20,T11,1,8.18,1,1,3,4,unexposed,stimulus_relative_context,train,0.01,0.21195998224749157,0.7880400177525084
DEAP:S20:T14,DEAP:S20,T14,1,6.4,1,1,3,4,unexposed,stimulus_relative_context,train,0.01,0.23357969101038978,0.7664203089896102
DEAP:S20:T16,DEAP:S20,T16,1,5.03,1,1,3,4,unexposed,stimulus_relative_context,train,0.01,0.41252885504730774,0.5874711449526923
DEAP:S20:T17,DEAP:S20,T17,1,5.04,1,1,3,4,unexposed,stimulus_relative_context,train,0.01,0.3672306416249008,0.6327693583750992
DEAP:S20:T20,DEAP:S20,T20,1,6.65,1,1,3,4,unexposed,stimulus_relative_context,train,0.01,0.2998401300125292,0.7001598699874708
DEAP:S20:T31,DEAP:S20,T31,0,4.46,1,1,3,4,unexposed,stimulus_relative_context,train,0.01,0.6108391402154467,0.3891608597845533
DEAP:S20:T37,DEAP:S20,T37,0,3.01,1,1,3,4,unexposed,stimulus_relative_context,train,0.01,0.6513673998490346,0.3486326001509655
DEAP:S20:T38,DEAP:S20,T38,0,3.38,1,1,3,4,unexposed,stimulus_relative_context,train,0.01,0.6442028555737869,0.3557971444262132
DEAP:S20:T39,DEAP:S20,T39,0,4.67,1,1,3,4,unexposed,stimulus_relative_context,train,0.01,0.5273886626750885,0.47261133732491145
DEAP:S20:T40,DEAP:S20,T40,0,4.94,1,1,3,4,unexposed,stimulus_relative_context,train,0.01,0.4743611239957203,0.5256388760042797
DEAP:S21:T02,DEAP:S21,T02,1,7.05,1,1,3,4,unexposed,stimulus_relative_context,train,0.01,0.323170231324289,0.676829768675711
DEAP:S21:T03,DEAP:S21,T03,0,4.83,1,1,3,4,unexposed,stimulus_relative_context,train,0.01,0.2186493048385787,0.7813506951614213
DEAP:S21:T10,DEAP:S21,T10,1,7.05,1,1,3,4,unexposed,stimulus_relative_context,train,0.01,0.4777786934213393,0.5222213065786607
DEAP:S21:T11,DEAP:S21,T11,1,7.05,1,1,3,4,unexposed,stimulus_relative_context,train,0.01,0.2284399670259024,0.7715600329740976
DEAP:S21:T14,DEAP:S21,T14,1,8.1,1,1,3,4,unexposed,stimulus_relative_context,train,0.01,0.24083951810376147,0.7591604818962385
DEAP:S21:T16,DEAP:S21,T16,1,5.99,1,1,3,4,unexposed,stimulus_relative_context,train,0.01,0.45788322453554586,0.5421167754644541
DEAP:S21:T17,DEAP:S21,T17,1,5.53,1,1,3,4,unexposed,stimulus_relative_context,train,0.01,0.3650890327229084,0.6349109672770916
DEAP:S21:T20,DEAP:S21,T20,0,2.33,1,1,3,4,unexposed,stimulus_relative_context,train,0.01,0.2676662334203722,0.7323337665796278
DEAP:S21:T21,DEAP:S21,T21,0,4.08,1,1,3,4,unexposed,stimulus_relative_context,train,0.01,0.6419515227623227,0.3580484772376773
DEAP:S21:T31,DEAP:S21,T31,1,5.04,1,1,3,4,unexposed,stimulus_relative_context,train,0.01,0.5915915427574712,0.4084084572425289
DEAP:S21:T34,DEAP:S21,T34,0,4.06,1,1,3,4,unexposed,stimulus_relative_context,train,0.01,0.6658751047481712,0.3341248952518287
DEAP:S21:T37,DEAP:S21,T37,0,3.04,1,1,3,4,unexposed,stimulus_relative_context,train,0.01,0.6608049657399088,0.33919503426009123
DEAP:S21:T38,DEAP:S21,T38,0,3.03,1,1,3,4,unexposed,stimulus_relative_context,train,0.01,0.6923976567333306,0.30760234326666935
DEAP:S21:T39,DEAP:S21,T39,1,6.09,1,1,3,4,unexposed,stimulus_relative_context,train,0.01,0.5533240071789967,0.4466759928210034
DEAP:S21:T40,DEAP:S21,T40,0,3.99,1,1,3,4,unexposed,stimulus_relative_context,train,0.01,0.4958503348513835,0.5041496651486165
DEAP:S22:T02,DEAP:S22,T02,1,7.08,1,1,3,4,unexposed,stimulus_relative_context,train,0.01,0.5129379240582049,0.48706207594179507
DEAP:S22:T03,DEAP:S22,T03,1,7.05,1,1,3,4,unexposed,stimulus_relative_context,train,0.01,0.4348342104305015,0.5651657895694985
DEAP:S22:T06,DEAP:S22,T06,0,4.97,1,1,3,4,unexposed,stimulus_relative_context,train,0.01,0.4801571757885137,0.5198428242114863
DEAP:S22:T10,DEAP:S22,T10,0,4.0,1,1,3,4,unexposed,stimulus_relative_context,train,0.01,0.6879325679799171,0.3120674320200829
DEAP:S22:T11,DEAP:S22,T11,1,8.05,1,1,3,4,unexposed,stimulus_relative_context,train,0.01,0.35529429548171887,0.6447057045182811
DEAP:S22:T16,DEAP:S22,T16,1,6.06,1,1,3,4,unexposed,stimulus_relative_context,train,0.01,0.47346715476506995,0.52653284523493
DEAP:S22:T17,DEAP:S22,T17,1,5.04,1,1,3,4,unexposed,stimulus_relative_context,train,0.01,0.5450316677755567,0.4549683322244433
DEAP:S22:T20,DEAP:S22,T20,1,7.08,1,1,3,4,unexposed,stimulus_relative_context,train,0.01,0.49763896607825375,0.5023610339217462
DEAP:S22:T21,DEAP:S22,T21,0,2.97,1,1,3,4,unexposed,stimulus_relative_context,train,0.01,0.683549668551698,0.316450331448302
DEAP:S22:T31,DEAP:S22,T31,0,2.01,1,1,3,4,unexposed,stimulus_relative_context,train,0.01,0.7856883127335248,0.21431168726647526
DEAP:S22:T34,DEAP:S22,T34,1,5.04,1,1,3,4,unexposed,stimulus_relative_context,train,0.01,0.7608663061921608,0.2391336938078392
DEAP:S22:T37,DEAP:S22,T37,0,1.0,1,1,3,4,unexposed,stimulus_relative_context,train,0.01,0.8114250715104896,0.1885749284895104
DEAP:S22:T38,DEAP:S22,T38,0,1.0,1,1,3,4,unexposed,stimulus_relative_context,train,0.01,0.8545598094183026,0.1454401905816974
DEAP:S22:T39,DEAP:S22,T39,0,1.0,1,1,3,4,unexposed,stimulus_relative_context,train,0.01,0.6298225491835787,0.37017745081642134
DEAP:S22:T40,DEAP:S22,T40,0,2.97,1,1,3,4,unexposed,stimulus_relative_context,train,0.01,0.5954027051340772,0.4045972948659228
DEAP:S23:T02,DEAP:S23,T02,1,9.0,1,1,3,4,unexposed,stimulus_relative_context,train,0.01,0.2736990649995499,0.7263009350004501
DEAP:S23:T03,DEAP:S23,T03,1,7.09,1,1,3,4,unexposed,stimulus_relative_context,train,0.01,0.25206732499640894,0.7479326750035911
DEAP:S23:T06,DEAP:S23,T06,1,5.09,1,1,3,4,unexposed,stimulus_relative_context,train,0.01,0.2458438546304076,0.7541561453695924
DEAP:S23:T10,DEAP:S23,T10,1,5.01,1,1,3,4,unexposed,stimulus_relative_context,train,0.01,0.42259216013819345,0.5774078398618065
DEAP:S23:T11,DEAP:S23,T11,1,7.0,1,1,3,4,unexposed,stimulus_relative_context,train,0.01,0.20022932863481024,0.7997706713651898
DEAP:S23:T14,DEAP:S23,T14,1,8.01,1,1,3,4,unexposed,stimulus_relative_context,train,0.01,0.2176465208595778,0.7823534791404222
DEAP:S23:T16,DEAP:S23,T16,1,5.15,1,1,3,4,unexposed,stimulus_relative_context,train,0.01,0.4724555133537722,0.5275444866462278
DEAP:S23:T17,DEAP:S23,T17,0,2.86,1,1,3,4,unexposed,stimulus_relative_context,train,0.01,0.40230364492920767,0.5976963550707923
DEAP:S23:T20,DEAP:S23,T20,0,3.96,1,1,3,4,unexposed,stimulus_relative_context,train,0.01,0.22864560241154408,0.7713543975884559
DEAP:S23:T21,DEAP:S23,T21,0,1.91,1,1,3,4,unexposed,stimulus_relative_context,train,0.01,0.6727618035638004,0.32723819643619956
DEAP:S23:T31,DEAP:S23,T31,0,4.86,1,1,3,4,unexposed,stimulus_relative_context,train,0.01,0.6072097855388849,0.392790214461115
DEAP:S23:T34,DEAP:S23,T34,1,6.72,1,1,3,4,unexposed,stimulus_relative_context,train,0.01,0.6559184068607392,0.3440815931392608
DEAP:S23:T37,DEAP:S23,T37,0,4.31,1,1,3,4,unexposed,stimulus_relative_context,train,0.01,0.6265909684220516,0.3734090315779483
DEAP:S23:T38,DEAP:S23,T38,0,4.97,1,1,3,4,unexposed,stimulus_relative_context,train,0.01,0.7058922496293957,0.2941077503706043
DEAP:S23:T40,DEAP:S23,T40,0,4.88,1,1,3,4,unexposed,stimulus_relative_context,train,0.01,0.4160086168892021,0.5839913831107979
DEAP:S24:T02,DEAP:S24,T02,1,6.04,1,1,3,4,unexposed,stimulus_relative_context,train,0.01,0.38764370783249036,0.6123562921675096
DEAP:S24:T03,DEAP:S24,T03,1,8.96,1,1,3,4,unexposed,stimulus_relative_context,train,0.01,0.33555085272099383,0.6644491472790062
DEAP:S24:T06,DEAP:S24,T06,1,5.96,1,1,3,4,unexposed,stimulus_relative_context,train,0.01,0.3724779114814296,0.6275220885185704
DEAP:S24:T10,DEAP:S24,T10,1,5.01,1,1,3,4,unexposed,stimulus_relative_context,train,0.01,0.5936799937162507,0.40632000628374937
DEAP:S24:T11,DEAP:S24,T11,1,7.03,1,1,3,4,unexposed,stimulus_relative_context,train,0.01,0.35074725157561126,0.6492527484243887
DEAP:S24:T14,DEAP:S24,T14,1,8.05,1,1,3,4,unexposed,stimulus_relative_context,train,0.01,0.33742756092365733,0.6625724390763427
DEAP:S24:T16,DEAP:S24,T16,0,4.0,1,1,3,4,unexposed,stimulus_relative_context,train,0.01,0.5589741844110597,0.4410258155889403
DEAP:S24:T17,DEAP:S24,T17,0,4.08,1,1,3,4,unexposed,stimulus_relative_context,train,0.01,0.5177725894856036,0.48222741051439644
DEAP:S24:T20,DEAP:S24,T20,0,4.03,1,1,3,4,unexposed,stimulus_relative_context,train,0.01,0.37588855628185847,0.6241114437181415
DEAP:S24:T21,DEAP:S24,T21,0,1.96,1,1,3,4,unexposed,stimulus_relative_context,train,0.01,0.7360253175014654,0.2639746824985346
DEAP:S24:T31,DEAP:S24,T31,0,2.94,1,1,3,4,unexposed,stimulus_relative_context,train,0.01,0.7010892808468605,0.2989107191531395
DEAP:S24:T34,DEAP:S24,T34,0,4.05,1,1,3,4,unexposed,stimulus_relative_context,train,0.01,0.710164006048342,0.28983599395165804
DEAP:S24:T37,DEAP:S24,T37,0,4.0,1,1,3,4,unexposed,stimulus_relative_context,train,0.01,0.760769721724623,0.23923027827537696
DEAP:S24:T38,DEAP:S24,T38,0,2.03,1,1,3,4,unexposed,stimulus_relative_context,train,0.01,0.8070199586602128,0.19298004133978716
DEAP:S24:T39,DEAP:S24,T39,0,2.12,1,1,3,4,unexposed,stimulus_relative_context,train,0.01,0.6491710062209952,0.35082899377900484
DEAP:S26:T02,DEAP:S26,T02,1,6.96,1,1,3,4,unexposed,stimulus_relative_context,train,0.01,0.3080694850384519,0.6919305149615481
DEAP:S26:T03,DEAP:S26,T03,1,9.0,1,1,3,4,unexposed,stimulus_relative_context,train,0.01,0.2707690960785135,0.7292309039214865
DEAP:S26:T06,DEAP:S26,T06,1,8.09,1,1,3,4,unexposed,stimulus_relative_context,train,0.01,0.3018915107681095,0.6981084892318905
DEAP:S26:T10,DEAP:S26,T10,0,3.08,1,1,3,4,unexposed,stimulus_relative_context,train,0.01,0.48527286212644205,0.514727137873558
DEAP:S26:T11,DEAP:S26,T11,1,8.04,1,1,3,4,unexposed,stimulus_relative_context,train,0.01,0.25995351414032253,0.7400464858596775
DEAP:S26:T14,DEAP:S26,T14,1,9.0,1,1,3,4,unexposed,stimulus_relative_context,train,0.01,0.23190029115011979,0.7680997088498802
DEAP:S26:T16,DEAP:S26,T16,1,6.19,1,1,3,4,unexposed,stimulus_relative_context,train,0.01,0.44889423077633184,0.5511057692236682
DEAP:S26:T17,DEAP:S26,T17,1,5.04,1,1,3,4,unexposed,stimulus_relative_context,train,0.01,0.397085801317013,0.602914198682987
DEAP:S26:T20,DEAP:S26,T20,1,8.08,1,1,3,4,unexposed,stimulus_relative_context,train,0.01,0.3108047250898114,0.6891952749101886
DEAP:S26:T21,DEAP:S26,T21,1,6.06,1,1,3,4,unexposed,stimulus_relative_context,train,0.01,0.6228836366824184,0.3771163633175816
DEAP:S26:T31,DEAP:S26,T31,0,1.97,1,1,3,4,unexposed,stimulus_relative_context,train,0.01,0.7118032979684175,0.28819670203158254
DEAP:S26:T37,DEAP:S26,T37,0,1.0,1,1,3,4,unexposed,stimulus_relative_context,train,0.01,0.7105434819845726,0.2894565180154273
DEAP:S26:T38,DEAP:S26,T38,0,1.15,1,1,3,4,unexposed,stimulus_relative_context,train,0.01,0.7189364951574455,0.2810635048425545
DEAP:S26:T39,DEAP:S26,T39,0,1.95,1,1,3,4,unexposed,stimulus_relative_context,train,0.01,0.5259762750139609,0.4740237249860391
DEAP:S26:T40,DEAP:S26,T40,0,3.06,1,1,3,4,unexposed,stimulus_relative_context,train,0.01,0.5408397140168961,0.4591602859831038
DEAP:S30:T02,DEAP:S30,T02,1,7.15,1,1,3,4,unexposed,stimulus_relative_context,train,0.01,0.3198889250685655,0.6801110749314345
DEAP:S30:T03,DEAP:S30,T03,1,6.15,1,1,3,4,unexposed,stimulus_relative_context,train,0.01,0.23134258861794588,0.7686574113820541
DEAP:S30:T06,DEAP:S30,T06,1,6.22,1,1,3,4,unexposed,stimulus_relative_context,train,0.01,0.3071649202222201,0.6928350797777799
DEAP:S30:T10,DEAP:S30,T10,1,5.08,1,1,3,4,unexposed,stimulus_relative_context,train,0.01,0.46737301046894575,0.5326269895310543
DEAP:S30:T11,DEAP:S30,T11,1,6.06,1,1,3,4,unexposed,stimulus_relative_context,train,0.01,0.26282508402766946,0.7371749159723305
DEAP:S30:T14,DEAP:S30,T14,1,5.04,1,1,3,4,unexposed,stimulus_relative_context,train,0.01,0.24418825246327336,0.7558117475367266
DEAP:S30:T16,DEAP:S30,T16,1,5.04,1,1,3,4,unexposed,stimulus_relative_context,train,0.01,0.42981883450410363,0.5701811654958964
DEAP:S30:T17,DEAP:S30,T17,1,7.13,1,1,3,4,unexposed,stimulus_relative_context,train,0.01,0.3489898823479054,0.6510101176520946
DEAP:S30:T20,DEAP:S30,T20,1,7.26,1,1,3,4,unexposed,stimulus_relative_context,train,0.01,0.3064262514484042,0.6935737485515958
DEAP:S30:T31,DEAP:S30,T31,0,3.86,1,1,3,4,unexposed,stimulus_relative_context,train,0.01,0.6191966984049354,0.3808033015950646
DEAP:S30:T34,DEAP:S30,T34,0,4.99,1,1,3,4,unexposed,stimulus_relative_context,train,0.01,0.654419154048093,0.34558084595190697
DEAP:S30:T38,DEAP:S30,T38,1,5.04,1,1,3,4,unexposed,stimulus_relative_context,train,0.01,0.7654086284366248,0.23459137156337512
DEAP:S30:T39,DEAP:S30,T39,0,2.97,1,1,3,4,unexposed,stimulus_relative_context,train,0.01,0.5603377643597425,0.4396622356402576
DEAP:S30:T40,DEAP:S30,T40,1,5.05,1,1,3,4,unexposed,stimulus_relative_context,train,0.01,0.5232551844420268,0.4767448155579732
DEAP:S31:T02,DEAP:S31,T02,1,5.03,1,1,3,4,unexposed,stimulus_relative_context,train,0.01,0.4327242938212845,0.5672757061787155
DEAP:S31:T03,DEAP:S31,T03,1,8.04,1,1,3,4,unexposed,stimulus_relative_context,train,0.01,0.28168867088005844,0.7183113291199416
DEAP:S31:T06,DEAP:S31,T06,0,4.99,1,1,3,4,unexposed,stimulus_relative_context,train,0.01,0.35091386721544116,0.6490861327845588
DEAP:S31:T11,DEAP:S31,T11,1,9.0,1,1,3,4,unexposed,stimulus_relative_context,train,0.01,0.31114748746494525,0.6888525125350548
DEAP:S31:T14,DEAP:S31,T14,1,8.06,1,1,3,4,unexposed,stimulus_relative_context,train,0.01,0.3175416509703758,0.6824583490296242
DEAP:S31:T16,DEAP:S31,T16,1,6.09,1,1,3,4,unexposed,stimulus_relative_context,train,0.01,0.5187099492507314,0.4812900507492686
DEAP:S31:T17,DEAP:S31,T17,0,4.94,1,1,3,4,unexposed,stimulus_relative_context,train,0.01,0.43793263496009727,0.5620673650399027
DEAP:S31:T20,DEAP:S31,T20,1,6.9,1,1,3,4,unexposed,stimulus_relative_context,train,0.01,0.38284879359978474,0.6171512064002153
DEAP:S31:T21,DEAP:S31,T21,1,5.09,1,1,3,4,unexposed,stimulus_relative_context,train,0.01,0.7495102577580112,0.25048974224198883
DEAP:S31:T34,DEAP:S31,T34,0,1.95,1,1,3,4,unexposed,stimulus_relative_context,train,0.01,0.7427119026651446,0.25728809733485536
DEAP:S31:T38,DEAP:S31,T38,0,1.0,1,1,3,4,unexposed,stimulus_relative_context,train,0.01,0.7490060099278641,0.25099399007213585
DEAP:S31:T39,DEAP:S31,T39,0,1.0,1,1,3,4,unexposed,stimulus_relative_context,train,0.01,0.6309848581909114,0.36901514180908856
DEAP:S31:T40,DEAP:S31,T40,0,3.99,1,1,3,4,unexposed,stimulus_relative_context,train,0.01,0.5779465348453021,0.4220534651546978
DEAP:S32:T02,DEAP:S32,T02,0,4.99,1,1,3,4,unexposed,stimulus_relative_context,train,0.01,0.367388305122614,0.632611694877386
DEAP:S32:T03,DEAP:S32,T03,1,8.05,1,1,3,4,unexposed,stimulus_relative_context,train,0.01,0.34456233384187873,0.6554376661581213
DEAP:S32:T06,DEAP:S32,T06,1,5.78,1,1,3,4,unexposed,stimulus_relative_context,train,0.01,0.41116536714427987,0.5888346328557201
DEAP:S32:T10,DEAP:S32,T10,0,4.08,1,1,3,4,unexposed,stimulus_relative_context,train,0.01,0.5647542593721548,0.4352457406278452
DEAP:S32:T11,DEAP:S32,T11,1,8.24,1,1,3,4,unexposed,stimulus_relative_context,train,0.01,0.28772185425296637,0.7122781457470336
DEAP:S32:T14,DEAP:S32,T14,1,7.1,1,1,3,4,unexposed,stimulus_relative_context,train,0.01,0.28333459766275315,0.7166654023372468
DEAP:S32:T16,DEAP:S32,T16,0,3.97,1,1,3,4,unexposed,stimulus_relative_context,train,0.01,0.5300603603426144,0.46993963965738567
DEAP:S32:T17,DEAP:S32,T17,1,6.09,1,1,3,4,unexposed,stimulus_relative_context,train,0.01,0.4938259456951878,0.5061740543048122
DEAP:S32:T20,DEAP:S32,T20,1,6.03,1,1,3,4,unexposed,stimulus_relative_context,train,0.01,0.35771817650554094,0.6422818234944591
DEAP:S32:T21,DEAP:S32,T21,0,4.12,1,1,3,4,unexposed,stimulus_relative_context,train,0.01,0.6805676381974581,0.31943236180254186
DEAP:S32:T31,DEAP:S32,T31,0,4.17,1,1,3,4,unexposed,stimulus_relative_context,train,0.01,0.6962675882953557,0.30373241170464427
DEAP:S32:T34,DEAP:S32,T34,0,4.05,1,1,3,4,unexposed,stimulus_relative_context,train,0.01,0.7311897422301373,0.26881025776986267
DEAP:S32:T37,DEAP:S32,T37,0,2.81,1,1,3,4,unexposed,stimulus_relative_context,train,0.01,0.7517084872144542,0.2482915127855459
DEAP:S32:T38,DEAP:S32,T38,0,3.05,1,1,3,4,unexposed,stimulus_relative_context,train,0.01,0.7974735969255603,0.2025264030744397
DEAP:S32:T40,DEAP:S32,T40,1,7.15,1,1,3,4,unexposed,stimulus_relative_context,train,0.01,0.5584175788653305,0.4415824211346695
DEAP:S18:T01,DEAP:S18,T01,1,6.33,1,1,3,4,unexposed,stimulus_relative_context,validation_unseen,0.01,0.5253976845490931,0.474602315450907
DEAP:S18:T12,DEAP:S18,T12,1,5.55,1,1,3,4,unexposed,stimulus_relative_context,validation_unseen,0.01,0.48668237549484583,0.5133176245051542
DEAP:S18:T23,DEAP:S18,T23,0,3.71,1,1,3,4,unexposed,stimulus_relative_context,validation_unseen,0.01,0.47767130650242673,0.5223286934975733
DEAP:S18:T25,DEAP:S18,T25,0,4.23,1,1,3,4,unexposed,stimulus_relative_context,validation_unseen,0.01,0.4551308058182363,0.5448691941817637
DEAP:S18:T26,DEAP:S18,T26,1,5.44,1,1,3,4,unexposed,stimulus_relative_context,validation_unseen,0.01,0.5003333771668119,0.49966662283318813
DEAP:S18:T33,DEAP:S18,T33,0,4.56,1,1,3,4,unexposed,stimulus_relative_context,validation_unseen,0.01,0.5012730874925333,0.49872691250746676
DEAP:S18:T35,DEAP:S18,T35,1,5.12,1,1,3,4,unexposed,stimulus_relative_context,validation_unseen,0.01,0.4847857914570345,0.5152142085429655
DEAP:S25:T01,DEAP:S25,T01,1,8.06,1,1,3,4,unexposed,stimulus_relative_context,validation_unseen,0.01,0.5609390773121448,0.4390609226878552
DEAP:S25:T08,DEAP:S25,T08,1,8.04,1,1,3,4,unexposed,stimulus_relative_context,validation_unseen,0.01,0.4955435666207031,0.5044564333792969
DEAP:S25:T12,DEAP:S25,T12,1,8.04,1,1,3,4,unexposed,stimulus_relative_context,validation_unseen,0.01,0.5128131957282949,0.4871868042717051
DEAP:S25:T23,DEAP:S25,T23,0,2.01,1,1,3,4,unexposed,stimulus_relative_context,validation_unseen,0.01,0.5378492385291596,0.4621507614708405
DEAP:S25:T25,DEAP:S25,T25,0,4.96,1,1,3,4,unexposed,stimulus_relative_context,validation_unseen,0.01,0.5366959680629639,0.463304031937036
DEAP:S25:T26,DEAP:S25,T26,0,4.99,1,1,3,4,unexposed,stimulus_relative_context,validation_unseen,0.01,0.5370550482116385,0.4629449517883615
DEAP:S25:T33,DEAP:S25,T33,0,1.94,1,1,3,4,unexposed,stimulus_relative_context,validation_unseen,0.01,0.5298455942844688,0.47015440571553124
DEAP:S25:T35,DEAP:S25,T35,0,3.03,1,1,3,4,unexposed,stimulus_relative_context,validation_unseen,0.01,0.5300200852302324,0.4699799147697676
DEAP:S27:T01,DEAP:S27,T01,1,6.03,1,1,3,4,unexposed,stimulus_relative_context,validation_unseen,0.01,0.5653289095060384,0.4346710904939616
DEAP:S27:T08,DEAP:S27,T08,1,8.24,1,1,3,4,unexposed,stimulus_relative_context,validation_unseen,0.01,0.5553936335544845,0.4446063664455155
DEAP:S27:T12,DEAP:S27,T12,0,4.18,1,1,3,4,unexposed,stimulus_relative_context,validation_unseen,0.01,0.5654618154148653,0.4345381845851347
DEAP:S27:T23,DEAP:S27,T23,1,8.0,1,1,3,4,unexposed,stimulus_relative_context,validation_unseen,0.01,0.5558399346768617,0.4441600653231383
DEAP:S27:T25,DEAP:S27,T25,0,4.0,1,1,3,4,unexposed,stimulus_relative_context,validation_unseen,0.01,0.5518818091504891,0.4481181908495109
DEAP:S27:T26,DEAP:S27,T26,1,5.04,1,1,3,4,unexposed,stimulus_relative_context,validation_unseen,0.01,0.5225169844277562,0.4774830155722438
DEAP:S27:T33,DEAP:S27,T33,1,5.04,1,1,3,4,unexposed,stimulus_relative_context,validation_unseen,0.01,0.5498655660973166,0.4501344339026834
DEAP:S27:T35,DEAP:S27,T35,0,1.0,1,1,3,4,unexposed,stimulus_relative_context,validation_unseen,0.01,0.5362108542523754,0.4637891457476247
DEAP:S29:T01,DEAP:S29,T01,1,6.06,1,1,3,4,unexposed,stimulus_relative_context,validation_unseen,0.01,0.6626574638278171,0.33734253617218285
DEAP:S29:T08,DEAP:S29,T08,1,7.04,1,1,3,4,unexposed,stimulus_relative_context,validation_unseen,0.01,0.6602163313001348,0.3397836686998652
DEAP:S29:T12,DEAP:S29,T12,1,6.04,1,1,3,4,unexposed,stimulus_relative_context,validation_unseen,0.01,0.5684855932801405,0.43151440671985947
DEAP:S29:T23,DEAP:S29,T23,0,2.05,1,1,3,4,unexposed,stimulus_relative_context,validation_unseen,0.01,0.6081408560203972,0.39185914397960275
DEAP:S29:T25,DEAP:S29,T25,0,3.03,1,1,3,4,unexposed,stimulus_relative_context,validation_unseen,0.01,0.6144417108052023,0.3855582891947977
DEAP:S29:T26,DEAP:S29,T26,0,3.0,1,1,3,4,unexposed,stimulus_relative_context,validation_unseen,0.01,0.5900547498437922,0.4099452501562078
DEAP:S29:T33,DEAP:S29,T33,0,1.99,1,1,3,4,unexposed,stimulus_relative_context,validation_unseen,0.01,0.6851717840893438,0.31482821591065624
DEAP:S29:T35,DEAP:S29,T35,0,1.92,1,1,3,4,unexposed,stimulus_relative_context,validation_unseen,0.01,0.6040215169331224,0.39597848306687755
DEAP:S18:T02,DEAP:S18,T02,1,6.87,1,1,3,4,unexposed,stimulus_relative_context,validation_familiar,0.01,0.3720512493102468,0.6279487506897532
DEAP:S18:T03,DEAP:S18,T03,1,6.36,1,1,3,4,unexposed,stimulus_relative_context,validation_familiar,0.01,0.29499896229732925,0.7050010377026708
DEAP:S18:T06,DEAP:S18,T06,1,6.51,1,1,3,4,unexposed,stimulus_relative_context,validation_familiar,0.01,0.333729244478281,0.666270755521719
DEAP:S18:T10,DEAP:S18,T10,1,6.09,1,1,3,4,unexposed,stimulus_relative_context,validation_familiar,0.01,0.5419941250456579,0.45800587495434214
DEAP:S18:T11,DEAP:S18,T11,1,6.24,1,1,3,4,unexposed,stimulus_relative_context,validation_familiar,0.01,0.28540907781222435,0.7145909221877756
DEAP:S18:T14,DEAP:S18,T14,1,6.62,1,1,3,4,unexposed,stimulus_relative_context,validation_familiar,0.01,0.2614071879017501,0.7385928120982499
DEAP:S18:T16,DEAP:S18,T16,0,4.38,1,1,3,4,unexposed,stimulus_relative_context,validation_familiar,0.01,0.46526399574260013,0.5347360042573999
DEAP:S18:T17,DEAP:S18,T17,1,7.74,1,1,3,4,unexposed,stimulus_relative_context,validation_familiar,0.01,0.43201472635081506,0.5679852736491849
DEAP:S18:T20,DEAP:S18,T20,1,6.24,1,1,3,4,unexposed,stimulus_relative_context,validation_familiar,0.01,0.3310273256270708,0.6689726743729292
DEAP:S18:T21,DEAP:S18,T21,0,3.92,1,1,3,4,unexposed,stimulus_relative_context,validation_familiar,0.01,0.6906542663262477,0.3093457336737523
DEAP:S18:T31,DEAP:S18,T31,0,4.44,1,1,3,4,unexposed,stimulus_relative_context,validation_familiar,0.01,0.6435477845744494,0.3564522154255506
DEAP:S18:T34,DEAP:S18,T34,0,4.15,1,1,3,4,unexposed,stimulus_relative_context,validation_familiar,0.01,0.6954724990954348,0.30452750090456515
DEAP:S18:T37,DEAP:S18,T37,0,4.0,1,1,3,4,unexposed,stimulus_relative_context,validation_familiar,0.01,0.7150419412914786,0.2849580587085214
DEAP:S18:T38,DEAP:S18,T38,0,4.51,1,1,3,4,unexposed,stimulus_relative_context,validation_familiar,0.01,0.7433758858262292,0.2566241141737709
DEAP:S18:T39,DEAP:S18,T39,0,4.06,1,1,3,4,unexposed,stimulus_relative_context,validation_familiar,0.01,0.6071864738275774,0.3928135261724226
DEAP:S25:T02,DEAP:S25,T02,0,2.99,1,1,3,4,unexposed,stimulus_relative_context,validation_familiar,0.01,0.34719839878481007,0.6528016012151899
DEAP:S25:T03,DEAP:S25,T03,1,7.12,1,1,3,4,unexposed,stimulus_relative_context,validation_familiar,0.01,0.2952646601145572,0.7047353398854428
DEAP:S25:T10,DEAP:S25,T10,0,1.0,1,1,3,4,unexposed,stimulus_relative_context,validation_familiar,0.01,0.5625429593019333,0.43745704069806673
DEAP:S25:T11,DEAP:S25,T11,1,9.0,1,1,3,4,unexposed,stimulus_relative_context,validation_familiar,0.01,0.31889748460888523,0.6811025153911148
DEAP:S25:T14,DEAP:S25,T14,1,8.09,1,1,3,4,unexposed,stimulus_relative_context,validation_familiar,0.01,0.29987068957473684,0.7001293104252632
DEAP:S25:T16,DEAP:S25,T16,1,6.05,1,1,3,4,unexposed,stimulus_relative_context,validation_familiar,0.01,0.651312300279836,0.34868769972016395
DEAP:S25:T17,DEAP:S25,T17,1,5.04,1,1,3,4,unexposed,stimulus_relative_context,validation_familiar,0.01,0.4415968628727527,0.5584031371272473
DEAP:S25:T20,DEAP:S25,T20,1,7.08,1,1,3,4,unexposed,stimulus_relative_context,validation_familiar,0.01,0.3584737032484018,0.6415262967515982
DEAP:S25:T21,DEAP:S25,T21,1,6.03,1,1,3,4,unexposed,stimulus_relative_context,validation_familiar,0.01,0.7483993597181551,0.251600640281845
DEAP:S25:T31,DEAP:S25,T31,0,1.01,1,1,3,4,unexposed,stimulus_relative_context,validation_familiar,0.01,0.6752837225509223,0.3247162774490778
DEAP:S25:T34,DEAP:S25,T34,0,4.95,1,1,3,4,unexposed,stimulus_relative_context,validation_familiar,0.01,0.7651521265670254,0.2348478734329746
DEAP:S25:T37,DEAP:S25,T37,0,1.0,1,1,3,4,unexposed,stimulus_relative_context,validation_familiar,0.01,0.7363439872605182,0.2636560127394818
DEAP:S25:T38,DEAP:S25,T38,0,1.0,1,1,3,4,unexposed,stimulus_relative_context,validation_familiar,0.01,0.7518903981260769,0.2481096018739231
DEAP:S25:T39,DEAP:S25,T39,0,1.0,1,1,3,4,unexposed,stimulus_relative_context,validation_familiar,0.01,0.6490936218792994,0.3509063781207006
DEAP:S25:T40,DEAP:S25,T40,0,1.0,1,1,3,4,unexposed,stimulus_relative_context,validation_familiar,0.01,0.6020215664050784,0.3979784335949216
DEAP:S27:T02,DEAP:S27,T02,1,7.0,1,1,3,4,unexposed,stimulus_relative_context,validation_familiar,0.01,0.37945327725955946,0.6205467227404405
DEAP:S27:T03,DEAP:S27,T03,1,9.0,1,1,3,4,unexposed,stimulus_relative_context,validation_familiar,0.01,0.29841639023838096,0.701583609761619
DEAP:S27:T06,DEAP:S27,T06,1,7.0,1,1,3,4,unexposed,stimulus_relative_context,validation_familiar,0.01,0.38926949569657643,0.6107305043034236
DEAP:S27:T10,DEAP:S27,T10,1,6.01,1,1,3,4,unexposed,stimulus_relative_context,validation_familiar,0.01,0.5840143691660565,0.41598563083394346
DEAP:S27:T11,DEAP:S27,T11,1,9.0,1,1,3,4,unexposed,stimulus_relative_context,validation_familiar,0.01,0.29923566238683197,0.700764337613168
DEAP:S27:T14,DEAP:S27,T14,1,8.06,1,1,3,4,unexposed,stimulus_relative_context,validation_familiar,0.01,0.2897264042597434,0.7102735957402566
DEAP:S27:T16,DEAP:S27,T16,1,8.06,1,1,3,4,unexposed,stimulus_relative_context,validation_familiar,0.01,0.5721653183417383,0.42783468165826166
DEAP:S27:T17,DEAP:S27,T17,1,9.0,1,1,3,4,unexposed,stimulus_relative_context,validation_familiar,0.01,0.49693753358981885,0.5030624664101812
DEAP:S27:T20,DEAP:S27,T20,1,6.97,1,1,3,4,unexposed,stimulus_relative_context,validation_familiar,0.01,0.3721379451164022,0.6278620548835978
DEAP:S27:T21,DEAP:S27,T21,1,9.0,1,1,3,4,unexposed,stimulus_relative_context,validation_familiar,0.01,0.7189960382903708,0.28100396170962916
DEAP:S27:T31,DEAP:S27,T31,1,5.08,1,1,3,4,unexposed,stimulus_relative_context,validation_familiar,0.01,0.6639234027184996,0.3360765972815004
DEAP:S27:T34,DEAP:S27,T34,0,2.85,1,1,3,4,unexposed,stimulus_relative_context,validation_familiar,0.01,0.7384050994034805,0.2615949005965194
DEAP:S27:T37,DEAP:S27,T37,0,2.99,1,1,3,4,unexposed,stimulus_relative_context,validation_familiar,0.01,0.7441113702051246,0.25588862979487537
DEAP:S27:T38,DEAP:S27,T38,0,1.0,1,1,3,4,unexposed,stimulus_relative_context,validation_familiar,0.01,0.7744173088696131,0.2255826911303869
DEAP:S27:T39,DEAP:S27,T39,0,2.14,1,1,3,4,unexposed,stimulus_relative_context,validation_familiar,0.01,0.6410125986874724,0.3589874013125276
DEAP:S27:T40,DEAP:S27,T40,1,5.04,1,1,3,4,unexposed,stimulus_relative_context,validation_familiar,0.01,0.5759565936604972,0.42404340633950277
DEAP:S29:T02,DEAP:S29,T02,1,7.05,1,1,3,4,unexposed,stimulus_relative_context,validation_familiar,0.01,0.3772365359256489,0.6227634640743511
DEAP:S29:T03,DEAP:S29,T03,1,9.0,1,1,3,4,unexposed,stimulus_relative_context,validation_familiar,0.01,0.3011598712764815,0.6988401287235185
DEAP:S29:T06,DEAP:S29,T06,1,8.03,1,1,3,4,unexposed,stimulus_relative_context,validation_familiar,0.01,0.3969642743003534,0.6030357256996466
DEAP:S29:T10,DEAP:S29,T10,1,7.01,1,1,3,4,unexposed,stimulus_relative_context,validation_familiar,0.01,0.6970189603659338,0.30298103963406625
DEAP:S29:T11,DEAP:S29,T11,1,8.03,1,1,3,4,unexposed,stimulus_relative_context,validation_familiar,0.01,0.33910191447244753,0.6608980855275525
DEAP:S29:T14,DEAP:S29,T14,1,8.06,1,1,3,4,unexposed,stimulus_relative_context,validation_familiar,0.01,0.3454299587393329,0.6545700412606671
DEAP:S29:T16,DEAP:S29,T16,0,3.0,1,1,3,4,unexposed,stimulus_relative_context,validation_familiar,0.01,0.6556472971039988,0.3443527028960012
DEAP:S29:T17,DEAP:S29,T17,1,5.08,1,1,3,4,unexposed,stimulus_relative_context,validation_familiar,0.01,0.5658199003401461,0.434180099659854
DEAP:S29:T20,DEAP:S29,T20,1,8.03,1,1,3,4,unexposed,stimulus_relative_context,validation_familiar,0.01,0.5006263120542542,0.49937368794574577
DEAP:S29:T21,DEAP:S29,T21,0,2.92,1,1,3,4,unexposed,stimulus_relative_context,validation_familiar,0.01,0.8160856490299991,0.18391435097000083
DEAP:S29:T31,DEAP:S29,T31,0,1.0,1,1,3,4,unexposed,stimulus_relative_context,validation_familiar,0.01,0.7409797517361996,0.2590202482638004
DEAP:S29:T34,DEAP:S29,T34,0,3.95,1,1,3,4,unexposed,stimulus_relative_context,validation_familiar,0.01,0.8497148338081256,0.15028516619187438
DEAP:S29:T37,DEAP:S29,T37,1,5.01,1,1,3,4,unexposed,stimulus_relative_context,validation_familiar,0.01,0.7934831401248581,0.20651685987514196
DEAP:S29:T38,DEAP:S29,T38,0,1.88,1,1,3,4,unexposed,stimulus_relative_context,validation_familiar,0.01,0.8351613683260044,0.1648386316739956
DEAP:S29:T39,DEAP:S29,T39,1,6.05,1,1,3,4,unexposed,stimulus_relative_context,validation_familiar,0.01,0.6835977556885359,0.31640224431146413
DEAP:S29:T40,DEAP:S29,T40,1,6.01,1,1,3,4,unexposed,stimulus_relative_context,validation_familiar,0.01,0.673999352926135,0.32600064707386506
DEAP:S01:T02,DEAP:S01,T02,1,8.1,1,1,3,4,unexposed,stimulus_relative_context,train,0.1,0.37395069879032383,0.6260493012096762
DEAP:S01:T03,DEAP:S01,T03,1,8.58,1,1,3,4,unexposed,stimulus_relative_context,train,0.1,0.24040647043214558,0.7595935295678544
DEAP:S01:T06,DEAP:S01,T06,1,8.27,1,1,3,4,unexposed,stimulus_relative_context,train,0.1,0.2780083970167583,0.7219916029832417
DEAP:S01:T10,DEAP:S01,T10,0,1.99,1,1,3,4,unexposed,stimulus_relative_context,train,0.1,0.6468891462824481,0.3531108537175519
DEAP:S01:T11,DEAP:S01,T11,0,2.99,1,1,3,4,unexposed,stimulus_relative_context,train,0.1,0.164115600008221,0.835884399991779
DEAP:S01:T14,DEAP:S01,T14,0,4.18,1,1,3,4,unexposed,stimulus_relative_context,train,0.1,0.35474215588410507,0.6452578441158949
DEAP:S01:T16,DEAP:S01,T16,1,6.81,1,1,3,4,unexposed,stimulus_relative_context,train,0.1,0.5927214560435702,0.4072785439564298
DEAP:S01:T17,DEAP:S01,T17,0,2.46,1,1,3,4,unexposed,stimulus_relative_context,train,0.1,0.5325534339072828,0.4674465660927171
DEAP:S01:T20,DEAP:S01,T20,1,8.26,1,1,3,4,unexposed,stimulus_relative_context,train,0.1,0.2676612921501301,0.7323387078498699
DEAP:S01:T21,DEAP:S01,T21,1,9.0,1,1,3,4,unexposed,stimulus_relative_context,train,0.1,0.8662050696365945,0.1337949303634055
DEAP:S01:T31,DEAP:S01,T31,0,3.03,1,1,3,4,unexposed,stimulus_relative_context,train,0.1,0.8340844700099039,0.16591552999009612
DEAP:S01:T34,DEAP:S01,T34,0,2.28,1,1,3,4,unexposed,stimulus_relative_context,train,0.1,0.9148091199029462,0.08519088009705376
DEAP:S01:T37,DEAP:S01,T37,0,2.31,1,1,3,4,unexposed,stimulus_relative_context,train,0.1,0.9292564482187777,0.07074355178122227
DEAP:S01:T38,DEAP:S01,T38,0,3.33,1,1,3,4,unexposed,stimulus_relative_context,train,0.1,0.8544419304950821,0.14555806950491787
DEAP:S01:T39,DEAP:S01,T39,0,3.24,1,1,3,4,unexposed,stimulus_relative_context,train,0.1,0.7885868513381057,0.21141314866189428
DEAP:S02:T02,DEAP:S02,T02,1,8.01,1,1,3,4,unexposed,stimulus_relative_context,train,0.1,0.13248635213920001,0.8675136478608
DEAP:S02:T03,DEAP:S02,T03,1,9.0,1,1,3,4,unexposed,stimulus_relative_context,train,0.1,0.18849312352026903,0.811506876479731
DEAP:S02:T10,DEAP:S02,T10,0,4.99,1,1,3,4,unexposed,stimulus_relative_context,train,0.1,0.4228526809960894,0.5771473190039106
DEAP:S02:T11,DEAP:S02,T11,1,7.08,1,1,3,4,unexposed,stimulus_relative_context,train,0.1,0.05536180683879499,0.944638193161205
DEAP:S02:T14,DEAP:S02,T14,1,8.94,1,1,3,4,unexposed,stimulus_relative_context,train,0.1,0.1296028256664684,0.8703971743335316
DEAP:S02:T17,DEAP:S02,T17,1,9.0,1,1,3,4,unexposed,stimulus_relative_context,train,0.1,0.3501893579004962,0.6498106420995038
DEAP:S02:T20,DEAP:S02,T20,1,8.97,1,1,3,4,unexposed,stimulus_relative_context,train,0.1,0.3033627162954379,0.6966372837045621
DEAP:S02:T21,DEAP:S02,T21,0,1.0,1,1,3,4,unexposed,stimulus_relative_context,train,0.1,0.7237410774904078,0.2762589225095922
DEAP:S02:T31,DEAP:S02,T31,0,4.06,1,1,3,4,unexposed,stimulus_relative_context,train,0.1,0.7578110069850877,0.24218899301491223
DEAP:S02:T34,DEAP:S02,T34,0,4.87,1,1,3,4,unexposed,stimulus_relative_context,train,0.1,0.7839287874141097,0.2160712125858904
DEAP:S02:T37,DEAP:S02,T37,0,1.0,1,1,3,4,unexposed,stimulus_relative_context,train,0.1,0.819480023234046,0.18051997676595397
DEAP:S02:T38,DEAP:S02,T38,0,1.0,1,1,3,4,unexposed,stimulus_relative_context,train,0.1,0.845307010364095,0.1546929896359051
DEAP:S02:T39,DEAP:S02,T39,0,1.0,1,1,3,4,unexposed,stimulus_relative_context,train,0.1,0.6686446560330221,0.33135534396697786
DEAP:S02:T40,DEAP:S02,T40,1,6.05,1,1,3,4,unexposed,stimulus_relative_context,train,0.1,0.5849894045247992,0.4150105954752008
DEAP:S03:T02,DEAP:S03,T02,1,7.21,1,1,3,4,unexposed,stimulus_relative_context,train,0.1,0.1932523547241256,0.8067476452758744
DEAP:S03:T03,DEAP:S03,T03,1,7.55,1,1,3,4,unexposed,stimulus_relative_context,train,0.1,0.17636932312153442,0.8236306768784656
DEAP:S03:T06,DEAP:S03,T06,1,6.79,1,1,3,4,unexposed,stimulus_relative_context,train,0.1,0.2905751472267638,0.7094248527732362
DEAP:S03:T10,DEAP:S03,T10,0,4.45,1,1,3,4,unexposed,stimulus_relative_context,train,0.1,0.43601650740482745,0.5639834925951726
DEAP:S03:T11,DEAP:S03,T11,1,7.94,1,1,3,4,unexposed,stimulus_relative_context,train,0.1,0.137998448229673,0.862001551770327
DEAP:S03:T14,DEAP:S03,T14,1,7.29,1,1,3,4,unexposed,stimulus_relative_context,train,0.1,0.124885357468139,0.875114642531861
DEAP:S03:T16,DEAP:S03,T16,1,7.15,1,1,3,4,unexposed,stimulus_relative_context,train,0.1,0.41863989796513823,0.5813601020348618
DEAP:S03:T17,DEAP:S03,T17,0,4.56,1,1,3,4,unexposed,stimulus_relative_context,train,0.1,0.3891921790575231,0.6108078209424769
DEAP:S03:T20,DEAP:S03,T20,1,6.26,1,1,3,4,unexposed,stimulus_relative_context,train,0.1,0.22238266487080394,0.7776173351291961
DEAP:S03:T21,DEAP:S03,T21,0,4.99,1,1,3,4,unexposed,stimulus_relative_context,train,0.1,0.7839459492223506,0.21605405077764944
DEAP:S03:T31,DEAP:S03,T31,0,4.44,1,1,3,4,unexposed,stimulus_relative_context,train,0.1,0.7302525279862638,0.26974747201373617
DEAP:S03:T34,DEAP:S03,T34,0,4.72,1,1,3,4,unexposed,stimulus_relative_context,train,0.1,0.8499582249093083,0.15004177509069175
DEAP:S03:T37,DEAP:S03,T37,0,4.92,1,1,3,4,unexposed,stimulus_relative_context,train,0.1,0.8513096649041978,0.14869033509580226
DEAP:S03:T39,DEAP:S03,T39,0,4.33,1,1,3,4,unexposed,stimulus_relative_context,train,0.1,0.7131499596548109,0.28685004034518913
DEAP:S03:T40,DEAP:S03,T40,1,5.38,1,1,3,4,unexposed,stimulus_relative_context,train,0.1,0.5761458131924548,0.4238541868075452
DEAP:S04:T02,DEAP:S04,T02,0,4.06,1,1,3,4,unexposed,stimulus_relative_context,train,0.1,0.24612203114048525,0.7538779688595147
DEAP:S04:T03,DEAP:S04,T03,1,8.95,1,1,3,4,unexposed,stimulus_relative_context,train,0.1,0.1185080915856358,0.8814919084143642
DEAP:S04:T06,DEAP:S04,T06,1,5.01,1,1,3,4,unexposed,stimulus_relative_context,train,0.1,0.30312246296008183,0.6968775370399182
DEAP:S04:T10,DEAP:S04,T10,0,3.15,1,1,3,4,unexposed,stimulus_relative_context,train,0.1,0.6626352982723032,0.3373647017276969
DEAP:S04:T11,DEAP:S04,T11,1,7.24,1,1,3,4,unexposed,stimulus_relative_context,train,0.1,0.24933223511857094,0.7506677648814291
DEAP:S04:T14,DEAP:S04,T14,1,6.96,1,1,3,4,unexposed,stimulus_relative_context,train,0.1,0.2811078548234638,0.7188921451765362
DEAP:S04:T16,DEAP:S04,T16,0,2.51,1,1,3,4,unexposed,stimulus_relative_context,train,0.1,0.6171251808620265,0.3828748191379735
DEAP:S04:T17,DEAP:S04,T17,1,7.01,1,1,3,4,unexposed,stimulus_relative_context,train,0.1,0.5428367348247998,0.4571632651752003
DEAP:S04:T20,DEAP:S04,T20,1,8.17,1,1,3,4,unexposed,stimulus_relative_context,train,0.1,0.1976583789484958,0.8023416210515042
DEAP:S04:T21,DEAP:S04,T21,0,1.77,1,1,3,4,unexposed,stimulus_relative_context,train,0.1,0.9565965604638096,0.043403439536190455
DEAP:S04:T31,DEAP:S04,T31,0,2.01,1,1,3,4,unexposed,stimulus_relative_context,train,0.1,0.8598301371950673,0.1401698628049327
DEAP:S04:T34,DEAP:S04,T34,0,2.17,1,1,3,4,unexposed,stimulus_relative_context,train,0.1,0.8839784108382714,0.11602158916172857
DEAP:S04:T37,DEAP:S04,T37,0,1.0,1,1,3,4,unexposed,stimulus_relative_context,train,0.1,0.8479248920741258,0.15207510792587417
DEAP:S04:T38,DEAP:S04,T38,0,1.79,1,1,3,4,unexposed,stimulus_relative_context,train,0.1,0.8602958231139577,0.13970417688604234
DEAP:S04:T39,DEAP:S04,T39,0,1.92,1,1,3,4,unexposed,stimulus_relative_context,train,0.1,0.8052562005210466,0.1947437994789534
DEAP:S04:T40,DEAP:S04,T40,0,1.86,1,1,3,4,unexposed,stimulus_relative_context,train,0.1,0.6390751434034886,0.3609248565965114
DEAP:S05:T03,DEAP:S05,T03,0,4.95,1,1,3,4,unexposed,stimulus_relative_context,train,0.1,0.12366387480189167,0.8763361251981083
DEAP:S05:T10,DEAP:S05,T10,0,3.03,1,1,3,4,unexposed,stimulus_relative_context,train,0.1,0.4959745280205753,0.5040254719794247
DEAP:S05:T11,DEAP:S05,T11,1,9.0,1,1,3,4,unexposed,stimulus_relative_context,train,0.1,0.17492391008290353,0.8250760899170965
DEAP:S05:T14,DEAP:S05,T14,1,7.21,1,1,3,4,unexposed,stimulus_relative_context,train,0.1,0.1908499363482814,0.8091500636517186
DEAP:S05:T16,DEAP:S05,T16,1,5.96,1,1,3,4,unexposed,stimulus_relative_context,train,0.1,0.3801248276047473,0.6198751723952527
DEAP:S05:T17,DEAP:S05,T17,1,6.88,1,1,3,4,unexposed,stimulus_relative_context,train,0.1,0.38687493914309135,0.6131250608569087
DEAP:S05:T20,DEAP:S05,T20,1,7.0,1,1,3,4,unexposed,stimulus_relative_context,train,0.1,0.23460558082500726,0.7653944191749927
DEAP:S05:T21,DEAP:S05,T21,0,4.0,1,1,3,4,unexposed,stimulus_relative_context,train,0.1,0.8218800807023274,0.1781199192976726
DEAP:S05:T31,DEAP:S05,T31,1,6.9,1,1,3,4,unexposed,stimulus_relative_context,train,0.1,0.7640759461136055,0.23592405388639454
DEAP:S05:T37,DEAP:S05,T37,0,1.91,1,1,3,4,unexposed,stimulus_relative_context,train,0.1,0.8004862662706946,0.1995137337293054
DEAP:S05:T38,DEAP:S05,T38,0,1.0,1,1,3,4,unexposed,stimulus_relative_context,train,0.1,0.8738510837100055,0.12614891628999444
DEAP:S05:T39,DEAP:S05,T39,0,1.0,1,1,3,4,unexposed,stimulus_relative_context,train,0.1,0.684269963292047,0.315730036707953
DEAP:S05:T40,DEAP:S05,T40,1,7.0,1,1,3,4,unexposed,stimulus_relative_context,train,0.1,0.572758223910588,0.427241776089412
DEAP:S06:T02,DEAP:S06,T02,1,6.83,1,1,3,4,unexposed,stimulus_relative_context,train,0.1,0.1498256166749764,0.8501743833250236
DEAP:S06:T03,DEAP:S06,T03,1,7.69,1,1,3,4,unexposed,stimulus_relative_context,train,0.1,0.0933727717460675,0.9066272282539325
DEAP:S06:T06,DEAP:S06,T06,1,8.05,1,1,3,4,unexposed,stimulus_relative_context,train,0.1,0.10674645740519362,0.8932535425948064
DEAP:S06:T10,DEAP:S06,T10,1,7.37,1,1,3,4,unexposed,stimulus_relative_context,train,0.1,0.4026573686258915,0.5973426313741085
DEAP:S06:T11,DEAP:S06,T11,0,4.99,1,1,3,4,unexposed,stimulus_relative_context,train,0.1,0.04671797937922517,0.9532820206207748
DEAP:S06:T14,DEAP:S06,T14,1,6.32,1,1,3,4,unexposed,stimulus_relative_context,train,0.1,0.025152976750097422,0.9748470232499026
DEAP:S06:T16,DEAP:S06,T16,1,5.06,1,1,3,4,unexposed,stimulus_relative_context,train,0.1,0.377945545883431,0.622054454116569
DEAP:S06:T17,DEAP:S06,T17,1,6.72,1,1,3,4,unexposed,stimulus_relative_context,train,0.1,0.23678355083883573,0.7632164491611643
DEAP:S06:T20,DEAP:S06,T20,1,5.01,1,1,3,4,unexposed,stimulus_relative_context,train,0.1,0.19913096928318996,0.80086903071681
DEAP:S06:T21,DEAP:S06,T21,1,6.28,1,1,3,4,unexposed,stimulus_relative_context,train,0.1,0.7811014143796787,0.2188985856203213
DEAP:S06:T34,DEAP:S06,T34,0,3.31,1,1,3,4,unexposed,stimulus_relative_context,train,0.1,0.6515287014833653,0.3484712985166348
DEAP:S06:T37,DEAP:S06,T37,0,4.83,1,1,3,4,unexposed,stimulus_relative_context,train,0.1,0.7339736908480675,0.2660263091519325
DEAP:S06:T39,DEAP:S06,T39,1,6.56,1,1,3,4,unexposed,stimulus_relative_context,train,0.1,0.45857956161205415,0.5414204383879458
DEAP:S07:T02,DEAP:S07,T02,1,7.15,1,1,3,4,unexposed,stimulus_relative_context,train,0.1,0.08492102984183836,0.9150789701581616
DEAP:S07:T03,DEAP:S07,T03,1,7.1,1,1,3,4,unexposed,stimulus_relative_context,train,0.1,0.05462924910910916,0.9453707508908908
DEAP:S07:T06,DEAP:S07,T06,1,6.97,1,1,3,4,unexposed,stimulus_relative_context,train,0.1,0.10943973797356465,0.8905602620264353
DEAP:S07:T10,DEAP:S07,T10,1,7.09,1,1,3,4,unexposed,stimulus_relative_context,train,0.1,0.23139596962418874,0.7686040303758113
DEAP:S07:T14,DEAP:S07,T14,1,7.09,1,1,3,4,unexposed,stimulus_relative_context,train,0.1,0.0399288061204639,0.9600711938795361
DEAP:S07:T16,DEAP:S07,T16,0,3.03,1,1,3,4,unexposed,stimulus_relative_context,train,0.1,0.580100735202767,0.419899264797233
DEAP:S07:T17,DEAP:S07,T17,1,7.12,1,1,3,4,unexposed,stimulus_relative_context,train,0.1,0.2139818897759137,0.7860181102240863
DEAP:S07:T20,DEAP:S07,T20,1,8.06,1,1,3,4,unexposed,stimulus_relative_context,train,0.1,0.031129977042521295,0.9688700229574787
DEAP:S07:T21,DEAP:S07,T21,0,3.12,1,1,3,4,unexposed,stimulus_relative_context,train,0.1,0.5489541772744466,0.45104582272555344
DEAP:S07:T31,DEAP:S07,T31,1,6.96,1,1,3,4,unexposed,stimulus_relative_context,train,0.1,0.5258584974701983,0.47414150252980164
DEAP:S07:T34,DEAP:S07,T34,0,4.01,1,1,3,4,unexposed,stimulus_relative_context,train,0.1,0.5982577282498841,0.4017422717501159
DEAP:S07:T37,DEAP:S07,T37,1,5.05,1,1,3,4,unexposed,stimulus_relative_context,train,0.1,0.6421845757291549,0.3578154242708452
DEAP:S07:T38,DEAP:S07,T38,1,5.03,1,1,3,4,unexposed,stimulus_relative_context,train,0.1,0.7005577500945305,0.2994422499054695
DEAP:S07:T39,DEAP:S07,T39,1,7.01,1,1,3,4,unexposed,stimulus_relative_context,train,0.1,0.33638605979884584,0.6636139402011542
DEAP:S07:T40,DEAP:S07,T40,1,7.01,1,1,3,4,unexposed,stimulus_relative_context,train,0.1,0.1716382806633202,0.8283617193366798
DEAP:S08:T02,DEAP:S08,T02,1,5.04,1,1,3,4,unexposed,stimulus_relative_context,train,0.1,0.16386268321193997,0.83613731678806
DEAP:S08:T03,DEAP:S08,T03,1,8.15,1,1,3,4,unexposed,stimulus_relative_context,train,0.1,0.08149342666148685,0.9185065733385132
DEAP:S08:T06,DEAP:S08,T06,1,7.4,1,1,3,4,unexposed,stimulus_relative_context,train,0.1,0.1236165675979971,0.8763834324020029
DEAP:S08:T10,DEAP:S08,T10,0,4.97,1,1,3,4,unexposed,stimulus_relative_context,train,0.1,0.5696223958765543,0.4303776041234458
DEAP:S08:T11,DEAP:S08,T11,1,8.41,1,1,3,4,unexposed,stimulus_relative_context,train,0.1,0.08582442761638343,0.9141755723836166
DEAP:S08:T14,DEAP:S08,T14,1,6.88,1,1,3,4,unexposed,stimulus_relative_context,train,0.1,0.10764348589059836,0.8923565141094016
DEAP:S08:T16,DEAP:S08,T16,0,4.21,1,1,3,4,unexposed,stimulus_relative_context,train,0.1,0.5547397353078927,0.4452602646921074
DEAP:S08:T17,DEAP:S08,T17,1,6.67,1,1,3,4,unexposed,stimulus_relative_context,train,0.1,0.23428472995549898,0.765715270044501
DEAP:S08:T20,DEAP:S08,T20,1,6.74,1,1,3,4,unexposed,stimulus_relative_context,train,0.1,0.15709141610748956,0.8429085838925104
DEAP:S08:T21,DEAP:S08,T21,0,4.68,1,1,3,4,unexposed,stimulus_relative_context,train,0.1,0.7163607656717137,0.28363923432828625
DEAP:S08:T31,DEAP:S08,T31,0,1.45,1,1,3,4,unexposed,stimulus_relative_context,train,0.1,0.7454592859097855,0.2545407140902145
DEAP:S08:T37,DEAP:S08,T37,1,5.06,1,1,3,4,unexposed,stimulus_relative_context,train,0.1,0.8233600856519234,0.17663991434807663
DEAP:S08:T38,DEAP:S08,T38,0,4.72,1,1,3,4,unexposed,stimulus_relative_context,train,0.1,0.7455572303176032,0.2544427696823967
DEAP:S08:T39,DEAP:S08,T39,1,5.05,1,1,3,4,unexposed,stimulus_relative_context,train,0.1,0.42177861427858165,0.5782213857214183
DEAP:S08:T40,DEAP:S08,T40,0,3.13,1,1,3,4,unexposed,stimulus_relative_context,train,0.1,0.7288375286197448,0.2711624713802552
DEAP:S09:T02,DEAP:S09,T02,1,7.08,1,1,3,4,unexposed,stimulus_relative_context,train,0.1,0.30026103604498466,0.6997389639550153
DEAP:S09:T10,DEAP:S09,T10,0,3.94,1,1,3,4,unexposed,stimulus_relative_context,train,0.1,0.3564272164519732,0.6435727835480268
DEAP:S09:T11,DEAP:S09,T11,1,7.12,1,1,3,4,unexposed,stimulus_relative_context,train,0.1,0.13840588298300938,0.8615941170169906
DEAP:S09:T16,DEAP:S09,T16,0,4.05,1,1,3,4,unexposed,stimulus_relative_context,train,0.1,0.2468327976565371,0.7531672023434629
DEAP:S09:T17,DEAP:S09,T17,1,6.03,1,1,3,4,unexposed,stimulus_relative_context,train,0.1,0.23202889069478994,0.7679711093052101
DEAP:S09:T21,DEAP:S09,T21,0,4.04,1,1,3,4,unexposed,stimulus_relative_context,train,0.1,0.889600033917805,0.11039996608219499
DEAP:S09:T31,DEAP:S09,T31,1,6.06,1,1,3,4,unexposed,stimulus_relative_context,train,0.1,0.7763003829684116,0.2236996170315883
DEAP:S09:T34,DEAP:S09,T34,1,5.06,1,1,3,4,unexposed,stimulus_relative_context,train,0.1,0.6276424817852077,0.37235751821479235
DEAP:S09:T37,DEAP:S09,T37,0,2.99,1,1,3,4,unexposed,stimulus_relative_context,train,0.1,0.7234186638071491,0.2765813361928508
DEAP:S09:T38,DEAP:S09,T38,0,2.92,1,1,3,4,unexposed,stimulus_relative_context,train,0.1,0.740118349892495,0.25988165010750497
DEAP:S09:T39,DEAP:S09,T39,0,3.17,1,1,3,4,unexposed,stimulus_relative_context,train,0.1,0.7023729904308815,0.29762700956911853
DEAP:S09:T40,DEAP:S09,T40,1,5.04,1,1,3,4,unexposed,stimulus_relative_context,train,0.1,0.7624049394106971,0.2375950605893029
DEAP:S10:T02,DEAP:S10,T02,0,3.55,1,1,3,4,unexposed,stimulus_relative_context,train,0.1,0.41949396506015546,0.5805060349398445
DEAP:S10:T03,DEAP:S10,T03,1,5.86,1,1,3,4,unexposed,stimulus_relative_context,train,0.1,0.2028026830314683,0.7971973169685317
DEAP:S10:T06,DEAP:S10,T06,1,7.1,1,1,3,4,unexposed,stimulus_relative_context,train,0.1,0.16894871633464748,0.8310512836653525
DEAP:S10:T10,DEAP:S10,T10,1,5.94,1,1,3,4,unexposed,stimulus_relative_context,train,0.1,0.5879026223781915,0.41209737762180854
DEAP:S10:T11,DEAP:S10,T11,1,8.99,1,1,3,4,unexposed,stimulus_relative_context,train,0.1,0.1676698229663871,0.8323301770336129
DEAP:S10:T14,DEAP:S10,T14,1,8.81,1,1,3,4,unexposed,stimulus_relative_context,train,0.1,0.21607328678704607,0.7839267132129539
DEAP:S10:T16,DEAP:S10,T16,0,3.85,1,1,3,4,unexposed,stimulus_relative_context,train,0.1,0.523595790620093,0.4764042093799071
DEAP:S10:T17,DEAP:S10,T17,0,4.95,1,1,3,4,unexposed,stimulus_relative_context,train,0.1,0.49962207796598523,0.5003779220340148
DEAP:S10:T20,DEAP:S10,T20,1,5.58,1,1,3,4,unexposed,stimulus_relative_context,train,0.1,0.4879026703057917,0.5120973296942083
DEAP:S10:T21,DEAP:S10,T21,0,2.97,1,1,3,4,unexposed,stimulus_relative_context,train,0.1,0.8518282770200829,0.14817172297991704
DEAP:S10:T31,DEAP:S10,T31,0,4.15,1,1,3,4,unexposed,stimulus_relative_context,train,0.1,0.7828612689688247,0.21713873103117529
DEAP:S10:T34,DEAP:S10,T34,0,3.91,1,1,3,4,unexposed,stimulus_relative_context,train,0.1,0.8233901904084068,0.17660980959159325
DEAP:S10:T37,DEAP:S10,T37,0,2.92,1,1,3,4,unexposed,stimulus_relative_context,train,0.1,0.8890808837587293,0.11091911624127067
DEAP:S10:T38,DEAP:S10,T38,0,1.91,1,1,3,4,unexposed,stimulus_relative_context,train,0.1,0.9016711278905155,0.09832887210948452
DEAP:S10:T39,DEAP:S10,T39,0,2.17,1,1,3,4,unexposed,stimulus_relative_context,train,0.1,0.842213034696224,0.15778696530377603
DEAP:S10:T40,DEAP:S10,T40,1,5.78,1,1,3,4,unexposed,stimulus_relative_context,train,0.1,0.5756843413183929,0.42431565868160714
DEAP:S13:T02,DEAP:S13,T02,0,4.03,1,1,3,4,unexposed,stimulus_relative_context,train,0.1,0.317066141307611,0.682933858692389
DEAP:S13:T03,DEAP:S13,T03,1,9.0,1,1,3,4,unexposed,stimulus_relative_context,train,0.1,0.1937860673088173,0.8062139326911827
DEAP:S13:T10,DEAP:S13,T10,0,4.01,1,1,3,4,unexposed,stimulus_relative_context,train,0.1,0.6794360685460934,0.32056393145390655
DEAP:S13:T11,DEAP:S13,T11,1,7.04,1,1,3,4,unexposed,stimulus_relative_context,train,0.1,0.23109846235266895,0.768901537647331
DEAP:S13:T14,DEAP:S13,T14,1,7.97,1,1,3,4,unexposed,stimulus_relative_context,train,0.1,0.1850066230058055,0.8149933769941945
DEAP:S13:T17,DEAP:S13,T17,1,5.99,1,1,3,4,unexposed,stimulus_relative_context,train,0.1,0.5276546819166343,0.4723453180833656
DEAP:S13:T20,DEAP:S13,T20,1,7.6,1,1,3,4,unexposed,stimulus_relative_context,train,0.1,0.29657424947610944,0.7034257505238906
DEAP:S13:T21,DEAP:S13,T21,0,2.0,1,1,3,4,unexposed,stimulus_relative_context,train,0.1,0.8739083269097974,0.12609167309020258
DEAP:S13:T31,DEAP:S13,T31,0,1.97,1,1,3,4,unexposed,stimulus_relative_context,train,0.1,0.8054680708672458,0.19453192913275416
DEAP:S13:T34,DEAP:S13,T34,0,2.92,1,1,3,4,unexposed,stimulus_relative_context,train,0.1,0.8781613707524196,0.12183862924758038
DEAP:S13:T37,DEAP:S13,T37,0,1.0,1,1,3,4,unexposed,stimulus_relative_context,train,0.1,0.8805030336599353,0.11949696634006463
DEAP:S13:T38,DEAP:S13,T38,0,1.0,1,1,3,4,unexposed,stimulus_relative_context,train,0.1,0.9412233851537638,0.058776614846236176
DEAP:S13:T39,DEAP:S13,T39,0,1.97,1,1,3,4,unexposed,stimulus_relative_context,train,0.1,0.7148519312177437,0.2851480687822563
DEAP:S13:T40,DEAP:S13,T40,0,4.08,1,1,3,4,unexposed,stimulus_relative_context,train,0.1,0.6196880489271797,0.38031195107282034
DEAP:S15:T02,DEAP:S15,T02,1,5.04,1,1,3,4,unexposed,stimulus_relative_context,train,0.1,0.2333037057894295,0.7666962942105705
DEAP:S15:T03,DEAP:S15,T03,1,8.04,1,1,3,4,unexposed,stimulus_relative_context,train,0.1,0.32376062764483104,0.676239372355169
DEAP:S15:T06,DEAP:S15,T06,1,9.0,1,1,3,4,unexposed,stimulus_relative_context,train,0.1,0.22941988810851677,0.7705801118914832
DEAP:S15:T10,DEAP:S15,T10,0,4.99,1,1,3,4,unexposed,stimulus_relative_context,train,0.1,0.5960355317174597,0.40396446828254035
DEAP:S15:T11,DEAP:S15,T11,1,8.99,1,1,3,4,unexposed,stimulus_relative_context,train,0.1,0.11141231132445961,0.8885876886755404
DEAP:S15:T14,DEAP:S15,T14,1,8.15,1,1,3,4,unexposed,stimulus_relative_context,train,0.1,0.18073417475134856,0.8192658252486514
DEAP:S15:T16,DEAP:S15,T16,0,4.17,1,1,3,4,unexposed,stimulus_relative_context,train,0.1,0.657204229699831,0.3427957703001689
DEAP:S15:T17,DEAP:S15,T17,1,8.1,1,1,3,4,unexposed,stimulus_relative_context,train,0.1,0.42619499810173755,0.5738050018982624
DEAP:S15:T20,DEAP:S15,T20,1,7.97,1,1,3,4,unexposed,stimulus_relative_context,train,0.1,0.2962144620870929,0.7037855379129071
DEAP:S15:T21,DEAP:S15,T21,0,3.09,1,1,3,4,unexposed,stimulus_relative_context,train,0.1,0.941307657291128,0.05869234270887202
DEAP:S15:T31,DEAP:S15,T31,0,2.99,1,1,3,4,unexposed,stimulus_relative_context,train,0.1,0.7498131841367984,0.2501868158632016
DEAP:S15:T34,DEAP:S15,T34,0,3.01,1,1,3,4,unexposed,stimulus_relative_context,train,0.1,0.9100712941488882,0.08992870585111179
DEAP:S15:T37,DEAP:S15,T37,0,3.04,1,1,3,4,unexposed,stimulus_relative_context,train,0.1,0.860679712258782,0.13932028774121796
DEAP:S15:T39,DEAP:S15,T39,0,4.0,1,1,3,4,unexposed,stimulus_relative_context,train,0.1,0.7225706622985868,0.27742933770141326
DEAP:S15:T40,DEAP:S15,T40,0,4.01,1,1,3,4,unexposed,stimulus_relative_context,train,0.1,0.5175033039767459,0.48249669602325407
DEAP:S16:T02,DEAP:S16,T02,1,6.45,1,1,3,4,unexposed,stimulus_relative_context,train,0.1,0.31082469147599157,0.6891753085240084
DEAP:S16:T03,DEAP:S16,T03,1,6.74,1,1,3,4,unexposed,stimulus_relative_context,train,0.1,0.21157531643878458,0.7884246835612154
DEAP:S16:T06,DEAP:S16,T06,0,4.99,1,1,3,4,unexposed,stimulus_relative_context,train,0.1,0.39003930079751736,0.6099606992024826
DEAP:S16:T10,DEAP:S16,T10,1,5.14,1,1,3,4,unexposed,stimulus_relative_context,train,0.1,0.5131077703393678,0.48689222966063217
DEAP:S16:T11,DEAP:S16,T11,1,7.27,1,1,3,4,unexposed,stimulus_relative_context,train,0.1,0.34054534895862776,0.6594546510413722
DEAP:S16:T14,DEAP:S16,T14,0,3.64,1,1,3,4,unexposed,stimulus_relative_context,train,0.1,0.4686873582837262,0.5313126417162738
DEAP:S16:T16,DEAP:S16,T16,0,4.97,1,1,3,4,unexposed,stimulus_relative_context,train,0.1,0.7787313350120598,0.2212686649879402
DEAP:S16:T17,DEAP:S16,T17,0,1.21,1,1,3,4,unexposed,stimulus_relative_context,train,0.1,0.6887912233756315,0.3112087766243685
DEAP:S16:T20,DEAP:S16,T20,0,3.82,1,1,3,4,unexposed,stimulus_relative_context,train,0.1,0.34436512831020505,0.655634871689795
DEAP:S16:T21,DEAP:S16,T21,0,4.42,1,1,3,4,unexposed,stimulus_relative_context,train,0.1,0.8597241440033403,0.1402758559966597
DEAP:S16:T31,DEAP:S16,T31,0,3.88,1,1,3,4,unexposed,stimulus_relative_context,train,0.1,0.89201103870256,0.10798896129743994
DEAP:S16:T34,DEAP:S16,T34,0,1.0,1,1,3,4,unexposed,stimulus_relative_context,train,0.1,0.8776893093975366,0.1223106906024633
DEAP:S16:T37,DEAP:S16,T37,1,6.09,1,1,3,4,unexposed,stimulus_relative_context,train,0.1,0.9083074961152621,0.09169250388473789
DEAP:S16:T38,DEAP:S16,T38,0,4.27,1,1,3,4,unexposed,stimulus_relative_context,train,0.1,0.9124293438277243,0.08757065617227566
DEAP:S16:T39,DEAP:S16,T39,1,6.13,1,1,3,4,unexposed,stimulus_relative_context,train,0.1,0.6258706226256424,0.3741293773743576
DEAP:S16:T40,DEAP:S16,T40,0,3.74,1,1,3,4,unexposed,stimulus_relative_context,train,0.1,0.7464079928743141,0.2535920071256859
DEAP:S17:T03,DEAP:S17,T03,1,6.46,1,1,3,4,unexposed,stimulus_relative_context,train,0.1,0.151228718546482,0.848771281453518
DEAP:S17:T06,DEAP:S17,T06,1,6.9,1,1,3,4,unexposed,stimulus_relative_context,train,0.1,0.04694848965474241,0.9530515103452576
DEAP:S17:T10,DEAP:S17,T10,1,6.09,1,1,3,4,unexposed,stimulus_relative_context,train,0.1,0.24726742550417358,0.7527325744958264
DEAP:S17:T11,DEAP:S17,T11,1,6.03,1,1,3,4,unexposed,stimulus_relative_context,train,0.1,0.12211312338590186,0.8778868766140981
DEAP:S17:T14,DEAP:S17,T14,1,6.58,1,1,3,4,unexposed,stimulus_relative_context,train,0.1,0.13141822897510647,0.8685817710248935
DEAP:S17:T16,DEAP:S17,T16,1,5.92,1,1,3,4,unexposed,stimulus_relative_context,train,0.1,0.5772570147372502,0.42274298526274984
DEAP:S17:T17,DEAP:S17,T17,0,4.12,1,1,3,4,unexposed,stimulus_relative_context,train,0.1,0.3605235975214316,0.6394764024785684
DEAP:S17:T20,DEAP:S17,T20,1,7.03,1,1,3,4,unexposed,stimulus_relative_context,train,0.1,0.16773910822841587,0.8322608917715841
DEAP:S17:T21,DEAP:S17,T21,0,4.0,1,1,3,4,unexposed,stimulus_relative_context,train,0.1,0.8647006081782689,0.1352993918217311
DEAP:S17:T31,DEAP:S17,T31,0,4.54,1,1,3,4,unexposed,stimulus_relative_context,train,0.1,0.7876004632751229,0.2123995367248771
DEAP:S17:T34,DEAP:S17,T34,0,4.99,1,1,3,4,unexposed,stimulus_relative_context,train,0.1,0.8493613274614566,0.15063867253854332
DEAP:S17:T37,DEAP:S17,T37,0,3.46,1,1,3,4,unexposed,stimulus_relative_context,train,0.1,0.8597819030490688,0.14021809695093124
DEAP:S17:T38,DEAP:S17,T38,0,3.6,1,1,3,4,unexposed,stimulus_relative_context,train,0.1,0.945284450369485,0.05471554963051493
DEAP:S17:T39,DEAP:S17,T39,1,7.1,1,1,3,4,unexposed,stimulus_relative_context,train,0.1,0.39297078772713323,0.6070292122728668
DEAP:S17:T40,DEAP:S17,T40,1,5.04,1,1,3,4,unexposed,stimulus_relative_context,train,0.1,0.3306041179249207,0.6693958820750793
DEAP:S19:T02,DEAP:S19,T02,1,6.46,1,1,3,4,unexposed,stimulus_relative_context,train,0.1,0.10985658397527864,0.8901434160247214
DEAP:S19:T03,DEAP:S19,T03,1,6.82,1,1,3,4,unexposed,stimulus_relative_context,train,0.1,0.0992639254783102,0.9007360745216898
DEAP:S19:T06,DEAP:S19,T06,1,7.73,1,1,3,4,unexposed,stimulus_relative_context,train,0.1,0.09135567048848348,0.9086443295115165
DEAP:S19:T10,DEAP:S19,T10,1,5.01,1,1,3,4,unexposed,stimulus_relative_context,train,0.1,0.4549559064406854,0.5450440935593146
DEAP:S19:T11,DEAP:S19,T11,1,5.83,1,1,3,4,unexposed,stimulus_relative_context,train,0.1,0.15162305673238652,0.8483769432676135
DEAP:S19:T14,DEAP:S19,T14,1,6.76,1,1,3,4,unexposed,stimulus_relative_context,train,0.1,0.09503139375943803,0.904968606240562
DEAP:S19:T16,DEAP:S19,T16,0,3.24,1,1,3,4,unexposed,stimulus_relative_context,train,0.1,0.5608929906187926,0.4391070093812074
DEAP:S19:T20,DEAP:S19,T20,1,6.13,1,1,3,4,unexposed,stimulus_relative_context,train,0.1,0.21126016086531596,0.788739839134684
DEAP:S19:T21,DEAP:S19,T21,0,2.19,1,1,3,4,unexposed,stimulus_relative_context,train,0.1,0.7694934281332104,0.23050657186678963
DEAP:S19:T31,DEAP:S19,T31,1,5.03,1,1,3,4,unexposed,stimulus_relative_context,train,0.1,0.6750604767554907,0.32493952324450925
DEAP:S19:T34,DEAP:S19,T34,0,4.17,1,1,3,4,unexposed,stimulus_relative_context,train,0.1,0.7224967827046682,0.2775032172953318
DEAP:S19:T37,DEAP:S19,T37,0,3.15,1,1,3,4,unexposed,stimulus_relative_context,train,0.1,0.7064141652983484,0.2935858347016516
DEAP:S19:T38,DEAP:S19,T38,0,1.62,1,1,3,4,unexposed,stimulus_relative_context,train,0.1,0.8064462559688573,0.1935537440311427
DEAP:S19:T39,DEAP:S19,T39,1,5.04,1,1,3,4,unexposed,stimulus_relative_context,train,0.1,0.6743288491546338,0.3256711508453662
DEAP:S19:T40,DEAP:S19,T40,0,4.24,1,1,3,4,unexposed,stimulus_relative_context,train,0.1,0.43552856235375714,0.5644714376462429
DEAP:S20:T02,DEAP:S20,T02,1,6.77,1,1,3,4,unexposed,stimulus_relative_context,train,0.1,0.17357584641875645,0.8264241535812435
DEAP:S20:T03,DEAP:S20,T03,1,7.18,1,1,3,4,unexposed,stimulus_relative_context,train,0.1,0.06361344399768176,0.9363865560023182
DEAP:S20:T06,DEAP:S20,T06,1,7.62,1,1,3,4,unexposed,stimulus_relative_context,train,0.1,0.18640927459315126,0.8135907254068487
DEAP:S20:T10,DEAP:S20,T10,1,5.13,1,1,3,4,unexposed,stimulus_relative_context,train,0.1,0.4858097302890245,0.5141902697109755
DEAP:S20:T11,DEAP:S20,T11,1,8.18,1,1,3,4,unexposed,stimulus_relative_context,train,0.1,0.0637090320178475,0.9362909679821525
DEAP:S20:T14,DEAP:S20,T14,1,6.4,1,1,3,4,unexposed,stimulus_relative_context,train,0.1,0.12518522546621835,0.8748147745337816
DEAP:S20:T16,DEAP:S20,T16,1,5.03,1,1,3,4,unexposed,stimulus_relative_context,train,0.1,0.329872062804203,0.670127937195797
DEAP:S20:T17,DEAP:S20,T17,1,5.04,1,1,3,4,unexposed,stimulus_relative_context,train,0.1,0.2300461067551267,0.7699538932448733
DEAP:S20:T20,DEAP:S20,T20,1,6.65,1,1,3,4,unexposed,stimulus_relative_context,train,0.1,0.21329432403257464,0.7867056759674254
DEAP:S20:T31,DEAP:S20,T31,0,4.46,1,1,3,4,unexposed,stimulus_relative_context,train,0.1,0.7810227474347857,0.21897725256521422
DEAP:S20:T37,DEAP:S20,T37,0,3.01,1,1,3,4,unexposed,stimulus_relative_context,train,0.1,0.8006142820594518,0.19938571794054813
DEAP:S20:T38,DEAP:S20,T38,0,3.38,1,1,3,4,unexposed,stimulus_relative_context,train,0.1,0.6795754993346902,0.3204245006653098
DEAP:S20:T39,DEAP:S20,T39,0,4.67,1,1,3,4,unexposed,stimulus_relative_context,train,0.1,0.5713804632379929,0.42861953676200715
DEAP:S20:T40,DEAP:S20,T40,0,4.94,1,1,3,4,unexposed,stimulus_relative_context,train,0.1,0.4707829159815452,0.5292170840184548
DEAP:S21:T02,DEAP:S21,T02,1,7.05,1,1,3,4,unexposed,stimulus_relative_context,train,0.1,0.2034564099446836,0.7965435900553164
DEAP:S21:T03,DEAP:S21,T03,0,4.83,1,1,3,4,unexposed,stimulus_relative_context,train,0.1,0.08383047221034678,0.9161695277896532
DEAP:S21:T10,DEAP:S21,T10,1,7.05,1,1,3,4,unexposed,stimulus_relative_context,train,0.1,0.4270915375851515,0.5729084624148485
DEAP:S21:T11,DEAP:S21,T11,1,7.05,1,1,3,4,unexposed,stimulus_relative_context,train,0.1,0.0840370962824003,0.9159629037175997
DEAP:S21:T14,DEAP:S21,T14,1,8.1,1,1,3,4,unexposed,stimulus_relative_context,train,0.1,0.10130124840836652,0.8986987515916335
DEAP:S21:T16,DEAP:S21,T16,1,5.99,1,1,3,4,unexposed,stimulus_relative_context,train,0.1,0.37124710373289904,0.628752896267101
DEAP:S21:T17,DEAP:S21,T17,1,5.53,1,1,3,4,unexposed,stimulus_relative_context,train,0.1,0.24502803370135617,0.7549719662986438
DEAP:S21:T20,DEAP:S21,T20,0,2.33,1,1,3,4,unexposed,stimulus_relative_context,train,0.1,0.13184477959982266,0.8681552204001773
DEAP:S21:T21,DEAP:S21,T21,0,4.08,1,1,3,4,unexposed,stimulus_relative_context,train,0.1,0.7336910531313239,0.26630894686867607
DEAP:S21:T31,DEAP:S21,T31,1,5.04,1,1,3,4,unexposed,stimulus_relative_context,train,0.1,0.6049086642131576,0.39509133578684236
DEAP:S21:T34,DEAP:S21,T34,0,4.06,1,1,3,4,unexposed,stimulus_relative_context,train,0.1,0.8034523191753862,0.19654768082461377
DEAP:S21:T37,DEAP:S21,T37,0,3.04,1,1,3,4,unexposed,stimulus_relative_context,train,0.1,0.7865069607000135,0.2134930392999866
DEAP:S21:T38,DEAP:S21,T38,0,3.03,1,1,3,4,unexposed,stimulus_relative_context,train,0.1,0.7610632601884233,0.23893673981157665
DEAP:S21:T39,DEAP:S21,T39,1,6.09,1,1,3,4,unexposed,stimulus_relative_context,train,0.1,0.5081886673322757,0.4918113326677243
DEAP:S21:T40,DEAP:S21,T40,0,3.99,1,1,3,4,unexposed,stimulus_relative_context,train,0.1,0.46465593316538334,0.5353440668346167
DEAP:S22:T02,DEAP:S22,T02,1,7.08,1,1,3,4,unexposed,stimulus_relative_context,train,0.1,0.5479563063233543,0.4520436936766456
DEAP:S22:T03,DEAP:S22,T03,1,7.05,1,1,3,4,unexposed,stimulus_relative_context,train,0.1,0.32207218950488237,0.6779278104951176
DEAP:S22:T06,DEAP:S22,T06,0,4.97,1,1,3,4,unexposed,stimulus_relative_context,train,0.1,0.4651399219029456,0.5348600780970544
DEAP:S22:T10,DEAP:S22,T10,0,4.0,1,1,3,4,unexposed,stimulus_relative_context,train,0.1,0.792251489903147,0.20774851009685297
DEAP:S22:T11,DEAP:S22,T11,1,8.05,1,1,3,4,unexposed,stimulus_relative_context,train,0.1,0.25078632572838966,0.7492136742716103
DEAP:S22:T16,DEAP:S22,T16,1,6.06,1,1,3,4,unexposed,stimulus_relative_context,train,0.1,0.3782375149045033,0.6217624850954967
DEAP:S22:T17,DEAP:S22,T17,1,5.04,1,1,3,4,unexposed,stimulus_relative_context,train,0.1,0.5505287870681517,0.4494712129318484
DEAP:S22:T20,DEAP:S22,T20,1,7.08,1,1,3,4,unexposed,stimulus_relative_context,train,0.1,0.4460780606766257,0.5539219393233743
DEAP:S22:T21,DEAP:S22,T21,0,2.97,1,1,3,4,unexposed,stimulus_relative_context,train,0.1,0.7824906920499359,0.2175093079500641
DEAP:S22:T31,DEAP:S22,T31,0,2.01,1,1,3,4,unexposed,stimulus_relative_context,train,0.1,0.8989193315011873,0.10108066849881274
DEAP:S22:T34,DEAP:S22,T34,1,5.04,1,1,3,4,unexposed,stimulus_relative_context,train,0.1,0.8808602945962928,0.11913970540370718
DEAP:S22:T37,DEAP:S22,T37,0,1.0,1,1,3,4,unexposed,stimulus_relative_context,train,0.1,0.9170082063840443,0.0829917936159557
DEAP:S22:T38,DEAP:S22,T38,0,1.0,1,1,3,4,unexposed,stimulus_relative_context,train,0.1,0.9617973669154856,0.03820263308451444
DEAP:S22:T39,DEAP:S22,T39,0,1.0,1,1,3,4,unexposed,stimulus_relative_context,train,0.1,0.6798398953126333,0.32016010468736666
DEAP:S22:T40,DEAP:S22,T40,0,2.97,1,1,3,4,unexposed,stimulus_relative_context,train,0.1,0.602153569896068,0.39784643010393195
DEAP:S23:T02,DEAP:S23,T02,1,9.0,1,1,3,4,unexposed,stimulus_relative_context,train,0.1,0.14772977839694135,0.8522702216030587
DEAP:S23:T03,DEAP:S23,T03,1,7.09,1,1,3,4,unexposed,stimulus_relative_context,train,0.1,0.1398871011768289,0.8601128988231711
DEAP:S23:T06,DEAP:S23,T06,1,5.09,1,1,3,4,unexposed,stimulus_relative_context,train,0.1,0.1148745267441561,0.8851254732558439
DEAP:S23:T10,DEAP:S23,T10,1,5.01,1,1,3,4,unexposed,stimulus_relative_context,train,0.1,0.4263370581923479,0.5736629418076521
DEAP:S23:T11,DEAP:S23,T11,1,7.0,1,1,3,4,unexposed,stimulus_relative_context,train,0.1,0.08060320150183309,0.9193967984981669
DEAP:S23:T14,DEAP:S23,T14,1,8.01,1,1,3,4,unexposed,stimulus_relative_context,train,0.1,0.10573871318626626,0.8942612868137337
DEAP:S23:T16,DEAP:S23,T16,1,5.15,1,1,3,4,unexposed,stimulus_relative_context,train,0.1,0.5401678900537151,0.4598321099462849
DEAP:S23:T17,DEAP:S23,T17,0,2.86,1,1,3,4,unexposed,stimulus_relative_context,train,0.1,0.47712169887097233,0.5228783011290277
DEAP:S23:T20,DEAP:S23,T20,0,3.96,1,1,3,4,unexposed,stimulus_relative_context,train,0.1,0.10840564010253584,0.8915943598974642
DEAP:S23:T21,DEAP:S23,T21,0,1.91,1,1,3,4,unexposed,stimulus_relative_context,train,0.1,0.8255659201311905,0.17443407986880952
DEAP:S23:T31,DEAP:S23,T31,0,4.86,1,1,3,4,unexposed,stimulus_relative_context,train,0.1,0.7694983787161823,0.23050162128381768
DEAP:S23:T34,DEAP:S23,T34,1,6.72,1,1,3,4,unexposed,stimulus_relative_context,train,0.1,0.7746190092823583,0.2253809907176417
DEAP:S23:T37,DEAP:S23,T37,0,4.31,1,1,3,4,unexposed,stimulus_relative_context,train,0.1,0.7176261458656796,0.28237385413432037
DEAP:S23:T38,DEAP:S23,T38,0,4.97,1,1,3,4,unexposed,stimulus_relative_context,train,0.1,0.8625365610134126,0.13746343898658736
DEAP:S23:T40,DEAP:S23,T40,0,4.88,1,1,3,4,unexposed,stimulus_relative_context,train,0.1,0.33599476564865927,0.6640052343513407
DEAP:S24:T02,DEAP:S24,T02,1,6.04,1,1,3,4,unexposed,stimulus_relative_context,train,0.1,0.35527616679262797,0.644723833207372
DEAP:S24:T03,DEAP:S24,T03,1,8.96,1,1,3,4,unexposed,stimulus_relative_context,train,0.1,0.28858144714565925,0.7114185528543407
DEAP:S24:T06,DEAP:S24,T06,1,5.96,1,1,3,4,unexposed,stimulus_relative_context,train,0.1,0.26116391513088355,0.7388360848691164
DEAP:S24:T10,DEAP:S24,T10,1,5.01,1,1,3,4,unexposed,stimulus_relative_context,train,0.1,0.6542415148792202,0.34575848512077983
DEAP:S24:T11,DEAP:S24,T11,1,7.03,1,1,3,4,unexposed,stimulus_relative_context,train,0.1,0.3427533806409655,0.6572466193590345
DEAP:S24:T14,DEAP:S24,T14,1,8.05,1,1,3,4,unexposed,stimulus_relative_context,train,0.1,0.2678611979860871,0.7321388020139129
DEAP:S24:T16,DEAP:S24,T16,0,4.0,1,1,3,4,unexposed,stimulus_relative_context,train,0.1,0.686808128304021,0.31319187169597895
DEAP:S24:T17,DEAP:S24,T17,0,4.08,1,1,3,4,unexposed,stimulus_relative_context,train,0.1,0.5878735447127394,0.41212645528726055
DEAP:S24:T20,DEAP:S24,T20,0,4.03,1,1,3,4,unexposed,stimulus_relative_context,train,0.1,0.27697918301940805,0.723020816980592
DEAP:S24:T21,DEAP:S24,T21,0,1.96,1,1,3,4,unexposed,stimulus_relative_context,train,0.1,0.8881063185586866,0.11189368144131337
DEAP:S24:T31,DEAP:S24,T31,0,2.94,1,1,3,4,unexposed,stimulus_relative_context,train,0.1,0.8591700084936337,0.1408299915063663
DEAP:S24:T34,DEAP:S24,T34,0,4.05,1,1,3,4,unexposed,stimulus_relative_context,train,0.1,0.8296742153236877,0.17032578467631232
DEAP:S24:T37,DEAP:S24,T37,0,4.0,1,1,3,4,unexposed,stimulus_relative_context,train,0.1,0.9168530024912039,0.08314699750879609
DEAP:S24:T38,DEAP:S24,T38,0,2.03,1,1,3,4,unexposed,stimulus_relative_context,train,0.1,0.9525887913008274,0.04741120869917261
DEAP:S24:T39,DEAP:S24,T39,0,2.12,1,1,3,4,unexposed,stimulus_relative_context,train,0.1,0.8094927504851686,0.19050724951483144
DEAP:S26:T02,DEAP:S26,T02,1,6.96,1,1,3,4,unexposed,stimulus_relative_context,train,0.1,0.17084489208549014,0.8291551079145099
DEAP:S26:T03,DEAP:S26,T03,1,9.0,1,1,3,4,unexposed,stimulus_relative_context,train,0.1,0.2264226558199044,0.7735773441800956
DEAP:S26:T06,DEAP:S26,T06,1,8.09,1,1,3,4,unexposed,stimulus_relative_context,train,0.1,0.17799302176671095,0.822006978233289
DEAP:S26:T10,DEAP:S26,T10,0,3.08,1,1,3,4,unexposed,stimulus_relative_context,train,0.1,0.5234405217938706,0.4765594782061294
DEAP:S26:T11,DEAP:S26,T11,1,8.04,1,1,3,4,unexposed,stimulus_relative_context,train,0.1,0.1361167912593335,0.8638832087406665
DEAP:S26:T14,DEAP:S26,T14,1,9.0,1,1,3,4,unexposed,stimulus_relative_context,train,0.1,0.08887267078833572,0.9111273292116643
DEAP:S26:T16,DEAP:S26,T16,1,6.19,1,1,3,4,unexposed,stimulus_relative_context,train,0.1,0.34399543245511677,0.6560045675448832
DEAP:S26:T17,DEAP:S26,T17,1,5.04,1,1,3,4,unexposed,stimulus_relative_context,train,0.1,0.21910803598728756,0.7808919640127124
DEAP:S26:T20,DEAP:S26,T20,1,8.08,1,1,3,4,unexposed,stimulus_relative_context,train,0.1,0.15198797889492943,0.8480120211050706
DEAP:S26:T21,DEAP:S26,T21,1,6.06,1,1,3,4,unexposed,stimulus_relative_context,train,0.1,0.5957637512676723,0.4042362487323276
DEAP:S26:T31,DEAP:S26,T31,0,1.97,1,1,3,4,unexposed,stimulus_relative_context,train,0.1,0.907876764866477,0.09212323513352307
DEAP:S26:T37,DEAP:S26,T37,0,1.0,1,1,3,4,unexposed,stimulus_relative_context,train,0.1,0.8662805284353143,0.13371947156468564
DEAP:S26:T38,DEAP:S26,T38,0,1.15,1,1,3,4,unexposed,stimulus_relative_context,train,0.1,0.8905549880852073,0.10944501191479278
DEAP:S26:T39,DEAP:S26,T39,0,1.95,1,1,3,4,unexposed,stimulus_relative_context,train,0.1,0.511814369179871,0.488185630820129
DEAP:S26:T40,DEAP:S26,T40,0,3.06,1,1,3,4,unexposed,stimulus_relative_context,train,0.1,0.7066844011700563,0.29331559882994374
DEAP:S30:T02,DEAP:S30,T02,1,7.15,1,1,3,4,unexposed,stimulus_relative_context,train,0.1,0.1969428650295476,0.8030571349704524
DEAP:S30:T03,DEAP:S30,T03,1,6.15,1,1,3,4,unexposed,stimulus_relative_context,train,0.1,0.0665547386500086,0.9334452613499914
DEAP:S30:T06,DEAP:S30,T06,1,6.22,1,1,3,4,unexposed,stimulus_relative_context,train,0.1,0.17453759585497852,0.8254624041450215
DEAP:S30:T10,DEAP:S30,T10,1,5.08,1,1,3,4,unexposed,stimulus_relative_context,train,0.1,0.33146087919707823,0.6685391208029218
DEAP:S30:T11,DEAP:S30,T11,1,6.06,1,1,3,4,unexposed,stimulus_relative_context,train,0.1,0.120393057762746,0.879606942237254
DEAP:S30:T14,DEAP:S30,T14,1,5.04,1,1,3,4,unexposed,stimulus_relative_context,train,0.1,0.08551466141742403,0.914485338582576
DEAP:S30:T16,DEAP:S30,T16,1,5.04,1,1,3,4,unexposed,stimulus_relative_context,train,0.1,0.2776492155468816,0.7223507844531184
DEAP:S30:T17,DEAP:S30,T17,1,7.13,1,1,3,4,unexposed,stimulus_relative_context,train,0.1,0.12239106503995179,0.8776089349600482
DEAP:S30:T20,DEAP:S30,T20,1,7.26,1,1,3,4,unexposed,stimulus_relative_context,train,0.1,0.17089907792683312,0.8291009220731669
DEAP:S30:T31,DEAP:S30,T31,0,3.86,1,1,3,4,unexposed,stimulus_relative_context,train,0.1,0.6684575615617718,0.3315424384382281
DEAP:S30:T34,DEAP:S30,T34,0,4.99,1,1,3,4,unexposed,stimulus_relative_context,train,0.1,0.7230691322915019,0.2769308677084981
DEAP:S30:T38,DEAP:S30,T38,1,5.04,1,1,3,4,unexposed,stimulus_relative_context,train,0.1,0.86379197025376,0.13620802974624
DEAP:S30:T39,DEAP:S30,T39,0,2.97,1,1,3,4,unexposed,stimulus_relative_context,train,0.1,0.5895576261825405,0.4104423738174595
DEAP:S30:T40,DEAP:S30,T40,1,5.05,1,1,3,4,unexposed,stimulus_relative_context,train,0.1,0.5423479851309858,0.45765201486901425
DEAP:S31:T02,DEAP:S31,T02,1,5.03,1,1,3,4,unexposed,stimulus_relative_context,train,0.1,0.4976802613570661,0.5023197386429339
DEAP:S31:T03,DEAP:S31,T03,1,8.04,1,1,3,4,unexposed,stimulus_relative_context,train,0.1,0.1463151778550783,0.8536848221449217
DEAP:S31:T06,DEAP:S31,T06,0,4.99,1,1,3,4,unexposed,stimulus_relative_context,train,0.1,0.34909181491889707,0.6509081850811029
DEAP:S31:T11,DEAP:S31,T11,1,9.0,1,1,3,4,unexposed,stimulus_relative_context,train,0.1,0.21367258081246365,0.7863274191875363
DEAP:S31:T14,DEAP:S31,T14,1,8.06,1,1,3,4,unexposed,stimulus_relative_context,train,0.1,0.19799310157097094,0.8020068984290291
DEAP:S31:T16,DEAP:S31,T16,1,6.09,1,1,3,4,unexposed,stimulus_relative_context,train,0.1,0.5663682008974169,0.43363179910258304
DEAP:S31:T17,DEAP:S31,T17,0,4.94,1,1,3,4,unexposed,stimulus_relative_context,train,0.1,0.37781286126625946,0.6221871387337405
DEAP:S31:T20,DEAP:S31,T20,1,6.9,1,1,3,4,unexposed,stimulus_relative_context,train,0.1,0.3508466274297698,0.6491533725702302
DEAP:S31:T21,DEAP:S31,T21,1,5.09,1,1,3,4,unexposed,stimulus_relative_context,train,0.1,0.8933417112678966,0.10665828873210335
DEAP:S31:T34,DEAP:S31,T34,0,1.95,1,1,3,4,unexposed,stimulus_relative_context,train,0.1,0.9068215302562461,0.09317846974375389
DEAP:S31:T38,DEAP:S31,T38,0,1.0,1,1,3,4,unexposed,stimulus_relative_context,train,0.1,0.8577797745468356,0.14222022545316435
DEAP:S31:T39,DEAP:S31,T39,0,1.0,1,1,3,4,unexposed,stimulus_relative_context,train,0.1,0.7378123753718018,0.26218762462819817
DEAP:S31:T40,DEAP:S31,T40,0,3.99,1,1,3,4,unexposed,stimulus_relative_context,train,0.1,0.6424975575075986,0.3575024424924014
DEAP:S32:T02,DEAP:S32,T02,0,4.99,1,1,3,4,unexposed,stimulus_relative_context,train,0.1,0.36391059488094324,0.6360894051190568
DEAP:S32:T03,DEAP:S32,T03,1,8.05,1,1,3,4,unexposed,stimulus_relative_context,train,0.1,0.3265759033634683,0.6734240966365317
DEAP:S32:T06,DEAP:S32,T06,1,5.78,1,1,3,4,unexposed,stimulus_relative_context,train,0.1,0.4354729111297264,0.5645270888702736
DEAP:S32:T10,DEAP:S32,T10,0,4.08,1,1,3,4,unexposed,stimulus_relative_context,train,0.1,0.5908457544191215,0.40915424558087854
DEAP:S32:T11,DEAP:S32,T11,1,8.24,1,1,3,4,unexposed,stimulus_relative_context,train,0.1,0.19247804190412654,0.8075219580958735
DEAP:S32:T14,DEAP:S32,T14,1,7.1,1,1,3,4,unexposed,stimulus_relative_context,train,0.1,0.1282169522729999,0.8717830477270001
DEAP:S32:T16,DEAP:S32,T16,0,3.97,1,1,3,4,unexposed,stimulus_relative_context,train,0.1,0.6946164338670484,0.30538356613295153
DEAP:S32:T17,DEAP:S32,T17,1,6.09,1,1,3,4,unexposed,stimulus_relative_context,train,0.1,0.47267438780338256,0.5273256121966174
DEAP:S32:T20,DEAP:S32,T20,1,6.03,1,1,3,4,unexposed,stimulus_relative_context,train,0.1,0.28114865659664656,0.7188513434033534
DEAP:S32:T21,DEAP:S32,T21,0,4.12,1,1,3,4,unexposed,stimulus_relative_context,train,0.1,0.8061978447676295,0.19380215523237054
DEAP:S32:T31,DEAP:S32,T31,0,4.17,1,1,3,4,unexposed,stimulus_relative_context,train,0.1,0.8393026689682983,0.16069733103170164
DEAP:S32:T34,DEAP:S32,T34,0,4.05,1,1,3,4,unexposed,stimulus_relative_context,train,0.1,0.8743098080630695,0.12569019193693057
DEAP:S32:T37,DEAP:S32,T37,0,2.81,1,1,3,4,unexposed,stimulus_relative_context,train,0.1,0.8858367756231119,0.11416322437688808
DEAP:S32:T38,DEAP:S32,T38,0,3.05,1,1,3,4,unexposed,stimulus_relative_context,train,0.1,0.9363761867708298,0.06362381322917023
DEAP:S32:T40,DEAP:S32,T40,1,7.15,1,1,3,4,unexposed,stimulus_relative_context,train,0.1,0.5863289274309288,0.4136710725690712
DEAP:S18:T01,DEAP:S18,T01,1,6.33,1,1,3,4,unexposed,stimulus_relative_context,validation_unseen,0.1,0.6049428903833615,0.39505710961663854
DEAP:S18:T12,DEAP:S18,T12,1,5.55,1,1,3,4,unexposed,stimulus_relative_context,validation_unseen,0.1,0.44773007106580853,0.5522699289341915
DEAP:S18:T23,DEAP:S18,T23,0,3.71,1,1,3,4,unexposed,stimulus_relative_context,validation_unseen,0.1,0.4816536247398986,0.5183463752601014
DEAP:S18:T25,DEAP:S18,T25,0,4.23,1,1,3,4,unexposed,stimulus_relative_context,validation_unseen,0.1,0.3144437883975659,0.6855562116024341
DEAP:S18:T26,DEAP:S18,T26,1,5.44,1,1,3,4,unexposed,stimulus_relative_context,validation_unseen,0.1,0.567569541627789,0.432430458372211
DEAP:S18:T33,DEAP:S18,T33,0,4.56,1,1,3,4,unexposed,stimulus_relative_context,validation_unseen,0.1,0.45099262153432684,0.5490073784656732
DEAP:S18:T35,DEAP:S18,T35,1,5.12,1,1,3,4,unexposed,stimulus_relative_context,validation_unseen,0.1,0.40132858871852417,0.5986714112814758
DEAP:S25:T01,DEAP:S25,T01,1,8.06,1,1,3,4,unexposed,stimulus_relative_context,validation_unseen,0.1,0.6926632780285346,0.30733672197146544
DEAP:S25:T08,DEAP:S25,T08,1,8.04,1,1,3,4,unexposed,stimulus_relative_context,validation_unseen,0.1,0.5143035460314791,0.48569645396852085
DEAP:S25:T12,DEAP:S25,T12,1,8.04,1,1,3,4,unexposed,stimulus_relative_context,validation_unseen,0.1,0.57475157759534,0.42524842240466004
DEAP:S25:T23,DEAP:S25,T23,0,2.01,1,1,3,4,unexposed,stimulus_relative_context,validation_unseen,0.1,0.6214406362940545,0.3785593637059455
DEAP:S25:T25,DEAP:S25,T25,0,4.96,1,1,3,4,unexposed,stimulus_relative_context,validation_unseen,0.1,0.5801146628761854,0.4198853371238146
DEAP:S25:T26,DEAP:S25,T26,0,4.99,1,1,3,4,unexposed,stimulus_relative_context,validation_unseen,0.1,0.6198580790708536,0.38014192092914645
DEAP:S25:T33,DEAP:S25,T33,0,1.94,1,1,3,4,unexposed,stimulus_relative_context,validation_unseen,0.1,0.6069852912736143,0.39301470872638566
DEAP:S25:T35,DEAP:S25,T35,0,3.03,1,1,3,4,unexposed,stimulus_relative_context,validation_unseen,0.1,0.5569086316519272,0.4430913683480729
DEAP:S27:T01,DEAP:S27,T01,1,6.03,1,1,3,4,unexposed,stimulus_relative_context,validation_unseen,0.1,0.7205727164563798,0.27942728354362023
DEAP:S27:T08,DEAP:S27,T08,1,8.24,1,1,3,4,unexposed,stimulus_relative_context,validation_unseen,0.1,0.6575063858430812,0.34249361415691876
DEAP:S27:T12,DEAP:S27,T12,0,4.18,1,1,3,4,unexposed,stimulus_relative_context,validation_unseen,0.1,0.7029706094883086,0.2970293905116914
DEAP:S27:T23,DEAP:S27,T23,1,8.0,1,1,3,4,unexposed,stimulus_relative_context,validation_unseen,0.1,0.6839123168082002,0.31608768319179975
DEAP:S27:T25,DEAP:S27,T25,0,4.0,1,1,3,4,unexposed,stimulus_relative_context,validation_unseen,0.1,0.6307984766177599,0.36920152338224005
DEAP:S27:T26,DEAP:S27,T26,1,5.04,1,1,3,4,unexposed,stimulus_relative_context,validation_unseen,0.1,0.5662024578826073,0.43379754211739274
DEAP:S27:T33,DEAP:S27,T33,1,5.04,1,1,3,4,unexposed,stimulus_relative_context,validation_unseen,0.1,0.6770484272543129,0.32295157274568714
DEAP:S27:T35,DEAP:S27,T35,0,1.0,1,1,3,4,unexposed,stimulus_relative_context,validation_unseen,0.1,0.6105429974683447,0.3894570025316552
DEAP:S29:T01,DEAP:S29,T01,1,6.06,1,1,3,4,unexposed,stimulus_relative_context,validation_unseen,0.1,0.9461445696780708,0.05385543032192921
DEAP:S29:T08,DEAP:S29,T08,1,7.04,1,1,3,4,unexposed,stimulus_relative_context,validation_unseen,0.1,0.9117947780691203,0.08820522193087961
DEAP:S29:T12,DEAP:S29,T12,1,6.04,1,1,3,4,unexposed,stimulus_relative_context,validation_unseen,0.1,0.7536307330771317,0.2463692669228683
DEAP:S29:T23,DEAP:S29,T23,0,2.05,1,1,3,4,unexposed,stimulus_relative_context,validation_unseen,0.1,0.8582856435721291,0.14171435642787084
DEAP:S29:T25,DEAP:S29,T25,0,3.03,1,1,3,4,unexposed,stimulus_relative_context,validation_unseen,0.1,0.857550926811769,0.142449073188231
DEAP:S29:T26,DEAP:S29,T26,0,3.0,1,1,3,4,unexposed,stimulus_relative_context,validation_unseen,0.1,0.812404342364925,0.18759565763507507
DEAP:S29:T33,DEAP:S29,T33,0,1.99,1,1,3,4,unexposed,stimulus_relative_context,validation_unseen,0.1,0.9534919602323868,0.046508039767613155
DEAP:S29:T35,DEAP:S29,T35,0,1.92,1,1,3,4,unexposed,stimulus_relative_context,validation_unseen,0.1,0.843242521869201,0.156757478130799
DEAP:S18:T02,DEAP:S18,T02,1,6.87,1,1,3,4,unexposed,stimulus_relative_context,validation_familiar,0.1,0.30011377020261965,0.6998862297973804
DEAP:S18:T03,DEAP:S18,T03,1,6.36,1,1,3,4,unexposed,stimulus_relative_context,validation_familiar,0.1,0.21072125972728184,0.7892787402727182
DEAP:S18:T06,DEAP:S18,T06,1,6.51,1,1,3,4,unexposed,stimulus_relative_context,validation_familiar,0.1,0.22495626683470238,0.7750437331652976
DEAP:S18:T10,DEAP:S18,T10,1,6.09,1,1,3,4,unexposed,stimulus_relative_context,validation_familiar,0.1,0.6004687563278308,0.39953124367216925
DEAP:S18:T11,DEAP:S18,T11,1,6.24,1,1,3,4,unexposed,stimulus_relative_context,validation_familiar,0.1,0.20284656107593257,0.7971534389240674
DEAP:S18:T14,DEAP:S18,T14,1,6.62,1,1,3,4,unexposed,stimulus_relative_context,validation_familiar,0.1,0.12101374604556259,0.8789862539544374
DEAP:S18:T16,DEAP:S18,T16,0,4.38,1,1,3,4,unexposed,stimulus_relative_context,validation_familiar,0.1,0.3385014162020785,0.6614985837979215
DEAP:S18:T17,DEAP:S18,T17,1,7.74,1,1,3,4,unexposed,stimulus_relative_context,validation_familiar,0.1,0.42287859408081774,0.5771214059191823
DEAP:S18:T20,DEAP:S18,T20,1,6.24,1,1,3,4,unexposed,stimulus_relative_context,validation_familiar,0.1,0.24533386566716286,0.7546661343328371
DEAP:S18:T21,DEAP:S18,T21,0,3.92,1,1,3,4,unexposed,stimulus_relative_context,validation_familiar,0.1,0.7749955181703234,0.2250044818296766
DEAP:S18:T31,DEAP:S18,T31,0,4.44,1,1,3,4,unexposed,stimulus_relative_context,validation_familiar,0.1,0.6908125194975028,0.30918748050249717
DEAP:S18:T34,DEAP:S18,T34,0,4.15,1,1,3,4,unexposed,stimulus_relative_context,validation_familiar,0.1,0.7925393481861016,0.20746065181389842
DEAP:S18:T37,DEAP:S18,T37,0,4.0,1,1,3,4,unexposed,stimulus_relative_context,validation_familiar,0.1,0.7791378979922713,0.22086210200772874
DEAP:S18:T38,DEAP:S18,T38,0,4.51,1,1,3,4,unexposed,stimulus_relative_context,validation_familiar,0.1,0.8291436039023256,0.17085639609767442
DEAP:S18:T39,DEAP:S18,T39,0,4.06,1,1,3,4,unexposed,stimulus_relative_context,validation_familiar,0.1,0.6386215731111942,0.3613784268888058
DEAP:S25:T02,DEAP:S25,T02,0,2.99,1,1,3,4,unexposed,stimulus_relative_context,validation_familiar,0.1,0.2530393321283886,0.7469606678716114
DEAP:S25:T03,DEAP:S25,T03,1,7.12,1,1,3,4,unexposed,stimulus_relative_context,validation_familiar,0.1,0.14696683560082335,0.8530331643991766
DEAP:S25:T10,DEAP:S25,T10,0,1.0,1,1,3,4,unexposed,stimulus_relative_context,validation_familiar,0.1,0.6399498288315988,0.36005017116840116
DEAP:S25:T11,DEAP:S25,T11,1,9.0,1,1,3,4,unexposed,stimulus_relative_context,validation_familiar,0.1,0.2352617607665991,0.7647382392334009
DEAP:S25:T14,DEAP:S25,T14,1,8.09,1,1,3,4,unexposed,stimulus_relative_context,validation_familiar,0.1,0.17572471887386998,0.82427528112613
DEAP:S25:T16,DEAP:S25,T16,1,6.05,1,1,3,4,unexposed,stimulus_relative_context,validation_familiar,0.1,0.8344471320751584,0.16555286792484158
DEAP:S25:T17,DEAP:S25,T17,1,5.04,1,1,3,4,unexposed,stimulus_relative_context,validation_familiar,0.1,0.4057570664051716,0.5942429335948284
DEAP:S25:T20,DEAP:S25,T20,1,7.08,1,1,3,4,unexposed,stimulus_relative_context,validation_familiar,0.1,0.30812872612905273,0.6918712738709473
DEAP:S25:T21,DEAP:S25,T21,1,6.03,1,1,3,4,unexposed,stimulus_relative_context,validation_familiar,0.1,0.9048570935324644,0.09514290646753563
DEAP:S25:T31,DEAP:S25,T31,0,1.01,1,1,3,4,unexposed,stimulus_relative_context,validation_familiar,0.1,0.7863751656503326,0.21362483434966742
DEAP:S25:T34,DEAP:S25,T34,0,4.95,1,1,3,4,unexposed,stimulus_relative_context,validation_familiar,0.1,0.9196675631557524,0.08033243684424764
DEAP:S25:T37,DEAP:S25,T37,0,1.0,1,1,3,4,unexposed,stimulus_relative_context,validation_familiar,0.1,0.8562011818602572,0.1437988181397428
DEAP:S25:T38,DEAP:S25,T38,0,1.0,1,1,3,4,unexposed,stimulus_relative_context,validation_familiar,0.1,0.8970988402832254,0.10290115971677458
DEAP:S25:T39,DEAP:S25,T39,0,1.0,1,1,3,4,unexposed,stimulus_relative_context,validation_familiar,0.1,0.7945757237357269,0.2054242762642731
DEAP:S25:T40,DEAP:S25,T40,0,1.0,1,1,3,4,unexposed,stimulus_relative_context,validation_familiar,0.1,0.6751997383746,0.32480026162539993
DEAP:S27:T02,DEAP:S27,T02,1,7.0,1,1,3,4,unexposed,stimulus_relative_context,validation_familiar,0.1,0.34143323510250156,0.6585667648974984
DEAP:S27:T03,DEAP:S27,T03,1,9.0,1,1,3,4,unexposed,stimulus_relative_context,validation_familiar,0.1,0.20311674485803155,0.7968832551419684
DEAP:S27:T06,DEAP:S27,T06,1,7.0,1,1,3,4,unexposed,stimulus_relative_context,validation_familiar,0.1,0.40670807280596233,0.5932919271940377
DEAP:S27:T10,DEAP:S27,T10,1,6.01,1,1,3,4,unexposed,stimulus_relative_context,validation_familiar,0.1,0.7106863317236161,0.2893136682763839
DEAP:S27:T11,DEAP:S27,T11,1,9.0,1,1,3,4,unexposed,stimulus_relative_context,validation_familiar,0.1,0.2066650330256229,0.7933349669743771
DEAP:S27:T14,DEAP:S27,T14,1,8.06,1,1,3,4,unexposed,stimulus_relative_context,validation_familiar,0.1,0.16471954537557376,0.8352804546244262
DEAP:S27:T16,DEAP:S27,T16,1,8.06,1,1,3,4,unexposed,stimulus_relative_context,validation_familiar,0.1,0.7372781903509313,0.26272180964906866
DEAP:S27:T17,DEAP:S27,T17,1,9.0,1,1,3,4,unexposed,stimulus_relative_context,validation_familiar,0.1,0.583743093763173,0.416256906236827
DEAP:S27:T20,DEAP:S27,T20,1,6.97,1,1,3,4,unexposed,stimulus_relative_context,validation_familiar,0.1,0.3180077261830323,0.6819922738169677
DEAP:S27:T21,DEAP:S27,T21,1,9.0,1,1,3,4,unexposed,stimulus_relative_context,validation_familiar,0.1,0.8817022403124504,0.11829775968754963
DEAP:S27:T31,DEAP:S27,T31,1,5.08,1,1,3,4,unexposed,stimulus_relative_context,validation_familiar,0.1,0.8003957238718231,0.19960427612817683
DEAP:S27:T34,DEAP:S27,T34,0,2.85,1,1,3,4,unexposed,stimulus_relative_context,validation_familiar,0.1,0.8997257866571451,0.10027421334285495
DEAP:S27:T37,DEAP:S27,T37,0,2.99,1,1,3,4,unexposed,stimulus_relative_context,validation_familiar,0.1,0.9009175412763225,0.09908245872367752
DEAP:S27:T38,DEAP:S27,T38,0,1.0,1,1,3,4,unexposed,stimulus_relative_context,validation_familiar,0.1,0.9261554240209436,0.0738445759790564
DEAP:S27:T39,DEAP:S27,T39,0,2.14,1,1,3,4,unexposed,stimulus_relative_context,validation_familiar,0.1,0.8185468648897274,0.18145313511027258
DEAP:S27:T40,DEAP:S27,T40,1,5.04,1,1,3,4,unexposed,stimulus_relative_context,validation_familiar,0.1,0.679991793085434,0.32000820691456594
DEAP:S29:T02,DEAP:S29,T02,1,7.05,1,1,3,4,unexposed,stimulus_relative_context,validation_familiar,0.1,0.40123935455285453,0.5987606454471455
DEAP:S29:T03,DEAP:S29,T03,1,9.0,1,1,3,4,unexposed,stimulus_relative_context,validation_familiar,0.1,0.21151307701496347,0.7884869229850365
DEAP:S29:T06,DEAP:S29,T06,1,8.03,1,1,3,4,unexposed,stimulus_relative_context,validation_familiar,0.1,0.44204019825871377,0.5579598017412862
DEAP:S29:T10,DEAP:S29,T10,1,7.01,1,1,3,4,unexposed,stimulus_relative_context,validation_familiar,0.1,0.9536735673385,0.04632643266150009
DEAP:S29:T11,DEAP:S29,T11,1,8.03,1,1,3,4,unexposed,stimulus_relative_context,validation_familiar,0.1,0.38400368676078855,0.6159963132392114
DEAP:S29:T14,DEAP:S29,T14,1,8.06,1,1,3,4,unexposed,stimulus_relative_context,validation_familiar,0.1,0.3674498998328548,0.6325501001671452
DEAP:S29:T16,DEAP:S29,T16,0,3.0,1,1,3,4,unexposed,stimulus_relative_context,validation_familiar,0.1,0.9281260746323701,0.07187392536762997
DEAP:S29:T17,DEAP:S29,T17,1,5.08,1,1,3,4,unexposed,stimulus_relative_context,validation_familiar,0.1,0.8221369510823517,0.1778630489176482
DEAP:S29:T20,DEAP:S29,T20,1,8.03,1,1,3,4,unexposed,stimulus_relative_context,validation_familiar,0.1,0.7945866144691853,0.20541338553081465
DEAP:S29:T21,DEAP:S29,T21,0,2.92,1,1,3,4,unexposed,stimulus_relative_context,validation_familiar,0.1,0.9835827745319091,0.016417225468090862
DEAP:S29:T31,DEAP:S29,T31,0,1.0,1,1,3,4,unexposed,stimulus_relative_context,validation_familiar,0.1,0.9403023147351883,0.05969768526481164
DEAP:S29:T34,DEAP:S29,T34,0,3.95,1,1,3,4,unexposed,stimulus_relative_context,validation_familiar,0.1,0.9910408571111013,0.008959142888898599
DEAP:S29:T37,DEAP:S29,T37,1,5.01,1,1,3,4,unexposed,stimulus_relative_context,validation_familiar,0.1,0.9671423426288672,0.03285765737113279
DEAP:S29:T38,DEAP:S29,T38,0,1.88,1,1,3,4,unexposed,stimulus_relative_context,validation_familiar,0.1,0.9808800418495078,0.019119958150492222
DEAP:S29:T39,DEAP:S29,T39,1,6.05,1,1,3,4,unexposed,stimulus_relative_context,validation_familiar,0.1,0.9035522400711471,0.09644775992885288
DEAP:S29:T40,DEAP:S29,T40,1,6.01,1,1,3,4,unexposed,stimulus_relative_context,validation_familiar,0.1,0.9286848033892748,0.07131519661072516
DEAP:S01:T02,DEAP:S01,T02,1,8.1,1,1,3,4,unexposed,stimulus_relative_context,train,1.0,0.39264325658412746,0.6073567434158725
DEAP:S01:T03,DEAP:S01,T03,1,8.58,1,1,3,4,unexposed,stimulus_relative_context,train,1.0,0.22344096544316783,0.7765590345568322
DEAP:S01:T06,DEAP:S01,T06,1,8.27,1,1,3,4,unexposed,stimulus_relative_context,train,1.0,0.19843933047468276,0.8015606695253172
DEAP:S01:T10,DEAP:S01,T10,0,1.99,1,1,3,4,unexposed,stimulus_relative_context,train,1.0,0.7671988079508165,0.2328011920491835
DEAP:S01:T11,DEAP:S01,T11,0,2.99,1,1,3,4,unexposed,stimulus_relative_context,train,1.0,0.13436584112994998,0.86563415887005
DEAP:S01:T14,DEAP:S01,T14,0,4.18,1,1,3,4,unexposed,stimulus_relative_context,train,1.0,0.4769196099058365,0.5230803900941635
DEAP:S01:T16,DEAP:S01,T16,1,6.81,1,1,3,4,unexposed,stimulus_relative_context,train,1.0,0.5990684030653441,0.4009315969346558
DEAP:S01:T17,DEAP:S01,T17,0,2.46,1,1,3,4,unexposed,stimulus_relative_context,train,1.0,0.6743889793202649,0.3256110206797352
DEAP:S01:T20,DEAP:S01,T20,1,8.26,1,1,3,4,unexposed,stimulus_relative_context,train,1.0,0.1838768043753688,0.8161231956246312
DEAP:S01:T21,DEAP:S01,T21,1,9.0,1,1,3,4,unexposed,stimulus_relative_context,train,1.0,0.8616189518881665,0.13838104811183344
DEAP:S01:T31,DEAP:S01,T31,0,3.03,1,1,3,4,unexposed,stimulus_relative_context,train,1.0,0.8595952534128161,0.14040474658718397
DEAP:S01:T34,DEAP:S01,T34,0,2.28,1,1,3,4,unexposed,stimulus_relative_context,train,1.0,0.9651068934777747,0.03489310652222533
DEAP:S01:T37,DEAP:S01,T37,0,2.31,1,1,3,4,unexposed,stimulus_relative_context,train,1.0,0.9755740692316219,0.024425930768378075
DEAP:S01:T38,DEAP:S01,T38,0,3.33,1,1,3,4,unexposed,stimulus_relative_context,train,1.0,0.796869306532779,0.20313069346722096
DEAP:S01:T39,DEAP:S01,T39,0,3.24,1,1,3,4,unexposed,stimulus_relative_context,train,1.0,0.8570876150810567,0.14291238491894334
DEAP:S02:T02,DEAP:S02,T02,1,8.01,1,1,3,4,unexposed,stimulus_relative_context,train,1.0,0.05714495287256238,0.9428550471274376
DEAP:S02:T03,DEAP:S02,T03,1,9.0,1,1,3,4,unexposed,stimulus_relative_context,train,1.0,0.09380716023935154,0.9061928397606485
DEAP:S02:T10,DEAP:S02,T10,0,4.99,1,1,3,4,unexposed,stimulus_relative_context,train,1.0,0.46030971764854467,0.5396902823514553
DEAP:S02:T11,DEAP:S02,T11,1,7.08,1,1,3,4,unexposed,stimulus_relative_context,train,1.0,0.01951001049902501,0.980489989500975
DEAP:S02:T14,DEAP:S02,T14,1,8.94,1,1,3,4,unexposed,stimulus_relative_context,train,1.0,0.058926123987379064,0.9410738760126209
DEAP:S02:T17,DEAP:S02,T17,1,9.0,1,1,3,4,unexposed,stimulus_relative_context,train,1.0,0.13952716794075404,0.860472832059246
DEAP:S02:T20,DEAP:S02,T20,1,8.97,1,1,3,4,unexposed,stimulus_relative_context,train,1.0,0.25889520029607327,0.7411047997039267
DEAP:S02:T21,DEAP:S02,T21,0,1.0,1,1,3,4,unexposed,stimulus_relative_context,train,1.0,0.8502239504442279,0.1497760495557721
DEAP:S02:T31,DEAP:S02,T31,0,4.06,1,1,3,4,unexposed,stimulus_relative_context,train,1.0,0.8113409490384733,0.18865905096152666
DEAP:S02:T34,DEAP:S02,T34,0,4.87,1,1,3,4,unexposed,stimulus_relative_context,train,1.0,0.8996896732523256,0.10031032674767443
DEAP:S02:T37,DEAP:S02,T37,0,1.0,1,1,3,4,unexposed,stimulus_relative_context,train,1.0,0.8783282167303302,0.12167178326966974
DEAP:S02:T38,DEAP:S02,T38,0,1.0,1,1,3,4,unexposed,stimulus_relative_context,train,1.0,0.8513008708325503,0.14869912916744965
DEAP:S02:T39,DEAP:S02,T39,0,1.0,1,1,3,4,unexposed,stimulus_relative_context,train,1.0,0.7463764006589546,0.25362359934104545
DEAP:S02:T40,DEAP:S02,T40,1,6.05,1,1,3,4,unexposed,stimulus_relative_context,train,1.0,0.5258796166685987,0.4741203833314013
DEAP:S03:T02,DEAP:S03,T02,1,7.21,1,1,3,4,unexposed,stimulus_relative_context,train,1.0,0.11566044973375023,0.8843395502662498
DEAP:S03:T03,DEAP:S03,T03,1,7.55,1,1,3,4,unexposed,stimulus_relative_context,train,1.0,0.1444830397848107,0.8555169602151893
DEAP:S03:T06,DEAP:S03,T06,1,6.79,1,1,3,4,unexposed,stimulus_relative_context,train,1.0,0.2686975041151253,0.7313024958848747
DEAP:S03:T10,DEAP:S03,T10,0,4.45,1,1,3,4,unexposed,stimulus_relative_context,train,1.0,0.5397631117153803,0.4602368882846198
DEAP:S03:T11,DEAP:S03,T11,1,7.94,1,1,3,4,unexposed,stimulus_relative_context,train,1.0,0.0799473185832027,0.9200526814167973
DEAP:S03:T14,DEAP:S03,T14,1,7.29,1,1,3,4,unexposed,stimulus_relative_context,train,1.0,0.05415578840005342,0.9458442115999466
DEAP:S03:T16,DEAP:S03,T16,1,7.15,1,1,3,4,unexposed,stimulus_relative_context,train,1.0,0.3081400485380882,0.6918599514619118
DEAP:S03:T17,DEAP:S03,T17,0,4.56,1,1,3,4,unexposed,stimulus_relative_context,train,1.0,0.5032173646163587,0.4967826353836413
DEAP:S03:T20,DEAP:S03,T20,1,6.26,1,1,3,4,unexposed,stimulus_relative_context,train,1.0,0.1639925583302344,0.8360074416697656
DEAP:S03:T21,DEAP:S03,T21,0,4.99,1,1,3,4,unexposed,stimulus_relative_context,train,1.0,0.7828387751968601,0.2171612248031399
DEAP:S03:T31,DEAP:S03,T31,0,4.44,1,1,3,4,unexposed,stimulus_relative_context,train,1.0,0.6945999073714137,0.30540009262858625
DEAP:S03:T34,DEAP:S03,T34,0,4.72,1,1,3,4,unexposed,stimulus_relative_context,train,1.0,0.8456884683214554,0.15431153167854467
DEAP:S03:T37,DEAP:S03,T37,0,4.92,1,1,3,4,unexposed,stimulus_relative_context,train,1.0,0.9238869334178841,0.07611306658211588
DEAP:S03:T39,DEAP:S03,T39,0,4.33,1,1,3,4,unexposed,stimulus_relative_context,train,1.0,0.8033039058490888,0.19669609415091116
DEAP:S03:T40,DEAP:S03,T40,1,5.38,1,1,3,4,unexposed,stimulus_relative_context,train,1.0,0.5334916443188914,0.4665083556811086
DEAP:S04:T02,DEAP:S04,T02,0,4.06,1,1,3,4,unexposed,stimulus_relative_context,train,1.0,0.1435524614693643,0.8564475385306357
DEAP:S04:T03,DEAP:S04,T03,1,8.95,1,1,3,4,unexposed,stimulus_relative_context,train,1.0,0.046017172903449755,0.9539828270965502
DEAP:S04:T06,DEAP:S04,T06,1,5.01,1,1,3,4,unexposed,stimulus_relative_context,train,1.0,0.23808039017658666,0.7619196098234133
DEAP:S04:T10,DEAP:S04,T10,0,3.15,1,1,3,4,unexposed,stimulus_relative_context,train,1.0,0.7905200863649056,0.20947991363509438
DEAP:S04:T11,DEAP:S04,T11,1,7.24,1,1,3,4,unexposed,stimulus_relative_context,train,1.0,0.27378086783357525,0.7262191321664248
DEAP:S04:T14,DEAP:S04,T14,1,6.96,1,1,3,4,unexposed,stimulus_relative_context,train,1.0,0.24693669057970458,0.7530633094202954
DEAP:S04:T16,DEAP:S04,T16,0,2.51,1,1,3,4,unexposed,stimulus_relative_context,train,1.0,0.7495416751203661,0.250458324879634
DEAP:S04:T17,DEAP:S04,T17,1,7.01,1,1,3,4,unexposed,stimulus_relative_context,train,1.0,0.6686775762455186,0.3313224237544814
DEAP:S04:T20,DEAP:S04,T20,1,8.17,1,1,3,4,unexposed,stimulus_relative_context,train,1.0,0.09772743395730954,0.9022725660426905
DEAP:S04:T21,DEAP:S04,T21,0,1.77,1,1,3,4,unexposed,stimulus_relative_context,train,1.0,0.9943603031680212,0.0056396968319788
DEAP:S04:T31,DEAP:S04,T31,0,2.01,1,1,3,4,unexposed,stimulus_relative_context,train,1.0,0.9185948157586009,0.08140518424139911
DEAP:S04:T34,DEAP:S04,T34,0,2.17,1,1,3,4,unexposed,stimulus_relative_context,train,1.0,0.9213423530026562,0.07865764699734377
DEAP:S04:T37,DEAP:S04,T37,0,1.0,1,1,3,4,unexposed,stimulus_relative_context,train,1.0,0.9080105060960982,0.0919894939039018
DEAP:S04:T38,DEAP:S04,T38,0,1.79,1,1,3,4,unexposed,stimulus_relative_context,train,1.0,0.8659037998915138,0.13409620010848622
DEAP:S04:T39,DEAP:S04,T39,0,1.92,1,1,3,4,unexposed,stimulus_relative_context,train,1.0,0.9128449637041623,0.08715503629583765
DEAP:S04:T40,DEAP:S04,T40,0,1.86,1,1,3,4,unexposed,stimulus_relative_context,train,1.0,0.7281537796720758,0.2718462203279242
DEAP:S05:T03,DEAP:S05,T03,0,4.95,1,1,3,4,unexposed,stimulus_relative_context,train,1.0,0.1758262516961001,0.8241737483038999
DEAP:S05:T10,DEAP:S05,T10,0,3.03,1,1,3,4,unexposed,stimulus_relative_context,train,1.0,0.5079974577286347,0.4920025422713653
DEAP:S05:T11,DEAP:S05,T11,1,9.0,1,1,3,4,unexposed,stimulus_relative_context,train,1.0,0.11615135837764734,0.8838486416223527
DEAP:S05:T14,DEAP:S05,T14,1,7.21,1,1,3,4,unexposed,stimulus_relative_context,train,1.0,0.20097244538216863,0.7990275546178314
DEAP:S05:T16,DEAP:S05,T16,1,5.96,1,1,3,4,unexposed,stimulus_relative_context,train,1.0,0.19779147511156547,0.8022085248884345
DEAP:S05:T17,DEAP:S05,T17,1,6.88,1,1,3,4,unexposed,stimulus_relative_context,train,1.0,0.3370580311759286,0.6629419688240714
DEAP:S05:T20,DEAP:S05,T20,1,7.0,1,1,3,4,unexposed,stimulus_relative_context,train,1.0,0.19588912459713148,0.8041108754028685
DEAP:S05:T21,DEAP:S05,T21,0,4.0,1,1,3,4,unexposed,stimulus_relative_context,train,1.0,0.9330685799241962,0.0669314200758038
DEAP:S05:T31,DEAP:S05,T31,1,6.9,1,1,3,4,unexposed,stimulus_relative_context,train,1.0,0.6511976668565739,0.3488023331434261
DEAP:S05:T37,DEAP:S05,T37,0,1.91,1,1,3,4,unexposed,stimulus_relative_context,train,1.0,0.827011844418397,0.17298815558160296
DEAP:S05:T38,DEAP:S05,T38,0,1.0,1,1,3,4,unexposed,stimulus_relative_context,train,1.0,0.9518090596516459,0.048190940348354167
DEAP:S05:T39,DEAP:S05,T39,0,1.0,1,1,3,4,unexposed,stimulus_relative_context,train,1.0,0.7064299116178789,0.2935700883821211
DEAP:S05:T40,DEAP:S05,T40,1,7.0,1,1,3,4,unexposed,stimulus_relative_context,train,1.0,0.45730799601137795,0.542692003988622
DEAP:S06:T02,DEAP:S06,T02,1,6.83,1,1,3,4,unexposed,stimulus_relative_context,train,1.0,0.09349664806343916,0.9065033519365608
DEAP:S06:T03,DEAP:S06,T03,1,7.69,1,1,3,4,unexposed,stimulus_relative_context,train,1.0,0.05430243856240147,0.9456975614375985
DEAP:S06:T06,DEAP:S06,T06,1,8.05,1,1,3,4,unexposed,stimulus_relative_context,train,1.0,0.049547275808346836,0.9504527241916532
DEAP:S06:T10,DEAP:S06,T10,1,7.37,1,1,3,4,unexposed,stimulus_relative_context,train,1.0,0.29758026990008524,0.7024197300999148
DEAP:S06:T11,DEAP:S06,T11,0,4.99,1,1,3,4,unexposed,stimulus_relative_context,train,1.0,0.012992436208096647,0.9870075637919034
DEAP:S06:T14,DEAP:S06,T14,1,6.32,1,1,3,4,unexposed,stimulus_relative_context,train,1.0,0.0018777401936305171,0.9981222598063695
DEAP:S06:T16,DEAP:S06,T16,1,5.06,1,1,3,4,unexposed,stimulus_relative_context,train,1.0,0.3173689800297701,0.6826310199702299
DEAP:S06:T17,DEAP:S06,T17,1,6.72,1,1,3,4,unexposed,stimulus_relative_context,train,1.0,0.1768908695072805,0.8231091304927195
DEAP:S06:T20,DEAP:S06,T20,1,5.01,1,1,3,4,unexposed,stimulus_relative_context,train,1.0,0.15153038961308118,0.8484696103869188
DEAP:S06:T21,DEAP:S06,T21,1,6.28,1,1,3,4,unexposed,stimulus_relative_context,train,1.0,0.804952408133725,0.195047591866275
DEAP:S06:T34,DEAP:S06,T34,0,3.31,1,1,3,4,unexposed,stimulus_relative_context,train,1.0,0.5972501445707954,0.4027498554292046
DEAP:S06:T37,DEAP:S06,T37,0,4.83,1,1,3,4,unexposed,stimulus_relative_context,train,1.0,0.747294613237194,0.252705386762806
DEAP:S06:T39,DEAP:S06,T39,1,6.56,1,1,3,4,unexposed,stimulus_relative_context,train,1.0,0.42407483109145194,0.5759251689085481
DEAP:S07:T02,DEAP:S07,T02,1,7.15,1,1,3,4,unexposed,stimulus_relative_context,train,1.0,0.039027475153820546,0.9609725248461795
DEAP:S07:T03,DEAP:S07,T03,1,7.1,1,1,3,4,unexposed,stimulus_relative_context,train,1.0,0.00957229235503032,0.9904277076449697
DEAP:S07:T06,DEAP:S07,T06,1,6.97,1,1,3,4,unexposed,stimulus_relative_context,train,1.0,0.04220390127132356,0.9577960987286764
DEAP:S07:T10,DEAP:S07,T10,1,7.09,1,1,3,4,unexposed,stimulus_relative_context,train,1.0,0.11419299698710128,0.8858070030128987
DEAP:S07:T14,DEAP:S07,T14,1,7.09,1,1,3,4,unexposed,stimulus_relative_context,train,1.0,0.011827719002378112,0.9881722809976219
DEAP:S07:T16,DEAP:S07,T16,0,3.03,1,1,3,4,unexposed,stimulus_relative_context,train,1.0,0.7668011249966551,0.23319887500334488
DEAP:S07:T17,DEAP:S07,T17,1,7.12,1,1,3,4,unexposed,stimulus_relative_context,train,1.0,0.09256882960564583,0.9074311703943542
DEAP:S07:T20,DEAP:S07,T20,1,8.06,1,1,3,4,unexposed,stimulus_relative_context,train,1.0,0.0018770185031005138,0.9981229814968995
DEAP:S07:T21,DEAP:S07,T21,0,3.12,1,1,3,4,unexposed,stimulus_relative_context,train,1.0,0.6286203075597132,0.3713796924402868
DEAP:S07:T31,DEAP:S07,T31,1,6.96,1,1,3,4,unexposed,stimulus_relative_context,train,1.0,0.45344467975069636,0.5465553202493036
DEAP:S07:T34,DEAP:S07,T34,0,4.01,1,1,3,4,unexposed,stimulus_relative_context,train,1.0,0.62244533783602,0.37755466216398004
DEAP:S07:T37,DEAP:S07,T37,1,5.05,1,1,3,4,unexposed,stimulus_relative_context,train,1.0,0.4812251715271988,0.5187748284728012
DEAP:S07:T38,DEAP:S07,T38,1,5.03,1,1,3,4,unexposed,stimulus_relative_context,train,1.0,0.5006311021294136,0.49936889787058636
DEAP:S07:T39,DEAP:S07,T39,1,7.01,1,1,3,4,unexposed,stimulus_relative_context,train,1.0,0.15311470865910448,0.8468852913408955
DEAP:S07:T40,DEAP:S07,T40,1,7.01,1,1,3,4,unexposed,stimulus_relative_context,train,1.0,0.031207831608135783,0.9687921683918642
DEAP:S08:T02,DEAP:S08,T02,1,5.04,1,1,3,4,unexposed,stimulus_relative_context,train,1.0,0.14466122863417819,0.8553387713658218
DEAP:S08:T03,DEAP:S08,T03,1,8.15,1,1,3,4,unexposed,stimulus_relative_context,train,1.0,0.011611437377651579,0.9883885626223484
DEAP:S08:T06,DEAP:S08,T06,1,7.4,1,1,3,4,unexposed,stimulus_relative_context,train,1.0,0.029762319748445454,0.9702376802515545
DEAP:S08:T10,DEAP:S08,T10,0,4.97,1,1,3,4,unexposed,stimulus_relative_context,train,1.0,0.7100097498983771,0.2899902501016229
DEAP:S08:T11,DEAP:S08,T11,1,8.41,1,1,3,4,unexposed,stimulus_relative_context,train,1.0,0.02170693793402312,0.9782930620659769
DEAP:S08:T14,DEAP:S08,T14,1,6.88,1,1,3,4,unexposed,stimulus_relative_context,train,1.0,0.045185275117869295,0.9548147248821307
DEAP:S08:T16,DEAP:S08,T16,0,4.21,1,1,3,4,unexposed,stimulus_relative_context,train,1.0,0.6737694229582047,0.3262305770417952
DEAP:S08:T17,DEAP:S08,T17,1,6.67,1,1,3,4,unexposed,stimulus_relative_context,train,1.0,0.0444901089347326,0.9555098910652674
DEAP:S08:T20,DEAP:S08,T20,1,6.74,1,1,3,4,unexposed,stimulus_relative_context,train,1.0,0.06284535938322144,0.9371546406167786
DEAP:S08:T21,DEAP:S08,T21,0,4.68,1,1,3,4,unexposed,stimulus_relative_context,train,1.0,0.8074203637088642,0.19257963629113586
DEAP:S08:T31,DEAP:S08,T31,0,1.45,1,1,3,4,unexposed,stimulus_relative_context,train,1.0,0.8588748353715636,0.14112516462843638
DEAP:S08:T37,DEAP:S08,T37,1,5.06,1,1,3,4,unexposed,stimulus_relative_context,train,1.0,0.6533594873477679,0.34664051265223206
DEAP:S08:T38,DEAP:S08,T38,0,4.72,1,1,3,4,unexposed,stimulus_relative_context,train,1.0,0.781265362319604,0.21873463768039608
DEAP:S08:T39,DEAP:S08,T39,1,5.05,1,1,3,4,unexposed,stimulus_relative_context,train,1.0,0.2154141763067312,0.7845858236932688
DEAP:S08:T40,DEAP:S08,T40,0,3.13,1,1,3,4,unexposed,stimulus_relative_context,train,1.0,0.8246734418544106,0.17532655814558942
DEAP:S09:T02,DEAP:S09,T02,1,7.08,1,1,3,4,unexposed,stimulus_relative_context,train,1.0,0.3456093851420794,0.6543906148579206
DEAP:S09:T10,DEAP:S09,T10,0,3.94,1,1,3,4,unexposed,stimulus_relative_context,train,1.0,0.4236863139062166,0.5763136860937834
DEAP:S09:T11,DEAP:S09,T11,1,7.12,1,1,3,4,unexposed,stimulus_relative_context,train,1.0,0.14830234663715602,0.851697653362844
DEAP:S09:T16,DEAP:S09,T16,0,4.05,1,1,3,4,unexposed,stimulus_relative_context,train,1.0,0.2727410359120217,0.7272589640879783
DEAP:S09:T17,DEAP:S09,T17,1,6.03,1,1,3,4,unexposed,stimulus_relative_context,train,1.0,0.1202624479772364,0.8797375520227636
DEAP:S09:T21,DEAP:S09,T21,0,4.04,1,1,3,4,unexposed,stimulus_relative_context,train,1.0,0.9383929941237847,0.061607005876215266
DEAP:S09:T31,DEAP:S09,T31,1,6.06,1,1,3,4,unexposed,stimulus_relative_context,train,1.0,0.731940675090962,0.26805932490903805
DEAP:S09:T34,DEAP:S09,T34,1,5.06,1,1,3,4,unexposed,stimulus_relative_context,train,1.0,0.3932351943310206,0.6067648056689794
DEAP:S09:T37,DEAP:S09,T37,0,2.99,1,1,3,4,unexposed,stimulus_relative_context,train,1.0,0.7190119082844288,0.2809880917155712
DEAP:S09:T38,DEAP:S09,T38,0,2.92,1,1,3,4,unexposed,stimulus_relative_context,train,1.0,0.8450100963656285,0.15498990363437146
DEAP:S09:T39,DEAP:S09,T39,0,3.17,1,1,3,4,unexposed,stimulus_relative_context,train,1.0,0.7242845394406184,0.27571546055938156
DEAP:S09:T40,DEAP:S09,T40,1,5.04,1,1,3,4,unexposed,stimulus_relative_context,train,1.0,0.8118003092277294,0.18819969077227058
DEAP:S10:T02,DEAP:S10,T02,0,3.55,1,1,3,4,unexposed,stimulus_relative_context,train,1.0,0.5650119838732561,0.4349880161267439
DEAP:S10:T03,DEAP:S10,T03,1,5.86,1,1,3,4,unexposed,stimulus_relative_context,train,1.0,0.1574460028904363,0.8425539971095637
DEAP:S10:T06,DEAP:S10,T06,1,7.1,1,1,3,4,unexposed,stimulus_relative_context,train,1.0,0.06777335886262992,0.9322266411373701
DEAP:S10:T10,DEAP:S10,T10,1,5.94,1,1,3,4,unexposed,stimulus_relative_context,train,1.0,0.5889495198049142,0.41105048019508583
DEAP:S10:T11,DEAP:S10,T11,1,8.99,1,1,3,4,unexposed,stimulus_relative_context,train,1.0,0.08254740848341946,0.9174525915165805
DEAP:S10:T14,DEAP:S10,T14,1,8.81,1,1,3,4,unexposed,stimulus_relative_context,train,1.0,0.1850782406584086,0.8149217593415914
DEAP:S10:T16,DEAP:S10,T16,0,3.85,1,1,3,4,unexposed,stimulus_relative_context,train,1.0,0.5893323261546703,0.41066767384532965
DEAP:S10:T17,DEAP:S10,T17,0,4.95,1,1,3,4,unexposed,stimulus_relative_context,train,1.0,0.590660487682866,0.40933951231713395
DEAP:S10:T20,DEAP:S10,T20,1,5.58,1,1,3,4,unexposed,stimulus_relative_context,train,1.0,0.6705085353407385,0.32949146465926143
DEAP:S10:T21,DEAP:S10,T21,0,2.97,1,1,3,4,unexposed,stimulus_relative_context,train,1.0,0.876265205902138,0.123734794097862
DEAP:S10:T31,DEAP:S10,T31,0,4.15,1,1,3,4,unexposed,stimulus_relative_context,train,1.0,0.8237983952804577,0.17620160471954222
DEAP:S10:T34,DEAP:S10,T34,0,3.91,1,1,3,4,unexposed,stimulus_relative_context,train,1.0,0.782945995300975,0.217054004699025
DEAP:S10:T37,DEAP:S10,T37,0,2.92,1,1,3,4,unexposed,stimulus_relative_context,train,1.0,0.9407096000724199,0.059290399927580076
DEAP:S10:T38,DEAP:S10,T38,0,1.91,1,1,3,4,unexposed,stimulus_relative_context,train,1.0,0.9667857715483839,0.033214228451616146
DEAP:S10:T39,DEAP:S10,T39,0,2.17,1,1,3,4,unexposed,stimulus_relative_context,train,1.0,0.9142275098778689,0.0857724901221311
DEAP:S10:T40,DEAP:S10,T40,1,5.78,1,1,3,4,unexposed,stimulus_relative_context,train,1.0,0.5557574693551515,0.4442425306448486
DEAP:S13:T02,DEAP:S13,T02,0,4.03,1,1,3,4,unexposed,stimulus_relative_context,train,1.0,0.37797581221936805,0.622024187780632
DEAP:S13:T03,DEAP:S13,T03,1,9.0,1,1,3,4,unexposed,stimulus_relative_context,train,1.0,0.05130839906129503,0.948691600938705
DEAP:S13:T10,DEAP:S13,T10,0,4.01,1,1,3,4,unexposed,stimulus_relative_context,train,1.0,0.8020975209577104,0.1979024790422896
DEAP:S13:T11,DEAP:S13,T11,1,7.04,1,1,3,4,unexposed,stimulus_relative_context,train,1.0,0.15825171547139105,0.841748284528609
DEAP:S13:T14,DEAP:S13,T14,1,7.97,1,1,3,4,unexposed,stimulus_relative_context,train,1.0,0.06591973440557397,0.934080265594426
DEAP:S13:T17,DEAP:S13,T17,1,5.99,1,1,3,4,unexposed,stimulus_relative_context,train,1.0,0.5153289861833308,0.48467101381666916
DEAP:S13:T20,DEAP:S13,T20,1,7.6,1,1,3,4,unexposed,stimulus_relative_context,train,1.0,0.1870247841402196,0.8129752158597804
DEAP:S13:T21,DEAP:S13,T21,0,2.0,1,1,3,4,unexposed,stimulus_relative_context,train,1.0,0.8821268278449877,0.11787317215501224
DEAP:S13:T31,DEAP:S13,T31,0,1.97,1,1,3,4,unexposed,stimulus_relative_context,train,1.0,0.8115771714279226,0.18842282857207734
DEAP:S13:T34,DEAP:S13,T34,0,2.92,1,1,3,4,unexposed,stimulus_relative_context,train,1.0,0.9052387621147652,0.09476123788523486
DEAP:S13:T37,DEAP:S13,T37,0,1.0,1,1,3,4,unexposed,stimulus_relative_context,train,1.0,0.9055887671074188,0.0944112328925813
DEAP:S13:T38,DEAP:S13,T38,0,1.0,1,1,3,4,unexposed,stimulus_relative_context,train,1.0,0.9773495563172397,0.02265044368276031
DEAP:S13:T39,DEAP:S13,T39,0,1.97,1,1,3,4,unexposed,stimulus_relative_context,train,1.0,0.8134149474579214,0.1865850525420786
DEAP:S13:T40,DEAP:S13,T40,0,4.08,1,1,3,4,unexposed,stimulus_relative_context,train,1.0,0.673471540842141,0.32652845915785905
DEAP:S15:T02,DEAP:S15,T02,1,5.04,1,1,3,4,unexposed,stimulus_relative_context,train,1.0,0.18662956980732426,0.8133704301926757
DEAP:S15:T03,DEAP:S15,T03,1,8.04,1,1,3,4,unexposed,stimulus_relative_context,train,1.0,0.44241408641592017,0.5575859135840798
DEAP:S15:T06,DEAP:S15,T06,1,9.0,1,1,3,4,unexposed,stimulus_relative_context,train,1.0,0.21858308840528617,0.7814169115947138
DEAP:S15:T10,DEAP:S15,T10,0,4.99,1,1,3,4,unexposed,stimulus_relative_context,train,1.0,0.6919642799337069,0.30803572006629315
DEAP:S15:T11,DEAP:S15,T11,1,8.99,1,1,3,4,unexposed,stimulus_relative_context,train,1.0,0.055621154548643914,0.9443788454513561
DEAP:S15:T14,DEAP:S15,T14,1,8.15,1,1,3,4,unexposed,stimulus_relative_context,train,1.0,0.07242632745044342,0.9275736725495566
DEAP:S15:T16,DEAP:S15,T16,0,4.17,1,1,3,4,unexposed,stimulus_relative_context,train,1.0,0.8561526533580384,0.14384734664196158
DEAP:S15:T17,DEAP:S15,T17,1,8.1,1,1,3,4,unexposed,stimulus_relative_context,train,1.0,0.4580685741437758,0.5419314258562242
DEAP:S15:T20,DEAP:S15,T20,1,7.97,1,1,3,4,unexposed,stimulus_relative_context,train,1.0,0.21988712380945152,0.7801128761905485
DEAP:S15:T21,DEAP:S15,T21,0,3.09,1,1,3,4,unexposed,stimulus_relative_context,train,1.0,0.9905313827676171,0.00946861723238294
DEAP:S15:T31,DEAP:S15,T31,0,2.99,1,1,3,4,unexposed,stimulus_relative_context,train,1.0,0.788988010791158,0.21101198920884195
DEAP:S15:T34,DEAP:S15,T34,0,3.01,1,1,3,4,unexposed,stimulus_relative_context,train,1.0,0.9589081575796219,0.04109184242037807
DEAP:S15:T37,DEAP:S15,T37,0,3.04,1,1,3,4,unexposed,stimulus_relative_context,train,1.0,0.9146564037646535,0.08534359623534651
DEAP:S15:T39,DEAP:S15,T39,0,4.0,1,1,3,4,unexposed,stimulus_relative_context,train,1.0,0.7587606997557815,0.24123930024421844
DEAP:S15:T40,DEAP:S15,T40,0,4.01,1,1,3,4,unexposed,stimulus_relative_context,train,1.0,0.5118013135239036,0.48819868647609643
DEAP:S16:T02,DEAP:S16,T02,1,6.45,1,1,3,4,unexposed,stimulus_relative_context,train,1.0,0.3247921662045117,0.6752078337954883
DEAP:S16:T03,DEAP:S16,T03,1,6.74,1,1,3,4,unexposed,stimulus_relative_context,train,1.0,0.20609313515985028,0.7939068648401497
DEAP:S16:T06,DEAP:S16,T06,0,4.99,1,1,3,4,unexposed,stimulus_relative_context,train,1.0,0.49608360772720983,0.5039163922727902
DEAP:S16:T10,DEAP:S16,T10,1,5.14,1,1,3,4,unexposed,stimulus_relative_context,train,1.0,0.30012094188903404,0.699879058110966
DEAP:S16:T11,DEAP:S16,T11,1,7.27,1,1,3,4,unexposed,stimulus_relative_context,train,1.0,0.259571196686761,0.740428803313239
DEAP:S16:T14,DEAP:S16,T14,0,3.64,1,1,3,4,unexposed,stimulus_relative_context,train,1.0,0.6076792893388141,0.3923207106611859
DEAP:S16:T16,DEAP:S16,T16,0,4.97,1,1,3,4,unexposed,stimulus_relative_context,train,1.0,0.8674974838871674,0.13250251611283265
DEAP:S16:T17,DEAP:S16,T17,0,1.21,1,1,3,4,unexposed,stimulus_relative_context,train,1.0,0.7658173795965155,0.23418262040348453
DEAP:S16:T20,DEAP:S16,T20,0,3.82,1,1,3,4,unexposed,stimulus_relative_context,train,1.0,0.2854671806692173,0.7145328193307827
DEAP:S16:T21,DEAP:S16,T21,0,4.42,1,1,3,4,unexposed,stimulus_relative_context,train,1.0,0.8839470938239178,0.11605290617608226
DEAP:S16:T31,DEAP:S16,T31,0,3.88,1,1,3,4,unexposed,stimulus_relative_context,train,1.0,0.949890364144434,0.05010963585556608
DEAP:S16:T34,DEAP:S16,T34,0,1.0,1,1,3,4,unexposed,stimulus_relative_context,train,1.0,0.9374619716329443,0.06253802836705567
DEAP:S16:T37,DEAP:S16,T37,1,6.09,1,1,3,4,unexposed,stimulus_relative_context,train,1.0,0.889176251997437,0.11082374800256296
DEAP:S16:T38,DEAP:S16,T38,0,4.27,1,1,3,4,unexposed,stimulus_relative_context,train,1.0,0.8673371999348458,0.1326628000651542
DEAP:S16:T39,DEAP:S16,T39,1,6.13,1,1,3,4,unexposed,stimulus_relative_context,train,1.0,0.3880013531600405,0.6119986468399595
DEAP:S16:T40,DEAP:S16,T40,0,3.74,1,1,3,4,unexposed,stimulus_relative_context,train,1.0,0.895013676786635,0.10498632321336498
DEAP:S17:T03,DEAP:S17,T03,1,6.46,1,1,3,4,unexposed,stimulus_relative_context,train,1.0,0.10501490882398112,0.8949850911760189
DEAP:S17:T06,DEAP:S17,T06,1,6.9,1,1,3,4,unexposed,stimulus_relative_context,train,1.0,0.00640735423157246,0.9935926457684275
DEAP:S17:T10,DEAP:S17,T10,1,6.09,1,1,3,4,unexposed,stimulus_relative_context,train,1.0,0.10630380324650746,0.8936961967534925
DEAP:S17:T11,DEAP:S17,T11,1,6.03,1,1,3,4,unexposed,stimulus_relative_context,train,1.0,0.08546586942976009,0.9145341305702399
DEAP:S17:T14,DEAP:S17,T14,1,6.58,1,1,3,4,unexposed,stimulus_relative_context,train,1.0,0.05726603233928973,0.9427339676607103
DEAP:S17:T16,DEAP:S17,T16,1,5.92,1,1,3,4,unexposed,stimulus_relative_context,train,1.0,0.5929179184600333,0.40708208153996667
DEAP:S17:T17,DEAP:S17,T17,0,4.12,1,1,3,4,unexposed,stimulus_relative_context,train,1.0,0.2991277725201318,0.7008722274798682
DEAP:S17:T20,DEAP:S17,T20,1,7.03,1,1,3,4,unexposed,stimulus_relative_context,train,1.0,0.14638580425539072,0.8536141957446093
DEAP:S17:T21,DEAP:S17,T21,0,4.0,1,1,3,4,unexposed,stimulus_relative_context,train,1.0,0.9163924155292502,0.08360758447074979
DEAP:S17:T31,DEAP:S17,T31,0,4.54,1,1,3,4,unexposed,stimulus_relative_context,train,1.0,0.8523015318963261,0.1476984681036739
DEAP:S17:T34,DEAP:S17,T34,0,4.99,1,1,3,4,unexposed,stimulus_relative_context,train,1.0,0.9431270866871257,0.05687291331287421
DEAP:S17:T37,DEAP:S17,T37,0,3.46,1,1,3,4,unexposed,stimulus_relative_context,train,1.0,0.9305794660489872,0.06942053395101276
DEAP:S17:T38,DEAP:S17,T38,0,3.6,1,1,3,4,unexposed,stimulus_relative_context,train,1.0,0.9906869373168241,0.009313062683175928
DEAP:S17:T39,DEAP:S17,T39,1,7.1,1,1,3,4,unexposed,stimulus_relative_context,train,1.0,0.22177806641985176,0.7782219335801482
DEAP:S17:T40,DEAP:S17,T40,1,5.04,1,1,3,4,unexposed,stimulus_relative_context,train,1.0,0.1314370059405099,0.8685629940594901
DEAP:S19:T02,DEAP:S19,T02,1,6.46,1,1,3,4,unexposed,stimulus_relative_context,train,1.0,0.03819777798874546,0.9618022220112545
DEAP:S19:T03,DEAP:S19,T03,1,6.82,1,1,3,4,unexposed,stimulus_relative_context,train,1.0,0.08355316604555485,0.9164468339544452
DEAP:S19:T06,DEAP:S19,T06,1,7.73,1,1,3,4,unexposed,stimulus_relative_context,train,1.0,0.010663167366105841,0.9893368326338942
DEAP:S19:T10,DEAP:S19,T10,1,5.01,1,1,3,4,unexposed,stimulus_relative_context,train,1.0,0.3898989431347708,0.6101010568652292
DEAP:S19:T11,DEAP:S19,T11,1,5.83,1,1,3,4,unexposed,stimulus_relative_context,train,1.0,0.11160766061693617,0.8883923393830638
DEAP:S19:T14,DEAP:S19,T14,1,6.76,1,1,3,4,unexposed,stimulus_relative_context,train,1.0,0.04937679653893279,0.9506232034610672
DEAP:S19:T16,DEAP:S19,T16,0,3.24,1,1,3,4,unexposed,stimulus_relative_context,train,1.0,0.803045010939424,0.19695498906057593
DEAP:S19:T20,DEAP:S19,T20,1,6.13,1,1,3,4,unexposed,stimulus_relative_context,train,1.0,0.09389573713448207,0.9061042628655179
DEAP:S19:T21,DEAP:S19,T21,0,2.19,1,1,3,4,unexposed,stimulus_relative_context,train,1.0,0.8280342725448646,0.17196572745513533
DEAP:S19:T31,DEAP:S19,T31,1,5.03,1,1,3,4,unexposed,stimulus_relative_context,train,1.0,0.4814610200997379,0.5185389799002621
DEAP:S19:T34,DEAP:S19,T34,0,4.17,1,1,3,4,unexposed,stimulus_relative_context,train,1.0,0.6888999154892459,0.3111000845107541
DEAP:S19:T37,DEAP:S19,T37,0,3.15,1,1,3,4,unexposed,stimulus_relative_context,train,1.0,0.7001497275841362,0.29985027241586387
DEAP:S19:T38,DEAP:S19,T38,0,1.62,1,1,3,4,unexposed,stimulus_relative_context,train,1.0,0.8256522398771624,0.17434776012283754
DEAP:S19:T39,DEAP:S19,T39,1,5.04,1,1,3,4,unexposed,stimulus_relative_context,train,1.0,0.7316720033414335,0.2683279966585666
DEAP:S19:T40,DEAP:S19,T40,0,4.24,1,1,3,4,unexposed,stimulus_relative_context,train,1.0,0.5110837236682395,0.48891627633176044
DEAP:S20:T02,DEAP:S20,T02,1,6.77,1,1,3,4,unexposed,stimulus_relative_context,train,1.0,0.13458982910776818,0.8654101708922318
DEAP:S20:T03,DEAP:S20,T03,1,7.18,1,1,3,4,unexposed,stimulus_relative_context,train,1.0,0.01824668025989129,0.9817533197401087
DEAP:S20:T06,DEAP:S20,T06,1,7.62,1,1,3,4,unexposed,stimulus_relative_context,train,1.0,0.12703615137788082,0.8729638486221192
DEAP:S20:T10,DEAP:S20,T10,1,5.13,1,1,3,4,unexposed,stimulus_relative_context,train,1.0,0.593211466998965,0.40678853300103507
DEAP:S20:T11,DEAP:S20,T11,1,8.18,1,1,3,4,unexposed,stimulus_relative_context,train,1.0,0.02058252352566403,0.979417476474336
DEAP:S20:T14,DEAP:S20,T14,1,6.4,1,1,3,4,unexposed,stimulus_relative_context,train,1.0,0.17643764419748986,0.8235623558025101
DEAP:S20:T16,DEAP:S20,T16,1,5.03,1,1,3,4,unexposed,stimulus_relative_context,train,1.0,0.3431226595815928,0.6568773404184072
DEAP:S20:T17,DEAP:S20,T17,1,5.04,1,1,3,4,unexposed,stimulus_relative_context,train,1.0,0.10816930698478955,0.8918306930152105
DEAP:S20:T20,DEAP:S20,T20,1,6.65,1,1,3,4,unexposed,stimulus_relative_context,train,1.0,0.21469289192015528,0.7853071080798447
DEAP:S20:T31,DEAP:S20,T31,0,4.46,1,1,3,4,unexposed,stimulus_relative_context,train,1.0,0.9229357298790775,0.0770642701209225
DEAP:S20:T37,DEAP:S20,T37,0,3.01,1,1,3,4,unexposed,stimulus_relative_context,train,1.0,0.9431865377137744,0.05681346228622568
DEAP:S20:T38,DEAP:S20,T38,0,3.38,1,1,3,4,unexposed,stimulus_relative_context,train,1.0,0.585607416313682,0.41439258368631804
DEAP:S20:T39,DEAP:S20,T39,0,4.67,1,1,3,4,unexposed,stimulus_relative_context,train,1.0,0.5954235814834801,0.40457641851652
DEAP:S20:T40,DEAP:S20,T40,0,4.94,1,1,3,4,unexposed,stimulus_relative_context,train,1.0,0.450835686218518,0.549164313781482
DEAP:S21:T02,DEAP:S21,T02,1,7.05,1,1,3,4,unexposed,stimulus_relative_context,train,1.0,0.1285737259416171,0.8714262740583829
DEAP:S21:T03,DEAP:S21,T03,0,4.83,1,1,3,4,unexposed,stimulus_relative_context,train,1.0,0.08189674947624015,0.9181032505237599
DEAP:S21:T10,DEAP:S21,T10,1,7.05,1,1,3,4,unexposed,stimulus_relative_context,train,1.0,0.42052324127763696,0.579476758722363
DEAP:S21:T11,DEAP:S21,T11,1,7.05,1,1,3,4,unexposed,stimulus_relative_context,train,1.0,0.05987554280652019,0.9401244571934798
DEAP:S21:T14,DEAP:S21,T14,1,8.1,1,1,3,4,unexposed,stimulus_relative_context,train,1.0,0.06679573582158749,0.9332042641784125
DEAP:S21:T16,DEAP:S21,T16,1,5.99,1,1,3,4,unexposed,stimulus_relative_context,train,1.0,0.3338858404127215,0.6661141595872785
DEAP:S21:T17,DEAP:S21,T17,1,5.53,1,1,3,4,unexposed,stimulus_relative_context,train,1.0,0.19110198155612068,0.8088980184438793
DEAP:S21:T20,DEAP:S21,T20,0,2.33,1,1,3,4,unexposed,stimulus_relative_context,train,1.0,0.1853072005343176,0.8146927994656824
DEAP:S21:T21,DEAP:S21,T21,0,4.08,1,1,3,4,unexposed,stimulus_relative_context,train,1.0,0.721768902463059,0.278231097536941
DEAP:S21:T31,DEAP:S21,T31,1,5.04,1,1,3,4,unexposed,stimulus_relative_context,train,1.0,0.49927966005549285,0.5007203399445072
DEAP:S21:T34,DEAP:S21,T34,0,4.06,1,1,3,4,unexposed,stimulus_relative_context,train,1.0,0.880448292745501,0.11955170725449908
DEAP:S21:T37,DEAP:S21,T37,0,3.04,1,1,3,4,unexposed,stimulus_relative_context,train,1.0,0.8876225769545147,0.1123774230454853
DEAP:S21:T38,DEAP:S21,T38,0,3.03,1,1,3,4,unexposed,stimulus_relative_context,train,1.0,0.7420874909885833,0.25791250901141677
DEAP:S21:T39,DEAP:S21,T39,1,6.09,1,1,3,4,unexposed,stimulus_relative_context,train,1.0,0.38551391336543617,0.6144860866345638
DEAP:S21:T40,DEAP:S21,T40,0,3.99,1,1,3,4,unexposed,stimulus_relative_context,train,1.0,0.5312603702114742,0.46873962978852585
DEAP:S22:T02,DEAP:S22,T02,1,7.08,1,1,3,4,unexposed,stimulus_relative_context,train,1.0,0.5831655980602414,0.4168344019397586
DEAP:S22:T03,DEAP:S22,T03,1,7.05,1,1,3,4,unexposed,stimulus_relative_context,train,1.0,0.24043210157506967,0.7595678984249303
DEAP:S22:T06,DEAP:S22,T06,0,4.97,1,1,3,4,unexposed,stimulus_relative_context,train,1.0,0.48419203753825957,0.5158079624617404
DEAP:S22:T10,DEAP:S22,T10,0,4.0,1,1,3,4,unexposed,stimulus_relative_context,train,1.0,0.8583060606103589,0.14169393938964114
DEAP:S22:T11,DEAP:S22,T11,1,8.05,1,1,3,4,unexposed,stimulus_relative_context,train,1.0,0.23053252863014173,0.7694674713698583
DEAP:S22:T16,DEAP:S22,T16,1,6.06,1,1,3,4,unexposed,stimulus_relative_context,train,1.0,0.22395896745466093,0.7760410325453391
DEAP:S22:T17,DEAP:S22,T17,1,5.04,1,1,3,4,unexposed,stimulus_relative_context,train,1.0,0.5452774371992053,0.45472256280079465
DEAP:S22:T20,DEAP:S22,T20,1,7.08,1,1,3,4,unexposed,stimulus_relative_context,train,1.0,0.35914132126263143,0.6408586787373686
DEAP:S22:T21,DEAP:S22,T21,0,2.97,1,1,3,4,unexposed,stimulus_relative_context,train,1.0,0.8529476207819715,0.14705237921802844
DEAP:S22:T31,DEAP:S22,T31,0,2.01,1,1,3,4,unexposed,stimulus_relative_context,train,1.0,0.9183413759375814,0.08165862406241858
DEAP:S22:T34,DEAP:S22,T34,1,5.04,1,1,3,4,unexposed,stimulus_relative_context,train,1.0,0.8995654030431889,0.10043459695681109
DEAP:S22:T37,DEAP:S22,T37,0,1.0,1,1,3,4,unexposed,stimulus_relative_context,train,1.0,0.9440881448809522,0.05591185511904789
DEAP:S22:T38,DEAP:S22,T38,0,1.0,1,1,3,4,unexposed,stimulus_relative_context,train,1.0,0.9882886862514203,0.011711313748579671
DEAP:S22:T39,DEAP:S22,T39,0,1.0,1,1,3,4,unexposed,stimulus_relative_context,train,1.0,0.6605056689975219,0.33949433100247806
DEAP:S22:T40,DEAP:S22,T40,0,2.97,1,1,3,4,unexposed,stimulus_relative_context,train,1.0,0.518263643199854,0.48173635680014604
DEAP:S23:T02,DEAP:S23,T02,1,9.0,1,1,3,4,unexposed,stimulus_relative_context,train,1.0,0.08581424472643429,0.9141857552735657
DEAP:S23:T03,DEAP:S23,T03,1,7.09,1,1,3,4,unexposed,stimulus_relative_context,train,1.0,0.05388068812572422,0.9461193118742758
DEAP:S23:T06,DEAP:S23,T06,1,5.09,1,1,3,4,unexposed,stimulus_relative_context,train,1.0,0.05486058978058328,0.9451394102194167
DEAP:S23:T10,DEAP:S23,T10,1,5.01,1,1,3,4,unexposed,stimulus_relative_context,train,1.0,0.6436644559928688,0.35633554400713113
DEAP:S23:T11,DEAP:S23,T11,1,7.0,1,1,3,4,unexposed,stimulus_relative_context,train,1.0,0.025733969090767084,0.9742660309092329
DEAP:S23:T14,DEAP:S23,T14,1,8.01,1,1,3,4,unexposed,stimulus_relative_context,train,1.0,0.05925505760729288,0.9407449423927071
DEAP:S23:T16,DEAP:S23,T16,1,5.15,1,1,3,4,unexposed,stimulus_relative_context,train,1.0,0.6094954199955532,0.39050458000444677
DEAP:S23:T17,DEAP:S23,T17,0,2.86,1,1,3,4,unexposed,stimulus_relative_context,train,1.0,0.5881950057758625,0.4118049942241375
DEAP:S23:T20,DEAP:S23,T20,0,3.96,1,1,3,4,unexposed,stimulus_relative_context,train,1.0,0.12053157356973343,0.8794684264302666
DEAP:S23:T21,DEAP:S23,T21,0,1.91,1,1,3,4,unexposed,stimulus_relative_context,train,1.0,0.9277075146193287,0.07229248538067133
DEAP:S23:T31,DEAP:S23,T31,0,4.86,1,1,3,4,unexposed,stimulus_relative_context,train,1.0,0.8944760040790204,0.10552399592097958
DEAP:S23:T34,DEAP:S23,T34,1,6.72,1,1,3,4,unexposed,stimulus_relative_context,train,1.0,0.826032523670714,0.17396747632928597
DEAP:S23:T37,DEAP:S23,T37,0,4.31,1,1,3,4,unexposed,stimulus_relative_context,train,1.0,0.7484195532525222,0.2515804467474778
DEAP:S23:T38,DEAP:S23,T38,0,4.97,1,1,3,4,unexposed,stimulus_relative_context,train,1.0,0.9577780144044632,0.04222198559553686
DEAP:S23:T40,DEAP:S23,T40,0,4.88,1,1,3,4,unexposed,stimulus_relative_context,train,1.0,0.26209905415112966,0.7379009458488703
DEAP:S24:T02,DEAP:S24,T02,1,6.04,1,1,3,4,unexposed,stimulus_relative_context,train,1.0,0.34597088868228854,0.6540291113177115
DEAP:S24:T03,DEAP:S24,T03,1,8.96,1,1,3,4,unexposed,stimulus_relative_context,train,1.0,0.3453568617971092,0.6546431382028908
DEAP:S24:T06,DEAP:S24,T06,1,5.96,1,1,3,4,unexposed,stimulus_relative_context,train,1.0,0.1306280456782669,0.8693719543217331
DEAP:S24:T10,DEAP:S24,T10,1,5.01,1,1,3,4,unexposed,stimulus_relative_context,train,1.0,0.6246824904183501,0.37531750958164994
DEAP:S24:T11,DEAP:S24,T11,1,7.03,1,1,3,4,unexposed,stimulus_relative_context,train,1.0,0.37505366354896275,0.6249463364510373
DEAP:S24:T14,DEAP:S24,T14,1,8.05,1,1,3,4,unexposed,stimulus_relative_context,train,1.0,0.20516555978971762,0.7948344402102824
DEAP:S24:T16,DEAP:S24,T16,0,4.0,1,1,3,4,unexposed,stimulus_relative_context,train,1.0,0.8173197520866858,0.1826802479133142
DEAP:S24:T17,DEAP:S24,T17,0,4.08,1,1,3,4,unexposed,stimulus_relative_context,train,1.0,0.7509725829793277,0.24902741702067238
DEAP:S24:T20,DEAP:S24,T20,0,4.03,1,1,3,4,unexposed,stimulus_relative_context,train,1.0,0.23879065935281607,0.7612093406471839
DEAP:S24:T21,DEAP:S24,T21,0,1.96,1,1,3,4,unexposed,stimulus_relative_context,train,1.0,0.9351397862534623,0.06486021374653768
DEAP:S24:T31,DEAP:S24,T31,0,2.94,1,1,3,4,unexposed,stimulus_relative_context,train,1.0,0.9366021468215256,0.06339785317847432
DEAP:S24:T34,DEAP:S24,T34,0,4.05,1,1,3,4,unexposed,stimulus_relative_context,train,1.0,0.8837011281962334,0.11629887180376663
DEAP:S24:T37,DEAP:S24,T37,0,4.0,1,1,3,4,unexposed,stimulus_relative_context,train,1.0,0.9529981802898331,0.04700181971016692
DEAP:S24:T38,DEAP:S24,T38,0,2.03,1,1,3,4,unexposed,stimulus_relative_context,train,1.0,0.9864099197509552,0.013590080249044867
DEAP:S24:T39,DEAP:S24,T39,0,2.12,1,1,3,4,unexposed,stimulus_relative_context,train,1.0,0.8554871491287139,0.14451285087128612
DEAP:S26:T02,DEAP:S26,T02,1,6.96,1,1,3,4,unexposed,stimulus_relative_context,train,1.0,0.1215593679299467,0.8784406320700533
DEAP:S26:T03,DEAP:S26,T03,1,9.0,1,1,3,4,unexposed,stimulus_relative_context,train,1.0,0.3344361144412372,0.6655638855587628
DEAP:S26:T06,DEAP:S26,T06,1,8.09,1,1,3,4,unexposed,stimulus_relative_context,train,1.0,0.11187364926110965,0.8881263507388903
DEAP:S26:T10,DEAP:S26,T10,0,3.08,1,1,3,4,unexposed,stimulus_relative_context,train,1.0,0.6082870616577134,0.39171293834228654
DEAP:S26:T11,DEAP:S26,T11,1,8.04,1,1,3,4,unexposed,stimulus_relative_context,train,1.0,0.09888899436145993,0.9011110056385401
DEAP:S26:T14,DEAP:S26,T14,1,9.0,1,1,3,4,unexposed,stimulus_relative_context,train,1.0,0.05502449601007431,0.9449755039899257
DEAP:S26:T16,DEAP:S26,T16,1,6.19,1,1,3,4,unexposed,stimulus_relative_context,train,1.0,0.18792547874176602,0.812074521258234
DEAP:S26:T17,DEAP:S26,T17,1,5.04,1,1,3,4,unexposed,stimulus_relative_context,train,1.0,0.10371433698438848,0.8962856630156115
DEAP:S26:T20,DEAP:S26,T20,1,8.08,1,1,3,4,unexposed,stimulus_relative_context,train,1.0,0.09602861122642181,0.9039713887735782
DEAP:S26:T21,DEAP:S26,T21,1,6.06,1,1,3,4,unexposed,stimulus_relative_context,train,1.0,0.4555745517554882,0.5444254482445118
DEAP:S26:T31,DEAP:S26,T31,0,1.97,1,1,3,4,unexposed,stimulus_relative_context,train,1.0,0.9636706965981888,0.036329303401811126
DEAP:S26:T37,DEAP:S26,T37,0,1.0,1,1,3,4,unexposed,stimulus_relative_context,train,1.0,0.9205482391144684,0.07945176088553157
DEAP:S26:T38,DEAP:S26,T38,0,1.15,1,1,3,4,unexposed,stimulus_relative_context,train,1.0,0.9665400907657443,0.03345990923425567
DEAP:S26:T39,DEAP:S26,T39,0,1.95,1,1,3,4,unexposed,stimulus_relative_context,train,1.0,0.5116000215567613,0.48839997844323874
DEAP:S26:T40,DEAP:S26,T40,0,3.06,1,1,3,4,unexposed,stimulus_relative_context,train,1.0,0.836718956747085,0.163281043252915
DEAP:S30:T02,DEAP:S30,T02,1,7.15,1,1,3,4,unexposed,stimulus_relative_context,train,1.0,0.14346487575173283,0.8565351242482672
DEAP:S30:T03,DEAP:S30,T03,1,6.15,1,1,3,4,unexposed,stimulus_relative_context,train,1.0,0.011324329687298906,0.9886756703127011
DEAP:S30:T06,DEAP:S30,T06,1,6.22,1,1,3,4,unexposed,stimulus_relative_context,train,1.0,0.14873063873700543,0.8512693612629946
DEAP:S30:T10,DEAP:S30,T10,1,5.08,1,1,3,4,unexposed,stimulus_relative_context,train,1.0,0.1182935194226169,0.8817064805773831
DEAP:S30:T11,DEAP:S30,T11,1,6.06,1,1,3,4,unexposed,stimulus_relative_context,train,1.0,0.05358603157302544,0.9464139684269746
DEAP:S30:T14,DEAP:S30,T14,1,5.04,1,1,3,4,unexposed,stimulus_relative_context,train,1.0,0.046212805357107034,0.953787194642893
DEAP:S30:T16,DEAP:S30,T16,1,5.04,1,1,3,4,unexposed,stimulus_relative_context,train,1.0,0.2242868772938511,0.7757131227061489
DEAP:S30:T17,DEAP:S30,T17,1,7.13,1,1,3,4,unexposed,stimulus_relative_context,train,1.0,0.012653637457370581,0.9873463625426294
DEAP:S30:T20,DEAP:S30,T20,1,7.26,1,1,3,4,unexposed,stimulus_relative_context,train,1.0,0.07938019733074353,0.9206198026692565
DEAP:S30:T31,DEAP:S30,T31,0,3.86,1,1,3,4,unexposed,stimulus_relative_context,train,1.0,0.7049400171356276,0.2950599828643724
DEAP:S30:T34,DEAP:S30,T34,0,4.99,1,1,3,4,unexposed,stimulus_relative_context,train,1.0,0.7773492659082177,0.2226507340917823
DEAP:S30:T38,DEAP:S30,T38,1,5.04,1,1,3,4,unexposed,stimulus_relative_context,train,1.0,0.8196079394799562,0.18039206052004372
DEAP:S30:T39,DEAP:S30,T39,0,2.97,1,1,3,4,unexposed,stimulus_relative_context,train,1.0,0.6703969994846608,0.3296030005153392
DEAP:S30:T40,DEAP:S30,T40,1,5.05,1,1,3,4,unexposed,stimulus_relative_context,train,1.0,0.6121220745374321,0.387877925462568
DEAP:S31:T02,DEAP:S31,T02,1,5.03,1,1,3,4,unexposed,stimulus_relative_context,train,1.0,0.5858082500688158,0.4141917499311842
DEAP:S31:T03,DEAP:S31,T03,1,8.04,1,1,3,4,unexposed,stimulus_relative_context,train,1.0,0.12041065409064988,0.8795893459093501
DEAP:S31:T06,DEAP:S31,T06,0,4.99,1,1,3,4,unexposed,stimulus_relative_context,train,1.0,0.5513869353128302,0.44861306468716977
DEAP:S31:T11,DEAP:S31,T11,1,9.0,1,1,3,4,unexposed,stimulus_relative_context,train,1.0,0.13750627057094988,0.8624937294290501
DEAP:S31:T14,DEAP:S31,T14,1,8.06,1,1,3,4,unexposed,stimulus_relative_context,train,1.0,0.13547671062811362,0.8645232893718864
DEAP:S31:T16,DEAP:S31,T16,1,6.09,1,1,3,4,unexposed,stimulus_relative_context,train,1.0,0.5154070909942385,0.4845929090057614
DEAP:S31:T17,DEAP:S31,T17,0,4.94,1,1,3,4,unexposed,stimulus_relative_context,train,1.0,0.3445209779102978,0.6554790220897022
DEAP:S31:T20,DEAP:S31,T20,1,6.9,1,1,3,4,unexposed,stimulus_relative_context,train,1.0,0.4151335191794947,0.5848664808205053
DEAP:S31:T21,DEAP:S31,T21,1,5.09,1,1,3,4,unexposed,stimulus_relative_context,train,1.0,0.8852528950893156,0.11474710491068439
DEAP:S31:T34,DEAP:S31,T34,0,1.95,1,1,3,4,unexposed,stimulus_relative_context,train,1.0,0.9643714735163808,0.0356285264836192
DEAP:S31:T38,DEAP:S31,T38,0,1.0,1,1,3,4,unexposed,stimulus_relative_context,train,1.0,0.8608748643312014,0.13912513566879858
DEAP:S31:T39,DEAP:S31,T39,0,1.0,1,1,3,4,unexposed,stimulus_relative_context,train,1.0,0.6880213507644276,0.3119786492355724
DEAP:S31:T40,DEAP:S31,T40,0,3.99,1,1,3,4,unexposed,stimulus_relative_context,train,1.0,0.5413912874289238,0.45860871257107616
DEAP:S32:T02,DEAP:S32,T02,0,4.99,1,1,3,4,unexposed,stimulus_relative_context,train,1.0,0.5733415716915569,0.42665842830844314
DEAP:S32:T03,DEAP:S32,T03,1,8.05,1,1,3,4,unexposed,stimulus_relative_context,train,1.0,0.40458066793720204,0.595419332062798
DEAP:S32:T06,DEAP:S32,T06,1,5.78,1,1,3,4,unexposed,stimulus_relative_context,train,1.0,0.5130388099252989,0.486961190074701
DEAP:S32:T10,DEAP:S32,T10,0,4.08,1,1,3,4,unexposed,stimulus_relative_context,train,1.0,0.5365358051103073,0.4634641948896927
DEAP:S32:T11,DEAP:S32,T11,1,8.24,1,1,3,4,unexposed,stimulus_relative_context,train,1.0,0.284742576938097,0.715257423061903
DEAP:S32:T14,DEAP:S32,T14,1,7.1,1,1,3,4,unexposed,stimulus_relative_context,train,1.0,0.04369331233420104,0.956306687665799
DEAP:S32:T16,DEAP:S32,T16,0,3.97,1,1,3,4,unexposed,stimulus_relative_context,train,1.0,0.8640493691748118,0.13595063082518824
DEAP:S32:T17,DEAP:S32,T17,1,6.09,1,1,3,4,unexposed,stimulus_relative_context,train,1.0,0.3217734195936103,0.6782265804063897
DEAP:S32:T20,DEAP:S32,T20,1,6.03,1,1,3,4,unexposed,stimulus_relative_context,train,1.0,0.18415024744863862,0.8158497525513614
DEAP:S32:T21,DEAP:S32,T21,0,4.12,1,1,3,4,unexposed,stimulus_relative_context,train,1.0,0.8284371015575591,0.17156289844244094
DEAP:S32:T31,DEAP:S32,T31,0,4.17,1,1,3,4,unexposed,stimulus_relative_context,train,1.0,0.9155822535624805,0.08441774643751959
DEAP:S32:T34,DEAP:S32,T34,0,4.05,1,1,3,4,unexposed,stimulus_relative_context,train,1.0,0.8917941743911878,0.10820582560881224
DEAP:S32:T37,DEAP:S32,T37,0,2.81,1,1,3,4,unexposed,stimulus_relative_context,train,1.0,0.9491275639608553,0.05087243603914471
DEAP:S32:T38,DEAP:S32,T38,0,3.05,1,1,3,4,unexposed,stimulus_relative_context,train,1.0,0.9779520758290599,0.022047924170940165
DEAP:S32:T40,DEAP:S32,T40,1,7.15,1,1,3,4,unexposed,stimulus_relative_context,train,1.0,0.5062096222227639,0.49379037777723606
DEAP:S18:T01,DEAP:S18,T01,1,6.33,1,1,3,4,unexposed,stimulus_relative_context,validation_unseen,1.0,0.5997786480044318,0.4002213519955682
DEAP:S18:T12,DEAP:S18,T12,1,5.55,1,1,3,4,unexposed,stimulus_relative_context,validation_unseen,1.0,0.2707158853893116,0.7292841146106884
DEAP:S18:T23,DEAP:S18,T23,0,3.71,1,1,3,4,unexposed,stimulus_relative_context,validation_unseen,1.0,0.4251549656981226,0.5748450343018774
DEAP:S18:T25,DEAP:S18,T25,0,4.23,1,1,3,4,unexposed,stimulus_relative_context,validation_unseen,1.0,0.09394756832057394,0.9060524316794261
DEAP:S18:T26,DEAP:S18,T26,1,5.44,1,1,3,4,unexposed,stimulus_relative_context,validation_unseen,1.0,0.5851550529301648,0.41484494706983527
DEAP:S18:T33,DEAP:S18,T33,0,4.56,1,1,3,4,unexposed,stimulus_relative_context,validation_unseen,1.0,0.3413116909016366,0.6586883090983634
DEAP:S18:T35,DEAP:S18,T35,1,5.12,1,1,3,4,unexposed,stimulus_relative_context,validation_unseen,1.0,0.14885505729363513,0.8511449427063649
DEAP:S25:T01,DEAP:S25,T01,1,8.06,1,1,3,4,unexposed,stimulus_relative_context,validation_unseen,1.0,0.8613708832701945,0.13862911672980555
DEAP:S25:T08,DEAP:S25,T08,1,8.04,1,1,3,4,unexposed,stimulus_relative_context,validation_unseen,1.0,0.6241216665089451,0.3758783334910549
DEAP:S25:T12,DEAP:S25,T12,1,8.04,1,1,3,4,unexposed,stimulus_relative_context,validation_unseen,1.0,0.7768279503283357,0.22317204967166426
DEAP:S25:T23,DEAP:S25,T23,0,2.01,1,1,3,4,unexposed,stimulus_relative_context,validation_unseen,1.0,0.6825859703288796,0.3174140296711204
DEAP:S25:T25,DEAP:S25,T25,0,4.96,1,1,3,4,unexposed,stimulus_relative_context,validation_unseen,1.0,0.7681472167106838,0.23185278328931622
DEAP:S25:T26,DEAP:S25,T26,0,4.99,1,1,3,4,unexposed,stimulus_relative_context,validation_unseen,1.0,0.9076166014087569,0.09238339859124313
DEAP:S25:T33,DEAP:S25,T33,0,1.94,1,1,3,4,unexposed,stimulus_relative_context,validation_unseen,1.0,0.691460744440763,0.30853925555923695
DEAP:S25:T35,DEAP:S25,T35,0,3.03,1,1,3,4,unexposed,stimulus_relative_context,validation_unseen,1.0,0.840775033227362,0.159224966772638
DEAP:S27:T01,DEAP:S27,T01,1,6.03,1,1,3,4,unexposed,stimulus_relative_context,validation_unseen,1.0,0.8904197956972681,0.10958020430273184
DEAP:S27:T08,DEAP:S27,T08,1,8.24,1,1,3,4,unexposed,stimulus_relative_context,validation_unseen,1.0,0.8860120702268537,0.11398792977314627
DEAP:S27:T12,DEAP:S27,T12,0,4.18,1,1,3,4,unexposed,stimulus_relative_context,validation_unseen,1.0,0.874323923858005,0.12567607614199502
DEAP:S27:T23,DEAP:S27,T23,1,8.0,1,1,3,4,unexposed,stimulus_relative_context,validation_unseen,1.0,0.9079168108176604,0.09208318918233961
DEAP:S27:T25,DEAP:S27,T25,0,4.0,1,1,3,4,unexposed,stimulus_relative_context,validation_unseen,1.0,0.5589173390903195,0.44108266090968046
DEAP:S27:T26,DEAP:S27,T26,1,5.04,1,1,3,4,unexposed,stimulus_relative_context,validation_unseen,1.0,0.7620921542759249,0.23790784572407514
DEAP:S27:T33,DEAP:S27,T33,1,5.04,1,1,3,4,unexposed,stimulus_relative_context,validation_unseen,1.0,0.8729547517812605,0.12704524821873953
DEAP:S27:T35,DEAP:S27,T35,0,1.0,1,1,3,4,unexposed,stimulus_relative_context,validation_unseen,1.0,0.760085598787244,0.23991440121275598
DEAP:S29:T01,DEAP:S29,T01,1,6.06,1,1,3,4,unexposed,stimulus_relative_context,validation_unseen,1.0,0.9998203809370155,0.00017961906298448368
DEAP:S29:T08,DEAP:S29,T08,1,7.04,1,1,3,4,unexposed,stimulus_relative_context,validation_unseen,1.0,0.9978758445733833,0.0021241554266167224
DEAP:S29:T12,DEAP:S29,T12,1,6.04,1,1,3,4,unexposed,stimulus_relative_context,validation_unseen,1.0,0.8865539194144014,0.11344608058559856
DEAP:S29:T23,DEAP:S29,T23,0,2.05,1,1,3,4,unexposed,stimulus_relative_context,validation_unseen,1.0,0.9924612779986889,0.007538722001311132
DEAP:S29:T25,DEAP:S29,T25,0,3.03,1,1,3,4,unexposed,stimulus_relative_context,validation_unseen,1.0,0.995869514338283,0.004130485661716993
DEAP:S29:T26,DEAP:S29,T26,0,3.0,1,1,3,4,unexposed,stimulus_relative_context,validation_unseen,1.0,0.976771595072652,0.02322840492734799
DEAP:S29:T33,DEAP:S29,T33,0,1.99,1,1,3,4,unexposed,stimulus_relative_context,validation_unseen,1.0,0.9995534505080901,0.0004465494919099262
DEAP:S29:T35,DEAP:S29,T35,0,1.92,1,1,3,4,unexposed,stimulus_relative_context,validation_unseen,1.0,0.9909618047899841,0.009038195210015953
DEAP:S18:T02,DEAP:S18,T02,1,6.87,1,1,3,4,unexposed,stimulus_relative_context,validation_familiar,1.0,0.22383749541413267,0.7761625045858673
DEAP:S18:T03,DEAP:S18,T03,1,6.36,1,1,3,4,unexposed,stimulus_relative_context,validation_familiar,1.0,0.179724245119797,0.820275754880203
DEAP:S18:T06,DEAP:S18,T06,1,6.51,1,1,3,4,unexposed,stimulus_relative_context,validation_familiar,1.0,0.10637799076541432,0.8936220092345857
DEAP:S18:T10,DEAP:S18,T10,1,6.09,1,1,3,4,unexposed,stimulus_relative_context,validation_familiar,1.0,0.48201251666078293,0.5179874833392171
DEAP:S18:T11,DEAP:S18,T11,1,6.24,1,1,3,4,unexposed,stimulus_relative_context,validation_familiar,1.0,0.1754884395019679,0.8245115604980321
DEAP:S18:T14,DEAP:S18,T14,1,6.62,1,1,3,4,unexposed,stimulus_relative_context,validation_familiar,1.0,0.03206039604004729,0.9679396039599527
DEAP:S18:T16,DEAP:S18,T16,0,4.38,1,1,3,4,unexposed,stimulus_relative_context,validation_familiar,1.0,0.0699837101575308,0.9300162898424692
DEAP:S18:T17,DEAP:S18,T17,1,7.74,1,1,3,4,unexposed,stimulus_relative_context,validation_familiar,1.0,0.3940949782847136,0.6059050217152864
DEAP:S18:T20,DEAP:S18,T20,1,6.24,1,1,3,4,unexposed,stimulus_relative_context,validation_familiar,1.0,0.16801183458760982,0.8319881654123902
DEAP:S18:T21,DEAP:S18,T21,0,3.92,1,1,3,4,unexposed,stimulus_relative_context,validation_familiar,1.0,0.5632699262989382,0.43673007370106176
DEAP:S18:T31,DEAP:S18,T31,0,4.44,1,1,3,4,unexposed,stimulus_relative_context,validation_familiar,1.0,0.4712836865880097,0.5287163134119903
DEAP:S18:T34,DEAP:S18,T34,0,4.15,1,1,3,4,unexposed,stimulus_relative_context,validation_familiar,1.0,0.6258708199516874,0.37412918004831264
DEAP:S18:T37,DEAP:S18,T37,0,4.0,1,1,3,4,unexposed,stimulus_relative_context,validation_familiar,1.0,0.5203804700118071,0.4796195299881929
DEAP:S18:T38,DEAP:S18,T38,0,4.51,1,1,3,4,unexposed,stimulus_relative_context,validation_familiar,1.0,0.5316531722926476,0.4683468277073524
DEAP:S18:T39,DEAP:S18,T39,0,4.06,1,1,3,4,unexposed,stimulus_relative_context,validation_familiar,1.0,0.37186309247595783,0.6281369075240422
DEAP:S25:T02,DEAP:S25,T02,0,2.99,1,1,3,4,unexposed,stimulus_relative_context,validation_familiar,1.0,0.327482013369384,0.672517986630616
DEAP:S25:T03,DEAP:S25,T03,1,7.12,1,1,3,4,unexposed,stimulus_relative_context,validation_familiar,1.0,0.22849878221311604,0.771501217786884
DEAP:S25:T10,DEAP:S25,T10,0,1.0,1,1,3,4,unexposed,stimulus_relative_context,validation_familiar,1.0,0.9117886923532629,0.08821130764673712
DEAP:S25:T11,DEAP:S25,T11,1,9.0,1,1,3,4,unexposed,stimulus_relative_context,validation_familiar,1.0,0.43361109319770974,0.5663889068022903
DEAP:S25:T14,DEAP:S25,T14,1,8.09,1,1,3,4,unexposed,stimulus_relative_context,validation_familiar,1.0,0.11844850029764631,0.8815514997023537
DEAP:S25:T16,DEAP:S25,T16,1,6.05,1,1,3,4,unexposed,stimulus_relative_context,validation_familiar,1.0,0.9710780898715696,0.028921910128430324
DEAP:S25:T17,DEAP:S25,T17,1,5.04,1,1,3,4,unexposed,stimulus_relative_context,validation_familiar,1.0,0.41836212839928655,0.5816378716007135
DEAP:S25:T20,DEAP:S25,T20,1,7.08,1,1,3,4,unexposed,stimulus_relative_context,validation_familiar,1.0,0.40395469631771974,0.5960453036822803
DEAP:S25:T21,DEAP:S25,T21,1,6.03,1,1,3,4,unexposed,stimulus_relative_context,validation_familiar,1.0,0.9528748512231033,0.04712514877689666
DEAP:S25:T31,DEAP:S25,T31,0,1.01,1,1,3,4,unexposed,stimulus_relative_context,validation_familiar,1.0,0.9389727520290979,0.061027247970902136
DEAP:S25:T34,DEAP:S25,T34,0,4.95,1,1,3,4,unexposed,stimulus_relative_context,validation_familiar,1.0,0.9862507513152997,0.0137492486847003
DEAP:S25:T37,DEAP:S25,T37,0,1.0,1,1,3,4,unexposed,stimulus_relative_context,validation_familiar,1.0,0.9490602877553362,0.050939712244663725
DEAP:S25:T38,DEAP:S25,T38,0,1.0,1,1,3,4,unexposed,stimulus_relative_context,validation_familiar,1.0,0.9654758788093744,0.03452412119062566
DEAP:S25:T39,DEAP:S25,T39,0,1.0,1,1,3,4,unexposed,stimulus_relative_context,validation_familiar,1.0,0.9120079986443751,0.08799200135562488
DEAP:S25:T40,DEAP:S25,T40,0,1.0,1,1,3,4,unexposed,stimulus_relative_context,validation_familiar,1.0,0.8674620929906625,0.1325379070093376
DEAP:S27:T02,DEAP:S27,T02,1,7.0,1,1,3,4,unexposed,stimulus_relative_context,validation_familiar,1.0,0.367857400723568,0.632142599276432
DEAP:S27:T03,DEAP:S27,T03,1,9.0,1,1,3,4,unexposed,stimulus_relative_context,validation_familiar,1.0,0.25046552613227746,0.7495344738677225
DEAP:S27:T06,DEAP:S27,T06,1,7.0,1,1,3,4,unexposed,stimulus_relative_context,validation_familiar,1.0,0.6255642909404864,0.3744357090595136
DEAP:S27:T10,DEAP:S27,T10,1,6.01,1,1,3,4,unexposed,stimulus_relative_context,validation_familiar,1.0,0.9272217808373329,0.07277821916266711
DEAP:S27:T11,DEAP:S27,T11,1,9.0,1,1,3,4,unexposed,stimulus_relative_context,validation_familiar,1.0,0.22866712045766358,0.7713328795423364
DEAP:S27:T14,DEAP:S27,T14,1,8.06,1,1,3,4,unexposed,stimulus_relative_context,validation_familiar,1.0,0.18666232517892611,0.8133376748210739
DEAP:S27:T16,DEAP:S27,T16,1,8.06,1,1,3,4,unexposed,stimulus_relative_context,validation_familiar,1.0,0.9756462674575628,0.02435373254243721
DEAP:S27:T17,DEAP:S27,T17,1,9.0,1,1,3,4,unexposed,stimulus_relative_context,validation_familiar,1.0,0.8498335951842183,0.1501664048157817
DEAP:S27:T20,DEAP:S27,T20,1,6.97,1,1,3,4,unexposed,stimulus_relative_context,validation_familiar,1.0,0.35873272441411297,0.641267275585887
DEAP:S27:T21,DEAP:S27,T21,1,9.0,1,1,3,4,unexposed,stimulus_relative_context,validation_familiar,1.0,0.9850506625146664,0.01494933748533354
DEAP:S27:T31,DEAP:S27,T31,1,5.08,1,1,3,4,unexposed,stimulus_relative_context,validation_familiar,1.0,0.8828812394071435,0.11711876059285659
DEAP:S27:T34,DEAP:S27,T34,0,2.85,1,1,3,4,unexposed,stimulus_relative_context,validation_familiar,1.0,0.9813283861467241,0.018671613853275922
DEAP:S27:T37,DEAP:S27,T37,0,2.99,1,1,3,4,unexposed,stimulus_relative_context,validation_familiar,1.0,0.973987752743982,0.02601224725601798
DEAP:S27:T38,DEAP:S27,T38,0,1.0,1,1,3,4,unexposed,stimulus_relative_context,validation_familiar,1.0,0.9964080473938102,0.003591952606189842
DEAP:S27:T39,DEAP:S27,T39,0,2.14,1,1,3,4,unexposed,stimulus_relative_context,validation_familiar,1.0,0.9835357472347522,0.016464252765247735
DEAP:S27:T40,DEAP:S27,T40,1,5.04,1,1,3,4,unexposed,stimulus_relative_context,validation_familiar,1.0,0.7934103601532871,0.2065896398467128
DEAP:S29:T02,DEAP:S29,T02,1,7.05,1,1,3,4,unexposed,stimulus_relative_context,validation_familiar,1.0,0.8048382376792158,0.19516176232078417
DEAP:S29:T03,DEAP:S29,T03,1,9.0,1,1,3,4,unexposed,stimulus_relative_context,validation_familiar,1.0,0.1458913179584418,0.8541086820415582
DEAP:S29:T06,DEAP:S29,T06,1,8.03,1,1,3,4,unexposed,stimulus_relative_context,validation_familiar,1.0,0.883972213585371,0.11602778641462896
DEAP:S29:T10,DEAP:S29,T10,1,7.01,1,1,3,4,unexposed,stimulus_relative_context,validation_familiar,1.0,0.9995064931953027,0.0004935068046972641
DEAP:S29:T11,DEAP:S29,T11,1,8.03,1,1,3,4,unexposed,stimulus_relative_context,validation_familiar,1.0,0.6859013527456317,0.31409864725436837
DEAP:S29:T14,DEAP:S29,T14,1,8.06,1,1,3,4,unexposed,stimulus_relative_context,validation_familiar,1.0,0.6978166083900696,0.3021833916099303
DEAP:S29:T16,DEAP:S29,T16,0,3.0,1,1,3,4,unexposed,stimulus_relative_context,validation_familiar,1.0,0.9992299122559364,0.0007700877440636013
DEAP:S29:T17,DEAP:S29,T17,1,5.08,1,1,3,4,unexposed,stimulus_relative_context,validation_familiar,1.0,0.9562057103546933,0.04379428964530675
DEAP:S29:T20,DEAP:S29,T20,1,8.03,1,1,3,4,unexposed,stimulus_relative_context,validation_familiar,1.0,0.9909913890091046,0.009008610990895416
DEAP:S29:T21,DEAP:S29,T21,0,2.92,1,1,3,4,unexposed,stimulus_relative_context,validation_familiar,1.0,0.9998878089363377,0.00011219106366231592
DEAP:S29:T31,DEAP:S29,T31,0,1.0,1,1,3,4,unexposed,stimulus_relative_context,validation_familiar,1.0,0.9957885133690774,0.004211486630922661
DEAP:S29:T34,DEAP:S29,T34,0,3.95,1,1,3,4,unexposed,stimulus_relative_context,validation_familiar,1.0,0.9998994323113916,0.00010056768860844747
DEAP:S29:T37,DEAP:S29,T37,1,5.01,1,1,3,4,unexposed,stimulus_relative_context,validation_familiar,1.0,0.997938777051991,0.0020612229480090286
DEAP:S29:T38,DEAP:S29,T38,0,1.88,1,1,3,4,unexposed,stimulus_relative_context,validation_familiar,1.0,0.9990665012007257,0.0009334987992742603
DEAP:S29:T39,DEAP:S29,T39,1,6.05,1,1,3,4,unexposed,stimulus_relative_context,validation_familiar,1.0,0.9921974633119546,0.007802536688045372
DEAP:S29:T40,DEAP:S29,T40,1,6.01,1,1,3,4,unexposed,stimulus_relative_context,validation_familiar,1.0,0.9981771842153123,0.0018228157846876714
DEAP:S01:T02,DEAP:S01,T02,1,8.1,1,1,3,4,unexposed,stimulus_relative_context,train,10.0,0.34286973355586325,0.6571302664441367
DEAP:S01:T03,DEAP:S01,T03,1,8.58,1,1,3,4,unexposed,stimulus_relative_context,train,10.0,0.28827014437942844,0.7117298556205716
DEAP:S01:T06,DEAP:S01,T06,1,8.27,1,1,3,4,unexposed,stimulus_relative_context,train,10.0,0.12238001240073704,0.877619987599263
DEAP:S01:T10,DEAP:S01,T10,0,1.99,1,1,3,4,unexposed,stimulus_relative_context,train,10.0,0.849013805628654,0.150986194371346
DEAP:S01:T11,DEAP:S01,T11,0,2.99,1,1,3,4,unexposed,stimulus_relative_context,train,10.0,0.16615410127871932,0.8338458987212807
DEAP:S01:T14,DEAP:S01,T14,0,4.18,1,1,3,4,unexposed,stimulus_relative_context,train,10.0,0.5542435754891487,0.4457564245108513
DEAP:S01:T16,DEAP:S01,T16,1,6.81,1,1,3,4,unexposed,stimulus_relative_context,train,10.0,0.622627156607817,0.3773728433921831
DEAP:S01:T17,DEAP:S01,T17,0,2.46,1,1,3,4,unexposed,stimulus_relative_context,train,10.0,0.7985529805257183,0.20144701947428165
DEAP:S01:T20,DEAP:S01,T20,1,8.26,1,1,3,4,unexposed,stimulus_relative_context,train,10.0,0.07460031169584114,0.9253996883041589
DEAP:S01:T21,DEAP:S01,T21,1,9.0,1,1,3,4,unexposed,stimulus_relative_context,train,10.0,0.8071573148611472,0.1928426851388528
DEAP:S01:T31,DEAP:S01,T31,0,3.03,1,1,3,4,unexposed,stimulus_relative_context,train,10.0,0.7468415971820617,0.2531584028179384
DEAP:S01:T34,DEAP:S01,T34,0,2.28,1,1,3,4,unexposed,stimulus_relative_context,train,10.0,0.9911959642387029,0.008804035761297074
DEAP:S01:T37,DEAP:S01,T37,0,2.31,1,1,3,4,unexposed,stimulus_relative_context,train,10.0,0.9918128822538864,0.008187117746113625
DEAP:S01:T38,DEAP:S01,T38,0,3.33,1,1,3,4,unexposed,stimulus_relative_context,train,10.0,0.6722651396771244,0.3277348603228756
DEAP:S01:T39,DEAP:S01,T39,0,3.24,1,1,3,4,unexposed,stimulus_relative_context,train,10.0,0.8959062022384974,0.10409379776150263
DEAP:S02:T02,DEAP:S02,T02,1,8.01,1,1,3,4,unexposed,stimulus_relative_context,train,10.0,0.01842021480622591,0.9815797851937741
DEAP:S02:T03,DEAP:S02,T03,1,9.0,1,1,3,4,unexposed,stimulus_relative_context,train,10.0,0.016016584500140096,0.9839834154998599
DEAP:S02:T10,DEAP:S02,T10,0,4.99,1,1,3,4,unexposed,stimulus_relative_context,train,10.0,0.6399532461634867,0.3600467538365133
DEAP:S02:T11,DEAP:S02,T11,1,7.08,1,1,3,4,unexposed,stimulus_relative_context,train,10.0,0.02155165854742458,0.9784483414525754
DEAP:S02:T14,DEAP:S02,T14,1,8.94,1,1,3,4,unexposed,stimulus_relative_context,train,10.0,0.020455241946015335,0.9795447580539847
DEAP:S02:T17,DEAP:S02,T17,1,9.0,1,1,3,4,unexposed,stimulus_relative_context,train,10.0,0.02789109003721313,0.9721089099627869
DEAP:S02:T20,DEAP:S02,T20,1,8.97,1,1,3,4,unexposed,stimulus_relative_context,train,10.0,0.15152713117347283,0.8484728688265272
DEAP:S02:T21,DEAP:S02,T21,0,1.0,1,1,3,4,unexposed,stimulus_relative_context,train,10.0,0.9531494714674389,0.046850528532561164
DEAP:S02:T31,DEAP:S02,T31,0,4.06,1,1,3,4,unexposed,stimulus_relative_context,train,10.0,0.8752979750749584,0.12470202492504157
DEAP:S02:T34,DEAP:S02,T34,0,4.87,1,1,3,4,unexposed,stimulus_relative_context,train,10.0,0.9800812135068439,0.019918786493156107
DEAP:S02:T37,DEAP:S02,T37,0,1.0,1,1,3,4,unexposed,stimulus_relative_context,train,10.0,0.9532495606042624,0.04675043939573767
DEAP:S02:T38,DEAP:S02,T38,0,1.0,1,1,3,4,unexposed,stimulus_relative_context,train,10.0,0.9225638315852722,0.07743616841472782
DEAP:S02:T39,DEAP:S02,T39,0,1.0,1,1,3,4,unexposed,stimulus_relative_context,train,10.0,0.8039455521519202,0.1960544478480798
DEAP:S02:T40,DEAP:S02,T40,1,6.05,1,1,3,4,unexposed,stimulus_relative_context,train,10.0,0.28649187935540865,0.7135081206445913
DEAP:S03:T02,DEAP:S03,T02,1,7.21,1,1,3,4,unexposed,stimulus_relative_context,train,10.0,0.06827695372736675,0.9317230462726332
DEAP:S03:T03,DEAP:S03,T03,1,7.55,1,1,3,4,unexposed,stimulus_relative_context,train,10.0,0.1846866552010994,0.8153133447989006
DEAP:S03:T06,DEAP:S03,T06,1,6.79,1,1,3,4,unexposed,stimulus_relative_context,train,10.0,0.26003736629226293,0.7399626337077371
DEAP:S03:T10,DEAP:S03,T10,0,4.45,1,1,3,4,unexposed,stimulus_relative_context,train,10.0,0.7687831675047239,0.2312168324952761
DEAP:S03:T11,DEAP:S03,T11,1,7.94,1,1,3,4,unexposed,stimulus_relative_context,train,10.0,0.014816166298711964,0.985183833701288
DEAP:S03:T14,DEAP:S03,T14,1,7.29,1,1,3,4,unexposed,stimulus_relative_context,train,10.0,0.025508029617732464,0.9744919703822675
DEAP:S03:T16,DEAP:S03,T16,1,7.15,1,1,3,4,unexposed,stimulus_relative_context,train,10.0,0.15566407082101164,0.8443359291789884
DEAP:S03:T17,DEAP:S03,T17,0,4.56,1,1,3,4,unexposed,stimulus_relative_context,train,10.0,0.714690348836527,0.285309651163473
DEAP:S03:T20,DEAP:S03,T20,1,6.26,1,1,3,4,unexposed,stimulus_relative_context,train,10.0,0.06909201119214858,0.9309079888078514
DEAP:S03:T21,DEAP:S03,T21,0,4.99,1,1,3,4,unexposed,stimulus_relative_context,train,10.0,0.7923536055195726,0.2076463944804274
DEAP:S03:T31,DEAP:S03,T31,0,4.44,1,1,3,4,unexposed,stimulus_relative_context,train,10.0,0.6672299180007306,0.33277008199926933
DEAP:S03:T34,DEAP:S03,T34,0,4.72,1,1,3,4,unexposed,stimulus_relative_context,train,10.0,0.835398276218794,0.16460172378120594
DEAP:S03:T37,DEAP:S03,T37,0,4.92,1,1,3,4,unexposed,stimulus_relative_context,train,10.0,0.980244188146288,0.01975581185371201
DEAP:S03:T39,DEAP:S03,T39,0,4.33,1,1,3,4,unexposed,stimulus_relative_context,train,10.0,0.867109119063866,0.13289088093613402
DEAP:S03:T40,DEAP:S03,T40,1,5.38,1,1,3,4,unexposed,stimulus_relative_context,train,10.0,0.550124017157146,0.44987598284285396
DEAP:S04:T02,DEAP:S04,T02,0,4.06,1,1,3,4,unexposed,stimulus_relative_context,train,10.0,0.10720429332689929,0.8927957066731007
DEAP:S04:T03,DEAP:S04,T03,1,8.95,1,1,3,4,unexposed,stimulus_relative_context,train,10.0,0.01602225009864411,0.9839777499013559
DEAP:S04:T06,DEAP:S04,T06,1,5.01,1,1,3,4,unexposed,stimulus_relative_context,train,10.0,0.1895934118203394,0.8104065881796606
DEAP:S04:T10,DEAP:S04,T10,0,3.15,1,1,3,4,unexposed,stimulus_relative_context,train,10.0,0.8598156895516709,0.14018431044832919
DEAP:S04:T11,DEAP:S04,T11,1,7.24,1,1,3,4,unexposed,stimulus_relative_context,train,10.0,0.30505249705018656,0.6949475029498134
DEAP:S04:T14,DEAP:S04,T14,1,6.96,1,1,3,4,unexposed,stimulus_relative_context,train,10.0,0.2396421097645095,0.7603578902354905
DEAP:S04:T16,DEAP:S04,T16,0,2.51,1,1,3,4,unexposed,stimulus_relative_context,train,10.0,0.7003604695275069,0.29963953047249314
DEAP:S04:T17,DEAP:S04,T17,1,7.01,1,1,3,4,unexposed,stimulus_relative_context,train,10.0,0.7742759806166404,0.22572401938335962
DEAP:S04:T20,DEAP:S04,T20,1,8.17,1,1,3,4,unexposed,stimulus_relative_context,train,10.0,0.0157448929830436,0.9842551070169564
DEAP:S04:T21,DEAP:S04,T21,0,1.77,1,1,3,4,unexposed,stimulus_relative_context,train,10.0,0.9985878380493295,0.0014121619506705261
DEAP:S04:T31,DEAP:S04,T31,0,2.01,1,1,3,4,unexposed,stimulus_relative_context,train,10.0,0.9435933336521743,0.0564066663478257
DEAP:S04:T34,DEAP:S04,T34,0,2.17,1,1,3,4,unexposed,stimulus_relative_context,train,10.0,0.9411960990765468,0.05880390092345321
DEAP:S04:T37,DEAP:S04,T37,0,1.0,1,1,3,4,unexposed,stimulus_relative_context,train,10.0,0.9476475895413822,0.05235241045861778
DEAP:S04:T38,DEAP:S04,T38,0,1.79,1,1,3,4,unexposed,stimulus_relative_context,train,10.0,0.824917324317422,0.17508267568257793
DEAP:S04:T39,DEAP:S04,T39,0,1.92,1,1,3,4,unexposed,stimulus_relative_context,train,10.0,0.9650883009122231,0.03491169908777689
DEAP:S04:T40,DEAP:S04,T40,0,1.86,1,1,3,4,unexposed,stimulus_relative_context,train,10.0,0.8752680855019332,0.12473191449806678
DEAP:S05:T03,DEAP:S05,T03,0,4.95,1,1,3,4,unexposed,stimulus_relative_context,train,10.0,0.3676172208303471,0.6323827791696529
DEAP:S05:T10,DEAP:S05,T10,0,3.03,1,1,3,4,unexposed,stimulus_relative_context,train,10.0,0.6110763493289848,0.38892365067101514
DEAP:S05:T11,DEAP:S05,T11,1,9.0,1,1,3,4,unexposed,stimulus_relative_context,train,10.0,0.027818998561100594,0.9721810014388994
DEAP:S05:T14,DEAP:S05,T14,1,7.21,1,1,3,4,unexposed,stimulus_relative_context,train,10.0,0.16956842680284012,0.8304315731971599
DEAP:S05:T16,DEAP:S05,T16,1,5.96,1,1,3,4,unexposed,stimulus_relative_context,train,10.0,0.19612346234964984,0.8038765376503502
DEAP:S05:T17,DEAP:S05,T17,1,6.88,1,1,3,4,unexposed,stimulus_relative_context,train,10.0,0.28260872698869766,0.7173912730113023
DEAP:S05:T20,DEAP:S05,T20,1,7.0,1,1,3,4,unexposed,stimulus_relative_context,train,10.0,0.13589317242268317,0.8641068275773168
DEAP:S05:T21,DEAP:S05,T21,0,4.0,1,1,3,4,unexposed,stimulus_relative_context,train,10.0,0.994651534699201,0.005348465300798987
DEAP:S05:T31,DEAP:S05,T31,1,6.9,1,1,3,4,unexposed,stimulus_relative_context,train,10.0,0.4320048583259516,0.5679951416740484
DEAP:S05:T37,DEAP:S05,T37,0,1.91,1,1,3,4,unexposed,stimulus_relative_context,train,10.0,0.8755427240218474,0.1244572759781526
DEAP:S05:T38,DEAP:S05,T38,0,1.0,1,1,3,4,unexposed,stimulus_relative_context,train,10.0,0.9788745639435049,0.02112543605649513
DEAP:S05:T39,DEAP:S05,T39,0,1.0,1,1,3,4,unexposed,stimulus_relative_context,train,10.0,0.7919053079381201,0.2080946920618799
DEAP:S05:T40,DEAP:S05,T40,1,7.0,1,1,3,4,unexposed,stimulus_relative_context,train,10.0,0.19963398427119128,0.8003660157288087
DEAP:S06:T02,DEAP:S06,T02,1,6.83,1,1,3,4,unexposed,stimulus_relative_context,train,10.0,0.017341180336221895,0.9826588196637781
DEAP:S06:T03,DEAP:S06,T03,1,7.69,1,1,3,4,unexposed,stimulus_relative_context,train,10.0,0.01330384320461142,0.9866961567953886
DEAP:S06:T06,DEAP:S06,T06,1,8.05,1,1,3,4,unexposed,stimulus_relative_context,train,10.0,0.0060960580674482845,0.9939039419325517
DEAP:S06:T10,DEAP:S06,T10,1,7.37,1,1,3,4,unexposed,stimulus_relative_context,train,10.0,0.0982141627072668,0.9017858372927332
DEAP:S06:T11,DEAP:S06,T11,0,4.99,1,1,3,4,unexposed,stimulus_relative_context,train,10.0,0.009516752223483138,0.9904832477765169
DEAP:S06:T14,DEAP:S06,T14,1,6.32,1,1,3,4,unexposed,stimulus_relative_context,train,10.0,0.00010724678288698275,0.999892753217113
DEAP:S06:T16,DEAP:S06,T16,1,5.06,1,1,3,4,unexposed,stimulus_relative_context,train,10.0,0.21233609547458265,0.7876639045254173
DEAP:S06:T17,DEAP:S06,T17,1,6.72,1,1,3,4,unexposed,stimulus_relative_context,train,10.0,0.14012274063768004,0.85987725936232
DEAP:S06:T20,DEAP:S06,T20,1,5.01,1,1,3,4,unexposed,stimulus_relative_context,train,10.0,0.15979914063274037,0.8402008593672596
DEAP:S06:T21,DEAP:S06,T21,1,6.28,1,1,3,4,unexposed,stimulus_relative_context,train,10.0,0.8044084599459106,0.19559154005408944
DEAP:S06:T34,DEAP:S06,T34,0,3.31,1,1,3,4,unexposed,stimulus_relative_context,train,10.0,0.6460920442072686,0.3539079557927313
DEAP:S06:T37,DEAP:S06,T37,0,4.83,1,1,3,4,unexposed,stimulus_relative_context,train,10.0,0.8044948458817274,0.19550515411827266
DEAP:S06:T39,DEAP:S06,T39,1,6.56,1,1,3,4,unexposed,stimulus_relative_context,train,10.0,0.4805112719184289,0.5194887280815711
DEAP:S07:T02,DEAP:S07,T02,1,7.15,1,1,3,4,unexposed,stimulus_relative_context,train,10.0,0.018758399330361386,0.9812416006696386
DEAP:S07:T03,DEAP:S07,T03,1,7.1,1,1,3,4,unexposed,stimulus_relative_context,train,10.0,0.0005317835800877635,0.9994682164199122
DEAP:S07:T06,DEAP:S07,T06,1,6.97,1,1,3,4,unexposed,stimulus_relative_context,train,10.0,0.004800566642199633,0.9951994333578004
DEAP:S07:T10,DEAP:S07,T10,1,7.09,1,1,3,4,unexposed,stimulus_relative_context,train,10.0,0.025329173243720304,0.9746708267562797
DEAP:S07:T14,DEAP:S07,T14,1,7.09,1,1,3,4,unexposed,stimulus_relative_context,train,10.0,0.004285263990832178,0.9957147360091678
DEAP:S07:T16,DEAP:S07,T16,0,3.03,1,1,3,4,unexposed,stimulus_relative_context,train,10.0,0.8826605602545714,0.11733943974542864
DEAP:S07:T17,DEAP:S07,T17,1,7.12,1,1,3,4,unexposed,stimulus_relative_context,train,10.0,0.02100996869929639,0.9789900313007036
DEAP:S07:T20,DEAP:S07,T20,1,8.06,1,1,3,4,unexposed,stimulus_relative_context,train,10.0,3.432967191807634e-05,0.9999656703280819
DEAP:S07:T21,DEAP:S07,T21,0,3.12,1,1,3,4,unexposed,stimulus_relative_context,train,10.0,0.7026658976202996,0.29733410237970037
DEAP:S07:T31,DEAP:S07,T31,1,6.96,1,1,3,4,unexposed,stimulus_relative_context,train,10.0,0.4909663721679628,0.5090336278320372
DEAP:S07:T34,DEAP:S07,T34,0,4.01,1,1,3,4,unexposed,stimulus_relative_context,train,10.0,0.7918170538666248,0.2081829461333752
DEAP:S07:T37,DEAP:S07,T37,1,5.05,1,1,3,4,unexposed,stimulus_relative_context,train,10.0,0.35905226450226846,0.6409477354977315
DEAP:S07:T38,DEAP:S07,T38,1,5.03,1,1,3,4,unexposed,stimulus_relative_context,train,10.0,0.37094862441684995,0.62905137558315
DEAP:S07:T39,DEAP:S07,T39,1,7.01,1,1,3,4,unexposed,stimulus_relative_context,train,10.0,0.03932075476856978,0.9606792452314302
DEAP:S07:T40,DEAP:S07,T40,1,7.01,1,1,3,4,unexposed,stimulus_relative_context,train,10.0,0.004053907176405636,0.9959460928235944
DEAP:S08:T02,DEAP:S08,T02,1,5.04,1,1,3,4,unexposed,stimulus_relative_context,train,10.0,0.0960007021880035,0.9039992978119965
DEAP:S08:T03,DEAP:S08,T03,1,8.15,1,1,3,4,unexposed,stimulus_relative_context,train,10.0,0.0008350295201808855,0.9991649704798191
DEAP:S08:T06,DEAP:S08,T06,1,7.4,1,1,3,4,unexposed,stimulus_relative_context,train,10.0,0.004494766541879414,0.9955052334581206
DEAP:S08:T10,DEAP:S08,T10,0,4.97,1,1,3,4,unexposed,stimulus_relative_context,train,10.0,0.8156243356394299,0.1843756643605701
DEAP:S08:T11,DEAP:S08,T11,1,8.41,1,1,3,4,unexposed,stimulus_relative_context,train,10.0,0.0009244292851966485,0.9990755707148034
DEAP:S08:T14,DEAP:S08,T14,1,6.88,1,1,3,4,unexposed,stimulus_relative_context,train,10.0,0.028046568918933312,0.9719534310810667
DEAP:S08:T16,DEAP:S08,T16,0,4.21,1,1,3,4,unexposed,stimulus_relative_context,train,10.0,0.7566857212032226,0.24331427879677736
DEAP:S08:T17,DEAP:S08,T17,1,6.67,1,1,3,4,unexposed,stimulus_relative_context,train,10.0,0.0022874929836194102,0.9977125070163806
DEAP:S08:T20,DEAP:S08,T20,1,6.74,1,1,3,4,unexposed,stimulus_relative_context,train,10.0,0.003892947945501546,0.9961070520544985
DEAP:S08:T21,DEAP:S08,T21,0,4.68,1,1,3,4,unexposed,stimulus_relative_context,train,10.0,0.8960881756547301,0.10391182434526997
DEAP:S08:T31,DEAP:S08,T31,0,1.45,1,1,3,4,unexposed,stimulus_relative_context,train,10.0,0.9524250312001109,0.047574968799889115
DEAP:S08:T37,DEAP:S08,T37,1,5.06,1,1,3,4,unexposed,stimulus_relative_context,train,10.0,0.2303315221104748,0.7696684778895252
DEAP:S08:T38,DEAP:S08,T38,0,4.72,1,1,3,4,unexposed,stimulus_relative_context,train,10.0,0.9456945768210528,0.05430542317894716
DEAP:S08:T39,DEAP:S08,T39,1,5.05,1,1,3,4,unexposed,stimulus_relative_context,train,10.0,0.1538010445093605,0.8461989554906395
DEAP:S08:T40,DEAP:S08,T40,0,3.13,1,1,3,4,unexposed,stimulus_relative_context,train,10.0,0.9502291461149731,0.04977085388502686
DEAP:S09:T02,DEAP:S09,T02,1,7.08,1,1,3,4,unexposed,stimulus_relative_context,train,10.0,0.36167971618730754,0.6383202838126925
DEAP:S09:T10,DEAP:S09,T10,0,3.94,1,1,3,4,unexposed,stimulus_relative_context,train,10.0,0.47501023219164307,0.5249897678083569
DEAP:S09:T11,DEAP:S09,T11,1,7.12,1,1,3,4,unexposed,stimulus_relative_context,train,10.0,0.32108489333800505,0.678915106661995
DEAP:S09:T16,DEAP:S09,T16,0,4.05,1,1,3,4,unexposed,stimulus_relative_context,train,10.0,0.3899148919230062,0.6100851080769938
DEAP:S09:T17,DEAP:S09,T17,1,6.03,1,1,3,4,unexposed,stimulus_relative_context,train,10.0,0.016609159532382622,0.9833908404676174
DEAP:S09:T21,DEAP:S09,T21,0,4.04,1,1,3,4,unexposed,stimulus_relative_context,train,10.0,0.9746282458955966,0.025371754104403434
DEAP:S09:T31,DEAP:S09,T31,1,6.06,1,1,3,4,unexposed,stimulus_relative_context,train,10.0,0.6092230915736103,0.39077690842638974
DEAP:S09:T34,DEAP:S09,T34,1,5.06,1,1,3,4,unexposed,stimulus_relative_context,train,10.0,0.16173862876203016,0.8382613712379698
DEAP:S09:T37,DEAP:S09,T37,0,2.99,1,1,3,4,unexposed,stimulus_relative_context,train,10.0,0.77708087630561,0.22291912369439001
DEAP:S09:T38,DEAP:S09,T38,0,2.92,1,1,3,4,unexposed,stimulus_relative_context,train,10.0,0.9861509843942146,0.013849015605785414
DEAP:S09:T39,DEAP:S09,T39,0,3.17,1,1,3,4,unexposed,stimulus_relative_context,train,10.0,0.7295561201388816,0.27044387986111834
DEAP:S09:T40,DEAP:S09,T40,1,5.04,1,1,3,4,unexposed,stimulus_relative_context,train,10.0,0.68184151915368,0.31815848084632004
DEAP:S10:T02,DEAP:S10,T02,0,3.55,1,1,3,4,unexposed,stimulus_relative_context,train,10.0,0.6559476461327873,0.3440523538672126
DEAP:S10:T03,DEAP:S10,T03,1,5.86,1,1,3,4,unexposed,stimulus_relative_context,train,10.0,0.04938457110626382,0.9506154288937362
DEAP:S10:T06,DEAP:S10,T06,1,7.1,1,1,3,4,unexposed,stimulus_relative_context,train,10.0,0.023829135271643098,0.9761708647283569
DEAP:S10:T10,DEAP:S10,T10,1,5.94,1,1,3,4,unexposed,stimulus_relative_context,train,10.0,0.6425102342868304,0.3574897657131696
DEAP:S10:T11,DEAP:S10,T11,1,8.99,1,1,3,4,unexposed,stimulus_relative_context,train,10.0,0.032953573897533506,0.9670464261024665
DEAP:S10:T14,DEAP:S10,T14,1,8.81,1,1,3,4,unexposed,stimulus_relative_context,train,10.0,0.3035883402329965,0.6964116597670035
DEAP:S10:T16,DEAP:S10,T16,0,3.85,1,1,3,4,unexposed,stimulus_relative_context,train,10.0,0.7762163936308477,0.2237836063691523
DEAP:S10:T17,DEAP:S10,T17,0,4.95,1,1,3,4,unexposed,stimulus_relative_context,train,10.0,0.6570607527490838,0.3429392472509162
DEAP:S10:T20,DEAP:S10,T20,1,5.58,1,1,3,4,unexposed,stimulus_relative_context,train,10.0,0.566591062382179,0.4334089376178209
DEAP:S10:T21,DEAP:S10,T21,0,2.97,1,1,3,4,unexposed,stimulus_relative_context,train,10.0,0.850872857856569,0.1491271421434311
DEAP:S10:T31,DEAP:S10,T31,0,4.15,1,1,3,4,unexposed,stimulus_relative_context,train,10.0,0.8686451482743724,0.13135485172562755
DEAP:S10:T34,DEAP:S10,T34,0,3.91,1,1,3,4,unexposed,stimulus_relative_context,train,10.0,0.7389566323387272,0.2610433676612728
DEAP:S10:T37,DEAP:S10,T37,0,2.92,1,1,3,4,unexposed,stimulus_relative_context,train,10.0,0.9791802610745021,0.020819738925497905
DEAP:S10:T38,DEAP:S10,T38,0,1.91,1,1,3,4,unexposed,stimulus_relative_context,train,10.0,0.996448484978878,0.003551515021122038
DEAP:S10:T39,DEAP:S10,T39,0,2.17,1,1,3,4,unexposed,stimulus_relative_context,train,10.0,0.9168441184214362,0.08315588157856378
DEAP:S10:T40,DEAP:S10,T40,1,5.78,1,1,3,4,unexposed,stimulus_relative_context,train,10.0,0.3623754521619058,0.6376245478380942
DEAP:S13:T02,DEAP:S13,T02,0,4.03,1,1,3,4,unexposed,stimulus_relative_context,train,10.0,0.42754689035733595,0.572453109642664
DEAP:S13:T03,DEAP:S13,T03,1,9.0,1,1,3,4,unexposed,stimulus_relative_context,train,10.0,0.0014027712691540017,0.998597228730846
DEAP:S13:T10,DEAP:S13,T10,0,4.01,1,1,3,4,unexposed,stimulus_relative_context,train,10.0,0.9124400930789126,0.08755990692108742
DEAP:S13:T11,DEAP:S13,T11,1,7.04,1,1,3,4,unexposed,stimulus_relative_context,train,10.0,0.06548694633045404,0.934513053669546
DEAP:S13:T14,DEAP:S13,T14,1,7.97,1,1,3,4,unexposed,stimulus_relative_context,train,10.0,0.0035034157809097355,0.9964965842190903
DEAP:S13:T17,DEAP:S13,T17,1,5.99,1,1,3,4,unexposed,stimulus_relative_context,train,10.0,0.43915878645450657,0.5608412135454934
DEAP:S13:T20,DEAP:S13,T20,1,7.6,1,1,3,4,unexposed,stimulus_relative_context,train,10.0,0.0595268311813163,0.9404731688186837
DEAP:S13:T21,DEAP:S13,T21,0,2.0,1,1,3,4,unexposed,stimulus_relative_context,train,10.0,0.889573813530159,0.11042618646984101
DEAP:S13:T31,DEAP:S13,T31,0,1.97,1,1,3,4,unexposed,stimulus_relative_context,train,10.0,0.8092812019263788,0.19071879807362124
DEAP:S13:T34,DEAP:S13,T34,0,2.92,1,1,3,4,unexposed,stimulus_relative_context,train,10.0,0.9127438851766029,0.08725611482339717
DEAP:S13:T37,DEAP:S13,T37,0,1.0,1,1,3,4,unexposed,stimulus_relative_context,train,10.0,0.9623137292264838,0.03768627077351621
DEAP:S13:T38,DEAP:S13,T38,0,1.0,1,1,3,4,unexposed,stimulus_relative_context,train,10.0,0.9957122748976727,0.004287725102327377
DEAP:S13:T39,DEAP:S13,T39,0,1.97,1,1,3,4,unexposed,stimulus_relative_context,train,10.0,0.9165415942288064,0.0834584057711936
DEAP:S13:T40,DEAP:S13,T40,0,4.08,1,1,3,4,unexposed,stimulus_relative_context,train,10.0,0.8114605579247872,0.18853944207521275
DEAP:S15:T02,DEAP:S15,T02,1,5.04,1,1,3,4,unexposed,stimulus_relative_context,train,10.0,0.14755395600114063,0.8524460439988594
DEAP:S15:T03,DEAP:S15,T03,1,8.04,1,1,3,4,unexposed,stimulus_relative_context,train,10.0,0.5145830087350817,0.48541699126491833
DEAP:S15:T06,DEAP:S15,T06,1,9.0,1,1,3,4,unexposed,stimulus_relative_context,train,10.0,0.15320032438310083,0.8467996756168992
DEAP:S15:T10,DEAP:S15,T10,0,4.99,1,1,3,4,unexposed,stimulus_relative_context,train,10.0,0.7114554983680849,0.28854450163191514
DEAP:S15:T11,DEAP:S15,T11,1,8.99,1,1,3,4,unexposed,stimulus_relative_context,train,10.0,0.04534499433557926,0.9546550056644207
DEAP:S15:T14,DEAP:S15,T14,1,8.15,1,1,3,4,unexposed,stimulus_relative_context,train,10.0,0.0036267822221778268,0.9963732177778222
DEAP:S15:T16,DEAP:S15,T16,0,4.17,1,1,3,4,unexposed,stimulus_relative_context,train,10.0,0.9835494222252927,0.016450577774707292
DEAP:S15:T17,DEAP:S15,T17,1,8.1,1,1,3,4,unexposed,stimulus_relative_context,train,10.0,0.39722680271930877,0.6027731972806912
DEAP:S15:T20,DEAP:S15,T20,1,7.97,1,1,3,4,unexposed,stimulus_relative_context,train,10.0,0.0794495523192228,0.9205504476807772
DEAP:S15:T21,DEAP:S15,T21,0,3.09,1,1,3,4,unexposed,stimulus_relative_context,train,10.0,0.9982946866834185,0.001705313316581559
DEAP:S15:T31,DEAP:S15,T31,0,2.99,1,1,3,4,unexposed,stimulus_relative_context,train,10.0,0.727731027532887,0.272268972467113
DEAP:S15:T34,DEAP:S15,T34,0,3.01,1,1,3,4,unexposed,stimulus_relative_context,train,10.0,0.9616352543300636,0.038364745669936404
DEAP:S15:T37,DEAP:S15,T37,0,3.04,1,1,3,4,unexposed,stimulus_relative_context,train,10.0,0.9707393442516412,0.029260655748358823
DEAP:S15:T39,DEAP:S15,T39,0,4.0,1,1,3,4,unexposed,stimulus_relative_context,train,10.0,0.745633287413056,0.25436671258694393
DEAP:S15:T40,DEAP:S15,T40,0,4.01,1,1,3,4,unexposed,stimulus_relative_context,train,10.0,0.7741709786024908,0.2258290213975092
DEAP:S16:T02,DEAP:S16,T02,1,6.45,1,1,3,4,unexposed,stimulus_relative_context,train,10.0,0.5046570204048602,0.49534297959513984
DEAP:S16:T03,DEAP:S16,T03,1,6.74,1,1,3,4,unexposed,stimulus_relative_context,train,10.0,0.21046051442598446,0.7895394855740155
DEAP:S16:T06,DEAP:S16,T06,0,4.99,1,1,3,4,unexposed,stimulus_relative_context,train,10.0,0.5686387479227979,0.43136125207720205
DEAP:S16:T10,DEAP:S16,T10,1,5.14,1,1,3,4,unexposed,stimulus_relative_context,train,10.0,0.18541030594568797,0.814589694054312
DEAP:S16:T11,DEAP:S16,T11,1,7.27,1,1,3,4,unexposed,stimulus_relative_context,train,10.0,0.1620428520062539,0.8379571479937461
DEAP:S16:T14,DEAP:S16,T14,0,3.64,1,1,3,4,unexposed,stimulus_relative_context,train,10.0,0.7539773061714629,0.24602269382853711
DEAP:S16:T16,DEAP:S16,T16,0,4.97,1,1,3,4,unexposed,stimulus_relative_context,train,10.0,0.9251388627066626,0.0748611372933374
DEAP:S16:T17,DEAP:S16,T17,0,1.21,1,1,3,4,unexposed,stimulus_relative_context,train,10.0,0.7023312529371375,0.29766874706286256
DEAP:S16:T20,DEAP:S16,T20,0,3.82,1,1,3,4,unexposed,stimulus_relative_context,train,10.0,0.23125438416789856,0.7687456158321014
DEAP:S16:T21,DEAP:S16,T21,0,4.42,1,1,3,4,unexposed,stimulus_relative_context,train,10.0,0.8474804490937341,0.1525195509062659
DEAP:S16:T31,DEAP:S16,T31,0,3.88,1,1,3,4,unexposed,stimulus_relative_context,train,10.0,0.9836007254047114,0.016399274595288532
DEAP:S16:T34,DEAP:S16,T34,0,1.0,1,1,3,4,unexposed,stimulus_relative_context,train,10.0,0.9908592991582176,0.009140700841782463
DEAP:S16:T37,DEAP:S16,T37,1,6.09,1,1,3,4,unexposed,stimulus_relative_context,train,10.0,0.7616592021031368,0.23834079789686322
DEAP:S16:T38,DEAP:S16,T38,0,4.27,1,1,3,4,unexposed,stimulus_relative_context,train,10.0,0.8472940070047591,0.15270599299524093
DEAP:S16:T39,DEAP:S16,T39,1,6.13,1,1,3,4,unexposed,stimulus_relative_context,train,10.0,0.13453372120619833,0.8654662787938017
DEAP:S16:T40,DEAP:S16,T40,0,3.74,1,1,3,4,unexposed,stimulus_relative_context,train,10.0,0.990181056340232,0.009818943659767956
DEAP:S17:T03,DEAP:S17,T03,1,6.46,1,1,3,4,unexposed,stimulus_relative_context,train,10.0,0.03788435870158635,0.9621156412984136
DEAP:S17:T06,DEAP:S17,T06,1,6.9,1,1,3,4,unexposed,stimulus_relative_context,train,10.0,0.0009272896445613465,0.9990727103554387
DEAP:S17:T10,DEAP:S17,T10,1,6.09,1,1,3,4,unexposed,stimulus_relative_context,train,10.0,0.09764837471162191,0.9023516252883781
DEAP:S17:T11,DEAP:S17,T11,1,6.03,1,1,3,4,unexposed,stimulus_relative_context,train,10.0,0.026455703808156317,0.9735442961918437
DEAP:S17:T14,DEAP:S17,T14,1,6.58,1,1,3,4,unexposed,stimulus_relative_context,train,10.0,0.022186207901252253,0.9778137920987477
DEAP:S17:T16,DEAP:S17,T16,1,5.92,1,1,3,4,unexposed,stimulus_relative_context,train,10.0,0.48313464844944753,0.5168653515505525
DEAP:S17:T17,DEAP:S17,T17,0,4.12,1,1,3,4,unexposed,stimulus_relative_context,train,10.0,0.35231896485338243,0.6476810351466176
DEAP:S17:T20,DEAP:S17,T20,1,7.03,1,1,3,4,unexposed,stimulus_relative_context,train,10.0,0.16078013033921668,0.8392198696607833
DEAP:S17:T21,DEAP:S17,T21,0,4.0,1,1,3,4,unexposed,stimulus_relative_context,train,10.0,0.9579983970868746,0.0420016029131254
DEAP:S17:T31,DEAP:S17,T31,0,4.54,1,1,3,4,unexposed,stimulus_relative_context,train,10.0,0.8770134258637021,0.12298657413629782
DEAP:S17:T34,DEAP:S17,T34,0,4.99,1,1,3,4,unexposed,stimulus_relative_context,train,10.0,0.9937700146178701,0.006229985382129916
DEAP:S17:T37,DEAP:S17,T37,0,3.46,1,1,3,4,unexposed,stimulus_relative_context,train,10.0,0.9836293362749502,0.016370663725049816
DEAP:S17:T38,DEAP:S17,T38,0,3.6,1,1,3,4,unexposed,stimulus_relative_context,train,10.0,0.9995442709122881,0.00045572908771186553
DEAP:S17:T39,DEAP:S17,T39,1,7.1,1,1,3,4,unexposed,stimulus_relative_context,train,10.0,0.13894100496619788,0.8610589950338021
DEAP:S17:T40,DEAP:S17,T40,1,5.04,1,1,3,4,unexposed,stimulus_relative_context,train,10.0,0.018739936585613903,0.9812600634143861
DEAP:S19:T02,DEAP:S19,T02,1,6.46,1,1,3,4,unexposed,stimulus_relative_context,train,10.0,0.006915453275167072,0.9930845467248329
DEAP:S19:T03,DEAP:S19,T03,1,6.82,1,1,3,4,unexposed,stimulus_relative_context,train,10.0,0.1008090076741639,0.8991909923258361
DEAP:S19:T06,DEAP:S19,T06,1,7.73,1,1,3,4,unexposed,stimulus_relative_context,train,10.0,0.00013507236061882644,0.9998649276393812
DEAP:S19:T10,DEAP:S19,T10,1,5.01,1,1,3,4,unexposed,stimulus_relative_context,train,10.0,0.2284013741552754,0.7715986258447246
DEAP:S19:T11,DEAP:S19,T11,1,5.83,1,1,3,4,unexposed,stimulus_relative_context,train,10.0,0.04357357255934491,0.9564264274406551
DEAP:S19:T14,DEAP:S19,T14,1,6.76,1,1,3,4,unexposed,stimulus_relative_context,train,10.0,0.014371703181735529,0.9856282968182645
DEAP:S19:T16,DEAP:S19,T16,0,3.24,1,1,3,4,unexposed,stimulus_relative_context,train,10.0,0.9394912278254528,0.06050877217454717
DEAP:S19:T20,DEAP:S19,T20,1,6.13,1,1,3,4,unexposed,stimulus_relative_context,train,10.0,0.019625839579054172,0.9803741604209458
DEAP:S19:T21,DEAP:S19,T21,0,2.19,1,1,3,4,unexposed,stimulus_relative_context,train,10.0,0.868432191641678,0.131567808358322
DEAP:S19:T31,DEAP:S19,T31,1,5.03,1,1,3,4,unexposed,stimulus_relative_context,train,10.0,0.24765282739735262,0.7523471726026474
DEAP:S19:T34,DEAP:S19,T34,0,4.17,1,1,3,4,unexposed,stimulus_relative_context,train,10.0,0.6532063144273761,0.34679368557262397
DEAP:S19:T37,DEAP:S19,T37,0,3.15,1,1,3,4,unexposed,stimulus_relative_context,train,10.0,0.7722127737291669,0.2277872262708332
DEAP:S19:T38,DEAP:S19,T38,0,1.62,1,1,3,4,unexposed,stimulus_relative_context,train,10.0,0.7841650152636974,0.21583498473630253
DEAP:S19:T39,DEAP:S19,T39,1,5.04,1,1,3,4,unexposed,stimulus_relative_context,train,10.0,0.713290779878006,0.28670922012199396
DEAP:S19:T40,DEAP:S19,T40,0,4.24,1,1,3,4,unexposed,stimulus_relative_context,train,10.0,0.7979231899065795,0.20207681009342054
DEAP:S20:T02,DEAP:S20,T02,1,6.77,1,1,3,4,unexposed,stimulus_relative_context,train,10.0,0.09716360391155976,0.9028363960884402
DEAP:S20:T03,DEAP:S20,T03,1,7.18,1,1,3,4,unexposed,stimulus_relative_context,train,10.0,0.01845401479165143,0.9815459852083486
DEAP:S20:T06,DEAP:S20,T06,1,7.62,1,1,3,4,unexposed,stimulus_relative_context,train,10.0,0.0638524577493097,0.9361475422506903
DEAP:S20:T10,DEAP:S20,T10,1,5.13,1,1,3,4,unexposed,stimulus_relative_context,train,10.0,0.70747295820037,0.2925270417996299
DEAP:S20:T11,DEAP:S20,T11,1,8.18,1,1,3,4,unexposed,stimulus_relative_context,train,10.0,0.005584072380258154,0.9944159276197418
DEAP:S20:T14,DEAP:S20,T14,1,6.4,1,1,3,4,unexposed,stimulus_relative_context,train,10.0,0.3008197168046276,0.6991802831953724
DEAP:S20:T16,DEAP:S20,T16,1,5.03,1,1,3,4,unexposed,stimulus_relative_context,train,10.0,0.46685143840211585,0.5331485615978842
DEAP:S20:T17,DEAP:S20,T17,1,5.04,1,1,3,4,unexposed,stimulus_relative_context,train,10.0,0.06875856037921657,0.9312414396207834
DEAP:S20:T20,DEAP:S20,T20,1,6.65,1,1,3,4,unexposed,stimulus_relative_context,train,10.0,0.2308828650939726,0.7691171349060274
DEAP:S20:T31,DEAP:S20,T31,0,4.46,1,1,3,4,unexposed,stimulus_relative_context,train,10.0,0.97802401923216,0.021975980767840016
DEAP:S20:T37,DEAP:S20,T37,0,3.01,1,1,3,4,unexposed,stimulus_relative_context,train,10.0,0.9970920947870204,0.0029079052129795794
DEAP:S20:T38,DEAP:S20,T38,0,3.38,1,1,3,4,unexposed,stimulus_relative_context,train,10.0,0.4664988793884969,0.5335011206115031
DEAP:S20:T39,DEAP:S20,T39,0,4.67,1,1,3,4,unexposed,stimulus_relative_context,train,10.0,0.5541264355707219,0.44587356442927806
DEAP:S20:T40,DEAP:S20,T40,0,4.94,1,1,3,4,unexposed,stimulus_relative_context,train,10.0,0.4425248539656603,0.5574751460343397
DEAP:S21:T02,DEAP:S21,T02,1,7.05,1,1,3,4,unexposed,stimulus_relative_context,train,10.0,0.07313516381930818,0.9268648361806918
DEAP:S21:T03,DEAP:S21,T03,0,4.83,1,1,3,4,unexposed,stimulus_relative_context,train,10.0,0.27346977093285607,0.7265302290671439
DEAP:S21:T10,DEAP:S21,T10,1,7.05,1,1,3,4,unexposed,stimulus_relative_context,train,10.0,0.4077534731756379,0.5922465268243621
DEAP:S21:T11,DEAP:S21,T11,1,7.05,1,1,3,4,unexposed,stimulus_relative_context,train,10.0,0.0693178628766421,0.9306821371233579
DEAP:S21:T14,DEAP:S21,T14,1,8.1,1,1,3,4,unexposed,stimulus_relative_context,train,10.0,0.02493502810335113,0.9750649718966489
DEAP:S21:T16,DEAP:S21,T16,1,5.99,1,1,3,4,unexposed,stimulus_relative_context,train,10.0,0.29221708012606407,0.7077829198739359
DEAP:S21:T17,DEAP:S21,T17,1,5.53,1,1,3,4,unexposed,stimulus_relative_context,train,10.0,0.1068690142810802,0.8931309857189198
DEAP:S21:T20,DEAP:S21,T20,0,2.33,1,1,3,4,unexposed,stimulus_relative_context,train,10.0,0.5081640392219041,0.4918359607780959
DEAP:S21:T21,DEAP:S21,T21,0,4.08,1,1,3,4,unexposed,stimulus_relative_context,train,10.0,0.6698524935080101,0.33014750649198993
DEAP:S21:T31,DEAP:S21,T31,1,5.04,1,1,3,4,unexposed,stimulus_relative_context,train,10.0,0.35979234208452504,0.640207657915475
DEAP:S21:T34,DEAP:S21,T34,0,4.06,1,1,3,4,unexposed,stimulus_relative_context,train,10.0,0.9414343947488106,0.05856560525118933
DEAP:S21:T37,DEAP:S21,T37,0,3.04,1,1,3,4,unexposed,stimulus_relative_context,train,10.0,0.9531540194882671,0.04684598051173299
DEAP:S21:T38,DEAP:S21,T38,0,3.03,1,1,3,4,unexposed,stimulus_relative_context,train,10.0,0.7421668581461922,0.25783314185380785
DEAP:S21:T39,DEAP:S21,T39,1,6.09,1,1,3,4,unexposed,stimulus_relative_context,train,10.0,0.39756835625099685,0.6024316437490032
DEAP:S21:T40,DEAP:S21,T40,0,3.99,1,1,3,4,unexposed,stimulus_relative_context,train,10.0,0.627588700319984,0.3724112996800159
DEAP:S22:T02,DEAP:S22,T02,1,7.08,1,1,3,4,unexposed,stimulus_relative_context,train,10.0,0.5277691592065841,0.47223084079341593
DEAP:S22:T03,DEAP:S22,T03,1,7.05,1,1,3,4,unexposed,stimulus_relative_context,train,10.0,0.15369240405905438,0.8463075959409456
DEAP:S22:T06,DEAP:S22,T06,0,4.97,1,1,3,4,unexposed,stimulus_relative_context,train,10.0,0.47288050459880027,0.5271194954011997
DEAP:S22:T10,DEAP:S22,T10,0,4.0,1,1,3,4,unexposed,stimulus_relative_context,train,10.0,0.9403553442340109,0.05964465576598911
DEAP:S22:T11,DEAP:S22,T11,1,8.05,1,1,3,4,unexposed,stimulus_relative_context,train,10.0,0.1492198976860598,0.8507801023139402
DEAP:S22:T16,DEAP:S22,T16,1,6.06,1,1,3,4,unexposed,stimulus_relative_context,train,10.0,0.05813620541311537,0.9418637945868846
DEAP:S22:T17,DEAP:S22,T17,1,5.04,1,1,3,4,unexposed,stimulus_relative_context,train,10.0,0.5293938790878974,0.47060612091210263
DEAP:S22:T20,DEAP:S22,T20,1,7.08,1,1,3,4,unexposed,stimulus_relative_context,train,10.0,0.31216039709649657,0.6878396029035034
DEAP:S22:T21,DEAP:S22,T21,0,2.97,1,1,3,4,unexposed,stimulus_relative_context,train,10.0,0.8942132693937446,0.10578673060625543
DEAP:S22:T31,DEAP:S22,T31,0,2.01,1,1,3,4,unexposed,stimulus_relative_context,train,10.0,0.9382576501547046,0.061742349845295315
DEAP:S22:T34,DEAP:S22,T34,1,5.04,1,1,3,4,unexposed,stimulus_relative_context,train,10.0,0.8630729613219186,0.13692703867808143
DEAP:S22:T37,DEAP:S22,T37,0,1.0,1,1,3,4,unexposed,stimulus_relative_context,train,10.0,0.976391894116911,0.023608105883088985
DEAP:S22:T38,DEAP:S22,T38,0,1.0,1,1,3,4,unexposed,stimulus_relative_context,train,10.0,0.9985343641969268,0.0014656358030732432
DEAP:S22:T39,DEAP:S22,T39,0,1.0,1,1,3,4,unexposed,stimulus_relative_context,train,10.0,0.5972688406031946,0.40273115939680537
DEAP:S22:T40,DEAP:S22,T40,0,2.97,1,1,3,4,unexposed,stimulus_relative_context,train,10.0,0.39092467027329136,0.6090753297267086
DEAP:S23:T02,DEAP:S23,T02,1,9.0,1,1,3,4,unexposed,stimulus_relative_context,train,10.0,0.021633110140850564,0.9783668898591494
DEAP:S23:T03,DEAP:S23,T03,1,7.09,1,1,3,4,unexposed,stimulus_relative_context,train,10.0,0.011025801904999355,0.9889741980950006
DEAP:S23:T06,DEAP:S23,T06,1,5.09,1,1,3,4,unexposed,stimulus_relative_context,train,10.0,0.01117883483457649,0.9888211651654235
DEAP:S23:T10,DEAP:S23,T10,1,5.01,1,1,3,4,unexposed,stimulus_relative_context,train,10.0,0.8327149443983319,0.16728505560166804
DEAP:S23:T11,DEAP:S23,T11,1,7.0,1,1,3,4,unexposed,stimulus_relative_context,train,10.0,0.0015782960316464978,0.9984217039683535
DEAP:S23:T14,DEAP:S23,T14,1,8.01,1,1,3,4,unexposed,stimulus_relative_context,train,10.0,0.012002329564339886,0.9879976704356601
DEAP:S23:T16,DEAP:S23,T16,1,5.15,1,1,3,4,unexposed,stimulus_relative_context,train,10.0,0.5676733823478725,0.43232661765212754
DEAP:S23:T17,DEAP:S23,T17,0,2.86,1,1,3,4,unexposed,stimulus_relative_context,train,10.0,0.6485384329763582,0.3514615670236419
DEAP:S23:T20,DEAP:S23,T20,0,3.96,1,1,3,4,unexposed,stimulus_relative_context,train,10.0,0.1840382967692884,0.8159617032307116
DEAP:S23:T21,DEAP:S23,T21,0,1.91,1,1,3,4,unexposed,stimulus_relative_context,train,10.0,0.9912418590193202,0.00875814098067979
DEAP:S23:T31,DEAP:S23,T31,0,4.86,1,1,3,4,unexposed,stimulus_relative_context,train,10.0,0.9491513633143405,0.05084863668565953
DEAP:S23:T34,DEAP:S23,T34,1,6.72,1,1,3,4,unexposed,stimulus_relative_context,train,10.0,0.797482276664413,0.202517723335587
DEAP:S23:T37,DEAP:S23,T37,0,4.31,1,1,3,4,unexposed,stimulus_relative_context,train,10.0,0.7421171562570552,0.2578828437429448
DEAP:S23:T38,DEAP:S23,T38,0,4.97,1,1,3,4,unexposed,stimulus_relative_context,train,10.0,0.9969483649953249,0.003051635004675085
DEAP:S23:T40,DEAP:S23,T40,0,4.88,1,1,3,4,unexposed,stimulus_relative_context,train,10.0,0.2794973105628594,0.7205026894371406
DEAP:S24:T02,DEAP:S24,T02,1,6.04,1,1,3,4,unexposed,stimulus_relative_context,train,10.0,0.2813460129809402,0.7186539870190598
DEAP:S24:T03,DEAP:S24,T03,1,8.96,1,1,3,4,unexposed,stimulus_relative_context,train,10.0,0.35653830247780927,0.6434616975221907
DEAP:S24:T06,DEAP:S24,T06,1,5.96,1,1,3,4,unexposed,stimulus_relative_context,train,10.0,0.022830239974736877,0.9771697600252631
DEAP:S24:T10,DEAP:S24,T10,1,5.01,1,1,3,4,unexposed,stimulus_relative_context,train,10.0,0.47896310110581275,0.5210368988941873
DEAP:S24:T11,DEAP:S24,T11,1,7.03,1,1,3,4,unexposed,stimulus_relative_context,train,10.0,0.42767120935134006,0.5723287906486599
DEAP:S24:T14,DEAP:S24,T14,1,8.05,1,1,3,4,unexposed,stimulus_relative_context,train,10.0,0.17186199029097704,0.828138009709023
DEAP:S24:T16,DEAP:S24,T16,0,4.0,1,1,3,4,unexposed,stimulus_relative_context,train,10.0,0.8556582100341982,0.1443417899658018
DEAP:S24:T17,DEAP:S24,T17,0,4.08,1,1,3,4,unexposed,stimulus_relative_context,train,10.0,0.9630487656461972,0.03695123435380274
DEAP:S24:T20,DEAP:S24,T20,0,4.03,1,1,3,4,unexposed,stimulus_relative_context,train,10.0,0.24630966095497608,0.7536903390450239
DEAP:S24:T21,DEAP:S24,T21,0,1.96,1,1,3,4,unexposed,stimulus_relative_context,train,10.0,0.9661150886111743,0.03388491138882564
DEAP:S24:T31,DEAP:S24,T31,0,2.94,1,1,3,4,unexposed,stimulus_relative_context,train,10.0,0.9464673379600943,0.05353266203990575
DEAP:S24:T34,DEAP:S24,T34,0,4.05,1,1,3,4,unexposed,stimulus_relative_context,train,10.0,0.9822200889646752,0.0177799110353248
DEAP:S24:T37,DEAP:S24,T37,0,4.0,1,1,3,4,unexposed,stimulus_relative_context,train,10.0,0.9536439708595152,0.04635602914048471
DEAP:S24:T38,DEAP:S24,T38,0,2.03,1,1,3,4,unexposed,stimulus_relative_context,train,10.0,0.9966033649489501,0.0033966350510499215
DEAP:S24:T39,DEAP:S24,T39,0,2.12,1,1,3,4,unexposed,stimulus_relative_context,train,10.0,0.8684551144675847,0.13154488553241522
DEAP:S26:T02,DEAP:S26,T02,1,6.96,1,1,3,4,unexposed,stimulus_relative_context,train,10.0,0.13180660723182525,0.8681933927681748
DEAP:S26:T03,DEAP:S26,T03,1,9.0,1,1,3,4,unexposed,stimulus_relative_context,train,10.0,0.3647362128838102,0.6352637871161898
DEAP:S26:T06,DEAP:S26,T06,1,8.09,1,1,3,4,unexposed,stimulus_relative_context,train,10.0,0.094989316204251,0.905010683795749
DEAP:S26:T10,DEAP:S26,T10,0,3.08,1,1,3,4,unexposed,stimulus_relative_context,train,10.0,0.649090004249787,0.350909995750213
DEAP:S26:T11,DEAP:S26,T11,1,8.04,1,1,3,4,unexposed,stimulus_relative_context,train,10.0,0.044118557285475424,0.9558814427145246
DEAP:S26:T14,DEAP:S26,T14,1,9.0,1,1,3,4,unexposed,stimulus_relative_context,train,10.0,0.030086573205746925,0.9699134267942531
DEAP:S26:T16,DEAP:S26,T16,1,6.19,1,1,3,4,unexposed,stimulus_relative_context,train,10.0,0.04504341166643677,0.9549565883335632
DEAP:S26:T17,DEAP:S26,T17,1,5.04,1,1,3,4,unexposed,stimulus_relative_context,train,10.0,0.047728564833854015,0.952271435166146
DEAP:S26:T20,DEAP:S26,T20,1,8.08,1,1,3,4,unexposed,stimulus_relative_context,train,10.0,0.13860084409150353,0.8613991559084965
DEAP:S26:T21,DEAP:S26,T21,1,6.06,1,1,3,4,unexposed,stimulus_relative_context,train,10.0,0.4116273456404542,0.5883726543595458
DEAP:S26:T31,DEAP:S26,T31,0,1.97,1,1,3,4,unexposed,stimulus_relative_context,train,10.0,0.9597397373434373,0.040260262656562726
DEAP:S26:T37,DEAP:S26,T37,0,1.0,1,1,3,4,unexposed,stimulus_relative_context,train,10.0,0.9656952854189439,0.034304714581056106
DEAP:S26:T38,DEAP:S26,T38,0,1.15,1,1,3,4,unexposed,stimulus_relative_context,train,10.0,0.9980169280797511,0.0019830719202489897
DEAP:S26:T39,DEAP:S26,T39,0,1.95,1,1,3,4,unexposed,stimulus_relative_context,train,10.0,0.6129754774787745,0.38702452252122554
DEAP:S26:T40,DEAP:S26,T40,0,3.06,1,1,3,4,unexposed,stimulus_relative_context,train,10.0,0.8079907495605081,0.19200925043949196
DEAP:S30:T02,DEAP:S30,T02,1,7.15,1,1,3,4,unexposed,stimulus_relative_context,train,10.0,0.1128518449770487,0.8871481550229513
DEAP:S30:T03,DEAP:S30,T03,1,6.15,1,1,3,4,unexposed,stimulus_relative_context,train,10.0,0.0008499922560887274,0.9991500077439113
DEAP:S30:T06,DEAP:S30,T06,1,6.22,1,1,3,4,unexposed,stimulus_relative_context,train,10.0,0.08387395735968528,0.9161260426403147
DEAP:S30:T10,DEAP:S30,T10,1,5.08,1,1,3,4,unexposed,stimulus_relative_context,train,10.0,0.014794828185341391,0.9852051718146586
DEAP:S30:T11,DEAP:S30,T11,1,6.06,1,1,3,4,unexposed,stimulus_relative_context,train,10.0,0.007876767949102415,0.9921232320508976
DEAP:S30:T14,DEAP:S30,T14,1,5.04,1,1,3,4,unexposed,stimulus_relative_context,train,10.0,0.028568093734252176,0.9714319062657478
DEAP:S30:T16,DEAP:S30,T16,1,5.04,1,1,3,4,unexposed,stimulus_relative_context,train,10.0,0.22082042563916404,0.779179574360836
DEAP:S30:T17,DEAP:S30,T17,1,7.13,1,1,3,4,unexposed,stimulus_relative_context,train,10.0,0.0003257010492438983,0.9996742989507561
DEAP:S30:T20,DEAP:S30,T20,1,7.26,1,1,3,4,unexposed,stimulus_relative_context,train,10.0,0.010278885182438025,0.989721114817562
DEAP:S30:T31,DEAP:S30,T31,0,3.86,1,1,3,4,unexposed,stimulus_relative_context,train,10.0,0.8049956616272745,0.19500433837272546
DEAP:S30:T34,DEAP:S30,T34,0,4.99,1,1,3,4,unexposed,stimulus_relative_context,train,10.0,0.7846955960483819,0.21530440395161815
DEAP:S30:T38,DEAP:S30,T38,1,5.04,1,1,3,4,unexposed,stimulus_relative_context,train,10.0,0.6891694886262412,0.3108305113737589
DEAP:S30:T39,DEAP:S30,T39,0,2.97,1,1,3,4,unexposed,stimulus_relative_context,train,10.0,0.8139390011905241,0.1860609988094759
DEAP:S30:T40,DEAP:S30,T40,1,5.05,1,1,3,4,unexposed,stimulus_relative_context,train,10.0,0.5259614797919527,0.4740385202080472
DEAP:S31:T02,DEAP:S31,T02,1,5.03,1,1,3,4,unexposed,stimulus_relative_context,train,10.0,0.596494811339251,0.403505188660749
DEAP:S31:T03,DEAP:S31,T03,1,8.04,1,1,3,4,unexposed,stimulus_relative_context,train,10.0,0.07822873815948861,0.9217712618405114
DEAP:S31:T06,DEAP:S31,T06,0,4.99,1,1,3,4,unexposed,stimulus_relative_context,train,10.0,0.7903843509256261,0.20961564907437388
DEAP:S31:T11,DEAP:S31,T11,1,9.0,1,1,3,4,unexposed,stimulus_relative_context,train,10.0,0.07831716438304315,0.9216828356169569
DEAP:S31:T14,DEAP:S31,T14,1,8.06,1,1,3,4,unexposed,stimulus_relative_context,train,10.0,0.11597697376938654,0.8840230262306135
DEAP:S31:T16,DEAP:S31,T16,1,6.09,1,1,3,4,unexposed,stimulus_relative_context,train,10.0,0.3946334678028923,0.6053665321971077
DEAP:S31:T17,DEAP:S31,T17,0,4.94,1,1,3,4,unexposed,stimulus_relative_context,train,10.0,0.594931378301663,0.405068621698337
DEAP:S31:T20,DEAP:S31,T20,1,6.9,1,1,3,4,unexposed,stimulus_relative_context,train,10.0,0.370383880164152,0.629616119835848
DEAP:S31:T21,DEAP:S31,T21,1,5.09,1,1,3,4,unexposed,stimulus_relative_context,train,10.0,0.8397784253001926,0.16022157469980738
DEAP:S31:T34,DEAP:S31,T34,0,1.95,1,1,3,4,unexposed,stimulus_relative_context,train,10.0,0.9890539204651186,0.010946079534881357
DEAP:S31:T38,DEAP:S31,T38,0,1.0,1,1,3,4,unexposed,stimulus_relative_context,train,10.0,0.8863184159668731,0.11368158403312689
DEAP:S31:T39,DEAP:S31,T39,0,1.0,1,1,3,4,unexposed,stimulus_relative_context,train,10.0,0.5508467223437208,0.4491532776562792
DEAP:S31:T40,DEAP:S31,T40,0,3.99,1,1,3,4,unexposed,stimulus_relative_context,train,10.0,0.3851996090015156,0.6148003909984844
DEAP:S32:T02,DEAP:S32,T02,0,4.99,1,1,3,4,unexposed,stimulus_relative_context,train,10.0,0.7352903458106588,0.2647096541893412
DEAP:S32:T03,DEAP:S32,T03,1,8.05,1,1,3,4,unexposed,stimulus_relative_context,train,10.0,0.36913714567851774,0.6308628543214823
DEAP:S32:T06,DEAP:S32,T06,1,5.78,1,1,3,4,unexposed,stimulus_relative_context,train,10.0,0.557674103272817,0.4423258967271831
DEAP:S32:T10,DEAP:S32,T10,0,4.08,1,1,3,4,unexposed,stimulus_relative_context,train,10.0,0.4762785212216205,0.5237214787783795
DEAP:S32:T11,DEAP:S32,T11,1,8.24,1,1,3,4,unexposed,stimulus_relative_context,train,10.0,0.4970537738047275,0.5029462261952725
DEAP:S32:T14,DEAP:S32,T14,1,7.1,1,1,3,4,unexposed,stimulus_relative_context,train,10.0,0.008677750039680854,0.9913222499603191
DEAP:S32:T16,DEAP:S32,T16,0,3.97,1,1,3,4,unexposed,stimulus_relative_context,train,10.0,0.872823076911335,0.127176923088665
DEAP:S32:T17,DEAP:S32,T17,1,6.09,1,1,3,4,unexposed,stimulus_relative_context,train,10.0,0.12238129688621002,0.87761870311379
DEAP:S32:T20,DEAP:S32,T20,1,6.03,1,1,3,4,unexposed,stimulus_relative_context,train,10.0,0.08792022604874672,0.9120797739512533
DEAP:S32:T21,DEAP:S32,T21,0,4.12,1,1,3,4,unexposed,stimulus_relative_context,train,10.0,0.7461726290616859,0.25382737093831415
DEAP:S32:T31,DEAP:S32,T31,0,4.17,1,1,3,4,unexposed,stimulus_relative_context,train,10.0,0.9662385792235676,0.03376142077643245
DEAP:S32:T34,DEAP:S32,T34,0,4.05,1,1,3,4,unexposed,stimulus_relative_context,train,10.0,0.8686908387317458,0.13130916126825423
DEAP:S32:T37,DEAP:S32,T37,0,2.81,1,1,3,4,unexposed,stimulus_relative_context,train,10.0,0.9930838360064023,0.006916163993597758
DEAP:S32:T38,DEAP:S32,T38,0,3.05,1,1,3,4,unexposed,stimulus_relative_context,train,10.0,0.9973410420680653,0.0026589579319347303
DEAP:S32:T40,DEAP:S32,T40,1,7.15,1,1,3,4,unexposed,stimulus_relative_context,train,10.0,0.296427457585268,0.703572542414732
DEAP:S18:T01,DEAP:S18,T01,1,6.33,1,1,3,4,unexposed,stimulus_relative_context,validation_unseen,10.0,0.8016977370086307,0.19830226299136938
DEAP:S18:T12,DEAP:S18,T12,1,5.55,1,1,3,4,unexposed,stimulus_relative_context,validation_unseen,10.0,0.031268425435509783,0.9687315745644902
DEAP:S18:T23,DEAP:S18,T23,0,3.71,1,1,3,4,unexposed,stimulus_relative_context,validation_unseen,10.0,0.6793495470639697,0.32065045293603034
DEAP:S18:T25,DEAP:S18,T25,0,4.23,1,1,3,4,unexposed,stimulus_relative_context,validation_unseen,10.0,0.06817381675768808,0.9318261832423119
DEAP:S18:T26,DEAP:S18,T26,1,5.44,1,1,3,4,unexposed,stimulus_relative_context,validation_unseen,10.0,0.7832746023628239,0.21672539763717608
DEAP:S18:T33,DEAP:S18,T33,0,4.56,1,1,3,4,unexposed,stimulus_relative_context,validation_unseen,10.0,0.2982314236446425,0.7017685763553575
DEAP:S18:T35,DEAP:S18,T35,1,5.12,1,1,3,4,unexposed,stimulus_relative_context,validation_unseen,10.0,0.017242323208794486,0.9827576767912055
DEAP:S25:T01,DEAP:S25,T01,1,8.06,1,1,3,4,unexposed,stimulus_relative_context,validation_unseen,10.0,0.6714533155671691,0.32854668443283086
DEAP:S25:T08,DEAP:S25,T08,1,8.04,1,1,3,4,unexposed,stimulus_relative_context,validation_unseen,10.0,0.384738174132198,0.615261825867802
DEAP:S25:T12,DEAP:S25,T12,1,8.04,1,1,3,4,unexposed,stimulus_relative_context,validation_unseen,10.0,0.8369828692980565,0.16301713070194346
DEAP:S25:T23,DEAP:S25,T23,0,2.01,1,1,3,4,unexposed,stimulus_relative_context,validation_unseen,10.0,0.28765961124868156,0.7123403887513184
DEAP:S25:T25,DEAP:S25,T25,0,4.96,1,1,3,4,unexposed,stimulus_relative_context,validation_unseen,10.0,0.72354825378524,0.27645174621476
DEAP:S25:T26,DEAP:S25,T26,0,4.99,1,1,3,4,unexposed,stimulus_relative_context,validation_unseen,10.0,0.9860606490534618,0.013939350946538217
DEAP:S25:T33,DEAP:S25,T33,0,1.94,1,1,3,4,unexposed,stimulus_relative_context,validation_unseen,10.0,0.3200470845039828,0.6799529154960172
DEAP:S25:T35,DEAP:S25,T35,0,3.03,1,1,3,4,unexposed,stimulus_relative_context,validation_unseen,10.0,0.9676318447769089,0.03236815522309108
DEAP:S27:T01,DEAP:S27,T01,1,6.03,1,1,3,4,unexposed,stimulus_relative_context,validation_unseen,10.0,0.9901458558989557,0.009854144101044337
DEAP:S27:T08,DEAP:S27,T08,1,8.24,1,1,3,4,unexposed,stimulus_relative_context,validation_unseen,10.0,0.9944769384748716,0.00552306152512833
DEAP:S27:T12,DEAP:S27,T12,0,4.18,1,1,3,4,unexposed,stimulus_relative_context,validation_unseen,10.0,0.9884821791565106,0.01151782084348941
DEAP:S27:T23,DEAP:S27,T23,1,8.0,1,1,3,4,unexposed,stimulus_relative_context,validation_unseen,10.0,0.992155379126963,0.007844620873036993
DEAP:S27:T25,DEAP:S27,T25,0,4.0,1,1,3,4,unexposed,stimulus_relative_context,validation_unseen,10.0,0.6938696823754906,0.3061303176245093
DEAP:S27:T26,DEAP:S27,T26,1,5.04,1,1,3,4,unexposed,stimulus_relative_context,validation_unseen,10.0,0.9883898530151831,0.011610146984816863
DEAP:S27:T33,DEAP:S27,T33,1,5.04,1,1,3,4,unexposed,stimulus_relative_context,validation_unseen,10.0,0.9930650827529892,0.00693491724701084
DEAP:S27:T35,DEAP:S27,T35,0,1.0,1,1,3,4,unexposed,stimulus_relative_context,validation_unseen,10.0,0.9822052682301629,0.017794731769837157
DEAP:S29:T01,DEAP:S29,T01,1,6.06,1,1,3,4,unexposed,stimulus_relative_context,validation_unseen,10.0,0.9999999995842292,4.1577077995494307e-10
DEAP:S29:T08,DEAP:S29,T08,1,7.04,1,1,3,4,unexposed,stimulus_relative_context,validation_unseen,10.0,0.9999995597709646,4.4022903543478287e-07
DEAP:S29:T12,DEAP:S29,T12,1,6.04,1,1,3,4,unexposed,stimulus_relative_context,validation_unseen,10.0,0.9769111240478076,0.02308887595219248
DEAP:S29:T23,DEAP:S29,T23,0,2.05,1,1,3,4,unexposed,stimulus_relative_context,validation_unseen,10.0,0.9999958463888186,4.153611181493352e-06
DEAP:S29:T25,DEAP:S29,T25,0,3.03,1,1,3,4,unexposed,stimulus_relative_context,validation_unseen,10.0,0.9999993720757795,6.279242205365399e-07
DEAP:S29:T26,DEAP:S29,T26,0,3.0,1,1,3,4,unexposed,stimulus_relative_context,validation_unseen,10.0,0.9998582456662665,0.00014175433373354453
DEAP:S29:T33,DEAP:S29,T33,0,1.99,1,1,3,4,unexposed,stimulus_relative_context,validation_unseen,10.0,0.9999998601028834,1.3989711659417084e-07
DEAP:S29:T35,DEAP:S29,T35,0,1.92,1,1,3,4,unexposed,stimulus_relative_context,validation_unseen,10.0,0.9999794210690691,2.0578930930860897e-05
DEAP:S18:T02,DEAP:S18,T02,1,6.87,1,1,3,4,unexposed,stimulus_relative_context,validation_familiar,10.0,0.5432676880263766,0.4567323119736234
DEAP:S18:T03,DEAP:S18,T03,1,6.36,1,1,3,4,unexposed,stimulus_relative_context,validation_familiar,10.0,0.1455850498957233,0.8544149501042767
DEAP:S18:T06,DEAP:S18,T06,1,6.51,1,1,3,4,unexposed,stimulus_relative_context,validation_familiar,10.0,0.07131117925647501,0.928688820743525
DEAP:S18:T10,DEAP:S18,T10,1,6.09,1,1,3,4,unexposed,stimulus_relative_context,validation_familiar,10.0,0.12777867883716754,0.8722213211628325
DEAP:S18:T11,DEAP:S18,T11,1,6.24,1,1,3,4,unexposed,stimulus_relative_context,validation_familiar,10.0,0.23252941452297593,0.7674705854770241
DEAP:S18:T14,DEAP:S18,T14,1,6.62,1,1,3,4,unexposed,stimulus_relative_context,validation_familiar,10.0,0.006533327862721761,0.9934666721372782
DEAP:S18:T16,DEAP:S18,T16,0,4.38,1,1,3,4,unexposed,stimulus_relative_context,validation_familiar,10.0,0.008689376151993389,0.9913106238480066
DEAP:S18:T17,DEAP:S18,T17,1,7.74,1,1,3,4,unexposed,stimulus_relative_context,validation_familiar,10.0,0.6294033544398152,0.3705966455601848
DEAP:S18:T20,DEAP:S18,T20,1,6.24,1,1,3,4,unexposed,stimulus_relative_context,validation_familiar,10.0,0.14139900667762206,0.8586009933223779
DEAP:S18:T21,DEAP:S18,T21,0,3.92,1,1,3,4,unexposed,stimulus_relative_context,validation_familiar,10.0,0.42534797200641494,0.5746520279935851
DEAP:S18:T31,DEAP:S18,T31,0,4.44,1,1,3,4,unexposed,stimulus_relative_context,validation_familiar,10.0,0.7523458216499649,0.24765417835003511
DEAP:S18:T34,DEAP:S18,T34,0,4.15,1,1,3,4,unexposed,stimulus_relative_context,validation_familiar,10.0,0.3772041132115136,0.6227958867884864
DEAP:S18:T37,DEAP:S18,T37,0,4.0,1,1,3,4,unexposed,stimulus_relative_context,validation_familiar,10.0,0.29113427167696515,0.7088657283230348
DEAP:S18:T38,DEAP:S18,T38,0,4.51,1,1,3,4,unexposed,stimulus_relative_context,validation_familiar,10.0,0.15802056172976997,0.84197943827023
DEAP:S18:T39,DEAP:S18,T39,0,4.06,1,1,3,4,unexposed,stimulus_relative_context,validation_familiar,10.0,0.14479471306922298,0.855205286930777
DEAP:S25:T02,DEAP:S25,T02,0,2.99,1,1,3,4,unexposed,stimulus_relative_context,validation_familiar,10.0,0.11087424705010718,0.8891257529498928
DEAP:S25:T03,DEAP:S25,T03,1,7.12,1,1,3,4,unexposed,stimulus_relative_context,validation_familiar,10.0,0.2868153636697801,0.7131846363302199
DEAP:S25:T10,DEAP:S25,T10,0,1.0,1,1,3,4,unexposed,stimulus_relative_context,validation_familiar,10.0,0.9702908667743158,0.029709133225684223
DEAP:S25:T11,DEAP:S25,T11,1,9.0,1,1,3,4,unexposed,stimulus_relative_context,validation_familiar,10.0,0.6156281118842057,0.3843718881157942
DEAP:S25:T14,DEAP:S25,T14,1,8.09,1,1,3,4,unexposed,stimulus_relative_context,validation_familiar,10.0,0.009504759362688686,0.9904952406373113
DEAP:S25:T16,DEAP:S25,T16,1,6.05,1,1,3,4,unexposed,stimulus_relative_context,validation_familiar,10.0,0.9823100103845793,0.017689989615420634
DEAP:S25:T17,DEAP:S25,T17,1,5.04,1,1,3,4,unexposed,stimulus_relative_context,validation_familiar,10.0,0.10426791449818551,0.8957320855018145
DEAP:S25:T20,DEAP:S25,T20,1,7.08,1,1,3,4,unexposed,stimulus_relative_context,validation_familiar,10.0,0.2400973848475868,0.7599026151524132
DEAP:S25:T21,DEAP:S25,T21,1,6.03,1,1,3,4,unexposed,stimulus_relative_context,validation_familiar,10.0,0.8270769365446046,0.17292306345539543
DEAP:S25:T31,DEAP:S25,T31,0,1.01,1,1,3,4,unexposed,stimulus_relative_context,validation_familiar,10.0,0.9766913831956079,0.02330861680439213
DEAP:S25:T34,DEAP:S25,T34,0,4.95,1,1,3,4,unexposed,stimulus_relative_context,validation_familiar,10.0,0.996226211589811,0.003773788410189086
DEAP:S25:T37,DEAP:S25,T37,0,1.0,1,1,3,4,unexposed,stimulus_relative_context,validation_familiar,10.0,0.9884396310163672,0.011560368983632795
DEAP:S25:T38,DEAP:S25,T38,0,1.0,1,1,3,4,unexposed,stimulus_relative_context,validation_familiar,10.0,0.9943704839325216,0.005629516067478397
DEAP:S25:T39,DEAP:S25,T39,0,1.0,1,1,3,4,unexposed,stimulus_relative_context,validation_familiar,10.0,0.8563712190361787,0.1436287809638213
DEAP:S25:T40,DEAP:S25,T40,0,1.0,1,1,3,4,unexposed,stimulus_relative_context,validation_familiar,10.0,0.8576164556059541,0.14238354439404585
DEAP:S27:T02,DEAP:S27,T02,1,7.0,1,1,3,4,unexposed,stimulus_relative_context,validation_familiar,10.0,0.4708444131021462,0.5291555868978538
DEAP:S27:T03,DEAP:S27,T03,1,9.0,1,1,3,4,unexposed,stimulus_relative_context,validation_familiar,10.0,0.5863085305723401,0.41369146942765994
DEAP:S27:T06,DEAP:S27,T06,1,7.0,1,1,3,4,unexposed,stimulus_relative_context,validation_familiar,10.0,0.7987253315625192,0.2012746684374808
DEAP:S27:T10,DEAP:S27,T10,1,6.01,1,1,3,4,unexposed,stimulus_relative_context,validation_familiar,10.0,0.9986771782180675,0.0013228217819324962
DEAP:S27:T11,DEAP:S27,T11,1,9.0,1,1,3,4,unexposed,stimulus_relative_context,validation_familiar,10.0,0.4815544288376875,0.5184455711623125
DEAP:S27:T14,DEAP:S27,T14,1,8.06,1,1,3,4,unexposed,stimulus_relative_context,validation_familiar,10.0,0.24869258245662473,0.7513074175433753
DEAP:S27:T16,DEAP:S27,T16,1,8.06,1,1,3,4,unexposed,stimulus_relative_context,validation_familiar,10.0,0.9998628017812484,0.00013719821875159336
DEAP:S27:T17,DEAP:S27,T17,1,9.0,1,1,3,4,unexposed,stimulus_relative_context,validation_familiar,10.0,0.984397786302842,0.01560221369715797
DEAP:S27:T20,DEAP:S27,T20,1,6.97,1,1,3,4,unexposed,stimulus_relative_context,validation_familiar,10.0,0.653492832341525,0.34650716765847495
DEAP:S27:T21,DEAP:S27,T21,1,9.0,1,1,3,4,unexposed,stimulus_relative_context,validation_familiar,10.0,0.9999241737318366,7.582626816343336e-05
DEAP:S27:T31,DEAP:S27,T31,1,5.08,1,1,3,4,unexposed,stimulus_relative_context,validation_familiar,10.0,0.956353406385615,0.04364659361438501
DEAP:S27:T34,DEAP:S27,T34,0,2.85,1,1,3,4,unexposed,stimulus_relative_context,validation_familiar,10.0,0.9995266628370939,0.0004733371629060841
DEAP:S27:T37,DEAP:S27,T37,0,2.99,1,1,3,4,unexposed,stimulus_relative_context,validation_familiar,10.0,0.9980887234246302,0.0019112765753698138
DEAP:S27:T38,DEAP:S27,T38,0,1.0,1,1,3,4,unexposed,stimulus_relative_context,validation_familiar,10.0,0.999998507472092,1.4925279080852777e-06
DEAP:S27:T39,DEAP:S27,T39,0,2.14,1,1,3,4,unexposed,stimulus_relative_context,validation_familiar,10.0,0.9999203154482786,7.968455172132197e-05
DEAP:S27:T40,DEAP:S27,T40,1,5.04,1,1,3,4,unexposed,stimulus_relative_context,validation_familiar,10.0,0.9821420226695069,0.017857977330493113
DEAP:S29:T02,DEAP:S29,T02,1,7.05,1,1,3,4,unexposed,stimulus_relative_context,validation_familiar,10.0,0.9977075012695021,0.002292498730497827
DEAP:S29:T03,DEAP:S29,T03,1,9.0,1,1,3,4,unexposed,stimulus_relative_context,validation_familiar,10.0,0.16250918504317047,0.8374908149568295
DEAP:S29:T06,DEAP:S29,T06,1,8.03,1,1,3,4,unexposed,stimulus_relative_context,validation_familiar,10.0,0.9997243386008766,0.0002756613991234001
DEAP:S29:T10,DEAP:S29,T10,1,7.01,1,1,3,4,unexposed,stimulus_relative_context,validation_familiar,10.0,0.9999999790208042,2.09791957793926e-08
DEAP:S29:T11,DEAP:S29,T11,1,8.03,1,1,3,4,unexposed,stimulus_relative_context,validation_familiar,10.0,0.9676099614745932,0.03239003852540676
DEAP:S29:T14,DEAP:S29,T14,1,8.06,1,1,3,4,unexposed,stimulus_relative_context,validation_familiar,10.0,0.9810808003047902,0.01891919969520987
DEAP:S29:T16,DEAP:S29,T16,0,3.0,1,1,3,4,unexposed,stimulus_relative_context,validation_familiar,10.0,0.9999999856083179,1.4391682091902066e-08
DEAP:S29:T17,DEAP:S29,T17,1,5.08,1,1,3,4,unexposed,stimulus_relative_context,validation_familiar,10.0,0.9969474644605002,0.0030525355394997893
DEAP:S29:T20,DEAP:S29,T20,1,8.03,1,1,3,4,unexposed,stimulus_relative_context,validation_familiar,10.0,0.9999916761420805,8.323857919472588e-06
DEAP:S29:T21,DEAP:S29,T21,0,2.92,1,1,3,4,unexposed,stimulus_relative_context,validation_familiar,10.0,0.9999999966166564,3.3833435711614604e-09
DEAP:S29:T31,DEAP:S29,T31,0,1.0,1,1,3,4,unexposed,stimulus_relative_context,validation_familiar,10.0,0.9999869046008669,1.3095399133098552e-05
DEAP:S29:T34,DEAP:S29,T34,0,3.95,1,1,3,4,unexposed,stimulus_relative_context,validation_familiar,10.0,0.9999999915626964,8.437303660679965e-09
DEAP:S29:T37,DEAP:S29,T37,1,5.01,1,1,3,4,unexposed,stimulus_relative_context,validation_familiar,10.0,0.9999895126240125,1.0487375987536752e-05
DEAP:S29:T38,DEAP:S29,T38,0,1.88,1,1,3,4,unexposed,stimulus_relative_context,validation_familiar,10.0,0.9999990335119786,9.66488021436876e-07
DEAP:S29:T39,DEAP:S29,T39,1,6.05,1,1,3,4,unexposed,stimulus_relative_context,validation_familiar,10.0,0.9999661625453871,3.383745461289422e-05
DEAP:S29:T40,DEAP:S29,T40,1,6.01,1,1,3,4,unexposed,stimulus_relative_context,validation_familiar,10.0,0.9999992675546081,7.324453918757342e-07
