trial_id,subject_id,material_key,label,original_label,group,source_session,material_rotation,fold,arm,model,role,C,p0,p1
DEAP:S01:T01,DEAP:S01,T01,1,7.71,1,1,2,6,unexposed,stimulus_relative_context,train,0.01,0.28486206708018247,0.7151379329198175
DEAP:S01:T02,DEAP:S01,T02,1,8.1,1,1,2,6,unexposed,stimulus_relative_context,train,0.01,0.2524322170772825,0.7475677829227175
DEAP:S01:T08,DEAP:S01,T08,1,7.32,1,1,2,6,unexposed,stimulus_relative_context,train,0.01,0.20033121115418495,0.799668788845815
DEAP:S01:T10,DEAP:S01,T10,0,1.99,1,1,2,6,unexposed,stimulus_relative_context,train,0.01,0.4164386814393114,0.5835613185606886
DEAP:S01:T12,DEAP:S01,T12,0,2.71,1,1,2,6,unexposed,stimulus_relative_context,train,0.01,0.28050585074509193,0.7194941492549081
DEAP:S01:T14,DEAP:S01,T14,0,4.18,1,1,2,6,unexposed,stimulus_relative_context,train,0.01,0.26428247580992914,0.7357175241900709
DEAP:S01:T17,DEAP:S01,T17,0,2.46,1,1,2,6,unexposed,stimulus_relative_context,train,0.01,0.3431783459758784,0.6568216540241216
DEAP:S01:T20,DEAP:S01,T20,1,8.26,1,1,2,6,unexposed,stimulus_relative_context,train,0.01,0.18213574642526154,0.8178642535747385
DEAP:S01:T21,DEAP:S01,T21,1,9.0,1,1,2,6,unexposed,stimulus_relative_context,train,0.01,0.5951712680825347,0.4048287319174653
DEAP:S01:T23,DEAP:S01,T23,1,8.15,1,1,2,6,unexposed,stimulus_relative_context,train,0.01,0.7249191271707813,0.2750808728292187
DEAP:S01:T25,DEAP:S01,T25,1,8.86,1,1,2,6,unexposed,stimulus_relative_context,train,0.01,0.49231847535740114,0.5076815246425989
DEAP:S01:T26,DEAP:S01,T26,1,7.28,1,1,2,6,unexposed,stimulus_relative_context,train,0.01,0.5286411656699214,0.47135883433007864
DEAP:S01:T33,DEAP:S01,T33,0,3.81,1,1,2,6,unexposed,stimulus_relative_context,train,0.01,0.6328654326645015,0.36713456733549854
DEAP:S01:T35,DEAP:S01,T35,0,2.06,1,1,2,6,unexposed,stimulus_relative_context,train,0.01,0.6364269743684383,0.36357302563156174
DEAP:S01:T38,DEAP:S01,T38,0,3.33,1,1,2,6,unexposed,stimulus_relative_context,train,0.01,0.6188455055680955,0.3811544944319045
DEAP:S03:T01,DEAP:S03,T01,1,5.33,1,1,2,6,unexposed,stimulus_relative_context,train,0.01,0.33251304533356374,0.6674869546664363
DEAP:S03:T02,DEAP:S03,T02,1,7.21,1,1,2,6,unexposed,stimulus_relative_context,train,0.01,0.35961260300276954,0.6403873969972305
DEAP:S03:T08,DEAP:S03,T08,1,7.14,1,1,2,6,unexposed,stimulus_relative_context,train,0.01,0.294345092318852,0.705654907681148
DEAP:S03:T10,DEAP:S03,T10,0,4.45,1,1,2,6,unexposed,stimulus_relative_context,train,0.01,0.48270790103547556,0.5172920989645244
DEAP:S03:T12,DEAP:S03,T12,1,6.36,1,1,2,6,unexposed,stimulus_relative_context,train,0.01,0.40333415101460923,0.5966658489853908
DEAP:S03:T14,DEAP:S03,T14,1,7.29,1,1,2,6,unexposed,stimulus_relative_context,train,0.01,0.37427096242701496,0.625729037572985
DEAP:S03:T17,DEAP:S03,T17,0,4.56,1,1,2,6,unexposed,stimulus_relative_context,train,0.01,0.4289589503789448,0.5710410496210552
DEAP:S03:T20,DEAP:S03,T20,1,6.26,1,1,2,6,unexposed,stimulus_relative_context,train,0.01,0.25801536120516566,0.7419846387948343
DEAP:S03:T21,DEAP:S03,T21,0,4.99,1,1,2,6,unexposed,stimulus_relative_context,train,0.01,0.6947592933885932,0.3052407066114068
DEAP:S03:T23,DEAP:S03,T23,0,3.65,1,1,2,6,unexposed,stimulus_relative_context,train,0.01,0.7547607940937209,0.2452392059062791
DEAP:S03:T25,DEAP:S03,T25,0,3.45,1,1,2,6,unexposed,stimulus_relative_context,train,0.01,0.6077113949270823,0.3922886050729177
DEAP:S03:T33,DEAP:S03,T33,0,4.05,1,1,2,6,unexposed,stimulus_relative_context,train,0.01,0.6880135378970823,0.3119864621029177
DEAP:S03:T37,DEAP:S03,T37,0,4.92,1,1,2,6,unexposed,stimulus_relative_context,train,0.01,0.718402398322687,0.2815976016773129
DEAP:S03:T38,DEAP:S03,T38,0,4.53,1,1,2,6,unexposed,stimulus_relative_context,train,0.01,0.7757145560751958,0.22428544392480418
DEAP:S04:T01,DEAP:S04,T01,1,6.68,1,1,2,6,unexposed,stimulus_relative_context,train,0.01,0.3226190565502953,0.6773809434497047
DEAP:S04:T02,DEAP:S04,T02,0,4.06,1,1,2,6,unexposed,stimulus_relative_context,train,0.01,0.25138223134687576,0.7486177686531242
DEAP:S04:T10,DEAP:S04,T10,0,3.15,1,1,2,6,unexposed,stimulus_relative_context,train,0.01,0.49968233256921024,0.5003176674307898
DEAP:S04:T12,DEAP:S04,T12,1,5.04,1,1,2,6,unexposed,stimulus_relative_context,train,0.01,0.31635844066013574,0.6836415593398643
DEAP:S04:T14,DEAP:S04,T14,1,6.96,1,1,2,6,unexposed,stimulus_relative_context,train,0.01,0.27015272827450654,0.7298472717254935
DEAP:S04:T17,DEAP:S04,T17,1,7.01,1,1,2,6,unexposed,stimulus_relative_context,train,0.01,0.4148525496476485,0.5851474503523515
DEAP:S04:T20,DEAP:S04,T20,1,8.17,1,1,2,6,unexposed,stimulus_relative_context,train,0.01,0.23774694216012382,0.7622530578398762
DEAP:S04:T21,DEAP:S04,T21,0,1.77,1,1,2,6,unexposed,stimulus_relative_context,train,0.01,0.7930426228070435,0.20695737719295648
DEAP:S04:T23,DEAP:S04,T23,0,1.86,1,1,2,6,unexposed,stimulus_relative_context,train,0.01,0.795562011111967,0.20443798888803302
DEAP:S04:T25,DEAP:S04,T25,1,7.0,1,1,2,6,unexposed,stimulus_relative_context,train,0.01,0.6424609020502454,0.3575390979497545
DEAP:S04:T26,DEAP:S04,T26,1,6.0,1,1,2,6,unexposed,stimulus_relative_context,train,0.01,0.4721537942793216,0.5278462057206784
DEAP:S04:T33,DEAP:S04,T33,0,1.0,1,1,2,6,unexposed,stimulus_relative_context,train,0.01,0.6362029424518262,0.3637970575481738
DEAP:S04:T35,DEAP:S04,T35,0,2.03,1,1,2,6,unexposed,stimulus_relative_context,train,0.01,0.7794018961594655,0.22059810384053452
DEAP:S04:T37,DEAP:S04,T37,0,1.0,1,1,2,6,unexposed,stimulus_relative_context,train,0.01,0.7006251285942318,0.2993748714057683
DEAP:S04:T38,DEAP:S04,T38,0,1.79,1,1,2,6,unexposed,stimulus_relative_context,train,0.01,0.7827696246513804,0.21723037534861953
DEAP:S07:T01,DEAP:S07,T01,1,8.1,1,1,2,6,unexposed,stimulus_relative_context,train,0.01,0.20502771013809296,0.794972289861907
DEAP:S07:T02,DEAP:S07,T02,1,7.15,1,1,2,6,unexposed,stimulus_relative_context,train,0.01,0.3254118717014709,0.6745881282985291
DEAP:S07:T08,DEAP:S07,T08,1,7.0,1,1,2,6,unexposed,stimulus_relative_context,train,0.01,0.22038976475356065,0.7796102352464394
DEAP:S07:T10,DEAP:S07,T10,1,7.09,1,1,2,6,unexposed,stimulus_relative_context,train,0.01,0.45265995911322243,0.5473400408867776
DEAP:S07:T12,DEAP:S07,T12,1,6.99,1,1,2,6,unexposed,stimulus_relative_context,train,0.01,0.2667175282782138,0.7332824717217862
DEAP:S07:T14,DEAP:S07,T14,1,7.09,1,1,2,6,unexposed,stimulus_relative_context,train,0.01,0.22328758333223142,0.7767124166677686
DEAP:S07:T20,DEAP:S07,T20,1,8.06,1,1,2,6,unexposed,stimulus_relative_context,train,0.01,0.21710895424917231,0.7828910457508277
DEAP:S07:T21,DEAP:S07,T21,0,3.12,1,1,2,6,unexposed,stimulus_relative_context,train,0.01,0.6797953969450398,0.32020460305496024
DEAP:S07:T23,DEAP:S07,T23,0,3.01,1,1,2,6,unexposed,stimulus_relative_context,train,0.01,0.705557239737471,0.294442760262529
DEAP:S07:T25,DEAP:S07,T25,0,2.99,1,1,2,6,unexposed,stimulus_relative_context,train,0.01,0.5084153981556384,0.4915846018443616
DEAP:S07:T26,DEAP:S07,T26,0,2.0,1,1,2,6,unexposed,stimulus_relative_context,train,0.01,0.5301814584671103,0.46981854153288977
DEAP:S07:T33,DEAP:S07,T33,0,4.97,1,1,2,6,unexposed,stimulus_relative_context,train,0.01,0.6923238682133238,0.3076761317866762
DEAP:S07:T35,DEAP:S07,T35,1,5.01,1,1,2,6,unexposed,stimulus_relative_context,train,0.01,0.6666279532596918,0.3333720467403082
DEAP:S07:T37,DEAP:S07,T37,1,5.05,1,1,2,6,unexposed,stimulus_relative_context,train,0.01,0.6992326066318398,0.30076739336816016
DEAP:S07:T38,DEAP:S07,T38,1,5.03,1,1,2,6,unexposed,stimulus_relative_context,train,0.01,0.7449780292356007,0.25502197076439925
DEAP:S08:T01,DEAP:S08,T01,1,7.6,1,1,2,6,unexposed,stimulus_relative_context,train,0.01,0.3329164280521485,0.6670835719478515
DEAP:S08:T02,DEAP:S08,T02,1,5.04,1,1,2,6,unexposed,stimulus_relative_context,train,0.01,0.28858554510041623,0.7114144548995838
DEAP:S08:T08,DEAP:S08,T08,1,8.82,1,1,2,6,unexposed,stimulus_relative_context,train,0.01,0.31541624278917846,0.6845837572108215
DEAP:S08:T10,DEAP:S08,T10,0,4.97,1,1,2,6,unexposed,stimulus_relative_context,train,0.01,0.5434987621610505,0.4565012378389495
DEAP:S08:T12,DEAP:S08,T12,1,8.47,1,1,2,6,unexposed,stimulus_relative_context,train,0.01,0.3472743089148187,0.6527256910851813
DEAP:S08:T14,DEAP:S08,T14,1,6.88,1,1,2,6,unexposed,stimulus_relative_context,train,0.01,0.2962368811666348,0.7037631188333652
DEAP:S08:T17,DEAP:S08,T17,1,6.67,1,1,2,6,unexposed,stimulus_relative_context,train,0.01,0.4101567240719023,0.5898432759280977
DEAP:S08:T20,DEAP:S08,T20,1,6.74,1,1,2,6,unexposed,stimulus_relative_context,train,0.01,0.253752211786509,0.746247788213491
DEAP:S08:T21,DEAP:S08,T21,0,4.68,1,1,2,6,unexposed,stimulus_relative_context,train,0.01,0.6613946048362169,0.338605395163783
DEAP:S08:T23,DEAP:S08,T23,0,3.59,1,1,2,6,unexposed,stimulus_relative_context,train,0.01,0.8050681064158605,0.1949318935841396
DEAP:S08:T25,DEAP:S08,T25,0,3.72,1,1,2,6,unexposed,stimulus_relative_context,train,0.01,0.6560397249526202,0.34396027504737975
DEAP:S08:T26,DEAP:S08,T26,0,4.99,1,1,2,6,unexposed,stimulus_relative_context,train,0.01,0.623384089580801,0.37661591041919895
DEAP:S08:T33,DEAP:S08,T33,0,4.44,1,1,2,6,unexposed,stimulus_relative_context,train,0.01,0.6482247862252336,0.3517752137747664
DEAP:S08:T35,DEAP:S08,T35,0,3.62,1,1,2,6,unexposed,stimulus_relative_context,train,0.01,0.6598590067168166,0.3401409932831834
DEAP:S08:T37,DEAP:S08,T37,1,5.06,1,1,2,6,unexposed,stimulus_relative_context,train,0.01,0.7023336411953314,0.2976663588046687
DEAP:S08:T38,DEAP:S08,T38,0,4.72,1,1,2,6,unexposed,stimulus_relative_context,train,0.01,0.7431745964649106,0.2568254035350895
DEAP:S09:T01,DEAP:S09,T01,1,5.05,1,1,2,6,unexposed,stimulus_relative_context,train,0.01,0.21328515744002563,0.7867148425599744
DEAP:S09:T02,DEAP:S09,T02,1,7.08,1,1,2,6,unexposed,stimulus_relative_context,train,0.01,0.33035344713738524,0.6696465528626148
DEAP:S09:T08,DEAP:S09,T08,1,6.15,1,1,2,6,unexposed,stimulus_relative_context,train,0.01,0.2603216087827701,0.7396783912172299
DEAP:S09:T10,DEAP:S09,T10,0,3.94,1,1,2,6,unexposed,stimulus_relative_context,train,0.01,0.4246005738021148,0.5753994261978852
DEAP:S09:T12,DEAP:S09,T12,1,7.08,1,1,2,6,unexposed,stimulus_relative_context,train,0.01,0.2856103561211327,0.7143896438788673
DEAP:S09:T14,DEAP:S09,T14,1,7.0,1,1,2,6,unexposed,stimulus_relative_context,train,0.01,0.21390192769740313,0.7860980723025969
DEAP:S09:T17,DEAP:S09,T17,1,6.03,1,1,2,6,unexposed,stimulus_relative_context,train,0.01,0.38041269164217995,0.61958730835782
DEAP:S09:T20,DEAP:S09,T20,1,5.12,1,1,2,6,unexposed,stimulus_relative_context,train,0.01,0.23483648643348187,0.7651635135665181
DEAP:S09:T21,DEAP:S09,T21,0,4.04,1,1,2,6,unexposed,stimulus_relative_context,train,0.01,0.8250886992723938,0.17491130072760624
DEAP:S09:T25,DEAP:S09,T25,1,5.04,1,1,2,6,unexposed,stimulus_relative_context,train,0.01,0.5261873863357249,0.47381261366427513
DEAP:S09:T26,DEAP:S09,T26,0,4.1,1,1,2,6,unexposed,stimulus_relative_context,train,0.01,0.6647033908819953,0.33529660911800474
DEAP:S09:T33,DEAP:S09,T33,0,3.08,1,1,2,6,unexposed,stimulus_relative_context,train,0.01,0.7902115081916037,0.20978849180839634
DEAP:S09:T35,DEAP:S09,T35,0,3.01,1,1,2,6,unexposed,stimulus_relative_context,train,0.01,0.6314718746317296,0.36852812536827045
DEAP:S09:T37,DEAP:S09,T37,0,2.99,1,1,2,6,unexposed,stimulus_relative_context,train,0.01,0.7074434277549011,0.29255657224509896
DEAP:S09:T38,DEAP:S09,T38,0,2.92,1,1,2,6,unexposed,stimulus_relative_context,train,0.01,0.7136438145224901,0.2863561854775098
DEAP:S10:T01,DEAP:S10,T01,1,7.91,1,1,2,6,unexposed,stimulus_relative_context,train,0.01,0.3187988880038596,0.6812011119961404
DEAP:S10:T02,DEAP:S10,T02,0,3.55,1,1,2,6,unexposed,stimulus_relative_context,train,0.01,0.3177857121678178,0.6822142878321822
DEAP:S10:T08,DEAP:S10,T08,1,5.68,1,1,2,6,unexposed,stimulus_relative_context,train,0.01,0.261542945173574,0.738457054826426
DEAP:S10:T10,DEAP:S10,T10,1,5.94,1,1,2,6,unexposed,stimulus_relative_context,train,0.01,0.46551597966702785,0.5344840203329722
DEAP:S10:T12,DEAP:S10,T12,1,5.37,1,1,2,6,unexposed,stimulus_relative_context,train,0.01,0.3438975358245303,0.6561024641754697
DEAP:S10:T14,DEAP:S10,T14,1,8.81,1,1,2,6,unexposed,stimulus_relative_context,train,0.01,0.31940433630628173,0.6805956636937183
DEAP:S10:T17,DEAP:S10,T17,0,4.95,1,1,2,6,unexposed,stimulus_relative_context,train,0.01,0.43322250825190234,0.5667774917480977
DEAP:S10:T20,DEAP:S10,T20,1,5.58,1,1,2,6,unexposed,stimulus_relative_context,train,0.01,0.30538681652146604,0.694613183478534
DEAP:S10:T26,DEAP:S10,T26,0,4.95,1,1,2,6,unexposed,stimulus_relative_context,train,0.01,0.6586353848203474,0.34136461517965255
DEAP:S10:T33,DEAP:S10,T33,0,4.94,1,1,2,6,unexposed,stimulus_relative_context,train,0.01,0.665018660613117,0.334981339386883
DEAP:S10:T35,DEAP:S10,T35,0,1.38,1,1,2,6,unexposed,stimulus_relative_context,train,0.01,0.6845344428874391,0.3154655571125608
DEAP:S10:T37,DEAP:S10,T37,0,2.92,1,1,2,6,unexposed,stimulus_relative_context,train,0.01,0.6730386821960646,0.32696131780393545
DEAP:S10:T38,DEAP:S10,T38,0,1.91,1,1,2,6,unexposed,stimulus_relative_context,train,0.01,0.736723259564616,0.2632767404353839
DEAP:S11:T01,DEAP:S11,T01,1,6.27,1,1,2,6,unexposed,stimulus_relative_context,train,0.01,0.25125979789679487,0.7487402021032051
DEAP:S11:T02,DEAP:S11,T02,1,5.67,1,1,2,6,unexposed,stimulus_relative_context,train,0.01,0.24933456368939533,0.7506654363106047
DEAP:S11:T08,DEAP:S11,T08,1,6.26,1,1,2,6,unexposed,stimulus_relative_context,train,0.01,0.17282602234837108,0.8271739776516289
DEAP:S11:T10,DEAP:S11,T10,1,6.53,1,1,2,6,unexposed,stimulus_relative_context,train,0.01,0.4173976523884555,0.5826023476115445
DEAP:S11:T12,DEAP:S11,T12,1,5.04,1,1,2,6,unexposed,stimulus_relative_context,train,0.01,0.2604746826284302,0.7395253173715698
DEAP:S11:T14,DEAP:S11,T14,1,7.96,1,1,2,6,unexposed,stimulus_relative_context,train,0.01,0.20661355387323033,0.7933864461267697
DEAP:S11:T17,DEAP:S11,T17,1,8.32,1,1,2,6,unexposed,stimulus_relative_context,train,0.01,0.3304986625514107,0.6695013374485893
DEAP:S11:T20,DEAP:S11,T20,1,6.0,1,1,2,6,unexposed,stimulus_relative_context,train,0.01,0.18909570980048362,0.8109042901995164
DEAP:S11:T21,DEAP:S11,T21,0,3.27,1,1,2,6,unexposed,stimulus_relative_context,train,0.01,0.6203499380868447,0.37965006191315537
DEAP:S11:T23,DEAP:S11,T23,0,3.72,1,1,2,6,unexposed,stimulus_relative_context,train,0.01,0.6983885219465036,0.3016114780534964
DEAP:S11:T25,DEAP:S11,T25,1,5.01,1,1,2,6,unexposed,stimulus_relative_context,train,0.01,0.5906127501168423,0.4093872498831577
DEAP:S11:T26,DEAP:S11,T26,1,5.49,1,1,2,6,unexposed,stimulus_relative_context,train,0.01,0.5266113853509324,0.4733886146490676
DEAP:S11:T33,DEAP:S11,T33,1,5.64,1,1,2,6,unexposed,stimulus_relative_context,train,0.01,0.5643788941793462,0.43562110582065383
DEAP:S11:T37,DEAP:S11,T37,0,1.47,1,1,2,6,unexposed,stimulus_relative_context,train,0.01,0.5209461054342959,0.4790538945657041
DEAP:S11:T38,DEAP:S11,T38,0,1.35,1,1,2,6,unexposed,stimulus_relative_context,train,0.01,0.6492556860434946,0.35074431395650546
DEAP:S12:T01,DEAP:S12,T01,1,7.09,1,1,2,6,unexposed,stimulus_relative_context,train,0.01,0.34942274118732863,0.6505772588126714
DEAP:S12:T02,DEAP:S12,T02,1,6.09,1,1,2,6,unexposed,stimulus_relative_context,train,0.01,0.3664444283341841,0.6335555716658159
DEAP:S12:T08,DEAP:S12,T08,1,5.1,1,1,2,6,unexposed,stimulus_relative_context,train,0.01,0.2978457292426213,0.7021542707573787
DEAP:S12:T10,DEAP:S12,T10,0,4.06,1,1,2,6,unexposed,stimulus_relative_context,train,0.01,0.5367290345337676,0.46327096546623237
DEAP:S12:T12,DEAP:S12,T12,1,6.86,1,1,2,6,unexposed,stimulus_relative_context,train,0.01,0.3984045621363488,0.6015954378636512
DEAP:S12:T14,DEAP:S12,T14,1,8.15,1,1,2,6,unexposed,stimulus_relative_context,train,0.01,0.3653982227077329,0.6346017772922671
DEAP:S12:T17,DEAP:S12,T17,0,4.86,1,1,2,6,unexposed,stimulus_relative_context,train,0.01,0.5224700187727036,0.47752998122729634
DEAP:S12:T20,DEAP:S12,T20,1,7.35,1,1,2,6,unexposed,stimulus_relative_context,train,0.01,0.3344339007240348,0.6655660992759652
DEAP:S12:T23,DEAP:S12,T23,0,1.74,1,1,2,6,unexposed,stimulus_relative_context,train,0.01,0.8442224881820543,0.15577751181794572
DEAP:S12:T25,DEAP:S12,T25,0,2.78,1,1,2,6,unexposed,stimulus_relative_context,train,0.01,0.6132591361973455,0.3867408638026545
DEAP:S12:T26,DEAP:S12,T26,1,6.08,1,1,2,6,unexposed,stimulus_relative_context,train,0.01,0.49699921463873176,0.5030007853612682
DEAP:S12:T35,DEAP:S12,T35,0,1.22,1,1,2,6,unexposed,stimulus_relative_context,train,0.01,0.7462913103755634,0.2537086896244366
DEAP:S12:T37,DEAP:S12,T37,0,1.0,1,1,2,6,unexposed,stimulus_relative_context,train,0.01,0.7362673847335631,0.2637326152664369
DEAP:S12:T38,DEAP:S12,T38,0,2.85,1,1,2,6,unexposed,stimulus_relative_context,train,0.01,0.8172385956041304,0.1827614043958696
DEAP:S14:T01,DEAP:S14,T01,1,8.22,1,1,2,6,unexposed,stimulus_relative_context,train,0.01,0.3532103221108094,0.6467896778891906
DEAP:S14:T02,DEAP:S14,T02,1,6.05,1,1,2,6,unexposed,stimulus_relative_context,train,0.01,0.3639265143982382,0.6360734856017618
DEAP:S14:T08,DEAP:S14,T08,1,7.0,1,1,2,6,unexposed,stimulus_relative_context,train,0.01,0.21169524317944355,0.7883047568205565
DEAP:S14:T10,DEAP:S14,T10,0,1.88,1,1,2,6,unexposed,stimulus_relative_context,train,0.01,0.4343919064774112,0.5656080935225888
DEAP:S14:T12,DEAP:S14,T12,1,7.63,1,1,2,6,unexposed,stimulus_relative_context,train,0.01,0.33993422753147085,0.6600657724685292
DEAP:S14:T14,DEAP:S14,T14,1,8.03,1,1,2,6,unexposed,stimulus_relative_context,train,0.01,0.29680357454500195,0.703196425454998
DEAP:S14:T17,DEAP:S14,T17,1,6.06,1,1,2,6,unexposed,stimulus_relative_context,train,0.01,0.41361985195606654,0.5863801480439335
DEAP:S14:T20,DEAP:S14,T20,1,7.33,1,1,2,6,unexposed,stimulus_relative_context,train,0.01,0.20251435193431822,0.7974856480656818
DEAP:S14:T21,DEAP:S14,T21,0,1.03,1,1,2,6,unexposed,stimulus_relative_context,train,0.01,0.7050724429888191,0.29492755701118084
DEAP:S14:T23,DEAP:S14,T23,0,2.41,1,1,2,6,unexposed,stimulus_relative_context,train,0.01,0.8138554300610028,0.18614456993899717
DEAP:S14:T26,DEAP:S14,T26,0,3.28,1,1,2,6,unexposed,stimulus_relative_context,train,0.01,0.5599446710705941,0.4400553289294059
DEAP:S14:T33,DEAP:S14,T33,0,3.18,1,1,2,6,unexposed,stimulus_relative_context,train,0.01,0.6847989110730481,0.31520108892695187
DEAP:S14:T35,DEAP:S14,T35,0,2.68,1,1,2,6,unexposed,stimulus_relative_context,train,0.01,0.738371190742694,0.26162880925730597
DEAP:S14:T37,DEAP:S14,T37,0,3.47,1,1,2,6,unexposed,stimulus_relative_context,train,0.01,0.7619230979153384,0.23807690208466156
DEAP:S14:T38,DEAP:S14,T38,0,2.26,1,1,2,6,unexposed,stimulus_relative_context,train,0.01,0.7705116061742423,0.22948839382575772
DEAP:S16:T01,DEAP:S16,T01,0,2.51,1,1,2,6,unexposed,stimulus_relative_context,train,0.01,0.43484603037323266,0.5651539696267673
DEAP:S16:T02,DEAP:S16,T02,1,6.45,1,1,2,6,unexposed,stimulus_relative_context,train,0.01,0.5227208662348023,0.4772791337651977
DEAP:S16:T08,DEAP:S16,T08,0,3.51,1,1,2,6,unexposed,stimulus_relative_context,train,0.01,0.2793137068480497,0.7206862931519503
DEAP:S16:T10,DEAP:S16,T10,1,5.14,1,1,2,6,unexposed,stimulus_relative_context,train,0.01,0.6927147759494845,0.3072852240505155
DEAP:S16:T12,DEAP:S16,T12,1,5.97,1,1,2,6,unexposed,stimulus_relative_context,train,0.01,0.4896796416227408,0.5103203583772592
DEAP:S16:T14,DEAP:S16,T14,0,3.64,1,1,2,6,unexposed,stimulus_relative_context,train,0.01,0.39488156295581756,0.6051184370441824
DEAP:S16:T17,DEAP:S16,T17,0,1.21,1,1,2,6,unexposed,stimulus_relative_context,train,0.01,0.5885631572528377,0.4114368427471623
DEAP:S16:T21,DEAP:S16,T21,0,4.42,1,1,2,6,unexposed,stimulus_relative_context,train,0.01,0.7363737590850916,0.2636262409149083
DEAP:S16:T23,DEAP:S16,T23,0,3.9,1,1,2,6,unexposed,stimulus_relative_context,train,0.01,0.7984141532383502,0.20158584676164984
DEAP:S16:T25,DEAP:S16,T25,0,2.47,1,1,2,6,unexposed,stimulus_relative_context,train,0.01,0.6380402076924112,0.36195979230758885
DEAP:S16:T26,DEAP:S16,T26,0,1.82,1,1,2,6,unexposed,stimulus_relative_context,train,0.01,0.6970689971221204,0.3029310028778795
DEAP:S16:T33,DEAP:S16,T33,0,1.0,1,1,2,6,unexposed,stimulus_relative_context,train,0.01,0.7743003625159035,0.22569963748409647
DEAP:S16:T35,DEAP:S16,T35,0,1.0,1,1,2,6,unexposed,stimulus_relative_context,train,0.01,0.7947382496761817,0.20526175032381827
DEAP:S16:T37,DEAP:S16,T37,1,6.09,1,1,2,6,unexposed,stimulus_relative_context,train,0.01,0.7682514890097905,0.23174851099020952
DEAP:S17:T01,DEAP:S17,T01,0,4.05,1,1,2,6,unexposed,stimulus_relative_context,train,0.01,0.27744905677362497,0.722550943226375
DEAP:S17:T02,DEAP:S17,T02,1,7.26,1,1,2,6,unexposed,stimulus_relative_context,train,0.01,0.3738110846896906,0.6261889153103094
DEAP:S17:T08,DEAP:S17,T08,1,6.05,1,1,2,6,unexposed,stimulus_relative_context,train,0.01,0.30959360282751636,0.6904063971724836
DEAP:S17:T10,DEAP:S17,T10,1,6.09,1,1,2,6,unexposed,stimulus_relative_context,train,0.01,0.5373986834923099,0.46260131650769004
DEAP:S17:T12,DEAP:S17,T12,1,5.96,1,1,2,6,unexposed,stimulus_relative_context,train,0.01,0.4834520859400473,0.5165479140599527
DEAP:S17:T14,DEAP:S17,T14,1,6.58,1,1,2,6,unexposed,stimulus_relative_context,train,0.01,0.3600443867230434,0.6399556132769566
DEAP:S17:T17,DEAP:S17,T17,0,4.12,1,1,2,6,unexposed,stimulus_relative_context,train,0.01,0.5472610986555698,0.4527389013444302
DEAP:S17:T20,DEAP:S17,T20,1,7.03,1,1,2,6,unexposed,stimulus_relative_context,train,0.01,0.31796831008178417,0.6820316899182158
DEAP:S17:T21,DEAP:S17,T21,0,4.0,1,1,2,6,unexposed,stimulus_relative_context,train,0.01,0.7671360169038812,0.23286398309611883
DEAP:S17:T23,DEAP:S17,T23,0,3.62,1,1,2,6,unexposed,stimulus_relative_context,train,0.01,0.7950146903230346,0.20498530967696543
DEAP:S17:T25,DEAP:S17,T25,1,6.18,1,1,2,6,unexposed,stimulus_relative_context,train,0.01,0.748291508218627,0.25170849178137306
DEAP:S17:T26,DEAP:S17,T26,0,3.73,1,1,2,6,unexposed,stimulus_relative_context,train,0.01,0.6704923503467373,0.3295076496532628
DEAP:S17:T33,DEAP:S17,T33,0,3.83,1,1,2,6,unexposed,stimulus_relative_context,train,0.01,0.7304698979791995,0.26953010202080047
DEAP:S17:T35,DEAP:S17,T35,0,4.17,1,1,2,6,unexposed,stimulus_relative_context,train,0.01,0.7366956880490205,0.2633043119509795
DEAP:S17:T37,DEAP:S17,T37,0,3.46,1,1,2,6,unexposed,stimulus_relative_context,train,0.01,0.7452313212698976,0.2547686787301025
DEAP:S17:T38,DEAP:S17,T38,0,3.6,1,1,2,6,unexposed,stimulus_relative_context,train,0.01,0.8363540216817749,0.16364597831822514
DEAP:S18:T01,DEAP:S18,T01,1,6.33,1,1,2,6,unexposed,stimulus_relative_context,train,0.01,0.2595989794680338,0.7404010205319662
DEAP:S18:T02,DEAP:S18,T02,1,6.87,1,1,2,6,unexposed,stimulus_relative_context,train,0.01,0.3098555396290079,0.6901444603709921
DEAP:S18:T10,DEAP:S18,T10,1,6.09,1,1,2,6,unexposed,stimulus_relative_context,train,0.01,0.5207361722653081,0.47926382773469184
DEAP:S18:T12,DEAP:S18,T12,1,5.55,1,1,2,6,unexposed,stimulus_relative_context,train,0.01,0.3494300186359731,0.6505699813640269
DEAP:S18:T14,DEAP:S18,T14,1,6.62,1,1,2,6,unexposed,stimulus_relative_context,train,0.01,0.23053677273525353,0.7694632272647465
DEAP:S18:T17,DEAP:S18,T17,1,7.74,1,1,2,6,unexposed,stimulus_relative_context,train,0.01,0.3788431777644591,0.6211568222355409
DEAP:S18:T20,DEAP:S18,T20,1,6.24,1,1,2,6,unexposed,stimulus_relative_context,train,0.01,0.20748927436097175,0.7925107256390282
DEAP:S18:T21,DEAP:S18,T21,0,3.92,1,1,2,6,unexposed,stimulus_relative_context,train,0.01,0.684684506477151,0.315315493522849
DEAP:S18:T23,DEAP:S18,T23,0,3.71,1,1,2,6,unexposed,stimulus_relative_context,train,0.01,0.6903769043288561,0.3096230956711439
DEAP:S18:T26,DEAP:S18,T26,1,5.44,1,1,2,6,unexposed,stimulus_relative_context,train,0.01,0.5126510978274301,0.48734890217256993
DEAP:S18:T33,DEAP:S18,T33,0,4.56,1,1,2,6,unexposed,stimulus_relative_context,train,0.01,0.7116368721281052,0.2883631278718948
DEAP:S18:T35,DEAP:S18,T35,1,5.12,1,1,2,6,unexposed,stimulus_relative_context,train,0.01,0.703551966414421,0.2964480335855791
DEAP:S18:T38,DEAP:S18,T38,0,4.51,1,1,2,6,unexposed,stimulus_relative_context,train,0.01,0.7685658042209484,0.23143419577905155
DEAP:S20:T01,DEAP:S20,T01,1,5.76,1,1,2,6,unexposed,stimulus_relative_context,train,0.01,0.3149869978966515,0.6850130021033485
DEAP:S20:T02,DEAP:S20,T02,1,6.77,1,1,2,6,unexposed,stimulus_relative_context,train,0.01,0.31749650579385447,0.6825034942061455
DEAP:S20:T08,DEAP:S20,T08,1,7.63,1,1,2,6,unexposed,stimulus_relative_context,train,0.01,0.2646672370916048,0.7353327629083952
DEAP:S20:T10,DEAP:S20,T10,1,5.13,1,1,2,6,unexposed,stimulus_relative_context,train,0.01,0.5110338647950983,0.48896613520490173
DEAP:S20:T12,DEAP:S20,T12,1,7.64,1,1,2,6,unexposed,stimulus_relative_context,train,0.01,0.40553532428918926,0.5944646757108107
DEAP:S20:T14,DEAP:S20,T14,1,6.4,1,1,2,6,unexposed,stimulus_relative_context,train,0.01,0.3126565366082349,0.6873434633917651
DEAP:S20:T17,DEAP:S20,T17,1,5.04,1,1,2,6,unexposed,stimulus_relative_context,train,0.01,0.43203732390419025,0.5679626760958097
DEAP:S20:T20,DEAP:S20,T20,1,6.65,1,1,2,6,unexposed,stimulus_relative_context,train,0.01,0.2672360552142439,0.7327639447857561
DEAP:S20:T21,DEAP:S20,T21,0,4.97,1,1,2,6,unexposed,stimulus_relative_context,train,0.01,0.6754354028222009,0.32456459717779906
DEAP:S20:T23,DEAP:S20,T23,0,2.82,1,1,2,6,unexposed,stimulus_relative_context,train,0.01,0.7940041253220818,0.20599587467791824
DEAP:S20:T25,DEAP:S20,T25,0,2.99,1,1,2,6,unexposed,stimulus_relative_context,train,0.01,0.6297427374285858,0.3702572625714142
DEAP:S20:T26,DEAP:S20,T26,0,4.31,1,1,2,6,unexposed,stimulus_relative_context,train,0.01,0.5203922343970732,0.47960776560292684
DEAP:S20:T33,DEAP:S20,T33,0,4.64,1,1,2,6,unexposed,stimulus_relative_context,train,0.01,0.6812104291957871,0.3187895708042129
DEAP:S20:T35,DEAP:S20,T35,0,4.35,1,1,2,6,unexposed,stimulus_relative_context,train,0.01,0.7262576227419824,0.2737423772580176
DEAP:S20:T37,DEAP:S20,T37,0,3.01,1,1,2,6,unexposed,stimulus_relative_context,train,0.01,0.7094731134967062,0.29052688650329384
DEAP:S20:T38,DEAP:S20,T38,0,3.38,1,1,2,6,unexposed,stimulus_relative_context,train,0.01,0.787480008512975,0.21251999148702505
DEAP:S21:T01,DEAP:S21,T01,1,6.42,1,1,2,6,unexposed,stimulus_relative_context,train,0.01,0.2724195086168717,0.7275804913831283
DEAP:S21:T02,DEAP:S21,T02,1,7.05,1,1,2,6,unexposed,stimulus_relative_context,train,0.01,0.3040211842895212,0.6959788157104788
DEAP:S21:T08,DEAP:S21,T08,1,8.81,1,1,2,6,unexposed,stimulus_relative_context,train,0.01,0.20918078208749147,0.7908192179125085
DEAP:S21:T10,DEAP:S21,T10,1,7.05,1,1,2,6,unexposed,stimulus_relative_context,train,0.01,0.432542359364699,0.567457640635301
DEAP:S21:T12,DEAP:S21,T12,0,4.63,1,1,2,6,unexposed,stimulus_relative_context,train,0.01,0.2798635576355455,0.7201364423644545
DEAP:S21:T14,DEAP:S21,T14,1,8.1,1,1,2,6,unexposed,stimulus_relative_context,train,0.01,0.24797618646332587,0.7520238135366741
DEAP:S21:T17,DEAP:S21,T17,1,5.53,1,1,2,6,unexposed,stimulus_relative_context,train,0.01,0.36011128835651285,0.6398887116434872
DEAP:S21:T21,DEAP:S21,T21,0,4.08,1,1,2,6,unexposed,stimulus_relative_context,train,0.01,0.6562598078828281,0.3437401921171719
DEAP:S21:T23,DEAP:S21,T23,0,4.69,1,1,2,6,unexposed,stimulus_relative_context,train,0.01,0.7339550107211883,0.26604498927881165
DEAP:S21:T25,DEAP:S21,T25,0,3.97,1,1,2,6,unexposed,stimulus_relative_context,train,0.01,0.5595555862575808,0.44044441374241916
DEAP:S21:T26,DEAP:S21,T26,0,4.06,1,1,2,6,unexposed,stimulus_relative_context,train,0.01,0.4982826651649942,0.5017173348350058
DEAP:S21:T33,DEAP:S21,T33,1,7.03,1,1,2,6,unexposed,stimulus_relative_context,train,0.01,0.6626394868082064,0.33736051319179367
DEAP:S21:T35,DEAP:S21,T35,0,4.92,1,1,2,6,unexposed,stimulus_relative_context,train,0.01,0.6631190971715766,0.33688090282842337
DEAP:S21:T37,DEAP:S21,T37,0,3.04,1,1,2,6,unexposed,stimulus_relative_context,train,0.01,0.6569119743377142,0.3430880256622858
DEAP:S21:T38,DEAP:S21,T38,0,3.03,1,1,2,6,unexposed,stimulus_relative_context,train,0.01,0.7384265060485486,0.2615734939514514
DEAP:S22:T01,DEAP:S22,T01,1,5.05,1,1,2,6,unexposed,stimulus_relative_context,train,0.01,0.22690693553330266,0.7730930644666973
DEAP:S22:T02,DEAP:S22,T02,1,7.08,1,1,2,6,unexposed,stimulus_relative_context,train,0.01,0.5649802496580479,0.43501975034195206
DEAP:S22:T08,DEAP:S22,T08,1,7.09,1,1,2,6,unexposed,stimulus_relative_context,train,0.01,0.29944593076111614,0.7005540692388839
DEAP:S22:T12,DEAP:S22,T12,0,4.99,1,1,2,6,unexposed,stimulus_relative_context,train,0.01,0.5371242511064206,0.4628757488935794
DEAP:S22:T14,DEAP:S22,T14,1,8.05,1,1,2,6,unexposed,stimulus_relative_context,train,0.01,0.2935019245169401,0.7064980754830599
DEAP:S22:T17,DEAP:S22,T17,1,5.04,1,1,2,6,unexposed,stimulus_relative_context,train,0.01,0.5621943864182283,0.4378056135817717
DEAP:S22:T20,DEAP:S22,T20,1,7.08,1,1,2,6,unexposed,stimulus_relative_context,train,0.01,0.4652551483699988,0.5347448516300012
DEAP:S22:T21,DEAP:S22,T21,0,2.97,1,1,2,6,unexposed,stimulus_relative_context,train,0.01,0.6896235499806749,0.31037645001932507
DEAP:S22:T23,DEAP:S22,T23,0,2.99,1,1,2,6,unexposed,stimulus_relative_context,train,0.01,0.88273782305007,0.11726217694992998
DEAP:S22:T25,DEAP:S22,T25,0,2.95,1,1,2,6,unexposed,stimulus_relative_context,train,0.01,0.7200253646783418,0.2799746353216582
DEAP:S22:T33,DEAP:S22,T33,0,1.96,1,1,2,6,unexposed,stimulus_relative_context,train,0.01,0.8459103862697841,0.1540896137302159
DEAP:S22:T35,DEAP:S22,T35,0,1.99,1,1,2,6,unexposed,stimulus_relative_context,train,0.01,0.8815505433089497,0.11844945669105038
DEAP:S22:T37,DEAP:S22,T37,0,1.0,1,1,2,6,unexposed,stimulus_relative_context,train,0.01,0.8502098924140213,0.1497901075859787
DEAP:S22:T38,DEAP:S22,T38,0,1.0,1,1,2,6,unexposed,stimulus_relative_context,train,0.01,0.9011747834312616,0.0988252165687384
DEAP:S23:T01,DEAP:S23,T01,1,7.71,1,1,2,6,unexposed,stimulus_relative_context,train,0.01,0.24892990789325564,0.7510700921067444
DEAP:S23:T02,DEAP:S23,T02,1,9.0,1,1,2,6,unexposed,stimulus_relative_context,train,0.01,0.2842211581550531,0.7157788418449469
DEAP:S23:T08,DEAP:S23,T08,1,7.23,1,1,2,6,unexposed,stimulus_relative_context,train,0.01,0.14774017889854507,0.8522598211014549
DEAP:S23:T10,DEAP:S23,T10,1,5.01,1,1,2,6,unexposed,stimulus_relative_context,train,0.01,0.4266740463981775,0.5733259536018225
DEAP:S23:T12,DEAP:S23,T12,1,7.0,1,1,2,6,unexposed,stimulus_relative_context,train,0.01,0.23342495523446916,0.7665750447655308
DEAP:S23:T14,DEAP:S23,T14,1,8.01,1,1,2,6,unexposed,stimulus_relative_context,train,0.01,0.22746318144887356,0.7725368185511264
DEAP:S23:T17,DEAP:S23,T17,0,2.86,1,1,2,6,unexposed,stimulus_relative_context,train,0.01,0.44611286516941695,0.553887134830583
DEAP:S23:T20,DEAP:S23,T20,0,3.96,1,1,2,6,unexposed,stimulus_relative_context,train,0.01,0.16020512158867273,0.8397948784113273
DEAP:S23:T21,DEAP:S23,T21,0,1.91,1,1,2,6,unexposed,stimulus_relative_context,train,0.01,0.6723049317343623,0.3276950682656377
DEAP:S23:T26,DEAP:S23,T26,1,8.27,1,1,2,6,unexposed,stimulus_relative_context,train,0.01,0.43366032691026746,0.5663396730897325
DEAP:S23:T33,DEAP:S23,T33,1,5.04,1,1,2,6,unexposed,stimulus_relative_context,train,0.01,0.6376423660854798,0.3623576339145203
DEAP:S23:T35,DEAP:S23,T35,1,5.18,1,1,2,6,unexposed,stimulus_relative_context,train,0.01,0.6555273994206828,0.34447260057931717
DEAP:S23:T37,DEAP:S23,T37,0,4.31,1,1,2,6,unexposed,stimulus_relative_context,train,0.01,0.6342541030263515,0.3657458969736484
DEAP:S25:T01,DEAP:S25,T01,1,8.06,1,1,2,6,unexposed,stimulus_relative_context,train,0.01,0.3495484846256923,0.6504515153743077
DEAP:S25:T02,DEAP:S25,T02,0,2.99,1,1,2,6,unexposed,stimulus_relative_context,train,0.01,0.34045517915681944,0.6595448208431806
DEAP:S25:T08,DEAP:S25,T08,1,8.04,1,1,2,6,unexposed,stimulus_relative_context,train,0.01,0.2506629151679326,0.7493370848320674
DEAP:S25:T10,DEAP:S25,T10,0,1.0,1,1,2,6,unexposed,stimulus_relative_context,train,0.01,0.5647276351815598,0.43527236481844017
DEAP:S25:T12,DEAP:S25,T12,1,8.04,1,1,2,6,unexposed,stimulus_relative_context,train,0.01,0.36323461017955283,0.6367653898204472
DEAP:S25:T14,DEAP:S25,T14,1,8.09,1,1,2,6,unexposed,stimulus_relative_context,train,0.01,0.30258538048466255,0.6974146195153375
DEAP:S25:T17,DEAP:S25,T17,1,5.04,1,1,2,6,unexposed,stimulus_relative_context,train,0.01,0.37636637903442516,0.6236336209655748
DEAP:S25:T20,DEAP:S25,T20,1,7.08,1,1,2,6,unexposed,stimulus_relative_context,train,0.01,0.25605816150140537,0.7439418384985946
DEAP:S25:T21,DEAP:S25,T21,1,6.03,1,1,2,6,unexposed,stimulus_relative_context,train,0.01,0.7560887130874726,0.2439112869125274
DEAP:S25:T23,DEAP:S25,T23,0,2.01,1,1,2,6,unexposed,stimulus_relative_context,train,0.01,0.7463072087499205,0.2536927912500795
DEAP:S25:T26,DEAP:S25,T26,0,4.99,1,1,2,6,unexposed,stimulus_relative_context,train,0.01,0.6050641679358045,0.39493583206419547
DEAP:S25:T33,DEAP:S25,T33,0,1.94,1,1,2,6,unexposed,stimulus_relative_context,train,0.01,0.6875437997207916,0.31245620027920845
DEAP:S25:T35,DEAP:S25,T35,0,3.03,1,1,2,6,unexposed,stimulus_relative_context,train,0.01,0.7489403784269082,0.2510596215730918
DEAP:S25:T37,DEAP:S25,T37,0,1.0,1,1,2,6,unexposed,stimulus_relative_context,train,0.01,0.7231226404994426,0.27687735950055736
DEAP:S25:T38,DEAP:S25,T38,0,1.0,1,1,2,6,unexposed,stimulus_relative_context,train,0.01,0.6973043431277817,0.3026956568722183
DEAP:S26:T01,DEAP:S26,T01,1,7.97,1,1,2,6,unexposed,stimulus_relative_context,train,0.01,0.19630186052755727,0.8036981394724427
DEAP:S26:T02,DEAP:S26,T02,1,6.96,1,1,2,6,unexposed,stimulus_relative_context,train,0.01,0.21706586715743736,0.7829341328425626
DEAP:S26:T08,DEAP:S26,T08,1,8.01,1,1,2,6,unexposed,stimulus_relative_context,train,0.01,0.11572718348612165,0.8842728165138783
DEAP:S26:T10,DEAP:S26,T10,0,3.08,1,1,2,6,unexposed,stimulus_relative_context,train,0.01,0.29371651934600507,0.7062834806539949
DEAP:S26:T12,DEAP:S26,T12,1,7.04,1,1,2,6,unexposed,stimulus_relative_context,train,0.01,0.2379835147066478,0.7620164852933522
DEAP:S26:T14,DEAP:S26,T14,1,9.0,1,1,2,6,unexposed,stimulus_relative_context,train,0.01,0.15057889023746573,0.8494211097625343
DEAP:S26:T17,DEAP:S26,T17,1,5.04,1,1,2,6,unexposed,stimulus_relative_context,train,0.01,0.229253313250256,0.770746686749744
DEAP:S26:T20,DEAP:S26,T20,1,8.08,1,1,2,6,unexposed,stimulus_relative_context,train,0.01,0.129088841780012,0.870911158219988
DEAP:S26:T21,DEAP:S26,T21,1,6.06,1,1,2,6,unexposed,stimulus_relative_context,train,0.01,0.42254691395862054,0.5774530860413795
DEAP:S26:T23,DEAP:S26,T23,0,2.28,1,1,2,6,unexposed,stimulus_relative_context,train,0.01,0.6075594334444909,0.3924405665555091
DEAP:S26:T25,DEAP:S26,T25,1,7.14,1,1,2,6,unexposed,stimulus_relative_context,train,0.01,0.4283893175767708,0.5716106824232292
DEAP:S26:T26,DEAP:S26,T26,1,5.05,1,1,2,6,unexposed,stimulus_relative_context,train,0.01,0.2570360652647192,0.7429639347352808
DEAP:S26:T33,DEAP:S26,T33,0,1.0,1,1,2,6,unexposed,stimulus_relative_context,train,0.01,0.5272132161205474,0.47278678387945267
DEAP:S26:T38,DEAP:S26,T38,0,1.15,1,1,2,6,unexposed,stimulus_relative_context,train,0.01,0.5987156421068398,0.40128435789316025
DEAP:S27:T01,DEAP:S27,T01,1,6.03,1,1,2,6,unexposed,stimulus_relative_context,train,0.01,0.23062197596267864,0.7693780240373214
DEAP:S27:T02,DEAP:S27,T02,1,7.0,1,1,2,6,unexposed,stimulus_relative_context,train,0.01,0.22317206172052106,0.7768279382794789
DEAP:S27:T08,DEAP:S27,T08,1,8.24,1,1,2,6,unexposed,stimulus_relative_context,train,0.01,0.21032149530797317,0.7896785046920268
DEAP:S27:T10,DEAP:S27,T10,1,6.01,1,1,2,6,unexposed,stimulus_relative_context,train,0.01,0.4218277476439668,0.5781722523560332
DEAP:S27:T12,DEAP:S27,T12,0,4.18,1,1,2,6,unexposed,stimulus_relative_context,train,0.01,0.2728334894572644,0.7271665105427356
DEAP:S27:T14,DEAP:S27,T14,1,8.06,1,1,2,6,unexposed,stimulus_relative_context,train,0.01,0.22064314297912524,0.7793568570208748
DEAP:S27:T17,DEAP:S27,T17,1,9.0,1,1,2,6,unexposed,stimulus_relative_context,train,0.01,0.38453613819256627,0.6154638618074337
DEAP:S27:T20,DEAP:S27,T20,1,6.97,1,1,2,6,unexposed,stimulus_relative_context,train,0.01,0.18599047728455487,0.8140095227154451
DEAP:S27:T21,DEAP:S27,T21,1,9.0,1,1,2,6,unexposed,stimulus_relative_context,train,0.01,0.5619870151876745,0.43801298481232553
DEAP:S27:T23,DEAP:S27,T23,1,8.0,1,1,2,6,unexposed,stimulus_relative_context,train,0.01,0.7195589371855493,0.28044106281445075
DEAP:S27:T25,DEAP:S27,T25,0,4.0,1,1,2,6,unexposed,stimulus_relative_context,train,0.01,0.518388170291423,0.481611829708577
DEAP:S27:T26,DEAP:S27,T26,1,5.04,1,1,2,6,unexposed,stimulus_relative_context,train,0.01,0.48100745462683514,0.5189925453731649
DEAP:S27:T33,DEAP:S27,T33,1,5.04,1,1,2,6,unexposed,stimulus_relative_context,train,0.01,0.6418113113576077,0.3581886886423923
DEAP:S27:T35,DEAP:S27,T35,0,1.0,1,1,2,6,unexposed,stimulus_relative_context,train,0.01,0.5657477075797787,0.43425229242022134
DEAP:S27:T37,DEAP:S27,T37,0,2.99,1,1,2,6,unexposed,stimulus_relative_context,train,0.01,0.6244836315072233,0.37551636849277664
DEAP:S28:T01,DEAP:S28,T01,1,7.03,1,1,2,6,unexposed,stimulus_relative_context,train,0.01,0.2773395676092332,0.7226604323907668
DEAP:S28:T02,DEAP:S28,T02,1,7.99,1,1,2,6,unexposed,stimulus_relative_context,train,0.01,0.3429182830688634,0.6570817169311366
DEAP:S28:T08,DEAP:S28,T08,1,7.01,1,1,2,6,unexposed,stimulus_relative_context,train,0.01,0.19425384261798595,0.805746157382014
DEAP:S28:T10,DEAP:S28,T10,1,7.99,1,1,2,6,unexposed,stimulus_relative_context,train,0.01,0.4144245150892606,0.5855754849107394
DEAP:S28:T12,DEAP:S28,T12,1,6.06,1,1,2,6,unexposed,stimulus_relative_context,train,0.01,0.3416856107593327,0.6583143892406673
DEAP:S28:T14,DEAP:S28,T14,1,8.03,1,1,2,6,unexposed,stimulus_relative_context,train,0.01,0.2543778393058087,0.7456221606941913
DEAP:S28:T17,DEAP:S28,T17,1,6.99,1,1,2,6,unexposed,stimulus_relative_context,train,0.01,0.35721713365039465,0.6427828663496054
DEAP:S28:T20,DEAP:S28,T20,1,8.04,1,1,2,6,unexposed,stimulus_relative_context,train,0.01,0.21226333397548935,0.7877366660245106
DEAP:S28:T21,DEAP:S28,T21,0,2.01,1,1,2,6,unexposed,stimulus_relative_context,train,0.01,0.7090500287015178,0.29094997129848227
DEAP:S28:T23,DEAP:S28,T23,0,2.03,1,1,2,6,unexposed,stimulus_relative_context,train,0.01,0.723624461744294,0.27637553825570604
DEAP:S28:T25,DEAP:S28,T25,0,4.06,1,1,2,6,unexposed,stimulus_relative_context,train,0.01,0.5385596858949553,0.46144031410504477
DEAP:S28:T26,DEAP:S28,T26,0,1.99,1,1,2,6,unexposed,stimulus_relative_context,train,0.01,0.46181890376808,0.53818109623192
DEAP:S28:T33,DEAP:S28,T33,1,7.01,1,1,2,6,unexposed,stimulus_relative_context,train,0.01,0.5894769993500955,0.4105230006499045
DEAP:S28:T35,DEAP:S28,T35,0,1.08,1,1,2,6,unexposed,stimulus_relative_context,train,0.01,0.6134299605875781,0.38657003941242185
DEAP:S28:T37,DEAP:S28,T37,0,1.01,1,1,2,6,unexposed,stimulus_relative_context,train,0.01,0.5891068793520429,0.4108931206479572
DEAP:S28:T38,DEAP:S28,T38,0,1.96,1,1,2,6,unexposed,stimulus_relative_context,train,0.01,0.7048710658734776,0.2951289341265224
DEAP:S29:T01,DEAP:S29,T01,1,6.06,1,1,2,6,unexposed,stimulus_relative_context,train,0.01,0.33325398463272715,0.6667460153672728
DEAP:S29:T02,DEAP:S29,T02,1,7.05,1,1,2,6,unexposed,stimulus_relative_context,train,0.01,0.25024007596784636,0.7497599240321536
DEAP:S29:T08,DEAP:S29,T08,1,7.04,1,1,2,6,unexposed,stimulus_relative_context,train,0.01,0.29447742015290324,0.7055225798470968
DEAP:S29:T10,DEAP:S29,T10,1,7.01,1,1,2,6,unexposed,stimulus_relative_context,train,0.01,0.5873879950545292,0.4126120049454708
DEAP:S29:T12,DEAP:S29,T12,1,6.04,1,1,2,6,unexposed,stimulus_relative_context,train,0.01,0.3131712372251477,0.6868287627748523
DEAP:S29:T14,DEAP:S29,T14,1,8.06,1,1,2,6,unexposed,stimulus_relative_context,train,0.01,0.23207834126016114,0.7679216587398389
DEAP:S29:T17,DEAP:S29,T17,1,5.08,1,1,2,6,unexposed,stimulus_relative_context,train,0.01,0.42819127191913753,0.5718087280808625
DEAP:S29:T20,DEAP:S29,T20,1,8.03,1,1,2,6,unexposed,stimulus_relative_context,train,0.01,0.270781135078757,0.729218864921243
DEAP:S29:T21,DEAP:S29,T21,0,2.92,1,1,2,6,unexposed,stimulus_relative_context,train,0.01,0.6765917654207536,0.32340823457924633
DEAP:S29:T23,DEAP:S29,T23,0,2.05,1,1,2,6,unexposed,stimulus_relative_context,train,0.01,0.7584216158833529,0.2415783841166471
DEAP:S29:T25,DEAP:S29,T25,0,3.03,1,1,2,6,unexposed,stimulus_relative_context,train,0.01,0.5961977200020181,0.40380227999798196
DEAP:S29:T26,DEAP:S29,T26,0,3.0,1,1,2,6,unexposed,stimulus_relative_context,train,0.01,0.5065583983734229,0.49344160162657713
DEAP:S29:T33,DEAP:S29,T33,0,1.99,1,1,2,6,unexposed,stimulus_relative_context,train,0.01,0.7046403577608998,0.29535964223910016
DEAP:S29:T35,DEAP:S29,T35,0,1.92,1,1,2,6,unexposed,stimulus_relative_context,train,0.01,0.6242546319983179,0.3757453680016821
DEAP:S29:T37,DEAP:S29,T37,1,5.01,1,1,2,6,unexposed,stimulus_relative_context,train,0.01,0.6644406851107973,0.33555931488920265
DEAP:S29:T38,DEAP:S29,T38,0,1.88,1,1,2,6,unexposed,stimulus_relative_context,train,0.01,0.7786690525087088,0.22133094749129126
DEAP:S30:T02,DEAP:S30,T02,1,7.15,1,1,2,6,unexposed,stimulus_relative_context,train,0.01,0.24344236447194834,0.7565576355280517
DEAP:S30:T08,DEAP:S30,T08,1,6.05,1,1,2,6,unexposed,stimulus_relative_context,train,0.01,0.19826791680617328,0.8017320831938267
DEAP:S30:T10,DEAP:S30,T10,1,5.08,1,1,2,6,unexposed,stimulus_relative_context,train,0.01,0.37747437052588895,0.622525629474111
DEAP:S30:T12,DEAP:S30,T12,1,5.15,1,1,2,6,unexposed,stimulus_relative_context,train,0.01,0.32431998478563184,0.6756800152143682
DEAP:S30:T14,DEAP:S30,T14,1,5.04,1,1,2,6,unexposed,stimulus_relative_context,train,0.01,0.2189901594207493,0.7810098405792507
DEAP:S30:T17,DEAP:S30,T17,1,7.13,1,1,2,6,unexposed,stimulus_relative_context,train,0.01,0.2973487694328537,0.7026512305671463
DEAP:S30:T21,DEAP:S30,T21,0,3.05,1,1,2,6,unexposed,stimulus_relative_context,train,0.01,0.6260496057179372,0.3739503942820627
DEAP:S30:T23,DEAP:S30,T23,0,3.0,1,1,2,6,unexposed,stimulus_relative_context,train,0.01,0.7236646963410049,0.27633530365899506
DEAP:S30:T25,DEAP:S30,T25,0,3.92,1,1,2,6,unexposed,stimulus_relative_context,train,0.01,0.5341899154429101,0.46581008455708994
DEAP:S30:T26,DEAP:S30,T26,1,5.01,1,1,2,6,unexposed,stimulus_relative_context,train,0.01,0.4596475928454863,0.5403524071545137
DEAP:S30:T33,DEAP:S30,T33,0,3.91,1,1,2,6,unexposed,stimulus_relative_context,train,0.01,0.6288058327398984,0.3711941672601015
DEAP:S30:T35,DEAP:S30,T35,1,5.04,1,1,2,6,unexposed,stimulus_relative_context,train,0.01,0.6348372296376845,0.3651627703623154
DEAP:S30:T37,DEAP:S30,T37,0,4.13,1,1,2,6,unexposed,stimulus_relative_context,train,0.01,0.6342990665065922,0.3657009334934078
DEAP:S30:T38,DEAP:S30,T38,1,5.04,1,1,2,6,unexposed,stimulus_relative_context,train,0.01,0.7589428303985357,0.24105716960146428
DEAP:S31:T01,DEAP:S31,T01,1,6.79,1,1,2,6,unexposed,stimulus_relative_context,train,0.01,0.22673045875945275,0.7732695412405473
DEAP:S31:T02,DEAP:S31,T02,1,5.03,1,1,2,6,unexposed,stimulus_relative_context,train,0.01,0.2899085657902528,0.7100914342097472
DEAP:S31:T08,DEAP:S31,T08,1,6.03,1,1,2,6,unexposed,stimulus_relative_context,train,0.01,0.19715225580321893,0.8028477441967811
DEAP:S31:T10,DEAP:S31,T10,0,4.01,1,1,2,6,unexposed,stimulus_relative_context,train,0.01,0.41204966037532686,0.5879503396246731
DEAP:S31:T12,DEAP:S31,T12,1,7.14,1,1,2,6,unexposed,stimulus_relative_context,train,0.01,0.2442528885642572,0.7557471114357428
DEAP:S31:T14,DEAP:S31,T14,1,8.06,1,1,2,6,unexposed,stimulus_relative_context,train,0.01,0.25557468897403524,0.7444253110259648
DEAP:S31:T20,DEAP:S31,T20,1,6.9,1,1,2,6,unexposed,stimulus_relative_context,train,0.01,0.2070120933520908,0.7929879066479092
DEAP:S31:T21,DEAP:S31,T21,1,5.09,1,1,2,6,unexposed,stimulus_relative_context,train,0.01,0.6071121388147381,0.39288786118526187
DEAP:S31:T23,DEAP:S31,T23,0,1.0,1,1,2,6,unexposed,stimulus_relative_context,train,0.01,0.622718469154027,0.37728153084597305
DEAP:S31:T25,DEAP:S31,T25,1,6.14,1,1,2,6,unexposed,stimulus_relative_context,train,0.01,0.4694450493385225,0.5305549506614775
DEAP:S31:T26,DEAP:S31,T26,1,7.08,1,1,2,6,unexposed,stimulus_relative_context,train,0.01,0.4600411408322923,0.5399588591677077
DEAP:S31:T33,DEAP:S31,T33,0,4.18,1,1,2,6,unexposed,stimulus_relative_context,train,0.01,0.5776961560054801,0.42230384399452
DEAP:S31:T37,DEAP:S31,T37,0,1.0,1,1,2,6,unexposed,stimulus_relative_context,train,0.01,0.6425947550251626,0.3574052449748374
DEAP:S13:T05,DEAP:S13,T05,1,5.01,1,1,2,6,unexposed,stimulus_relative_context,validation_unseen,0.01,0.5305460927171481,0.4694539072828519
DEAP:S13:T15,DEAP:S13,T15,0,4.94,1,1,2,6,unexposed,stimulus_relative_context,validation_unseen,0.01,0.4080967208177527,0.5919032791822473
DEAP:S13:T19,DEAP:S13,T19,1,8.51,1,1,2,6,unexposed,stimulus_relative_context,validation_unseen,0.01,0.4637550493049156,0.5362449506950844
DEAP:S13:T27,DEAP:S13,T27,1,5.47,1,1,2,6,unexposed,stimulus_relative_context,validation_unseen,0.01,0.42247302947657017,0.5775269705234298
DEAP:S13:T28,DEAP:S13,T28,1,7.08,1,1,2,6,unexposed,stimulus_relative_context,validation_unseen,0.01,0.42269766530766795,0.577302334692332
DEAP:S13:T29,DEAP:S13,T29,0,4.04,1,1,2,6,unexposed,stimulus_relative_context,validation_unseen,0.01,0.38804232516179604,0.611957674838204
DEAP:S13:T30,DEAP:S13,T30,0,3.05,1,1,2,6,unexposed,stimulus_relative_context,validation_unseen,0.01,0.46598004939909765,0.5340199506009023
DEAP:S13:T32,DEAP:S13,T32,0,4.05,1,1,2,6,unexposed,stimulus_relative_context,validation_unseen,0.01,0.4458835635520568,0.5541164364479432
DEAP:S15:T05,DEAP:S15,T05,1,9.0,1,1,2,6,unexposed,stimulus_relative_context,validation_unseen,0.01,0.6937155745885972,0.3062844254114028
DEAP:S15:T15,DEAP:S15,T15,1,8.12,1,1,2,6,unexposed,stimulus_relative_context,validation_unseen,0.01,0.4997345500312632,0.5002654499687368
DEAP:S15:T19,DEAP:S15,T19,1,7.04,1,1,2,6,unexposed,stimulus_relative_context,validation_unseen,0.01,0.4941316101270423,0.5058683898729577
DEAP:S15:T27,DEAP:S15,T27,1,6.0,1,1,2,6,unexposed,stimulus_relative_context,validation_unseen,0.01,0.642776542373751,0.35722345762624896
DEAP:S15:T28,DEAP:S15,T28,0,4.01,1,1,2,6,unexposed,stimulus_relative_context,validation_unseen,0.01,0.6119382524765724,0.38806174752342765
DEAP:S15:T29,DEAP:S15,T29,0,4.05,1,1,2,6,unexposed,stimulus_relative_context,validation_unseen,0.01,0.6298603389828548,0.3701396610171452
DEAP:S15:T30,DEAP:S15,T30,0,2.04,1,1,2,6,unexposed,stimulus_relative_context,validation_unseen,0.01,0.6019418214663235,0.3980581785336766
DEAP:S15:T32,DEAP:S15,T32,0,3.97,1,1,2,6,unexposed,stimulus_relative_context,validation_unseen,0.01,0.6423121556601086,0.3576878443398915
DEAP:S24:T05,DEAP:S24,T05,1,7.06,1,1,2,6,unexposed,stimulus_relative_context,validation_unseen,0.01,0.3922188872067157,0.6077811127932843
DEAP:S24:T15,DEAP:S24,T15,1,6.0,1,1,2,6,unexposed,stimulus_relative_context,validation_unseen,0.01,0.4369641971304987,0.5630358028695013
DEAP:S24:T19,DEAP:S24,T19,1,7.03,1,1,2,6,unexposed,stimulus_relative_context,validation_unseen,0.01,0.3126205301990428,0.6873794698009572
DEAP:S24:T27,DEAP:S24,T27,1,6.08,1,1,2,6,unexposed,stimulus_relative_context,validation_unseen,0.01,0.3398196712990692,0.6601803287009308
DEAP:S24:T28,DEAP:S24,T28,0,4.03,1,1,2,6,unexposed,stimulus_relative_context,validation_unseen,0.01,0.4258053697778428,0.5741946302221572
DEAP:S24:T29,DEAP:S24,T29,0,3.97,1,1,2,6,unexposed,stimulus_relative_context,validation_unseen,0.01,0.43000238511062727,0.5699976148893727
DEAP:S24:T30,DEAP:S24,T30,0,1.0,1,1,2,6,unexposed,stimulus_relative_context,validation_unseen,0.01,0.41882651437093843,0.5811734856290616
DEAP:S24:T32,DEAP:S24,T32,0,3.0,1,1,2,6,unexposed,stimulus_relative_context,validation_unseen,0.01,0.365605114994898,0.634394885005102
DEAP:S32:T05,DEAP:S32,T05,1,7.15,1,1,2,6,unexposed,stimulus_relative_context,validation_unseen,0.01,0.43800889850818825,0.5619911014918118
DEAP:S32:T15,DEAP:S32,T15,1,5.01,1,1,2,6,unexposed,stimulus_relative_context,validation_unseen,0.01,0.47823450789031663,0.5217654921096834
DEAP:S32:T19,DEAP:S32,T19,1,8.24,1,1,2,6,unexposed,stimulus_relative_context,validation_unseen,0.01,0.47636212497383357,0.5236378750261664
DEAP:S32:T27,DEAP:S32,T27,1,6.0,1,1,2,6,unexposed,stimulus_relative_context,validation_unseen,0.01,0.4192084927719977,0.5807915072280023
DEAP:S32:T28,DEAP:S32,T28,1,6.03,1,1,2,6,unexposed,stimulus_relative_context,validation_unseen,0.01,0.49411403079240357,0.5058859692075964
DEAP:S32:T29,DEAP:S32,T29,0,4.09,1,1,2,6,unexposed,stimulus_relative_context,validation_unseen,0.01,0.43129257421911826,0.5687074257808817
DEAP:S32:T30,DEAP:S32,T30,0,1.0,1,1,2,6,unexposed,stimulus_relative_context,validation_unseen,0.01,0.4442442255837643,0.5557557744162357
DEAP:S32:T32,DEAP:S32,T32,0,3.87,1,1,2,6,unexposed,stimulus_relative_context,validation_unseen,0.01,0.44667990386340084,0.5533200961365992
DEAP:S13:T01,DEAP:S13,T01,1,6.15,1,1,2,6,unexposed,stimulus_relative_context,validation_familiar,0.01,0.2539626333058391,0.7460373666941609
DEAP:S13:T02,DEAP:S13,T02,0,4.03,1,1,2,6,unexposed,stimulus_relative_context,validation_familiar,0.01,0.2506251713708817,0.7493748286291183
DEAP:S13:T08,DEAP:S13,T08,1,7.99,1,1,2,6,unexposed,stimulus_relative_context,validation_familiar,0.01,0.23780516341759628,0.7621948365824037
DEAP:S13:T10,DEAP:S13,T10,0,4.01,1,1,2,6,unexposed,stimulus_relative_context,validation_familiar,0.01,0.4276410844933509,0.5723589155066491
DEAP:S13:T12,DEAP:S13,T12,1,5.08,1,1,2,6,unexposed,stimulus_relative_context,validation_familiar,0.01,0.2706262032289025,0.7293737967710975
DEAP:S13:T14,DEAP:S13,T14,1,7.97,1,1,2,6,unexposed,stimulus_relative_context,validation_familiar,0.01,0.29256449234601845,0.7074355076539816
DEAP:S13:T17,DEAP:S13,T17,1,5.99,1,1,2,6,unexposed,stimulus_relative_context,validation_familiar,0.01,0.37025437998340205,0.629745620016598
DEAP:S13:T20,DEAP:S13,T20,1,7.6,1,1,2,6,unexposed,stimulus_relative_context,validation_familiar,0.01,0.19553323913338083,0.8044667608666192
DEAP:S13:T21,DEAP:S13,T21,0,2.0,1,1,2,6,unexposed,stimulus_relative_context,validation_familiar,0.01,0.6943670159376367,0.3056329840623633
DEAP:S13:T23,DEAP:S13,T23,0,1.0,1,1,2,6,unexposed,stimulus_relative_context,validation_familiar,0.01,0.7528754345580769,0.24712456544192307
DEAP:S13:T25,DEAP:S13,T25,0,3.97,1,1,2,6,unexposed,stimulus_relative_context,validation_familiar,0.01,0.6039190322640404,0.3960809677359596
DEAP:S13:T26,DEAP:S13,T26,1,5.04,1,1,2,6,unexposed,stimulus_relative_context,validation_familiar,0.01,0.5249438237852868,0.4750561762147132
DEAP:S13:T33,DEAP:S13,T33,0,4.55,1,1,2,6,unexposed,stimulus_relative_context,validation_familiar,0.01,0.6461547757580475,0.3538452242419525
DEAP:S13:T35,DEAP:S13,T35,0,1.0,1,1,2,6,unexposed,stimulus_relative_context,validation_familiar,0.01,0.665520995356085,0.334479004643915
DEAP:S13:T37,DEAP:S13,T37,0,1.0,1,1,2,6,unexposed,stimulus_relative_context,validation_familiar,0.01,0.6018160888918325,0.3981839111081675
DEAP:S13:T38,DEAP:S13,T38,0,1.0,1,1,2,6,unexposed,stimulus_relative_context,validation_familiar,0.01,0.6961754621271002,0.30382453787289976
DEAP:S15:T01,DEAP:S15,T01,1,8.9,1,1,2,6,unexposed,stimulus_relative_context,validation_familiar,0.01,0.38486828722594857,0.6151317127740514
DEAP:S15:T02,DEAP:S15,T02,1,5.04,1,1,2,6,unexposed,stimulus_relative_context,validation_familiar,0.01,0.383009617980148,0.616990382019852
DEAP:S15:T08,DEAP:S15,T08,1,9.0,1,1,2,6,unexposed,stimulus_relative_context,validation_familiar,0.01,0.3392083024550242,0.6607916975449758
DEAP:S15:T10,DEAP:S15,T10,0,4.99,1,1,2,6,unexposed,stimulus_relative_context,validation_familiar,0.01,0.5345145598245152,0.46548544017548477
DEAP:S15:T12,DEAP:S15,T12,1,7.08,1,1,2,6,unexposed,stimulus_relative_context,validation_familiar,0.01,0.40342290726286867,0.5965770927371313
DEAP:S15:T14,DEAP:S15,T14,1,8.15,1,1,2,6,unexposed,stimulus_relative_context,validation_familiar,0.01,0.41239794765710047,0.5876020523428995
DEAP:S15:T17,DEAP:S15,T17,1,8.1,1,1,2,6,unexposed,stimulus_relative_context,validation_familiar,0.01,0.4992367565627551,0.5007632434372449
DEAP:S15:T20,DEAP:S15,T20,1,7.97,1,1,2,6,unexposed,stimulus_relative_context,validation_familiar,0.01,0.30664837721280525,0.6933516227871948
DEAP:S15:T21,DEAP:S15,T21,0,3.09,1,1,2,6,unexposed,stimulus_relative_context,validation_familiar,0.01,0.7817217915591343,0.2182782084408656
DEAP:S15:T23,DEAP:S15,T23,0,3.05,1,1,2,6,unexposed,stimulus_relative_context,validation_familiar,0.01,0.787910621654488,0.21208937834551198
DEAP:S15:T25,DEAP:S15,T25,0,2.96,1,1,2,6,unexposed,stimulus_relative_context,validation_familiar,0.01,0.6416735754459205,0.3583264245540795
DEAP:S15:T26,DEAP:S15,T26,0,4.96,1,1,2,6,unexposed,stimulus_relative_context,validation_familiar,0.01,0.6940070596090919,0.30599294039090813
DEAP:S15:T33,DEAP:S15,T33,0,3.01,1,1,2,6,unexposed,stimulus_relative_context,validation_familiar,0.01,0.7255052940796465,0.2744947059203536
DEAP:S15:T35,DEAP:S15,T35,1,5.05,1,1,2,6,unexposed,stimulus_relative_context,validation_familiar,0.01,0.752962536976226,0.24703746302377405
DEAP:S15:T37,DEAP:S15,T37,0,3.04,1,1,2,6,unexposed,stimulus_relative_context,validation_familiar,0.01,0.739346572619489,0.26065342738051095
DEAP:S15:T38,DEAP:S15,T38,0,2.08,1,1,2,6,unexposed,stimulus_relative_context,validation_familiar,0.01,0.7560796172746391,0.24392038272536085
DEAP:S24:T01,DEAP:S24,T01,1,7.06,1,1,2,6,unexposed,stimulus_relative_context,validation_familiar,0.01,0.2324627571686303,0.7675372428313697
DEAP:S24:T02,DEAP:S24,T02,1,6.04,1,1,2,6,unexposed,stimulus_relative_context,validation_familiar,0.01,0.24695834121252203,0.753041658787478
DEAP:S24:T08,DEAP:S24,T08,1,7.03,1,1,2,6,unexposed,stimulus_relative_context,validation_familiar,0.01,0.17148209826090244,0.8285179017390976
DEAP:S24:T10,DEAP:S24,T10,1,5.01,1,1,2,6,unexposed,stimulus_relative_context,validation_familiar,0.01,0.3072302327391023,0.6927697672608977
DEAP:S24:T12,DEAP:S24,T12,1,7.04,1,1,2,6,unexposed,stimulus_relative_context,validation_familiar,0.01,0.2562344140149526,0.7437655859850474
DEAP:S24:T14,DEAP:S24,T14,1,8.05,1,1,2,6,unexposed,stimulus_relative_context,validation_familiar,0.01,0.21166752695964253,0.7883324730403575
DEAP:S24:T17,DEAP:S24,T17,0,4.08,1,1,2,6,unexposed,stimulus_relative_context,validation_familiar,0.01,0.2652789141942723,0.7347210858057277
DEAP:S24:T20,DEAP:S24,T20,0,4.03,1,1,2,6,unexposed,stimulus_relative_context,validation_familiar,0.01,0.15768842142138373,0.8423115785786163
DEAP:S24:T21,DEAP:S24,T21,0,1.96,1,1,2,6,unexposed,stimulus_relative_context,validation_familiar,0.01,0.5798203590570628,0.4201796409429372
DEAP:S24:T23,DEAP:S24,T23,0,1.0,1,1,2,6,unexposed,stimulus_relative_context,validation_familiar,0.01,0.6317079874569127,0.3682920125430873
DEAP:S24:T25,DEAP:S24,T25,0,3.12,1,1,2,6,unexposed,stimulus_relative_context,validation_familiar,0.01,0.5323231658375017,0.4676768341624983
DEAP:S24:T26,DEAP:S24,T26,0,4.05,1,1,2,6,unexposed,stimulus_relative_context,validation_familiar,0.01,0.4406664698474083,0.5593335301525917
DEAP:S24:T33,DEAP:S24,T33,1,5.01,1,1,2,6,unexposed,stimulus_relative_context,validation_familiar,0.01,0.5982393850224641,0.40176061497753596
DEAP:S24:T35,DEAP:S24,T35,0,4.05,1,1,2,6,unexposed,stimulus_relative_context,validation_familiar,0.01,0.6025027398706393,0.39749726012936076
DEAP:S24:T37,DEAP:S24,T37,0,4.0,1,1,2,6,unexposed,stimulus_relative_context,validation_familiar,0.01,0.6536351702515972,0.3463648297484027
DEAP:S24:T38,DEAP:S24,T38,0,2.03,1,1,2,6,unexposed,stimulus_relative_context,validation_familiar,0.01,0.7222495601459094,0.2777504398540906
DEAP:S32:T01,DEAP:S32,T01,1,8.13,1,1,2,6,unexposed,stimulus_relative_context,validation_familiar,0.01,0.3775938031529318,0.6224061968470682
DEAP:S32:T02,DEAP:S32,T02,0,4.99,1,1,2,6,unexposed,stimulus_relative_context,validation_familiar,0.01,0.26619315358060414,0.7338068464193959
DEAP:S32:T08,DEAP:S32,T08,1,7.96,1,1,2,6,unexposed,stimulus_relative_context,validation_familiar,0.01,0.23245566742531532,0.7675443325746847
DEAP:S32:T10,DEAP:S32,T10,0,4.08,1,1,2,6,unexposed,stimulus_relative_context,validation_familiar,0.01,0.46581804394063364,0.5341819560593664
DEAP:S32:T12,DEAP:S32,T12,1,7.31,1,1,2,6,unexposed,stimulus_relative_context,validation_familiar,0.01,0.357742178155412,0.642257821844588
DEAP:S32:T14,DEAP:S32,T14,1,7.1,1,1,2,6,unexposed,stimulus_relative_context,validation_familiar,0.01,0.2769416872325595,0.7230583127674405
DEAP:S32:T17,DEAP:S32,T17,1,6.09,1,1,2,6,unexposed,stimulus_relative_context,validation_familiar,0.01,0.470706745147055,0.529293254852945
DEAP:S32:T20,DEAP:S32,T20,1,6.03,1,1,2,6,unexposed,stimulus_relative_context,validation_familiar,0.01,0.24783695443746623,0.7521630455625338
DEAP:S32:T21,DEAP:S32,T21,0,4.12,1,1,2,6,unexposed,stimulus_relative_context,validation_familiar,0.01,0.6695932539589562,0.3304067460410438
DEAP:S32:T23,DEAP:S32,T23,0,3.01,1,1,2,6,unexposed,stimulus_relative_context,validation_familiar,0.01,0.804556479705661,0.19544352029433892
DEAP:S32:T25,DEAP:S32,T25,0,4.01,1,1,2,6,unexposed,stimulus_relative_context,validation_familiar,0.01,0.5891154863643139,0.4108845136356861
DEAP:S32:T26,DEAP:S32,T26,1,5.14,1,1,2,6,unexposed,stimulus_relative_context,validation_familiar,0.01,0.48124736946121516,0.5187526305387848
DEAP:S32:T33,DEAP:S32,T33,0,4.06,1,1,2,6,unexposed,stimulus_relative_context,validation_familiar,0.01,0.6170149086834147,0.38298509131658537
DEAP:S32:T35,DEAP:S32,T35,0,3.88,1,1,2,6,unexposed,stimulus_relative_context,validation_familiar,0.01,0.6961916697318569,0.30380833026814313
DEAP:S32:T37,DEAP:S32,T37,0,2.81,1,1,2,6,unexposed,stimulus_relative_context,validation_familiar,0.01,0.637605095428157,0.362394904571843
DEAP:S32:T38,DEAP:S32,T38,0,3.05,1,1,2,6,unexposed,stimulus_relative_context,validation_familiar,0.01,0.7219358847905171,0.27806411520948293
DEAP:S01:T01,DEAP:S01,T01,1,7.71,1,1,2,6,unexposed,stimulus_relative_context,train,0.1,0.23925449562236834,0.7607455043776317
DEAP:S01:T02,DEAP:S01,T02,1,8.1,1,1,2,6,unexposed,stimulus_relative_context,train,0.1,0.16996690737084652,0.8300330926291535
DEAP:S01:T08,DEAP:S01,T08,1,7.32,1,1,2,6,unexposed,stimulus_relative_context,train,0.1,0.10612146243935228,0.8938785375606477
DEAP:S01:T10,DEAP:S01,T10,0,1.99,1,1,2,6,unexposed,stimulus_relative_context,train,0.1,0.4808217654221074,0.5191782345778926
DEAP:S01:T12,DEAP:S01,T12,0,2.71,1,1,2,6,unexposed,stimulus_relative_context,train,0.1,0.2963585601119728,0.7036414398880272
DEAP:S01:T14,DEAP:S01,T14,0,4.18,1,1,2,6,unexposed,stimulus_relative_context,train,0.1,0.3349989548248147,0.6650010451751853
DEAP:S01:T17,DEAP:S01,T17,0,2.46,1,1,2,6,unexposed,stimulus_relative_context,train,0.1,0.42007224025255874,0.5799277597474413
DEAP:S01:T20,DEAP:S01,T20,1,8.26,1,1,2,6,unexposed,stimulus_relative_context,train,0.1,0.04410401494563454,0.9558959850543655
DEAP:S01:T21,DEAP:S01,T21,1,9.0,1,1,2,6,unexposed,stimulus_relative_context,train,0.1,0.6442827503304716,0.3557172496695285
DEAP:S01:T23,DEAP:S01,T23,1,8.15,1,1,2,6,unexposed,stimulus_relative_context,train,0.1,0.8610713936200647,0.13892860637993526
DEAP:S01:T25,DEAP:S01,T25,1,8.86,1,1,2,6,unexposed,stimulus_relative_context,train,0.1,0.46825388917576205,0.531746110824238
DEAP:S01:T26,DEAP:S01,T26,1,7.28,1,1,2,6,unexposed,stimulus_relative_context,train,0.1,0.4858211214727184,0.5141788785272816
DEAP:S01:T33,DEAP:S01,T33,0,3.81,1,1,2,6,unexposed,stimulus_relative_context,train,0.1,0.7839773027822708,0.21602269721772918
DEAP:S01:T35,DEAP:S01,T35,0,2.06,1,1,2,6,unexposed,stimulus_relative_context,train,0.1,0.795482822035549,0.20451717796445099
DEAP:S01:T38,DEAP:S01,T38,0,3.33,1,1,2,6,unexposed,stimulus_relative_context,train,0.1,0.7541930873569732,0.24580691264302681
DEAP:S03:T01,DEAP:S03,T01,1,5.33,1,1,2,6,unexposed,stimulus_relative_context,train,0.1,0.20149993825064205,0.798500061749358
DEAP:S03:T02,DEAP:S03,T02,1,7.21,1,1,2,6,unexposed,stimulus_relative_context,train,0.1,0.22496278851382867,0.7750372114861713
DEAP:S03:T08,DEAP:S03,T08,1,7.14,1,1,2,6,unexposed,stimulus_relative_context,train,0.1,0.129699425608506,0.870300574391494
DEAP:S03:T10,DEAP:S03,T10,0,4.45,1,1,2,6,unexposed,stimulus_relative_context,train,0.1,0.43089709094720585,0.5691029090527941
DEAP:S03:T12,DEAP:S03,T12,1,6.36,1,1,2,6,unexposed,stimulus_relative_context,train,0.1,0.3172638945379629,0.6827361054620371
DEAP:S03:T14,DEAP:S03,T14,1,7.29,1,1,2,6,unexposed,stimulus_relative_context,train,0.1,0.2558291495034667,0.7441708504965333
DEAP:S03:T17,DEAP:S03,T17,0,4.56,1,1,2,6,unexposed,stimulus_relative_context,train,0.1,0.425697210912817,0.574302789087183
DEAP:S03:T20,DEAP:S03,T20,1,6.26,1,1,2,6,unexposed,stimulus_relative_context,train,0.1,0.1052238954486151,0.8947761045513849
DEAP:S03:T21,DEAP:S03,T21,0,4.99,1,1,2,6,unexposed,stimulus_relative_context,train,0.1,0.7538306292750012,0.2461693707249988
DEAP:S03:T23,DEAP:S03,T23,0,3.65,1,1,2,6,unexposed,stimulus_relative_context,train,0.1,0.8572801312812638,0.14271986871873618
DEAP:S03:T25,DEAP:S03,T25,0,3.45,1,1,2,6,unexposed,stimulus_relative_context,train,0.1,0.6805461364024473,0.3194538635975527
DEAP:S03:T33,DEAP:S03,T33,0,4.05,1,1,2,6,unexposed,stimulus_relative_context,train,0.1,0.8189188020465568,0.1810811979534433
DEAP:S03:T37,DEAP:S03,T37,0,4.92,1,1,2,6,unexposed,stimulus_relative_context,train,0.1,0.8378598948640793,0.16214010513592067
DEAP:S03:T38,DEAP:S03,T38,0,4.53,1,1,2,6,unexposed,stimulus_relative_context,train,0.1,0.900250809323877,0.09974919067612303
DEAP:S04:T01,DEAP:S04,T01,1,6.68,1,1,2,6,unexposed,stimulus_relative_context,train,0.1,0.19392493706598635,0.8060750629340137
DEAP:S04:T02,DEAP:S04,T02,0,4.06,1,1,2,6,unexposed,stimulus_relative_context,train,0.1,0.12793491949771718,0.8720650805022828
DEAP:S04:T10,DEAP:S04,T10,0,3.15,1,1,2,6,unexposed,stimulus_relative_context,train,0.1,0.5340097924084248,0.4659902075915752
DEAP:S04:T12,DEAP:S04,T12,1,5.04,1,1,2,6,unexposed,stimulus_relative_context,train,0.1,0.1698893833800157,0.8301106166199843
DEAP:S04:T14,DEAP:S04,T14,1,6.96,1,1,2,6,unexposed,stimulus_relative_context,train,0.1,0.12495056148455341,0.8750494385154466
DEAP:S04:T17,DEAP:S04,T17,1,7.01,1,1,2,6,unexposed,stimulus_relative_context,train,0.1,0.3124942101772583,0.6875057898227417
DEAP:S04:T20,DEAP:S04,T20,1,8.17,1,1,2,6,unexposed,stimulus_relative_context,train,0.1,0.09494936787506825,0.9050506321249318
DEAP:S04:T21,DEAP:S04,T21,0,1.77,1,1,2,6,unexposed,stimulus_relative_context,train,0.1,0.9205304874672181,0.07946951253278185
DEAP:S04:T23,DEAP:S04,T23,0,1.86,1,1,2,6,unexposed,stimulus_relative_context,train,0.1,0.9237772216834909,0.0762227783165091
DEAP:S04:T25,DEAP:S04,T25,1,7.0,1,1,2,6,unexposed,stimulus_relative_context,train,0.1,0.7478251215520813,0.25217487844791875
DEAP:S04:T26,DEAP:S04,T26,1,6.0,1,1,2,6,unexposed,stimulus_relative_context,train,0.1,0.45347318806713066,0.5465268119328693
DEAP:S04:T33,DEAP:S04,T33,0,1.0,1,1,2,6,unexposed,stimulus_relative_context,train,0.1,0.6415082493583761,0.3584917506416239
DEAP:S04:T35,DEAP:S04,T35,0,2.03,1,1,2,6,unexposed,stimulus_relative_context,train,0.1,0.925169557034105,0.07483044296589508
DEAP:S04:T37,DEAP:S04,T37,0,1.0,1,1,2,6,unexposed,stimulus_relative_context,train,0.1,0.8367585325017142,0.16324146749828589
DEAP:S04:T38,DEAP:S04,T38,0,1.79,1,1,2,6,unexposed,stimulus_relative_context,train,0.1,0.9215769917857708,0.07842300821422919
DEAP:S07:T01,DEAP:S07,T01,1,8.1,1,1,2,6,unexposed,stimulus_relative_context,train,0.1,0.060802477733829186,0.9391975222661708
DEAP:S07:T02,DEAP:S07,T02,1,7.15,1,1,2,6,unexposed,stimulus_relative_context,train,0.1,0.1742563242516172,0.8257436757483828
DEAP:S07:T08,DEAP:S07,T08,1,7.0,1,1,2,6,unexposed,stimulus_relative_context,train,0.1,0.04007430001839296,0.959925699981607
DEAP:S07:T10,DEAP:S07,T10,1,7.09,1,1,2,6,unexposed,stimulus_relative_context,train,0.1,0.324928571157987,0.675071428842013
DEAP:S07:T12,DEAP:S07,T12,1,6.99,1,1,2,6,unexposed,stimulus_relative_context,train,0.1,0.09976119061493716,0.9002388093850628
DEAP:S07:T14,DEAP:S07,T14,1,7.09,1,1,2,6,unexposed,stimulus_relative_context,train,0.1,0.08416195248220726,0.9158380475177927
DEAP:S07:T20,DEAP:S07,T20,1,8.06,1,1,2,6,unexposed,stimulus_relative_context,train,0.1,0.058974581547791005,0.941025418452209
DEAP:S07:T21,DEAP:S07,T21,0,3.12,1,1,2,6,unexposed,stimulus_relative_context,train,0.1,0.8598886238390563,0.14011137616094374
DEAP:S07:T23,DEAP:S07,T23,0,3.01,1,1,2,6,unexposed,stimulus_relative_context,train,0.1,0.820989002636876,0.17901099736312395
DEAP:S07:T25,DEAP:S07,T25,0,2.99,1,1,2,6,unexposed,stimulus_relative_context,train,0.1,0.46475906745454687,0.5352409325454531
DEAP:S07:T26,DEAP:S07,T26,0,2.0,1,1,2,6,unexposed,stimulus_relative_context,train,0.1,0.5960936736342258,0.40390632636577417
DEAP:S07:T33,DEAP:S07,T33,0,4.97,1,1,2,6,unexposed,stimulus_relative_context,train,0.1,0.708559804049517,0.291440195950483
DEAP:S07:T35,DEAP:S07,T35,1,5.01,1,1,2,6,unexposed,stimulus_relative_context,train,0.1,0.6794373284820332,0.32056267151796675
DEAP:S07:T37,DEAP:S07,T37,1,5.05,1,1,2,6,unexposed,stimulus_relative_context,train,0.1,0.7413115749416792,0.25868842505832074
DEAP:S07:T38,DEAP:S07,T38,1,5.03,1,1,2,6,unexposed,stimulus_relative_context,train,0.1,0.7832704850144415,0.21672951498555845
DEAP:S08:T01,DEAP:S08,T01,1,7.6,1,1,2,6,unexposed,stimulus_relative_context,train,0.1,0.28196485880280964,0.7180351411971904
DEAP:S08:T02,DEAP:S08,T02,1,5.04,1,1,2,6,unexposed,stimulus_relative_context,train,0.1,0.14500290814258665,0.8549970918574133
DEAP:S08:T08,DEAP:S08,T08,1,8.82,1,1,2,6,unexposed,stimulus_relative_context,train,0.1,0.2482723785171952,0.7517276214828048
DEAP:S08:T10,DEAP:S08,T10,0,4.97,1,1,2,6,unexposed,stimulus_relative_context,train,0.1,0.5903150366638734,0.40968496333612664
DEAP:S08:T12,DEAP:S08,T12,1,8.47,1,1,2,6,unexposed,stimulus_relative_context,train,0.1,0.33000876208050633,0.6699912379194937
DEAP:S08:T14,DEAP:S08,T14,1,6.88,1,1,2,6,unexposed,stimulus_relative_context,train,0.1,0.22241083836984543,0.7775891616301546
DEAP:S08:T17,DEAP:S08,T17,1,6.67,1,1,2,6,unexposed,stimulus_relative_context,train,0.1,0.21726167181415956,0.7827383281858404
DEAP:S08:T20,DEAP:S08,T20,1,6.74,1,1,2,6,unexposed,stimulus_relative_context,train,0.1,0.10030800412109875,0.8996919958789013
DEAP:S08:T21,DEAP:S08,T21,0,4.68,1,1,2,6,unexposed,stimulus_relative_context,train,0.1,0.7832437923196308,0.21675620768036918
DEAP:S08:T23,DEAP:S08,T23,0,3.59,1,1,2,6,unexposed,stimulus_relative_context,train,0.1,0.9425930271060409,0.0574069728939591
DEAP:S08:T25,DEAP:S08,T25,0,3.72,1,1,2,6,unexposed,stimulus_relative_context,train,0.1,0.8059909829406207,0.1940090170593793
DEAP:S08:T26,DEAP:S08,T26,0,4.99,1,1,2,6,unexposed,stimulus_relative_context,train,0.1,0.7447687623713852,0.2552312376286148
DEAP:S08:T33,DEAP:S08,T33,0,4.44,1,1,2,6,unexposed,stimulus_relative_context,train,0.1,0.7947395907750515,0.20526040922494845
DEAP:S08:T35,DEAP:S08,T35,0,3.62,1,1,2,6,unexposed,stimulus_relative_context,train,0.1,0.6946795548463423,0.3053204451536578
DEAP:S08:T37,DEAP:S08,T37,1,5.06,1,1,2,6,unexposed,stimulus_relative_context,train,0.1,0.8694700096184413,0.1305299903815586
DEAP:S08:T38,DEAP:S08,T38,0,4.72,1,1,2,6,unexposed,stimulus_relative_context,train,0.1,0.8128654209971058,0.18713457900289415
DEAP:S09:T01,DEAP:S09,T01,1,5.05,1,1,2,6,unexposed,stimulus_relative_context,train,0.1,0.08637673151555558,0.9136232684844444
DEAP:S09:T02,DEAP:S09,T02,1,7.08,1,1,2,6,unexposed,stimulus_relative_context,train,0.1,0.2412620958029862,0.7587379041970138
DEAP:S09:T08,DEAP:S09,T08,1,6.15,1,1,2,6,unexposed,stimulus_relative_context,train,0.1,0.10831719793786343,0.8916828020621366
DEAP:S09:T10,DEAP:S09,T10,0,3.94,1,1,2,6,unexposed,stimulus_relative_context,train,0.1,0.4069318305752544,0.5930681694247456
DEAP:S09:T12,DEAP:S09,T12,1,7.08,1,1,2,6,unexposed,stimulus_relative_context,train,0.1,0.13238459103238986,0.8676154089676101
DEAP:S09:T14,DEAP:S09,T14,1,7.0,1,1,2,6,unexposed,stimulus_relative_context,train,0.1,0.07192454591028918,0.9280754540897108
DEAP:S09:T17,DEAP:S09,T17,1,6.03,1,1,2,6,unexposed,stimulus_relative_context,train,0.1,0.30218798860506546,0.6978120113949345
DEAP:S09:T20,DEAP:S09,T20,1,5.12,1,1,2,6,unexposed,stimulus_relative_context,train,0.1,0.12017866083466289,0.8798213391653371
DEAP:S09:T21,DEAP:S09,T21,0,4.04,1,1,2,6,unexposed,stimulus_relative_context,train,0.1,0.9686080988688422,0.03139190113115773
DEAP:S09:T25,DEAP:S09,T25,1,5.04,1,1,2,6,unexposed,stimulus_relative_context,train,0.1,0.5640470751792035,0.43595292482079645
DEAP:S09:T26,DEAP:S09,T26,0,4.1,1,1,2,6,unexposed,stimulus_relative_context,train,0.1,0.863055091731591,0.13694490826840897
DEAP:S09:T33,DEAP:S09,T33,0,3.08,1,1,2,6,unexposed,stimulus_relative_context,train,0.1,0.9484901156658823,0.05150988433411774
DEAP:S09:T35,DEAP:S09,T35,0,3.01,1,1,2,6,unexposed,stimulus_relative_context,train,0.1,0.724540172189187,0.275459827810813
DEAP:S09:T37,DEAP:S09,T37,0,2.99,1,1,2,6,unexposed,stimulus_relative_context,train,0.1,0.8655494961257146,0.1344505038742853
DEAP:S09:T38,DEAP:S09,T38,0,2.92,1,1,2,6,unexposed,stimulus_relative_context,train,0.1,0.7863303528394513,0.21366964716054868
DEAP:S10:T01,DEAP:S10,T01,1,7.91,1,1,2,6,unexposed,stimulus_relative_context,train,0.1,0.1492135697497825,0.8507864302502175
DEAP:S10:T02,DEAP:S10,T02,0,3.55,1,1,2,6,unexposed,stimulus_relative_context,train,0.1,0.3153478178309501,0.6846521821690499
DEAP:S10:T08,DEAP:S10,T08,1,5.68,1,1,2,6,unexposed,stimulus_relative_context,train,0.1,0.1457165621306623,0.8542834378693377
DEAP:S10:T10,DEAP:S10,T10,1,5.94,1,1,2,6,unexposed,stimulus_relative_context,train,0.1,0.4864867940654777,0.5135132059345223
DEAP:S10:T12,DEAP:S10,T12,1,5.37,1,1,2,6,unexposed,stimulus_relative_context,train,0.1,0.20038224876860233,0.7996177512313977
DEAP:S10:T14,DEAP:S10,T14,1,8.81,1,1,2,6,unexposed,stimulus_relative_context,train,0.1,0.2906858320429896,0.7093141679570104
DEAP:S10:T17,DEAP:S10,T17,0,4.95,1,1,2,6,unexposed,stimulus_relative_context,train,0.1,0.55303068659351,0.4469693134064901
DEAP:S10:T20,DEAP:S10,T20,1,5.58,1,1,2,6,unexposed,stimulus_relative_context,train,0.1,0.25161081950322095,0.748389180496779
DEAP:S10:T26,DEAP:S10,T26,0,4.95,1,1,2,6,unexposed,stimulus_relative_context,train,0.1,0.8276516238917918,0.1723483761082082
DEAP:S10:T33,DEAP:S10,T33,0,4.94,1,1,2,6,unexposed,stimulus_relative_context,train,0.1,0.8242697240096952,0.17573027599030483
DEAP:S10:T35,DEAP:S10,T35,0,1.38,1,1,2,6,unexposed,stimulus_relative_context,train,0.1,0.8311965896446631,0.1688034103553369
DEAP:S10:T37,DEAP:S10,T37,0,2.92,1,1,2,6,unexposed,stimulus_relative_context,train,0.1,0.8219928043972748,0.17800719560272518
DEAP:S10:T38,DEAP:S10,T38,0,1.91,1,1,2,6,unexposed,stimulus_relative_context,train,0.1,0.892632544700454,0.10736745529954608
DEAP:S11:T01,DEAP:S11,T01,1,6.27,1,1,2,6,unexposed,stimulus_relative_context,train,0.1,0.0999553943068544,0.9000446056931456
DEAP:S11:T02,DEAP:S11,T02,1,5.67,1,1,2,6,unexposed,stimulus_relative_context,train,0.1,0.09131194273852683,0.9086880572614732
DEAP:S11:T08,DEAP:S11,T08,1,6.26,1,1,2,6,unexposed,stimulus_relative_context,train,0.1,0.056793490583739614,0.9432065094162604
DEAP:S11:T10,DEAP:S11,T10,1,6.53,1,1,2,6,unexposed,stimulus_relative_context,train,0.1,0.40726095266755347,0.5927390473324465
DEAP:S11:T12,DEAP:S11,T12,1,5.04,1,1,2,6,unexposed,stimulus_relative_context,train,0.1,0.10765719003423702,0.892342809965763
DEAP:S11:T14,DEAP:S11,T14,1,7.96,1,1,2,6,unexposed,stimulus_relative_context,train,0.1,0.07104428425750697,0.928955715742493
DEAP:S11:T17,DEAP:S11,T17,1,8.32,1,1,2,6,unexposed,stimulus_relative_context,train,0.1,0.19746260847737562,0.8025373915226244
DEAP:S11:T20,DEAP:S11,T20,1,6.0,1,1,2,6,unexposed,stimulus_relative_context,train,0.1,0.056902648624705954,0.943097351375294
DEAP:S11:T21,DEAP:S11,T21,0,3.27,1,1,2,6,unexposed,stimulus_relative_context,train,0.1,0.6376784116905624,0.3623215883094376
DEAP:S11:T23,DEAP:S11,T23,0,3.72,1,1,2,6,unexposed,stimulus_relative_context,train,0.1,0.8288330586161405,0.17116694138385952
DEAP:S11:T25,DEAP:S11,T25,1,5.01,1,1,2,6,unexposed,stimulus_relative_context,train,0.1,0.6834892286929481,0.31651077130705185
DEAP:S11:T26,DEAP:S11,T26,1,5.49,1,1,2,6,unexposed,stimulus_relative_context,train,0.1,0.5900611180978068,0.40993888190219324
DEAP:S11:T33,DEAP:S11,T33,1,5.64,1,1,2,6,unexposed,stimulus_relative_context,train,0.1,0.5917592192201431,0.4082407807798569
DEAP:S11:T37,DEAP:S11,T37,0,1.47,1,1,2,6,unexposed,stimulus_relative_context,train,0.1,0.46975009750342944,0.5302499024965706
DEAP:S11:T38,DEAP:S11,T38,0,1.35,1,1,2,6,unexposed,stimulus_relative_context,train,0.1,0.6946945043840749,0.3053054956159251
DEAP:S12:T01,DEAP:S12,T01,1,7.09,1,1,2,6,unexposed,stimulus_relative_context,train,0.1,0.17884048675495512,0.8211595132450449
DEAP:S12:T02,DEAP:S12,T02,1,6.09,1,1,2,6,unexposed,stimulus_relative_context,train,0.1,0.3110920833810843,0.6889079166189157
DEAP:S12:T08,DEAP:S12,T08,1,5.1,1,1,2,6,unexposed,stimulus_relative_context,train,0.1,0.13027120398661707,0.8697287960133829
DEAP:S12:T10,DEAP:S12,T10,0,4.06,1,1,2,6,unexposed,stimulus_relative_context,train,0.1,0.5228469237934745,0.4771530762065255
DEAP:S12:T12,DEAP:S12,T12,1,6.86,1,1,2,6,unexposed,stimulus_relative_context,train,0.1,0.3045194884566913,0.6954805115433087
DEAP:S12:T14,DEAP:S12,T14,1,8.15,1,1,2,6,unexposed,stimulus_relative_context,train,0.1,0.23094087529072393,0.7690591247092761
DEAP:S12:T17,DEAP:S12,T17,0,4.86,1,1,2,6,unexposed,stimulus_relative_context,train,0.1,0.5541946920535806,0.44580530794641937
DEAP:S12:T20,DEAP:S12,T20,1,7.35,1,1,2,6,unexposed,stimulus_relative_context,train,0.1,0.2127118554181302,0.7872881445818698
DEAP:S12:T23,DEAP:S12,T23,0,1.74,1,1,2,6,unexposed,stimulus_relative_context,train,0.1,0.9670403732936212,0.03295962670637874
DEAP:S12:T25,DEAP:S12,T25,0,2.78,1,1,2,6,unexposed,stimulus_relative_context,train,0.1,0.6660699499280089,0.3339300500719911
DEAP:S12:T26,DEAP:S12,T26,1,6.08,1,1,2,6,unexposed,stimulus_relative_context,train,0.1,0.4265482956231237,0.5734517043768763
DEAP:S12:T35,DEAP:S12,T35,0,1.22,1,1,2,6,unexposed,stimulus_relative_context,train,0.1,0.8831239402267311,0.1168760597732689
DEAP:S12:T37,DEAP:S12,T37,0,1.0,1,1,2,6,unexposed,stimulus_relative_context,train,0.1,0.8608274069088129,0.1391725930911871
DEAP:S12:T38,DEAP:S12,T38,0,2.85,1,1,2,6,unexposed,stimulus_relative_context,train,0.1,0.9385020528409946,0.06149794715900533
DEAP:S14:T01,DEAP:S14,T01,1,8.22,1,1,2,6,unexposed,stimulus_relative_context,train,0.1,0.3039725950328337,0.6960274049671663
DEAP:S14:T02,DEAP:S14,T02,1,6.05,1,1,2,6,unexposed,stimulus_relative_context,train,0.1,0.38082659209389724,0.6191734079061028
DEAP:S14:T08,DEAP:S14,T08,1,7.0,1,1,2,6,unexposed,stimulus_relative_context,train,0.1,0.06685929159652038,0.9331407084034796
DEAP:S14:T10,DEAP:S14,T10,0,1.88,1,1,2,6,unexposed,stimulus_relative_context,train,0.1,0.4900050594804388,0.5099949405195612
DEAP:S14:T12,DEAP:S14,T12,1,7.63,1,1,2,6,unexposed,stimulus_relative_context,train,0.1,0.21381913219512327,0.7861808678048767
DEAP:S14:T14,DEAP:S14,T14,1,8.03,1,1,2,6,unexposed,stimulus_relative_context,train,0.1,0.21321031329964435,0.7867896867003557
DEAP:S14:T17,DEAP:S14,T17,1,6.06,1,1,2,6,unexposed,stimulus_relative_context,train,0.1,0.34364567643695376,0.6563543235630462
DEAP:S14:T20,DEAP:S14,T20,1,7.33,1,1,2,6,unexposed,stimulus_relative_context,train,0.1,0.0694112016312246,0.9305887983687754
DEAP:S14:T21,DEAP:S14,T21,0,1.03,1,1,2,6,unexposed,stimulus_relative_context,train,0.1,0.8799952473813926,0.12000475261860742
DEAP:S14:T23,DEAP:S14,T23,0,2.41,1,1,2,6,unexposed,stimulus_relative_context,train,0.1,0.9498258041824381,0.05017419581756191
DEAP:S14:T26,DEAP:S14,T26,0,3.28,1,1,2,6,unexposed,stimulus_relative_context,train,0.1,0.6774534499176745,0.32254655008232547
DEAP:S14:T33,DEAP:S14,T33,0,3.18,1,1,2,6,unexposed,stimulus_relative_context,train,0.1,0.831733871052757,0.16826612894724305
DEAP:S14:T35,DEAP:S14,T35,0,2.68,1,1,2,6,unexposed,stimulus_relative_context,train,0.1,0.9038331125528573,0.09616688744714275
DEAP:S14:T37,DEAP:S14,T37,0,3.47,1,1,2,6,unexposed,stimulus_relative_context,train,0.1,0.9415326463028604,0.05846735369713958
DEAP:S14:T38,DEAP:S14,T38,0,2.26,1,1,2,6,unexposed,stimulus_relative_context,train,0.1,0.9113058119412395,0.08869418805876052
DEAP:S16:T01,DEAP:S16,T01,0,2.51,1,1,2,6,unexposed,stimulus_relative_context,train,0.1,0.603648857733396,0.39635114226660395
DEAP:S16:T02,DEAP:S16,T02,1,6.45,1,1,2,6,unexposed,stimulus_relative_context,train,0.1,0.5298982657465179,0.47010173425348206
DEAP:S16:T08,DEAP:S16,T08,0,3.51,1,1,2,6,unexposed,stimulus_relative_context,train,0.1,0.23001916841506198,0.769980831584938
DEAP:S16:T10,DEAP:S16,T10,1,5.14,1,1,2,6,unexposed,stimulus_relative_context,train,0.1,0.8078475434822514,0.19215245651774854
DEAP:S16:T12,DEAP:S16,T12,1,5.97,1,1,2,6,unexposed,stimulus_relative_context,train,0.1,0.42018110869510783,0.5798188913048922
DEAP:S16:T14,DEAP:S16,T14,0,3.64,1,1,2,6,unexposed,stimulus_relative_context,train,0.1,0.30217527372244923,0.6978247262775508
DEAP:S16:T17,DEAP:S16,T17,0,1.21,1,1,2,6,unexposed,stimulus_relative_context,train,0.1,0.7407386270800893,0.2592613729199107
DEAP:S16:T21,DEAP:S16,T21,0,4.42,1,1,2,6,unexposed,stimulus_relative_context,train,0.1,0.9112535044177826,0.08874649558221738
DEAP:S16:T23,DEAP:S16,T23,0,3.9,1,1,2,6,unexposed,stimulus_relative_context,train,0.1,0.9398764010296449,0.06012359897035517
DEAP:S16:T25,DEAP:S16,T25,0,2.47,1,1,2,6,unexposed,stimulus_relative_context,train,0.1,0.7304032206823302,0.2695967793176698
DEAP:S16:T26,DEAP:S16,T26,0,1.82,1,1,2,6,unexposed,stimulus_relative_context,train,0.1,0.7898169938462141,0.21018300615378588
DEAP:S16:T33,DEAP:S16,T33,0,1.0,1,1,2,6,unexposed,stimulus_relative_context,train,0.1,0.896587875984241,0.10341212401575908
DEAP:S16:T35,DEAP:S16,T35,0,1.0,1,1,2,6,unexposed,stimulus_relative_context,train,0.1,0.9529585682535413,0.047041431746458647
DEAP:S16:T37,DEAP:S16,T37,1,6.09,1,1,2,6,unexposed,stimulus_relative_context,train,0.1,0.9015574748307313,0.09844252516926867
DEAP:S17:T01,DEAP:S17,T01,0,4.05,1,1,2,6,unexposed,stimulus_relative_context,train,0.1,0.10549397297352081,0.8945060270264792
DEAP:S17:T02,DEAP:S17,T02,1,7.26,1,1,2,6,unexposed,stimulus_relative_context,train,0.1,0.2520152661335855,0.7479847338664145
DEAP:S17:T08,DEAP:S17,T08,1,6.05,1,1,2,6,unexposed,stimulus_relative_context,train,0.1,0.10834880945450276,0.8916511905454972
DEAP:S17:T10,DEAP:S17,T10,1,6.09,1,1,2,6,unexposed,stimulus_relative_context,train,0.1,0.46500122904511276,0.5349987709548872
DEAP:S17:T12,DEAP:S17,T12,1,5.96,1,1,2,6,unexposed,stimulus_relative_context,train,0.1,0.5069146168668068,0.49308538313319317
DEAP:S17:T14,DEAP:S17,T14,1,6.58,1,1,2,6,unexposed,stimulus_relative_context,train,0.1,0.26037698489530303,0.739623015104697
DEAP:S17:T17,DEAP:S17,T17,0,4.12,1,1,2,6,unexposed,stimulus_relative_context,train,0.1,0.5538880693442761,0.44611193065572385
DEAP:S17:T20,DEAP:S17,T20,1,7.03,1,1,2,6,unexposed,stimulus_relative_context,train,0.1,0.1550814854987127,0.8449185145012873
DEAP:S17:T21,DEAP:S17,T21,0,4.0,1,1,2,6,unexposed,stimulus_relative_context,train,0.1,0.9209909062590518,0.07900909374094817
DEAP:S17:T23,DEAP:S17,T23,0,3.62,1,1,2,6,unexposed,stimulus_relative_context,train,0.1,0.9143451791459065,0.08565482085409343
DEAP:S17:T25,DEAP:S17,T25,1,6.18,1,1,2,6,unexposed,stimulus_relative_context,train,0.1,0.8450273423726508,0.15497265762734924
DEAP:S17:T26,DEAP:S17,T26,0,3.73,1,1,2,6,unexposed,stimulus_relative_context,train,0.1,0.8392770199386275,0.1607229800613725
DEAP:S17:T33,DEAP:S17,T33,0,3.83,1,1,2,6,unexposed,stimulus_relative_context,train,0.1,0.8011691442074369,0.19883085579256315
DEAP:S17:T35,DEAP:S17,T35,0,4.17,1,1,2,6,unexposed,stimulus_relative_context,train,0.1,0.8740691247139415,0.1259308752860585
DEAP:S17:T37,DEAP:S17,T37,0,3.46,1,1,2,6,unexposed,stimulus_relative_context,train,0.1,0.8720875147042778,0.1279124852957222
DEAP:S17:T38,DEAP:S17,T38,0,3.6,1,1,2,6,unexposed,stimulus_relative_context,train,0.1,0.9680994412460242,0.03190055875397585
DEAP:S18:T01,DEAP:S18,T01,1,6.33,1,1,2,6,unexposed,stimulus_relative_context,train,0.1,0.0871380620315858,0.9128619379684142
DEAP:S18:T02,DEAP:S18,T02,1,6.87,1,1,2,6,unexposed,stimulus_relative_context,train,0.1,0.12466420640892173,0.8753357935910783
DEAP:S18:T10,DEAP:S18,T10,1,6.09,1,1,2,6,unexposed,stimulus_relative_context,train,0.1,0.4355143196067963,0.5644856803932037
DEAP:S18:T12,DEAP:S18,T12,1,5.55,1,1,2,6,unexposed,stimulus_relative_context,train,0.1,0.15970026727267805,0.840299732727322
DEAP:S18:T14,DEAP:S18,T14,1,6.62,1,1,2,6,unexposed,stimulus_relative_context,train,0.1,0.07779553153142016,0.9222044684685798
DEAP:S18:T17,DEAP:S18,T17,1,7.74,1,1,2,6,unexposed,stimulus_relative_context,train,0.1,0.28214211162210134,0.7178578883778987
DEAP:S18:T20,DEAP:S18,T20,1,6.24,1,1,2,6,unexposed,stimulus_relative_context,train,0.1,0.06962660778321283,0.9303733922167872
DEAP:S18:T21,DEAP:S18,T21,0,3.92,1,1,2,6,unexposed,stimulus_relative_context,train,0.1,0.7337864495432077,0.2662135504567923
DEAP:S18:T23,DEAP:S18,T23,0,3.71,1,1,2,6,unexposed,stimulus_relative_context,train,0.1,0.790090355237306,0.20990964476269408
DEAP:S18:T26,DEAP:S18,T26,1,5.44,1,1,2,6,unexposed,stimulus_relative_context,train,0.1,0.5061278571999186,0.4938721428000814
DEAP:S18:T33,DEAP:S18,T33,0,4.56,1,1,2,6,unexposed,stimulus_relative_context,train,0.1,0.7483755742640021,0.2516244257359978
DEAP:S18:T35,DEAP:S18,T35,1,5.12,1,1,2,6,unexposed,stimulus_relative_context,train,0.1,0.6970469010185787,0.30295309898142136
DEAP:S18:T38,DEAP:S18,T38,0,4.51,1,1,2,6,unexposed,stimulus_relative_context,train,0.1,0.8148095486460806,0.18519045135391943
DEAP:S20:T01,DEAP:S20,T01,1,5.76,1,1,2,6,unexposed,stimulus_relative_context,train,0.1,0.1894146719421782,0.8105853280578218
DEAP:S20:T02,DEAP:S20,T02,1,6.77,1,1,2,6,unexposed,stimulus_relative_context,train,0.1,0.1609728011964725,0.8390271988035275
DEAP:S20:T08,DEAP:S20,T08,1,7.63,1,1,2,6,unexposed,stimulus_relative_context,train,0.1,0.08210740405225903,0.917892595947741
DEAP:S20:T10,DEAP:S20,T10,1,5.13,1,1,2,6,unexposed,stimulus_relative_context,train,0.1,0.4937863717867773,0.5062136282132227
DEAP:S20:T12,DEAP:S20,T12,1,7.64,1,1,2,6,unexposed,stimulus_relative_context,train,0.1,0.33748818559047167,0.6625118144095283
DEAP:S20:T14,DEAP:S20,T14,1,6.4,1,1,2,6,unexposed,stimulus_relative_context,train,0.1,0.19807905061111197,0.801920949388888
DEAP:S20:T17,DEAP:S20,T17,1,5.04,1,1,2,6,unexposed,stimulus_relative_context,train,0.1,0.3190579351480983,0.6809420648519017
DEAP:S20:T20,DEAP:S20,T20,1,6.65,1,1,2,6,unexposed,stimulus_relative_context,train,0.1,0.13774853438494672,0.8622514656150533
DEAP:S20:T21,DEAP:S20,T21,0,4.97,1,1,2,6,unexposed,stimulus_relative_context,train,0.1,0.8257739733186963,0.17422602668130371
DEAP:S20:T23,DEAP:S20,T23,0,2.82,1,1,2,6,unexposed,stimulus_relative_context,train,0.1,0.9387207689713466,0.06127923102865336
DEAP:S20:T25,DEAP:S20,T25,0,2.99,1,1,2,6,unexposed,stimulus_relative_context,train,0.1,0.763692504463809,0.236307495536191
DEAP:S20:T26,DEAP:S20,T26,0,4.31,1,1,2,6,unexposed,stimulus_relative_context,train,0.1,0.543763863127561,0.456236136872439
DEAP:S20:T33,DEAP:S20,T33,0,4.64,1,1,2,6,unexposed,stimulus_relative_context,train,0.1,0.8106726441455158,0.1893273558544842
DEAP:S20:T35,DEAP:S20,T35,0,4.35,1,1,2,6,unexposed,stimulus_relative_context,train,0.1,0.8703634410455666,0.12963655895443338
DEAP:S20:T37,DEAP:S20,T37,0,3.01,1,1,2,6,unexposed,stimulus_relative_context,train,0.1,0.8646182655498981,0.13538173445010193
DEAP:S20:T38,DEAP:S20,T38,0,3.38,1,1,2,6,unexposed,stimulus_relative_context,train,0.1,0.9114569261653083,0.0885430738346917
DEAP:S21:T01,DEAP:S21,T01,1,6.42,1,1,2,6,unexposed,stimulus_relative_context,train,0.1,0.16685411937468275,0.8331458806253172
DEAP:S21:T02,DEAP:S21,T02,1,7.05,1,1,2,6,unexposed,stimulus_relative_context,train,0.1,0.17173256650052526,0.8282674334994747
DEAP:S21:T08,DEAP:S21,T08,1,8.81,1,1,2,6,unexposed,stimulus_relative_context,train,0.1,0.08621463338078472,0.9137853666192153
DEAP:S21:T10,DEAP:S21,T10,1,7.05,1,1,2,6,unexposed,stimulus_relative_context,train,0.1,0.35422983243366546,0.6457701675663345
DEAP:S21:T12,DEAP:S21,T12,0,4.63,1,1,2,6,unexposed,stimulus_relative_context,train,0.1,0.16550599832382307,0.8344940016761769
DEAP:S21:T14,DEAP:S21,T14,1,8.1,1,1,2,6,unexposed,stimulus_relative_context,train,0.1,0.140534756614905,0.859465243385095
DEAP:S21:T17,DEAP:S21,T17,1,5.53,1,1,2,6,unexposed,stimulus_relative_context,train,0.1,0.26911894601718356,0.7308810539828164
DEAP:S21:T21,DEAP:S21,T21,0,4.08,1,1,2,6,unexposed,stimulus_relative_context,train,0.1,0.8026054880027924,0.19739451199720762
DEAP:S21:T23,DEAP:S21,T23,0,4.69,1,1,2,6,unexposed,stimulus_relative_context,train,0.1,0.880958193381396,0.11904180661860396
DEAP:S21:T25,DEAP:S21,T25,0,3.97,1,1,2,6,unexposed,stimulus_relative_context,train,0.1,0.6554404573228306,0.3445595426771694
DEAP:S21:T26,DEAP:S21,T26,0,4.06,1,1,2,6,unexposed,stimulus_relative_context,train,0.1,0.5301580245214812,0.46984197547851886
DEAP:S21:T33,DEAP:S21,T33,1,7.03,1,1,2,6,unexposed,stimulus_relative_context,train,0.1,0.7550376447078208,0.24496235529217922
DEAP:S21:T35,DEAP:S21,T35,0,4.92,1,1,2,6,unexposed,stimulus_relative_context,train,0.1,0.8081712978010016,0.19182870219899845
DEAP:S21:T37,DEAP:S21,T37,0,3.04,1,1,2,6,unexposed,stimulus_relative_context,train,0.1,0.8158313509660675,0.18416864903393243
DEAP:S21:T38,DEAP:S21,T38,0,3.03,1,1,2,6,unexposed,stimulus_relative_context,train,0.1,0.8546896667246409,0.14531033327535917
DEAP:S22:T01,DEAP:S22,T01,1,5.05,1,1,2,6,unexposed,stimulus_relative_context,train,0.1,0.05609773759080894,0.9439022624091911
DEAP:S22:T02,DEAP:S22,T02,1,7.08,1,1,2,6,unexposed,stimulus_relative_context,train,0.1,0.6306780693150316,0.36932193068496844
DEAP:S22:T08,DEAP:S22,T08,1,7.09,1,1,2,6,unexposed,stimulus_relative_context,train,0.1,0.10765675904975558,0.8923432409502444
DEAP:S22:T12,DEAP:S22,T12,0,4.99,1,1,2,6,unexposed,stimulus_relative_context,train,0.1,0.5460568777849821,0.4539431222150179
DEAP:S22:T14,DEAP:S22,T14,1,8.05,1,1,2,6,unexposed,stimulus_relative_context,train,0.1,0.11180886857074224,0.8881911314292578
DEAP:S22:T17,DEAP:S22,T17,1,5.04,1,1,2,6,unexposed,stimulus_relative_context,train,0.1,0.4732149627294263,0.5267850372705737
DEAP:S22:T20,DEAP:S22,T20,1,7.08,1,1,2,6,unexposed,stimulus_relative_context,train,0.1,0.3169813122523226,0.6830186877476774
DEAP:S22:T21,DEAP:S22,T21,0,2.97,1,1,2,6,unexposed,stimulus_relative_context,train,0.1,0.7515595307540226,0.2484404692459774
DEAP:S22:T23,DEAP:S22,T23,0,2.99,1,1,2,6,unexposed,stimulus_relative_context,train,0.1,0.9598038114303374,0.04019618856966261
DEAP:S22:T25,DEAP:S22,T25,0,2.95,1,1,2,6,unexposed,stimulus_relative_context,train,0.1,0.8220097321349213,0.17799026786507866
DEAP:S22:T33,DEAP:S22,T33,0,1.96,1,1,2,6,unexposed,stimulus_relative_context,train,0.1,0.9517896349108506,0.04821036508914949
DEAP:S22:T35,DEAP:S22,T35,0,1.99,1,1,2,6,unexposed,stimulus_relative_context,train,0.1,0.9727456240505543,0.027254375949445686
DEAP:S22:T37,DEAP:S22,T37,0,1.0,1,1,2,6,unexposed,stimulus_relative_context,train,0.1,0.955005516915657,0.044994483084342965
DEAP:S22:T38,DEAP:S22,T38,0,1.0,1,1,2,6,unexposed,stimulus_relative_context,train,0.1,0.9818392475930269,0.018160752406973072
DEAP:S23:T01,DEAP:S23,T01,1,7.71,1,1,2,6,unexposed,stimulus_relative_context,train,0.1,0.1275045060945692,0.8724954939054308
DEAP:S23:T02,DEAP:S23,T02,1,9.0,1,1,2,6,unexposed,stimulus_relative_context,train,0.1,0.1527942314674744,0.8472057685325256
DEAP:S23:T08,DEAP:S23,T08,1,7.23,1,1,2,6,unexposed,stimulus_relative_context,train,0.1,0.017309556453518393,0.9826904435464816
DEAP:S23:T10,DEAP:S23,T10,1,5.01,1,1,2,6,unexposed,stimulus_relative_context,train,0.1,0.3670467014312857,0.6329532985687143
DEAP:S23:T12,DEAP:S23,T12,1,7.0,1,1,2,6,unexposed,stimulus_relative_context,train,0.1,0.052506591266889724,0.9474934087331103
DEAP:S23:T14,DEAP:S23,T14,1,8.01,1,1,2,6,unexposed,stimulus_relative_context,train,0.1,0.0872520267865694,0.9127479732134306
DEAP:S23:T17,DEAP:S23,T17,0,2.86,1,1,2,6,unexposed,stimulus_relative_context,train,0.1,0.560650317696011,0.43934968230398896
DEAP:S23:T20,DEAP:S23,T20,0,3.96,1,1,2,6,unexposed,stimulus_relative_context,train,0.1,0.05015518689877807,0.9498448131012219
DEAP:S23:T21,DEAP:S23,T21,0,1.91,1,1,2,6,unexposed,stimulus_relative_context,train,0.1,0.7819938730327052,0.21800612696729477
DEAP:S23:T26,DEAP:S23,T26,1,8.27,1,1,2,6,unexposed,stimulus_relative_context,train,0.1,0.3160540097718598,0.6839459902281402
DEAP:S23:T33,DEAP:S23,T33,1,5.04,1,1,2,6,unexposed,stimulus_relative_context,train,0.1,0.6934792948056692,0.30652070519433083
DEAP:S23:T35,DEAP:S23,T35,1,5.18,1,1,2,6,unexposed,stimulus_relative_context,train,0.1,0.7007069352960248,0.2992930647039752
DEAP:S23:T37,DEAP:S23,T37,0,4.31,1,1,2,6,unexposed,stimulus_relative_context,train,0.1,0.744203243502799,0.255796756497201
DEAP:S25:T01,DEAP:S25,T01,1,8.06,1,1,2,6,unexposed,stimulus_relative_context,train,0.1,0.23165767233989898,0.768342327660101
DEAP:S25:T02,DEAP:S25,T02,0,2.99,1,1,2,6,unexposed,stimulus_relative_context,train,0.1,0.2796505875977914,0.7203494124022086
DEAP:S25:T08,DEAP:S25,T08,1,8.04,1,1,2,6,unexposed,stimulus_relative_context,train,0.1,0.09539084472025361,0.9046091552797464
DEAP:S25:T10,DEAP:S25,T10,0,1.0,1,1,2,6,unexposed,stimulus_relative_context,train,0.1,0.6237702926610984,0.37622970733890165
DEAP:S25:T12,DEAP:S25,T12,1,8.04,1,1,2,6,unexposed,stimulus_relative_context,train,0.1,0.2336291211137368,0.7663708788862632
DEAP:S25:T14,DEAP:S25,T14,1,8.09,1,1,2,6,unexposed,stimulus_relative_context,train,0.1,0.13073711393879883,0.8692628860612012
DEAP:S25:T17,DEAP:S25,T17,1,5.04,1,1,2,6,unexposed,stimulus_relative_context,train,0.1,0.27206166324494785,0.7279383367550522
DEAP:S25:T20,DEAP:S25,T20,1,7.08,1,1,2,6,unexposed,stimulus_relative_context,train,0.1,0.12469326961044236,0.8753067303895576
DEAP:S25:T21,DEAP:S25,T21,1,6.03,1,1,2,6,unexposed,stimulus_relative_context,train,0.1,0.8023557278335957,0.19764427216640434
DEAP:S25:T23,DEAP:S25,T23,0,2.01,1,1,2,6,unexposed,stimulus_relative_context,train,0.1,0.8418189694857952,0.15818103051420482
DEAP:S25:T26,DEAP:S25,T26,0,4.99,1,1,2,6,unexposed,stimulus_relative_context,train,0.1,0.6824645274236367,0.31753547257636333
DEAP:S25:T33,DEAP:S25,T33,0,1.94,1,1,2,6,unexposed,stimulus_relative_context,train,0.1,0.8017753974503024,0.1982246025496976
DEAP:S25:T35,DEAP:S25,T35,0,3.03,1,1,2,6,unexposed,stimulus_relative_context,train,0.1,0.8915401782330694,0.10845982176693053
DEAP:S25:T37,DEAP:S25,T37,0,1.0,1,1,2,6,unexposed,stimulus_relative_context,train,0.1,0.8634988999280333,0.1365011000719667
DEAP:S25:T38,DEAP:S25,T38,0,1.0,1,1,2,6,unexposed,stimulus_relative_context,train,0.1,0.7940200119992846,0.20597998800071543
DEAP:S26:T01,DEAP:S26,T01,1,7.97,1,1,2,6,unexposed,stimulus_relative_context,train,0.1,0.09323373437262583,0.9067662656273742
DEAP:S26:T02,DEAP:S26,T02,1,6.96,1,1,2,6,unexposed,stimulus_relative_context,train,0.1,0.11513538940469292,0.8848646105953071
DEAP:S26:T08,DEAP:S26,T08,1,8.01,1,1,2,6,unexposed,stimulus_relative_context,train,0.1,0.020721022087096475,0.9792789779129035
DEAP:S26:T10,DEAP:S26,T10,0,3.08,1,1,2,6,unexposed,stimulus_relative_context,train,0.1,0.20448020184087967,0.7955197981591203
DEAP:S26:T12,DEAP:S26,T12,1,7.04,1,1,2,6,unexposed,stimulus_relative_context,train,0.1,0.1405435732649446,0.8594564267350554
DEAP:S26:T14,DEAP:S26,T14,1,9.0,1,1,2,6,unexposed,stimulus_relative_context,train,0.1,0.0485757815993757,0.9514242184006243
DEAP:S26:T17,DEAP:S26,T17,1,5.04,1,1,2,6,unexposed,stimulus_relative_context,train,0.1,0.08822903669602744,0.9117709633039726
DEAP:S26:T20,DEAP:S26,T20,1,8.08,1,1,2,6,unexposed,stimulus_relative_context,train,0.1,0.029981313958699407,0.9700186860413006
DEAP:S26:T21,DEAP:S26,T21,1,6.06,1,1,2,6,unexposed,stimulus_relative_context,train,0.1,0.28201002495546834,0.7179899750445317
DEAP:S26:T23,DEAP:S26,T23,0,2.28,1,1,2,6,unexposed,stimulus_relative_context,train,0.1,0.7440547065826504,0.25594529341734956
DEAP:S26:T25,DEAP:S26,T25,1,7.14,1,1,2,6,unexposed,stimulus_relative_context,train,0.1,0.3418019725728668,0.6581980274271332
DEAP:S26:T26,DEAP:S26,T26,1,5.05,1,1,2,6,unexposed,stimulus_relative_context,train,0.1,0.09449673567892813,0.9055032643210719
DEAP:S26:T33,DEAP:S26,T33,0,1.0,1,1,2,6,unexposed,stimulus_relative_context,train,0.1,0.7138114955057204,0.28618850449427957
DEAP:S26:T38,DEAP:S26,T38,0,1.15,1,1,2,6,unexposed,stimulus_relative_context,train,0.1,0.7855830900115757,0.21441690998842428
DEAP:S27:T01,DEAP:S27,T01,1,6.03,1,1,2,6,unexposed,stimulus_relative_context,train,0.1,0.06141522695792423,0.9385847730420758
DEAP:S27:T02,DEAP:S27,T02,1,7.0,1,1,2,6,unexposed,stimulus_relative_context,train,0.1,0.04781070036299584,0.9521892996370042
DEAP:S27:T08,DEAP:S27,T08,1,8.24,1,1,2,6,unexposed,stimulus_relative_context,train,0.1,0.041984432845658226,0.9580155671543418
DEAP:S27:T10,DEAP:S27,T10,1,6.01,1,1,2,6,unexposed,stimulus_relative_context,train,0.1,0.28674770739760447,0.7132522926023955
DEAP:S27:T12,DEAP:S27,T12,0,4.18,1,1,2,6,unexposed,stimulus_relative_context,train,0.1,0.12545136380105748,0.8745486361989425
DEAP:S27:T14,DEAP:S27,T14,1,8.06,1,1,2,6,unexposed,stimulus_relative_context,train,0.1,0.04588628546405549,0.9541137145359445
DEAP:S27:T17,DEAP:S27,T17,1,9.0,1,1,2,6,unexposed,stimulus_relative_context,train,0.1,0.24981878574192207,0.7501812142580779
DEAP:S27:T20,DEAP:S27,T20,1,6.97,1,1,2,6,unexposed,stimulus_relative_context,train,0.1,0.04162641700198655,0.9583735829980135
DEAP:S27:T21,DEAP:S27,T21,1,9.0,1,1,2,6,unexposed,stimulus_relative_context,train,0.1,0.4338931081297306,0.5661068918702694
DEAP:S27:T23,DEAP:S27,T23,1,8.0,1,1,2,6,unexposed,stimulus_relative_context,train,0.1,0.754764849472373,0.24523515052762704
DEAP:S27:T25,DEAP:S27,T25,0,4.0,1,1,2,6,unexposed,stimulus_relative_context,train,0.1,0.4646420570552914,0.5353579429447086
DEAP:S27:T26,DEAP:S27,T26,1,5.04,1,1,2,6,unexposed,stimulus_relative_context,train,0.1,0.34608390678600387,0.6539160932139961
DEAP:S27:T33,DEAP:S27,T33,1,5.04,1,1,2,6,unexposed,stimulus_relative_context,train,0.1,0.719668603563263,0.280331396436737
DEAP:S27:T35,DEAP:S27,T35,0,1.0,1,1,2,6,unexposed,stimulus_relative_context,train,0.1,0.47259620440740624,0.5274037955925938
DEAP:S27:T37,DEAP:S27,T37,0,2.99,1,1,2,6,unexposed,stimulus_relative_context,train,0.1,0.6597726806695243,0.3402273193304756
DEAP:S28:T01,DEAP:S28,T01,1,7.03,1,1,2,6,unexposed,stimulus_relative_context,train,0.1,0.1608528811500216,0.8391471188499784
DEAP:S28:T02,DEAP:S28,T02,1,7.99,1,1,2,6,unexposed,stimulus_relative_context,train,0.1,0.1828879840705816,0.8171120159294184
DEAP:S28:T08,DEAP:S28,T08,1,7.01,1,1,2,6,unexposed,stimulus_relative_context,train,0.1,0.08661619976558277,0.9133838002344172
DEAP:S28:T10,DEAP:S28,T10,1,7.99,1,1,2,6,unexposed,stimulus_relative_context,train,0.1,0.4492761575994261,0.5507238424005739
DEAP:S28:T12,DEAP:S28,T12,1,6.06,1,1,2,6,unexposed,stimulus_relative_context,train,0.1,0.22066255739653196,0.779337442603468
DEAP:S28:T14,DEAP:S28,T14,1,8.03,1,1,2,6,unexposed,stimulus_relative_context,train,0.1,0.14260479376771384,0.8573952062322862
DEAP:S28:T17,DEAP:S28,T17,1,6.99,1,1,2,6,unexposed,stimulus_relative_context,train,0.1,0.39969289795113494,0.6003071020488651
DEAP:S28:T20,DEAP:S28,T20,1,8.04,1,1,2,6,unexposed,stimulus_relative_context,train,0.1,0.10635717681774193,0.8936428231822581
DEAP:S28:T21,DEAP:S28,T21,0,2.01,1,1,2,6,unexposed,stimulus_relative_context,train,0.1,0.8146720390890106,0.18532796091098938
DEAP:S28:T23,DEAP:S28,T23,0,2.03,1,1,2,6,unexposed,stimulus_relative_context,train,0.1,0.8776329925286408,0.12236700747135915
DEAP:S28:T25,DEAP:S28,T25,0,4.06,1,1,2,6,unexposed,stimulus_relative_context,train,0.1,0.6558654419655544,0.3441345580344456
DEAP:S28:T26,DEAP:S28,T26,0,1.99,1,1,2,6,unexposed,stimulus_relative_context,train,0.1,0.5454352213158711,0.45456477868412887
DEAP:S28:T33,DEAP:S28,T33,1,7.01,1,1,2,6,unexposed,stimulus_relative_context,train,0.1,0.6612407896342964,0.33875921036570356
DEAP:S28:T35,DEAP:S28,T35,0,1.08,1,1,2,6,unexposed,stimulus_relative_context,train,0.1,0.7779795737770051,0.22202042622299487
DEAP:S28:T37,DEAP:S28,T37,0,1.01,1,1,2,6,unexposed,stimulus_relative_context,train,0.1,0.7146446065105966,0.2853553934894034
DEAP:S28:T38,DEAP:S28,T38,0,1.96,1,1,2,6,unexposed,stimulus_relative_context,train,0.1,0.8898481908188415,0.11015180918115856
DEAP:S29:T01,DEAP:S29,T01,1,6.06,1,1,2,6,unexposed,stimulus_relative_context,train,0.1,0.23323800110229087,0.7667619988977091
DEAP:S29:T02,DEAP:S29,T02,1,7.05,1,1,2,6,unexposed,stimulus_relative_context,train,0.1,0.07707871620489759,0.9229212837951024
DEAP:S29:T08,DEAP:S29,T08,1,7.04,1,1,2,6,unexposed,stimulus_relative_context,train,0.1,0.13592792979545187,0.8640720702045481
DEAP:S29:T10,DEAP:S29,T10,1,7.01,1,1,2,6,unexposed,stimulus_relative_context,train,0.1,0.6821838962685308,0.3178161037314692
DEAP:S29:T12,DEAP:S29,T12,1,6.04,1,1,2,6,unexposed,stimulus_relative_context,train,0.1,0.17331700888253287,0.8266829911174671
DEAP:S29:T14,DEAP:S29,T14,1,8.06,1,1,2,6,unexposed,stimulus_relative_context,train,0.1,0.06678681486533944,0.9332131851346606
DEAP:S29:T17,DEAP:S29,T17,1,5.08,1,1,2,6,unexposed,stimulus_relative_context,train,0.1,0.43053516926219604,0.569464830737804
DEAP:S29:T20,DEAP:S29,T20,1,8.03,1,1,2,6,unexposed,stimulus_relative_context,train,0.1,0.16618402529114606,0.8338159747088539
DEAP:S29:T21,DEAP:S29,T21,0,2.92,1,1,2,6,unexposed,stimulus_relative_context,train,0.1,0.8068144307388438,0.1931855692611562
DEAP:S29:T23,DEAP:S29,T23,0,2.05,1,1,2,6,unexposed,stimulus_relative_context,train,0.1,0.9149833478526738,0.08501665214732622
DEAP:S29:T25,DEAP:S29,T25,0,3.03,1,1,2,6,unexposed,stimulus_relative_context,train,0.1,0.6566879627169799,0.34331203728302007
DEAP:S29:T26,DEAP:S29,T26,0,3.0,1,1,2,6,unexposed,stimulus_relative_context,train,0.1,0.47239909709850436,0.5276009029014956
DEAP:S29:T33,DEAP:S29,T33,0,1.99,1,1,2,6,unexposed,stimulus_relative_context,train,0.1,0.8240963875438867,0.17590361245611336
DEAP:S29:T35,DEAP:S29,T35,0,1.92,1,1,2,6,unexposed,stimulus_relative_context,train,0.1,0.7290551517304356,0.2709448482695644
DEAP:S29:T37,DEAP:S29,T37,1,5.01,1,1,2,6,unexposed,stimulus_relative_context,train,0.1,0.6991038502527506,0.30089614974724943
DEAP:S29:T38,DEAP:S29,T38,0,1.88,1,1,2,6,unexposed,stimulus_relative_context,train,0.1,0.9118261789426456,0.0881738210573544
DEAP:S30:T02,DEAP:S30,T02,1,7.15,1,1,2,6,unexposed,stimulus_relative_context,train,0.1,0.09047327750158307,0.9095267224984169
DEAP:S30:T08,DEAP:S30,T08,1,6.05,1,1,2,6,unexposed,stimulus_relative_context,train,0.1,0.05911565434160315,0.9408843456583968
DEAP:S30:T10,DEAP:S30,T10,1,5.08,1,1,2,6,unexposed,stimulus_relative_context,train,0.1,0.23417477098096084,0.7658252290190392
DEAP:S30:T12,DEAP:S30,T12,1,5.15,1,1,2,6,unexposed,stimulus_relative_context,train,0.1,0.15242512322746404,0.847574876772536
DEAP:S30:T14,DEAP:S30,T14,1,5.04,1,1,2,6,unexposed,stimulus_relative_context,train,0.1,0.08015616138547099,0.919843838614529
DEAP:S30:T17,DEAP:S30,T17,1,7.13,1,1,2,6,unexposed,stimulus_relative_context,train,0.1,0.1440712663050785,0.8559287336949215
DEAP:S30:T21,DEAP:S30,T21,0,3.05,1,1,2,6,unexposed,stimulus_relative_context,train,0.1,0.7010530311498688,0.29894696885013117
DEAP:S30:T23,DEAP:S30,T23,0,3.0,1,1,2,6,unexposed,stimulus_relative_context,train,0.1,0.8349327543509859,0.16506724564901407
DEAP:S30:T25,DEAP:S30,T25,0,3.92,1,1,2,6,unexposed,stimulus_relative_context,train,0.1,0.5758518240489657,0.42414817595103427
DEAP:S30:T26,DEAP:S30,T26,1,5.01,1,1,2,6,unexposed,stimulus_relative_context,train,0.1,0.4854600964020743,0.5145399035979257
DEAP:S30:T33,DEAP:S30,T33,0,3.91,1,1,2,6,unexposed,stimulus_relative_context,train,0.1,0.6601305878840869,0.33986941211591315
DEAP:S30:T35,DEAP:S30,T35,1,5.04,1,1,2,6,unexposed,stimulus_relative_context,train,0.1,0.6391228712630523,0.36087712873694766
DEAP:S30:T37,DEAP:S30,T37,0,4.13,1,1,2,6,unexposed,stimulus_relative_context,train,0.1,0.706912862845269,0.29308713715473095
DEAP:S30:T38,DEAP:S30,T38,1,5.04,1,1,2,6,unexposed,stimulus_relative_context,train,0.1,0.8343075792411629,0.16569242075883706
DEAP:S31:T01,DEAP:S31,T01,1,6.79,1,1,2,6,unexposed,stimulus_relative_context,train,0.1,0.06876140342318648,0.9312385965768135
DEAP:S31:T02,DEAP:S31,T02,1,5.03,1,1,2,6,unexposed,stimulus_relative_context,train,0.1,0.15906118613535314,0.8409388138646469
DEAP:S31:T08,DEAP:S31,T08,1,6.03,1,1,2,6,unexposed,stimulus_relative_context,train,0.1,0.09818463923673892,0.9018153607632611
DEAP:S31:T10,DEAP:S31,T10,0,4.01,1,1,2,6,unexposed,stimulus_relative_context,train,0.1,0.4712303377262935,0.5287696622737065
DEAP:S31:T12,DEAP:S31,T12,1,7.14,1,1,2,6,unexposed,stimulus_relative_context,train,0.1,0.12206836021800083,0.8779316397819992
DEAP:S31:T14,DEAP:S31,T14,1,8.06,1,1,2,6,unexposed,stimulus_relative_context,train,0.1,0.2033436411241959,0.7966563588758041
DEAP:S31:T20,DEAP:S31,T20,1,6.9,1,1,2,6,unexposed,stimulus_relative_context,train,0.1,0.09903886454557265,0.9009611354544274
DEAP:S31:T21,DEAP:S31,T21,1,5.09,1,1,2,6,unexposed,stimulus_relative_context,train,0.1,0.5467368013357368,0.4532631986642633
DEAP:S31:T23,DEAP:S31,T23,0,1.0,1,1,2,6,unexposed,stimulus_relative_context,train,0.1,0.6240356284228639,0.3759643715771361
DEAP:S31:T25,DEAP:S31,T25,1,6.14,1,1,2,6,unexposed,stimulus_relative_context,train,0.1,0.33925425419124555,0.6607457458087544
DEAP:S31:T26,DEAP:S31,T26,1,7.08,1,1,2,6,unexposed,stimulus_relative_context,train,0.1,0.41097205152816585,0.5890279484718342
DEAP:S31:T33,DEAP:S31,T33,0,4.18,1,1,2,6,unexposed,stimulus_relative_context,train,0.1,0.6911174925908312,0.3088825074091687
DEAP:S31:T37,DEAP:S31,T37,0,1.0,1,1,2,6,unexposed,stimulus_relative_context,train,0.1,0.8174399624059008,0.1825600375940992
DEAP:S13:T05,DEAP:S13,T05,1,5.01,1,1,2,6,unexposed,stimulus_relative_context,validation_unseen,0.1,0.3442456125156761,0.6557543874843239
DEAP:S13:T15,DEAP:S13,T15,0,4.94,1,1,2,6,unexposed,stimulus_relative_context,validation_unseen,0.1,0.20682665311297865,0.7931733468870213
DEAP:S13:T19,DEAP:S13,T19,1,8.51,1,1,2,6,unexposed,stimulus_relative_context,validation_unseen,0.1,0.14257239380672737,0.8574276061932726
DEAP:S13:T27,DEAP:S13,T27,1,5.47,1,1,2,6,unexposed,stimulus_relative_context,validation_unseen,0.1,0.2498461486966297,0.7501538513033703
DEAP:S13:T28,DEAP:S13,T28,1,7.08,1,1,2,6,unexposed,stimulus_relative_context,validation_unseen,0.1,0.14075679924305096,0.859243200756949
DEAP:S13:T29,DEAP:S13,T29,0,4.04,1,1,2,6,unexposed,stimulus_relative_context,validation_unseen,0.1,0.13078708669703498,0.869212913302965
DEAP:S13:T30,DEAP:S13,T30,0,3.05,1,1,2,6,unexposed,stimulus_relative_context,validation_unseen,0.1,0.27588601153160086,0.7241139884683991
DEAP:S13:T32,DEAP:S13,T32,0,4.05,1,1,2,6,unexposed,stimulus_relative_context,validation_unseen,0.1,0.22308602448167458,0.7769139755183254
DEAP:S15:T05,DEAP:S15,T05,1,9.0,1,1,2,6,unexposed,stimulus_relative_context,validation_unseen,0.1,0.7328007865373697,0.2671992134626303
DEAP:S15:T15,DEAP:S15,T15,1,8.12,1,1,2,6,unexposed,stimulus_relative_context,validation_unseen,0.1,0.3410101573965171,0.6589898426034829
DEAP:S15:T19,DEAP:S15,T19,1,7.04,1,1,2,6,unexposed,stimulus_relative_context,validation_unseen,0.1,0.4087222787298066,0.5912777212701934
DEAP:S15:T27,DEAP:S15,T27,1,6.0,1,1,2,6,unexposed,stimulus_relative_context,validation_unseen,0.1,0.9096769449130921,0.09032305508690784
DEAP:S15:T28,DEAP:S15,T28,0,4.01,1,1,2,6,unexposed,stimulus_relative_context,validation_unseen,0.1,0.7900885804136035,0.20991141958639645
DEAP:S15:T29,DEAP:S15,T29,0,4.05,1,1,2,6,unexposed,stimulus_relative_context,validation_unseen,0.1,0.8837844284268319,0.11621557157316803
DEAP:S15:T30,DEAP:S15,T30,0,2.04,1,1,2,6,unexposed,stimulus_relative_context,validation_unseen,0.1,0.6452738368925981,0.35472616310740185
DEAP:S15:T32,DEAP:S15,T32,0,3.97,1,1,2,6,unexposed,stimulus_relative_context,validation_unseen,0.1,0.5548767368910373,0.44512326310896266
DEAP:S24:T05,DEAP:S24,T05,1,7.06,1,1,2,6,unexposed,stimulus_relative_context,validation_unseen,0.1,0.34165831471391916,0.6583416852860808
DEAP:S24:T15,DEAP:S24,T15,1,6.0,1,1,2,6,unexposed,stimulus_relative_context,validation_unseen,0.1,0.5023944750600506,0.49760552493994936
DEAP:S24:T19,DEAP:S24,T19,1,7.03,1,1,2,6,unexposed,stimulus_relative_context,validation_unseen,0.1,0.21240539131359304,0.787594608686407
DEAP:S24:T27,DEAP:S24,T27,1,6.08,1,1,2,6,unexposed,stimulus_relative_context,validation_unseen,0.1,0.18394556102023285,0.8160544389797671
DEAP:S24:T28,DEAP:S24,T28,0,4.03,1,1,2,6,unexposed,stimulus_relative_context,validation_unseen,0.1,0.43744182584513713,0.5625581741548629
DEAP:S24:T29,DEAP:S24,T29,0,3.97,1,1,2,6,unexposed,stimulus_relative_context,validation_unseen,0.1,0.4825700935912858,0.5174299064087142
DEAP:S24:T30,DEAP:S24,T30,0,1.0,1,1,2,6,unexposed,stimulus_relative_context,validation_unseen,0.1,0.4602945219974691,0.5397054780025309
DEAP:S24:T32,DEAP:S24,T32,0,3.0,1,1,2,6,unexposed,stimulus_relative_context,validation_unseen,0.1,0.29742324512217644,0.7025767548778236
DEAP:S32:T05,DEAP:S32,T05,1,7.15,1,1,2,6,unexposed,stimulus_relative_context,validation_unseen,0.1,0.33484515205810017,0.6651548479418998
DEAP:S32:T15,DEAP:S32,T15,1,5.01,1,1,2,6,unexposed,stimulus_relative_context,validation_unseen,0.1,0.3805324634317029,0.6194675365682971
DEAP:S32:T19,DEAP:S32,T19,1,8.24,1,1,2,6,unexposed,stimulus_relative_context,validation_unseen,0.1,0.42841463914301603,0.571585360856984
DEAP:S32:T27,DEAP:S32,T27,1,6.0,1,1,2,6,unexposed,stimulus_relative_context,validation_unseen,0.1,0.2771429544488405,0.7228570455511595
DEAP:S32:T28,DEAP:S32,T28,1,6.03,1,1,2,6,unexposed,stimulus_relative_context,validation_unseen,0.1,0.48902558042815936,0.5109744195718406
DEAP:S32:T29,DEAP:S32,T29,0,4.09,1,1,2,6,unexposed,stimulus_relative_context,validation_unseen,0.1,0.26847539495632233,0.7315246050436777
DEAP:S32:T30,DEAP:S32,T30,0,1.0,1,1,2,6,unexposed,stimulus_relative_context,validation_unseen,0.1,0.2140089710534343,0.7859910289465657
DEAP:S32:T32,DEAP:S32,T32,0,3.87,1,1,2,6,unexposed,stimulus_relative_context,validation_unseen,0.1,0.2922697784654319,0.7077302215345681
DEAP:S13:T01,DEAP:S13,T01,1,6.15,1,1,2,6,unexposed,stimulus_relative_context,validation_familiar,0.1,0.05416583952563314,0.9458341604743669
DEAP:S13:T02,DEAP:S13,T02,0,4.03,1,1,2,6,unexposed,stimulus_relative_context,validation_familiar,0.1,0.05149348328802594,0.9485065167119741
DEAP:S13:T08,DEAP:S13,T08,1,7.99,1,1,2,6,unexposed,stimulus_relative_context,validation_familiar,0.1,0.048745598966093984,0.951254401033906
DEAP:S13:T10,DEAP:S13,T10,0,4.01,1,1,2,6,unexposed,stimulus_relative_context,validation_familiar,0.1,0.2665671971960186,0.7334328028039814
DEAP:S13:T12,DEAP:S13,T12,1,5.08,1,1,2,6,unexposed,stimulus_relative_context,validation_familiar,0.1,0.04538130145583097,0.954618698544169
DEAP:S13:T14,DEAP:S13,T14,1,7.97,1,1,2,6,unexposed,stimulus_relative_context,validation_familiar,0.1,0.07728991707605681,0.9227100829239432
DEAP:S13:T17,DEAP:S13,T17,1,5.99,1,1,2,6,unexposed,stimulus_relative_context,validation_familiar,0.1,0.17120740448510918,0.8287925955148908
DEAP:S13:T20,DEAP:S13,T20,1,7.6,1,1,2,6,unexposed,stimulus_relative_context,validation_familiar,0.1,0.03706397147797724,0.9629360285220228
DEAP:S13:T21,DEAP:S13,T21,0,2.0,1,1,2,6,unexposed,stimulus_relative_context,validation_familiar,0.1,0.6336855668389567,0.36631443316104323
DEAP:S13:T23,DEAP:S13,T23,0,1.0,1,1,2,6,unexposed,stimulus_relative_context,validation_familiar,0.1,0.7308894843769562,0.26911051562304383
DEAP:S13:T25,DEAP:S13,T25,0,3.97,1,1,2,6,unexposed,stimulus_relative_context,validation_familiar,0.1,0.5335767103919782,0.46642328960802176
DEAP:S13:T26,DEAP:S13,T26,1,5.04,1,1,2,6,unexposed,stimulus_relative_context,validation_familiar,0.1,0.38114129954900744,0.6188587004509926
DEAP:S13:T33,DEAP:S13,T33,0,4.55,1,1,2,6,unexposed,stimulus_relative_context,validation_familiar,0.1,0.5891194293877683,0.4108805706122317
DEAP:S13:T35,DEAP:S13,T35,0,1.0,1,1,2,6,unexposed,stimulus_relative_context,validation_familiar,0.1,0.6911713616066815,0.3088286383933186
DEAP:S13:T37,DEAP:S13,T37,0,1.0,1,1,2,6,unexposed,stimulus_relative_context,validation_familiar,0.1,0.5022573018789107,0.49774269812108923
DEAP:S13:T38,DEAP:S13,T38,0,1.0,1,1,2,6,unexposed,stimulus_relative_context,validation_familiar,0.1,0.6697317903983364,0.33026820960166364
DEAP:S15:T01,DEAP:S15,T01,1,8.9,1,1,2,6,unexposed,stimulus_relative_context,validation_familiar,0.1,0.3302643465244256,0.6697356534755744
DEAP:S15:T02,DEAP:S15,T02,1,5.04,1,1,2,6,unexposed,stimulus_relative_context,validation_familiar,0.1,0.3400899722126497,0.6599100277873503
DEAP:S15:T08,DEAP:S15,T08,1,9.0,1,1,2,6,unexposed,stimulus_relative_context,validation_familiar,0.1,0.38114069703584863,0.6188593029641514
DEAP:S15:T10,DEAP:S15,T10,0,4.99,1,1,2,6,unexposed,stimulus_relative_context,validation_familiar,0.1,0.5629018416409792,0.43709815835902077
DEAP:S15:T12,DEAP:S15,T12,1,7.08,1,1,2,6,unexposed,stimulus_relative_context,validation_familiar,0.1,0.5209678036684986,0.47903219633150146
DEAP:S15:T14,DEAP:S15,T14,1,8.15,1,1,2,6,unexposed,stimulus_relative_context,validation_familiar,0.1,0.48313032421173585,0.5168696757882641
DEAP:S15:T17,DEAP:S15,T17,1,8.1,1,1,2,6,unexposed,stimulus_relative_context,validation_familiar,0.1,0.6080226558537463,0.3919773441462538
DEAP:S15:T20,DEAP:S15,T20,1,7.97,1,1,2,6,unexposed,stimulus_relative_context,validation_familiar,0.1,0.40982596681917405,0.590174033180826
DEAP:S15:T21,DEAP:S15,T21,0,3.09,1,1,2,6,unexposed,stimulus_relative_context,validation_familiar,0.1,0.9170412416105225,0.08295875838947749
DEAP:S15:T23,DEAP:S15,T23,0,3.05,1,1,2,6,unexposed,stimulus_relative_context,validation_familiar,0.1,0.9584659812121346,0.041534018787865425
DEAP:S15:T25,DEAP:S15,T25,0,2.96,1,1,2,6,unexposed,stimulus_relative_context,validation_familiar,0.1,0.7401707631615951,0.25982923683840486
DEAP:S15:T26,DEAP:S15,T26,0,4.96,1,1,2,6,unexposed,stimulus_relative_context,validation_familiar,0.1,0.858619378619067,0.141380621380933
DEAP:S15:T33,DEAP:S15,T33,0,3.01,1,1,2,6,unexposed,stimulus_relative_context,validation_familiar,0.1,0.8942721958645583,0.10572780413544172
DEAP:S15:T35,DEAP:S15,T35,1,5.05,1,1,2,6,unexposed,stimulus_relative_context,validation_familiar,0.1,0.7876707413525661,0.21232925864743396
DEAP:S15:T37,DEAP:S15,T37,0,3.04,1,1,2,6,unexposed,stimulus_relative_context,validation_familiar,0.1,0.9085915169082783,0.09140848309172164
DEAP:S15:T38,DEAP:S15,T38,0,2.08,1,1,2,6,unexposed,stimulus_relative_context,validation_familiar,0.1,0.6902781595290459,0.30972184047095414
DEAP:S24:T01,DEAP:S24,T01,1,7.06,1,1,2,6,unexposed,stimulus_relative_context,validation_familiar,0.1,0.13730199377344676,0.8626980062265532
DEAP:S24:T02,DEAP:S24,T02,1,6.04,1,1,2,6,unexposed,stimulus_relative_context,validation_familiar,0.1,0.13889966920358998,0.86110033079641
DEAP:S24:T08,DEAP:S24,T08,1,7.03,1,1,2,6,unexposed,stimulus_relative_context,validation_familiar,0.1,0.057857827950950624,0.9421421720490494
DEAP:S24:T10,DEAP:S24,T10,1,5.01,1,1,2,6,unexposed,stimulus_relative_context,validation_familiar,0.1,0.16561445670489738,0.8343855432951026
DEAP:S24:T12,DEAP:S24,T12,1,7.04,1,1,2,6,unexposed,stimulus_relative_context,validation_familiar,0.1,0.17653907796158919,0.8234609220384108
DEAP:S24:T14,DEAP:S24,T14,1,8.05,1,1,2,6,unexposed,stimulus_relative_context,validation_familiar,0.1,0.10232776904812169,0.8976722309518783
DEAP:S24:T17,DEAP:S24,T17,0,4.08,1,1,2,6,unexposed,stimulus_relative_context,validation_familiar,0.1,0.15230789797845012,0.8476921020215499
DEAP:S24:T20,DEAP:S24,T20,0,4.03,1,1,2,6,unexposed,stimulus_relative_context,validation_familiar,0.1,0.033915001933167654,0.9660849980668323
DEAP:S24:T21,DEAP:S24,T21,0,1.96,1,1,2,6,unexposed,stimulus_relative_context,validation_familiar,0.1,0.6900615281878911,0.3099384718121089
DEAP:S24:T23,DEAP:S24,T23,0,1.0,1,1,2,6,unexposed,stimulus_relative_context,validation_familiar,0.1,0.7399869084503397,0.2600130915496603
DEAP:S24:T25,DEAP:S24,T25,0,3.12,1,1,2,6,unexposed,stimulus_relative_context,validation_familiar,0.1,0.7132229469906797,0.2867770530093203
DEAP:S24:T26,DEAP:S24,T26,0,4.05,1,1,2,6,unexposed,stimulus_relative_context,validation_familiar,0.1,0.46671263895229653,0.5332873610477035
DEAP:S24:T33,DEAP:S24,T33,1,5.01,1,1,2,6,unexposed,stimulus_relative_context,validation_familiar,0.1,0.7149712643228123,0.28502873567718773
DEAP:S24:T35,DEAP:S24,T35,0,4.05,1,1,2,6,unexposed,stimulus_relative_context,validation_familiar,0.1,0.8111986666220258,0.1888013333779742
DEAP:S24:T37,DEAP:S24,T37,0,4.0,1,1,2,6,unexposed,stimulus_relative_context,validation_familiar,0.1,0.8286687262401439,0.17133127375985616
DEAP:S24:T38,DEAP:S24,T38,0,2.03,1,1,2,6,unexposed,stimulus_relative_context,validation_familiar,0.1,0.9075632420497528,0.09243675795024717
DEAP:S32:T01,DEAP:S32,T01,1,8.13,1,1,2,6,unexposed,stimulus_relative_context,validation_familiar,0.1,0.2769748236354982,0.7230251763645018
DEAP:S32:T02,DEAP:S32,T02,0,4.99,1,1,2,6,unexposed,stimulus_relative_context,validation_familiar,0.1,0.07405883913664557,0.9259411608633544
DEAP:S32:T08,DEAP:S32,T08,1,7.96,1,1,2,6,unexposed,stimulus_relative_context,validation_familiar,0.1,0.07363609281741179,0.9263639071825882
DEAP:S32:T10,DEAP:S32,T10,0,4.08,1,1,2,6,unexposed,stimulus_relative_context,validation_familiar,0.1,0.26451754619113876,0.7354824538088612
DEAP:S32:T12,DEAP:S32,T12,1,7.31,1,1,2,6,unexposed,stimulus_relative_context,validation_familiar,0.1,0.19241694369208573,0.8075830563079143
DEAP:S32:T14,DEAP:S32,T14,1,7.1,1,1,2,6,unexposed,stimulus_relative_context,validation_familiar,0.1,0.11838803369492501,0.881611966305075
DEAP:S32:T17,DEAP:S32,T17,1,6.09,1,1,2,6,unexposed,stimulus_relative_context,validation_familiar,0.1,0.38808116901151357,0.6119188309884864
DEAP:S32:T20,DEAP:S32,T20,1,6.03,1,1,2,6,unexposed,stimulus_relative_context,validation_familiar,0.1,0.11143703044033082,0.8885629695596692
DEAP:S32:T21,DEAP:S32,T21,0,4.12,1,1,2,6,unexposed,stimulus_relative_context,validation_familiar,0.1,0.8205165119035898,0.1794834880964103
DEAP:S32:T23,DEAP:S32,T23,0,3.01,1,1,2,6,unexposed,stimulus_relative_context,validation_familiar,0.1,0.9162448820017345,0.08375511799826547
DEAP:S32:T25,DEAP:S32,T25,0,4.01,1,1,2,6,unexposed,stimulus_relative_context,validation_familiar,0.1,0.6006393018160285,0.3993606981839714
DEAP:S32:T26,DEAP:S32,T26,1,5.14,1,1,2,6,unexposed,stimulus_relative_context,validation_familiar,0.1,0.4332244761917391,0.5667755238082609
DEAP:S32:T33,DEAP:S32,T33,0,4.06,1,1,2,6,unexposed,stimulus_relative_context,validation_familiar,0.1,0.557072026169484,0.44292797383051596
DEAP:S32:T35,DEAP:S32,T35,0,3.88,1,1,2,6,unexposed,stimulus_relative_context,validation_familiar,0.1,0.7855984343842151,0.21440156561578494
DEAP:S32:T37,DEAP:S32,T37,0,2.81,1,1,2,6,unexposed,stimulus_relative_context,validation_familiar,0.1,0.5627122553959094,0.4372877446040906
DEAP:S32:T38,DEAP:S32,T38,0,3.05,1,1,2,6,unexposed,stimulus_relative_context,validation_familiar,0.1,0.7436719442362959,0.2563280557637041
DEAP:S01:T01,DEAP:S01,T01,1,7.71,1,1,2,6,unexposed,stimulus_relative_context,train,1.0,0.1770926571183593,0.8229073428816407
DEAP:S01:T02,DEAP:S01,T02,1,8.1,1,1,2,6,unexposed,stimulus_relative_context,train,1.0,0.146106198076417,0.853893801923583
DEAP:S01:T08,DEAP:S01,T08,1,7.32,1,1,2,6,unexposed,stimulus_relative_context,train,1.0,0.0708679224387655,0.9291320775612345
DEAP:S01:T10,DEAP:S01,T10,0,1.99,1,1,2,6,unexposed,stimulus_relative_context,train,1.0,0.6452896991826442,0.3547103008173558
DEAP:S01:T12,DEAP:S01,T12,0,2.71,1,1,2,6,unexposed,stimulus_relative_context,train,1.0,0.4023423884546312,0.5976576115453688
DEAP:S01:T14,DEAP:S01,T14,0,4.18,1,1,2,6,unexposed,stimulus_relative_context,train,1.0,0.6724502893502393,0.3275497106497607
DEAP:S01:T17,DEAP:S01,T17,0,2.46,1,1,2,6,unexposed,stimulus_relative_context,train,1.0,0.6695336546965538,0.33046634530344615
DEAP:S01:T20,DEAP:S01,T20,1,8.26,1,1,2,6,unexposed,stimulus_relative_context,train,1.0,0.004482835981260536,0.9955171640187395
DEAP:S01:T21,DEAP:S01,T21,1,9.0,1,1,2,6,unexposed,stimulus_relative_context,train,1.0,0.44263878319181393,0.5573612168081861
DEAP:S01:T23,DEAP:S01,T23,1,8.15,1,1,2,6,unexposed,stimulus_relative_context,train,1.0,0.8731627675589876,0.12683723244101242
DEAP:S01:T25,DEAP:S01,T25,1,8.86,1,1,2,6,unexposed,stimulus_relative_context,train,1.0,0.21275843448779308,0.7872415655122069
DEAP:S01:T26,DEAP:S01,T26,1,7.28,1,1,2,6,unexposed,stimulus_relative_context,train,1.0,0.2745870900520846,0.7254129099479154
DEAP:S01:T33,DEAP:S01,T33,0,3.81,1,1,2,6,unexposed,stimulus_relative_context,train,1.0,0.880279231169701,0.11972076883029902
DEAP:S01:T35,DEAP:S01,T35,0,2.06,1,1,2,6,unexposed,stimulus_relative_context,train,1.0,0.8737057601809097,0.12629423981909021
DEAP:S01:T38,DEAP:S01,T38,0,3.33,1,1,2,6,unexposed,stimulus_relative_context,train,1.0,0.8702217847359035,0.12977821526409652
DEAP:S03:T01,DEAP:S03,T01,1,5.33,1,1,2,6,unexposed,stimulus_relative_context,train,1.0,0.1688091321627493,0.8311908678372507
DEAP:S03:T02,DEAP:S03,T02,1,7.21,1,1,2,6,unexposed,stimulus_relative_context,train,1.0,0.19100076583233616,0.8089992341676638
DEAP:S03:T08,DEAP:S03,T08,1,7.14,1,1,2,6,unexposed,stimulus_relative_context,train,1.0,0.0380854678967647,0.9619145321032353
DEAP:S03:T10,DEAP:S03,T10,0,4.45,1,1,2,6,unexposed,stimulus_relative_context,train,1.0,0.47992795161024837,0.5200720483897516
DEAP:S03:T12,DEAP:S03,T12,1,6.36,1,1,2,6,unexposed,stimulus_relative_context,train,1.0,0.30562773566021195,0.694372264339788
DEAP:S03:T14,DEAP:S03,T14,1,7.29,1,1,2,6,unexposed,stimulus_relative_context,train,1.0,0.17322482194734012,0.8267751780526599
DEAP:S03:T17,DEAP:S03,T17,0,4.56,1,1,2,6,unexposed,stimulus_relative_context,train,1.0,0.6011822032843939,0.3988177967156061
DEAP:S03:T20,DEAP:S03,T20,1,6.26,1,1,2,6,unexposed,stimulus_relative_context,train,1.0,0.049303014520659105,0.9506969854793409
DEAP:S03:T21,DEAP:S03,T21,0,4.99,1,1,2,6,unexposed,stimulus_relative_context,train,1.0,0.6393623725293502,0.3606376274706498
DEAP:S03:T23,DEAP:S03,T23,0,3.65,1,1,2,6,unexposed,stimulus_relative_context,train,1.0,0.8563748187092484,0.14362518129075158
DEAP:S03:T25,DEAP:S03,T25,0,3.45,1,1,2,6,unexposed,stimulus_relative_context,train,1.0,0.7583748172037863,0.24162518279621364
DEAP:S03:T33,DEAP:S03,T33,0,4.05,1,1,2,6,unexposed,stimulus_relative_context,train,1.0,0.8868615350494251,0.11313846495057495
DEAP:S03:T37,DEAP:S03,T37,0,4.92,1,1,2,6,unexposed,stimulus_relative_context,train,1.0,0.9381093281948829,0.06189067180511706
DEAP:S03:T38,DEAP:S03,T38,0,4.53,1,1,2,6,unexposed,stimulus_relative_context,train,1.0,0.954302148646445,0.04569785135355502
DEAP:S04:T01,DEAP:S04,T01,1,6.68,1,1,2,6,unexposed,stimulus_relative_context,train,1.0,0.13237613349804533,0.8676238665019547
DEAP:S04:T02,DEAP:S04,T02,0,4.06,1,1,2,6,unexposed,stimulus_relative_context,train,1.0,0.07857205250356258,0.9214279474964374
DEAP:S04:T10,DEAP:S04,T10,0,3.15,1,1,2,6,unexposed,stimulus_relative_context,train,1.0,0.5868403357050439,0.4131596642949561
DEAP:S04:T12,DEAP:S04,T12,1,5.04,1,1,2,6,unexposed,stimulus_relative_context,train,1.0,0.11010643688876909,0.8898935631112309
DEAP:S04:T14,DEAP:S04,T14,1,6.96,1,1,2,6,unexposed,stimulus_relative_context,train,1.0,0.07907498213352937,0.9209250178664706
DEAP:S04:T17,DEAP:S04,T17,1,7.01,1,1,2,6,unexposed,stimulus_relative_context,train,1.0,0.2780104926385143,0.7219895073614857
DEAP:S04:T20,DEAP:S04,T20,1,8.17,1,1,2,6,unexposed,stimulus_relative_context,train,1.0,0.04567985950449316,0.9543201404955068
DEAP:S04:T21,DEAP:S04,T21,0,1.77,1,1,2,6,unexposed,stimulus_relative_context,train,1.0,0.976849813466036,0.023150186533963977
DEAP:S04:T23,DEAP:S04,T23,0,1.86,1,1,2,6,unexposed,stimulus_relative_context,train,1.0,0.9680924301420178,0.03190756985798218
DEAP:S04:T25,DEAP:S04,T25,1,7.0,1,1,2,6,unexposed,stimulus_relative_context,train,1.0,0.8004857159972167,0.1995142840027832
DEAP:S04:T26,DEAP:S04,T26,1,6.0,1,1,2,6,unexposed,stimulus_relative_context,train,1.0,0.47494373801180845,0.5250562619881916
DEAP:S04:T33,DEAP:S04,T33,0,1.0,1,1,2,6,unexposed,stimulus_relative_context,train,1.0,0.5684410031617027,0.4315589968382974
DEAP:S04:T35,DEAP:S04,T35,0,2.03,1,1,2,6,unexposed,stimulus_relative_context,train,1.0,0.9859275017528218,0.014072498247178199
DEAP:S04:T37,DEAP:S04,T37,0,1.0,1,1,2,6,unexposed,stimulus_relative_context,train,1.0,0.9280865147183458,0.07191348528165423
DEAP:S04:T38,DEAP:S04,T38,0,1.79,1,1,2,6,unexposed,stimulus_relative_context,train,1.0,0.971246190174199,0.02875380982580099
DEAP:S07:T01,DEAP:S07,T01,1,8.1,1,1,2,6,unexposed,stimulus_relative_context,train,1.0,0.018916475083692763,0.9810835249163072
DEAP:S07:T02,DEAP:S07,T02,1,7.15,1,1,2,6,unexposed,stimulus_relative_context,train,1.0,0.06690543124542025,0.9330945687545797
DEAP:S07:T08,DEAP:S07,T08,1,7.0,1,1,2,6,unexposed,stimulus_relative_context,train,1.0,0.0024943539811693727,0.9975056460188306
DEAP:S07:T10,DEAP:S07,T10,1,7.09,1,1,2,6,unexposed,stimulus_relative_context,train,1.0,0.1286351665575971,0.8713648334424029
DEAP:S07:T12,DEAP:S07,T12,1,6.99,1,1,2,6,unexposed,stimulus_relative_context,train,1.0,0.0494470022809913,0.9505529977190087
DEAP:S07:T14,DEAP:S07,T14,1,7.09,1,1,2,6,unexposed,stimulus_relative_context,train,1.0,0.06257307024209313,0.9374269297579069
DEAP:S07:T20,DEAP:S07,T20,1,8.06,1,1,2,6,unexposed,stimulus_relative_context,train,1.0,0.0070713199665993764,0.9929286800334006
DEAP:S07:T21,DEAP:S07,T21,0,3.12,1,1,2,6,unexposed,stimulus_relative_context,train,1.0,0.9867681360391252,0.013231863960874786
DEAP:S07:T23,DEAP:S07,T23,0,3.01,1,1,2,6,unexposed,stimulus_relative_context,train,1.0,0.9268862809127317,0.07311371908726831
DEAP:S07:T25,DEAP:S07,T25,0,2.99,1,1,2,6,unexposed,stimulus_relative_context,train,1.0,0.5398441598119237,0.46015584018807626
DEAP:S07:T26,DEAP:S07,T26,0,2.0,1,1,2,6,unexposed,stimulus_relative_context,train,1.0,0.8326900446972828,0.16730995530271717
DEAP:S07:T33,DEAP:S07,T33,0,4.97,1,1,2,6,unexposed,stimulus_relative_context,train,1.0,0.5163406337285108,0.4836593662714892
DEAP:S07:T35,DEAP:S07,T35,1,5.01,1,1,2,6,unexposed,stimulus_relative_context,train,1.0,0.5153954614662761,0.4846045385337239
DEAP:S07:T37,DEAP:S07,T37,1,5.05,1,1,2,6,unexposed,stimulus_relative_context,train,1.0,0.5172710238818066,0.4827289761181935
DEAP:S07:T38,DEAP:S07,T38,1,5.03,1,1,2,6,unexposed,stimulus_relative_context,train,1.0,0.5900672290190068,0.4099327709809933
DEAP:S08:T01,DEAP:S08,T01,1,7.6,1,1,2,6,unexposed,stimulus_relative_context,train,1.0,0.26831695938390676,0.7316830406160932
DEAP:S08:T02,DEAP:S08,T02,1,5.04,1,1,2,6,unexposed,stimulus_relative_context,train,1.0,0.03889584096253762,0.9611041590374624
DEAP:S08:T08,DEAP:S08,T08,1,8.82,1,1,2,6,unexposed,stimulus_relative_context,train,1.0,0.20432999419346876,0.7956700058065312
DEAP:S08:T10,DEAP:S08,T10,0,4.97,1,1,2,6,unexposed,stimulus_relative_context,train,1.0,0.6113840441356995,0.38861595586430053
DEAP:S08:T12,DEAP:S08,T12,1,8.47,1,1,2,6,unexposed,stimulus_relative_context,train,1.0,0.4950595769126399,0.5049404230873601
DEAP:S08:T14,DEAP:S08,T14,1,6.88,1,1,2,6,unexposed,stimulus_relative_context,train,1.0,0.1607583593871703,0.8392416406128297
DEAP:S08:T17,DEAP:S08,T17,1,6.67,1,1,2,6,unexposed,stimulus_relative_context,train,1.0,0.05510139212151555,0.9448986078784845
DEAP:S08:T20,DEAP:S08,T20,1,6.74,1,1,2,6,unexposed,stimulus_relative_context,train,1.0,0.05451180185352311,0.9454881981464769
DEAP:S08:T21,DEAP:S08,T21,0,4.68,1,1,2,6,unexposed,stimulus_relative_context,train,1.0,0.8800295684175418,0.11997043158245826
DEAP:S08:T23,DEAP:S08,T23,0,3.59,1,1,2,6,unexposed,stimulus_relative_context,train,1.0,0.9652288464583738,0.034771153541626146
DEAP:S08:T25,DEAP:S08,T25,0,3.72,1,1,2,6,unexposed,stimulus_relative_context,train,1.0,0.8662582163309258,0.13374178366907416
DEAP:S08:T26,DEAP:S08,T26,0,4.99,1,1,2,6,unexposed,stimulus_relative_context,train,1.0,0.8946285710223382,0.10537142897766182
DEAP:S08:T33,DEAP:S08,T33,0,4.44,1,1,2,6,unexposed,stimulus_relative_context,train,1.0,0.791193769490664,0.208806230509336
DEAP:S08:T35,DEAP:S08,T35,0,3.62,1,1,2,6,unexposed,stimulus_relative_context,train,1.0,0.7781943383102954,0.22180566168970456
DEAP:S08:T37,DEAP:S08,T37,1,5.06,1,1,2,6,unexposed,stimulus_relative_context,train,1.0,0.8864085284795212,0.1135914715204788
DEAP:S08:T38,DEAP:S08,T38,0,4.72,1,1,2,6,unexposed,stimulus_relative_context,train,1.0,0.6385503678039228,0.3614496321960772
DEAP:S09:T01,DEAP:S09,T01,1,5.05,1,1,2,6,unexposed,stimulus_relative_context,train,1.0,0.05411341025341376,0.9458865897465862
DEAP:S09:T02,DEAP:S09,T02,1,7.08,1,1,2,6,unexposed,stimulus_relative_context,train,1.0,0.21562760716700347,0.7843723928329965
DEAP:S09:T08,DEAP:S09,T08,1,6.15,1,1,2,6,unexposed,stimulus_relative_context,train,1.0,0.1032904279172212,0.8967095720827788
DEAP:S09:T10,DEAP:S09,T10,0,3.94,1,1,2,6,unexposed,stimulus_relative_context,train,1.0,0.44652839661563715,0.5534716033843629
DEAP:S09:T12,DEAP:S09,T12,1,7.08,1,1,2,6,unexposed,stimulus_relative_context,train,1.0,0.04899511497379616,0.9510048850262038
DEAP:S09:T14,DEAP:S09,T14,1,7.0,1,1,2,6,unexposed,stimulus_relative_context,train,1.0,0.02753723947373743,0.9724627605262626
DEAP:S09:T17,DEAP:S09,T17,1,6.03,1,1,2,6,unexposed,stimulus_relative_context,train,1.0,0.2433876393682386,0.7566123606317614
DEAP:S09:T20,DEAP:S09,T20,1,5.12,1,1,2,6,unexposed,stimulus_relative_context,train,1.0,0.1099258230836555,0.8900741769163445
DEAP:S09:T21,DEAP:S09,T21,0,4.04,1,1,2,6,unexposed,stimulus_relative_context,train,1.0,0.9940884919002925,0.0059115080997075645
DEAP:S09:T25,DEAP:S09,T25,1,5.04,1,1,2,6,unexposed,stimulus_relative_context,train,1.0,0.6812479010526327,0.31875209894736733
DEAP:S09:T26,DEAP:S09,T26,0,4.1,1,1,2,6,unexposed,stimulus_relative_context,train,1.0,0.896485482301909,0.10351451769809092
DEAP:S09:T33,DEAP:S09,T33,0,3.08,1,1,2,6,unexposed,stimulus_relative_context,train,1.0,0.9863909846394008,0.013609015360599257
DEAP:S09:T35,DEAP:S09,T35,0,3.01,1,1,2,6,unexposed,stimulus_relative_context,train,1.0,0.6994887695736538,0.30051123042634625
DEAP:S09:T37,DEAP:S09,T37,0,2.99,1,1,2,6,unexposed,stimulus_relative_context,train,1.0,0.898641843205693,0.10135815679430703
DEAP:S09:T38,DEAP:S09,T38,0,2.92,1,1,2,6,unexposed,stimulus_relative_context,train,1.0,0.8048531437485629,0.19514685625143716
DEAP:S10:T01,DEAP:S10,T01,1,7.91,1,1,2,6,unexposed,stimulus_relative_context,train,1.0,0.04595745006617413,0.9540425499338259
DEAP:S10:T02,DEAP:S10,T02,0,3.55,1,1,2,6,unexposed,stimulus_relative_context,train,1.0,0.44937133090885173,0.5506286690911483
DEAP:S10:T08,DEAP:S10,T08,1,5.68,1,1,2,6,unexposed,stimulus_relative_context,train,1.0,0.11461081264415407,0.8853891873558459
DEAP:S10:T10,DEAP:S10,T10,1,5.94,1,1,2,6,unexposed,stimulus_relative_context,train,1.0,0.45586198445959125,0.5441380155404087
DEAP:S10:T12,DEAP:S10,T12,1,5.37,1,1,2,6,unexposed,stimulus_relative_context,train,1.0,0.1231699344538768,0.8768300655461232
DEAP:S10:T14,DEAP:S10,T14,1,8.81,1,1,2,6,unexposed,stimulus_relative_context,train,1.0,0.4518181205478776,0.5481818794521224
DEAP:S10:T17,DEAP:S10,T17,0,4.95,1,1,2,6,unexposed,stimulus_relative_context,train,1.0,0.7109302995146787,0.28906970048532127
DEAP:S10:T20,DEAP:S10,T20,1,5.58,1,1,2,6,unexposed,stimulus_relative_context,train,1.0,0.13764238730939804,0.862357612690602
DEAP:S10:T26,DEAP:S10,T26,0,4.95,1,1,2,6,unexposed,stimulus_relative_context,train,1.0,0.8266284535684952,0.17337154643150476
DEAP:S10:T33,DEAP:S10,T33,0,4.94,1,1,2,6,unexposed,stimulus_relative_context,train,1.0,0.8684105935743325,0.1315894064256675
DEAP:S10:T35,DEAP:S10,T35,0,1.38,1,1,2,6,unexposed,stimulus_relative_context,train,1.0,0.8194879328525173,0.18051206714748275
DEAP:S10:T37,DEAP:S10,T37,0,2.92,1,1,2,6,unexposed,stimulus_relative_context,train,1.0,0.8739923657702121,0.1260076342297879
DEAP:S10:T38,DEAP:S10,T38,0,1.91,1,1,2,6,unexposed,stimulus_relative_context,train,1.0,0.9311628921933889,0.06883710780661116
DEAP:S11:T01,DEAP:S11,T01,1,6.27,1,1,2,6,unexposed,stimulus_relative_context,train,1.0,0.04339614064191355,0.9566038593580865
DEAP:S11:T02,DEAP:S11,T02,1,5.67,1,1,2,6,unexposed,stimulus_relative_context,train,1.0,0.02874260362981551,0.9712573963701845
DEAP:S11:T08,DEAP:S11,T08,1,6.26,1,1,2,6,unexposed,stimulus_relative_context,train,1.0,0.02352298164742428,0.9764770183525757
DEAP:S11:T10,DEAP:S11,T10,1,6.53,1,1,2,6,unexposed,stimulus_relative_context,train,1.0,0.35322872469295397,0.646771275307046
DEAP:S11:T12,DEAP:S11,T12,1,5.04,1,1,2,6,unexposed,stimulus_relative_context,train,1.0,0.04001759908726932,0.9599824009127307
DEAP:S11:T14,DEAP:S11,T14,1,7.96,1,1,2,6,unexposed,stimulus_relative_context,train,1.0,0.051345444146684294,0.9486545558533157
DEAP:S11:T17,DEAP:S11,T17,1,8.32,1,1,2,6,unexposed,stimulus_relative_context,train,1.0,0.14388870785657082,0.8561112921434292
DEAP:S11:T20,DEAP:S11,T20,1,6.0,1,1,2,6,unexposed,stimulus_relative_context,train,1.0,0.023685688524101578,0.9763143114758984
DEAP:S11:T21,DEAP:S11,T21,0,3.27,1,1,2,6,unexposed,stimulus_relative_context,train,1.0,0.6473361555317352,0.3526638444682648
DEAP:S11:T23,DEAP:S11,T23,0,3.72,1,1,2,6,unexposed,stimulus_relative_context,train,1.0,0.8720739041197285,0.12792609588027143
DEAP:S11:T25,DEAP:S11,T25,1,5.01,1,1,2,6,unexposed,stimulus_relative_context,train,1.0,0.7413556730127531,0.2586443269872469
DEAP:S11:T26,DEAP:S11,T26,1,5.49,1,1,2,6,unexposed,stimulus_relative_context,train,1.0,0.5745701366242938,0.4254298633757062
DEAP:S11:T33,DEAP:S11,T33,1,5.64,1,1,2,6,unexposed,stimulus_relative_context,train,1.0,0.6180645499921059,0.3819354500078941
DEAP:S11:T37,DEAP:S11,T37,0,1.47,1,1,2,6,unexposed,stimulus_relative_context,train,1.0,0.4627741565629049,0.5372258434370951
DEAP:S11:T38,DEAP:S11,T38,0,1.35,1,1,2,6,unexposed,stimulus_relative_context,train,1.0,0.6572187458036045,0.34278125419639555
DEAP:S12:T01,DEAP:S12,T01,1,7.09,1,1,2,6,unexposed,stimulus_relative_context,train,1.0,0.05219626361918106,0.9478037363808189
DEAP:S12:T02,DEAP:S12,T02,1,6.09,1,1,2,6,unexposed,stimulus_relative_context,train,1.0,0.3333719414140365,0.6666280585859635
DEAP:S12:T08,DEAP:S12,T08,1,5.1,1,1,2,6,unexposed,stimulus_relative_context,train,1.0,0.046554337135777835,0.9534456628642222
DEAP:S12:T10,DEAP:S12,T10,0,4.06,1,1,2,6,unexposed,stimulus_relative_context,train,1.0,0.5084998015037392,0.49150019849626086
DEAP:S12:T12,DEAP:S12,T12,1,6.86,1,1,2,6,unexposed,stimulus_relative_context,train,1.0,0.3624459050580636,0.6375540949419364
DEAP:S12:T14,DEAP:S12,T14,1,8.15,1,1,2,6,unexposed,stimulus_relative_context,train,1.0,0.22277966430985696,0.777220335690143
DEAP:S12:T17,DEAP:S12,T17,0,4.86,1,1,2,6,unexposed,stimulus_relative_context,train,1.0,0.713947892232293,0.28605210776770695
DEAP:S12:T20,DEAP:S12,T20,1,7.35,1,1,2,6,unexposed,stimulus_relative_context,train,1.0,0.1917517225092391,0.8082482774907609
DEAP:S12:T23,DEAP:S12,T23,0,1.74,1,1,2,6,unexposed,stimulus_relative_context,train,1.0,0.9967001928427834,0.0032998071572165363
DEAP:S12:T25,DEAP:S12,T25,0,2.78,1,1,2,6,unexposed,stimulus_relative_context,train,1.0,0.7915620217900725,0.20843797820992743
DEAP:S12:T26,DEAP:S12,T26,1,6.08,1,1,2,6,unexposed,stimulus_relative_context,train,1.0,0.2408044290585234,0.7591955709414766
DEAP:S12:T35,DEAP:S12,T35,0,1.22,1,1,2,6,unexposed,stimulus_relative_context,train,1.0,0.9657656939393909,0.03423430606060907
DEAP:S12:T37,DEAP:S12,T37,0,1.0,1,1,2,6,unexposed,stimulus_relative_context,train,1.0,0.9410917186529248,0.05890828134707518
DEAP:S12:T38,DEAP:S12,T38,0,2.85,1,1,2,6,unexposed,stimulus_relative_context,train,1.0,0.9722334158358714,0.02776658416412855
DEAP:S14:T01,DEAP:S14,T01,1,8.22,1,1,2,6,unexposed,stimulus_relative_context,train,1.0,0.2546403061159711,0.7453596938840289
DEAP:S14:T02,DEAP:S14,T02,1,6.05,1,1,2,6,unexposed,stimulus_relative_context,train,1.0,0.571670118796524,0.42832988120347604
DEAP:S14:T08,DEAP:S14,T08,1,7.0,1,1,2,6,unexposed,stimulus_relative_context,train,1.0,0.01400042938940893,0.9859995706105911
DEAP:S14:T10,DEAP:S14,T10,0,1.88,1,1,2,6,unexposed,stimulus_relative_context,train,1.0,0.7556666870566676,0.24433331294333235
DEAP:S14:T12,DEAP:S14,T12,1,7.63,1,1,2,6,unexposed,stimulus_relative_context,train,1.0,0.1395173988213846,0.8604826011786154
DEAP:S14:T14,DEAP:S14,T14,1,8.03,1,1,2,6,unexposed,stimulus_relative_context,train,1.0,0.21626465846273057,0.7837353415372694
DEAP:S14:T17,DEAP:S14,T17,1,6.06,1,1,2,6,unexposed,stimulus_relative_context,train,1.0,0.2950506040894749,0.7049493959105251
DEAP:S14:T20,DEAP:S14,T20,1,7.33,1,1,2,6,unexposed,stimulus_relative_context,train,1.0,0.02621861235949774,0.9737813876405023
DEAP:S14:T21,DEAP:S14,T21,0,1.03,1,1,2,6,unexposed,stimulus_relative_context,train,1.0,0.9556722046276568,0.04432779537234325
DEAP:S14:T23,DEAP:S14,T23,0,2.41,1,1,2,6,unexposed,stimulus_relative_context,train,1.0,0.9828459514549432,0.01715404854505675
DEAP:S14:T26,DEAP:S14,T26,0,3.28,1,1,2,6,unexposed,stimulus_relative_context,train,1.0,0.7818413684608628,0.21815863153913717
DEAP:S14:T33,DEAP:S14,T33,0,3.18,1,1,2,6,unexposed,stimulus_relative_context,train,1.0,0.8945322572519421,0.10546774274805797
DEAP:S14:T35,DEAP:S14,T35,0,2.68,1,1,2,6,unexposed,stimulus_relative_context,train,1.0,0.9578886092423395,0.042111390757660516
DEAP:S14:T37,DEAP:S14,T37,0,3.47,1,1,2,6,unexposed,stimulus_relative_context,train,1.0,0.9837212807042585,0.01627871929574159
DEAP:S14:T38,DEAP:S14,T38,0,2.26,1,1,2,6,unexposed,stimulus_relative_context,train,1.0,0.928350205790776,0.07164979420922406
DEAP:S16:T01,DEAP:S16,T01,0,2.51,1,1,2,6,unexposed,stimulus_relative_context,train,1.0,0.8140561419110686,0.18594385808893144
DEAP:S16:T02,DEAP:S16,T02,1,6.45,1,1,2,6,unexposed,stimulus_relative_context,train,1.0,0.4735747155827349,0.5264252844172651
DEAP:S16:T08,DEAP:S16,T08,0,3.51,1,1,2,6,unexposed,stimulus_relative_context,train,1.0,0.35999292478634404,0.640007075213656
DEAP:S16:T10,DEAP:S16,T10,1,5.14,1,1,2,6,unexposed,stimulus_relative_context,train,1.0,0.6627188335282838,0.33728116647171624
DEAP:S16:T12,DEAP:S16,T12,1,5.97,1,1,2,6,unexposed,stimulus_relative_context,train,1.0,0.3410725771988975,0.6589274228011025
DEAP:S16:T14,DEAP:S16,T14,0,3.64,1,1,2,6,unexposed,stimulus_relative_context,train,1.0,0.22112631000584082,0.7788736899941592
DEAP:S16:T17,DEAP:S16,T17,0,1.21,1,1,2,6,unexposed,stimulus_relative_context,train,1.0,0.8487944186835436,0.15120558131645642
DEAP:S16:T21,DEAP:S16,T21,0,4.42,1,1,2,6,unexposed,stimulus_relative_context,train,1.0,0.9806909053371203,0.01930909466287964
DEAP:S16:T23,DEAP:S16,T23,0,3.9,1,1,2,6,unexposed,stimulus_relative_context,train,1.0,0.9833067384919424,0.016693261508057663
DEAP:S16:T25,DEAP:S16,T25,0,2.47,1,1,2,6,unexposed,stimulus_relative_context,train,1.0,0.7118760979308973,0.2881239020691027
DEAP:S16:T26,DEAP:S16,T26,0,1.82,1,1,2,6,unexposed,stimulus_relative_context,train,1.0,0.7356356879752557,0.26436431202474436
DEAP:S16:T33,DEAP:S16,T33,0,1.0,1,1,2,6,unexposed,stimulus_relative_context,train,1.0,0.9394691060646636,0.060530893935336415
DEAP:S16:T35,DEAP:S16,T35,0,1.0,1,1,2,6,unexposed,stimulus_relative_context,train,1.0,0.9904333211560474,0.00956667884395258
DEAP:S16:T37,DEAP:S16,T37,1,6.09,1,1,2,6,unexposed,stimulus_relative_context,train,1.0,0.8944184875258607,0.10558151247413924
DEAP:S17:T01,DEAP:S17,T01,0,4.05,1,1,2,6,unexposed,stimulus_relative_context,train,1.0,0.07108791438465945,0.9289120856153406
DEAP:S17:T02,DEAP:S17,T02,1,7.26,1,1,2,6,unexposed,stimulus_relative_context,train,1.0,0.2779727546072255,0.7220272453927745
DEAP:S17:T08,DEAP:S17,T08,1,6.05,1,1,2,6,unexposed,stimulus_relative_context,train,1.0,0.02642519847534175,0.9735748015246583
DEAP:S17:T10,DEAP:S17,T10,1,6.09,1,1,2,6,unexposed,stimulus_relative_context,train,1.0,0.3523438792911343,0.6476561207088657
DEAP:S17:T12,DEAP:S17,T12,1,5.96,1,1,2,6,unexposed,stimulus_relative_context,train,1.0,0.4289671328698179,0.5710328671301821
DEAP:S17:T14,DEAP:S17,T14,1,6.58,1,1,2,6,unexposed,stimulus_relative_context,train,1.0,0.1421801869152317,0.8578198130847683
DEAP:S17:T17,DEAP:S17,T17,0,4.12,1,1,2,6,unexposed,stimulus_relative_context,train,1.0,0.47579462686950935,0.5242053731304906
DEAP:S17:T20,DEAP:S17,T20,1,7.03,1,1,2,6,unexposed,stimulus_relative_context,train,1.0,0.061316453783309965,0.93868354621669
DEAP:S17:T21,DEAP:S17,T21,0,4.0,1,1,2,6,unexposed,stimulus_relative_context,train,1.0,0.9545130241637029,0.04548697583629709
DEAP:S17:T23,DEAP:S17,T23,0,3.62,1,1,2,6,unexposed,stimulus_relative_context,train,1.0,0.951969308237467,0.04803069176253304
DEAP:S17:T25,DEAP:S17,T25,1,6.18,1,1,2,6,unexposed,stimulus_relative_context,train,1.0,0.8981674421491969,0.10183255785080311
DEAP:S17:T26,DEAP:S17,T26,0,3.73,1,1,2,6,unexposed,stimulus_relative_context,train,1.0,0.9490881927942879,0.050911807205712076
DEAP:S17:T33,DEAP:S17,T33,0,3.83,1,1,2,6,unexposed,stimulus_relative_context,train,1.0,0.8442559432086846,0.15574405679131545
DEAP:S17:T35,DEAP:S17,T35,0,4.17,1,1,2,6,unexposed,stimulus_relative_context,train,1.0,0.9449040238943095,0.05509597610569049
DEAP:S17:T37,DEAP:S17,T37,0,3.46,1,1,2,6,unexposed,stimulus_relative_context,train,1.0,0.897363243872786,0.10263675612721399
DEAP:S17:T38,DEAP:S17,T38,0,3.6,1,1,2,6,unexposed,stimulus_relative_context,train,1.0,0.9875551513307976,0.01244484866920234
DEAP:S18:T01,DEAP:S18,T01,1,6.33,1,1,2,6,unexposed,stimulus_relative_context,train,1.0,0.02887537095188142,0.9711246290481186
DEAP:S18:T02,DEAP:S18,T02,1,6.87,1,1,2,6,unexposed,stimulus_relative_context,train,1.0,0.05283490531615476,0.9471650946838452
DEAP:S18:T10,DEAP:S18,T10,1,6.09,1,1,2,6,unexposed,stimulus_relative_context,train,1.0,0.26627752185620435,0.7337224781437957
DEAP:S18:T12,DEAP:S18,T12,1,5.55,1,1,2,6,unexposed,stimulus_relative_context,train,1.0,0.042623105595679056,0.9573768944043209
DEAP:S18:T14,DEAP:S18,T14,1,6.62,1,1,2,6,unexposed,stimulus_relative_context,train,1.0,0.019091664585007773,0.9809083354149922
DEAP:S18:T17,DEAP:S18,T17,1,7.74,1,1,2,6,unexposed,stimulus_relative_context,train,1.0,0.1786115362975217,0.8213884637024783
DEAP:S18:T20,DEAP:S18,T20,1,6.24,1,1,2,6,unexposed,stimulus_relative_context,train,1.0,0.02581584658894498,0.974184153411055
DEAP:S18:T21,DEAP:S18,T21,0,3.92,1,1,2,6,unexposed,stimulus_relative_context,train,1.0,0.7734071112724361,0.2265928887275639
DEAP:S18:T23,DEAP:S18,T23,0,3.71,1,1,2,6,unexposed,stimulus_relative_context,train,1.0,0.8069876208145832,0.19301237918541675
DEAP:S18:T26,DEAP:S18,T26,1,5.44,1,1,2,6,unexposed,stimulus_relative_context,train,1.0,0.47897522574471796,0.521024774255282
DEAP:S18:T33,DEAP:S18,T33,0,4.56,1,1,2,6,unexposed,stimulus_relative_context,train,1.0,0.8078468919318132,0.19215310806818675
DEAP:S18:T35,DEAP:S18,T35,1,5.12,1,1,2,6,unexposed,stimulus_relative_context,train,1.0,0.5111208341669105,0.4888791658330896
DEAP:S18:T38,DEAP:S18,T38,0,4.51,1,1,2,6,unexposed,stimulus_relative_context,train,1.0,0.6500018957539819,0.3499981042460181
DEAP:S20:T01,DEAP:S20,T01,1,5.76,1,1,2,6,unexposed,stimulus_relative_context,train,1.0,0.12474265595116552,0.8752573440488345
DEAP:S20:T02,DEAP:S20,T02,1,6.77,1,1,2,6,unexposed,stimulus_relative_context,train,1.0,0.048881541002948725,0.9511184589970513
DEAP:S20:T08,DEAP:S20,T08,1,7.63,1,1,2,6,unexposed,stimulus_relative_context,train,1.0,0.014407843219563343,0.9855921567804367
DEAP:S20:T10,DEAP:S20,T10,1,5.13,1,1,2,6,unexposed,stimulus_relative_context,train,1.0,0.4036580150787561,0.5963419849212439
DEAP:S20:T12,DEAP:S20,T12,1,7.64,1,1,2,6,unexposed,stimulus_relative_context,train,1.0,0.37212202563488683,0.6278779743651132
DEAP:S20:T14,DEAP:S20,T14,1,6.4,1,1,2,6,unexposed,stimulus_relative_context,train,1.0,0.16523804131575426,0.8347619586842457
DEAP:S20:T17,DEAP:S20,T17,1,5.04,1,1,2,6,unexposed,stimulus_relative_context,train,1.0,0.12091299159061863,0.8790870084093814
DEAP:S20:T20,DEAP:S20,T20,1,6.65,1,1,2,6,unexposed,stimulus_relative_context,train,1.0,0.07230157916109992,0.9276984208389001
DEAP:S20:T21,DEAP:S20,T21,0,4.97,1,1,2,6,unexposed,stimulus_relative_context,train,1.0,0.9293191205161963,0.07068087948380379
DEAP:S20:T23,DEAP:S20,T23,0,2.82,1,1,2,6,unexposed,stimulus_relative_context,train,1.0,0.9877476277421942,0.012252372257805831
DEAP:S20:T25,DEAP:S20,T25,0,2.99,1,1,2,6,unexposed,stimulus_relative_context,train,1.0,0.9063931991855849,0.09360680081441507
DEAP:S20:T26,DEAP:S20,T26,0,4.31,1,1,2,6,unexposed,stimulus_relative_context,train,1.0,0.5227620334815051,0.47723796651849487
DEAP:S20:T33,DEAP:S20,T33,0,4.64,1,1,2,6,unexposed,stimulus_relative_context,train,1.0,0.8627197074375041,0.1372802925624958
DEAP:S20:T35,DEAP:S20,T35,0,4.35,1,1,2,6,unexposed,stimulus_relative_context,train,1.0,0.9472547207641879,0.05274527923581203
DEAP:S20:T37,DEAP:S20,T37,0,3.01,1,1,2,6,unexposed,stimulus_relative_context,train,1.0,0.9305675653856159,0.06943243461438413
DEAP:S20:T38,DEAP:S20,T38,0,3.38,1,1,2,6,unexposed,stimulus_relative_context,train,1.0,0.9673065730778826,0.03269342692211737
DEAP:S21:T01,DEAP:S21,T01,1,6.42,1,1,2,6,unexposed,stimulus_relative_context,train,1.0,0.20774076002948116,0.7922592399705188
DEAP:S21:T02,DEAP:S21,T02,1,7.05,1,1,2,6,unexposed,stimulus_relative_context,train,1.0,0.10622328737548092,0.8937767126245191
DEAP:S21:T08,DEAP:S21,T08,1,8.81,1,1,2,6,unexposed,stimulus_relative_context,train,1.0,0.05746606549168609,0.9425339345083139
DEAP:S21:T10,DEAP:S21,T10,1,7.05,1,1,2,6,unexposed,stimulus_relative_context,train,1.0,0.2566914638094362,0.7433085361905638
DEAP:S21:T12,DEAP:S21,T12,0,4.63,1,1,2,6,unexposed,stimulus_relative_context,train,1.0,0.20021255607500488,0.7997874439249951
DEAP:S21:T14,DEAP:S21,T14,1,8.1,1,1,2,6,unexposed,stimulus_relative_context,train,1.0,0.15033167068227293,0.8496683293177271
DEAP:S21:T17,DEAP:S21,T17,1,5.53,1,1,2,6,unexposed,stimulus_relative_context,train,1.0,0.24009128572831162,0.7599087142716884
DEAP:S21:T21,DEAP:S21,T21,0,4.08,1,1,2,6,unexposed,stimulus_relative_context,train,1.0,0.9198373588917206,0.08016264110827939
DEAP:S21:T23,DEAP:S21,T23,0,4.69,1,1,2,6,unexposed,stimulus_relative_context,train,1.0,0.9488374992476293,0.051162500752370686
DEAP:S21:T25,DEAP:S21,T25,0,3.97,1,1,2,6,unexposed,stimulus_relative_context,train,1.0,0.7212737125252237,0.27872628747477635
DEAP:S21:T26,DEAP:S21,T26,0,4.06,1,1,2,6,unexposed,stimulus_relative_context,train,1.0,0.5582258398039057,0.44177416019609433
DEAP:S21:T33,DEAP:S21,T33,1,7.03,1,1,2,6,unexposed,stimulus_relative_context,train,1.0,0.7566361569204908,0.24336384307950923
DEAP:S21:T35,DEAP:S21,T35,0,4.92,1,1,2,6,unexposed,stimulus_relative_context,train,1.0,0.9311834243574653,0.06881657564253475
DEAP:S21:T37,DEAP:S21,T37,0,3.04,1,1,2,6,unexposed,stimulus_relative_context,train,1.0,0.9614859288164522,0.03851407118354776
DEAP:S21:T38,DEAP:S21,T38,0,3.03,1,1,2,6,unexposed,stimulus_relative_context,train,1.0,0.8793540155876884,0.12064598441231154
DEAP:S22:T01,DEAP:S22,T01,1,5.05,1,1,2,6,unexposed,stimulus_relative_context,train,1.0,0.015441091760870496,0.9845589082391295
DEAP:S22:T02,DEAP:S22,T02,1,7.08,1,1,2,6,unexposed,stimulus_relative_context,train,1.0,0.7261542983247351,0.27384570167526495
DEAP:S22:T08,DEAP:S22,T08,1,7.09,1,1,2,6,unexposed,stimulus_relative_context,train,1.0,0.02170150120822323,0.9782984987917768
DEAP:S22:T12,DEAP:S22,T12,0,4.99,1,1,2,6,unexposed,stimulus_relative_context,train,1.0,0.6653920103324409,0.33460798966755906
DEAP:S22:T14,DEAP:S22,T14,1,8.05,1,1,2,6,unexposed,stimulus_relative_context,train,1.0,0.03830363610068799,0.961696363899312
DEAP:S22:T17,DEAP:S22,T17,1,5.04,1,1,2,6,unexposed,stimulus_relative_context,train,1.0,0.322875612770016,0.677124387229984
DEAP:S22:T20,DEAP:S22,T20,1,7.08,1,1,2,6,unexposed,stimulus_relative_context,train,1.0,0.15370247312314633,0.8462975268768537
DEAP:S22:T21,DEAP:S22,T21,0,2.97,1,1,2,6,unexposed,stimulus_relative_context,train,1.0,0.7685097723414483,0.23149022765855168
DEAP:S22:T23,DEAP:S22,T23,0,2.99,1,1,2,6,unexposed,stimulus_relative_context,train,1.0,0.9660558066879936,0.033944193312006384
DEAP:S22:T25,DEAP:S22,T25,0,2.95,1,1,2,6,unexposed,stimulus_relative_context,train,1.0,0.8789548966093791,0.12104510339062095
DEAP:S22:T33,DEAP:S22,T33,0,1.96,1,1,2,6,unexposed,stimulus_relative_context,train,1.0,0.9874599809964149,0.012540019003585165
DEAP:S22:T35,DEAP:S22,T35,0,1.99,1,1,2,6,unexposed,stimulus_relative_context,train,1.0,0.9934399521427538,0.006560047857246141
DEAP:S22:T37,DEAP:S22,T37,0,1.0,1,1,2,6,unexposed,stimulus_relative_context,train,1.0,0.9877423900781892,0.012257609921810773
DEAP:S22:T38,DEAP:S22,T38,0,1.0,1,1,2,6,unexposed,stimulus_relative_context,train,1.0,0.997043967866571,0.002956032133429031
DEAP:S23:T01,DEAP:S23,T01,1,7.71,1,1,2,6,unexposed,stimulus_relative_context,train,1.0,0.12234838014986682,0.8776516198501332
DEAP:S23:T02,DEAP:S23,T02,1,9.0,1,1,2,6,unexposed,stimulus_relative_context,train,1.0,0.12802635802349738,0.8719736419765026
DEAP:S23:T08,DEAP:S23,T08,1,7.23,1,1,2,6,unexposed,stimulus_relative_context,train,1.0,0.00042770703375771824,0.9995722929662423
DEAP:S23:T10,DEAP:S23,T10,1,5.01,1,1,2,6,unexposed,stimulus_relative_context,train,1.0,0.3883755602260093,0.6116244397739907
DEAP:S23:T12,DEAP:S23,T12,1,7.0,1,1,2,6,unexposed,stimulus_relative_context,train,1.0,0.0025513156887985167,0.9974486843112015
DEAP:S23:T14,DEAP:S23,T14,1,8.01,1,1,2,6,unexposed,stimulus_relative_context,train,1.0,0.05549649416426261,0.9445035058357374
DEAP:S23:T17,DEAP:S23,T17,0,2.86,1,1,2,6,unexposed,stimulus_relative_context,train,1.0,0.8970262674706628,0.1029737325293372
DEAP:S23:T20,DEAP:S23,T20,0,3.96,1,1,2,6,unexposed,stimulus_relative_context,train,1.0,0.03455178187774566,0.9654482181222543
DEAP:S23:T21,DEAP:S23,T21,0,1.91,1,1,2,6,unexposed,stimulus_relative_context,train,1.0,0.8783002874282759,0.12169971257172407
DEAP:S23:T26,DEAP:S23,T26,1,8.27,1,1,2,6,unexposed,stimulus_relative_context,train,1.0,0.10926889405689266,0.8907311059431073
DEAP:S23:T33,DEAP:S23,T33,1,5.04,1,1,2,6,unexposed,stimulus_relative_context,train,1.0,0.585393319291298,0.414606680708702
DEAP:S23:T35,DEAP:S23,T35,1,5.18,1,1,2,6,unexposed,stimulus_relative_context,train,1.0,0.5887938380331942,0.4112061619668058
DEAP:S23:T37,DEAP:S23,T37,0,4.31,1,1,2,6,unexposed,stimulus_relative_context,train,1.0,0.8701437817525657,0.12985621824743432
DEAP:S25:T01,DEAP:S25,T01,1,8.06,1,1,2,6,unexposed,stimulus_relative_context,train,1.0,0.14405308764471525,0.8559469123552848
DEAP:S25:T02,DEAP:S25,T02,0,2.99,1,1,2,6,unexposed,stimulus_relative_context,train,1.0,0.4126595681735796,0.5873404318264204
DEAP:S25:T08,DEAP:S25,T08,1,8.04,1,1,2,6,unexposed,stimulus_relative_context,train,1.0,0.04078347849516473,0.9592165215048353
DEAP:S25:T10,DEAP:S25,T10,0,1.0,1,1,2,6,unexposed,stimulus_relative_context,train,1.0,0.7371375530911037,0.2628624469088962
DEAP:S25:T12,DEAP:S25,T12,1,8.04,1,1,2,6,unexposed,stimulus_relative_context,train,1.0,0.1283656926567608,0.8716343073432392
DEAP:S25:T14,DEAP:S25,T14,1,8.09,1,1,2,6,unexposed,stimulus_relative_context,train,1.0,0.03392124221142778,0.9660787577885722
DEAP:S25:T17,DEAP:S25,T17,1,5.04,1,1,2,6,unexposed,stimulus_relative_context,train,1.0,0.23834283873724293,0.7616571612627571
DEAP:S25:T20,DEAP:S25,T20,1,7.08,1,1,2,6,unexposed,stimulus_relative_context,train,1.0,0.07631523566493958,0.9236847643350604
DEAP:S25:T21,DEAP:S25,T21,1,6.03,1,1,2,6,unexposed,stimulus_relative_context,train,1.0,0.5992142709644699,0.40078572903553006
DEAP:S25:T23,DEAP:S25,T23,0,2.01,1,1,2,6,unexposed,stimulus_relative_context,train,1.0,0.8414248003300593,0.15857519966994066
DEAP:S25:T26,DEAP:S25,T26,0,4.99,1,1,2,6,unexposed,stimulus_relative_context,train,1.0,0.783566969409544,0.21643303059045604
DEAP:S25:T33,DEAP:S25,T33,0,1.94,1,1,2,6,unexposed,stimulus_relative_context,train,1.0,0.8417564986990933,0.1582435013009067
DEAP:S25:T35,DEAP:S25,T35,0,3.03,1,1,2,6,unexposed,stimulus_relative_context,train,1.0,0.9672181481855242,0.03278185181447582
DEAP:S25:T37,DEAP:S25,T37,0,1.0,1,1,2,6,unexposed,stimulus_relative_context,train,1.0,0.9590394642717345,0.04096053572826553
DEAP:S25:T38,DEAP:S25,T38,0,1.0,1,1,2,6,unexposed,stimulus_relative_context,train,1.0,0.864821526138067,0.13517847386193307
DEAP:S26:T01,DEAP:S26,T01,1,7.97,1,1,2,6,unexposed,stimulus_relative_context,train,1.0,0.06732614313025254,0.9326738568697475
DEAP:S26:T02,DEAP:S26,T02,1,6.96,1,1,2,6,unexposed,stimulus_relative_context,train,1.0,0.09769131644245221,0.9023086835575478
DEAP:S26:T08,DEAP:S26,T08,1,8.01,1,1,2,6,unexposed,stimulus_relative_context,train,1.0,0.003919617403095099,0.9960803825969049
DEAP:S26:T10,DEAP:S26,T10,0,3.08,1,1,2,6,unexposed,stimulus_relative_context,train,1.0,0.22131172608147587,0.7786882739185241
DEAP:S26:T12,DEAP:S26,T12,1,7.04,1,1,2,6,unexposed,stimulus_relative_context,train,1.0,0.1597338462289012,0.8402661537710988
DEAP:S26:T14,DEAP:S26,T14,1,9.0,1,1,2,6,unexposed,stimulus_relative_context,train,1.0,0.023542032201499974,0.9764579677985
DEAP:S26:T17,DEAP:S26,T17,1,5.04,1,1,2,6,unexposed,stimulus_relative_context,train,1.0,0.024004335152486345,0.9759956648475137
DEAP:S26:T20,DEAP:S26,T20,1,8.08,1,1,2,6,unexposed,stimulus_relative_context,train,1.0,0.003949111555349605,0.9960508884446504
DEAP:S26:T21,DEAP:S26,T21,1,6.06,1,1,2,6,unexposed,stimulus_relative_context,train,1.0,0.0964233475865437,0.9035766524134563
DEAP:S26:T23,DEAP:S26,T23,0,2.28,1,1,2,6,unexposed,stimulus_relative_context,train,1.0,0.8621100693256685,0.13788993067433156
DEAP:S26:T25,DEAP:S26,T25,1,7.14,1,1,2,6,unexposed,stimulus_relative_context,train,1.0,0.16086711358119454,0.8391328864188055
DEAP:S26:T26,DEAP:S26,T26,1,5.05,1,1,2,6,unexposed,stimulus_relative_context,train,1.0,0.008576143868206487,0.9914238561317935
DEAP:S26:T33,DEAP:S26,T33,0,1.0,1,1,2,6,unexposed,stimulus_relative_context,train,1.0,0.9365067121396246,0.06349328786037549
DEAP:S26:T38,DEAP:S26,T38,0,1.15,1,1,2,6,unexposed,stimulus_relative_context,train,1.0,0.9381550103298718,0.0618449896701282
DEAP:S27:T01,DEAP:S27,T01,1,6.03,1,1,2,6,unexposed,stimulus_relative_context,train,1.0,0.034736000783018084,0.9652639992169819
DEAP:S27:T02,DEAP:S27,T02,1,7.0,1,1,2,6,unexposed,stimulus_relative_context,train,1.0,0.010472588700942809,0.9895274112990572
DEAP:S27:T08,DEAP:S27,T08,1,8.24,1,1,2,6,unexposed,stimulus_relative_context,train,1.0,0.005713307731723516,0.9942866922682765
DEAP:S27:T10,DEAP:S27,T10,1,6.01,1,1,2,6,unexposed,stimulus_relative_context,train,1.0,0.16148005909412666,0.8385199409058733
DEAP:S27:T12,DEAP:S27,T12,0,4.18,1,1,2,6,unexposed,stimulus_relative_context,train,1.0,0.10097080229626665,0.8990291977037334
DEAP:S27:T14,DEAP:S27,T14,1,8.06,1,1,2,6,unexposed,stimulus_relative_context,train,1.0,0.005468023300976177,0.9945319766990238
DEAP:S27:T17,DEAP:S27,T17,1,9.0,1,1,2,6,unexposed,stimulus_relative_context,train,1.0,0.1286367646252473,0.8713632353747527
DEAP:S27:T20,DEAP:S27,T20,1,6.97,1,1,2,6,unexposed,stimulus_relative_context,train,1.0,0.00973012960484676,0.9902698703951532
DEAP:S27:T21,DEAP:S27,T21,1,9.0,1,1,2,6,unexposed,stimulus_relative_context,train,1.0,0.18319709369697101,0.816802906303029
DEAP:S27:T23,DEAP:S27,T23,1,8.0,1,1,2,6,unexposed,stimulus_relative_context,train,1.0,0.648550334015711,0.35144966598428895
DEAP:S27:T25,DEAP:S27,T25,0,4.0,1,1,2,6,unexposed,stimulus_relative_context,train,1.0,0.5104969365606493,0.4895030634393507
DEAP:S27:T26,DEAP:S27,T26,1,5.04,1,1,2,6,unexposed,stimulus_relative_context,train,1.0,0.18056819495580134,0.8194318050441987
DEAP:S27:T33,DEAP:S27,T33,1,5.04,1,1,2,6,unexposed,stimulus_relative_context,train,1.0,0.8377473323717298,0.16225266762827018
DEAP:S27:T35,DEAP:S27,T35,0,1.0,1,1,2,6,unexposed,stimulus_relative_context,train,1.0,0.3760023509342285,0.6239976490657715
DEAP:S27:T37,DEAP:S27,T37,0,2.99,1,1,2,6,unexposed,stimulus_relative_context,train,1.0,0.7569088074084008,0.24309119259159917
DEAP:S28:T01,DEAP:S28,T01,1,7.03,1,1,2,6,unexposed,stimulus_relative_context,train,1.0,0.09054523844643902,0.909454761553561
DEAP:S28:T02,DEAP:S28,T02,1,7.99,1,1,2,6,unexposed,stimulus_relative_context,train,1.0,0.04667411685365708,0.9533258831463429
DEAP:S28:T08,DEAP:S28,T08,1,7.01,1,1,2,6,unexposed,stimulus_relative_context,train,1.0,0.05020761978652821,0.9497923802134718
DEAP:S28:T10,DEAP:S28,T10,1,7.99,1,1,2,6,unexposed,stimulus_relative_context,train,1.0,0.43817717114174093,0.5618228288582591
DEAP:S28:T12,DEAP:S28,T12,1,6.06,1,1,2,6,unexposed,stimulus_relative_context,train,1.0,0.14149980658843497,0.858500193411565
DEAP:S28:T14,DEAP:S28,T14,1,8.03,1,1,2,6,unexposed,stimulus_relative_context,train,1.0,0.11463782821333512,0.8853621717866649
DEAP:S28:T17,DEAP:S28,T17,1,6.99,1,1,2,6,unexposed,stimulus_relative_context,train,1.0,0.4914743396081993,0.5085256603918007
DEAP:S28:T20,DEAP:S28,T20,1,8.04,1,1,2,6,unexposed,stimulus_relative_context,train,1.0,0.048733357580447834,0.9512666424195522
DEAP:S28:T21,DEAP:S28,T21,0,2.01,1,1,2,6,unexposed,stimulus_relative_context,train,1.0,0.8939423933986507,0.10605760660134936
DEAP:S28:T23,DEAP:S28,T23,0,2.03,1,1,2,6,unexposed,stimulus_relative_context,train,1.0,0.9355981837563357,0.06440181624366424
DEAP:S28:T25,DEAP:S28,T25,0,4.06,1,1,2,6,unexposed,stimulus_relative_context,train,1.0,0.7283535254919162,0.2716464745080837
DEAP:S28:T26,DEAP:S28,T26,0,1.99,1,1,2,6,unexposed,stimulus_relative_context,train,1.0,0.6169291684227965,0.38307083157720345
DEAP:S28:T33,DEAP:S28,T33,1,7.01,1,1,2,6,unexposed,stimulus_relative_context,train,1.0,0.47325810774871224,0.5267418922512878
DEAP:S28:T35,DEAP:S28,T35,0,1.08,1,1,2,6,unexposed,stimulus_relative_context,train,1.0,0.8566770725227193,0.14332292747728068
DEAP:S28:T37,DEAP:S28,T37,0,1.01,1,1,2,6,unexposed,stimulus_relative_context,train,1.0,0.7522214317967287,0.24777856820327124
DEAP:S28:T38,DEAP:S28,T38,0,1.96,1,1,2,6,unexposed,stimulus_relative_context,train,1.0,0.9772436798033483,0.022756320196651705
DEAP:S29:T01,DEAP:S29,T01,1,6.06,1,1,2,6,unexposed,stimulus_relative_context,train,1.0,0.2011085056564923,0.7988914943435077
DEAP:S29:T02,DEAP:S29,T02,1,7.05,1,1,2,6,unexposed,stimulus_relative_context,train,1.0,0.024802053870676688,0.9751979461293233
DEAP:S29:T08,DEAP:S29,T08,1,7.04,1,1,2,6,unexposed,stimulus_relative_context,train,1.0,0.03285876783522401,0.967141232164776
DEAP:S29:T10,DEAP:S29,T10,1,7.01,1,1,2,6,unexposed,stimulus_relative_context,train,1.0,0.6340235702488806,0.3659764297511194
DEAP:S29:T12,DEAP:S29,T12,1,6.04,1,1,2,6,unexposed,stimulus_relative_context,train,1.0,0.09176516863200002,0.908234831368
DEAP:S29:T14,DEAP:S29,T14,1,8.06,1,1,2,6,unexposed,stimulus_relative_context,train,1.0,0.018584122741892473,0.9814158772581075
DEAP:S29:T17,DEAP:S29,T17,1,5.08,1,1,2,6,unexposed,stimulus_relative_context,train,1.0,0.35633503252656884,0.6436649674734312
DEAP:S29:T20,DEAP:S29,T20,1,8.03,1,1,2,6,unexposed,stimulus_relative_context,train,1.0,0.083709378367395,0.916290621632605
DEAP:S29:T21,DEAP:S29,T21,0,2.92,1,1,2,6,unexposed,stimulus_relative_context,train,1.0,0.9363615222432592,0.06363847775674082
DEAP:S29:T23,DEAP:S29,T23,0,2.05,1,1,2,6,unexposed,stimulus_relative_context,train,1.0,0.9544585768480307,0.045541423151969324
DEAP:S29:T25,DEAP:S29,T25,0,3.03,1,1,2,6,unexposed,stimulus_relative_context,train,1.0,0.6989306354760794,0.3010693645239206
DEAP:S29:T26,DEAP:S29,T26,0,3.0,1,1,2,6,unexposed,stimulus_relative_context,train,1.0,0.5432406467925283,0.45675935320747174
DEAP:S29:T33,DEAP:S29,T33,0,1.99,1,1,2,6,unexposed,stimulus_relative_context,train,1.0,0.8202616296659502,0.17973837033404982
DEAP:S29:T35,DEAP:S29,T35,0,1.92,1,1,2,6,unexposed,stimulus_relative_context,train,1.0,0.8619298514090917,0.13807014859090824
DEAP:S29:T37,DEAP:S29,T37,1,5.01,1,1,2,6,unexposed,stimulus_relative_context,train,1.0,0.5214257213149901,0.4785742786850099
DEAP:S29:T38,DEAP:S29,T38,0,1.88,1,1,2,6,unexposed,stimulus_relative_context,train,1.0,0.9355541980206774,0.06444580197932265
DEAP:S30:T02,DEAP:S30,T02,1,7.15,1,1,2,6,unexposed,stimulus_relative_context,train,1.0,0.04138612130215391,0.9586138786978461
DEAP:S30:T08,DEAP:S30,T08,1,6.05,1,1,2,6,unexposed,stimulus_relative_context,train,1.0,0.021051033717174428,0.9789489662828256
DEAP:S30:T10,DEAP:S30,T10,1,5.08,1,1,2,6,unexposed,stimulus_relative_context,train,1.0,0.0986152169272595,0.9013847830727405
DEAP:S30:T12,DEAP:S30,T12,1,5.15,1,1,2,6,unexposed,stimulus_relative_context,train,1.0,0.10871155564316148,0.8912884443568385
DEAP:S30:T14,DEAP:S30,T14,1,5.04,1,1,2,6,unexposed,stimulus_relative_context,train,1.0,0.04272175192135408,0.9572782480786459
DEAP:S30:T17,DEAP:S30,T17,1,7.13,1,1,2,6,unexposed,stimulus_relative_context,train,1.0,0.026414766817092983,0.973585233182907
DEAP:S30:T21,DEAP:S30,T21,0,3.05,1,1,2,6,unexposed,stimulus_relative_context,train,1.0,0.7713745462249625,0.22862545377503754
DEAP:S30:T23,DEAP:S30,T23,0,3.0,1,1,2,6,unexposed,stimulus_relative_context,train,1.0,0.9131929891932098,0.08680701080679025
DEAP:S30:T25,DEAP:S30,T25,0,3.92,1,1,2,6,unexposed,stimulus_relative_context,train,1.0,0.6480183662071638,0.3519816337928362
DEAP:S30:T26,DEAP:S30,T26,1,5.01,1,1,2,6,unexposed,stimulus_relative_context,train,1.0,0.4125086927108714,0.5874913072891286
DEAP:S30:T33,DEAP:S30,T33,0,3.91,1,1,2,6,unexposed,stimulus_relative_context,train,1.0,0.6539947470598719,0.3460052529401281
DEAP:S30:T35,DEAP:S30,T35,1,5.04,1,1,2,6,unexposed,stimulus_relative_context,train,1.0,0.52163696837271,0.47836303162729
DEAP:S30:T37,DEAP:S30,T37,0,4.13,1,1,2,6,unexposed,stimulus_relative_context,train,1.0,0.7842148608881435,0.21578513911185646
DEAP:S30:T38,DEAP:S30,T38,1,5.04,1,1,2,6,unexposed,stimulus_relative_context,train,1.0,0.7874355067215091,0.2125644932784909
DEAP:S31:T01,DEAP:S31,T01,1,6.79,1,1,2,6,unexposed,stimulus_relative_context,train,1.0,0.01506112155217576,0.9849388784478242
DEAP:S31:T02,DEAP:S31,T02,1,5.03,1,1,2,6,unexposed,stimulus_relative_context,train,1.0,0.12143358238661917,0.8785664176133808
DEAP:S31:T08,DEAP:S31,T08,1,6.03,1,1,2,6,unexposed,stimulus_relative_context,train,1.0,0.06226233168077577,0.9377376683192242
DEAP:S31:T10,DEAP:S31,T10,0,4.01,1,1,2,6,unexposed,stimulus_relative_context,train,1.0,0.6470528634924315,0.35294713650756854
DEAP:S31:T12,DEAP:S31,T12,1,7.14,1,1,2,6,unexposed,stimulus_relative_context,train,1.0,0.08813140905855454,0.9118685909414455
DEAP:S31:T14,DEAP:S31,T14,1,8.06,1,1,2,6,unexposed,stimulus_relative_context,train,1.0,0.3212063107990111,0.6787936892009889
DEAP:S31:T20,DEAP:S31,T20,1,6.9,1,1,2,6,unexposed,stimulus_relative_context,train,1.0,0.06852323808472138,0.9314767619152786
DEAP:S31:T21,DEAP:S31,T21,1,5.09,1,1,2,6,unexposed,stimulus_relative_context,train,1.0,0.27612873547075567,0.7238712645292443
DEAP:S31:T23,DEAP:S31,T23,0,1.0,1,1,2,6,unexposed,stimulus_relative_context,train,1.0,0.5364323398192443,0.46356766018075574
DEAP:S31:T25,DEAP:S31,T25,1,6.14,1,1,2,6,unexposed,stimulus_relative_context,train,1.0,0.23270478804556494,0.7672952119544351
DEAP:S31:T26,DEAP:S31,T26,1,7.08,1,1,2,6,unexposed,stimulus_relative_context,train,1.0,0.2891310503278943,0.7108689496721057
DEAP:S31:T33,DEAP:S31,T33,0,4.18,1,1,2,6,unexposed,stimulus_relative_context,train,1.0,0.8015425782656284,0.19845742173437164
DEAP:S31:T37,DEAP:S31,T37,0,1.0,1,1,2,6,unexposed,stimulus_relative_context,train,1.0,0.9595683606415173,0.040431639358482686
DEAP:S13:T05,DEAP:S13,T05,1,5.01,1,1,2,6,unexposed,stimulus_relative_context,validation_unseen,1.0,0.07979811059851039,0.9202018894014896
DEAP:S13:T15,DEAP:S13,T15,0,4.94,1,1,2,6,unexposed,stimulus_relative_context,validation_unseen,1.0,0.011790309101796015,0.988209690898204
DEAP:S13:T19,DEAP:S13,T19,1,8.51,1,1,2,6,unexposed,stimulus_relative_context,validation_unseen,1.0,0.0022667924484254254,0.9977332075515746
DEAP:S13:T27,DEAP:S13,T27,1,5.47,1,1,2,6,unexposed,stimulus_relative_context,validation_unseen,1.0,0.04104498966653081,0.9589550103334692
DEAP:S13:T28,DEAP:S13,T28,1,7.08,1,1,2,6,unexposed,stimulus_relative_context,validation_unseen,1.0,0.002680977774860649,0.9973190222251394
DEAP:S13:T29,DEAP:S13,T29,0,4.04,1,1,2,6,unexposed,stimulus_relative_context,validation_unseen,1.0,0.003170101924179103,0.9968298980758209
DEAP:S13:T30,DEAP:S13,T30,0,3.05,1,1,2,6,unexposed,stimulus_relative_context,validation_unseen,1.0,0.052618654225287886,0.9473813457747121
DEAP:S13:T32,DEAP:S13,T32,0,4.05,1,1,2,6,unexposed,stimulus_relative_context,validation_unseen,1.0,0.01706022483835934,0.9829397751616407
DEAP:S15:T05,DEAP:S15,T05,1,9.0,1,1,2,6,unexposed,stimulus_relative_context,validation_unseen,1.0,0.8690839806707653,0.13091601932923463
DEAP:S15:T15,DEAP:S15,T15,1,8.12,1,1,2,6,unexposed,stimulus_relative_context,validation_unseen,1.0,0.18531247693299124,0.8146875230670088
DEAP:S15:T19,DEAP:S15,T19,1,7.04,1,1,2,6,unexposed,stimulus_relative_context,validation_unseen,1.0,0.3566893958601801,0.6433106041398199
DEAP:S15:T27,DEAP:S15,T27,1,6.0,1,1,2,6,unexposed,stimulus_relative_context,validation_unseen,1.0,0.9994550718422409,0.0005449281577590987
DEAP:S15:T28,DEAP:S15,T28,0,4.01,1,1,2,6,unexposed,stimulus_relative_context,validation_unseen,1.0,0.9884408252710711,0.011559174728928817
DEAP:S15:T29,DEAP:S15,T29,0,4.05,1,1,2,6,unexposed,stimulus_relative_context,validation_unseen,1.0,0.9983390552861743,0.0016609447138256925
DEAP:S15:T30,DEAP:S15,T30,0,2.04,1,1,2,6,unexposed,stimulus_relative_context,validation_unseen,1.0,0.7897447823791776,0.21025521762082247
DEAP:S15:T32,DEAP:S15,T32,0,3.97,1,1,2,6,unexposed,stimulus_relative_context,validation_unseen,1.0,0.4398802887055566,0.5601197112944434
DEAP:S24:T05,DEAP:S24,T05,1,7.06,1,1,2,6,unexposed,stimulus_relative_context,validation_unseen,1.0,0.05208011420741243,0.9479198857925876
DEAP:S24:T15,DEAP:S24,T15,1,6.0,1,1,2,6,unexposed,stimulus_relative_context,validation_unseen,1.0,0.19862591656406592,0.8013740834359341
DEAP:S24:T19,DEAP:S24,T19,1,7.03,1,1,2,6,unexposed,stimulus_relative_context,validation_unseen,1.0,0.057995519494986825,0.9420044805050132
DEAP:S24:T27,DEAP:S24,T27,1,6.08,1,1,2,6,unexposed,stimulus_relative_context,validation_unseen,1.0,0.014249900749229494,0.9857500992507705
DEAP:S24:T28,DEAP:S24,T28,0,4.03,1,1,2,6,unexposed,stimulus_relative_context,validation_unseen,1.0,0.10058016043530638,0.8994198395646936
DEAP:S24:T29,DEAP:S24,T29,0,3.97,1,1,2,6,unexposed,stimulus_relative_context,validation_unseen,1.0,0.23175580580369548,0.7682441941963045
DEAP:S24:T30,DEAP:S24,T30,0,1.0,1,1,2,6,unexposed,stimulus_relative_context,validation_unseen,1.0,0.20580776526220057,0.7941922347377994
DEAP:S24:T32,DEAP:S24,T32,0,3.0,1,1,2,6,unexposed,stimulus_relative_context,validation_unseen,1.0,0.05289723902636345,0.9471027609736365
DEAP:S32:T05,DEAP:S32,T05,1,7.15,1,1,2,6,unexposed,stimulus_relative_context,validation_unseen,1.0,0.22331645184129278,0.7766835481587072
DEAP:S32:T15,DEAP:S32,T15,1,5.01,1,1,2,6,unexposed,stimulus_relative_context,validation_unseen,1.0,0.24250543256276258,0.7574945674372374
DEAP:S32:T19,DEAP:S32,T19,1,8.24,1,1,2,6,unexposed,stimulus_relative_context,validation_unseen,1.0,0.39029916365884665,0.6097008363411534
DEAP:S32:T27,DEAP:S32,T27,1,6.0,1,1,2,6,unexposed,stimulus_relative_context,validation_unseen,1.0,0.06748007846233095,0.932519921537669
DEAP:S32:T28,DEAP:S32,T28,1,6.03,1,1,2,6,unexposed,stimulus_relative_context,validation_unseen,1.0,0.7357413982736376,0.2642586017263624
DEAP:S32:T29,DEAP:S32,T29,0,4.09,1,1,2,6,unexposed,stimulus_relative_context,validation_unseen,1.0,0.08404794415852912,0.9159520558414709
DEAP:S32:T30,DEAP:S32,T30,0,1.0,1,1,2,6,unexposed,stimulus_relative_context,validation_unseen,1.0,0.010773274465379568,0.9892267255346204
DEAP:S32:T32,DEAP:S32,T32,0,3.87,1,1,2,6,unexposed,stimulus_relative_context,validation_unseen,1.0,0.07768457606587109,0.9223154239341289
DEAP:S13:T01,DEAP:S13,T01,1,6.15,1,1,2,6,unexposed,stimulus_relative_context,validation_familiar,1.0,0.0026384285695993936,0.9973615714304006
DEAP:S13:T02,DEAP:S13,T02,0,4.03,1,1,2,6,unexposed,stimulus_relative_context,validation_familiar,1.0,0.0027044043325679112,0.9972955956674321
DEAP:S13:T08,DEAP:S13,T08,1,7.99,1,1,2,6,unexposed,stimulus_relative_context,validation_familiar,1.0,0.0029263172067377496,0.9970736827932623
DEAP:S13:T10,DEAP:S13,T10,0,4.01,1,1,2,6,unexposed,stimulus_relative_context,validation_familiar,1.0,0.06635276045734306,0.9336472395426569
DEAP:S13:T12,DEAP:S13,T12,1,5.08,1,1,2,6,unexposed,stimulus_relative_context,validation_familiar,1.0,0.0005209997195405602,0.9994790002804594
DEAP:S13:T14,DEAP:S13,T14,1,7.97,1,1,2,6,unexposed,stimulus_relative_context,validation_familiar,1.0,0.004813812061353562,0.9951861879386464
DEAP:S13:T17,DEAP:S13,T17,1,5.99,1,1,2,6,unexposed,stimulus_relative_context,validation_familiar,1.0,0.02233874624740506,0.9776612537525949
DEAP:S13:T20,DEAP:S13,T20,1,7.6,1,1,2,6,unexposed,stimulus_relative_context,validation_familiar,1.0,0.0018223658140222865,0.9981776341859777
DEAP:S13:T21,DEAP:S13,T21,0,2.0,1,1,2,6,unexposed,stimulus_relative_context,validation_familiar,1.0,0.11598857459427825,0.8840114254057218
DEAP:S13:T23,DEAP:S13,T23,0,1.0,1,1,2,6,unexposed,stimulus_relative_context,validation_familiar,1.0,0.3142997836591509,0.6857002163408491
DEAP:S13:T25,DEAP:S13,T25,0,3.97,1,1,2,6,unexposed,stimulus_relative_context,validation_familiar,1.0,0.12169747076550863,0.8783025292344914
DEAP:S13:T26,DEAP:S13,T26,1,5.04,1,1,2,6,unexposed,stimulus_relative_context,validation_familiar,1.0,0.07367342763262286,0.9263265723673771
DEAP:S13:T33,DEAP:S13,T33,0,4.55,1,1,2,6,unexposed,stimulus_relative_context,validation_familiar,1.0,0.1612398239167918,0.8387601760832082
DEAP:S13:T35,DEAP:S13,T35,0,1.0,1,1,2,6,unexposed,stimulus_relative_context,validation_familiar,1.0,0.46861212729581614,0.5313878727041839
DEAP:S13:T37,DEAP:S13,T37,0,1.0,1,1,2,6,unexposed,stimulus_relative_context,validation_familiar,1.0,0.10904079227216867,0.8909592077278313
DEAP:S13:T38,DEAP:S13,T38,0,1.0,1,1,2,6,unexposed,stimulus_relative_context,validation_familiar,1.0,0.15072525853369456,0.8492747414663054
DEAP:S15:T01,DEAP:S15,T01,1,8.9,1,1,2,6,unexposed,stimulus_relative_context,validation_familiar,1.0,0.7755892348597085,0.22441076514029146
DEAP:S15:T02,DEAP:S15,T02,1,5.04,1,1,2,6,unexposed,stimulus_relative_context,validation_familiar,1.0,0.6171216580529115,0.38287834194708853
DEAP:S15:T08,DEAP:S15,T08,1,9.0,1,1,2,6,unexposed,stimulus_relative_context,validation_familiar,1.0,0.8984793878747546,0.1015206121252454
DEAP:S15:T10,DEAP:S15,T10,0,4.99,1,1,2,6,unexposed,stimulus_relative_context,validation_familiar,1.0,0.8919891493941361,0.10801085060586392
DEAP:S15:T12,DEAP:S15,T12,1,7.08,1,1,2,6,unexposed,stimulus_relative_context,validation_familiar,1.0,0.9722831206086264,0.0277168793913736
DEAP:S15:T14,DEAP:S15,T14,1,8.15,1,1,2,6,unexposed,stimulus_relative_context,validation_familiar,1.0,0.9638295161746965,0.03617048382530357
DEAP:S15:T17,DEAP:S15,T17,1,8.1,1,1,2,6,unexposed,stimulus_relative_context,validation_familiar,1.0,0.9738536228726953,0.026146377127304728
DEAP:S15:T20,DEAP:S15,T20,1,7.97,1,1,2,6,unexposed,stimulus_relative_context,validation_familiar,1.0,0.9742656706574785,0.025734329342521494
DEAP:S15:T21,DEAP:S15,T21,0,3.09,1,1,2,6,unexposed,stimulus_relative_context,validation_familiar,1.0,0.9870156547250849,0.01298434527491507
DEAP:S15:T23,DEAP:S15,T23,0,3.05,1,1,2,6,unexposed,stimulus_relative_context,validation_familiar,1.0,0.9997409758231981,0.0002590241768019257
DEAP:S15:T25,DEAP:S15,T25,0,2.96,1,1,2,6,unexposed,stimulus_relative_context,validation_familiar,1.0,0.9468825320363654,0.05311746796363456
DEAP:S15:T26,DEAP:S15,T26,0,4.96,1,1,2,6,unexposed,stimulus_relative_context,validation_familiar,1.0,0.9797394826273906,0.02026051737260932
DEAP:S15:T33,DEAP:S15,T33,0,3.01,1,1,2,6,unexposed,stimulus_relative_context,validation_familiar,1.0,0.9929311451216871,0.00706885487831289
DEAP:S15:T35,DEAP:S15,T35,1,5.05,1,1,2,6,unexposed,stimulus_relative_context,validation_familiar,1.0,0.8106542026338519,0.18934579736614804
DEAP:S15:T37,DEAP:S15,T37,0,3.04,1,1,2,6,unexposed,stimulus_relative_context,validation_familiar,1.0,0.996612525998319,0.0033874740016810955
DEAP:S15:T38,DEAP:S15,T38,0,2.08,1,1,2,6,unexposed,stimulus_relative_context,validation_familiar,1.0,0.24748603337794084,0.7525139666220592
DEAP:S24:T01,DEAP:S24,T01,1,7.06,1,1,2,6,unexposed,stimulus_relative_context,validation_familiar,1.0,0.019985307144880893,0.9800146928551191
DEAP:S24:T02,DEAP:S24,T02,1,6.04,1,1,2,6,unexposed,stimulus_relative_context,validation_familiar,1.0,0.014009917323212995,0.985990082676787
DEAP:S24:T08,DEAP:S24,T08,1,7.03,1,1,2,6,unexposed,stimulus_relative_context,validation_familiar,1.0,0.00385675852180023,0.9961432414781998
DEAP:S24:T10,DEAP:S24,T10,1,5.01,1,1,2,6,unexposed,stimulus_relative_context,validation_familiar,1.0,0.012047691960614615,0.9879523080393854
DEAP:S24:T12,DEAP:S24,T12,1,7.04,1,1,2,6,unexposed,stimulus_relative_context,validation_familiar,1.0,0.032920401534491606,0.9670795984655084
DEAP:S24:T14,DEAP:S24,T14,1,8.05,1,1,2,6,unexposed,stimulus_relative_context,validation_familiar,1.0,0.01184863309559403,0.988151366904406
DEAP:S24:T17,DEAP:S24,T17,0,4.08,1,1,2,6,unexposed,stimulus_relative_context,validation_familiar,1.0,0.02730198394166361,0.9726980160583364
DEAP:S24:T20,DEAP:S24,T20,0,4.03,1,1,2,6,unexposed,stimulus_relative_context,validation_familiar,1.0,0.001083456155473006,0.998916543844527
DEAP:S24:T21,DEAP:S24,T21,0,1.96,1,1,2,6,unexposed,stimulus_relative_context,validation_familiar,1.0,0.3643068369821001,0.6356931630178999
DEAP:S24:T23,DEAP:S24,T23,0,1.0,1,1,2,6,unexposed,stimulus_relative_context,validation_familiar,1.0,0.4917517424223734,0.5082482575776266
DEAP:S24:T25,DEAP:S24,T25,0,3.12,1,1,2,6,unexposed,stimulus_relative_context,validation_familiar,1.0,0.6798731918598302,0.32012680814016975
DEAP:S24:T26,DEAP:S24,T26,0,4.05,1,1,2,6,unexposed,stimulus_relative_context,validation_familiar,1.0,0.18059935173303343,0.8194006482669666
DEAP:S24:T33,DEAP:S24,T33,1,5.01,1,1,2,6,unexposed,stimulus_relative_context,validation_familiar,1.0,0.3879546199203078,0.6120453800796922
DEAP:S24:T35,DEAP:S24,T35,0,4.05,1,1,2,6,unexposed,stimulus_relative_context,validation_familiar,1.0,0.7584516413801724,0.24154835861982762
DEAP:S24:T37,DEAP:S24,T37,0,4.0,1,1,2,6,unexposed,stimulus_relative_context,validation_familiar,1.0,0.6005143118361307,0.39948568816386937
DEAP:S24:T38,DEAP:S24,T38,0,2.03,1,1,2,6,unexposed,stimulus_relative_context,validation_familiar,1.0,0.8402958797078686,0.15970412029213138
DEAP:S32:T01,DEAP:S32,T01,1,8.13,1,1,2,6,unexposed,stimulus_relative_context,validation_familiar,1.0,0.3161981007305428,0.6838018992694572
DEAP:S32:T02,DEAP:S32,T02,0,4.99,1,1,2,6,unexposed,stimulus_relative_context,validation_familiar,1.0,0.0075263327016811266,0.9924736672983189
DEAP:S32:T08,DEAP:S32,T08,1,7.96,1,1,2,6,unexposed,stimulus_relative_context,validation_familiar,1.0,0.02567542861309402,0.974324571386906
DEAP:S32:T10,DEAP:S32,T10,0,4.08,1,1,2,6,unexposed,stimulus_relative_context,validation_familiar,1.0,0.029498110953271595,0.9705018890467284
DEAP:S32:T12,DEAP:S32,T12,1,7.31,1,1,2,6,unexposed,stimulus_relative_context,validation_familiar,1.0,0.16255781468349162,0.8374421853165084
DEAP:S32:T14,DEAP:S32,T14,1,7.1,1,1,2,6,unexposed,stimulus_relative_context,validation_familiar,1.0,0.10351934188514145,0.8964806581148586
DEAP:S32:T17,DEAP:S32,T17,1,6.09,1,1,2,6,unexposed,stimulus_relative_context,validation_familiar,1.0,0.5601498075781657,0.4398501924218344
DEAP:S32:T20,DEAP:S32,T20,1,6.03,1,1,2,6,unexposed,stimulus_relative_context,validation_familiar,1.0,0.09657141631426802,0.903428583685732
DEAP:S32:T21,DEAP:S32,T21,0,4.12,1,1,2,6,unexposed,stimulus_relative_context,validation_familiar,1.0,0.9231256000138118,0.07687439998618821
DEAP:S32:T23,DEAP:S32,T23,0,3.01,1,1,2,6,unexposed,stimulus_relative_context,validation_familiar,1.0,0.9469348530251711,0.05306514697482892
DEAP:S32:T25,DEAP:S32,T25,0,4.01,1,1,2,6,unexposed,stimulus_relative_context,validation_familiar,1.0,0.592675952238487,0.40732404776151304
DEAP:S32:T26,DEAP:S32,T26,1,5.14,1,1,2,6,unexposed,stimulus_relative_context,validation_familiar,1.0,0.53275023171124,0.4672497682887599
DEAP:S32:T33,DEAP:S32,T33,0,4.06,1,1,2,6,unexposed,stimulus_relative_context,validation_familiar,1.0,0.1096837949115157,0.8903162050884843
DEAP:S32:T35,DEAP:S32,T35,0,3.88,1,1,2,6,unexposed,stimulus_relative_context,validation_familiar,1.0,0.9031950086978813,0.09680499130211877
DEAP:S32:T37,DEAP:S32,T37,0,2.81,1,1,2,6,unexposed,stimulus_relative_context,validation_familiar,1.0,0.08633675626727821,0.9136632437327218
DEAP:S32:T38,DEAP:S32,T38,0,3.05,1,1,2,6,unexposed,stimulus_relative_context,validation_familiar,1.0,0.41969598673530806,0.5803040132646919
DEAP:S01:T01,DEAP:S01,T01,1,7.71,1,1,2,6,unexposed,stimulus_relative_context,train,10.0,0.030370083765820288,0.9696299162341797
DEAP:S01:T02,DEAP:S01,T02,1,8.1,1,1,2,6,unexposed,stimulus_relative_context,train,10.0,0.04632347779578505,0.953676522204215
DEAP:S01:T08,DEAP:S01,T08,1,7.32,1,1,2,6,unexposed,stimulus_relative_context,train,10.0,0.0589425308969207,0.9410574691030793
DEAP:S01:T10,DEAP:S01,T10,0,1.99,1,1,2,6,unexposed,stimulus_relative_context,train,10.0,0.8501543758961689,0.14984562410383112
DEAP:S01:T12,DEAP:S01,T12,0,2.71,1,1,2,6,unexposed,stimulus_relative_context,train,10.0,0.3933935809903476,0.6066064190096524
DEAP:S01:T14,DEAP:S01,T14,0,4.18,1,1,2,6,unexposed,stimulus_relative_context,train,10.0,0.858542515680019,0.14145748431998098
DEAP:S01:T17,DEAP:S01,T17,0,2.46,1,1,2,6,unexposed,stimulus_relative_context,train,10.0,0.7891561078128286,0.21084389218717137
DEAP:S01:T20,DEAP:S01,T20,1,8.26,1,1,2,6,unexposed,stimulus_relative_context,train,10.0,0.00017079614243520336,0.9998292038575648
DEAP:S01:T21,DEAP:S01,T21,1,9.0,1,1,2,6,unexposed,stimulus_relative_context,train,10.0,0.21391281465459533,0.7860871853454047
DEAP:S01:T23,DEAP:S01,T23,1,8.15,1,1,2,6,unexposed,stimulus_relative_context,train,10.0,0.8965604393803506,0.10343956061964941
DEAP:S01:T25,DEAP:S01,T25,1,8.86,1,1,2,6,unexposed,stimulus_relative_context,train,10.0,0.08120855018898032,0.9187914498110197
DEAP:S01:T26,DEAP:S01,T26,1,7.28,1,1,2,6,unexposed,stimulus_relative_context,train,10.0,0.1920300315206077,0.8079699684793923
DEAP:S01:T33,DEAP:S01,T33,0,3.81,1,1,2,6,unexposed,stimulus_relative_context,train,10.0,0.9648362868122551,0.035163713187744916
DEAP:S01:T35,DEAP:S01,T35,0,2.06,1,1,2,6,unexposed,stimulus_relative_context,train,10.0,0.9349218846186098,0.06507811538139024
DEAP:S01:T38,DEAP:S01,T38,0,3.33,1,1,2,6,unexposed,stimulus_relative_context,train,10.0,0.9470399407871777,0.052960059212822354
DEAP:S03:T01,DEAP:S03,T01,1,5.33,1,1,2,6,unexposed,stimulus_relative_context,train,10.0,0.12151294416252334,0.8784870558374767
DEAP:S03:T02,DEAP:S03,T02,1,7.21,1,1,2,6,unexposed,stimulus_relative_context,train,10.0,0.1362796024366435,0.8637203975633565
DEAP:S03:T08,DEAP:S03,T08,1,7.14,1,1,2,6,unexposed,stimulus_relative_context,train,10.0,0.010298994027796882,0.9897010059722031
DEAP:S03:T10,DEAP:S03,T10,0,4.45,1,1,2,6,unexposed,stimulus_relative_context,train,10.0,0.6776341395925958,0.32236586040740417
DEAP:S03:T12,DEAP:S03,T12,1,6.36,1,1,2,6,unexposed,stimulus_relative_context,train,10.0,0.30078811857803334,0.6992118814219667
DEAP:S03:T14,DEAP:S03,T14,1,7.29,1,1,2,6,unexposed,stimulus_relative_context,train,10.0,0.07930144475806433,0.9206985552419357
DEAP:S03:T17,DEAP:S03,T17,0,4.56,1,1,2,6,unexposed,stimulus_relative_context,train,10.0,0.8109126065341039,0.18908739346589612
DEAP:S03:T20,DEAP:S03,T20,1,6.26,1,1,2,6,unexposed,stimulus_relative_context,train,10.0,0.020061655074709583,0.9799383449252904
DEAP:S03:T21,DEAP:S03,T21,0,4.99,1,1,2,6,unexposed,stimulus_relative_context,train,10.0,0.5853082197239774,0.4146917802760226
DEAP:S03:T23,DEAP:S03,T23,0,3.65,1,1,2,6,unexposed,stimulus_relative_context,train,10.0,0.8056024488028191,0.194397551197181
DEAP:S03:T25,DEAP:S03,T25,0,3.45,1,1,2,6,unexposed,stimulus_relative_context,train,10.0,0.8855297448106922,0.11447025518930774
DEAP:S03:T33,DEAP:S03,T33,0,4.05,1,1,2,6,unexposed,stimulus_relative_context,train,10.0,0.9132051534102101,0.08679484658978986
DEAP:S03:T37,DEAP:S03,T37,0,4.92,1,1,2,6,unexposed,stimulus_relative_context,train,10.0,0.9921711199144847,0.00782888008551526
DEAP:S03:T38,DEAP:S03,T38,0,4.53,1,1,2,6,unexposed,stimulus_relative_context,train,10.0,0.9802307138830839,0.019769286116916078
DEAP:S04:T01,DEAP:S04,T01,1,6.68,1,1,2,6,unexposed,stimulus_relative_context,train,10.0,0.091401886259593,0.908598113740407
DEAP:S04:T02,DEAP:S04,T02,0,4.06,1,1,2,6,unexposed,stimulus_relative_context,train,10.0,0.05187622915918977,0.9481237708408102
DEAP:S04:T10,DEAP:S04,T10,0,3.15,1,1,2,6,unexposed,stimulus_relative_context,train,10.0,0.5866222738497902,0.41337772615020985
DEAP:S04:T12,DEAP:S04,T12,1,5.04,1,1,2,6,unexposed,stimulus_relative_context,train,10.0,0.07859805596572034,0.9214019440342797
DEAP:S04:T14,DEAP:S04,T14,1,6.96,1,1,2,6,unexposed,stimulus_relative_context,train,10.0,0.05685715590881768,0.9431428440911823
DEAP:S04:T17,DEAP:S04,T17,1,7.01,1,1,2,6,unexposed,stimulus_relative_context,train,10.0,0.35807386026045906,0.6419261397395409
DEAP:S04:T20,DEAP:S04,T20,1,8.17,1,1,2,6,unexposed,stimulus_relative_context,train,10.0,0.015644228916003367,0.9843557710839966
DEAP:S04:T21,DEAP:S04,T21,0,1.77,1,1,2,6,unexposed,stimulus_relative_context,train,10.0,0.9964616076452482,0.0035383923547518603
DEAP:S04:T23,DEAP:S04,T23,0,1.86,1,1,2,6,unexposed,stimulus_relative_context,train,10.0,0.987819539163859,0.01218046083614097
DEAP:S04:T25,DEAP:S04,T25,1,7.0,1,1,2,6,unexposed,stimulus_relative_context,train,10.0,0.7387853002776432,0.2612146997223568
DEAP:S04:T26,DEAP:S04,T26,1,6.0,1,1,2,6,unexposed,stimulus_relative_context,train,10.0,0.6404461054318533,0.3595538945681467
DEAP:S04:T33,DEAP:S04,T33,0,1.0,1,1,2,6,unexposed,stimulus_relative_context,train,10.0,0.5301890915835874,0.46981090841641254
DEAP:S04:T35,DEAP:S04,T35,0,2.03,1,1,2,6,unexposed,stimulus_relative_context,train,10.0,0.9998383749730528,0.00016162502694718159
DEAP:S04:T37,DEAP:S04,T37,0,1.0,1,1,2,6,unexposed,stimulus_relative_context,train,10.0,0.977755079012455,0.02224492098754507
DEAP:S04:T38,DEAP:S04,T38,0,1.79,1,1,2,6,unexposed,stimulus_relative_context,train,10.0,0.9886671297688083,0.011332870231191712
DEAP:S07:T01,DEAP:S07,T01,1,8.1,1,1,2,6,unexposed,stimulus_relative_context,train,10.0,0.004749726483558869,0.9952502735164411
DEAP:S07:T02,DEAP:S07,T02,1,7.15,1,1,2,6,unexposed,stimulus_relative_context,train,10.0,0.001952470865714595,0.9980475291342854
DEAP:S07:T08,DEAP:S07,T08,1,7.0,1,1,2,6,unexposed,stimulus_relative_context,train,10.0,2.9132108767315756e-05,0.9999708678912327
DEAP:S07:T10,DEAP:S07,T10,1,7.09,1,1,2,6,unexposed,stimulus_relative_context,train,10.0,0.040902194003501924,0.9590978059964981
DEAP:S07:T12,DEAP:S07,T12,1,6.99,1,1,2,6,unexposed,stimulus_relative_context,train,10.0,0.03903780733357265,0.9609621926664274
DEAP:S07:T14,DEAP:S07,T14,1,7.09,1,1,2,6,unexposed,stimulus_relative_context,train,10.0,0.1803103108406945,0.8196896891593055
DEAP:S07:T20,DEAP:S07,T20,1,8.06,1,1,2,6,unexposed,stimulus_relative_context,train,10.0,8.373967738817267e-05,0.9999162603226118
DEAP:S07:T21,DEAP:S07,T21,0,3.12,1,1,2,6,unexposed,stimulus_relative_context,train,10.0,0.9998811640755372,0.00011883592446284716
DEAP:S07:T23,DEAP:S07,T23,0,3.01,1,1,2,6,unexposed,stimulus_relative_context,train,10.0,0.9783428840479064,0.021657115952093662
DEAP:S07:T25,DEAP:S07,T25,0,2.99,1,1,2,6,unexposed,stimulus_relative_context,train,10.0,0.6251400639475515,0.37485993605244855
DEAP:S07:T26,DEAP:S07,T26,0,2.0,1,1,2,6,unexposed,stimulus_relative_context,train,10.0,0.9529819337043461,0.0470180662956539
DEAP:S07:T33,DEAP:S07,T33,0,4.97,1,1,2,6,unexposed,stimulus_relative_context,train,10.0,0.5299043832809156,0.47009561671908445
DEAP:S07:T35,DEAP:S07,T35,1,5.01,1,1,2,6,unexposed,stimulus_relative_context,train,10.0,0.45931909429899,0.54068090570101
DEAP:S07:T37,DEAP:S07,T37,1,5.05,1,1,2,6,unexposed,stimulus_relative_context,train,10.0,0.1450430263356628,0.8549569736643372
DEAP:S07:T38,DEAP:S07,T38,1,5.03,1,1,2,6,unexposed,stimulus_relative_context,train,10.0,0.3782300906326348,0.6217699093673652
DEAP:S08:T01,DEAP:S08,T01,1,7.6,1,1,2,6,unexposed,stimulus_relative_context,train,10.0,0.21975464131898126,0.7802453586810187
DEAP:S08:T02,DEAP:S08,T02,1,5.04,1,1,2,6,unexposed,stimulus_relative_context,train,10.0,0.007081459948638624,0.9929185400513614
DEAP:S08:T08,DEAP:S08,T08,1,8.82,1,1,2,6,unexposed,stimulus_relative_context,train,10.0,0.06620582250925489,0.9337941774907451
DEAP:S08:T10,DEAP:S08,T10,0,4.97,1,1,2,6,unexposed,stimulus_relative_context,train,10.0,0.6108358553361659,0.38916414466383414
DEAP:S08:T12,DEAP:S08,T12,1,8.47,1,1,2,6,unexposed,stimulus_relative_context,train,10.0,0.5849655021939085,0.4150344978060915
DEAP:S08:T14,DEAP:S08,T14,1,6.88,1,1,2,6,unexposed,stimulus_relative_context,train,10.0,0.1714400273161344,0.8285599726838656
DEAP:S08:T17,DEAP:S08,T17,1,6.67,1,1,2,6,unexposed,stimulus_relative_context,train,10.0,0.010770631545476195,0.9892293684545238
DEAP:S08:T20,DEAP:S08,T20,1,6.74,1,1,2,6,unexposed,stimulus_relative_context,train,10.0,0.012385539735197404,0.9876144602648026
DEAP:S08:T21,DEAP:S08,T21,0,4.68,1,1,2,6,unexposed,stimulus_relative_context,train,10.0,0.9637926023716994,0.03620739762830065
DEAP:S08:T23,DEAP:S08,T23,0,3.59,1,1,2,6,unexposed,stimulus_relative_context,train,10.0,0.9729322414036369,0.027067758596363175
DEAP:S08:T25,DEAP:S08,T25,0,3.72,1,1,2,6,unexposed,stimulus_relative_context,train,10.0,0.8801938731596601,0.11980612684033987
DEAP:S08:T26,DEAP:S08,T26,0,4.99,1,1,2,6,unexposed,stimulus_relative_context,train,10.0,0.9871939147978969,0.012806085202103147
DEAP:S08:T33,DEAP:S08,T33,0,4.44,1,1,2,6,unexposed,stimulus_relative_context,train,10.0,0.7477578340722888,0.25224216592771126
DEAP:S08:T35,DEAP:S08,T35,0,3.62,1,1,2,6,unexposed,stimulus_relative_context,train,10.0,0.9361047382351917,0.06389526176480831
DEAP:S08:T37,DEAP:S08,T37,1,5.06,1,1,2,6,unexposed,stimulus_relative_context,train,10.0,0.7456070373368617,0.25439296266313827
DEAP:S08:T38,DEAP:S08,T38,0,4.72,1,1,2,6,unexposed,stimulus_relative_context,train,10.0,0.5367227880807595,0.4632772119192405
DEAP:S09:T01,DEAP:S09,T01,1,5.05,1,1,2,6,unexposed,stimulus_relative_context,train,10.0,0.09685513350301111,0.9031448664969889
DEAP:S09:T02,DEAP:S09,T02,1,7.08,1,1,2,6,unexposed,stimulus_relative_context,train,10.0,0.19787078899340294,0.8021292110065971
DEAP:S09:T08,DEAP:S09,T08,1,6.15,1,1,2,6,unexposed,stimulus_relative_context,train,10.0,0.15175597159706378,0.8482440284029362
DEAP:S09:T10,DEAP:S09,T10,0,3.94,1,1,2,6,unexposed,stimulus_relative_context,train,10.0,0.48374967594757246,0.5162503240524275
DEAP:S09:T12,DEAP:S09,T12,1,7.08,1,1,2,6,unexposed,stimulus_relative_context,train,10.0,0.012930844694913679,0.9870691553050863
DEAP:S09:T14,DEAP:S09,T14,1,7.0,1,1,2,6,unexposed,stimulus_relative_context,train,10.0,0.008777172692875923,0.9912228273071241
DEAP:S09:T17,DEAP:S09,T17,1,6.03,1,1,2,6,unexposed,stimulus_relative_context,train,10.0,0.20320636329805974,0.7967936367019403
DEAP:S09:T20,DEAP:S09,T20,1,5.12,1,1,2,6,unexposed,stimulus_relative_context,train,10.0,0.0840259358496529,0.9159740641503471
DEAP:S09:T21,DEAP:S09,T21,0,4.04,1,1,2,6,unexposed,stimulus_relative_context,train,10.0,0.9992569719506534,0.0007430280493465359
DEAP:S09:T25,DEAP:S09,T25,1,5.04,1,1,2,6,unexposed,stimulus_relative_context,train,10.0,0.7659183067104866,0.23408169328951342
DEAP:S09:T26,DEAP:S09,T26,0,4.1,1,1,2,6,unexposed,stimulus_relative_context,train,10.0,0.7846815644730124,0.2153184355269876
DEAP:S09:T33,DEAP:S09,T33,0,3.08,1,1,2,6,unexposed,stimulus_relative_context,train,10.0,0.9977635703578308,0.0022364296421691775
DEAP:S09:T35,DEAP:S09,T35,0,3.01,1,1,2,6,unexposed,stimulus_relative_context,train,10.0,0.7276448876488373,0.27235511235116266
DEAP:S09:T37,DEAP:S09,T37,0,2.99,1,1,2,6,unexposed,stimulus_relative_context,train,10.0,0.8710922748382031,0.12890772516179688
DEAP:S09:T38,DEAP:S09,T38,0,2.92,1,1,2,6,unexposed,stimulus_relative_context,train,10.0,0.8443932373900163,0.1556067626099837
DEAP:S10:T01,DEAP:S10,T01,1,7.91,1,1,2,6,unexposed,stimulus_relative_context,train,10.0,0.004653990380072082,0.9953460096199279
DEAP:S10:T02,DEAP:S10,T02,0,3.55,1,1,2,6,unexposed,stimulus_relative_context,train,10.0,0.6494661867775857,0.3505338132224143
DEAP:S10:T08,DEAP:S10,T08,1,5.68,1,1,2,6,unexposed,stimulus_relative_context,train,10.0,0.15619883932557022,0.8438011606744298
DEAP:S10:T10,DEAP:S10,T10,1,5.94,1,1,2,6,unexposed,stimulus_relative_context,train,10.0,0.2795200969419087,0.7204799030580913
DEAP:S10:T12,DEAP:S10,T12,1,5.37,1,1,2,6,unexposed,stimulus_relative_context,train,10.0,0.07037461197884387,0.9296253880211561
DEAP:S10:T14,DEAP:S10,T14,1,8.81,1,1,2,6,unexposed,stimulus_relative_context,train,10.0,0.6498170993996164,0.35018290060038354
DEAP:S10:T17,DEAP:S10,T17,0,4.95,1,1,2,6,unexposed,stimulus_relative_context,train,10.0,0.8737803291332962,0.12621967086670385
DEAP:S10:T20,DEAP:S10,T20,1,5.58,1,1,2,6,unexposed,stimulus_relative_context,train,10.0,0.022335390672158617,0.9776646093278414
DEAP:S10:T26,DEAP:S10,T26,0,4.95,1,1,2,6,unexposed,stimulus_relative_context,train,10.0,0.8203105377028477,0.17968946229715227
DEAP:S10:T33,DEAP:S10,T33,0,4.94,1,1,2,6,unexposed,stimulus_relative_context,train,10.0,0.8410457890838224,0.15895421091617754
DEAP:S10:T35,DEAP:S10,T35,0,1.38,1,1,2,6,unexposed,stimulus_relative_context,train,10.0,0.7660738357021024,0.2339261642978976
DEAP:S10:T37,DEAP:S10,T37,0,2.92,1,1,2,6,unexposed,stimulus_relative_context,train,10.0,0.8485162245584068,0.15148377544159317
DEAP:S10:T38,DEAP:S10,T38,0,1.91,1,1,2,6,unexposed,stimulus_relative_context,train,10.0,0.967609620595041,0.03239037940495899
DEAP:S11:T01,DEAP:S11,T01,1,6.27,1,1,2,6,unexposed,stimulus_relative_context,train,10.0,0.0036241239390895075,0.9963758760609105
DEAP:S11:T02,DEAP:S11,T02,1,5.67,1,1,2,6,unexposed,stimulus_relative_context,train,10.0,0.0019430271053013648,0.9980569728946986
DEAP:S11:T08,DEAP:S11,T08,1,6.26,1,1,2,6,unexposed,stimulus_relative_context,train,10.0,0.0021970892889618954,0.9978029107110381
DEAP:S11:T10,DEAP:S11,T10,1,6.53,1,1,2,6,unexposed,stimulus_relative_context,train,10.0,0.11864442779646667,0.8813555722035333
DEAP:S11:T12,DEAP:S11,T12,1,5.04,1,1,2,6,unexposed,stimulus_relative_context,train,10.0,0.005769905859377977,0.994230094140622
DEAP:S11:T14,DEAP:S11,T14,1,7.96,1,1,2,6,unexposed,stimulus_relative_context,train,10.0,0.08296232210721965,0.9170376778927803
DEAP:S11:T17,DEAP:S11,T17,1,8.32,1,1,2,6,unexposed,stimulus_relative_context,train,10.0,0.054342837975855596,0.9456571620241444
DEAP:S11:T20,DEAP:S11,T20,1,6.0,1,1,2,6,unexposed,stimulus_relative_context,train,10.0,0.0042714508303152154,0.9957285491696848
DEAP:S11:T21,DEAP:S11,T21,0,3.27,1,1,2,6,unexposed,stimulus_relative_context,train,10.0,0.7584316381147498,0.2415683618852502
DEAP:S11:T23,DEAP:S11,T23,0,3.72,1,1,2,6,unexposed,stimulus_relative_context,train,10.0,0.9098217860885746,0.09017821391142541
DEAP:S11:T25,DEAP:S11,T25,1,5.01,1,1,2,6,unexposed,stimulus_relative_context,train,10.0,0.6993832710921937,0.3006167289078063
DEAP:S11:T26,DEAP:S11,T26,1,5.49,1,1,2,6,unexposed,stimulus_relative_context,train,10.0,0.3317335469157693,0.6682664530842307
DEAP:S11:T33,DEAP:S11,T33,1,5.64,1,1,2,6,unexposed,stimulus_relative_context,train,10.0,0.6660258542538897,0.3339741457461103
DEAP:S11:T37,DEAP:S11,T37,0,1.47,1,1,2,6,unexposed,stimulus_relative_context,train,10.0,0.6227015862951544,0.3772984137048457
DEAP:S11:T38,DEAP:S11,T38,0,1.35,1,1,2,6,unexposed,stimulus_relative_context,train,10.0,0.6592661037336482,0.34073389626635175
DEAP:S12:T01,DEAP:S12,T01,1,7.09,1,1,2,6,unexposed,stimulus_relative_context,train,10.0,0.002607030623284712,0.9973929693767153
DEAP:S12:T02,DEAP:S12,T02,1,6.09,1,1,2,6,unexposed,stimulus_relative_context,train,10.0,0.2881064734983082,0.7118935265016918
DEAP:S12:T08,DEAP:S12,T08,1,5.1,1,1,2,6,unexposed,stimulus_relative_context,train,10.0,0.008849201140522123,0.9911507988594779
DEAP:S12:T10,DEAP:S12,T10,0,4.06,1,1,2,6,unexposed,stimulus_relative_context,train,10.0,0.4815994576696223,0.5184005423303777
DEAP:S12:T12,DEAP:S12,T12,1,6.86,1,1,2,6,unexposed,stimulus_relative_context,train,10.0,0.3689314754485573,0.6310685245514427
DEAP:S12:T14,DEAP:S12,T14,1,8.15,1,1,2,6,unexposed,stimulus_relative_context,train,10.0,0.30201006235563177,0.6979899376443682
DEAP:S12:T17,DEAP:S12,T17,0,4.86,1,1,2,6,unexposed,stimulus_relative_context,train,10.0,0.8067150187653636,0.1932849812346364
DEAP:S12:T20,DEAP:S12,T20,1,7.35,1,1,2,6,unexposed,stimulus_relative_context,train,10.0,0.16154055248522137,0.8384594475147786
DEAP:S12:T23,DEAP:S12,T23,0,1.74,1,1,2,6,unexposed,stimulus_relative_context,train,10.0,0.999839187523452,0.00016081247654792648
DEAP:S12:T25,DEAP:S12,T25,0,2.78,1,1,2,6,unexposed,stimulus_relative_context,train,10.0,0.8764929531441599,0.12350704685584017
DEAP:S12:T26,DEAP:S12,T26,1,6.08,1,1,2,6,unexposed,stimulus_relative_context,train,10.0,0.048803477593146405,0.9511965224068536
DEAP:S12:T35,DEAP:S12,T35,0,1.22,1,1,2,6,unexposed,stimulus_relative_context,train,10.0,0.9946002206216438,0.005399779378356281
DEAP:S12:T37,DEAP:S12,T37,0,1.0,1,1,2,6,unexposed,stimulus_relative_context,train,10.0,0.9809681686880357,0.01903183131196424
DEAP:S12:T38,DEAP:S12,T38,0,2.85,1,1,2,6,unexposed,stimulus_relative_context,train,10.0,0.979486838212631,0.020513161787369
DEAP:S14:T01,DEAP:S14,T01,1,8.22,1,1,2,6,unexposed,stimulus_relative_context,train,10.0,0.1498545502729276,0.8501454497270724
DEAP:S14:T02,DEAP:S14,T02,1,6.05,1,1,2,6,unexposed,stimulus_relative_context,train,10.0,0.7103563325265536,0.2896436674734464
DEAP:S14:T08,DEAP:S14,T08,1,7.0,1,1,2,6,unexposed,stimulus_relative_context,train,10.0,0.0004999659748721186,0.9995000340251279
DEAP:S14:T10,DEAP:S14,T10,0,1.88,1,1,2,6,unexposed,stimulus_relative_context,train,10.0,0.9806893079182109,0.019310692081789184
DEAP:S14:T12,DEAP:S14,T12,1,7.63,1,1,2,6,unexposed,stimulus_relative_context,train,10.0,0.06734555304722878,0.9326544469527712
DEAP:S14:T14,DEAP:S14,T14,1,8.03,1,1,2,6,unexposed,stimulus_relative_context,train,10.0,0.28965698057675915,0.7103430194232409
DEAP:S14:T17,DEAP:S14,T17,1,6.06,1,1,2,6,unexposed,stimulus_relative_context,train,10.0,0.13531617570062593,0.8646838242993741
DEAP:S14:T20,DEAP:S14,T20,1,7.33,1,1,2,6,unexposed,stimulus_relative_context,train,10.0,0.006813123019309475,0.9931868769806905
DEAP:S14:T21,DEAP:S14,T21,0,1.03,1,1,2,6,unexposed,stimulus_relative_context,train,10.0,0.9892372036481945,0.010762796351805565
DEAP:S14:T23,DEAP:S14,T23,0,2.41,1,1,2,6,unexposed,stimulus_relative_context,train,10.0,0.994081032064866,0.005918967935134045
DEAP:S14:T26,DEAP:S14,T26,0,3.28,1,1,2,6,unexposed,stimulus_relative_context,train,10.0,0.8154173602777058,0.18458263972229413
DEAP:S14:T33,DEAP:S14,T33,0,3.18,1,1,2,6,unexposed,stimulus_relative_context,train,10.0,0.9311023101983943,0.0688976898016057
DEAP:S14:T35,DEAP:S14,T35,0,2.68,1,1,2,6,unexposed,stimulus_relative_context,train,10.0,0.9749429579861966,0.02505704201380347
DEAP:S14:T37,DEAP:S14,T37,0,3.47,1,1,2,6,unexposed,stimulus_relative_context,train,10.0,0.9934779330097327,0.006522066990267206
DEAP:S14:T38,DEAP:S14,T38,0,2.26,1,1,2,6,unexposed,stimulus_relative_context,train,10.0,0.8938143035748946,0.10618569642510542
DEAP:S16:T01,DEAP:S16,T01,0,2.51,1,1,2,6,unexposed,stimulus_relative_context,train,10.0,0.8961781200138446,0.10382187998615545
DEAP:S16:T02,DEAP:S16,T02,1,6.45,1,1,2,6,unexposed,stimulus_relative_context,train,10.0,0.3837388377331945,0.6162611622668055
DEAP:S16:T08,DEAP:S16,T08,0,3.51,1,1,2,6,unexposed,stimulus_relative_context,train,10.0,0.6288645315761344,0.3711354684238656
DEAP:S16:T10,DEAP:S16,T10,1,5.14,1,1,2,6,unexposed,stimulus_relative_context,train,10.0,0.42861291823355396,0.571387081766446
DEAP:S16:T12,DEAP:S16,T12,1,5.97,1,1,2,6,unexposed,stimulus_relative_context,train,10.0,0.23389756741494105,0.766102432585059
DEAP:S16:T14,DEAP:S16,T14,0,3.64,1,1,2,6,unexposed,stimulus_relative_context,train,10.0,0.3152742329511705,0.6847257670488295
DEAP:S16:T17,DEAP:S16,T17,0,1.21,1,1,2,6,unexposed,stimulus_relative_context,train,10.0,0.9660060444595702,0.03399395554042989
DEAP:S16:T21,DEAP:S16,T21,0,4.42,1,1,2,6,unexposed,stimulus_relative_context,train,10.0,0.9984455630998799,0.0015544369001200989
DEAP:S16:T23,DEAP:S16,T23,0,3.9,1,1,2,6,unexposed,stimulus_relative_context,train,10.0,0.9974859121362072,0.00251408786379279
DEAP:S16:T25,DEAP:S16,T25,0,2.47,1,1,2,6,unexposed,stimulus_relative_context,train,10.0,0.7999028670076151,0.20009713299238488
DEAP:S16:T26,DEAP:S16,T26,0,1.82,1,1,2,6,unexposed,stimulus_relative_context,train,10.0,0.7426173814533049,0.2573826185466951
DEAP:S16:T33,DEAP:S16,T33,0,1.0,1,1,2,6,unexposed,stimulus_relative_context,train,10.0,0.9721347217323064,0.027865278267693593
DEAP:S16:T35,DEAP:S16,T35,0,1.0,1,1,2,6,unexposed,stimulus_relative_context,train,10.0,0.9980830528890874,0.0019169471109126359
DEAP:S16:T37,DEAP:S16,T37,1,6.09,1,1,2,6,unexposed,stimulus_relative_context,train,10.0,0.6620470301705411,0.3379529698294589
DEAP:S17:T01,DEAP:S17,T01,0,4.05,1,1,2,6,unexposed,stimulus_relative_context,train,10.0,0.06773747327273949,0.9322625267272605
DEAP:S17:T02,DEAP:S17,T02,1,7.26,1,1,2,6,unexposed,stimulus_relative_context,train,10.0,0.4232732874378463,0.5767267125621537
DEAP:S17:T08,DEAP:S17,T08,1,6.05,1,1,2,6,unexposed,stimulus_relative_context,train,10.0,0.002984883691219853,0.9970151163087801
DEAP:S17:T10,DEAP:S17,T10,1,6.09,1,1,2,6,unexposed,stimulus_relative_context,train,10.0,0.1902918838399268,0.8097081161600732
DEAP:S17:T12,DEAP:S17,T12,1,5.96,1,1,2,6,unexposed,stimulus_relative_context,train,10.0,0.3302405741081851,0.6697594258918149
DEAP:S17:T14,DEAP:S17,T14,1,6.58,1,1,2,6,unexposed,stimulus_relative_context,train,10.0,0.06165948601593041,0.9383405139840696
DEAP:S17:T17,DEAP:S17,T17,0,4.12,1,1,2,6,unexposed,stimulus_relative_context,train,10.0,0.4316112444388889,0.5683887555611111
DEAP:S17:T20,DEAP:S17,T20,1,7.03,1,1,2,6,unexposed,stimulus_relative_context,train,10.0,0.004185932240275636,0.9958140677597244
DEAP:S17:T21,DEAP:S17,T21,0,4.0,1,1,2,6,unexposed,stimulus_relative_context,train,10.0,0.9420414060419784,0.057958593958021644
DEAP:S17:T23,DEAP:S17,T23,0,3.62,1,1,2,6,unexposed,stimulus_relative_context,train,10.0,0.9928236662182559,0.007176333781744129
DEAP:S17:T25,DEAP:S17,T25,1,6.18,1,1,2,6,unexposed,stimulus_relative_context,train,10.0,0.8810382965604915,0.11896170343950849
DEAP:S17:T26,DEAP:S17,T26,0,3.73,1,1,2,6,unexposed,stimulus_relative_context,train,10.0,0.9956614315889324,0.0043385684110675655
DEAP:S17:T33,DEAP:S17,T33,0,3.83,1,1,2,6,unexposed,stimulus_relative_context,train,10.0,0.9241072906127529,0.07589270938724713
DEAP:S17:T35,DEAP:S17,T35,0,4.17,1,1,2,6,unexposed,stimulus_relative_context,train,10.0,0.9539833889876583,0.04601661101234163
DEAP:S17:T37,DEAP:S17,T37,0,3.46,1,1,2,6,unexposed,stimulus_relative_context,train,10.0,0.9042771672085533,0.0957228327914467
DEAP:S17:T38,DEAP:S17,T38,0,3.6,1,1,2,6,unexposed,stimulus_relative_context,train,10.0,0.9933816569766486,0.006618343023351442
DEAP:S18:T01,DEAP:S18,T01,1,6.33,1,1,2,6,unexposed,stimulus_relative_context,train,10.0,0.012611913767537786,0.9873880862324622
DEAP:S18:T02,DEAP:S18,T02,1,6.87,1,1,2,6,unexposed,stimulus_relative_context,train,10.0,0.06048659878991047,0.9395134012100895
DEAP:S18:T10,DEAP:S18,T10,1,6.09,1,1,2,6,unexposed,stimulus_relative_context,train,10.0,0.15271990713378192,0.8472800928662181
DEAP:S18:T12,DEAP:S18,T12,1,5.55,1,1,2,6,unexposed,stimulus_relative_context,train,10.0,0.005308452436324829,0.9946915475636752
DEAP:S18:T14,DEAP:S18,T14,1,6.62,1,1,2,6,unexposed,stimulus_relative_context,train,10.0,0.0011466680534617524,0.9988533319465382
DEAP:S18:T17,DEAP:S18,T17,1,7.74,1,1,2,6,unexposed,stimulus_relative_context,train,10.0,0.057751108473866664,0.9422488915261333
DEAP:S18:T20,DEAP:S18,T20,1,6.24,1,1,2,6,unexposed,stimulus_relative_context,train,10.0,0.003989720611432324,0.9960102793885677
DEAP:S18:T21,DEAP:S18,T21,0,3.92,1,1,2,6,unexposed,stimulus_relative_context,train,10.0,0.8679882459243433,0.13201175407565666
DEAP:S18:T23,DEAP:S18,T23,0,3.71,1,1,2,6,unexposed,stimulus_relative_context,train,10.0,0.8334853888118812,0.1665146111881189
DEAP:S18:T26,DEAP:S18,T26,1,5.44,1,1,2,6,unexposed,stimulus_relative_context,train,10.0,0.46138538318162803,0.538614616818372
DEAP:S18:T33,DEAP:S18,T33,0,4.56,1,1,2,6,unexposed,stimulus_relative_context,train,10.0,0.9669459331854965,0.03305406681450355
DEAP:S18:T35,DEAP:S18,T35,1,5.12,1,1,2,6,unexposed,stimulus_relative_context,train,10.0,0.39243346268658896,0.607566537313411
DEAP:S18:T38,DEAP:S18,T38,0,4.51,1,1,2,6,unexposed,stimulus_relative_context,train,10.0,0.5462582025534011,0.453741797446599
DEAP:S20:T01,DEAP:S20,T01,1,5.76,1,1,2,6,unexposed,stimulus_relative_context,train,10.0,0.03968790036101966,0.9603120996389803
DEAP:S20:T02,DEAP:S20,T02,1,6.77,1,1,2,6,unexposed,stimulus_relative_context,train,10.0,0.003016103732148334,0.9969838962678517
DEAP:S20:T08,DEAP:S20,T08,1,7.63,1,1,2,6,unexposed,stimulus_relative_context,train,10.0,0.0014885317752092453,0.9985114682247908
DEAP:S20:T10,DEAP:S20,T10,1,5.13,1,1,2,6,unexposed,stimulus_relative_context,train,10.0,0.258133469645352,0.741866530354648
DEAP:S20:T12,DEAP:S20,T12,1,7.64,1,1,2,6,unexposed,stimulus_relative_context,train,10.0,0.3992739726229032,0.6007260273770968
DEAP:S20:T14,DEAP:S20,T14,1,6.4,1,1,2,6,unexposed,stimulus_relative_context,train,10.0,0.09049514474523968,0.9095048552547603
DEAP:S20:T17,DEAP:S20,T17,1,5.04,1,1,2,6,unexposed,stimulus_relative_context,train,10.0,0.02131642168335557,0.9786835783166444
DEAP:S20:T20,DEAP:S20,T20,1,6.65,1,1,2,6,unexposed,stimulus_relative_context,train,10.0,0.021586435962542172,0.9784135640374578
DEAP:S20:T21,DEAP:S20,T21,0,4.97,1,1,2,6,unexposed,stimulus_relative_context,train,10.0,0.985347355644991,0.014652644355008978
DEAP:S20:T23,DEAP:S20,T23,0,2.82,1,1,2,6,unexposed,stimulus_relative_context,train,10.0,0.9995059395251802,0.0004940604748198042
DEAP:S20:T25,DEAP:S20,T25,0,2.99,1,1,2,6,unexposed,stimulus_relative_context,train,10.0,0.9792243270041627,0.020775672995837286
DEAP:S20:T26,DEAP:S20,T26,0,4.31,1,1,2,6,unexposed,stimulus_relative_context,train,10.0,0.5979072028044197,0.4020927971955804
DEAP:S20:T33,DEAP:S20,T33,0,4.64,1,1,2,6,unexposed,stimulus_relative_context,train,10.0,0.8622127895485401,0.13778721045145997
DEAP:S20:T35,DEAP:S20,T35,0,4.35,1,1,2,6,unexposed,stimulus_relative_context,train,10.0,0.9919772241613396,0.00802277583866035
DEAP:S20:T37,DEAP:S20,T37,0,3.01,1,1,2,6,unexposed,stimulus_relative_context,train,10.0,0.980722464097779,0.019277535902221046
DEAP:S20:T38,DEAP:S20,T38,0,3.38,1,1,2,6,unexposed,stimulus_relative_context,train,10.0,0.9984611868800533,0.0015388131199467671
DEAP:S21:T01,DEAP:S21,T01,1,6.42,1,1,2,6,unexposed,stimulus_relative_context,train,10.0,0.1999384564175236,0.8000615435824764
DEAP:S21:T02,DEAP:S21,T02,1,7.05,1,1,2,6,unexposed,stimulus_relative_context,train,10.0,0.05914621981555779,0.9408537801844422
DEAP:S21:T08,DEAP:S21,T08,1,8.81,1,1,2,6,unexposed,stimulus_relative_context,train,10.0,0.019372080633932587,0.9806279193660674
DEAP:S21:T10,DEAP:S21,T10,1,7.05,1,1,2,6,unexposed,stimulus_relative_context,train,10.0,0.1715331677506935,0.8284668322493065
DEAP:S21:T12,DEAP:S21,T12,0,4.63,1,1,2,6,unexposed,stimulus_relative_context,train,10.0,0.3852448351818022,0.6147551648181978
DEAP:S21:T14,DEAP:S21,T14,1,8.1,1,1,2,6,unexposed,stimulus_relative_context,train,10.0,0.11401334326721013,0.8859866567327899
DEAP:S21:T17,DEAP:S21,T17,1,5.53,1,1,2,6,unexposed,stimulus_relative_context,train,10.0,0.307048123649468,0.692951876350532
DEAP:S21:T21,DEAP:S21,T21,0,4.08,1,1,2,6,unexposed,stimulus_relative_context,train,10.0,0.9621751316182381,0.0378248683817619
DEAP:S21:T23,DEAP:S21,T23,0,4.69,1,1,2,6,unexposed,stimulus_relative_context,train,10.0,0.9664217942130708,0.03357820578692918
DEAP:S21:T25,DEAP:S21,T25,0,3.97,1,1,2,6,unexposed,stimulus_relative_context,train,10.0,0.6803799124784837,0.3196200875215162
DEAP:S21:T26,DEAP:S21,T26,0,4.06,1,1,2,6,unexposed,stimulus_relative_context,train,10.0,0.5334717734145515,0.4665282265854485
DEAP:S21:T33,DEAP:S21,T33,1,7.03,1,1,2,6,unexposed,stimulus_relative_context,train,10.0,0.6705068678626913,0.3294931321373087
DEAP:S21:T35,DEAP:S21,T35,0,4.92,1,1,2,6,unexposed,stimulus_relative_context,train,10.0,0.9885545767526086,0.011445423247391385
DEAP:S21:T37,DEAP:S21,T37,0,3.04,1,1,2,6,unexposed,stimulus_relative_context,train,10.0,0.9994765804081681,0.0005234195918318479
DEAP:S21:T38,DEAP:S21,T38,0,3.03,1,1,2,6,unexposed,stimulus_relative_context,train,10.0,0.9577946757432041,0.042205324256795934
DEAP:S22:T01,DEAP:S22,T01,1,5.05,1,1,2,6,unexposed,stimulus_relative_context,train,10.0,0.002785662507612141,0.9972143374923879
DEAP:S22:T02,DEAP:S22,T02,1,7.08,1,1,2,6,unexposed,stimulus_relative_context,train,10.0,0.6521070876282804,0.3478929123717196
DEAP:S22:T08,DEAP:S22,T08,1,7.09,1,1,2,6,unexposed,stimulus_relative_context,train,10.0,0.002597453582452003,0.997402546417548
DEAP:S22:T12,DEAP:S22,T12,0,4.99,1,1,2,6,unexposed,stimulus_relative_context,train,10.0,0.7814992230393496,0.21850077696065034
DEAP:S22:T14,DEAP:S22,T14,1,8.05,1,1,2,6,unexposed,stimulus_relative_context,train,10.0,0.006040389385317035,0.993959610614683
DEAP:S22:T17,DEAP:S22,T17,1,5.04,1,1,2,6,unexposed,stimulus_relative_context,train,10.0,0.1897014323156202,0.8102985676843798
DEAP:S22:T20,DEAP:S22,T20,1,7.08,1,1,2,6,unexposed,stimulus_relative_context,train,10.0,0.06451701184531133,0.9354829881546887
DEAP:S22:T21,DEAP:S22,T21,0,2.97,1,1,2,6,unexposed,stimulus_relative_context,train,10.0,0.8221262763759336,0.17787372362406642
DEAP:S22:T23,DEAP:S22,T23,0,2.99,1,1,2,6,unexposed,stimulus_relative_context,train,10.0,0.9637670761210102,0.036232923878989826
DEAP:S22:T25,DEAP:S22,T25,0,2.95,1,1,2,6,unexposed,stimulus_relative_context,train,10.0,0.9288149942299937,0.07118500577000635
DEAP:S22:T33,DEAP:S22,T33,0,1.96,1,1,2,6,unexposed,stimulus_relative_context,train,10.0,0.9974735520172041,0.002526447982795914
DEAP:S22:T35,DEAP:S22,T35,0,1.99,1,1,2,6,unexposed,stimulus_relative_context,train,10.0,0.998482949737411,0.0015170502625889595
DEAP:S22:T37,DEAP:S22,T37,0,1.0,1,1,2,6,unexposed,stimulus_relative_context,train,10.0,0.9964175452904865,0.003582454709513414
DEAP:S22:T38,DEAP:S22,T38,0,1.0,1,1,2,6,unexposed,stimulus_relative_context,train,10.0,0.9997635210834573,0.00023647891654270245
DEAP:S23:T01,DEAP:S23,T01,1,7.71,1,1,2,6,unexposed,stimulus_relative_context,train,10.0,0.1072465216260684,0.8927534783739316
DEAP:S23:T02,DEAP:S23,T02,1,9.0,1,1,2,6,unexposed,stimulus_relative_context,train,10.0,0.13883244398861339,0.8611675560113866
DEAP:S23:T08,DEAP:S23,T08,1,7.23,1,1,2,6,unexposed,stimulus_relative_context,train,10.0,1.8737873018759288e-06,0.9999981262126981
DEAP:S23:T10,DEAP:S23,T10,1,5.01,1,1,2,6,unexposed,stimulus_relative_context,train,10.0,0.47219501550350806,0.5278049844964919
DEAP:S23:T12,DEAP:S23,T12,1,7.0,1,1,2,6,unexposed,stimulus_relative_context,train,10.0,3.653772280032275e-05,0.9999634622771997
DEAP:S23:T14,DEAP:S23,T14,1,8.01,1,1,2,6,unexposed,stimulus_relative_context,train,10.0,0.05369821680580489,0.9463017831941951
DEAP:S23:T17,DEAP:S23,T17,0,2.86,1,1,2,6,unexposed,stimulus_relative_context,train,10.0,0.9941176580302995,0.005882341969700489
DEAP:S23:T20,DEAP:S23,T20,0,3.96,1,1,2,6,unexposed,stimulus_relative_context,train,10.0,0.022344596462600008,0.9776554035374
DEAP:S23:T21,DEAP:S23,T21,0,1.91,1,1,2,6,unexposed,stimulus_relative_context,train,10.0,0.8859254799719787,0.11407452002802133
DEAP:S23:T26,DEAP:S23,T26,1,8.27,1,1,2,6,unexposed,stimulus_relative_context,train,10.0,0.029997699560007307,0.9700023004399927
DEAP:S23:T33,DEAP:S23,T33,1,5.04,1,1,2,6,unexposed,stimulus_relative_context,train,10.0,0.4364800130855947,0.5635199869144053
DEAP:S23:T35,DEAP:S23,T35,1,5.18,1,1,2,6,unexposed,stimulus_relative_context,train,10.0,0.48423469086816295,0.515765309131837
DEAP:S23:T37,DEAP:S23,T37,0,4.31,1,1,2,6,unexposed,stimulus_relative_context,train,10.0,0.9573341207621993,0.04266587923780079
DEAP:S25:T01,DEAP:S25,T01,1,8.06,1,1,2,6,unexposed,stimulus_relative_context,train,10.0,0.07483532810661475,0.9251646718933852
DEAP:S25:T02,DEAP:S25,T02,0,2.99,1,1,2,6,unexposed,stimulus_relative_context,train,10.0,0.5450618038370545,0.4549381961629455
DEAP:S25:T08,DEAP:S25,T08,1,8.04,1,1,2,6,unexposed,stimulus_relative_context,train,10.0,0.037843019758184826,0.9621569802418152
DEAP:S25:T10,DEAP:S25,T10,0,1.0,1,1,2,6,unexposed,stimulus_relative_context,train,10.0,0.8442102636084443,0.15578973639155563
DEAP:S25:T12,DEAP:S25,T12,1,8.04,1,1,2,6,unexposed,stimulus_relative_context,train,10.0,0.03418871830338266,0.9658112816966173
DEAP:S25:T14,DEAP:S25,T14,1,8.09,1,1,2,6,unexposed,stimulus_relative_context,train,10.0,0.006042347860455877,0.9939576521395441
DEAP:S25:T17,DEAP:S25,T17,1,5.04,1,1,2,6,unexposed,stimulus_relative_context,train,10.0,0.16339457307063743,0.8366054269293626
DEAP:S25:T20,DEAP:S25,T20,1,7.08,1,1,2,6,unexposed,stimulus_relative_context,train,10.0,0.027833358564094746,0.9721666414359053
DEAP:S25:T21,DEAP:S25,T21,1,6.03,1,1,2,6,unexposed,stimulus_relative_context,train,10.0,0.33795493717078884,0.6620450628292112
DEAP:S25:T23,DEAP:S25,T23,0,2.01,1,1,2,6,unexposed,stimulus_relative_context,train,10.0,0.8987269671746194,0.10127303282538054
DEAP:S25:T26,DEAP:S25,T26,0,4.99,1,1,2,6,unexposed,stimulus_relative_context,train,10.0,0.8819429745747811,0.11805702542521894
DEAP:S25:T33,DEAP:S25,T33,0,1.94,1,1,2,6,unexposed,stimulus_relative_context,train,10.0,0.8505483870944159,0.1494516129055841
DEAP:S25:T35,DEAP:S25,T35,0,3.03,1,1,2,6,unexposed,stimulus_relative_context,train,10.0,0.9981429855177608,0.0018570144822392016
DEAP:S25:T37,DEAP:S25,T37,0,1.0,1,1,2,6,unexposed,stimulus_relative_context,train,10.0,0.997405011858543,0.0025949881414569984
DEAP:S25:T38,DEAP:S25,T38,0,1.0,1,1,2,6,unexposed,stimulus_relative_context,train,10.0,0.9729853229539492,0.0270146770460508
DEAP:S26:T01,DEAP:S26,T01,1,7.97,1,1,2,6,unexposed,stimulus_relative_context,train,10.0,0.0640982309244651,0.9359017690755349
DEAP:S26:T02,DEAP:S26,T02,1,6.96,1,1,2,6,unexposed,stimulus_relative_context,train,10.0,0.05960575656001166,0.9403942434399883
DEAP:S26:T08,DEAP:S26,T08,1,8.01,1,1,2,6,unexposed,stimulus_relative_context,train,10.0,0.0005128420380657861,0.9994871579619342
DEAP:S26:T10,DEAP:S26,T10,0,3.08,1,1,2,6,unexposed,stimulus_relative_context,train,10.0,0.4019664038324894,0.5980335961675106
DEAP:S26:T12,DEAP:S26,T12,1,7.04,1,1,2,6,unexposed,stimulus_relative_context,train,10.0,0.0758800154316236,0.9241199845683764
DEAP:S26:T14,DEAP:S26,T14,1,9.0,1,1,2,6,unexposed,stimulus_relative_context,train,10.0,0.006367265657416854,0.9936327343425831
DEAP:S26:T17,DEAP:S26,T17,1,5.04,1,1,2,6,unexposed,stimulus_relative_context,train,10.0,0.0010198586078179472,0.998980141392182
DEAP:S26:T20,DEAP:S26,T20,1,8.08,1,1,2,6,unexposed,stimulus_relative_context,train,10.0,0.00012566231223321012,0.9998743376877668
DEAP:S26:T21,DEAP:S26,T21,1,6.06,1,1,2,6,unexposed,stimulus_relative_context,train,10.0,0.05660343396859946,0.9433965660314005
DEAP:S26:T23,DEAP:S26,T23,0,2.28,1,1,2,6,unexposed,stimulus_relative_context,train,10.0,0.9380933284726599,0.06190667152734013
DEAP:S26:T25,DEAP:S26,T25,1,7.14,1,1,2,6,unexposed,stimulus_relative_context,train,10.0,0.03771829537328708,0.9622817046267129
DEAP:S26:T26,DEAP:S26,T26,1,5.05,1,1,2,6,unexposed,stimulus_relative_context,train,10.0,0.0004328152391579465,0.999567184760842
DEAP:S26:T33,DEAP:S26,T33,0,1.0,1,1,2,6,unexposed,stimulus_relative_context,train,10.0,0.9982741378575543,0.0017258621424457027
DEAP:S26:T38,DEAP:S26,T38,0,1.15,1,1,2,6,unexposed,stimulus_relative_context,train,10.0,0.9928458339246463,0.007154166075353649
DEAP:S27:T01,DEAP:S27,T01,1,6.03,1,1,2,6,unexposed,stimulus_relative_context,train,10.0,0.06297855930381946,0.9370214406961805
DEAP:S27:T02,DEAP:S27,T02,1,7.0,1,1,2,6,unexposed,stimulus_relative_context,train,10.0,0.01603186271083179,0.9839681372891682
DEAP:S27:T08,DEAP:S27,T08,1,8.24,1,1,2,6,unexposed,stimulus_relative_context,train,10.0,0.0005600503610445617,0.9994399496389554
DEAP:S27:T10,DEAP:S27,T10,1,6.01,1,1,2,6,unexposed,stimulus_relative_context,train,10.0,0.025491899368078164,0.9745081006319218
DEAP:S27:T12,DEAP:S27,T12,0,4.18,1,1,2,6,unexposed,stimulus_relative_context,train,10.0,0.23831738622353937,0.7616826137764606
DEAP:S27:T14,DEAP:S27,T14,1,8.06,1,1,2,6,unexposed,stimulus_relative_context,train,10.0,0.0004663887265573541,0.9995336112734426
DEAP:S27:T17,DEAP:S27,T17,1,9.0,1,1,2,6,unexposed,stimulus_relative_context,train,10.0,0.03850434441411643,0.9614956555858836
DEAP:S27:T20,DEAP:S27,T20,1,6.97,1,1,2,6,unexposed,stimulus_relative_context,train,10.0,0.0013863821385503572,0.9986136178614496
DEAP:S27:T21,DEAP:S27,T21,1,9.0,1,1,2,6,unexposed,stimulus_relative_context,train,10.0,0.03635155846929505,0.963648441530705
DEAP:S27:T23,DEAP:S27,T23,1,8.0,1,1,2,6,unexposed,stimulus_relative_context,train,10.0,0.4767808293600916,0.5232191706399084
DEAP:S27:T25,DEAP:S27,T25,0,4.0,1,1,2,6,unexposed,stimulus_relative_context,train,10.0,0.6303631268048422,0.36963687319515776
DEAP:S27:T26,DEAP:S27,T26,1,5.04,1,1,2,6,unexposed,stimulus_relative_context,train,10.0,0.05849282159409186,0.9415071784059081
DEAP:S27:T33,DEAP:S27,T33,1,5.04,1,1,2,6,unexposed,stimulus_relative_context,train,10.0,0.8705329947378935,0.12946700526210655
DEAP:S27:T35,DEAP:S27,T35,0,1.0,1,1,2,6,unexposed,stimulus_relative_context,train,10.0,0.34517100621173,0.65482899378827
DEAP:S27:T37,DEAP:S27,T37,0,2.99,1,1,2,6,unexposed,stimulus_relative_context,train,10.0,0.8985852662621518,0.1014147337378482
DEAP:S28:T01,DEAP:S28,T01,1,7.03,1,1,2,6,unexposed,stimulus_relative_context,train,10.0,0.05166226619964298,0.948337733800357
DEAP:S28:T02,DEAP:S28,T02,1,7.99,1,1,2,6,unexposed,stimulus_relative_context,train,10.0,0.0031030152603931382,0.9968969847396069
DEAP:S28:T08,DEAP:S28,T08,1,7.01,1,1,2,6,unexposed,stimulus_relative_context,train,10.0,0.04629412742495209,0.9537058725750479
DEAP:S28:T10,DEAP:S28,T10,1,7.99,1,1,2,6,unexposed,stimulus_relative_context,train,10.0,0.24395714000806434,0.7560428599919357
DEAP:S28:T12,DEAP:S28,T12,1,6.06,1,1,2,6,unexposed,stimulus_relative_context,train,10.0,0.0762691749096468,0.9237308250903532
DEAP:S28:T14,DEAP:S28,T14,1,8.03,1,1,2,6,unexposed,stimulus_relative_context,train,10.0,0.26138396991159996,0.7386160300884
DEAP:S28:T17,DEAP:S28,T17,1,6.99,1,1,2,6,unexposed,stimulus_relative_context,train,10.0,0.4726537369601794,0.5273462630398206
DEAP:S28:T20,DEAP:S28,T20,1,8.04,1,1,2,6,unexposed,stimulus_relative_context,train,10.0,0.006888921934457559,0.9931110780655424
DEAP:S28:T21,DEAP:S28,T21,0,2.01,1,1,2,6,unexposed,stimulus_relative_context,train,10.0,0.9840582270043273,0.01594177299567265
DEAP:S28:T23,DEAP:S28,T23,0,2.03,1,1,2,6,unexposed,stimulus_relative_context,train,10.0,0.9801230631512882,0.019876936848711856
DEAP:S28:T25,DEAP:S28,T25,0,4.06,1,1,2,6,unexposed,stimulus_relative_context,train,10.0,0.7993380504768315,0.20066194952316851
DEAP:S28:T26,DEAP:S28,T26,0,1.99,1,1,2,6,unexposed,stimulus_relative_context,train,10.0,0.640080951945077,0.359919048054923
DEAP:S28:T33,DEAP:S28,T33,1,7.01,1,1,2,6,unexposed,stimulus_relative_context,train,10.0,0.30326070705852903,0.696739292941471
DEAP:S28:T35,DEAP:S28,T35,0,1.08,1,1,2,6,unexposed,stimulus_relative_context,train,10.0,0.9134113612343415,0.0865886387656585
DEAP:S28:T37,DEAP:S28,T37,0,1.01,1,1,2,6,unexposed,stimulus_relative_context,train,10.0,0.7576642741301577,0.24233572586984234
DEAP:S28:T38,DEAP:S28,T38,0,1.96,1,1,2,6,unexposed,stimulus_relative_context,train,10.0,0.9978005786896318,0.0021994213103682337
DEAP:S29:T01,DEAP:S29,T01,1,6.06,1,1,2,6,unexposed,stimulus_relative_context,train,10.0,0.2872350985642975,0.7127649014357025
DEAP:S29:T02,DEAP:S29,T02,1,7.05,1,1,2,6,unexposed,stimulus_relative_context,train,10.0,0.01328423690065339,0.9867157630993466
DEAP:S29:T08,DEAP:S29,T08,1,7.04,1,1,2,6,unexposed,stimulus_relative_context,train,10.0,0.003431412174097259,0.9965685878259027
DEAP:S29:T10,DEAP:S29,T10,1,7.01,1,1,2,6,unexposed,stimulus_relative_context,train,10.0,0.5083201603383166,0.4916798396616834
DEAP:S29:T12,DEAP:S29,T12,1,6.04,1,1,2,6,unexposed,stimulus_relative_context,train,10.0,0.07153848729326884,0.9284615127067312
DEAP:S29:T14,DEAP:S29,T14,1,8.06,1,1,2,6,unexposed,stimulus_relative_context,train,10.0,0.005452319374115833,0.9945476806258842
DEAP:S29:T17,DEAP:S29,T17,1,5.08,1,1,2,6,unexposed,stimulus_relative_context,train,10.0,0.24696003883540663,0.7530399611645934
DEAP:S29:T20,DEAP:S29,T20,1,8.03,1,1,2,6,unexposed,stimulus_relative_context,train,10.0,0.015871510293137714,0.9841284897068623
DEAP:S29:T21,DEAP:S29,T21,0,2.92,1,1,2,6,unexposed,stimulus_relative_context,train,10.0,0.9852611490529676,0.014738850947032447
DEAP:S29:T23,DEAP:S29,T23,0,2.05,1,1,2,6,unexposed,stimulus_relative_context,train,10.0,0.9386979047775581,0.061302095222441934
DEAP:S29:T25,DEAP:S29,T25,0,3.03,1,1,2,6,unexposed,stimulus_relative_context,train,10.0,0.741751406975411,0.25824859302458897
DEAP:S29:T26,DEAP:S29,T26,0,3.0,1,1,2,6,unexposed,stimulus_relative_context,train,10.0,0.6263453289466974,0.3736546710533026
DEAP:S29:T33,DEAP:S29,T33,0,1.99,1,1,2,6,unexposed,stimulus_relative_context,train,10.0,0.8736360991178744,0.12636390088212554
DEAP:S29:T35,DEAP:S29,T35,0,1.92,1,1,2,6,unexposed,stimulus_relative_context,train,10.0,0.9344678251184702,0.06553217488152989
DEAP:S29:T37,DEAP:S29,T37,1,5.01,1,1,2,6,unexposed,stimulus_relative_context,train,10.0,0.24184307737059763,0.7581569226294024
DEAP:S29:T38,DEAP:S29,T38,0,1.88,1,1,2,6,unexposed,stimulus_relative_context,train,10.0,0.9661972605779678,0.03380273942203212
DEAP:S30:T02,DEAP:S30,T02,1,7.15,1,1,2,6,unexposed,stimulus_relative_context,train,10.0,0.01960422728434419,0.9803957727156558
DEAP:S30:T08,DEAP:S30,T08,1,6.05,1,1,2,6,unexposed,stimulus_relative_context,train,10.0,0.005491444348581176,0.9945085556514188
DEAP:S30:T10,DEAP:S30,T10,1,5.08,1,1,2,6,unexposed,stimulus_relative_context,train,10.0,0.03056081025415569,0.9694391897458443
DEAP:S30:T12,DEAP:S30,T12,1,5.15,1,1,2,6,unexposed,stimulus_relative_context,train,10.0,0.13039498105502734,0.8696050189449727
DEAP:S30:T14,DEAP:S30,T14,1,5.04,1,1,2,6,unexposed,stimulus_relative_context,train,10.0,0.039093021268037265,0.9609069787319627
DEAP:S30:T17,DEAP:S30,T17,1,7.13,1,1,2,6,unexposed,stimulus_relative_context,train,10.0,0.0007075760417949439,0.9992924239582051
DEAP:S30:T21,DEAP:S30,T21,0,3.05,1,1,2,6,unexposed,stimulus_relative_context,train,10.0,0.8753283779850555,0.12467162201494457
DEAP:S30:T23,DEAP:S30,T23,0,3.0,1,1,2,6,unexposed,stimulus_relative_context,train,10.0,0.9852712136653191,0.014728786334680853
DEAP:S30:T25,DEAP:S30,T25,0,3.92,1,1,2,6,unexposed,stimulus_relative_context,train,10.0,0.7836182451145026,0.2163817548854974
DEAP:S30:T26,DEAP:S30,T26,1,5.01,1,1,2,6,unexposed,stimulus_relative_context,train,10.0,0.23471875715564028,0.7652812428443597
DEAP:S30:T33,DEAP:S30,T33,0,3.91,1,1,2,6,unexposed,stimulus_relative_context,train,10.0,0.7472307584385656,0.25276924156143443
DEAP:S30:T35,DEAP:S30,T35,1,5.04,1,1,2,6,unexposed,stimulus_relative_context,train,10.0,0.4638193157155176,0.5361806842844824
DEAP:S30:T37,DEAP:S30,T37,0,4.13,1,1,2,6,unexposed,stimulus_relative_context,train,10.0,0.8759354379283827,0.12406456207161731
DEAP:S30:T38,DEAP:S30,T38,1,5.04,1,1,2,6,unexposed,stimulus_relative_context,train,10.0,0.5569394658234164,0.44306053417658364
DEAP:S31:T01,DEAP:S31,T01,1,6.79,1,1,2,6,unexposed,stimulus_relative_context,train,10.0,0.0007109633412685223,0.9992890366587315
DEAP:S31:T02,DEAP:S31,T02,1,5.03,1,1,2,6,unexposed,stimulus_relative_context,train,10.0,0.09671155871962867,0.9032884412803713
DEAP:S31:T08,DEAP:S31,T08,1,6.03,1,1,2,6,unexposed,stimulus_relative_context,train,10.0,0.01651903893798501,0.983480961062015
DEAP:S31:T10,DEAP:S31,T10,0,4.01,1,1,2,6,unexposed,stimulus_relative_context,train,10.0,0.7460258287023804,0.2539741712976195
DEAP:S31:T12,DEAP:S31,T12,1,7.14,1,1,2,6,unexposed,stimulus_relative_context,train,10.0,0.02523138919052892,0.9747686108094711
DEAP:S31:T14,DEAP:S31,T14,1,8.06,1,1,2,6,unexposed,stimulus_relative_context,train,10.0,0.3741569024478155,0.6258430975521845
DEAP:S31:T20,DEAP:S31,T20,1,6.9,1,1,2,6,unexposed,stimulus_relative_context,train,10.0,0.020289067733733956,0.979710932266266
DEAP:S31:T21,DEAP:S31,T21,1,5.09,1,1,2,6,unexposed,stimulus_relative_context,train,10.0,0.09945654918209301,0.900543450817907
DEAP:S31:T23,DEAP:S31,T23,0,1.0,1,1,2,6,unexposed,stimulus_relative_context,train,10.0,0.5627540216686557,0.4372459783313443
DEAP:S31:T25,DEAP:S31,T25,1,6.14,1,1,2,6,unexposed,stimulus_relative_context,train,10.0,0.23152408599825502,0.768475914001745
DEAP:S31:T26,DEAP:S31,T26,1,7.08,1,1,2,6,unexposed,stimulus_relative_context,train,10.0,0.14597025607334713,0.8540297439266529
DEAP:S31:T33,DEAP:S31,T33,0,4.18,1,1,2,6,unexposed,stimulus_relative_context,train,10.0,0.937481915627291,0.06251808437270902
DEAP:S31:T37,DEAP:S31,T37,0,1.0,1,1,2,6,unexposed,stimulus_relative_context,train,10.0,0.9975770209970802,0.0024229790029197894
DEAP:S13:T05,DEAP:S13,T05,1,5.01,1,1,2,6,unexposed,stimulus_relative_context,validation_unseen,10.0,0.005577656923982266,0.9944223430760177
DEAP:S13:T15,DEAP:S13,T15,0,4.94,1,1,2,6,unexposed,stimulus_relative_context,validation_unseen,10.0,2.0754982698933944e-05,0.9999792450173011
DEAP:S13:T19,DEAP:S13,T19,1,8.51,1,1,2,6,unexposed,stimulus_relative_context,validation_unseen,10.0,1.4201308781158772e-06,0.9999985798691219
DEAP:S13:T27,DEAP:S13,T27,1,5.47,1,1,2,6,unexposed,stimulus_relative_context,validation_unseen,10.0,0.0006986088258043033,0.9993013911741957
DEAP:S13:T28,DEAP:S13,T28,1,7.08,1,1,2,6,unexposed,stimulus_relative_context,validation_unseen,10.0,2.227402135845935e-06,0.9999977725978642
DEAP:S13:T29,DEAP:S13,T29,0,4.04,1,1,2,6,unexposed,stimulus_relative_context,validation_unseen,10.0,1.4574035800407614e-06,0.99999854259642
DEAP:S13:T30,DEAP:S13,T30,0,3.05,1,1,2,6,unexposed,stimulus_relative_context,validation_unseen,10.0,0.005642458660245042,0.994357541339755
DEAP:S13:T32,DEAP:S13,T32,0,4.05,1,1,2,6,unexposed,stimulus_relative_context,validation_unseen,10.0,0.0001520225393265573,0.9998479774606734
DEAP:S15:T05,DEAP:S15,T05,1,9.0,1,1,2,6,unexposed,stimulus_relative_context,validation_unseen,10.0,0.9941008517733639,0.0058991482266360805
DEAP:S15:T15,DEAP:S15,T15,1,8.12,1,1,2,6,unexposed,stimulus_relative_context,validation_unseen,10.0,0.016834235229668315,0.9831657647703317
DEAP:S15:T19,DEAP:S15,T19,1,7.04,1,1,2,6,unexposed,stimulus_relative_context,validation_unseen,10.0,0.12564597685045864,0.8743540231495414
DEAP:S15:T27,DEAP:S15,T27,1,6.0,1,1,2,6,unexposed,stimulus_relative_context,validation_unseen,10.0,0.9999990950623466,9.049376533550031e-07
DEAP:S15:T28,DEAP:S15,T28,0,4.01,1,1,2,6,unexposed,stimulus_relative_context,validation_unseen,10.0,0.9998726224820516,0.0001273775179484207
DEAP:S15:T29,DEAP:S15,T29,0,4.05,1,1,2,6,unexposed,stimulus_relative_context,validation_unseen,10.0,0.9999930887626248,6.911237375214952e-06
DEAP:S15:T30,DEAP:S15,T30,0,2.04,1,1,2,6,unexposed,stimulus_relative_context,validation_unseen,10.0,0.8197901059310575,0.18020989406894256
DEAP:S15:T32,DEAP:S15,T32,0,3.97,1,1,2,6,unexposed,stimulus_relative_context,validation_unseen,10.0,0.10416114531019038,0.8958388546898096
DEAP:S24:T05,DEAP:S24,T05,1,7.06,1,1,2,6,unexposed,stimulus_relative_context,validation_unseen,10.0,1.1912691039506207e-05,0.9999880873089605
DEAP:S24:T15,DEAP:S24,T15,1,6.0,1,1,2,6,unexposed,stimulus_relative_context,validation_unseen,10.0,0.0003071399525247376,0.9996928600474753
DEAP:S24:T19,DEAP:S24,T19,1,7.03,1,1,2,6,unexposed,stimulus_relative_context,validation_unseen,10.0,0.0005086263380075229,0.9994913736619925
DEAP:S24:T27,DEAP:S24,T27,1,6.08,1,1,2,6,unexposed,stimulus_relative_context,validation_unseen,10.0,4.3717426492229094e-06,0.9999956282573508
DEAP:S24:T28,DEAP:S24,T28,0,4.03,1,1,2,6,unexposed,stimulus_relative_context,validation_unseen,10.0,0.0005786453622139698,0.999421354637786
DEAP:S24:T29,DEAP:S24,T29,0,3.97,1,1,2,6,unexposed,stimulus_relative_context,validation_unseen,10.0,0.004735641061314522,0.9952643589386855
DEAP:S24:T30,DEAP:S24,T30,0,1.0,1,1,2,6,unexposed,stimulus_relative_context,validation_unseen,10.0,0.015878627641532472,0.9841213723584675
DEAP:S24:T32,DEAP:S24,T32,0,3.0,1,1,2,6,unexposed,stimulus_relative_context,validation_unseen,10.0,5.9748448279495214e-05,0.9999402515517205
DEAP:S32:T05,DEAP:S32,T05,1,7.15,1,1,2,6,unexposed,stimulus_relative_context,validation_unseen,10.0,0.040155321639513186,0.9598446783604868
DEAP:S32:T15,DEAP:S32,T15,1,5.01,1,1,2,6,unexposed,stimulus_relative_context,validation_unseen,10.0,0.054657303850409344,0.9453426961495907
DEAP:S32:T19,DEAP:S32,T19,1,8.24,1,1,2,6,unexposed,stimulus_relative_context,validation_unseen,10.0,0.3145077456142408,0.6854922543857592
DEAP:S32:T27,DEAP:S32,T27,1,6.0,1,1,2,6,unexposed,stimulus_relative_context,validation_unseen,10.0,0.0017841097783799498,0.99821589022162
DEAP:S32:T28,DEAP:S32,T28,1,6.03,1,1,2,6,unexposed,stimulus_relative_context,validation_unseen,10.0,0.8705494208567647,0.12945057914323532
DEAP:S32:T29,DEAP:S32,T29,0,4.09,1,1,2,6,unexposed,stimulus_relative_context,validation_unseen,10.0,0.013949832748448299,0.9860501672515517
DEAP:S32:T30,DEAP:S32,T30,0,1.0,1,1,2,6,unexposed,stimulus_relative_context,validation_unseen,10.0,0.0003049365886554911,0.9996950634113445
DEAP:S32:T32,DEAP:S32,T32,0,3.87,1,1,2,6,unexposed,stimulus_relative_context,validation_unseen,10.0,0.0016189895522062958,0.9983810104477937
DEAP:S13:T01,DEAP:S13,T01,1,6.15,1,1,2,6,unexposed,stimulus_relative_context,validation_familiar,10.0,5.773780636308956e-05,0.9999422621936369
DEAP:S13:T02,DEAP:S13,T02,0,4.03,1,1,2,6,unexposed,stimulus_relative_context,validation_familiar,10.0,2.891241161684377e-05,0.9999710875883832
DEAP:S13:T08,DEAP:S13,T08,1,7.99,1,1,2,6,unexposed,stimulus_relative_context,validation_familiar,10.0,7.934174250534554e-05,0.9999206582574947
DEAP:S13:T10,DEAP:S13,T10,0,4.01,1,1,2,6,unexposed,stimulus_relative_context,validation_familiar,10.0,0.006121286538545712,0.9938787134614543
DEAP:S13:T12,DEAP:S13,T12,1,5.08,1,1,2,6,unexposed,stimulus_relative_context,validation_familiar,10.0,1.519242434078194e-07,0.9999998480757566
DEAP:S13:T14,DEAP:S13,T14,1,7.97,1,1,2,6,unexposed,stimulus_relative_context,validation_familiar,10.0,4.781005965270868e-05,0.9999521899403473
DEAP:S13:T17,DEAP:S13,T17,1,5.99,1,1,2,6,unexposed,stimulus_relative_context,validation_familiar,10.0,0.00035559385408456823,0.9996444061459154
DEAP:S13:T20,DEAP:S13,T20,1,7.6,1,1,2,6,unexposed,stimulus_relative_context,validation_familiar,10.0,7.034796009608435e-06,0.9999929652039904
DEAP:S13:T21,DEAP:S13,T21,0,2.0,1,1,2,6,unexposed,stimulus_relative_context,validation_familiar,10.0,0.0006902686687580983,0.9993097313312419
DEAP:S13:T23,DEAP:S13,T23,0,1.0,1,1,2,6,unexposed,stimulus_relative_context,validation_familiar,10.0,0.04243123284703332,0.9575687671529667
DEAP:S13:T25,DEAP:S13,T25,0,3.97,1,1,2,6,unexposed,stimulus_relative_context,validation_familiar,10.0,0.004615930990950812,0.9953840690090492
DEAP:S13:T26,DEAP:S13,T26,1,5.04,1,1,2,6,unexposed,stimulus_relative_context,validation_familiar,10.0,0.0023740105262910483,0.997625989473709
DEAP:S13:T33,DEAP:S13,T33,0,4.55,1,1,2,6,unexposed,stimulus_relative_context,validation_familiar,10.0,0.004030487143014905,0.9959695128569851
DEAP:S13:T35,DEAP:S13,T35,0,1.0,1,1,2,6,unexposed,stimulus_relative_context,validation_familiar,10.0,0.11422551794047353,0.8857744820595265
DEAP:S13:T37,DEAP:S13,T37,0,1.0,1,1,2,6,unexposed,stimulus_relative_context,validation_familiar,10.0,0.0028354389726356066,0.9971645610273644
DEAP:S13:T38,DEAP:S13,T38,0,1.0,1,1,2,6,unexposed,stimulus_relative_context,validation_familiar,10.0,0.0009363762348769678,0.999063623765123
DEAP:S15:T01,DEAP:S15,T01,1,8.9,1,1,2,6,unexposed,stimulus_relative_context,validation_familiar,10.0,0.9701509969231922,0.029849003076807826
DEAP:S15:T02,DEAP:S15,T02,1,5.04,1,1,2,6,unexposed,stimulus_relative_context,validation_familiar,10.0,0.8238419672883615,0.1761580327116385
DEAP:S15:T08,DEAP:S15,T08,1,9.0,1,1,2,6,unexposed,stimulus_relative_context,validation_familiar,10.0,0.9923970782976584,0.00760292170234152
DEAP:S15:T10,DEAP:S15,T10,0,4.99,1,1,2,6,unexposed,stimulus_relative_context,validation_familiar,10.0,0.988631498156963,0.0113685018430369
DEAP:S15:T12,DEAP:S15,T12,1,7.08,1,1,2,6,unexposed,stimulus_relative_context,validation_familiar,10.0,0.9995886160895575,0.00041138391044245523
DEAP:S15:T14,DEAP:S15,T14,1,8.15,1,1,2,6,unexposed,stimulus_relative_context,validation_familiar,10.0,0.9998092068832694,0.00019079311673065192
DEAP:S15:T17,DEAP:S15,T17,1,8.1,1,1,2,6,unexposed,stimulus_relative_context,validation_familiar,10.0,0.9994538149877242,0.0005461850122757522
DEAP:S15:T20,DEAP:S15,T20,1,7.97,1,1,2,6,unexposed,stimulus_relative_context,validation_familiar,10.0,0.999857551884228,0.00014244811577207096
DEAP:S15:T21,DEAP:S15,T21,0,3.09,1,1,2,6,unexposed,stimulus_relative_context,validation_familiar,10.0,0.9986744281360546,0.0013255718639454215
DEAP:S15:T23,DEAP:S15,T23,0,3.05,1,1,2,6,unexposed,stimulus_relative_context,validation_familiar,10.0,0.9999998671588101,1.3284118997231538e-07
DEAP:S15:T25,DEAP:S15,T25,0,2.96,1,1,2,6,unexposed,stimulus_relative_context,validation_familiar,10.0,0.957359562346551,0.042640437653449104
DEAP:S15:T26,DEAP:S15,T26,0,4.96,1,1,2,6,unexposed,stimulus_relative_context,validation_familiar,10.0,0.9980795559614735,0.0019204440385264985
DEAP:S15:T33,DEAP:S15,T33,0,3.01,1,1,2,6,unexposed,stimulus_relative_context,validation_familiar,10.0,0.9995208471660301,0.0004791528339699829
DEAP:S15:T35,DEAP:S15,T35,1,5.05,1,1,2,6,unexposed,stimulus_relative_context,validation_familiar,10.0,0.49794319933350717,0.5020568006664928
DEAP:S15:T37,DEAP:S15,T37,0,3.04,1,1,2,6,unexposed,stimulus_relative_context,validation_familiar,10.0,0.9999716875528019,2.8312447198127724e-05
DEAP:S15:T38,DEAP:S15,T38,0,2.08,1,1,2,6,unexposed,stimulus_relative_context,validation_familiar,10.0,0.004496832313411914,0.9955031676865881
DEAP:S24:T01,DEAP:S24,T01,1,7.06,1,1,2,6,unexposed,stimulus_relative_context,validation_familiar,10.0,7.276952831558603e-05,0.9999272304716844
DEAP:S24:T02,DEAP:S24,T02,1,6.04,1,1,2,6,unexposed,stimulus_relative_context,validation_familiar,10.0,3.297494948062418e-05,0.9999670250505194
DEAP:S24:T08,DEAP:S24,T08,1,7.03,1,1,2,6,unexposed,stimulus_relative_context,validation_familiar,10.0,1.045898273210888e-06,0.9999989541017268
DEAP:S24:T10,DEAP:S24,T10,1,5.01,1,1,2,6,unexposed,stimulus_relative_context,validation_familiar,10.0,4.820612826361703e-06,0.9999951793871736
DEAP:S24:T12,DEAP:S24,T12,1,7.04,1,1,2,6,unexposed,stimulus_relative_context,validation_familiar,10.0,0.00011248059301127711,0.9998875194069887
DEAP:S24:T14,DEAP:S24,T14,1,8.05,1,1,2,6,unexposed,stimulus_relative_context,validation_familiar,10.0,3.72072326737527e-05,0.9999627927673262
DEAP:S24:T17,DEAP:S24,T17,0,4.08,1,1,2,6,unexposed,stimulus_relative_context,validation_familiar,10.0,2.16070928040768e-05,0.9999783929071959
DEAP:S24:T20,DEAP:S24,T20,0,4.03,1,1,2,6,unexposed,stimulus_relative_context,validation_familiar,10.0,1.0633720948227676e-07,0.9999998936627905
DEAP:S24:T21,DEAP:S24,T21,0,1.96,1,1,2,6,unexposed,stimulus_relative_context,validation_familiar,10.0,0.000862211044423411,0.9991377889555766
DEAP:S24:T23,DEAP:S24,T23,0,1.0,1,1,2,6,unexposed,stimulus_relative_context,validation_familiar,10.0,0.0073845346992919,0.9926154653007081
DEAP:S24:T25,DEAP:S24,T25,0,3.12,1,1,2,6,unexposed,stimulus_relative_context,validation_familiar,10.0,0.10638013932804902,0.893619860671951
DEAP:S24:T26,DEAP:S24,T26,0,4.05,1,1,2,6,unexposed,stimulus_relative_context,validation_familiar,10.0,0.00023691187583618767,0.9997630881241638
DEAP:S24:T33,DEAP:S24,T33,1,5.01,1,1,2,6,unexposed,stimulus_relative_context,validation_familiar,10.0,0.004399292900430507,0.9956007070995695
DEAP:S24:T35,DEAP:S24,T35,0,4.05,1,1,2,6,unexposed,stimulus_relative_context,validation_familiar,10.0,0.49011018318719957,0.5098898168128004
DEAP:S24:T37,DEAP:S24,T37,0,4.0,1,1,2,6,unexposed,stimulus_relative_context,validation_familiar,10.0,0.01876519574503943,0.9812348042549606
DEAP:S24:T38,DEAP:S24,T38,0,2.03,1,1,2,6,unexposed,stimulus_relative_context,validation_familiar,10.0,0.03679853541680578,0.9632014645831942
DEAP:S32:T01,DEAP:S32,T01,1,8.13,1,1,2,6,unexposed,stimulus_relative_context,validation_familiar,10.0,0.40231162432230716,0.5976883756776928
DEAP:S32:T02,DEAP:S32,T02,0,4.99,1,1,2,6,unexposed,stimulus_relative_context,validation_familiar,10.0,0.00011304490081287533,0.9998869550991871
DEAP:S32:T08,DEAP:S32,T08,1,7.96,1,1,2,6,unexposed,stimulus_relative_context,validation_familiar,10.0,0.0015725913647367529,0.9984274086352632
DEAP:S32:T10,DEAP:S32,T10,0,4.08,1,1,2,6,unexposed,stimulus_relative_context,validation_familiar,10.0,0.001048607065171625,0.9989513929348284
DEAP:S32:T12,DEAP:S32,T12,1,7.31,1,1,2,6,unexposed,stimulus_relative_context,validation_familiar,10.0,0.12336597390008719,0.8766340260999128
DEAP:S32:T14,DEAP:S32,T14,1,7.1,1,1,2,6,unexposed,stimulus_relative_context,validation_familiar,10.0,0.01465732799181485,0.9853426720081851
DEAP:S32:T17,DEAP:S32,T17,1,6.09,1,1,2,6,unexposed,stimulus_relative_context,validation_familiar,10.0,0.6574066826172619,0.3425933173827381
DEAP:S32:T20,DEAP:S32,T20,1,6.03,1,1,2,6,unexposed,stimulus_relative_context,validation_familiar,10.0,0.01686092075797363,0.9831390792420264
DEAP:S32:T21,DEAP:S32,T21,0,4.12,1,1,2,6,unexposed,stimulus_relative_context,validation_familiar,10.0,0.952224910168598,0.04777508983140204
DEAP:S32:T23,DEAP:S32,T23,0,3.01,1,1,2,6,unexposed,stimulus_relative_context,validation_familiar,10.0,0.9694545665911861,0.03054543340881385
DEAP:S32:T25,DEAP:S32,T25,0,4.01,1,1,2,6,unexposed,stimulus_relative_context,validation_familiar,10.0,0.8203091360515697,0.17969086394843026
DEAP:S32:T26,DEAP:S32,T26,1,5.14,1,1,2,6,unexposed,stimulus_relative_context,validation_familiar,10.0,0.27840389850240277,0.7215961014975972
DEAP:S32:T33,DEAP:S32,T33,0,4.06,1,1,2,6,unexposed,stimulus_relative_context,validation_familiar,10.0,0.004805696774518253,0.9951943032254817
DEAP:S32:T35,DEAP:S32,T35,0,3.88,1,1,2,6,unexposed,stimulus_relative_context,validation_familiar,10.0,0.9482687163161978,0.0517312836838022
DEAP:S32:T37,DEAP:S32,T37,0,2.81,1,1,2,6,unexposed,stimulus_relative_context,validation_familiar,10.0,0.0021817497740230785,0.9978182502259769
DEAP:S32:T38,DEAP:S32,T38,0,3.05,1,1,2,6,unexposed,stimulus_relative_context,validation_familiar,10.0,0.058514306999387644,0.9414856930006124
