trial_id,subject_id,material_key,label,original_label,group,source_session,material_rotation,fold,arm,model,role,C,p0,p1
DEAP:S02:T02,DEAP:S02,T02,1,8.01,2,1,2,7,unexposed,stimulus_absolute_context,train,0.01,0.2986925486741143,0.7013074513258857
DEAP:S02:T04,DEAP:S02,T04,1,6.05,2,1,2,7,unexposed,stimulus_absolute_context,train,0.01,0.22548186982417895,0.774518130175821
DEAP:S02:T08,DEAP:S02,T08,1,9.0,2,1,2,7,unexposed,stimulus_absolute_context,train,0.01,0.2161237775924285,0.7838762224075715
DEAP:S02:T11,DEAP:S02,T11,1,7.08,2,1,2,7,unexposed,stimulus_absolute_context,train,0.01,0.16012377445491277,0.8398762255450872
DEAP:S02:T18,DEAP:S02,T18,1,9.0,2,1,2,7,unexposed,stimulus_absolute_context,train,0.01,0.24987785583737543,0.7501221441626246
DEAP:S02:T19,DEAP:S02,T19,1,9.0,2,1,2,7,unexposed,stimulus_absolute_context,train,0.01,0.24779598618546173,0.7522040138145383
DEAP:S02:T23,DEAP:S02,T23,0,1.0,2,1,2,7,unexposed,stimulus_absolute_context,train,0.01,0.7822215215840957,0.21777847841590423
DEAP:S02:T25,DEAP:S02,T25,1,9.0,2,1,2,7,unexposed,stimulus_absolute_context,train,0.01,0.5580013528804932,0.4419986471195067
DEAP:S02:T26,DEAP:S02,T26,1,9.0,2,1,2,7,unexposed,stimulus_absolute_context,train,0.01,0.4748891380442467,0.5251108619557533
DEAP:S02:T28,DEAP:S02,T28,0,4.06,2,1,2,7,unexposed,stimulus_absolute_context,train,0.01,0.48144875858963754,0.5185512414103625
DEAP:S02:T29,DEAP:S02,T29,0,2.99,2,1,2,7,unexposed,stimulus_absolute_context,train,0.01,0.5791435993292535,0.42085640067074653
DEAP:S02:T30,DEAP:S02,T30,0,2.01,2,1,2,7,unexposed,stimulus_absolute_context,train,0.01,0.7935797714438252,0.2064202285561748
DEAP:S02:T32,DEAP:S02,T32,0,1.0,2,1,2,7,unexposed,stimulus_absolute_context,train,0.01,0.5025397825707127,0.4974602174292872
DEAP:S02:T39,DEAP:S02,T39,0,1.0,2,1,2,7,unexposed,stimulus_absolute_context,train,0.01,0.5876796954917407,0.41232030450825924
DEAP:S03:T02,DEAP:S03,T02,1,7.21,2,1,2,7,unexposed,stimulus_absolute_context,train,0.01,0.3770176265520915,0.6229823734479085
DEAP:S03:T04,DEAP:S03,T04,0,4.69,2,1,2,7,unexposed,stimulus_absolute_context,train,0.01,0.21452763310183365,0.7854723668981664
DEAP:S03:T08,DEAP:S03,T08,1,7.14,2,1,2,7,unexposed,stimulus_absolute_context,train,0.01,0.269186040716053,0.730813959283947
DEAP:S03:T11,DEAP:S03,T11,1,7.94,2,1,2,7,unexposed,stimulus_absolute_context,train,0.01,0.21326648810656568,0.7867335118934343
DEAP:S03:T18,DEAP:S03,T18,1,7.1,2,1,2,7,unexposed,stimulus_absolute_context,train,0.01,0.3478966786834209,0.6521033213165791
DEAP:S03:T19,DEAP:S03,T19,1,8.14,2,1,2,7,unexposed,stimulus_absolute_context,train,0.01,0.3328973620371942,0.6671026379628058
DEAP:S03:T22,DEAP:S03,T22,0,4.94,2,1,2,7,unexposed,stimulus_absolute_context,train,0.01,0.6655447446278796,0.3344552553721204
DEAP:S03:T23,DEAP:S03,T23,0,3.65,2,1,2,7,unexposed,stimulus_absolute_context,train,0.01,0.8366730861568562,0.1633269138431438
DEAP:S03:T25,DEAP:S03,T25,0,3.45,2,1,2,7,unexposed,stimulus_absolute_context,train,0.01,0.6275626924185804,0.3724373075814196
DEAP:S03:T28,DEAP:S03,T28,1,5.59,2,1,2,7,unexposed,stimulus_absolute_context,train,0.01,0.561133661922072,0.43886633807792796
DEAP:S03:T30,DEAP:S03,T30,0,3.87,2,1,2,7,unexposed,stimulus_absolute_context,train,0.01,0.8390415873367059,0.1609584126632942
DEAP:S03:T32,DEAP:S03,T32,1,5.17,2,1,2,7,unexposed,stimulus_absolute_context,train,0.01,0.6408274710442683,0.3591725289557317
DEAP:S03:T33,DEAP:S03,T33,0,4.05,2,1,2,7,unexposed,stimulus_absolute_context,train,0.01,0.6753863990105867,0.3246136009894133
DEAP:S03:T39,DEAP:S03,T39,0,4.33,2,1,2,7,unexposed,stimulus_absolute_context,train,0.01,0.6558027057517906,0.34419729424820944
DEAP:S04:T02,DEAP:S04,T02,0,4.06,2,1,2,7,unexposed,stimulus_absolute_context,train,0.01,0.4248603554992334,0.5751396445007666
DEAP:S04:T04,DEAP:S04,T04,1,6.1,2,1,2,7,unexposed,stimulus_absolute_context,train,0.01,0.37783922877485343,0.6221607712251466
DEAP:S04:T08,DEAP:S04,T08,1,5.97,2,1,2,7,unexposed,stimulus_absolute_context,train,0.01,0.3830371985503417,0.6169628014496583
DEAP:S04:T11,DEAP:S04,T11,1,7.24,2,1,2,7,unexposed,stimulus_absolute_context,train,0.01,0.29617726746636797,0.703822732533632
DEAP:S04:T18,DEAP:S04,T18,0,4.9,2,1,2,7,unexposed,stimulus_absolute_context,train,0.01,0.38996200208217024,0.6100379979178298
DEAP:S04:T19,DEAP:S04,T19,1,7.09,2,1,2,7,unexposed,stimulus_absolute_context,train,0.01,0.41030532745696646,0.5896946725430335
DEAP:S04:T22,DEAP:S04,T22,0,1.86,2,1,2,7,unexposed,stimulus_absolute_context,train,0.01,0.7431550293383071,0.25684497066169293
DEAP:S04:T23,DEAP:S04,T23,0,1.86,2,1,2,7,unexposed,stimulus_absolute_context,train,0.01,0.8846804966206997,0.11531950337930029
DEAP:S04:T25,DEAP:S04,T25,1,7.0,2,1,2,7,unexposed,stimulus_absolute_context,train,0.01,0.7305761932177128,0.2694238067822872
DEAP:S04:T26,DEAP:S04,T26,1,6.0,2,1,2,7,unexposed,stimulus_absolute_context,train,0.01,0.669047130508185,0.330952869491815
DEAP:S04:T28,DEAP:S04,T28,0,2.17,2,1,2,7,unexposed,stimulus_absolute_context,train,0.01,0.6475619941862677,0.3524380058137323
DEAP:S04:T29,DEAP:S04,T29,0,1.85,2,1,2,7,unexposed,stimulus_absolute_context,train,0.01,0.735317286569015,0.26468271343098504
DEAP:S04:T30,DEAP:S04,T30,0,3.1,2,1,2,7,unexposed,stimulus_absolute_context,train,0.01,0.8874062329085483,0.11259376709145173
DEAP:S04:T32,DEAP:S04,T32,0,1.01,2,1,2,7,unexposed,stimulus_absolute_context,train,0.01,0.7017442595293448,0.2982557404706552
DEAP:S04:T33,DEAP:S04,T33,0,1.0,2,1,2,7,unexposed,stimulus_absolute_context,train,0.01,0.7795012575044804,0.22049874249551954
DEAP:S04:T39,DEAP:S04,T39,0,1.92,2,1,2,7,unexposed,stimulus_absolute_context,train,0.01,0.7458802326689369,0.2541197673310631
DEAP:S07:T02,DEAP:S07,T02,1,7.15,2,1,2,7,unexposed,stimulus_absolute_context,train,0.01,0.30523418348825526,0.6947658165117447
DEAP:S07:T04,DEAP:S07,T04,1,7.08,2,1,2,7,unexposed,stimulus_absolute_context,train,0.01,0.24459128323869306,0.7554087167613069
DEAP:S07:T08,DEAP:S07,T08,1,7.0,2,1,2,7,unexposed,stimulus_absolute_context,train,0.01,0.23813426264455928,0.7618657373554407
DEAP:S07:T11,DEAP:S07,T11,1,7.03,2,1,2,7,unexposed,stimulus_absolute_context,train,0.01,0.1821482918743862,0.8178517081256138
DEAP:S07:T18,DEAP:S07,T18,1,7.03,2,1,2,7,unexposed,stimulus_absolute_context,train,0.01,0.27602423578923996,0.72397576421076
DEAP:S07:T19,DEAP:S07,T19,1,6.99,2,1,2,7,unexposed,stimulus_absolute_context,train,0.01,0.27461232226091425,0.7253876777390857
DEAP:S07:T22,DEAP:S07,T22,0,3.05,2,1,2,7,unexposed,stimulus_absolute_context,train,0.01,0.5959016169075718,0.4040983830924282
DEAP:S07:T23,DEAP:S07,T23,0,3.01,2,1,2,7,unexposed,stimulus_absolute_context,train,0.01,0.7996302074963907,0.20036979250360928
DEAP:S07:T25,DEAP:S07,T25,0,2.99,2,1,2,7,unexposed,stimulus_absolute_context,train,0.01,0.5696739352341844,0.43032606476581553
DEAP:S07:T26,DEAP:S07,T26,0,2.0,2,1,2,7,unexposed,stimulus_absolute_context,train,0.01,0.4813577167239448,0.5186422832760552
DEAP:S07:T28,DEAP:S07,T28,0,2.05,2,1,2,7,unexposed,stimulus_absolute_context,train,0.01,0.5026566850307839,0.4973433149692162
DEAP:S07:T29,DEAP:S07,T29,1,7.09,2,1,2,7,unexposed,stimulus_absolute_context,train,0.01,0.6357842335572397,0.36421576644276027
DEAP:S07:T30,DEAP:S07,T30,0,3.09,2,1,2,7,unexposed,stimulus_absolute_context,train,0.01,0.8043078147574639,0.1956921852425361
DEAP:S07:T33,DEAP:S07,T33,0,4.97,2,1,2,7,unexposed,stimulus_absolute_context,train,0.01,0.619553008277933,0.380446991722067
DEAP:S07:T39,DEAP:S07,T39,1,7.01,2,1,2,7,unexposed,stimulus_absolute_context,train,0.01,0.6217832459662072,0.37821675403379285
DEAP:S09:T02,DEAP:S09,T02,1,7.08,2,1,2,7,unexposed,stimulus_absolute_context,train,0.01,0.4474279105227835,0.5525720894772165
DEAP:S09:T04,DEAP:S09,T04,1,5.99,2,1,2,7,unexposed,stimulus_absolute_context,train,0.01,0.37387165661229804,0.626128343387702
DEAP:S09:T08,DEAP:S09,T08,1,6.15,2,1,2,7,unexposed,stimulus_absolute_context,train,0.01,0.3271186364373375,0.6728813635626625
DEAP:S09:T11,DEAP:S09,T11,1,7.12,2,1,2,7,unexposed,stimulus_absolute_context,train,0.01,0.27544865383073924,0.7245513461692608
DEAP:S09:T19,DEAP:S09,T19,0,3.97,2,1,2,7,unexposed,stimulus_absolute_context,train,0.01,0.3448366135222446,0.6551633864777554
DEAP:S09:T22,DEAP:S09,T22,0,3.99,2,1,2,7,unexposed,stimulus_absolute_context,train,0.01,0.7118755783587529,0.2881244216412471
DEAP:S09:T25,DEAP:S09,T25,1,5.04,2,1,2,7,unexposed,stimulus_absolute_context,train,0.01,0.6802791469961107,0.31972085300388936
DEAP:S09:T26,DEAP:S09,T26,0,4.1,2,1,2,7,unexposed,stimulus_absolute_context,train,0.01,0.6875418285517452,0.31245817144825483
DEAP:S09:T28,DEAP:S09,T28,0,2.96,2,1,2,7,unexposed,stimulus_absolute_context,train,0.01,0.6462629772196209,0.35373702278037916
DEAP:S09:T29,DEAP:S09,T29,0,3.99,2,1,2,7,unexposed,stimulus_absolute_context,train,0.01,0.752321670579233,0.247678329420767
DEAP:S09:T30,DEAP:S09,T30,0,4.04,2,1,2,7,unexposed,stimulus_absolute_context,train,0.01,0.8763179142452349,0.12368208575476519
DEAP:S09:T32,DEAP:S09,T32,0,3.1,2,1,2,7,unexposed,stimulus_absolute_context,train,0.01,0.7069871123515429,0.2930128876484571
DEAP:S09:T33,DEAP:S09,T33,0,3.08,2,1,2,7,unexposed,stimulus_absolute_context,train,0.01,0.798457964226367,0.20154203577363308
DEAP:S09:T39,DEAP:S09,T39,0,3.17,2,1,2,7,unexposed,stimulus_absolute_context,train,0.01,0.7626759182726988,0.23732408172730118
DEAP:S10:T02,DEAP:S10,T02,0,3.55,2,1,2,7,unexposed,stimulus_absolute_context,train,0.01,0.3680223345787801,0.6319776654212199
DEAP:S10:T08,DEAP:S10,T08,1,5.68,2,1,2,7,unexposed,stimulus_absolute_context,train,0.01,0.3047442982340297,0.6952557017659703
DEAP:S10:T11,DEAP:S10,T11,1,8.99,2,1,2,7,unexposed,stimulus_absolute_context,train,0.01,0.2339386657204956,0.7660613342795044
DEAP:S10:T18,DEAP:S10,T18,1,7.31,2,1,2,7,unexposed,stimulus_absolute_context,train,0.01,0.37423716100879223,0.6257628389912078
DEAP:S10:T19,DEAP:S10,T19,1,7.82,2,1,2,7,unexposed,stimulus_absolute_context,train,0.01,0.35629374210222364,0.6437062578977764
DEAP:S10:T22,DEAP:S10,T22,0,4.24,2,1,2,7,unexposed,stimulus_absolute_context,train,0.01,0.7155622973540012,0.2844377026459987
DEAP:S10:T23,DEAP:S10,T23,0,2.87,2,1,2,7,unexposed,stimulus_absolute_context,train,0.01,0.8646596278512516,0.1353403721487484
DEAP:S10:T25,DEAP:S10,T25,0,1.92,2,1,2,7,unexposed,stimulus_absolute_context,train,0.01,0.6976924051775181,0.30230759482248193
DEAP:S10:T26,DEAP:S10,T26,0,4.95,2,1,2,7,unexposed,stimulus_absolute_context,train,0.01,0.6477629963397582,0.35223700366024185
DEAP:S10:T28,DEAP:S10,T28,0,4.31,2,1,2,7,unexposed,stimulus_absolute_context,train,0.01,0.6011114059255245,0.3988885940744755
DEAP:S10:T29,DEAP:S10,T29,0,3.94,2,1,2,7,unexposed,stimulus_absolute_context,train,0.01,0.7271292450081421,0.2728707549918579
DEAP:S10:T30,DEAP:S10,T30,0,2.64,2,1,2,7,unexposed,stimulus_absolute_context,train,0.01,0.8737132368844784,0.12628676311552156
DEAP:S10:T32,DEAP:S10,T32,1,5.96,2,1,2,7,unexposed,stimulus_absolute_context,train,0.01,0.6282363496593335,0.37176365034066644
DEAP:S10:T33,DEAP:S10,T33,0,4.94,2,1,2,7,unexposed,stimulus_absolute_context,train,0.01,0.74189210628817,0.2581078937118299
DEAP:S10:T39,DEAP:S10,T39,0,2.17,2,1,2,7,unexposed,stimulus_absolute_context,train,0.01,0.7211629623669036,0.2788370376330964
DEAP:S11:T04,DEAP:S11,T04,1,7.65,2,1,2,7,unexposed,stimulus_absolute_context,train,0.01,0.14377691447213115,0.8562230855278689
DEAP:S11:T08,DEAP:S11,T08,1,6.26,2,1,2,7,unexposed,stimulus_absolute_context,train,0.01,0.14179763911154764,0.8582023608884524
DEAP:S11:T18,DEAP:S11,T18,1,7.95,2,1,2,7,unexposed,stimulus_absolute_context,train,0.01,0.1590883074856484,0.8409116925143516
DEAP:S11:T19,DEAP:S11,T19,1,5.54,2,1,2,7,unexposed,stimulus_absolute_context,train,0.01,0.15122146753303944,0.8487785324669606
DEAP:S11:T22,DEAP:S11,T22,1,6.15,2,1,2,7,unexposed,stimulus_absolute_context,train,0.01,0.44058146233845874,0.5594185376615413
DEAP:S11:T23,DEAP:S11,T23,0,3.72,2,1,2,7,unexposed,stimulus_absolute_context,train,0.01,0.6854888869100937,0.3145111130899063
DEAP:S11:T25,DEAP:S11,T25,1,5.01,2,1,2,7,unexposed,stimulus_absolute_context,train,0.01,0.4499828732545146,0.5500171267454854
DEAP:S11:T28,DEAP:S11,T28,0,4.26,2,1,2,7,unexposed,stimulus_absolute_context,train,0.01,0.3639776958880995,0.6360223041119005
DEAP:S11:T29,DEAP:S11,T29,0,2.32,2,1,2,7,unexposed,stimulus_absolute_context,train,0.01,0.4717168866886695,0.5282831133113305
DEAP:S11:T30,DEAP:S11,T30,0,4.58,2,1,2,7,unexposed,stimulus_absolute_context,train,0.01,0.6487801695426969,0.35121983045730315
DEAP:S11:T32,DEAP:S11,T32,1,5.01,2,1,2,7,unexposed,stimulus_absolute_context,train,0.01,0.3974198143433849,0.6025801856566151
DEAP:S11:T33,DEAP:S11,T33,1,5.64,2,1,2,7,unexposed,stimulus_absolute_context,train,0.01,0.48272215474713653,0.5172778452528635
DEAP:S11:T39,DEAP:S11,T39,0,1.0,2,1,2,7,unexposed,stimulus_absolute_context,train,0.01,0.4058395610929594,0.5941604389070406
DEAP:S12:T02,DEAP:S12,T02,1,6.09,2,1,2,7,unexposed,stimulus_absolute_context,train,0.01,0.3250827760568663,0.6749172239431337
DEAP:S12:T04,DEAP:S12,T04,1,6.86,2,1,2,7,unexposed,stimulus_absolute_context,train,0.01,0.27374330703791905,0.726256692962081
DEAP:S12:T08,DEAP:S12,T08,1,5.1,2,1,2,7,unexposed,stimulus_absolute_context,train,0.01,0.2526035403034126,0.7473964596965874
DEAP:S12:T11,DEAP:S12,T11,1,7.78,2,1,2,7,unexposed,stimulus_absolute_context,train,0.01,0.20043502500461496,0.799564974995385
DEAP:S12:T18,DEAP:S12,T18,1,7.35,2,1,2,7,unexposed,stimulus_absolute_context,train,0.01,0.329981700210088,0.670018299789912
DEAP:S12:T19,DEAP:S12,T19,1,7.03,2,1,2,7,unexposed,stimulus_absolute_context,train,0.01,0.31175941221332837,0.6882405877866716
DEAP:S12:T22,DEAP:S12,T22,0,3.33,2,1,2,7,unexposed,stimulus_absolute_context,train,0.01,0.6536904372240744,0.34630956277592556
DEAP:S12:T26,DEAP:S12,T26,1,6.08,2,1,2,7,unexposed,stimulus_absolute_context,train,0.01,0.5490877950096922,0.45091220499030776
DEAP:S12:T28,DEAP:S12,T28,1,5.04,2,1,2,7,unexposed,stimulus_absolute_context,train,0.01,0.5261544259082458,0.47384557409175426
DEAP:S12:T29,DEAP:S12,T29,0,1.67,2,1,2,7,unexposed,stimulus_absolute_context,train,0.01,0.6264174722301799,0.3735825277698201
DEAP:S12:T30,DEAP:S12,T30,0,3.36,2,1,2,7,unexposed,stimulus_absolute_context,train,0.01,0.817347656280753,0.18265234371924702
DEAP:S12:T32,DEAP:S12,T32,0,1.86,2,1,2,7,unexposed,stimulus_absolute_context,train,0.01,0.5845695960697925,0.4154304039302074
DEAP:S12:T33,DEAP:S12,T33,0,1.9,2,1,2,7,unexposed,stimulus_absolute_context,train,0.01,0.6600441756744438,0.33995582432555616
DEAP:S12:T39,DEAP:S12,T39,0,3.18,2,1,2,7,unexposed,stimulus_absolute_context,train,0.01,0.6324173818710002,0.3675826181289998
DEAP:S13:T02,DEAP:S13,T02,0,4.03,2,1,2,7,unexposed,stimulus_absolute_context,train,0.01,0.2885325655455566,0.7114674344544434
DEAP:S13:T04,DEAP:S13,T04,1,7.08,2,1,2,7,unexposed,stimulus_absolute_context,train,0.01,0.24155699791158702,0.758443002088413
DEAP:S13:T08,DEAP:S13,T08,1,7.99,2,1,2,7,unexposed,stimulus_absolute_context,train,0.01,0.24905519938742715,0.7509448006125728
DEAP:S13:T11,DEAP:S13,T11,1,7.04,2,1,2,7,unexposed,stimulus_absolute_context,train,0.01,0.18701299774371127,0.8129870022562887
DEAP:S13:T18,DEAP:S13,T18,1,7.94,2,1,2,7,unexposed,stimulus_absolute_context,train,0.01,0.2837450368400952,0.7162549631599048
DEAP:S13:T19,DEAP:S13,T19,1,8.51,2,1,2,7,unexposed,stimulus_absolute_context,train,0.01,0.2861139283625874,0.7138860716374126
DEAP:S13:T22,DEAP:S13,T22,0,4.01,2,1,2,7,unexposed,stimulus_absolute_context,train,0.01,0.6328577382953824,0.36714226170461767
DEAP:S13:T23,DEAP:S13,T23,0,1.0,2,1,2,7,unexposed,stimulus_absolute_context,train,0.01,0.809545324550789,0.19045467544921105
DEAP:S13:T25,DEAP:S13,T25,0,3.97,2,1,2,7,unexposed,stimulus_absolute_context,train,0.01,0.5587984683580702,0.4412015316419298
DEAP:S13:T26,DEAP:S13,T26,1,5.04,2,1,2,7,unexposed,stimulus_absolute_context,train,0.01,0.5509798176378122,0.4490201823621877
DEAP:S13:T28,DEAP:S13,T28,1,7.08,2,1,2,7,unexposed,stimulus_absolute_context,train,0.01,0.5312978098857476,0.4687021901142524
DEAP:S13:T29,DEAP:S13,T29,0,4.04,2,1,2,7,unexposed,stimulus_absolute_context,train,0.01,0.625205511134189,0.37479448886581107
DEAP:S13:T30,DEAP:S13,T30,0,3.05,2,1,2,7,unexposed,stimulus_absolute_context,train,0.01,0.8160179085547073,0.18398209144529262
DEAP:S13:T33,DEAP:S13,T33,0,4.55,2,1,2,7,unexposed,stimulus_absolute_context,train,0.01,0.6551862860829261,0.344813713917074
DEAP:S13:T39,DEAP:S13,T39,0,1.97,2,1,2,7,unexposed,stimulus_absolute_context,train,0.01,0.6297440017702518,0.3702559982297482
DEAP:S14:T02,DEAP:S14,T02,1,6.05,2,1,2,7,unexposed,stimulus_absolute_context,train,0.01,0.3682064621927563,0.6317935378072437
DEAP:S14:T04,DEAP:S14,T04,1,7.38,2,1,2,7,unexposed,stimulus_absolute_context,train,0.01,0.3007339404730426,0.6992660595269574
DEAP:S14:T08,DEAP:S14,T08,1,7.0,2,1,2,7,unexposed,stimulus_absolute_context,train,0.01,0.3064047532504026,0.6935952467495974
DEAP:S14:T11,DEAP:S14,T11,1,8.03,2,1,2,7,unexposed,stimulus_absolute_context,train,0.01,0.23625671103820656,0.7637432889617934
DEAP:S14:T18,DEAP:S14,T18,1,8.09,2,1,2,7,unexposed,stimulus_absolute_context,train,0.01,0.3598247788586898,0.6401752211413102
DEAP:S14:T19,DEAP:S14,T19,1,7.55,2,1,2,7,unexposed,stimulus_absolute_context,train,0.01,0.3262713004538548,0.6737286995461452
DEAP:S14:T22,DEAP:S14,T22,0,4.1,2,1,2,7,unexposed,stimulus_absolute_context,train,0.01,0.680040399962151,0.31995960003784896
DEAP:S14:T23,DEAP:S14,T23,0,2.41,2,1,2,7,unexposed,stimulus_absolute_context,train,0.01,0.8517785958568339,0.14822140414316612
DEAP:S14:T25,DEAP:S14,T25,0,3.87,2,1,2,7,unexposed,stimulus_absolute_context,train,0.01,0.6468827621892821,0.35311723781071785
DEAP:S14:T26,DEAP:S14,T26,0,3.28,2,1,2,7,unexposed,stimulus_absolute_context,train,0.01,0.5837936947308608,0.4162063052691391
DEAP:S14:T28,DEAP:S14,T28,0,2.53,2,1,2,7,unexposed,stimulus_absolute_context,train,0.01,0.5817806287083824,0.4182193712916176
DEAP:S14:T30,DEAP:S14,T30,0,1.1,2,1,2,7,unexposed,stimulus_absolute_context,train,0.01,0.8533545163945792,0.14664548360542087
DEAP:S14:T32,DEAP:S14,T32,0,1.99,2,1,2,7,unexposed,stimulus_absolute_context,train,0.01,0.6018118809008455,0.3981881190991545
DEAP:S14:T33,DEAP:S14,T33,0,3.18,2,1,2,7,unexposed,stimulus_absolute_context,train,0.01,0.703390124430461,0.29660987556953905
DEAP:S14:T39,DEAP:S14,T39,1,6.65,2,1,2,7,unexposed,stimulus_absolute_context,train,0.01,0.7021441277730911,0.2978558722269089
DEAP:S15:T02,DEAP:S15,T02,1,5.04,2,1,2,7,unexposed,stimulus_absolute_context,train,0.01,0.4003485092666701,0.5996514907333299
DEAP:S15:T04,DEAP:S15,T04,1,8.04,2,1,2,7,unexposed,stimulus_absolute_context,train,0.01,0.2754806185646347,0.7245193814353653
DEAP:S15:T08,DEAP:S15,T08,1,9.0,2,1,2,7,unexposed,stimulus_absolute_context,train,0.01,0.3206888043494972,0.6793111956505028
DEAP:S15:T11,DEAP:S15,T11,1,8.99,2,1,2,7,unexposed,stimulus_absolute_context,train,0.01,0.22329483778789738,0.7767051622121026
DEAP:S15:T18,DEAP:S15,T18,1,7.04,2,1,2,7,unexposed,stimulus_absolute_context,train,0.01,0.34787827528298043,0.6521217247170196
DEAP:S15:T19,DEAP:S15,T19,1,7.04,2,1,2,7,unexposed,stimulus_absolute_context,train,0.01,0.3521755838339272,0.6478244161660728
DEAP:S15:T22,DEAP:S15,T22,0,4.12,2,1,2,7,unexposed,stimulus_absolute_context,train,0.01,0.7577572478499364,0.24224275215006363
DEAP:S15:T23,DEAP:S15,T23,0,3.05,2,1,2,7,unexposed,stimulus_absolute_context,train,0.01,0.8498272921541714,0.15017270784582865
DEAP:S15:T25,DEAP:S15,T25,0,2.96,2,1,2,7,unexposed,stimulus_absolute_context,train,0.01,0.6595026454775139,0.34049735452248614
DEAP:S15:T28,DEAP:S15,T28,0,4.01,2,1,2,7,unexposed,stimulus_absolute_context,train,0.01,0.6159823535771843,0.38401764642281566
DEAP:S15:T29,DEAP:S15,T29,0,4.05,2,1,2,7,unexposed,stimulus_absolute_context,train,0.01,0.730838312747822,0.2691616872521781
DEAP:S15:T30,DEAP:S15,T30,0,2.04,2,1,2,7,unexposed,stimulus_absolute_context,train,0.01,0.8808693521363826,0.11913064786361739
DEAP:S15:T32,DEAP:S15,T32,0,3.97,2,1,2,7,unexposed,stimulus_absolute_context,train,0.01,0.6628485339276261,0.3371514660723739
DEAP:S15:T33,DEAP:S15,T33,0,3.01,2,1,2,7,unexposed,stimulus_absolute_context,train,0.01,0.6747913551311536,0.3252086448688464
DEAP:S15:T39,DEAP:S15,T39,0,4.0,2,1,2,7,unexposed,stimulus_absolute_context,train,0.01,0.6903730764247042,0.30962692357529575
DEAP:S16:T02,DEAP:S16,T02,1,6.45,2,1,2,7,unexposed,stimulus_absolute_context,train,0.01,0.434380450551915,0.565619549448085
DEAP:S16:T08,DEAP:S16,T08,0,3.51,2,1,2,7,unexposed,stimulus_absolute_context,train,0.01,0.29913519516135756,0.7008648048386424
DEAP:S16:T11,DEAP:S16,T11,1,7.27,2,1,2,7,unexposed,stimulus_absolute_context,train,0.01,0.2935125176565524,0.7064874823434476
DEAP:S16:T19,DEAP:S16,T19,0,2.86,2,1,2,7,unexposed,stimulus_absolute_context,train,0.01,0.37676687769232764,0.6232331223076724
DEAP:S16:T23,DEAP:S16,T23,0,3.9,2,1,2,7,unexposed,stimulus_absolute_context,train,0.01,0.882487600434733,0.11751239956526702
DEAP:S16:T25,DEAP:S16,T25,0,2.47,2,1,2,7,unexposed,stimulus_absolute_context,train,0.01,0.7135654241021099,0.2864345758978902
DEAP:S16:T26,DEAP:S16,T26,0,1.82,2,1,2,7,unexposed,stimulus_absolute_context,train,0.01,0.6322006328597288,0.36779936714027117
DEAP:S16:T28,DEAP:S16,T28,0,2.85,2,1,2,7,unexposed,stimulus_absolute_context,train,0.01,0.6271046565918119,0.37289534340818803
DEAP:S16:T29,DEAP:S16,T29,0,3.23,2,1,2,7,unexposed,stimulus_absolute_context,train,0.01,0.7519913506360981,0.24800864936390185
DEAP:S16:T33,DEAP:S16,T33,0,1.0,2,1,2,7,unexposed,stimulus_absolute_context,train,0.01,0.7660470848137677,0.23395291518623226
DEAP:S16:T39,DEAP:S16,T39,1,6.13,2,1,2,7,unexposed,stimulus_absolute_context,train,0.01,0.7338630664887624,0.2661369335112375
DEAP:S17:T02,DEAP:S17,T02,1,7.26,2,1,2,7,unexposed,stimulus_absolute_context,train,0.01,0.2634712092047262,0.7365287907952738
DEAP:S17:T04,DEAP:S17,T04,1,6.35,2,1,2,7,unexposed,stimulus_absolute_context,train,0.01,0.2391625119623113,0.7608374880376887
DEAP:S17:T08,DEAP:S17,T08,1,6.05,2,1,2,7,unexposed,stimulus_absolute_context,train,0.01,0.20539711349187573,0.7946028865081243
DEAP:S17:T18,DEAP:S17,T18,1,6.22,2,1,2,7,unexposed,stimulus_absolute_context,train,0.01,0.2743654594474475,0.7256345405525525
DEAP:S17:T22,DEAP:S17,T22,0,3.19,2,1,2,7,unexposed,stimulus_absolute_context,train,0.01,0.5817074924071781,0.4182925075928218
DEAP:S17:T23,DEAP:S17,T23,0,3.62,2,1,2,7,unexposed,stimulus_absolute_context,train,0.01,0.7637999507027047,0.2362000492972953
DEAP:S17:T25,DEAP:S17,T25,1,6.18,2,1,2,7,unexposed,stimulus_absolute_context,train,0.01,0.5558194356348946,0.44418056436510545
DEAP:S17:T26,DEAP:S17,T26,0,3.73,2,1,2,7,unexposed,stimulus_absolute_context,train,0.01,0.4644351441370289,0.5355648558629711
DEAP:S17:T28,DEAP:S17,T28,1,5.64,2,1,2,7,unexposed,stimulus_absolute_context,train,0.01,0.481323826003186,0.518676173996814
DEAP:S17:T29,DEAP:S17,T29,1,5.54,2,1,2,7,unexposed,stimulus_absolute_context,train,0.01,0.6216083388334759,0.37839166116652406
DEAP:S17:T30,DEAP:S17,T30,0,3.04,2,1,2,7,unexposed,stimulus_absolute_context,train,0.01,0.7897372501553749,0.21026274984462515
DEAP:S17:T32,DEAP:S17,T32,0,4.04,2,1,2,7,unexposed,stimulus_absolute_context,train,0.01,0.5198420115957234,0.48015798840427665
DEAP:S17:T33,DEAP:S17,T33,0,3.83,2,1,2,7,unexposed,stimulus_absolute_context,train,0.01,0.5886007037665166,0.4113992962334833
DEAP:S17:T39,DEAP:S17,T39,1,7.1,2,1,2,7,unexposed,stimulus_absolute_context,train,0.01,0.5910399806357156,0.40896001936428444
DEAP:S18:T02,DEAP:S18,T02,1,6.87,2,1,2,7,unexposed,stimulus_absolute_context,train,0.01,0.2708927766165631,0.7291072233834369
DEAP:S18:T04,DEAP:S18,T04,1,6.65,2,1,2,7,unexposed,stimulus_absolute_context,train,0.01,0.2012699842555954,0.7987300157444046
DEAP:S18:T11,DEAP:S18,T11,1,6.24,2,1,2,7,unexposed,stimulus_absolute_context,train,0.01,0.14788107371217474,0.8521189262878253
DEAP:S18:T18,DEAP:S18,T18,1,7.05,2,1,2,7,unexposed,stimulus_absolute_context,train,0.01,0.2434630498098007,0.7565369501901993
DEAP:S18:T19,DEAP:S18,T19,1,7.04,2,1,2,7,unexposed,stimulus_absolute_context,train,0.01,0.2454062110807229,0.7545937889192771
DEAP:S18:T22,DEAP:S18,T22,1,5.69,2,1,2,7,unexposed,stimulus_absolute_context,train,0.01,0.5848973374493824,0.4151026625506176
DEAP:S18:T23,DEAP:S18,T23,0,3.71,2,1,2,7,unexposed,stimulus_absolute_context,train,0.01,0.7725179606211917,0.2274820393788083
DEAP:S18:T25,DEAP:S18,T25,0,4.23,2,1,2,7,unexposed,stimulus_absolute_context,train,0.01,0.5198749403094843,0.48012505969051567
DEAP:S18:T26,DEAP:S18,T26,1,5.44,2,1,2,7,unexposed,stimulus_absolute_context,train,0.01,0.4585743247825511,0.5414256752174489
DEAP:S18:T28,DEAP:S18,T28,1,5.95,2,1,2,7,unexposed,stimulus_absolute_context,train,0.01,0.4623568208835386,0.5376431791164614
DEAP:S18:T29,DEAP:S18,T29,0,4.9,2,1,2,7,unexposed,stimulus_absolute_context,train,0.01,0.5820789467773486,0.4179210532226514
DEAP:S18:T30,DEAP:S18,T30,0,2.96,2,1,2,7,unexposed,stimulus_absolute_context,train,0.01,0.7935503818402101,0.20644961815978985
DEAP:S18:T32,DEAP:S18,T32,0,4.62,2,1,2,7,unexposed,stimulus_absolute_context,train,0.01,0.5067977273335889,0.4932022726664112
DEAP:S18:T33,DEAP:S18,T33,0,4.56,2,1,2,7,unexposed,stimulus_absolute_context,train,0.01,0.580959820586984,0.41904017941301597
DEAP:S18:T39,DEAP:S18,T39,0,4.06,2,1,2,7,unexposed,stimulus_absolute_context,train,0.01,0.5614571618384874,0.4385428381615126
DEAP:S20:T02,DEAP:S20,T02,1,6.77,2,1,2,7,unexposed,stimulus_absolute_context,train,0.01,0.2996322684708904,0.7003677315291096
DEAP:S20:T04,DEAP:S20,T04,1,7.05,2,1,2,7,unexposed,stimulus_absolute_context,train,0.01,0.23972910530621006,0.76027089469379
DEAP:S20:T08,DEAP:S20,T08,1,7.63,2,1,2,7,unexposed,stimulus_absolute_context,train,0.01,0.23442248883229566,0.7655775111677043
DEAP:S20:T11,DEAP:S20,T11,1,8.18,2,1,2,7,unexposed,stimulus_absolute_context,train,0.01,0.1955214939647857,0.8044785060352143
DEAP:S20:T18,DEAP:S20,T18,1,7.35,2,1,2,7,unexposed,stimulus_absolute_context,train,0.01,0.2783528944719579,0.7216471055280421
DEAP:S20:T19,DEAP:S20,T19,1,7.59,2,1,2,7,unexposed,stimulus_absolute_context,train,0.01,0.26498030980879683,0.7350196901912032
DEAP:S20:T22,DEAP:S20,T22,0,4.06,2,1,2,7,unexposed,stimulus_absolute_context,train,0.01,0.6186147185945202,0.3813852814054798
DEAP:S20:T23,DEAP:S20,T23,0,2.82,2,1,2,7,unexposed,stimulus_absolute_context,train,0.01,0.8037731685289836,0.19622683147101638
DEAP:S20:T25,DEAP:S20,T25,0,2.99,2,1,2,7,unexposed,stimulus_absolute_context,train,0.01,0.5795281560740291,0.4204718439259709
DEAP:S20:T26,DEAP:S20,T26,0,4.31,2,1,2,7,unexposed,stimulus_absolute_context,train,0.01,0.4892633363086688,0.5107366636913312
DEAP:S20:T28,DEAP:S20,T28,1,5.01,2,1,2,7,unexposed,stimulus_absolute_context,train,0.01,0.4978636686234561,0.5021363313765439
DEAP:S20:T29,DEAP:S20,T29,0,2.44,2,1,2,7,unexposed,stimulus_absolute_context,train,0.01,0.618544461185213,0.381455538814787
DEAP:S20:T30,DEAP:S20,T30,0,3.49,2,1,2,7,unexposed,stimulus_absolute_context,train,0.01,0.8180789641221955,0.18192103587780456
DEAP:S20:T32,DEAP:S20,T32,1,6.28,2,1,2,7,unexposed,stimulus_absolute_context,train,0.01,0.58836703479607,0.41163296520393
DEAP:S20:T39,DEAP:S20,T39,0,4.67,2,1,2,7,unexposed,stimulus_absolute_context,train,0.01,0.6303315432028791,0.3696684567971209
DEAP:S21:T02,DEAP:S21,T02,1,7.05,2,1,2,7,unexposed,stimulus_absolute_context,train,0.01,0.2993463585512921,0.7006536414487079
DEAP:S21:T04,DEAP:S21,T04,1,5.05,2,1,2,7,unexposed,stimulus_absolute_context,train,0.01,0.2488675922235989,0.7511324077764011
DEAP:S21:T08,DEAP:S21,T08,1,8.81,2,1,2,7,unexposed,stimulus_absolute_context,train,0.01,0.23519963133630695,0.764800368663693
DEAP:S21:T11,DEAP:S21,T11,1,7.05,2,1,2,7,unexposed,stimulus_absolute_context,train,0.01,0.16984486226812634,0.8301551377318737
DEAP:S21:T19,DEAP:S21,T19,1,7.26,2,1,2,7,unexposed,stimulus_absolute_context,train,0.01,0.2617965776800909,0.7382034223199091
DEAP:S21:T22,DEAP:S21,T22,0,2.09,2,1,2,7,unexposed,stimulus_absolute_context,train,0.01,0.5946258291805187,0.4053741708194814
DEAP:S21:T23,DEAP:S21,T23,0,4.69,2,1,2,7,unexposed,stimulus_absolute_context,train,0.01,0.7778660517988132,0.22213394820118687
DEAP:S21:T25,DEAP:S21,T25,0,3.97,2,1,2,7,unexposed,stimulus_absolute_context,train,0.01,0.5376342688805589,0.4623657311194412
DEAP:S21:T26,DEAP:S21,T26,0,4.06,2,1,2,7,unexposed,stimulus_absolute_context,train,0.01,0.4773625434825236,0.5226374565174764
DEAP:S21:T28,DEAP:S21,T28,0,3.04,2,1,2,7,unexposed,stimulus_absolute_context,train,0.01,0.47144381566450055,0.5285561843354994
DEAP:S21:T29,DEAP:S21,T29,0,3.01,2,1,2,7,unexposed,stimulus_absolute_context,train,0.01,0.5811111048771038,0.41888889512289623
DEAP:S21:T30,DEAP:S21,T30,0,3.45,2,1,2,7,unexposed,stimulus_absolute_context,train,0.01,0.8011833606877179,0.1988166393122821
DEAP:S21:T32,DEAP:S21,T32,1,6.27,2,1,2,7,unexposed,stimulus_absolute_context,train,0.01,0.5499809538437066,0.45001904615629346
DEAP:S21:T33,DEAP:S21,T33,1,7.03,2,1,2,7,unexposed,stimulus_absolute_context,train,0.01,0.6319626921277965,0.3680373078722034
DEAP:S22:T02,DEAP:S22,T02,1,7.08,2,1,2,7,unexposed,stimulus_absolute_context,train,0.01,0.37270537541261295,0.627294624587387
DEAP:S22:T04,DEAP:S22,T04,1,7.06,2,1,2,7,unexposed,stimulus_absolute_context,train,0.01,0.3013622967772621,0.6986377032227379
DEAP:S22:T08,DEAP:S22,T08,1,7.09,2,1,2,7,unexposed,stimulus_absolute_context,train,0.01,0.29746333165399075,0.7025366683460093
DEAP:S22:T11,DEAP:S22,T11,1,8.05,2,1,2,7,unexposed,stimulus_absolute_context,train,0.01,0.23660381561053367,0.7633961843894663
DEAP:S22:T18,DEAP:S22,T18,1,8.08,2,1,2,7,unexposed,stimulus_absolute_context,train,0.01,0.33142697938709054,0.6685730206129095
DEAP:S22:T19,DEAP:S22,T19,1,9.0,2,1,2,7,unexposed,stimulus_absolute_context,train,0.01,0.301480021533327,0.698519978466673
DEAP:S22:T22,DEAP:S22,T22,0,4.05,2,1,2,7,unexposed,stimulus_absolute_context,train,0.01,0.6538582595019071,0.3461417404980929
DEAP:S22:T23,DEAP:S22,T23,0,2.99,2,1,2,7,unexposed,stimulus_absolute_context,train,0.01,0.8210442101574074,0.17895578984259264
DEAP:S22:T29,DEAP:S22,T29,0,2.0,2,1,2,7,unexposed,stimulus_absolute_context,train,0.01,0.6709821576275485,0.3290178423724515
DEAP:S22:T30,DEAP:S22,T30,0,1.0,2,1,2,7,unexposed,stimulus_absolute_context,train,0.01,0.8400957469918564,0.1599042530081436
DEAP:S22:T32,DEAP:S22,T32,0,1.99,2,1,2,7,unexposed,stimulus_absolute_context,train,0.01,0.6224998925542742,0.3775001074457259
DEAP:S22:T33,DEAP:S22,T33,0,1.96,2,1,2,7,unexposed,stimulus_absolute_context,train,0.01,0.7086582244175796,0.2913417755824203
DEAP:S22:T39,DEAP:S22,T39,0,1.0,2,1,2,7,unexposed,stimulus_absolute_context,train,0.01,0.6541557409837755,0.34584425901622456
DEAP:S23:T02,DEAP:S23,T02,1,9.0,2,1,2,7,unexposed,stimulus_absolute_context,train,0.01,0.22841769312872007,0.7715823068712799
DEAP:S23:T04,DEAP:S23,T04,1,8.21,2,1,2,7,unexposed,stimulus_absolute_context,train,0.01,0.17540010984258592,0.8245998901574141
DEAP:S23:T08,DEAP:S23,T08,1,7.23,2,1,2,7,unexposed,stimulus_absolute_context,train,0.01,0.17966422729206377,0.8203357727079362
DEAP:S23:T11,DEAP:S23,T11,1,7.0,2,1,2,7,unexposed,stimulus_absolute_context,train,0.01,0.12155809317213306,0.8784419068278669
DEAP:S23:T18,DEAP:S23,T18,1,7.12,2,1,2,7,unexposed,stimulus_absolute_context,train,0.01,0.23262546891925373,0.7673745310807463
DEAP:S23:T19,DEAP:S23,T19,1,8.15,2,1,2,7,unexposed,stimulus_absolute_context,train,0.01,0.20825621740692524,0.7917437825930748
DEAP:S23:T22,DEAP:S23,T22,0,2.97,2,1,2,7,unexposed,stimulus_absolute_context,train,0.01,0.5424370618443195,0.45756293815568055
DEAP:S23:T23,DEAP:S23,T23,0,4.17,2,1,2,7,unexposed,stimulus_absolute_context,train,0.01,0.7507153830130513,0.24928461698694865
DEAP:S23:T25,DEAP:S23,T25,0,4.97,2,1,2,7,unexposed,stimulus_absolute_context,train,0.01,0.4635120052651994,0.5364879947348006
DEAP:S23:T26,DEAP:S23,T26,1,8.27,2,1,2,7,unexposed,stimulus_absolute_context,train,0.01,0.4768768350982493,0.5231231649017507
DEAP:S23:T28,DEAP:S23,T28,1,5.04,2,1,2,7,unexposed,stimulus_absolute_context,train,0.01,0.3886213056440435,0.6113786943559565
DEAP:S23:T29,DEAP:S23,T29,0,3.72,2,1,2,7,unexposed,stimulus_absolute_context,train,0.01,0.4923118806423793,0.5076881193576207
DEAP:S23:T30,DEAP:S23,T30,0,3.88,2,1,2,7,unexposed,stimulus_absolute_context,train,0.01,0.7853769592115347,0.21462304078846525
DEAP:S23:T32,DEAP:S23,T32,1,7.97,2,1,2,7,unexposed,stimulus_absolute_context,train,0.01,0.4881931037545696,0.5118068962454304
DEAP:S23:T33,DEAP:S23,T33,1,5.04,2,1,2,7,unexposed,stimulus_absolute_context,train,0.01,0.586233351218665,0.41376664878133496
DEAP:S24:T02,DEAP:S24,T02,1,6.04,2,1,2,7,unexposed,stimulus_absolute_context,train,0.01,0.3695938044039663,0.6304061955960337
DEAP:S24:T04,DEAP:S24,T04,1,6.05,2,1,2,7,unexposed,stimulus_absolute_context,train,0.01,0.28559392668916206,0.7144060733108379
DEAP:S24:T08,DEAP:S24,T08,1,7.03,2,1,2,7,unexposed,stimulus_absolute_context,train,0.01,0.2802212455041616,0.7197787544958384
DEAP:S24:T11,DEAP:S24,T11,1,7.03,2,1,2,7,unexposed,stimulus_absolute_context,train,0.01,0.219474226492822,0.780525773507178
DEAP:S24:T18,DEAP:S24,T18,1,8.96,2,1,2,7,unexposed,stimulus_absolute_context,train,0.01,0.36130883471858877,0.6386911652814112
DEAP:S24:T19,DEAP:S24,T19,1,7.03,2,1,2,7,unexposed,stimulus_absolute_context,train,0.01,0.34098557618935077,0.6590144238106492
DEAP:S24:T22,DEAP:S24,T22,0,3.03,2,1,2,7,unexposed,stimulus_absolute_context,train,0.01,0.685281152154084,0.31471884784591597
DEAP:S24:T23,DEAP:S24,T23,0,1.0,2,1,2,7,unexposed,stimulus_absolute_context,train,0.01,0.8393651380693001,0.1606348619306998
DEAP:S24:T25,DEAP:S24,T25,0,3.12,2,1,2,7,unexposed,stimulus_absolute_context,train,0.01,0.6279316420496235,0.3720683579503765
DEAP:S24:T26,DEAP:S24,T26,0,4.05,2,1,2,7,unexposed,stimulus_absolute_context,train,0.01,0.5623532749723751,0.4376467250276249
DEAP:S24:T28,DEAP:S24,T28,0,4.03,2,1,2,7,unexposed,stimulus_absolute_context,train,0.01,0.53194951522649,0.46805048477350997
DEAP:S24:T29,DEAP:S24,T29,0,3.97,2,1,2,7,unexposed,stimulus_absolute_context,train,0.01,0.6736972486431515,0.3263027513568485
DEAP:S24:T30,DEAP:S24,T30,0,1.0,2,1,2,7,unexposed,stimulus_absolute_context,train,0.01,0.8246573076284307,0.17534269237156933
DEAP:S24:T32,DEAP:S24,T32,0,3.0,2,1,2,7,unexposed,stimulus_absolute_context,train,0.01,0.6236954754787423,0.3763045245212577
DEAP:S24:T33,DEAP:S24,T33,1,5.01,2,1,2,7,unexposed,stimulus_absolute_context,train,0.01,0.7250948444675677,0.27490515553243233
DEAP:S24:T39,DEAP:S24,T39,0,2.12,2,1,2,7,unexposed,stimulus_absolute_context,train,0.01,0.6589602137776234,0.3410397862223766
DEAP:S25:T08,DEAP:S25,T08,1,8.04,2,1,2,7,unexposed,stimulus_absolute_context,train,0.01,0.2737257417789797,0.7262742582210203
DEAP:S25:T11,DEAP:S25,T11,1,9.0,2,1,2,7,unexposed,stimulus_absolute_context,train,0.01,0.207977554740448,0.792022445259552
DEAP:S25:T18,DEAP:S25,T18,0,3.04,2,1,2,7,unexposed,stimulus_absolute_context,train,0.01,0.29627767714687403,0.703722322853126
DEAP:S25:T19,DEAP:S25,T19,1,7.06,2,1,2,7,unexposed,stimulus_absolute_context,train,0.01,0.3188580947448296,0.6811419052551704
DEAP:S25:T22,DEAP:S25,T22,1,8.03,2,1,2,7,unexposed,stimulus_absolute_context,train,0.01,0.6748426238196055,0.3251573761803946
DEAP:S25:T25,DEAP:S25,T25,0,4.96,2,1,2,7,unexposed,stimulus_absolute_context,train,0.01,0.6242467455256007,0.3757532544743994
DEAP:S25:T26,DEAP:S25,T26,0,4.99,2,1,2,7,unexposed,stimulus_absolute_context,train,0.01,0.5518228934336624,0.4481771065663376
DEAP:S25:T28,DEAP:S25,T28,1,5.01,2,1,2,7,unexposed,stimulus_absolute_context,train,0.01,0.5600528366940278,0.4399471633059722
DEAP:S25:T29,DEAP:S25,T29,0,1.0,2,1,2,7,unexposed,stimulus_absolute_context,train,0.01,0.657470685807465,0.34252931419253496
DEAP:S25:T30,DEAP:S25,T30,0,4.03,2,1,2,7,unexposed,stimulus_absolute_context,train,0.01,0.8417605325262023,0.15823946747379766
DEAP:S25:T32,DEAP:S25,T32,0,1.0,2,1,2,7,unexposed,stimulus_absolute_context,train,0.01,0.5940868784162721,0.4059131215837279
DEAP:S25:T39,DEAP:S25,T39,0,1.0,2,1,2,7,unexposed,stimulus_absolute_context,train,0.01,0.6556105719828604,0.34438942801713956
DEAP:S26:T02,DEAP:S26,T02,1,6.96,2,1,2,7,unexposed,stimulus_absolute_context,train,0.01,0.21229705880546312,0.7877029411945369
DEAP:S26:T04,DEAP:S26,T04,1,8.03,2,1,2,7,unexposed,stimulus_absolute_context,train,0.01,0.15636318682137496,0.843636813178625
DEAP:S26:T08,DEAP:S26,T08,1,8.01,2,1,2,7,unexposed,stimulus_absolute_context,train,0.01,0.14260640150219261,0.8573935984978074
DEAP:S26:T11,DEAP:S26,T11,1,8.04,2,1,2,7,unexposed,stimulus_absolute_context,train,0.01,0.10970946228284195,0.890290537717158
DEAP:S26:T18,DEAP:S26,T18,1,9.0,2,1,2,7,unexposed,stimulus_absolute_context,train,0.01,0.1893959278540447,0.8106040721459553
DEAP:S26:T19,DEAP:S26,T19,1,8.0,2,1,2,7,unexposed,stimulus_absolute_context,train,0.01,0.18509351375749794,0.8149064862425021
DEAP:S26:T22,DEAP:S26,T22,1,6.97,2,1,2,7,unexposed,stimulus_absolute_context,train,0.01,0.486188940611221,0.513811059388779
DEAP:S26:T23,DEAP:S26,T23,0,2.28,2,1,2,7,unexposed,stimulus_absolute_context,train,0.01,0.6861812717368396,0.31381872826316043
DEAP:S26:T25,DEAP:S26,T25,1,7.14,2,1,2,7,unexposed,stimulus_absolute_context,train,0.01,0.4388155344344634,0.5611844655655366
DEAP:S26:T26,DEAP:S26,T26,1,5.05,2,1,2,7,unexposed,stimulus_absolute_context,train,0.01,0.3813821144381214,0.6186178855618786
DEAP:S26:T28,DEAP:S26,T28,1,5.97,2,1,2,7,unexposed,stimulus_absolute_context,train,0.01,0.3862709043056398,0.6137290956943602
DEAP:S26:T29,DEAP:S26,T29,1,6.09,2,1,2,7,unexposed,stimulus_absolute_context,train,0.01,0.5008046756188459,0.4991953243811541
DEAP:S26:T30,DEAP:S26,T30,0,4.95,2,1,2,7,unexposed,stimulus_absolute_context,train,0.01,0.7162642095052514,0.2837357904947486
DEAP:S26:T32,DEAP:S26,T32,0,1.96,2,1,2,7,unexposed,stimulus_absolute_context,train,0.01,0.41371771720624073,0.5862822827937593
DEAP:S26:T33,DEAP:S26,T33,0,1.0,2,1,2,7,unexposed,stimulus_absolute_context,train,0.01,0.4909107460335804,0.5090892539664196
DEAP:S26:T39,DEAP:S26,T39,0,1.95,2,1,2,7,unexposed,stimulus_absolute_context,train,0.01,0.4862653196939666,0.5137346803060334
DEAP:S29:T02,DEAP:S29,T02,1,7.05,2,1,2,7,unexposed,stimulus_absolute_context,train,0.01,0.37101279277396304,0.628987207226037
DEAP:S29:T04,DEAP:S29,T04,1,7.17,2,1,2,7,unexposed,stimulus_absolute_context,train,0.01,0.34758915211122066,0.6524108478887793
DEAP:S29:T08,DEAP:S29,T08,1,7.04,2,1,2,7,unexposed,stimulus_absolute_context,train,0.01,0.3242381554054854,0.6757618445945146
DEAP:S29:T11,DEAP:S29,T11,1,8.03,2,1,2,7,unexposed,stimulus_absolute_context,train,0.01,0.24664843704608197,0.753351562953918
DEAP:S29:T18,DEAP:S29,T18,1,7.01,2,1,2,7,unexposed,stimulus_absolute_context,train,0.01,0.37936653084955807,0.6206334691504419
DEAP:S29:T19,DEAP:S29,T19,1,7.05,2,1,2,7,unexposed,stimulus_absolute_context,train,0.01,0.33109228063652985,0.6689077193634702
DEAP:S29:T22,DEAP:S29,T22,0,3.05,2,1,2,7,unexposed,stimulus_absolute_context,train,0.01,0.6656267533808078,0.33437324661919227
DEAP:S29:T23,DEAP:S29,T23,0,2.05,2,1,2,7,unexposed,stimulus_absolute_context,train,0.01,0.8418633105570852,0.15813668944291487
DEAP:S29:T25,DEAP:S29,T25,0,3.03,2,1,2,7,unexposed,stimulus_absolute_context,train,0.01,0.6487021606148842,0.3512978393851158
DEAP:S29:T26,DEAP:S29,T26,0,3.0,2,1,2,7,unexposed,stimulus_absolute_context,train,0.01,0.5635004891727364,0.43649951082726357
DEAP:S29:T28,DEAP:S29,T28,0,1.04,2,1,2,7,unexposed,stimulus_absolute_context,train,0.01,0.5788224723189243,0.42117752768107575
DEAP:S29:T29,DEAP:S29,T29,0,3.97,2,1,2,7,unexposed,stimulus_absolute_context,train,0.01,0.704211797554315,0.295788202445685
DEAP:S29:T30,DEAP:S29,T30,0,2.95,2,1,2,7,unexposed,stimulus_absolute_context,train,0.01,0.8477869813026336,0.1522130186973664
DEAP:S29:T32,DEAP:S29,T32,0,4.04,2,1,2,7,unexposed,stimulus_absolute_context,train,0.01,0.6146963093057082,0.3853036906942918
DEAP:S29:T33,DEAP:S29,T33,0,1.99,2,1,2,7,unexposed,stimulus_absolute_context,train,0.01,0.7420984399023268,0.2579015600976732
DEAP:S29:T39,DEAP:S29,T39,1,6.05,2,1,2,7,unexposed,stimulus_absolute_context,train,0.01,0.7063819719945057,0.29361802800549436
DEAP:S30:T02,DEAP:S30,T02,1,7.15,2,1,2,7,unexposed,stimulus_absolute_context,train,0.01,0.25632204948654747,0.7436779505134525
DEAP:S30:T04,DEAP:S30,T04,1,7.04,2,1,2,7,unexposed,stimulus_absolute_context,train,0.01,0.2029093566211856,0.7970906433788144
DEAP:S30:T08,DEAP:S30,T08,1,6.05,2,1,2,7,unexposed,stimulus_absolute_context,train,0.01,0.1807867097140914,0.8192132902859086
DEAP:S30:T11,DEAP:S30,T11,1,6.06,2,1,2,7,unexposed,stimulus_absolute_context,train,0.01,0.1494320543379426,0.8505679456620574
DEAP:S30:T18,DEAP:S30,T18,1,7.05,2,1,2,7,unexposed,stimulus_absolute_context,train,0.01,0.2319705099907824,0.7680294900092176
DEAP:S30:T19,DEAP:S30,T19,1,8.27,2,1,2,7,unexposed,stimulus_absolute_context,train,0.01,0.2337809333815688,0.7662190666184312
DEAP:S30:T22,DEAP:S30,T22,0,4.05,2,1,2,7,unexposed,stimulus_absolute_context,train,0.01,0.535933607363398,0.464066392636602
DEAP:S30:T23,DEAP:S30,T23,0,3.0,2,1,2,7,unexposed,stimulus_absolute_context,train,0.01,0.7543120376403459,0.24568796235965407
DEAP:S30:T25,DEAP:S30,T25,0,3.92,2,1,2,7,unexposed,stimulus_absolute_context,train,0.01,0.4917804712118623,0.5082195287881377
DEAP:S30:T26,DEAP:S30,T26,1,5.01,2,1,2,7,unexposed,stimulus_absolute_context,train,0.01,0.44245459576595647,0.5575454042340435
DEAP:S30:T28,DEAP:S30,T28,1,5.06,2,1,2,7,unexposed,stimulus_absolute_context,train,0.01,0.4281448561566844,0.5718551438433156
DEAP:S30:T29,DEAP:S30,T29,1,7.23,2,1,2,7,unexposed,stimulus_absolute_context,train,0.01,0.5741882552928459,0.42581174470715405
DEAP:S30:T30,DEAP:S30,T30,0,4.04,2,1,2,7,unexposed,stimulus_absolute_context,train,0.01,0.7451559974810621,0.2548440025189379
DEAP:S30:T32,DEAP:S30,T32,1,5.01,2,1,2,7,unexposed,stimulus_absolute_context,train,0.01,0.49833338364249635,0.5016666163575036
DEAP:S30:T33,DEAP:S30,T33,0,3.91,2,1,2,7,unexposed,stimulus_absolute_context,train,0.01,0.5462180964497498,0.45378190355025017
DEAP:S30:T39,DEAP:S30,T39,0,2.97,2,1,2,7,unexposed,stimulus_absolute_context,train,0.01,0.5466035048020048,0.4533964951979952
DEAP:S31:T02,DEAP:S31,T02,1,5.03,2,1,2,7,unexposed,stimulus_absolute_context,train,0.01,0.2733234628125104,0.7266765371874896
DEAP:S31:T04,DEAP:S31,T04,1,6.97,2,1,2,7,unexposed,stimulus_absolute_context,train,0.01,0.2088100001447415,0.7911899998552585
DEAP:S31:T08,DEAP:S31,T08,1,6.03,2,1,2,7,unexposed,stimulus_absolute_context,train,0.01,0.20369380647045054,0.7963061935295495
DEAP:S31:T11,DEAP:S31,T11,1,9.0,2,1,2,7,unexposed,stimulus_absolute_context,train,0.01,0.1575169182982311,0.8424830817017689
DEAP:S31:T18,DEAP:S31,T18,1,7.06,2,1,2,7,unexposed,stimulus_absolute_context,train,0.01,0.2423357162748352,0.7576642837251648
DEAP:S31:T22,DEAP:S31,T22,1,5.04,2,1,2,7,unexposed,stimulus_absolute_context,train,0.01,0.5603917275436673,0.4396082724563327
DEAP:S31:T23,DEAP:S31,T23,0,1.0,2,1,2,7,unexposed,stimulus_absolute_context,train,0.01,0.7445183765103887,0.2554816234896114
DEAP:S31:T25,DEAP:S31,T25,1,6.14,2,1,2,7,unexposed,stimulus_absolute_context,train,0.01,0.5116754460405517,0.48832455395944835
DEAP:S31:T26,DEAP:S31,T26,1,7.08,2,1,2,7,unexposed,stimulus_absolute_context,train,0.01,0.45861269597294607,0.5413873040270539
DEAP:S31:T28,DEAP:S31,T28,1,5.01,2,1,2,7,unexposed,stimulus_absolute_context,train,0.01,0.45526654512544285,0.5447334548745572
DEAP:S31:T29,DEAP:S31,T29,1,5.09,2,1,2,7,unexposed,stimulus_absolute_context,train,0.01,0.5775039414513152,0.4224960585486848
DEAP:S31:T30,DEAP:S31,T30,0,3.13,2,1,2,7,unexposed,stimulus_absolute_context,train,0.01,0.7643259107609509,0.2356740892390491
DEAP:S31:T32,DEAP:S31,T32,0,1.0,2,1,2,7,unexposed,stimulus_absolute_context,train,0.01,0.5189063935097206,0.48109360649027944
DEAP:S31:T33,DEAP:S31,T33,0,4.18,2,1,2,7,unexposed,stimulus_absolute_context,train,0.01,0.5765637071602062,0.4234362928397938
DEAP:S31:T39,DEAP:S31,T39,0,1.0,2,1,2,7,unexposed,stimulus_absolute_context,train,0.01,0.5589180604895003,0.44108193951049973
DEAP:S05:T06,DEAP:S05,T06,1,8.09,2,1,2,7,unexposed,stimulus_absolute_context,validation_unseen,0.01,0.4420304900803165,0.5579695099196835
DEAP:S05:T07,DEAP:S05,T07,1,5.12,2,1,2,7,unexposed,stimulus_absolute_context,validation_unseen,0.01,0.451187457142016,0.548812542857984
DEAP:S05:T09,DEAP:S05,T09,1,6.94,2,1,2,7,unexposed,stimulus_absolute_context,validation_unseen,0.01,0.4574043719219514,0.5425956280780486
DEAP:S05:T17,DEAP:S05,T17,1,6.88,2,1,2,7,unexposed,stimulus_absolute_context,validation_unseen,0.01,0.46715953582867253,0.5328404641713275
DEAP:S05:T35,DEAP:S05,T35,0,4.86,2,1,2,7,unexposed,stimulus_absolute_context,validation_unseen,0.01,0.4661745046281308,0.5338254953718692
DEAP:S05:T36,DEAP:S05,T36,0,4.91,2,1,2,7,unexposed,stimulus_absolute_context,validation_unseen,0.01,0.4442985541504032,0.5557014458495968
DEAP:S05:T37,DEAP:S05,T37,0,1.91,2,1,2,7,unexposed,stimulus_absolute_context,validation_unseen,0.01,0.46201483142007227,0.5379851685799277
DEAP:S05:T40,DEAP:S05,T40,1,7.0,2,1,2,7,unexposed,stimulus_absolute_context,validation_unseen,0.01,0.46200030049136054,0.5379996995086395
DEAP:S06:T06,DEAP:S06,T06,1,8.05,2,1,2,7,unexposed,stimulus_absolute_context,validation_unseen,0.01,0.6092289720766212,0.3907710279233788
DEAP:S06:T07,DEAP:S06,T07,1,8.26,2,1,2,7,unexposed,stimulus_absolute_context,validation_unseen,0.01,0.6285252297277735,0.3714747702722265
DEAP:S06:T09,DEAP:S06,T09,1,7.87,2,1,2,7,unexposed,stimulus_absolute_context,validation_unseen,0.01,0.6498060666484418,0.35019393335155824
DEAP:S06:T17,DEAP:S06,T17,1,6.72,2,1,2,7,unexposed,stimulus_absolute_context,validation_unseen,0.01,0.6147873086652353,0.38521269133476466
DEAP:S06:T35,DEAP:S06,T35,0,3.96,2,1,2,7,unexposed,stimulus_absolute_context,validation_unseen,0.01,0.6043939984448174,0.3956060015551825
DEAP:S06:T36,DEAP:S06,T36,1,5.71,2,1,2,7,unexposed,stimulus_absolute_context,validation_unseen,0.01,0.5859272377185524,0.4140727622814476
DEAP:S06:T37,DEAP:S06,T37,0,4.83,2,1,2,7,unexposed,stimulus_absolute_context,validation_unseen,0.01,0.6104726771287553,0.3895273228712447
DEAP:S06:T40,DEAP:S06,T40,0,4.85,2,1,2,7,unexposed,stimulus_absolute_context,validation_unseen,0.01,0.6238172490408294,0.37618275095917064
DEAP:S19:T06,DEAP:S19,T06,1,7.73,2,1,2,7,unexposed,stimulus_absolute_context,validation_unseen,0.01,0.6014718074077527,0.3985281925922472
DEAP:S19:T07,DEAP:S19,T07,1,6.64,2,1,2,7,unexposed,stimulus_absolute_context,validation_unseen,0.01,0.6110838199409895,0.3889161800590105
DEAP:S19:T09,DEAP:S19,T09,1,7.09,2,1,2,7,unexposed,stimulus_absolute_context,validation_unseen,0.01,0.6169743537648327,0.3830256462351674
DEAP:S19:T17,DEAP:S19,T17,1,7.38,2,1,2,7,unexposed,stimulus_absolute_context,validation_unseen,0.01,0.6392215734735026,0.3607784265264974
DEAP:S19:T35,DEAP:S19,T35,0,3.21,2,1,2,7,unexposed,stimulus_absolute_context,validation_unseen,0.01,0.6260639403010528,0.3739360596989471
DEAP:S19:T36,DEAP:S19,T36,0,3.71,2,1,2,7,unexposed,stimulus_absolute_context,validation_unseen,0.01,0.6616202414418365,0.3383797585581635
DEAP:S19:T37,DEAP:S19,T37,0,3.15,2,1,2,7,unexposed,stimulus_absolute_context,validation_unseen,0.01,0.6060644348637141,0.3939355651362859
DEAP:S19:T40,DEAP:S19,T40,0,4.24,2,1,2,7,unexposed,stimulus_absolute_context,validation_unseen,0.01,0.5951141325516183,0.4048858674483818
DEAP:S27:T06,DEAP:S27,T06,1,7.0,2,1,2,7,unexposed,stimulus_absolute_context,validation_unseen,0.01,0.5632807775695197,0.4367192224304804
DEAP:S27:T07,DEAP:S27,T07,0,4.94,2,1,2,7,unexposed,stimulus_absolute_context,validation_unseen,0.01,0.5660958499545266,0.43390415004547345
DEAP:S27:T09,DEAP:S27,T09,1,8.99,2,1,2,7,unexposed,stimulus_absolute_context,validation_unseen,0.01,0.5716125578462542,0.4283874421537458
DEAP:S27:T17,DEAP:S27,T17,1,9.0,2,1,2,7,unexposed,stimulus_absolute_context,validation_unseen,0.01,0.5518435848859368,0.44815641511406323
DEAP:S27:T35,DEAP:S27,T35,0,1.0,2,1,2,7,unexposed,stimulus_absolute_context,validation_unseen,0.01,0.5578780159641583,0.44212198403584163
DEAP:S27:T36,DEAP:S27,T36,1,6.13,2,1,2,7,unexposed,stimulus_absolute_context,validation_unseen,0.01,0.5548197887923038,0.44518021120769624
DEAP:S27:T37,DEAP:S27,T37,0,2.99,2,1,2,7,unexposed,stimulus_absolute_context,validation_unseen,0.01,0.5680263771517841,0.43197362284821594
DEAP:S27:T40,DEAP:S27,T40,1,5.04,2,1,2,7,unexposed,stimulus_absolute_context,validation_unseen,0.01,0.5582233197854225,0.4417766802145775
DEAP:S05:T02,DEAP:S05,T02,1,9.0,2,1,2,7,unexposed,stimulus_absolute_context,validation_familiar,0.01,0.2742427808516339,0.7257572191483661
DEAP:S05:T04,DEAP:S05,T04,1,8.24,2,1,2,7,unexposed,stimulus_absolute_context,validation_familiar,0.01,0.21463316656963005,0.78536683343037
DEAP:S05:T08,DEAP:S05,T08,1,8.17,2,1,2,7,unexposed,stimulus_absolute_context,validation_familiar,0.01,0.20964187304291482,0.7903581269570852
DEAP:S05:T11,DEAP:S05,T11,1,9.0,2,1,2,7,unexposed,stimulus_absolute_context,validation_familiar,0.01,0.1635248151895714,0.8364751848104286
DEAP:S05:T18,DEAP:S05,T18,1,8.05,2,1,2,7,unexposed,stimulus_absolute_context,validation_familiar,0.01,0.2505001756218229,0.7494998243781771
DEAP:S05:T19,DEAP:S05,T19,1,8.03,2,1,2,7,unexposed,stimulus_absolute_context,validation_familiar,0.01,0.23881074199798946,0.7611892580020105
DEAP:S05:T22,DEAP:S05,T22,1,6.99,2,1,2,7,unexposed,stimulus_absolute_context,validation_familiar,0.01,0.5995782721621428,0.40042172783785723
DEAP:S05:T23,DEAP:S05,T23,0,1.0,2,1,2,7,unexposed,stimulus_absolute_context,validation_familiar,0.01,0.7782660986948993,0.22173390130510073
DEAP:S05:T25,DEAP:S05,T25,1,5.96,2,1,2,7,unexposed,stimulus_absolute_context,validation_familiar,0.01,0.5444449840365261,0.4555550159634739
DEAP:S05:T26,DEAP:S05,T26,1,7.96,2,1,2,7,unexposed,stimulus_absolute_context,validation_familiar,0.01,0.5017649807388622,0.4982350192611378
DEAP:S05:T28,DEAP:S05,T28,0,3.9,2,1,2,7,unexposed,stimulus_absolute_context,validation_familiar,0.01,0.44814838491275366,0.5518516150872463
DEAP:S05:T29,DEAP:S05,T29,0,4.04,2,1,2,7,unexposed,stimulus_absolute_context,validation_familiar,0.01,0.5903026228948562,0.40969737710514376
DEAP:S05:T30,DEAP:S05,T30,0,2.94,2,1,2,7,unexposed,stimulus_absolute_context,validation_familiar,0.01,0.7886056038235589,0.21139439617644104
DEAP:S05:T32,DEAP:S05,T32,0,1.94,2,1,2,7,unexposed,stimulus_absolute_context,validation_familiar,0.01,0.5105390583124968,0.4894609416875032
DEAP:S05:T33,DEAP:S05,T33,1,5.17,2,1,2,7,unexposed,stimulus_absolute_context,validation_familiar,0.01,0.606173071936233,0.3938269280637669
DEAP:S05:T39,DEAP:S05,T39,0,1.0,2,1,2,7,unexposed,stimulus_absolute_context,validation_familiar,0.01,0.5872728799154254,0.4127271200845746
DEAP:S06:T02,DEAP:S06,T02,1,6.83,2,1,2,7,unexposed,stimulus_absolute_context,validation_familiar,0.01,0.4112633055179966,0.5887366944820034
DEAP:S06:T04,DEAP:S06,T04,1,7.55,2,1,2,7,unexposed,stimulus_absolute_context,validation_familiar,0.01,0.35091831169055276,0.6490816883094472
DEAP:S06:T08,DEAP:S06,T08,1,7.05,2,1,2,7,unexposed,stimulus_absolute_context,validation_familiar,0.01,0.3409688930724044,0.6590311069275956
DEAP:S06:T11,DEAP:S06,T11,0,4.99,2,1,2,7,unexposed,stimulus_absolute_context,validation_familiar,0.01,0.24822977023086024,0.7517702297691398
DEAP:S06:T18,DEAP:S06,T18,1,7.59,2,1,2,7,unexposed,stimulus_absolute_context,validation_familiar,0.01,0.40641518722407766,0.5935848127759223
DEAP:S06:T19,DEAP:S06,T19,1,7.41,2,1,2,7,unexposed,stimulus_absolute_context,validation_familiar,0.01,0.36516965458357187,0.6348303454164281
DEAP:S06:T22,DEAP:S06,T22,1,7.56,2,1,2,7,unexposed,stimulus_absolute_context,validation_familiar,0.01,0.6821592125676668,0.3178407874323333
DEAP:S06:T23,DEAP:S06,T23,0,3.47,2,1,2,7,unexposed,stimulus_absolute_context,validation_familiar,0.01,0.8621417341566718,0.13785826584332816
DEAP:S06:T25,DEAP:S06,T25,1,7.09,2,1,2,7,unexposed,stimulus_absolute_context,validation_familiar,0.01,0.6665572880882918,0.33344271191170816
DEAP:S06:T26,DEAP:S06,T26,1,5.08,2,1,2,7,unexposed,stimulus_absolute_context,validation_familiar,0.01,0.5452106154601963,0.4547893845398037
DEAP:S06:T28,DEAP:S06,T28,1,6.42,2,1,2,7,unexposed,stimulus_absolute_context,validation_familiar,0.01,0.5987705614176618,0.40122943858233817
DEAP:S06:T29,DEAP:S06,T29,0,4.27,2,1,2,7,unexposed,stimulus_absolute_context,validation_familiar,0.01,0.688620297587381,0.31137970241261903
DEAP:S06:T30,DEAP:S06,T30,1,6.99,2,1,2,7,unexposed,stimulus_absolute_context,validation_familiar,0.01,0.8681101495530752,0.13188985044692478
DEAP:S06:T32,DEAP:S06,T32,1,6.99,2,1,2,7,unexposed,stimulus_absolute_context,validation_familiar,0.01,0.6963207190243421,0.30367928097565783
DEAP:S06:T33,DEAP:S06,T33,1,6.68,2,1,2,7,unexposed,stimulus_absolute_context,validation_familiar,0.01,0.72962306397462,0.27037693602538004
DEAP:S06:T39,DEAP:S06,T39,1,6.56,2,1,2,7,unexposed,stimulus_absolute_context,validation_familiar,0.01,0.6985308195325386,0.30146918046746146
DEAP:S19:T02,DEAP:S19,T02,1,6.46,2,1,2,7,unexposed,stimulus_absolute_context,validation_familiar,0.01,0.4185861979880523,0.5814138020119477
DEAP:S19:T04,DEAP:S19,T04,1,5.77,2,1,2,7,unexposed,stimulus_absolute_context,validation_familiar,0.01,0.3543884839712126,0.6456115160287874
DEAP:S19:T08,DEAP:S19,T08,1,7.44,2,1,2,7,unexposed,stimulus_absolute_context,validation_familiar,0.01,0.3286564904567226,0.6713435095432774
DEAP:S19:T11,DEAP:S19,T11,1,5.83,2,1,2,7,unexposed,stimulus_absolute_context,validation_familiar,0.01,0.2870143102605561,0.7129856897394439
DEAP:S19:T18,DEAP:S19,T18,1,7.77,2,1,2,7,unexposed,stimulus_absolute_context,validation_familiar,0.01,0.4042363892457109,0.5957636107542891
DEAP:S19:T19,DEAP:S19,T19,1,7.65,2,1,2,7,unexposed,stimulus_absolute_context,validation_familiar,0.01,0.3770139323636895,0.6229860676363105
DEAP:S19:T22,DEAP:S19,T22,1,5.04,2,1,2,7,unexposed,stimulus_absolute_context,validation_familiar,0.01,0.7516667474354986,0.24833325256450148
DEAP:S19:T23,DEAP:S19,T23,0,3.77,2,1,2,7,unexposed,stimulus_absolute_context,validation_familiar,0.01,0.8893854446872002,0.11061455531279987
DEAP:S19:T25,DEAP:S19,T25,0,2.19,2,1,2,7,unexposed,stimulus_absolute_context,validation_familiar,0.01,0.7234187887339572,0.2765812112660428
DEAP:S19:T26,DEAP:S19,T26,0,4.95,2,1,2,7,unexposed,stimulus_absolute_context,validation_familiar,0.01,0.6682418064576027,0.33175819354239733
DEAP:S19:T28,DEAP:S19,T28,1,6.21,2,1,2,7,unexposed,stimulus_absolute_context,validation_familiar,0.01,0.6506015244901584,0.3493984755098416
DEAP:S19:T29,DEAP:S19,T29,0,2.82,2,1,2,7,unexposed,stimulus_absolute_context,validation_familiar,0.01,0.7393969940784998,0.2606030059215002
DEAP:S19:T30,DEAP:S19,T30,0,2.85,2,1,2,7,unexposed,stimulus_absolute_context,validation_familiar,0.01,0.8483194013659652,0.15168059863403482
DEAP:S19:T32,DEAP:S19,T32,0,4.96,2,1,2,7,unexposed,stimulus_absolute_context,validation_familiar,0.01,0.6993429108767515,0.3006570891232485
DEAP:S19:T33,DEAP:S19,T33,0,3.4,2,1,2,7,unexposed,stimulus_absolute_context,validation_familiar,0.01,0.7492234409738565,0.2507765590261435
DEAP:S19:T39,DEAP:S19,T39,1,5.04,2,1,2,7,unexposed,stimulus_absolute_context,validation_familiar,0.01,0.7483581780213531,0.251641821978647
DEAP:S27:T02,DEAP:S27,T02,1,7.0,2,1,2,7,unexposed,stimulus_absolute_context,validation_familiar,0.01,0.3776123202795372,0.6223876797204628
DEAP:S27:T04,DEAP:S27,T04,1,7.05,2,1,2,7,unexposed,stimulus_absolute_context,validation_familiar,0.01,0.30118022613449147,0.6988197738655085
DEAP:S27:T08,DEAP:S27,T08,1,8.24,2,1,2,7,unexposed,stimulus_absolute_context,validation_familiar,0.01,0.28402952703131323,0.7159704729686868
DEAP:S27:T11,DEAP:S27,T11,1,9.0,2,1,2,7,unexposed,stimulus_absolute_context,validation_familiar,0.01,0.22653155741079067,0.7734684425892093
DEAP:S27:T18,DEAP:S27,T18,1,9.0,2,1,2,7,unexposed,stimulus_absolute_context,validation_familiar,0.01,0.35487867108236426,0.6451213289176357
DEAP:S27:T19,DEAP:S27,T19,1,5.06,2,1,2,7,unexposed,stimulus_absolute_context,validation_familiar,0.01,0.3443150681632049,0.6556849318367951
DEAP:S27:T22,DEAP:S27,T22,1,7.29,2,1,2,7,unexposed,stimulus_absolute_context,validation_familiar,0.01,0.672092488881612,0.327907511118388
DEAP:S27:T23,DEAP:S27,T23,1,8.0,2,1,2,7,unexposed,stimulus_absolute_context,validation_familiar,0.01,0.8406671418158149,0.15933285818418502
DEAP:S27:T25,DEAP:S27,T25,0,4.0,2,1,2,7,unexposed,stimulus_absolute_context,validation_familiar,0.01,0.5996622652062154,0.4003377347937847
DEAP:S27:T26,DEAP:S27,T26,1,5.04,2,1,2,7,unexposed,stimulus_absolute_context,validation_familiar,0.01,0.5555904030518979,0.44440959694810217
DEAP:S27:T28,DEAP:S27,T28,1,5.04,2,1,2,7,unexposed,stimulus_absolute_context,validation_familiar,0.01,0.5722457389770784,0.4277542610229216
DEAP:S27:T29,DEAP:S27,T29,1,7.18,2,1,2,7,unexposed,stimulus_absolute_context,validation_familiar,0.01,0.6935655317982458,0.30643446820175424
DEAP:S27:T30,DEAP:S27,T30,1,7.08,2,1,2,7,unexposed,stimulus_absolute_context,validation_familiar,0.01,0.8487258387720894,0.1512741612279106
DEAP:S27:T32,DEAP:S27,T32,1,5.04,2,1,2,7,unexposed,stimulus_absolute_context,validation_familiar,0.01,0.6370770039501408,0.3629229960498592
DEAP:S27:T33,DEAP:S27,T33,1,5.04,2,1,2,7,unexposed,stimulus_absolute_context,validation_familiar,0.01,0.6878604325881752,0.31213956741182486
DEAP:S27:T39,DEAP:S27,T39,0,2.14,2,1,2,7,unexposed,stimulus_absolute_context,validation_familiar,0.01,0.6634560117708022,0.3365439882291978
DEAP:S02:T02,DEAP:S02,T02,1,8.01,2,1,2,7,unexposed,stimulus_absolute_context,train,0.1,0.1747420530436128,0.8252579469563872
DEAP:S02:T04,DEAP:S02,T04,1,6.05,2,1,2,7,unexposed,stimulus_absolute_context,train,0.1,0.0930352501950461,0.9069647498049539
DEAP:S02:T08,DEAP:S02,T08,1,9.0,2,1,2,7,unexposed,stimulus_absolute_context,train,0.1,0.07367009406944625,0.9263299059305538
DEAP:S02:T11,DEAP:S02,T11,1,7.08,2,1,2,7,unexposed,stimulus_absolute_context,train,0.1,0.03522018664639548,0.9647798133536045
DEAP:S02:T18,DEAP:S02,T18,1,9.0,2,1,2,7,unexposed,stimulus_absolute_context,train,0.1,0.08883640271695437,0.9111635972830456
DEAP:S02:T19,DEAP:S02,T19,1,9.0,2,1,2,7,unexposed,stimulus_absolute_context,train,0.1,0.09750163087131392,0.9024983691286861
DEAP:S02:T23,DEAP:S02,T23,0,1.0,2,1,2,7,unexposed,stimulus_absolute_context,train,0.1,0.9502964895820943,0.04970351041790561
DEAP:S02:T25,DEAP:S02,T25,1,9.0,2,1,2,7,unexposed,stimulus_absolute_context,train,0.1,0.6408503707021075,0.3591496292978925
DEAP:S02:T26,DEAP:S02,T26,1,9.0,2,1,2,7,unexposed,stimulus_absolute_context,train,0.1,0.45139085519223965,0.5486091448077604
DEAP:S02:T28,DEAP:S02,T28,0,4.06,2,1,2,7,unexposed,stimulus_absolute_context,train,0.1,0.5335816212202875,0.46641837877971254
DEAP:S02:T29,DEAP:S02,T29,0,2.99,2,1,2,7,unexposed,stimulus_absolute_context,train,0.1,0.7034047984227869,0.29659520157721314
DEAP:S02:T30,DEAP:S02,T30,0,2.01,2,1,2,7,unexposed,stimulus_absolute_context,train,0.1,0.953785586510368,0.04621441348963194
DEAP:S02:T32,DEAP:S02,T32,0,1.0,2,1,2,7,unexposed,stimulus_absolute_context,train,0.1,0.5224698152319068,0.47753018476809317
DEAP:S02:T39,DEAP:S02,T39,0,1.0,2,1,2,7,unexposed,stimulus_absolute_context,train,0.1,0.7375438883242076,0.26245611167579247
DEAP:S03:T02,DEAP:S03,T02,1,7.21,2,1,2,7,unexposed,stimulus_absolute_context,train,0.1,0.2471676392338813,0.7528323607661187
DEAP:S03:T04,DEAP:S03,T04,0,4.69,2,1,2,7,unexposed,stimulus_absolute_context,train,0.1,0.06429077097581903,0.935709229024181
DEAP:S03:T08,DEAP:S03,T08,1,7.14,2,1,2,7,unexposed,stimulus_absolute_context,train,0.1,0.09418481014173175,0.9058151898582683
DEAP:S03:T11,DEAP:S03,T11,1,7.94,2,1,2,7,unexposed,stimulus_absolute_context,train,0.1,0.05897004273940576,0.9410299572605942
DEAP:S03:T18,DEAP:S03,T18,1,7.1,2,1,2,7,unexposed,stimulus_absolute_context,train,0.1,0.1868440532308715,0.8131559467691285
DEAP:S03:T19,DEAP:S03,T19,1,8.14,2,1,2,7,unexposed,stimulus_absolute_context,train,0.1,0.16555364560064378,0.8344463543993562
DEAP:S03:T22,DEAP:S03,T22,0,4.94,2,1,2,7,unexposed,stimulus_absolute_context,train,0.1,0.8019423174680713,0.19805768253192865
DEAP:S03:T23,DEAP:S03,T23,0,3.65,2,1,2,7,unexposed,stimulus_absolute_context,train,0.1,0.9649316508548431,0.0350683491451569
DEAP:S03:T25,DEAP:S03,T25,0,3.45,2,1,2,7,unexposed,stimulus_absolute_context,train,0.1,0.7532636621059509,0.24673633789404914
DEAP:S03:T28,DEAP:S03,T28,1,5.59,2,1,2,7,unexposed,stimulus_absolute_context,train,0.1,0.6119043521168076,0.3880956478831924
DEAP:S03:T30,DEAP:S03,T30,0,3.87,2,1,2,7,unexposed,stimulus_absolute_context,train,0.1,0.9691098158298642,0.030890184170135792
DEAP:S03:T32,DEAP:S03,T32,1,5.17,2,1,2,7,unexposed,stimulus_absolute_context,train,0.1,0.7595664563164186,0.24043354368358136
DEAP:S03:T33,DEAP:S03,T33,0,4.05,2,1,2,7,unexposed,stimulus_absolute_context,train,0.1,0.819100211595985,0.180899788404015
DEAP:S03:T39,DEAP:S03,T39,0,4.33,2,1,2,7,unexposed,stimulus_absolute_context,train,0.1,0.77962183337838,0.22037816662162008
DEAP:S04:T02,DEAP:S04,T02,0,4.06,2,1,2,7,unexposed,stimulus_absolute_context,train,0.1,0.3272517947537865,0.6727482052462135
DEAP:S04:T04,DEAP:S04,T04,1,6.1,2,1,2,7,unexposed,stimulus_absolute_context,train,0.1,0.1824731204854576,0.8175268795145424
DEAP:S04:T08,DEAP:S04,T08,1,5.97,2,1,2,7,unexposed,stimulus_absolute_context,train,0.1,0.24523931818848632,0.7547606818115137
DEAP:S04:T11,DEAP:S04,T11,1,7.24,2,1,2,7,unexposed,stimulus_absolute_context,train,0.1,0.12886046070082569,0.8711395392991743
DEAP:S04:T18,DEAP:S04,T18,0,4.9,2,1,2,7,unexposed,stimulus_absolute_context,train,0.1,0.2818474543343018,0.7181525456656982
DEAP:S04:T19,DEAP:S04,T19,1,7.09,2,1,2,7,unexposed,stimulus_absolute_context,train,0.1,0.34839999895811524,0.6516000010418848
DEAP:S04:T22,DEAP:S04,T22,0,1.86,2,1,2,7,unexposed,stimulus_absolute_context,train,0.1,0.8388743199570249,0.16112568004297514
DEAP:S04:T23,DEAP:S04,T23,0,1.86,2,1,2,7,unexposed,stimulus_absolute_context,train,0.1,0.9833827525413693,0.016617247458630663
DEAP:S04:T25,DEAP:S04,T25,1,7.0,2,1,2,7,unexposed,stimulus_absolute_context,train,0.1,0.8611562886092816,0.13884371139071838
DEAP:S04:T26,DEAP:S04,T26,1,6.0,2,1,2,7,unexposed,stimulus_absolute_context,train,0.1,0.7546698604555625,0.24533013954443747
DEAP:S04:T28,DEAP:S04,T28,0,2.17,2,1,2,7,unexposed,stimulus_absolute_context,train,0.1,0.7932128339194442,0.2067871660805558
DEAP:S04:T29,DEAP:S04,T29,0,1.85,2,1,2,7,unexposed,stimulus_absolute_context,train,0.1,0.8739222602097783,0.12607773979022172
DEAP:S04:T30,DEAP:S04,T30,0,3.1,2,1,2,7,unexposed,stimulus_absolute_context,train,0.1,0.9798649697455944,0.02013503025440556
DEAP:S04:T32,DEAP:S04,T32,0,1.01,2,1,2,7,unexposed,stimulus_absolute_context,train,0.1,0.7911086057887795,0.20889139421122052
DEAP:S04:T33,DEAP:S04,T33,0,1.0,2,1,2,7,unexposed,stimulus_absolute_context,train,0.1,0.8913037169501699,0.1086962830498302
DEAP:S04:T39,DEAP:S04,T39,0,1.92,2,1,2,7,unexposed,stimulus_absolute_context,train,0.1,0.8845495700069416,0.11545042999305845
DEAP:S07:T02,DEAP:S07,T02,1,7.15,2,1,2,7,unexposed,stimulus_absolute_context,train,0.1,0.15911264054093988,0.8408873594590601
DEAP:S07:T04,DEAP:S07,T04,1,7.08,2,1,2,7,unexposed,stimulus_absolute_context,train,0.1,0.07765435636113505,0.922345643638865
DEAP:S07:T08,DEAP:S07,T08,1,7.0,2,1,2,7,unexposed,stimulus_absolute_context,train,0.1,0.06936291428106378,0.9306370857189362
DEAP:S07:T11,DEAP:S07,T11,1,7.03,2,1,2,7,unexposed,stimulus_absolute_context,train,0.1,0.034587524756474974,0.965412475243525
DEAP:S07:T18,DEAP:S07,T18,1,7.03,2,1,2,7,unexposed,stimulus_absolute_context,train,0.1,0.1229315576989568,0.8770684423010432
DEAP:S07:T19,DEAP:S07,T19,1,6.99,2,1,2,7,unexposed,stimulus_absolute_context,train,0.1,0.11371202660313973,0.8862879733968603
DEAP:S07:T22,DEAP:S07,T22,0,3.05,2,1,2,7,unexposed,stimulus_absolute_context,train,0.1,0.7432096970305626,0.2567903029694374
DEAP:S07:T23,DEAP:S07,T23,0,3.01,2,1,2,7,unexposed,stimulus_absolute_context,train,0.1,0.9442779423399239,0.055722057660076124
DEAP:S07:T25,DEAP:S07,T25,0,2.99,2,1,2,7,unexposed,stimulus_absolute_context,train,0.1,0.6507544530146041,0.34924554698539595
DEAP:S07:T26,DEAP:S07,T26,0,2.0,2,1,2,7,unexposed,stimulus_absolute_context,train,0.1,0.47327073125756913,0.5267292687424309
DEAP:S07:T28,DEAP:S07,T28,0,2.05,2,1,2,7,unexposed,stimulus_absolute_context,train,0.1,0.47953267215070117,0.5204673278492988
DEAP:S07:T29,DEAP:S07,T29,1,7.09,2,1,2,7,unexposed,stimulus_absolute_context,train,0.1,0.7531322738993547,0.2468677261006454
DEAP:S07:T30,DEAP:S07,T30,0,3.09,2,1,2,7,unexposed,stimulus_absolute_context,train,0.1,0.9514127437616516,0.04858725623834835
DEAP:S07:T33,DEAP:S07,T33,0,4.97,2,1,2,7,unexposed,stimulus_absolute_context,train,0.1,0.7127808345475755,0.2872191654524245
DEAP:S07:T39,DEAP:S07,T39,1,7.01,2,1,2,7,unexposed,stimulus_absolute_context,train,0.1,0.7369455738051445,0.2630544261948556
DEAP:S09:T02,DEAP:S09,T02,1,7.08,2,1,2,7,unexposed,stimulus_absolute_context,train,0.1,0.36781554704914865,0.6321844529508513
DEAP:S09:T04,DEAP:S09,T04,1,5.99,2,1,2,7,unexposed,stimulus_absolute_context,train,0.1,0.2400566132619285,0.7599433867380715
DEAP:S09:T08,DEAP:S09,T08,1,6.15,2,1,2,7,unexposed,stimulus_absolute_context,train,0.1,0.13642802499411988,0.8635719750058801
DEAP:S09:T11,DEAP:S09,T11,1,7.12,2,1,2,7,unexposed,stimulus_absolute_context,train,0.1,0.10515316626189197,0.894846833738108
DEAP:S09:T19,DEAP:S09,T19,0,3.97,2,1,2,7,unexposed,stimulus_absolute_context,train,0.1,0.19552694900307144,0.8044730509969286
DEAP:S09:T22,DEAP:S09,T22,0,3.99,2,1,2,7,unexposed,stimulus_absolute_context,train,0.1,0.8371146618108489,0.16288533818915113
DEAP:S09:T25,DEAP:S09,T25,1,5.04,2,1,2,7,unexposed,stimulus_absolute_context,train,0.1,0.7743836429007648,0.22561635709923525
DEAP:S09:T26,DEAP:S09,T26,0,4.1,2,1,2,7,unexposed,stimulus_absolute_context,train,0.1,0.8629766019677583,0.13702339803224173
DEAP:S09:T28,DEAP:S09,T28,0,2.96,2,1,2,7,unexposed,stimulus_absolute_context,train,0.1,0.7734426349907739,0.22655736500922607
DEAP:S09:T29,DEAP:S09,T29,0,3.99,2,1,2,7,unexposed,stimulus_absolute_context,train,0.1,0.905574057111651,0.094425942888349
DEAP:S09:T30,DEAP:S09,T30,0,4.04,2,1,2,7,unexposed,stimulus_absolute_context,train,0.1,0.979880599194197,0.020119400805802982
DEAP:S09:T32,DEAP:S09,T32,0,3.1,2,1,2,7,unexposed,stimulus_absolute_context,train,0.1,0.8541653231026172,0.14583467689738278
DEAP:S09:T33,DEAP:S09,T33,0,3.08,2,1,2,7,unexposed,stimulus_absolute_context,train,0.1,0.9551796883679443,0.04482031163205572
DEAP:S09:T39,DEAP:S09,T39,0,3.17,2,1,2,7,unexposed,stimulus_absolute_context,train,0.1,0.922213145614358,0.07778685438564206
DEAP:S10:T02,DEAP:S10,T02,0,3.55,2,1,2,7,unexposed,stimulus_absolute_context,train,0.1,0.26580866550952653,0.7341913344904735
DEAP:S10:T08,DEAP:S10,T08,1,5.68,2,1,2,7,unexposed,stimulus_absolute_context,train,0.1,0.1593560368948309,0.8406439631051691
DEAP:S10:T11,DEAP:S10,T11,1,8.99,2,1,2,7,unexposed,stimulus_absolute_context,train,0.1,0.07442427351005598,0.925575726489944
DEAP:S10:T18,DEAP:S10,T18,1,7.31,2,1,2,7,unexposed,stimulus_absolute_context,train,0.1,0.240950168306442,0.759049831693558
DEAP:S10:T19,DEAP:S10,T19,1,7.82,2,1,2,7,unexposed,stimulus_absolute_context,train,0.1,0.22804283029885686,0.7719571697011431
DEAP:S10:T22,DEAP:S10,T22,0,4.24,2,1,2,7,unexposed,stimulus_absolute_context,train,0.1,0.8657939593948043,0.1342060406051957
DEAP:S10:T23,DEAP:S10,T23,0,2.87,2,1,2,7,unexposed,stimulus_absolute_context,train,0.1,0.9796249603246606,0.020375039675339393
DEAP:S10:T25,DEAP:S10,T25,0,1.92,2,1,2,7,unexposed,stimulus_absolute_context,train,0.1,0.8625065425570857,0.13749345744291433
DEAP:S10:T26,DEAP:S10,T26,0,4.95,2,1,2,7,unexposed,stimulus_absolute_context,train,0.1,0.7802150176407298,0.21978498235927027
DEAP:S10:T28,DEAP:S10,T28,0,4.31,2,1,2,7,unexposed,stimulus_absolute_context,train,0.1,0.7384558111796168,0.2615441888203832
DEAP:S10:T29,DEAP:S10,T29,0,3.94,2,1,2,7,unexposed,stimulus_absolute_context,train,0.1,0.8935048013098291,0.10649519869017088
DEAP:S10:T30,DEAP:S10,T30,0,2.64,2,1,2,7,unexposed,stimulus_absolute_context,train,0.1,0.9846873242580172,0.01531267574198284
DEAP:S10:T32,DEAP:S10,T32,1,5.96,2,1,2,7,unexposed,stimulus_absolute_context,train,0.1,0.708957465191659,0.2910425348083409
DEAP:S10:T33,DEAP:S10,T33,0,4.94,2,1,2,7,unexposed,stimulus_absolute_context,train,0.1,0.9234370456316485,0.07656295436835153
DEAP:S10:T39,DEAP:S10,T39,0,2.17,2,1,2,7,unexposed,stimulus_absolute_context,train,0.1,0.901174778661991,0.09882522133800892
DEAP:S11:T04,DEAP:S11,T04,1,7.65,2,1,2,7,unexposed,stimulus_absolute_context,train,0.1,0.03604391793379791,0.9639560820662021
DEAP:S11:T08,DEAP:S11,T08,1,6.26,2,1,2,7,unexposed,stimulus_absolute_context,train,0.1,0.03523183183302869,0.9647681681669713
DEAP:S11:T18,DEAP:S11,T18,1,7.95,2,1,2,7,unexposed,stimulus_absolute_context,train,0.1,0.0325950732189102,0.9674049267810898
DEAP:S11:T19,DEAP:S11,T19,1,5.54,2,1,2,7,unexposed,stimulus_absolute_context,train,0.1,0.0334778484863244,0.9665221515136756
DEAP:S11:T22,DEAP:S11,T22,1,6.15,2,1,2,7,unexposed,stimulus_absolute_context,train,0.1,0.38446439106359065,0.6155356089364094
DEAP:S11:T23,DEAP:S11,T23,0,3.72,2,1,2,7,unexposed,stimulus_absolute_context,train,0.1,0.8852779653528263,0.11472203464717365
DEAP:S11:T25,DEAP:S11,T25,1,5.01,2,1,2,7,unexposed,stimulus_absolute_context,train,0.1,0.5184445024830113,0.4815554975169886
DEAP:S11:T28,DEAP:S11,T28,0,4.26,2,1,2,7,unexposed,stimulus_absolute_context,train,0.1,0.33789589818517274,0.6621041018148273
DEAP:S11:T29,DEAP:S11,T29,0,2.32,2,1,2,7,unexposed,stimulus_absolute_context,train,0.1,0.5708748163670605,0.42912518363293956
DEAP:S11:T30,DEAP:S11,T30,0,4.58,2,1,2,7,unexposed,stimulus_absolute_context,train,0.1,0.7828919497219187,0.21710805027808128
DEAP:S11:T32,DEAP:S11,T32,1,5.01,2,1,2,7,unexposed,stimulus_absolute_context,train,0.1,0.3259854775257478,0.6740145224742522
DEAP:S11:T33,DEAP:S11,T33,1,5.64,2,1,2,7,unexposed,stimulus_absolute_context,train,0.1,0.5471424119585419,0.45285758804145815
DEAP:S11:T39,DEAP:S11,T39,0,1.0,2,1,2,7,unexposed,stimulus_absolute_context,train,0.1,0.3369762051147156,0.6630237948852844
DEAP:S12:T02,DEAP:S12,T02,1,6.09,2,1,2,7,unexposed,stimulus_absolute_context,train,0.1,0.16448648615845718,0.8355135138415428
DEAP:S12:T04,DEAP:S12,T04,1,6.86,2,1,2,7,unexposed,stimulus_absolute_context,train,0.1,0.1086138590823611,0.8913861409176389
DEAP:S12:T08,DEAP:S12,T08,1,5.1,2,1,2,7,unexposed,stimulus_absolute_context,train,0.1,0.08217840829715028,0.9178215917028497
DEAP:S12:T11,DEAP:S12,T11,1,7.78,2,1,2,7,unexposed,stimulus_absolute_context,train,0.1,0.04767476020106587,0.9523252397989341
DEAP:S12:T18,DEAP:S12,T18,1,7.35,2,1,2,7,unexposed,stimulus_absolute_context,train,0.1,0.19802925614371047,0.8019707438562895
DEAP:S12:T19,DEAP:S12,T19,1,7.03,2,1,2,7,unexposed,stimulus_absolute_context,train,0.1,0.15134290778626114,0.8486570922137389
DEAP:S12:T22,DEAP:S12,T22,0,3.33,2,1,2,7,unexposed,stimulus_absolute_context,train,0.1,0.7777932248114922,0.22220677518850782
DEAP:S12:T26,DEAP:S12,T26,1,6.08,2,1,2,7,unexposed,stimulus_absolute_context,train,0.1,0.598061767632535,0.4019382323674649
DEAP:S12:T28,DEAP:S12,T28,1,5.04,2,1,2,7,unexposed,stimulus_absolute_context,train,0.1,0.5438941709416729,0.45610582905832703
DEAP:S12:T29,DEAP:S12,T29,0,1.67,2,1,2,7,unexposed,stimulus_absolute_context,train,0.1,0.7280749313591056,0.2719250686408944
DEAP:S12:T30,DEAP:S12,T30,0,3.36,2,1,2,7,unexposed,stimulus_absolute_context,train,0.1,0.9541789584315445,0.04582104156845547
DEAP:S12:T32,DEAP:S12,T32,0,1.86,2,1,2,7,unexposed,stimulus_absolute_context,train,0.1,0.6413445380291345,0.35865546197086545
DEAP:S12:T33,DEAP:S12,T33,0,1.9,2,1,2,7,unexposed,stimulus_absolute_context,train,0.1,0.7788558244416836,0.22114417555831642
DEAP:S12:T39,DEAP:S12,T39,0,3.18,2,1,2,7,unexposed,stimulus_absolute_context,train,0.1,0.7298641910071362,0.2701358089928639
DEAP:S13:T02,DEAP:S13,T02,0,4.03,2,1,2,7,unexposed,stimulus_absolute_context,train,0.1,0.16130294140436663,0.8386970585956334
DEAP:S13:T04,DEAP:S13,T04,1,7.08,2,1,2,7,unexposed,stimulus_absolute_context,train,0.1,0.0867761203302756,0.9132238796697244
DEAP:S13:T08,DEAP:S13,T08,1,7.99,2,1,2,7,unexposed,stimulus_absolute_context,train,0.1,0.09533047700354247,0.9046695229964575
DEAP:S13:T11,DEAP:S13,T11,1,7.04,2,1,2,7,unexposed,stimulus_absolute_context,train,0.1,0.05172768031241115,0.9482723196875888
DEAP:S13:T18,DEAP:S13,T18,1,7.94,2,1,2,7,unexposed,stimulus_absolute_context,train,0.1,0.13627892614418524,0.8637210738558148
DEAP:S13:T19,DEAP:S13,T19,1,8.51,2,1,2,7,unexposed,stimulus_absolute_context,train,0.1,0.14091448572222187,0.8590855142777781
DEAP:S13:T22,DEAP:S13,T22,0,4.01,2,1,2,7,unexposed,stimulus_absolute_context,train,0.1,0.7834942951834412,0.21650570481655879
DEAP:S13:T23,DEAP:S13,T23,0,1.0,2,1,2,7,unexposed,stimulus_absolute_context,train,0.1,0.9578261965050316,0.042173803494968375
DEAP:S13:T25,DEAP:S13,T25,0,3.97,2,1,2,7,unexposed,stimulus_absolute_context,train,0.1,0.6325022138527288,0.3674977861472713
DEAP:S13:T26,DEAP:S13,T26,1,5.04,2,1,2,7,unexposed,stimulus_absolute_context,train,0.1,0.6318973021682504,0.36810269783174965
DEAP:S13:T28,DEAP:S13,T28,1,7.08,2,1,2,7,unexposed,stimulus_absolute_context,train,0.1,0.6033933312240409,0.39660666877595907
DEAP:S13:T29,DEAP:S13,T29,0,4.04,2,1,2,7,unexposed,stimulus_absolute_context,train,0.1,0.7761929536426928,0.22380704635730725
DEAP:S13:T30,DEAP:S13,T30,0,3.05,2,1,2,7,unexposed,stimulus_absolute_context,train,0.1,0.9648354909247616,0.03516450907523843
DEAP:S13:T33,DEAP:S13,T33,0,4.55,2,1,2,7,unexposed,stimulus_absolute_context,train,0.1,0.8187543668322825,0.1812456331677174
DEAP:S13:T39,DEAP:S13,T39,0,1.97,2,1,2,7,unexposed,stimulus_absolute_context,train,0.1,0.7762136948015645,0.2237863051984354
DEAP:S14:T02,DEAP:S14,T02,1,6.05,2,1,2,7,unexposed,stimulus_absolute_context,train,0.1,0.21774904838743325,0.7822509516125667
DEAP:S14:T04,DEAP:S14,T04,1,7.38,2,1,2,7,unexposed,stimulus_absolute_context,train,0.1,0.12262199640653737,0.8773780035934626
DEAP:S14:T08,DEAP:S14,T08,1,7.0,2,1,2,7,unexposed,stimulus_absolute_context,train,0.1,0.13492782368411682,0.8650721763158832
DEAP:S14:T11,DEAP:S14,T11,1,8.03,2,1,2,7,unexposed,stimulus_absolute_context,train,0.1,0.07448406818466402,0.925515931815336
DEAP:S14:T18,DEAP:S14,T18,1,8.09,2,1,2,7,unexposed,stimulus_absolute_context,train,0.1,0.19865865714529773,0.8013413428547023
DEAP:S14:T19,DEAP:S14,T19,1,7.55,2,1,2,7,unexposed,stimulus_absolute_context,train,0.1,0.13798018925676536,0.8620198107432346
DEAP:S14:T22,DEAP:S14,T22,0,4.1,2,1,2,7,unexposed,stimulus_absolute_context,train,0.1,0.8011657677620961,0.19883423223790384
DEAP:S14:T23,DEAP:S14,T23,0,2.41,2,1,2,7,unexposed,stimulus_absolute_context,train,0.1,0.9706161899638235,0.02938381003617656
DEAP:S14:T25,DEAP:S14,T25,0,3.87,2,1,2,7,unexposed,stimulus_absolute_context,train,0.1,0.7599934012961136,0.24000659870388635
DEAP:S14:T26,DEAP:S14,T26,0,3.28,2,1,2,7,unexposed,stimulus_absolute_context,train,0.1,0.6323569742303016,0.36764302576969843
DEAP:S14:T28,DEAP:S14,T28,0,2.53,2,1,2,7,unexposed,stimulus_absolute_context,train,0.1,0.6855166107932164,0.31448338920678365
DEAP:S14:T30,DEAP:S14,T30,0,1.1,2,1,2,7,unexposed,stimulus_absolute_context,train,0.1,0.9744819011883806,0.02551809881161939
DEAP:S14:T32,DEAP:S14,T32,0,1.99,2,1,2,7,unexposed,stimulus_absolute_context,train,0.1,0.6563071057607739,0.34369289423922617
DEAP:S14:T33,DEAP:S14,T33,0,3.18,2,1,2,7,unexposed,stimulus_absolute_context,train,0.1,0.847013802674406,0.15298619732559407
DEAP:S14:T39,DEAP:S14,T39,1,6.65,2,1,2,7,unexposed,stimulus_absolute_context,train,0.1,0.8401611434445939,0.15983885655540606
DEAP:S15:T02,DEAP:S15,T02,1,5.04,2,1,2,7,unexposed,stimulus_absolute_context,train,0.1,0.29050973162179694,0.7094902683782031
DEAP:S15:T04,DEAP:S15,T04,1,8.04,2,1,2,7,unexposed,stimulus_absolute_context,train,0.1,0.09364893632823323,0.9063510636717668
DEAP:S15:T08,DEAP:S15,T08,1,9.0,2,1,2,7,unexposed,stimulus_absolute_context,train,0.1,0.16333346085779443,0.8366665391422056
DEAP:S15:T11,DEAP:S15,T11,1,8.99,2,1,2,7,unexposed,stimulus_absolute_context,train,0.1,0.05858508954914987,0.9414149104508501
DEAP:S15:T18,DEAP:S15,T18,1,7.04,2,1,2,7,unexposed,stimulus_absolute_context,train,0.1,0.17885488730308552,0.8211451126969145
DEAP:S15:T19,DEAP:S15,T19,1,7.04,2,1,2,7,unexposed,stimulus_absolute_context,train,0.1,0.21582426080667572,0.7841757391933243
DEAP:S15:T22,DEAP:S15,T22,0,4.12,2,1,2,7,unexposed,stimulus_absolute_context,train,0.1,0.9406265711688313,0.059373428831168716
DEAP:S15:T23,DEAP:S15,T23,0,3.05,2,1,2,7,unexposed,stimulus_absolute_context,train,0.1,0.9729944451861819,0.027005554813818052
DEAP:S15:T25,DEAP:S15,T25,0,2.96,2,1,2,7,unexposed,stimulus_absolute_context,train,0.1,0.7738278057147647,0.22617219428523522
DEAP:S15:T28,DEAP:S15,T28,0,4.01,2,1,2,7,unexposed,stimulus_absolute_context,train,0.1,0.7830081485156141,0.21699185148438593
DEAP:S15:T29,DEAP:S15,T29,0,4.05,2,1,2,7,unexposed,stimulus_absolute_context,train,0.1,0.9161491908306256,0.08385080916937443
DEAP:S15:T30,DEAP:S15,T30,0,2.04,2,1,2,7,unexposed,stimulus_absolute_context,train,0.1,0.986089857908082,0.01391014209191797
DEAP:S15:T32,DEAP:S15,T32,0,3.97,2,1,2,7,unexposed,stimulus_absolute_context,train,0.1,0.8000157778240529,0.19998422217594708
DEAP:S15:T33,DEAP:S15,T33,0,3.01,2,1,2,7,unexposed,stimulus_absolute_context,train,0.1,0.8169614408091667,0.1830385591908333
DEAP:S15:T39,DEAP:S15,T39,0,4.0,2,1,2,7,unexposed,stimulus_absolute_context,train,0.1,0.8365351281054287,0.1634648718945713
DEAP:S16:T02,DEAP:S16,T02,1,6.45,2,1,2,7,unexposed,stimulus_absolute_context,train,0.1,0.2753554343218063,0.7246445656781937
DEAP:S16:T08,DEAP:S16,T08,0,3.51,2,1,2,7,unexposed,stimulus_absolute_context,train,0.1,0.23075279498029921,0.7692472050197008
DEAP:S16:T11,DEAP:S16,T11,1,7.27,2,1,2,7,unexposed,stimulus_absolute_context,train,0.1,0.15445877532867225,0.8455412246713278
DEAP:S16:T19,DEAP:S16,T19,0,2.86,2,1,2,7,unexposed,stimulus_absolute_context,train,0.1,0.3865647223416868,0.6134352776583132
DEAP:S16:T23,DEAP:S16,T23,0,3.9,2,1,2,7,unexposed,stimulus_absolute_context,train,0.1,0.990516993249201,0.009483006750799093
DEAP:S16:T25,DEAP:S16,T25,0,2.47,2,1,2,7,unexposed,stimulus_absolute_context,train,0.1,0.9295688956349349,0.0704311043650651
DEAP:S16:T26,DEAP:S16,T26,0,1.82,2,1,2,7,unexposed,stimulus_absolute_context,train,0.1,0.8226288251152366,0.17737117488476342
DEAP:S16:T28,DEAP:S16,T28,0,2.85,2,1,2,7,unexposed,stimulus_absolute_context,train,0.1,0.8077127699290823,0.19228723007091775
DEAP:S16:T29,DEAP:S16,T29,0,3.23,2,1,2,7,unexposed,stimulus_absolute_context,train,0.1,0.9463527046194448,0.05364729538055525
DEAP:S16:T33,DEAP:S16,T33,0,1.0,2,1,2,7,unexposed,stimulus_absolute_context,train,0.1,0.9438744451421089,0.05612555485789102
DEAP:S16:T39,DEAP:S16,T39,1,6.13,2,1,2,7,unexposed,stimulus_absolute_context,train,0.1,0.8489558673456281,0.15104413265437194
DEAP:S17:T02,DEAP:S17,T02,1,7.26,2,1,2,7,unexposed,stimulus_absolute_context,train,0.1,0.07895140914363874,0.9210485908563613
DEAP:S17:T04,DEAP:S17,T04,1,6.35,2,1,2,7,unexposed,stimulus_absolute_context,train,0.1,0.09101313940822653,0.9089868605917735
DEAP:S17:T08,DEAP:S17,T08,1,6.05,2,1,2,7,unexposed,stimulus_absolute_context,train,0.1,0.03586158036226894,0.9641384196377311
DEAP:S17:T18,DEAP:S17,T18,1,6.22,2,1,2,7,unexposed,stimulus_absolute_context,train,0.1,0.10630240286891612,0.8936975971310839
DEAP:S17:T22,DEAP:S17,T22,0,3.19,2,1,2,7,unexposed,stimulus_absolute_context,train,0.1,0.6657475306838381,0.3342524693161619
DEAP:S17:T23,DEAP:S17,T23,0,3.62,2,1,2,7,unexposed,stimulus_absolute_context,train,0.1,0.9085171670076818,0.09148283299231816
DEAP:S17:T25,DEAP:S17,T25,1,6.18,2,1,2,7,unexposed,stimulus_absolute_context,train,0.1,0.5362991174335674,0.46370088256643266
DEAP:S17:T26,DEAP:S17,T26,0,3.73,2,1,2,7,unexposed,stimulus_absolute_context,train,0.1,0.4323402009603826,0.5676597990396174
DEAP:S17:T28,DEAP:S17,T28,1,5.64,2,1,2,7,unexposed,stimulus_absolute_context,train,0.1,0.390689896316294,0.609310103683706
DEAP:S17:T29,DEAP:S17,T29,1,5.54,2,1,2,7,unexposed,stimulus_absolute_context,train,0.1,0.7290647679532682,0.2709352320467318
DEAP:S17:T30,DEAP:S17,T30,0,3.04,2,1,2,7,unexposed,stimulus_absolute_context,train,0.1,0.9288836371250924,0.07111636287490762
DEAP:S17:T32,DEAP:S17,T32,0,4.04,2,1,2,7,unexposed,stimulus_absolute_context,train,0.1,0.4436392279713097,0.5563607720286903
DEAP:S17:T33,DEAP:S17,T33,0,3.83,2,1,2,7,unexposed,stimulus_absolute_context,train,0.1,0.5779808371817213,0.42201916281827867
DEAP:S17:T39,DEAP:S17,T39,1,7.1,2,1,2,7,unexposed,stimulus_absolute_context,train,0.1,0.6110749146233765,0.38892508537662346
DEAP:S18:T02,DEAP:S18,T02,1,6.87,2,1,2,7,unexposed,stimulus_absolute_context,train,0.1,0.1013581404679691,0.8986418595320309
DEAP:S18:T04,DEAP:S18,T04,1,6.65,2,1,2,7,unexposed,stimulus_absolute_context,train,0.1,0.05225728928146822,0.9477427107185318
DEAP:S18:T11,DEAP:S18,T11,1,6.24,2,1,2,7,unexposed,stimulus_absolute_context,train,0.1,0.02366329890676977,0.9763367010932302
DEAP:S18:T18,DEAP:S18,T18,1,7.05,2,1,2,7,unexposed,stimulus_absolute_context,train,0.1,0.08329389488550698,0.916706105114493
DEAP:S18:T19,DEAP:S18,T19,1,7.04,2,1,2,7,unexposed,stimulus_absolute_context,train,0.1,0.0872196773816275,0.9127803226183725
DEAP:S18:T22,DEAP:S18,T22,1,5.69,2,1,2,7,unexposed,stimulus_absolute_context,train,0.1,0.6706969132521907,0.3293030867478092
DEAP:S18:T23,DEAP:S18,T23,0,3.71,2,1,2,7,unexposed,stimulus_absolute_context,train,0.1,0.93317171310742,0.06682828689258008
DEAP:S18:T25,DEAP:S18,T25,0,4.23,2,1,2,7,unexposed,stimulus_absolute_context,train,0.1,0.5521333789209821,0.44786662107901787
DEAP:S18:T26,DEAP:S18,T26,1,5.44,2,1,2,7,unexposed,stimulus_absolute_context,train,0.1,0.3975678404256241,0.6024321595743759
DEAP:S18:T28,DEAP:S18,T28,1,5.95,2,1,2,7,unexposed,stimulus_absolute_context,train,0.1,0.4499465714699895,0.5500534285300105
DEAP:S18:T29,DEAP:S18,T29,0,4.9,2,1,2,7,unexposed,stimulus_absolute_context,train,0.1,0.7135454921437341,0.28645450785626586
DEAP:S18:T30,DEAP:S18,T30,0,2.96,2,1,2,7,unexposed,stimulus_absolute_context,train,0.1,0.9557129806242368,0.04428701937576313
DEAP:S18:T32,DEAP:S18,T32,0,4.62,2,1,2,7,unexposed,stimulus_absolute_context,train,0.1,0.5119196714501119,0.48808032854988814
DEAP:S18:T33,DEAP:S18,T33,0,4.56,2,1,2,7,unexposed,stimulus_absolute_context,train,0.1,0.6800601842750218,0.3199398157249782
DEAP:S18:T39,DEAP:S18,T39,0,4.06,2,1,2,7,unexposed,stimulus_absolute_context,train,0.1,0.6554551140881795,0.3445448859118205
DEAP:S20:T02,DEAP:S20,T02,1,6.77,2,1,2,7,unexposed,stimulus_absolute_context,train,0.1,0.12824350216627556,0.8717564978337244
DEAP:S20:T04,DEAP:S20,T04,1,7.05,2,1,2,7,unexposed,stimulus_absolute_context,train,0.1,0.07695999712058932,0.9230400028794107
DEAP:S20:T08,DEAP:S20,T08,1,7.63,2,1,2,7,unexposed,stimulus_absolute_context,train,0.1,0.07722714181154067,0.9227728581884593
DEAP:S20:T11,DEAP:S20,T11,1,8.18,2,1,2,7,unexposed,stimulus_absolute_context,train,0.1,0.0512209096590005,0.9487790903409995
DEAP:S20:T18,DEAP:S20,T18,1,7.35,2,1,2,7,unexposed,stimulus_absolute_context,train,0.1,0.12050456620018646,0.8794954337998135
DEAP:S20:T19,DEAP:S20,T19,1,7.59,2,1,2,7,unexposed,stimulus_absolute_context,train,0.1,0.0859207065350579,0.9140792934649421
DEAP:S20:T22,DEAP:S20,T22,0,4.06,2,1,2,7,unexposed,stimulus_absolute_context,train,0.1,0.7441413134785335,0.2558586865214665
DEAP:S20:T23,DEAP:S20,T23,0,2.82,2,1,2,7,unexposed,stimulus_absolute_context,train,0.1,0.9565762858932096,0.043423714106790405
DEAP:S20:T25,DEAP:S20,T25,0,2.99,2,1,2,7,unexposed,stimulus_absolute_context,train,0.1,0.6911480525324766,0.3088519474675234
DEAP:S20:T26,DEAP:S20,T26,0,4.31,2,1,2,7,unexposed,stimulus_absolute_context,train,0.1,0.4560411585369264,0.5439588414630736
DEAP:S20:T28,DEAP:S20,T28,1,5.01,2,1,2,7,unexposed,stimulus_absolute_context,train,0.1,0.4759063346442496,0.5240936653557504
DEAP:S20:T29,DEAP:S20,T29,0,2.44,2,1,2,7,unexposed,stimulus_absolute_context,train,0.1,0.7373597941720587,0.26264020582794134
DEAP:S20:T30,DEAP:S20,T30,0,3.49,2,1,2,7,unexposed,stimulus_absolute_context,train,0.1,0.9618134356617271,0.038186564338272916
DEAP:S20:T32,DEAP:S20,T32,1,6.28,2,1,2,7,unexposed,stimulus_absolute_context,train,0.1,0.6820202592991303,0.31797974070086965
DEAP:S20:T39,DEAP:S20,T39,0,4.67,2,1,2,7,unexposed,stimulus_absolute_context,train,0.1,0.7733265535849451,0.2266734464150549
DEAP:S21:T02,DEAP:S21,T02,1,7.05,2,1,2,7,unexposed,stimulus_absolute_context,train,0.1,0.17529422443380926,0.8247057755661907
DEAP:S21:T04,DEAP:S21,T04,1,5.05,2,1,2,7,unexposed,stimulus_absolute_context,train,0.1,0.12274232392710571,0.8772576760728943
DEAP:S21:T08,DEAP:S21,T08,1,8.81,2,1,2,7,unexposed,stimulus_absolute_context,train,0.1,0.10178753244438998,0.89821246755561
DEAP:S21:T11,DEAP:S21,T11,1,7.05,2,1,2,7,unexposed,stimulus_absolute_context,train,0.1,0.0453186931675702,0.9546813068324298
DEAP:S21:T19,DEAP:S21,T19,1,7.26,2,1,2,7,unexposed,stimulus_absolute_context,train,0.1,0.11092453027019156,0.8890754697298084
DEAP:S21:T22,DEAP:S21,T22,0,2.09,2,1,2,7,unexposed,stimulus_absolute_context,train,0.1,0.7240481603861999,0.27595183961380015
DEAP:S21:T23,DEAP:S21,T23,0,4.69,2,1,2,7,unexposed,stimulus_absolute_context,train,0.1,0.9402422772127609,0.05975772278723908
DEAP:S21:T25,DEAP:S21,T25,0,3.97,2,1,2,7,unexposed,stimulus_absolute_context,train,0.1,0.6398608610792751,0.3601391389207249
DEAP:S21:T26,DEAP:S21,T26,0,4.06,2,1,2,7,unexposed,stimulus_absolute_context,train,0.1,0.51970287779506,0.48029712220494003
DEAP:S21:T28,DEAP:S21,T28,0,3.04,2,1,2,7,unexposed,stimulus_absolute_context,train,0.1,0.512357085466817,0.487642914533183
DEAP:S21:T29,DEAP:S21,T29,0,3.01,2,1,2,7,unexposed,stimulus_absolute_context,train,0.1,0.6711825477073166,0.3288174522926835
DEAP:S21:T30,DEAP:S21,T30,0,3.45,2,1,2,7,unexposed,stimulus_absolute_context,train,0.1,0.9584331062049394,0.04156689379506067
DEAP:S21:T32,DEAP:S21,T32,1,6.27,2,1,2,7,unexposed,stimulus_absolute_context,train,0.1,0.6373830160061231,0.36261698399387693
DEAP:S21:T33,DEAP:S21,T33,1,7.03,2,1,2,7,unexposed,stimulus_absolute_context,train,0.1,0.7818021297154524,0.21819787028454765
DEAP:S22:T02,DEAP:S22,T02,1,7.08,2,1,2,7,unexposed,stimulus_absolute_context,train,0.1,0.29556900996565516,0.7044309900343448
DEAP:S22:T04,DEAP:S22,T04,1,7.06,2,1,2,7,unexposed,stimulus_absolute_context,train,0.1,0.18255120626140664,0.8174487937385934
DEAP:S22:T08,DEAP:S22,T08,1,7.09,2,1,2,7,unexposed,stimulus_absolute_context,train,0.1,0.14693773380193842,0.8530622661980616
DEAP:S22:T11,DEAP:S22,T11,1,8.05,2,1,2,7,unexposed,stimulus_absolute_context,train,0.1,0.08393026783764601,0.916069732162354
DEAP:S22:T18,DEAP:S22,T18,1,8.08,2,1,2,7,unexposed,stimulus_absolute_context,train,0.1,0.19421444892181516,0.8057855510781848
DEAP:S22:T19,DEAP:S22,T19,1,9.0,2,1,2,7,unexposed,stimulus_absolute_context,train,0.1,0.13118352295335256,0.8688164770466474
DEAP:S22:T22,DEAP:S22,T22,0,4.05,2,1,2,7,unexposed,stimulus_absolute_context,train,0.1,0.7371214509414974,0.26287854905850266
DEAP:S22:T23,DEAP:S22,T23,0,2.99,2,1,2,7,unexposed,stimulus_absolute_context,train,0.1,0.9622264520005054,0.037773547999494644
DEAP:S22:T29,DEAP:S22,T29,0,2.0,2,1,2,7,unexposed,stimulus_absolute_context,train,0.1,0.8524319921977428,0.14756800780225726
DEAP:S22:T30,DEAP:S22,T30,0,1.0,2,1,2,7,unexposed,stimulus_absolute_context,train,0.1,0.9682804436052214,0.03171955639477863
DEAP:S22:T32,DEAP:S22,T32,0,1.99,2,1,2,7,unexposed,stimulus_absolute_context,train,0.1,0.7999832586463939,0.20001674135360614
DEAP:S22:T33,DEAP:S22,T33,0,1.96,2,1,2,7,unexposed,stimulus_absolute_context,train,0.1,0.885184934424905,0.114815065575095
DEAP:S22:T39,DEAP:S22,T39,0,1.0,2,1,2,7,unexposed,stimulus_absolute_context,train,0.1,0.754650238861899,0.24534976113810103
DEAP:S23:T02,DEAP:S23,T02,1,9.0,2,1,2,7,unexposed,stimulus_absolute_context,train,0.1,0.06631893151326029,0.9336810684867397
DEAP:S23:T04,DEAP:S23,T04,1,8.21,2,1,2,7,unexposed,stimulus_absolute_context,train,0.1,0.04141303299383059,0.9585869670061694
DEAP:S23:T08,DEAP:S23,T08,1,7.23,2,1,2,7,unexposed,stimulus_absolute_context,train,0.1,0.031920847407664654,0.9680791525923353
DEAP:S23:T11,DEAP:S23,T11,1,7.0,2,1,2,7,unexposed,stimulus_absolute_context,train,0.1,0.014989212446247402,0.9850107875537526
DEAP:S23:T18,DEAP:S23,T18,1,7.12,2,1,2,7,unexposed,stimulus_absolute_context,train,0.1,0.0727969840802295,0.9272030159197705
DEAP:S23:T19,DEAP:S23,T19,1,8.15,2,1,2,7,unexposed,stimulus_absolute_context,train,0.1,0.05643045737688057,0.9435695426231194
DEAP:S23:T22,DEAP:S23,T22,0,2.97,2,1,2,7,unexposed,stimulus_absolute_context,train,0.1,0.5566805014873806,0.44331949851261937
DEAP:S23:T23,DEAP:S23,T23,0,4.17,2,1,2,7,unexposed,stimulus_absolute_context,train,0.1,0.890210620633748,0.10978937936625198
DEAP:S23:T25,DEAP:S23,T25,0,4.97,2,1,2,7,unexposed,stimulus_absolute_context,train,0.1,0.4356021704456018,0.5643978295543982
DEAP:S23:T26,DEAP:S23,T26,1,8.27,2,1,2,7,unexposed,stimulus_absolute_context,train,0.1,0.40760591113921685,0.5923940888607832
DEAP:S23:T28,DEAP:S23,T28,1,5.04,2,1,2,7,unexposed,stimulus_absolute_context,train,0.1,0.25405029859136274,0.7459497014086373
DEAP:S23:T29,DEAP:S23,T29,0,3.72,2,1,2,7,unexposed,stimulus_absolute_context,train,0.1,0.48064988852283275,0.5193501114771673
DEAP:S23:T30,DEAP:S23,T30,0,3.88,2,1,2,7,unexposed,stimulus_absolute_context,train,0.1,0.9309211066522306,0.06907889334776943
DEAP:S23:T32,DEAP:S23,T32,1,7.97,2,1,2,7,unexposed,stimulus_absolute_context,train,0.1,0.43128721450551355,0.5687127854944865
DEAP:S23:T33,DEAP:S23,T33,1,5.04,2,1,2,7,unexposed,stimulus_absolute_context,train,0.1,0.6810241966075032,0.31897580339249676
DEAP:S24:T02,DEAP:S24,T02,1,6.04,2,1,2,7,unexposed,stimulus_absolute_context,train,0.1,0.22178457516234995,0.77821542483765
DEAP:S24:T04,DEAP:S24,T04,1,6.05,2,1,2,7,unexposed,stimulus_absolute_context,train,0.1,0.11357884155060549,0.8864211584493945
DEAP:S24:T08,DEAP:S24,T08,1,7.03,2,1,2,7,unexposed,stimulus_absolute_context,train,0.1,0.10841938061141743,0.8915806193885826
DEAP:S24:T11,DEAP:S24,T11,1,7.03,2,1,2,7,unexposed,stimulus_absolute_context,train,0.1,0.06361867874590388,0.9363813212540961
DEAP:S24:T18,DEAP:S24,T18,1,8.96,2,1,2,7,unexposed,stimulus_absolute_context,train,0.1,0.18997291925754256,0.8100270807424574
DEAP:S24:T19,DEAP:S24,T19,1,7.03,2,1,2,7,unexposed,stimulus_absolute_context,train,0.1,0.16647570563558045,0.8335242943644195
DEAP:S24:T22,DEAP:S24,T22,0,3.03,2,1,2,7,unexposed,stimulus_absolute_context,train,0.1,0.8140228289435827,0.18597717105641737
DEAP:S24:T23,DEAP:S24,T23,0,1.0,2,1,2,7,unexposed,stimulus_absolute_context,train,0.1,0.9567336129580162,0.043266387041983816
DEAP:S24:T25,DEAP:S24,T25,0,3.12,2,1,2,7,unexposed,stimulus_absolute_context,train,0.1,0.7289659133947279,0.27103408660527206
DEAP:S24:T26,DEAP:S24,T26,0,4.05,2,1,2,7,unexposed,stimulus_absolute_context,train,0.1,0.5893288406786086,0.41067115932139137
DEAP:S24:T28,DEAP:S24,T28,0,4.03,2,1,2,7,unexposed,stimulus_absolute_context,train,0.1,0.5454797545666251,0.4545202454333749
DEAP:S24:T29,DEAP:S24,T29,0,3.97,2,1,2,7,unexposed,stimulus_absolute_context,train,0.1,0.800945623344763,0.19905437665523698
DEAP:S24:T30,DEAP:S24,T30,0,1.0,2,1,2,7,unexposed,stimulus_absolute_context,train,0.1,0.9556111393882892,0.044388860611710775
DEAP:S24:T32,DEAP:S24,T32,0,3.0,2,1,2,7,unexposed,stimulus_absolute_context,train,0.1,0.7029208322606002,0.29707916773939974
DEAP:S24:T33,DEAP:S24,T33,1,5.01,2,1,2,7,unexposed,stimulus_absolute_context,train,0.1,0.8535498713273081,0.14645012867269194
DEAP:S24:T39,DEAP:S24,T39,0,2.12,2,1,2,7,unexposed,stimulus_absolute_context,train,0.1,0.7658278170962407,0.23417218290375935
DEAP:S25:T08,DEAP:S25,T08,1,8.04,2,1,2,7,unexposed,stimulus_absolute_context,train,0.1,0.12033143800777635,0.8796685619922237
DEAP:S25:T11,DEAP:S25,T11,1,9.0,2,1,2,7,unexposed,stimulus_absolute_context,train,0.1,0.06211779242432691,0.9378822075756731
DEAP:S25:T18,DEAP:S25,T18,0,3.04,2,1,2,7,unexposed,stimulus_absolute_context,train,0.1,0.15024888837166583,0.8497511116283342
DEAP:S25:T19,DEAP:S25,T19,1,7.06,2,1,2,7,unexposed,stimulus_absolute_context,train,0.1,0.18214589874335152,0.8178541012566485
DEAP:S25:T22,DEAP:S25,T22,1,8.03,2,1,2,7,unexposed,stimulus_absolute_context,train,0.1,0.8264161628199291,0.1735838371800708
DEAP:S25:T25,DEAP:S25,T25,0,4.96,2,1,2,7,unexposed,stimulus_absolute_context,train,0.1,0.7444894046986079,0.2555105953013921
DEAP:S25:T26,DEAP:S25,T26,0,4.99,2,1,2,7,unexposed,stimulus_absolute_context,train,0.1,0.6201263776164354,0.37987362238356454
DEAP:S25:T28,DEAP:S25,T28,1,5.01,2,1,2,7,unexposed,stimulus_absolute_context,train,0.1,0.6614762831335489,0.3385237168664511
DEAP:S25:T29,DEAP:S25,T29,0,1.0,2,1,2,7,unexposed,stimulus_absolute_context,train,0.1,0.7826234555231967,0.21737654447680332
DEAP:S25:T30,DEAP:S25,T30,0,4.03,2,1,2,7,unexposed,stimulus_absolute_context,train,0.1,0.9737548830806065,0.026245116919393453
DEAP:S25:T32,DEAP:S25,T32,0,1.0,2,1,2,7,unexposed,stimulus_absolute_context,train,0.1,0.6830469024882826,0.3169530975117174
DEAP:S25:T39,DEAP:S25,T39,0,1.0,2,1,2,7,unexposed,stimulus_absolute_context,train,0.1,0.8241454360054973,0.1758545639945027
DEAP:S26:T02,DEAP:S26,T02,1,6.96,2,1,2,7,unexposed,stimulus_absolute_context,train,0.1,0.07190501714021025,0.9280949828597898
DEAP:S26:T04,DEAP:S26,T04,1,8.03,2,1,2,7,unexposed,stimulus_absolute_context,train,0.1,0.03195362793323042,0.9680463720667696
DEAP:S26:T08,DEAP:S26,T08,1,8.01,2,1,2,7,unexposed,stimulus_absolute_context,train,0.1,0.02024794973494426,0.9797520502650557
DEAP:S26:T11,DEAP:S26,T11,1,8.04,2,1,2,7,unexposed,stimulus_absolute_context,train,0.1,0.012177150982819462,0.9878228490171805
DEAP:S26:T18,DEAP:S26,T18,1,9.0,2,1,2,7,unexposed,stimulus_absolute_context,train,0.1,0.05013289277842603,0.949867107221574
DEAP:S26:T19,DEAP:S26,T19,1,8.0,2,1,2,7,unexposed,stimulus_absolute_context,train,0.1,0.047674130985093766,0.9523258690149062
DEAP:S26:T22,DEAP:S26,T22,1,6.97,2,1,2,7,unexposed,stimulus_absolute_context,train,0.1,0.4497149944075922,0.5502850055924078
DEAP:S26:T23,DEAP:S26,T23,0,2.28,2,1,2,7,unexposed,stimulus_absolute_context,train,0.1,0.8374473932705109,0.1625526067294891
DEAP:S26:T25,DEAP:S26,T25,1,7.14,2,1,2,7,unexposed,stimulus_absolute_context,train,0.1,0.36904869083107805,0.630951309168922
DEAP:S26:T26,DEAP:S26,T26,1,5.05,2,1,2,7,unexposed,stimulus_absolute_context,train,0.1,0.2655924323730161,0.7344075676269839
DEAP:S26:T28,DEAP:S26,T28,1,5.97,2,1,2,7,unexposed,stimulus_absolute_context,train,0.1,0.2679033257509177,0.7320966742490823
DEAP:S26:T29,DEAP:S26,T29,1,6.09,2,1,2,7,unexposed,stimulus_absolute_context,train,0.1,0.5130424885304077,0.48695751146959226
DEAP:S26:T30,DEAP:S26,T30,0,4.95,2,1,2,7,unexposed,stimulus_absolute_context,train,0.1,0.9034496733706495,0.09655032662935044
DEAP:S26:T32,DEAP:S26,T32,0,1.96,2,1,2,7,unexposed,stimulus_absolute_context,train,0.1,0.33709251640794613,0.6629074835920539
DEAP:S26:T33,DEAP:S26,T33,0,1.0,2,1,2,7,unexposed,stimulus_absolute_context,train,0.1,0.509086644598761,0.490913355401239
DEAP:S26:T39,DEAP:S26,T39,0,1.95,2,1,2,7,unexposed,stimulus_absolute_context,train,0.1,0.5215285141064631,0.47847148589353694
DEAP:S29:T02,DEAP:S29,T02,1,7.05,2,1,2,7,unexposed,stimulus_absolute_context,train,0.1,0.20105928781777538,0.7989407121822246
DEAP:S29:T04,DEAP:S29,T04,1,7.17,2,1,2,7,unexposed,stimulus_absolute_context,train,0.1,0.25263444872266483,0.7473655512773352
DEAP:S29:T08,DEAP:S29,T08,1,7.04,2,1,2,7,unexposed,stimulus_absolute_context,train,0.1,0.18678531741249849,0.8132146825875015
DEAP:S29:T11,DEAP:S29,T11,1,8.03,2,1,2,7,unexposed,stimulus_absolute_context,train,0.1,0.08974320747897979,0.9102567925210202
DEAP:S29:T18,DEAP:S29,T18,1,7.01,2,1,2,7,unexposed,stimulus_absolute_context,train,0.1,0.2975961991439031,0.7024038008560969
DEAP:S29:T19,DEAP:S29,T19,1,7.05,2,1,2,7,unexposed,stimulus_absolute_context,train,0.1,0.13616681815929965,0.8638331818407003
DEAP:S29:T22,DEAP:S29,T22,0,3.05,2,1,2,7,unexposed,stimulus_absolute_context,train,0.1,0.7793120569648495,0.2206879430351505
DEAP:S29:T23,DEAP:S29,T23,0,2.05,2,1,2,7,unexposed,stimulus_absolute_context,train,0.1,0.9733810110860139,0.026618988913986105
DEAP:S29:T25,DEAP:S29,T25,0,3.03,2,1,2,7,unexposed,stimulus_absolute_context,train,0.1,0.7874115456227695,0.21258845437723045
DEAP:S29:T26,DEAP:S29,T26,0,3.0,2,1,2,7,unexposed,stimulus_absolute_context,train,0.1,0.5898327754113346,0.41016722458866545
DEAP:S29:T28,DEAP:S29,T28,0,1.04,2,1,2,7,unexposed,stimulus_absolute_context,train,0.1,0.7049213102454459,0.2950786897545541
DEAP:S29:T29,DEAP:S29,T29,0,3.97,2,1,2,7,unexposed,stimulus_absolute_context,train,0.1,0.8625946814811071,0.13740531851889295
DEAP:S29:T30,DEAP:S29,T30,0,2.95,2,1,2,7,unexposed,stimulus_absolute_context,train,0.1,0.9653998590079204,0.034600140992079656
DEAP:S29:T32,DEAP:S29,T32,0,4.04,2,1,2,7,unexposed,stimulus_absolute_context,train,0.1,0.659759807812099,0.340240192187901
DEAP:S29:T33,DEAP:S29,T33,0,1.99,2,1,2,7,unexposed,stimulus_absolute_context,train,0.1,0.9111841043220126,0.08881589567798741
DEAP:S29:T39,DEAP:S29,T39,1,6.05,2,1,2,7,unexposed,stimulus_absolute_context,train,0.1,0.8470135037489601,0.15298649625103988
DEAP:S30:T02,DEAP:S30,T02,1,7.15,2,1,2,7,unexposed,stimulus_absolute_context,train,0.1,0.09074546345370993,0.9092545365462901
DEAP:S30:T04,DEAP:S30,T04,1,7.04,2,1,2,7,unexposed,stimulus_absolute_context,train,0.1,0.04853574453859022,0.9514642554614098
DEAP:S30:T08,DEAP:S30,T08,1,6.05,2,1,2,7,unexposed,stimulus_absolute_context,train,0.1,0.030092951578291727,0.9699070484217083
DEAP:S30:T11,DEAP:S30,T11,1,6.06,2,1,2,7,unexposed,stimulus_absolute_context,train,0.1,0.024487472042783898,0.9755125279572161
DEAP:S30:T18,DEAP:S30,T18,1,7.05,2,1,2,7,unexposed,stimulus_absolute_context,train,0.1,0.05806589336637291,0.9419341066336271
DEAP:S30:T19,DEAP:S30,T19,1,8.27,2,1,2,7,unexposed,stimulus_absolute_context,train,0.1,0.07407634526169649,0.9259236547383035
DEAP:S30:T22,DEAP:S30,T22,0,4.05,2,1,2,7,unexposed,stimulus_absolute_context,train,0.1,0.5495204208451008,0.4504795791548993
DEAP:S30:T23,DEAP:S30,T23,0,3.0,2,1,2,7,unexposed,stimulus_absolute_context,train,0.1,0.9172817954394485,0.0827182045605515
DEAP:S30:T25,DEAP:S30,T25,0,3.92,2,1,2,7,unexposed,stimulus_absolute_context,train,0.1,0.4591503646060824,0.5408496353939176
DEAP:S30:T26,DEAP:S30,T26,1,5.01,2,1,2,7,unexposed,stimulus_absolute_context,train,0.1,0.31560799534454265,0.6843920046554574
DEAP:S30:T28,DEAP:S30,T28,1,5.06,2,1,2,7,unexposed,stimulus_absolute_context,train,0.1,0.2904268520399007,0.7095731479600993
DEAP:S30:T29,DEAP:S30,T29,1,7.23,2,1,2,7,unexposed,stimulus_absolute_context,train,0.1,0.636337111302367,0.363662888697633
DEAP:S30:T30,DEAP:S30,T30,0,4.04,2,1,2,7,unexposed,stimulus_absolute_context,train,0.1,0.8679653597851074,0.1320346402148926
DEAP:S30:T32,DEAP:S30,T32,1,5.01,2,1,2,7,unexposed,stimulus_absolute_context,train,0.1,0.43844698704521534,0.5615530129547847
DEAP:S30:T33,DEAP:S30,T33,0,3.91,2,1,2,7,unexposed,stimulus_absolute_context,train,0.1,0.5638904251322109,0.4361095748677891
DEAP:S30:T39,DEAP:S30,T39,0,2.97,2,1,2,7,unexposed,stimulus_absolute_context,train,0.1,0.5880703800838245,0.41192961991617555
DEAP:S31:T02,DEAP:S31,T02,1,5.03,2,1,2,7,unexposed,stimulus_absolute_context,train,0.1,0.09347828009364956,0.9065217199063504
DEAP:S31:T04,DEAP:S31,T04,1,6.97,2,1,2,7,unexposed,stimulus_absolute_context,train,0.1,0.052712768769475504,0.9472872312305245
DEAP:S31:T08,DEAP:S31,T08,1,6.03,2,1,2,7,unexposed,stimulus_absolute_context,train,0.1,0.051628553362051965,0.948371446637948
DEAP:S31:T11,DEAP:S31,T11,1,9.0,2,1,2,7,unexposed,stimulus_absolute_context,train,0.1,0.02346841331567473,0.9765315866843253
DEAP:S31:T18,DEAP:S31,T18,1,7.06,2,1,2,7,unexposed,stimulus_absolute_context,train,0.1,0.07067763270687177,0.9293223672931282
DEAP:S31:T22,DEAP:S31,T22,1,5.04,2,1,2,7,unexposed,stimulus_absolute_context,train,0.1,0.5547585658643803,0.44524143413561973
DEAP:S31:T23,DEAP:S31,T23,0,1.0,2,1,2,7,unexposed,stimulus_absolute_context,train,0.1,0.8672734593862035,0.13272654061379646
DEAP:S31:T25,DEAP:S31,T25,1,6.14,2,1,2,7,unexposed,stimulus_absolute_context,train,0.1,0.4362780640534356,0.5637219359465644
DEAP:S31:T26,DEAP:S31,T26,1,7.08,2,1,2,7,unexposed,stimulus_absolute_context,train,0.1,0.33641679612094644,0.6635832038790536
DEAP:S31:T28,DEAP:S31,T28,1,5.01,2,1,2,7,unexposed,stimulus_absolute_context,train,0.1,0.34193504729554236,0.6580649527044576
DEAP:S31:T29,DEAP:S31,T29,1,5.09,2,1,2,7,unexposed,stimulus_absolute_context,train,0.1,0.6104114417305302,0.38958855826946986
DEAP:S31:T30,DEAP:S31,T30,0,3.13,2,1,2,7,unexposed,stimulus_absolute_context,train,0.1,0.9020468578638617,0.09795314213613822
DEAP:S31:T32,DEAP:S31,T32,0,1.0,2,1,2,7,unexposed,stimulus_absolute_context,train,0.1,0.4838772366227825,0.5161227633772175
DEAP:S31:T33,DEAP:S31,T33,0,4.18,2,1,2,7,unexposed,stimulus_absolute_context,train,0.1,0.6040066687825857,0.3959933312174143
DEAP:S31:T39,DEAP:S31,T39,0,1.0,2,1,2,7,unexposed,stimulus_absolute_context,train,0.1,0.5498289346108571,0.45017106538914287
DEAP:S05:T06,DEAP:S05,T06,1,8.09,2,1,2,7,unexposed,stimulus_absolute_context,validation_unseen,0.1,0.38107934645664376,0.6189206535433562
DEAP:S05:T07,DEAP:S05,T07,1,5.12,2,1,2,7,unexposed,stimulus_absolute_context,validation_unseen,0.1,0.40726041569889515,0.5927395843011048
DEAP:S05:T09,DEAP:S05,T09,1,6.94,2,1,2,7,unexposed,stimulus_absolute_context,validation_unseen,0.1,0.43027295214679906,0.5697270478532009
DEAP:S05:T17,DEAP:S05,T17,1,6.88,2,1,2,7,unexposed,stimulus_absolute_context,validation_unseen,0.1,0.4505073468110351,0.5494926531889649
DEAP:S05:T35,DEAP:S05,T35,0,4.86,2,1,2,7,unexposed,stimulus_absolute_context,validation_unseen,0.1,0.46532054901551256,0.5346794509844874
DEAP:S05:T36,DEAP:S05,T36,0,4.91,2,1,2,7,unexposed,stimulus_absolute_context,validation_unseen,0.1,0.41274888680705346,0.5872511131929465
DEAP:S05:T37,DEAP:S05,T37,0,1.91,2,1,2,7,unexposed,stimulus_absolute_context,validation_unseen,0.1,0.4874892957746404,0.5125107042253596
DEAP:S05:T40,DEAP:S05,T40,1,7.0,2,1,2,7,unexposed,stimulus_absolute_context,validation_unseen,0.1,0.47282905581307877,0.5271709441869212
DEAP:S06:T06,DEAP:S06,T06,1,8.05,2,1,2,7,unexposed,stimulus_absolute_context,validation_unseen,0.1,0.783283113052876,0.216716886947124
DEAP:S06:T07,DEAP:S06,T07,1,8.26,2,1,2,7,unexposed,stimulus_absolute_context,validation_unseen,0.1,0.793701375821839,0.206298624178161
DEAP:S06:T09,DEAP:S06,T09,1,7.87,2,1,2,7,unexposed,stimulus_absolute_context,validation_unseen,0.1,0.8567000786865316,0.14329992131346836
DEAP:S06:T17,DEAP:S06,T17,1,6.72,2,1,2,7,unexposed,stimulus_absolute_context,validation_unseen,0.1,0.7665696882661509,0.2334303117338491
DEAP:S06:T35,DEAP:S06,T35,0,3.96,2,1,2,7,unexposed,stimulus_absolute_context,validation_unseen,0.1,0.7712453981288082,0.2287546018711918
DEAP:S06:T36,DEAP:S06,T36,1,5.71,2,1,2,7,unexposed,stimulus_absolute_context,validation_unseen,0.1,0.7187275096119676,0.28127249038803237
DEAP:S06:T37,DEAP:S06,T37,0,4.83,2,1,2,7,unexposed,stimulus_absolute_context,validation_unseen,0.1,0.7904782419754315,0.20952175802456846
DEAP:S06:T40,DEAP:S06,T40,0,4.85,2,1,2,7,unexposed,stimulus_absolute_context,validation_unseen,0.1,0.7928804536277181,0.20711954637228197
DEAP:S19:T06,DEAP:S19,T06,1,7.73,2,1,2,7,unexposed,stimulus_absolute_context,validation_unseen,0.1,0.730780070666806,0.26921992933319405
DEAP:S19:T07,DEAP:S19,T07,1,6.64,2,1,2,7,unexposed,stimulus_absolute_context,validation_unseen,0.1,0.7717985849548585,0.2282014150451415
DEAP:S19:T09,DEAP:S19,T09,1,7.09,2,1,2,7,unexposed,stimulus_absolute_context,validation_unseen,0.1,0.7954406748723007,0.20455932512769923
DEAP:S19:T17,DEAP:S19,T17,1,7.38,2,1,2,7,unexposed,stimulus_absolute_context,validation_unseen,0.1,0.8324676978079667,0.16753230219203333
DEAP:S19:T35,DEAP:S19,T35,0,3.21,2,1,2,7,unexposed,stimulus_absolute_context,validation_unseen,0.1,0.8149477352268624,0.1850522647731376
DEAP:S19:T36,DEAP:S19,T36,0,3.71,2,1,2,7,unexposed,stimulus_absolute_context,validation_unseen,0.1,0.8590096275226622,0.14099037247733776
DEAP:S19:T37,DEAP:S19,T37,0,3.15,2,1,2,7,unexposed,stimulus_absolute_context,validation_unseen,0.1,0.7501045320153394,0.2498954679846606
DEAP:S19:T40,DEAP:S19,T40,0,4.24,2,1,2,7,unexposed,stimulus_absolute_context,validation_unseen,0.1,0.767142244480757,0.2328577555192431
DEAP:S27:T06,DEAP:S27,T06,1,7.0,2,1,2,7,unexposed,stimulus_absolute_context,validation_unseen,0.1,0.8001113115582303,0.19988868844176963
DEAP:S27:T07,DEAP:S27,T07,0,4.94,2,1,2,7,unexposed,stimulus_absolute_context,validation_unseen,0.1,0.8081184581891938,0.19188154181080613
DEAP:S27:T09,DEAP:S27,T09,1,8.99,2,1,2,7,unexposed,stimulus_absolute_context,validation_unseen,0.1,0.8187921632455095,0.18120783675449045
DEAP:S27:T17,DEAP:S27,T17,1,9.0,2,1,2,7,unexposed,stimulus_absolute_context,validation_unseen,0.1,0.7647642005753099,0.23523579942469014
DEAP:S27:T35,DEAP:S27,T35,0,1.0,2,1,2,7,unexposed,stimulus_absolute_context,validation_unseen,0.1,0.7967792028998706,0.20322079710012947
DEAP:S27:T36,DEAP:S27,T36,1,6.13,2,1,2,7,unexposed,stimulus_absolute_context,validation_unseen,0.1,0.7675604645096363,0.23243953549036372
DEAP:S27:T37,DEAP:S27,T37,0,2.99,2,1,2,7,unexposed,stimulus_absolute_context,validation_unseen,0.1,0.8226958790075471,0.17730412099245285
DEAP:S27:T40,DEAP:S27,T40,1,5.04,2,1,2,7,unexposed,stimulus_absolute_context,validation_unseen,0.1,0.8050202817335952,0.19497971826640484
DEAP:S05:T02,DEAP:S05,T02,1,9.0,2,1,2,7,unexposed,stimulus_absolute_context,validation_familiar,0.1,0.11607473835715099,0.883925261642849
DEAP:S05:T04,DEAP:S05,T04,1,8.24,2,1,2,7,unexposed,stimulus_absolute_context,validation_familiar,0.1,0.07037408187802618,0.9296259181219738
DEAP:S05:T08,DEAP:S05,T08,1,8.17,2,1,2,7,unexposed,stimulus_absolute_context,validation_familiar,0.1,0.06270415607062829,0.9372958439293717
DEAP:S05:T11,DEAP:S05,T11,1,9.0,2,1,2,7,unexposed,stimulus_absolute_context,validation_familiar,0.1,0.036765362362114695,0.9632346376378853
DEAP:S05:T18,DEAP:S05,T18,1,8.05,2,1,2,7,unexposed,stimulus_absolute_context,validation_familiar,0.1,0.09128453215716625,0.9087154678428337
DEAP:S05:T19,DEAP:S05,T19,1,8.03,2,1,2,7,unexposed,stimulus_absolute_context,validation_familiar,0.1,0.08875793537651344,0.9112420646234866
DEAP:S05:T22,DEAP:S05,T22,1,6.99,2,1,2,7,unexposed,stimulus_absolute_context,validation_familiar,0.1,0.6985510764947773,0.3014489235052226
DEAP:S05:T23,DEAP:S05,T23,0,1.0,2,1,2,7,unexposed,stimulus_absolute_context,validation_familiar,0.1,0.9316306003587976,0.06836939964120237
DEAP:S05:T25,DEAP:S05,T25,1,5.96,2,1,2,7,unexposed,stimulus_absolute_context,validation_familiar,0.1,0.6264557714013514,0.3735442285986485
DEAP:S05:T26,DEAP:S05,T26,1,7.96,2,1,2,7,unexposed,stimulus_absolute_context,validation_familiar,0.1,0.5854038011351169,0.4145961988648831
DEAP:S05:T28,DEAP:S05,T28,0,3.9,2,1,2,7,unexposed,stimulus_absolute_context,validation_familiar,0.1,0.39783127647556604,0.602168723524434
DEAP:S05:T29,DEAP:S05,T29,0,4.04,2,1,2,7,unexposed,stimulus_absolute_context,validation_familiar,0.1,0.6948331595715094,0.3051668404284907
DEAP:S05:T30,DEAP:S05,T30,0,2.94,2,1,2,7,unexposed,stimulus_absolute_context,validation_familiar,0.1,0.9526730416579293,0.04732695834207067
DEAP:S05:T32,DEAP:S05,T32,0,1.94,2,1,2,7,unexposed,stimulus_absolute_context,validation_familiar,0.1,0.5492423183111683,0.4507576816888317
DEAP:S05:T33,DEAP:S05,T33,1,5.17,2,1,2,7,unexposed,stimulus_absolute_context,validation_familiar,0.1,0.7317753572904153,0.2682246427095846
DEAP:S05:T39,DEAP:S05,T39,0,1.0,2,1,2,7,unexposed,stimulus_absolute_context,validation_familiar,0.1,0.7048558665871678,0.2951441334128322
DEAP:S06:T02,DEAP:S06,T02,1,6.83,2,1,2,7,unexposed,stimulus_absolute_context,validation_familiar,0.1,0.38358166244638614,0.6164183375536139
DEAP:S06:T04,DEAP:S06,T04,1,7.55,2,1,2,7,unexposed,stimulus_absolute_context,validation_familiar,0.1,0.30196378198241614,0.6980362180175839
DEAP:S06:T08,DEAP:S06,T08,1,7.05,2,1,2,7,unexposed,stimulus_absolute_context,validation_familiar,0.1,0.2575308218315038,0.7424691781684962
DEAP:S06:T11,DEAP:S06,T11,0,4.99,2,1,2,7,unexposed,stimulus_absolute_context,validation_familiar,0.1,0.10609808381177255,0.8939019161882275
DEAP:S06:T18,DEAP:S06,T18,1,7.59,2,1,2,7,unexposed,stimulus_absolute_context,validation_familiar,0.1,0.37585540487634905,0.624144595123651
DEAP:S06:T19,DEAP:S06,T19,1,7.41,2,1,2,7,unexposed,stimulus_absolute_context,validation_familiar,0.1,0.27715393498816787,0.7228460650118321
DEAP:S06:T22,DEAP:S06,T22,1,7.56,2,1,2,7,unexposed,stimulus_absolute_context,validation_familiar,0.1,0.8597453111938949,0.14025468880610514
DEAP:S06:T23,DEAP:S06,T23,0,3.47,2,1,2,7,unexposed,stimulus_absolute_context,validation_familiar,0.1,0.9843229014938152,0.015677098506184768
DEAP:S06:T25,DEAP:S06,T25,1,7.09,2,1,2,7,unexposed,stimulus_absolute_context,validation_familiar,0.1,0.8444689617134791,0.15553103828652093
DEAP:S06:T26,DEAP:S06,T26,1,5.08,2,1,2,7,unexposed,stimulus_absolute_context,validation_familiar,0.1,0.6116057198174416,0.38839428018255834
DEAP:S06:T28,DEAP:S06,T28,1,6.42,2,1,2,7,unexposed,stimulus_absolute_context,validation_familiar,0.1,0.7827671067438561,0.21723289325614392
DEAP:S06:T29,DEAP:S06,T29,0,4.27,2,1,2,7,unexposed,stimulus_absolute_context,validation_familiar,0.1,0.8616896754877739,0.13831032451222613
DEAP:S06:T30,DEAP:S06,T30,1,6.99,2,1,2,7,unexposed,stimulus_absolute_context,validation_familiar,0.1,0.987085894528719,0.012914105471281065
DEAP:S06:T32,DEAP:S06,T32,1,6.99,2,1,2,7,unexposed,stimulus_absolute_context,validation_familiar,0.1,0.8864317922796695,0.11356820772033045
DEAP:S06:T33,DEAP:S06,T33,1,6.68,2,1,2,7,unexposed,stimulus_absolute_context,validation_familiar,0.1,0.9249018362838075,0.07509816371619248
DEAP:S06:T39,DEAP:S06,T39,1,6.56,2,1,2,7,unexposed,stimulus_absolute_context,validation_familiar,0.1,0.8761569558923566,0.12384304410764337
DEAP:S19:T02,DEAP:S19,T02,1,6.46,2,1,2,7,unexposed,stimulus_absolute_context,validation_familiar,0.1,0.3971462543446207,0.6028537456553793
DEAP:S19:T04,DEAP:S19,T04,1,5.77,2,1,2,7,unexposed,stimulus_absolute_context,validation_familiar,0.1,0.2898812792791503,0.7101187207208497
DEAP:S19:T08,DEAP:S19,T08,1,7.44,2,1,2,7,unexposed,stimulus_absolute_context,validation_familiar,0.1,0.2140242830520951,0.7859757169479049
DEAP:S19:T11,DEAP:S19,T11,1,5.83,2,1,2,7,unexposed,stimulus_absolute_context,validation_familiar,0.1,0.17538035745659186,0.8246196425434081
DEAP:S19:T18,DEAP:S19,T18,1,7.77,2,1,2,7,unexposed,stimulus_absolute_context,validation_familiar,0.1,0.4009772584577659,0.5990227415422341
DEAP:S19:T19,DEAP:S19,T19,1,7.65,2,1,2,7,unexposed,stimulus_absolute_context,validation_familiar,0.1,0.3161840047731622,0.6838159952268378
DEAP:S19:T22,DEAP:S19,T22,1,5.04,2,1,2,7,unexposed,stimulus_absolute_context,validation_familiar,0.1,0.9354944771572716,0.06450552284272834
DEAP:S19:T23,DEAP:S19,T23,0,3.77,2,1,2,7,unexposed,stimulus_absolute_context,validation_familiar,0.1,0.9921070374279132,0.007892962572086862
DEAP:S19:T25,DEAP:S19,T25,0,2.19,2,1,2,7,unexposed,stimulus_absolute_context,validation_familiar,0.1,0.9267037061119221,0.07329629388807792
DEAP:S19:T26,DEAP:S19,T26,0,4.95,2,1,2,7,unexposed,stimulus_absolute_context,validation_familiar,0.1,0.87482135125777,0.12517864874222992
DEAP:S19:T28,DEAP:S19,T28,1,6.21,2,1,2,7,unexposed,stimulus_absolute_context,validation_familiar,0.1,0.8352621499178132,0.16473785008218675
DEAP:S19:T29,DEAP:S19,T29,0,2.82,2,1,2,7,unexposed,stimulus_absolute_context,validation_familiar,0.1,0.921459365242109,0.07854063475789101
DEAP:S19:T30,DEAP:S19,T30,0,2.85,2,1,2,7,unexposed,stimulus_absolute_context,validation_familiar,0.1,0.9804326188950747,0.019567381104925254
DEAP:S19:T32,DEAP:S19,T32,0,4.96,2,1,2,7,unexposed,stimulus_absolute_context,validation_familiar,0.1,0.899505125696971,0.10049487430302893
DEAP:S19:T33,DEAP:S19,T33,0,3.4,2,1,2,7,unexposed,stimulus_absolute_context,validation_familiar,0.1,0.9320903141251135,0.06790968587488654
DEAP:S19:T39,DEAP:S19,T39,1,5.04,2,1,2,7,unexposed,stimulus_absolute_context,validation_familiar,0.1,0.939299520911183,0.060700479088817066
DEAP:S27:T02,DEAP:S27,T02,1,7.0,2,1,2,7,unexposed,stimulus_absolute_context,validation_familiar,0.1,0.47421270995026144,0.5257872900497386
DEAP:S27:T04,DEAP:S27,T04,1,7.05,2,1,2,7,unexposed,stimulus_absolute_context,validation_familiar,0.1,0.2853459976739773,0.7146540023260227
DEAP:S27:T08,DEAP:S27,T08,1,8.24,2,1,2,7,unexposed,stimulus_absolute_context,validation_familiar,0.1,0.2442901364910487,0.7557098635089513
DEAP:S27:T11,DEAP:S27,T11,1,9.0,2,1,2,7,unexposed,stimulus_absolute_context,validation_familiar,0.1,0.16774803413097195,0.832251965869028
DEAP:S27:T18,DEAP:S27,T18,1,9.0,2,1,2,7,unexposed,stimulus_absolute_context,validation_familiar,0.1,0.3777155202586986,0.6222844797413014
DEAP:S27:T19,DEAP:S27,T19,1,5.06,2,1,2,7,unexposed,stimulus_absolute_context,validation_familiar,0.1,0.3992410878371444,0.6007589121628556
DEAP:S27:T22,DEAP:S27,T22,1,7.29,2,1,2,7,unexposed,stimulus_absolute_context,validation_familiar,0.1,0.9145145646155033,0.08548543538449674
DEAP:S27:T23,DEAP:S27,T23,1,8.0,2,1,2,7,unexposed,stimulus_absolute_context,validation_familiar,0.1,0.9866660503165463,0.013333949683453679
DEAP:S27:T25,DEAP:S27,T25,0,4.0,2,1,2,7,unexposed,stimulus_absolute_context,validation_familiar,0.1,0.8340541022187624,0.16594589778123756
DEAP:S27:T26,DEAP:S27,T26,1,5.04,2,1,2,7,unexposed,stimulus_absolute_context,validation_familiar,0.1,0.7231288957595298,0.27687110424047023
DEAP:S27:T28,DEAP:S27,T28,1,5.04,2,1,2,7,unexposed,stimulus_absolute_context,validation_familiar,0.1,0.8126644502017673,0.18733554979823275
DEAP:S27:T29,DEAP:S27,T29,1,7.18,2,1,2,7,unexposed,stimulus_absolute_context,validation_familiar,0.1,0.92053523623151,0.07946476376849002
DEAP:S27:T30,DEAP:S27,T30,1,7.08,2,1,2,7,unexposed,stimulus_absolute_context,validation_familiar,0.1,0.9879754104884699,0.012024589511530043
DEAP:S27:T32,DEAP:S27,T32,1,5.04,2,1,2,7,unexposed,stimulus_absolute_context,validation_familiar,0.1,0.8771751912483505,0.12282480875164943
DEAP:S27:T33,DEAP:S27,T33,1,5.04,2,1,2,7,unexposed,stimulus_absolute_context,validation_familiar,0.1,0.9189824743274543,0.08101752567254575
DEAP:S27:T39,DEAP:S27,T39,0,2.14,2,1,2,7,unexposed,stimulus_absolute_context,validation_familiar,0.1,0.889730405948585,0.110269594051415
DEAP:S02:T02,DEAP:S02,T02,1,8.01,2,1,2,7,unexposed,stimulus_absolute_context,train,1.0,0.12390321865354348,0.8760967813464565
DEAP:S02:T04,DEAP:S02,T04,1,6.05,2,1,2,7,unexposed,stimulus_absolute_context,train,1.0,0.05690429026774102,0.943095709732259
DEAP:S02:T08,DEAP:S02,T08,1,9.0,2,1,2,7,unexposed,stimulus_absolute_context,train,1.0,0.033404659389082214,0.9665953406109178
DEAP:S02:T11,DEAP:S02,T11,1,7.08,2,1,2,7,unexposed,stimulus_absolute_context,train,1.0,0.01357962938660806,0.9864203706133919
DEAP:S02:T18,DEAP:S02,T18,1,9.0,2,1,2,7,unexposed,stimulus_absolute_context,train,1.0,0.03184740199580827,0.9681525980041917
DEAP:S02:T19,DEAP:S02,T19,1,9.0,2,1,2,7,unexposed,stimulus_absolute_context,train,1.0,0.044117470560813166,0.9558825294391868
DEAP:S02:T23,DEAP:S02,T23,0,1.0,2,1,2,7,unexposed,stimulus_absolute_context,train,1.0,0.9854391967179421,0.014560803282057857
DEAP:S02:T25,DEAP:S02,T25,1,9.0,2,1,2,7,unexposed,stimulus_absolute_context,train,1.0,0.595302911967947,0.40469708803205295
DEAP:S02:T26,DEAP:S02,T26,1,9.0,2,1,2,7,unexposed,stimulus_absolute_context,train,1.0,0.4254076821712397,0.5745923178287603
DEAP:S02:T28,DEAP:S02,T28,0,4.06,2,1,2,7,unexposed,stimulus_absolute_context,train,1.0,0.6328536146591356,0.3671463853408644
DEAP:S02:T29,DEAP:S02,T29,0,2.99,2,1,2,7,unexposed,stimulus_absolute_context,train,1.0,0.7822564386139435,0.21774356138605658
DEAP:S02:T30,DEAP:S02,T30,0,2.01,2,1,2,7,unexposed,stimulus_absolute_context,train,1.0,0.9870665202732923,0.012933479726707633
DEAP:S02:T32,DEAP:S02,T32,0,1.0,2,1,2,7,unexposed,stimulus_absolute_context,train,1.0,0.5556101033037417,0.4443898966962583
DEAP:S02:T39,DEAP:S02,T39,0,1.0,2,1,2,7,unexposed,stimulus_absolute_context,train,1.0,0.831125897995873,0.168874102004127
DEAP:S03:T02,DEAP:S03,T02,1,7.21,2,1,2,7,unexposed,stimulus_absolute_context,train,1.0,0.17465211243041967,0.8253478875695803
DEAP:S03:T04,DEAP:S03,T04,0,4.69,2,1,2,7,unexposed,stimulus_absolute_context,train,1.0,0.03873692204656942,0.9612630779534306
DEAP:S03:T08,DEAP:S03,T08,1,7.14,2,1,2,7,unexposed,stimulus_absolute_context,train,1.0,0.029919940248033128,0.9700800597519669
DEAP:S03:T11,DEAP:S03,T11,1,7.94,2,1,2,7,unexposed,stimulus_absolute_context,train,1.0,0.026813262443357466,0.9731867375566425
DEAP:S03:T18,DEAP:S03,T18,1,7.1,2,1,2,7,unexposed,stimulus_absolute_context,train,1.0,0.07566778557431786,0.9243322144256821
DEAP:S03:T19,DEAP:S03,T19,1,8.14,2,1,2,7,unexposed,stimulus_absolute_context,train,1.0,0.07306947180297452,0.9269305281970255
DEAP:S03:T22,DEAP:S03,T22,0,4.94,2,1,2,7,unexposed,stimulus_absolute_context,train,1.0,0.8560329335189858,0.14396706648101418
DEAP:S03:T23,DEAP:S03,T23,0,3.65,2,1,2,7,unexposed,stimulus_absolute_context,train,1.0,0.9821889202846361,0.01781107971536392
DEAP:S03:T25,DEAP:S03,T25,0,3.45,2,1,2,7,unexposed,stimulus_absolute_context,train,1.0,0.8347785761665051,0.1652214238334949
DEAP:S03:T28,DEAP:S03,T28,1,5.59,2,1,2,7,unexposed,stimulus_absolute_context,train,1.0,0.48085663504110265,0.5191433649588973
DEAP:S03:T30,DEAP:S03,T30,0,3.87,2,1,2,7,unexposed,stimulus_absolute_context,train,1.0,0.9861327756024286,0.013867224397571406
DEAP:S03:T32,DEAP:S03,T32,1,5.17,2,1,2,7,unexposed,stimulus_absolute_context,train,1.0,0.7780670116967283,0.22193298830327166
DEAP:S03:T33,DEAP:S03,T33,0,4.05,2,1,2,7,unexposed,stimulus_absolute_context,train,1.0,0.885494539968309,0.11450546003169101
DEAP:S03:T39,DEAP:S03,T39,0,4.33,2,1,2,7,unexposed,stimulus_absolute_context,train,1.0,0.7928924136972701,0.20710758630272982
DEAP:S04:T02,DEAP:S04,T02,0,4.06,2,1,2,7,unexposed,stimulus_absolute_context,train,1.0,0.3861538462460571,0.6138461537539429
DEAP:S04:T04,DEAP:S04,T04,1,6.1,2,1,2,7,unexposed,stimulus_absolute_context,train,1.0,0.0864384882764927,0.9135615117235073
DEAP:S04:T08,DEAP:S04,T08,1,5.97,2,1,2,7,unexposed,stimulus_absolute_context,train,1.0,0.1741601456434403,0.8258398543565597
DEAP:S04:T11,DEAP:S04,T11,1,7.24,2,1,2,7,unexposed,stimulus_absolute_context,train,1.0,0.07766483787101608,0.9223351621289839
DEAP:S04:T18,DEAP:S04,T18,0,4.9,2,1,2,7,unexposed,stimulus_absolute_context,train,1.0,0.2981756372664318,0.7018243627335682
DEAP:S04:T19,DEAP:S04,T19,1,7.09,2,1,2,7,unexposed,stimulus_absolute_context,train,1.0,0.37584041656108413,0.6241595834389159
DEAP:S04:T22,DEAP:S04,T22,0,1.86,2,1,2,7,unexposed,stimulus_absolute_context,train,1.0,0.780345264133107,0.21965473586689302
DEAP:S04:T23,DEAP:S04,T23,0,1.86,2,1,2,7,unexposed,stimulus_absolute_context,train,1.0,0.9945928712391189,0.0054071287608811565
DEAP:S04:T25,DEAP:S04,T25,1,7.0,2,1,2,7,unexposed,stimulus_absolute_context,train,1.0,0.8892979688040885,0.11070203119591147
DEAP:S04:T26,DEAP:S04,T26,1,6.0,2,1,2,7,unexposed,stimulus_absolute_context,train,1.0,0.7643468208364277,0.23565317916357229
DEAP:S04:T28,DEAP:S04,T28,0,2.17,2,1,2,7,unexposed,stimulus_absolute_context,train,1.0,0.9045911700725215,0.09540882992747847
DEAP:S04:T29,DEAP:S04,T29,0,1.85,2,1,2,7,unexposed,stimulus_absolute_context,train,1.0,0.9284000947388625,0.0715999052611375
DEAP:S04:T30,DEAP:S04,T30,0,3.1,2,1,2,7,unexposed,stimulus_absolute_context,train,1.0,0.9869735865526247,0.013026413447375335
DEAP:S04:T32,DEAP:S04,T32,0,1.01,2,1,2,7,unexposed,stimulus_absolute_context,train,1.0,0.7580638901440828,0.24193610985591718
DEAP:S04:T33,DEAP:S04,T33,0,1.0,2,1,2,7,unexposed,stimulus_absolute_context,train,1.0,0.8689699810951439,0.13103001890485616
DEAP:S04:T39,DEAP:S04,T39,0,1.92,2,1,2,7,unexposed,stimulus_absolute_context,train,1.0,0.9030489724431364,0.0969510275568636
DEAP:S07:T02,DEAP:S07,T02,1,7.15,2,1,2,7,unexposed,stimulus_absolute_context,train,1.0,0.10351431242229303,0.896485687577707
DEAP:S07:T04,DEAP:S07,T04,1,7.08,2,1,2,7,unexposed,stimulus_absolute_context,train,1.0,0.02754803904880576,0.9724519609511942
DEAP:S07:T08,DEAP:S07,T08,1,7.0,2,1,2,7,unexposed,stimulus_absolute_context,train,1.0,0.021977420136081505,0.9780225798639185
DEAP:S07:T11,DEAP:S07,T11,1,7.03,2,1,2,7,unexposed,stimulus_absolute_context,train,1.0,0.0082515383552767,0.9917484616447233
DEAP:S07:T18,DEAP:S07,T18,1,7.03,2,1,2,7,unexposed,stimulus_absolute_context,train,1.0,0.06645773753164064,0.9335422624683594
DEAP:S07:T19,DEAP:S07,T19,1,6.99,2,1,2,7,unexposed,stimulus_absolute_context,train,1.0,0.055614709230975,0.944385290769025
DEAP:S07:T22,DEAP:S07,T22,0,3.05,2,1,2,7,unexposed,stimulus_absolute_context,train,1.0,0.8626736577519978,0.1373263422480022
DEAP:S07:T23,DEAP:S07,T23,0,3.01,2,1,2,7,unexposed,stimulus_absolute_context,train,1.0,0.9757971659539205,0.02420283404607944
DEAP:S07:T25,DEAP:S07,T25,0,2.99,2,1,2,7,unexposed,stimulus_absolute_context,train,1.0,0.7608268295094445,0.23917317049055556
DEAP:S07:T26,DEAP:S07,T26,0,2.0,2,1,2,7,unexposed,stimulus_absolute_context,train,1.0,0.5087009856146669,0.49129901438533313
DEAP:S07:T28,DEAP:S07,T28,0,2.05,2,1,2,7,unexposed,stimulus_absolute_context,train,1.0,0.4328745973489684,0.5671254026510316
DEAP:S07:T29,DEAP:S07,T29,1,7.09,2,1,2,7,unexposed,stimulus_absolute_context,train,1.0,0.7431677052774324,0.25683229472256763
DEAP:S07:T30,DEAP:S07,T30,0,3.09,2,1,2,7,unexposed,stimulus_absolute_context,train,1.0,0.9776646040051906,0.02233539599480939
DEAP:S07:T33,DEAP:S07,T33,0,4.97,2,1,2,7,unexposed,stimulus_absolute_context,train,1.0,0.711381242147377,0.28861875785262303
DEAP:S07:T39,DEAP:S07,T39,1,7.01,2,1,2,7,unexposed,stimulus_absolute_context,train,1.0,0.7553653881092512,0.2446346118907488
DEAP:S09:T02,DEAP:S09,T02,1,7.08,2,1,2,7,unexposed,stimulus_absolute_context,train,1.0,0.3607596592972092,0.6392403407027908
DEAP:S09:T04,DEAP:S09,T04,1,5.99,2,1,2,7,unexposed,stimulus_absolute_context,train,1.0,0.21559916944762836,0.7844008305523716
DEAP:S09:T08,DEAP:S09,T08,1,6.15,2,1,2,7,unexposed,stimulus_absolute_context,train,1.0,0.07940803909507665,0.9205919609049233
DEAP:S09:T11,DEAP:S09,T11,1,7.12,2,1,2,7,unexposed,stimulus_absolute_context,train,1.0,0.06211261446569716,0.9378873855343028
DEAP:S09:T19,DEAP:S09,T19,0,3.97,2,1,2,7,unexposed,stimulus_absolute_context,train,1.0,0.17801862025513027,0.8219813797448697
DEAP:S09:T22,DEAP:S09,T22,0,3.99,2,1,2,7,unexposed,stimulus_absolute_context,train,1.0,0.8471443441320776,0.15285565586792238
DEAP:S09:T25,DEAP:S09,T25,1,5.04,2,1,2,7,unexposed,stimulus_absolute_context,train,1.0,0.7566818046713848,0.24331819532861523
DEAP:S09:T26,DEAP:S09,T26,0,4.1,2,1,2,7,unexposed,stimulus_absolute_context,train,1.0,0.9684131457768812,0.031586854223118806
DEAP:S09:T28,DEAP:S09,T28,0,2.96,2,1,2,7,unexposed,stimulus_absolute_context,train,1.0,0.825282868961794,0.17471713103820596
DEAP:S09:T29,DEAP:S09,T29,0,3.99,2,1,2,7,unexposed,stimulus_absolute_context,train,1.0,0.95799977554262,0.04200022445738007
DEAP:S09:T30,DEAP:S09,T30,0,4.04,2,1,2,7,unexposed,stimulus_absolute_context,train,1.0,0.9936288060642138,0.006371193935786249
DEAP:S09:T32,DEAP:S09,T32,0,3.1,2,1,2,7,unexposed,stimulus_absolute_context,train,1.0,0.919166985204156,0.0808330147958441
DEAP:S09:T33,DEAP:S09,T33,0,3.08,2,1,2,7,unexposed,stimulus_absolute_context,train,1.0,0.9923306125675435,0.007669387432456433
DEAP:S09:T39,DEAP:S09,T39,0,3.17,2,1,2,7,unexposed,stimulus_absolute_context,train,1.0,0.9789049039040446,0.021095096095955387
DEAP:S10:T02,DEAP:S10,T02,0,3.55,2,1,2,7,unexposed,stimulus_absolute_context,train,1.0,0.26080133933961724,0.7391986606603828
DEAP:S10:T08,DEAP:S10,T08,1,5.68,2,1,2,7,unexposed,stimulus_absolute_context,train,1.0,0.1067323191710281,0.8932676808289719
DEAP:S10:T11,DEAP:S10,T11,1,8.99,2,1,2,7,unexposed,stimulus_absolute_context,train,1.0,0.0368091337336085,0.9631908662663915
DEAP:S10:T18,DEAP:S10,T18,1,7.31,2,1,2,7,unexposed,stimulus_absolute_context,train,1.0,0.17905906996737164,0.8209409300326284
DEAP:S10:T19,DEAP:S10,T19,1,7.82,2,1,2,7,unexposed,stimulus_absolute_context,train,1.0,0.18303315510554463,0.8169668448944554
DEAP:S10:T22,DEAP:S10,T22,0,4.24,2,1,2,7,unexposed,stimulus_absolute_context,train,1.0,0.9221591245098658,0.07784087549013419
DEAP:S10:T23,DEAP:S10,T23,0,2.87,2,1,2,7,unexposed,stimulus_absolute_context,train,1.0,0.9960102938513228,0.003989706148677215
DEAP:S10:T25,DEAP:S10,T25,0,1.92,2,1,2,7,unexposed,stimulus_absolute_context,train,1.0,0.9428882428544748,0.05711175714552516
DEAP:S10:T26,DEAP:S10,T26,0,4.95,2,1,2,7,unexposed,stimulus_absolute_context,train,1.0,0.8816858440011333,0.11831415599886674
DEAP:S10:T28,DEAP:S10,T28,0,4.31,2,1,2,7,unexposed,stimulus_absolute_context,train,1.0,0.8626038692083479,0.13739613079165217
DEAP:S10:T29,DEAP:S10,T29,0,3.94,2,1,2,7,unexposed,stimulus_absolute_context,train,1.0,0.9580102963089729,0.04198970369102707
DEAP:S10:T30,DEAP:S10,T30,0,2.64,2,1,2,7,unexposed,stimulus_absolute_context,train,1.0,0.9973676815619972,0.00263231843800282
DEAP:S10:T32,DEAP:S10,T32,1,5.96,2,1,2,7,unexposed,stimulus_absolute_context,train,1.0,0.6143091469905384,0.3856908530094616
DEAP:S10:T33,DEAP:S10,T33,0,4.94,2,1,2,7,unexposed,stimulus_absolute_context,train,1.0,0.9817761358134569,0.01822386418654308
DEAP:S10:T39,DEAP:S10,T39,0,2.17,2,1,2,7,unexposed,stimulus_absolute_context,train,1.0,0.9671639766956771,0.03283602330432293
DEAP:S11:T04,DEAP:S11,T04,1,7.65,2,1,2,7,unexposed,stimulus_absolute_context,train,1.0,0.02620778908735011,0.9737922109126499
DEAP:S11:T08,DEAP:S11,T08,1,6.26,2,1,2,7,unexposed,stimulus_absolute_context,train,1.0,0.024970523626839713,0.9750294763731603
DEAP:S11:T18,DEAP:S11,T18,1,7.95,2,1,2,7,unexposed,stimulus_absolute_context,train,1.0,0.009731326087949688,0.9902686739120503
DEAP:S11:T19,DEAP:S11,T19,1,5.54,2,1,2,7,unexposed,stimulus_absolute_context,train,1.0,0.01167294510799155,0.9883270548920084
DEAP:S11:T22,DEAP:S11,T22,1,6.15,2,1,2,7,unexposed,stimulus_absolute_context,train,1.0,0.2528781662902555,0.7471218337097445
DEAP:S11:T23,DEAP:S11,T23,0,3.72,2,1,2,7,unexposed,stimulus_absolute_context,train,1.0,0.9594278110756917,0.04057218892430827
DEAP:S11:T25,DEAP:S11,T25,1,5.01,2,1,2,7,unexposed,stimulus_absolute_context,train,1.0,0.626138670753233,0.373861329246767
DEAP:S11:T28,DEAP:S11,T28,0,4.26,2,1,2,7,unexposed,stimulus_absolute_context,train,1.0,0.41039292380003245,0.5896070761999676
DEAP:S11:T29,DEAP:S11,T29,0,2.32,2,1,2,7,unexposed,stimulus_absolute_context,train,1.0,0.7545976492248354,0.2454023507751646
DEAP:S11:T30,DEAP:S11,T30,0,4.58,2,1,2,7,unexposed,stimulus_absolute_context,train,1.0,0.7766638422768122,0.22333615772318777
DEAP:S11:T32,DEAP:S11,T32,1,5.01,2,1,2,7,unexposed,stimulus_absolute_context,train,1.0,0.2333717113731848,0.7666282886268152
DEAP:S11:T33,DEAP:S11,T33,1,5.64,2,1,2,7,unexposed,stimulus_absolute_context,train,1.0,0.6411762088944861,0.35882379110551393
DEAP:S11:T39,DEAP:S11,T39,0,1.0,2,1,2,7,unexposed,stimulus_absolute_context,train,1.0,0.2433047692694118,0.7566952307305882
DEAP:S12:T02,DEAP:S12,T02,1,6.09,2,1,2,7,unexposed,stimulus_absolute_context,train,1.0,0.06201813685748958,0.9379818631425104
DEAP:S12:T04,DEAP:S12,T04,1,6.86,2,1,2,7,unexposed,stimulus_absolute_context,train,1.0,0.06788695932144329,0.9321130406785567
DEAP:S12:T08,DEAP:S12,T08,1,5.1,2,1,2,7,unexposed,stimulus_absolute_context,train,1.0,0.03147670728590757,0.9685232927140924
DEAP:S12:T11,DEAP:S12,T11,1,7.78,2,1,2,7,unexposed,stimulus_absolute_context,train,1.0,0.01950694350338711,0.9804930564966129
DEAP:S12:T18,DEAP:S12,T18,1,7.35,2,1,2,7,unexposed,stimulus_absolute_context,train,1.0,0.21620318120858628,0.7837968187914137
DEAP:S12:T19,DEAP:S12,T19,1,7.03,2,1,2,7,unexposed,stimulus_absolute_context,train,1.0,0.10015885261077517,0.8998411473892248
DEAP:S12:T22,DEAP:S12,T22,0,3.33,2,1,2,7,unexposed,stimulus_absolute_context,train,1.0,0.8552158194149275,0.1447841805850725
DEAP:S12:T26,DEAP:S12,T26,1,6.08,2,1,2,7,unexposed,stimulus_absolute_context,train,1.0,0.42244992736707054,0.5775500726329295
DEAP:S12:T28,DEAP:S12,T28,1,5.04,2,1,2,7,unexposed,stimulus_absolute_context,train,1.0,0.3970573399915608,0.6029426600084392
DEAP:S12:T29,DEAP:S12,T29,0,1.67,2,1,2,7,unexposed,stimulus_absolute_context,train,1.0,0.7738509822043257,0.22614901779567428
DEAP:S12:T30,DEAP:S12,T30,0,3.36,2,1,2,7,unexposed,stimulus_absolute_context,train,1.0,0.9797181843545864,0.020281815645413627
DEAP:S12:T32,DEAP:S12,T32,0,1.86,2,1,2,7,unexposed,stimulus_absolute_context,train,1.0,0.7293904786316797,0.2706095213683203
DEAP:S12:T33,DEAP:S12,T33,0,1.9,2,1,2,7,unexposed,stimulus_absolute_context,train,1.0,0.8045177293874286,0.19548227061257137
DEAP:S12:T39,DEAP:S12,T39,0,3.18,2,1,2,7,unexposed,stimulus_absolute_context,train,1.0,0.7539387719877604,0.24606122801223962
DEAP:S13:T02,DEAP:S13,T02,0,4.03,2,1,2,7,unexposed,stimulus_absolute_context,train,1.0,0.1572658560414798,0.8427341439585202
DEAP:S13:T04,DEAP:S13,T04,1,7.08,2,1,2,7,unexposed,stimulus_absolute_context,train,1.0,0.03769258042826196,0.962307419571738
DEAP:S13:T08,DEAP:S13,T08,1,7.99,2,1,2,7,unexposed,stimulus_absolute_context,train,1.0,0.05307255179568182,0.9469274482043182
DEAP:S13:T11,DEAP:S13,T11,1,7.04,2,1,2,7,unexposed,stimulus_absolute_context,train,1.0,0.026817624609472124,0.9731823753905279
DEAP:S13:T18,DEAP:S13,T18,1,7.94,2,1,2,7,unexposed,stimulus_absolute_context,train,1.0,0.07156591982091953,0.9284340801790805
DEAP:S13:T19,DEAP:S13,T19,1,8.51,2,1,2,7,unexposed,stimulus_absolute_context,train,1.0,0.09707223018102573,0.9029277698189743
DEAP:S13:T22,DEAP:S13,T22,0,4.01,2,1,2,7,unexposed,stimulus_absolute_context,train,1.0,0.8608074522869718,0.1391925477130283
DEAP:S13:T23,DEAP:S13,T23,0,1.0,2,1,2,7,unexposed,stimulus_absolute_context,train,1.0,0.9846613576421963,0.015338642357803724
DEAP:S13:T25,DEAP:S13,T25,0,3.97,2,1,2,7,unexposed,stimulus_absolute_context,train,1.0,0.651828437326193,0.348171562673807
DEAP:S13:T26,DEAP:S13,T26,1,5.04,2,1,2,7,unexposed,stimulus_absolute_context,train,1.0,0.6924808692197425,0.3075191307802575
DEAP:S13:T28,DEAP:S13,T28,1,7.08,2,1,2,7,unexposed,stimulus_absolute_context,train,1.0,0.6186718548117602,0.3813281451882398
DEAP:S13:T29,DEAP:S13,T29,0,4.04,2,1,2,7,unexposed,stimulus_absolute_context,train,1.0,0.8453648006351497,0.15463519936485032
DEAP:S13:T30,DEAP:S13,T30,0,3.05,2,1,2,7,unexposed,stimulus_absolute_context,train,1.0,0.9898108557698826,0.010189144230117363
DEAP:S13:T33,DEAP:S13,T33,0,4.55,2,1,2,7,unexposed,stimulus_absolute_context,train,1.0,0.8960762655611043,0.10392373443889573
DEAP:S13:T39,DEAP:S13,T39,0,1.97,2,1,2,7,unexposed,stimulus_absolute_context,train,1.0,0.8635056325076933,0.13649436749230665
DEAP:S14:T02,DEAP:S14,T02,1,6.05,2,1,2,7,unexposed,stimulus_absolute_context,train,1.0,0.11686869072260009,0.8831313092773999
DEAP:S14:T04,DEAP:S14,T04,1,7.38,2,1,2,7,unexposed,stimulus_absolute_context,train,1.0,0.060486192697928876,0.9395138073020711
DEAP:S14:T08,DEAP:S14,T08,1,7.0,2,1,2,7,unexposed,stimulus_absolute_context,train,1.0,0.08636788127379469,0.9136321187262053
DEAP:S14:T11,DEAP:S14,T11,1,8.03,2,1,2,7,unexposed,stimulus_absolute_context,train,1.0,0.029516083983849195,0.9704839160161508
DEAP:S14:T18,DEAP:S14,T18,1,8.09,2,1,2,7,unexposed,stimulus_absolute_context,train,1.0,0.15859432211057134,0.8414056778894287
DEAP:S14:T19,DEAP:S14,T19,1,7.55,2,1,2,7,unexposed,stimulus_absolute_context,train,1.0,0.059843863484629,0.940156136515371
DEAP:S14:T22,DEAP:S14,T22,0,4.1,2,1,2,7,unexposed,stimulus_absolute_context,train,1.0,0.8559005462854865,0.14409945371451346
DEAP:S14:T23,DEAP:S14,T23,0,2.41,2,1,2,7,unexposed,stimulus_absolute_context,train,1.0,0.9865869742628155,0.013413025737184519
DEAP:S14:T25,DEAP:S14,T25,0,3.87,2,1,2,7,unexposed,stimulus_absolute_context,train,1.0,0.7942915656635298,0.2057084343364702
DEAP:S14:T26,DEAP:S14,T26,0,3.28,2,1,2,7,unexposed,stimulus_absolute_context,train,1.0,0.6638903378431684,0.33610966215683163
DEAP:S14:T28,DEAP:S14,T28,0,2.53,2,1,2,7,unexposed,stimulus_absolute_context,train,1.0,0.7872094594416243,0.2127905405583756
DEAP:S14:T30,DEAP:S14,T30,0,1.1,2,1,2,7,unexposed,stimulus_absolute_context,train,1.0,0.993177227780732,0.006822772219267921
DEAP:S14:T32,DEAP:S14,T32,0,1.99,2,1,2,7,unexposed,stimulus_absolute_context,train,1.0,0.6690866594998743,0.3309133405001257
DEAP:S14:T33,DEAP:S14,T33,0,3.18,2,1,2,7,unexposed,stimulus_absolute_context,train,1.0,0.8945230041560666,0.1054769958439335
DEAP:S14:T39,DEAP:S14,T39,1,6.65,2,1,2,7,unexposed,stimulus_absolute_context,train,1.0,0.8766791050662602,0.1233208949337398
DEAP:S15:T02,DEAP:S15,T02,1,5.04,2,1,2,7,unexposed,stimulus_absolute_context,train,1.0,0.22838332102526782,0.7716166789747322
DEAP:S15:T04,DEAP:S15,T04,1,8.04,2,1,2,7,unexposed,stimulus_absolute_context,train,1.0,0.014423729972235177,0.9855762700277648
DEAP:S15:T08,DEAP:S15,T08,1,9.0,2,1,2,7,unexposed,stimulus_absolute_context,train,1.0,0.10709860311504671,0.8929013968849533
DEAP:S15:T11,DEAP:S15,T11,1,8.99,2,1,2,7,unexposed,stimulus_absolute_context,train,1.0,0.015383714425840078,0.9846162855741599
DEAP:S15:T18,DEAP:S15,T18,1,7.04,2,1,2,7,unexposed,stimulus_absolute_context,train,1.0,0.09350373430094572,0.9064962656990543
DEAP:S15:T19,DEAP:S15,T19,1,7.04,2,1,2,7,unexposed,stimulus_absolute_context,train,1.0,0.12253542016630115,0.8774645798336989
DEAP:S15:T22,DEAP:S15,T22,0,4.12,2,1,2,7,unexposed,stimulus_absolute_context,train,1.0,0.9950385447909404,0.004961455209059546
DEAP:S15:T23,DEAP:S15,T23,0,3.05,2,1,2,7,unexposed,stimulus_absolute_context,train,1.0,0.9945528114834922,0.005447188516507847
DEAP:S15:T25,DEAP:S15,T25,0,2.96,2,1,2,7,unexposed,stimulus_absolute_context,train,1.0,0.8273424739136673,0.17265752608633264
DEAP:S15:T28,DEAP:S15,T28,0,4.01,2,1,2,7,unexposed,stimulus_absolute_context,train,1.0,0.91554658947618,0.08445341052382002
DEAP:S15:T29,DEAP:S15,T29,0,4.05,2,1,2,7,unexposed,stimulus_absolute_context,train,1.0,0.9863407978661227,0.01365920213387727
DEAP:S15:T30,DEAP:S15,T30,0,2.04,2,1,2,7,unexposed,stimulus_absolute_context,train,1.0,0.9982533509608383,0.0017466490391617028
DEAP:S15:T32,DEAP:S15,T32,0,3.97,2,1,2,7,unexposed,stimulus_absolute_context,train,1.0,0.8874856086500549,0.11251439134994508
DEAP:S15:T33,DEAP:S15,T33,0,3.01,2,1,2,7,unexposed,stimulus_absolute_context,train,1.0,0.9140603527074165,0.08593964729258347
DEAP:S15:T39,DEAP:S15,T39,0,4.0,2,1,2,7,unexposed,stimulus_absolute_context,train,1.0,0.911287844431983,0.08871215556801708
DEAP:S16:T02,DEAP:S16,T02,1,6.45,2,1,2,7,unexposed,stimulus_absolute_context,train,1.0,0.042339688422312505,0.9576603115776875
DEAP:S16:T08,DEAP:S16,T08,0,3.51,2,1,2,7,unexposed,stimulus_absolute_context,train,1.0,0.4097006878893529,0.5902993121106471
DEAP:S16:T11,DEAP:S16,T11,1,7.27,2,1,2,7,unexposed,stimulus_absolute_context,train,1.0,0.10231490174362512,0.8976850982563749
DEAP:S16:T19,DEAP:S16,T19,0,2.86,2,1,2,7,unexposed,stimulus_absolute_context,train,1.0,0.7383031705951353,0.2616968294048648
DEAP:S16:T23,DEAP:S16,T23,0,3.9,2,1,2,7,unexposed,stimulus_absolute_context,train,1.0,0.9992887770516187,0.000711222948381282
DEAP:S16:T25,DEAP:S16,T25,0,2.47,2,1,2,7,unexposed,stimulus_absolute_context,train,1.0,0.9948824520945938,0.00511754790540619
DEAP:S16:T26,DEAP:S16,T26,0,1.82,2,1,2,7,unexposed,stimulus_absolute_context,train,1.0,0.9413934574587681,0.05860654254123188
DEAP:S16:T28,DEAP:S16,T28,0,2.85,2,1,2,7,unexposed,stimulus_absolute_context,train,1.0,0.8776556076181469,0.12234439238185313
DEAP:S16:T29,DEAP:S16,T29,0,3.23,2,1,2,7,unexposed,stimulus_absolute_context,train,1.0,0.9924562457380626,0.007543754261937443
DEAP:S16:T33,DEAP:S16,T33,0,1.0,2,1,2,7,unexposed,stimulus_absolute_context,train,1.0,0.9884937127553317,0.011506287244668272
DEAP:S16:T39,DEAP:S16,T39,1,6.13,2,1,2,7,unexposed,stimulus_absolute_context,train,1.0,0.5749773728005567,0.4250226271994432
DEAP:S17:T02,DEAP:S17,T02,1,7.26,2,1,2,7,unexposed,stimulus_absolute_context,train,1.0,0.030000323462153755,0.9699996765378462
DEAP:S17:T04,DEAP:S17,T04,1,6.35,2,1,2,7,unexposed,stimulus_absolute_context,train,1.0,0.07549719789454856,0.9245028021054514
DEAP:S17:T08,DEAP:S17,T08,1,6.05,2,1,2,7,unexposed,stimulus_absolute_context,train,1.0,0.006441649426297658,0.9935583505737023
DEAP:S17:T18,DEAP:S17,T18,1,6.22,2,1,2,7,unexposed,stimulus_absolute_context,train,1.0,0.08553296007654487,0.9144670399234551
DEAP:S17:T22,DEAP:S17,T22,0,3.19,2,1,2,7,unexposed,stimulus_absolute_context,train,1.0,0.7783023922209672,0.22169760777903283
DEAP:S17:T23,DEAP:S17,T23,0,3.62,2,1,2,7,unexposed,stimulus_absolute_context,train,1.0,0.9568338920230276,0.043166107976972436
DEAP:S17:T25,DEAP:S17,T25,1,6.18,2,1,2,7,unexposed,stimulus_absolute_context,train,1.0,0.44124625214015334,0.5587537478598467
DEAP:S17:T26,DEAP:S17,T26,0,3.73,2,1,2,7,unexposed,stimulus_absolute_context,train,1.0,0.4884567851396274,0.5115432148603726
DEAP:S17:T28,DEAP:S17,T28,1,5.64,2,1,2,7,unexposed,stimulus_absolute_context,train,1.0,0.2728916808228429,0.7271083191771571
DEAP:S17:T29,DEAP:S17,T29,1,5.54,2,1,2,7,unexposed,stimulus_absolute_context,train,1.0,0.7586944488095746,0.2413055511904254
DEAP:S17:T30,DEAP:S17,T30,0,3.04,2,1,2,7,unexposed,stimulus_absolute_context,train,1.0,0.9692640980571606,0.030735901942839365
DEAP:S17:T32,DEAP:S17,T32,0,4.04,2,1,2,7,unexposed,stimulus_absolute_context,train,1.0,0.3733847502930351,0.6266152497069649
DEAP:S17:T33,DEAP:S17,T33,0,3.83,2,1,2,7,unexposed,stimulus_absolute_context,train,1.0,0.4646865854537908,0.5353134145462092
DEAP:S17:T39,DEAP:S17,T39,1,7.1,2,1,2,7,unexposed,stimulus_absolute_context,train,1.0,0.5628647648040012,0.43713523519599884
DEAP:S18:T02,DEAP:S18,T02,1,6.87,2,1,2,7,unexposed,stimulus_absolute_context,train,1.0,0.031653130476393176,0.9683468695236068
DEAP:S18:T04,DEAP:S18,T04,1,6.65,2,1,2,7,unexposed,stimulus_absolute_context,train,1.0,0.015631952593721743,0.9843680474062783
DEAP:S18:T11,DEAP:S18,T11,1,6.24,2,1,2,7,unexposed,stimulus_absolute_context,train,1.0,0.005179567102274851,0.9948204328977251
DEAP:S18:T18,DEAP:S18,T18,1,7.05,2,1,2,7,unexposed,stimulus_absolute_context,train,1.0,0.04019834565884983,0.9598016543411502
DEAP:S18:T19,DEAP:S18,T19,1,7.04,2,1,2,7,unexposed,stimulus_absolute_context,train,1.0,0.037067309540909865,0.9629326904590901
DEAP:S18:T22,DEAP:S18,T22,1,5.69,2,1,2,7,unexposed,stimulus_absolute_context,train,1.0,0.6600108498705619,0.33998915012943814
DEAP:S18:T23,DEAP:S18,T23,0,3.71,2,1,2,7,unexposed,stimulus_absolute_context,train,1.0,0.963597179510207,0.03640282048979308
DEAP:S18:T25,DEAP:S18,T25,0,4.23,2,1,2,7,unexposed,stimulus_absolute_context,train,1.0,0.5920330630672961,0.4079669369327039
DEAP:S18:T26,DEAP:S18,T26,1,5.44,2,1,2,7,unexposed,stimulus_absolute_context,train,1.0,0.265035486104107,0.734964513895893
DEAP:S18:T28,DEAP:S18,T28,1,5.95,2,1,2,7,unexposed,stimulus_absolute_context,train,1.0,0.4763554046281572,0.5236445953718428
DEAP:S18:T29,DEAP:S18,T29,0,4.9,2,1,2,7,unexposed,stimulus_absolute_context,train,1.0,0.7935680873079409,0.20643191269205904
DEAP:S18:T30,DEAP:S18,T30,0,2.96,2,1,2,7,unexposed,stimulus_absolute_context,train,1.0,0.9884079041937749,0.011592095806225068
DEAP:S18:T32,DEAP:S18,T32,0,4.62,2,1,2,7,unexposed,stimulus_absolute_context,train,1.0,0.550847866944467,0.449152133055533
DEAP:S18:T33,DEAP:S18,T33,0,4.56,2,1,2,7,unexposed,stimulus_absolute_context,train,1.0,0.8072862615642028,0.19271373843579717
DEAP:S18:T39,DEAP:S18,T39,0,4.06,2,1,2,7,unexposed,stimulus_absolute_context,train,1.0,0.7250360890342902,0.2749639109657099
DEAP:S20:T02,DEAP:S20,T02,1,6.77,2,1,2,7,unexposed,stimulus_absolute_context,train,1.0,0.060477616687868774,0.9395223833121312
DEAP:S20:T04,DEAP:S20,T04,1,7.05,2,1,2,7,unexposed,stimulus_absolute_context,train,1.0,0.030950628263076263,0.9690493717369237
DEAP:S20:T08,DEAP:S20,T08,1,7.63,2,1,2,7,unexposed,stimulus_absolute_context,train,1.0,0.04021075903482885,0.9597892409651712
DEAP:S20:T11,DEAP:S20,T11,1,8.18,2,1,2,7,unexposed,stimulus_absolute_context,train,1.0,0.03456365892697588,0.9654363410730241
DEAP:S20:T18,DEAP:S20,T18,1,7.35,2,1,2,7,unexposed,stimulus_absolute_context,train,1.0,0.13532556302964593,0.8646744369703541
DEAP:S20:T19,DEAP:S20,T19,1,7.59,2,1,2,7,unexposed,stimulus_absolute_context,train,1.0,0.016131280158446448,0.9838687198415536
DEAP:S20:T22,DEAP:S20,T22,0,4.06,2,1,2,7,unexposed,stimulus_absolute_context,train,1.0,0.8338828996192683,0.1661171003807317
DEAP:S20:T23,DEAP:S20,T23,0,2.82,2,1,2,7,unexposed,stimulus_absolute_context,train,1.0,0.98939167244974,0.010608327550259965
DEAP:S20:T25,DEAP:S20,T25,0,2.99,2,1,2,7,unexposed,stimulus_absolute_context,train,1.0,0.8105372567971232,0.18946274320287684
DEAP:S20:T26,DEAP:S20,T26,0,4.31,2,1,2,7,unexposed,stimulus_absolute_context,train,1.0,0.5124705753249498,0.4875294246750502
DEAP:S20:T28,DEAP:S20,T28,1,5.01,2,1,2,7,unexposed,stimulus_absolute_context,train,1.0,0.3612483132990866,0.6387516867009134
DEAP:S20:T29,DEAP:S20,T29,0,2.44,2,1,2,7,unexposed,stimulus_absolute_context,train,1.0,0.7878626878889766,0.21213731211102338
DEAP:S20:T30,DEAP:S20,T30,0,3.49,2,1,2,7,unexposed,stimulus_absolute_context,train,1.0,0.9949043653594531,0.005095634640546888
DEAP:S20:T32,DEAP:S20,T32,1,6.28,2,1,2,7,unexposed,stimulus_absolute_context,train,1.0,0.6297692441212994,0.3702307558787005
DEAP:S20:T39,DEAP:S20,T39,0,4.67,2,1,2,7,unexposed,stimulus_absolute_context,train,1.0,0.8540653231981957,0.1459346768018043
DEAP:S21:T02,DEAP:S21,T02,1,7.05,2,1,2,7,unexposed,stimulus_absolute_context,train,1.0,0.13778257645314929,0.8622174235468507
DEAP:S21:T04,DEAP:S21,T04,1,5.05,2,1,2,7,unexposed,stimulus_absolute_context,train,1.0,0.11336071226637834,0.8866392877336217
DEAP:S21:T08,DEAP:S21,T08,1,8.81,2,1,2,7,unexposed,stimulus_absolute_context,train,1.0,0.08333537564842552,0.9166646243515745
DEAP:S21:T11,DEAP:S21,T11,1,7.05,2,1,2,7,unexposed,stimulus_absolute_context,train,1.0,0.02702145386965704,0.972978546130343
DEAP:S21:T19,DEAP:S21,T19,1,7.26,2,1,2,7,unexposed,stimulus_absolute_context,train,1.0,0.07013289423444158,0.9298671057655584
DEAP:S21:T22,DEAP:S21,T22,0,2.09,2,1,2,7,unexposed,stimulus_absolute_context,train,1.0,0.798148067285912,0.20185193271408802
DEAP:S21:T23,DEAP:S21,T23,0,4.69,2,1,2,7,unexposed,stimulus_absolute_context,train,1.0,0.9703271386289009,0.029672861371099164
DEAP:S21:T25,DEAP:S21,T25,0,3.97,2,1,2,7,unexposed,stimulus_absolute_context,train,1.0,0.6834031352258104,0.3165968647741896
DEAP:S21:T26,DEAP:S21,T26,0,4.06,2,1,2,7,unexposed,stimulus_absolute_context,train,1.0,0.5988948753423072,0.40110512465769277
DEAP:S21:T28,DEAP:S21,T28,0,3.04,2,1,2,7,unexposed,stimulus_absolute_context,train,1.0,0.5686303519848981,0.43136964801510186
DEAP:S21:T29,DEAP:S21,T29,0,3.01,2,1,2,7,unexposed,stimulus_absolute_context,train,1.0,0.6511827757259443,0.3488172242740557
DEAP:S21:T30,DEAP:S21,T30,0,3.45,2,1,2,7,unexposed,stimulus_absolute_context,train,1.0,0.9847674958200613,0.015232504179938735
DEAP:S21:T32,DEAP:S21,T32,1,6.27,2,1,2,7,unexposed,stimulus_absolute_context,train,1.0,0.622416048525372,0.377583951474628
DEAP:S21:T33,DEAP:S21,T33,1,7.03,2,1,2,7,unexposed,stimulus_absolute_context,train,1.0,0.7982095674103747,0.20179043258962523
DEAP:S22:T02,DEAP:S22,T02,1,7.08,2,1,2,7,unexposed,stimulus_absolute_context,train,1.0,0.27930654410792755,0.7206934558920725
DEAP:S22:T04,DEAP:S22,T04,1,7.06,2,1,2,7,unexposed,stimulus_absolute_context,train,1.0,0.14819132274465263,0.8518086772553474
DEAP:S22:T08,DEAP:S22,T08,1,7.09,2,1,2,7,unexposed,stimulus_absolute_context,train,1.0,0.1168150319118827,0.8831849680881173
DEAP:S22:T11,DEAP:S22,T11,1,8.05,2,1,2,7,unexposed,stimulus_absolute_context,train,1.0,0.059300381047011075,0.9406996189529889
DEAP:S22:T18,DEAP:S22,T18,1,8.08,2,1,2,7,unexposed,stimulus_absolute_context,train,1.0,0.12649442650296372,0.8735055734970363
DEAP:S22:T19,DEAP:S22,T19,1,9.0,2,1,2,7,unexposed,stimulus_absolute_context,train,1.0,0.05253789881083393,0.9474621011891661
DEAP:S22:T22,DEAP:S22,T22,0,4.05,2,1,2,7,unexposed,stimulus_absolute_context,train,1.0,0.7201371408222008,0.27986285917779913
DEAP:S22:T23,DEAP:S22,T23,0,2.99,2,1,2,7,unexposed,stimulus_absolute_context,train,1.0,0.9879122777840886,0.012087722215911359
DEAP:S22:T29,DEAP:S22,T29,0,2.0,2,1,2,7,unexposed,stimulus_absolute_context,train,1.0,0.9473565468900143,0.05264345310998575
DEAP:S22:T30,DEAP:S22,T30,0,1.0,2,1,2,7,unexposed,stimulus_absolute_context,train,1.0,0.990085700038993,0.009914299961006992
DEAP:S22:T32,DEAP:S22,T32,0,1.99,2,1,2,7,unexposed,stimulus_absolute_context,train,1.0,0.9058917381266711,0.09410826187332892
DEAP:S22:T33,DEAP:S22,T33,0,1.96,2,1,2,7,unexposed,stimulus_absolute_context,train,1.0,0.9579582471829962,0.0420417528170038
DEAP:S22:T39,DEAP:S22,T39,0,1.0,2,1,2,7,unexposed,stimulus_absolute_context,train,1.0,0.7756031090785896,0.22439689092141032
DEAP:S23:T02,DEAP:S23,T02,1,9.0,2,1,2,7,unexposed,stimulus_absolute_context,train,1.0,0.028351723989779476,0.9716482760102205
DEAP:S23:T04,DEAP:S23,T04,1,8.21,2,1,2,7,unexposed,stimulus_absolute_context,train,1.0,0.03298846556473545,0.9670115344352646
DEAP:S23:T08,DEAP:S23,T08,1,7.23,2,1,2,7,unexposed,stimulus_absolute_context,train,1.0,0.008767367416870675,0.9912326325831293
DEAP:S23:T11,DEAP:S23,T11,1,7.0,2,1,2,7,unexposed,stimulus_absolute_context,train,1.0,0.0052656475460849395,0.9947343524539151
DEAP:S23:T18,DEAP:S23,T18,1,7.12,2,1,2,7,unexposed,stimulus_absolute_context,train,1.0,0.03921614256729222,0.9607838574327078
DEAP:S23:T19,DEAP:S23,T19,1,8.15,2,1,2,7,unexposed,stimulus_absolute_context,train,1.0,0.03211812440096895,0.967881875599031
DEAP:S23:T22,DEAP:S23,T22,0,2.97,2,1,2,7,unexposed,stimulus_absolute_context,train,1.0,0.6002756869359535,0.39972431306404654
DEAP:S23:T23,DEAP:S23,T23,0,4.17,2,1,2,7,unexposed,stimulus_absolute_context,train,1.0,0.9054939387093589,0.09450606129064114
DEAP:S23:T25,DEAP:S23,T25,0,4.97,2,1,2,7,unexposed,stimulus_absolute_context,train,1.0,0.44036443808978964,0.5596355619102104
DEAP:S23:T26,DEAP:S23,T26,1,8.27,2,1,2,7,unexposed,stimulus_absolute_context,train,1.0,0.23526371557158854,0.7647362844284115
DEAP:S23:T28,DEAP:S23,T28,1,5.04,2,1,2,7,unexposed,stimulus_absolute_context,train,1.0,0.1652474163997062,0.8347525836002938
DEAP:S23:T29,DEAP:S23,T29,0,3.72,2,1,2,7,unexposed,stimulus_absolute_context,train,1.0,0.5450123089771639,0.45498769102283604
DEAP:S23:T30,DEAP:S23,T30,0,3.88,2,1,2,7,unexposed,stimulus_absolute_context,train,1.0,0.9548383454629533,0.0451616545370467
DEAP:S23:T32,DEAP:S23,T32,1,7.97,2,1,2,7,unexposed,stimulus_absolute_context,train,1.0,0.341346778087256,0.658653221912744
DEAP:S23:T33,DEAP:S23,T33,1,5.04,2,1,2,7,unexposed,stimulus_absolute_context,train,1.0,0.7811569983348422,0.21884300166515783
DEAP:S24:T02,DEAP:S24,T02,1,6.04,2,1,2,7,unexposed,stimulus_absolute_context,train,1.0,0.15560255923133137,0.8443974407686686
DEAP:S24:T04,DEAP:S24,T04,1,6.05,2,1,2,7,unexposed,stimulus_absolute_context,train,1.0,0.05622429070853796,0.943775709291462
DEAP:S24:T08,DEAP:S24,T08,1,7.03,2,1,2,7,unexposed,stimulus_absolute_context,train,1.0,0.04878477461530906,0.9512152253846909
DEAP:S24:T11,DEAP:S24,T11,1,7.03,2,1,2,7,unexposed,stimulus_absolute_context,train,1.0,0.030963556946992266,0.9690364430530077
DEAP:S24:T18,DEAP:S24,T18,1,8.96,2,1,2,7,unexposed,stimulus_absolute_context,train,1.0,0.11744569388708437,0.8825543061129156
DEAP:S24:T19,DEAP:S24,T19,1,7.03,2,1,2,7,unexposed,stimulus_absolute_context,train,1.0,0.0784941514660421,0.9215058485339579
DEAP:S24:T22,DEAP:S24,T22,0,3.03,2,1,2,7,unexposed,stimulus_absolute_context,train,1.0,0.861641460136914,0.13835853986308602
DEAP:S24:T23,DEAP:S24,T23,0,1.0,2,1,2,7,unexposed,stimulus_absolute_context,train,1.0,0.9722818086957297,0.027718191304270293
DEAP:S24:T25,DEAP:S24,T25,0,3.12,2,1,2,7,unexposed,stimulus_absolute_context,train,1.0,0.8053588530053629,0.19464114699463705
DEAP:S24:T26,DEAP:S24,T26,0,4.05,2,1,2,7,unexposed,stimulus_absolute_context,train,1.0,0.5938132109309606,0.4061867890690394
DEAP:S24:T28,DEAP:S24,T28,0,4.03,2,1,2,7,unexposed,stimulus_absolute_context,train,1.0,0.6236566494272232,0.3763433505727768
DEAP:S24:T29,DEAP:S24,T29,0,3.97,2,1,2,7,unexposed,stimulus_absolute_context,train,1.0,0.8662496514186837,0.1337503485813163
DEAP:S24:T30,DEAP:S24,T30,0,1.0,2,1,2,7,unexposed,stimulus_absolute_context,train,1.0,0.9843777552811861,0.015622244718813922
DEAP:S24:T32,DEAP:S24,T32,0,3.0,2,1,2,7,unexposed,stimulus_absolute_context,train,1.0,0.7728044994042533,0.22719550059574664
DEAP:S24:T33,DEAP:S24,T33,1,5.01,2,1,2,7,unexposed,stimulus_absolute_context,train,1.0,0.8629396621930316,0.13706033780696833
DEAP:S24:T39,DEAP:S24,T39,0,2.12,2,1,2,7,unexposed,stimulus_absolute_context,train,1.0,0.8113230924809871,0.18867690751901287
DEAP:S25:T08,DEAP:S25,T08,1,8.04,2,1,2,7,unexposed,stimulus_absolute_context,train,1.0,0.10125000886370228,0.8987499911362977
DEAP:S25:T11,DEAP:S25,T11,1,9.0,2,1,2,7,unexposed,stimulus_absolute_context,train,1.0,0.02736378998951161,0.9726362100104884
DEAP:S25:T18,DEAP:S25,T18,0,3.04,2,1,2,7,unexposed,stimulus_absolute_context,train,1.0,0.11457707340225753,0.8854229265977425
DEAP:S25:T19,DEAP:S25,T19,1,7.06,2,1,2,7,unexposed,stimulus_absolute_context,train,1.0,0.12961694855535388,0.8703830514446461
DEAP:S25:T22,DEAP:S25,T22,1,8.03,2,1,2,7,unexposed,stimulus_absolute_context,train,1.0,0.8767616888234749,0.12323831117652506
DEAP:S25:T25,DEAP:S25,T25,0,4.96,2,1,2,7,unexposed,stimulus_absolute_context,train,1.0,0.8251111466599039,0.17488885334009605
DEAP:S25:T26,DEAP:S25,T26,0,4.99,2,1,2,7,unexposed,stimulus_absolute_context,train,1.0,0.663754776663946,0.33624522333605394
DEAP:S25:T28,DEAP:S25,T28,1,5.01,2,1,2,7,unexposed,stimulus_absolute_context,train,1.0,0.7361148968933953,0.26388510310660473
DEAP:S25:T29,DEAP:S25,T29,0,1.0,2,1,2,7,unexposed,stimulus_absolute_context,train,1.0,0.7621287150123799,0.23787128498762014
DEAP:S25:T30,DEAP:S25,T30,0,4.03,2,1,2,7,unexposed,stimulus_absolute_context,train,1.0,0.9952525131393175,0.00474748686068246
DEAP:S25:T32,DEAP:S25,T32,0,1.0,2,1,2,7,unexposed,stimulus_absolute_context,train,1.0,0.687038320295543,0.31296167970445704
DEAP:S25:T39,DEAP:S25,T39,0,1.0,2,1,2,7,unexposed,stimulus_absolute_context,train,1.0,0.9200668801593365,0.07993311984066352
DEAP:S26:T02,DEAP:S26,T02,1,6.96,2,1,2,7,unexposed,stimulus_absolute_context,train,1.0,0.037618827845561253,0.9623811721544387
DEAP:S26:T04,DEAP:S26,T04,1,8.03,2,1,2,7,unexposed,stimulus_absolute_context,train,1.0,0.013849438575228579,0.9861505614247714
DEAP:S26:T08,DEAP:S26,T08,1,8.01,2,1,2,7,unexposed,stimulus_absolute_context,train,1.0,0.003953418475592274,0.9960465815244077
DEAP:S26:T11,DEAP:S26,T11,1,8.04,2,1,2,7,unexposed,stimulus_absolute_context,train,1.0,0.0029591203681247347,0.9970408796318753
DEAP:S26:T18,DEAP:S26,T18,1,9.0,2,1,2,7,unexposed,stimulus_absolute_context,train,1.0,0.025263923840078917,0.9747360761599211
DEAP:S26:T19,DEAP:S26,T19,1,8.0,2,1,2,7,unexposed,stimulus_absolute_context,train,1.0,0.018317828713416806,0.9816821712865832
DEAP:S26:T22,DEAP:S26,T22,1,6.97,2,1,2,7,unexposed,stimulus_absolute_context,train,1.0,0.36516758263810434,0.6348324173618957
DEAP:S26:T23,DEAP:S26,T23,0,2.28,2,1,2,7,unexposed,stimulus_absolute_context,train,1.0,0.8744831622191412,0.12551683778085873
DEAP:S26:T25,DEAP:S26,T25,1,7.14,2,1,2,7,unexposed,stimulus_absolute_context,train,1.0,0.3318532882338635,0.6681467117661365
DEAP:S26:T26,DEAP:S26,T26,1,5.05,2,1,2,7,unexposed,stimulus_absolute_context,train,1.0,0.18630025949999296,0.813699740500007
DEAP:S26:T28,DEAP:S26,T28,1,5.97,2,1,2,7,unexposed,stimulus_absolute_context,train,1.0,0.15115752557868178,0.8488424744213182
DEAP:S26:T29,DEAP:S26,T29,1,6.09,2,1,2,7,unexposed,stimulus_absolute_context,train,1.0,0.5259347665949873,0.4740652334050127
DEAP:S26:T30,DEAP:S26,T30,0,4.95,2,1,2,7,unexposed,stimulus_absolute_context,train,1.0,0.9672833688240373,0.03271663117596269
DEAP:S26:T32,DEAP:S26,T32,0,1.96,2,1,2,7,unexposed,stimulus_absolute_context,train,1.0,0.32597968618757245,0.6740203138124276
DEAP:S26:T33,DEAP:S26,T33,0,1.0,2,1,2,7,unexposed,stimulus_absolute_context,train,1.0,0.5645428198505269,0.4354571801494731
DEAP:S26:T39,DEAP:S26,T39,0,1.95,2,1,2,7,unexposed,stimulus_absolute_context,train,1.0,0.650370507071199,0.34962949292880097
DEAP:S29:T02,DEAP:S29,T02,1,7.05,2,1,2,7,unexposed,stimulus_absolute_context,train,1.0,0.09922643515553298,0.900773564844467
DEAP:S29:T04,DEAP:S29,T04,1,7.17,2,1,2,7,unexposed,stimulus_absolute_context,train,1.0,0.23273692734667828,0.7672630726533217
DEAP:S29:T08,DEAP:S29,T08,1,7.04,2,1,2,7,unexposed,stimulus_absolute_context,train,1.0,0.11315110500087944,0.8868488949991206
DEAP:S29:T11,DEAP:S29,T11,1,8.03,2,1,2,7,unexposed,stimulus_absolute_context,train,1.0,0.0550356055118717,0.9449643944881283
DEAP:S29:T18,DEAP:S29,T18,1,7.01,2,1,2,7,unexposed,stimulus_absolute_context,train,1.0,0.30014238011495176,0.6998576198850482
DEAP:S29:T19,DEAP:S29,T19,1,7.05,2,1,2,7,unexposed,stimulus_absolute_context,train,1.0,0.060155783235364746,0.9398442167646353
DEAP:S29:T22,DEAP:S29,T22,0,3.05,2,1,2,7,unexposed,stimulus_absolute_context,train,1.0,0.778462672586645,0.2215373274133549
DEAP:S29:T23,DEAP:S29,T23,0,2.05,2,1,2,7,unexposed,stimulus_absolute_context,train,1.0,0.9929333974422337,0.007066602557766308
DEAP:S29:T25,DEAP:S29,T25,0,3.03,2,1,2,7,unexposed,stimulus_absolute_context,train,1.0,0.8719640742367794,0.1280359257632206
DEAP:S29:T26,DEAP:S29,T26,0,3.0,2,1,2,7,unexposed,stimulus_absolute_context,train,1.0,0.5658466809467347,0.43415331905326526
DEAP:S29:T28,DEAP:S29,T28,0,1.04,2,1,2,7,unexposed,stimulus_absolute_context,train,1.0,0.8118359289692797,0.18816407103072033
DEAP:S29:T29,DEAP:S29,T29,0,3.97,2,1,2,7,unexposed,stimulus_absolute_context,train,1.0,0.9094160552926868,0.09058394470731325
DEAP:S29:T30,DEAP:S29,T30,0,2.95,2,1,2,7,unexposed,stimulus_absolute_context,train,1.0,0.9725353910207876,0.02746460897921239
DEAP:S29:T32,DEAP:S29,T32,0,4.04,2,1,2,7,unexposed,stimulus_absolute_context,train,1.0,0.5586679205348061,0.4413320794651939
DEAP:S29:T33,DEAP:S29,T33,0,1.99,2,1,2,7,unexposed,stimulus_absolute_context,train,1.0,0.9564447259445232,0.04355527405547677
DEAP:S29:T39,DEAP:S29,T39,1,6.05,2,1,2,7,unexposed,stimulus_absolute_context,train,1.0,0.8878368127660003,0.11216318723399964
DEAP:S30:T02,DEAP:S30,T02,1,7.15,2,1,2,7,unexposed,stimulus_absolute_context,train,1.0,0.05453867325306894,0.9454613267469311
DEAP:S30:T04,DEAP:S30,T04,1,7.04,2,1,2,7,unexposed,stimulus_absolute_context,train,1.0,0.0219684266688841,0.9780315733311159
DEAP:S30:T08,DEAP:S30,T08,1,6.05,2,1,2,7,unexposed,stimulus_absolute_context,train,1.0,0.005994617071990116,0.9940053829280099
DEAP:S30:T11,DEAP:S30,T11,1,6.06,2,1,2,7,unexposed,stimulus_absolute_context,train,1.0,0.009308994878388321,0.9906910051216117
DEAP:S30:T18,DEAP:S30,T18,1,7.05,2,1,2,7,unexposed,stimulus_absolute_context,train,1.0,0.017024038457731594,0.9829759615422684
DEAP:S30:T19,DEAP:S30,T19,1,8.27,2,1,2,7,unexposed,stimulus_absolute_context,train,1.0,0.04461059378732046,0.9553894062126795
DEAP:S30:T22,DEAP:S30,T22,0,4.05,2,1,2,7,unexposed,stimulus_absolute_context,train,1.0,0.6253145629638276,0.3746854370361724
DEAP:S30:T23,DEAP:S30,T23,0,3.0,2,1,2,7,unexposed,stimulus_absolute_context,train,1.0,0.9705423862536346,0.029457613746365397
DEAP:S30:T25,DEAP:S30,T25,0,3.92,2,1,2,7,unexposed,stimulus_absolute_context,train,1.0,0.431439144242141,0.568560855757859
DEAP:S30:T26,DEAP:S30,T26,1,5.01,2,1,2,7,unexposed,stimulus_absolute_context,train,1.0,0.17959463419226895,0.820405365807731
DEAP:S30:T28,DEAP:S30,T28,1,5.06,2,1,2,7,unexposed,stimulus_absolute_context,train,1.0,0.19190719358159003,0.80809280641841
DEAP:S30:T29,DEAP:S30,T29,1,7.23,2,1,2,7,unexposed,stimulus_absolute_context,train,1.0,0.6484079060966595,0.35159209390334045
DEAP:S30:T30,DEAP:S30,T30,0,4.04,2,1,2,7,unexposed,stimulus_absolute_context,train,1.0,0.8817995594192765,0.11820044058072358
DEAP:S30:T32,DEAP:S30,T32,1,5.01,2,1,2,7,unexposed,stimulus_absolute_context,train,1.0,0.35963352876797716,0.6403664712320228
DEAP:S30:T33,DEAP:S30,T33,0,3.91,2,1,2,7,unexposed,stimulus_absolute_context,train,1.0,0.5620059188611455,0.43799408113885446
DEAP:S30:T39,DEAP:S30,T39,0,2.97,2,1,2,7,unexposed,stimulus_absolute_context,train,1.0,0.602718762890911,0.397281237109089
DEAP:S31:T02,DEAP:S31,T02,1,5.03,2,1,2,7,unexposed,stimulus_absolute_context,train,1.0,0.060925729221721014,0.939074270778279
DEAP:S31:T04,DEAP:S31,T04,1,6.97,2,1,2,7,unexposed,stimulus_absolute_context,train,1.0,0.03388231826404642,0.9661176817359536
DEAP:S31:T08,DEAP:S31,T08,1,6.03,2,1,2,7,unexposed,stimulus_absolute_context,train,1.0,0.02829801622149497,0.971701983778505
DEAP:S31:T11,DEAP:S31,T11,1,9.0,2,1,2,7,unexposed,stimulus_absolute_context,train,1.0,0.008111419347770488,0.9918885806522295
DEAP:S31:T18,DEAP:S31,T18,1,7.06,2,1,2,7,unexposed,stimulus_absolute_context,train,1.0,0.040737403238835235,0.9592625967611648
DEAP:S31:T22,DEAP:S31,T22,1,5.04,2,1,2,7,unexposed,stimulus_absolute_context,train,1.0,0.5055187100395392,0.4944812899604608
DEAP:S31:T23,DEAP:S31,T23,0,1.0,2,1,2,7,unexposed,stimulus_absolute_context,train,1.0,0.8738251993566195,0.12617480064338055
DEAP:S31:T25,DEAP:S31,T25,1,6.14,2,1,2,7,unexposed,stimulus_absolute_context,train,1.0,0.2833309511501708,0.7166690488498292
DEAP:S31:T26,DEAP:S31,T26,1,7.08,2,1,2,7,unexposed,stimulus_absolute_context,train,1.0,0.1926922603872686,0.8073077396127314
DEAP:S31:T28,DEAP:S31,T28,1,5.01,2,1,2,7,unexposed,stimulus_absolute_context,train,1.0,0.20021088058756387,0.7997891194124361
DEAP:S31:T29,DEAP:S31,T29,1,5.09,2,1,2,7,unexposed,stimulus_absolute_context,train,1.0,0.5510812963486996,0.4489187036513004
DEAP:S31:T30,DEAP:S31,T30,0,3.13,2,1,2,7,unexposed,stimulus_absolute_context,train,1.0,0.943480892530765,0.056519107469235004
DEAP:S31:T32,DEAP:S31,T32,0,1.0,2,1,2,7,unexposed,stimulus_absolute_context,train,1.0,0.5121613504402718,0.4878386495597283
DEAP:S31:T33,DEAP:S31,T33,0,4.18,2,1,2,7,unexposed,stimulus_absolute_context,train,1.0,0.6617409270934953,0.33825907290650475
DEAP:S31:T39,DEAP:S31,T39,0,1.0,2,1,2,7,unexposed,stimulus_absolute_context,train,1.0,0.5586051359813129,0.44139486401868716
DEAP:S05:T06,DEAP:S05,T06,1,8.09,2,1,2,7,unexposed,stimulus_absolute_context,validation_unseen,1.0,0.9163567986819929,0.08364320131800702
DEAP:S05:T07,DEAP:S05,T07,1,5.12,2,1,2,7,unexposed,stimulus_absolute_context,validation_unseen,1.0,0.9212453601716357,0.0787546398283643
DEAP:S05:T09,DEAP:S05,T09,1,6.94,2,1,2,7,unexposed,stimulus_absolute_context,validation_unseen,1.0,0.9371010241239525,0.06289897587604751
DEAP:S05:T17,DEAP:S05,T17,1,6.88,2,1,2,7,unexposed,stimulus_absolute_context,validation_unseen,1.0,0.9535574775347189,0.0464425224652811
DEAP:S05:T35,DEAP:S05,T35,0,4.86,2,1,2,7,unexposed,stimulus_absolute_context,validation_unseen,1.0,0.9543390335218306,0.04566096647816939
DEAP:S05:T36,DEAP:S05,T36,0,4.91,2,1,2,7,unexposed,stimulus_absolute_context,validation_unseen,1.0,0.9005735422689176,0.09942645773108233
DEAP:S05:T37,DEAP:S05,T37,0,1.91,2,1,2,7,unexposed,stimulus_absolute_context,validation_unseen,1.0,0.9502868187360316,0.04971318126396834
DEAP:S05:T40,DEAP:S05,T40,1,7.0,2,1,2,7,unexposed,stimulus_absolute_context,validation_unseen,1.0,0.9557549638379238,0.04424503616207615
DEAP:S06:T06,DEAP:S06,T06,1,8.05,2,1,2,7,unexposed,stimulus_absolute_context,validation_unseen,1.0,0.957565404521959,0.04243459547804098
DEAP:S06:T07,DEAP:S06,T07,1,8.26,2,1,2,7,unexposed,stimulus_absolute_context,validation_unseen,1.0,0.9239695180955192,0.07603048190448079
DEAP:S06:T09,DEAP:S06,T09,1,7.87,2,1,2,7,unexposed,stimulus_absolute_context,validation_unseen,1.0,0.981625290731117,0.01837470926888301
DEAP:S06:T17,DEAP:S06,T17,1,6.72,2,1,2,7,unexposed,stimulus_absolute_context,validation_unseen,1.0,0.9547874605928984,0.04521253940710159
DEAP:S06:T35,DEAP:S06,T35,0,3.96,2,1,2,7,unexposed,stimulus_absolute_context,validation_unseen,1.0,0.9468825122328266,0.0531174877671734
DEAP:S06:T36,DEAP:S06,T36,1,5.71,2,1,2,7,unexposed,stimulus_absolute_context,validation_unseen,1.0,0.9212644996020019,0.07873550039799818
DEAP:S06:T37,DEAP:S06,T37,0,4.83,2,1,2,7,unexposed,stimulus_absolute_context,validation_unseen,1.0,0.9611711059288207,0.03882889407117925
DEAP:S06:T40,DEAP:S06,T40,0,4.85,2,1,2,7,unexposed,stimulus_absolute_context,validation_unseen,1.0,0.9447111353297084,0.05528886467029158
DEAP:S19:T06,DEAP:S19,T06,1,7.73,2,1,2,7,unexposed,stimulus_absolute_context,validation_unseen,1.0,0.9840709449125606,0.01592905508743938
DEAP:S19:T07,DEAP:S19,T07,1,6.64,2,1,2,7,unexposed,stimulus_absolute_context,validation_unseen,1.0,0.9911831963287139,0.008816803671286124
DEAP:S19:T09,DEAP:S19,T09,1,7.09,2,1,2,7,unexposed,stimulus_absolute_context,validation_unseen,1.0,0.9887065638956646,0.011293436104335452
DEAP:S19:T17,DEAP:S19,T17,1,7.38,2,1,2,7,unexposed,stimulus_absolute_context,validation_unseen,1.0,0.9892666218236714,0.010733378176328592
DEAP:S19:T35,DEAP:S19,T35,0,3.21,2,1,2,7,unexposed,stimulus_absolute_context,validation_unseen,1.0,0.993364673383182,0.006635326616817956
DEAP:S19:T36,DEAP:S19,T36,0,3.71,2,1,2,7,unexposed,stimulus_absolute_context,validation_unseen,1.0,0.9950002521094464,0.004999747890553537
DEAP:S19:T37,DEAP:S19,T37,0,3.15,2,1,2,7,unexposed,stimulus_absolute_context,validation_unseen,1.0,0.9820693389468279,0.017930661053172103
DEAP:S19:T40,DEAP:S19,T40,0,4.24,2,1,2,7,unexposed,stimulus_absolute_context,validation_unseen,1.0,0.979131153821599,0.02086884617840102
DEAP:S27:T06,DEAP:S27,T06,1,7.0,2,1,2,7,unexposed,stimulus_absolute_context,validation_unseen,1.0,0.9844433734143475,0.015556626585652504
DEAP:S27:T07,DEAP:S27,T07,0,4.94,2,1,2,7,unexposed,stimulus_absolute_context,validation_unseen,1.0,0.9635545390274822,0.03644546097251783
DEAP:S27:T09,DEAP:S27,T09,1,8.99,2,1,2,7,unexposed,stimulus_absolute_context,validation_unseen,1.0,0.9744260478629804,0.025573952137019615
DEAP:S27:T17,DEAP:S27,T17,1,9.0,2,1,2,7,unexposed,stimulus_absolute_context,validation_unseen,1.0,0.9650044696395265,0.034995530360473585
DEAP:S27:T35,DEAP:S27,T35,0,1.0,2,1,2,7,unexposed,stimulus_absolute_context,validation_unseen,1.0,0.9629644039708785,0.03703559602912154
DEAP:S27:T36,DEAP:S27,T36,1,6.13,2,1,2,7,unexposed,stimulus_absolute_context,validation_unseen,1.0,0.9624348559504514,0.03756514404954854
DEAP:S27:T37,DEAP:S27,T37,0,2.99,2,1,2,7,unexposed,stimulus_absolute_context,validation_unseen,1.0,0.981979051685128,0.018020948314872044
DEAP:S27:T40,DEAP:S27,T40,1,5.04,2,1,2,7,unexposed,stimulus_absolute_context,validation_unseen,1.0,0.9690282602191507,0.03097173978084936
DEAP:S05:T02,DEAP:S05,T02,1,9.0,2,1,2,7,unexposed,stimulus_absolute_context,validation_familiar,1.0,0.5238053273634123,0.47619467263658766
DEAP:S05:T04,DEAP:S05,T04,1,8.24,2,1,2,7,unexposed,stimulus_absolute_context,validation_familiar,1.0,0.42998443268221276,0.5700155673177872
DEAP:S05:T08,DEAP:S05,T08,1,8.17,2,1,2,7,unexposed,stimulus_absolute_context,validation_familiar,1.0,0.4302678891236761,0.5697321108763239
DEAP:S05:T11,DEAP:S05,T11,1,9.0,2,1,2,7,unexposed,stimulus_absolute_context,validation_familiar,1.0,0.29026035191644173,0.7097396480835583
DEAP:S05:T18,DEAP:S05,T18,1,8.05,2,1,2,7,unexposed,stimulus_absolute_context,validation_familiar,1.0,0.5082115893135605,0.4917884106864395
DEAP:S05:T19,DEAP:S05,T19,1,8.03,2,1,2,7,unexposed,stimulus_absolute_context,validation_familiar,1.0,0.534252447454745,0.4657475525452551
DEAP:S05:T22,DEAP:S05,T22,1,6.99,2,1,2,7,unexposed,stimulus_absolute_context,validation_familiar,1.0,0.9832637830434063,0.016736216956593625
DEAP:S05:T23,DEAP:S05,T23,0,1.0,2,1,2,7,unexposed,stimulus_absolute_context,validation_familiar,1.0,0.9981056152427208,0.001894384757279167
DEAP:S05:T25,DEAP:S05,T25,1,5.96,2,1,2,7,unexposed,stimulus_absolute_context,validation_familiar,1.0,0.980158856594233,0.019841143405766988
DEAP:S05:T26,DEAP:S05,T26,1,7.96,2,1,2,7,unexposed,stimulus_absolute_context,validation_familiar,1.0,0.9732267014517537,0.02677329854824625
DEAP:S05:T28,DEAP:S05,T28,0,3.9,2,1,2,7,unexposed,stimulus_absolute_context,validation_familiar,1.0,0.9006542557237252,0.09934574427627489
DEAP:S05:T29,DEAP:S05,T29,0,4.04,2,1,2,7,unexposed,stimulus_absolute_context,validation_familiar,1.0,0.9831069211211847,0.016893078878815294
DEAP:S05:T30,DEAP:S05,T30,0,2.94,2,1,2,7,unexposed,stimulus_absolute_context,validation_familiar,1.0,0.9987095215437279,0.0012904784562720276
DEAP:S05:T32,DEAP:S05,T32,0,1.94,2,1,2,7,unexposed,stimulus_absolute_context,validation_familiar,1.0,0.9604050164806284,0.0395949835193716
DEAP:S05:T33,DEAP:S05,T33,1,5.17,2,1,2,7,unexposed,stimulus_absolute_context,validation_familiar,1.0,0.9846823259706662,0.015317674029333816
DEAP:S05:T39,DEAP:S05,T39,0,1.0,2,1,2,7,unexposed,stimulus_absolute_context,validation_familiar,1.0,0.9870600967550252,0.01293990324497482
DEAP:S06:T02,DEAP:S06,T02,1,6.83,2,1,2,7,unexposed,stimulus_absolute_context,validation_familiar,1.0,0.6542053292038769,0.34579467079612314
DEAP:S06:T04,DEAP:S06,T04,1,7.55,2,1,2,7,unexposed,stimulus_absolute_context,validation_familiar,1.0,0.6169932475911856,0.38300675240881443
DEAP:S06:T08,DEAP:S06,T08,1,7.05,2,1,2,7,unexposed,stimulus_absolute_context,validation_familiar,1.0,0.47725069282765187,0.5227493071723481
DEAP:S06:T11,DEAP:S06,T11,0,4.99,2,1,2,7,unexposed,stimulus_absolute_context,validation_familiar,1.0,0.1297741021942299,0.8702258978057701
DEAP:S06:T18,DEAP:S06,T18,1,7.59,2,1,2,7,unexposed,stimulus_absolute_context,validation_familiar,1.0,0.6227998928855567,0.3772001071144433
DEAP:S06:T19,DEAP:S06,T19,1,7.41,2,1,2,7,unexposed,stimulus_absolute_context,validation_familiar,1.0,0.43421754309222527,0.5657824569077747
DEAP:S06:T22,DEAP:S06,T22,1,7.56,2,1,2,7,unexposed,stimulus_absolute_context,validation_familiar,1.0,0.9733146419943639,0.026685358005636043
DEAP:S06:T23,DEAP:S06,T23,0,3.47,2,1,2,7,unexposed,stimulus_absolute_context,validation_familiar,1.0,0.9988750743887542,0.0011249256112458026
DEAP:S06:T25,DEAP:S06,T25,1,7.09,2,1,2,7,unexposed,stimulus_absolute_context,validation_familiar,1.0,0.9673132519784718,0.03268674802152811
DEAP:S06:T26,DEAP:S06,T26,1,5.08,2,1,2,7,unexposed,stimulus_absolute_context,validation_familiar,1.0,0.7908635751966127,0.20913642480338734
DEAP:S06:T28,DEAP:S06,T28,1,6.42,2,1,2,7,unexposed,stimulus_absolute_context,validation_familiar,1.0,0.9521945638272453,0.04780543617275463
DEAP:S06:T29,DEAP:S06,T29,0,4.27,2,1,2,7,unexposed,stimulus_absolute_context,validation_familiar,1.0,0.9720958021884565,0.027904197811543487
DEAP:S06:T30,DEAP:S06,T30,1,6.99,2,1,2,7,unexposed,stimulus_absolute_context,validation_familiar,1.0,0.9990958232598297,0.0009041767401703247
DEAP:S06:T32,DEAP:S06,T32,1,6.99,2,1,2,7,unexposed,stimulus_absolute_context,validation_familiar,1.0,0.9770696124970785,0.022930387502921555
DEAP:S06:T33,DEAP:S06,T33,1,6.68,2,1,2,7,unexposed,stimulus_absolute_context,validation_familiar,1.0,0.9942926544166001,0.0057073455833998804
DEAP:S06:T39,DEAP:S06,T39,1,6.56,2,1,2,7,unexposed,stimulus_absolute_context,validation_familiar,1.0,0.9669017108343424,0.033098289165657595
DEAP:S19:T02,DEAP:S19,T02,1,6.46,2,1,2,7,unexposed,stimulus_absolute_context,validation_familiar,1.0,0.8551075714265607,0.1448924285734393
DEAP:S19:T04,DEAP:S19,T04,1,5.77,2,1,2,7,unexposed,stimulus_absolute_context,validation_familiar,1.0,0.8214579764917406,0.17854202350825943
DEAP:S19:T08,DEAP:S19,T08,1,7.44,2,1,2,7,unexposed,stimulus_absolute_context,validation_familiar,1.0,0.7470274968082427,0.25297250319175735
DEAP:S19:T11,DEAP:S19,T11,1,5.83,2,1,2,7,unexposed,stimulus_absolute_context,validation_familiar,1.0,0.6625617238785619,0.3374382761214381
DEAP:S19:T18,DEAP:S19,T18,1,7.77,2,1,2,7,unexposed,stimulus_absolute_context,validation_familiar,1.0,0.9077211976881328,0.0922788023118673
DEAP:S19:T19,DEAP:S19,T19,1,7.65,2,1,2,7,unexposed,stimulus_absolute_context,validation_familiar,1.0,0.8696335516944338,0.13036644830556618
DEAP:S19:T22,DEAP:S19,T22,1,5.04,2,1,2,7,unexposed,stimulus_absolute_context,validation_familiar,1.0,0.9979365852657602,0.002063414734239796
DEAP:S19:T23,DEAP:S19,T23,0,3.77,2,1,2,7,unexposed,stimulus_absolute_context,validation_familiar,1.0,0.999933650908836,6.634909116393523e-05
DEAP:S19:T25,DEAP:S19,T25,0,2.19,2,1,2,7,unexposed,stimulus_absolute_context,validation_familiar,1.0,0.9983827798581649,0.0016172201418351087
DEAP:S19:T26,DEAP:S19,T26,0,4.95,2,1,2,7,unexposed,stimulus_absolute_context,validation_familiar,1.0,0.9942959009659359,0.005704099034064133
DEAP:S19:T28,DEAP:S19,T28,1,6.21,2,1,2,7,unexposed,stimulus_absolute_context,validation_familiar,1.0,0.9943745985262,0.005625401473799979
DEAP:S19:T29,DEAP:S19,T29,0,2.82,2,1,2,7,unexposed,stimulus_absolute_context,validation_familiar,1.0,0.9968931467076381,0.003106853292361984
DEAP:S19:T30,DEAP:S19,T30,0,2.85,2,1,2,7,unexposed,stimulus_absolute_context,validation_familiar,1.0,0.9979630887513129,0.002036911248687088
DEAP:S19:T32,DEAP:S19,T32,0,4.96,2,1,2,7,unexposed,stimulus_absolute_context,validation_familiar,1.0,0.9971461629722671,0.002853837027732903
DEAP:S19:T33,DEAP:S19,T33,0,3.4,2,1,2,7,unexposed,stimulus_absolute_context,validation_familiar,1.0,0.9981144998525602,0.0018855001474398054
DEAP:S19:T39,DEAP:S19,T39,1,5.04,2,1,2,7,unexposed,stimulus_absolute_context,validation_familiar,1.0,0.9984510215304068,0.0015489784695932357
DEAP:S27:T02,DEAP:S27,T02,1,7.0,2,1,2,7,unexposed,stimulus_absolute_context,validation_familiar,1.0,0.826763096769191,0.173236903230809
DEAP:S27:T04,DEAP:S27,T04,1,7.05,2,1,2,7,unexposed,stimulus_absolute_context,validation_familiar,1.0,0.6507679392117627,0.3492320607882374
DEAP:S27:T08,DEAP:S27,T08,1,8.24,2,1,2,7,unexposed,stimulus_absolute_context,validation_familiar,1.0,0.5786682303980248,0.4213317696019751
DEAP:S27:T11,DEAP:S27,T11,1,9.0,2,1,2,7,unexposed,stimulus_absolute_context,validation_familiar,1.0,0.499230367143474,0.500769632856526
DEAP:S27:T18,DEAP:S27,T18,1,9.0,2,1,2,7,unexposed,stimulus_absolute_context,validation_familiar,1.0,0.7416071396108833,0.2583928603891167
DEAP:S27:T19,DEAP:S27,T19,1,5.06,2,1,2,7,unexposed,stimulus_absolute_context,validation_familiar,1.0,0.7805734227071087,0.21942657729289128
DEAP:S27:T22,DEAP:S27,T22,1,7.29,2,1,2,7,unexposed,stimulus_absolute_context,validation_familiar,1.0,0.9898117001760113,0.010188299823988755
DEAP:S27:T23,DEAP:S27,T23,1,8.0,2,1,2,7,unexposed,stimulus_absolute_context,validation_familiar,1.0,0.9994624358976344,0.0005375641023655757
DEAP:S27:T25,DEAP:S27,T25,0,4.0,2,1,2,7,unexposed,stimulus_absolute_context,validation_familiar,1.0,0.9684953866190891,0.03150461338091095
DEAP:S27:T26,DEAP:S27,T26,1,5.04,2,1,2,7,unexposed,stimulus_absolute_context,validation_familiar,1.0,0.9138852136168137,0.08611478638318626
DEAP:S27:T28,DEAP:S27,T28,1,5.04,2,1,2,7,unexposed,stimulus_absolute_context,validation_familiar,1.0,0.978549153662198,0.02145084633780199
DEAP:S27:T29,DEAP:S27,T29,1,7.18,2,1,2,7,unexposed,stimulus_absolute_context,validation_familiar,1.0,0.9900296661158192,0.009970333884180805
DEAP:S27:T30,DEAP:S27,T30,1,7.08,2,1,2,7,unexposed,stimulus_absolute_context,validation_familiar,1.0,0.9993606604801386,0.0006393395198613867
DEAP:S27:T32,DEAP:S27,T32,1,5.04,2,1,2,7,unexposed,stimulus_absolute_context,validation_familiar,1.0,0.9836296767693892,0.016370323230610787
DEAP:S27:T33,DEAP:S27,T33,1,5.04,2,1,2,7,unexposed,stimulus_absolute_context,validation_familiar,1.0,0.9903962781120493,0.009603721887950688
DEAP:S27:T39,DEAP:S27,T39,0,2.14,2,1,2,7,unexposed,stimulus_absolute_context,validation_familiar,1.0,0.9812854855594877,0.01871451444051227
DEAP:S02:T02,DEAP:S02,T02,1,8.01,2,1,2,7,unexposed,stimulus_absolute_context,train,10.0,0.0852898036991252,0.9147101963008748
DEAP:S02:T04,DEAP:S02,T04,1,6.05,2,1,2,7,unexposed,stimulus_absolute_context,train,10.0,0.02495852877117133,0.9750414712288287
DEAP:S02:T08,DEAP:S02,T08,1,9.0,2,1,2,7,unexposed,stimulus_absolute_context,train,10.0,0.015812914251124632,0.9841870857488754
DEAP:S02:T11,DEAP:S02,T11,1,7.08,2,1,2,7,unexposed,stimulus_absolute_context,train,10.0,0.004676222160443166,0.9953237778395568
DEAP:S02:T18,DEAP:S02,T18,1,9.0,2,1,2,7,unexposed,stimulus_absolute_context,train,10.0,0.007831925136311257,0.9921680748636887
DEAP:S02:T19,DEAP:S02,T19,1,9.0,2,1,2,7,unexposed,stimulus_absolute_context,train,10.0,0.016618111401960456,0.9833818885980395
DEAP:S02:T23,DEAP:S02,T23,0,1.0,2,1,2,7,unexposed,stimulus_absolute_context,train,10.0,0.9977297721803011,0.002270227819698854
DEAP:S02:T25,DEAP:S02,T25,1,9.0,2,1,2,7,unexposed,stimulus_absolute_context,train,10.0,0.2757340188123685,0.7242659811876315
DEAP:S02:T26,DEAP:S02,T26,1,9.0,2,1,2,7,unexposed,stimulus_absolute_context,train,10.0,0.4067501176794699,0.5932498823205301
DEAP:S02:T28,DEAP:S02,T28,0,4.06,2,1,2,7,unexposed,stimulus_absolute_context,train,10.0,0.7445422404255368,0.2554577595744631
DEAP:S02:T29,DEAP:S02,T29,0,2.99,2,1,2,7,unexposed,stimulus_absolute_context,train,10.0,0.8451729717265364,0.1548270282734636
DEAP:S02:T30,DEAP:S02,T30,0,2.01,2,1,2,7,unexposed,stimulus_absolute_context,train,10.0,0.994645465972787,0.005354534027213026
DEAP:S02:T32,DEAP:S02,T32,0,1.0,2,1,2,7,unexposed,stimulus_absolute_context,train,10.0,0.7343427553886863,0.2656572446113136
DEAP:S02:T39,DEAP:S02,T39,0,1.0,2,1,2,7,unexposed,stimulus_absolute_context,train,10.0,0.8629484077153124,0.13705159228468758
DEAP:S03:T02,DEAP:S03,T02,1,7.21,2,1,2,7,unexposed,stimulus_absolute_context,train,10.0,0.10956282741604118,0.8904371725839588
DEAP:S03:T04,DEAP:S03,T04,0,4.69,2,1,2,7,unexposed,stimulus_absolute_context,train,10.0,0.10926717824003251,0.8907328217599675
DEAP:S03:T08,DEAP:S03,T08,1,7.14,2,1,2,7,unexposed,stimulus_absolute_context,train,10.0,0.008975926380024424,0.9910240736199756
DEAP:S03:T11,DEAP:S03,T11,1,7.94,2,1,2,7,unexposed,stimulus_absolute_context,train,10.0,0.040391529409336546,0.9596084705906635
DEAP:S03:T18,DEAP:S03,T18,1,7.1,2,1,2,7,unexposed,stimulus_absolute_context,train,10.0,0.013394847148073263,0.9866051528519267
DEAP:S03:T19,DEAP:S03,T19,1,8.14,2,1,2,7,unexposed,stimulus_absolute_context,train,10.0,0.0279404643760357,0.9720595356239643
DEAP:S03:T22,DEAP:S03,T22,0,4.94,2,1,2,7,unexposed,stimulus_absolute_context,train,10.0,0.9334406312721836,0.06655936872781647
DEAP:S03:T23,DEAP:S03,T23,0,3.65,2,1,2,7,unexposed,stimulus_absolute_context,train,10.0,0.9872203083973222,0.012779691602677801
DEAP:S03:T25,DEAP:S03,T25,0,3.45,2,1,2,7,unexposed,stimulus_absolute_context,train,10.0,0.9206561637894646,0.07934383621053544
DEAP:S03:T28,DEAP:S03,T28,1,5.59,2,1,2,7,unexposed,stimulus_absolute_context,train,10.0,0.2471700266043394,0.7528299733956606
DEAP:S03:T30,DEAP:S03,T30,0,3.87,2,1,2,7,unexposed,stimulus_absolute_context,train,10.0,0.9950253485482254,0.004974651451774571
DEAP:S03:T32,DEAP:S03,T32,1,5.17,2,1,2,7,unexposed,stimulus_absolute_context,train,10.0,0.7632882033891266,0.23671179661087344
DEAP:S03:T33,DEAP:S03,T33,0,4.05,2,1,2,7,unexposed,stimulus_absolute_context,train,10.0,0.9592869502124376,0.040713049787562454
DEAP:S03:T39,DEAP:S03,T39,0,4.33,2,1,2,7,unexposed,stimulus_absolute_context,train,10.0,0.8187975265155402,0.18120247348445984
DEAP:S04:T02,DEAP:S04,T02,0,4.06,2,1,2,7,unexposed,stimulus_absolute_context,train,10.0,0.6500586748445853,0.3499413251554147
DEAP:S04:T04,DEAP:S04,T04,1,6.1,2,1,2,7,unexposed,stimulus_absolute_context,train,10.0,0.06330049889152833,0.9366995011084717
DEAP:S04:T08,DEAP:S04,T08,1,5.97,2,1,2,7,unexposed,stimulus_absolute_context,train,10.0,0.07637760237484581,0.9236223976251542
DEAP:S04:T11,DEAP:S04,T11,1,7.24,2,1,2,7,unexposed,stimulus_absolute_context,train,10.0,0.047262385999522705,0.9527376140004773
DEAP:S04:T18,DEAP:S04,T18,0,4.9,2,1,2,7,unexposed,stimulus_absolute_context,train,10.0,0.39573640484683403,0.604263595153166
DEAP:S04:T19,DEAP:S04,T19,1,7.09,2,1,2,7,unexposed,stimulus_absolute_context,train,10.0,0.2900850176439259,0.7099149823560741
DEAP:S04:T22,DEAP:S04,T22,0,1.86,2,1,2,7,unexposed,stimulus_absolute_context,train,10.0,0.6405851356802544,0.35941486431974556
DEAP:S04:T23,DEAP:S04,T23,0,1.86,2,1,2,7,unexposed,stimulus_absolute_context,train,10.0,0.9982990234375821,0.0017009765624178632
DEAP:S04:T25,DEAP:S04,T25,1,7.0,2,1,2,7,unexposed,stimulus_absolute_context,train,10.0,0.876274666686609,0.12372533331339093
DEAP:S04:T26,DEAP:S04,T26,1,6.0,2,1,2,7,unexposed,stimulus_absolute_context,train,10.0,0.7791263925039117,0.2208736074960883
DEAP:S04:T28,DEAP:S04,T28,0,2.17,2,1,2,7,unexposed,stimulus_absolute_context,train,10.0,0.9795069170323999,0.020493082967600138
DEAP:S04:T29,DEAP:S04,T29,0,1.85,2,1,2,7,unexposed,stimulus_absolute_context,train,10.0,0.9824787739590394,0.017521226040960573
DEAP:S04:T30,DEAP:S04,T30,0,3.1,2,1,2,7,unexposed,stimulus_absolute_context,train,10.0,0.9833823007213979,0.016617699278602106
DEAP:S04:T32,DEAP:S04,T32,0,1.01,2,1,2,7,unexposed,stimulus_absolute_context,train,10.0,0.7104176354789136,0.2895823645210865
DEAP:S04:T33,DEAP:S04,T33,0,1.0,2,1,2,7,unexposed,stimulus_absolute_context,train,10.0,0.8083478316636754,0.19165216833632465
DEAP:S04:T39,DEAP:S04,T39,0,1.92,2,1,2,7,unexposed,stimulus_absolute_context,train,10.0,0.8680512043273019,0.13194879567269813
DEAP:S07:T02,DEAP:S07,T02,1,7.15,2,1,2,7,unexposed,stimulus_absolute_context,train,10.0,0.03433716020047395,0.965662839799526
DEAP:S07:T04,DEAP:S07,T04,1,7.08,2,1,2,7,unexposed,stimulus_absolute_context,train,10.0,0.005251952616116551,0.9947480473838834
DEAP:S07:T08,DEAP:S07,T08,1,7.0,2,1,2,7,unexposed,stimulus_absolute_context,train,10.0,0.0025765352128372943,0.9974234647871627
DEAP:S07:T11,DEAP:S07,T11,1,7.03,2,1,2,7,unexposed,stimulus_absolute_context,train,10.0,0.0015945436711056749,0.9984054563288943
DEAP:S07:T18,DEAP:S07,T18,1,7.03,2,1,2,7,unexposed,stimulus_absolute_context,train,10.0,0.006481225907600141,0.9935187740923999
DEAP:S07:T19,DEAP:S07,T19,1,6.99,2,1,2,7,unexposed,stimulus_absolute_context,train,10.0,0.026277012819779233,0.9737229871802208
DEAP:S07:T22,DEAP:S07,T22,0,3.05,2,1,2,7,unexposed,stimulus_absolute_context,train,10.0,0.8445380161243373,0.15546198387566268
DEAP:S07:T23,DEAP:S07,T23,0,3.01,2,1,2,7,unexposed,stimulus_absolute_context,train,10.0,0.9886546665387483,0.011345333461251621
DEAP:S07:T25,DEAP:S07,T25,0,2.99,2,1,2,7,unexposed,stimulus_absolute_context,train,10.0,0.868854931739619,0.13114506826038091
DEAP:S07:T26,DEAP:S07,T26,0,2.0,2,1,2,7,unexposed,stimulus_absolute_context,train,10.0,0.6187568324009401,0.38124316759905985
DEAP:S07:T28,DEAP:S07,T28,0,2.05,2,1,2,7,unexposed,stimulus_absolute_context,train,10.0,0.577472079332332,0.4225279206676679
DEAP:S07:T29,DEAP:S07,T29,1,7.09,2,1,2,7,unexposed,stimulus_absolute_context,train,10.0,0.5694223242904599,0.43057767570954003
DEAP:S07:T30,DEAP:S07,T30,0,3.09,2,1,2,7,unexposed,stimulus_absolute_context,train,10.0,0.968593090276779,0.031406909723221
DEAP:S07:T33,DEAP:S07,T33,0,4.97,2,1,2,7,unexposed,stimulus_absolute_context,train,10.0,0.7979266738511924,0.2020733261488076
DEAP:S07:T39,DEAP:S07,T39,1,7.01,2,1,2,7,unexposed,stimulus_absolute_context,train,10.0,0.621790004980142,0.37820999501985797
DEAP:S09:T02,DEAP:S09,T02,1,7.08,2,1,2,7,unexposed,stimulus_absolute_context,train,10.0,0.4361945681240188,0.5638054318759812
DEAP:S09:T04,DEAP:S09,T04,1,5.99,2,1,2,7,unexposed,stimulus_absolute_context,train,10.0,0.19471761476561644,0.8052823852343836
DEAP:S09:T08,DEAP:S09,T08,1,6.15,2,1,2,7,unexposed,stimulus_absolute_context,train,10.0,0.04807272938208296,0.951927270617917
DEAP:S09:T11,DEAP:S09,T11,1,7.12,2,1,2,7,unexposed,stimulus_absolute_context,train,10.0,0.05539376093239046,0.9446062390676095
DEAP:S09:T19,DEAP:S09,T19,0,3.97,2,1,2,7,unexposed,stimulus_absolute_context,train,10.0,0.19070163634558202,0.809298363654418
DEAP:S09:T22,DEAP:S09,T22,0,3.99,2,1,2,7,unexposed,stimulus_absolute_context,train,10.0,0.7971677123346547,0.20283228766534533
DEAP:S09:T25,DEAP:S09,T25,1,5.04,2,1,2,7,unexposed,stimulus_absolute_context,train,10.0,0.634365292627223,0.3656347073727771
DEAP:S09:T26,DEAP:S09,T26,0,4.1,2,1,2,7,unexposed,stimulus_absolute_context,train,10.0,0.9931476042983465,0.006852395701653543
DEAP:S09:T28,DEAP:S09,T28,0,2.96,2,1,2,7,unexposed,stimulus_absolute_context,train,10.0,0.846930863686044,0.15306913631395608
DEAP:S09:T29,DEAP:S09,T29,0,3.99,2,1,2,7,unexposed,stimulus_absolute_context,train,10.0,0.9674576617628343,0.03254233823716569
DEAP:S09:T30,DEAP:S09,T30,0,4.04,2,1,2,7,unexposed,stimulus_absolute_context,train,10.0,0.996588520830877,0.003411479169122981
DEAP:S09:T32,DEAP:S09,T32,0,3.1,2,1,2,7,unexposed,stimulus_absolute_context,train,10.0,0.9561748202810322,0.0438251797189678
DEAP:S09:T33,DEAP:S09,T33,0,3.08,2,1,2,7,unexposed,stimulus_absolute_context,train,10.0,0.9987549500540415,0.001245049945958549
DEAP:S09:T39,DEAP:S09,T39,0,3.17,2,1,2,7,unexposed,stimulus_absolute_context,train,10.0,0.9961695370989435,0.003830462901056532
DEAP:S10:T02,DEAP:S10,T02,0,3.55,2,1,2,7,unexposed,stimulus_absolute_context,train,10.0,0.4180319735266854,0.5819680264733146
DEAP:S10:T08,DEAP:S10,T08,1,5.68,2,1,2,7,unexposed,stimulus_absolute_context,train,10.0,0.04030668449229047,0.9596933155077095
DEAP:S10:T11,DEAP:S10,T11,1,8.99,2,1,2,7,unexposed,stimulus_absolute_context,train,10.0,0.012852004740309564,0.9871479952596904
DEAP:S10:T18,DEAP:S10,T18,1,7.31,2,1,2,7,unexposed,stimulus_absolute_context,train,10.0,0.14751761626902393,0.8524823837309761
DEAP:S10:T19,DEAP:S10,T19,1,7.82,2,1,2,7,unexposed,stimulus_absolute_context,train,10.0,0.17629529171684244,0.8237047082831576
DEAP:S10:T22,DEAP:S10,T22,0,4.24,2,1,2,7,unexposed,stimulus_absolute_context,train,10.0,0.9748335168002824,0.025166483199717593
DEAP:S10:T23,DEAP:S10,T23,0,2.87,2,1,2,7,unexposed,stimulus_absolute_context,train,10.0,0.9997687400927571,0.00023125990724295238
DEAP:S10:T25,DEAP:S10,T25,0,1.92,2,1,2,7,unexposed,stimulus_absolute_context,train,10.0,0.931191141829851,0.068808858170149
DEAP:S10:T26,DEAP:S10,T26,0,4.95,2,1,2,7,unexposed,stimulus_absolute_context,train,10.0,0.9546320330655985,0.04536796693440152
DEAP:S10:T28,DEAP:S10,T28,0,4.31,2,1,2,7,unexposed,stimulus_absolute_context,train,10.0,0.8653947694282069,0.1346052305717931
DEAP:S10:T29,DEAP:S10,T29,0,3.94,2,1,2,7,unexposed,stimulus_absolute_context,train,10.0,0.9823366749996937,0.0176633250003063
DEAP:S10:T30,DEAP:S10,T30,0,2.64,2,1,2,7,unexposed,stimulus_absolute_context,train,10.0,0.9981933747660179,0.0018066252339820942
DEAP:S10:T32,DEAP:S10,T32,1,5.96,2,1,2,7,unexposed,stimulus_absolute_context,train,10.0,0.5042901518433817,0.49570984815661834
DEAP:S10:T33,DEAP:S10,T33,0,4.94,2,1,2,7,unexposed,stimulus_absolute_context,train,10.0,0.9942017486451001,0.005798251354899857
DEAP:S10:T39,DEAP:S10,T39,0,2.17,2,1,2,7,unexposed,stimulus_absolute_context,train,10.0,0.9899910338959906,0.010008966104009373
DEAP:S11:T04,DEAP:S11,T04,1,7.65,2,1,2,7,unexposed,stimulus_absolute_context,train,10.0,0.028003500627171496,0.9719964993728285
DEAP:S11:T08,DEAP:S11,T08,1,6.26,2,1,2,7,unexposed,stimulus_absolute_context,train,10.0,0.014733369379184014,0.985266630620816
DEAP:S11:T18,DEAP:S11,T18,1,7.95,2,1,2,7,unexposed,stimulus_absolute_context,train,10.0,0.003667050882395828,0.9963329491176042
DEAP:S11:T19,DEAP:S11,T19,1,5.54,2,1,2,7,unexposed,stimulus_absolute_context,train,10.0,0.0019813348672321762,0.9980186651327678
DEAP:S11:T22,DEAP:S11,T22,1,6.15,2,1,2,7,unexposed,stimulus_absolute_context,train,10.0,0.23045256555568505,0.769547434444315
DEAP:S11:T23,DEAP:S11,T23,0,3.72,2,1,2,7,unexposed,stimulus_absolute_context,train,10.0,0.98567176007209,0.014328239927909941
DEAP:S11:T25,DEAP:S11,T25,1,5.01,2,1,2,7,unexposed,stimulus_absolute_context,train,10.0,0.6111497939176755,0.3888502060823245
DEAP:S11:T28,DEAP:S11,T28,0,4.26,2,1,2,7,unexposed,stimulus_absolute_context,train,10.0,0.4326288625945697,0.5673711374054303
DEAP:S11:T29,DEAP:S11,T29,0,2.32,2,1,2,7,unexposed,stimulus_absolute_context,train,10.0,0.8631109045673141,0.13688909543268588
DEAP:S11:T30,DEAP:S11,T30,0,4.58,2,1,2,7,unexposed,stimulus_absolute_context,train,10.0,0.8124453798561555,0.18755462014384447
DEAP:S11:T32,DEAP:S11,T32,1,5.01,2,1,2,7,unexposed,stimulus_absolute_context,train,10.0,0.1437435624092479,0.8562564375907521
DEAP:S11:T33,DEAP:S11,T33,1,5.64,2,1,2,7,unexposed,stimulus_absolute_context,train,10.0,0.6764619499825846,0.3235380500174154
DEAP:S11:T39,DEAP:S11,T39,0,1.0,2,1,2,7,unexposed,stimulus_absolute_context,train,10.0,0.2060393921671848,0.7939606078328152
DEAP:S12:T02,DEAP:S12,T02,1,6.09,2,1,2,7,unexposed,stimulus_absolute_context,train,10.0,0.006040631454293788,0.9939593685457062
DEAP:S12:T04,DEAP:S12,T04,1,6.86,2,1,2,7,unexposed,stimulus_absolute_context,train,10.0,0.0558068924591818,0.9441931075408182
DEAP:S12:T08,DEAP:S12,T08,1,5.1,2,1,2,7,unexposed,stimulus_absolute_context,train,10.0,0.011474593757708318,0.9885254062422917
DEAP:S12:T11,DEAP:S12,T11,1,7.78,2,1,2,7,unexposed,stimulus_absolute_context,train,10.0,0.01622011224859199,0.983779887751408
DEAP:S12:T18,DEAP:S12,T18,1,7.35,2,1,2,7,unexposed,stimulus_absolute_context,train,10.0,0.23773243219155926,0.7622675678084407
DEAP:S12:T19,DEAP:S12,T19,1,7.03,2,1,2,7,unexposed,stimulus_absolute_context,train,10.0,0.10462139645398394,0.8953786035460161
DEAP:S12:T22,DEAP:S12,T22,0,3.33,2,1,2,7,unexposed,stimulus_absolute_context,train,10.0,0.9520494291675309,0.0479505708324691
DEAP:S12:T26,DEAP:S12,T26,1,6.08,2,1,2,7,unexposed,stimulus_absolute_context,train,10.0,0.05370961725918211,0.9462903827408179
DEAP:S12:T28,DEAP:S12,T28,1,5.04,2,1,2,7,unexposed,stimulus_absolute_context,train,10.0,0.11016844738543852,0.8898315526145615
DEAP:S12:T29,DEAP:S12,T29,0,1.67,2,1,2,7,unexposed,stimulus_absolute_context,train,10.0,0.8412642637027516,0.15873573629724835
DEAP:S12:T30,DEAP:S12,T30,0,3.36,2,1,2,7,unexposed,stimulus_absolute_context,train,10.0,0.9920166832758177,0.007983316724182258
DEAP:S12:T32,DEAP:S12,T32,0,1.86,2,1,2,7,unexposed,stimulus_absolute_context,train,10.0,0.9536105395234146,0.04638946047658547
DEAP:S12:T33,DEAP:S12,T33,0,1.9,2,1,2,7,unexposed,stimulus_absolute_context,train,10.0,0.7979408505708907,0.20205914942910932
DEAP:S12:T39,DEAP:S12,T39,0,3.18,2,1,2,7,unexposed,stimulus_absolute_context,train,10.0,0.8677060444962381,0.13229395550376183
DEAP:S13:T02,DEAP:S13,T02,0,4.03,2,1,2,7,unexposed,stimulus_absolute_context,train,10.0,0.2821348276127402,0.7178651723872598
DEAP:S13:T04,DEAP:S13,T04,1,7.08,2,1,2,7,unexposed,stimulus_absolute_context,train,10.0,0.016393513327095932,0.9836064866729041
DEAP:S13:T08,DEAP:S13,T08,1,7.99,2,1,2,7,unexposed,stimulus_absolute_context,train,10.0,0.042695394671452,0.957304605328548
DEAP:S13:T11,DEAP:S13,T11,1,7.04,2,1,2,7,unexposed,stimulus_absolute_context,train,10.0,0.00862217150361555,0.9913778284963845
DEAP:S13:T18,DEAP:S13,T18,1,7.94,2,1,2,7,unexposed,stimulus_absolute_context,train,10.0,0.023090774630046385,0.9769092253699536
DEAP:S13:T19,DEAP:S13,T19,1,8.51,2,1,2,7,unexposed,stimulus_absolute_context,train,10.0,0.07238811194033468,0.9276118880596653
DEAP:S13:T22,DEAP:S13,T22,0,4.01,2,1,2,7,unexposed,stimulus_absolute_context,train,10.0,0.8972955262412866,0.10270447375871343
DEAP:S13:T23,DEAP:S13,T23,0,1.0,2,1,2,7,unexposed,stimulus_absolute_context,train,10.0,0.9928938036363179,0.007106196363682156
DEAP:S13:T25,DEAP:S13,T25,0,3.97,2,1,2,7,unexposed,stimulus_absolute_context,train,10.0,0.8091009980529196,0.19089900194708037
DEAP:S13:T26,DEAP:S13,T26,1,5.04,2,1,2,7,unexposed,stimulus_absolute_context,train,10.0,0.6865821131364035,0.3134178868635965
DEAP:S13:T28,DEAP:S13,T28,1,7.08,2,1,2,7,unexposed,stimulus_absolute_context,train,10.0,0.4879870392605825,0.5120129607394175
DEAP:S13:T29,DEAP:S13,T29,0,4.04,2,1,2,7,unexposed,stimulus_absolute_context,train,10.0,0.7886942562985592,0.21130574370144087
DEAP:S13:T30,DEAP:S13,T30,0,3.05,2,1,2,7,unexposed,stimulus_absolute_context,train,10.0,0.9973267394397372,0.002673260560262875
DEAP:S13:T33,DEAP:S13,T33,0,4.55,2,1,2,7,unexposed,stimulus_absolute_context,train,10.0,0.9323959822025635,0.06760401779743648
DEAP:S13:T39,DEAP:S13,T39,0,1.97,2,1,2,7,unexposed,stimulus_absolute_context,train,10.0,0.8862145306960098,0.11378546930399021
DEAP:S14:T02,DEAP:S14,T02,1,6.05,2,1,2,7,unexposed,stimulus_absolute_context,train,10.0,0.042527038685931884,0.9574729613140681
DEAP:S14:T04,DEAP:S14,T04,1,7.38,2,1,2,7,unexposed,stimulus_absolute_context,train,10.0,0.02466524567620132,0.9753347543237987
DEAP:S14:T08,DEAP:S14,T08,1,7.0,2,1,2,7,unexposed,stimulus_absolute_context,train,10.0,0.061253584306790954,0.938746415693209
DEAP:S14:T11,DEAP:S14,T11,1,8.03,2,1,2,7,unexposed,stimulus_absolute_context,train,10.0,0.002575207458826001,0.997424792541174
DEAP:S14:T18,DEAP:S14,T18,1,8.09,2,1,2,7,unexposed,stimulus_absolute_context,train,10.0,0.19066075249194692,0.8093392475080531
DEAP:S14:T19,DEAP:S14,T19,1,7.55,2,1,2,7,unexposed,stimulus_absolute_context,train,10.0,0.015227423148751695,0.9847725768512483
DEAP:S14:T22,DEAP:S14,T22,0,4.1,2,1,2,7,unexposed,stimulus_absolute_context,train,10.0,0.9028305780979161,0.09716942190208389
DEAP:S14:T23,DEAP:S14,T23,0,2.41,2,1,2,7,unexposed,stimulus_absolute_context,train,10.0,0.9763339993401539,0.023666000659846125
DEAP:S14:T25,DEAP:S14,T25,0,3.87,2,1,2,7,unexposed,stimulus_absolute_context,train,10.0,0.7330433048946814,0.26695669510531855
DEAP:S14:T26,DEAP:S14,T26,0,3.28,2,1,2,7,unexposed,stimulus_absolute_context,train,10.0,0.7561284345975489,0.2438715654024511
DEAP:S14:T28,DEAP:S14,T28,0,2.53,2,1,2,7,unexposed,stimulus_absolute_context,train,10.0,0.8433906637269162,0.1566093362730838
DEAP:S14:T30,DEAP:S14,T30,0,1.1,2,1,2,7,unexposed,stimulus_absolute_context,train,10.0,0.9980360550093996,0.001963944990600346
DEAP:S14:T32,DEAP:S14,T32,0,1.99,2,1,2,7,unexposed,stimulus_absolute_context,train,10.0,0.7802914880290435,0.21970851197095653
DEAP:S14:T33,DEAP:S14,T33,0,3.18,2,1,2,7,unexposed,stimulus_absolute_context,train,10.0,0.8982645346397836,0.10173546536021635
DEAP:S14:T39,DEAP:S14,T39,1,6.65,2,1,2,7,unexposed,stimulus_absolute_context,train,10.0,0.7919970031319132,0.20800299686808676
DEAP:S15:T02,DEAP:S15,T02,1,5.04,2,1,2,7,unexposed,stimulus_absolute_context,train,10.0,0.1633803678092859,0.8366196321907141
DEAP:S15:T04,DEAP:S15,T04,1,8.04,2,1,2,7,unexposed,stimulus_absolute_context,train,10.0,0.000345828671551196,0.9996541713284488
DEAP:S15:T08,DEAP:S15,T08,1,9.0,2,1,2,7,unexposed,stimulus_absolute_context,train,10.0,0.06631507245193824,0.9336849275480618
DEAP:S15:T11,DEAP:S15,T11,1,8.99,2,1,2,7,unexposed,stimulus_absolute_context,train,10.0,0.0022700827448060013,0.997729917255194
DEAP:S15:T18,DEAP:S15,T18,1,7.04,2,1,2,7,unexposed,stimulus_absolute_context,train,10.0,0.023516319246047468,0.9764836807539525
DEAP:S15:T19,DEAP:S15,T19,1,7.04,2,1,2,7,unexposed,stimulus_absolute_context,train,10.0,0.03049851107195134,0.9695014889280487
DEAP:S15:T22,DEAP:S15,T22,0,4.12,2,1,2,7,unexposed,stimulus_absolute_context,train,10.0,0.9999164806766854,8.35193233146078e-05
DEAP:S15:T23,DEAP:S15,T23,0,3.05,2,1,2,7,unexposed,stimulus_absolute_context,train,10.0,0.9996305932416903,0.0003694067583096225
DEAP:S15:T25,DEAP:S15,T25,0,2.96,2,1,2,7,unexposed,stimulus_absolute_context,train,10.0,0.8551769964720966,0.1448230035279035
DEAP:S15:T28,DEAP:S15,T28,0,4.01,2,1,2,7,unexposed,stimulus_absolute_context,train,10.0,0.97221898358735,0.02778101641264996
DEAP:S15:T29,DEAP:S15,T29,0,4.05,2,1,2,7,unexposed,stimulus_absolute_context,train,10.0,0.9988580575601937,0.001141942439806203
DEAP:S15:T30,DEAP:S15,T30,0,2.04,2,1,2,7,unexposed,stimulus_absolute_context,train,10.0,0.9999257779805711,7.422201942880796e-05
DEAP:S15:T32,DEAP:S15,T32,0,3.97,2,1,2,7,unexposed,stimulus_absolute_context,train,10.0,0.9650546901049549,0.03494530989504512
DEAP:S15:T33,DEAP:S15,T33,0,3.01,2,1,2,7,unexposed,stimulus_absolute_context,train,10.0,0.9871190311423209,0.012880968857679084
DEAP:S15:T39,DEAP:S15,T39,0,4.0,2,1,2,7,unexposed,stimulus_absolute_context,train,10.0,0.9482982072302573,0.0517017927697427
DEAP:S16:T02,DEAP:S16,T02,1,6.45,2,1,2,7,unexposed,stimulus_absolute_context,train,10.0,0.0017297910031924824,0.9982702089968075
DEAP:S16:T08,DEAP:S16,T08,0,3.51,2,1,2,7,unexposed,stimulus_absolute_context,train,10.0,0.7911809579648479,0.20881904203515217
DEAP:S16:T11,DEAP:S16,T11,1,7.27,2,1,2,7,unexposed,stimulus_absolute_context,train,10.0,0.09668688104118406,0.9033131189588159
DEAP:S16:T19,DEAP:S16,T19,0,2.86,2,1,2,7,unexposed,stimulus_absolute_context,train,10.0,0.9810056123533263,0.018994387646673737
DEAP:S16:T23,DEAP:S16,T23,0,3.9,2,1,2,7,unexposed,stimulus_absolute_context,train,10.0,0.999952962130091,4.703786990895733e-05
DEAP:S16:T25,DEAP:S16,T25,0,2.47,2,1,2,7,unexposed,stimulus_absolute_context,train,10.0,0.9999162888471308,8.371115286925602e-05
DEAP:S16:T26,DEAP:S16,T26,0,1.82,2,1,2,7,unexposed,stimulus_absolute_context,train,10.0,0.9815704469212606,0.018429553078739405
DEAP:S16:T28,DEAP:S16,T28,0,2.85,2,1,2,7,unexposed,stimulus_absolute_context,train,10.0,0.8464059416326662,0.15359405836733375
DEAP:S16:T29,DEAP:S16,T29,0,3.23,2,1,2,7,unexposed,stimulus_absolute_context,train,10.0,0.9995480899592459,0.0004519100407541212
DEAP:S16:T33,DEAP:S16,T33,0,1.0,2,1,2,7,unexposed,stimulus_absolute_context,train,10.0,0.9963944715155257,0.0036055284844742977
DEAP:S16:T39,DEAP:S16,T39,1,6.13,2,1,2,7,unexposed,stimulus_absolute_context,train,10.0,0.09412017188622146,0.9058798281137785
DEAP:S17:T02,DEAP:S17,T02,1,7.26,2,1,2,7,unexposed,stimulus_absolute_context,train,10.0,0.012880347413342319,0.9871196525866577
DEAP:S17:T04,DEAP:S17,T04,1,6.35,2,1,2,7,unexposed,stimulus_absolute_context,train,10.0,0.061386163981241415,0.9386138360187586
DEAP:S17:T08,DEAP:S17,T08,1,6.05,2,1,2,7,unexposed,stimulus_absolute_context,train,10.0,0.001031920402856601,0.9989680795971434
DEAP:S17:T18,DEAP:S17,T18,1,6.22,2,1,2,7,unexposed,stimulus_absolute_context,train,10.0,0.07689384645068564,0.9231061535493144
DEAP:S17:T22,DEAP:S17,T22,0,3.19,2,1,2,7,unexposed,stimulus_absolute_context,train,10.0,0.9125344407950653,0.08746555920493473
DEAP:S17:T23,DEAP:S17,T23,0,3.62,2,1,2,7,unexposed,stimulus_absolute_context,train,10.0,0.9860525809049435,0.01394741909505652
DEAP:S17:T25,DEAP:S17,T25,1,6.18,2,1,2,7,unexposed,stimulus_absolute_context,train,10.0,0.2526111749789425,0.7473888250210575
DEAP:S17:T26,DEAP:S17,T26,0,3.73,2,1,2,7,unexposed,stimulus_absolute_context,train,10.0,0.64265500415936,0.35734499584063995
DEAP:S17:T28,DEAP:S17,T28,1,5.64,2,1,2,7,unexposed,stimulus_absolute_context,train,10.0,0.14900113979114016,0.8509988602088598
DEAP:S17:T29,DEAP:S17,T29,1,5.54,2,1,2,7,unexposed,stimulus_absolute_context,train,10.0,0.5272128072032816,0.4727871927967185
DEAP:S17:T30,DEAP:S17,T30,0,3.04,2,1,2,7,unexposed,stimulus_absolute_context,train,10.0,0.9931230342813576,0.006876965718642394
DEAP:S17:T32,DEAP:S17,T32,0,4.04,2,1,2,7,unexposed,stimulus_absolute_context,train,10.0,0.5390871352603859,0.4609128647396142
DEAP:S17:T33,DEAP:S17,T33,0,3.83,2,1,2,7,unexposed,stimulus_absolute_context,train,10.0,0.45800842829905086,0.5419915717009491
DEAP:S17:T39,DEAP:S17,T39,1,7.1,2,1,2,7,unexposed,stimulus_absolute_context,train,10.0,0.5566593584552775,0.4433406415447226
DEAP:S18:T02,DEAP:S18,T02,1,6.87,2,1,2,7,unexposed,stimulus_absolute_context,train,10.0,0.0175630798817501,0.9824369201182499
DEAP:S18:T04,DEAP:S18,T04,1,6.65,2,1,2,7,unexposed,stimulus_absolute_context,train,10.0,0.0018165393303037902,0.9981834606696962
DEAP:S18:T11,DEAP:S18,T11,1,6.24,2,1,2,7,unexposed,stimulus_absolute_context,train,10.0,0.0009480572484630301,0.999051942751537
DEAP:S18:T18,DEAP:S18,T18,1,7.05,2,1,2,7,unexposed,stimulus_absolute_context,train,10.0,0.02492640532380952,0.9750735946761905
DEAP:S18:T19,DEAP:S18,T19,1,7.04,2,1,2,7,unexposed,stimulus_absolute_context,train,10.0,0.011591150105973336,0.9884088498940267
DEAP:S18:T22,DEAP:S18,T22,1,5.69,2,1,2,7,unexposed,stimulus_absolute_context,train,10.0,0.6129172446794895,0.3870827553205105
DEAP:S18:T23,DEAP:S18,T23,0,3.71,2,1,2,7,unexposed,stimulus_absolute_context,train,10.0,0.9450979450867184,0.05490205491328158
DEAP:S18:T25,DEAP:S18,T25,0,4.23,2,1,2,7,unexposed,stimulus_absolute_context,train,10.0,0.7001769974316017,0.2998230025683984
DEAP:S18:T26,DEAP:S18,T26,1,5.44,2,1,2,7,unexposed,stimulus_absolute_context,train,10.0,0.09816867328110401,0.901831326718896
DEAP:S18:T28,DEAP:S18,T28,1,5.95,2,1,2,7,unexposed,stimulus_absolute_context,train,10.0,0.42551465814130585,0.5744853418586942
DEAP:S18:T29,DEAP:S18,T29,0,4.9,2,1,2,7,unexposed,stimulus_absolute_context,train,10.0,0.6716644497301076,0.32833555026989236
DEAP:S18:T30,DEAP:S18,T30,0,2.96,2,1,2,7,unexposed,stimulus_absolute_context,train,10.0,0.9954989193150319,0.004501080684968096
DEAP:S18:T32,DEAP:S18,T32,0,4.62,2,1,2,7,unexposed,stimulus_absolute_context,train,10.0,0.738351376194529,0.26164862380547105
DEAP:S18:T33,DEAP:S18,T33,0,4.56,2,1,2,7,unexposed,stimulus_absolute_context,train,10.0,0.9639870385368262,0.03601296146317374
DEAP:S18:T39,DEAP:S18,T39,0,4.06,2,1,2,7,unexposed,stimulus_absolute_context,train,10.0,0.7529795675557658,0.24702043244423427
DEAP:S20:T02,DEAP:S20,T02,1,6.77,2,1,2,7,unexposed,stimulus_absolute_context,train,10.0,0.03638065533173962,0.9636193446682604
DEAP:S20:T04,DEAP:S20,T04,1,7.05,2,1,2,7,unexposed,stimulus_absolute_context,train,10.0,0.006399783412831539,0.9936002165871685
DEAP:S20:T08,DEAP:S20,T08,1,7.63,2,1,2,7,unexposed,stimulus_absolute_context,train,10.0,0.015474685309610492,0.9845253146903895
DEAP:S20:T11,DEAP:S20,T11,1,8.18,2,1,2,7,unexposed,stimulus_absolute_context,train,10.0,0.01650502845174373,0.9834949715482563
DEAP:S20:T18,DEAP:S20,T18,1,7.35,2,1,2,7,unexposed,stimulus_absolute_context,train,10.0,0.20710393039878516,0.7928960696012148
DEAP:S20:T19,DEAP:S20,T19,1,7.59,2,1,2,7,unexposed,stimulus_absolute_context,train,10.0,0.0007813214039879002,0.9992186785960121
DEAP:S20:T22,DEAP:S20,T22,0,4.06,2,1,2,7,unexposed,stimulus_absolute_context,train,10.0,0.9030402611963668,0.09695973880363318
DEAP:S20:T23,DEAP:S20,T23,0,2.82,2,1,2,7,unexposed,stimulus_absolute_context,train,10.0,0.9983892769951385,0.0016107230048615212
DEAP:S20:T25,DEAP:S20,T25,0,2.99,2,1,2,7,unexposed,stimulus_absolute_context,train,10.0,0.8904693307788569,0.10953066922114309
DEAP:S20:T26,DEAP:S20,T26,0,4.31,2,1,2,7,unexposed,stimulus_absolute_context,train,10.0,0.6660758445540869,0.33392415544591314
DEAP:S20:T28,DEAP:S20,T28,1,5.01,2,1,2,7,unexposed,stimulus_absolute_context,train,10.0,0.18135988354982358,0.8186401164501764
DEAP:S20:T29,DEAP:S20,T29,0,2.44,2,1,2,7,unexposed,stimulus_absolute_context,train,10.0,0.8785603246516168,0.12143967534838315
DEAP:S20:T30,DEAP:S20,T30,0,3.49,2,1,2,7,unexposed,stimulus_absolute_context,train,10.0,0.999680294495525,0.0003197055044750075
DEAP:S20:T32,DEAP:S20,T32,1,6.28,2,1,2,7,unexposed,stimulus_absolute_context,train,10.0,0.4165038767322268,0.5834961232677732
DEAP:S20:T39,DEAP:S20,T39,0,4.67,2,1,2,7,unexposed,stimulus_absolute_context,train,10.0,0.9010244617684983,0.09897553823150175
DEAP:S21:T02,DEAP:S21,T02,1,7.05,2,1,2,7,unexposed,stimulus_absolute_context,train,10.0,0.14180136897394324,0.8581986310260568
DEAP:S21:T04,DEAP:S21,T04,1,5.05,2,1,2,7,unexposed,stimulus_absolute_context,train,10.0,0.1568467784893982,0.8431532215106018
DEAP:S21:T08,DEAP:S21,T08,1,8.81,2,1,2,7,unexposed,stimulus_absolute_context,train,10.0,0.0743434745601802,0.9256565254398198
DEAP:S21:T11,DEAP:S21,T11,1,7.05,2,1,2,7,unexposed,stimulus_absolute_context,train,10.0,0.03526759227024556,0.9647324077297544
DEAP:S21:T19,DEAP:S21,T19,1,7.26,2,1,2,7,unexposed,stimulus_absolute_context,train,10.0,0.05548067625393871,0.9445193237460613
DEAP:S21:T22,DEAP:S21,T22,0,2.09,2,1,2,7,unexposed,stimulus_absolute_context,train,10.0,0.8916931860428084,0.10830681395719151
DEAP:S21:T23,DEAP:S21,T23,0,4.69,2,1,2,7,unexposed,stimulus_absolute_context,train,10.0,0.9777541793104259,0.02224582068957414
DEAP:S21:T25,DEAP:S21,T25,0,3.97,2,1,2,7,unexposed,stimulus_absolute_context,train,10.0,0.670402694690009,0.329597305309991
DEAP:S21:T26,DEAP:S21,T26,0,4.06,2,1,2,7,unexposed,stimulus_absolute_context,train,10.0,0.8541001291180403,0.1458998708819597
DEAP:S21:T28,DEAP:S21,T28,0,3.04,2,1,2,7,unexposed,stimulus_absolute_context,train,10.0,0.6800025971865784,0.31999740281342154
DEAP:S21:T29,DEAP:S21,T29,0,3.01,2,1,2,7,unexposed,stimulus_absolute_context,train,10.0,0.5812658909646659,0.41873410903533415
DEAP:S21:T30,DEAP:S21,T30,0,3.45,2,1,2,7,unexposed,stimulus_absolute_context,train,10.0,0.990440084821736,0.009559915178264017
DEAP:S21:T32,DEAP:S21,T32,1,6.27,2,1,2,7,unexposed,stimulus_absolute_context,train,10.0,0.4975230328814926,0.5024769671185074
DEAP:S21:T33,DEAP:S21,T33,1,7.03,2,1,2,7,unexposed,stimulus_absolute_context,train,10.0,0.5553125254506244,0.4446874745493757
DEAP:S22:T02,DEAP:S22,T02,1,7.08,2,1,2,7,unexposed,stimulus_absolute_context,train,10.0,0.1938903458150537,0.8061096541849463
DEAP:S22:T04,DEAP:S22,T04,1,7.06,2,1,2,7,unexposed,stimulus_absolute_context,train,10.0,0.1016917341090603,0.8983082658909397
DEAP:S22:T08,DEAP:S22,T08,1,7.09,2,1,2,7,unexposed,stimulus_absolute_context,train,10.0,0.16342223866812344,0.8365777613318766
DEAP:S22:T11,DEAP:S22,T11,1,8.05,2,1,2,7,unexposed,stimulus_absolute_context,train,10.0,0.04635293877166902,0.953647061228331
DEAP:S22:T18,DEAP:S22,T18,1,8.08,2,1,2,7,unexposed,stimulus_absolute_context,train,10.0,0.05834450657061341,0.9416554934293866
DEAP:S22:T19,DEAP:S22,T19,1,9.0,2,1,2,7,unexposed,stimulus_absolute_context,train,10.0,0.02418345678471101,0.975816543215289
DEAP:S22:T22,DEAP:S22,T22,0,4.05,2,1,2,7,unexposed,stimulus_absolute_context,train,10.0,0.7403569787745916,0.25964302122540844
DEAP:S22:T23,DEAP:S22,T23,0,2.99,2,1,2,7,unexposed,stimulus_absolute_context,train,10.0,0.9931912874578198,0.006808712542180239
DEAP:S22:T29,DEAP:S22,T29,0,2.0,2,1,2,7,unexposed,stimulus_absolute_context,train,10.0,0.9824028257114712,0.01759717428852883
DEAP:S22:T30,DEAP:S22,T30,0,1.0,2,1,2,7,unexposed,stimulus_absolute_context,train,10.0,0.9976471346084325,0.0023528653915675522
DEAP:S22:T32,DEAP:S22,T32,0,1.99,2,1,2,7,unexposed,stimulus_absolute_context,train,10.0,0.9211634394690148,0.07883656053098516
DEAP:S22:T33,DEAP:S22,T33,0,1.96,2,1,2,7,unexposed,stimulus_absolute_context,train,10.0,0.9937090540832794,0.0062909459167206395
DEAP:S22:T39,DEAP:S22,T39,0,1.0,2,1,2,7,unexposed,stimulus_absolute_context,train,10.0,0.8523063139190798,0.14769368608092015
DEAP:S23:T02,DEAP:S23,T02,1,9.0,2,1,2,7,unexposed,stimulus_absolute_context,train,10.0,0.007924509495664478,0.9920754905043355
DEAP:S23:T04,DEAP:S23,T04,1,8.21,2,1,2,7,unexposed,stimulus_absolute_context,train,10.0,0.051637780824289825,0.9483622191757102
DEAP:S23:T08,DEAP:S23,T08,1,7.23,2,1,2,7,unexposed,stimulus_absolute_context,train,10.0,0.0026201254088562553,0.9973798745911437
DEAP:S23:T11,DEAP:S23,T11,1,7.0,2,1,2,7,unexposed,stimulus_absolute_context,train,10.0,0.0021847045007969967,0.997815295499203
DEAP:S23:T18,DEAP:S23,T18,1,7.12,2,1,2,7,unexposed,stimulus_absolute_context,train,10.0,0.020114045571915762,0.9798859544280842
DEAP:S23:T19,DEAP:S23,T19,1,8.15,2,1,2,7,unexposed,stimulus_absolute_context,train,10.0,0.017270299069901962,0.982729700930098
DEAP:S23:T22,DEAP:S23,T22,0,2.97,2,1,2,7,unexposed,stimulus_absolute_context,train,10.0,0.7203121949994242,0.2796878050005757
DEAP:S23:T23,DEAP:S23,T23,0,4.17,2,1,2,7,unexposed,stimulus_absolute_context,train,10.0,0.9265931218568243,0.07340687814317567
DEAP:S23:T25,DEAP:S23,T25,0,4.97,2,1,2,7,unexposed,stimulus_absolute_context,train,10.0,0.4953526373066528,0.5046473626933472
DEAP:S23:T26,DEAP:S23,T26,1,8.27,2,1,2,7,unexposed,stimulus_absolute_context,train,10.0,0.07351436242107068,0.9264856375789293
DEAP:S23:T28,DEAP:S23,T28,1,5.04,2,1,2,7,unexposed,stimulus_absolute_context,train,10.0,0.12187697238206219,0.8781230276179378
DEAP:S23:T29,DEAP:S23,T29,0,3.72,2,1,2,7,unexposed,stimulus_absolute_context,train,10.0,0.7114714630274883,0.2885285369725117
DEAP:S23:T30,DEAP:S23,T30,0,3.88,2,1,2,7,unexposed,stimulus_absolute_context,train,10.0,0.9602472572482195,0.03975274275178051
DEAP:S23:T32,DEAP:S23,T32,1,7.97,2,1,2,7,unexposed,stimulus_absolute_context,train,10.0,0.1926132320051962,0.8073867679948038
DEAP:S23:T33,DEAP:S23,T33,1,5.04,2,1,2,7,unexposed,stimulus_absolute_context,train,10.0,0.7723890554330618,0.22761094456693823
DEAP:S24:T02,DEAP:S24,T02,1,6.04,2,1,2,7,unexposed,stimulus_absolute_context,train,10.0,0.08728327629021448,0.9127167237097855
DEAP:S24:T04,DEAP:S24,T04,1,6.05,2,1,2,7,unexposed,stimulus_absolute_context,train,10.0,0.035938846446702644,0.9640611535532974
DEAP:S24:T08,DEAP:S24,T08,1,7.03,2,1,2,7,unexposed,stimulus_absolute_context,train,10.0,0.013037589625501278,0.9869624103744987
DEAP:S24:T11,DEAP:S24,T11,1,7.03,2,1,2,7,unexposed,stimulus_absolute_context,train,10.0,0.008644492703294149,0.9913555072967059
DEAP:S24:T18,DEAP:S24,T18,1,8.96,2,1,2,7,unexposed,stimulus_absolute_context,train,10.0,0.0972554742220536,0.9027445257779464
DEAP:S24:T19,DEAP:S24,T19,1,7.03,2,1,2,7,unexposed,stimulus_absolute_context,train,10.0,0.049726713875306805,0.9502732861246932
DEAP:S24:T22,DEAP:S24,T22,0,3.03,2,1,2,7,unexposed,stimulus_absolute_context,train,10.0,0.916270864911384,0.08372913508861607
DEAP:S24:T23,DEAP:S24,T23,0,1.0,2,1,2,7,unexposed,stimulus_absolute_context,train,10.0,0.9810468158768301,0.018953184123169955
DEAP:S24:T25,DEAP:S24,T25,0,3.12,2,1,2,7,unexposed,stimulus_absolute_context,train,10.0,0.8791560895342068,0.12084391046579329
DEAP:S24:T26,DEAP:S24,T26,0,4.05,2,1,2,7,unexposed,stimulus_absolute_context,train,10.0,0.6032986231308576,0.3967013768691424
DEAP:S24:T28,DEAP:S24,T28,0,4.03,2,1,2,7,unexposed,stimulus_absolute_context,train,10.0,0.8536034241807202,0.14639657581927984
DEAP:S24:T29,DEAP:S24,T29,0,3.97,2,1,2,7,unexposed,stimulus_absolute_context,train,10.0,0.8972896553140101,0.1027103446859899
DEAP:S24:T30,DEAP:S24,T30,0,1.0,2,1,2,7,unexposed,stimulus_absolute_context,train,10.0,0.9970082618298398,0.002991738170160176
DEAP:S24:T32,DEAP:S24,T32,0,3.0,2,1,2,7,unexposed,stimulus_absolute_context,train,10.0,0.8957563753247534,0.10424362467524664
DEAP:S24:T33,DEAP:S24,T33,1,5.01,2,1,2,7,unexposed,stimulus_absolute_context,train,10.0,0.6787004848531546,0.3212995151468454
DEAP:S24:T39,DEAP:S24,T39,0,2.12,2,1,2,7,unexposed,stimulus_absolute_context,train,10.0,0.8501030043060516,0.1498969956939485
DEAP:S25:T08,DEAP:S25,T08,1,8.04,2,1,2,7,unexposed,stimulus_absolute_context,train,10.0,0.20466955164329015,0.7953304483567099
DEAP:S25:T11,DEAP:S25,T11,1,9.0,2,1,2,7,unexposed,stimulus_absolute_context,train,10.0,0.007909272965517133,0.9920907270344829
DEAP:S25:T18,DEAP:S25,T18,0,3.04,2,1,2,7,unexposed,stimulus_absolute_context,train,10.0,0.20078020227967563,0.7992197977203244
DEAP:S25:T19,DEAP:S25,T19,1,7.06,2,1,2,7,unexposed,stimulus_absolute_context,train,10.0,0.06296609069213788,0.9370339093078621
DEAP:S25:T22,DEAP:S25,T22,1,8.03,2,1,2,7,unexposed,stimulus_absolute_context,train,10.0,0.912818033510291,0.087181966489709
DEAP:S25:T25,DEAP:S25,T25,0,4.96,2,1,2,7,unexposed,stimulus_absolute_context,train,10.0,0.9315905761952591,0.06840942380474087
DEAP:S25:T26,DEAP:S25,T26,0,4.99,2,1,2,7,unexposed,stimulus_absolute_context,train,10.0,0.7694892008177305,0.23051079918226947
DEAP:S25:T28,DEAP:S25,T28,1,5.01,2,1,2,7,unexposed,stimulus_absolute_context,train,10.0,0.6864029376012767,0.3135970623987233
DEAP:S25:T29,DEAP:S25,T29,0,1.0,2,1,2,7,unexposed,stimulus_absolute_context,train,10.0,0.7275614287728787,0.2724385712271213
DEAP:S25:T30,DEAP:S25,T30,0,4.03,2,1,2,7,unexposed,stimulus_absolute_context,train,10.0,0.9994644555391374,0.0005355444608626229
DEAP:S25:T32,DEAP:S25,T32,0,1.0,2,1,2,7,unexposed,stimulus_absolute_context,train,10.0,0.5330778884202165,0.4669221115797834
DEAP:S25:T39,DEAP:S25,T39,0,1.0,2,1,2,7,unexposed,stimulus_absolute_context,train,10.0,0.9682986756933328,0.03170132430666719
DEAP:S26:T02,DEAP:S26,T02,1,6.96,2,1,2,7,unexposed,stimulus_absolute_context,train,10.0,0.009068136087254652,0.9909318639127453
DEAP:S26:T04,DEAP:S26,T04,1,8.03,2,1,2,7,unexposed,stimulus_absolute_context,train,10.0,0.0034864868263424498,0.9965135131736576
DEAP:S26:T08,DEAP:S26,T08,1,8.01,2,1,2,7,unexposed,stimulus_absolute_context,train,10.0,0.0014106053564029164,0.9985893946435971
DEAP:S26:T11,DEAP:S26,T11,1,8.04,2,1,2,7,unexposed,stimulus_absolute_context,train,10.0,0.0009573568388353548,0.9990426431611646
DEAP:S26:T18,DEAP:S26,T18,1,9.0,2,1,2,7,unexposed,stimulus_absolute_context,train,10.0,0.01062781024729631,0.9893721897527037
DEAP:S26:T19,DEAP:S26,T19,1,8.0,2,1,2,7,unexposed,stimulus_absolute_context,train,10.0,0.0036573105516986004,0.9963426894483014
DEAP:S26:T22,DEAP:S26,T22,1,6.97,2,1,2,7,unexposed,stimulus_absolute_context,train,10.0,0.26994709826407515,0.7300529017359249
DEAP:S26:T23,DEAP:S26,T23,0,2.28,2,1,2,7,unexposed,stimulus_absolute_context,train,10.0,0.8600255397830071,0.1399744602169929
DEAP:S26:T25,DEAP:S26,T25,1,7.14,2,1,2,7,unexposed,stimulus_absolute_context,train,10.0,0.3011637457440126,0.6988362542559874
DEAP:S26:T26,DEAP:S26,T26,1,5.05,2,1,2,7,unexposed,stimulus_absolute_context,train,10.0,0.11402758112842382,0.8859724188715762
DEAP:S26:T28,DEAP:S26,T28,1,5.97,2,1,2,7,unexposed,stimulus_absolute_context,train,10.0,0.03720338797900735,0.9627966120209926
DEAP:S26:T29,DEAP:S26,T29,1,6.09,2,1,2,7,unexposed,stimulus_absolute_context,train,10.0,0.486626065658072,0.513373934341928
DEAP:S26:T30,DEAP:S26,T30,0,4.95,2,1,2,7,unexposed,stimulus_absolute_context,train,10.0,0.9682534716811214,0.03174652831887857
DEAP:S26:T32,DEAP:S26,T32,0,1.96,2,1,2,7,unexposed,stimulus_absolute_context,train,10.0,0.46922130193129175,0.5307786980687083
DEAP:S26:T33,DEAP:S26,T33,0,1.0,2,1,2,7,unexposed,stimulus_absolute_context,train,10.0,0.706359984375686,0.2936400156243139
DEAP:S26:T39,DEAP:S26,T39,0,1.95,2,1,2,7,unexposed,stimulus_absolute_context,train,10.0,0.8416894877041047,0.15831051229589535
DEAP:S29:T02,DEAP:S29,T02,1,7.05,2,1,2,7,unexposed,stimulus_absolute_context,train,10.0,0.08020874907824482,0.9197912509217552
DEAP:S29:T04,DEAP:S29,T04,1,7.17,2,1,2,7,unexposed,stimulus_absolute_context,train,10.0,0.14122252113222544,0.8587774788677746
DEAP:S29:T08,DEAP:S29,T08,1,7.04,2,1,2,7,unexposed,stimulus_absolute_context,train,10.0,0.024190607432793998,0.975809392567206
DEAP:S29:T11,DEAP:S29,T11,1,8.03,2,1,2,7,unexposed,stimulus_absolute_context,train,10.0,0.0655290336384442,0.9344709663615558
DEAP:S29:T18,DEAP:S29,T18,1,7.01,2,1,2,7,unexposed,stimulus_absolute_context,train,10.0,0.23248622748361558,0.7675137725163844
DEAP:S29:T19,DEAP:S29,T19,1,7.05,2,1,2,7,unexposed,stimulus_absolute_context,train,10.0,0.06546377210127718,0.9345362278987228
DEAP:S29:T22,DEAP:S29,T22,0,3.05,2,1,2,7,unexposed,stimulus_absolute_context,train,10.0,0.7894960813776898,0.2105039186223102
DEAP:S29:T23,DEAP:S29,T23,0,2.05,2,1,2,7,unexposed,stimulus_absolute_context,train,10.0,0.9992491329676951,0.0007508670323048503
DEAP:S29:T25,DEAP:S29,T25,0,3.03,2,1,2,7,unexposed,stimulus_absolute_context,train,10.0,0.9139898585968795,0.08601014140312045
DEAP:S29:T26,DEAP:S29,T26,0,3.0,2,1,2,7,unexposed,stimulus_absolute_context,train,10.0,0.6205117209836868,0.37948827901631316
DEAP:S29:T28,DEAP:S29,T28,0,1.04,2,1,2,7,unexposed,stimulus_absolute_context,train,10.0,0.8633188401081429,0.13668115989185717
DEAP:S29:T29,DEAP:S29,T29,0,3.97,2,1,2,7,unexposed,stimulus_absolute_context,train,10.0,0.9023460483205349,0.09765395167946508
DEAP:S29:T30,DEAP:S29,T30,0,2.95,2,1,2,7,unexposed,stimulus_absolute_context,train,10.0,0.9154172214135021,0.08458277858649793
DEAP:S29:T32,DEAP:S29,T32,0,4.04,2,1,2,7,unexposed,stimulus_absolute_context,train,10.0,0.5761339649926676,0.42386603500733244
DEAP:S29:T33,DEAP:S29,T33,0,1.99,2,1,2,7,unexposed,stimulus_absolute_context,train,10.0,0.9725172214947186,0.027482778505281354
DEAP:S29:T39,DEAP:S29,T39,1,6.05,2,1,2,7,unexposed,stimulus_absolute_context,train,10.0,0.9098004516228662,0.09019954837713388
DEAP:S30:T02,DEAP:S30,T02,1,7.15,2,1,2,7,unexposed,stimulus_absolute_context,train,10.0,0.0485470960143114,0.9514529039856886
DEAP:S30:T04,DEAP:S30,T04,1,7.04,2,1,2,7,unexposed,stimulus_absolute_context,train,10.0,0.02055340738495215,0.9794465926150479
DEAP:S30:T08,DEAP:S30,T08,1,6.05,2,1,2,7,unexposed,stimulus_absolute_context,train,10.0,0.003922921552697689,0.9960770784473023
DEAP:S30:T11,DEAP:S30,T11,1,6.06,2,1,2,7,unexposed,stimulus_absolute_context,train,10.0,0.0030612117011660223,0.996938788298834
DEAP:S30:T18,DEAP:S30,T18,1,7.05,2,1,2,7,unexposed,stimulus_absolute_context,train,10.0,0.005064884800455194,0.9949351151995448
DEAP:S30:T19,DEAP:S30,T19,1,8.27,2,1,2,7,unexposed,stimulus_absolute_context,train,10.0,0.09734981174987267,0.9026501882501273
DEAP:S30:T22,DEAP:S30,T22,0,4.05,2,1,2,7,unexposed,stimulus_absolute_context,train,10.0,0.82222445600841,0.17777554399158998
DEAP:S30:T23,DEAP:S30,T23,0,3.0,2,1,2,7,unexposed,stimulus_absolute_context,train,10.0,0.993958877954935,0.006041122045065054
DEAP:S30:T25,DEAP:S30,T25,0,3.92,2,1,2,7,unexposed,stimulus_absolute_context,train,10.0,0.5148288464818289,0.485171153518171
DEAP:S30:T26,DEAP:S30,T26,1,5.01,2,1,2,7,unexposed,stimulus_absolute_context,train,10.0,0.06951715701530992,0.9304828429846901
DEAP:S30:T28,DEAP:S30,T28,1,5.06,2,1,2,7,unexposed,stimulus_absolute_context,train,10.0,0.10877287986743167,0.8912271201325683
DEAP:S30:T29,DEAP:S30,T29,1,7.23,2,1,2,7,unexposed,stimulus_absolute_context,train,10.0,0.5723682399923413,0.42763176000765873
DEAP:S30:T30,DEAP:S30,T30,0,4.04,2,1,2,7,unexposed,stimulus_absolute_context,train,10.0,0.8892813050306001,0.11071869496939991
DEAP:S30:T32,DEAP:S30,T32,1,5.01,2,1,2,7,unexposed,stimulus_absolute_context,train,10.0,0.27594808489895173,0.7240519151010483
DEAP:S30:T33,DEAP:S30,T33,0,3.91,2,1,2,7,unexposed,stimulus_absolute_context,train,10.0,0.6215593792497527,0.37844062075024737
DEAP:S30:T39,DEAP:S30,T39,0,2.97,2,1,2,7,unexposed,stimulus_absolute_context,train,10.0,0.6294430016348214,0.37055699836517864
DEAP:S31:T02,DEAP:S31,T02,1,5.03,2,1,2,7,unexposed,stimulus_absolute_context,train,10.0,0.06743647765001448,0.9325635223499855
DEAP:S31:T04,DEAP:S31,T04,1,6.97,2,1,2,7,unexposed,stimulus_absolute_context,train,10.0,0.047294091486840384,0.9527059085131596
DEAP:S31:T08,DEAP:S31,T08,1,6.03,2,1,2,7,unexposed,stimulus_absolute_context,train,10.0,0.012023689174232244,0.9879763108257678
DEAP:S31:T11,DEAP:S31,T11,1,9.0,2,1,2,7,unexposed,stimulus_absolute_context,train,10.0,0.0022943739199751123,0.9977056260800249
DEAP:S31:T18,DEAP:S31,T18,1,7.06,2,1,2,7,unexposed,stimulus_absolute_context,train,10.0,0.04474814765726465,0.9552518523427354
DEAP:S31:T22,DEAP:S31,T22,1,5.04,2,1,2,7,unexposed,stimulus_absolute_context,train,10.0,0.5318924678152869,0.4681075321847131
DEAP:S31:T23,DEAP:S31,T23,0,1.0,2,1,2,7,unexposed,stimulus_absolute_context,train,10.0,0.8368126679672201,0.1631873320327799
DEAP:S31:T25,DEAP:S31,T25,1,6.14,2,1,2,7,unexposed,stimulus_absolute_context,train,10.0,0.13457869117151267,0.8654213088284873
DEAP:S31:T26,DEAP:S31,T26,1,7.08,2,1,2,7,unexposed,stimulus_absolute_context,train,10.0,0.05943180644236212,0.9405681935576379
DEAP:S31:T28,DEAP:S31,T28,1,5.01,2,1,2,7,unexposed,stimulus_absolute_context,train,10.0,0.0728658711666127,0.9271341288333873
DEAP:S31:T29,DEAP:S31,T29,1,5.09,2,1,2,7,unexposed,stimulus_absolute_context,train,10.0,0.2400182147055051,0.7599817852944949
DEAP:S31:T30,DEAP:S31,T30,0,3.13,2,1,2,7,unexposed,stimulus_absolute_context,train,10.0,0.9788482969056496,0.02115170309435044
DEAP:S31:T32,DEAP:S31,T32,0,1.0,2,1,2,7,unexposed,stimulus_absolute_context,train,10.0,0.6076726447850144,0.39232735521498563
DEAP:S31:T33,DEAP:S31,T33,0,4.18,2,1,2,7,unexposed,stimulus_absolute_context,train,10.0,0.829727102643406,0.17027289735659404
DEAP:S31:T39,DEAP:S31,T39,0,1.0,2,1,2,7,unexposed,stimulus_absolute_context,train,10.0,0.7311720825076966,0.26882791749230345
DEAP:S05:T06,DEAP:S05,T06,1,8.09,2,1,2,7,unexposed,stimulus_absolute_context,validation_unseen,10.0,0.9999983466771211,1.6533228789655935e-06
DEAP:S05:T07,DEAP:S05,T07,1,5.12,2,1,2,7,unexposed,stimulus_absolute_context,validation_unseen,10.0,0.9999967747810997,3.2252189003265935e-06
DEAP:S05:T09,DEAP:S05,T09,1,6.94,2,1,2,7,unexposed,stimulus_absolute_context,validation_unseen,10.0,0.9999988886084527,1.1113915473529584e-06
DEAP:S05:T17,DEAP:S05,T17,1,6.88,2,1,2,7,unexposed,stimulus_absolute_context,validation_unseen,10.0,0.9999985699326854,1.4300673145280614e-06
DEAP:S05:T35,DEAP:S05,T35,0,4.86,2,1,2,7,unexposed,stimulus_absolute_context,validation_unseen,10.0,0.9999994751190611,5.24880938933002e-07
DEAP:S05:T36,DEAP:S05,T36,0,4.91,2,1,2,7,unexposed,stimulus_absolute_context,validation_unseen,10.0,0.9999941896035218,5.810396478207774e-06
DEAP:S05:T37,DEAP:S05,T37,0,1.91,2,1,2,7,unexposed,stimulus_absolute_context,validation_unseen,10.0,0.9999940170409982,5.982959001755316e-06
DEAP:S05:T40,DEAP:S05,T40,1,7.0,2,1,2,7,unexposed,stimulus_absolute_context,validation_unseen,10.0,0.9999988636169418,1.1363830582589206e-06
DEAP:S06:T06,DEAP:S06,T06,1,8.05,2,1,2,7,unexposed,stimulus_absolute_context,validation_unseen,10.0,0.9988465474574887,0.0011534525425113326
DEAP:S06:T07,DEAP:S06,T07,1,8.26,2,1,2,7,unexposed,stimulus_absolute_context,validation_unseen,10.0,0.9830744573333152,0.016925542666684824
DEAP:S06:T09,DEAP:S06,T09,1,7.87,2,1,2,7,unexposed,stimulus_absolute_context,validation_unseen,10.0,0.9996177485854207,0.0003822514145792128
DEAP:S06:T17,DEAP:S06,T17,1,6.72,2,1,2,7,unexposed,stimulus_absolute_context,validation_unseen,10.0,0.9987621916590483,0.001237808340951643
DEAP:S06:T35,DEAP:S06,T35,0,3.96,2,1,2,7,unexposed,stimulus_absolute_context,validation_unseen,10.0,0.9976329005737684,0.002367099426231644
DEAP:S06:T36,DEAP:S06,T36,1,5.71,2,1,2,7,unexposed,stimulus_absolute_context,validation_unseen,10.0,0.9971034361706224,0.0028965638293776885
DEAP:S06:T37,DEAP:S06,T37,0,4.83,2,1,2,7,unexposed,stimulus_absolute_context,validation_unseen,10.0,0.9980048465965254,0.001995153403474585
DEAP:S06:T40,DEAP:S06,T40,0,4.85,2,1,2,7,unexposed,stimulus_absolute_context,validation_unseen,10.0,0.995526549201675,0.004473450798324951
DEAP:S19:T06,DEAP:S19,T06,1,7.73,2,1,2,7,unexposed,stimulus_absolute_context,validation_unseen,10.0,0.9999995664404024,4.3355959757909995e-07
DEAP:S19:T07,DEAP:S19,T07,1,6.64,2,1,2,7,unexposed,stimulus_absolute_context,validation_unseen,10.0,0.9999998018662923,1.9813370765146978e-07
DEAP:S19:T09,DEAP:S19,T09,1,7.09,2,1,2,7,unexposed,stimulus_absolute_context,validation_unseen,10.0,0.9999993019773796,6.980226203765428e-07
DEAP:S19:T17,DEAP:S19,T17,1,7.38,2,1,2,7,unexposed,stimulus_absolute_context,validation_unseen,10.0,0.9999886806008543,1.1319399145650566e-05
DEAP:S19:T35,DEAP:S19,T35,0,3.21,2,1,2,7,unexposed,stimulus_absolute_context,validation_unseen,10.0,0.99999977065349,2.2934650997757276e-07
DEAP:S19:T36,DEAP:S19,T36,0,3.71,2,1,2,7,unexposed,stimulus_absolute_context,validation_unseen,10.0,0.9999997361722361,2.6382776382417337e-07
DEAP:S19:T37,DEAP:S19,T37,0,3.15,2,1,2,7,unexposed,stimulus_absolute_context,validation_unseen,10.0,0.9999979415714827,2.0584285173302874e-06
DEAP:S19:T40,DEAP:S19,T40,0,4.24,2,1,2,7,unexposed,stimulus_absolute_context,validation_unseen,10.0,0.9999899599099177,1.0040090082277838e-05
DEAP:S27:T06,DEAP:S27,T06,1,7.0,2,1,2,7,unexposed,stimulus_absolute_context,validation_unseen,10.0,0.9999689382028815,3.106179711853207e-05
DEAP:S27:T07,DEAP:S27,T07,0,4.94,2,1,2,7,unexposed,stimulus_absolute_context,validation_unseen,10.0,0.9963758801282189,0.0036241198717810847
DEAP:S27:T09,DEAP:S27,T09,1,8.99,2,1,2,7,unexposed,stimulus_absolute_context,validation_unseen,10.0,0.9974444686657713,0.002555531334228676
DEAP:S27:T17,DEAP:S27,T17,1,9.0,2,1,2,7,unexposed,stimulus_absolute_context,validation_unseen,10.0,0.9993582240602388,0.0006417759397611766
DEAP:S27:T35,DEAP:S27,T35,0,1.0,2,1,2,7,unexposed,stimulus_absolute_context,validation_unseen,10.0,0.9984499400303783,0.0015500599696217064
DEAP:S27:T36,DEAP:S27,T36,1,6.13,2,1,2,7,unexposed,stimulus_absolute_context,validation_unseen,10.0,0.9994705800522459,0.0005294199477541329
DEAP:S27:T37,DEAP:S27,T37,0,2.99,2,1,2,7,unexposed,stimulus_absolute_context,validation_unseen,10.0,0.999646984016501,0.0003530159834990512
DEAP:S27:T40,DEAP:S27,T40,1,5.04,2,1,2,7,unexposed,stimulus_absolute_context,validation_unseen,10.0,0.9982020585187181,0.001797941481281831
DEAP:S05:T02,DEAP:S05,T02,1,9.0,2,1,2,7,unexposed,stimulus_absolute_context,validation_familiar,10.0,0.9999002534362452,9.97465637548075e-05
DEAP:S05:T04,DEAP:S05,T04,1,8.24,2,1,2,7,unexposed,stimulus_absolute_context,validation_familiar,10.0,0.9999286003396124,7.139966038761823e-05
DEAP:S05:T08,DEAP:S05,T08,1,8.17,2,1,2,7,unexposed,stimulus_absolute_context,validation_familiar,10.0,0.9999654881530503,3.451184694970385e-05
DEAP:S05:T11,DEAP:S05,T11,1,9.0,2,1,2,7,unexposed,stimulus_absolute_context,validation_familiar,10.0,0.9998797581026981,0.00012024189730191917
DEAP:S05:T18,DEAP:S05,T18,1,8.05,2,1,2,7,unexposed,stimulus_absolute_context,validation_familiar,10.0,0.9999756598454311,2.4340154568824348e-05
DEAP:S05:T19,DEAP:S05,T19,1,8.03,2,1,2,7,unexposed,stimulus_absolute_context,validation_familiar,10.0,0.9999718719978966,2.8128002103372783e-05
DEAP:S05:T22,DEAP:S05,T22,1,6.99,2,1,2,7,unexposed,stimulus_absolute_context,validation_familiar,10.0,0.999999762648944,2.3735105599194002e-07
DEAP:S05:T23,DEAP:S05,T23,0,1.0,2,1,2,7,unexposed,stimulus_absolute_context,validation_familiar,10.0,0.9999999636909335,3.630906657275318e-08
DEAP:S05:T25,DEAP:S05,T25,1,5.96,2,1,2,7,unexposed,stimulus_absolute_context,validation_familiar,10.0,0.9999996928156586,3.071843414606114e-07
DEAP:S05:T26,DEAP:S05,T26,1,7.96,2,1,2,7,unexposed,stimulus_absolute_context,validation_familiar,10.0,0.9999984369249789,1.5630750210535664e-06
DEAP:S05:T28,DEAP:S05,T28,0,3.9,2,1,2,7,unexposed,stimulus_absolute_context,validation_familiar,10.0,0.9999970606282348,2.9393717651786326e-06
DEAP:S05:T29,DEAP:S05,T29,0,4.04,2,1,2,7,unexposed,stimulus_absolute_context,validation_familiar,10.0,0.9999996691986839,3.308013161417737e-07
DEAP:S05:T30,DEAP:S05,T30,0,2.94,2,1,2,7,unexposed,stimulus_absolute_context,validation_familiar,10.0,0.9999999459633012,5.403669879291314e-08
DEAP:S05:T32,DEAP:S05,T32,0,1.94,2,1,2,7,unexposed,stimulus_absolute_context,validation_familiar,10.0,0.9999986143360186,1.3856639814784373e-06
DEAP:S05:T33,DEAP:S05,T33,1,5.17,2,1,2,7,unexposed,stimulus_absolute_context,validation_familiar,10.0,0.9999996154829944,3.845170056070131e-07
DEAP:S05:T39,DEAP:S05,T39,0,1.0,2,1,2,7,unexposed,stimulus_absolute_context,validation_familiar,10.0,0.9999998316405421,1.683594579397421e-07
DEAP:S06:T02,DEAP:S06,T02,1,6.83,2,1,2,7,unexposed,stimulus_absolute_context,validation_familiar,10.0,0.9636363908733533,0.03636360912664667
DEAP:S06:T04,DEAP:S06,T04,1,7.55,2,1,2,7,unexposed,stimulus_absolute_context,validation_familiar,10.0,0.941195644468903,0.058804355531096975
DEAP:S06:T08,DEAP:S06,T08,1,7.05,2,1,2,7,unexposed,stimulus_absolute_context,validation_familiar,10.0,0.8557994561031639,0.14420054389683618
DEAP:S06:T11,DEAP:S06,T11,0,4.99,2,1,2,7,unexposed,stimulus_absolute_context,validation_familiar,10.0,0.31098454570868284,0.6890154542913172
DEAP:S06:T18,DEAP:S06,T18,1,7.59,2,1,2,7,unexposed,stimulus_absolute_context,validation_familiar,10.0,0.9349572112268085,0.06504278877319143
DEAP:S06:T19,DEAP:S06,T19,1,7.41,2,1,2,7,unexposed,stimulus_absolute_context,validation_familiar,10.0,0.8268685587561575,0.17313144124384255
DEAP:S06:T22,DEAP:S06,T22,1,7.56,2,1,2,7,unexposed,stimulus_absolute_context,validation_familiar,10.0,0.9994351785734455,0.0005648214265544639
DEAP:S06:T23,DEAP:S06,T23,0,3.47,2,1,2,7,unexposed,stimulus_absolute_context,validation_familiar,10.0,0.9999689277180137,3.107228198629701e-05
DEAP:S06:T25,DEAP:S06,T25,1,7.09,2,1,2,7,unexposed,stimulus_absolute_context,validation_familiar,10.0,0.9991880293981924,0.0008119706018076172
DEAP:S06:T26,DEAP:S06,T26,1,5.08,2,1,2,7,unexposed,stimulus_absolute_context,validation_familiar,10.0,0.9756308820868765,0.02436911791312348
DEAP:S06:T28,DEAP:S06,T28,1,6.42,2,1,2,7,unexposed,stimulus_absolute_context,validation_familiar,10.0,0.9942841538953173,0.0057158461046826585
DEAP:S06:T29,DEAP:S06,T29,0,4.27,2,1,2,7,unexposed,stimulus_absolute_context,validation_familiar,10.0,0.9992854771237558,0.0007145228762442234
DEAP:S06:T30,DEAP:S06,T30,1,6.99,2,1,2,7,unexposed,stimulus_absolute_context,validation_familiar,10.0,0.9999730462324536,2.6953767546409285e-05
DEAP:S06:T32,DEAP:S06,T32,1,6.99,2,1,2,7,unexposed,stimulus_absolute_context,validation_familiar,10.0,0.9985626582775564,0.0014373417224435997
DEAP:S06:T33,DEAP:S06,T33,1,6.68,2,1,2,7,unexposed,stimulus_absolute_context,validation_familiar,10.0,0.9999713624077496,2.8637592250370267e-05
DEAP:S06:T39,DEAP:S06,T39,1,6.56,2,1,2,7,unexposed,stimulus_absolute_context,validation_familiar,10.0,0.9973642888821265,0.0026357111178735293
DEAP:S19:T02,DEAP:S19,T02,1,6.46,2,1,2,7,unexposed,stimulus_absolute_context,validation_familiar,10.0,0.9999045056492067,9.549435079326257e-05
DEAP:S19:T04,DEAP:S19,T04,1,5.77,2,1,2,7,unexposed,stimulus_absolute_context,validation_familiar,10.0,0.999961895272926,3.8104727073960784e-05
DEAP:S19:T08,DEAP:S19,T08,1,7.44,2,1,2,7,unexposed,stimulus_absolute_context,validation_familiar,10.0,0.9999585299875657,4.1470012434235364e-05
DEAP:S19:T11,DEAP:S19,T11,1,5.83,2,1,2,7,unexposed,stimulus_absolute_context,validation_familiar,10.0,0.9997691605589184,0.00023083944108154652
DEAP:S19:T18,DEAP:S19,T18,1,7.77,2,1,2,7,unexposed,stimulus_absolute_context,validation_familiar,10.0,0.9999853293842341,1.4670615765885931e-05
DEAP:S19:T19,DEAP:S19,T19,1,7.65,2,1,2,7,unexposed,stimulus_absolute_context,validation_familiar,10.0,0.9999743889981019,2.5611001898161508e-05
DEAP:S19:T22,DEAP:S19,T22,1,5.04,2,1,2,7,unexposed,stimulus_absolute_context,validation_familiar,10.0,0.9999998203965802,1.7960341983367474e-07
DEAP:S19:T23,DEAP:S19,T23,0,3.77,2,1,2,7,unexposed,stimulus_absolute_context,validation_familiar,10.0,0.9999999997077333,2.9226661822892215e-10
DEAP:S19:T25,DEAP:S19,T25,0,2.19,2,1,2,7,unexposed,stimulus_absolute_context,validation_familiar,10.0,0.9999999284545792,7.154542077962401e-08
DEAP:S19:T26,DEAP:S19,T26,0,4.95,2,1,2,7,unexposed,stimulus_absolute_context,validation_familiar,10.0,0.9999977142629699,2.285737030040964e-06
DEAP:S19:T28,DEAP:S19,T28,1,6.21,2,1,2,7,unexposed,stimulus_absolute_context,validation_familiar,10.0,0.9999998319032104,1.6809678956599607e-07
DEAP:S19:T29,DEAP:S19,T29,0,2.82,2,1,2,7,unexposed,stimulus_absolute_context,validation_familiar,10.0,0.9999997407786809,2.592213190211282e-07
DEAP:S19:T30,DEAP:S19,T30,0,2.85,2,1,2,7,unexposed,stimulus_absolute_context,validation_familiar,10.0,0.9999495620870912,5.043791290885507e-05
DEAP:S19:T32,DEAP:S19,T32,0,4.96,2,1,2,7,unexposed,stimulus_absolute_context,validation_familiar,10.0,0.9999998944407106,1.0555928943491099e-07
DEAP:S19:T33,DEAP:S19,T33,0,3.4,2,1,2,7,unexposed,stimulus_absolute_context,validation_familiar,10.0,0.9999999266183686,7.338163148246294e-08
DEAP:S19:T39,DEAP:S19,T39,1,5.04,2,1,2,7,unexposed,stimulus_absolute_context,validation_familiar,10.0,0.9999999161682431,8.383175690999407e-08
DEAP:S27:T02,DEAP:S27,T02,1,7.0,2,1,2,7,unexposed,stimulus_absolute_context,validation_familiar,10.0,0.9879724521310279,0.012027547868972048
DEAP:S27:T04,DEAP:S27,T04,1,7.05,2,1,2,7,unexposed,stimulus_absolute_context,validation_familiar,10.0,0.9822337394142263,0.017766260585773647
DEAP:S27:T08,DEAP:S27,T08,1,8.24,2,1,2,7,unexposed,stimulus_absolute_context,validation_familiar,10.0,0.968655813523088,0.03134418647691197
DEAP:S27:T11,DEAP:S27,T11,1,9.0,2,1,2,7,unexposed,stimulus_absolute_context,validation_familiar,10.0,0.9829927184632238,0.017007281536776168
DEAP:S27:T18,DEAP:S27,T18,1,9.0,2,1,2,7,unexposed,stimulus_absolute_context,validation_familiar,10.0,0.982673276942506,0.017326723057494005
DEAP:S27:T19,DEAP:S27,T19,1,5.06,2,1,2,7,unexposed,stimulus_absolute_context,validation_familiar,10.0,0.9694208222861175,0.03057917771388248
DEAP:S27:T22,DEAP:S27,T22,1,7.29,2,1,2,7,unexposed,stimulus_absolute_context,validation_familiar,10.0,0.9990144678965905,0.000985532103409484
DEAP:S27:T23,DEAP:S27,T23,1,8.0,2,1,2,7,unexposed,stimulus_absolute_context,validation_familiar,10.0,0.9999952635280828,4.736471917221003e-06
DEAP:S27:T25,DEAP:S27,T25,0,4.0,2,1,2,7,unexposed,stimulus_absolute_context,validation_familiar,10.0,0.9991517666279649,0.0008482333720350526
DEAP:S27:T26,DEAP:S27,T26,1,5.04,2,1,2,7,unexposed,stimulus_absolute_context,validation_familiar,10.0,0.9964515781723737,0.0035484218276263134
DEAP:S27:T28,DEAP:S27,T28,1,5.04,2,1,2,7,unexposed,stimulus_absolute_context,validation_familiar,10.0,0.9994497213137392,0.0005502786862607439
DEAP:S27:T29,DEAP:S27,T29,1,7.18,2,1,2,7,unexposed,stimulus_absolute_context,validation_familiar,10.0,0.9990000823323565,0.0009999176676435354
DEAP:S27:T30,DEAP:S27,T30,1,7.08,2,1,2,7,unexposed,stimulus_absolute_context,validation_familiar,10.0,0.9999881122863298,1.1887713670261446e-05
DEAP:S27:T32,DEAP:S27,T32,1,5.04,2,1,2,7,unexposed,stimulus_absolute_context,validation_familiar,10.0,0.9990565718424581,0.0009434281575418635
DEAP:S27:T33,DEAP:S27,T33,1,5.04,2,1,2,7,unexposed,stimulus_absolute_context,validation_familiar,10.0,0.9995973661843462,0.0004026338156537451
DEAP:S27:T39,DEAP:S27,T39,0,2.14,2,1,2,7,unexposed,stimulus_absolute_context,validation_familiar,10.0,0.9957719960293469,0.004228003970653117
