trial_id,subject_id,material_key,label,original_label,group,source_session,material_rotation,fold,arm,model,role,C,p0,p1
DEAP:S02:T05,DEAP:S02,T05,1,5.04,1,1,1,7,unexposed,baseline_relative,train,0.01,0.4884558942519571,0.5115441057480429
DEAP:S02:T08,DEAP:S02,T08,1,9.0,1,1,1,7,unexposed,baseline_relative,train,0.01,0.5207950437460787,0.47920495625392134
DEAP:S02:T12,DEAP:S02,T12,1,8.01,1,1,1,7,unexposed,baseline_relative,train,0.01,0.50684274900874,0.49315725099125995
DEAP:S02:T15,DEAP:S02,T15,1,9.0,1,1,1,7,unexposed,baseline_relative,train,0.01,0.4706013294584568,0.5293986705415432
DEAP:S02:T19,DEAP:S02,T19,1,9.0,1,1,1,7,unexposed,baseline_relative,train,0.01,0.5135974923487664,0.4864025076512336
DEAP:S02:T23,DEAP:S02,T23,0,1.0,1,1,1,7,unexposed,baseline_relative,train,0.01,0.5362793986149168,0.4637206013850832
DEAP:S02:T25,DEAP:S02,T25,1,9.0,1,1,1,7,unexposed,baseline_relative,train,0.01,0.4273678750851566,0.5726321249148434
DEAP:S02:T26,DEAP:S02,T26,1,9.0,1,1,1,7,unexposed,baseline_relative,train,0.01,0.5297295953246652,0.4702704046753348
DEAP:S02:T27,DEAP:S02,T27,0,4.96,1,1,1,7,unexposed,baseline_relative,train,0.01,0.559119578541123,0.44088042145887696
DEAP:S02:T28,DEAP:S02,T28,0,4.06,1,1,1,7,unexposed,baseline_relative,train,0.01,0.5260521586373541,0.47394784136264584
DEAP:S02:T29,DEAP:S02,T29,0,2.99,1,1,1,7,unexposed,baseline_relative,train,0.01,0.5021945467302473,0.4978054532697527
DEAP:S02:T30,DEAP:S02,T30,0,2.01,1,1,1,7,unexposed,baseline_relative,train,0.01,0.5178633221392839,0.48213667786071607
DEAP:S02:T32,DEAP:S02,T32,0,1.0,1,1,1,7,unexposed,baseline_relative,train,0.01,0.47663165792421747,0.5233683420757825
DEAP:S02:T35,DEAP:S02,T35,0,1.99,1,1,1,7,unexposed,baseline_relative,train,0.01,0.5219531518319407,0.4780468481680593
DEAP:S03:T01,DEAP:S03,T01,1,5.33,1,1,1,7,unexposed,baseline_relative,train,0.01,0.5238315914783571,0.4761684085216428
DEAP:S03:T05,DEAP:S03,T05,1,6.92,1,1,1,7,unexposed,baseline_relative,train,0.01,0.47482677933268147,0.5251732206673185
DEAP:S03:T08,DEAP:S03,T08,1,7.14,1,1,1,7,unexposed,baseline_relative,train,0.01,0.41888962170736577,0.5811103782926342
DEAP:S03:T12,DEAP:S03,T12,1,6.36,1,1,1,7,unexposed,baseline_relative,train,0.01,0.448513458066499,0.551486541933501
DEAP:S03:T15,DEAP:S03,T15,1,7.36,1,1,1,7,unexposed,baseline_relative,train,0.01,0.3677255094822397,0.6322744905177603
DEAP:S03:T19,DEAP:S03,T19,1,8.14,1,1,1,7,unexposed,baseline_relative,train,0.01,0.4152199641062311,0.5847800358937689
DEAP:S03:T23,DEAP:S03,T23,0,3.65,1,1,1,7,unexposed,baseline_relative,train,0.01,0.5710475644681386,0.42895243553186135
DEAP:S03:T25,DEAP:S03,T25,0,3.45,1,1,1,7,unexposed,baseline_relative,train,0.01,0.5225348468573061,0.47746515314269394
DEAP:S03:T27,DEAP:S03,T27,1,6.72,1,1,1,7,unexposed,baseline_relative,train,0.01,0.5005935490635747,0.49940645093642533
DEAP:S03:T28,DEAP:S03,T28,1,5.59,1,1,1,7,unexposed,baseline_relative,train,0.01,0.40639067571588616,0.5936093242841138
DEAP:S03:T29,DEAP:S03,T29,0,4.47,1,1,1,7,unexposed,baseline_relative,train,0.01,0.5133277192779329,0.4866722807220671
DEAP:S03:T30,DEAP:S03,T30,0,3.87,1,1,1,7,unexposed,baseline_relative,train,0.01,0.5377216095255013,0.4622783904744987
DEAP:S03:T32,DEAP:S03,T32,1,5.17,1,1,1,7,unexposed,baseline_relative,train,0.01,0.43084634232066443,0.5691536576793356
DEAP:S03:T35,DEAP:S03,T35,0,3.18,1,1,1,7,unexposed,baseline_relative,train,0.01,0.5320708615162177,0.4679291384837822
DEAP:S04:T05,DEAP:S04,T05,0,4.06,1,1,1,7,unexposed,baseline_relative,train,0.01,0.4477936031645785,0.5522063968354215
DEAP:S04:T08,DEAP:S04,T08,1,5.97,1,1,1,7,unexposed,baseline_relative,train,0.01,0.5188251946296708,0.4811748053703292
DEAP:S04:T15,DEAP:S04,T15,1,6.96,1,1,1,7,unexposed,baseline_relative,train,0.01,0.34476522934116816,0.6552347706588318
DEAP:S04:T19,DEAP:S04,T19,1,7.09,1,1,1,7,unexposed,baseline_relative,train,0.01,0.49157826225343104,0.508421737746569
DEAP:S04:T23,DEAP:S04,T23,0,1.86,1,1,1,7,unexposed,baseline_relative,train,0.01,0.47877051374850976,0.5212294862514902
DEAP:S04:T25,DEAP:S04,T25,1,7.0,1,1,1,7,unexposed,baseline_relative,train,0.01,0.34887664858355405,0.651123351416446
DEAP:S04:T26,DEAP:S04,T26,1,6.0,1,1,1,7,unexposed,baseline_relative,train,0.01,0.569199764058854,0.4308002359411461
DEAP:S04:T27,DEAP:S04,T27,1,6.14,1,1,1,7,unexposed,baseline_relative,train,0.01,0.45147001591210456,0.5485299840878954
DEAP:S04:T28,DEAP:S04,T28,0,2.17,1,1,1,7,unexposed,baseline_relative,train,0.01,0.6069491166385592,0.3930508833614408
DEAP:S04:T29,DEAP:S04,T29,0,1.85,1,1,1,7,unexposed,baseline_relative,train,0.01,0.5118207154761916,0.4881792845238085
DEAP:S04:T30,DEAP:S04,T30,0,3.1,1,1,1,7,unexposed,baseline_relative,train,0.01,0.4892383526740741,0.5107616473259259
DEAP:S04:T32,DEAP:S04,T32,0,1.01,1,1,1,7,unexposed,baseline_relative,train,0.01,0.6437063956650271,0.35629360433497287
DEAP:S04:T33,DEAP:S04,T33,0,1.0,1,1,1,7,unexposed,baseline_relative,train,0.01,0.540068811139262,0.4599311888607381
DEAP:S04:T35,DEAP:S04,T35,0,2.03,1,1,1,7,unexposed,baseline_relative,train,0.01,0.44630731910403054,0.5536926808959695
DEAP:S05:T01,DEAP:S05,T01,1,6.97,1,1,1,7,unexposed,baseline_relative,train,0.01,0.4098673905378961,0.5901326094621039
DEAP:S05:T05,DEAP:S05,T05,0,3.04,1,1,1,7,unexposed,baseline_relative,train,0.01,0.45590370912816935,0.5440962908718306
DEAP:S05:T08,DEAP:S05,T08,1,8.17,1,1,1,7,unexposed,baseline_relative,train,0.01,0.45632390856749916,0.5436760914325008
DEAP:S05:T12,DEAP:S05,T12,1,7.08,1,1,1,7,unexposed,baseline_relative,train,0.01,0.4919185472304899,0.5080814527695101
DEAP:S05:T15,DEAP:S05,T15,1,6.97,1,1,1,7,unexposed,baseline_relative,train,0.01,0.38014635720793255,0.6198536427920674
DEAP:S05:T19,DEAP:S05,T19,1,8.03,1,1,1,7,unexposed,baseline_relative,train,0.01,0.5051273061643115,0.49487269383568855
DEAP:S05:T23,DEAP:S05,T23,0,1.0,1,1,1,7,unexposed,baseline_relative,train,0.01,0.5034987161562123,0.4965012838437876
DEAP:S05:T25,DEAP:S05,T25,1,5.96,1,1,1,7,unexposed,baseline_relative,train,0.01,0.48473389452157345,0.5152661054784266
DEAP:S05:T26,DEAP:S05,T26,1,7.96,1,1,1,7,unexposed,baseline_relative,train,0.01,0.4628305886251043,0.5371694113748957
DEAP:S05:T27,DEAP:S05,T27,1,7.0,1,1,1,7,unexposed,baseline_relative,train,0.01,0.4658865176149293,0.5341134823850707
DEAP:S05:T28,DEAP:S05,T28,0,3.9,1,1,1,7,unexposed,baseline_relative,train,0.01,0.531882775605306,0.46811722439469405
DEAP:S05:T29,DEAP:S05,T29,0,4.04,1,1,1,7,unexposed,baseline_relative,train,0.01,0.4255930752820477,0.5744069247179523
DEAP:S05:T30,DEAP:S05,T30,0,2.94,1,1,1,7,unexposed,baseline_relative,train,0.01,0.5798930156553603,0.4201069843446397
DEAP:S05:T32,DEAP:S05,T32,0,1.94,1,1,1,7,unexposed,baseline_relative,train,0.01,0.6161798958995477,0.3838201041004523
DEAP:S05:T33,DEAP:S05,T33,1,5.17,1,1,1,7,unexposed,baseline_relative,train,0.01,0.5268680844450793,0.47313191555492073
DEAP:S05:T35,DEAP:S05,T35,0,4.86,1,1,1,7,unexposed,baseline_relative,train,0.01,0.5534089555871604,0.44659104441283964
DEAP:S06:T05,DEAP:S06,T05,1,7.01,1,1,1,7,unexposed,baseline_relative,train,0.01,0.41712245766523726,0.5828775423347627
DEAP:S06:T08,DEAP:S06,T08,1,7.05,1,1,1,7,unexposed,baseline_relative,train,0.01,0.4470807491313731,0.5529192508686269
DEAP:S06:T12,DEAP:S06,T12,1,7.17,1,1,1,7,unexposed,baseline_relative,train,0.01,0.39482898215839834,0.6051710178416017
DEAP:S06:T15,DEAP:S06,T15,1,5.59,1,1,1,7,unexposed,baseline_relative,train,0.01,0.44325711555140224,0.5567428844485978
DEAP:S06:T19,DEAP:S06,T19,1,7.41,1,1,1,7,unexposed,baseline_relative,train,0.01,0.5180765428485681,0.481923457151432
DEAP:S06:T23,DEAP:S06,T23,0,3.47,1,1,1,7,unexposed,baseline_relative,train,0.01,0.5118388450967934,0.4881611549032066
DEAP:S06:T25,DEAP:S06,T25,1,7.09,1,1,1,7,unexposed,baseline_relative,train,0.01,0.44249385852233825,0.5575061414776618
DEAP:S06:T27,DEAP:S06,T27,1,5.08,1,1,1,7,unexposed,baseline_relative,train,0.01,0.48577306840701673,0.5142269315929833
DEAP:S06:T28,DEAP:S06,T28,1,6.42,1,1,1,7,unexposed,baseline_relative,train,0.01,0.5212327687392877,0.47876723126071236
DEAP:S06:T29,DEAP:S06,T29,0,4.27,1,1,1,7,unexposed,baseline_relative,train,0.01,0.44753612322537617,0.5524638767746238
DEAP:S06:T30,DEAP:S06,T30,1,6.99,1,1,1,7,unexposed,baseline_relative,train,0.01,0.4611325053170673,0.5388674946829327
DEAP:S06:T32,DEAP:S06,T32,1,6.99,1,1,1,7,unexposed,baseline_relative,train,0.01,0.5527644808129653,0.4472355191870347
DEAP:S06:T33,DEAP:S06,T33,1,6.68,1,1,1,7,unexposed,baseline_relative,train,0.01,0.5140534678594082,0.48594653214059175
DEAP:S06:T35,DEAP:S06,T35,0,3.96,1,1,1,7,unexposed,baseline_relative,train,0.01,0.5075294718913833,0.4924705281086167
DEAP:S07:T01,DEAP:S07,T01,1,8.1,1,1,1,7,unexposed,baseline_relative,train,0.01,0.38973990881151666,0.6102600911884833
DEAP:S07:T05,DEAP:S07,T05,1,7.05,1,1,1,7,unexposed,baseline_relative,train,0.01,0.5103594322777834,0.48964056772221665
DEAP:S07:T08,DEAP:S07,T08,1,7.0,1,1,1,7,unexposed,baseline_relative,train,0.01,0.3759469673033703,0.6240530326966297
DEAP:S07:T12,DEAP:S07,T12,1,6.99,1,1,1,7,unexposed,baseline_relative,train,0.01,0.470595355502489,0.529404644497511
DEAP:S07:T15,DEAP:S07,T15,1,7.99,1,1,1,7,unexposed,baseline_relative,train,0.01,0.48802140743467326,0.5119785925653267
DEAP:S07:T19,DEAP:S07,T19,1,6.99,1,1,1,7,unexposed,baseline_relative,train,0.01,0.4404869992732917,0.5595130007267083
DEAP:S07:T25,DEAP:S07,T25,0,2.99,1,1,1,7,unexposed,baseline_relative,train,0.01,0.5596950654715176,0.44030493452848246
DEAP:S07:T27,DEAP:S07,T27,1,6.09,1,1,1,7,unexposed,baseline_relative,train,0.01,0.49583949082983636,0.5041605091701636
DEAP:S07:T28,DEAP:S07,T28,0,2.05,1,1,1,7,unexposed,baseline_relative,train,0.01,0.478078469745734,0.521921530254266
DEAP:S07:T29,DEAP:S07,T29,1,7.09,1,1,1,7,unexposed,baseline_relative,train,0.01,0.5310958371732306,0.4689041628267694
DEAP:S07:T30,DEAP:S07,T30,0,3.09,1,1,1,7,unexposed,baseline_relative,train,0.01,0.5931469942605112,0.4068530057394888
DEAP:S07:T32,DEAP:S07,T32,0,4.96,1,1,1,7,unexposed,baseline_relative,train,0.01,0.6345117792597714,0.3654882207402285
DEAP:S07:T33,DEAP:S07,T33,0,4.97,1,1,1,7,unexposed,baseline_relative,train,0.01,0.48408651011366954,0.5159134898863305
DEAP:S07:T35,DEAP:S07,T35,1,5.01,1,1,1,7,unexposed,baseline_relative,train,0.01,0.4896874898332456,0.5103125101667544
DEAP:S08:T01,DEAP:S08,T01,1,7.6,1,1,1,7,unexposed,baseline_relative,train,0.01,0.4600471177962523,0.5399528822037477
DEAP:S08:T08,DEAP:S08,T08,1,8.82,1,1,1,7,unexposed,baseline_relative,train,0.01,0.6113490855357158,0.38865091446428424
DEAP:S08:T12,DEAP:S08,T12,1,8.47,1,1,1,7,unexposed,baseline_relative,train,0.01,0.43661652486883085,0.5633834751311692
DEAP:S08:T15,DEAP:S08,T15,1,8.33,1,1,1,7,unexposed,baseline_relative,train,0.01,0.29650605771046346,0.7034939422895365
DEAP:S08:T19,DEAP:S08,T19,1,5.04,1,1,1,7,unexposed,baseline_relative,train,0.01,0.4544405376158339,0.5455594623841661
DEAP:S08:T25,DEAP:S08,T25,0,3.72,1,1,1,7,unexposed,baseline_relative,train,0.01,0.5879612294188916,0.41203877058110844
DEAP:S08:T26,DEAP:S08,T26,0,4.99,1,1,1,7,unexposed,baseline_relative,train,0.01,0.6344907450198762,0.36550925498012377
DEAP:S08:T27,DEAP:S08,T27,0,4.46,1,1,1,7,unexposed,baseline_relative,train,0.01,0.5915988945699759,0.4084011054300241
DEAP:S08:T28,DEAP:S08,T28,1,5.04,1,1,1,7,unexposed,baseline_relative,train,0.01,0.41660113410159305,0.583398865898407
DEAP:S08:T29,DEAP:S08,T29,0,2.78,1,1,1,7,unexposed,baseline_relative,train,0.01,0.4221759333169367,0.5778240666830633
DEAP:S08:T30,DEAP:S08,T30,0,1.4,1,1,1,7,unexposed,baseline_relative,train,0.01,0.40541592012531646,0.5945840798746835
DEAP:S08:T32,DEAP:S08,T32,1,6.33,1,1,1,7,unexposed,baseline_relative,train,0.01,0.635792366368658,0.36420763363134195
DEAP:S08:T33,DEAP:S08,T33,0,4.44,1,1,1,7,unexposed,baseline_relative,train,0.01,0.521178785142167,0.478821214857833
DEAP:S08:T35,DEAP:S08,T35,0,3.62,1,1,1,7,unexposed,baseline_relative,train,0.01,0.5250682812040134,0.4749317187959866
DEAP:S09:T01,DEAP:S09,T01,1,5.05,1,1,1,7,unexposed,baseline_relative,train,0.01,0.4853108777239117,0.5146891222760883
DEAP:S09:T05,DEAP:S09,T05,0,4.99,1,1,1,7,unexposed,baseline_relative,train,0.01,0.5143981515782924,0.4856018484217076
DEAP:S09:T08,DEAP:S09,T08,1,6.15,1,1,1,7,unexposed,baseline_relative,train,0.01,0.6654780967853197,0.33452190321468034
DEAP:S09:T12,DEAP:S09,T12,1,7.08,1,1,1,7,unexposed,baseline_relative,train,0.01,0.4340275789187993,0.5659724210812007
DEAP:S09:T15,DEAP:S09,T15,1,6.21,1,1,1,7,unexposed,baseline_relative,train,0.01,0.4825500196230039,0.5174499803769961
DEAP:S09:T19,DEAP:S09,T19,0,3.97,1,1,1,7,unexposed,baseline_relative,train,0.01,0.7358849533420886,0.26411504665791147
DEAP:S09:T25,DEAP:S09,T25,1,5.04,1,1,1,7,unexposed,baseline_relative,train,0.01,0.5715262933121755,0.4284737066878245
DEAP:S09:T26,DEAP:S09,T26,0,4.1,1,1,1,7,unexposed,baseline_relative,train,0.01,0.5492624980768008,0.4507375019231991
DEAP:S09:T27,DEAP:S09,T27,1,5.04,1,1,1,7,unexposed,baseline_relative,train,0.01,0.47874093259854966,0.5212590674014503
DEAP:S09:T28,DEAP:S09,T28,0,2.96,1,1,1,7,unexposed,baseline_relative,train,0.01,0.5316820292140177,0.46831797078598225
DEAP:S09:T30,DEAP:S09,T30,0,4.04,1,1,1,7,unexposed,baseline_relative,train,0.01,0.5062611844195196,0.4937388155804804
DEAP:S09:T32,DEAP:S09,T32,0,3.1,1,1,1,7,unexposed,baseline_relative,train,0.01,0.5853681987649704,0.4146318012350297
DEAP:S09:T33,DEAP:S09,T33,0,3.08,1,1,1,7,unexposed,baseline_relative,train,0.01,0.5794295582843378,0.4205704417156622
DEAP:S09:T35,DEAP:S09,T35,0,3.01,1,1,1,7,unexposed,baseline_relative,train,0.01,0.5135117148393402,0.4864882851606598
DEAP:S10:T01,DEAP:S10,T01,1,7.91,1,1,1,7,unexposed,baseline_relative,train,0.01,0.48138391266412706,0.5186160873358729
DEAP:S10:T05,DEAP:S10,T05,1,7.24,1,1,1,7,unexposed,baseline_relative,train,0.01,0.528777866896921,0.4712221331030791
DEAP:S10:T08,DEAP:S10,T08,1,5.68,1,1,1,7,unexposed,baseline_relative,train,0.01,0.5011157911368502,0.4988842088631497
DEAP:S10:T12,DEAP:S10,T12,1,5.37,1,1,1,7,unexposed,baseline_relative,train,0.01,0.5205095300003145,0.4794904699996855
DEAP:S10:T15,DEAP:S10,T15,1,5.31,1,1,1,7,unexposed,baseline_relative,train,0.01,0.6135604229006941,0.3864395770993059
DEAP:S10:T19,DEAP:S10,T19,1,7.82,1,1,1,7,unexposed,baseline_relative,train,0.01,0.4882901203943917,0.5117098796056083
DEAP:S10:T23,DEAP:S10,T23,0,2.87,1,1,1,7,unexposed,baseline_relative,train,0.01,0.5968731960082754,0.4031268039917246
DEAP:S10:T25,DEAP:S10,T25,0,1.92,1,1,1,7,unexposed,baseline_relative,train,0.01,0.6363847145624248,0.36361528543757515
DEAP:S10:T26,DEAP:S10,T26,0,4.95,1,1,1,7,unexposed,baseline_relative,train,0.01,0.59904931051034,0.40095068948966
DEAP:S10:T27,DEAP:S10,T27,0,4.94,1,1,1,7,unexposed,baseline_relative,train,0.01,0.6051131260621669,0.3948868739378331
DEAP:S10:T29,DEAP:S10,T29,0,3.94,1,1,1,7,unexposed,baseline_relative,train,0.01,0.4947803648735881,0.5052196351264119
DEAP:S10:T30,DEAP:S10,T30,0,2.64,1,1,1,7,unexposed,baseline_relative,train,0.01,0.5581733511934958,0.44182664880650424
DEAP:S10:T32,DEAP:S10,T32,1,5.96,1,1,1,7,unexposed,baseline_relative,train,0.01,0.4852452873865928,0.5147547126134072
DEAP:S10:T33,DEAP:S10,T33,0,4.94,1,1,1,7,unexposed,baseline_relative,train,0.01,0.614660152808423,0.385339847191577
DEAP:S10:T35,DEAP:S10,T35,0,1.38,1,1,1,7,unexposed,baseline_relative,train,0.01,0.5570461227149022,0.4429538772850978
DEAP:S11:T01,DEAP:S11,T01,1,6.27,1,1,1,7,unexposed,baseline_relative,train,0.01,0.5079016046020864,0.49209839539791356
DEAP:S11:T05,DEAP:S11,T05,1,7.41,1,1,1,7,unexposed,baseline_relative,train,0.01,0.29857246654556924,0.7014275334544308
DEAP:S11:T15,DEAP:S11,T15,1,6.92,1,1,1,7,unexposed,baseline_relative,train,0.01,0.47120671069309283,0.5287932893069072
DEAP:S11:T19,DEAP:S11,T19,1,5.54,1,1,1,7,unexposed,baseline_relative,train,0.01,0.44846552179794796,0.551534478202052
DEAP:S11:T23,DEAP:S11,T23,0,3.72,1,1,1,7,unexposed,baseline_relative,train,0.01,0.4363222043527638,0.5636777956472362
DEAP:S11:T25,DEAP:S11,T25,1,5.01,1,1,1,7,unexposed,baseline_relative,train,0.01,0.5033000134516525,0.4966999865483475
DEAP:S11:T27,DEAP:S11,T27,0,2.28,1,1,1,7,unexposed,baseline_relative,train,0.01,0.5555653206440211,0.4444346793559789
DEAP:S11:T28,DEAP:S11,T28,0,4.26,1,1,1,7,unexposed,baseline_relative,train,0.01,0.4133714461848337,0.5866285538151663
DEAP:S11:T29,DEAP:S11,T29,0,2.32,1,1,1,7,unexposed,baseline_relative,train,0.01,0.5140599727665977,0.48594002723340235
DEAP:S11:T30,DEAP:S11,T30,0,4.58,1,1,1,7,unexposed,baseline_relative,train,0.01,0.4550369930573286,0.5449630069426714
DEAP:S11:T32,DEAP:S11,T32,1,5.01,1,1,1,7,unexposed,baseline_relative,train,0.01,0.43194773057819,0.56805226942181
DEAP:S11:T33,DEAP:S11,T33,1,5.64,1,1,1,7,unexposed,baseline_relative,train,0.01,0.47853531948808326,0.5214646805119167
DEAP:S11:T35,DEAP:S11,T35,0,1.23,1,1,1,7,unexposed,baseline_relative,train,0.01,0.4244890437280783,0.5755109562719217
DEAP:S12:T01,DEAP:S12,T01,1,7.09,1,1,1,7,unexposed,baseline_relative,train,0.01,0.43234019701111825,0.5676598029888817
DEAP:S12:T05,DEAP:S12,T05,0,4.01,1,1,1,7,unexposed,baseline_relative,train,0.01,0.5216813523346746,0.4783186476653254
DEAP:S12:T08,DEAP:S12,T08,1,5.1,1,1,1,7,unexposed,baseline_relative,train,0.01,0.4348138853499752,0.5651861146500248
DEAP:S12:T12,DEAP:S12,T12,1,6.86,1,1,1,7,unexposed,baseline_relative,train,0.01,0.5389650749332904,0.4610349250667097
DEAP:S12:T15,DEAP:S12,T15,1,7.08,1,1,1,7,unexposed,baseline_relative,train,0.01,0.5108110457038824,0.4891889542961177
DEAP:S12:T19,DEAP:S12,T19,1,7.03,1,1,1,7,unexposed,baseline_relative,train,0.01,0.3986025716979321,0.6013974283020679
DEAP:S12:T23,DEAP:S12,T23,0,1.74,1,1,1,7,unexposed,baseline_relative,train,0.01,0.5133626723045255,0.48663732769547446
DEAP:S12:T26,DEAP:S12,T26,1,6.08,1,1,1,7,unexposed,baseline_relative,train,0.01,0.41610900433813636,0.5838909956618636
DEAP:S12:T27,DEAP:S12,T27,1,5.05,1,1,1,7,unexposed,baseline_relative,train,0.01,0.37229490201756343,0.6277050979824366
DEAP:S12:T28,DEAP:S12,T28,1,5.04,1,1,1,7,unexposed,baseline_relative,train,0.01,0.4505237684412313,0.5494762315587687
DEAP:S12:T29,DEAP:S12,T29,0,1.67,1,1,1,7,unexposed,baseline_relative,train,0.01,0.5171168753818516,0.4828831246181484
DEAP:S12:T30,DEAP:S12,T30,0,3.36,1,1,1,7,unexposed,baseline_relative,train,0.01,0.5651581201020272,0.43484187989797285
DEAP:S12:T32,DEAP:S12,T32,0,1.86,1,1,1,7,unexposed,baseline_relative,train,0.01,0.5238576395803723,0.47614236041962765
DEAP:S12:T33,DEAP:S12,T33,0,1.9,1,1,1,7,unexposed,baseline_relative,train,0.01,0.46782269167278756,0.5321773083272124
DEAP:S12:T35,DEAP:S12,T35,0,1.22,1,1,1,7,unexposed,baseline_relative,train,0.01,0.48810467551508807,0.5118953244849119
DEAP:S14:T01,DEAP:S14,T01,1,8.22,1,1,1,7,unexposed,baseline_relative,train,0.01,0.46357065877127923,0.5364293412287208
DEAP:S14:T05,DEAP:S14,T05,0,3.99,1,1,1,7,unexposed,baseline_relative,train,0.01,0.5254412754888707,0.47455872451112935
DEAP:S14:T08,DEAP:S14,T08,1,7.0,1,1,1,7,unexposed,baseline_relative,train,0.01,0.4854969390650046,0.5145030609349954
DEAP:S14:T12,DEAP:S14,T12,1,7.63,1,1,1,7,unexposed,baseline_relative,train,0.01,0.49140481870363706,0.5085951812963629
DEAP:S14:T15,DEAP:S14,T15,1,7.08,1,1,1,7,unexposed,baseline_relative,train,0.01,0.5494344493224361,0.4505655506775639
DEAP:S14:T19,DEAP:S14,T19,1,7.55,1,1,1,7,unexposed,baseline_relative,train,0.01,0.5392893003714804,0.4607106996285196
DEAP:S14:T23,DEAP:S14,T23,0,2.41,1,1,1,7,unexposed,baseline_relative,train,0.01,0.5083610568163981,0.4916389431836019
DEAP:S14:T25,DEAP:S14,T25,0,3.87,1,1,1,7,unexposed,baseline_relative,train,0.01,0.4855421383620754,0.5144578616379246
DEAP:S14:T26,DEAP:S14,T26,0,3.28,1,1,1,7,unexposed,baseline_relative,train,0.01,0.49747910649646265,0.5025208935035373
DEAP:S14:T27,DEAP:S14,T27,1,5.81,1,1,1,7,unexposed,baseline_relative,train,0.01,0.5095709406773372,0.49042905932266273
DEAP:S14:T28,DEAP:S14,T28,0,2.53,1,1,1,7,unexposed,baseline_relative,train,0.01,0.47345904763359314,0.5265409523664069
DEAP:S14:T29,DEAP:S14,T29,0,2.92,1,1,1,7,unexposed,baseline_relative,train,0.01,0.47351910919082363,0.5264808908091764
DEAP:S14:T30,DEAP:S14,T30,0,1.1,1,1,1,7,unexposed,baseline_relative,train,0.01,0.4609460006180497,0.5390539993819503
DEAP:S14:T32,DEAP:S14,T32,0,1.99,1,1,1,7,unexposed,baseline_relative,train,0.01,0.47857771929576454,0.5214222807042355
DEAP:S16:T05,DEAP:S16,T05,1,5.51,1,1,1,7,unexposed,baseline_relative,train,0.01,0.4621227522168344,0.5378772477831656
DEAP:S16:T08,DEAP:S16,T08,0,3.51,1,1,1,7,unexposed,baseline_relative,train,0.01,0.5422624016820331,0.4577375983179669
DEAP:S16:T12,DEAP:S16,T12,1,5.97,1,1,1,7,unexposed,baseline_relative,train,0.01,0.5423888646438888,0.45761113535611114
DEAP:S16:T15,DEAP:S16,T15,0,2.67,1,1,1,7,unexposed,baseline_relative,train,0.01,0.5352378638800961,0.4647621361199039
DEAP:S16:T19,DEAP:S16,T19,0,2.86,1,1,1,7,unexposed,baseline_relative,train,0.01,0.5132971399271473,0.4867028600728526
DEAP:S16:T23,DEAP:S16,T23,0,3.9,1,1,1,7,unexposed,baseline_relative,train,0.01,0.44315354568295473,0.5568464543170453
DEAP:S16:T25,DEAP:S16,T25,0,2.47,1,1,1,7,unexposed,baseline_relative,train,0.01,0.6287926457930467,0.3712073542069533
DEAP:S16:T26,DEAP:S16,T26,0,1.82,1,1,1,7,unexposed,baseline_relative,train,0.01,0.678789685645937,0.32121031435406294
DEAP:S16:T27,DEAP:S16,T27,0,2.59,1,1,1,7,unexposed,baseline_relative,train,0.01,0.6866214788873153,0.3133785211126847
DEAP:S16:T28,DEAP:S16,T28,0,2.85,1,1,1,7,unexposed,baseline_relative,train,0.01,0.6681486883318403,0.33185131166815973
DEAP:S16:T30,DEAP:S16,T30,1,6.1,1,1,1,7,unexposed,baseline_relative,train,0.01,0.5549402911211843,0.4450597088788158
DEAP:S16:T32,DEAP:S16,T32,1,5.01,1,1,1,7,unexposed,baseline_relative,train,0.01,0.3298174491363096,0.6701825508636904
DEAP:S16:T33,DEAP:S16,T33,0,1.0,1,1,1,7,unexposed,baseline_relative,train,0.01,0.7497878373024662,0.2502121626975338
DEAP:S16:T35,DEAP:S16,T35,0,1.0,1,1,1,7,unexposed,baseline_relative,train,0.01,0.5442744463763145,0.4557255536236855
DEAP:S17:T05,DEAP:S17,T05,1,7.05,1,1,1,7,unexposed,baseline_relative,train,0.01,0.5052349563278062,0.49476504367219376
DEAP:S17:T08,DEAP:S17,T08,1,6.05,1,1,1,7,unexposed,baseline_relative,train,0.01,0.5041998836573236,0.4958001163426764
DEAP:S17:T12,DEAP:S17,T12,1,5.96,1,1,1,7,unexposed,baseline_relative,train,0.01,0.5081212656804788,0.4918787343195212
DEAP:S17:T15,DEAP:S17,T15,1,5.96,1,1,1,7,unexposed,baseline_relative,train,0.01,0.4713504638820699,0.5286495361179301
DEAP:S17:T19,DEAP:S17,T19,1,7.27,1,1,1,7,unexposed,baseline_relative,train,0.01,0.4301559675491172,0.5698440324508828
DEAP:S17:T23,DEAP:S17,T23,0,3.62,1,1,1,7,unexposed,baseline_relative,train,0.01,0.4422977340370514,0.5577022659629486
DEAP:S17:T25,DEAP:S17,T25,1,6.18,1,1,1,7,unexposed,baseline_relative,train,0.01,0.5170971719904569,0.48290282800954304
DEAP:S17:T26,DEAP:S17,T26,0,3.73,1,1,1,7,unexposed,baseline_relative,train,0.01,0.44758917735617665,0.5524108226438234
DEAP:S17:T27,DEAP:S17,T27,0,3.96,1,1,1,7,unexposed,baseline_relative,train,0.01,0.558351142518595,0.44164885748140503
DEAP:S17:T28,DEAP:S17,T28,1,5.64,1,1,1,7,unexposed,baseline_relative,train,0.01,0.4622254089923271,0.5377745910076729
DEAP:S17:T29,DEAP:S17,T29,1,5.54,1,1,1,7,unexposed,baseline_relative,train,0.01,0.38204662035488324,0.6179533796451168
DEAP:S17:T32,DEAP:S17,T32,0,4.04,1,1,1,7,unexposed,baseline_relative,train,0.01,0.4708290718291849,0.5291709281708151
DEAP:S17:T35,DEAP:S17,T35,0,4.17,1,1,1,7,unexposed,baseline_relative,train,0.01,0.43936566721505266,0.5606343327849473
DEAP:S18:T01,DEAP:S18,T01,1,6.33,1,1,1,7,unexposed,baseline_relative,train,0.01,0.3728504101422473,0.6271495898577527
DEAP:S18:T05,DEAP:S18,T05,1,6.13,1,1,1,7,unexposed,baseline_relative,train,0.01,0.39111162183281045,0.6088883781671895
DEAP:S18:T12,DEAP:S18,T12,1,5.55,1,1,1,7,unexposed,baseline_relative,train,0.01,0.5514514895439824,0.4485485104560176
DEAP:S18:T15,DEAP:S18,T15,1,6.04,1,1,1,7,unexposed,baseline_relative,train,0.01,0.5608254076137593,0.4391745923862406
DEAP:S18:T19,DEAP:S18,T19,1,7.04,1,1,1,7,unexposed,baseline_relative,train,0.01,0.4697326892479524,0.5302673107520476
DEAP:S18:T23,DEAP:S18,T23,0,3.71,1,1,1,7,unexposed,baseline_relative,train,0.01,0.5936439937988641,0.4063560062011359
DEAP:S18:T25,DEAP:S18,T25,0,4.23,1,1,1,7,unexposed,baseline_relative,train,0.01,0.5738529308723693,0.4261470691276307
DEAP:S18:T26,DEAP:S18,T26,1,5.44,1,1,1,7,unexposed,baseline_relative,train,0.01,0.5175144784724595,0.4824855215275406
DEAP:S18:T28,DEAP:S18,T28,1,5.95,1,1,1,7,unexposed,baseline_relative,train,0.01,0.5328136955400253,0.4671863044599746
DEAP:S18:T29,DEAP:S18,T29,0,4.9,1,1,1,7,unexposed,baseline_relative,train,0.01,0.6571838026229165,0.34281619737708346
DEAP:S18:T30,DEAP:S18,T30,0,2.96,1,1,1,7,unexposed,baseline_relative,train,0.01,0.7255826832921936,0.27441731670780645
DEAP:S18:T32,DEAP:S18,T32,0,4.62,1,1,1,7,unexposed,baseline_relative,train,0.01,0.5726958725486171,0.42730412745138285
DEAP:S18:T33,DEAP:S18,T33,0,4.56,1,1,1,7,unexposed,baseline_relative,train,0.01,0.6988259445601137,0.3011740554398863
DEAP:S18:T35,DEAP:S18,T35,1,5.12,1,1,1,7,unexposed,baseline_relative,train,0.01,0.4888019104623599,0.5111980895376401
DEAP:S19:T01,DEAP:S19,T01,1,7.44,1,1,1,7,unexposed,baseline_relative,train,0.01,0.4699082831783271,0.5300917168216729
DEAP:S19:T05,DEAP:S19,T05,1,7.79,1,1,1,7,unexposed,baseline_relative,train,0.01,0.46390608108593945,0.5360939189140606
DEAP:S19:T08,DEAP:S19,T08,1,7.44,1,1,1,7,unexposed,baseline_relative,train,0.01,0.49241493282828697,0.507585067171713
DEAP:S19:T12,DEAP:S19,T12,1,6.26,1,1,1,7,unexposed,baseline_relative,train,0.01,0.41013474242249504,0.589865257577505
DEAP:S19:T15,DEAP:S19,T15,1,5.68,1,1,1,7,unexposed,baseline_relative,train,0.01,0.5762964361612566,0.4237035638387434
DEAP:S19:T19,DEAP:S19,T19,1,7.65,1,1,1,7,unexposed,baseline_relative,train,0.01,0.4584815453025741,0.5415184546974259
DEAP:S19:T23,DEAP:S19,T23,0,3.77,1,1,1,7,unexposed,baseline_relative,train,0.01,0.5202716389793385,0.47972836102066146
DEAP:S19:T26,DEAP:S19,T26,0,4.95,1,1,1,7,unexposed,baseline_relative,train,0.01,0.4959437395170755,0.5040562604829245
DEAP:S19:T27,DEAP:S19,T27,0,4.97,1,1,1,7,unexposed,baseline_relative,train,0.01,0.5013441455800292,0.4986558544199709
DEAP:S19:T28,DEAP:S19,T28,1,6.21,1,1,1,7,unexposed,baseline_relative,train,0.01,0.5213968065037726,0.4786031934962273
DEAP:S19:T30,DEAP:S19,T30,0,2.85,1,1,1,7,unexposed,baseline_relative,train,0.01,0.49525961656073836,0.5047403834392616
DEAP:S19:T32,DEAP:S19,T32,0,4.96,1,1,1,7,unexposed,baseline_relative,train,0.01,0.6053595852500214,0.3946404147499786
DEAP:S19:T33,DEAP:S19,T33,0,3.4,1,1,1,7,unexposed,baseline_relative,train,0.01,0.5390198970734993,0.4609801029265007
DEAP:S19:T35,DEAP:S19,T35,0,3.21,1,1,1,7,unexposed,baseline_relative,train,0.01,0.4631560664951442,0.5368439335048558
DEAP:S21:T01,DEAP:S21,T01,1,6.42,1,1,1,7,unexposed,baseline_relative,train,0.01,0.4678446691521301,0.5321553308478699
DEAP:S21:T05,DEAP:S21,T05,1,8.09,1,1,1,7,unexposed,baseline_relative,train,0.01,0.48289590273319993,0.5171040972668001
DEAP:S21:T08,DEAP:S21,T08,1,8.81,1,1,1,7,unexposed,baseline_relative,train,0.01,0.4006971092784316,0.5993028907215684
DEAP:S21:T12,DEAP:S21,T12,0,4.63,1,1,1,7,unexposed,baseline_relative,train,0.01,0.5173296149265423,0.48267038507345766
DEAP:S21:T15,DEAP:S21,T15,1,6.92,1,1,1,7,unexposed,baseline_relative,train,0.01,0.44111336311615945,0.5588866368838405
DEAP:S21:T19,DEAP:S21,T19,1,7.26,1,1,1,7,unexposed,baseline_relative,train,0.01,0.43539310252059793,0.5646068974794021
DEAP:S21:T23,DEAP:S21,T23,0,4.69,1,1,1,7,unexposed,baseline_relative,train,0.01,0.4994862517277322,0.5005137482722678
DEAP:S21:T25,DEAP:S21,T25,0,3.97,1,1,1,7,unexposed,baseline_relative,train,0.01,0.4838979085288939,0.5161020914711061
DEAP:S21:T26,DEAP:S21,T26,0,4.06,1,1,1,7,unexposed,baseline_relative,train,0.01,0.524678559692512,0.475321440307488
DEAP:S21:T28,DEAP:S21,T28,0,3.04,1,1,1,7,unexposed,baseline_relative,train,0.01,0.4800087819271188,0.5199912180728812
DEAP:S21:T30,DEAP:S21,T30,0,3.45,1,1,1,7,unexposed,baseline_relative,train,0.01,0.4992301151124032,0.5007698848875968
DEAP:S21:T32,DEAP:S21,T32,1,6.27,1,1,1,7,unexposed,baseline_relative,train,0.01,0.5131535535129944,0.4868464464870056
DEAP:S21:T33,DEAP:S21,T33,1,7.03,1,1,1,7,unexposed,baseline_relative,train,0.01,0.408353062672984,0.591646937327016
DEAP:S21:T35,DEAP:S21,T35,0,4.92,1,1,1,7,unexposed,baseline_relative,train,0.01,0.4826830654613231,0.5173169345386769
DEAP:S22:T01,DEAP:S22,T01,1,5.05,1,1,1,7,unexposed,baseline_relative,train,0.01,0.5369273032958255,0.46307269670417445
DEAP:S22:T05,DEAP:S22,T05,1,7.1,1,1,1,7,unexposed,baseline_relative,train,0.01,0.6413278164221177,0.3586721835778824
DEAP:S22:T08,DEAP:S22,T08,1,7.09,1,1,1,7,unexposed,baseline_relative,train,0.01,0.5246382377626542,0.47536176223734583
DEAP:S22:T12,DEAP:S22,T12,0,4.99,1,1,1,7,unexposed,baseline_relative,train,0.01,0.5652734836550173,0.4347265163449827
DEAP:S22:T19,DEAP:S22,T19,1,9.0,1,1,1,7,unexposed,baseline_relative,train,0.01,0.607500654351303,0.39249934564869704
DEAP:S22:T23,DEAP:S22,T23,0,2.99,1,1,1,7,unexposed,baseline_relative,train,0.01,0.6547283750730626,0.3452716249269374
DEAP:S22:T25,DEAP:S22,T25,0,2.95,1,1,1,7,unexposed,baseline_relative,train,0.01,0.6208803972727048,0.37911960272729517
DEAP:S22:T27,DEAP:S22,T27,1,7.06,1,1,1,7,unexposed,baseline_relative,train,0.01,0.6276573064311552,0.3723426935688448
DEAP:S22:T28,DEAP:S22,T28,0,4.03,1,1,1,7,unexposed,baseline_relative,train,0.01,0.6027900129988784,0.3972099870011216
DEAP:S22:T29,DEAP:S22,T29,0,2.0,1,1,1,7,unexposed,baseline_relative,train,0.01,0.7725498728193144,0.2274501271806856
DEAP:S22:T30,DEAP:S22,T30,0,1.0,1,1,1,7,unexposed,baseline_relative,train,0.01,0.5231720751334004,0.47682792486659964
DEAP:S22:T32,DEAP:S22,T32,0,1.99,1,1,1,7,unexposed,baseline_relative,train,0.01,0.6341038194750448,0.3658961805249552
DEAP:S22:T33,DEAP:S22,T33,0,1.96,1,1,1,7,unexposed,baseline_relative,train,0.01,0.6440764613272889,0.3559235386727111
DEAP:S25:T01,DEAP:S25,T01,1,8.06,1,1,1,7,unexposed,baseline_relative,train,0.01,0.5052669279067933,0.4947330720932067
DEAP:S25:T05,DEAP:S25,T05,1,5.04,1,1,1,7,unexposed,baseline_relative,train,0.01,0.5159190073100675,0.4840809926899325
DEAP:S25:T08,DEAP:S25,T08,1,8.04,1,1,1,7,unexposed,baseline_relative,train,0.01,0.3291715920386017,0.6708284079613983
DEAP:S25:T12,DEAP:S25,T12,1,8.04,1,1,1,7,unexposed,baseline_relative,train,0.01,0.5505937200633768,0.44940627993662324
DEAP:S25:T15,DEAP:S25,T15,1,7.01,1,1,1,7,unexposed,baseline_relative,train,0.01,0.40417550067698294,0.5958244993230171
DEAP:S25:T19,DEAP:S25,T19,1,7.06,1,1,1,7,unexposed,baseline_relative,train,0.01,0.4329536144875499,0.5670463855124501
DEAP:S25:T23,DEAP:S25,T23,0,2.01,1,1,1,7,unexposed,baseline_relative,train,0.01,0.5196477362980898,0.48035226370191014
DEAP:S25:T25,DEAP:S25,T25,0,4.96,1,1,1,7,unexposed,baseline_relative,train,0.01,0.4697720718327928,0.5302279281672072
DEAP:S25:T26,DEAP:S25,T26,0,4.99,1,1,1,7,unexposed,baseline_relative,train,0.01,0.45089029862943053,0.5491097013705695
DEAP:S25:T27,DEAP:S25,T27,1,5.03,1,1,1,7,unexposed,baseline_relative,train,0.01,0.5840836933261602,0.41591630667383983
DEAP:S25:T28,DEAP:S25,T28,1,5.01,1,1,1,7,unexposed,baseline_relative,train,0.01,0.5040675195743203,0.49593248042567967
DEAP:S25:T29,DEAP:S25,T29,0,1.0,1,1,1,7,unexposed,baseline_relative,train,0.01,0.43864774535711715,0.5613522546428829
DEAP:S25:T30,DEAP:S25,T30,0,4.03,1,1,1,7,unexposed,baseline_relative,train,0.01,0.48441521210049965,0.5155847878995004
DEAP:S25:T32,DEAP:S25,T32,0,1.0,1,1,1,7,unexposed,baseline_relative,train,0.01,0.45878029030691025,0.5412197096930897
DEAP:S25:T35,DEAP:S25,T35,0,3.03,1,1,1,7,unexposed,baseline_relative,train,0.01,0.5375723129975574,0.46242768700244263
DEAP:S26:T01,DEAP:S26,T01,1,7.97,1,1,1,7,unexposed,baseline_relative,train,0.01,0.3438476002826675,0.6561523997173325
DEAP:S26:T05,DEAP:S26,T05,0,4.0,1,1,1,7,unexposed,baseline_relative,train,0.01,0.4877444586156423,0.5122555413843577
DEAP:S26:T08,DEAP:S26,T08,1,8.01,1,1,1,7,unexposed,baseline_relative,train,0.01,0.57370314212179,0.42629685787821
DEAP:S26:T15,DEAP:S26,T15,1,7.01,1,1,1,7,unexposed,baseline_relative,train,0.01,0.4770679290006743,0.5229320709993257
DEAP:S26:T19,DEAP:S26,T19,1,8.0,1,1,1,7,unexposed,baseline_relative,train,0.01,0.6374420121771298,0.36255798782287013
DEAP:S26:T23,DEAP:S26,T23,0,2.28,1,1,1,7,unexposed,baseline_relative,train,0.01,0.5132487998649848,0.4867512001350152
DEAP:S26:T25,DEAP:S26,T25,1,7.14,1,1,1,7,unexposed,baseline_relative,train,0.01,0.3288557766735095,0.6711442233264905
DEAP:S26:T26,DEAP:S26,T26,1,5.05,1,1,1,7,unexposed,baseline_relative,train,0.01,0.48321278836029613,0.5167872116397039
DEAP:S26:T27,DEAP:S26,T27,1,6.0,1,1,1,7,unexposed,baseline_relative,train,0.01,0.5111671054977119,0.48883289450228806
DEAP:S26:T28,DEAP:S26,T28,1,5.97,1,1,1,7,unexposed,baseline_relative,train,0.01,0.5619228236633067,0.4380771763366933
DEAP:S26:T29,DEAP:S26,T29,1,6.09,1,1,1,7,unexposed,baseline_relative,train,0.01,0.46624134780416415,0.5337586521958358
DEAP:S26:T30,DEAP:S26,T30,0,4.95,1,1,1,7,unexposed,baseline_relative,train,0.01,0.633190166067251,0.366809833932749
DEAP:S26:T32,DEAP:S26,T32,0,1.96,1,1,1,7,unexposed,baseline_relative,train,0.01,0.45218799485436945,0.5478120051456306
DEAP:S26:T33,DEAP:S26,T33,0,1.0,1,1,1,7,unexposed,baseline_relative,train,0.01,0.4582551065468221,0.5417448934531779
DEAP:S26:T35,DEAP:S26,T35,0,2.97,1,1,1,7,unexposed,baseline_relative,train,0.01,0.5856735728407617,0.4143264271592383
DEAP:S27:T01,DEAP:S27,T01,1,6.03,1,1,1,7,unexposed,baseline_relative,train,0.01,0.3726746904282505,0.6273253095717495
DEAP:S27:T05,DEAP:S27,T05,0,4.97,1,1,1,7,unexposed,baseline_relative,train,0.01,0.46068597069052086,0.5393140293094791
DEAP:S27:T08,DEAP:S27,T08,1,8.24,1,1,1,7,unexposed,baseline_relative,train,0.01,0.410401871743321,0.589598128256679
DEAP:S27:T12,DEAP:S27,T12,0,4.18,1,1,1,7,unexposed,baseline_relative,train,0.01,0.6060525385671851,0.3939474614328149
DEAP:S27:T15,DEAP:S27,T15,1,5.04,1,1,1,7,unexposed,baseline_relative,train,0.01,0.49136834565489873,0.5086316543451013
DEAP:S27:T19,DEAP:S27,T19,1,5.06,1,1,1,7,unexposed,baseline_relative,train,0.01,0.4641551847611688,0.5358448152388312
DEAP:S27:T23,DEAP:S27,T23,1,8.0,1,1,1,7,unexposed,baseline_relative,train,0.01,0.48024399764207626,0.5197560023579237
DEAP:S27:T26,DEAP:S27,T26,1,5.04,1,1,1,7,unexposed,baseline_relative,train,0.01,0.4516306038474237,0.5483693961525763
DEAP:S27:T27,DEAP:S27,T27,0,4.97,1,1,1,7,unexposed,baseline_relative,train,0.01,0.48785189311524735,0.5121481068847527
DEAP:S27:T28,DEAP:S27,T28,1,5.04,1,1,1,7,unexposed,baseline_relative,train,0.01,0.509906171554906,0.4900938284450939
DEAP:S27:T29,DEAP:S27,T29,1,7.18,1,1,1,7,unexposed,baseline_relative,train,0.01,0.38940540071474405,0.610594599285256
DEAP:S27:T30,DEAP:S27,T30,1,7.08,1,1,1,7,unexposed,baseline_relative,train,0.01,0.5713642109736561,0.42863578902634397
DEAP:S27:T32,DEAP:S27,T32,1,5.04,1,1,1,7,unexposed,baseline_relative,train,0.01,0.4609422058156596,0.5390577941843404
DEAP:S27:T33,DEAP:S27,T33,1,5.04,1,1,1,7,unexposed,baseline_relative,train,0.01,0.45172357539132124,0.5482764246086788
DEAP:S27:T35,DEAP:S27,T35,0,1.0,1,1,1,7,unexposed,baseline_relative,train,0.01,0.47919115486345154,0.5208088451365485
DEAP:S28:T01,DEAP:S28,T01,1,7.03,1,1,1,7,unexposed,baseline_relative,train,0.01,0.39180511320328504,0.608194886796715
DEAP:S28:T05,DEAP:S28,T05,1,7.04,1,1,1,7,unexposed,baseline_relative,train,0.01,0.3556711262065685,0.6443288737934315
DEAP:S28:T08,DEAP:S28,T08,1,7.01,1,1,1,7,unexposed,baseline_relative,train,0.01,0.4001659079886778,0.5998340920113222
DEAP:S28:T12,DEAP:S28,T12,1,6.06,1,1,1,7,unexposed,baseline_relative,train,0.01,0.5263015044418997,0.4736984955581003
DEAP:S28:T15,DEAP:S28,T15,1,5.04,1,1,1,7,unexposed,baseline_relative,train,0.01,0.3264770596602149,0.6735229403397851
DEAP:S28:T19,DEAP:S28,T19,1,7.03,1,1,1,7,unexposed,baseline_relative,train,0.01,0.44168622241428246,0.5583137775857175
DEAP:S28:T23,DEAP:S28,T23,0,2.03,1,1,1,7,unexposed,baseline_relative,train,0.01,0.4802771589078858,0.5197228410921142
DEAP:S28:T25,DEAP:S28,T25,0,4.06,1,1,1,7,unexposed,baseline_relative,train,0.01,0.5291205938779138,0.4708794061220862
DEAP:S28:T26,DEAP:S28,T26,0,1.99,1,1,1,7,unexposed,baseline_relative,train,0.01,0.6060674298028904,0.3939325701971096
DEAP:S28:T27,DEAP:S28,T27,1,6.08,1,1,1,7,unexposed,baseline_relative,train,0.01,0.45496235120708806,0.5450376487929119
DEAP:S28:T30,DEAP:S28,T30,0,1.99,1,1,1,7,unexposed,baseline_relative,train,0.01,0.5114105620925518,0.48858943790744824
DEAP:S28:T33,DEAP:S28,T33,1,7.01,1,1,1,7,unexposed,baseline_relative,train,0.01,0.41247189369432546,0.5875281063056745
DEAP:S28:T35,DEAP:S28,T35,0,1.08,1,1,1,7,unexposed,baseline_relative,train,0.01,0.49613667313825616,0.5038633268617438
DEAP:S29:T01,DEAP:S29,T01,1,6.06,1,1,1,7,unexposed,baseline_relative,train,0.01,0.3739778114037886,0.6260221885962114
DEAP:S29:T05,DEAP:S29,T05,1,6.05,1,1,1,7,unexposed,baseline_relative,train,0.01,0.5351480803806058,0.4648519196193942
DEAP:S29:T08,DEAP:S29,T08,1,7.04,1,1,1,7,unexposed,baseline_relative,train,0.01,0.47288174403105554,0.5271182559689445
DEAP:S29:T12,DEAP:S29,T12,1,6.04,1,1,1,7,unexposed,baseline_relative,train,0.01,0.5611603604780929,0.4388396395219071
DEAP:S29:T19,DEAP:S29,T19,1,7.05,1,1,1,7,unexposed,baseline_relative,train,0.01,0.5453971198976562,0.45460288010234384
DEAP:S29:T23,DEAP:S29,T23,0,2.05,1,1,1,7,unexposed,baseline_relative,train,0.01,0.6015606380844445,0.3984393619155555
DEAP:S29:T25,DEAP:S29,T25,0,3.03,1,1,1,7,unexposed,baseline_relative,train,0.01,0.5212576148762611,0.4787423851237389
DEAP:S29:T26,DEAP:S29,T26,0,3.0,1,1,1,7,unexposed,baseline_relative,train,0.01,0.50456658515075,0.49543341484924996
DEAP:S29:T27,DEAP:S29,T27,1,7.09,1,1,1,7,unexposed,baseline_relative,train,0.01,0.42913953854856157,0.5708604614514384
DEAP:S29:T28,DEAP:S29,T28,0,1.04,1,1,1,7,unexposed,baseline_relative,train,0.01,0.4602880763825594,0.5397119236174406
DEAP:S29:T30,DEAP:S29,T30,0,2.95,1,1,1,7,unexposed,baseline_relative,train,0.01,0.5820229264623736,0.41797707353762636
DEAP:S29:T32,DEAP:S29,T32,0,4.04,1,1,1,7,unexposed,baseline_relative,train,0.01,0.3842190120343376,0.6157809879656624
DEAP:S29:T33,DEAP:S29,T33,0,1.99,1,1,1,7,unexposed,baseline_relative,train,0.01,0.469109218812203,0.530890781187797
DEAP:S29:T35,DEAP:S29,T35,0,1.92,1,1,1,7,unexposed,baseline_relative,train,0.01,0.530882951831322,0.46911704816867805
DEAP:S30:T01,DEAP:S30,T01,1,5.04,1,1,1,7,unexposed,baseline_relative,train,0.01,0.4122027583331348,0.5877972416668652
DEAP:S30:T05,DEAP:S30,T05,1,6.19,1,1,1,7,unexposed,baseline_relative,train,0.01,0.4670391037806495,0.5329608962193505
DEAP:S30:T08,DEAP:S30,T08,1,6.05,1,1,1,7,unexposed,baseline_relative,train,0.01,0.3433110884089857,0.6566889115910143
DEAP:S30:T12,DEAP:S30,T12,1,5.15,1,1,1,7,unexposed,baseline_relative,train,0.01,0.3786053033215282,0.6213946966784718
DEAP:S30:T15,DEAP:S30,T15,1,5.01,1,1,1,7,unexposed,baseline_relative,train,0.01,0.37829566221921596,0.621704337780784
DEAP:S30:T19,DEAP:S30,T19,1,8.27,1,1,1,7,unexposed,baseline_relative,train,0.01,0.5150625187818914,0.48493748121810865
DEAP:S30:T23,DEAP:S30,T23,0,3.0,1,1,1,7,unexposed,baseline_relative,train,0.01,0.4138500247056103,0.5861499752943897
DEAP:S30:T25,DEAP:S30,T25,0,3.92,1,1,1,7,unexposed,baseline_relative,train,0.01,0.46108124620291147,0.5389187537970885
DEAP:S30:T26,DEAP:S30,T26,1,5.01,1,1,1,7,unexposed,baseline_relative,train,0.01,0.4741290383869423,0.5258709616130577
DEAP:S30:T27,DEAP:S30,T27,1,8.01,1,1,1,7,unexposed,baseline_relative,train,0.01,0.3864726496070823,0.6135273503929177
DEAP:S30:T28,DEAP:S30,T28,1,5.06,1,1,1,7,unexposed,baseline_relative,train,0.01,0.441187718655364,0.558812281344636
DEAP:S30:T29,DEAP:S30,T29,1,7.23,1,1,1,7,unexposed,baseline_relative,train,0.01,0.3743971420147013,0.6256028579852987
DEAP:S30:T30,DEAP:S30,T30,0,4.04,1,1,1,7,unexposed,baseline_relative,train,0.01,0.34549738460257606,0.6545026153974239
DEAP:S30:T32,DEAP:S30,T32,1,5.01,1,1,1,7,unexposed,baseline_relative,train,0.01,0.3521032909514933,0.6478967090485067
DEAP:S30:T33,DEAP:S30,T33,0,3.91,1,1,1,7,unexposed,baseline_relative,train,0.01,0.38847831712501224,0.6115216828749878
DEAP:S30:T35,DEAP:S30,T35,1,5.04,1,1,1,7,unexposed,baseline_relative,train,0.01,0.43231089780732235,0.5676891021926777
DEAP:S01:T04,DEAP:S01,T04,0,4.94,1,1,1,7,unexposed,baseline_relative,validation_unseen,0.01,0.5107814606449279,0.48921853935507215
DEAP:S01:T07,DEAP:S01,T07,1,7.44,1,1,1,7,unexposed,baseline_relative,validation_unseen,0.01,0.5591550169255134,0.4408449830744866
DEAP:S01:T09,DEAP:S01,T09,0,4.04,1,1,1,7,unexposed,baseline_relative,validation_unseen,0.01,0.4616347797924204,0.5383652202075796
DEAP:S01:T13,DEAP:S01,T13,0,1.95,1,1,1,7,unexposed,baseline_relative,validation_unseen,0.01,0.4979332673005209,0.5020667326994791
DEAP:S01:T18,DEAP:S01,T18,1,7.23,1,1,1,7,unexposed,baseline_relative,validation_unseen,0.01,0.47291350089602,0.52708649910398
DEAP:S01:T22,DEAP:S01,T22,1,7.09,1,1,1,7,unexposed,baseline_relative,validation_unseen,0.01,0.47855235756163006,0.5214476424383699
DEAP:S01:T24,DEAP:S01,T24,1,7.04,1,1,1,7,unexposed,baseline_relative,validation_unseen,0.01,0.588863654474703,0.411136345525297
DEAP:S01:T36,DEAP:S01,T36,0,2.9,1,1,1,7,unexposed,baseline_relative,validation_unseen,0.01,0.49756376310577655,0.5024362368942235
DEAP:S20:T04,DEAP:S20,T04,1,7.05,1,1,1,7,unexposed,baseline_relative,validation_unseen,0.01,0.4831273090957844,0.5168726909042156
DEAP:S20:T07,DEAP:S20,T07,1,5.27,1,1,1,7,unexposed,baseline_relative,validation_unseen,0.01,0.4872799729919256,0.5127200270080744
DEAP:S20:T09,DEAP:S20,T09,1,8.22,1,1,1,7,unexposed,baseline_relative,validation_unseen,0.01,0.4421901932237946,0.5578098067762054
DEAP:S20:T13,DEAP:S20,T13,1,7.91,1,1,1,7,unexposed,baseline_relative,validation_unseen,0.01,0.49939133868614316,0.5006086613138568
DEAP:S20:T18,DEAP:S20,T18,1,7.35,1,1,1,7,unexposed,baseline_relative,validation_unseen,0.01,0.4752516378846291,0.5247483621153709
DEAP:S20:T22,DEAP:S20,T22,0,4.06,1,1,1,7,unexposed,baseline_relative,validation_unseen,0.01,0.520659071246065,0.47934092875393497
DEAP:S20:T24,DEAP:S20,T24,0,3.0,1,1,1,7,unexposed,baseline_relative,validation_unseen,0.01,0.6153124293268133,0.3846875706731867
DEAP:S20:T36,DEAP:S20,T36,0,4.29,1,1,1,7,unexposed,baseline_relative,validation_unseen,0.01,0.563833486154919,0.4361665138450809
DEAP:S23:T04,DEAP:S23,T04,1,8.21,1,1,1,7,unexposed,baseline_relative,validation_unseen,0.01,0.4725270876261567,0.5274729123738433
DEAP:S23:T07,DEAP:S23,T07,1,8.94,1,1,1,7,unexposed,baseline_relative,validation_unseen,0.01,0.4627203062300663,0.5372796937699337
DEAP:S23:T09,DEAP:S23,T09,1,7.03,1,1,1,7,unexposed,baseline_relative,validation_unseen,0.01,0.4730024356659295,0.5269975643340705
DEAP:S23:T13,DEAP:S23,T13,1,8.01,1,1,1,7,unexposed,baseline_relative,validation_unseen,0.01,0.11375191641109172,0.8862480835889083
DEAP:S23:T18,DEAP:S23,T18,1,7.12,1,1,1,7,unexposed,baseline_relative,validation_unseen,0.01,0.5550391901359115,0.44496080986408854
DEAP:S23:T22,DEAP:S23,T22,0,2.97,1,1,1,7,unexposed,baseline_relative,validation_unseen,0.01,0.3665441026668318,0.6334558973331682
DEAP:S23:T24,DEAP:S23,T24,1,6.53,1,1,1,7,unexposed,baseline_relative,validation_unseen,0.01,0.45239862049822144,0.5476013795017786
DEAP:S23:T36,DEAP:S23,T36,0,4.92,1,1,1,7,unexposed,baseline_relative,validation_unseen,0.01,0.437092267947387,0.562907732052613
DEAP:S31:T04,DEAP:S31,T04,1,6.97,1,1,1,7,unexposed,baseline_relative,validation_unseen,0.01,0.5245311475963614,0.47546885240363856
DEAP:S31:T07,DEAP:S31,T07,1,6.05,1,1,1,7,unexposed,baseline_relative,validation_unseen,0.01,0.4692683449967159,0.5307316550032841
DEAP:S31:T09,DEAP:S31,T09,1,6.06,1,1,1,7,unexposed,baseline_relative,validation_unseen,0.01,0.46440015849647687,0.5355998415035231
DEAP:S31:T13,DEAP:S31,T13,1,8.09,1,1,1,7,unexposed,baseline_relative,validation_unseen,0.01,0.38733410684259273,0.6126658931574073
DEAP:S31:T18,DEAP:S31,T18,1,7.06,1,1,1,7,unexposed,baseline_relative,validation_unseen,0.01,0.5062061715216113,0.49379382847838865
DEAP:S31:T22,DEAP:S31,T22,1,5.04,1,1,1,7,unexposed,baseline_relative,validation_unseen,0.01,0.5694054852545285,0.43059451474547145
DEAP:S31:T36,DEAP:S31,T36,0,4.97,1,1,1,7,unexposed,baseline_relative,validation_unseen,0.01,0.4013333010778092,0.5986666989221908
DEAP:S01:T01,DEAP:S01,T01,1,7.71,1,1,1,7,unexposed,baseline_relative,validation_familiar,0.01,0.48831493287616456,0.5116850671238354
DEAP:S01:T05,DEAP:S01,T05,1,6.96,1,1,1,7,unexposed,baseline_relative,validation_familiar,0.01,0.45096783324089673,0.5490321667591033
DEAP:S01:T08,DEAP:S01,T08,1,7.32,1,1,1,7,unexposed,baseline_relative,validation_familiar,0.01,0.5290414023516932,0.47095859764830683
DEAP:S01:T12,DEAP:S01,T12,0,2.71,1,1,1,7,unexposed,baseline_relative,validation_familiar,0.01,0.5188665421723256,0.48113345782767436
DEAP:S01:T15,DEAP:S01,T15,0,3.17,1,1,1,7,unexposed,baseline_relative,validation_familiar,0.01,0.6053987777669755,0.3946012222330245
DEAP:S01:T19,DEAP:S01,T19,1,7.17,1,1,1,7,unexposed,baseline_relative,validation_familiar,0.01,0.5048312423598422,0.4951687576401578
DEAP:S01:T23,DEAP:S01,T23,1,8.15,1,1,1,7,unexposed,baseline_relative,validation_familiar,0.01,0.6093519116035497,0.3906480883964503
DEAP:S01:T25,DEAP:S01,T25,1,8.86,1,1,1,7,unexposed,baseline_relative,validation_familiar,0.01,0.5718081396700953,0.42819186032990475
DEAP:S01:T26,DEAP:S01,T26,1,7.28,1,1,1,7,unexposed,baseline_relative,validation_familiar,0.01,0.7069624814359381,0.2930375185640619
DEAP:S01:T27,DEAP:S01,T27,1,7.35,1,1,1,7,unexposed,baseline_relative,validation_familiar,0.01,0.4786714005088397,0.5213285994911603
DEAP:S01:T28,DEAP:S01,T28,0,3.88,1,1,1,7,unexposed,baseline_relative,validation_familiar,0.01,0.48391378045493305,0.516086219545067
DEAP:S01:T29,DEAP:S01,T29,0,1.36,1,1,1,7,unexposed,baseline_relative,validation_familiar,0.01,0.5326159455570707,0.46738405444292924
DEAP:S01:T30,DEAP:S01,T30,0,2.08,1,1,1,7,unexposed,baseline_relative,validation_familiar,0.01,0.6205319107922928,0.37946808920770725
DEAP:S01:T32,DEAP:S01,T32,0,2.28,1,1,1,7,unexposed,baseline_relative,validation_familiar,0.01,0.5677665623955659,0.43223343760443406
DEAP:S01:T33,DEAP:S01,T33,0,3.81,1,1,1,7,unexposed,baseline_relative,validation_familiar,0.01,0.5350352363141953,0.4649647636858048
DEAP:S01:T35,DEAP:S01,T35,0,2.06,1,1,1,7,unexposed,baseline_relative,validation_familiar,0.01,0.3969547117057439,0.6030452882942561
DEAP:S20:T01,DEAP:S20,T01,1,5.76,1,1,1,7,unexposed,baseline_relative,validation_familiar,0.01,0.5856881339266824,0.41431186607331766
DEAP:S20:T05,DEAP:S20,T05,1,8.82,1,1,1,7,unexposed,baseline_relative,validation_familiar,0.01,0.5351350276017768,0.4648649723982232
DEAP:S20:T08,DEAP:S20,T08,1,7.63,1,1,1,7,unexposed,baseline_relative,validation_familiar,0.01,0.5406964969698675,0.4593035030301324
DEAP:S20:T12,DEAP:S20,T12,1,7.64,1,1,1,7,unexposed,baseline_relative,validation_familiar,0.01,0.5090003205697342,0.49099967943026585
DEAP:S20:T15,DEAP:S20,T15,1,6.35,1,1,1,7,unexposed,baseline_relative,validation_familiar,0.01,0.454890303830468,0.545109696169532
DEAP:S20:T19,DEAP:S20,T19,1,7.59,1,1,1,7,unexposed,baseline_relative,validation_familiar,0.01,0.4298394354995019,0.5701605645004981
DEAP:S20:T23,DEAP:S20,T23,0,2.82,1,1,1,7,unexposed,baseline_relative,validation_familiar,0.01,0.5144778251239923,0.4855221748760077
DEAP:S20:T25,DEAP:S20,T25,0,2.99,1,1,1,7,unexposed,baseline_relative,validation_familiar,0.01,0.5513033145201933,0.44869668547980673
DEAP:S20:T26,DEAP:S20,T26,0,4.31,1,1,1,7,unexposed,baseline_relative,validation_familiar,0.01,0.4736768114822937,0.5263231885177063
DEAP:S20:T27,DEAP:S20,T27,1,5.03,1,1,1,7,unexposed,baseline_relative,validation_familiar,0.01,0.5371051735082404,0.46289482649175956
DEAP:S20:T28,DEAP:S20,T28,1,5.01,1,1,1,7,unexposed,baseline_relative,validation_familiar,0.01,0.5749437920992855,0.42505620790071447
DEAP:S20:T29,DEAP:S20,T29,0,2.44,1,1,1,7,unexposed,baseline_relative,validation_familiar,0.01,0.4614707186613073,0.5385292813386927
DEAP:S20:T30,DEAP:S20,T30,0,3.49,1,1,1,7,unexposed,baseline_relative,validation_familiar,0.01,0.5402115075274463,0.45978849247255366
DEAP:S20:T32,DEAP:S20,T32,1,6.28,1,1,1,7,unexposed,baseline_relative,validation_familiar,0.01,0.5827321074050659,0.41726789259493413
DEAP:S20:T33,DEAP:S20,T33,0,4.64,1,1,1,7,unexposed,baseline_relative,validation_familiar,0.01,0.6128450995641028,0.38715490043589723
DEAP:S20:T35,DEAP:S20,T35,0,4.35,1,1,1,7,unexposed,baseline_relative,validation_familiar,0.01,0.5181368919282497,0.48186310807175026
DEAP:S23:T01,DEAP:S23,T01,1,7.71,1,1,1,7,unexposed,baseline_relative,validation_familiar,0.01,0.481671148166784,0.518328851833216
DEAP:S23:T05,DEAP:S23,T05,1,6.94,1,1,1,7,unexposed,baseline_relative,validation_familiar,0.01,0.5463680214284434,0.45363197857155657
DEAP:S23:T08,DEAP:S23,T08,1,7.23,1,1,1,7,unexposed,baseline_relative,validation_familiar,0.01,0.4915106514364542,0.5084893485635458
DEAP:S23:T12,DEAP:S23,T12,1,7.0,1,1,1,7,unexposed,baseline_relative,validation_familiar,0.01,0.4715832119548834,0.5284167880451166
DEAP:S23:T15,DEAP:S23,T15,1,7.0,1,1,1,7,unexposed,baseline_relative,validation_familiar,0.01,0.4555873254628209,0.5444126745371791
DEAP:S23:T19,DEAP:S23,T19,1,8.15,1,1,1,7,unexposed,baseline_relative,validation_familiar,0.01,0.4825963405720717,0.5174036594279283
DEAP:S23:T23,DEAP:S23,T23,0,4.17,1,1,1,7,unexposed,baseline_relative,validation_familiar,0.01,0.4517617079863777,0.5482382920136223
DEAP:S23:T25,DEAP:S23,T25,0,4.97,1,1,1,7,unexposed,baseline_relative,validation_familiar,0.01,0.4675517865566119,0.5324482134433881
DEAP:S23:T26,DEAP:S23,T26,1,8.27,1,1,1,7,unexposed,baseline_relative,validation_familiar,0.01,0.4864711227784666,0.5135288772215334
DEAP:S23:T27,DEAP:S23,T27,1,5.06,1,1,1,7,unexposed,baseline_relative,validation_familiar,0.01,0.4127047201017655,0.5872952798982345
DEAP:S23:T28,DEAP:S23,T28,1,5.04,1,1,1,7,unexposed,baseline_relative,validation_familiar,0.01,0.5106958279677017,0.48930417203229826
DEAP:S23:T29,DEAP:S23,T29,0,3.72,1,1,1,7,unexposed,baseline_relative,validation_familiar,0.01,0.456689989428528,0.543310010571472
DEAP:S23:T30,DEAP:S23,T30,0,3.88,1,1,1,7,unexposed,baseline_relative,validation_familiar,0.01,0.4583515129798337,0.5416484870201663
DEAP:S23:T32,DEAP:S23,T32,1,7.97,1,1,1,7,unexposed,baseline_relative,validation_familiar,0.01,0.4470088707185681,0.5529911292814319
DEAP:S23:T33,DEAP:S23,T33,1,5.04,1,1,1,7,unexposed,baseline_relative,validation_familiar,0.01,0.5288595334173586,0.4711404665826414
DEAP:S23:T35,DEAP:S23,T35,1,5.18,1,1,1,7,unexposed,baseline_relative,validation_familiar,0.01,0.49881750732379804,0.501182492676202
DEAP:S31:T01,DEAP:S31,T01,1,6.79,1,1,1,7,unexposed,baseline_relative,validation_familiar,0.01,0.4599275798617348,0.5400724201382652
DEAP:S31:T05,DEAP:S31,T05,1,6.22,1,1,1,7,unexposed,baseline_relative,validation_familiar,0.01,0.5051103623015347,0.4948896376984653
DEAP:S31:T08,DEAP:S31,T08,1,6.03,1,1,1,7,unexposed,baseline_relative,validation_familiar,0.01,0.47524270488280995,0.52475729511719
DEAP:S31:T12,DEAP:S31,T12,1,7.14,1,1,1,7,unexposed,baseline_relative,validation_familiar,0.01,0.4313291787813268,0.5686708212186732
DEAP:S31:T15,DEAP:S31,T15,1,6.05,1,1,1,7,unexposed,baseline_relative,validation_familiar,0.01,0.4137438455031921,0.5862561544968079
DEAP:S31:T19,DEAP:S31,T19,1,7.95,1,1,1,7,unexposed,baseline_relative,validation_familiar,0.01,0.48907853735268325,0.5109214626473167
DEAP:S31:T23,DEAP:S31,T23,0,1.0,1,1,1,7,unexposed,baseline_relative,validation_familiar,0.01,0.45567445087474334,0.5443255491252567
DEAP:S31:T25,DEAP:S31,T25,1,6.14,1,1,1,7,unexposed,baseline_relative,validation_familiar,0.01,0.48518874497997466,0.5148112550200253
DEAP:S31:T26,DEAP:S31,T26,1,7.08,1,1,1,7,unexposed,baseline_relative,validation_familiar,0.01,0.3528249321589947,0.6471750678410053
DEAP:S31:T28,DEAP:S31,T28,1,5.01,1,1,1,7,unexposed,baseline_relative,validation_familiar,0.01,0.46920475936279005,0.53079524063721
DEAP:S31:T29,DEAP:S31,T29,1,5.09,1,1,1,7,unexposed,baseline_relative,validation_familiar,0.01,0.4051570645672784,0.5948429354327216
DEAP:S31:T30,DEAP:S31,T30,0,3.13,1,1,1,7,unexposed,baseline_relative,validation_familiar,0.01,0.3493627502101412,0.6506372497898588
DEAP:S31:T32,DEAP:S31,T32,0,1.0,1,1,1,7,unexposed,baseline_relative,validation_familiar,0.01,0.5135541669747825,0.48644583302521754
DEAP:S31:T33,DEAP:S31,T33,0,4.18,1,1,1,7,unexposed,baseline_relative,validation_familiar,0.01,0.41441783012704025,0.5855821698729597
DEAP:S31:T35,DEAP:S31,T35,0,4.03,1,1,1,7,unexposed,baseline_relative,validation_familiar,0.01,0.49768208939610736,0.5023179106038926
DEAP:S02:T05,DEAP:S02,T05,1,5.04,1,1,1,7,unexposed,baseline_relative,train,0.1,0.3188056938532293,0.6811943061467707
DEAP:S02:T08,DEAP:S02,T08,1,9.0,1,1,1,7,unexposed,baseline_relative,train,0.1,0.47133953144873086,0.5286604685512691
DEAP:S02:T12,DEAP:S02,T12,1,8.01,1,1,1,7,unexposed,baseline_relative,train,0.1,0.5301499743995006,0.4698500256004994
DEAP:S02:T15,DEAP:S02,T15,1,9.0,1,1,1,7,unexposed,baseline_relative,train,0.1,0.4340790450981382,0.5659209549018618
DEAP:S02:T19,DEAP:S02,T19,1,9.0,1,1,1,7,unexposed,baseline_relative,train,0.1,0.46976668194024784,0.5302333180597522
DEAP:S02:T23,DEAP:S02,T23,0,1.0,1,1,1,7,unexposed,baseline_relative,train,0.1,0.5908623973431365,0.4091376026568635
DEAP:S02:T25,DEAP:S02,T25,1,9.0,1,1,1,7,unexposed,baseline_relative,train,0.1,0.4075640576134074,0.5924359423865926
DEAP:S02:T26,DEAP:S02,T26,1,9.0,1,1,1,7,unexposed,baseline_relative,train,0.1,0.5755082325708455,0.4244917674291545
DEAP:S02:T27,DEAP:S02,T27,0,4.96,1,1,1,7,unexposed,baseline_relative,train,0.1,0.5892447911654359,0.410755208834564
DEAP:S02:T28,DEAP:S02,T28,0,4.06,1,1,1,7,unexposed,baseline_relative,train,0.1,0.5543606640373785,0.4456393359626215
DEAP:S02:T29,DEAP:S02,T29,0,2.99,1,1,1,7,unexposed,baseline_relative,train,0.1,0.5048520763841814,0.4951479236158186
DEAP:S02:T30,DEAP:S02,T30,0,2.01,1,1,1,7,unexposed,baseline_relative,train,0.1,0.49987992616655375,0.5001200738334463
DEAP:S02:T32,DEAP:S02,T32,0,1.0,1,1,1,7,unexposed,baseline_relative,train,0.1,0.447062861614688,0.552937138385312
DEAP:S02:T35,DEAP:S02,T35,0,1.99,1,1,1,7,unexposed,baseline_relative,train,0.1,0.42914191015919845,0.5708580898408016
DEAP:S03:T01,DEAP:S03,T01,1,5.33,1,1,1,7,unexposed,baseline_relative,train,0.1,0.5781785684702483,0.4218214315297517
DEAP:S03:T05,DEAP:S03,T05,1,6.92,1,1,1,7,unexposed,baseline_relative,train,0.1,0.5316257227662798,0.46837427723372016
DEAP:S03:T08,DEAP:S03,T08,1,7.14,1,1,1,7,unexposed,baseline_relative,train,0.1,0.3360971935584174,0.6639028064415826
DEAP:S03:T12,DEAP:S03,T12,1,6.36,1,1,1,7,unexposed,baseline_relative,train,0.1,0.44675336837975055,0.5532466316202495
DEAP:S03:T15,DEAP:S03,T15,1,7.36,1,1,1,7,unexposed,baseline_relative,train,0.1,0.25576426743111735,0.7442357325688826
DEAP:S03:T19,DEAP:S03,T19,1,8.14,1,1,1,7,unexposed,baseline_relative,train,0.1,0.27089052463647934,0.7291094753635207
DEAP:S03:T23,DEAP:S03,T23,0,3.65,1,1,1,7,unexposed,baseline_relative,train,0.1,0.6520902479792365,0.34790975202076346
DEAP:S03:T25,DEAP:S03,T25,0,3.45,1,1,1,7,unexposed,baseline_relative,train,0.1,0.5722512043408465,0.4277487956591535
DEAP:S03:T27,DEAP:S03,T27,1,6.72,1,1,1,7,unexposed,baseline_relative,train,0.1,0.43513659472876476,0.5648634052712352
DEAP:S03:T28,DEAP:S03,T28,1,5.59,1,1,1,7,unexposed,baseline_relative,train,0.1,0.3824399928826159,0.6175600071173841
DEAP:S03:T29,DEAP:S03,T29,0,4.47,1,1,1,7,unexposed,baseline_relative,train,0.1,0.49390021414089547,0.5060997858591045
DEAP:S03:T30,DEAP:S03,T30,0,3.87,1,1,1,7,unexposed,baseline_relative,train,0.1,0.7076118633968675,0.29238813660313245
DEAP:S03:T32,DEAP:S03,T32,1,5.17,1,1,1,7,unexposed,baseline_relative,train,0.1,0.41831645250819216,0.5816835474918078
DEAP:S03:T35,DEAP:S03,T35,0,3.18,1,1,1,7,unexposed,baseline_relative,train,0.1,0.5772500094792787,0.4227499905207213
DEAP:S04:T05,DEAP:S04,T05,0,4.06,1,1,1,7,unexposed,baseline_relative,train,0.1,0.4809572108977498,0.5190427891022502
DEAP:S04:T08,DEAP:S04,T08,1,5.97,1,1,1,7,unexposed,baseline_relative,train,0.1,0.5993408129078428,0.40065918709215714
DEAP:S04:T15,DEAP:S04,T15,1,6.96,1,1,1,7,unexposed,baseline_relative,train,0.1,0.2130043037222138,0.7869956962777862
DEAP:S04:T19,DEAP:S04,T19,1,7.09,1,1,1,7,unexposed,baseline_relative,train,0.1,0.3431785483562253,0.6568214516437747
DEAP:S04:T23,DEAP:S04,T23,0,1.86,1,1,1,7,unexposed,baseline_relative,train,0.1,0.44088868994500197,0.559111310054998
DEAP:S04:T25,DEAP:S04,T25,1,7.0,1,1,1,7,unexposed,baseline_relative,train,0.1,0.22826789230137312,0.7717321076986269
DEAP:S04:T26,DEAP:S04,T26,1,6.0,1,1,1,7,unexposed,baseline_relative,train,0.1,0.5890033952974842,0.4109966047025157
DEAP:S04:T27,DEAP:S04,T27,1,6.14,1,1,1,7,unexposed,baseline_relative,train,0.1,0.30587914826069207,0.6941208517393079
DEAP:S04:T28,DEAP:S04,T28,0,2.17,1,1,1,7,unexposed,baseline_relative,train,0.1,0.592359851630379,0.40764014836962104
DEAP:S04:T29,DEAP:S04,T29,0,1.85,1,1,1,7,unexposed,baseline_relative,train,0.1,0.4922997572409432,0.5077002427590568
DEAP:S04:T30,DEAP:S04,T30,0,3.1,1,1,1,7,unexposed,baseline_relative,train,0.1,0.48667326634030106,0.5133267336596989
DEAP:S04:T32,DEAP:S04,T32,0,1.01,1,1,1,7,unexposed,baseline_relative,train,0.1,0.7655922556457665,0.2344077443542335
DEAP:S04:T33,DEAP:S04,T33,0,1.0,1,1,1,7,unexposed,baseline_relative,train,0.1,0.5611846712673899,0.4388153287326101
DEAP:S04:T35,DEAP:S04,T35,0,2.03,1,1,1,7,unexposed,baseline_relative,train,0.1,0.4660722634903074,0.5339277365096926
DEAP:S05:T01,DEAP:S05,T01,1,6.97,1,1,1,7,unexposed,baseline_relative,train,0.1,0.19206036595498632,0.8079396340450137
DEAP:S05:T05,DEAP:S05,T05,0,3.04,1,1,1,7,unexposed,baseline_relative,train,0.1,0.45762209137086896,0.542377908629131
DEAP:S05:T08,DEAP:S05,T08,1,8.17,1,1,1,7,unexposed,baseline_relative,train,0.1,0.46805148205462555,0.5319485179453745
DEAP:S05:T12,DEAP:S05,T12,1,7.08,1,1,1,7,unexposed,baseline_relative,train,0.1,0.41064079989706914,0.5893592001029309
DEAP:S05:T15,DEAP:S05,T15,1,6.97,1,1,1,7,unexposed,baseline_relative,train,0.1,0.2616742913641561,0.7383257086358439
DEAP:S05:T19,DEAP:S05,T19,1,8.03,1,1,1,7,unexposed,baseline_relative,train,0.1,0.5409207510962804,0.4590792489037197
DEAP:S05:T23,DEAP:S05,T23,0,1.0,1,1,1,7,unexposed,baseline_relative,train,0.1,0.6313488421523921,0.3686511578476079
DEAP:S05:T25,DEAP:S05,T25,1,5.96,1,1,1,7,unexposed,baseline_relative,train,0.1,0.3789399440006286,0.6210600559993714
DEAP:S05:T26,DEAP:S05,T26,1,7.96,1,1,1,7,unexposed,baseline_relative,train,0.1,0.29063977104533356,0.7093602289546664
DEAP:S05:T27,DEAP:S05,T27,1,7.0,1,1,1,7,unexposed,baseline_relative,train,0.1,0.38663000040283246,0.6133699995971675
DEAP:S05:T28,DEAP:S05,T28,0,3.9,1,1,1,7,unexposed,baseline_relative,train,0.1,0.6023454446871679,0.39765455531283206
DEAP:S05:T29,DEAP:S05,T29,0,4.04,1,1,1,7,unexposed,baseline_relative,train,0.1,0.40325130891773286,0.5967486910822671
DEAP:S05:T30,DEAP:S05,T30,0,2.94,1,1,1,7,unexposed,baseline_relative,train,0.1,0.7415699025252718,0.25843009747472817
DEAP:S05:T32,DEAP:S05,T32,0,1.94,1,1,1,7,unexposed,baseline_relative,train,0.1,0.7495622795790693,0.2504377204209307
DEAP:S05:T33,DEAP:S05,T33,1,5.17,1,1,1,7,unexposed,baseline_relative,train,0.1,0.5368870850935166,0.4631129149064835
DEAP:S05:T35,DEAP:S05,T35,0,4.86,1,1,1,7,unexposed,baseline_relative,train,0.1,0.7436277269230491,0.25637227307695093
DEAP:S06:T05,DEAP:S06,T05,1,7.01,1,1,1,7,unexposed,baseline_relative,train,0.1,0.22954991792759694,0.7704500820724031
DEAP:S06:T08,DEAP:S06,T08,1,7.05,1,1,1,7,unexposed,baseline_relative,train,0.1,0.3431720871533519,0.6568279128466481
DEAP:S06:T12,DEAP:S06,T12,1,7.17,1,1,1,7,unexposed,baseline_relative,train,0.1,0.26443666047378234,0.7355633395262177
DEAP:S06:T15,DEAP:S06,T15,1,5.59,1,1,1,7,unexposed,baseline_relative,train,0.1,0.26111756078955173,0.7388824392104483
DEAP:S06:T19,DEAP:S06,T19,1,7.41,1,1,1,7,unexposed,baseline_relative,train,0.1,0.42041913706972656,0.5795808629302734
DEAP:S06:T23,DEAP:S06,T23,0,3.47,1,1,1,7,unexposed,baseline_relative,train,0.1,0.4385240584519232,0.5614759415480768
DEAP:S06:T25,DEAP:S06,T25,1,7.09,1,1,1,7,unexposed,baseline_relative,train,0.1,0.5326910482384442,0.4673089517615559
DEAP:S06:T27,DEAP:S06,T27,1,5.08,1,1,1,7,unexposed,baseline_relative,train,0.1,0.21961482246570596,0.780385177534294
DEAP:S06:T28,DEAP:S06,T28,1,6.42,1,1,1,7,unexposed,baseline_relative,train,0.1,0.31113614543341084,0.6888638545665892
DEAP:S06:T29,DEAP:S06,T29,0,4.27,1,1,1,7,unexposed,baseline_relative,train,0.1,0.40240954354025327,0.5975904564597467
DEAP:S06:T30,DEAP:S06,T30,1,6.99,1,1,1,7,unexposed,baseline_relative,train,0.1,0.39202526477300415,0.6079747352269959
DEAP:S06:T32,DEAP:S06,T32,1,6.99,1,1,1,7,unexposed,baseline_relative,train,0.1,0.4183441747750044,0.5816558252249956
DEAP:S06:T33,DEAP:S06,T33,1,6.68,1,1,1,7,unexposed,baseline_relative,train,0.1,0.2342454237353362,0.7657545762646638
DEAP:S06:T35,DEAP:S06,T35,0,3.96,1,1,1,7,unexposed,baseline_relative,train,0.1,0.47786221665688844,0.5221377833431116
DEAP:S07:T01,DEAP:S07,T01,1,8.1,1,1,1,7,unexposed,baseline_relative,train,0.1,0.23570533734063104,0.764294662659369
DEAP:S07:T05,DEAP:S07,T05,1,7.05,1,1,1,7,unexposed,baseline_relative,train,0.1,0.5226814497742263,0.47731855022577374
DEAP:S07:T08,DEAP:S07,T08,1,7.0,1,1,1,7,unexposed,baseline_relative,train,0.1,0.20852583809129843,0.7914741619087016
DEAP:S07:T12,DEAP:S07,T12,1,6.99,1,1,1,7,unexposed,baseline_relative,train,0.1,0.4387068464244358,0.5612931535755642
DEAP:S07:T15,DEAP:S07,T15,1,7.99,1,1,1,7,unexposed,baseline_relative,train,0.1,0.49577372527499053,0.5042262747250095
DEAP:S07:T19,DEAP:S07,T19,1,6.99,1,1,1,7,unexposed,baseline_relative,train,0.1,0.3290347665520805,0.6709652334479195
DEAP:S07:T25,DEAP:S07,T25,0,2.99,1,1,1,7,unexposed,baseline_relative,train,0.1,0.47809270335125365,0.5219072966487464
DEAP:S07:T27,DEAP:S07,T27,1,6.09,1,1,1,7,unexposed,baseline_relative,train,0.1,0.39151215464976397,0.608487845350236
DEAP:S07:T28,DEAP:S07,T28,0,2.05,1,1,1,7,unexposed,baseline_relative,train,0.1,0.39293532963054245,0.6070646703694575
DEAP:S07:T29,DEAP:S07,T29,1,7.09,1,1,1,7,unexposed,baseline_relative,train,0.1,0.636289427479505,0.36371057252049493
DEAP:S07:T30,DEAP:S07,T30,0,3.09,1,1,1,7,unexposed,baseline_relative,train,0.1,0.7095001533190737,0.2904998466809264
DEAP:S07:T32,DEAP:S07,T32,0,4.96,1,1,1,7,unexposed,baseline_relative,train,0.1,0.8507423153571452,0.14925768464285483
DEAP:S07:T33,DEAP:S07,T33,0,4.97,1,1,1,7,unexposed,baseline_relative,train,0.1,0.43357038057153596,0.566429619428464
DEAP:S07:T35,DEAP:S07,T35,1,5.01,1,1,1,7,unexposed,baseline_relative,train,0.1,0.41421806790104676,0.5857819320989532
DEAP:S08:T01,DEAP:S08,T01,1,7.6,1,1,1,7,unexposed,baseline_relative,train,0.1,0.3710133350415522,0.6289866649584478
DEAP:S08:T08,DEAP:S08,T08,1,8.82,1,1,1,7,unexposed,baseline_relative,train,0.1,0.602606439406244,0.39739356059375597
DEAP:S08:T12,DEAP:S08,T12,1,8.47,1,1,1,7,unexposed,baseline_relative,train,0.1,0.35697311812775034,0.6430268818722497
DEAP:S08:T15,DEAP:S08,T15,1,8.33,1,1,1,7,unexposed,baseline_relative,train,0.1,0.18425991294691157,0.8157400870530884
DEAP:S08:T19,DEAP:S08,T19,1,5.04,1,1,1,7,unexposed,baseline_relative,train,0.1,0.3657764258920634,0.6342235741079366
DEAP:S08:T25,DEAP:S08,T25,0,3.72,1,1,1,7,unexposed,baseline_relative,train,0.1,0.6679139037769011,0.332086096223099
DEAP:S08:T26,DEAP:S08,T26,0,4.99,1,1,1,7,unexposed,baseline_relative,train,0.1,0.8239189958638593,0.17608100413614067
DEAP:S08:T27,DEAP:S08,T27,0,4.46,1,1,1,7,unexposed,baseline_relative,train,0.1,0.608755559410523,0.391244440589477
DEAP:S08:T28,DEAP:S08,T28,1,5.04,1,1,1,7,unexposed,baseline_relative,train,0.1,0.24628488506661306,0.7537151149333869
DEAP:S08:T29,DEAP:S08,T29,0,2.78,1,1,1,7,unexposed,baseline_relative,train,0.1,0.33761375443596275,0.6623862455640372
DEAP:S08:T30,DEAP:S08,T30,0,1.4,1,1,1,7,unexposed,baseline_relative,train,0.1,0.36507473124057777,0.6349252687594222
DEAP:S08:T32,DEAP:S08,T32,1,6.33,1,1,1,7,unexposed,baseline_relative,train,0.1,0.7044684008493981,0.2955315991506019
DEAP:S08:T33,DEAP:S08,T33,0,4.44,1,1,1,7,unexposed,baseline_relative,train,0.1,0.7012746964893672,0.2987253035106328
DEAP:S08:T35,DEAP:S08,T35,0,3.62,1,1,1,7,unexposed,baseline_relative,train,0.1,0.5539443209963443,0.4460556790036557
DEAP:S09:T01,DEAP:S09,T01,1,5.05,1,1,1,7,unexposed,baseline_relative,train,0.1,0.4730824455352749,0.5269175544647251
DEAP:S09:T05,DEAP:S09,T05,0,4.99,1,1,1,7,unexposed,baseline_relative,train,0.1,0.6894418685465591,0.31055813145344086
DEAP:S09:T08,DEAP:S09,T08,1,6.15,1,1,1,7,unexposed,baseline_relative,train,0.1,0.8010960139599279,0.19890398604007206
DEAP:S09:T12,DEAP:S09,T12,1,7.08,1,1,1,7,unexposed,baseline_relative,train,0.1,0.360310334724533,0.639689665275467
DEAP:S09:T15,DEAP:S09,T15,1,6.21,1,1,1,7,unexposed,baseline_relative,train,0.1,0.3848209843619669,0.6151790156380331
DEAP:S09:T19,DEAP:S09,T19,0,3.97,1,1,1,7,unexposed,baseline_relative,train,0.1,0.940978340496328,0.05902165950367197
DEAP:S09:T25,DEAP:S09,T25,1,5.04,1,1,1,7,unexposed,baseline_relative,train,0.1,0.6252529157821135,0.3747470842178865
DEAP:S09:T26,DEAP:S09,T26,0,4.1,1,1,1,7,unexposed,baseline_relative,train,0.1,0.49462352851701463,0.5053764714829854
DEAP:S09:T27,DEAP:S09,T27,1,5.04,1,1,1,7,unexposed,baseline_relative,train,0.1,0.4940302003596073,0.5059697996403927
DEAP:S09:T28,DEAP:S09,T28,0,2.96,1,1,1,7,unexposed,baseline_relative,train,0.1,0.671593027207759,0.3284069727922409
DEAP:S09:T30,DEAP:S09,T30,0,4.04,1,1,1,7,unexposed,baseline_relative,train,0.1,0.5708235054863762,0.4291764945136238
DEAP:S09:T32,DEAP:S09,T32,0,3.1,1,1,1,7,unexposed,baseline_relative,train,0.1,0.6834060531622634,0.3165939468377365
DEAP:S09:T33,DEAP:S09,T33,0,3.08,1,1,1,7,unexposed,baseline_relative,train,0.1,0.6155953156139469,0.3844046843860532
DEAP:S09:T35,DEAP:S09,T35,0,3.01,1,1,1,7,unexposed,baseline_relative,train,0.1,0.6797585965929673,0.3202414034070327
DEAP:S10:T01,DEAP:S10,T01,1,7.91,1,1,1,7,unexposed,baseline_relative,train,0.1,0.4772505612166196,0.5227494387833804
DEAP:S10:T05,DEAP:S10,T05,1,7.24,1,1,1,7,unexposed,baseline_relative,train,0.1,0.4530597797718995,0.5469402202281005
DEAP:S10:T08,DEAP:S10,T08,1,5.68,1,1,1,7,unexposed,baseline_relative,train,0.1,0.40979687684480814,0.5902031231551919
DEAP:S10:T12,DEAP:S10,T12,1,5.37,1,1,1,7,unexposed,baseline_relative,train,0.1,0.48980507752859304,0.510194922471407
DEAP:S10:T15,DEAP:S10,T15,1,5.31,1,1,1,7,unexposed,baseline_relative,train,0.1,0.7069998901565369,0.2930001098434632
DEAP:S10:T19,DEAP:S10,T19,1,7.82,1,1,1,7,unexposed,baseline_relative,train,0.1,0.42395747541383066,0.5760425245861693
DEAP:S10:T23,DEAP:S10,T23,0,2.87,1,1,1,7,unexposed,baseline_relative,train,0.1,0.632695259551409,0.36730474044859096
DEAP:S10:T25,DEAP:S10,T25,0,1.92,1,1,1,7,unexposed,baseline_relative,train,0.1,0.7545145072500199,0.24548549274998005
DEAP:S10:T26,DEAP:S10,T26,0,4.95,1,1,1,7,unexposed,baseline_relative,train,0.1,0.7948711915168459,0.2051288084831541
DEAP:S10:T27,DEAP:S10,T27,0,4.94,1,1,1,7,unexposed,baseline_relative,train,0.1,0.6065970436587815,0.3934029563412184
DEAP:S10:T29,DEAP:S10,T29,0,3.94,1,1,1,7,unexposed,baseline_relative,train,0.1,0.507190250187269,0.49280974981273096
DEAP:S10:T30,DEAP:S10,T30,0,2.64,1,1,1,7,unexposed,baseline_relative,train,0.1,0.5862024408440958,0.41379755915590416
DEAP:S10:T32,DEAP:S10,T32,1,5.96,1,1,1,7,unexposed,baseline_relative,train,0.1,0.30806099588460534,0.6919390041153947
DEAP:S10:T33,DEAP:S10,T33,0,4.94,1,1,1,7,unexposed,baseline_relative,train,0.1,0.7396409375371324,0.2603590624628676
DEAP:S10:T35,DEAP:S10,T35,0,1.38,1,1,1,7,unexposed,baseline_relative,train,0.1,0.6041999120081623,0.3958000879918377
DEAP:S11:T01,DEAP:S11,T01,1,6.27,1,1,1,7,unexposed,baseline_relative,train,0.1,0.5958839759034329,0.40411602409656705
DEAP:S11:T05,DEAP:S11,T05,1,7.41,1,1,1,7,unexposed,baseline_relative,train,0.1,0.19681772503601302,0.803182274963987
DEAP:S11:T15,DEAP:S11,T15,1,6.92,1,1,1,7,unexposed,baseline_relative,train,0.1,0.40735718283821865,0.5926428171617814
DEAP:S11:T19,DEAP:S11,T19,1,5.54,1,1,1,7,unexposed,baseline_relative,train,0.1,0.461743034604602,0.538256965395398
DEAP:S11:T23,DEAP:S11,T23,0,3.72,1,1,1,7,unexposed,baseline_relative,train,0.1,0.4307412588920023,0.5692587411079977
DEAP:S11:T25,DEAP:S11,T25,1,5.01,1,1,1,7,unexposed,baseline_relative,train,0.1,0.4962100995448754,0.5037899004551246
DEAP:S11:T27,DEAP:S11,T27,0,2.28,1,1,1,7,unexposed,baseline_relative,train,0.1,0.631057822886899,0.36894217711310096
DEAP:S11:T28,DEAP:S11,T28,0,4.26,1,1,1,7,unexposed,baseline_relative,train,0.1,0.37108346418360905,0.628916535816391
DEAP:S11:T29,DEAP:S11,T29,0,2.32,1,1,1,7,unexposed,baseline_relative,train,0.1,0.6104819459465719,0.3895180540534281
DEAP:S11:T30,DEAP:S11,T30,0,4.58,1,1,1,7,unexposed,baseline_relative,train,0.1,0.40911826691060604,0.590881733089394
DEAP:S11:T32,DEAP:S11,T32,1,5.01,1,1,1,7,unexposed,baseline_relative,train,0.1,0.4091139855610938,0.5908860144389062
DEAP:S11:T33,DEAP:S11,T33,1,5.64,1,1,1,7,unexposed,baseline_relative,train,0.1,0.4901754125413872,0.5098245874586128
DEAP:S11:T35,DEAP:S11,T35,0,1.23,1,1,1,7,unexposed,baseline_relative,train,0.1,0.511633770017067,0.488366229982933
DEAP:S12:T01,DEAP:S12,T01,1,7.09,1,1,1,7,unexposed,baseline_relative,train,0.1,0.3747467126433829,0.6252532873566171
DEAP:S12:T05,DEAP:S12,T05,0,4.01,1,1,1,7,unexposed,baseline_relative,train,0.1,0.5904206450429925,0.40957935495700754
DEAP:S12:T08,DEAP:S12,T08,1,5.1,1,1,1,7,unexposed,baseline_relative,train,0.1,0.35345870753294717,0.6465412924670528
DEAP:S12:T12,DEAP:S12,T12,1,6.86,1,1,1,7,unexposed,baseline_relative,train,0.1,0.5880323745546949,0.41196762544530513
DEAP:S12:T15,DEAP:S12,T15,1,7.08,1,1,1,7,unexposed,baseline_relative,train,0.1,0.4677472246315373,0.5322527753684627
DEAP:S12:T19,DEAP:S12,T19,1,7.03,1,1,1,7,unexposed,baseline_relative,train,0.1,0.3101175223638062,0.6898824776361938
DEAP:S12:T23,DEAP:S12,T23,0,1.74,1,1,1,7,unexposed,baseline_relative,train,0.1,0.5211893293533814,0.4788106706466187
DEAP:S12:T26,DEAP:S12,T26,1,6.08,1,1,1,7,unexposed,baseline_relative,train,0.1,0.32204025528020175,0.6779597447197983
DEAP:S12:T27,DEAP:S12,T27,1,5.05,1,1,1,7,unexposed,baseline_relative,train,0.1,0.16582261524749853,0.8341773847525015
DEAP:S12:T28,DEAP:S12,T28,1,5.04,1,1,1,7,unexposed,baseline_relative,train,0.1,0.4747051390992827,0.5252948609007173
DEAP:S12:T29,DEAP:S12,T29,0,1.67,1,1,1,7,unexposed,baseline_relative,train,0.1,0.6126031848915173,0.3873968151084827
DEAP:S12:T30,DEAP:S12,T30,0,3.36,1,1,1,7,unexposed,baseline_relative,train,0.1,0.7151713972646072,0.2848286027353928
DEAP:S12:T32,DEAP:S12,T32,0,1.86,1,1,1,7,unexposed,baseline_relative,train,0.1,0.5264926059917023,0.4735073940082977
DEAP:S12:T33,DEAP:S12,T33,0,1.9,1,1,1,7,unexposed,baseline_relative,train,0.1,0.5554399141965707,0.4445600858034294
DEAP:S12:T35,DEAP:S12,T35,0,1.22,1,1,1,7,unexposed,baseline_relative,train,0.1,0.5523834106000887,0.4476165893999113
DEAP:S14:T01,DEAP:S14,T01,1,8.22,1,1,1,7,unexposed,baseline_relative,train,0.1,0.5891806068889855,0.4108193931110144
DEAP:S14:T05,DEAP:S14,T05,0,3.99,1,1,1,7,unexposed,baseline_relative,train,0.1,0.5575908012855416,0.4424091987144584
DEAP:S14:T08,DEAP:S14,T08,1,7.0,1,1,1,7,unexposed,baseline_relative,train,0.1,0.5180183602062738,0.48198163979372627
DEAP:S14:T12,DEAP:S14,T12,1,7.63,1,1,1,7,unexposed,baseline_relative,train,0.1,0.5021103077807298,0.49788969221927015
DEAP:S14:T15,DEAP:S14,T15,1,7.08,1,1,1,7,unexposed,baseline_relative,train,0.1,0.5969207193196651,0.40307928068033494
DEAP:S14:T19,DEAP:S14,T19,1,7.55,1,1,1,7,unexposed,baseline_relative,train,0.1,0.5514407070210263,0.4485592929789736
DEAP:S14:T23,DEAP:S14,T23,0,2.41,1,1,1,7,unexposed,baseline_relative,train,0.1,0.5515539279768898,0.44844607202311015
DEAP:S14:T25,DEAP:S14,T25,0,3.87,1,1,1,7,unexposed,baseline_relative,train,0.1,0.5667717170611877,0.43322828293881227
DEAP:S14:T26,DEAP:S14,T26,0,3.28,1,1,1,7,unexposed,baseline_relative,train,0.1,0.5964100562495454,0.40358994375045465
DEAP:S14:T27,DEAP:S14,T27,1,5.81,1,1,1,7,unexposed,baseline_relative,train,0.1,0.4800328249777893,0.5199671750222107
DEAP:S14:T28,DEAP:S14,T28,0,2.53,1,1,1,7,unexposed,baseline_relative,train,0.1,0.40415781236823833,0.5958421876317617
DEAP:S14:T29,DEAP:S14,T29,0,2.92,1,1,1,7,unexposed,baseline_relative,train,0.1,0.47336768603878576,0.5266323139612142
DEAP:S14:T30,DEAP:S14,T30,0,1.1,1,1,1,7,unexposed,baseline_relative,train,0.1,0.3480201890629664,0.6519798109370336
DEAP:S14:T32,DEAP:S14,T32,0,1.99,1,1,1,7,unexposed,baseline_relative,train,0.1,0.5048934841009776,0.4951065158990225
DEAP:S16:T05,DEAP:S16,T05,1,5.51,1,1,1,7,unexposed,baseline_relative,train,0.1,0.3808803890006337,0.6191196109993663
DEAP:S16:T08,DEAP:S16,T08,0,3.51,1,1,1,7,unexposed,baseline_relative,train,0.1,0.6630384325359577,0.33696156746404227
DEAP:S16:T12,DEAP:S16,T12,1,5.97,1,1,1,7,unexposed,baseline_relative,train,0.1,0.5607562096498089,0.4392437903501912
DEAP:S16:T15,DEAP:S16,T15,0,2.67,1,1,1,7,unexposed,baseline_relative,train,0.1,0.554689898503608,0.44531010149639205
DEAP:S16:T19,DEAP:S16,T19,0,2.86,1,1,1,7,unexposed,baseline_relative,train,0.1,0.5914838481483724,0.4085161518516276
DEAP:S16:T23,DEAP:S16,T23,0,3.9,1,1,1,7,unexposed,baseline_relative,train,0.1,0.2942789275254495,0.7057210724745505
DEAP:S16:T25,DEAP:S16,T25,0,2.47,1,1,1,7,unexposed,baseline_relative,train,0.1,0.7810408279006376,0.21895917209936244
DEAP:S16:T26,DEAP:S16,T26,0,1.82,1,1,1,7,unexposed,baseline_relative,train,0.1,0.8562781558010498,0.14372184419895018
DEAP:S16:T27,DEAP:S16,T27,0,2.59,1,1,1,7,unexposed,baseline_relative,train,0.1,0.8941115379404693,0.10588846205953069
DEAP:S16:T28,DEAP:S16,T28,0,2.85,1,1,1,7,unexposed,baseline_relative,train,0.1,0.850285807441618,0.1497141925583821
DEAP:S16:T30,DEAP:S16,T30,1,6.1,1,1,1,7,unexposed,baseline_relative,train,0.1,0.5657738630371953,0.43422613696280465
DEAP:S16:T32,DEAP:S16,T32,1,5.01,1,1,1,7,unexposed,baseline_relative,train,0.1,0.1894585573775397,0.8105414426224603
DEAP:S16:T33,DEAP:S16,T33,0,1.0,1,1,1,7,unexposed,baseline_relative,train,0.1,0.9337051504615774,0.06629484953842259
DEAP:S16:T35,DEAP:S16,T35,0,1.0,1,1,1,7,unexposed,baseline_relative,train,0.1,0.6468591818782488,0.3531408181217513
DEAP:S17:T05,DEAP:S17,T05,1,7.05,1,1,1,7,unexposed,baseline_relative,train,0.1,0.6017685014685432,0.39823149853145673
DEAP:S17:T08,DEAP:S17,T08,1,6.05,1,1,1,7,unexposed,baseline_relative,train,0.1,0.38341343812761564,0.6165865618723844
DEAP:S17:T12,DEAP:S17,T12,1,5.96,1,1,1,7,unexposed,baseline_relative,train,0.1,0.5419316790144271,0.45806832098557293
DEAP:S17:T15,DEAP:S17,T15,1,5.96,1,1,1,7,unexposed,baseline_relative,train,0.1,0.5241289297379772,0.47587107026202274
DEAP:S17:T19,DEAP:S17,T19,1,7.27,1,1,1,7,unexposed,baseline_relative,train,0.1,0.2730215895261058,0.7269784104738942
DEAP:S17:T23,DEAP:S17,T23,0,3.62,1,1,1,7,unexposed,baseline_relative,train,0.1,0.5236323676952475,0.4763676323047525
DEAP:S17:T25,DEAP:S17,T25,1,6.18,1,1,1,7,unexposed,baseline_relative,train,0.1,0.36743576337912,0.63256423662088
DEAP:S17:T26,DEAP:S17,T26,0,3.73,1,1,1,7,unexposed,baseline_relative,train,0.1,0.4560050756658437,0.5439949243341563
DEAP:S17:T27,DEAP:S17,T27,0,3.96,1,1,1,7,unexposed,baseline_relative,train,0.1,0.6062808797280415,0.39371912027195854
DEAP:S17:T28,DEAP:S17,T28,1,5.64,1,1,1,7,unexposed,baseline_relative,train,0.1,0.34733623281463966,0.6526637671853603
DEAP:S17:T29,DEAP:S17,T29,1,5.54,1,1,1,7,unexposed,baseline_relative,train,0.1,0.1514889376075651,0.8485110623924349
DEAP:S17:T32,DEAP:S17,T32,0,4.04,1,1,1,7,unexposed,baseline_relative,train,0.1,0.4493819537001319,0.5506180462998681
DEAP:S17:T35,DEAP:S17,T35,0,4.17,1,1,1,7,unexposed,baseline_relative,train,0.1,0.44372607522100804,0.556273924778992
DEAP:S18:T01,DEAP:S18,T01,1,6.33,1,1,1,7,unexposed,baseline_relative,train,0.1,0.19913456353770365,0.8008654364622964
DEAP:S18:T05,DEAP:S18,T05,1,6.13,1,1,1,7,unexposed,baseline_relative,train,0.1,0.2250298368843089,0.7749701631156911
DEAP:S18:T12,DEAP:S18,T12,1,5.55,1,1,1,7,unexposed,baseline_relative,train,0.1,0.6141962444894008,0.3858037555105992
DEAP:S18:T15,DEAP:S18,T15,1,6.04,1,1,1,7,unexposed,baseline_relative,train,0.1,0.6278024315179453,0.3721975684820546
DEAP:S18:T19,DEAP:S18,T19,1,7.04,1,1,1,7,unexposed,baseline_relative,train,0.1,0.4950556472186639,0.5049443527813361
DEAP:S18:T23,DEAP:S18,T23,0,3.71,1,1,1,7,unexposed,baseline_relative,train,0.1,0.7073386422741447,0.29266135772585533
DEAP:S18:T25,DEAP:S18,T25,0,4.23,1,1,1,7,unexposed,baseline_relative,train,0.1,0.7120244357731579,0.2879755642268421
DEAP:S18:T26,DEAP:S18,T26,1,5.44,1,1,1,7,unexposed,baseline_relative,train,0.1,0.5308120099403655,0.46918799005963446
DEAP:S18:T28,DEAP:S18,T28,1,5.95,1,1,1,7,unexposed,baseline_relative,train,0.1,0.530903412615954,0.46909658738404597
DEAP:S18:T29,DEAP:S18,T29,0,4.9,1,1,1,7,unexposed,baseline_relative,train,0.1,0.852078239289966,0.14792176071003407
DEAP:S18:T30,DEAP:S18,T30,0,2.96,1,1,1,7,unexposed,baseline_relative,train,0.1,0.8950302858032099,0.10496971419679013
DEAP:S18:T32,DEAP:S18,T32,0,4.62,1,1,1,7,unexposed,baseline_relative,train,0.1,0.6971990032600969,0.3028009967399031
DEAP:S18:T33,DEAP:S18,T33,0,4.56,1,1,1,7,unexposed,baseline_relative,train,0.1,0.902873092518137,0.09712690748186309
DEAP:S18:T35,DEAP:S18,T35,1,5.12,1,1,1,7,unexposed,baseline_relative,train,0.1,0.5279345598813174,0.4720654401186825
DEAP:S19:T01,DEAP:S19,T01,1,7.44,1,1,1,7,unexposed,baseline_relative,train,0.1,0.3565045038997764,0.6434954961002236
DEAP:S19:T05,DEAP:S19,T05,1,7.79,1,1,1,7,unexposed,baseline_relative,train,0.1,0.3392469668172129,0.6607530331827871
DEAP:S19:T08,DEAP:S19,T08,1,7.44,1,1,1,7,unexposed,baseline_relative,train,0.1,0.4141303378393756,0.5858696621606244
DEAP:S19:T12,DEAP:S19,T12,1,6.26,1,1,1,7,unexposed,baseline_relative,train,0.1,0.23532057536158657,0.7646794246384134
DEAP:S19:T15,DEAP:S19,T15,1,5.68,1,1,1,7,unexposed,baseline_relative,train,0.1,0.6724815952883588,0.3275184047116412
DEAP:S19:T19,DEAP:S19,T19,1,7.65,1,1,1,7,unexposed,baseline_relative,train,0.1,0.32921865131485306,0.6707813486851469
DEAP:S19:T23,DEAP:S19,T23,0,3.77,1,1,1,7,unexposed,baseline_relative,train,0.1,0.6932691668454718,0.3067308331545282
DEAP:S19:T26,DEAP:S19,T26,0,4.95,1,1,1,7,unexposed,baseline_relative,train,0.1,0.6492287953039966,0.3507712046960034
DEAP:S19:T27,DEAP:S19,T27,0,4.97,1,1,1,7,unexposed,baseline_relative,train,0.1,0.4873873381502125,0.5126126618497875
DEAP:S19:T28,DEAP:S19,T28,1,6.21,1,1,1,7,unexposed,baseline_relative,train,0.1,0.6114961014017108,0.38850389859828915
DEAP:S19:T30,DEAP:S19,T30,0,2.85,1,1,1,7,unexposed,baseline_relative,train,0.1,0.5135181356137455,0.48648186438625457
DEAP:S19:T32,DEAP:S19,T32,0,4.96,1,1,1,7,unexposed,baseline_relative,train,0.1,0.8692893621859392,0.1307106378140608
DEAP:S19:T33,DEAP:S19,T33,0,3.4,1,1,1,7,unexposed,baseline_relative,train,0.1,0.5984166239801747,0.40158337601982524
DEAP:S19:T35,DEAP:S19,T35,0,3.21,1,1,1,7,unexposed,baseline_relative,train,0.1,0.5090381133872972,0.4909618866127028
DEAP:S21:T01,DEAP:S21,T01,1,6.42,1,1,1,7,unexposed,baseline_relative,train,0.1,0.41017812169265866,0.5898218783073413
DEAP:S21:T05,DEAP:S21,T05,1,8.09,1,1,1,7,unexposed,baseline_relative,train,0.1,0.429370809836794,0.570629190163206
DEAP:S21:T08,DEAP:S21,T08,1,8.81,1,1,1,7,unexposed,baseline_relative,train,0.1,0.26408078680501457,0.7359192131949854
DEAP:S21:T12,DEAP:S21,T12,0,4.63,1,1,1,7,unexposed,baseline_relative,train,0.1,0.6076690436214496,0.3923309563785504
DEAP:S21:T15,DEAP:S21,T15,1,6.92,1,1,1,7,unexposed,baseline_relative,train,0.1,0.2682972322392265,0.7317027677607735
DEAP:S21:T19,DEAP:S21,T19,1,7.26,1,1,1,7,unexposed,baseline_relative,train,0.1,0.3699684055489869,0.6300315944510131
DEAP:S21:T23,DEAP:S21,T23,0,4.69,1,1,1,7,unexposed,baseline_relative,train,0.1,0.45672309047791015,0.5432769095220898
DEAP:S21:T25,DEAP:S21,T25,0,3.97,1,1,1,7,unexposed,baseline_relative,train,0.1,0.47699860520169435,0.5230013947983057
DEAP:S21:T26,DEAP:S21,T26,0,4.06,1,1,1,7,unexposed,baseline_relative,train,0.1,0.47785468611651605,0.522145313883484
DEAP:S21:T28,DEAP:S21,T28,0,3.04,1,1,1,7,unexposed,baseline_relative,train,0.1,0.4485303999806669,0.5514696000193331
DEAP:S21:T30,DEAP:S21,T30,0,3.45,1,1,1,7,unexposed,baseline_relative,train,0.1,0.5238277487788472,0.4761722512211528
DEAP:S21:T32,DEAP:S21,T32,1,6.27,1,1,1,7,unexposed,baseline_relative,train,0.1,0.430715984839642,0.569284015160358
DEAP:S21:T33,DEAP:S21,T33,1,7.03,1,1,1,7,unexposed,baseline_relative,train,0.1,0.33708657053838353,0.6629134294616165
DEAP:S21:T35,DEAP:S21,T35,0,4.92,1,1,1,7,unexposed,baseline_relative,train,0.1,0.4217453323804595,0.5782546676195405
DEAP:S22:T01,DEAP:S22,T01,1,5.05,1,1,1,7,unexposed,baseline_relative,train,0.1,0.5008846683508084,0.4991153316491916
DEAP:S22:T05,DEAP:S22,T05,1,7.1,1,1,1,7,unexposed,baseline_relative,train,0.1,0.6776962988574694,0.3223037011425306
DEAP:S22:T08,DEAP:S22,T08,1,7.09,1,1,1,7,unexposed,baseline_relative,train,0.1,0.5120962324204359,0.48790376757956416
DEAP:S22:T12,DEAP:S22,T12,0,4.99,1,1,1,7,unexposed,baseline_relative,train,0.1,0.5097437833280518,0.49025621667194813
DEAP:S22:T19,DEAP:S22,T19,1,9.0,1,1,1,7,unexposed,baseline_relative,train,0.1,0.5576956664353738,0.44230433356462623
DEAP:S22:T23,DEAP:S22,T23,0,2.99,1,1,1,7,unexposed,baseline_relative,train,0.1,0.7246799386926213,0.2753200613073787
DEAP:S22:T25,DEAP:S22,T25,0,2.95,1,1,1,7,unexposed,baseline_relative,train,0.1,0.706963848279953,0.29303615172004704
DEAP:S22:T27,DEAP:S22,T27,1,7.06,1,1,1,7,unexposed,baseline_relative,train,0.1,0.6759436015490932,0.3240563984509068
DEAP:S22:T28,DEAP:S22,T28,0,4.03,1,1,1,7,unexposed,baseline_relative,train,0.1,0.5851350586912156,0.4148649413087843
DEAP:S22:T29,DEAP:S22,T29,0,2.0,1,1,1,7,unexposed,baseline_relative,train,0.1,0.933622479455603,0.06637752054439702
DEAP:S22:T30,DEAP:S22,T30,0,1.0,1,1,1,7,unexposed,baseline_relative,train,0.1,0.6619848998381104,0.33801510016188957
DEAP:S22:T32,DEAP:S22,T32,0,1.99,1,1,1,7,unexposed,baseline_relative,train,0.1,0.6295845947809309,0.3704154052190691
DEAP:S22:T33,DEAP:S22,T33,0,1.96,1,1,1,7,unexposed,baseline_relative,train,0.1,0.7496062691798487,0.25039373082015126
DEAP:S25:T01,DEAP:S25,T01,1,8.06,1,1,1,7,unexposed,baseline_relative,train,0.1,0.5182176549470074,0.4817823450529926
DEAP:S25:T05,DEAP:S25,T05,1,5.04,1,1,1,7,unexposed,baseline_relative,train,0.1,0.4192668944472665,0.5807331055527335
DEAP:S25:T08,DEAP:S25,T08,1,8.04,1,1,1,7,unexposed,baseline_relative,train,0.1,0.2858849693364808,0.7141150306635192
DEAP:S25:T12,DEAP:S25,T12,1,8.04,1,1,1,7,unexposed,baseline_relative,train,0.1,0.5993146138895189,0.40068538611048105
DEAP:S25:T15,DEAP:S25,T15,1,7.01,1,1,1,7,unexposed,baseline_relative,train,0.1,0.39231458547003173,0.6076854145299683
DEAP:S25:T19,DEAP:S25,T19,1,7.06,1,1,1,7,unexposed,baseline_relative,train,0.1,0.3686122923517321,0.6313877076482679
DEAP:S25:T23,DEAP:S25,T23,0,2.01,1,1,1,7,unexposed,baseline_relative,train,0.1,0.7280111653946335,0.27198883460536655
DEAP:S25:T25,DEAP:S25,T25,0,4.96,1,1,1,7,unexposed,baseline_relative,train,0.1,0.50987931915916,0.49012068084084
DEAP:S25:T26,DEAP:S25,T26,0,4.99,1,1,1,7,unexposed,baseline_relative,train,0.1,0.5323527147729035,0.46764728522709653
DEAP:S25:T27,DEAP:S25,T27,1,5.03,1,1,1,7,unexposed,baseline_relative,train,0.1,0.6333995435244038,0.3666004564755963
DEAP:S25:T28,DEAP:S25,T28,1,5.01,1,1,1,7,unexposed,baseline_relative,train,0.1,0.5321718713375048,0.46782812866249524
DEAP:S25:T29,DEAP:S25,T29,0,1.0,1,1,1,7,unexposed,baseline_relative,train,0.1,0.5685782050788817,0.4314217949211183
DEAP:S25:T30,DEAP:S25,T30,0,4.03,1,1,1,7,unexposed,baseline_relative,train,0.1,0.5431862173290387,0.45681378267096134
DEAP:S25:T32,DEAP:S25,T32,0,1.0,1,1,1,7,unexposed,baseline_relative,train,0.1,0.45856896486182797,0.541431035138172
DEAP:S25:T35,DEAP:S25,T35,0,3.03,1,1,1,7,unexposed,baseline_relative,train,0.1,0.7787137126905207,0.2212862873094793
DEAP:S26:T01,DEAP:S26,T01,1,7.97,1,1,1,7,unexposed,baseline_relative,train,0.1,0.23316834115344687,0.7668316588465531
DEAP:S26:T05,DEAP:S26,T05,0,4.0,1,1,1,7,unexposed,baseline_relative,train,0.1,0.5300081886853003,0.46999181131469964
DEAP:S26:T08,DEAP:S26,T08,1,8.01,1,1,1,7,unexposed,baseline_relative,train,0.1,0.685090280696045,0.314909719303955
DEAP:S26:T15,DEAP:S26,T15,1,7.01,1,1,1,7,unexposed,baseline_relative,train,0.1,0.3343968365830162,0.6656031634169838
DEAP:S26:T19,DEAP:S26,T19,1,8.0,1,1,1,7,unexposed,baseline_relative,train,0.1,0.7108245307627687,0.2891754692372313
DEAP:S26:T23,DEAP:S26,T23,0,2.28,1,1,1,7,unexposed,baseline_relative,train,0.1,0.6502970430665822,0.34970295693341785
DEAP:S26:T25,DEAP:S26,T25,1,7.14,1,1,1,7,unexposed,baseline_relative,train,0.1,0.20188901849787266,0.7981109815021273
DEAP:S26:T26,DEAP:S26,T26,1,5.05,1,1,1,7,unexposed,baseline_relative,train,0.1,0.37692098936808494,0.6230790106319151
DEAP:S26:T27,DEAP:S26,T27,1,6.0,1,1,1,7,unexposed,baseline_relative,train,0.1,0.5917609438368234,0.4082390561631766
DEAP:S26:T28,DEAP:S26,T28,1,5.97,1,1,1,7,unexposed,baseline_relative,train,0.1,0.46448772533095306,0.5355122746690469
DEAP:S26:T29,DEAP:S26,T29,1,6.09,1,1,1,7,unexposed,baseline_relative,train,0.1,0.3901650359806883,0.6098349640193117
DEAP:S26:T30,DEAP:S26,T30,0,4.95,1,1,1,7,unexposed,baseline_relative,train,0.1,0.7784014991738124,0.22159850082618757
DEAP:S26:T32,DEAP:S26,T32,0,1.96,1,1,1,7,unexposed,baseline_relative,train,0.1,0.48149440365078366,0.5185055963492163
DEAP:S26:T33,DEAP:S26,T33,0,1.0,1,1,1,7,unexposed,baseline_relative,train,0.1,0.550089574780037,0.4499104252199631
DEAP:S26:T35,DEAP:S26,T35,0,2.97,1,1,1,7,unexposed,baseline_relative,train,0.1,0.6144247711678568,0.3855752288321433
DEAP:S27:T01,DEAP:S27,T01,1,6.03,1,1,1,7,unexposed,baseline_relative,train,0.1,0.142869842241784,0.857130157758216
DEAP:S27:T05,DEAP:S27,T05,0,4.97,1,1,1,7,unexposed,baseline_relative,train,0.1,0.48972857061138453,0.5102714293886155
DEAP:S27:T08,DEAP:S27,T08,1,8.24,1,1,1,7,unexposed,baseline_relative,train,0.1,0.23595733789254203,0.764042662107458
DEAP:S27:T12,DEAP:S27,T12,0,4.18,1,1,1,7,unexposed,baseline_relative,train,0.1,0.6874420337191318,0.3125579662808681
DEAP:S27:T15,DEAP:S27,T15,1,5.04,1,1,1,7,unexposed,baseline_relative,train,0.1,0.4633320370541376,0.5366679629458624
DEAP:S27:T19,DEAP:S27,T19,1,5.06,1,1,1,7,unexposed,baseline_relative,train,0.1,0.44310565001937263,0.5568943499806274
DEAP:S27:T23,DEAP:S27,T23,1,8.0,1,1,1,7,unexposed,baseline_relative,train,0.1,0.3192715169333916,0.6807284830666084
DEAP:S27:T26,DEAP:S27,T26,1,5.04,1,1,1,7,unexposed,baseline_relative,train,0.1,0.4472341311707886,0.5527658688292114
DEAP:S27:T27,DEAP:S27,T27,0,4.97,1,1,1,7,unexposed,baseline_relative,train,0.1,0.4838144983232271,0.5161855016767729
DEAP:S27:T28,DEAP:S27,T28,1,5.04,1,1,1,7,unexposed,baseline_relative,train,0.1,0.5250242334781003,0.4749757665218996
DEAP:S27:T29,DEAP:S27,T29,1,7.18,1,1,1,7,unexposed,baseline_relative,train,0.1,0.24584887194284888,0.7541511280571511
DEAP:S27:T30,DEAP:S27,T30,1,7.08,1,1,1,7,unexposed,baseline_relative,train,0.1,0.6799425109707954,0.3200574890292046
DEAP:S27:T32,DEAP:S27,T32,1,5.04,1,1,1,7,unexposed,baseline_relative,train,0.1,0.23602789978737826,0.7639721002126217
DEAP:S27:T33,DEAP:S27,T33,1,5.04,1,1,1,7,unexposed,baseline_relative,train,0.1,0.3443676575002028,0.6556323424997972
DEAP:S27:T35,DEAP:S27,T35,0,1.0,1,1,1,7,unexposed,baseline_relative,train,0.1,0.49571794993482576,0.5042820500651742
DEAP:S28:T01,DEAP:S28,T01,1,7.03,1,1,1,7,unexposed,baseline_relative,train,0.1,0.1960052705187163,0.8039947294812837
DEAP:S28:T05,DEAP:S28,T05,1,7.04,1,1,1,7,unexposed,baseline_relative,train,0.1,0.1839714180014198,0.8160285819985802
DEAP:S28:T08,DEAP:S28,T08,1,7.01,1,1,1,7,unexposed,baseline_relative,train,0.1,0.4023549595204188,0.5976450404795812
DEAP:S28:T12,DEAP:S28,T12,1,6.06,1,1,1,7,unexposed,baseline_relative,train,0.1,0.4379244621741065,0.5620755378258935
DEAP:S28:T15,DEAP:S28,T15,1,5.04,1,1,1,7,unexposed,baseline_relative,train,0.1,0.11446665091884944,0.8855333490811506
DEAP:S28:T19,DEAP:S28,T19,1,7.03,1,1,1,7,unexposed,baseline_relative,train,0.1,0.3470965388372039,0.6529034611627961
DEAP:S28:T23,DEAP:S28,T23,0,2.03,1,1,1,7,unexposed,baseline_relative,train,0.1,0.45527376810836395,0.544726231891636
DEAP:S28:T25,DEAP:S28,T25,0,4.06,1,1,1,7,unexposed,baseline_relative,train,0.1,0.634023795207864,0.36597620479213594
DEAP:S28:T26,DEAP:S28,T26,0,1.99,1,1,1,7,unexposed,baseline_relative,train,0.1,0.7810460889169974,0.21895391108300258
DEAP:S28:T27,DEAP:S28,T27,1,6.08,1,1,1,7,unexposed,baseline_relative,train,0.1,0.4710446669087821,0.5289553330912179
DEAP:S28:T30,DEAP:S28,T30,0,1.99,1,1,1,7,unexposed,baseline_relative,train,0.1,0.555910012906029,0.44408998709397096
DEAP:S28:T33,DEAP:S28,T33,1,7.01,1,1,1,7,unexposed,baseline_relative,train,0.1,0.2695005720169691,0.7304994279830309
DEAP:S28:T35,DEAP:S28,T35,0,1.08,1,1,1,7,unexposed,baseline_relative,train,0.1,0.5631072225519911,0.4368927774480089
DEAP:S29:T01,DEAP:S29,T01,1,6.06,1,1,1,7,unexposed,baseline_relative,train,0.1,0.2756779170189948,0.7243220829810052
DEAP:S29:T05,DEAP:S29,T05,1,6.05,1,1,1,7,unexposed,baseline_relative,train,0.1,0.560803591636108,0.439196408363892
DEAP:S29:T08,DEAP:S29,T08,1,7.04,1,1,1,7,unexposed,baseline_relative,train,0.1,0.4801074943321836,0.5198925056678164
DEAP:S29:T12,DEAP:S29,T12,1,6.04,1,1,1,7,unexposed,baseline_relative,train,0.1,0.6450728215162796,0.35492717848372035
DEAP:S29:T19,DEAP:S29,T19,1,7.05,1,1,1,7,unexposed,baseline_relative,train,0.1,0.5295794650954008,0.47042053490459923
DEAP:S29:T23,DEAP:S29,T23,0,2.05,1,1,1,7,unexposed,baseline_relative,train,0.1,0.7424511062768278,0.2575488937231723
DEAP:S29:T25,DEAP:S29,T25,0,3.03,1,1,1,7,unexposed,baseline_relative,train,0.1,0.6312636638530689,0.36873633614693113
DEAP:S29:T26,DEAP:S29,T26,0,3.0,1,1,1,7,unexposed,baseline_relative,train,0.1,0.5504363081803029,0.44956369181969713
DEAP:S29:T27,DEAP:S29,T27,1,7.09,1,1,1,7,unexposed,baseline_relative,train,0.1,0.3197865284845559,0.6802134715154441
DEAP:S29:T28,DEAP:S29,T28,0,1.04,1,1,1,7,unexposed,baseline_relative,train,0.1,0.4106143254912912,0.5893856745087088
DEAP:S29:T30,DEAP:S29,T30,0,2.95,1,1,1,7,unexposed,baseline_relative,train,0.1,0.63413798270164,0.36586201729835993
DEAP:S29:T32,DEAP:S29,T32,0,4.04,1,1,1,7,unexposed,baseline_relative,train,0.1,0.22544193627197295,0.774558063728027
DEAP:S29:T33,DEAP:S29,T33,0,1.99,1,1,1,7,unexposed,baseline_relative,train,0.1,0.5106266424021827,0.4893733575978173
DEAP:S29:T35,DEAP:S29,T35,0,1.92,1,1,1,7,unexposed,baseline_relative,train,0.1,0.5320511664779659,0.46794883352203404
DEAP:S30:T01,DEAP:S30,T01,1,5.04,1,1,1,7,unexposed,baseline_relative,train,0.1,0.40412831062248555,0.5958716893775144
DEAP:S30:T05,DEAP:S30,T05,1,6.19,1,1,1,7,unexposed,baseline_relative,train,0.1,0.5309858244184135,0.46901417558158653
DEAP:S30:T08,DEAP:S30,T08,1,6.05,1,1,1,7,unexposed,baseline_relative,train,0.1,0.1660077112438002,0.8339922887561998
DEAP:S30:T12,DEAP:S30,T12,1,5.15,1,1,1,7,unexposed,baseline_relative,train,0.1,0.2189439280924812,0.7810560719075188
DEAP:S30:T15,DEAP:S30,T15,1,5.01,1,1,1,7,unexposed,baseline_relative,train,0.1,0.27545855028814037,0.7245414497118596
DEAP:S30:T19,DEAP:S30,T19,1,8.27,1,1,1,7,unexposed,baseline_relative,train,0.1,0.5122987675846896,0.4877012324153104
DEAP:S30:T23,DEAP:S30,T23,0,3.0,1,1,1,7,unexposed,baseline_relative,train,0.1,0.47777879973833937,0.5222212002616606
DEAP:S30:T25,DEAP:S30,T25,0,3.92,1,1,1,7,unexposed,baseline_relative,train,0.1,0.4725214733280738,0.5274785266719262
DEAP:S30:T26,DEAP:S30,T26,1,5.01,1,1,1,7,unexposed,baseline_relative,train,0.1,0.4224646385441916,0.5775353614558084
DEAP:S30:T27,DEAP:S30,T27,1,8.01,1,1,1,7,unexposed,baseline_relative,train,0.1,0.3211962989134751,0.6788037010865249
DEAP:S30:T28,DEAP:S30,T28,1,5.06,1,1,1,7,unexposed,baseline_relative,train,0.1,0.37972615012690103,0.620273849873099
DEAP:S30:T29,DEAP:S30,T29,1,7.23,1,1,1,7,unexposed,baseline_relative,train,0.1,0.24703236064570955,0.7529676393542905
DEAP:S30:T30,DEAP:S30,T30,0,4.04,1,1,1,7,unexposed,baseline_relative,train,0.1,0.31246881938128035,0.6875311806187197
DEAP:S30:T32,DEAP:S30,T32,1,5.01,1,1,1,7,unexposed,baseline_relative,train,0.1,0.20943759303632414,0.7905624069636759
DEAP:S30:T33,DEAP:S30,T33,0,3.91,1,1,1,7,unexposed,baseline_relative,train,0.1,0.3907171995369506,0.6092828004630494
DEAP:S30:T35,DEAP:S30,T35,1,5.04,1,1,1,7,unexposed,baseline_relative,train,0.1,0.34439336547117905,0.655606634528821
DEAP:S01:T04,DEAP:S01,T04,0,4.94,1,1,1,7,unexposed,baseline_relative,validation_unseen,0.1,0.5271504992596105,0.47284950074038945
DEAP:S01:T07,DEAP:S01,T07,1,7.44,1,1,1,7,unexposed,baseline_relative,validation_unseen,0.1,0.7043638763121471,0.29563612368785286
DEAP:S01:T09,DEAP:S01,T09,0,4.04,1,1,1,7,unexposed,baseline_relative,validation_unseen,0.1,0.21750800862563024,0.7824919913743698
DEAP:S01:T13,DEAP:S01,T13,0,1.95,1,1,1,7,unexposed,baseline_relative,validation_unseen,0.1,0.4464243413250132,0.5535756586749868
DEAP:S01:T18,DEAP:S01,T18,1,7.23,1,1,1,7,unexposed,baseline_relative,validation_unseen,0.1,0.5183133152445579,0.4816866847554421
DEAP:S01:T22,DEAP:S01,T22,1,7.09,1,1,1,7,unexposed,baseline_relative,validation_unseen,0.1,0.31278342816966187,0.6872165718303381
DEAP:S01:T24,DEAP:S01,T24,1,7.04,1,1,1,7,unexposed,baseline_relative,validation_unseen,0.1,0.7340157364490945,0.26598426355090554
DEAP:S01:T36,DEAP:S01,T36,0,2.9,1,1,1,7,unexposed,baseline_relative,validation_unseen,0.1,0.5809098736447482,0.41909012635525184
DEAP:S20:T04,DEAP:S20,T04,1,7.05,1,1,1,7,unexposed,baseline_relative,validation_unseen,0.1,0.19409910103401373,0.8059008989659863
DEAP:S20:T07,DEAP:S20,T07,1,5.27,1,1,1,7,unexposed,baseline_relative,validation_unseen,0.1,0.22463467530937586,0.7753653246906241
DEAP:S20:T09,DEAP:S20,T09,1,8.22,1,1,1,7,unexposed,baseline_relative,validation_unseen,0.1,0.43598631805639265,0.5640136819436073
DEAP:S20:T13,DEAP:S20,T13,1,7.91,1,1,1,7,unexposed,baseline_relative,validation_unseen,0.1,0.25391625746681934,0.7460837425331807
DEAP:S20:T18,DEAP:S20,T18,1,7.35,1,1,1,7,unexposed,baseline_relative,validation_unseen,0.1,0.25351127762355796,0.746488722376442
DEAP:S20:T22,DEAP:S20,T22,0,4.06,1,1,1,7,unexposed,baseline_relative,validation_unseen,0.1,0.313439217073161,0.686560782926839
DEAP:S20:T24,DEAP:S20,T24,0,3.0,1,1,1,7,unexposed,baseline_relative,validation_unseen,0.1,0.8160857771749681,0.18391422282503184
DEAP:S20:T36,DEAP:S20,T36,0,4.29,1,1,1,7,unexposed,baseline_relative,validation_unseen,0.1,0.39603828476812764,0.6039617152318724
DEAP:S23:T04,DEAP:S23,T04,1,8.21,1,1,1,7,unexposed,baseline_relative,validation_unseen,0.1,0.534936410034216,0.46506358996578395
DEAP:S23:T07,DEAP:S23,T07,1,8.94,1,1,1,7,unexposed,baseline_relative,validation_unseen,0.1,0.6074694378298505,0.3925305621701495
DEAP:S23:T09,DEAP:S23,T09,1,7.03,1,1,1,7,unexposed,baseline_relative,validation_unseen,0.1,0.41416631530222137,0.5858336846977786
DEAP:S23:T13,DEAP:S23,T13,1,8.01,1,1,1,7,unexposed,baseline_relative,validation_unseen,0.1,0.005804028071632827,0.9941959719283672
DEAP:S23:T18,DEAP:S23,T18,1,7.12,1,1,1,7,unexposed,baseline_relative,validation_unseen,0.1,0.6845750900020344,0.31542490999796563
DEAP:S23:T22,DEAP:S23,T22,0,2.97,1,1,1,7,unexposed,baseline_relative,validation_unseen,0.1,0.2496455957289705,0.7503544042710295
DEAP:S23:T24,DEAP:S23,T24,1,6.53,1,1,1,7,unexposed,baseline_relative,validation_unseen,0.1,0.46269337209058536,0.5373066279094146
DEAP:S23:T36,DEAP:S23,T36,0,4.92,1,1,1,7,unexposed,baseline_relative,validation_unseen,0.1,0.34673685483883754,0.6532631451611625
DEAP:S31:T04,DEAP:S31,T04,1,6.97,1,1,1,7,unexposed,baseline_relative,validation_unseen,0.1,0.6677803177616366,0.33221968223836335
DEAP:S31:T07,DEAP:S31,T07,1,6.05,1,1,1,7,unexposed,baseline_relative,validation_unseen,0.1,0.6021774915949654,0.3978225084050347
DEAP:S31:T09,DEAP:S31,T09,1,6.06,1,1,1,7,unexposed,baseline_relative,validation_unseen,0.1,0.5650125640688484,0.4349874359311516
DEAP:S31:T13,DEAP:S31,T13,1,8.09,1,1,1,7,unexposed,baseline_relative,validation_unseen,0.1,0.38463760403942926,0.6153623959605707
DEAP:S31:T18,DEAP:S31,T18,1,7.06,1,1,1,7,unexposed,baseline_relative,validation_unseen,0.1,0.5669164611012578,0.43308353889874224
DEAP:S31:T22,DEAP:S31,T22,1,5.04,1,1,1,7,unexposed,baseline_relative,validation_unseen,0.1,0.5413905008057972,0.4586094991942028
DEAP:S31:T36,DEAP:S31,T36,0,4.97,1,1,1,7,unexposed,baseline_relative,validation_unseen,0.1,0.28426025030542823,0.7157397496945718
DEAP:S01:T01,DEAP:S01,T01,1,7.71,1,1,1,7,unexposed,baseline_relative,validation_familiar,0.1,0.48981798775122953,0.5101820122487705
DEAP:S01:T05,DEAP:S01,T05,1,6.96,1,1,1,7,unexposed,baseline_relative,validation_familiar,0.1,0.2572634347285173,0.7427365652714827
DEAP:S01:T08,DEAP:S01,T08,1,7.32,1,1,1,7,unexposed,baseline_relative,validation_familiar,0.1,0.49706713998565266,0.5029328600143473
DEAP:S01:T12,DEAP:S01,T12,0,2.71,1,1,1,7,unexposed,baseline_relative,validation_familiar,0.1,0.5622009392911002,0.43779906070889985
DEAP:S01:T15,DEAP:S01,T15,0,3.17,1,1,1,7,unexposed,baseline_relative,validation_familiar,0.1,0.618575160333743,0.381424839666257
DEAP:S01:T19,DEAP:S01,T19,1,7.17,1,1,1,7,unexposed,baseline_relative,validation_familiar,0.1,0.4102977742625362,0.5897022257374638
DEAP:S01:T23,DEAP:S01,T23,1,8.15,1,1,1,7,unexposed,baseline_relative,validation_familiar,0.1,0.765341841122515,0.23465815887748498
DEAP:S01:T25,DEAP:S01,T25,1,8.86,1,1,1,7,unexposed,baseline_relative,validation_familiar,0.1,0.6467384177138589,0.35326158228614113
DEAP:S01:T26,DEAP:S01,T26,1,7.28,1,1,1,7,unexposed,baseline_relative,validation_familiar,0.1,0.875095323703871,0.124904676296129
DEAP:S01:T27,DEAP:S01,T27,1,7.35,1,1,1,7,unexposed,baseline_relative,validation_familiar,0.1,0.43316840300461246,0.5668315969953875
DEAP:S01:T28,DEAP:S01,T28,0,3.88,1,1,1,7,unexposed,baseline_relative,validation_familiar,0.1,0.25877186095109583,0.7412281390489042
DEAP:S01:T29,DEAP:S01,T29,0,1.36,1,1,1,7,unexposed,baseline_relative,validation_familiar,0.1,0.46142498018819833,0.5385750198118017
DEAP:S01:T30,DEAP:S01,T30,0,2.08,1,1,1,7,unexposed,baseline_relative,validation_familiar,0.1,0.6550487654894714,0.3449512345105286
DEAP:S01:T32,DEAP:S01,T32,0,2.28,1,1,1,7,unexposed,baseline_relative,validation_familiar,0.1,0.6775292166628585,0.3224707833371415
DEAP:S01:T33,DEAP:S01,T33,0,3.81,1,1,1,7,unexposed,baseline_relative,validation_familiar,0.1,0.6171359278187263,0.3828640721812737
DEAP:S01:T35,DEAP:S01,T35,0,2.06,1,1,1,7,unexposed,baseline_relative,validation_familiar,0.1,0.19923325581168394,0.8007667441883161
DEAP:S20:T01,DEAP:S20,T01,1,5.76,1,1,1,7,unexposed,baseline_relative,validation_familiar,0.1,0.5488075716642108,0.4511924283357892
DEAP:S20:T05,DEAP:S20,T05,1,8.82,1,1,1,7,unexposed,baseline_relative,validation_familiar,0.1,0.32767562115584237,0.6723243788441576
DEAP:S20:T08,DEAP:S20,T08,1,7.63,1,1,1,7,unexposed,baseline_relative,validation_familiar,0.1,0.3642667136726234,0.6357332863273766
DEAP:S20:T12,DEAP:S20,T12,1,7.64,1,1,1,7,unexposed,baseline_relative,validation_familiar,0.1,0.2279839882538408,0.7720160117461592
DEAP:S20:T15,DEAP:S20,T15,1,6.35,1,1,1,7,unexposed,baseline_relative,validation_familiar,0.1,0.24983196006452457,0.7501680399354754
DEAP:S20:T19,DEAP:S20,T19,1,7.59,1,1,1,7,unexposed,baseline_relative,validation_familiar,0.1,0.12874111226363816,0.8712588877363618
DEAP:S20:T23,DEAP:S20,T23,0,2.82,1,1,1,7,unexposed,baseline_relative,validation_familiar,0.1,0.40466925569169765,0.5953307443083024
DEAP:S20:T25,DEAP:S20,T25,0,2.99,1,1,1,7,unexposed,baseline_relative,validation_familiar,0.1,0.4043009366638023,0.5956990633361977
DEAP:S20:T26,DEAP:S20,T26,0,4.31,1,1,1,7,unexposed,baseline_relative,validation_familiar,0.1,0.3212627031442702,0.6787372968557298
DEAP:S20:T27,DEAP:S20,T27,1,5.03,1,1,1,7,unexposed,baseline_relative,validation_familiar,0.1,0.2516360498274818,0.7483639501725182
DEAP:S20:T28,DEAP:S20,T28,1,5.01,1,1,1,7,unexposed,baseline_relative,validation_familiar,0.1,0.6376230731951464,0.3623769268048536
DEAP:S20:T29,DEAP:S20,T29,0,2.44,1,1,1,7,unexposed,baseline_relative,validation_familiar,0.1,0.28979148597515814,0.7102085140248419
DEAP:S20:T30,DEAP:S20,T30,0,3.49,1,1,1,7,unexposed,baseline_relative,validation_familiar,0.1,0.4374672201342147,0.5625327798657853
DEAP:S20:T32,DEAP:S20,T32,1,6.28,1,1,1,7,unexposed,baseline_relative,validation_familiar,0.1,0.44575117093054695,0.554248829069453
DEAP:S20:T33,DEAP:S20,T33,0,4.64,1,1,1,7,unexposed,baseline_relative,validation_familiar,0.1,0.5088047807387623,0.4911952192612376
DEAP:S20:T35,DEAP:S20,T35,0,4.35,1,1,1,7,unexposed,baseline_relative,validation_familiar,0.1,0.4148879906711562,0.5851120093288438
DEAP:S23:T01,DEAP:S23,T01,1,7.71,1,1,1,7,unexposed,baseline_relative,validation_familiar,0.1,0.651778966628396,0.34822103337160404
DEAP:S23:T05,DEAP:S23,T05,1,6.94,1,1,1,7,unexposed,baseline_relative,validation_familiar,0.1,0.5787510140836132,0.4212489859163869
DEAP:S23:T08,DEAP:S23,T08,1,7.23,1,1,1,7,unexposed,baseline_relative,validation_familiar,0.1,0.5744407563178715,0.4255592436821285
DEAP:S23:T12,DEAP:S23,T12,1,7.0,1,1,1,7,unexposed,baseline_relative,validation_familiar,0.1,0.5756839758870391,0.42431602411296093
DEAP:S23:T15,DEAP:S23,T15,1,7.0,1,1,1,7,unexposed,baseline_relative,validation_familiar,0.1,0.6105977412555216,0.3894022587444784
DEAP:S23:T19,DEAP:S23,T19,1,8.15,1,1,1,7,unexposed,baseline_relative,validation_familiar,0.1,0.652443731438201,0.34755626856179894
DEAP:S23:T23,DEAP:S23,T23,0,4.17,1,1,1,7,unexposed,baseline_relative,validation_familiar,0.1,0.21648115807785762,0.7835188419221424
DEAP:S23:T25,DEAP:S23,T25,0,4.97,1,1,1,7,unexposed,baseline_relative,validation_familiar,0.1,0.4852438082345132,0.5147561917654868
DEAP:S23:T26,DEAP:S23,T26,1,8.27,1,1,1,7,unexposed,baseline_relative,validation_familiar,0.1,0.5859900587806516,0.4140099412193484
DEAP:S23:T27,DEAP:S23,T27,1,5.06,1,1,1,7,unexposed,baseline_relative,validation_familiar,0.1,0.49495147526751204,0.505048524732488
DEAP:S23:T28,DEAP:S23,T28,1,5.04,1,1,1,7,unexposed,baseline_relative,validation_familiar,0.1,0.6484586488013044,0.3515413511986955
DEAP:S23:T29,DEAP:S23,T29,0,3.72,1,1,1,7,unexposed,baseline_relative,validation_familiar,0.1,0.2958162551358139,0.7041837448641861
DEAP:S23:T30,DEAP:S23,T30,0,3.88,1,1,1,7,unexposed,baseline_relative,validation_familiar,0.1,0.585259897221727,0.414740102778273
DEAP:S23:T32,DEAP:S23,T32,1,7.97,1,1,1,7,unexposed,baseline_relative,validation_familiar,0.1,0.4156469727669603,0.5843530272330397
DEAP:S23:T33,DEAP:S23,T33,1,5.04,1,1,1,7,unexposed,baseline_relative,validation_familiar,0.1,0.5678433350634352,0.4321566649365648
DEAP:S23:T35,DEAP:S23,T35,1,5.18,1,1,1,7,unexposed,baseline_relative,validation_familiar,0.1,0.4629408637973197,0.5370591362026803
DEAP:S31:T01,DEAP:S31,T01,1,6.79,1,1,1,7,unexposed,baseline_relative,validation_familiar,0.1,0.3287264208259465,0.6712735791740535
DEAP:S31:T05,DEAP:S31,T05,1,6.22,1,1,1,7,unexposed,baseline_relative,validation_familiar,0.1,0.7016984437234302,0.2983015562765698
DEAP:S31:T08,DEAP:S31,T08,1,6.03,1,1,1,7,unexposed,baseline_relative,validation_familiar,0.1,0.4723351623538714,0.5276648376461286
DEAP:S31:T12,DEAP:S31,T12,1,7.14,1,1,1,7,unexposed,baseline_relative,validation_familiar,0.1,0.30711606560780236,0.6928839343921976
DEAP:S31:T15,DEAP:S31,T15,1,6.05,1,1,1,7,unexposed,baseline_relative,validation_familiar,0.1,0.38977666622306706,0.6102233337769329
DEAP:S31:T19,DEAP:S31,T19,1,7.95,1,1,1,7,unexposed,baseline_relative,validation_familiar,0.1,0.5118972408269947,0.4881027591730053
DEAP:S31:T23,DEAP:S31,T23,0,1.0,1,1,1,7,unexposed,baseline_relative,validation_familiar,0.1,0.5317346615318603,0.4682653384681397
DEAP:S31:T25,DEAP:S31,T25,1,6.14,1,1,1,7,unexposed,baseline_relative,validation_familiar,0.1,0.45908655068589355,0.5409134493141065
DEAP:S31:T26,DEAP:S31,T26,1,7.08,1,1,1,7,unexposed,baseline_relative,validation_familiar,0.1,0.21793958959701376,0.7820604104029862
DEAP:S31:T28,DEAP:S31,T28,1,5.01,1,1,1,7,unexposed,baseline_relative,validation_familiar,0.1,0.4747809166597341,0.5252190833402659
DEAP:S31:T29,DEAP:S31,T29,1,5.09,1,1,1,7,unexposed,baseline_relative,validation_familiar,0.1,0.23356999710283632,0.7664300028971637
DEAP:S31:T30,DEAP:S31,T30,0,3.13,1,1,1,7,unexposed,baseline_relative,validation_familiar,0.1,0.1383659986423159,0.8616340013576841
DEAP:S31:T32,DEAP:S31,T32,0,1.0,1,1,1,7,unexposed,baseline_relative,validation_familiar,0.1,0.5824845710598703,0.41751542894012966
DEAP:S31:T33,DEAP:S31,T33,0,4.18,1,1,1,7,unexposed,baseline_relative,validation_familiar,0.1,0.31176877758585675,0.6882312224141433
DEAP:S31:T35,DEAP:S31,T35,0,4.03,1,1,1,7,unexposed,baseline_relative,validation_familiar,0.1,0.7728202422241632,0.2271797577758367
DEAP:S02:T05,DEAP:S02,T05,1,5.04,1,1,1,7,unexposed,baseline_relative,train,1.0,0.22491242611101148,0.7750875738889885
DEAP:S02:T08,DEAP:S02,T08,1,9.0,1,1,1,7,unexposed,baseline_relative,train,1.0,0.46539081470309307,0.5346091852969069
DEAP:S02:T12,DEAP:S02,T12,1,8.01,1,1,1,7,unexposed,baseline_relative,train,1.0,0.5549693835387232,0.44503061646127684
DEAP:S02:T15,DEAP:S02,T15,1,9.0,1,1,1,7,unexposed,baseline_relative,train,1.0,0.42790415389509595,0.572095846104904
DEAP:S02:T19,DEAP:S02,T19,1,9.0,1,1,1,7,unexposed,baseline_relative,train,1.0,0.4677987746003329,0.5322012253996671
DEAP:S02:T23,DEAP:S02,T23,0,1.0,1,1,1,7,unexposed,baseline_relative,train,1.0,0.7018660362195015,0.29813396378049856
DEAP:S02:T25,DEAP:S02,T25,1,9.0,1,1,1,7,unexposed,baseline_relative,train,1.0,0.4751960451137176,0.5248039548862824
DEAP:S02:T26,DEAP:S02,T26,1,9.0,1,1,1,7,unexposed,baseline_relative,train,1.0,0.7811052473384711,0.2188947526615289
DEAP:S02:T27,DEAP:S02,T27,0,4.96,1,1,1,7,unexposed,baseline_relative,train,1.0,0.6644090538901396,0.3355909461098604
DEAP:S02:T28,DEAP:S02,T28,0,4.06,1,1,1,7,unexposed,baseline_relative,train,1.0,0.6675544046346713,0.33244559536532864
DEAP:S02:T29,DEAP:S02,T29,0,2.99,1,1,1,7,unexposed,baseline_relative,train,1.0,0.43614328795521873,0.5638567120447813
DEAP:S02:T30,DEAP:S02,T30,0,2.01,1,1,1,7,unexposed,baseline_relative,train,1.0,0.5451358736192075,0.45486412638079254
DEAP:S02:T32,DEAP:S02,T32,0,1.0,1,1,1,7,unexposed,baseline_relative,train,1.0,0.4547128821769102,0.5452871178230898
DEAP:S02:T35,DEAP:S02,T35,0,1.99,1,1,1,7,unexposed,baseline_relative,train,1.0,0.27450507896129894,0.7254949210387011
DEAP:S03:T01,DEAP:S03,T01,1,5.33,1,1,1,7,unexposed,baseline_relative,train,1.0,0.6476495750226456,0.3523504249773544
DEAP:S03:T05,DEAP:S03,T05,1,6.92,1,1,1,7,unexposed,baseline_relative,train,1.0,0.6385595708862526,0.36144042911374746
DEAP:S03:T08,DEAP:S03,T08,1,7.14,1,1,1,7,unexposed,baseline_relative,train,1.0,0.1883060210976264,0.8116939789023736
DEAP:S03:T12,DEAP:S03,T12,1,6.36,1,1,1,7,unexposed,baseline_relative,train,1.0,0.43441126171929756,0.5655887382807024
DEAP:S03:T15,DEAP:S03,T15,1,7.36,1,1,1,7,unexposed,baseline_relative,train,1.0,0.09092803256593474,0.9090719674340653
DEAP:S03:T19,DEAP:S03,T19,1,8.14,1,1,1,7,unexposed,baseline_relative,train,1.0,0.13976665516955644,0.8602333448304436
DEAP:S03:T23,DEAP:S03,T23,0,3.65,1,1,1,7,unexposed,baseline_relative,train,1.0,0.700498567237962,0.29950143276203806
DEAP:S03:T25,DEAP:S03,T25,0,3.45,1,1,1,7,unexposed,baseline_relative,train,1.0,0.6031266195658398,0.39687338043416015
DEAP:S03:T27,DEAP:S03,T27,1,6.72,1,1,1,7,unexposed,baseline_relative,train,1.0,0.18217102262046536,0.8178289773795346
DEAP:S03:T28,DEAP:S03,T28,1,5.59,1,1,1,7,unexposed,baseline_relative,train,1.0,0.2772902825435519,0.7227097174564481
DEAP:S03:T29,DEAP:S03,T29,0,4.47,1,1,1,7,unexposed,baseline_relative,train,1.0,0.5143995715593439,0.48560042844065615
DEAP:S03:T30,DEAP:S03,T30,0,3.87,1,1,1,7,unexposed,baseline_relative,train,1.0,0.9192184145387499,0.08078158546125011
DEAP:S03:T32,DEAP:S03,T32,1,5.17,1,1,1,7,unexposed,baseline_relative,train,1.0,0.4344293886421151,0.5655706113578849
DEAP:S03:T35,DEAP:S03,T35,0,3.18,1,1,1,7,unexposed,baseline_relative,train,1.0,0.6229378267408923,0.3770621732591078
DEAP:S04:T05,DEAP:S04,T05,0,4.06,1,1,1,7,unexposed,baseline_relative,train,1.0,0.5033675621218808,0.49663243787811917
DEAP:S04:T08,DEAP:S04,T08,1,5.97,1,1,1,7,unexposed,baseline_relative,train,1.0,0.7452232928027334,0.25477670719726664
DEAP:S04:T15,DEAP:S04,T15,1,6.96,1,1,1,7,unexposed,baseline_relative,train,1.0,0.16705320372830823,0.8329467962716918
DEAP:S04:T19,DEAP:S04,T19,1,7.09,1,1,1,7,unexposed,baseline_relative,train,1.0,0.15721949562133097,0.842780504378669
DEAP:S04:T23,DEAP:S04,T23,0,1.86,1,1,1,7,unexposed,baseline_relative,train,1.0,0.37064893773359975,0.6293510622664003
DEAP:S04:T25,DEAP:S04,T25,1,7.0,1,1,1,7,unexposed,baseline_relative,train,1.0,0.1687579420449351,0.8312420579550649
DEAP:S04:T26,DEAP:S04,T26,1,6.0,1,1,1,7,unexposed,baseline_relative,train,1.0,0.5567160991810336,0.44328390081896646
DEAP:S04:T27,DEAP:S04,T27,1,6.14,1,1,1,7,unexposed,baseline_relative,train,1.0,0.1613511252611507,0.8386488747388493
DEAP:S04:T28,DEAP:S04,T28,0,2.17,1,1,1,7,unexposed,baseline_relative,train,1.0,0.529732815863229,0.47026718413677104
DEAP:S04:T29,DEAP:S04,T29,0,1.85,1,1,1,7,unexposed,baseline_relative,train,1.0,0.3756788284435292,0.6243211715564708
DEAP:S04:T30,DEAP:S04,T30,0,3.1,1,1,1,7,unexposed,baseline_relative,train,1.0,0.5432722288481878,0.4567277711518122
DEAP:S04:T32,DEAP:S04,T32,0,1.01,1,1,1,7,unexposed,baseline_relative,train,1.0,0.840324185707322,0.15967581429267794
DEAP:S04:T33,DEAP:S04,T33,0,1.0,1,1,1,7,unexposed,baseline_relative,train,1.0,0.5651631937827637,0.43483680621723636
DEAP:S04:T35,DEAP:S04,T35,0,2.03,1,1,1,7,unexposed,baseline_relative,train,1.0,0.48287980502495065,0.5171201949750494
DEAP:S05:T01,DEAP:S05,T01,1,6.97,1,1,1,7,unexposed,baseline_relative,train,1.0,0.0529048084254059,0.9470951915745941
DEAP:S05:T05,DEAP:S05,T05,0,3.04,1,1,1,7,unexposed,baseline_relative,train,1.0,0.44768890236787307,0.5523110976321269
DEAP:S05:T08,DEAP:S05,T08,1,8.17,1,1,1,7,unexposed,baseline_relative,train,1.0,0.4829603167010311,0.5170396832989689
DEAP:S05:T12,DEAP:S05,T12,1,7.08,1,1,1,7,unexposed,baseline_relative,train,1.0,0.21157514549610568,0.7884248545038943
DEAP:S05:T15,DEAP:S05,T15,1,6.97,1,1,1,7,unexposed,baseline_relative,train,1.0,0.15337479244722252,0.8466252075527775
DEAP:S05:T19,DEAP:S05,T19,1,8.03,1,1,1,7,unexposed,baseline_relative,train,1.0,0.5753128554234044,0.4246871445765957
DEAP:S05:T23,DEAP:S05,T23,0,1.0,1,1,1,7,unexposed,baseline_relative,train,1.0,0.8116469413461052,0.1883530586538949
DEAP:S05:T25,DEAP:S05,T25,1,5.96,1,1,1,7,unexposed,baseline_relative,train,1.0,0.23609105588931678,0.7639089441106832
DEAP:S05:T26,DEAP:S05,T26,1,7.96,1,1,1,7,unexposed,baseline_relative,train,1.0,0.07794406213466942,0.9220559378653306
DEAP:S05:T27,DEAP:S05,T27,1,7.0,1,1,1,7,unexposed,baseline_relative,train,1.0,0.3110680549643483,0.6889319450356517
DEAP:S05:T28,DEAP:S05,T28,0,3.9,1,1,1,7,unexposed,baseline_relative,train,1.0,0.7108102673971355,0.28918973260286457
DEAP:S05:T29,DEAP:S05,T29,0,4.04,1,1,1,7,unexposed,baseline_relative,train,1.0,0.4878690045923735,0.5121309954076265
DEAP:S05:T30,DEAP:S05,T30,0,2.94,1,1,1,7,unexposed,baseline_relative,train,1.0,0.8633166179938014,0.13668338200619856
DEAP:S05:T32,DEAP:S05,T32,0,1.94,1,1,1,7,unexposed,baseline_relative,train,1.0,0.869362164228102,0.13063783577189805
DEAP:S05:T33,DEAP:S05,T33,1,5.17,1,1,1,7,unexposed,baseline_relative,train,1.0,0.382197585610363,0.617802414389637
DEAP:S05:T35,DEAP:S05,T35,0,4.86,1,1,1,7,unexposed,baseline_relative,train,1.0,0.9367631426015197,0.06323685739848024
DEAP:S06:T05,DEAP:S06,T05,1,7.01,1,1,1,7,unexposed,baseline_relative,train,1.0,0.07076132370588395,0.929238676294116
DEAP:S06:T08,DEAP:S06,T08,1,7.05,1,1,1,7,unexposed,baseline_relative,train,1.0,0.2940111202983614,0.7059888797016386
DEAP:S06:T12,DEAP:S06,T12,1,7.17,1,1,1,7,unexposed,baseline_relative,train,1.0,0.13802254848606532,0.8619774515139347
DEAP:S06:T15,DEAP:S06,T15,1,5.59,1,1,1,7,unexposed,baseline_relative,train,1.0,0.06400005370774364,0.9359999462922564
DEAP:S06:T19,DEAP:S06,T19,1,7.41,1,1,1,7,unexposed,baseline_relative,train,1.0,0.2992204204156147,0.7007795795843853
DEAP:S06:T23,DEAP:S06,T23,0,3.47,1,1,1,7,unexposed,baseline_relative,train,1.0,0.49510702451085686,0.5048929754891431
DEAP:S06:T25,DEAP:S06,T25,1,7.09,1,1,1,7,unexposed,baseline_relative,train,1.0,0.6709672163446809,0.32903278365531907
DEAP:S06:T27,DEAP:S06,T27,1,5.08,1,1,1,7,unexposed,baseline_relative,train,1.0,0.060016972875397534,0.9399830271246025
DEAP:S06:T28,DEAP:S06,T28,1,6.42,1,1,1,7,unexposed,baseline_relative,train,1.0,0.11013086691028262,0.8898691330897174
DEAP:S06:T29,DEAP:S06,T29,0,4.27,1,1,1,7,unexposed,baseline_relative,train,1.0,0.3970803469142562,0.6029196530857438
DEAP:S06:T30,DEAP:S06,T30,1,6.99,1,1,1,7,unexposed,baseline_relative,train,1.0,0.3833103056759456,0.6166896943240544
DEAP:S06:T32,DEAP:S06,T32,1,6.99,1,1,1,7,unexposed,baseline_relative,train,1.0,0.2896006724385827,0.7103993275614173
DEAP:S06:T33,DEAP:S06,T33,1,6.68,1,1,1,7,unexposed,baseline_relative,train,1.0,0.028237897058803862,0.9717621029411961
DEAP:S06:T35,DEAP:S06,T35,0,3.96,1,1,1,7,unexposed,baseline_relative,train,1.0,0.5568621206033573,0.44313787939664273
DEAP:S07:T01,DEAP:S07,T01,1,8.1,1,1,1,7,unexposed,baseline_relative,train,1.0,0.1283708829327571,0.8716291170672429
DEAP:S07:T05,DEAP:S07,T05,1,7.05,1,1,1,7,unexposed,baseline_relative,train,1.0,0.6303915904373651,0.3696084095626349
DEAP:S07:T08,DEAP:S07,T08,1,7.0,1,1,1,7,unexposed,baseline_relative,train,1.0,0.11832889043528294,0.8816711095647171
DEAP:S07:T12,DEAP:S07,T12,1,6.99,1,1,1,7,unexposed,baseline_relative,train,1.0,0.446666589228086,0.553333410771914
DEAP:S07:T15,DEAP:S07,T15,1,7.99,1,1,1,7,unexposed,baseline_relative,train,1.0,0.5389638924857911,0.4610361075142089
DEAP:S07:T19,DEAP:S07,T19,1,6.99,1,1,1,7,unexposed,baseline_relative,train,1.0,0.14467589259943847,0.8553241074005615
DEAP:S07:T25,DEAP:S07,T25,0,2.99,1,1,1,7,unexposed,baseline_relative,train,1.0,0.41357929967059537,0.5864207003294046
DEAP:S07:T27,DEAP:S07,T27,1,6.09,1,1,1,7,unexposed,baseline_relative,train,1.0,0.33504872579488565,0.6649512742051144
DEAP:S07:T28,DEAP:S07,T28,0,2.05,1,1,1,7,unexposed,baseline_relative,train,1.0,0.33174632601170573,0.6682536739882943
DEAP:S07:T29,DEAP:S07,T29,1,7.09,1,1,1,7,unexposed,baseline_relative,train,1.0,0.7726074214618164,0.22739257853818368
DEAP:S07:T30,DEAP:S07,T30,0,3.09,1,1,1,7,unexposed,baseline_relative,train,1.0,0.8105736065011984,0.1894263934988017
DEAP:S07:T32,DEAP:S07,T32,0,4.96,1,1,1,7,unexposed,baseline_relative,train,1.0,0.9884473074238935,0.01155269257610644
DEAP:S07:T33,DEAP:S07,T33,0,4.97,1,1,1,7,unexposed,baseline_relative,train,1.0,0.559447015402146,0.4405529845978539
DEAP:S07:T35,DEAP:S07,T35,1,5.01,1,1,1,7,unexposed,baseline_relative,train,1.0,0.3841621016688124,0.6158378983311876
DEAP:S08:T01,DEAP:S08,T01,1,7.6,1,1,1,7,unexposed,baseline_relative,train,1.0,0.19883342627103118,0.8011665737289688
DEAP:S08:T08,DEAP:S08,T08,1,8.82,1,1,1,7,unexposed,baseline_relative,train,1.0,0.5262381378628815,0.4737618621371184
DEAP:S08:T12,DEAP:S08,T12,1,8.47,1,1,1,7,unexposed,baseline_relative,train,1.0,0.30357665828290414,0.6964233417170959
DEAP:S08:T15,DEAP:S08,T15,1,8.33,1,1,1,7,unexposed,baseline_relative,train,1.0,0.21012457572412857,0.7898754242758714
DEAP:S08:T19,DEAP:S08,T19,1,5.04,1,1,1,7,unexposed,baseline_relative,train,1.0,0.3081734203234616,0.6918265796765384
DEAP:S08:T25,DEAP:S08,T25,0,3.72,1,1,1,7,unexposed,baseline_relative,train,1.0,0.723923392651317,0.276076607348683
DEAP:S08:T26,DEAP:S08,T26,0,4.99,1,1,1,7,unexposed,baseline_relative,train,1.0,0.9338721918021669,0.06612780819783311
DEAP:S08:T27,DEAP:S08,T27,0,4.46,1,1,1,7,unexposed,baseline_relative,train,1.0,0.4928232918823715,0.5071767081176285
DEAP:S08:T28,DEAP:S08,T28,1,5.04,1,1,1,7,unexposed,baseline_relative,train,1.0,0.05859367446299202,0.941406325537008
DEAP:S08:T29,DEAP:S08,T29,0,2.78,1,1,1,7,unexposed,baseline_relative,train,1.0,0.34045493449375186,0.6595450655062481
DEAP:S08:T30,DEAP:S08,T30,0,1.4,1,1,1,7,unexposed,baseline_relative,train,1.0,0.43513823985163225,0.5648617601483678
DEAP:S08:T32,DEAP:S08,T32,1,6.33,1,1,1,7,unexposed,baseline_relative,train,1.0,0.6284192517575267,0.3715807482424733
DEAP:S08:T33,DEAP:S08,T33,0,4.44,1,1,1,7,unexposed,baseline_relative,train,1.0,0.8706046364079761,0.12939536359202386
DEAP:S08:T35,DEAP:S08,T35,0,3.62,1,1,1,7,unexposed,baseline_relative,train,1.0,0.6402689667849903,0.3597310332150096
DEAP:S09:T01,DEAP:S09,T01,1,5.05,1,1,1,7,unexposed,baseline_relative,train,1.0,0.46517284490296307,0.5348271550970369
DEAP:S09:T05,DEAP:S09,T05,0,4.99,1,1,1,7,unexposed,baseline_relative,train,1.0,0.8153776424835163,0.18462235751648373
DEAP:S09:T08,DEAP:S09,T08,1,6.15,1,1,1,7,unexposed,baseline_relative,train,1.0,0.8154035857438557,0.1845964142561442
DEAP:S09:T12,DEAP:S09,T12,1,7.08,1,1,1,7,unexposed,baseline_relative,train,1.0,0.30601893979857564,0.6939810602014244
DEAP:S09:T15,DEAP:S09,T15,1,6.21,1,1,1,7,unexposed,baseline_relative,train,1.0,0.19628089663907144,0.8037191033609286
DEAP:S09:T19,DEAP:S09,T19,0,3.97,1,1,1,7,unexposed,baseline_relative,train,1.0,0.9919624717547268,0.008037528245273108
DEAP:S09:T25,DEAP:S09,T25,1,5.04,1,1,1,7,unexposed,baseline_relative,train,1.0,0.5991276560353697,0.40087234396463034
DEAP:S09:T26,DEAP:S09,T26,0,4.1,1,1,1,7,unexposed,baseline_relative,train,1.0,0.37144491322234696,0.628555086777653
DEAP:S09:T27,DEAP:S09,T27,1,5.04,1,1,1,7,unexposed,baseline_relative,train,1.0,0.5823075967817402,0.4176924032182598
DEAP:S09:T28,DEAP:S09,T28,0,2.96,1,1,1,7,unexposed,baseline_relative,train,1.0,0.8470212432308191,0.1529787567691809
DEAP:S09:T30,DEAP:S09,T30,0,4.04,1,1,1,7,unexposed,baseline_relative,train,1.0,0.718417080687717,0.28158291931228296
DEAP:S09:T32,DEAP:S09,T32,0,3.1,1,1,1,7,unexposed,baseline_relative,train,1.0,0.757462894832192,0.242537105167808
DEAP:S09:T33,DEAP:S09,T33,0,3.08,1,1,1,7,unexposed,baseline_relative,train,1.0,0.5955484043523165,0.40445159564768346
DEAP:S09:T35,DEAP:S09,T35,0,3.01,1,1,1,7,unexposed,baseline_relative,train,1.0,0.8765592977840433,0.12344070221595675
DEAP:S10:T01,DEAP:S10,T01,1,7.91,1,1,1,7,unexposed,baseline_relative,train,1.0,0.6141938143962195,0.38580618560378055
DEAP:S10:T05,DEAP:S10,T05,1,7.24,1,1,1,7,unexposed,baseline_relative,train,1.0,0.3482869383167079,0.6517130616832921
DEAP:S10:T08,DEAP:S10,T08,1,5.68,1,1,1,7,unexposed,baseline_relative,train,1.0,0.3294898712348949,0.6705101287651051
DEAP:S10:T12,DEAP:S10,T12,1,5.37,1,1,1,7,unexposed,baseline_relative,train,1.0,0.33289259903863566,0.6671074009613643
DEAP:S10:T15,DEAP:S10,T15,1,5.31,1,1,1,7,unexposed,baseline_relative,train,1.0,0.8178714595785798,0.18212854042142024
DEAP:S10:T19,DEAP:S10,T19,1,7.82,1,1,1,7,unexposed,baseline_relative,train,1.0,0.3522624906529723,0.6477375093470277
DEAP:S10:T23,DEAP:S10,T23,0,2.87,1,1,1,7,unexposed,baseline_relative,train,1.0,0.6246849709621201,0.37531502903787994
DEAP:S10:T25,DEAP:S10,T25,0,1.92,1,1,1,7,unexposed,baseline_relative,train,1.0,0.8688296248679742,0.13117037513202576
DEAP:S10:T26,DEAP:S10,T26,0,4.95,1,1,1,7,unexposed,baseline_relative,train,1.0,0.9517572032083857,0.04824279679161428
DEAP:S10:T27,DEAP:S10,T27,0,4.94,1,1,1,7,unexposed,baseline_relative,train,1.0,0.4689021123715055,0.5310978876284945
DEAP:S10:T29,DEAP:S10,T29,0,3.94,1,1,1,7,unexposed,baseline_relative,train,1.0,0.6005141416928512,0.39948585830714883
DEAP:S10:T30,DEAP:S10,T30,0,2.64,1,1,1,7,unexposed,baseline_relative,train,1.0,0.6461241030822329,0.35387589691776705
DEAP:S10:T32,DEAP:S10,T32,1,5.96,1,1,1,7,unexposed,baseline_relative,train,1.0,0.12375735041204383,0.8762426495879562
DEAP:S10:T33,DEAP:S10,T33,0,4.94,1,1,1,7,unexposed,baseline_relative,train,1.0,0.8945001463453843,0.10549985365461563
DEAP:S10:T35,DEAP:S10,T35,0,1.38,1,1,1,7,unexposed,baseline_relative,train,1.0,0.6556012357165073,0.3443987642834927
DEAP:S11:T01,DEAP:S11,T01,1,6.27,1,1,1,7,unexposed,baseline_relative,train,1.0,0.7014961324309186,0.29850386756908137
DEAP:S11:T05,DEAP:S11,T05,1,7.41,1,1,1,7,unexposed,baseline_relative,train,1.0,0.10037065094779651,0.8996293490522035
DEAP:S11:T15,DEAP:S11,T15,1,6.92,1,1,1,7,unexposed,baseline_relative,train,1.0,0.2775013685042188,0.7224986314957812
DEAP:S11:T19,DEAP:S11,T19,1,5.54,1,1,1,7,unexposed,baseline_relative,train,1.0,0.46267757803895226,0.5373224219610477
DEAP:S11:T23,DEAP:S11,T23,0,3.72,1,1,1,7,unexposed,baseline_relative,train,1.0,0.40515340480881823,0.5948465951911818
DEAP:S11:T25,DEAP:S11,T25,1,5.01,1,1,1,7,unexposed,baseline_relative,train,1.0,0.41647401684312413,0.5835259831568759
DEAP:S11:T27,DEAP:S11,T27,0,2.28,1,1,1,7,unexposed,baseline_relative,train,1.0,0.6443774783946437,0.35562252160535635
DEAP:S11:T28,DEAP:S11,T28,0,4.26,1,1,1,7,unexposed,baseline_relative,train,1.0,0.34593804612159285,0.6540619538784072
DEAP:S11:T29,DEAP:S11,T29,0,2.32,1,1,1,7,unexposed,baseline_relative,train,1.0,0.7545738840886718,0.24542611591132824
DEAP:S11:T30,DEAP:S11,T30,0,4.58,1,1,1,7,unexposed,baseline_relative,train,1.0,0.3886685143085782,0.6113314856914218
DEAP:S11:T32,DEAP:S11,T32,1,5.01,1,1,1,7,unexposed,baseline_relative,train,1.0,0.3586359954912316,0.6413640045087684
DEAP:S11:T33,DEAP:S11,T33,1,5.64,1,1,1,7,unexposed,baseline_relative,train,1.0,0.41550521176909583,0.5844947882309042
DEAP:S11:T35,DEAP:S11,T35,0,1.23,1,1,1,7,unexposed,baseline_relative,train,1.0,0.6336930536538086,0.3663069463461914
DEAP:S12:T01,DEAP:S12,T01,1,7.09,1,1,1,7,unexposed,baseline_relative,train,1.0,0.23174416920789365,0.7682558307921064
DEAP:S12:T05,DEAP:S12,T05,0,4.01,1,1,1,7,unexposed,baseline_relative,train,1.0,0.6127963253173975,0.3872036746826025
DEAP:S12:T08,DEAP:S12,T08,1,5.1,1,1,1,7,unexposed,baseline_relative,train,1.0,0.3062706666577606,0.6937293333422394
DEAP:S12:T12,DEAP:S12,T12,1,6.86,1,1,1,7,unexposed,baseline_relative,train,1.0,0.5806309906993237,0.4193690093006764
DEAP:S12:T15,DEAP:S12,T15,1,7.08,1,1,1,7,unexposed,baseline_relative,train,1.0,0.3503327601188816,0.6496672398811184
DEAP:S12:T19,DEAP:S12,T19,1,7.03,1,1,1,7,unexposed,baseline_relative,train,1.0,0.26681453608822625,0.7331854639117737
DEAP:S12:T23,DEAP:S12,T23,0,1.74,1,1,1,7,unexposed,baseline_relative,train,1.0,0.4669453019552582,0.5330546980447418
DEAP:S12:T26,DEAP:S12,T26,1,6.08,1,1,1,7,unexposed,baseline_relative,train,1.0,0.2740394953966827,0.7259605046033173
DEAP:S12:T27,DEAP:S12,T27,1,5.05,1,1,1,7,unexposed,baseline_relative,train,1.0,0.02628788057472109,0.9737121194252789
DEAP:S12:T28,DEAP:S12,T28,1,5.04,1,1,1,7,unexposed,baseline_relative,train,1.0,0.46148921925105224,0.5385107807489478
DEAP:S12:T29,DEAP:S12,T29,0,1.67,1,1,1,7,unexposed,baseline_relative,train,1.0,0.7627837776151521,0.23721622238484788
DEAP:S12:T30,DEAP:S12,T30,0,3.36,1,1,1,7,unexposed,baseline_relative,train,1.0,0.8603736066924187,0.1396263933075813
DEAP:S12:T32,DEAP:S12,T32,0,1.86,1,1,1,7,unexposed,baseline_relative,train,1.0,0.4875763548729052,0.5124236451270948
DEAP:S12:T33,DEAP:S12,T33,0,1.9,1,1,1,7,unexposed,baseline_relative,train,1.0,0.7044477071348807,0.29555229286511936
DEAP:S12:T35,DEAP:S12,T35,0,1.22,1,1,1,7,unexposed,baseline_relative,train,1.0,0.6621796987097637,0.3378203012902364
DEAP:S14:T01,DEAP:S14,T01,1,8.22,1,1,1,7,unexposed,baseline_relative,train,1.0,0.6986980922607242,0.30130190773927584
DEAP:S14:T05,DEAP:S14,T05,0,3.99,1,1,1,7,unexposed,baseline_relative,train,1.0,0.5740445515303019,0.4259554484696982
DEAP:S14:T08,DEAP:S14,T08,1,7.0,1,1,1,7,unexposed,baseline_relative,train,1.0,0.4683977216814399,0.5316022783185601
DEAP:S14:T12,DEAP:S14,T12,1,7.63,1,1,1,7,unexposed,baseline_relative,train,1.0,0.48382417335886285,0.5161758266411371
DEAP:S14:T15,DEAP:S14,T15,1,7.08,1,1,1,7,unexposed,baseline_relative,train,1.0,0.5774202946424989,0.42257970535750106
DEAP:S14:T19,DEAP:S14,T19,1,7.55,1,1,1,7,unexposed,baseline_relative,train,1.0,0.4778554796036665,0.5221445203963335
DEAP:S14:T23,DEAP:S14,T23,0,2.41,1,1,1,7,unexposed,baseline_relative,train,1.0,0.5965005070761211,0.40349949292387893
DEAP:S14:T25,DEAP:S14,T25,0,3.87,1,1,1,7,unexposed,baseline_relative,train,1.0,0.7997451618734939,0.20025483812650607
DEAP:S14:T26,DEAP:S14,T26,0,3.28,1,1,1,7,unexposed,baseline_relative,train,1.0,0.7124370458916798,0.2875629541083203
DEAP:S14:T27,DEAP:S14,T27,1,5.81,1,1,1,7,unexposed,baseline_relative,train,1.0,0.39234839443675773,0.6076516055632423
DEAP:S14:T28,DEAP:S14,T28,0,2.53,1,1,1,7,unexposed,baseline_relative,train,1.0,0.3191161900129076,0.6808838099870924
DEAP:S14:T29,DEAP:S14,T29,0,2.92,1,1,1,7,unexposed,baseline_relative,train,1.0,0.46930058673915576,0.5306994132608442
DEAP:S14:T30,DEAP:S14,T30,0,1.1,1,1,1,7,unexposed,baseline_relative,train,1.0,0.1673754422523096,0.8326245577476904
DEAP:S14:T32,DEAP:S14,T32,0,1.99,1,1,1,7,unexposed,baseline_relative,train,1.0,0.5325249087035377,0.4674750912964622
DEAP:S16:T05,DEAP:S16,T05,1,5.51,1,1,1,7,unexposed,baseline_relative,train,1.0,0.24819603504212384,0.7518039649578762
DEAP:S16:T08,DEAP:S16,T08,0,3.51,1,1,1,7,unexposed,baseline_relative,train,1.0,0.814114476585146,0.18588552341485393
DEAP:S16:T12,DEAP:S16,T12,1,5.97,1,1,1,7,unexposed,baseline_relative,train,1.0,0.46806385468961564,0.5319361453103844
DEAP:S16:T15,DEAP:S16,T15,0,2.67,1,1,1,7,unexposed,baseline_relative,train,1.0,0.6289484160115553,0.37105158398844473
DEAP:S16:T19,DEAP:S16,T19,0,2.86,1,1,1,7,unexposed,baseline_relative,train,1.0,0.7121166411002198,0.28788335889978023
DEAP:S16:T23,DEAP:S16,T23,0,3.9,1,1,1,7,unexposed,baseline_relative,train,1.0,0.20743223875033479,0.7925677612496652
DEAP:S16:T25,DEAP:S16,T25,0,2.47,1,1,1,7,unexposed,baseline_relative,train,1.0,0.7818173897764281,0.21818261022357185
DEAP:S16:T26,DEAP:S16,T26,0,1.82,1,1,1,7,unexposed,baseline_relative,train,1.0,0.9407493586586659,0.059250641341334086
DEAP:S16:T27,DEAP:S16,T27,0,2.59,1,1,1,7,unexposed,baseline_relative,train,1.0,0.9921977381303503,0.0078022618696497155
DEAP:S16:T28,DEAP:S16,T28,0,2.85,1,1,1,7,unexposed,baseline_relative,train,1.0,0.971852842618635,0.02814715738136502
DEAP:S16:T30,DEAP:S16,T30,1,6.1,1,1,1,7,unexposed,baseline_relative,train,1.0,0.5554295747307096,0.4445704252692904
DEAP:S16:T32,DEAP:S16,T32,1,5.01,1,1,1,7,unexposed,baseline_relative,train,1.0,0.06202985883749679,0.9379701411625032
DEAP:S16:T33,DEAP:S16,T33,0,1.0,1,1,1,7,unexposed,baseline_relative,train,1.0,0.9959948779477714,0.004005122052228556
DEAP:S16:T35,DEAP:S16,T35,0,1.0,1,1,1,7,unexposed,baseline_relative,train,1.0,0.7180163484134241,0.28198365158657596
DEAP:S17:T05,DEAP:S17,T05,1,7.05,1,1,1,7,unexposed,baseline_relative,train,1.0,0.7767964398729814,0.22320356012701859
DEAP:S17:T08,DEAP:S17,T08,1,6.05,1,1,1,7,unexposed,baseline_relative,train,1.0,0.19298898342372384,0.8070110165762762
DEAP:S17:T12,DEAP:S17,T12,1,5.96,1,1,1,7,unexposed,baseline_relative,train,1.0,0.7757714930371581,0.22422850696284194
DEAP:S17:T15,DEAP:S17,T15,1,5.96,1,1,1,7,unexposed,baseline_relative,train,1.0,0.6236869308544674,0.37631306914553264
DEAP:S17:T19,DEAP:S17,T19,1,7.27,1,1,1,7,unexposed,baseline_relative,train,1.0,0.1338630163347655,0.8661369836652345
DEAP:S17:T23,DEAP:S17,T23,0,3.62,1,1,1,7,unexposed,baseline_relative,train,1.0,0.6610199501887244,0.33898004981127566
DEAP:S17:T25,DEAP:S17,T25,1,6.18,1,1,1,7,unexposed,baseline_relative,train,1.0,0.1903825811775236,0.8096174188224764
DEAP:S17:T26,DEAP:S17,T26,0,3.73,1,1,1,7,unexposed,baseline_relative,train,1.0,0.4285642288291115,0.5714357711708885
DEAP:S17:T27,DEAP:S17,T27,0,3.96,1,1,1,7,unexposed,baseline_relative,train,1.0,0.6129335298593489,0.3870664701406511
DEAP:S17:T28,DEAP:S17,T28,1,5.64,1,1,1,7,unexposed,baseline_relative,train,1.0,0.32449286807160993,0.6755071319283901
DEAP:S17:T29,DEAP:S17,T29,1,5.54,1,1,1,7,unexposed,baseline_relative,train,1.0,0.020101653727377378,0.9798983462726226
DEAP:S17:T32,DEAP:S17,T32,0,4.04,1,1,1,7,unexposed,baseline_relative,train,1.0,0.48116191971610556,0.5188380802838944
DEAP:S17:T35,DEAP:S17,T35,0,4.17,1,1,1,7,unexposed,baseline_relative,train,1.0,0.44343069410723823,0.5565693058927618
DEAP:S18:T01,DEAP:S18,T01,1,6.33,1,1,1,7,unexposed,baseline_relative,train,1.0,0.11791450688150407,0.8820854931184959
DEAP:S18:T05,DEAP:S18,T05,1,6.13,1,1,1,7,unexposed,baseline_relative,train,1.0,0.13543886037868613,0.8645611396213139
DEAP:S18:T12,DEAP:S18,T12,1,5.55,1,1,1,7,unexposed,baseline_relative,train,1.0,0.6193797344035784,0.3806202655964216
DEAP:S18:T15,DEAP:S18,T15,1,6.04,1,1,1,7,unexposed,baseline_relative,train,1.0,0.6689107119669593,0.33108928803304066
DEAP:S18:T19,DEAP:S18,T19,1,7.04,1,1,1,7,unexposed,baseline_relative,train,1.0,0.5958430023704198,0.4041569976295802
DEAP:S18:T23,DEAP:S18,T23,0,3.71,1,1,1,7,unexposed,baseline_relative,train,1.0,0.8064376487646913,0.1935623512353087
DEAP:S18:T25,DEAP:S18,T25,0,4.23,1,1,1,7,unexposed,baseline_relative,train,1.0,0.8434916003932136,0.15650839960678647
DEAP:S18:T26,DEAP:S18,T26,1,5.44,1,1,1,7,unexposed,baseline_relative,train,1.0,0.5950687621538688,0.4049312378461312
DEAP:S18:T28,DEAP:S18,T28,1,5.95,1,1,1,7,unexposed,baseline_relative,train,1.0,0.5030069773508798,0.49699302264912015
DEAP:S18:T29,DEAP:S18,T29,0,4.9,1,1,1,7,unexposed,baseline_relative,train,1.0,0.9548863608856897,0.04511363911431033
DEAP:S18:T30,DEAP:S18,T30,0,2.96,1,1,1,7,unexposed,baseline_relative,train,1.0,0.9738499095832865,0.026150090416713456
DEAP:S18:T32,DEAP:S18,T32,0,4.62,1,1,1,7,unexposed,baseline_relative,train,1.0,0.7918311146212632,0.20816888537873676
DEAP:S18:T33,DEAP:S18,T33,0,4.56,1,1,1,7,unexposed,baseline_relative,train,1.0,0.9635555226988678,0.03644447730113219
DEAP:S18:T35,DEAP:S18,T35,1,5.12,1,1,1,7,unexposed,baseline_relative,train,1.0,0.5718836122908462,0.42811638770915383
DEAP:S19:T01,DEAP:S19,T01,1,7.44,1,1,1,7,unexposed,baseline_relative,train,1.0,0.2634078682799369,0.7365921317200631
DEAP:S19:T05,DEAP:S19,T05,1,7.79,1,1,1,7,unexposed,baseline_relative,train,1.0,0.22152335013005653,0.7784766498699435
DEAP:S19:T08,DEAP:S19,T08,1,7.44,1,1,1,7,unexposed,baseline_relative,train,1.0,0.2891833464378918,0.7108166535621082
DEAP:S19:T12,DEAP:S19,T12,1,6.26,1,1,1,7,unexposed,baseline_relative,train,1.0,0.10718086706025942,0.8928191329397406
DEAP:S19:T15,DEAP:S19,T15,1,5.68,1,1,1,7,unexposed,baseline_relative,train,1.0,0.740423596449775,0.25957640355022504
DEAP:S19:T19,DEAP:S19,T19,1,7.65,1,1,1,7,unexposed,baseline_relative,train,1.0,0.0937278327301877,0.9062721672698123
DEAP:S19:T23,DEAP:S19,T23,0,3.77,1,1,1,7,unexposed,baseline_relative,train,1.0,0.8321259540275385,0.1678740459724615
DEAP:S19:T26,DEAP:S19,T26,0,4.95,1,1,1,7,unexposed,baseline_relative,train,1.0,0.7838158710741585,0.21618412892584146
DEAP:S19:T27,DEAP:S19,T27,0,4.97,1,1,1,7,unexposed,baseline_relative,train,1.0,0.48464952278239914,0.5153504772176009
DEAP:S19:T28,DEAP:S19,T28,1,6.21,1,1,1,7,unexposed,baseline_relative,train,1.0,0.7236219541209601,0.27637804587903986
DEAP:S19:T30,DEAP:S19,T30,0,2.85,1,1,1,7,unexposed,baseline_relative,train,1.0,0.6108181288486415,0.3891818711513585
DEAP:S19:T32,DEAP:S19,T32,0,4.96,1,1,1,7,unexposed,baseline_relative,train,1.0,0.9468110583759299,0.0531889416240701
DEAP:S19:T33,DEAP:S19,T33,0,3.4,1,1,1,7,unexposed,baseline_relative,train,1.0,0.6656059069304181,0.33439409306958195
DEAP:S19:T35,DEAP:S19,T35,0,3.21,1,1,1,7,unexposed,baseline_relative,train,1.0,0.7453200231544808,0.2546799768455192
DEAP:S21:T01,DEAP:S21,T01,1,6.42,1,1,1,7,unexposed,baseline_relative,train,1.0,0.4604357213818505,0.5395642786181495
DEAP:S21:T05,DEAP:S21,T05,1,8.09,1,1,1,7,unexposed,baseline_relative,train,1.0,0.4327868565112948,0.5672131434887052
DEAP:S21:T08,DEAP:S21,T08,1,8.81,1,1,1,7,unexposed,baseline_relative,train,1.0,0.1413293130045956,0.8586706869954044
DEAP:S21:T12,DEAP:S21,T12,0,4.63,1,1,1,7,unexposed,baseline_relative,train,1.0,0.7960156062766299,0.20398439372337002
DEAP:S21:T15,DEAP:S21,T15,1,6.92,1,1,1,7,unexposed,baseline_relative,train,1.0,0.1147183847075347,0.8852816152924653
DEAP:S21:T19,DEAP:S21,T19,1,7.26,1,1,1,7,unexposed,baseline_relative,train,1.0,0.32237610268035255,0.6776238973196475
DEAP:S21:T23,DEAP:S21,T23,0,4.69,1,1,1,7,unexposed,baseline_relative,train,1.0,0.4912785911006041,0.5087214088993959
DEAP:S21:T25,DEAP:S21,T25,0,3.97,1,1,1,7,unexposed,baseline_relative,train,1.0,0.35338460383426984,0.6466153961657302
DEAP:S21:T26,DEAP:S21,T26,0,4.06,1,1,1,7,unexposed,baseline_relative,train,1.0,0.3894793964567197,0.6105206035432803
DEAP:S21:T28,DEAP:S21,T28,0,3.04,1,1,1,7,unexposed,baseline_relative,train,1.0,0.5547601198702022,0.44523988012979776
DEAP:S21:T30,DEAP:S21,T30,0,3.45,1,1,1,7,unexposed,baseline_relative,train,1.0,0.5717866939450236,0.4282133060549765
DEAP:S21:T32,DEAP:S21,T32,1,6.27,1,1,1,7,unexposed,baseline_relative,train,1.0,0.2641351227945006,0.7358648772054994
DEAP:S21:T33,DEAP:S21,T33,1,7.03,1,1,1,7,unexposed,baseline_relative,train,1.0,0.22919999082948972,0.7708000091705103
DEAP:S21:T35,DEAP:S21,T35,0,4.92,1,1,1,7,unexposed,baseline_relative,train,1.0,0.4040298851845152,0.5959701148154848
DEAP:S22:T01,DEAP:S22,T01,1,5.05,1,1,1,7,unexposed,baseline_relative,train,1.0,0.3866579653643103,0.6133420346356897
DEAP:S22:T05,DEAP:S22,T05,1,7.1,1,1,1,7,unexposed,baseline_relative,train,1.0,0.6987138446120991,0.301286155387901
DEAP:S22:T08,DEAP:S22,T08,1,7.09,1,1,1,7,unexposed,baseline_relative,train,1.0,0.4795631239620921,0.5204368760379079
DEAP:S22:T12,DEAP:S22,T12,0,4.99,1,1,1,7,unexposed,baseline_relative,train,1.0,0.4298893465571537,0.5701106534428463
DEAP:S22:T19,DEAP:S22,T19,1,9.0,1,1,1,7,unexposed,baseline_relative,train,1.0,0.42097545493435995,0.57902454506564
DEAP:S22:T23,DEAP:S22,T23,0,2.99,1,1,1,7,unexposed,baseline_relative,train,1.0,0.779919775383867,0.22008022461613297
DEAP:S22:T25,DEAP:S22,T25,0,2.95,1,1,1,7,unexposed,baseline_relative,train,1.0,0.747633327636422,0.25236667236357807
DEAP:S22:T27,DEAP:S22,T27,1,7.06,1,1,1,7,unexposed,baseline_relative,train,1.0,0.6246795841572703,0.3753204158427297
DEAP:S22:T28,DEAP:S22,T28,0,4.03,1,1,1,7,unexposed,baseline_relative,train,1.0,0.500552926191784,0.499447073808216
DEAP:S22:T29,DEAP:S22,T29,0,2.0,1,1,1,7,unexposed,baseline_relative,train,1.0,0.987745834228058,0.012254165771942034
DEAP:S22:T30,DEAP:S22,T30,0,1.0,1,1,1,7,unexposed,baseline_relative,train,1.0,0.8543794588156196,0.1456205411843804
DEAP:S22:T32,DEAP:S22,T32,0,1.99,1,1,1,7,unexposed,baseline_relative,train,1.0,0.5778451139904185,0.4221548860095815
DEAP:S22:T33,DEAP:S22,T33,0,1.96,1,1,1,7,unexposed,baseline_relative,train,1.0,0.8153367471878393,0.18466325281216067
DEAP:S25:T01,DEAP:S25,T01,1,8.06,1,1,1,7,unexposed,baseline_relative,train,1.0,0.4927692465193476,0.5072307534806524
DEAP:S25:T05,DEAP:S25,T05,1,5.04,1,1,1,7,unexposed,baseline_relative,train,1.0,0.288050916278357,0.711949083721643
DEAP:S25:T08,DEAP:S25,T08,1,8.04,1,1,1,7,unexposed,baseline_relative,train,1.0,0.25311108610878896,0.746888913891211
DEAP:S25:T12,DEAP:S25,T12,1,8.04,1,1,1,7,unexposed,baseline_relative,train,1.0,0.5833903065633805,0.4166096934366194
DEAP:S25:T15,DEAP:S25,T15,1,7.01,1,1,1,7,unexposed,baseline_relative,train,1.0,0.35305466592175927,0.6469453340782407
DEAP:S25:T19,DEAP:S25,T19,1,7.06,1,1,1,7,unexposed,baseline_relative,train,1.0,0.23378789422402857,0.7662121057759714
DEAP:S25:T23,DEAP:S25,T23,0,2.01,1,1,1,7,unexposed,baseline_relative,train,1.0,0.9101297541032065,0.08987024589679354
DEAP:S25:T25,DEAP:S25,T25,0,4.96,1,1,1,7,unexposed,baseline_relative,train,1.0,0.5986425907336809,0.40135740926631913
DEAP:S25:T26,DEAP:S25,T26,0,4.99,1,1,1,7,unexposed,baseline_relative,train,1.0,0.6503541869923686,0.34964581300763137
DEAP:S25:T27,DEAP:S25,T27,1,5.03,1,1,1,7,unexposed,baseline_relative,train,1.0,0.6117594206320869,0.38824057936791306
DEAP:S25:T28,DEAP:S25,T28,1,5.01,1,1,1,7,unexposed,baseline_relative,train,1.0,0.5010858649166499,0.4989141350833501
DEAP:S25:T29,DEAP:S25,T29,0,1.0,1,1,1,7,unexposed,baseline_relative,train,1.0,0.6825943260207754,0.31740567397922453
DEAP:S25:T30,DEAP:S25,T30,0,4.03,1,1,1,7,unexposed,baseline_relative,train,1.0,0.6185531972281688,0.3814468027718312
DEAP:S25:T32,DEAP:S25,T32,0,1.0,1,1,1,7,unexposed,baseline_relative,train,1.0,0.4162593088583444,0.5837406911416556
DEAP:S25:T35,DEAP:S25,T35,0,3.03,1,1,1,7,unexposed,baseline_relative,train,1.0,0.9690234029735413,0.030976597026458746
DEAP:S26:T01,DEAP:S26,T01,1,7.97,1,1,1,7,unexposed,baseline_relative,train,1.0,0.15131247999159514,0.8486875200084049
DEAP:S26:T05,DEAP:S26,T05,0,4.0,1,1,1,7,unexposed,baseline_relative,train,1.0,0.6486191252245455,0.3513808747754546
DEAP:S26:T08,DEAP:S26,T08,1,8.01,1,1,1,7,unexposed,baseline_relative,train,1.0,0.6983641188471372,0.3016358811528628
DEAP:S26:T15,DEAP:S26,T15,1,7.01,1,1,1,7,unexposed,baseline_relative,train,1.0,0.11795267778575902,0.882047322214241
DEAP:S26:T19,DEAP:S26,T19,1,8.0,1,1,1,7,unexposed,baseline_relative,train,1.0,0.5706917079621305,0.4293082920378694
DEAP:S26:T23,DEAP:S26,T23,0,2.28,1,1,1,7,unexposed,baseline_relative,train,1.0,0.8181609662249877,0.1818390337750123
DEAP:S26:T25,DEAP:S26,T25,1,7.14,1,1,1,7,unexposed,baseline_relative,train,1.0,0.15755463585151752,0.8424453641484825
DEAP:S26:T26,DEAP:S26,T26,1,5.05,1,1,1,7,unexposed,baseline_relative,train,1.0,0.39186766355424973,0.6081323364457503
DEAP:S26:T27,DEAP:S26,T27,1,6.0,1,1,1,7,unexposed,baseline_relative,train,1.0,0.7891808812619953,0.2108191187380047
DEAP:S26:T28,DEAP:S26,T28,1,5.97,1,1,1,7,unexposed,baseline_relative,train,1.0,0.1948759971665296,0.8051240028334704
DEAP:S26:T29,DEAP:S26,T29,1,6.09,1,1,1,7,unexposed,baseline_relative,train,1.0,0.2671237567388488,0.7328762432611512
DEAP:S26:T30,DEAP:S26,T30,0,4.95,1,1,1,7,unexposed,baseline_relative,train,1.0,0.8749353932533626,0.12506460674663744
DEAP:S26:T32,DEAP:S26,T32,0,1.96,1,1,1,7,unexposed,baseline_relative,train,1.0,0.5112622748147826,0.48873772518521735
DEAP:S26:T33,DEAP:S26,T33,0,1.0,1,1,1,7,unexposed,baseline_relative,train,1.0,0.5990063653965347,0.4009936346034653
DEAP:S26:T35,DEAP:S26,T35,0,2.97,1,1,1,7,unexposed,baseline_relative,train,1.0,0.6856604797157508,0.3143395202842492
DEAP:S27:T01,DEAP:S27,T01,1,6.03,1,1,1,7,unexposed,baseline_relative,train,1.0,0.03357757911831272,0.9664224208816873
DEAP:S27:T05,DEAP:S27,T05,0,4.97,1,1,1,7,unexposed,baseline_relative,train,1.0,0.599926574269215,0.400073425730785
DEAP:S27:T08,DEAP:S27,T08,1,8.24,1,1,1,7,unexposed,baseline_relative,train,1.0,0.13331768798325183,0.8666823120167482
DEAP:S27:T12,DEAP:S27,T12,0,4.18,1,1,1,7,unexposed,baseline_relative,train,1.0,0.7940171628245594,0.20598283717544064
DEAP:S27:T15,DEAP:S27,T15,1,5.04,1,1,1,7,unexposed,baseline_relative,train,1.0,0.40079811575473945,0.5992018842452606
DEAP:S27:T19,DEAP:S27,T19,1,5.06,1,1,1,7,unexposed,baseline_relative,train,1.0,0.4400209963283175,0.5599790036716825
DEAP:S27:T23,DEAP:S27,T23,1,8.0,1,1,1,7,unexposed,baseline_relative,train,1.0,0.11652860732004233,0.8834713926799577
DEAP:S27:T26,DEAP:S27,T26,1,5.04,1,1,1,7,unexposed,baseline_relative,train,1.0,0.5003278298819536,0.4996721701180464
DEAP:S27:T27,DEAP:S27,T27,0,4.97,1,1,1,7,unexposed,baseline_relative,train,1.0,0.523250550127458,0.476749449872542
DEAP:S27:T28,DEAP:S27,T28,1,5.04,1,1,1,7,unexposed,baseline_relative,train,1.0,0.5154062937715237,0.4845937062284763
DEAP:S27:T29,DEAP:S27,T29,1,7.18,1,1,1,7,unexposed,baseline_relative,train,1.0,0.1504555792578638,0.8495444207421362
DEAP:S27:T30,DEAP:S27,T30,1,7.08,1,1,1,7,unexposed,baseline_relative,train,1.0,0.7228411250012996,0.27715887499870034
DEAP:S27:T32,DEAP:S27,T32,1,5.04,1,1,1,7,unexposed,baseline_relative,train,1.0,0.06535577257143654,0.9346442274285635
DEAP:S27:T33,DEAP:S27,T33,1,5.04,1,1,1,7,unexposed,baseline_relative,train,1.0,0.225883516288225,0.774116483711775
DEAP:S27:T35,DEAP:S27,T35,0,1.0,1,1,1,7,unexposed,baseline_relative,train,1.0,0.601783373429026,0.398216626570974
DEAP:S28:T01,DEAP:S28,T01,1,7.03,1,1,1,7,unexposed,baseline_relative,train,1.0,0.05246379787929489,0.9475362021207051
DEAP:S28:T05,DEAP:S28,T05,1,7.04,1,1,1,7,unexposed,baseline_relative,train,1.0,0.057912610406882004,0.942087389593118
DEAP:S28:T08,DEAP:S28,T08,1,7.01,1,1,1,7,unexposed,baseline_relative,train,1.0,0.419366725919733,0.580633274080267
DEAP:S28:T12,DEAP:S28,T12,1,6.06,1,1,1,7,unexposed,baseline_relative,train,1.0,0.1488700477838989,0.8511299522161011
DEAP:S28:T15,DEAP:S28,T15,1,5.04,1,1,1,7,unexposed,baseline_relative,train,1.0,0.008635836088161541,0.9913641639118385
DEAP:S28:T19,DEAP:S28,T19,1,7.03,1,1,1,7,unexposed,baseline_relative,train,1.0,0.21660088171356462,0.7833991182864354
DEAP:S28:T23,DEAP:S28,T23,0,2.03,1,1,1,7,unexposed,baseline_relative,train,1.0,0.5580817663435191,0.44191823365648086
DEAP:S28:T25,DEAP:S28,T25,0,4.06,1,1,1,7,unexposed,baseline_relative,train,1.0,0.8364681216077146,0.1635318783922855
DEAP:S28:T26,DEAP:S28,T26,0,1.99,1,1,1,7,unexposed,baseline_relative,train,1.0,0.9028099328503312,0.09719006714966882
DEAP:S28:T27,DEAP:S28,T27,1,6.08,1,1,1,7,unexposed,baseline_relative,train,1.0,0.5166243980494,0.48337560195060003
DEAP:S28:T30,DEAP:S28,T30,0,1.99,1,1,1,7,unexposed,baseline_relative,train,1.0,0.5096103008551505,0.4903896991448496
DEAP:S28:T33,DEAP:S28,T33,1,7.01,1,1,1,7,unexposed,baseline_relative,train,1.0,0.09538440222787081,0.9046155977721292
DEAP:S28:T35,DEAP:S28,T35,0,1.08,1,1,1,7,unexposed,baseline_relative,train,1.0,0.5295939498689035,0.4704060501310965
DEAP:S29:T01,DEAP:S29,T01,1,6.06,1,1,1,7,unexposed,baseline_relative,train,1.0,0.23494316658353143,0.7650568334164686
DEAP:S29:T05,DEAP:S29,T05,1,6.05,1,1,1,7,unexposed,baseline_relative,train,1.0,0.4143753072219326,0.5856246927780674
DEAP:S29:T08,DEAP:S29,T08,1,7.04,1,1,1,7,unexposed,baseline_relative,train,1.0,0.5328188648591972,0.4671811351408028
DEAP:S29:T12,DEAP:S29,T12,1,6.04,1,1,1,7,unexposed,baseline_relative,train,1.0,0.5700048888829352,0.42999511111706473
DEAP:S29:T19,DEAP:S29,T19,1,7.05,1,1,1,7,unexposed,baseline_relative,train,1.0,0.31257882868201703,0.687421171317983
DEAP:S29:T23,DEAP:S29,T23,0,2.05,1,1,1,7,unexposed,baseline_relative,train,1.0,0.8811633540744462,0.11883664592555378
DEAP:S29:T25,DEAP:S29,T25,0,3.03,1,1,1,7,unexposed,baseline_relative,train,1.0,0.8142680357017801,0.18573196429821992
DEAP:S29:T26,DEAP:S29,T26,0,3.0,1,1,1,7,unexposed,baseline_relative,train,1.0,0.6236173148836666,0.3763826851163335
DEAP:S29:T27,DEAP:S29,T27,1,7.09,1,1,1,7,unexposed,baseline_relative,train,1.0,0.21615963003310446,0.7838403699668955
DEAP:S29:T28,DEAP:S29,T28,0,1.04,1,1,1,7,unexposed,baseline_relative,train,1.0,0.5370526938322175,0.46294730616778246
DEAP:S29:T30,DEAP:S29,T30,0,2.95,1,1,1,7,unexposed,baseline_relative,train,1.0,0.7022023588568806,0.2977976411431194
DEAP:S29:T32,DEAP:S29,T32,0,4.04,1,1,1,7,unexposed,baseline_relative,train,1.0,0.1712119911249349,0.8287880088750651
DEAP:S29:T33,DEAP:S29,T33,0,1.99,1,1,1,7,unexposed,baseline_relative,train,1.0,0.5856118858088546,0.41438811419114546
DEAP:S29:T35,DEAP:S29,T35,0,1.92,1,1,1,7,unexposed,baseline_relative,train,1.0,0.5608662974316871,0.4391337025683129
DEAP:S30:T01,DEAP:S30,T01,1,5.04,1,1,1,7,unexposed,baseline_relative,train,1.0,0.3864867536689015,0.6135132463310985
DEAP:S30:T05,DEAP:S30,T05,1,6.19,1,1,1,7,unexposed,baseline_relative,train,1.0,0.6517461010808723,0.34825389891912767
DEAP:S30:T08,DEAP:S30,T08,1,6.05,1,1,1,7,unexposed,baseline_relative,train,1.0,0.02384084183957813,0.9761591581604219
DEAP:S30:T12,DEAP:S30,T12,1,5.15,1,1,1,7,unexposed,baseline_relative,train,1.0,0.07838642734340007,0.9216135726565999
DEAP:S30:T15,DEAP:S30,T15,1,5.01,1,1,1,7,unexposed,baseline_relative,train,1.0,0.17093443452496182,0.8290655654750382
DEAP:S30:T19,DEAP:S30,T19,1,8.27,1,1,1,7,unexposed,baseline_relative,train,1.0,0.5507950763254168,0.4492049236745832
DEAP:S30:T23,DEAP:S30,T23,0,3.0,1,1,1,7,unexposed,baseline_relative,train,1.0,0.7393652554748114,0.2606347445251886
DEAP:S30:T25,DEAP:S30,T25,0,3.92,1,1,1,7,unexposed,baseline_relative,train,1.0,0.5332246024325172,0.46677539756748276
DEAP:S30:T26,DEAP:S30,T26,1,5.01,1,1,1,7,unexposed,baseline_relative,train,1.0,0.26283523092030026,0.7371647690796997
DEAP:S30:T27,DEAP:S30,T27,1,8.01,1,1,1,7,unexposed,baseline_relative,train,1.0,0.21522520048700156,0.7847747995129984
DEAP:S30:T28,DEAP:S30,T28,1,5.06,1,1,1,7,unexposed,baseline_relative,train,1.0,0.22940420546848506,0.7705957945315149
DEAP:S30:T29,DEAP:S30,T29,1,7.23,1,1,1,7,unexposed,baseline_relative,train,1.0,0.12191393398609263,0.8780860660139074
DEAP:S30:T30,DEAP:S30,T30,0,4.04,1,1,1,7,unexposed,baseline_relative,train,1.0,0.44011787387468204,0.559882126125318
DEAP:S30:T32,DEAP:S30,T32,1,5.01,1,1,1,7,unexposed,baseline_relative,train,1.0,0.08640020475574173,0.9135997952442583
DEAP:S30:T33,DEAP:S30,T33,0,3.91,1,1,1,7,unexposed,baseline_relative,train,1.0,0.5428163271309495,0.4571836728690505
DEAP:S30:T35,DEAP:S30,T35,1,5.04,1,1,1,7,unexposed,baseline_relative,train,1.0,0.228756531242856,0.771243468757144
DEAP:S01:T04,DEAP:S01,T04,0,4.94,1,1,1,7,unexposed,baseline_relative,validation_unseen,1.0,0.4948641002735066,0.5051358997264934
DEAP:S01:T07,DEAP:S01,T07,1,7.44,1,1,1,7,unexposed,baseline_relative,validation_unseen,1.0,0.9669421039407243,0.03305789605927567
DEAP:S01:T09,DEAP:S01,T09,0,4.04,1,1,1,7,unexposed,baseline_relative,validation_unseen,1.0,0.04508851370915623,0.9549114862908438
DEAP:S01:T13,DEAP:S01,T13,0,1.95,1,1,1,7,unexposed,baseline_relative,validation_unseen,1.0,0.4861049296983003,0.5138950703016997
DEAP:S01:T18,DEAP:S01,T18,1,7.23,1,1,1,7,unexposed,baseline_relative,validation_unseen,1.0,0.6290165617069641,0.370983438293036
DEAP:S01:T22,DEAP:S01,T22,1,7.09,1,1,1,7,unexposed,baseline_relative,validation_unseen,1.0,0.1871040469842643,0.8128959530157357
DEAP:S01:T24,DEAP:S01,T24,1,7.04,1,1,1,7,unexposed,baseline_relative,validation_unseen,1.0,0.9120845669389208,0.08791543306107923
DEAP:S01:T36,DEAP:S01,T36,0,2.9,1,1,1,7,unexposed,baseline_relative,validation_unseen,1.0,0.7809674866905731,0.2190325133094269
DEAP:S20:T04,DEAP:S20,T04,1,7.05,1,1,1,7,unexposed,baseline_relative,validation_unseen,1.0,0.02658705800404726,0.9734129419959527
DEAP:S20:T07,DEAP:S20,T07,1,5.27,1,1,1,7,unexposed,baseline_relative,validation_unseen,1.0,0.02612955853549337,0.9738704414645066
DEAP:S20:T09,DEAP:S20,T09,1,8.22,1,1,1,7,unexposed,baseline_relative,validation_unseen,1.0,0.3597733350330894,0.6402266649669106
DEAP:S20:T13,DEAP:S20,T13,1,7.91,1,1,1,7,unexposed,baseline_relative,validation_unseen,1.0,0.038551155257557146,0.9614488447424429
DEAP:S20:T18,DEAP:S20,T18,1,7.35,1,1,1,7,unexposed,baseline_relative,validation_unseen,1.0,0.10691950702206421,0.8930804929779358
DEAP:S20:T22,DEAP:S20,T22,0,4.06,1,1,1,7,unexposed,baseline_relative,validation_unseen,1.0,0.0752227076199824,0.9247772923800176
DEAP:S20:T24,DEAP:S20,T24,0,3.0,1,1,1,7,unexposed,baseline_relative,validation_unseen,1.0,0.9057555612113852,0.09424443878861481
DEAP:S20:T36,DEAP:S20,T36,0,4.29,1,1,1,7,unexposed,baseline_relative,validation_unseen,1.0,0.1115936702624194,0.8884063297375806
DEAP:S23:T04,DEAP:S23,T04,1,8.21,1,1,1,7,unexposed,baseline_relative,validation_unseen,1.0,0.7386937194927954,0.26130628050720456
DEAP:S23:T07,DEAP:S23,T07,1,8.94,1,1,1,7,unexposed,baseline_relative,validation_unseen,1.0,0.9493901801362298,0.05060981986377023
DEAP:S23:T09,DEAP:S23,T09,1,7.03,1,1,1,7,unexposed,baseline_relative,validation_unseen,1.0,0.31639103663647694,0.6836089633635231
DEAP:S23:T13,DEAP:S23,T13,1,8.01,1,1,1,7,unexposed,baseline_relative,validation_unseen,1.0,0.00022927035161568465,0.9997707296483843
DEAP:S23:T18,DEAP:S23,T18,1,7.12,1,1,1,7,unexposed,baseline_relative,validation_unseen,1.0,0.8653951299088434,0.13460487009115668
DEAP:S23:T22,DEAP:S23,T22,0,2.97,1,1,1,7,unexposed,baseline_relative,validation_unseen,1.0,0.25809345559678154,0.7419065444032185
DEAP:S23:T24,DEAP:S23,T24,1,6.53,1,1,1,7,unexposed,baseline_relative,validation_unseen,1.0,0.5906768388947586,0.40932316110524136
DEAP:S23:T36,DEAP:S23,T36,0,4.92,1,1,1,7,unexposed,baseline_relative,validation_unseen,1.0,0.17038189823557237,0.8296181017644276
DEAP:S31:T04,DEAP:S31,T04,1,6.97,1,1,1,7,unexposed,baseline_relative,validation_unseen,1.0,0.8988681577749318,0.10113184222506817
DEAP:S31:T07,DEAP:S31,T07,1,6.05,1,1,1,7,unexposed,baseline_relative,validation_unseen,1.0,0.8106637881001048,0.18933621189989527
DEAP:S31:T09,DEAP:S31,T09,1,6.06,1,1,1,7,unexposed,baseline_relative,validation_unseen,1.0,0.8866812425285315,0.11331875747146847
DEAP:S31:T13,DEAP:S31,T13,1,8.09,1,1,1,7,unexposed,baseline_relative,validation_unseen,1.0,0.5045589212141259,0.4954410787858741
DEAP:S31:T18,DEAP:S31,T18,1,7.06,1,1,1,7,unexposed,baseline_relative,validation_unseen,1.0,0.7080857611982809,0.291914238801719
DEAP:S31:T22,DEAP:S31,T22,1,5.04,1,1,1,7,unexposed,baseline_relative,validation_unseen,1.0,0.23745455252132253,0.7625454474786775
DEAP:S31:T36,DEAP:S31,T36,0,4.97,1,1,1,7,unexposed,baseline_relative,validation_unseen,1.0,0.21964804810361183,0.7803519518963882
DEAP:S01:T01,DEAP:S01,T01,1,7.71,1,1,1,7,unexposed,baseline_relative,validation_familiar,1.0,0.5936003696433856,0.40639963035661436
DEAP:S01:T05,DEAP:S01,T05,1,6.96,1,1,1,7,unexposed,baseline_relative,validation_familiar,1.0,0.09016160351792202,0.909838396482078
DEAP:S01:T08,DEAP:S01,T08,1,7.32,1,1,1,7,unexposed,baseline_relative,validation_familiar,1.0,0.50541189195931,0.49458810804069
DEAP:S01:T12,DEAP:S01,T12,0,2.71,1,1,1,7,unexposed,baseline_relative,validation_familiar,1.0,0.6426970714279465,0.3573029285720534
DEAP:S01:T15,DEAP:S01,T15,0,3.17,1,1,1,7,unexposed,baseline_relative,validation_familiar,1.0,0.6343009559200733,0.3656990440799267
DEAP:S01:T19,DEAP:S01,T19,1,7.17,1,1,1,7,unexposed,baseline_relative,validation_familiar,1.0,0.34519610731895556,0.6548038926810444
DEAP:S01:T23,DEAP:S01,T23,1,8.15,1,1,1,7,unexposed,baseline_relative,validation_familiar,1.0,0.9152976753447782,0.08470232465522172
DEAP:S01:T25,DEAP:S01,T25,1,8.86,1,1,1,7,unexposed,baseline_relative,validation_familiar,1.0,0.8284374927113237,0.17156250728867628
DEAP:S01:T26,DEAP:S01,T26,1,7.28,1,1,1,7,unexposed,baseline_relative,validation_familiar,1.0,0.9595261974943488,0.04047380250565124
DEAP:S01:T27,DEAP:S01,T27,1,7.35,1,1,1,7,unexposed,baseline_relative,validation_familiar,1.0,0.46196347820484984,0.5380365217951502
DEAP:S01:T28,DEAP:S01,T28,0,3.88,1,1,1,7,unexposed,baseline_relative,validation_familiar,1.0,0.08269198814617562,0.9173080118538244
DEAP:S01:T29,DEAP:S01,T29,0,1.36,1,1,1,7,unexposed,baseline_relative,validation_familiar,1.0,0.30925494176893586,0.6907450582310641
DEAP:S01:T30,DEAP:S01,T30,0,2.08,1,1,1,7,unexposed,baseline_relative,validation_familiar,1.0,0.7036842165029802,0.29631578349701987
DEAP:S01:T32,DEAP:S01,T32,0,2.28,1,1,1,7,unexposed,baseline_relative,validation_familiar,1.0,0.7901231100401226,0.20987688995987744
DEAP:S01:T33,DEAP:S01,T33,0,3.81,1,1,1,7,unexposed,baseline_relative,validation_familiar,1.0,0.852021456173474,0.14797854382652603
DEAP:S01:T35,DEAP:S01,T35,0,2.06,1,1,1,7,unexposed,baseline_relative,validation_familiar,1.0,0.14416759198029705,0.855832408019703
DEAP:S20:T01,DEAP:S20,T01,1,5.76,1,1,1,7,unexposed,baseline_relative,validation_familiar,1.0,0.5020146903330179,0.49798530966698207
DEAP:S20:T05,DEAP:S20,T05,1,8.82,1,1,1,7,unexposed,baseline_relative,validation_familiar,1.0,0.08753308355885425,0.9124669164411457
DEAP:S20:T08,DEAP:S20,T08,1,7.63,1,1,1,7,unexposed,baseline_relative,validation_familiar,1.0,0.13457765211510764,0.8654223478848924
DEAP:S20:T12,DEAP:S20,T12,1,7.64,1,1,1,7,unexposed,baseline_relative,validation_familiar,1.0,0.018405637583358003,0.981594362416642
DEAP:S20:T15,DEAP:S20,T15,1,6.35,1,1,1,7,unexposed,baseline_relative,validation_familiar,1.0,0.07539933467699311,0.9246006653230069
DEAP:S20:T19,DEAP:S20,T19,1,7.59,1,1,1,7,unexposed,baseline_relative,validation_familiar,1.0,0.0063450642198754625,0.9936549357801245
DEAP:S20:T23,DEAP:S20,T23,0,2.82,1,1,1,7,unexposed,baseline_relative,validation_familiar,1.0,0.22142367806061114,0.7785763219393889
DEAP:S20:T25,DEAP:S20,T25,0,2.99,1,1,1,7,unexposed,baseline_relative,validation_familiar,1.0,0.21581605778312019,0.7841839422168798
DEAP:S20:T26,DEAP:S20,T26,0,4.31,1,1,1,7,unexposed,baseline_relative,validation_familiar,1.0,0.1836356017812707,0.8163643982187293
DEAP:S20:T27,DEAP:S20,T27,1,5.03,1,1,1,7,unexposed,baseline_relative,validation_familiar,1.0,0.08097407736245643,0.9190259226375436
DEAP:S20:T28,DEAP:S20,T28,1,5.01,1,1,1,7,unexposed,baseline_relative,validation_familiar,1.0,0.6396452181061895,0.36035478189381054
DEAP:S20:T29,DEAP:S20,T29,0,2.44,1,1,1,7,unexposed,baseline_relative,validation_familiar,1.0,0.18681078374690974,0.8131892162530903
DEAP:S20:T30,DEAP:S20,T30,0,3.49,1,1,1,7,unexposed,baseline_relative,validation_familiar,1.0,0.15618221681876887,0.8438177831812311
DEAP:S20:T32,DEAP:S20,T32,1,6.28,1,1,1,7,unexposed,baseline_relative,validation_familiar,1.0,0.11541104376622369,0.8845889562337763
DEAP:S20:T33,DEAP:S20,T33,0,4.64,1,1,1,7,unexposed,baseline_relative,validation_familiar,1.0,0.272470357815345,0.727529642184655
DEAP:S20:T35,DEAP:S20,T35,0,4.35,1,1,1,7,unexposed,baseline_relative,validation_familiar,1.0,0.21325791317402965,0.7867420868259704
DEAP:S23:T01,DEAP:S23,T01,1,7.71,1,1,1,7,unexposed,baseline_relative,validation_familiar,1.0,0.9460391066430256,0.05396089335697443
DEAP:S23:T05,DEAP:S23,T05,1,6.94,1,1,1,7,unexposed,baseline_relative,validation_familiar,1.0,0.507290251128077,0.492709748871923
DEAP:S23:T08,DEAP:S23,T08,1,7.23,1,1,1,7,unexposed,baseline_relative,validation_familiar,1.0,0.7962140477576206,0.20378595224237936
DEAP:S23:T12,DEAP:S23,T12,1,7.0,1,1,1,7,unexposed,baseline_relative,validation_familiar,1.0,0.859285446960793,0.14071455303920696
DEAP:S23:T15,DEAP:S23,T15,1,7.0,1,1,1,7,unexposed,baseline_relative,validation_familiar,1.0,0.9369421327636516,0.06305786723634844
DEAP:S23:T19,DEAP:S23,T19,1,8.15,1,1,1,7,unexposed,baseline_relative,validation_familiar,1.0,0.9185515109264246,0.0814484890735754
DEAP:S23:T23,DEAP:S23,T23,0,4.17,1,1,1,7,unexposed,baseline_relative,validation_familiar,1.0,0.018190933500619955,0.98180906649938
DEAP:S23:T25,DEAP:S23,T25,0,4.97,1,1,1,7,unexposed,baseline_relative,validation_familiar,1.0,0.5668010937721568,0.43319890622784324
DEAP:S23:T26,DEAP:S23,T26,1,8.27,1,1,1,7,unexposed,baseline_relative,validation_familiar,1.0,0.7306382745261069,0.2693617254738932
DEAP:S23:T27,DEAP:S23,T27,1,5.06,1,1,1,7,unexposed,baseline_relative,validation_familiar,1.0,0.7290365812212705,0.27096341877872954
DEAP:S23:T28,DEAP:S23,T28,1,5.04,1,1,1,7,unexposed,baseline_relative,validation_familiar,1.0,0.8997722277016033,0.10022777229839673
DEAP:S23:T29,DEAP:S23,T29,0,3.72,1,1,1,7,unexposed,baseline_relative,validation_familiar,1.0,0.11485078553676542,0.8851492144632346
DEAP:S23:T30,DEAP:S23,T30,0,3.88,1,1,1,7,unexposed,baseline_relative,validation_familiar,1.0,0.8884444004892309,0.11155559951076913
DEAP:S23:T32,DEAP:S23,T32,1,7.97,1,1,1,7,unexposed,baseline_relative,validation_familiar,1.0,0.45360955842808404,0.546390441571916
DEAP:S23:T33,DEAP:S23,T33,1,5.04,1,1,1,7,unexposed,baseline_relative,validation_familiar,1.0,0.6584817890456394,0.34151821095436063
DEAP:S23:T35,DEAP:S23,T35,1,5.18,1,1,1,7,unexposed,baseline_relative,validation_familiar,1.0,0.3573057307226014,0.6426942692773986
DEAP:S31:T01,DEAP:S31,T01,1,6.79,1,1,1,7,unexposed,baseline_relative,validation_familiar,1.0,0.14694954821499084,0.8530504517850092
DEAP:S31:T05,DEAP:S31,T05,1,6.22,1,1,1,7,unexposed,baseline_relative,validation_familiar,1.0,0.940770019939445,0.05922998006055502
DEAP:S31:T08,DEAP:S31,T08,1,6.03,1,1,1,7,unexposed,baseline_relative,validation_familiar,1.0,0.7362008831373399,0.2637991168626601
DEAP:S31:T12,DEAP:S31,T12,1,7.14,1,1,1,7,unexposed,baseline_relative,validation_familiar,1.0,0.067363306265803,0.932636693734197
DEAP:S31:T15,DEAP:S31,T15,1,6.05,1,1,1,7,unexposed,baseline_relative,validation_familiar,1.0,0.5426234935871106,0.4573765064128894
DEAP:S31:T19,DEAP:S31,T19,1,7.95,1,1,1,7,unexposed,baseline_relative,validation_familiar,1.0,0.4914128101850175,0.5085871898149825
DEAP:S31:T23,DEAP:S31,T23,0,1.0,1,1,1,7,unexposed,baseline_relative,validation_familiar,1.0,0.8434012798590849,0.15659872014091514
DEAP:S31:T25,DEAP:S31,T25,1,6.14,1,1,1,7,unexposed,baseline_relative,validation_familiar,1.0,0.5693291566558769,0.43067084334412314
DEAP:S31:T26,DEAP:S31,T26,1,7.08,1,1,1,7,unexposed,baseline_relative,validation_familiar,1.0,0.09033326482472226,0.9096667351752777
DEAP:S31:T28,DEAP:S31,T28,1,5.01,1,1,1,7,unexposed,baseline_relative,validation_familiar,1.0,0.5754264472594346,0.4245735527405654
DEAP:S31:T29,DEAP:S31,T29,1,5.09,1,1,1,7,unexposed,baseline_relative,validation_familiar,1.0,0.14072708563740766,0.8592729143625923
DEAP:S31:T30,DEAP:S31,T30,0,3.13,1,1,1,7,unexposed,baseline_relative,validation_familiar,1.0,0.0357067540467908,0.9642932459532092
DEAP:S31:T32,DEAP:S31,T32,0,1.0,1,1,1,7,unexposed,baseline_relative,validation_familiar,1.0,0.6055625636849814,0.3944374363150186
DEAP:S31:T33,DEAP:S31,T33,0,4.18,1,1,1,7,unexposed,baseline_relative,validation_familiar,1.0,0.2323448135075511,0.7676551864924489
DEAP:S31:T35,DEAP:S31,T35,0,4.03,1,1,1,7,unexposed,baseline_relative,validation_familiar,1.0,0.9715158198163614,0.028484180183638616
DEAP:S02:T05,DEAP:S02,T05,1,5.04,1,1,1,7,unexposed,baseline_relative,train,10.0,0.22075282925072026,0.7792471707492797
DEAP:S02:T08,DEAP:S02,T08,1,9.0,1,1,1,7,unexposed,baseline_relative,train,10.0,0.45724612165614853,0.5427538783438515
DEAP:S02:T12,DEAP:S02,T12,1,8.01,1,1,1,7,unexposed,baseline_relative,train,10.0,0.5413874216212122,0.4586125783787878
DEAP:S02:T15,DEAP:S02,T15,1,9.0,1,1,1,7,unexposed,baseline_relative,train,10.0,0.41431786809779336,0.5856821319022066
DEAP:S02:T19,DEAP:S02,T19,1,9.0,1,1,1,7,unexposed,baseline_relative,train,10.0,0.5612745921202237,0.4387254078797763
DEAP:S02:T23,DEAP:S02,T23,0,1.0,1,1,1,7,unexposed,baseline_relative,train,10.0,0.7747953028797393,0.2252046971202607
DEAP:S02:T25,DEAP:S02,T25,1,9.0,1,1,1,7,unexposed,baseline_relative,train,10.0,0.5485790848962773,0.4514209151037227
DEAP:S02:T26,DEAP:S02,T26,1,9.0,1,1,1,7,unexposed,baseline_relative,train,10.0,0.9059363165801922,0.09406368341980775
DEAP:S02:T27,DEAP:S02,T27,0,4.96,1,1,1,7,unexposed,baseline_relative,train,10.0,0.744744183546507,0.2552558164534931
DEAP:S02:T28,DEAP:S02,T28,0,4.06,1,1,1,7,unexposed,baseline_relative,train,10.0,0.7286750911790072,0.2713249088209928
DEAP:S02:T29,DEAP:S02,T29,0,2.99,1,1,1,7,unexposed,baseline_relative,train,10.0,0.34311509437142285,0.6568849056285772
DEAP:S02:T30,DEAP:S02,T30,0,2.01,1,1,1,7,unexposed,baseline_relative,train,10.0,0.5853237469221224,0.41467625307787764
DEAP:S02:T32,DEAP:S02,T32,0,1.0,1,1,1,7,unexposed,baseline_relative,train,10.0,0.5086706676789029,0.4913293323210971
DEAP:S02:T35,DEAP:S02,T35,0,1.99,1,1,1,7,unexposed,baseline_relative,train,10.0,0.20620207136048407,0.7937979286395159
DEAP:S03:T01,DEAP:S03,T01,1,5.33,1,1,1,7,unexposed,baseline_relative,train,10.0,0.7281484762287613,0.2718515237712386
DEAP:S03:T05,DEAP:S03,T05,1,6.92,1,1,1,7,unexposed,baseline_relative,train,10.0,0.6663648111007547,0.3336351888992452
DEAP:S03:T08,DEAP:S03,T08,1,7.14,1,1,1,7,unexposed,baseline_relative,train,10.0,0.10401313681744939,0.8959868631825506
DEAP:S03:T12,DEAP:S03,T12,1,6.36,1,1,1,7,unexposed,baseline_relative,train,10.0,0.4062753801194874,0.5937246198805126
DEAP:S03:T15,DEAP:S03,T15,1,7.36,1,1,1,7,unexposed,baseline_relative,train,10.0,0.023319409061198337,0.9766805909388017
DEAP:S03:T19,DEAP:S03,T19,1,8.14,1,1,1,7,unexposed,baseline_relative,train,10.0,0.07727488350612888,0.9227251164938711
DEAP:S03:T23,DEAP:S03,T23,0,3.65,1,1,1,7,unexposed,baseline_relative,train,10.0,0.7224212599081159,0.2775787400918841
DEAP:S03:T25,DEAP:S03,T25,0,3.45,1,1,1,7,unexposed,baseline_relative,train,10.0,0.6317546497403712,0.36824535025962885
DEAP:S03:T27,DEAP:S03,T27,1,6.72,1,1,1,7,unexposed,baseline_relative,train,10.0,0.05351474653199706,0.9464852534680029
DEAP:S03:T28,DEAP:S03,T28,1,5.59,1,1,1,7,unexposed,baseline_relative,train,10.0,0.20821265469035066,0.7917873453096493
DEAP:S03:T29,DEAP:S03,T29,0,4.47,1,1,1,7,unexposed,baseline_relative,train,10.0,0.5195602863709124,0.48043971362908755
DEAP:S03:T30,DEAP:S03,T30,0,3.87,1,1,1,7,unexposed,baseline_relative,train,10.0,0.9836120461980966,0.016387953801903363
DEAP:S03:T32,DEAP:S03,T32,1,5.17,1,1,1,7,unexposed,baseline_relative,train,10.0,0.47342796039349877,0.5265720396065012
DEAP:S03:T35,DEAP:S03,T35,0,3.18,1,1,1,7,unexposed,baseline_relative,train,10.0,0.6391058162289031,0.36089418377109694
DEAP:S04:T05,DEAP:S04,T05,0,4.06,1,1,1,7,unexposed,baseline_relative,train,10.0,0.4428222664189305,0.5571777335810695
DEAP:S04:T08,DEAP:S04,T08,1,5.97,1,1,1,7,unexposed,baseline_relative,train,10.0,0.8051869293762273,0.19481307062377268
DEAP:S04:T15,DEAP:S04,T15,1,6.96,1,1,1,7,unexposed,baseline_relative,train,10.0,0.1452447557481904,0.8547552442518096
DEAP:S04:T19,DEAP:S04,T19,1,7.09,1,1,1,7,unexposed,baseline_relative,train,10.0,0.07778851557297384,0.9222114844270262
DEAP:S04:T23,DEAP:S04,T23,0,1.86,1,1,1,7,unexposed,baseline_relative,train,10.0,0.34632419086506916,0.6536758091349308
DEAP:S04:T25,DEAP:S04,T25,1,7.0,1,1,1,7,unexposed,baseline_relative,train,10.0,0.0905856968133123,0.9094143031866877
DEAP:S04:T26,DEAP:S04,T26,1,6.0,1,1,1,7,unexposed,baseline_relative,train,10.0,0.5449479678014723,0.45505203219852774
DEAP:S04:T27,DEAP:S04,T27,1,6.14,1,1,1,7,unexposed,baseline_relative,train,10.0,0.1332442459069486,0.8667557540930514
DEAP:S04:T28,DEAP:S04,T28,0,2.17,1,1,1,7,unexposed,baseline_relative,train,10.0,0.5071959146246832,0.49280408537531684
DEAP:S04:T29,DEAP:S04,T29,0,1.85,1,1,1,7,unexposed,baseline_relative,train,10.0,0.3139328353027028,0.6860671646972972
DEAP:S04:T30,DEAP:S04,T30,0,3.1,1,1,1,7,unexposed,baseline_relative,train,10.0,0.5476696398780316,0.4523303601219683
DEAP:S04:T32,DEAP:S04,T32,0,1.01,1,1,1,7,unexposed,baseline_relative,train,10.0,0.8611676451829591,0.13883235481704095
DEAP:S04:T33,DEAP:S04,T33,0,1.0,1,1,1,7,unexposed,baseline_relative,train,10.0,0.566217551962931,0.433782448037069
DEAP:S04:T35,DEAP:S04,T35,0,2.03,1,1,1,7,unexposed,baseline_relative,train,10.0,0.5237705588505259,0.4762294411494741
DEAP:S05:T01,DEAP:S05,T01,1,6.97,1,1,1,7,unexposed,baseline_relative,train,10.0,0.022355049193270138,0.9776449508067299
DEAP:S05:T05,DEAP:S05,T05,0,3.04,1,1,1,7,unexposed,baseline_relative,train,10.0,0.41758493091766014,0.5824150690823399
DEAP:S05:T08,DEAP:S05,T08,1,8.17,1,1,1,7,unexposed,baseline_relative,train,10.0,0.49843478175891676,0.5015652182410832
DEAP:S05:T12,DEAP:S05,T12,1,7.08,1,1,1,7,unexposed,baseline_relative,train,10.0,0.0954593744836113,0.9045406255163887
DEAP:S05:T15,DEAP:S05,T15,1,6.97,1,1,1,7,unexposed,baseline_relative,train,10.0,0.10373387396388178,0.8962661260361182
DEAP:S05:T19,DEAP:S05,T19,1,8.03,1,1,1,7,unexposed,baseline_relative,train,10.0,0.5464016681213026,0.4535983318786973
DEAP:S05:T23,DEAP:S05,T23,0,1.0,1,1,1,7,unexposed,baseline_relative,train,10.0,0.8821651705627136,0.11783482943728638
DEAP:S05:T25,DEAP:S05,T25,1,5.96,1,1,1,7,unexposed,baseline_relative,train,10.0,0.1954946287968755,0.8045053712031245
DEAP:S05:T26,DEAP:S05,T26,1,7.96,1,1,1,7,unexposed,baseline_relative,train,10.0,0.02116270962113853,0.9788372903788615
DEAP:S05:T27,DEAP:S05,T27,1,7.0,1,1,1,7,unexposed,baseline_relative,train,10.0,0.2799731203078052,0.7200268796921948
DEAP:S05:T28,DEAP:S05,T28,0,3.9,1,1,1,7,unexposed,baseline_relative,train,10.0,0.793346213587732,0.2066537864122679
DEAP:S05:T29,DEAP:S05,T29,0,4.04,1,1,1,7,unexposed,baseline_relative,train,10.0,0.5955553750928126,0.40444462490718736
DEAP:S05:T30,DEAP:S05,T30,0,2.94,1,1,1,7,unexposed,baseline_relative,train,10.0,0.8965177702804212,0.10348222971957878
DEAP:S05:T32,DEAP:S05,T32,0,1.94,1,1,1,7,unexposed,baseline_relative,train,10.0,0.9410907278010526,0.05890927219894736
DEAP:S05:T33,DEAP:S05,T33,1,5.17,1,1,1,7,unexposed,baseline_relative,train,10.0,0.187208589108685,0.812791410891315
DEAP:S05:T35,DEAP:S05,T35,0,4.86,1,1,1,7,unexposed,baseline_relative,train,10.0,0.9832398558995664,0.016760144100433538
DEAP:S06:T05,DEAP:S06,T05,1,7.01,1,1,1,7,unexposed,baseline_relative,train,10.0,0.018823669193613224,0.9811763308063868
DEAP:S06:T08,DEAP:S06,T08,1,7.05,1,1,1,7,unexposed,baseline_relative,train,10.0,0.24682061380455067,0.7531793861954493
DEAP:S06:T12,DEAP:S06,T12,1,7.17,1,1,1,7,unexposed,baseline_relative,train,10.0,0.07378151890558426,0.9262184810944157
DEAP:S06:T15,DEAP:S06,T15,1,5.59,1,1,1,7,unexposed,baseline_relative,train,10.0,0.013008578926340109,0.9869914210736599
DEAP:S06:T19,DEAP:S06,T19,1,7.41,1,1,1,7,unexposed,baseline_relative,train,10.0,0.26152362388479045,0.7384763761152096
DEAP:S06:T23,DEAP:S06,T23,0,3.47,1,1,1,7,unexposed,baseline_relative,train,10.0,0.5726701923771578,0.4273298076228423
DEAP:S06:T25,DEAP:S06,T25,1,7.09,1,1,1,7,unexposed,baseline_relative,train,10.0,0.7031393123029088,0.2968606876970912
DEAP:S06:T27,DEAP:S06,T27,1,5.08,1,1,1,7,unexposed,baseline_relative,train,10.0,0.02097277758120819,0.9790272224187918
DEAP:S06:T28,DEAP:S06,T28,1,6.42,1,1,1,7,unexposed,baseline_relative,train,10.0,0.04234067677994546,0.9576593232200545
DEAP:S06:T29,DEAP:S06,T29,0,4.27,1,1,1,7,unexposed,baseline_relative,train,10.0,0.38380657770183313,0.6161934222981669
DEAP:S06:T30,DEAP:S06,T30,1,6.99,1,1,1,7,unexposed,baseline_relative,train,10.0,0.33637217579056966,0.6636278242094303
DEAP:S06:T32,DEAP:S06,T32,1,6.99,1,1,1,7,unexposed,baseline_relative,train,10.0,0.20290228265612775,0.7970977173438722
DEAP:S06:T33,DEAP:S06,T33,1,6.68,1,1,1,7,unexposed,baseline_relative,train,10.0,0.002644851001335935,0.9973551489986641
DEAP:S06:T35,DEAP:S06,T35,0,3.96,1,1,1,7,unexposed,baseline_relative,train,10.0,0.6021723492747137,0.39782765072528625
DEAP:S07:T01,DEAP:S07,T01,1,8.1,1,1,1,7,unexposed,baseline_relative,train,10.0,0.0985170969904613,0.9014829030095387
DEAP:S07:T05,DEAP:S07,T05,1,7.05,1,1,1,7,unexposed,baseline_relative,train,10.0,0.7135500484215803,0.2864499515784197
DEAP:S07:T08,DEAP:S07,T08,1,7.0,1,1,1,7,unexposed,baseline_relative,train,10.0,0.07288917265151496,0.927110827348485
DEAP:S07:T12,DEAP:S07,T12,1,6.99,1,1,1,7,unexposed,baseline_relative,train,10.0,0.5141686331824494,0.48583136681755057
DEAP:S07:T15,DEAP:S07,T15,1,7.99,1,1,1,7,unexposed,baseline_relative,train,10.0,0.581244943367911,0.418755056632089
DEAP:S07:T19,DEAP:S07,T19,1,6.99,1,1,1,7,unexposed,baseline_relative,train,10.0,0.04205075595851959,0.9579492440414804
DEAP:S07:T25,DEAP:S07,T25,0,2.99,1,1,1,7,unexposed,baseline_relative,train,10.0,0.4274169098130194,0.5725830901869806
DEAP:S07:T27,DEAP:S07,T27,1,6.09,1,1,1,7,unexposed,baseline_relative,train,10.0,0.2909009946254991,0.7090990053745009
DEAP:S07:T28,DEAP:S07,T28,0,2.05,1,1,1,7,unexposed,baseline_relative,train,10.0,0.3383608440877598,0.6616391559122402
DEAP:S07:T29,DEAP:S07,T29,1,7.09,1,1,1,7,unexposed,baseline_relative,train,10.0,0.7927213634370007,0.20727863656299922
DEAP:S07:T30,DEAP:S07,T30,0,3.09,1,1,1,7,unexposed,baseline_relative,train,10.0,0.8462584005488828,0.15374159945111723
DEAP:S07:T32,DEAP:S07,T32,0,4.96,1,1,1,7,unexposed,baseline_relative,train,10.0,0.9993484633524145,0.0006515366475855849
DEAP:S07:T33,DEAP:S07,T33,0,4.97,1,1,1,7,unexposed,baseline_relative,train,10.0,0.6978782930711087,0.3021217069288913
DEAP:S07:T35,DEAP:S07,T35,1,5.01,1,1,1,7,unexposed,baseline_relative,train,10.0,0.312532428549242,0.687467571450758
DEAP:S08:T01,DEAP:S08,T01,1,7.6,1,1,1,7,unexposed,baseline_relative,train,10.0,0.09609957599853403,0.903900424001466
DEAP:S08:T08,DEAP:S08,T08,1,8.82,1,1,1,7,unexposed,baseline_relative,train,10.0,0.5464145288328623,0.45358547116713765
DEAP:S08:T12,DEAP:S08,T12,1,8.47,1,1,1,7,unexposed,baseline_relative,train,10.0,0.25862097087670666,0.7413790291232933
DEAP:S08:T15,DEAP:S08,T15,1,8.33,1,1,1,7,unexposed,baseline_relative,train,10.0,0.23953873612623489,0.7604612638737651
DEAP:S08:T19,DEAP:S08,T19,1,5.04,1,1,1,7,unexposed,baseline_relative,train,10.0,0.2777247190067521,0.7222752809932479
DEAP:S08:T25,DEAP:S08,T25,0,3.72,1,1,1,7,unexposed,baseline_relative,train,10.0,0.739100443816108,0.26089955618389205
DEAP:S08:T26,DEAP:S08,T26,0,4.99,1,1,1,7,unexposed,baseline_relative,train,10.0,0.9656753219330859,0.03432467806691407
DEAP:S08:T27,DEAP:S08,T27,0,4.46,1,1,1,7,unexposed,baseline_relative,train,10.0,0.4498851706053567,0.5501148293946433
DEAP:S08:T28,DEAP:S08,T28,1,5.04,1,1,1,7,unexposed,baseline_relative,train,10.0,0.006327493010562013,0.993672506989438
DEAP:S08:T29,DEAP:S08,T29,0,2.78,1,1,1,7,unexposed,baseline_relative,train,10.0,0.36861992144553113,0.6313800785544689
DEAP:S08:T30,DEAP:S08,T30,0,1.4,1,1,1,7,unexposed,baseline_relative,train,10.0,0.5063585457753226,0.49364145422467737
DEAP:S08:T32,DEAP:S08,T32,1,6.33,1,1,1,7,unexposed,baseline_relative,train,10.0,0.5487776165319643,0.45122238346803567
DEAP:S08:T33,DEAP:S08,T33,0,4.44,1,1,1,7,unexposed,baseline_relative,train,10.0,0.9402497156319033,0.059750284368096714
DEAP:S08:T35,DEAP:S08,T35,0,3.62,1,1,1,7,unexposed,baseline_relative,train,10.0,0.7044219622345071,0.29557803776549285
DEAP:S09:T01,DEAP:S09,T01,1,5.05,1,1,1,7,unexposed,baseline_relative,train,10.0,0.4180196126401533,0.5819803873598467
DEAP:S09:T05,DEAP:S09,T05,0,4.99,1,1,1,7,unexposed,baseline_relative,train,10.0,0.8046312264732516,0.1953687735267484
DEAP:S09:T08,DEAP:S09,T08,1,6.15,1,1,1,7,unexposed,baseline_relative,train,10.0,0.7759651338209087,0.2240348661790913
DEAP:S09:T12,DEAP:S09,T12,1,7.08,1,1,1,7,unexposed,baseline_relative,train,10.0,0.2823929154371373,0.7176070845628627
DEAP:S09:T15,DEAP:S09,T15,1,6.21,1,1,1,7,unexposed,baseline_relative,train,10.0,0.1082764965700016,0.8917235034299984
DEAP:S09:T19,DEAP:S09,T19,0,3.97,1,1,1,7,unexposed,baseline_relative,train,10.0,0.9982330843604171,0.0017669156395828597
DEAP:S09:T25,DEAP:S09,T25,1,5.04,1,1,1,7,unexposed,baseline_relative,train,10.0,0.5812081841810983,0.4187918158189017
DEAP:S09:T26,DEAP:S09,T26,0,4.1,1,1,1,7,unexposed,baseline_relative,train,10.0,0.35864939661789863,0.6413506033821014
DEAP:S09:T27,DEAP:S09,T27,1,5.04,1,1,1,7,unexposed,baseline_relative,train,10.0,0.6598351316114314,0.34016486838856863
DEAP:S09:T28,DEAP:S09,T28,0,2.96,1,1,1,7,unexposed,baseline_relative,train,10.0,0.9489365967975141,0.05106340320248593
DEAP:S09:T30,DEAP:S09,T30,0,4.04,1,1,1,7,unexposed,baseline_relative,train,10.0,0.857825291797536,0.14217470820246406
DEAP:S09:T32,DEAP:S09,T32,0,3.1,1,1,1,7,unexposed,baseline_relative,train,10.0,0.8084151061660517,0.19158489383394828
DEAP:S09:T33,DEAP:S09,T33,0,3.08,1,1,1,7,unexposed,baseline_relative,train,10.0,0.6278474601921673,0.3721525398078327
DEAP:S09:T35,DEAP:S09,T35,0,3.01,1,1,1,7,unexposed,baseline_relative,train,10.0,0.9479976119809541,0.052002388019045866
DEAP:S10:T01,DEAP:S10,T01,1,7.91,1,1,1,7,unexposed,baseline_relative,train,10.0,0.78917933599558,0.21082066400441998
DEAP:S10:T05,DEAP:S10,T05,1,7.24,1,1,1,7,unexposed,baseline_relative,train,10.0,0.2929557629338839,0.7070442370661161
DEAP:S10:T08,DEAP:S10,T08,1,5.68,1,1,1,7,unexposed,baseline_relative,train,10.0,0.3577568396842824,0.6422431603157176
DEAP:S10:T12,DEAP:S10,T12,1,5.37,1,1,1,7,unexposed,baseline_relative,train,10.0,0.1793067879466046,0.8206932120533954
DEAP:S10:T15,DEAP:S10,T15,1,5.31,1,1,1,7,unexposed,baseline_relative,train,10.0,0.8927101952051182,0.10728980479488186
DEAP:S10:T19,DEAP:S10,T19,1,7.82,1,1,1,7,unexposed,baseline_relative,train,10.0,0.2937160777634852,0.7062839222365148
DEAP:S10:T23,DEAP:S10,T23,0,2.87,1,1,1,7,unexposed,baseline_relative,train,10.0,0.6689920132637193,0.33100798673628073
DEAP:S10:T25,DEAP:S10,T25,0,1.92,1,1,1,7,unexposed,baseline_relative,train,10.0,0.9328500076053962,0.06714999239460388
DEAP:S10:T26,DEAP:S10,T26,0,4.95,1,1,1,7,unexposed,baseline_relative,train,10.0,0.9838024169310335,0.01619758306896649
DEAP:S10:T27,DEAP:S10,T27,0,4.94,1,1,1,7,unexposed,baseline_relative,train,10.0,0.38120410120327197,0.618795898796728
DEAP:S10:T29,DEAP:S10,T29,0,3.94,1,1,1,7,unexposed,baseline_relative,train,10.0,0.6898739325730622,0.3101260674269378
DEAP:S10:T30,DEAP:S10,T30,0,2.64,1,1,1,7,unexposed,baseline_relative,train,10.0,0.7638095592030579,0.23619044079694207
DEAP:S10:T32,DEAP:S10,T32,1,5.96,1,1,1,7,unexposed,baseline_relative,train,10.0,0.05910768460285876,0.9408923153971412
DEAP:S10:T33,DEAP:S10,T33,0,4.94,1,1,1,7,unexposed,baseline_relative,train,10.0,0.9518435225392068,0.0481564774607932
DEAP:S10:T35,DEAP:S10,T35,0,1.38,1,1,1,7,unexposed,baseline_relative,train,10.0,0.7283010731766827,0.2716989268233173
DEAP:S11:T01,DEAP:S11,T01,1,6.27,1,1,1,7,unexposed,baseline_relative,train,10.0,0.7581305391477282,0.24186946085227176
DEAP:S11:T05,DEAP:S11,T05,1,7.41,1,1,1,7,unexposed,baseline_relative,train,10.0,0.06037845063284841,0.9396215493671516
DEAP:S11:T15,DEAP:S11,T15,1,6.92,1,1,1,7,unexposed,baseline_relative,train,10.0,0.2207242054613594,0.7792757945386406
DEAP:S11:T19,DEAP:S11,T19,1,5.54,1,1,1,7,unexposed,baseline_relative,train,10.0,0.40145277400220203,0.598547225997798
DEAP:S11:T23,DEAP:S11,T23,0,3.72,1,1,1,7,unexposed,baseline_relative,train,10.0,0.3688159259298148,0.6311840740701852
DEAP:S11:T25,DEAP:S11,T25,1,5.01,1,1,1,7,unexposed,baseline_relative,train,10.0,0.3379919194070278,0.6620080805929722
DEAP:S11:T27,DEAP:S11,T27,0,2.28,1,1,1,7,unexposed,baseline_relative,train,10.0,0.6208793682361896,0.3791206317638104
DEAP:S11:T28,DEAP:S11,T28,0,4.26,1,1,1,7,unexposed,baseline_relative,train,10.0,0.3316476390424592,0.6683523609575408
DEAP:S11:T29,DEAP:S11,T29,0,2.32,1,1,1,7,unexposed,baseline_relative,train,10.0,0.8475593064589829,0.15244069354101705
DEAP:S11:T30,DEAP:S11,T30,0,4.58,1,1,1,7,unexposed,baseline_relative,train,10.0,0.36463868215422424,0.6353613178457758
DEAP:S11:T32,DEAP:S11,T32,1,5.01,1,1,1,7,unexposed,baseline_relative,train,10.0,0.2848205961388015,0.7151794038611985
DEAP:S11:T33,DEAP:S11,T33,1,5.64,1,1,1,7,unexposed,baseline_relative,train,10.0,0.32796062202989473,0.6720393779701053
DEAP:S11:T35,DEAP:S11,T35,0,1.23,1,1,1,7,unexposed,baseline_relative,train,10.0,0.6926459292288212,0.30735407077117877
DEAP:S12:T01,DEAP:S12,T01,1,7.09,1,1,1,7,unexposed,baseline_relative,train,10.0,0.12119436371158743,0.8788056362884126
DEAP:S12:T05,DEAP:S12,T05,0,4.01,1,1,1,7,unexposed,baseline_relative,train,10.0,0.6620599060067461,0.33794009399325387
DEAP:S12:T08,DEAP:S12,T08,1,5.1,1,1,1,7,unexposed,baseline_relative,train,10.0,0.30581762629427,0.69418237370573
DEAP:S12:T12,DEAP:S12,T12,1,6.86,1,1,1,7,unexposed,baseline_relative,train,10.0,0.554802783541322,0.44519721645867805
DEAP:S12:T15,DEAP:S12,T15,1,7.08,1,1,1,7,unexposed,baseline_relative,train,10.0,0.25746665551788017,0.7425333444821198
DEAP:S12:T19,DEAP:S12,T19,1,7.03,1,1,1,7,unexposed,baseline_relative,train,10.0,0.27605204182155896,0.723947958178441
DEAP:S12:T23,DEAP:S12,T23,0,1.74,1,1,1,7,unexposed,baseline_relative,train,10.0,0.35300745369649367,0.6469925463035063
DEAP:S12:T26,DEAP:S12,T26,1,6.08,1,1,1,7,unexposed,baseline_relative,train,10.0,0.2658975272588123,0.7341024727411877
DEAP:S12:T27,DEAP:S12,T27,1,5.05,1,1,1,7,unexposed,baseline_relative,train,10.0,0.0038888608027640714,0.9961111391972359
DEAP:S12:T28,DEAP:S12,T28,1,5.04,1,1,1,7,unexposed,baseline_relative,train,10.0,0.44721964922338264,0.5527803507766174
DEAP:S12:T29,DEAP:S12,T29,0,1.67,1,1,1,7,unexposed,baseline_relative,train,10.0,0.8657316727249572,0.13426832727504281
DEAP:S12:T30,DEAP:S12,T30,0,3.36,1,1,1,7,unexposed,baseline_relative,train,10.0,0.9060549121663515,0.09394508783364856
DEAP:S12:T32,DEAP:S12,T32,0,1.86,1,1,1,7,unexposed,baseline_relative,train,10.0,0.41183616595336514,0.5881638340466349
DEAP:S12:T33,DEAP:S12,T33,0,1.9,1,1,1,7,unexposed,baseline_relative,train,10.0,0.7929286598565415,0.2070713401434585
DEAP:S12:T35,DEAP:S12,T35,0,1.22,1,1,1,7,unexposed,baseline_relative,train,10.0,0.7403592605859258,0.2596407394140742
DEAP:S14:T01,DEAP:S14,T01,1,8.22,1,1,1,7,unexposed,baseline_relative,train,10.0,0.7188991784088852,0.2811008215911149
DEAP:S14:T05,DEAP:S14,T05,0,3.99,1,1,1,7,unexposed,baseline_relative,train,10.0,0.5734593787558688,0.4265406212441312
DEAP:S14:T08,DEAP:S14,T08,1,7.0,1,1,1,7,unexposed,baseline_relative,train,10.0,0.4417090274627866,0.5582909725372134
DEAP:S14:T12,DEAP:S14,T12,1,7.63,1,1,1,7,unexposed,baseline_relative,train,10.0,0.45428291158356016,0.5457170884164398
DEAP:S14:T15,DEAP:S14,T15,1,7.08,1,1,1,7,unexposed,baseline_relative,train,10.0,0.504684562622674,0.495315437377326
DEAP:S14:T19,DEAP:S14,T19,1,7.55,1,1,1,7,unexposed,baseline_relative,train,10.0,0.4583254326611663,0.5416745673388337
DEAP:S14:T23,DEAP:S14,T23,0,2.41,1,1,1,7,unexposed,baseline_relative,train,10.0,0.599708104005771,0.400291895994229
DEAP:S14:T25,DEAP:S14,T25,0,3.87,1,1,1,7,unexposed,baseline_relative,train,10.0,0.931525681106223,0.06847431889377695
DEAP:S14:T26,DEAP:S14,T26,0,3.28,1,1,1,7,unexposed,baseline_relative,train,10.0,0.7335340228824971,0.26646597711750286
DEAP:S14:T27,DEAP:S14,T27,1,5.81,1,1,1,7,unexposed,baseline_relative,train,10.0,0.375448072407069,0.624551927592931
DEAP:S14:T28,DEAP:S14,T28,0,2.53,1,1,1,7,unexposed,baseline_relative,train,10.0,0.25805086773282127,0.7419491322671787
DEAP:S14:T29,DEAP:S14,T29,0,2.92,1,1,1,7,unexposed,baseline_relative,train,10.0,0.4046646308302164,0.5953353691697836
DEAP:S14:T30,DEAP:S14,T30,0,1.1,1,1,1,7,unexposed,baseline_relative,train,10.0,0.10193970994864232,0.8980602900513577
DEAP:S14:T32,DEAP:S14,T32,0,1.99,1,1,1,7,unexposed,baseline_relative,train,10.0,0.5524322804971211,0.4475677195028789
DEAP:S16:T05,DEAP:S16,T05,1,5.51,1,1,1,7,unexposed,baseline_relative,train,10.0,0.14393056553067385,0.8560694344693262
DEAP:S16:T08,DEAP:S16,T08,0,3.51,1,1,1,7,unexposed,baseline_relative,train,10.0,0.8662604132336985,0.13373958676630152
DEAP:S16:T12,DEAP:S16,T12,1,5.97,1,1,1,7,unexposed,baseline_relative,train,10.0,0.44219224363928167,0.5578077563607183
DEAP:S16:T15,DEAP:S16,T15,0,2.67,1,1,1,7,unexposed,baseline_relative,train,10.0,0.6705039087253986,0.32949609127460144
DEAP:S16:T19,DEAP:S16,T19,0,2.86,1,1,1,7,unexposed,baseline_relative,train,10.0,0.7666934393618734,0.23330656063812658
DEAP:S16:T23,DEAP:S16,T23,0,3.9,1,1,1,7,unexposed,baseline_relative,train,10.0,0.2324269099124372,0.7675730900875628
DEAP:S16:T25,DEAP:S16,T25,0,2.47,1,1,1,7,unexposed,baseline_relative,train,10.0,0.6943684131899638,0.3056315868100362
DEAP:S16:T26,DEAP:S16,T26,0,1.82,1,1,1,7,unexposed,baseline_relative,train,10.0,0.9673377218188652,0.03266227818113479
DEAP:S16:T27,DEAP:S16,T27,0,2.59,1,1,1,7,unexposed,baseline_relative,train,10.0,0.9994919063423575,0.0005080936576424902
DEAP:S16:T28,DEAP:S16,T28,0,2.85,1,1,1,7,unexposed,baseline_relative,train,10.0,0.9953308201888837,0.0046691798111162894
DEAP:S16:T30,DEAP:S16,T30,1,6.1,1,1,1,7,unexposed,baseline_relative,train,10.0,0.5860610966321183,0.41393890336788175
DEAP:S16:T32,DEAP:S16,T32,1,5.01,1,1,1,7,unexposed,baseline_relative,train,10.0,0.009791625900932965,0.990208374099067
DEAP:S16:T33,DEAP:S16,T33,0,1.0,1,1,1,7,unexposed,baseline_relative,train,10.0,0.9997513015794826,0.00024869842051743516
DEAP:S16:T35,DEAP:S16,T35,0,1.0,1,1,1,7,unexposed,baseline_relative,train,10.0,0.7118748015267593,0.2881251984732407
DEAP:S17:T05,DEAP:S17,T05,1,7.05,1,1,1,7,unexposed,baseline_relative,train,10.0,0.8670369883707665,0.1329630116292335
DEAP:S17:T08,DEAP:S17,T08,1,6.05,1,1,1,7,unexposed,baseline_relative,train,10.0,0.1309253726401376,0.8690746273598624
DEAP:S17:T12,DEAP:S17,T12,1,5.96,1,1,1,7,unexposed,baseline_relative,train,10.0,0.9267508684556113,0.07324913154438874
DEAP:S17:T15,DEAP:S17,T15,1,5.96,1,1,1,7,unexposed,baseline_relative,train,10.0,0.6361046152535867,0.36389538474641325
DEAP:S17:T19,DEAP:S17,T19,1,7.27,1,1,1,7,unexposed,baseline_relative,train,10.0,0.09511071672118199,0.904889283278818
DEAP:S17:T23,DEAP:S17,T23,0,3.62,1,1,1,7,unexposed,baseline_relative,train,10.0,0.7005459949290906,0.29945400507090936
DEAP:S17:T25,DEAP:S17,T25,1,6.18,1,1,1,7,unexposed,baseline_relative,train,10.0,0.1583853813325664,0.8416146186674336
DEAP:S17:T26,DEAP:S17,T26,0,3.73,1,1,1,7,unexposed,baseline_relative,train,10.0,0.3928494149750569,0.6071505850249431
DEAP:S17:T27,DEAP:S17,T27,0,3.96,1,1,1,7,unexposed,baseline_relative,train,10.0,0.6507960021836268,0.3492039978163733
DEAP:S17:T28,DEAP:S17,T28,1,5.64,1,1,1,7,unexposed,baseline_relative,train,10.0,0.4214022218463469,0.5785977781536531
DEAP:S17:T29,DEAP:S17,T29,1,5.54,1,1,1,7,unexposed,baseline_relative,train,10.0,0.0018274646499909508,0.998172535350009
DEAP:S17:T32,DEAP:S17,T32,0,4.04,1,1,1,7,unexposed,baseline_relative,train,10.0,0.47349463553268,0.52650536446732
DEAP:S17:T35,DEAP:S17,T35,0,4.17,1,1,1,7,unexposed,baseline_relative,train,10.0,0.4251505157091304,0.5748494842908696
DEAP:S18:T01,DEAP:S18,T01,1,6.33,1,1,1,7,unexposed,baseline_relative,train,10.0,0.13936436430179966,0.8606356356982003
DEAP:S18:T05,DEAP:S18,T05,1,6.13,1,1,1,7,unexposed,baseline_relative,train,10.0,0.10915081469908428,0.8908491853009157
DEAP:S18:T12,DEAP:S18,T12,1,5.55,1,1,1,7,unexposed,baseline_relative,train,10.0,0.4958033737260842,0.5041966262739158
DEAP:S18:T15,DEAP:S18,T15,1,6.04,1,1,1,7,unexposed,baseline_relative,train,10.0,0.6964500538025868,0.3035499461974131
DEAP:S18:T19,DEAP:S18,T19,1,7.04,1,1,1,7,unexposed,baseline_relative,train,10.0,0.6532254502134047,0.34677454978659533
DEAP:S18:T23,DEAP:S18,T23,0,3.71,1,1,1,7,unexposed,baseline_relative,train,10.0,0.8312570937640866,0.1687429062359134
DEAP:S18:T25,DEAP:S18,T25,0,4.23,1,1,1,7,unexposed,baseline_relative,train,10.0,0.8869504187219108,0.11304958127808919
DEAP:S18:T26,DEAP:S18,T26,1,5.44,1,1,1,7,unexposed,baseline_relative,train,10.0,0.6313323110084331,0.3686676889915669
DEAP:S18:T28,DEAP:S18,T28,1,5.95,1,1,1,7,unexposed,baseline_relative,train,10.0,0.5097417481688672,0.4902582518311328
DEAP:S18:T29,DEAP:S18,T29,0,4.9,1,1,1,7,unexposed,baseline_relative,train,10.0,0.9836941146103504,0.016305885389649645
DEAP:S18:T30,DEAP:S18,T30,0,2.96,1,1,1,7,unexposed,baseline_relative,train,10.0,0.9900573341503993,0.009942665849600643
DEAP:S18:T32,DEAP:S18,T32,0,4.62,1,1,1,7,unexposed,baseline_relative,train,10.0,0.8677087876121427,0.13229121238785735
DEAP:S18:T33,DEAP:S18,T33,0,4.56,1,1,1,7,unexposed,baseline_relative,train,10.0,0.9781110585180605,0.021888941481939497
DEAP:S18:T35,DEAP:S18,T35,1,5.12,1,1,1,7,unexposed,baseline_relative,train,10.0,0.6114170113046924,0.38858298869530766
DEAP:S19:T01,DEAP:S19,T01,1,7.44,1,1,1,7,unexposed,baseline_relative,train,10.0,0.22283939804320385,0.7771606019567961
DEAP:S19:T05,DEAP:S19,T05,1,7.79,1,1,1,7,unexposed,baseline_relative,train,10.0,0.21253046977716217,0.7874695302228378
DEAP:S19:T08,DEAP:S19,T08,1,7.44,1,1,1,7,unexposed,baseline_relative,train,10.0,0.19879586387478398,0.801204136125216
DEAP:S19:T12,DEAP:S19,T12,1,6.26,1,1,1,7,unexposed,baseline_relative,train,10.0,0.05382622517046198,0.946173774829538
DEAP:S19:T15,DEAP:S19,T15,1,5.68,1,1,1,7,unexposed,baseline_relative,train,10.0,0.7626085420487141,0.23739145795128586
DEAP:S19:T19,DEAP:S19,T19,1,7.65,1,1,1,7,unexposed,baseline_relative,train,10.0,0.015491463341509415,0.9845085366584906
DEAP:S19:T23,DEAP:S19,T23,0,3.77,1,1,1,7,unexposed,baseline_relative,train,10.0,0.8419863256829654,0.15801367431703456
DEAP:S19:T26,DEAP:S19,T26,0,4.95,1,1,1,7,unexposed,baseline_relative,train,10.0,0.8645093410407054,0.13549065895929455
DEAP:S19:T27,DEAP:S19,T27,0,4.97,1,1,1,7,unexposed,baseline_relative,train,10.0,0.4663595022607192,0.5336404977392808
DEAP:S19:T28,DEAP:S19,T28,1,6.21,1,1,1,7,unexposed,baseline_relative,train,10.0,0.7756941604551255,0.22430583954487454
DEAP:S19:T30,DEAP:S19,T30,0,2.85,1,1,1,7,unexposed,baseline_relative,train,10.0,0.6618773391137028,0.33812266088629717
DEAP:S19:T32,DEAP:S19,T32,0,4.96,1,1,1,7,unexposed,baseline_relative,train,10.0,0.9377510710988154,0.06224892890118457
DEAP:S19:T33,DEAP:S19,T33,0,3.4,1,1,1,7,unexposed,baseline_relative,train,10.0,0.6646291511467152,0.33537084885328483
DEAP:S19:T35,DEAP:S19,T35,0,3.21,1,1,1,7,unexposed,baseline_relative,train,10.0,0.8873036810104353,0.11269631898956467
DEAP:S21:T01,DEAP:S21,T01,1,6.42,1,1,1,7,unexposed,baseline_relative,train,10.0,0.5485016241763258,0.45149837582367425
DEAP:S21:T05,DEAP:S21,T05,1,8.09,1,1,1,7,unexposed,baseline_relative,train,10.0,0.4085357553852852,0.5914642446147148
DEAP:S21:T08,DEAP:S21,T08,1,8.81,1,1,1,7,unexposed,baseline_relative,train,10.0,0.0711092287401317,0.9288907712598683
DEAP:S21:T12,DEAP:S21,T12,0,4.63,1,1,1,7,unexposed,baseline_relative,train,10.0,0.887817158162125,0.11218284183787498
DEAP:S21:T15,DEAP:S21,T15,1,6.92,1,1,1,7,unexposed,baseline_relative,train,10.0,0.09877180206149772,0.9012281979385023
DEAP:S21:T19,DEAP:S21,T19,1,7.26,1,1,1,7,unexposed,baseline_relative,train,10.0,0.2945048546957053,0.7054951453042947
DEAP:S21:T23,DEAP:S21,T23,0,4.69,1,1,1,7,unexposed,baseline_relative,train,10.0,0.5336552010749529,0.46634479892504704
DEAP:S21:T25,DEAP:S21,T25,0,3.97,1,1,1,7,unexposed,baseline_relative,train,10.0,0.2750092517023449,0.7249907482976551
DEAP:S21:T26,DEAP:S21,T26,0,4.06,1,1,1,7,unexposed,baseline_relative,train,10.0,0.38780297456002377,0.6121970254399762
DEAP:S21:T28,DEAP:S21,T28,0,3.04,1,1,1,7,unexposed,baseline_relative,train,10.0,0.6606685095840663,0.33933149041593363
DEAP:S21:T30,DEAP:S21,T30,0,3.45,1,1,1,7,unexposed,baseline_relative,train,10.0,0.6093875867357863,0.3906124132642137
DEAP:S21:T32,DEAP:S21,T32,1,6.27,1,1,1,7,unexposed,baseline_relative,train,10.0,0.17080048490126265,0.8291995150987373
DEAP:S21:T33,DEAP:S21,T33,1,7.03,1,1,1,7,unexposed,baseline_relative,train,10.0,0.13724188057276177,0.8627581194272382
DEAP:S21:T35,DEAP:S21,T35,0,4.92,1,1,1,7,unexposed,baseline_relative,train,10.0,0.4217943667372541,0.5782056332627459
DEAP:S22:T01,DEAP:S22,T01,1,5.05,1,1,1,7,unexposed,baseline_relative,train,10.0,0.2646826250072636,0.7353173749927364
DEAP:S22:T05,DEAP:S22,T05,1,7.1,1,1,1,7,unexposed,baseline_relative,train,10.0,0.7010954946305519,0.2989045053694482
DEAP:S22:T08,DEAP:S22,T08,1,7.09,1,1,1,7,unexposed,baseline_relative,train,10.0,0.39786332737838137,0.6021366726216186
DEAP:S22:T12,DEAP:S22,T12,0,4.99,1,1,1,7,unexposed,baseline_relative,train,10.0,0.39220306952363404,0.607796930476366
DEAP:S22:T19,DEAP:S22,T19,1,9.0,1,1,1,7,unexposed,baseline_relative,train,10.0,0.31913684961538336,0.6808631503846166
DEAP:S22:T23,DEAP:S22,T23,0,2.99,1,1,1,7,unexposed,baseline_relative,train,10.0,0.8099014160162532,0.19009858398374682
DEAP:S22:T25,DEAP:S22,T25,0,2.95,1,1,1,7,unexposed,baseline_relative,train,10.0,0.7564041918448221,0.24359580815517795
DEAP:S22:T27,DEAP:S22,T27,1,7.06,1,1,1,7,unexposed,baseline_relative,train,10.0,0.5192265803797738,0.4807734196202262
DEAP:S22:T28,DEAP:S22,T28,0,4.03,1,1,1,7,unexposed,baseline_relative,train,10.0,0.4390134991776189,0.5609865008223811
DEAP:S22:T29,DEAP:S22,T29,0,2.0,1,1,1,7,unexposed,baseline_relative,train,10.0,0.9968039798990006,0.0031960201009993924
DEAP:S22:T30,DEAP:S22,T30,0,1.0,1,1,1,7,unexposed,baseline_relative,train,10.0,0.9506059862498268,0.04939401375017321
DEAP:S22:T32,DEAP:S22,T32,0,1.99,1,1,1,7,unexposed,baseline_relative,train,10.0,0.5700812069997474,0.4299187930002526
DEAP:S22:T33,DEAP:S22,T33,0,1.96,1,1,1,7,unexposed,baseline_relative,train,10.0,0.8739261195141786,0.12607388048582138
DEAP:S25:T01,DEAP:S25,T01,1,8.06,1,1,1,7,unexposed,baseline_relative,train,10.0,0.42375761073326623,0.5762423892667338
DEAP:S25:T05,DEAP:S25,T05,1,5.04,1,1,1,7,unexposed,baseline_relative,train,10.0,0.22601944317950096,0.773980556820499
DEAP:S25:T08,DEAP:S25,T08,1,8.04,1,1,1,7,unexposed,baseline_relative,train,10.0,0.26693224365559,0.73306775634441
DEAP:S25:T12,DEAP:S25,T12,1,8.04,1,1,1,7,unexposed,baseline_relative,train,10.0,0.5135739004802584,0.48642609951974164
DEAP:S25:T15,DEAP:S25,T15,1,7.01,1,1,1,7,unexposed,baseline_relative,train,10.0,0.28300855895072663,0.7169914410492734
DEAP:S25:T19,DEAP:S25,T19,1,7.06,1,1,1,7,unexposed,baseline_relative,train,10.0,0.1098516691779926,0.8901483308220074
DEAP:S25:T23,DEAP:S25,T23,0,2.01,1,1,1,7,unexposed,baseline_relative,train,10.0,0.977079447838723,0.02292055216127699
DEAP:S25:T25,DEAP:S25,T25,0,4.96,1,1,1,7,unexposed,baseline_relative,train,10.0,0.6634272733449635,0.33657272665503646
DEAP:S25:T26,DEAP:S25,T26,0,4.99,1,1,1,7,unexposed,baseline_relative,train,10.0,0.7211228465702895,0.2788771534297105
DEAP:S25:T27,DEAP:S25,T27,1,5.03,1,1,1,7,unexposed,baseline_relative,train,10.0,0.554299981773456,0.445700018226544
DEAP:S25:T28,DEAP:S25,T28,1,5.01,1,1,1,7,unexposed,baseline_relative,train,10.0,0.4936371769901593,0.5063628230098407
DEAP:S25:T29,DEAP:S25,T29,0,1.0,1,1,1,7,unexposed,baseline_relative,train,10.0,0.7400424821353979,0.25995751786460203
DEAP:S25:T30,DEAP:S25,T30,0,4.03,1,1,1,7,unexposed,baseline_relative,train,10.0,0.6879762535632619,0.3120237464367382
DEAP:S25:T32,DEAP:S25,T32,0,1.0,1,1,1,7,unexposed,baseline_relative,train,10.0,0.42640581874352357,0.5735941812564764
DEAP:S25:T35,DEAP:S25,T35,0,3.03,1,1,1,7,unexposed,baseline_relative,train,10.0,0.995754541033905,0.0042454589660949485
DEAP:S26:T01,DEAP:S26,T01,1,7.97,1,1,1,7,unexposed,baseline_relative,train,10.0,0.06339956404894553,0.9366004359510545
DEAP:S26:T05,DEAP:S26,T05,0,4.0,1,1,1,7,unexposed,baseline_relative,train,10.0,0.7815606735607702,0.2184393264392298
DEAP:S26:T08,DEAP:S26,T08,1,8.01,1,1,1,7,unexposed,baseline_relative,train,10.0,0.6933171895782017,0.30668281042179835
DEAP:S26:T15,DEAP:S26,T15,1,7.01,1,1,1,7,unexposed,baseline_relative,train,10.0,0.025224777304318824,0.9747752226956812
DEAP:S26:T19,DEAP:S26,T19,1,8.0,1,1,1,7,unexposed,baseline_relative,train,10.0,0.40218878543543835,0.5978112145645617
DEAP:S26:T23,DEAP:S26,T23,0,2.28,1,1,1,7,unexposed,baseline_relative,train,10.0,0.8901106603858208,0.10988933961417927
DEAP:S26:T25,DEAP:S26,T25,1,7.14,1,1,1,7,unexposed,baseline_relative,train,10.0,0.13616494292759862,0.8638350570724014
DEAP:S26:T26,DEAP:S26,T26,1,5.05,1,1,1,7,unexposed,baseline_relative,train,10.0,0.45294806546605026,0.5470519345339497
DEAP:S26:T27,DEAP:S26,T27,1,6.0,1,1,1,7,unexposed,baseline_relative,train,10.0,0.9134623997339647,0.08653760026603527
DEAP:S26:T28,DEAP:S26,T28,1,5.97,1,1,1,7,unexposed,baseline_relative,train,10.0,0.03528230685400513,0.9647176931459949
DEAP:S26:T29,DEAP:S26,T29,1,6.09,1,1,1,7,unexposed,baseline_relative,train,10.0,0.18806688472926125,0.8119331152707387
DEAP:S26:T30,DEAP:S26,T30,0,4.95,1,1,1,7,unexposed,baseline_relative,train,10.0,0.8885732384441738,0.11142676155582625
DEAP:S26:T32,DEAP:S26,T32,0,1.96,1,1,1,7,unexposed,baseline_relative,train,10.0,0.5466862538473689,0.45331374615263104
DEAP:S26:T33,DEAP:S26,T33,0,1.0,1,1,1,7,unexposed,baseline_relative,train,10.0,0.5709834337272159,0.42901656627278406
DEAP:S26:T35,DEAP:S26,T35,0,2.97,1,1,1,7,unexposed,baseline_relative,train,10.0,0.7985100214764158,0.20148997852358422
DEAP:S27:T01,DEAP:S27,T01,1,6.03,1,1,1,7,unexposed,baseline_relative,train,10.0,0.013028885250639943,0.9869711147493601
DEAP:S27:T05,DEAP:S27,T05,0,4.97,1,1,1,7,unexposed,baseline_relative,train,10.0,0.7156903547905467,0.2843096452094533
DEAP:S27:T08,DEAP:S27,T08,1,8.24,1,1,1,7,unexposed,baseline_relative,train,10.0,0.10059662505802613,0.8994033749419739
DEAP:S27:T12,DEAP:S27,T12,0,4.18,1,1,1,7,unexposed,baseline_relative,train,10.0,0.8469938253091865,0.15300617469081348
DEAP:S27:T15,DEAP:S27,T15,1,5.04,1,1,1,7,unexposed,baseline_relative,train,10.0,0.3615160628647649,0.6384839371352351
DEAP:S27:T19,DEAP:S27,T19,1,5.06,1,1,1,7,unexposed,baseline_relative,train,10.0,0.4075509573685979,0.5924490426314021
DEAP:S27:T23,DEAP:S27,T23,1,8.0,1,1,1,7,unexposed,baseline_relative,train,10.0,0.04274650073768249,0.9572534992623175
DEAP:S27:T26,DEAP:S27,T26,1,5.04,1,1,1,7,unexposed,baseline_relative,train,10.0,0.5180123434978798,0.4819876565021201
DEAP:S27:T27,DEAP:S27,T27,0,4.97,1,1,1,7,unexposed,baseline_relative,train,10.0,0.5389519240833207,0.46104807591667923
DEAP:S27:T28,DEAP:S27,T28,1,5.04,1,1,1,7,unexposed,baseline_relative,train,10.0,0.5169538238366744,0.4830461761633255
DEAP:S27:T29,DEAP:S27,T29,1,7.18,1,1,1,7,unexposed,baseline_relative,train,10.0,0.10315202828434133,0.8968479717156587
DEAP:S27:T30,DEAP:S27,T30,1,7.08,1,1,1,7,unexposed,baseline_relative,train,10.0,0.7223463854414529,0.27765361455854715
DEAP:S27:T32,DEAP:S27,T32,1,5.04,1,1,1,7,unexposed,baseline_relative,train,10.0,0.023336515117062917,0.9766634848829371
DEAP:S27:T33,DEAP:S27,T33,1,5.04,1,1,1,7,unexposed,baseline_relative,train,10.0,0.1871963476549997,0.8128036523450003
DEAP:S27:T35,DEAP:S27,T35,0,1.0,1,1,1,7,unexposed,baseline_relative,train,10.0,0.6974201277430279,0.3025798722569721
DEAP:S28:T01,DEAP:S28,T01,1,7.03,1,1,1,7,unexposed,baseline_relative,train,10.0,0.01757605000394169,0.9824239499960583
DEAP:S28:T05,DEAP:S28,T05,1,7.04,1,1,1,7,unexposed,baseline_relative,train,10.0,0.02602003165668154,0.9739799683433185
DEAP:S28:T08,DEAP:S28,T08,1,7.01,1,1,1,7,unexposed,baseline_relative,train,10.0,0.420936795445488,0.579063204554512
DEAP:S28:T12,DEAP:S28,T12,1,6.06,1,1,1,7,unexposed,baseline_relative,train,10.0,0.028136007021263287,0.9718639929787367
DEAP:S28:T15,DEAP:S28,T15,1,5.04,1,1,1,7,unexposed,baseline_relative,train,10.0,0.00044589284807516893,0.9995541071519248
DEAP:S28:T19,DEAP:S28,T19,1,7.03,1,1,1,7,unexposed,baseline_relative,train,10.0,0.15096705802397636,0.8490329419760236
DEAP:S28:T23,DEAP:S28,T23,0,2.03,1,1,1,7,unexposed,baseline_relative,train,10.0,0.6952940890773218,0.3047059109226781
DEAP:S28:T25,DEAP:S28,T25,0,4.06,1,1,1,7,unexposed,baseline_relative,train,10.0,0.9359892151135499,0.06401078488645007
DEAP:S28:T26,DEAP:S28,T26,0,1.99,1,1,1,7,unexposed,baseline_relative,train,10.0,0.9360637421085121,0.06393625789148792
DEAP:S28:T27,DEAP:S28,T27,1,6.08,1,1,1,7,unexposed,baseline_relative,train,10.0,0.5297133989840048,0.4702866010159951
DEAP:S28:T30,DEAP:S28,T30,0,1.99,1,1,1,7,unexposed,baseline_relative,train,10.0,0.37672605041086094,0.6232739495891391
DEAP:S28:T33,DEAP:S28,T33,1,7.01,1,1,1,7,unexposed,baseline_relative,train,10.0,0.02549744599645698,0.974502554003543
DEAP:S28:T35,DEAP:S28,T35,0,1.08,1,1,1,7,unexposed,baseline_relative,train,10.0,0.4239952511763927,0.5760047488236073
DEAP:S29:T01,DEAP:S29,T01,1,6.06,1,1,1,7,unexposed,baseline_relative,train,10.0,0.22392796811137394,0.7760720318886261
DEAP:S29:T05,DEAP:S29,T05,1,6.05,1,1,1,7,unexposed,baseline_relative,train,10.0,0.2967349269696682,0.7032650730303318
DEAP:S29:T08,DEAP:S29,T08,1,7.04,1,1,1,7,unexposed,baseline_relative,train,10.0,0.5495767317944359,0.4504232682055641
DEAP:S29:T12,DEAP:S29,T12,1,6.04,1,1,1,7,unexposed,baseline_relative,train,10.0,0.4141210725745915,0.5858789274254085
DEAP:S29:T19,DEAP:S29,T19,1,7.05,1,1,1,7,unexposed,baseline_relative,train,10.0,0.153169796556891,0.846830203443109
DEAP:S29:T23,DEAP:S29,T23,0,2.05,1,1,1,7,unexposed,baseline_relative,train,10.0,0.9384618527623104,0.06153814723768957
DEAP:S29:T25,DEAP:S29,T25,0,3.03,1,1,1,7,unexposed,baseline_relative,train,10.0,0.9103647867908816,0.08963521320911838
DEAP:S29:T26,DEAP:S29,T26,0,3.0,1,1,1,7,unexposed,baseline_relative,train,10.0,0.7004271460566095,0.2995728539433905
DEAP:S29:T27,DEAP:S29,T27,1,7.09,1,1,1,7,unexposed,baseline_relative,train,10.0,0.167954698559728,0.832045301440272
DEAP:S29:T28,DEAP:S29,T28,0,1.04,1,1,1,7,unexposed,baseline_relative,train,10.0,0.703740519279942,0.296259480720058
DEAP:S29:T30,DEAP:S29,T30,0,2.95,1,1,1,7,unexposed,baseline_relative,train,10.0,0.7307386420462944,0.26926135795370565
DEAP:S29:T32,DEAP:S29,T32,0,4.04,1,1,1,7,unexposed,baseline_relative,train,10.0,0.15792070847976925,0.8420792915202308
DEAP:S29:T33,DEAP:S29,T33,0,1.99,1,1,1,7,unexposed,baseline_relative,train,10.0,0.616430183552844,0.38356981644715604
DEAP:S29:T35,DEAP:S29,T35,0,1.92,1,1,1,7,unexposed,baseline_relative,train,10.0,0.572093577924573,0.427906422075427
DEAP:S30:T01,DEAP:S30,T01,1,5.04,1,1,1,7,unexposed,baseline_relative,train,10.0,0.30382629349884793,0.6961737065011521
DEAP:S30:T05,DEAP:S30,T05,1,6.19,1,1,1,7,unexposed,baseline_relative,train,10.0,0.7636316695450766,0.23636833045492345
DEAP:S30:T08,DEAP:S30,T08,1,6.05,1,1,1,7,unexposed,baseline_relative,train,10.0,0.0014018839033813624,0.9985981160966186
DEAP:S30:T12,DEAP:S30,T12,1,5.15,1,1,1,7,unexposed,baseline_relative,train,10.0,0.030191477564639246,0.9698085224353608
DEAP:S30:T15,DEAP:S30,T15,1,5.01,1,1,1,7,unexposed,baseline_relative,train,10.0,0.08833087418637486,0.9116691258136251
DEAP:S30:T19,DEAP:S30,T19,1,8.27,1,1,1,7,unexposed,baseline_relative,train,10.0,0.6085819774869992,0.39141802251300084
DEAP:S30:T23,DEAP:S30,T23,0,3.0,1,1,1,7,unexposed,baseline_relative,train,10.0,0.9034644472040325,0.09653555279596747
DEAP:S30:T25,DEAP:S30,T25,0,3.92,1,1,1,7,unexposed,baseline_relative,train,10.0,0.5694178595516635,0.43058214044833654
DEAP:S30:T26,DEAP:S30,T26,1,5.01,1,1,1,7,unexposed,baseline_relative,train,10.0,0.1800259119400769,0.8199740880599231
DEAP:S30:T27,DEAP:S30,T27,1,8.01,1,1,1,7,unexposed,baseline_relative,train,10.0,0.12263336161114025,0.8773666383888598
DEAP:S30:T28,DEAP:S30,T28,1,5.06,1,1,1,7,unexposed,baseline_relative,train,10.0,0.13898549756067546,0.8610145024393245
DEAP:S30:T29,DEAP:S30,T29,1,7.23,1,1,1,7,unexposed,baseline_relative,train,10.0,0.06876835956999439,0.9312316404300056
DEAP:S30:T30,DEAP:S30,T30,0,4.04,1,1,1,7,unexposed,baseline_relative,train,10.0,0.5240356517906992,0.47596434820930084
DEAP:S30:T32,DEAP:S30,T32,1,5.01,1,1,1,7,unexposed,baseline_relative,train,10.0,0.04482975034326775,0.9551702496567323
DEAP:S30:T33,DEAP:S30,T33,0,3.91,1,1,1,7,unexposed,baseline_relative,train,10.0,0.5863237143484933,0.4136762856515067
DEAP:S30:T35,DEAP:S30,T35,1,5.04,1,1,1,7,unexposed,baseline_relative,train,10.0,0.17063077350960187,0.8293692264903981
DEAP:S01:T04,DEAP:S01,T04,0,4.94,1,1,1,7,unexposed,baseline_relative,validation_unseen,10.0,0.5481522469178939,0.4518477530821062
DEAP:S01:T07,DEAP:S01,T07,1,7.44,1,1,1,7,unexposed,baseline_relative,validation_unseen,10.0,0.9982069899953023,0.0017930100046976308
DEAP:S01:T09,DEAP:S01,T09,0,4.04,1,1,1,7,unexposed,baseline_relative,validation_unseen,10.0,0.013260021183308046,0.986739978816692
DEAP:S01:T13,DEAP:S01,T13,0,1.95,1,1,1,7,unexposed,baseline_relative,validation_unseen,10.0,0.7870891865904911,0.21291081340950893
DEAP:S01:T18,DEAP:S01,T18,1,7.23,1,1,1,7,unexposed,baseline_relative,validation_unseen,10.0,0.5921685700102217,0.4078314299897783
DEAP:S01:T22,DEAP:S01,T22,1,7.09,1,1,1,7,unexposed,baseline_relative,validation_unseen,10.0,0.2187970857401076,0.7812029142598924
DEAP:S01:T24,DEAP:S01,T24,1,7.04,1,1,1,7,unexposed,baseline_relative,validation_unseen,10.0,0.9373613501318444,0.06263864986815561
DEAP:S01:T36,DEAP:S01,T36,0,2.9,1,1,1,7,unexposed,baseline_relative,validation_unseen,10.0,0.8859836483776904,0.11401635162230962
DEAP:S20:T04,DEAP:S20,T04,1,7.05,1,1,1,7,unexposed,baseline_relative,validation_unseen,10.0,0.003924533814688269,0.9960754661853117
DEAP:S20:T07,DEAP:S20,T07,1,5.27,1,1,1,7,unexposed,baseline_relative,validation_unseen,10.0,0.0020775459909977423,0.9979224540090023
DEAP:S20:T09,DEAP:S20,T09,1,8.22,1,1,1,7,unexposed,baseline_relative,validation_unseen,10.0,0.29040522631357935,0.7095947736864207
DEAP:S20:T13,DEAP:S20,T13,1,7.91,1,1,1,7,unexposed,baseline_relative,validation_unseen,10.0,0.0068502542761254,0.9931497457238746
DEAP:S20:T18,DEAP:S20,T18,1,7.35,1,1,1,7,unexposed,baseline_relative,validation_unseen,10.0,0.052904280297420336,0.9470957197025797
DEAP:S20:T22,DEAP:S20,T22,0,4.06,1,1,1,7,unexposed,baseline_relative,validation_unseen,10.0,0.009070704177856381,0.9909292958221436
DEAP:S20:T24,DEAP:S20,T24,0,3.0,1,1,1,7,unexposed,baseline_relative,validation_unseen,10.0,0.9397984712444378,0.06020152875556217
DEAP:S20:T36,DEAP:S20,T36,0,4.29,1,1,1,7,unexposed,baseline_relative,validation_unseen,10.0,0.01768409002959348,0.9823159099704065
DEAP:S23:T04,DEAP:S23,T04,1,8.21,1,1,1,7,unexposed,baseline_relative,validation_unseen,10.0,0.8614719592080065,0.13852804079199355
DEAP:S23:T07,DEAP:S23,T07,1,8.94,1,1,1,7,unexposed,baseline_relative,validation_unseen,10.0,0.9961907818359637,0.003809218164036335
DEAP:S23:T09,DEAP:S23,T09,1,7.03,1,1,1,7,unexposed,baseline_relative,validation_unseen,10.0,0.18289009346807417,0.8171099065319258
DEAP:S23:T13,DEAP:S23,T13,1,8.01,1,1,1,7,unexposed,baseline_relative,validation_unseen,10.0,6.060539062824333e-06,0.9999939394609372
DEAP:S23:T18,DEAP:S23,T18,1,7.12,1,1,1,7,unexposed,baseline_relative,validation_unseen,10.0,0.9505967112310539,0.04940328876894606
DEAP:S23:T22,DEAP:S23,T22,0,2.97,1,1,1,7,unexposed,baseline_relative,validation_unseen,10.0,0.3041855516657309,0.6958144483342691
DEAP:S23:T24,DEAP:S23,T24,1,6.53,1,1,1,7,unexposed,baseline_relative,validation_unseen,10.0,0.6003385004978621,0.399661499502138
DEAP:S23:T36,DEAP:S23,T36,0,4.92,1,1,1,7,unexposed,baseline_relative,validation_unseen,10.0,0.07917465903062992,0.9208253409693701
DEAP:S31:T04,DEAP:S31,T04,1,6.97,1,1,1,7,unexposed,baseline_relative,validation_unseen,10.0,0.970989629648682,0.029010370351318072
DEAP:S31:T07,DEAP:S31,T07,1,6.05,1,1,1,7,unexposed,baseline_relative,validation_unseen,10.0,0.9028713316018822,0.09712866839811785
DEAP:S31:T09,DEAP:S31,T09,1,6.06,1,1,1,7,unexposed,baseline_relative,validation_unseen,10.0,0.9837082872948564,0.016291712705143593
DEAP:S31:T13,DEAP:S31,T13,1,8.09,1,1,1,7,unexposed,baseline_relative,validation_unseen,10.0,0.40435455256511255,0.5956454474348875
DEAP:S31:T18,DEAP:S31,T18,1,7.06,1,1,1,7,unexposed,baseline_relative,validation_unseen,10.0,0.7593168700235284,0.24068312997647157
DEAP:S31:T22,DEAP:S31,T22,1,5.04,1,1,1,7,unexposed,baseline_relative,validation_unseen,10.0,0.03368937211152978,0.9663106278884702
DEAP:S31:T36,DEAP:S31,T36,0,4.97,1,1,1,7,unexposed,baseline_relative,validation_unseen,10.0,0.23481579016357446,0.7651842098364255
DEAP:S01:T01,DEAP:S01,T01,1,7.71,1,1,1,7,unexposed,baseline_relative,validation_familiar,10.0,0.7362000183038339,0.26379998169616614
DEAP:S01:T05,DEAP:S01,T05,1,6.96,1,1,1,7,unexposed,baseline_relative,validation_familiar,10.0,0.05388527676718069,0.9461147232328193
DEAP:S01:T08,DEAP:S01,T08,1,7.32,1,1,1,7,unexposed,baseline_relative,validation_familiar,10.0,0.49026817599180317,0.5097318240081968
DEAP:S01:T12,DEAP:S01,T12,0,2.71,1,1,1,7,unexposed,baseline_relative,validation_familiar,10.0,0.7496065608886846,0.2503934391113154
DEAP:S01:T15,DEAP:S01,T15,0,3.17,1,1,1,7,unexposed,baseline_relative,validation_familiar,10.0,0.46475224688377215,0.5352477531162279
DEAP:S01:T19,DEAP:S01,T19,1,7.17,1,1,1,7,unexposed,baseline_relative,validation_familiar,10.0,0.5083039966693877,0.49169600333061225
DEAP:S01:T23,DEAP:S01,T23,1,8.15,1,1,1,7,unexposed,baseline_relative,validation_familiar,10.0,0.9286435572133996,0.07135644278660037
DEAP:S01:T25,DEAP:S01,T25,1,8.86,1,1,1,7,unexposed,baseline_relative,validation_familiar,10.0,0.9426844778909317,0.05731552210906834
DEAP:S01:T26,DEAP:S01,T26,1,7.28,1,1,1,7,unexposed,baseline_relative,validation_familiar,10.0,0.97351768862369,0.02648231137630992
DEAP:S01:T27,DEAP:S01,T27,1,7.35,1,1,1,7,unexposed,baseline_relative,validation_familiar,10.0,0.5609821033050446,0.4390178966949554
DEAP:S01:T28,DEAP:S01,T28,0,3.88,1,1,1,7,unexposed,baseline_relative,validation_familiar,10.0,0.037590358182611916,0.9624096418173881
DEAP:S01:T29,DEAP:S01,T29,0,1.36,1,1,1,7,unexposed,baseline_relative,validation_familiar,10.0,0.16995961090117395,0.830040389098826
DEAP:S01:T30,DEAP:S01,T30,0,2.08,1,1,1,7,unexposed,baseline_relative,validation_familiar,10.0,0.708785307293488,0.29121469270651196
DEAP:S01:T32,DEAP:S01,T32,0,2.28,1,1,1,7,unexposed,baseline_relative,validation_familiar,10.0,0.7435818675205528,0.25641813247944717
DEAP:S01:T33,DEAP:S01,T33,0,3.81,1,1,1,7,unexposed,baseline_relative,validation_familiar,10.0,0.9504127056144742,0.0495872943855258
DEAP:S01:T35,DEAP:S01,T35,0,2.06,1,1,1,7,unexposed,baseline_relative,validation_familiar,10.0,0.2006727651087723,0.7993272348912277
DEAP:S20:T01,DEAP:S20,T01,1,5.76,1,1,1,7,unexposed,baseline_relative,validation_familiar,10.0,0.44445196111255203,0.555548038887448
DEAP:S20:T05,DEAP:S20,T05,1,8.82,1,1,1,7,unexposed,baseline_relative,validation_familiar,10.0,0.03751039647185783,0.9624896035281422
DEAP:S20:T08,DEAP:S20,T08,1,7.63,1,1,1,7,unexposed,baseline_relative,validation_familiar,10.0,0.04897736966006061,0.9510226303399394
DEAP:S20:T12,DEAP:S20,T12,1,7.64,1,1,1,7,unexposed,baseline_relative,validation_familiar,10.0,0.0029174421914572868,0.9970825578085427
DEAP:S20:T15,DEAP:S20,T15,1,6.35,1,1,1,7,unexposed,baseline_relative,validation_familiar,10.0,0.015242091076788311,0.9847579089232117
DEAP:S20:T19,DEAP:S20,T19,1,7.59,1,1,1,7,unexposed,baseline_relative,validation_familiar,10.0,0.00045712788846430374,0.9995428721115357
DEAP:S20:T23,DEAP:S20,T23,0,2.82,1,1,1,7,unexposed,baseline_relative,validation_familiar,10.0,0.0820360034097033,0.9179639965902967
DEAP:S20:T25,DEAP:S20,T25,0,2.99,1,1,1,7,unexposed,baseline_relative,validation_familiar,10.0,0.13603195296827353,0.8639680470317265
DEAP:S20:T26,DEAP:S20,T26,0,4.31,1,1,1,7,unexposed,baseline_relative,validation_familiar,10.0,0.11729999933559898,0.882700000664401
DEAP:S20:T27,DEAP:S20,T27,1,5.03,1,1,1,7,unexposed,baseline_relative,validation_familiar,10.0,0.035638834251886076,0.9643611657481139
DEAP:S20:T28,DEAP:S20,T28,1,5.01,1,1,1,7,unexposed,baseline_relative,validation_familiar,10.0,0.3633240372658477,0.6366759627341523
DEAP:S20:T29,DEAP:S20,T29,0,2.44,1,1,1,7,unexposed,baseline_relative,validation_familiar,10.0,0.1133852435411653,0.8866147564588347
DEAP:S20:T30,DEAP:S20,T30,0,3.49,1,1,1,7,unexposed,baseline_relative,validation_familiar,10.0,0.025003723743056705,0.9749962762569433
DEAP:S20:T32,DEAP:S20,T32,1,6.28,1,1,1,7,unexposed,baseline_relative,validation_familiar,10.0,0.05330566953515392,0.9466943304648461
DEAP:S20:T33,DEAP:S20,T33,0,4.64,1,1,1,7,unexposed,baseline_relative,validation_familiar,10.0,0.13034471089152033,0.8696552891084797
DEAP:S20:T35,DEAP:S20,T35,0,4.35,1,1,1,7,unexposed,baseline_relative,validation_familiar,10.0,0.10590930680611721,0.8940906931938828
DEAP:S23:T01,DEAP:S23,T01,1,7.71,1,1,1,7,unexposed,baseline_relative,validation_familiar,10.0,0.9947859542260512,0.005214045773948767
DEAP:S23:T05,DEAP:S23,T05,1,6.94,1,1,1,7,unexposed,baseline_relative,validation_familiar,10.0,0.5036681247913072,0.4963318752086928
DEAP:S23:T08,DEAP:S23,T08,1,7.23,1,1,1,7,unexposed,baseline_relative,validation_familiar,10.0,0.9108268988472833,0.08917310115271673
DEAP:S23:T12,DEAP:S23,T12,1,7.0,1,1,1,7,unexposed,baseline_relative,validation_familiar,10.0,0.9657940953149998,0.03420590468500013
DEAP:S23:T15,DEAP:S23,T15,1,7.0,1,1,1,7,unexposed,baseline_relative,validation_familiar,10.0,0.9929364940190132,0.007063505980986773
DEAP:S23:T19,DEAP:S23,T19,1,8.15,1,1,1,7,unexposed,baseline_relative,validation_familiar,10.0,0.9881691402947479,0.011830859705252064
DEAP:S23:T23,DEAP:S23,T23,0,4.17,1,1,1,7,unexposed,baseline_relative,validation_familiar,10.0,0.0006797532510952609,0.9993202467489047
DEAP:S23:T25,DEAP:S23,T25,0,4.97,1,1,1,7,unexposed,baseline_relative,validation_familiar,10.0,0.6549283812101354,0.34507161878986464
DEAP:S23:T26,DEAP:S23,T26,1,8.27,1,1,1,7,unexposed,baseline_relative,validation_familiar,10.0,0.8500249582106004,0.14997504178939955
DEAP:S23:T27,DEAP:S23,T27,1,5.06,1,1,1,7,unexposed,baseline_relative,validation_familiar,10.0,0.8347104797621752,0.1652895202378248
DEAP:S23:T28,DEAP:S23,T28,1,5.04,1,1,1,7,unexposed,baseline_relative,validation_familiar,10.0,0.9726155617564484,0.02738443824355164
DEAP:S23:T29,DEAP:S23,T29,0,3.72,1,1,1,7,unexposed,baseline_relative,validation_familiar,10.0,0.03568469845111433,0.9643153015488857
DEAP:S23:T30,DEAP:S23,T30,0,3.88,1,1,1,7,unexposed,baseline_relative,validation_familiar,10.0,0.9808146214331723,0.01918537856682769
DEAP:S23:T32,DEAP:S23,T32,1,7.97,1,1,1,7,unexposed,baseline_relative,validation_familiar,10.0,0.744750208607182,0.25524979139281795
DEAP:S23:T33,DEAP:S23,T33,1,5.04,1,1,1,7,unexposed,baseline_relative,validation_familiar,10.0,0.7761371183999537,0.2238628816000463
DEAP:S23:T35,DEAP:S23,T35,1,5.18,1,1,1,7,unexposed,baseline_relative,validation_familiar,10.0,0.16959980937413333,0.8304001906258667
DEAP:S31:T01,DEAP:S31,T01,1,6.79,1,1,1,7,unexposed,baseline_relative,validation_familiar,10.0,0.07751307770594995,0.92248692229405
DEAP:S31:T05,DEAP:S31,T05,1,6.22,1,1,1,7,unexposed,baseline_relative,validation_familiar,10.0,0.9938542345040797,0.00614576549592024
DEAP:S31:T08,DEAP:S31,T08,1,6.03,1,1,1,7,unexposed,baseline_relative,validation_familiar,10.0,0.9420421472096218,0.05795785279037819
DEAP:S31:T12,DEAP:S31,T12,1,7.14,1,1,1,7,unexposed,baseline_relative,validation_familiar,10.0,0.010503148062681822,0.9894968519373182
DEAP:S31:T15,DEAP:S31,T15,1,6.05,1,1,1,7,unexposed,baseline_relative,validation_familiar,10.0,0.8572842667734089,0.14271573322659115
DEAP:S31:T19,DEAP:S31,T19,1,7.95,1,1,1,7,unexposed,baseline_relative,validation_familiar,10.0,0.38885013267777446,0.6111498673222255
DEAP:S31:T23,DEAP:S31,T23,0,1.0,1,1,1,7,unexposed,baseline_relative,validation_familiar,10.0,0.9746788514607206,0.02532114853927932
DEAP:S31:T25,DEAP:S31,T25,1,6.14,1,1,1,7,unexposed,baseline_relative,validation_familiar,10.0,0.782409024218708,0.21759097578129202
DEAP:S31:T26,DEAP:S31,T26,1,7.08,1,1,1,7,unexposed,baseline_relative,validation_familiar,10.0,0.014272159319888678,0.9857278406801113
DEAP:S31:T28,DEAP:S31,T28,1,5.01,1,1,1,7,unexposed,baseline_relative,validation_familiar,10.0,0.6970356459789606,0.3029643540210394
DEAP:S31:T29,DEAP:S31,T29,1,5.09,1,1,1,7,unexposed,baseline_relative,validation_familiar,10.0,0.12675835819328085,0.8732416418067191
DEAP:S31:T30,DEAP:S31,T30,0,3.13,1,1,1,7,unexposed,baseline_relative,validation_familiar,10.0,0.012023716159717535,0.9879762838402825
DEAP:S31:T32,DEAP:S31,T32,0,1.0,1,1,1,7,unexposed,baseline_relative,validation_familiar,10.0,0.39206139052040023,0.6079386094795998
DEAP:S31:T33,DEAP:S31,T33,0,4.18,1,1,1,7,unexposed,baseline_relative,validation_familiar,10.0,0.19831126972148827,0.8016887302785117
DEAP:S31:T35,DEAP:S31,T35,0,4.03,1,1,1,7,unexposed,baseline_relative,validation_familiar,10.0,0.9906918032516252,0.00930819674837477
