{
    "model_name": "multiclass_lstm",
    "classification_type": "multiclass",
    "num_classes": 4,
    "class_names": [
        "LANV",
        "LAPV",
        "HANV",
        "HAPV"
    ],
    "metrics": {
        "accuracy": 0.21739130434782608,
        "precision": 0.04725897920604915,
        "recall": 0.21739130434782608,
        "f1_score": 0.07763975155279504,
        "roc_auc": 0.510230179028133
    },
    "feature_dim": 945,
    "num_train_samples": 89,
    "num_val_samples": 23
}