{
    "model_name": "multiclass_bilstm",
    "classification_type": "multiclass",
    "num_classes": 4,
    "class_names": [
        "LANV",
        "LAPV",
        "HANV",
        "HAPV"
    ],
    "metrics": {
        "accuracy": 0.391304347826087,
        "precision": 0.2864906832298137,
        "recall": 0.391304347826087,
        "f1_score": 0.32967032967032966,
        "roc_auc": 0.5342426825802785
    },
    "feature_dim": 945,
    "num_train_samples": 89,
    "num_val_samples": 23
}