trial_id,subject_id,material_key,label,original_label,group,source_session,material_rotation,fold,arm,model,role,C,p0,p1
DEAP:S01:T02,DEAP:S01,T02,1,8.1,1,1,3,3,unexposed,baseline_relative,train,0.01,0.49729595364753243,0.5027040463524676
DEAP:S01:T03,DEAP:S01,T03,1,8.58,1,1,3,3,unexposed,baseline_relative,train,0.01,0.48029777143423547,0.5197022285657645
DEAP:S01:T10,DEAP:S01,T10,0,1.99,1,1,3,3,unexposed,baseline_relative,train,0.01,0.5785378289307547,0.42146217106924533
DEAP:S01:T11,DEAP:S01,T11,0,2.99,1,1,3,3,unexposed,baseline_relative,train,0.01,0.6027865892538368,0.39721341074616323
DEAP:S01:T14,DEAP:S01,T14,0,4.18,1,1,3,3,unexposed,baseline_relative,train,0.01,0.476097428486543,0.523902571513457
DEAP:S01:T16,DEAP:S01,T16,1,6.81,1,1,3,3,unexposed,baseline_relative,train,0.01,0.5684113728471518,0.43158862715284824
DEAP:S01:T17,DEAP:S01,T17,0,2.46,1,1,3,3,unexposed,baseline_relative,train,0.01,0.5117909367342024,0.48820906326579755
DEAP:S01:T20,DEAP:S01,T20,1,8.26,1,1,3,3,unexposed,baseline_relative,train,0.01,0.42105899061763263,0.5789410093823674
DEAP:S01:T21,DEAP:S01,T21,1,9.0,1,1,3,3,unexposed,baseline_relative,train,0.01,0.526551401063447,0.473448598936553
DEAP:S01:T31,DEAP:S01,T31,0,3.03,1,1,3,3,unexposed,baseline_relative,train,0.01,0.5136052613227258,0.4863947386772743
DEAP:S01:T34,DEAP:S01,T34,0,2.28,1,1,3,3,unexposed,baseline_relative,train,0.01,0.5813556196763707,0.4186443803236292
DEAP:S01:T37,DEAP:S01,T37,0,2.31,1,1,3,3,unexposed,baseline_relative,train,0.01,0.48658082278831916,0.5134191772116808
DEAP:S01:T38,DEAP:S01,T38,0,3.33,1,1,3,3,unexposed,baseline_relative,train,0.01,0.5606335185149622,0.43936648148503776
DEAP:S01:T39,DEAP:S01,T39,0,3.24,1,1,3,3,unexposed,baseline_relative,train,0.01,0.5737087710355607,0.4262912289644393
DEAP:S01:T40,DEAP:S01,T40,1,5.1,1,1,3,3,unexposed,baseline_relative,train,0.01,0.5142835621059676,0.48571643789403246
DEAP:S02:T02,DEAP:S02,T02,1,8.01,1,1,3,3,unexposed,baseline_relative,train,0.01,0.44135298387729693,0.5586470161227031
DEAP:S02:T03,DEAP:S02,T03,1,9.0,1,1,3,3,unexposed,baseline_relative,train,0.01,0.5738530824509271,0.42614691754907286
DEAP:S02:T10,DEAP:S02,T10,0,4.99,1,1,3,3,unexposed,baseline_relative,train,0.01,0.4763111545844535,0.5236888454155465
DEAP:S02:T11,DEAP:S02,T11,1,7.08,1,1,3,3,unexposed,baseline_relative,train,0.01,0.4992809627986472,0.5007190372013528
DEAP:S02:T14,DEAP:S02,T14,1,8.94,1,1,3,3,unexposed,baseline_relative,train,0.01,0.4704505063891873,0.5295494936108127
DEAP:S02:T17,DEAP:S02,T17,1,9.0,1,1,3,3,unexposed,baseline_relative,train,0.01,0.47739607347458823,0.5226039265254118
DEAP:S02:T20,DEAP:S02,T20,1,8.97,1,1,3,3,unexposed,baseline_relative,train,0.01,0.48750845604793447,0.5124915439520655
DEAP:S02:T21,DEAP:S02,T21,0,1.0,1,1,3,3,unexposed,baseline_relative,train,0.01,0.5687868714570985,0.4312131285429015
DEAP:S02:T31,DEAP:S02,T31,0,4.06,1,1,3,3,unexposed,baseline_relative,train,0.01,0.5353000287407794,0.46469997125922063
DEAP:S02:T34,DEAP:S02,T34,0,4.87,1,1,3,3,unexposed,baseline_relative,train,0.01,0.5330012188953723,0.4669987811046276
DEAP:S02:T37,DEAP:S02,T37,0,1.0,1,1,3,3,unexposed,baseline_relative,train,0.01,0.5512875237901833,0.44871247620981664
DEAP:S02:T38,DEAP:S02,T38,0,1.0,1,1,3,3,unexposed,baseline_relative,train,0.01,0.5264831558193674,0.4735168441806326
DEAP:S02:T39,DEAP:S02,T39,0,1.0,1,1,3,3,unexposed,baseline_relative,train,0.01,0.4580568186208913,0.5419431813791087
DEAP:S02:T40,DEAP:S02,T40,1,6.05,1,1,3,3,unexposed,baseline_relative,train,0.01,0.5032578524454783,0.4967421475545218
DEAP:S03:T02,DEAP:S03,T02,1,7.21,1,1,3,3,unexposed,baseline_relative,train,0.01,0.5150365381203692,0.48496346187963074
DEAP:S03:T03,DEAP:S03,T03,1,7.55,1,1,3,3,unexposed,baseline_relative,train,0.01,0.5150662388111762,0.48493376118882375
DEAP:S03:T06,DEAP:S03,T06,1,6.79,1,1,3,3,unexposed,baseline_relative,train,0.01,0.5150830755995166,0.4849169244004834
DEAP:S03:T10,DEAP:S03,T10,0,4.45,1,1,3,3,unexposed,baseline_relative,train,0.01,0.4539131774746712,0.5460868225253288
DEAP:S03:T11,DEAP:S03,T11,1,7.94,1,1,3,3,unexposed,baseline_relative,train,0.01,0.44688315615111573,0.5531168438488843
DEAP:S03:T14,DEAP:S03,T14,1,7.29,1,1,3,3,unexposed,baseline_relative,train,0.01,0.5563593925355755,0.44364060746442446
DEAP:S03:T16,DEAP:S03,T16,1,7.15,1,1,3,3,unexposed,baseline_relative,train,0.01,0.4752270167374312,0.5247729832625688
DEAP:S03:T17,DEAP:S03,T17,0,4.56,1,1,3,3,unexposed,baseline_relative,train,0.01,0.5578138119492169,0.44218618805078314
DEAP:S03:T20,DEAP:S03,T20,1,6.26,1,1,3,3,unexposed,baseline_relative,train,0.01,0.5197580043063067,0.4802419956936933
DEAP:S03:T21,DEAP:S03,T21,0,4.99,1,1,3,3,unexposed,baseline_relative,train,0.01,0.527041573537937,0.472958426462063
DEAP:S03:T31,DEAP:S03,T31,0,4.44,1,1,3,3,unexposed,baseline_relative,train,0.01,0.45653724597086665,0.5434627540291334
DEAP:S03:T37,DEAP:S03,T37,0,4.92,1,1,3,3,unexposed,baseline_relative,train,0.01,0.5654900869123806,0.43450991308761944
DEAP:S03:T38,DEAP:S03,T38,0,4.53,1,1,3,3,unexposed,baseline_relative,train,0.01,0.5326834752114062,0.46731652478859376
DEAP:S03:T39,DEAP:S03,T39,0,4.33,1,1,3,3,unexposed,baseline_relative,train,0.01,0.5574984017491517,0.44250159825084834
DEAP:S03:T40,DEAP:S03,T40,1,5.38,1,1,3,3,unexposed,baseline_relative,train,0.01,0.5313117313723263,0.46868826862767365
DEAP:S04:T02,DEAP:S04,T02,0,4.06,1,1,3,3,unexposed,baseline_relative,train,0.01,0.41615408942765275,0.5838459105723472
DEAP:S04:T03,DEAP:S04,T03,1,8.95,1,1,3,3,unexposed,baseline_relative,train,0.01,0.5907365617216151,0.4092634382783849
DEAP:S04:T06,DEAP:S04,T06,1,5.01,1,1,3,3,unexposed,baseline_relative,train,0.01,0.4934508079669314,0.5065491920330686
DEAP:S04:T10,DEAP:S04,T10,0,3.15,1,1,3,3,unexposed,baseline_relative,train,0.01,0.4376043895890632,0.5623956104109368
DEAP:S04:T11,DEAP:S04,T11,1,7.24,1,1,3,3,unexposed,baseline_relative,train,0.01,0.4337353940970291,0.5662646059029709
DEAP:S04:T14,DEAP:S04,T14,1,6.96,1,1,3,3,unexposed,baseline_relative,train,0.01,0.5737422913106058,0.4262577086893942
DEAP:S04:T16,DEAP:S04,T16,0,2.51,1,1,3,3,unexposed,baseline_relative,train,0.01,0.5290802224835769,0.4709197775164231
DEAP:S04:T17,DEAP:S04,T17,1,7.01,1,1,3,3,unexposed,baseline_relative,train,0.01,0.5921397654918339,0.4078602345081661
DEAP:S04:T20,DEAP:S04,T20,1,8.17,1,1,3,3,unexposed,baseline_relative,train,0.01,0.5227029560849719,0.4772970439150281
DEAP:S04:T21,DEAP:S04,T21,0,1.77,1,1,3,3,unexposed,baseline_relative,train,0.01,0.588298309744846,0.41170169025515396
DEAP:S04:T31,DEAP:S04,T31,0,2.01,1,1,3,3,unexposed,baseline_relative,train,0.01,0.6138179312084923,0.38618206879150774
DEAP:S04:T34,DEAP:S04,T34,0,2.17,1,1,3,3,unexposed,baseline_relative,train,0.01,0.5976543663670898,0.4023456336329102
DEAP:S04:T37,DEAP:S04,T37,0,1.0,1,1,3,3,unexposed,baseline_relative,train,0.01,0.5152046792841112,0.4847953207158889
DEAP:S04:T38,DEAP:S04,T38,0,1.79,1,1,3,3,unexposed,baseline_relative,train,0.01,0.6578721030285802,0.34212789697141976
DEAP:S04:T39,DEAP:S04,T39,0,1.92,1,1,3,3,unexposed,baseline_relative,train,0.01,0.4948719861133166,0.5051280138866834
DEAP:S04:T40,DEAP:S04,T40,0,1.86,1,1,3,3,unexposed,baseline_relative,train,0.01,0.6340794501140841,0.36592054988591594
DEAP:S05:T02,DEAP:S05,T02,1,9.0,1,1,3,3,unexposed,baseline_relative,train,0.01,0.5080288388799368,0.4919711611200632
DEAP:S05:T03,DEAP:S05,T03,0,4.95,1,1,3,3,unexposed,baseline_relative,train,0.01,0.5840658470692843,0.4159341529307157
DEAP:S05:T06,DEAP:S05,T06,1,8.09,1,1,3,3,unexposed,baseline_relative,train,0.01,0.5291335238885082,0.4708664761114918
DEAP:S05:T10,DEAP:S05,T10,0,3.03,1,1,3,3,unexposed,baseline_relative,train,0.01,0.5398789941777975,0.46012100582220244
DEAP:S05:T11,DEAP:S05,T11,1,9.0,1,1,3,3,unexposed,baseline_relative,train,0.01,0.5582797012126444,0.4417202987873556
DEAP:S05:T16,DEAP:S05,T16,1,5.96,1,1,3,3,unexposed,baseline_relative,train,0.01,0.42629533576222,0.57370466423778
DEAP:S05:T17,DEAP:S05,T17,1,6.88,1,1,3,3,unexposed,baseline_relative,train,0.01,0.35139763498235743,0.6486023650176426
DEAP:S05:T21,DEAP:S05,T21,0,4.0,1,1,3,3,unexposed,baseline_relative,train,0.01,0.4635010946891098,0.5364989053108902
DEAP:S05:T34,DEAP:S05,T34,1,6.03,1,1,3,3,unexposed,baseline_relative,train,0.01,0.47660631720949154,0.5233936827905085
DEAP:S05:T37,DEAP:S05,T37,0,1.91,1,1,3,3,unexposed,baseline_relative,train,0.01,0.5327120231779063,0.4672879768220937
DEAP:S05:T38,DEAP:S05,T38,0,1.0,1,1,3,3,unexposed,baseline_relative,train,0.01,0.6387017885972168,0.3612982114027832
DEAP:S05:T39,DEAP:S05,T39,0,1.0,1,1,3,3,unexposed,baseline_relative,train,0.01,0.5236613401869292,0.4763386598130708
DEAP:S05:T40,DEAP:S05,T40,1,7.0,1,1,3,3,unexposed,baseline_relative,train,0.01,0.498748419533802,0.501251580466198
DEAP:S06:T02,DEAP:S06,T02,1,6.83,1,1,3,3,unexposed,baseline_relative,train,0.01,0.4966503509072261,0.5033496490927739
DEAP:S06:T03,DEAP:S06,T03,1,7.69,1,1,3,3,unexposed,baseline_relative,train,0.01,0.4229264544533996,0.5770735455466004
DEAP:S06:T06,DEAP:S06,T06,1,8.05,1,1,3,3,unexposed,baseline_relative,train,0.01,0.5137031711505997,0.4862968288494003
DEAP:S06:T10,DEAP:S06,T10,1,7.37,1,1,3,3,unexposed,baseline_relative,train,0.01,0.46956232080983695,0.530437679190163
DEAP:S06:T14,DEAP:S06,T14,1,6.32,1,1,3,3,unexposed,baseline_relative,train,0.01,0.4747867533768114,0.5252132466231886
DEAP:S06:T16,DEAP:S06,T16,1,5.06,1,1,3,3,unexposed,baseline_relative,train,0.01,0.5703635246515778,0.4296364753484222
DEAP:S06:T17,DEAP:S06,T17,1,6.72,1,1,3,3,unexposed,baseline_relative,train,0.01,0.44709587412467444,0.5529041258753256
DEAP:S06:T20,DEAP:S06,T20,1,5.01,1,1,3,3,unexposed,baseline_relative,train,0.01,0.5891755248246255,0.4108244751753744
DEAP:S06:T21,DEAP:S06,T21,1,6.28,1,1,3,3,unexposed,baseline_relative,train,0.01,0.46700696510655737,0.5329930348934426
DEAP:S06:T37,DEAP:S06,T37,0,4.83,1,1,3,3,unexposed,baseline_relative,train,0.01,0.6192307439918121,0.38076925600818795
DEAP:S06:T38,DEAP:S06,T38,0,4.44,1,1,3,3,unexposed,baseline_relative,train,0.01,0.44964181216930066,0.5503581878306993
DEAP:S06:T39,DEAP:S06,T39,1,6.56,1,1,3,3,unexposed,baseline_relative,train,0.01,0.421060299940055,0.578939700059945
DEAP:S06:T40,DEAP:S06,T40,0,4.85,1,1,3,3,unexposed,baseline_relative,train,0.01,0.5385632745558457,0.46143672544415426
DEAP:S07:T02,DEAP:S07,T02,1,7.15,1,1,3,3,unexposed,baseline_relative,train,0.01,0.4580913531226596,0.5419086468773404
DEAP:S07:T06,DEAP:S07,T06,1,6.97,1,1,3,3,unexposed,baseline_relative,train,0.01,0.4791323833000095,0.5208676166999905
DEAP:S07:T10,DEAP:S07,T10,1,7.09,1,1,3,3,unexposed,baseline_relative,train,0.01,0.4824298391030235,0.5175701608969765
DEAP:S07:T11,DEAP:S07,T11,1,7.03,1,1,3,3,unexposed,baseline_relative,train,0.01,0.4983863813351117,0.5016136186648883
DEAP:S07:T14,DEAP:S07,T14,1,7.09,1,1,3,3,unexposed,baseline_relative,train,0.01,0.526162726443512,0.47383727355648797
DEAP:S07:T16,DEAP:S07,T16,0,3.03,1,1,3,3,unexposed,baseline_relative,train,0.01,0.5691939729553037,0.4308060270446962
DEAP:S07:T17,DEAP:S07,T17,1,7.12,1,1,3,3,unexposed,baseline_relative,train,0.01,0.5291871926486724,0.47081280735132763
DEAP:S07:T20,DEAP:S07,T20,1,8.06,1,1,3,3,unexposed,baseline_relative,train,0.01,0.43324778097703065,0.5667522190229694
DEAP:S07:T21,DEAP:S07,T21,0,3.12,1,1,3,3,unexposed,baseline_relative,train,0.01,0.4555008579396158,0.5444991420603842
DEAP:S07:T31,DEAP:S07,T31,1,6.96,1,1,3,3,unexposed,baseline_relative,train,0.01,0.43525453098554656,0.5647454690144534
DEAP:S07:T34,DEAP:S07,T34,0,4.01,1,1,3,3,unexposed,baseline_relative,train,0.01,0.5408672204777984,0.4591327795222015
DEAP:S07:T37,DEAP:S07,T37,1,5.05,1,1,3,3,unexposed,baseline_relative,train,0.01,0.4480656847277632,0.5519343152722368
DEAP:S07:T38,DEAP:S07,T38,1,5.03,1,1,3,3,unexposed,baseline_relative,train,0.01,0.4070467949175798,0.5929532050824202
DEAP:S07:T39,DEAP:S07,T39,1,7.01,1,1,3,3,unexposed,baseline_relative,train,0.01,0.4102811845904555,0.5897188154095445
DEAP:S07:T40,DEAP:S07,T40,1,7.01,1,1,3,3,unexposed,baseline_relative,train,0.01,0.43724573710956716,0.5627542628904328
DEAP:S08:T02,DEAP:S08,T02,1,5.04,1,1,3,3,unexposed,baseline_relative,train,0.01,0.4789445793920617,0.5210554206079383
DEAP:S08:T03,DEAP:S08,T03,1,8.15,1,1,3,3,unexposed,baseline_relative,train,0.01,0.3484480898946265,0.6515519101053735
DEAP:S08:T06,DEAP:S08,T06,1,7.4,1,1,3,3,unexposed,baseline_relative,train,0.01,0.6380354742178715,0.36196452578212845
DEAP:S08:T10,DEAP:S08,T10,0,4.97,1,1,3,3,unexposed,baseline_relative,train,0.01,0.4465231996194401,0.5534768003805599
DEAP:S08:T11,DEAP:S08,T11,1,8.41,1,1,3,3,unexposed,baseline_relative,train,0.01,0.5694643366703307,0.43053566332966936
DEAP:S08:T16,DEAP:S08,T16,0,4.21,1,1,3,3,unexposed,baseline_relative,train,0.01,0.591774088993853,0.4082259110061471
DEAP:S08:T17,DEAP:S08,T17,1,6.67,1,1,3,3,unexposed,baseline_relative,train,0.01,0.4711592242957152,0.5288407757042848
DEAP:S08:T20,DEAP:S08,T20,1,6.74,1,1,3,3,unexposed,baseline_relative,train,0.01,0.45341623619436167,0.5465837638056383
DEAP:S08:T21,DEAP:S08,T21,0,4.68,1,1,3,3,unexposed,baseline_relative,train,0.01,0.6127102239059767,0.3872897760940233
DEAP:S08:T31,DEAP:S08,T31,0,1.45,1,1,3,3,unexposed,baseline_relative,train,0.01,0.5489525733700534,0.45104742662994657
DEAP:S08:T34,DEAP:S08,T34,1,5.05,1,1,3,3,unexposed,baseline_relative,train,0.01,0.4551476509876935,0.5448523490123065
DEAP:S08:T37,DEAP:S08,T37,1,5.06,1,1,3,3,unexposed,baseline_relative,train,0.01,0.511889059457747,0.48811094054225307
DEAP:S08:T38,DEAP:S08,T38,0,4.72,1,1,3,3,unexposed,baseline_relative,train,0.01,0.579630696822678,0.420369303177322
DEAP:S08:T39,DEAP:S08,T39,1,5.05,1,1,3,3,unexposed,baseline_relative,train,0.01,0.5168700751876389,0.483129924812361
DEAP:S08:T40,DEAP:S08,T40,0,3.13,1,1,3,3,unexposed,baseline_relative,train,0.01,0.4565242915353579,0.5434757084646421
DEAP:S10:T02,DEAP:S10,T02,0,3.55,1,1,3,3,unexposed,baseline_relative,train,0.01,0.5624702944472049,0.4375297055527951
DEAP:S10:T03,DEAP:S10,T03,1,5.86,1,1,3,3,unexposed,baseline_relative,train,0.01,0.5401628491869418,0.4598371508130582
DEAP:S10:T06,DEAP:S10,T06,1,7.1,1,1,3,3,unexposed,baseline_relative,train,0.01,0.608525742299189,0.39147425770081107
DEAP:S10:T10,DEAP:S10,T10,1,5.94,1,1,3,3,unexposed,baseline_relative,train,0.01,0.48186739516489974,0.5181326048351003
DEAP:S10:T11,DEAP:S10,T11,1,8.99,1,1,3,3,unexposed,baseline_relative,train,0.01,0.4845057013388123,0.5154942986611877
DEAP:S10:T14,DEAP:S10,T14,1,8.81,1,1,3,3,unexposed,baseline_relative,train,0.01,0.5355792637372423,0.4644207362627577
DEAP:S10:T16,DEAP:S10,T16,0,3.85,1,1,3,3,unexposed,baseline_relative,train,0.01,0.6772653173303507,0.3227346826696493
DEAP:S10:T17,DEAP:S10,T17,0,4.95,1,1,3,3,unexposed,baseline_relative,train,0.01,0.5239589457361946,0.47604105426380544
DEAP:S10:T20,DEAP:S10,T20,1,5.58,1,1,3,3,unexposed,baseline_relative,train,0.01,0.5356357540911713,0.46436424590882874
DEAP:S10:T21,DEAP:S10,T21,0,2.97,1,1,3,3,unexposed,baseline_relative,train,0.01,0.5771509322351106,0.4228490677648894
DEAP:S10:T31,DEAP:S10,T31,0,4.15,1,1,3,3,unexposed,baseline_relative,train,0.01,0.613445181567467,0.38655481843253303
DEAP:S10:T34,DEAP:S10,T34,0,3.91,1,1,3,3,unexposed,baseline_relative,train,0.01,0.5489516926531579,0.4510483073468421
DEAP:S10:T37,DEAP:S10,T37,0,2.92,1,1,3,3,unexposed,baseline_relative,train,0.01,0.49961051277609225,0.5003894872239077
DEAP:S10:T38,DEAP:S10,T38,0,1.91,1,1,3,3,unexposed,baseline_relative,train,0.01,0.5083878480118791,0.4916121519881209
DEAP:S10:T39,DEAP:S10,T39,0,2.17,1,1,3,3,unexposed,baseline_relative,train,0.01,0.6477742232676549,0.35222577673234506
DEAP:S10:T40,DEAP:S10,T40,1,5.78,1,1,3,3,unexposed,baseline_relative,train,0.01,0.6383726644209418,0.3616273355790583
DEAP:S13:T02,DEAP:S13,T02,0,4.03,1,1,3,3,unexposed,baseline_relative,train,0.01,0.462291343464755,0.537708656535245
DEAP:S13:T03,DEAP:S13,T03,1,9.0,1,1,3,3,unexposed,baseline_relative,train,0.01,0.4768861719731671,0.5231138280268329
DEAP:S13:T06,DEAP:S13,T06,0,4.46,1,1,3,3,unexposed,baseline_relative,train,0.01,0.47736819886141446,0.5226318011385855
DEAP:S13:T10,DEAP:S13,T10,0,4.01,1,1,3,3,unexposed,baseline_relative,train,0.01,0.5227262187739474,0.47727378122605263
DEAP:S13:T11,DEAP:S13,T11,1,7.04,1,1,3,3,unexposed,baseline_relative,train,0.01,0.5184054714573445,0.4815945285426555
DEAP:S13:T14,DEAP:S13,T14,1,7.97,1,1,3,3,unexposed,baseline_relative,train,0.01,0.48287891121540716,0.5171210887845928
DEAP:S13:T17,DEAP:S13,T17,1,5.99,1,1,3,3,unexposed,baseline_relative,train,0.01,0.46160082520807466,0.5383991747919253
DEAP:S13:T20,DEAP:S13,T20,1,7.6,1,1,3,3,unexposed,baseline_relative,train,0.01,0.4838654020436248,0.5161345979563752
DEAP:S13:T21,DEAP:S13,T21,0,2.0,1,1,3,3,unexposed,baseline_relative,train,0.01,0.5324008419908686,0.4675991580091315
DEAP:S13:T31,DEAP:S13,T31,0,1.97,1,1,3,3,unexposed,baseline_relative,train,0.01,0.44042045021017495,0.559579549789825
DEAP:S13:T34,DEAP:S13,T34,0,2.92,1,1,3,3,unexposed,baseline_relative,train,0.01,0.48253163399684473,0.5174683660031553
DEAP:S13:T37,DEAP:S13,T37,0,1.0,1,1,3,3,unexposed,baseline_relative,train,0.01,0.44189065918279713,0.5581093408172029
DEAP:S13:T39,DEAP:S13,T39,0,1.97,1,1,3,3,unexposed,baseline_relative,train,0.01,0.4596058505174534,0.5403941494825466
DEAP:S13:T40,DEAP:S13,T40,0,4.08,1,1,3,3,unexposed,baseline_relative,train,0.01,0.47830538274494605,0.521694617255054
DEAP:S15:T02,DEAP:S15,T02,1,5.04,1,1,3,3,unexposed,baseline_relative,train,0.01,0.40788637126492355,0.5921136287350764
DEAP:S15:T03,DEAP:S15,T03,1,8.04,1,1,3,3,unexposed,baseline_relative,train,0.01,0.4219769257330114,0.5780230742669886
DEAP:S15:T06,DEAP:S15,T06,1,9.0,1,1,3,3,unexposed,baseline_relative,train,0.01,0.3864946850743731,0.6135053149256269
DEAP:S15:T10,DEAP:S15,T10,0,4.99,1,1,3,3,unexposed,baseline_relative,train,0.01,0.5049793822170432,0.4950206177829568
DEAP:S15:T11,DEAP:S15,T11,1,8.99,1,1,3,3,unexposed,baseline_relative,train,0.01,0.4009891284840349,0.5990108715159651
DEAP:S15:T14,DEAP:S15,T14,1,8.15,1,1,3,3,unexposed,baseline_relative,train,0.01,0.47133833499452105,0.528661665005479
DEAP:S15:T16,DEAP:S15,T16,0,4.17,1,1,3,3,unexposed,baseline_relative,train,0.01,0.4845232438106092,0.5154767561893908
DEAP:S15:T17,DEAP:S15,T17,1,8.1,1,1,3,3,unexposed,baseline_relative,train,0.01,0.4483419682997387,0.5516580317002613
DEAP:S15:T20,DEAP:S15,T20,1,7.97,1,1,3,3,unexposed,baseline_relative,train,0.01,0.4635946393317397,0.5364053606682603
DEAP:S15:T21,DEAP:S15,T21,0,3.09,1,1,3,3,unexposed,baseline_relative,train,0.01,0.48562528432778707,0.5143747156722129
DEAP:S15:T31,DEAP:S15,T31,0,2.99,1,1,3,3,unexposed,baseline_relative,train,0.01,0.4839490114377504,0.5160509885622496
DEAP:S15:T37,DEAP:S15,T37,0,3.04,1,1,3,3,unexposed,baseline_relative,train,0.01,0.5860270412321716,0.41397295876782836
DEAP:S15:T38,DEAP:S15,T38,0,2.08,1,1,3,3,unexposed,baseline_relative,train,0.01,0.49832467836857264,0.5016753216314274
DEAP:S15:T39,DEAP:S15,T39,0,4.0,1,1,3,3,unexposed,baseline_relative,train,0.01,0.6036815215865144,0.39631847841348555
DEAP:S15:T40,DEAP:S15,T40,0,4.01,1,1,3,3,unexposed,baseline_relative,train,0.01,0.4408760850555241,0.5591239149444759
DEAP:S18:T02,DEAP:S18,T02,1,6.87,1,1,3,3,unexposed,baseline_relative,train,0.01,0.4070776678323875,0.5929223321676125
DEAP:S18:T03,DEAP:S18,T03,1,6.36,1,1,3,3,unexposed,baseline_relative,train,0.01,0.5588222601656889,0.4411777398343111
DEAP:S18:T06,DEAP:S18,T06,1,6.51,1,1,3,3,unexposed,baseline_relative,train,0.01,0.377966010506945,0.622033989493055
DEAP:S18:T10,DEAP:S18,T10,1,6.09,1,1,3,3,unexposed,baseline_relative,train,0.01,0.6268121716148725,0.37318782838512754
DEAP:S18:T11,DEAP:S18,T11,1,6.24,1,1,3,3,unexposed,baseline_relative,train,0.01,0.46754185685669125,0.5324581431433087
DEAP:S18:T14,DEAP:S18,T14,1,6.62,1,1,3,3,unexposed,baseline_relative,train,0.01,0.4917034217195858,0.5082965782804142
DEAP:S18:T16,DEAP:S18,T16,0,4.38,1,1,3,3,unexposed,baseline_relative,train,0.01,0.5687493609051668,0.4312506390948332
DEAP:S18:T17,DEAP:S18,T17,1,7.74,1,1,3,3,unexposed,baseline_relative,train,0.01,0.512767810866683,0.487232189133317
DEAP:S18:T20,DEAP:S18,T20,1,6.24,1,1,3,3,unexposed,baseline_relative,train,0.01,0.36319919346170904,0.636800806538291
DEAP:S18:T31,DEAP:S18,T31,0,4.44,1,1,3,3,unexposed,baseline_relative,train,0.01,0.5840921767152503,0.41590782328474973
DEAP:S18:T34,DEAP:S18,T34,0,4.15,1,1,3,3,unexposed,baseline_relative,train,0.01,0.6101960565937559,0.38980394340624414
DEAP:S18:T37,DEAP:S18,T37,0,4.0,1,1,3,3,unexposed,baseline_relative,train,0.01,0.5807977518952921,0.41920224810470785
DEAP:S18:T38,DEAP:S18,T38,0,4.51,1,1,3,3,unexposed,baseline_relative,train,0.01,0.5839729709260024,0.41602702907399763
DEAP:S18:T39,DEAP:S18,T39,0,4.06,1,1,3,3,unexposed,baseline_relative,train,0.01,0.556709035751467,0.4432909642485329
DEAP:S19:T02,DEAP:S19,T02,1,6.46,1,1,3,3,unexposed,baseline_relative,train,0.01,0.4681930974214138,0.5318069025785862
DEAP:S19:T03,DEAP:S19,T03,1,6.82,1,1,3,3,unexposed,baseline_relative,train,0.01,0.5200489579065906,0.4799510420934094
DEAP:S19:T06,DEAP:S19,T06,1,7.73,1,1,3,3,unexposed,baseline_relative,train,0.01,0.4482385836971551,0.5517614163028449
DEAP:S19:T10,DEAP:S19,T10,1,5.01,1,1,3,3,unexposed,baseline_relative,train,0.01,0.4529420235372844,0.5470579764627156
DEAP:S19:T11,DEAP:S19,T11,1,5.83,1,1,3,3,unexposed,baseline_relative,train,0.01,0.35413355928580603,0.645866440714194
DEAP:S19:T16,DEAP:S19,T16,0,3.24,1,1,3,3,unexposed,baseline_relative,train,0.01,0.44942324732363426,0.5505767526763657
DEAP:S19:T17,DEAP:S19,T17,1,7.38,1,1,3,3,unexposed,baseline_relative,train,0.01,0.5033169818142027,0.49668301818579724
DEAP:S19:T20,DEAP:S19,T20,1,6.13,1,1,3,3,unexposed,baseline_relative,train,0.01,0.3886032145195829,0.6113967854804171
DEAP:S19:T21,DEAP:S19,T21,0,2.19,1,1,3,3,unexposed,baseline_relative,train,0.01,0.702543267284119,0.2974567327158811
DEAP:S19:T31,DEAP:S19,T31,1,5.03,1,1,3,3,unexposed,baseline_relative,train,0.01,0.5048552218806757,0.49514477811932434
DEAP:S19:T34,DEAP:S19,T34,0,4.17,1,1,3,3,unexposed,baseline_relative,train,0.01,0.5397552726290804,0.4602447273709196
DEAP:S19:T37,DEAP:S19,T37,0,3.15,1,1,3,3,unexposed,baseline_relative,train,0.01,0.34149375794998693,0.6585062420500131
DEAP:S19:T38,DEAP:S19,T38,0,1.62,1,1,3,3,unexposed,baseline_relative,train,0.01,0.44220384672035773,0.5577961532796423
DEAP:S19:T39,DEAP:S19,T39,1,5.04,1,1,3,3,unexposed,baseline_relative,train,0.01,0.5061718943499169,0.49382810565008306
DEAP:S19:T40,DEAP:S19,T40,0,4.24,1,1,3,3,unexposed,baseline_relative,train,0.01,0.6260910076670545,0.3739089923329455
DEAP:S20:T02,DEAP:S20,T02,1,6.77,1,1,3,3,unexposed,baseline_relative,train,0.01,0.4261098251555009,0.5738901748444991
DEAP:S20:T03,DEAP:S20,T03,1,7.18,1,1,3,3,unexposed,baseline_relative,train,0.01,0.39801217281107726,0.6019878271889227
DEAP:S20:T06,DEAP:S20,T06,1,7.62,1,1,3,3,unexposed,baseline_relative,train,0.01,0.4372735386071953,0.5627264613928047
DEAP:S20:T10,DEAP:S20,T10,1,5.13,1,1,3,3,unexposed,baseline_relative,train,0.01,0.33191586269995765,0.6680841373000423
DEAP:S20:T11,DEAP:S20,T11,1,8.18,1,1,3,3,unexposed,baseline_relative,train,0.01,0.4655566081277145,0.5344433918722855
DEAP:S20:T14,DEAP:S20,T14,1,6.4,1,1,3,3,unexposed,baseline_relative,train,0.01,0.40824311850769324,0.5917568814923068
DEAP:S20:T16,DEAP:S20,T16,1,5.03,1,1,3,3,unexposed,baseline_relative,train,0.01,0.5199813654221687,0.48001863457783134
DEAP:S20:T17,DEAP:S20,T17,1,5.04,1,1,3,3,unexposed,baseline_relative,train,0.01,0.34545532185187156,0.6545446781481284
DEAP:S20:T20,DEAP:S20,T20,1,6.65,1,1,3,3,unexposed,baseline_relative,train,0.01,0.5082940906038429,0.4917059093961571
DEAP:S20:T21,DEAP:S20,T21,0,4.97,1,1,3,3,unexposed,baseline_relative,train,0.01,0.5120992165179913,0.4879007834820087
DEAP:S20:T34,DEAP:S20,T34,0,4.74,1,1,3,3,unexposed,baseline_relative,train,0.01,0.544077876844284,0.45592212315571595
DEAP:S20:T37,DEAP:S20,T37,0,3.01,1,1,3,3,unexposed,baseline_relative,train,0.01,0.5438917250607009,0.45610827493929906
DEAP:S20:T39,DEAP:S20,T39,0,4.67,1,1,3,3,unexposed,baseline_relative,train,0.01,0.5004803083435081,0.4995196916564919
DEAP:S20:T40,DEAP:S20,T40,0,4.94,1,1,3,3,unexposed,baseline_relative,train,0.01,0.47893727638607764,0.5210627236139224
DEAP:S21:T02,DEAP:S21,T02,1,7.05,1,1,3,3,unexposed,baseline_relative,train,0.01,0.48172753069316043,0.5182724693068396
DEAP:S21:T03,DEAP:S21,T03,0,4.83,1,1,3,3,unexposed,baseline_relative,train,0.01,0.5789082834190886,0.4210917165809114
DEAP:S21:T06,DEAP:S21,T06,1,7.92,1,1,3,3,unexposed,baseline_relative,train,0.01,0.4413379001423351,0.5586620998576649
DEAP:S21:T10,DEAP:S21,T10,1,7.05,1,1,3,3,unexposed,baseline_relative,train,0.01,0.4804021061193855,0.5195978938806145
DEAP:S21:T11,DEAP:S21,T11,1,7.05,1,1,3,3,unexposed,baseline_relative,train,0.01,0.568061768932045,0.43193823106795504
DEAP:S21:T14,DEAP:S21,T14,1,8.1,1,1,3,3,unexposed,baseline_relative,train,0.01,0.46869080551833686,0.5313091944816631
DEAP:S21:T17,DEAP:S21,T17,1,5.53,1,1,3,3,unexposed,baseline_relative,train,0.01,0.5117138436628428,0.4882861563371573
DEAP:S21:T20,DEAP:S21,T20,0,2.33,1,1,3,3,unexposed,baseline_relative,train,0.01,0.5501620553215141,0.4498379446784859
DEAP:S21:T21,DEAP:S21,T21,0,4.08,1,1,3,3,unexposed,baseline_relative,train,0.01,0.5075436254029795,0.4924563745970206
DEAP:S21:T31,DEAP:S21,T31,1,5.04,1,1,3,3,unexposed,baseline_relative,train,0.01,0.5027216629592035,0.4972783370407965
DEAP:S21:T34,DEAP:S21,T34,0,4.06,1,1,3,3,unexposed,baseline_relative,train,0.01,0.4931134468242655,0.5068865531757345
DEAP:S21:T37,DEAP:S21,T37,0,3.04,1,1,3,3,unexposed,baseline_relative,train,0.01,0.4445802844887067,0.5554197155112933
DEAP:S21:T38,DEAP:S21,T38,0,3.03,1,1,3,3,unexposed,baseline_relative,train,0.01,0.5310375293865638,0.4689624706134362
DEAP:S21:T39,DEAP:S21,T39,1,6.09,1,1,3,3,unexposed,baseline_relative,train,0.01,0.48591886735240797,0.514081132647592
DEAP:S21:T40,DEAP:S21,T40,0,3.99,1,1,3,3,unexposed,baseline_relative,train,0.01,0.564523076197843,0.435476923802157
DEAP:S22:T02,DEAP:S22,T02,1,7.08,1,1,3,3,unexposed,baseline_relative,train,0.01,0.6424121377978428,0.3575878622021572
DEAP:S22:T03,DEAP:S22,T03,1,7.05,1,1,3,3,unexposed,baseline_relative,train,0.01,0.48427483780834857,0.5157251621916514
DEAP:S22:T06,DEAP:S22,T06,0,4.97,1,1,3,3,unexposed,baseline_relative,train,0.01,0.6453712109661659,0.3546287890338341
DEAP:S22:T10,DEAP:S22,T10,0,4.0,1,1,3,3,unexposed,baseline_relative,train,0.01,0.6286325218115796,0.37136747818842036
DEAP:S22:T11,DEAP:S22,T11,1,8.05,1,1,3,3,unexposed,baseline_relative,train,0.01,0.5364726825367384,0.4635273174632616
DEAP:S22:T14,DEAP:S22,T14,1,8.05,1,1,3,3,unexposed,baseline_relative,train,0.01,0.4989083058203253,0.5010916941796747
DEAP:S22:T16,DEAP:S22,T16,1,6.06,1,1,3,3,unexposed,baseline_relative,train,0.01,0.49359798320023085,0.5064020167997692
DEAP:S22:T17,DEAP:S22,T17,1,5.04,1,1,3,3,unexposed,baseline_relative,train,0.01,0.6189428687046624,0.3810571312953376
DEAP:S22:T21,DEAP:S22,T21,0,2.97,1,1,3,3,unexposed,baseline_relative,train,0.01,0.5609069467742669,0.43909305322573317
DEAP:S22:T31,DEAP:S22,T31,0,2.01,1,1,3,3,unexposed,baseline_relative,train,0.01,0.5642142337647931,0.4357857662352069
DEAP:S22:T34,DEAP:S22,T34,1,5.04,1,1,3,3,unexposed,baseline_relative,train,0.01,0.5249323804859002,0.4750676195140998
DEAP:S22:T37,DEAP:S22,T37,0,1.0,1,1,3,3,unexposed,baseline_relative,train,0.01,0.6720876740936796,0.3279123259063203
DEAP:S22:T38,DEAP:S22,T38,0,1.0,1,1,3,3,unexposed,baseline_relative,train,0.01,0.629978719191608,0.370021280808392
DEAP:S22:T39,DEAP:S22,T39,0,1.0,1,1,3,3,unexposed,baseline_relative,train,0.01,0.5548479015560297,0.44515209844397025
DEAP:S22:T40,DEAP:S22,T40,0,2.97,1,1,3,3,unexposed,baseline_relative,train,0.01,0.6174726561177171,0.3825273438822829
DEAP:S23:T02,DEAP:S23,T02,1,9.0,1,1,3,3,unexposed,baseline_relative,train,0.01,0.5058119456005306,0.49418805439946945
DEAP:S23:T03,DEAP:S23,T03,1,7.09,1,1,3,3,unexposed,baseline_relative,train,0.01,0.4380277559118195,0.5619722440881805
DEAP:S23:T06,DEAP:S23,T06,1,5.09,1,1,3,3,unexposed,baseline_relative,train,0.01,0.41971811096370015,0.5802818890362998
DEAP:S23:T10,DEAP:S23,T10,1,5.01,1,1,3,3,unexposed,baseline_relative,train,0.01,0.48535328068573247,0.5146467193142675
DEAP:S23:T11,DEAP:S23,T11,1,7.0,1,1,3,3,unexposed,baseline_relative,train,0.01,0.467770825108238,0.532229174891762
DEAP:S23:T14,DEAP:S23,T14,1,8.01,1,1,3,3,unexposed,baseline_relative,train,0.01,0.4485425737241465,0.5514574262758535
DEAP:S23:T16,DEAP:S23,T16,1,5.15,1,1,3,3,unexposed,baseline_relative,train,0.01,0.48855001321666147,0.5114499867833385
DEAP:S23:T17,DEAP:S23,T17,0,2.86,1,1,3,3,unexposed,baseline_relative,train,0.01,0.5317574093684216,0.4682425906315783
DEAP:S23:T20,DEAP:S23,T20,0,3.96,1,1,3,3,unexposed,baseline_relative,train,0.01,0.4701955709946385,0.5298044290053615
DEAP:S23:T21,DEAP:S23,T21,0,1.91,1,1,3,3,unexposed,baseline_relative,train,0.01,0.5160679145619081,0.48393208543809185
DEAP:S23:T31,DEAP:S23,T31,0,4.86,1,1,3,3,unexposed,baseline_relative,train,0.01,0.47296335517577914,0.5270366448242209
DEAP:S23:T34,DEAP:S23,T34,1,6.72,1,1,3,3,unexposed,baseline_relative,train,0.01,0.4615291216988031,0.5384708783011969
DEAP:S23:T37,DEAP:S23,T37,0,4.31,1,1,3,3,unexposed,baseline_relative,train,0.01,0.4613582694789279,0.5386417305210721
DEAP:S23:T38,DEAP:S23,T38,0,4.97,1,1,3,3,unexposed,baseline_relative,train,0.01,0.48920616438072384,0.5107938356192762
DEAP:S23:T40,DEAP:S23,T40,0,4.88,1,1,3,3,unexposed,baseline_relative,train,0.01,0.5043310898005245,0.49566891019947545
DEAP:S24:T02,DEAP:S24,T02,1,6.04,1,1,3,3,unexposed,baseline_relative,train,0.01,0.587431210173768,0.4125687898262321
DEAP:S24:T03,DEAP:S24,T03,1,8.96,1,1,3,3,unexposed,baseline_relative,train,0.01,0.5308928255760852,0.46910717442391486
DEAP:S24:T06,DEAP:S24,T06,1,5.96,1,1,3,3,unexposed,baseline_relative,train,0.01,0.5820418116328605,0.41795818836713955
DEAP:S24:T10,DEAP:S24,T10,1,5.01,1,1,3,3,unexposed,baseline_relative,train,0.01,0.4535766877495503,0.5464233122504497
DEAP:S24:T11,DEAP:S24,T11,1,7.03,1,1,3,3,unexposed,baseline_relative,train,0.01,0.5222333251643636,0.47776667483563634
DEAP:S24:T14,DEAP:S24,T14,1,8.05,1,1,3,3,unexposed,baseline_relative,train,0.01,0.5287909067527196,0.47120909324728044
DEAP:S24:T16,DEAP:S24,T16,0,4.0,1,1,3,3,unexposed,baseline_relative,train,0.01,0.48363549419087093,0.5163645058091291
DEAP:S24:T17,DEAP:S24,T17,0,4.08,1,1,3,3,unexposed,baseline_relative,train,0.01,0.4344429014372121,0.5655570985627879
DEAP:S24:T20,DEAP:S24,T20,0,4.03,1,1,3,3,unexposed,baseline_relative,train,0.01,0.49600197282731595,0.503998027172684
DEAP:S24:T21,DEAP:S24,T21,0,1.96,1,1,3,3,unexposed,baseline_relative,train,0.01,0.5537453261170199,0.4462546738829801
DEAP:S24:T31,DEAP:S24,T31,0,2.94,1,1,3,3,unexposed,baseline_relative,train,0.01,0.5478998893955294,0.4521001106044706
DEAP:S24:T34,DEAP:S24,T34,0,4.05,1,1,3,3,unexposed,baseline_relative,train,0.01,0.541240551356316,0.458759448643684
DEAP:S24:T37,DEAP:S24,T37,0,4.0,1,1,3,3,unexposed,baseline_relative,train,0.01,0.5149615850007206,0.48503841499927935
DEAP:S24:T38,DEAP:S24,T38,0,2.03,1,1,3,3,unexposed,baseline_relative,train,0.01,0.5543324833839448,0.4456675166160552
DEAP:S24:T39,DEAP:S24,T39,0,2.12,1,1,3,3,unexposed,baseline_relative,train,0.01,0.5104320927148136,0.4895679072851864
DEAP:S25:T02,DEAP:S25,T02,0,2.99,1,1,3,3,unexposed,baseline_relative,train,0.01,0.5651300572563762,0.43486994274362384
DEAP:S25:T03,DEAP:S25,T03,1,7.12,1,1,3,3,unexposed,baseline_relative,train,0.01,0.4985557763457946,0.5014442236542054
DEAP:S25:T10,DEAP:S25,T10,0,1.0,1,1,3,3,unexposed,baseline_relative,train,0.01,0.5921903130446085,0.40780968695539155
DEAP:S25:T11,DEAP:S25,T11,1,9.0,1,1,3,3,unexposed,baseline_relative,train,0.01,0.4878369921062907,0.5121630078937093
DEAP:S25:T14,DEAP:S25,T14,1,8.09,1,1,3,3,unexposed,baseline_relative,train,0.01,0.545858032641519,0.45414196735848095
DEAP:S25:T16,DEAP:S25,T16,1,6.05,1,1,3,3,unexposed,baseline_relative,train,0.01,0.49901662734260266,0.5009833726573973
DEAP:S25:T17,DEAP:S25,T17,1,5.04,1,1,3,3,unexposed,baseline_relative,train,0.01,0.5688344559299667,0.4311655440700332
DEAP:S25:T20,DEAP:S25,T20,1,7.08,1,1,3,3,unexposed,baseline_relative,train,0.01,0.39115678277409915,0.6088432172259008
DEAP:S25:T21,DEAP:S25,T21,1,6.03,1,1,3,3,unexposed,baseline_relative,train,0.01,0.5292148895445505,0.4707851104554494
DEAP:S25:T34,DEAP:S25,T34,0,4.95,1,1,3,3,unexposed,baseline_relative,train,0.01,0.5645729277965614,0.43542707220343857
DEAP:S25:T37,DEAP:S25,T37,0,1.0,1,1,3,3,unexposed,baseline_relative,train,0.01,0.5509034326999913,0.4490965673000087
DEAP:S25:T38,DEAP:S25,T38,0,1.0,1,1,3,3,unexposed,baseline_relative,train,0.01,0.5740245810987217,0.4259754189012784
DEAP:S25:T39,DEAP:S25,T39,0,1.0,1,1,3,3,unexposed,baseline_relative,train,0.01,0.5032463533192886,0.4967536466807114
DEAP:S25:T40,DEAP:S25,T40,0,1.0,1,1,3,3,unexposed,baseline_relative,train,0.01,0.5545044075019971,0.4454955924980028
DEAP:S27:T02,DEAP:S27,T02,1,7.0,1,1,3,3,unexposed,baseline_relative,train,0.01,0.4077603021966415,0.5922396978033585
DEAP:S27:T03,DEAP:S27,T03,1,9.0,1,1,3,3,unexposed,baseline_relative,train,0.01,0.4550271341904396,0.5449728658095604
DEAP:S27:T06,DEAP:S27,T06,1,7.0,1,1,3,3,unexposed,baseline_relative,train,0.01,0.36533193438891187,0.6346680656110881
DEAP:S27:T10,DEAP:S27,T10,1,6.01,1,1,3,3,unexposed,baseline_relative,train,0.01,0.4054663403457762,0.5945336596542238
DEAP:S27:T11,DEAP:S27,T11,1,9.0,1,1,3,3,unexposed,baseline_relative,train,0.01,0.4009339626283216,0.5990660373716784
DEAP:S27:T14,DEAP:S27,T14,1,8.06,1,1,3,3,unexposed,baseline_relative,train,0.01,0.4376257782326397,0.5623742217673603
DEAP:S27:T16,DEAP:S27,T16,1,8.06,1,1,3,3,unexposed,baseline_relative,train,0.01,0.47540254533655535,0.5245974546634447
DEAP:S27:T17,DEAP:S27,T17,1,9.0,1,1,3,3,unexposed,baseline_relative,train,0.01,0.434676030318924,0.565323969681076
DEAP:S27:T20,DEAP:S27,T20,1,6.97,1,1,3,3,unexposed,baseline_relative,train,0.01,0.43626728655358704,0.563732713446413
DEAP:S27:T21,DEAP:S27,T21,1,9.0,1,1,3,3,unexposed,baseline_relative,train,0.01,0.4113459765967592,0.5886540234032408
DEAP:S27:T31,DEAP:S27,T31,1,5.08,1,1,3,3,unexposed,baseline_relative,train,0.01,0.45429780990788104,0.545702190092119
DEAP:S27:T34,DEAP:S27,T34,0,2.85,1,1,3,3,unexposed,baseline_relative,train,0.01,0.526381530341574,0.473618469658426
DEAP:S27:T37,DEAP:S27,T37,0,2.99,1,1,3,3,unexposed,baseline_relative,train,0.01,0.512393714199407,0.48760628580059295
DEAP:S27:T38,DEAP:S27,T38,0,1.0,1,1,3,3,unexposed,baseline_relative,train,0.01,0.4547779184673134,0.5452220815326866
DEAP:S27:T39,DEAP:S27,T39,0,2.14,1,1,3,3,unexposed,baseline_relative,train,0.01,0.49442726591482355,0.5055727340851764
DEAP:S27:T40,DEAP:S27,T40,1,5.04,1,1,3,3,unexposed,baseline_relative,train,0.01,0.44279861191337544,0.5572013880866246
DEAP:S29:T02,DEAP:S29,T02,1,7.05,1,1,3,3,unexposed,baseline_relative,train,0.01,0.4142619701296575,0.5857380298703425
DEAP:S29:T03,DEAP:S29,T03,1,9.0,1,1,3,3,unexposed,baseline_relative,train,0.01,0.34485543739200053,0.6551445626079995
DEAP:S29:T06,DEAP:S29,T06,1,8.03,1,1,3,3,unexposed,baseline_relative,train,0.01,0.3864927390099242,0.6135072609900758
DEAP:S29:T11,DEAP:S29,T11,1,8.03,1,1,3,3,unexposed,baseline_relative,train,0.01,0.3883376177184349,0.6116623822815651
DEAP:S29:T14,DEAP:S29,T14,1,8.06,1,1,3,3,unexposed,baseline_relative,train,0.01,0.4042922825428137,0.5957077174571863
DEAP:S29:T16,DEAP:S29,T16,0,3.0,1,1,3,3,unexposed,baseline_relative,train,0.01,0.543845930734942,0.45615406926505797
DEAP:S29:T17,DEAP:S29,T17,1,5.08,1,1,3,3,unexposed,baseline_relative,train,0.01,0.387803811606124,0.612196188393876
DEAP:S29:T21,DEAP:S29,T21,0,2.92,1,1,3,3,unexposed,baseline_relative,train,0.01,0.6194858835804153,0.3805141164195846
DEAP:S29:T31,DEAP:S29,T31,0,1.0,1,1,3,3,unexposed,baseline_relative,train,0.01,0.5274282773433367,0.47257172265666325
DEAP:S29:T34,DEAP:S29,T34,0,3.95,1,1,3,3,unexposed,baseline_relative,train,0.01,0.5188875434242379,0.481112456575762
DEAP:S29:T37,DEAP:S29,T37,1,5.01,1,1,3,3,unexposed,baseline_relative,train,0.01,0.47277198512031804,0.527228014879682
DEAP:S29:T38,DEAP:S29,T38,0,1.88,1,1,3,3,unexposed,baseline_relative,train,0.01,0.43005528256341996,0.56994471743658
DEAP:S29:T39,DEAP:S29,T39,1,6.05,1,1,3,3,unexposed,baseline_relative,train,0.01,0.48525426506132385,0.5147457349386761
DEAP:S29:T40,DEAP:S29,T40,1,6.01,1,1,3,3,unexposed,baseline_relative,train,0.01,0.3493177438007945,0.6506822561992055
DEAP:S30:T02,DEAP:S30,T02,1,7.15,1,1,3,3,unexposed,baseline_relative,train,0.01,0.3001137545692616,0.6998862454307384
DEAP:S30:T03,DEAP:S30,T03,1,6.15,1,1,3,3,unexposed,baseline_relative,train,0.01,0.31352955273368377,0.6864704472663162
DEAP:S30:T06,DEAP:S30,T06,1,6.22,1,1,3,3,unexposed,baseline_relative,train,0.01,0.3064002833860975,0.6935997166139025
DEAP:S30:T10,DEAP:S30,T10,1,5.08,1,1,3,3,unexposed,baseline_relative,train,0.01,0.30974889829901653,0.6902511017009835
DEAP:S30:T11,DEAP:S30,T11,1,6.06,1,1,3,3,unexposed,baseline_relative,train,0.01,0.292219188776469,0.707780811223531
DEAP:S30:T14,DEAP:S30,T14,1,5.04,1,1,3,3,unexposed,baseline_relative,train,0.01,0.3559721324469889,0.6440278675530111
DEAP:S30:T16,DEAP:S30,T16,1,5.04,1,1,3,3,unexposed,baseline_relative,train,0.01,0.3793571206965948,0.6206428793034052
DEAP:S30:T17,DEAP:S30,T17,1,7.13,1,1,3,3,unexposed,baseline_relative,train,0.01,0.3293792327448438,0.6706207672551562
DEAP:S30:T20,DEAP:S30,T20,1,7.26,1,1,3,3,unexposed,baseline_relative,train,0.01,0.32148239380041854,0.6785176061995815
DEAP:S30:T21,DEAP:S30,T21,0,3.05,1,1,3,3,unexposed,baseline_relative,train,0.01,0.4343097688810972,0.5656902311189028
DEAP:S30:T34,DEAP:S30,T34,0,4.99,1,1,3,3,unexposed,baseline_relative,train,0.01,0.405650149076501,0.594349850923499
DEAP:S30:T37,DEAP:S30,T37,0,4.13,1,1,3,3,unexposed,baseline_relative,train,0.01,0.3403073611436229,0.6596926388563771
DEAP:S30:T38,DEAP:S30,T38,1,5.04,1,1,3,3,unexposed,baseline_relative,train,0.01,0.30422830643940135,0.6957716935605986
DEAP:S30:T40,DEAP:S30,T40,1,5.05,1,1,3,3,unexposed,baseline_relative,train,0.01,0.3336998845112443,0.6663001154887557
DEAP:S31:T02,DEAP:S31,T02,1,5.03,1,1,3,3,unexposed,baseline_relative,train,0.01,0.5371015454096687,0.4628984545903313
DEAP:S31:T03,DEAP:S31,T03,1,8.04,1,1,3,3,unexposed,baseline_relative,train,0.01,0.33894750173846044,0.6610524982615396
DEAP:S31:T06,DEAP:S31,T06,0,4.99,1,1,3,3,unexposed,baseline_relative,train,0.01,0.473808967750619,0.526191032249381
DEAP:S31:T10,DEAP:S31,T10,0,4.01,1,1,3,3,unexposed,baseline_relative,train,0.01,0.5441011211867859,0.4558988788132141
DEAP:S31:T11,DEAP:S31,T11,1,9.0,1,1,3,3,unexposed,baseline_relative,train,0.01,0.4755340772807669,0.5244659227192331
DEAP:S31:T14,DEAP:S31,T14,1,8.06,1,1,3,3,unexposed,baseline_relative,train,0.01,0.5163540962737705,0.48364590372622956
DEAP:S31:T16,DEAP:S31,T16,1,6.09,1,1,3,3,unexposed,baseline_relative,train,0.01,0.4326133838014029,0.5673866161985971
DEAP:S31:T17,DEAP:S31,T17,0,4.94,1,1,3,3,unexposed,baseline_relative,train,0.01,0.4564581852674774,0.5435418147325226
DEAP:S31:T20,DEAP:S31,T20,1,6.9,1,1,3,3,unexposed,baseline_relative,train,0.01,0.47975762160337454,0.5202423783966255
DEAP:S31:T21,DEAP:S31,T21,1,5.09,1,1,3,3,unexposed,baseline_relative,train,0.01,0.5102675630312291,0.4897324369687709
DEAP:S31:T34,DEAP:S31,T34,0,1.95,1,1,3,3,unexposed,baseline_relative,train,0.01,0.5698319780076961,0.43016802199230386
DEAP:S31:T37,DEAP:S31,T37,0,1.0,1,1,3,3,unexposed,baseline_relative,train,0.01,0.5484231389568583,0.4515768610431417
DEAP:S31:T38,DEAP:S31,T38,0,1.0,1,1,3,3,unexposed,baseline_relative,train,0.01,0.5599310181547478,0.4400689818452522
DEAP:S32:T02,DEAP:S32,T02,0,4.99,1,1,3,3,unexposed,baseline_relative,train,0.01,0.5487575585637317,0.45124244143626835
DEAP:S32:T03,DEAP:S32,T03,1,8.05,1,1,3,3,unexposed,baseline_relative,train,0.01,0.5010017424447731,0.49899825755522687
DEAP:S32:T06,DEAP:S32,T06,1,5.78,1,1,3,3,unexposed,baseline_relative,train,0.01,0.43798099665825185,0.5620190033417481
DEAP:S32:T11,DEAP:S32,T11,1,8.24,1,1,3,3,unexposed,baseline_relative,train,0.01,0.48612982756668643,0.5138701724333136
DEAP:S32:T14,DEAP:S32,T14,1,7.1,1,1,3,3,unexposed,baseline_relative,train,0.01,0.4796313368281647,0.5203686631718353
DEAP:S32:T16,DEAP:S32,T16,0,3.97,1,1,3,3,unexposed,baseline_relative,train,0.01,0.5093941377219937,0.4906058622780063
DEAP:S32:T17,DEAP:S32,T17,1,6.09,1,1,3,3,unexposed,baseline_relative,train,0.01,0.4612365460253144,0.5387634539746856
DEAP:S32:T20,DEAP:S32,T20,1,6.03,1,1,3,3,unexposed,baseline_relative,train,0.01,0.5364908879279089,0.46350911207209106
DEAP:S32:T21,DEAP:S32,T21,0,4.12,1,1,3,3,unexposed,baseline_relative,train,0.01,0.5470734230498313,0.4529265769501687
DEAP:S32:T31,DEAP:S32,T31,0,4.17,1,1,3,3,unexposed,baseline_relative,train,0.01,0.44847326979629254,0.5515267302037075
DEAP:S32:T34,DEAP:S32,T34,0,4.05,1,1,3,3,unexposed,baseline_relative,train,0.01,0.5848990807272114,0.4151009192727886
DEAP:S32:T37,DEAP:S32,T37,0,2.81,1,1,3,3,unexposed,baseline_relative,train,0.01,0.5494223967224361,0.4505776032775639
DEAP:S32:T38,DEAP:S32,T38,0,3.05,1,1,3,3,unexposed,baseline_relative,train,0.01,0.5407165279518967,0.45928347204810327
DEAP:S32:T39,DEAP:S32,T39,0,3.99,1,1,3,3,unexposed,baseline_relative,train,0.01,0.49879427474590854,0.5012057252540915
DEAP:S32:T40,DEAP:S32,T40,1,7.15,1,1,3,3,unexposed,baseline_relative,train,0.01,0.5057654578599473,0.49423454214005275
DEAP:S11:T01,DEAP:S11,T01,1,6.27,1,1,3,3,unexposed,baseline_relative,validation_unseen,0.01,0.5372830844117148,0.4627169155882852
DEAP:S11:T08,DEAP:S11,T08,1,6.26,1,1,3,3,unexposed,baseline_relative,validation_unseen,0.01,0.38644626803085147,0.6135537319691485
DEAP:S11:T12,DEAP:S11,T12,1,5.04,1,1,3,3,unexposed,baseline_relative,validation_unseen,0.01,0.45691535018239593,0.5430846498176041
DEAP:S11:T23,DEAP:S11,T23,0,3.72,1,1,3,3,unexposed,baseline_relative,validation_unseen,0.01,0.43820140587787115,0.5617985941221288
DEAP:S11:T25,DEAP:S11,T25,1,5.01,1,1,3,3,unexposed,baseline_relative,validation_unseen,0.01,0.5439918828754967,0.4560081171245033
DEAP:S11:T26,DEAP:S11,T26,1,5.49,1,1,3,3,unexposed,baseline_relative,validation_unseen,0.01,0.45764673998097594,0.5423532600190241
DEAP:S11:T33,DEAP:S11,T33,1,5.64,1,1,3,3,unexposed,baseline_relative,validation_unseen,0.01,0.4181400968204305,0.5818599031795695
DEAP:S11:T35,DEAP:S11,T35,0,1.23,1,1,3,3,unexposed,baseline_relative,validation_unseen,0.01,0.4265827307822101,0.5734172692177899
DEAP:S12:T01,DEAP:S12,T01,1,7.09,1,1,3,3,unexposed,baseline_relative,validation_unseen,0.01,0.5757767188626081,0.42422328113739194
DEAP:S12:T08,DEAP:S12,T08,1,5.1,1,1,3,3,unexposed,baseline_relative,validation_unseen,0.01,0.5431066516603806,0.4568933483396194
DEAP:S12:T12,DEAP:S12,T12,1,6.86,1,1,3,3,unexposed,baseline_relative,validation_unseen,0.01,0.4565526709062795,0.5434473290937205
DEAP:S12:T23,DEAP:S12,T23,0,1.74,1,1,3,3,unexposed,baseline_relative,validation_unseen,0.01,0.5187669467686481,0.4812330532313519
DEAP:S12:T25,DEAP:S12,T25,0,2.78,1,1,3,3,unexposed,baseline_relative,validation_unseen,0.01,0.5303844809328055,0.4696155190671944
DEAP:S12:T26,DEAP:S12,T26,1,6.08,1,1,3,3,unexposed,baseline_relative,validation_unseen,0.01,0.5001216427031718,0.4998783572968281
DEAP:S12:T33,DEAP:S12,T33,0,1.9,1,1,3,3,unexposed,baseline_relative,validation_unseen,0.01,0.5122708926274063,0.4877291073725937
DEAP:S12:T35,DEAP:S12,T35,0,1.22,1,1,3,3,unexposed,baseline_relative,validation_unseen,0.01,0.42626949913213374,0.5737305008678663
DEAP:S14:T01,DEAP:S14,T01,1,8.22,1,1,3,3,unexposed,baseline_relative,validation_unseen,0.01,0.5756416737838344,0.4243583262161656
DEAP:S14:T08,DEAP:S14,T08,1,7.0,1,1,3,3,unexposed,baseline_relative,validation_unseen,0.01,0.3998975825638481,0.6001024174361519
DEAP:S14:T12,DEAP:S14,T12,1,7.63,1,1,3,3,unexposed,baseline_relative,validation_unseen,0.01,0.4262415851217697,0.5737584148782303
DEAP:S14:T23,DEAP:S14,T23,0,2.41,1,1,3,3,unexposed,baseline_relative,validation_unseen,0.01,0.4586619784405873,0.5413380215594127
DEAP:S14:T25,DEAP:S14,T25,0,3.87,1,1,3,3,unexposed,baseline_relative,validation_unseen,0.01,0.5337482099643067,0.46625179003569334
DEAP:S14:T26,DEAP:S14,T26,0,3.28,1,1,3,3,unexposed,baseline_relative,validation_unseen,0.01,0.4154274686589361,0.5845725313410639
DEAP:S14:T33,DEAP:S14,T33,0,3.18,1,1,3,3,unexposed,baseline_relative,validation_unseen,0.01,0.46979608231395054,0.5302039176860495
DEAP:S14:T35,DEAP:S14,T35,0,2.68,1,1,3,3,unexposed,baseline_relative,validation_unseen,0.01,0.48244816225820064,0.5175518377417994
DEAP:S28:T01,DEAP:S28,T01,1,7.03,1,1,3,3,unexposed,baseline_relative,validation_unseen,0.01,0.3107051077750068,0.6892948922249932
DEAP:S28:T08,DEAP:S28,T08,1,7.01,1,1,3,3,unexposed,baseline_relative,validation_unseen,0.01,0.381316332479786,0.618683667520214
DEAP:S28:T12,DEAP:S28,T12,1,6.06,1,1,3,3,unexposed,baseline_relative,validation_unseen,0.01,0.6073986705391667,0.39260132946083326
DEAP:S28:T23,DEAP:S28,T23,0,2.03,1,1,3,3,unexposed,baseline_relative,validation_unseen,0.01,0.47620952192955757,0.5237904780704424
DEAP:S28:T25,DEAP:S28,T25,0,4.06,1,1,3,3,unexposed,baseline_relative,validation_unseen,0.01,0.45008660521642063,0.5499133947835794
DEAP:S28:T26,DEAP:S28,T26,0,1.99,1,1,3,3,unexposed,baseline_relative,validation_unseen,0.01,0.3997452793679229,0.6002547206320771
DEAP:S28:T33,DEAP:S28,T33,1,7.01,1,1,3,3,unexposed,baseline_relative,validation_unseen,0.01,0.3711886024325525,0.6288113975674475
DEAP:S28:T35,DEAP:S28,T35,0,1.08,1,1,3,3,unexposed,baseline_relative,validation_unseen,0.01,0.4385711998089442,0.5614288001910558
DEAP:S11:T02,DEAP:S11,T02,1,5.67,1,1,3,3,unexposed,baseline_relative,validation_familiar,0.01,0.6433048508074033,0.3566951491925967
DEAP:S11:T03,DEAP:S11,T03,1,7.41,1,1,3,3,unexposed,baseline_relative,validation_familiar,0.01,0.4610771448954234,0.5389228551045766
DEAP:S11:T06,DEAP:S11,T06,1,5.32,1,1,3,3,unexposed,baseline_relative,validation_familiar,0.01,0.35121639286954587,0.6487836071304541
DEAP:S11:T10,DEAP:S11,T10,1,6.53,1,1,3,3,unexposed,baseline_relative,validation_familiar,0.01,0.4015421520544573,0.5984578479455427
DEAP:S11:T11,DEAP:S11,T11,1,7.32,1,1,3,3,unexposed,baseline_relative,validation_familiar,0.01,0.4375464855165949,0.5624535144834051
DEAP:S11:T14,DEAP:S11,T14,1,7.96,1,1,3,3,unexposed,baseline_relative,validation_familiar,0.01,0.37736127425551125,0.6226387257444888
DEAP:S11:T16,DEAP:S11,T16,0,4.35,1,1,3,3,unexposed,baseline_relative,validation_familiar,0.01,0.4710322559939444,0.5289677440060556
DEAP:S11:T17,DEAP:S11,T17,1,8.32,1,1,3,3,unexposed,baseline_relative,validation_familiar,0.01,0.5399998618066231,0.46000013819337693
DEAP:S11:T20,DEAP:S11,T20,1,6.0,1,1,3,3,unexposed,baseline_relative,validation_familiar,0.01,0.43194725071886186,0.5680527492811381
DEAP:S11:T21,DEAP:S11,T21,0,3.27,1,1,3,3,unexposed,baseline_relative,validation_familiar,0.01,0.5342272785760125,0.4657727214239875
DEAP:S11:T31,DEAP:S11,T31,0,1.83,1,1,3,3,unexposed,baseline_relative,validation_familiar,0.01,0.412039990836241,0.587960009163759
DEAP:S11:T34,DEAP:S11,T34,0,4.88,1,1,3,3,unexposed,baseline_relative,validation_familiar,0.01,0.4386391093013917,0.5613608906986083
DEAP:S11:T37,DEAP:S11,T37,0,1.47,1,1,3,3,unexposed,baseline_relative,validation_familiar,0.01,0.37059489906741205,0.629405100932588
DEAP:S11:T38,DEAP:S11,T38,0,1.35,1,1,3,3,unexposed,baseline_relative,validation_familiar,0.01,0.4020667569594959,0.5979332430405041
DEAP:S11:T39,DEAP:S11,T39,0,1.0,1,1,3,3,unexposed,baseline_relative,validation_familiar,0.01,0.46726946160154503,0.532730538398455
DEAP:S11:T40,DEAP:S11,T40,0,4.95,1,1,3,3,unexposed,baseline_relative,validation_familiar,0.01,0.4502947552612575,0.5497052447387425
DEAP:S12:T02,DEAP:S12,T02,1,6.09,1,1,3,3,unexposed,baseline_relative,validation_familiar,0.01,0.6365412232811172,0.3634587767188829
DEAP:S12:T03,DEAP:S12,T03,1,7.33,1,1,3,3,unexposed,baseline_relative,validation_familiar,0.01,0.5326408677905632,0.46735913220943676
DEAP:S12:T06,DEAP:S12,T06,1,6.65,1,1,3,3,unexposed,baseline_relative,validation_familiar,0.01,0.463230685043579,0.536769314956421
DEAP:S12:T10,DEAP:S12,T10,0,4.06,1,1,3,3,unexposed,baseline_relative,validation_familiar,0.01,0.5087160257235681,0.49128397427643183
DEAP:S12:T11,DEAP:S12,T11,1,7.78,1,1,3,3,unexposed,baseline_relative,validation_familiar,0.01,0.4765787007134549,0.5234212992865451
DEAP:S12:T14,DEAP:S12,T14,1,8.15,1,1,3,3,unexposed,baseline_relative,validation_familiar,0.01,0.46206522575848175,0.5379347742415183
DEAP:S12:T16,DEAP:S12,T16,1,5.04,1,1,3,3,unexposed,baseline_relative,validation_familiar,0.01,0.5364582178042754,0.46354178219572456
DEAP:S12:T17,DEAP:S12,T17,0,4.86,1,1,3,3,unexposed,baseline_relative,validation_familiar,0.01,0.524805421581467,0.47519457841853296
DEAP:S12:T20,DEAP:S12,T20,1,7.35,1,1,3,3,unexposed,baseline_relative,validation_familiar,0.01,0.5244967326062,0.47550326739380006
DEAP:S12:T21,DEAP:S12,T21,0,2.13,1,1,3,3,unexposed,baseline_relative,validation_familiar,0.01,0.4707935800809421,0.5292064199190579
DEAP:S12:T31,DEAP:S12,T31,0,3.18,1,1,3,3,unexposed,baseline_relative,validation_familiar,0.01,0.5020393592143952,0.4979606407856048
DEAP:S12:T34,DEAP:S12,T34,0,4.87,1,1,3,3,unexposed,baseline_relative,validation_familiar,0.01,0.5179617738802934,0.4820382261197066
DEAP:S12:T37,DEAP:S12,T37,0,1.0,1,1,3,3,unexposed,baseline_relative,validation_familiar,0.01,0.5061547466067666,0.4938452533932334
DEAP:S12:T38,DEAP:S12,T38,0,2.85,1,1,3,3,unexposed,baseline_relative,validation_familiar,0.01,0.507444771763041,0.4925552282369589
DEAP:S12:T39,DEAP:S12,T39,0,3.18,1,1,3,3,unexposed,baseline_relative,validation_familiar,0.01,0.5331617130669023,0.4668382869330977
DEAP:S12:T40,DEAP:S12,T40,1,6.81,1,1,3,3,unexposed,baseline_relative,validation_familiar,0.01,0.510857371735364,0.48914262826463595
DEAP:S14:T02,DEAP:S14,T02,1,6.05,1,1,3,3,unexposed,baseline_relative,validation_familiar,0.01,0.5162299007333198,0.48377009926668024
DEAP:S14:T03,DEAP:S14,T03,1,7.5,1,1,3,3,unexposed,baseline_relative,validation_familiar,0.01,0.5765072361979577,0.4234927638020422
DEAP:S14:T06,DEAP:S14,T06,1,7.19,1,1,3,3,unexposed,baseline_relative,validation_familiar,0.01,0.4957393328520068,0.5042606671479932
DEAP:S14:T10,DEAP:S14,T10,0,1.88,1,1,3,3,unexposed,baseline_relative,validation_familiar,0.01,0.4300870485656384,0.5699129514343616
DEAP:S14:T11,DEAP:S14,T11,1,8.03,1,1,3,3,unexposed,baseline_relative,validation_familiar,0.01,0.5300945001636419,0.46990549983635815
DEAP:S14:T14,DEAP:S14,T14,1,8.03,1,1,3,3,unexposed,baseline_relative,validation_familiar,0.01,0.4999274297061176,0.5000725702938824
DEAP:S14:T16,DEAP:S14,T16,0,3.96,1,1,3,3,unexposed,baseline_relative,validation_familiar,0.01,0.44175502117942134,0.5582449788205787
DEAP:S14:T17,DEAP:S14,T17,1,6.06,1,1,3,3,unexposed,baseline_relative,validation_familiar,0.01,0.45311711008095745,0.5468828899190425
DEAP:S14:T20,DEAP:S14,T20,1,7.33,1,1,3,3,unexposed,baseline_relative,validation_familiar,0.01,0.45623292333255594,0.5437670766674441
DEAP:S14:T21,DEAP:S14,T21,0,1.03,1,1,3,3,unexposed,baseline_relative,validation_familiar,0.01,0.48260932532441214,0.5173906746755879
DEAP:S14:T31,DEAP:S14,T31,0,3.26,1,1,3,3,unexposed,baseline_relative,validation_familiar,0.01,0.389671352194236,0.610328647805764
DEAP:S14:T34,DEAP:S14,T34,0,2.5,1,1,3,3,unexposed,baseline_relative,validation_familiar,0.01,0.49262381733409255,0.5073761826659074
DEAP:S14:T37,DEAP:S14,T37,0,3.47,1,1,3,3,unexposed,baseline_relative,validation_familiar,0.01,0.47676223172518994,0.5232377682748101
DEAP:S14:T38,DEAP:S14,T38,0,2.26,1,1,3,3,unexposed,baseline_relative,validation_familiar,0.01,0.44202994445118127,0.5579700555488187
DEAP:S14:T39,DEAP:S14,T39,1,6.65,1,1,3,3,unexposed,baseline_relative,validation_familiar,0.01,0.46590183269587515,0.5340981673041248
DEAP:S14:T40,DEAP:S14,T40,1,6.68,1,1,3,3,unexposed,baseline_relative,validation_familiar,0.01,0.538491464375259,0.46150853562474103
DEAP:S28:T02,DEAP:S28,T02,1,7.99,1,1,3,3,unexposed,baseline_relative,validation_familiar,0.01,0.5061991807729529,0.49380081922704705
DEAP:S28:T03,DEAP:S28,T03,1,9.0,1,1,3,3,unexposed,baseline_relative,validation_familiar,0.01,0.4630744163086946,0.5369255836913054
DEAP:S28:T06,DEAP:S28,T06,1,8.15,1,1,3,3,unexposed,baseline_relative,validation_familiar,0.01,0.5753752110823935,0.4246247889176064
DEAP:S28:T10,DEAP:S28,T10,1,7.99,1,1,3,3,unexposed,baseline_relative,validation_familiar,0.01,0.40415992001856815,0.5958400799814318
DEAP:S28:T11,DEAP:S28,T11,1,7.01,1,1,3,3,unexposed,baseline_relative,validation_familiar,0.01,0.3824243878674879,0.6175756121325121
DEAP:S28:T14,DEAP:S28,T14,1,8.03,1,1,3,3,unexposed,baseline_relative,validation_familiar,0.01,0.45681257575528933,0.5431874242447107
DEAP:S28:T16,DEAP:S28,T16,1,6.91,1,1,3,3,unexposed,baseline_relative,validation_familiar,0.01,0.4053317426764066,0.5946682573235934
DEAP:S28:T17,DEAP:S28,T17,1,6.99,1,1,3,3,unexposed,baseline_relative,validation_familiar,0.01,0.43275514587412645,0.5672448541258736
DEAP:S28:T20,DEAP:S28,T20,1,8.04,1,1,3,3,unexposed,baseline_relative,validation_familiar,0.01,0.42966787682960106,0.5703321231703989
DEAP:S28:T21,DEAP:S28,T21,0,2.01,1,1,3,3,unexposed,baseline_relative,validation_familiar,0.01,0.4361118764947921,0.5638881235052079
DEAP:S28:T31,DEAP:S28,T31,1,6.91,1,1,3,3,unexposed,baseline_relative,validation_familiar,0.01,0.40029827504856097,0.599701724951439
DEAP:S28:T34,DEAP:S28,T34,1,5.99,1,1,3,3,unexposed,baseline_relative,validation_familiar,0.01,0.435403562819201,0.564596437180799
DEAP:S28:T37,DEAP:S28,T37,0,1.01,1,1,3,3,unexposed,baseline_relative,validation_familiar,0.01,0.46857312914258475,0.5314268708574152
DEAP:S28:T38,DEAP:S28,T38,0,1.96,1,1,3,3,unexposed,baseline_relative,validation_familiar,0.01,0.43405562465714875,0.5659443753428512
DEAP:S28:T39,DEAP:S28,T39,0,1.04,1,1,3,3,unexposed,baseline_relative,validation_familiar,0.01,0.4138571499527762,0.5861428500472238
DEAP:S28:T40,DEAP:S28,T40,1,7.1,1,1,3,3,unexposed,baseline_relative,validation_familiar,0.01,0.4254480653196768,0.5745519346803232
DEAP:S01:T02,DEAP:S01,T02,1,8.1,1,1,3,3,unexposed,baseline_relative,train,0.1,0.4110562433702222,0.5889437566297778
DEAP:S01:T03,DEAP:S01,T03,1,8.58,1,1,3,3,unexposed,baseline_relative,train,0.1,0.5786454362345641,0.42135456376543595
DEAP:S01:T10,DEAP:S01,T10,0,1.99,1,1,3,3,unexposed,baseline_relative,train,0.1,0.7502694187652431,0.24973058123475686
DEAP:S01:T11,DEAP:S01,T11,0,2.99,1,1,3,3,unexposed,baseline_relative,train,0.1,0.706432892519661,0.293567107480339
DEAP:S01:T14,DEAP:S01,T14,0,4.18,1,1,3,3,unexposed,baseline_relative,train,0.1,0.4467309884577557,0.5532690115422443
DEAP:S01:T16,DEAP:S01,T16,1,6.81,1,1,3,3,unexposed,baseline_relative,train,0.1,0.4957966221867317,0.5042033778132683
DEAP:S01:T17,DEAP:S01,T17,0,2.46,1,1,3,3,unexposed,baseline_relative,train,0.1,0.4993195199385806,0.5006804800614194
DEAP:S01:T20,DEAP:S01,T20,1,8.26,1,1,3,3,unexposed,baseline_relative,train,0.1,0.24771494324211552,0.7522850567578845
DEAP:S01:T21,DEAP:S01,T21,1,9.0,1,1,3,3,unexposed,baseline_relative,train,0.1,0.5799733192302807,0.4200266807697193
DEAP:S01:T31,DEAP:S01,T31,0,3.03,1,1,3,3,unexposed,baseline_relative,train,0.1,0.5485264188561644,0.4514735811438356
DEAP:S01:T34,DEAP:S01,T34,0,2.28,1,1,3,3,unexposed,baseline_relative,train,0.1,0.7336962981715771,0.26630370182842295
DEAP:S01:T37,DEAP:S01,T37,0,2.31,1,1,3,3,unexposed,baseline_relative,train,0.1,0.4783026815479422,0.5216973184520578
DEAP:S01:T38,DEAP:S01,T38,0,3.33,1,1,3,3,unexposed,baseline_relative,train,0.1,0.6001713477180735,0.3998286522819266
DEAP:S01:T39,DEAP:S01,T39,0,3.24,1,1,3,3,unexposed,baseline_relative,train,0.1,0.6772124072902426,0.3227875927097575
DEAP:S01:T40,DEAP:S01,T40,1,5.1,1,1,3,3,unexposed,baseline_relative,train,0.1,0.5409071363867944,0.45909286361320556
DEAP:S02:T02,DEAP:S02,T02,1,8.01,1,1,3,3,unexposed,baseline_relative,train,0.1,0.28270650429150834,0.7172934957084917
DEAP:S02:T03,DEAP:S02,T03,1,9.0,1,1,3,3,unexposed,baseline_relative,train,0.1,0.5468604035859594,0.4531395964140405
DEAP:S02:T10,DEAP:S02,T10,0,4.99,1,1,3,3,unexposed,baseline_relative,train,0.1,0.4737099284895847,0.5262900715104153
DEAP:S02:T11,DEAP:S02,T11,1,7.08,1,1,3,3,unexposed,baseline_relative,train,0.1,0.39045937004543807,0.6095406299545619
DEAP:S02:T14,DEAP:S02,T14,1,8.94,1,1,3,3,unexposed,baseline_relative,train,0.1,0.42427836482728054,0.5757216351727195
DEAP:S02:T17,DEAP:S02,T17,1,9.0,1,1,3,3,unexposed,baseline_relative,train,0.1,0.44372894289709475,0.5562710571029053
DEAP:S02:T20,DEAP:S02,T20,1,8.97,1,1,3,3,unexposed,baseline_relative,train,0.1,0.6649280142849188,0.3350719857150813
DEAP:S02:T21,DEAP:S02,T21,0,1.0,1,1,3,3,unexposed,baseline_relative,train,0.1,0.6313445481481244,0.36865545185187565
DEAP:S02:T31,DEAP:S02,T31,0,4.06,1,1,3,3,unexposed,baseline_relative,train,0.1,0.5467875064094522,0.4532124935905478
DEAP:S02:T34,DEAP:S02,T34,0,4.87,1,1,3,3,unexposed,baseline_relative,train,0.1,0.7565725811957896,0.24342741880421037
DEAP:S02:T37,DEAP:S02,T37,0,1.0,1,1,3,3,unexposed,baseline_relative,train,0.1,0.7486383227126832,0.2513616772873168
DEAP:S02:T38,DEAP:S02,T38,0,1.0,1,1,3,3,unexposed,baseline_relative,train,0.1,0.5648396508661906,0.43516034913380935
DEAP:S02:T39,DEAP:S02,T39,0,1.0,1,1,3,3,unexposed,baseline_relative,train,0.1,0.4427603071906845,0.5572396928093155
DEAP:S02:T40,DEAP:S02,T40,1,6.05,1,1,3,3,unexposed,baseline_relative,train,0.1,0.40804976603152787,0.5919502339684721
DEAP:S03:T02,DEAP:S03,T02,1,7.21,1,1,3,3,unexposed,baseline_relative,train,0.1,0.5246645037027671,0.475335496297233
DEAP:S03:T03,DEAP:S03,T03,1,7.55,1,1,3,3,unexposed,baseline_relative,train,0.1,0.38736979277963124,0.6126302072203688
DEAP:S03:T06,DEAP:S03,T06,1,6.79,1,1,3,3,unexposed,baseline_relative,train,0.1,0.5325536781843468,0.46744632181565315
DEAP:S03:T10,DEAP:S03,T10,0,4.45,1,1,3,3,unexposed,baseline_relative,train,0.1,0.4457058574129755,0.5542941425870245
DEAP:S03:T11,DEAP:S03,T11,1,7.94,1,1,3,3,unexposed,baseline_relative,train,0.1,0.3550831500724546,0.6449168499275454
DEAP:S03:T14,DEAP:S03,T14,1,7.29,1,1,3,3,unexposed,baseline_relative,train,0.1,0.48424635166956076,0.5157536483304392
DEAP:S03:T16,DEAP:S03,T16,1,7.15,1,1,3,3,unexposed,baseline_relative,train,0.1,0.34399496880534564,0.6560050311946544
DEAP:S03:T17,DEAP:S03,T17,0,4.56,1,1,3,3,unexposed,baseline_relative,train,0.1,0.6251806621145242,0.3748193378854759
DEAP:S03:T20,DEAP:S03,T20,1,6.26,1,1,3,3,unexposed,baseline_relative,train,0.1,0.4572494725649462,0.5427505274350538
DEAP:S03:T21,DEAP:S03,T21,0,4.99,1,1,3,3,unexposed,baseline_relative,train,0.1,0.6006916789819131,0.3993083210180869
DEAP:S03:T31,DEAP:S03,T31,0,4.44,1,1,3,3,unexposed,baseline_relative,train,0.1,0.43753173038138404,0.562468269618616
DEAP:S03:T37,DEAP:S03,T37,0,4.92,1,1,3,3,unexposed,baseline_relative,train,0.1,0.553127766521573,0.44687223347842703
DEAP:S03:T38,DEAP:S03,T38,0,4.53,1,1,3,3,unexposed,baseline_relative,train,0.1,0.4885647433662207,0.5114352566337793
DEAP:S03:T39,DEAP:S03,T39,0,4.33,1,1,3,3,unexposed,baseline_relative,train,0.1,0.5617752875744246,0.4382247124255754
DEAP:S03:T40,DEAP:S03,T40,1,5.38,1,1,3,3,unexposed,baseline_relative,train,0.1,0.45434779470381514,0.5456522052961849
DEAP:S04:T02,DEAP:S04,T02,0,4.06,1,1,3,3,unexposed,baseline_relative,train,0.1,0.42018539523834475,0.5798146047616553
DEAP:S04:T03,DEAP:S04,T03,1,8.95,1,1,3,3,unexposed,baseline_relative,train,0.1,0.3772238567545525,0.6227761432454475
DEAP:S04:T06,DEAP:S04,T06,1,5.01,1,1,3,3,unexposed,baseline_relative,train,0.1,0.6419287436894864,0.3580712563105136
DEAP:S04:T10,DEAP:S04,T10,0,3.15,1,1,3,3,unexposed,baseline_relative,train,0.1,0.46244519471613565,0.5375548052838643
DEAP:S04:T11,DEAP:S04,T11,1,7.24,1,1,3,3,unexposed,baseline_relative,train,0.1,0.43564865207144154,0.5643513479285585
DEAP:S04:T14,DEAP:S04,T14,1,6.96,1,1,3,3,unexposed,baseline_relative,train,0.1,0.4052249846539613,0.5947750153460387
DEAP:S04:T16,DEAP:S04,T16,0,2.51,1,1,3,3,unexposed,baseline_relative,train,0.1,0.5798029416928371,0.4201970583071629
DEAP:S04:T17,DEAP:S04,T17,1,7.01,1,1,3,3,unexposed,baseline_relative,train,0.1,0.7175909179987978,0.2824090820012021
DEAP:S04:T20,DEAP:S04,T20,1,8.17,1,1,3,3,unexposed,baseline_relative,train,0.1,0.4132708817837931,0.5867291182162069
DEAP:S04:T21,DEAP:S04,T21,0,1.77,1,1,3,3,unexposed,baseline_relative,train,0.1,0.6758137676068441,0.32418623239315586
DEAP:S04:T31,DEAP:S04,T31,0,2.01,1,1,3,3,unexposed,baseline_relative,train,0.1,0.65925754130023,0.34074245869977
DEAP:S04:T34,DEAP:S04,T34,0,2.17,1,1,3,3,unexposed,baseline_relative,train,0.1,0.8090015048601509,0.19099849513984907
DEAP:S04:T37,DEAP:S04,T37,0,1.0,1,1,3,3,unexposed,baseline_relative,train,0.1,0.6973952658720151,0.30260473412798494
DEAP:S04:T38,DEAP:S04,T38,0,1.79,1,1,3,3,unexposed,baseline_relative,train,0.1,0.6861279992500474,0.3138720007499526
DEAP:S04:T39,DEAP:S04,T39,0,1.92,1,1,3,3,unexposed,baseline_relative,train,0.1,0.47127592747870894,0.528724072521291
DEAP:S04:T40,DEAP:S04,T40,0,1.86,1,1,3,3,unexposed,baseline_relative,train,0.1,0.7580872786184485,0.24191272138155145
DEAP:S05:T02,DEAP:S05,T02,1,9.0,1,1,3,3,unexposed,baseline_relative,train,0.1,0.46307754930831246,0.5369224506916875
DEAP:S05:T03,DEAP:S05,T03,0,4.95,1,1,3,3,unexposed,baseline_relative,train,0.1,0.6430883326693964,0.3569116673306037
DEAP:S05:T06,DEAP:S05,T06,1,8.09,1,1,3,3,unexposed,baseline_relative,train,0.1,0.4143311771470506,0.5856688228529494
DEAP:S05:T10,DEAP:S05,T10,0,3.03,1,1,3,3,unexposed,baseline_relative,train,0.1,0.6017538281747911,0.39824617182520894
DEAP:S05:T11,DEAP:S05,T11,1,9.0,1,1,3,3,unexposed,baseline_relative,train,0.1,0.5812419793720327,0.41875802062796724
DEAP:S05:T16,DEAP:S05,T16,1,5.96,1,1,3,3,unexposed,baseline_relative,train,0.1,0.33150731142609846,0.6684926885739015
DEAP:S05:T17,DEAP:S05,T17,1,6.88,1,1,3,3,unexposed,baseline_relative,train,0.1,0.23204021090725102,0.767959789092749
DEAP:S05:T21,DEAP:S05,T21,0,4.0,1,1,3,3,unexposed,baseline_relative,train,0.1,0.480961419109155,0.519038580890845
DEAP:S05:T34,DEAP:S05,T34,1,6.03,1,1,3,3,unexposed,baseline_relative,train,0.1,0.2942169655076202,0.7057830344923798
DEAP:S05:T37,DEAP:S05,T37,0,1.91,1,1,3,3,unexposed,baseline_relative,train,0.1,0.7437229209338398,0.2562770790661601
DEAP:S05:T38,DEAP:S05,T38,0,1.0,1,1,3,3,unexposed,baseline_relative,train,0.1,0.7686000355543952,0.23139996444560484
DEAP:S05:T39,DEAP:S05,T39,0,1.0,1,1,3,3,unexposed,baseline_relative,train,0.1,0.5648336314701365,0.4351663685298634
DEAP:S05:T40,DEAP:S05,T40,1,7.0,1,1,3,3,unexposed,baseline_relative,train,0.1,0.4337284720119894,0.5662715279880106
DEAP:S06:T02,DEAP:S06,T02,1,6.83,1,1,3,3,unexposed,baseline_relative,train,0.1,0.36538914740215067,0.6346108525978493
DEAP:S06:T03,DEAP:S06,T03,1,7.69,1,1,3,3,unexposed,baseline_relative,train,0.1,0.26758938031632684,0.7324106196836732
DEAP:S06:T06,DEAP:S06,T06,1,8.05,1,1,3,3,unexposed,baseline_relative,train,0.1,0.5756446112808441,0.4243553887191559
DEAP:S06:T10,DEAP:S06,T10,1,7.37,1,1,3,3,unexposed,baseline_relative,train,0.1,0.33265990276932345,0.6673400972306766
DEAP:S06:T14,DEAP:S06,T14,1,6.32,1,1,3,3,unexposed,baseline_relative,train,0.1,0.23767266210163984,0.7623273378983602
DEAP:S06:T16,DEAP:S06,T16,1,5.06,1,1,3,3,unexposed,baseline_relative,train,0.1,0.6042606020638868,0.3957393979361132
DEAP:S06:T17,DEAP:S06,T17,1,6.72,1,1,3,3,unexposed,baseline_relative,train,0.1,0.3572371677716013,0.6427628322283987
DEAP:S06:T20,DEAP:S06,T20,1,5.01,1,1,3,3,unexposed,baseline_relative,train,0.1,0.6904911936956206,0.3095088063043793
DEAP:S06:T21,DEAP:S06,T21,1,6.28,1,1,3,3,unexposed,baseline_relative,train,0.1,0.42567435096576567,0.5743256490342343
DEAP:S06:T37,DEAP:S06,T37,0,4.83,1,1,3,3,unexposed,baseline_relative,train,0.1,0.8014873337594347,0.1985126662405653
DEAP:S06:T38,DEAP:S06,T38,0,4.44,1,1,3,3,unexposed,baseline_relative,train,0.1,0.479582229253139,0.520417770746861
DEAP:S06:T39,DEAP:S06,T39,1,6.56,1,1,3,3,unexposed,baseline_relative,train,0.1,0.3194374799801054,0.6805625200198946
DEAP:S06:T40,DEAP:S06,T40,0,4.85,1,1,3,3,unexposed,baseline_relative,train,0.1,0.626362873244424,0.373637126755576
DEAP:S07:T02,DEAP:S07,T02,1,7.15,1,1,3,3,unexposed,baseline_relative,train,0.1,0.41686422713944604,0.583135772860554
DEAP:S07:T06,DEAP:S07,T06,1,6.97,1,1,3,3,unexposed,baseline_relative,train,0.1,0.3944195284205655,0.6055804715794345
DEAP:S07:T10,DEAP:S07,T10,1,7.09,1,1,3,3,unexposed,baseline_relative,train,0.1,0.4137536605719816,0.5862463394280184
DEAP:S07:T11,DEAP:S07,T11,1,7.03,1,1,3,3,unexposed,baseline_relative,train,0.1,0.5160973409587355,0.4839026590412645
DEAP:S07:T14,DEAP:S07,T14,1,7.09,1,1,3,3,unexposed,baseline_relative,train,0.1,0.48908452492645904,0.510915475073541
DEAP:S07:T16,DEAP:S07,T16,0,3.03,1,1,3,3,unexposed,baseline_relative,train,0.1,0.7364985215489239,0.2635014784510761
DEAP:S07:T17,DEAP:S07,T17,1,7.12,1,1,3,3,unexposed,baseline_relative,train,0.1,0.5023262530916617,0.49767374690833827
DEAP:S07:T20,DEAP:S07,T20,1,8.06,1,1,3,3,unexposed,baseline_relative,train,0.1,0.3444193525994039,0.6555806474005961
DEAP:S07:T21,DEAP:S07,T21,0,3.12,1,1,3,3,unexposed,baseline_relative,train,0.1,0.29764901495659046,0.7023509850434095
DEAP:S07:T31,DEAP:S07,T31,1,6.96,1,1,3,3,unexposed,baseline_relative,train,0.1,0.44002442048189716,0.5599755795181028
DEAP:S07:T34,DEAP:S07,T34,0,4.01,1,1,3,3,unexposed,baseline_relative,train,0.1,0.6645370268115256,0.3354629731884744
DEAP:S07:T37,DEAP:S07,T37,1,5.05,1,1,3,3,unexposed,baseline_relative,train,0.1,0.3150317350639559,0.6849682649360441
DEAP:S07:T38,DEAP:S07,T38,1,5.03,1,1,3,3,unexposed,baseline_relative,train,0.1,0.1438262402966185,0.8561737597033815
DEAP:S07:T39,DEAP:S07,T39,1,7.01,1,1,3,3,unexposed,baseline_relative,train,0.1,0.19565389112155152,0.8043461088784485
DEAP:S07:T40,DEAP:S07,T40,1,7.01,1,1,3,3,unexposed,baseline_relative,train,0.1,0.259161110398355,0.740838889601645
DEAP:S08:T02,DEAP:S08,T02,1,5.04,1,1,3,3,unexposed,baseline_relative,train,0.1,0.49934748295353804,0.500652517046462
DEAP:S08:T03,DEAP:S08,T03,1,8.15,1,1,3,3,unexposed,baseline_relative,train,0.1,0.08426366012898323,0.9157363398710168
DEAP:S08:T06,DEAP:S08,T06,1,7.4,1,1,3,3,unexposed,baseline_relative,train,0.1,0.6818771813914439,0.31812281860855607
DEAP:S08:T10,DEAP:S08,T10,0,4.97,1,1,3,3,unexposed,baseline_relative,train,0.1,0.3648381850993747,0.6351618149006253
DEAP:S08:T11,DEAP:S08,T11,1,8.41,1,1,3,3,unexposed,baseline_relative,train,0.1,0.5315041218536976,0.4684958781463025
DEAP:S08:T16,DEAP:S08,T16,0,4.21,1,1,3,3,unexposed,baseline_relative,train,0.1,0.6706949420401926,0.3293050579598074
DEAP:S08:T17,DEAP:S08,T17,1,6.67,1,1,3,3,unexposed,baseline_relative,train,0.1,0.2423025550497292,0.7576974449502708
DEAP:S08:T20,DEAP:S08,T20,1,6.74,1,1,3,3,unexposed,baseline_relative,train,0.1,0.3619395509413723,0.6380604490586277
DEAP:S08:T21,DEAP:S08,T21,0,4.68,1,1,3,3,unexposed,baseline_relative,train,0.1,0.7082640092166368,0.2917359907833632
DEAP:S08:T31,DEAP:S08,T31,0,1.45,1,1,3,3,unexposed,baseline_relative,train,0.1,0.6340431211770348,0.36595687882296524
DEAP:S08:T34,DEAP:S08,T34,1,5.05,1,1,3,3,unexposed,baseline_relative,train,0.1,0.2468222101485391,0.7531777898514609
DEAP:S08:T37,DEAP:S08,T37,1,5.06,1,1,3,3,unexposed,baseline_relative,train,0.1,0.4901528521267535,0.5098471478732465
DEAP:S08:T38,DEAP:S08,T38,0,4.72,1,1,3,3,unexposed,baseline_relative,train,0.1,0.748965535274072,0.25103446472592805
DEAP:S08:T39,DEAP:S08,T39,1,5.05,1,1,3,3,unexposed,baseline_relative,train,0.1,0.2873041516832384,0.7126958483167616
DEAP:S08:T40,DEAP:S08,T40,0,3.13,1,1,3,3,unexposed,baseline_relative,train,0.1,0.5480401962996015,0.4519598037003985
DEAP:S10:T02,DEAP:S10,T02,0,3.55,1,1,3,3,unexposed,baseline_relative,train,0.1,0.7070288803703453,0.29297111962965466
DEAP:S10:T03,DEAP:S10,T03,1,5.86,1,1,3,3,unexposed,baseline_relative,train,0.1,0.5020420663571846,0.4979579336428154
DEAP:S10:T06,DEAP:S10,T06,1,7.1,1,1,3,3,unexposed,baseline_relative,train,0.1,0.5948717293659023,0.4051282706340978
DEAP:S10:T10,DEAP:S10,T10,1,5.94,1,1,3,3,unexposed,baseline_relative,train,0.1,0.39365793351094425,0.6063420664890558
DEAP:S10:T11,DEAP:S10,T11,1,8.99,1,1,3,3,unexposed,baseline_relative,train,0.1,0.4678477482773853,0.5321522517226147
DEAP:S10:T14,DEAP:S10,T14,1,8.81,1,1,3,3,unexposed,baseline_relative,train,0.1,0.3705577183650649,0.6294422816349351
DEAP:S10:T16,DEAP:S10,T16,0,3.85,1,1,3,3,unexposed,baseline_relative,train,0.1,0.888999179435123,0.11100082056487708
DEAP:S10:T17,DEAP:S10,T17,0,4.95,1,1,3,3,unexposed,baseline_relative,train,0.1,0.5424399914783804,0.45756000852161965
DEAP:S10:T20,DEAP:S10,T20,1,5.58,1,1,3,3,unexposed,baseline_relative,train,0.1,0.4986571198822318,0.5013428801177682
DEAP:S10:T21,DEAP:S10,T21,0,2.97,1,1,3,3,unexposed,baseline_relative,train,0.1,0.7241783951860827,0.2758216048139172
DEAP:S10:T31,DEAP:S10,T31,0,4.15,1,1,3,3,unexposed,baseline_relative,train,0.1,0.6989675420316104,0.3010324579683896
DEAP:S10:T34,DEAP:S10,T34,0,3.91,1,1,3,3,unexposed,baseline_relative,train,0.1,0.5842186615450975,0.4157813384549025
DEAP:S10:T37,DEAP:S10,T37,0,2.92,1,1,3,3,unexposed,baseline_relative,train,0.1,0.5183910586397984,0.48160894136020166
DEAP:S10:T38,DEAP:S10,T38,0,1.91,1,1,3,3,unexposed,baseline_relative,train,0.1,0.45727550671797557,0.5427244932820244
DEAP:S10:T39,DEAP:S10,T39,0,2.17,1,1,3,3,unexposed,baseline_relative,train,0.1,0.7766377304261232,0.22336226957387686
DEAP:S10:T40,DEAP:S10,T40,1,5.78,1,1,3,3,unexposed,baseline_relative,train,0.1,0.7861558343216106,0.21384416567838938
DEAP:S13:T02,DEAP:S13,T02,0,4.03,1,1,3,3,unexposed,baseline_relative,train,0.1,0.3977674358526643,0.6022325641473357
DEAP:S13:T03,DEAP:S13,T03,1,9.0,1,1,3,3,unexposed,baseline_relative,train,0.1,0.38270143160237524,0.6172985683976248
DEAP:S13:T06,DEAP:S13,T06,0,4.46,1,1,3,3,unexposed,baseline_relative,train,0.1,0.4273401593503423,0.5726598406496577
DEAP:S13:T10,DEAP:S13,T10,0,4.01,1,1,3,3,unexposed,baseline_relative,train,0.1,0.6520659329009154,0.3479340670990846
DEAP:S13:T11,DEAP:S13,T11,1,7.04,1,1,3,3,unexposed,baseline_relative,train,0.1,0.6192745392458932,0.3807254607541068
DEAP:S13:T14,DEAP:S13,T14,1,7.97,1,1,3,3,unexposed,baseline_relative,train,0.1,0.53676754717972,0.4632324528202801
DEAP:S13:T17,DEAP:S13,T17,1,5.99,1,1,3,3,unexposed,baseline_relative,train,0.1,0.55981313004272,0.44018686995728
DEAP:S13:T20,DEAP:S13,T20,1,7.6,1,1,3,3,unexposed,baseline_relative,train,0.1,0.5329956215185141,0.4670043784814859
DEAP:S13:T21,DEAP:S13,T21,0,2.0,1,1,3,3,unexposed,baseline_relative,train,0.1,0.6116813406346742,0.3883186593653258
DEAP:S13:T31,DEAP:S13,T31,0,1.97,1,1,3,3,unexposed,baseline_relative,train,0.1,0.3539841969546381,0.6460158030453619
DEAP:S13:T34,DEAP:S13,T34,0,2.92,1,1,3,3,unexposed,baseline_relative,train,0.1,0.5001700050247836,0.4998299949752164
DEAP:S13:T37,DEAP:S13,T37,0,1.0,1,1,3,3,unexposed,baseline_relative,train,0.1,0.4945636111502746,0.5054363888497254
DEAP:S13:T39,DEAP:S13,T39,0,1.97,1,1,3,3,unexposed,baseline_relative,train,0.1,0.49054421243700497,0.509455787562995
DEAP:S13:T40,DEAP:S13,T40,0,4.08,1,1,3,3,unexposed,baseline_relative,train,0.1,0.47571178901913547,0.5242882109808645
DEAP:S15:T02,DEAP:S15,T02,1,5.04,1,1,3,3,unexposed,baseline_relative,train,0.1,0.2663819075061644,0.7336180924938356
DEAP:S15:T03,DEAP:S15,T03,1,8.04,1,1,3,3,unexposed,baseline_relative,train,0.1,0.3891029574786896,0.6108970425213104
DEAP:S15:T06,DEAP:S15,T06,1,9.0,1,1,3,3,unexposed,baseline_relative,train,0.1,0.2805601916396815,0.7194398083603185
DEAP:S15:T10,DEAP:S15,T10,0,4.99,1,1,3,3,unexposed,baseline_relative,train,0.1,0.5617242133597582,0.43827578664024186
DEAP:S15:T11,DEAP:S15,T11,1,8.99,1,1,3,3,unexposed,baseline_relative,train,0.1,0.2927793240171709,0.7072206759828291
DEAP:S15:T14,DEAP:S15,T14,1,8.15,1,1,3,3,unexposed,baseline_relative,train,0.1,0.4601889739027777,0.5398110260972223
DEAP:S15:T16,DEAP:S15,T16,0,4.17,1,1,3,3,unexposed,baseline_relative,train,0.1,0.5341304626883123,0.46586953731168773
DEAP:S15:T17,DEAP:S15,T17,1,8.1,1,1,3,3,unexposed,baseline_relative,train,0.1,0.3551980534469208,0.6448019465530792
DEAP:S15:T20,DEAP:S15,T20,1,7.97,1,1,3,3,unexposed,baseline_relative,train,0.1,0.43320481171100633,0.5667951882889937
DEAP:S15:T21,DEAP:S15,T21,0,3.09,1,1,3,3,unexposed,baseline_relative,train,0.1,0.5432567676529352,0.4567432323470648
DEAP:S15:T31,DEAP:S15,T31,0,2.99,1,1,3,3,unexposed,baseline_relative,train,0.1,0.5572370121546075,0.4427629878453925
DEAP:S15:T37,DEAP:S15,T37,0,3.04,1,1,3,3,unexposed,baseline_relative,train,0.1,0.7328451533156866,0.2671548466843134
DEAP:S15:T38,DEAP:S15,T38,0,2.08,1,1,3,3,unexposed,baseline_relative,train,0.1,0.6132074718285632,0.38679252817143683
DEAP:S15:T39,DEAP:S15,T39,0,4.0,1,1,3,3,unexposed,baseline_relative,train,0.1,0.8293329122778855,0.17066708772211445
DEAP:S15:T40,DEAP:S15,T40,0,4.01,1,1,3,3,unexposed,baseline_relative,train,0.1,0.3458194354560742,0.6541805645439258
DEAP:S18:T02,DEAP:S18,T02,1,6.87,1,1,3,3,unexposed,baseline_relative,train,0.1,0.22860984077167545,0.7713901592283245
DEAP:S18:T03,DEAP:S18,T03,1,6.36,1,1,3,3,unexposed,baseline_relative,train,0.1,0.4456632775785282,0.5543367224214718
DEAP:S18:T06,DEAP:S18,T06,1,6.51,1,1,3,3,unexposed,baseline_relative,train,0.1,0.1527446415429492,0.8472553584570508
DEAP:S18:T10,DEAP:S18,T10,1,6.09,1,1,3,3,unexposed,baseline_relative,train,0.1,0.8491655959603637,0.15083440403963627
DEAP:S18:T11,DEAP:S18,T11,1,6.24,1,1,3,3,unexposed,baseline_relative,train,0.1,0.2595513079991172,0.7404486920008828
DEAP:S18:T14,DEAP:S18,T14,1,6.62,1,1,3,3,unexposed,baseline_relative,train,0.1,0.37016220189253013,0.6298377981074699
DEAP:S18:T16,DEAP:S18,T16,0,4.38,1,1,3,3,unexposed,baseline_relative,train,0.1,0.703467703747488,0.296532296252512
DEAP:S18:T17,DEAP:S18,T17,1,7.74,1,1,3,3,unexposed,baseline_relative,train,0.1,0.34200292105695396,0.657997078943046
DEAP:S18:T20,DEAP:S18,T20,1,6.24,1,1,3,3,unexposed,baseline_relative,train,0.1,0.1853817243890894,0.8146182756109106
DEAP:S18:T31,DEAP:S18,T31,0,4.44,1,1,3,3,unexposed,baseline_relative,train,0.1,0.6424812765876966,0.35751872341230334
DEAP:S18:T34,DEAP:S18,T34,0,4.15,1,1,3,3,unexposed,baseline_relative,train,0.1,0.7902470228449845,0.20975297715501545
DEAP:S18:T37,DEAP:S18,T37,0,4.0,1,1,3,3,unexposed,baseline_relative,train,0.1,0.7328897563090081,0.2671102436909919
DEAP:S18:T38,DEAP:S18,T38,0,4.51,1,1,3,3,unexposed,baseline_relative,train,0.1,0.7649830976045612,0.23501690239543882
DEAP:S18:T39,DEAP:S18,T39,0,4.06,1,1,3,3,unexposed,baseline_relative,train,0.1,0.718636840425785,0.2813631595742149
DEAP:S19:T02,DEAP:S19,T02,1,6.46,1,1,3,3,unexposed,baseline_relative,train,0.1,0.2911600271035214,0.7088399728964786
DEAP:S19:T03,DEAP:S19,T03,1,6.82,1,1,3,3,unexposed,baseline_relative,train,0.1,0.6660102263553889,0.33398977364461113
DEAP:S19:T06,DEAP:S19,T06,1,7.73,1,1,3,3,unexposed,baseline_relative,train,0.1,0.3212008720512336,0.6787991279487664
DEAP:S19:T10,DEAP:S19,T10,1,5.01,1,1,3,3,unexposed,baseline_relative,train,0.1,0.42854498221612314,0.5714550177838769
DEAP:S19:T11,DEAP:S19,T11,1,5.83,1,1,3,3,unexposed,baseline_relative,train,0.1,0.20408457763876942,0.7959154223612306
DEAP:S19:T16,DEAP:S19,T16,0,3.24,1,1,3,3,unexposed,baseline_relative,train,0.1,0.38426128246179625,0.6157387175382038
DEAP:S19:T17,DEAP:S19,T17,1,7.38,1,1,3,3,unexposed,baseline_relative,train,0.1,0.4313510760797846,0.5686489239202154
DEAP:S19:T20,DEAP:S19,T20,1,6.13,1,1,3,3,unexposed,baseline_relative,train,0.1,0.2178202796748201,0.7821797203251799
DEAP:S19:T21,DEAP:S19,T21,0,2.19,1,1,3,3,unexposed,baseline_relative,train,0.1,0.8745575154868808,0.1254424845131192
DEAP:S19:T31,DEAP:S19,T31,1,5.03,1,1,3,3,unexposed,baseline_relative,train,0.1,0.41262438957497516,0.5873756104250248
DEAP:S19:T34,DEAP:S19,T34,0,4.17,1,1,3,3,unexposed,baseline_relative,train,0.1,0.5014948316236536,0.4985051683763464
DEAP:S19:T37,DEAP:S19,T37,0,3.15,1,1,3,3,unexposed,baseline_relative,train,0.1,0.33490812231403155,0.6650918776859684
DEAP:S19:T38,DEAP:S19,T38,0,1.62,1,1,3,3,unexposed,baseline_relative,train,0.1,0.3735939224945485,0.6264060775054515
DEAP:S19:T39,DEAP:S19,T39,1,5.04,1,1,3,3,unexposed,baseline_relative,train,0.1,0.4495577853278572,0.5504422146721428
DEAP:S19:T40,DEAP:S19,T40,0,4.24,1,1,3,3,unexposed,baseline_relative,train,0.1,0.8014603796284395,0.19853962037156045
DEAP:S20:T02,DEAP:S20,T02,1,6.77,1,1,3,3,unexposed,baseline_relative,train,0.1,0.21123966533634342,0.7887603346636566
DEAP:S20:T03,DEAP:S20,T03,1,7.18,1,1,3,3,unexposed,baseline_relative,train,0.1,0.11993636136442942,0.8800636386355706
DEAP:S20:T06,DEAP:S20,T06,1,7.62,1,1,3,3,unexposed,baseline_relative,train,0.1,0.256149788947059,0.743850211052941
DEAP:S20:T10,DEAP:S20,T10,1,5.13,1,1,3,3,unexposed,baseline_relative,train,0.1,0.06606360638953535,0.9339363936104647
DEAP:S20:T11,DEAP:S20,T11,1,8.18,1,1,3,3,unexposed,baseline_relative,train,0.1,0.4184626937349456,0.5815373062650544
DEAP:S20:T14,DEAP:S20,T14,1,6.4,1,1,3,3,unexposed,baseline_relative,train,0.1,0.22481181767016056,0.7751881823298394
DEAP:S20:T16,DEAP:S20,T16,1,5.03,1,1,3,3,unexposed,baseline_relative,train,0.1,0.5234325394611392,0.47656746053886084
DEAP:S20:T17,DEAP:S20,T17,1,5.04,1,1,3,3,unexposed,baseline_relative,train,0.1,0.1515764213647509,0.8484235786352491
DEAP:S20:T20,DEAP:S20,T20,1,6.65,1,1,3,3,unexposed,baseline_relative,train,0.1,0.47752502921871076,0.5224749707812892
DEAP:S20:T21,DEAP:S20,T21,0,4.97,1,1,3,3,unexposed,baseline_relative,train,0.1,0.5521475344442208,0.4478524655557792
DEAP:S20:T34,DEAP:S20,T34,0,4.74,1,1,3,3,unexposed,baseline_relative,train,0.1,0.7509223514797839,0.24907764852021605
DEAP:S20:T37,DEAP:S20,T37,0,3.01,1,1,3,3,unexposed,baseline_relative,train,0.1,0.6219440622025789,0.378055937797421
DEAP:S20:T39,DEAP:S20,T39,0,4.67,1,1,3,3,unexposed,baseline_relative,train,0.1,0.4455495004878618,0.5544504995121382
DEAP:S20:T40,DEAP:S20,T40,0,4.94,1,1,3,3,unexposed,baseline_relative,train,0.1,0.4655388593007199,0.5344611406992801
DEAP:S21:T02,DEAP:S21,T02,1,7.05,1,1,3,3,unexposed,baseline_relative,train,0.1,0.5018160810595104,0.49818391894048963
DEAP:S21:T03,DEAP:S21,T03,0,4.83,1,1,3,3,unexposed,baseline_relative,train,0.1,0.5949430678731362,0.40505693212686383
DEAP:S21:T06,DEAP:S21,T06,1,7.92,1,1,3,3,unexposed,baseline_relative,train,0.1,0.39847298194227054,0.6015270180577295
DEAP:S21:T10,DEAP:S21,T10,1,7.05,1,1,3,3,unexposed,baseline_relative,train,0.1,0.3484154136067775,0.6515845863932225
DEAP:S21:T11,DEAP:S21,T11,1,7.05,1,1,3,3,unexposed,baseline_relative,train,0.1,0.5553495718301401,0.4446504281698599
DEAP:S21:T14,DEAP:S21,T14,1,8.1,1,1,3,3,unexposed,baseline_relative,train,0.1,0.5383141112900868,0.46168588870991323
DEAP:S21:T17,DEAP:S21,T17,1,5.53,1,1,3,3,unexposed,baseline_relative,train,0.1,0.6866976415789718,0.31330235842102816
DEAP:S21:T20,DEAP:S21,T20,0,2.33,1,1,3,3,unexposed,baseline_relative,train,0.1,0.7275944272230104,0.27240557277698957
DEAP:S21:T21,DEAP:S21,T21,0,4.08,1,1,3,3,unexposed,baseline_relative,train,0.1,0.4072621860912067,0.5927378139087933
DEAP:S21:T31,DEAP:S21,T31,1,5.04,1,1,3,3,unexposed,baseline_relative,train,0.1,0.4315888005334608,0.5684111994665392
DEAP:S21:T34,DEAP:S21,T34,0,4.06,1,1,3,3,unexposed,baseline_relative,train,0.1,0.44995536141798465,0.5500446385820154
DEAP:S21:T37,DEAP:S21,T37,0,3.04,1,1,3,3,unexposed,baseline_relative,train,0.1,0.3338826448172011,0.6661173551827989
DEAP:S21:T38,DEAP:S21,T38,0,3.03,1,1,3,3,unexposed,baseline_relative,train,0.1,0.550860647256626,0.4491393527433741
DEAP:S21:T39,DEAP:S21,T39,1,6.09,1,1,3,3,unexposed,baseline_relative,train,0.1,0.5015336922410187,0.49846630775898126
DEAP:S21:T40,DEAP:S21,T40,0,3.99,1,1,3,3,unexposed,baseline_relative,train,0.1,0.6199658329679405,0.38003416703205956
DEAP:S22:T02,DEAP:S22,T02,1,7.08,1,1,3,3,unexposed,baseline_relative,train,0.1,0.7275449928406914,0.27245500715930865
DEAP:S22:T03,DEAP:S22,T03,1,7.05,1,1,3,3,unexposed,baseline_relative,train,0.1,0.30426742028735954,0.6957325797126405
DEAP:S22:T06,DEAP:S22,T06,0,4.97,1,1,3,3,unexposed,baseline_relative,train,0.1,0.7456318636941212,0.25436813630587884
DEAP:S22:T10,DEAP:S22,T10,0,4.0,1,1,3,3,unexposed,baseline_relative,train,0.1,0.7380168856541846,0.26198311434581545
DEAP:S22:T11,DEAP:S22,T11,1,8.05,1,1,3,3,unexposed,baseline_relative,train,0.1,0.450679457583933,0.549320542416067
DEAP:S22:T14,DEAP:S22,T14,1,8.05,1,1,3,3,unexposed,baseline_relative,train,0.1,0.5004388326277744,0.4995611673722255
DEAP:S22:T16,DEAP:S22,T16,1,6.06,1,1,3,3,unexposed,baseline_relative,train,0.1,0.4701940696847219,0.5298059303152781
DEAP:S22:T17,DEAP:S22,T17,1,5.04,1,1,3,3,unexposed,baseline_relative,train,0.1,0.6750991842288475,0.3249008157711525
DEAP:S22:T21,DEAP:S22,T21,0,2.97,1,1,3,3,unexposed,baseline_relative,train,0.1,0.5998293140196433,0.40017068598035666
DEAP:S22:T31,DEAP:S22,T31,0,2.01,1,1,3,3,unexposed,baseline_relative,train,0.1,0.6213561009946942,0.3786438990053058
DEAP:S22:T34,DEAP:S22,T34,1,5.04,1,1,3,3,unexposed,baseline_relative,train,0.1,0.5739544495163038,0.4260455504836962
DEAP:S22:T37,DEAP:S22,T37,0,1.0,1,1,3,3,unexposed,baseline_relative,train,0.1,0.7821397182968407,0.21786028170315927
DEAP:S22:T38,DEAP:S22,T38,0,1.0,1,1,3,3,unexposed,baseline_relative,train,0.1,0.6746357557465427,0.32536424425345734
DEAP:S22:T39,DEAP:S22,T39,0,1.0,1,1,3,3,unexposed,baseline_relative,train,0.1,0.5746214006763875,0.42537859932361255
DEAP:S22:T40,DEAP:S22,T40,0,2.97,1,1,3,3,unexposed,baseline_relative,train,0.1,0.6868175615399299,0.31318243846007005
DEAP:S23:T02,DEAP:S23,T02,1,9.0,1,1,3,3,unexposed,baseline_relative,train,0.1,0.5247993443729442,0.4752006556270559
DEAP:S23:T03,DEAP:S23,T03,1,7.09,1,1,3,3,unexposed,baseline_relative,train,0.1,0.34228925835995594,0.6577107416400441
DEAP:S23:T06,DEAP:S23,T06,1,5.09,1,1,3,3,unexposed,baseline_relative,train,0.1,0.37171705776803643,0.6282829422319636
DEAP:S23:T10,DEAP:S23,T10,1,5.01,1,1,3,3,unexposed,baseline_relative,train,0.1,0.4625942373850884,0.5374057626149116
DEAP:S23:T11,DEAP:S23,T11,1,7.0,1,1,3,3,unexposed,baseline_relative,train,0.1,0.5343429567905021,0.46565704320949786
DEAP:S23:T14,DEAP:S23,T14,1,8.01,1,1,3,3,unexposed,baseline_relative,train,0.1,0.3724312230631779,0.6275687769368221
DEAP:S23:T16,DEAP:S23,T16,1,5.15,1,1,3,3,unexposed,baseline_relative,train,0.1,0.40755670177984016,0.5924432982201598
DEAP:S23:T17,DEAP:S23,T17,0,2.86,1,1,3,3,unexposed,baseline_relative,train,0.1,0.7139230494303934,0.28607695056960664
DEAP:S23:T20,DEAP:S23,T20,0,3.96,1,1,3,3,unexposed,baseline_relative,train,0.1,0.47125972297480545,0.5287402770251945
DEAP:S23:T21,DEAP:S23,T21,0,1.91,1,1,3,3,unexposed,baseline_relative,train,0.1,0.6186516451560695,0.3813483548439304
DEAP:S23:T31,DEAP:S23,T31,0,4.86,1,1,3,3,unexposed,baseline_relative,train,0.1,0.5340049008003096,0.4659950991996904
DEAP:S23:T34,DEAP:S23,T34,1,6.72,1,1,3,3,unexposed,baseline_relative,train,0.1,0.25739825208043965,0.7426017479195604
DEAP:S23:T37,DEAP:S23,T37,0,4.31,1,1,3,3,unexposed,baseline_relative,train,0.1,0.4281996960159743,0.5718003039840257
DEAP:S23:T38,DEAP:S23,T38,0,4.97,1,1,3,3,unexposed,baseline_relative,train,0.1,0.5210323639827884,0.4789676360172116
DEAP:S23:T40,DEAP:S23,T40,0,4.88,1,1,3,3,unexposed,baseline_relative,train,0.1,0.5741321890428253,0.4258678109571747
DEAP:S24:T02,DEAP:S24,T02,1,6.04,1,1,3,3,unexposed,baseline_relative,train,0.1,0.626970269599013,0.37302973040098697
DEAP:S24:T03,DEAP:S24,T03,1,8.96,1,1,3,3,unexposed,baseline_relative,train,0.1,0.5256649986044026,0.4743350013955973
DEAP:S24:T06,DEAP:S24,T06,1,5.96,1,1,3,3,unexposed,baseline_relative,train,0.1,0.696671845568837,0.30332815443116296
DEAP:S24:T10,DEAP:S24,T10,1,5.01,1,1,3,3,unexposed,baseline_relative,train,0.1,0.4514100900308349,0.5485899099691651
DEAP:S24:T11,DEAP:S24,T11,1,7.03,1,1,3,3,unexposed,baseline_relative,train,0.1,0.5993378796541029,0.4006621203458971
DEAP:S24:T14,DEAP:S24,T14,1,8.05,1,1,3,3,unexposed,baseline_relative,train,0.1,0.5359400682491164,0.4640599317508836
DEAP:S24:T16,DEAP:S24,T16,0,4.0,1,1,3,3,unexposed,baseline_relative,train,0.1,0.5322022081608897,0.4677977918391103
DEAP:S24:T17,DEAP:S24,T17,0,4.08,1,1,3,3,unexposed,baseline_relative,train,0.1,0.4478197927592551,0.5521802072407449
DEAP:S24:T20,DEAP:S24,T20,0,4.03,1,1,3,3,unexposed,baseline_relative,train,0.1,0.5189658994512509,0.481034100548749
DEAP:S24:T21,DEAP:S24,T21,0,1.96,1,1,3,3,unexposed,baseline_relative,train,0.1,0.6610326862984068,0.3389673137015931
DEAP:S24:T31,DEAP:S24,T31,0,2.94,1,1,3,3,unexposed,baseline_relative,train,0.1,0.6610488968881989,0.3389511031118011
DEAP:S24:T34,DEAP:S24,T34,0,4.05,1,1,3,3,unexposed,baseline_relative,train,0.1,0.7552763357778105,0.24472366422218952
DEAP:S24:T37,DEAP:S24,T37,0,4.0,1,1,3,3,unexposed,baseline_relative,train,0.1,0.6160017079638076,0.38399829203619235
DEAP:S24:T38,DEAP:S24,T38,0,2.03,1,1,3,3,unexposed,baseline_relative,train,0.1,0.622415335635437,0.37758466436456295
DEAP:S24:T39,DEAP:S24,T39,0,2.12,1,1,3,3,unexposed,baseline_relative,train,0.1,0.4996179025251549,0.5003820974748451
DEAP:S25:T02,DEAP:S25,T02,0,2.99,1,1,3,3,unexposed,baseline_relative,train,0.1,0.7677845800306918,0.2322154199693082
DEAP:S25:T03,DEAP:S25,T03,1,7.12,1,1,3,3,unexposed,baseline_relative,train,0.1,0.5548557854544641,0.4451442145455359
DEAP:S25:T10,DEAP:S25,T10,0,1.0,1,1,3,3,unexposed,baseline_relative,train,0.1,0.7988040697451589,0.20119593025484103
DEAP:S25:T11,DEAP:S25,T11,1,9.0,1,1,3,3,unexposed,baseline_relative,train,0.1,0.44200745090019156,0.5579925490998084
DEAP:S25:T14,DEAP:S25,T14,1,8.09,1,1,3,3,unexposed,baseline_relative,train,0.1,0.5779225786042406,0.4220774213957595
DEAP:S25:T16,DEAP:S25,T16,1,6.05,1,1,3,3,unexposed,baseline_relative,train,0.1,0.39553351738233333,0.6044664826176667
DEAP:S25:T17,DEAP:S25,T17,1,5.04,1,1,3,3,unexposed,baseline_relative,train,0.1,0.6308107464257644,0.36918925357423565
DEAP:S25:T20,DEAP:S25,T20,1,7.08,1,1,3,3,unexposed,baseline_relative,train,0.1,0.24598390834963402,0.754016091650366
DEAP:S25:T21,DEAP:S25,T21,1,6.03,1,1,3,3,unexposed,baseline_relative,train,0.1,0.5850039247064074,0.4149960752935926
DEAP:S25:T34,DEAP:S25,T34,0,4.95,1,1,3,3,unexposed,baseline_relative,train,0.1,0.5611263631325341,0.43887363686746594
DEAP:S25:T37,DEAP:S25,T37,0,1.0,1,1,3,3,unexposed,baseline_relative,train,0.1,0.6210114312646002,0.37898856873539977
DEAP:S25:T38,DEAP:S25,T38,0,1.0,1,1,3,3,unexposed,baseline_relative,train,0.1,0.8230882393665326,0.17691176063346734
DEAP:S25:T39,DEAP:S25,T39,0,1.0,1,1,3,3,unexposed,baseline_relative,train,0.1,0.5796053606087616,0.42039463939123844
DEAP:S25:T40,DEAP:S25,T40,0,1.0,1,1,3,3,unexposed,baseline_relative,train,0.1,0.6053631996019819,0.3946368003980181
DEAP:S27:T02,DEAP:S27,T02,1,7.0,1,1,3,3,unexposed,baseline_relative,train,0.1,0.3240347619165751,0.6759652380834249
DEAP:S27:T03,DEAP:S27,T03,1,9.0,1,1,3,3,unexposed,baseline_relative,train,0.1,0.4621241920132133,0.5378758079867867
DEAP:S27:T06,DEAP:S27,T06,1,7.0,1,1,3,3,unexposed,baseline_relative,train,0.1,0.15052494846568987,0.8494750515343101
DEAP:S27:T10,DEAP:S27,T10,1,6.01,1,1,3,3,unexposed,baseline_relative,train,0.1,0.2688871259963479,0.7311128740036521
DEAP:S27:T11,DEAP:S27,T11,1,9.0,1,1,3,3,unexposed,baseline_relative,train,0.1,0.28985456055187997,0.71014543944812
DEAP:S27:T14,DEAP:S27,T14,1,8.06,1,1,3,3,unexposed,baseline_relative,train,0.1,0.3467563914529117,0.6532436085470883
DEAP:S27:T16,DEAP:S27,T16,1,8.06,1,1,3,3,unexposed,baseline_relative,train,0.1,0.5126664357731969,0.48733356422680313
DEAP:S27:T17,DEAP:S27,T17,1,9.0,1,1,3,3,unexposed,baseline_relative,train,0.1,0.33487023763743695,0.665129762362563
DEAP:S27:T20,DEAP:S27,T20,1,6.97,1,1,3,3,unexposed,baseline_relative,train,0.1,0.2832230772997568,0.7167769227002432
DEAP:S27:T21,DEAP:S27,T21,1,9.0,1,1,3,3,unexposed,baseline_relative,train,0.1,0.25126048008027424,0.7487395199197258
DEAP:S27:T31,DEAP:S27,T31,1,5.08,1,1,3,3,unexposed,baseline_relative,train,0.1,0.3529483191844276,0.6470516808155724
DEAP:S27:T34,DEAP:S27,T34,0,2.85,1,1,3,3,unexposed,baseline_relative,train,0.1,0.6675054531925246,0.3324945468074753
DEAP:S27:T37,DEAP:S27,T37,0,2.99,1,1,3,3,unexposed,baseline_relative,train,0.1,0.6517729785845661,0.3482270214154339
DEAP:S27:T38,DEAP:S27,T38,0,1.0,1,1,3,3,unexposed,baseline_relative,train,0.1,0.4862323996267759,0.5137676003732241
DEAP:S27:T39,DEAP:S27,T39,0,2.14,1,1,3,3,unexposed,baseline_relative,train,0.1,0.6208464774101373,0.3791535225898627
DEAP:S27:T40,DEAP:S27,T40,1,5.04,1,1,3,3,unexposed,baseline_relative,train,0.1,0.35012256459419333,0.6498774354058067
DEAP:S29:T02,DEAP:S29,T02,1,7.05,1,1,3,3,unexposed,baseline_relative,train,0.1,0.31586471212992984,0.6841352878700702
DEAP:S29:T03,DEAP:S29,T03,1,9.0,1,1,3,3,unexposed,baseline_relative,train,0.1,0.15492921484609556,0.8450707851539044
DEAP:S29:T06,DEAP:S29,T06,1,8.03,1,1,3,3,unexposed,baseline_relative,train,0.1,0.21627482592552238,0.7837251740744776
DEAP:S29:T11,DEAP:S29,T11,1,8.03,1,1,3,3,unexposed,baseline_relative,train,0.1,0.2257823313470384,0.7742176686529616
DEAP:S29:T14,DEAP:S29,T14,1,8.06,1,1,3,3,unexposed,baseline_relative,train,0.1,0.18211346766170267,0.8178865323382973
DEAP:S29:T16,DEAP:S29,T16,0,3.0,1,1,3,3,unexposed,baseline_relative,train,0.1,0.7348306641514872,0.2651693358485128
DEAP:S29:T17,DEAP:S29,T17,1,5.08,1,1,3,3,unexposed,baseline_relative,train,0.1,0.2870378487950179,0.7129621512049821
DEAP:S29:T21,DEAP:S29,T21,0,2.92,1,1,3,3,unexposed,baseline_relative,train,0.1,0.7904078192714139,0.20959218072858604
DEAP:S29:T31,DEAP:S29,T31,0,1.0,1,1,3,3,unexposed,baseline_relative,train,0.1,0.5903633560737604,0.40963664392623955
DEAP:S29:T34,DEAP:S29,T34,0,3.95,1,1,3,3,unexposed,baseline_relative,train,0.1,0.5847654638789734,0.4152345361210266
DEAP:S29:T37,DEAP:S29,T37,1,5.01,1,1,3,3,unexposed,baseline_relative,train,0.1,0.4008988676823393,0.5991011323176607
DEAP:S29:T38,DEAP:S29,T38,0,1.88,1,1,3,3,unexposed,baseline_relative,train,0.1,0.26271119346436567,0.7372888065356343
DEAP:S29:T39,DEAP:S29,T39,1,6.05,1,1,3,3,unexposed,baseline_relative,train,0.1,0.41832613345274194,0.5816738665472581
DEAP:S29:T40,DEAP:S29,T40,1,6.01,1,1,3,3,unexposed,baseline_relative,train,0.1,0.12542901685045227,0.8745709831495477
DEAP:S30:T02,DEAP:S30,T02,1,7.15,1,1,3,3,unexposed,baseline_relative,train,0.1,0.1484955198647937,0.8515044801352063
DEAP:S30:T03,DEAP:S30,T03,1,6.15,1,1,3,3,unexposed,baseline_relative,train,0.1,0.2545847246355075,0.7454152753644925
DEAP:S30:T06,DEAP:S30,T06,1,6.22,1,1,3,3,unexposed,baseline_relative,train,0.1,0.131490613899635,0.868509386100365
DEAP:S30:T10,DEAP:S30,T10,1,5.08,1,1,3,3,unexposed,baseline_relative,train,0.1,0.162352901005411,0.837647098994589
DEAP:S30:T11,DEAP:S30,T11,1,6.06,1,1,3,3,unexposed,baseline_relative,train,0.1,0.2093665604048286,0.7906334395951714
DEAP:S30:T14,DEAP:S30,T14,1,5.04,1,1,3,3,unexposed,baseline_relative,train,0.1,0.28037755996822245,0.7196224400317776
DEAP:S30:T16,DEAP:S30,T16,1,5.04,1,1,3,3,unexposed,baseline_relative,train,0.1,0.17455580619503153,0.8254441938049685
DEAP:S30:T17,DEAP:S30,T17,1,7.13,1,1,3,3,unexposed,baseline_relative,train,0.1,0.17610021397215836,0.8238997860278416
DEAP:S30:T20,DEAP:S30,T20,1,7.26,1,1,3,3,unexposed,baseline_relative,train,0.1,0.2489231030636081,0.7510768969363919
DEAP:S30:T21,DEAP:S30,T21,0,3.05,1,1,3,3,unexposed,baseline_relative,train,0.1,0.3836530521740704,0.6163469478259296
DEAP:S30:T34,DEAP:S30,T34,0,4.99,1,1,3,3,unexposed,baseline_relative,train,0.1,0.4305768159358644,0.5694231840641356
DEAP:S30:T37,DEAP:S30,T37,0,4.13,1,1,3,3,unexposed,baseline_relative,train,0.1,0.3763737302352358,0.6236262697647642
DEAP:S30:T38,DEAP:S30,T38,1,5.04,1,1,3,3,unexposed,baseline_relative,train,0.1,0.15288915818804283,0.8471108418119572
DEAP:S30:T40,DEAP:S30,T40,1,5.05,1,1,3,3,unexposed,baseline_relative,train,0.1,0.2060398798342784,0.7939601201657216
DEAP:S31:T02,DEAP:S31,T02,1,5.03,1,1,3,3,unexposed,baseline_relative,train,0.1,0.5362196328563433,0.46378036714365667
DEAP:S31:T03,DEAP:S31,T03,1,8.04,1,1,3,3,unexposed,baseline_relative,train,0.1,0.19572651631011384,0.8042734836898862
DEAP:S31:T06,DEAP:S31,T06,0,4.99,1,1,3,3,unexposed,baseline_relative,train,0.1,0.6416501317765012,0.3583498682234988
DEAP:S31:T10,DEAP:S31,T10,0,4.01,1,1,3,3,unexposed,baseline_relative,train,0.1,0.7184314057646958,0.2815685942353042
DEAP:S31:T11,DEAP:S31,T11,1,9.0,1,1,3,3,unexposed,baseline_relative,train,0.1,0.37159075792276974,0.6284092420772303
DEAP:S31:T14,DEAP:S31,T14,1,8.06,1,1,3,3,unexposed,baseline_relative,train,0.1,0.48015122981611924,0.5198487701838808
DEAP:S31:T16,DEAP:S31,T16,1,6.09,1,1,3,3,unexposed,baseline_relative,train,0.1,0.2917364746180492,0.7082635253819508
DEAP:S31:T17,DEAP:S31,T17,0,4.94,1,1,3,3,unexposed,baseline_relative,train,0.1,0.4034369756936199,0.5965630243063801
DEAP:S31:T20,DEAP:S31,T20,1,6.9,1,1,3,3,unexposed,baseline_relative,train,0.1,0.3862321492080829,0.6137678507919171
DEAP:S31:T21,DEAP:S31,T21,1,5.09,1,1,3,3,unexposed,baseline_relative,train,0.1,0.5502213401159608,0.4497786598840392
DEAP:S31:T34,DEAP:S31,T34,0,1.95,1,1,3,3,unexposed,baseline_relative,train,0.1,0.7290382585936541,0.2709617414063458
DEAP:S31:T37,DEAP:S31,T37,0,1.0,1,1,3,3,unexposed,baseline_relative,train,0.1,0.6995611676437428,0.30043883235625723
DEAP:S31:T38,DEAP:S31,T38,0,1.0,1,1,3,3,unexposed,baseline_relative,train,0.1,0.5668007263285553,0.4331992736714447
DEAP:S32:T02,DEAP:S32,T02,0,4.99,1,1,3,3,unexposed,baseline_relative,train,0.1,0.7119462462170791,0.2880537537829209
DEAP:S32:T03,DEAP:S32,T03,1,8.05,1,1,3,3,unexposed,baseline_relative,train,0.1,0.5252887768512567,0.47471122314874326
DEAP:S32:T06,DEAP:S32,T06,1,5.78,1,1,3,3,unexposed,baseline_relative,train,0.1,0.33323427061170086,0.6667657293882991
DEAP:S32:T11,DEAP:S32,T11,1,8.24,1,1,3,3,unexposed,baseline_relative,train,0.1,0.4840310929116546,0.5159689070883454
DEAP:S32:T14,DEAP:S32,T14,1,7.1,1,1,3,3,unexposed,baseline_relative,train,0.1,0.5693097067993451,0.4306902932006549
DEAP:S32:T16,DEAP:S32,T16,0,3.97,1,1,3,3,unexposed,baseline_relative,train,0.1,0.6177836303362603,0.38221636966373973
DEAP:S32:T17,DEAP:S32,T17,1,6.09,1,1,3,3,unexposed,baseline_relative,train,0.1,0.46869972018174455,0.5313002798182554
DEAP:S32:T20,DEAP:S32,T20,1,6.03,1,1,3,3,unexposed,baseline_relative,train,0.1,0.557908558113585,0.442091441886415
DEAP:S32:T21,DEAP:S32,T21,0,4.12,1,1,3,3,unexposed,baseline_relative,train,0.1,0.7444521695192767,0.2555478304807232
DEAP:S32:T31,DEAP:S32,T31,0,4.17,1,1,3,3,unexposed,baseline_relative,train,0.1,0.3698573115966999,0.6301426884033001
DEAP:S32:T34,DEAP:S32,T34,0,4.05,1,1,3,3,unexposed,baseline_relative,train,0.1,0.6657474542641205,0.3342525457358795
DEAP:S32:T37,DEAP:S32,T37,0,2.81,1,1,3,3,unexposed,baseline_relative,train,0.1,0.6892134778470111,0.31078652215298885
DEAP:S32:T38,DEAP:S32,T38,0,3.05,1,1,3,3,unexposed,baseline_relative,train,0.1,0.6322019895659546,0.36779801043404536
DEAP:S32:T39,DEAP:S32,T39,0,3.99,1,1,3,3,unexposed,baseline_relative,train,0.1,0.5671388706496863,0.4328611293503137
DEAP:S32:T40,DEAP:S32,T40,1,7.15,1,1,3,3,unexposed,baseline_relative,train,0.1,0.4818414912650796,0.5181585087349204
DEAP:S11:T01,DEAP:S11,T01,1,6.27,1,1,3,3,unexposed,baseline_relative,validation_unseen,0.1,0.5505597328488432,0.44944026715115687
DEAP:S11:T08,DEAP:S11,T08,1,6.26,1,1,3,3,unexposed,baseline_relative,validation_unseen,0.1,0.3560113140339799,0.6439886859660201
DEAP:S11:T12,DEAP:S11,T12,1,5.04,1,1,3,3,unexposed,baseline_relative,validation_unseen,0.1,0.5235926401544906,0.47640735984550947
DEAP:S11:T23,DEAP:S11,T23,0,3.72,1,1,3,3,unexposed,baseline_relative,validation_unseen,0.1,0.382363374319873,0.617636625680127
DEAP:S11:T25,DEAP:S11,T25,1,5.01,1,1,3,3,unexposed,baseline_relative,validation_unseen,0.1,0.5237955091582529,0.47620449084174715
DEAP:S11:T26,DEAP:S11,T26,1,5.49,1,1,3,3,unexposed,baseline_relative,validation_unseen,0.1,0.5342828978149519,0.46571710218504814
DEAP:S11:T33,DEAP:S11,T33,1,5.64,1,1,3,3,unexposed,baseline_relative,validation_unseen,0.1,0.3927752011133573,0.6072247988866427
DEAP:S11:T35,DEAP:S11,T35,0,1.23,1,1,3,3,unexposed,baseline_relative,validation_unseen,0.1,0.4287081180881025,0.5712918819118975
DEAP:S12:T01,DEAP:S12,T01,1,7.09,1,1,3,3,unexposed,baseline_relative,validation_unseen,0.1,0.5621227975488783,0.43787720245112177
DEAP:S12:T08,DEAP:S12,T08,1,5.1,1,1,3,3,unexposed,baseline_relative,validation_unseen,0.1,0.509800863749543,0.49019913625045697
DEAP:S12:T12,DEAP:S12,T12,1,6.86,1,1,3,3,unexposed,baseline_relative,validation_unseen,0.1,0.3910866154013264,0.6089133845986736
DEAP:S12:T23,DEAP:S12,T23,0,1.74,1,1,3,3,unexposed,baseline_relative,validation_unseen,0.1,0.597422335296588,0.402577664703412
DEAP:S12:T25,DEAP:S12,T25,0,2.78,1,1,3,3,unexposed,baseline_relative,validation_unseen,0.1,0.5286750459678622,0.4713249540321378
DEAP:S12:T26,DEAP:S12,T26,1,6.08,1,1,3,3,unexposed,baseline_relative,validation_unseen,0.1,0.48557727628842595,0.514422723711574
DEAP:S12:T33,DEAP:S12,T33,0,1.9,1,1,3,3,unexposed,baseline_relative,validation_unseen,0.1,0.5386759650207811,0.4613240349792189
DEAP:S12:T35,DEAP:S12,T35,0,1.22,1,1,3,3,unexposed,baseline_relative,validation_unseen,0.1,0.3324630906802708,0.6675369093197292
DEAP:S14:T01,DEAP:S14,T01,1,8.22,1,1,3,3,unexposed,baseline_relative,validation_unseen,0.1,0.7641704981523564,0.23582950184764365
DEAP:S14:T08,DEAP:S14,T08,1,7.0,1,1,3,3,unexposed,baseline_relative,validation_unseen,0.1,0.40803437716026947,0.5919656228397305
DEAP:S14:T12,DEAP:S14,T12,1,7.63,1,1,3,3,unexposed,baseline_relative,validation_unseen,0.1,0.37775815690920334,0.6222418430907967
DEAP:S14:T23,DEAP:S14,T23,0,2.41,1,1,3,3,unexposed,baseline_relative,validation_unseen,0.1,0.5277536772076867,0.4722463227923132
DEAP:S14:T25,DEAP:S14,T25,0,3.87,1,1,3,3,unexposed,baseline_relative,validation_unseen,0.1,0.606449541740508,0.393550458259492
DEAP:S14:T26,DEAP:S14,T26,0,3.28,1,1,3,3,unexposed,baseline_relative,validation_unseen,0.1,0.35963212924541177,0.6403678707545882
DEAP:S14:T33,DEAP:S14,T33,0,3.18,1,1,3,3,unexposed,baseline_relative,validation_unseen,0.1,0.5045498675575819,0.49545013244241803
DEAP:S14:T35,DEAP:S14,T35,0,2.68,1,1,3,3,unexposed,baseline_relative,validation_unseen,0.1,0.3737058206162386,0.6262941793837614
DEAP:S28:T01,DEAP:S28,T01,1,7.03,1,1,3,3,unexposed,baseline_relative,validation_unseen,0.1,0.04534431433621111,0.9546556856637889
DEAP:S28:T08,DEAP:S28,T08,1,7.01,1,1,3,3,unexposed,baseline_relative,validation_unseen,0.1,0.19349379833282077,0.8065062016671792
DEAP:S28:T12,DEAP:S28,T12,1,6.06,1,1,3,3,unexposed,baseline_relative,validation_unseen,0.1,0.9088607735642663,0.09113922643573366
DEAP:S28:T23,DEAP:S28,T23,0,2.03,1,1,3,3,unexposed,baseline_relative,validation_unseen,0.1,0.35963328163680164,0.6403667183631984
DEAP:S28:T25,DEAP:S28,T25,0,4.06,1,1,3,3,unexposed,baseline_relative,validation_unseen,0.1,0.36327604961423565,0.6367239503857643
DEAP:S28:T26,DEAP:S28,T26,0,1.99,1,1,3,3,unexposed,baseline_relative,validation_unseen,0.1,0.3817358504834516,0.6182641495165484
DEAP:S28:T33,DEAP:S28,T33,1,7.01,1,1,3,3,unexposed,baseline_relative,validation_unseen,0.1,0.132156629066849,0.867843370933151
DEAP:S28:T35,DEAP:S28,T35,0,1.08,1,1,3,3,unexposed,baseline_relative,validation_unseen,0.1,0.3029681216817405,0.6970318783182595
DEAP:S11:T02,DEAP:S11,T02,1,5.67,1,1,3,3,unexposed,baseline_relative,validation_familiar,0.1,0.6657662853226014,0.33423371467739854
DEAP:S11:T03,DEAP:S11,T03,1,7.41,1,1,3,3,unexposed,baseline_relative,validation_familiar,0.1,0.5638275038198752,0.43617249618012477
DEAP:S11:T06,DEAP:S11,T06,1,5.32,1,1,3,3,unexposed,baseline_relative,validation_familiar,0.1,0.3586280682448332,0.6413719317551668
DEAP:S11:T10,DEAP:S11,T10,1,6.53,1,1,3,3,unexposed,baseline_relative,validation_familiar,0.1,0.3214871381316925,0.6785128618683075
DEAP:S11:T11,DEAP:S11,T11,1,7.32,1,1,3,3,unexposed,baseline_relative,validation_familiar,0.1,0.4371552691734417,0.5628447308265583
DEAP:S11:T14,DEAP:S11,T14,1,7.96,1,1,3,3,unexposed,baseline_relative,validation_familiar,0.1,0.35056770870154175,0.6494322912984583
DEAP:S11:T16,DEAP:S11,T16,0,4.35,1,1,3,3,unexposed,baseline_relative,validation_familiar,0.1,0.49010385060479256,0.5098961493952074
DEAP:S11:T17,DEAP:S11,T17,1,8.32,1,1,3,3,unexposed,baseline_relative,validation_familiar,0.1,0.5489006906054634,0.4510993093945365
DEAP:S11:T20,DEAP:S11,T20,1,6.0,1,1,3,3,unexposed,baseline_relative,validation_familiar,0.1,0.5003355383594459,0.4996644616405541
DEAP:S11:T21,DEAP:S11,T21,0,3.27,1,1,3,3,unexposed,baseline_relative,validation_familiar,0.1,0.5173383556782584,0.48266164432174163
DEAP:S11:T31,DEAP:S11,T31,0,1.83,1,1,3,3,unexposed,baseline_relative,validation_familiar,0.1,0.4637388576706821,0.5362611423293179
DEAP:S11:T34,DEAP:S11,T34,0,4.88,1,1,3,3,unexposed,baseline_relative,validation_familiar,0.1,0.3974267418342389,0.6025732581657611
DEAP:S11:T37,DEAP:S11,T37,0,1.47,1,1,3,3,unexposed,baseline_relative,validation_familiar,0.1,0.3464030652292929,0.6535969347707071
DEAP:S11:T38,DEAP:S11,T38,0,1.35,1,1,3,3,unexposed,baseline_relative,validation_familiar,0.1,0.4634748752107396,0.5365251247892604
DEAP:S11:T39,DEAP:S11,T39,0,1.0,1,1,3,3,unexposed,baseline_relative,validation_familiar,0.1,0.543428511174852,0.45657148882514803
DEAP:S11:T40,DEAP:S11,T40,0,4.95,1,1,3,3,unexposed,baseline_relative,validation_familiar,0.1,0.5062294354908431,0.4937705645091569
DEAP:S12:T02,DEAP:S12,T02,1,6.09,1,1,3,3,unexposed,baseline_relative,validation_familiar,0.1,0.8168917630535689,0.1831082369464311
DEAP:S12:T03,DEAP:S12,T03,1,7.33,1,1,3,3,unexposed,baseline_relative,validation_familiar,0.1,0.6117977394500418,0.38820226054995827
DEAP:S12:T06,DEAP:S12,T06,1,6.65,1,1,3,3,unexposed,baseline_relative,validation_familiar,0.1,0.3967036998862217,0.6032963001137783
DEAP:S12:T10,DEAP:S12,T10,0,4.06,1,1,3,3,unexposed,baseline_relative,validation_familiar,0.1,0.5078126323466673,0.4921873676533327
DEAP:S12:T11,DEAP:S12,T11,1,7.78,1,1,3,3,unexposed,baseline_relative,validation_familiar,0.1,0.47813197877220603,0.521868021227794
DEAP:S12:T14,DEAP:S12,T14,1,8.15,1,1,3,3,unexposed,baseline_relative,validation_familiar,0.1,0.5366492219631838,0.4633507780368162
DEAP:S12:T16,DEAP:S12,T16,1,5.04,1,1,3,3,unexposed,baseline_relative,validation_familiar,0.1,0.5539469703621203,0.4460530296378798
DEAP:S12:T17,DEAP:S12,T17,0,4.86,1,1,3,3,unexposed,baseline_relative,validation_familiar,0.1,0.510030851348476,0.48996914865152397
DEAP:S12:T20,DEAP:S12,T20,1,7.35,1,1,3,3,unexposed,baseline_relative,validation_familiar,0.1,0.6065450322258248,0.39345496777417516
DEAP:S12:T21,DEAP:S12,T21,0,2.13,1,1,3,3,unexposed,baseline_relative,validation_familiar,0.1,0.35944947802712035,0.6405505219728796
DEAP:S12:T31,DEAP:S12,T31,0,3.18,1,1,3,3,unexposed,baseline_relative,validation_familiar,0.1,0.550289515430636,0.44971048456936397
DEAP:S12:T34,DEAP:S12,T34,0,4.87,1,1,3,3,unexposed,baseline_relative,validation_familiar,0.1,0.5071924704086397,0.49280752959136037
DEAP:S12:T37,DEAP:S12,T37,0,1.0,1,1,3,3,unexposed,baseline_relative,validation_familiar,0.1,0.6108587334511362,0.3891412665488639
DEAP:S12:T38,DEAP:S12,T38,0,2.85,1,1,3,3,unexposed,baseline_relative,validation_familiar,0.1,0.5754343021554705,0.42456569784452947
DEAP:S12:T39,DEAP:S12,T39,0,3.18,1,1,3,3,unexposed,baseline_relative,validation_familiar,0.1,0.560117777946906,0.439882222053094
DEAP:S12:T40,DEAP:S12,T40,1,6.81,1,1,3,3,unexposed,baseline_relative,validation_familiar,0.1,0.5882525759478527,0.4117474240521473
DEAP:S14:T02,DEAP:S14,T02,1,6.05,1,1,3,3,unexposed,baseline_relative,validation_familiar,0.1,0.610976011554351,0.38902398844564906
DEAP:S14:T03,DEAP:S14,T03,1,7.5,1,1,3,3,unexposed,baseline_relative,validation_familiar,0.1,0.7981745567067582,0.20182544329324179
DEAP:S14:T06,DEAP:S14,T06,1,7.19,1,1,3,3,unexposed,baseline_relative,validation_familiar,0.1,0.5858329655935419,0.4141670344064581
DEAP:S14:T10,DEAP:S14,T10,0,1.88,1,1,3,3,unexposed,baseline_relative,validation_familiar,0.1,0.4256383236226301,0.5743616763773699
DEAP:S14:T11,DEAP:S14,T11,1,8.03,1,1,3,3,unexposed,baseline_relative,validation_familiar,0.1,0.6756442915679072,0.3243557084320928
DEAP:S14:T14,DEAP:S14,T14,1,8.03,1,1,3,3,unexposed,baseline_relative,validation_familiar,0.1,0.3184160948005975,0.6815839051994025
DEAP:S14:T16,DEAP:S14,T16,0,3.96,1,1,3,3,unexposed,baseline_relative,validation_familiar,0.1,0.39663583044855955,0.6033641695514405
DEAP:S14:T17,DEAP:S14,T17,1,6.06,1,1,3,3,unexposed,baseline_relative,validation_familiar,0.1,0.4391391110612153,0.5608608889387847
DEAP:S14:T20,DEAP:S14,T20,1,7.33,1,1,3,3,unexposed,baseline_relative,validation_familiar,0.1,0.4090364261750421,0.5909635738249579
DEAP:S14:T21,DEAP:S14,T21,0,1.03,1,1,3,3,unexposed,baseline_relative,validation_familiar,0.1,0.4932818296043464,0.5067181703956536
DEAP:S14:T31,DEAP:S14,T31,0,3.26,1,1,3,3,unexposed,baseline_relative,validation_familiar,0.1,0.29971779757634487,0.7002822024236551
DEAP:S14:T34,DEAP:S14,T34,0,2.5,1,1,3,3,unexposed,baseline_relative,validation_familiar,0.1,0.5068430600039294,0.4931569399960706
DEAP:S14:T37,DEAP:S14,T37,0,3.47,1,1,3,3,unexposed,baseline_relative,validation_familiar,0.1,0.5219879206306004,0.47801207936939966
DEAP:S14:T38,DEAP:S14,T38,0,2.26,1,1,3,3,unexposed,baseline_relative,validation_familiar,0.1,0.4375965405617278,0.5624034594382722
DEAP:S14:T39,DEAP:S14,T39,1,6.65,1,1,3,3,unexposed,baseline_relative,validation_familiar,0.1,0.44251488182500676,0.5574851181749932
DEAP:S14:T40,DEAP:S14,T40,1,6.68,1,1,3,3,unexposed,baseline_relative,validation_familiar,0.1,0.7382632589319849,0.2617367410680151
DEAP:S28:T02,DEAP:S28,T02,1,7.99,1,1,3,3,unexposed,baseline_relative,validation_familiar,0.1,0.48300370335465415,0.5169962966453459
DEAP:S28:T03,DEAP:S28,T03,1,9.0,1,1,3,3,unexposed,baseline_relative,validation_familiar,0.1,0.2488739974405405,0.7511260025594595
DEAP:S28:T06,DEAP:S28,T06,1,8.15,1,1,3,3,unexposed,baseline_relative,validation_familiar,0.1,0.8359248441614161,0.16407515583858387
DEAP:S28:T10,DEAP:S28,T10,1,7.99,1,1,3,3,unexposed,baseline_relative,validation_familiar,0.1,0.20232300336150943,0.7976769966384906
DEAP:S28:T11,DEAP:S28,T11,1,7.01,1,1,3,3,unexposed,baseline_relative,validation_familiar,0.1,0.18447804222289454,0.8155219577771055
DEAP:S28:T14,DEAP:S28,T14,1,8.03,1,1,3,3,unexposed,baseline_relative,validation_familiar,0.1,0.32004289958106047,0.6799571004189395
DEAP:S28:T16,DEAP:S28,T16,1,6.91,1,1,3,3,unexposed,baseline_relative,validation_familiar,0.1,0.22780480043869222,0.7721951995613078
DEAP:S28:T17,DEAP:S28,T17,1,6.99,1,1,3,3,unexposed,baseline_relative,validation_familiar,0.1,0.4689603108848259,0.5310396891151741
DEAP:S28:T20,DEAP:S28,T20,1,8.04,1,1,3,3,unexposed,baseline_relative,validation_familiar,0.1,0.3493720607175649,0.6506279392824351
DEAP:S28:T21,DEAP:S28,T21,0,2.01,1,1,3,3,unexposed,baseline_relative,validation_familiar,0.1,0.23287052209581427,0.7671294779041857
DEAP:S28:T31,DEAP:S28,T31,1,6.91,1,1,3,3,unexposed,baseline_relative,validation_familiar,0.1,0.2349186731102405,0.7650813268897595
DEAP:S28:T34,DEAP:S28,T34,1,5.99,1,1,3,3,unexposed,baseline_relative,validation_familiar,0.1,0.26282867691451406,0.7371713230854859
DEAP:S28:T37,DEAP:S28,T37,0,1.01,1,1,3,3,unexposed,baseline_relative,validation_familiar,0.1,0.3949159675048405,0.6050840324951595
DEAP:S28:T38,DEAP:S28,T38,0,1.96,1,1,3,3,unexposed,baseline_relative,validation_familiar,0.1,0.415726950681763,0.584273049318237
DEAP:S28:T39,DEAP:S28,T39,0,1.04,1,1,3,3,unexposed,baseline_relative,validation_familiar,0.1,0.17756393783364322,0.8224360621663568
DEAP:S28:T40,DEAP:S28,T40,1,7.1,1,1,3,3,unexposed,baseline_relative,validation_familiar,0.1,0.3227476307789914,0.6772523692210086
DEAP:S01:T02,DEAP:S01,T02,1,8.1,1,1,3,3,unexposed,baseline_relative,train,1.0,0.26838514866822005,0.73161485133178
DEAP:S01:T03,DEAP:S01,T03,1,8.58,1,1,3,3,unexposed,baseline_relative,train,1.0,0.5878949969908618,0.41210500300913816
DEAP:S01:T10,DEAP:S01,T10,0,1.99,1,1,3,3,unexposed,baseline_relative,train,1.0,0.8941553526994644,0.1058446473005356
DEAP:S01:T11,DEAP:S01,T11,0,2.99,1,1,3,3,unexposed,baseline_relative,train,1.0,0.7618766270957944,0.23812337290420565
DEAP:S01:T14,DEAP:S01,T14,0,4.18,1,1,3,3,unexposed,baseline_relative,train,1.0,0.5332578516734399,0.46674214832656014
DEAP:S01:T16,DEAP:S01,T16,1,6.81,1,1,3,3,unexposed,baseline_relative,train,1.0,0.30826959916707686,0.6917304008329231
DEAP:S01:T17,DEAP:S01,T17,0,2.46,1,1,3,3,unexposed,baseline_relative,train,1.0,0.47243813808650825,0.5275618619134917
DEAP:S01:T20,DEAP:S01,T20,1,8.26,1,1,3,3,unexposed,baseline_relative,train,1.0,0.06129467299449376,0.9387053270055062
DEAP:S01:T21,DEAP:S01,T21,1,9.0,1,1,3,3,unexposed,baseline_relative,train,1.0,0.6267403577163454,0.3732596422836546
DEAP:S01:T31,DEAP:S01,T31,0,3.03,1,1,3,3,unexposed,baseline_relative,train,1.0,0.5962786833885065,0.40372131661149346
DEAP:S01:T34,DEAP:S01,T34,0,2.28,1,1,3,3,unexposed,baseline_relative,train,1.0,0.9057209464217193,0.09427905357828074
DEAP:S01:T37,DEAP:S01,T37,0,2.31,1,1,3,3,unexposed,baseline_relative,train,1.0,0.5186688850413348,0.4813311149586652
DEAP:S01:T38,DEAP:S01,T38,0,3.33,1,1,3,3,unexposed,baseline_relative,train,1.0,0.696967987237072,0.30303201276292796
DEAP:S01:T39,DEAP:S01,T39,0,3.24,1,1,3,3,unexposed,baseline_relative,train,1.0,0.8199493702944817,0.18005062970551836
DEAP:S01:T40,DEAP:S01,T40,1,5.1,1,1,3,3,unexposed,baseline_relative,train,1.0,0.5863762571460825,0.41362374285391745
DEAP:S02:T02,DEAP:S02,T02,1,8.01,1,1,3,3,unexposed,baseline_relative,train,1.0,0.14250520000030076,0.8574947999996992
DEAP:S02:T03,DEAP:S02,T03,1,9.0,1,1,3,3,unexposed,baseline_relative,train,1.0,0.6050483133706314,0.39495168662936864
DEAP:S02:T10,DEAP:S02,T10,0,4.99,1,1,3,3,unexposed,baseline_relative,train,1.0,0.5189501634846085,0.48104983651539146
DEAP:S02:T11,DEAP:S02,T11,1,7.08,1,1,3,3,unexposed,baseline_relative,train,1.0,0.19869674718633734,0.8013032528136627
DEAP:S02:T14,DEAP:S02,T14,1,8.94,1,1,3,3,unexposed,baseline_relative,train,1.0,0.42906256620676675,0.5709374337932333
DEAP:S02:T17,DEAP:S02,T17,1,9.0,1,1,3,3,unexposed,baseline_relative,train,1.0,0.3539699518210234,0.6460300481789766
DEAP:S02:T20,DEAP:S02,T20,1,8.97,1,1,3,3,unexposed,baseline_relative,train,1.0,0.7700798721386383,0.22992012786136176
DEAP:S02:T21,DEAP:S02,T21,0,1.0,1,1,3,3,unexposed,baseline_relative,train,1.0,0.7530604696699799,0.24693953033002017
DEAP:S02:T31,DEAP:S02,T31,0,4.06,1,1,3,3,unexposed,baseline_relative,train,1.0,0.637034663758368,0.36296533624163196
DEAP:S02:T34,DEAP:S02,T34,0,4.87,1,1,3,3,unexposed,baseline_relative,train,1.0,0.9353715004763753,0.06462849952362468
DEAP:S02:T37,DEAP:S02,T37,0,1.0,1,1,3,3,unexposed,baseline_relative,train,1.0,0.9501657956981772,0.04983420430182282
DEAP:S02:T38,DEAP:S02,T38,0,1.0,1,1,3,3,unexposed,baseline_relative,train,1.0,0.6899832205062867,0.3100167794937133
DEAP:S02:T39,DEAP:S02,T39,0,1.0,1,1,3,3,unexposed,baseline_relative,train,1.0,0.45386687283176075,0.5461331271682393
DEAP:S02:T40,DEAP:S02,T40,1,6.05,1,1,3,3,unexposed,baseline_relative,train,1.0,0.2841271734133728,0.7158728265866272
DEAP:S03:T02,DEAP:S03,T02,1,7.21,1,1,3,3,unexposed,baseline_relative,train,1.0,0.5432053327351767,0.4567946672648233
DEAP:S03:T03,DEAP:S03,T03,1,7.55,1,1,3,3,unexposed,baseline_relative,train,1.0,0.22901440114102944,0.7709855988589706
DEAP:S03:T06,DEAP:S03,T06,1,6.79,1,1,3,3,unexposed,baseline_relative,train,1.0,0.6216881562996228,0.3783118437003772
DEAP:S03:T10,DEAP:S03,T10,0,4.45,1,1,3,3,unexposed,baseline_relative,train,1.0,0.5170828974077555,0.4829171025922446
DEAP:S03:T11,DEAP:S03,T11,1,7.94,1,1,3,3,unexposed,baseline_relative,train,1.0,0.3187549395354057,0.6812450604645943
DEAP:S03:T14,DEAP:S03,T14,1,7.29,1,1,3,3,unexposed,baseline_relative,train,1.0,0.3005293718413019,0.6994706281586981
DEAP:S03:T16,DEAP:S03,T16,1,7.15,1,1,3,3,unexposed,baseline_relative,train,1.0,0.24089840761545112,0.7591015923845489
DEAP:S03:T17,DEAP:S03,T17,0,4.56,1,1,3,3,unexposed,baseline_relative,train,1.0,0.7299719917848284,0.27002800821517153
DEAP:S03:T20,DEAP:S03,T20,1,6.26,1,1,3,3,unexposed,baseline_relative,train,1.0,0.4262601593892703,0.5737398406107297
DEAP:S03:T21,DEAP:S03,T21,0,4.99,1,1,3,3,unexposed,baseline_relative,train,1.0,0.611134320840478,0.388865679159522
DEAP:S03:T31,DEAP:S03,T31,0,4.44,1,1,3,3,unexposed,baseline_relative,train,1.0,0.46119922931401436,0.5388007706859856
DEAP:S03:T37,DEAP:S03,T37,0,4.92,1,1,3,3,unexposed,baseline_relative,train,1.0,0.5181778800943818,0.4818221199056182
DEAP:S03:T38,DEAP:S03,T38,0,4.53,1,1,3,3,unexposed,baseline_relative,train,1.0,0.5153046874442002,0.48469531255579984
DEAP:S03:T39,DEAP:S03,T39,0,4.33,1,1,3,3,unexposed,baseline_relative,train,1.0,0.5429417690363274,0.4570582309636726
DEAP:S03:T40,DEAP:S03,T40,1,5.38,1,1,3,3,unexposed,baseline_relative,train,1.0,0.3873817567293383,0.6126182432706617
DEAP:S04:T02,DEAP:S04,T02,0,4.06,1,1,3,3,unexposed,baseline_relative,train,1.0,0.40476209706354993,0.5952379029364501
DEAP:S04:T03,DEAP:S04,T03,1,8.95,1,1,3,3,unexposed,baseline_relative,train,1.0,0.19661471328150637,0.8033852867184936
DEAP:S04:T06,DEAP:S04,T06,1,5.01,1,1,3,3,unexposed,baseline_relative,train,1.0,0.745691292936884,0.2543087070631161
DEAP:S04:T10,DEAP:S04,T10,0,3.15,1,1,3,3,unexposed,baseline_relative,train,1.0,0.4952261718193647,0.5047738281806353
DEAP:S04:T11,DEAP:S04,T11,1,7.24,1,1,3,3,unexposed,baseline_relative,train,1.0,0.4199066566319708,0.5800933433680292
DEAP:S04:T14,DEAP:S04,T14,1,6.96,1,1,3,3,unexposed,baseline_relative,train,1.0,0.24072283781266213,0.7592771621873379
DEAP:S04:T16,DEAP:S04,T16,0,2.51,1,1,3,3,unexposed,baseline_relative,train,1.0,0.7072563421469018,0.29274365785309825
DEAP:S04:T17,DEAP:S04,T17,1,7.01,1,1,3,3,unexposed,baseline_relative,train,1.0,0.8161213653936015,0.18387863460639858
DEAP:S04:T20,DEAP:S04,T20,1,8.17,1,1,3,3,unexposed,baseline_relative,train,1.0,0.3103099150528531,0.6896900849471469
DEAP:S04:T21,DEAP:S04,T21,0,1.77,1,1,3,3,unexposed,baseline_relative,train,1.0,0.7262152790094122,0.2737847209905878
DEAP:S04:T31,DEAP:S04,T31,0,2.01,1,1,3,3,unexposed,baseline_relative,train,1.0,0.6903773626579359,0.309622637342064
DEAP:S04:T34,DEAP:S04,T34,0,2.17,1,1,3,3,unexposed,baseline_relative,train,1.0,0.9541632892821185,0.045836710717881535
DEAP:S04:T37,DEAP:S04,T37,0,1.0,1,1,3,3,unexposed,baseline_relative,train,1.0,0.8810253378410122,0.11897466215898783
DEAP:S04:T38,DEAP:S04,T38,0,1.79,1,1,3,3,unexposed,baseline_relative,train,1.0,0.7455863868839467,0.2544136131160532
DEAP:S04:T39,DEAP:S04,T39,0,1.92,1,1,3,3,unexposed,baseline_relative,train,1.0,0.46670599529484535,0.5332940047051546
DEAP:S04:T40,DEAP:S04,T40,0,1.86,1,1,3,3,unexposed,baseline_relative,train,1.0,0.8848805258338697,0.11511947416613029
DEAP:S05:T02,DEAP:S05,T02,1,9.0,1,1,3,3,unexposed,baseline_relative,train,1.0,0.2451527368007973,0.7548472631992027
DEAP:S05:T03,DEAP:S05,T03,0,4.95,1,1,3,3,unexposed,baseline_relative,train,1.0,0.7384396053549862,0.26156039464501385
DEAP:S05:T06,DEAP:S05,T06,1,8.09,1,1,3,3,unexposed,baseline_relative,train,1.0,0.18689768047426802,0.813102319525732
DEAP:S05:T10,DEAP:S05,T10,0,3.03,1,1,3,3,unexposed,baseline_relative,train,1.0,0.7136818763306736,0.2863181236693264
DEAP:S05:T11,DEAP:S05,T11,1,9.0,1,1,3,3,unexposed,baseline_relative,train,1.0,0.5562217655562268,0.4437782344437732
DEAP:S05:T16,DEAP:S05,T16,1,5.96,1,1,3,3,unexposed,baseline_relative,train,1.0,0.1761004060625958,0.8238995939374042
DEAP:S05:T17,DEAP:S05,T17,1,6.88,1,1,3,3,unexposed,baseline_relative,train,1.0,0.12439560134107996,0.87560439865892
DEAP:S05:T21,DEAP:S05,T21,0,4.0,1,1,3,3,unexposed,baseline_relative,train,1.0,0.5776194088584757,0.42238059114152426
DEAP:S05:T34,DEAP:S05,T34,1,6.03,1,1,3,3,unexposed,baseline_relative,train,1.0,0.05327169289494038,0.9467283071050596
DEAP:S05:T37,DEAP:S05,T37,0,1.91,1,1,3,3,unexposed,baseline_relative,train,1.0,0.9570357535363391,0.04296424646366095
DEAP:S05:T38,DEAP:S05,T38,0,1.0,1,1,3,3,unexposed,baseline_relative,train,1.0,0.8592286716387726,0.14077132836122744
DEAP:S05:T39,DEAP:S05,T39,0,1.0,1,1,3,3,unexposed,baseline_relative,train,1.0,0.5921655665685873,0.4078344334314127
DEAP:S05:T40,DEAP:S05,T40,1,7.0,1,1,3,3,unexposed,baseline_relative,train,1.0,0.29545774528247304,0.704542254717527
DEAP:S06:T02,DEAP:S06,T02,1,6.83,1,1,3,3,unexposed,baseline_relative,train,1.0,0.19615441908870002,0.8038455809113
DEAP:S06:T03,DEAP:S06,T03,1,7.69,1,1,3,3,unexposed,baseline_relative,train,1.0,0.11768578551368813,0.8823142144863119
DEAP:S06:T06,DEAP:S06,T06,1,8.05,1,1,3,3,unexposed,baseline_relative,train,1.0,0.6910749570488165,0.3089250429511835
DEAP:S06:T10,DEAP:S06,T10,1,7.37,1,1,3,3,unexposed,baseline_relative,train,1.0,0.15598202342263146,0.8440179765773685
DEAP:S06:T14,DEAP:S06,T14,1,6.32,1,1,3,3,unexposed,baseline_relative,train,1.0,0.032356359338663654,0.9676436406613363
DEAP:S06:T16,DEAP:S06,T16,1,5.06,1,1,3,3,unexposed,baseline_relative,train,1.0,0.3657238439648358,0.6342761560351642
DEAP:S06:T17,DEAP:S06,T17,1,6.72,1,1,3,3,unexposed,baseline_relative,train,1.0,0.15296304324097199,0.847036956759028
DEAP:S06:T20,DEAP:S06,T20,1,5.01,1,1,3,3,unexposed,baseline_relative,train,1.0,0.7119941207625454,0.2880058792374546
DEAP:S06:T21,DEAP:S06,T21,1,6.28,1,1,3,3,unexposed,baseline_relative,train,1.0,0.4405123834411542,0.5594876165588458
DEAP:S06:T37,DEAP:S06,T37,0,4.83,1,1,3,3,unexposed,baseline_relative,train,1.0,0.9022593626804507,0.09774063731954931
DEAP:S06:T38,DEAP:S06,T38,0,4.44,1,1,3,3,unexposed,baseline_relative,train,1.0,0.6495703430685504,0.3504296569314495
DEAP:S06:T39,DEAP:S06,T39,1,6.56,1,1,3,3,unexposed,baseline_relative,train,1.0,0.20321689190599612,0.7967831080940039
DEAP:S06:T40,DEAP:S06,T40,0,4.85,1,1,3,3,unexposed,baseline_relative,train,1.0,0.7463500961734633,0.25364990382653674
DEAP:S07:T02,DEAP:S07,T02,1,7.15,1,1,3,3,unexposed,baseline_relative,train,1.0,0.46359702397788394,0.5364029760221161
DEAP:S07:T06,DEAP:S07,T06,1,6.97,1,1,3,3,unexposed,baseline_relative,train,1.0,0.3349527185824891,0.6650472814175109
DEAP:S07:T10,DEAP:S07,T10,1,7.09,1,1,3,3,unexposed,baseline_relative,train,1.0,0.3168781539059832,0.6831218460940168
DEAP:S07:T11,DEAP:S07,T11,1,7.03,1,1,3,3,unexposed,baseline_relative,train,1.0,0.40966245391400236,0.5903375460859976
DEAP:S07:T14,DEAP:S07,T14,1,7.09,1,1,3,3,unexposed,baseline_relative,train,1.0,0.40645916399725657,0.5935408360027434
DEAP:S07:T16,DEAP:S07,T16,0,3.03,1,1,3,3,unexposed,baseline_relative,train,1.0,0.9197638117978105,0.08023618820218952
DEAP:S07:T17,DEAP:S07,T17,1,7.12,1,1,3,3,unexposed,baseline_relative,train,1.0,0.2848097907431183,0.7151902092568817
DEAP:S07:T20,DEAP:S07,T20,1,8.06,1,1,3,3,unexposed,baseline_relative,train,1.0,0.3916064000419821,0.6083935999580179
DEAP:S07:T21,DEAP:S07,T21,0,3.12,1,1,3,3,unexposed,baseline_relative,train,1.0,0.1711132634533442,0.8288867365466558
DEAP:S07:T31,DEAP:S07,T31,1,6.96,1,1,3,3,unexposed,baseline_relative,train,1.0,0.44849811405351114,0.5515018859464889
DEAP:S07:T34,DEAP:S07,T34,0,4.01,1,1,3,3,unexposed,baseline_relative,train,1.0,0.7988010829246269,0.20119891707537305
DEAP:S07:T37,DEAP:S07,T37,1,5.05,1,1,3,3,unexposed,baseline_relative,train,1.0,0.35946109807227056,0.6405389019277294
DEAP:S07:T38,DEAP:S07,T38,1,5.03,1,1,3,3,unexposed,baseline_relative,train,1.0,0.008833642315669299,0.9911663576843307
DEAP:S07:T39,DEAP:S07,T39,1,7.01,1,1,3,3,unexposed,baseline_relative,train,1.0,0.0679939798107444,0.9320060201892556
DEAP:S07:T40,DEAP:S07,T40,1,7.01,1,1,3,3,unexposed,baseline_relative,train,1.0,0.0865676804072042,0.9134323195927958
DEAP:S08:T02,DEAP:S08,T02,1,5.04,1,1,3,3,unexposed,baseline_relative,train,1.0,0.3279047189188591,0.6720952810811409
DEAP:S08:T03,DEAP:S08,T03,1,8.15,1,1,3,3,unexposed,baseline_relative,train,1.0,0.002349738827110426,0.9976502611728896
DEAP:S08:T06,DEAP:S08,T06,1,7.4,1,1,3,3,unexposed,baseline_relative,train,1.0,0.6560045553491655,0.34399544465083454
DEAP:S08:T10,DEAP:S08,T10,0,4.97,1,1,3,3,unexposed,baseline_relative,train,1.0,0.37376746249095694,0.6262325375090431
DEAP:S08:T11,DEAP:S08,T11,1,8.41,1,1,3,3,unexposed,baseline_relative,train,1.0,0.41728899459175073,0.5827110054082493
DEAP:S08:T16,DEAP:S08,T16,0,4.21,1,1,3,3,unexposed,baseline_relative,train,1.0,0.7411447126647986,0.25885528733520136
DEAP:S08:T17,DEAP:S08,T17,1,6.67,1,1,3,3,unexposed,baseline_relative,train,1.0,0.06095891315247781,0.9390410868475222
DEAP:S08:T20,DEAP:S08,T20,1,6.74,1,1,3,3,unexposed,baseline_relative,train,1.0,0.14744676354860498,0.852553236451395
DEAP:S08:T21,DEAP:S08,T21,0,4.68,1,1,3,3,unexposed,baseline_relative,train,1.0,0.6931137087476639,0.30688629125233613
DEAP:S08:T31,DEAP:S08,T31,0,1.45,1,1,3,3,unexposed,baseline_relative,train,1.0,0.6912372667310831,0.30876273326891684
DEAP:S08:T34,DEAP:S08,T34,1,5.05,1,1,3,3,unexposed,baseline_relative,train,1.0,0.043228752066434395,0.9567712479335656
DEAP:S08:T37,DEAP:S08,T37,1,5.06,1,1,3,3,unexposed,baseline_relative,train,1.0,0.3457144293055271,0.6542855706944729
DEAP:S08:T38,DEAP:S08,T38,0,4.72,1,1,3,3,unexposed,baseline_relative,train,1.0,0.8816266562281336,0.11837334377186642
DEAP:S08:T39,DEAP:S08,T39,1,5.05,1,1,3,3,unexposed,baseline_relative,train,1.0,0.12912772200528722,0.8708722779947128
DEAP:S08:T40,DEAP:S08,T40,0,3.13,1,1,3,3,unexposed,baseline_relative,train,1.0,0.7970352121373458,0.20296478786265415
DEAP:S10:T02,DEAP:S10,T02,0,3.55,1,1,3,3,unexposed,baseline_relative,train,1.0,0.9021722271952887,0.09782777280471135
DEAP:S10:T03,DEAP:S10,T03,1,5.86,1,1,3,3,unexposed,baseline_relative,train,1.0,0.38376041706250297,0.616239582937497
DEAP:S10:T06,DEAP:S10,T06,1,7.1,1,1,3,3,unexposed,baseline_relative,train,1.0,0.569136257809362,0.43086374219063805
DEAP:S10:T10,DEAP:S10,T10,1,5.94,1,1,3,3,unexposed,baseline_relative,train,1.0,0.21383071057083858,0.7861692894291614
DEAP:S10:T11,DEAP:S10,T11,1,8.99,1,1,3,3,unexposed,baseline_relative,train,1.0,0.31142313493416063,0.6885768650658394
DEAP:S10:T14,DEAP:S10,T14,1,8.81,1,1,3,3,unexposed,baseline_relative,train,1.0,0.1275865671001566,0.8724134328998434
DEAP:S10:T16,DEAP:S10,T16,0,3.85,1,1,3,3,unexposed,baseline_relative,train,1.0,0.9524739077861306,0.04752609221386937
DEAP:S10:T17,DEAP:S10,T17,0,4.95,1,1,3,3,unexposed,baseline_relative,train,1.0,0.5481671758864907,0.45183282411350933
DEAP:S10:T20,DEAP:S10,T20,1,5.58,1,1,3,3,unexposed,baseline_relative,train,1.0,0.33547433266282045,0.6645256673371795
DEAP:S10:T21,DEAP:S10,T21,0,2.97,1,1,3,3,unexposed,baseline_relative,train,1.0,0.8874317660444212,0.11256823395557879
DEAP:S10:T31,DEAP:S10,T31,0,4.15,1,1,3,3,unexposed,baseline_relative,train,1.0,0.8183251531579676,0.18167484684203242
DEAP:S10:T34,DEAP:S10,T34,0,3.91,1,1,3,3,unexposed,baseline_relative,train,1.0,0.654525799422514,0.345474200577486
DEAP:S10:T37,DEAP:S10,T37,0,2.92,1,1,3,3,unexposed,baseline_relative,train,1.0,0.5419577576175753,0.45804224238242475
DEAP:S10:T38,DEAP:S10,T38,0,1.91,1,1,3,3,unexposed,baseline_relative,train,1.0,0.3732019916567656,0.6267980083432344
DEAP:S10:T39,DEAP:S10,T39,0,2.17,1,1,3,3,unexposed,baseline_relative,train,1.0,0.8929925820562925,0.10700741794370748
DEAP:S10:T40,DEAP:S10,T40,1,5.78,1,1,3,3,unexposed,baseline_relative,train,1.0,0.8942420951790778,0.10575790482092222
DEAP:S13:T02,DEAP:S13,T02,0,4.03,1,1,3,3,unexposed,baseline_relative,train,1.0,0.3214951004108896,0.6785048995891104
DEAP:S13:T03,DEAP:S13,T03,1,9.0,1,1,3,3,unexposed,baseline_relative,train,1.0,0.23366308780894718,0.7663369121910528
DEAP:S13:T06,DEAP:S13,T06,0,4.46,1,1,3,3,unexposed,baseline_relative,train,1.0,0.4148978186255694,0.5851021813744306
DEAP:S13:T10,DEAP:S13,T10,0,4.01,1,1,3,3,unexposed,baseline_relative,train,1.0,0.8378263857039815,0.16217361429601848
DEAP:S13:T11,DEAP:S13,T11,1,7.04,1,1,3,3,unexposed,baseline_relative,train,1.0,0.7480515113103345,0.25194848868966546
DEAP:S13:T14,DEAP:S13,T14,1,7.97,1,1,3,3,unexposed,baseline_relative,train,1.0,0.5733510986005956,0.42664890139940437
DEAP:S13:T17,DEAP:S13,T17,1,5.99,1,1,3,3,unexposed,baseline_relative,train,1.0,0.6986023989673202,0.3013976010326797
DEAP:S13:T20,DEAP:S13,T20,1,7.6,1,1,3,3,unexposed,baseline_relative,train,1.0,0.4920988099695268,0.5079011900304732
DEAP:S13:T21,DEAP:S13,T21,0,2.0,1,1,3,3,unexposed,baseline_relative,train,1.0,0.6899579416863448,0.31004205831365517
DEAP:S13:T31,DEAP:S13,T31,0,1.97,1,1,3,3,unexposed,baseline_relative,train,1.0,0.1840128698480633,0.8159871301519367
DEAP:S13:T34,DEAP:S13,T34,0,2.92,1,1,3,3,unexposed,baseline_relative,train,1.0,0.5193634921028172,0.48063650789718276
DEAP:S13:T37,DEAP:S13,T37,0,1.0,1,1,3,3,unexposed,baseline_relative,train,1.0,0.691892689889255,0.308107310110745
DEAP:S13:T39,DEAP:S13,T39,0,1.97,1,1,3,3,unexposed,baseline_relative,train,1.0,0.4906390048636734,0.5093609951363266
DEAP:S13:T40,DEAP:S13,T40,0,4.08,1,1,3,3,unexposed,baseline_relative,train,1.0,0.4373353025207326,0.5626646974792674
DEAP:S15:T02,DEAP:S15,T02,1,5.04,1,1,3,3,unexposed,baseline_relative,train,1.0,0.2245731274732321,0.7754268725267679
DEAP:S15:T03,DEAP:S15,T03,1,8.04,1,1,3,3,unexposed,baseline_relative,train,1.0,0.4328362313532098,0.5671637686467902
DEAP:S15:T06,DEAP:S15,T06,1,9.0,1,1,3,3,unexposed,baseline_relative,train,1.0,0.20303971475215032,0.7969602852478497
DEAP:S15:T10,DEAP:S15,T10,0,4.99,1,1,3,3,unexposed,baseline_relative,train,1.0,0.7218399946802625,0.2781600053197375
DEAP:S15:T11,DEAP:S15,T11,1,8.99,1,1,3,3,unexposed,baseline_relative,train,1.0,0.25351433306228766,0.7464856669377123
DEAP:S15:T14,DEAP:S15,T14,1,8.15,1,1,3,3,unexposed,baseline_relative,train,1.0,0.4060938116990991,0.5939061883009009
DEAP:S15:T16,DEAP:S15,T16,0,4.17,1,1,3,3,unexposed,baseline_relative,train,1.0,0.7125593776586012,0.2874406223413988
DEAP:S15:T17,DEAP:S15,T17,1,8.1,1,1,3,3,unexposed,baseline_relative,train,1.0,0.20308083271366462,0.7969191672863354
DEAP:S15:T20,DEAP:S15,T20,1,7.97,1,1,3,3,unexposed,baseline_relative,train,1.0,0.4394316898419818,0.5605683101580182
DEAP:S15:T21,DEAP:S15,T21,0,3.09,1,1,3,3,unexposed,baseline_relative,train,1.0,0.7806854765363884,0.21931452346361155
DEAP:S15:T31,DEAP:S15,T31,0,2.99,1,1,3,3,unexposed,baseline_relative,train,1.0,0.7058346849393029,0.29416531506069715
DEAP:S15:T37,DEAP:S15,T37,0,3.04,1,1,3,3,unexposed,baseline_relative,train,1.0,0.8525591186070561,0.14744088139294387
DEAP:S15:T38,DEAP:S15,T38,0,2.08,1,1,3,3,unexposed,baseline_relative,train,1.0,0.7269720571123646,0.27302794288763543
DEAP:S15:T39,DEAP:S15,T39,0,4.0,1,1,3,3,unexposed,baseline_relative,train,1.0,0.972784279236729,0.027215720763270963
DEAP:S15:T40,DEAP:S15,T40,0,4.01,1,1,3,3,unexposed,baseline_relative,train,1.0,0.29739412162055845,0.7026058783794416
DEAP:S18:T02,DEAP:S18,T02,1,6.87,1,1,3,3,unexposed,baseline_relative,train,1.0,0.15104946378504147,0.8489505362149585
DEAP:S18:T03,DEAP:S18,T03,1,6.36,1,1,3,3,unexposed,baseline_relative,train,1.0,0.14910955238002188,0.8508904476199781
DEAP:S18:T06,DEAP:S18,T06,1,6.51,1,1,3,3,unexposed,baseline_relative,train,1.0,0.0364342321208978,0.9635657678791022
DEAP:S18:T10,DEAP:S18,T10,1,6.09,1,1,3,3,unexposed,baseline_relative,train,1.0,0.9707780866324702,0.029221913367529828
DEAP:S18:T11,DEAP:S18,T11,1,6.24,1,1,3,3,unexposed,baseline_relative,train,1.0,0.05810788052879201,0.941892119471208
DEAP:S18:T14,DEAP:S18,T14,1,6.62,1,1,3,3,unexposed,baseline_relative,train,1.0,0.13647432274694982,0.8635256772530502
DEAP:S18:T16,DEAP:S18,T16,0,4.38,1,1,3,3,unexposed,baseline_relative,train,1.0,0.7662294145781299,0.23377058542187015
DEAP:S18:T17,DEAP:S18,T17,1,7.74,1,1,3,3,unexposed,baseline_relative,train,1.0,0.08298452430149605,0.917015475698504
DEAP:S18:T20,DEAP:S18,T20,1,6.24,1,1,3,3,unexposed,baseline_relative,train,1.0,0.08944891351554773,0.9105510864844523
DEAP:S18:T31,DEAP:S18,T31,0,4.44,1,1,3,3,unexposed,baseline_relative,train,1.0,0.6207008427862286,0.37929915721377144
DEAP:S18:T34,DEAP:S18,T34,0,4.15,1,1,3,3,unexposed,baseline_relative,train,1.0,0.9066735582365244,0.09332644176347556
DEAP:S18:T37,DEAP:S18,T37,0,4.0,1,1,3,3,unexposed,baseline_relative,train,1.0,0.863465873748857,0.13653412625114303
DEAP:S18:T38,DEAP:S18,T38,0,4.51,1,1,3,3,unexposed,baseline_relative,train,1.0,0.8967928425044769,0.10320715749552316
DEAP:S18:T39,DEAP:S18,T39,0,4.06,1,1,3,3,unexposed,baseline_relative,train,1.0,0.8669792154772337,0.1330207845227663
DEAP:S19:T02,DEAP:S19,T02,1,6.46,1,1,3,3,unexposed,baseline_relative,train,1.0,0.1418673986024387,0.8581326013975613
DEAP:S19:T03,DEAP:S19,T03,1,6.82,1,1,3,3,unexposed,baseline_relative,train,1.0,0.684354757038607,0.315645242961393
DEAP:S19:T06,DEAP:S19,T06,1,7.73,1,1,3,3,unexposed,baseline_relative,train,1.0,0.19243045346654697,0.807569546533453
DEAP:S19:T10,DEAP:S19,T10,1,5.01,1,1,3,3,unexposed,baseline_relative,train,1.0,0.5207978056081937,0.4792021943918064
DEAP:S19:T11,DEAP:S19,T11,1,5.83,1,1,3,3,unexposed,baseline_relative,train,1.0,0.12230917645561634,0.8776908235443837
DEAP:S19:T16,DEAP:S19,T16,0,3.24,1,1,3,3,unexposed,baseline_relative,train,1.0,0.3074945236147434,0.6925054763852566
DEAP:S19:T17,DEAP:S19,T17,1,7.38,1,1,3,3,unexposed,baseline_relative,train,1.0,0.2619451596513197,0.7380548403486803
DEAP:S19:T20,DEAP:S19,T20,1,6.13,1,1,3,3,unexposed,baseline_relative,train,1.0,0.08439262802860892,0.9156073719713911
DEAP:S19:T21,DEAP:S19,T21,0,2.19,1,1,3,3,unexposed,baseline_relative,train,1.0,0.9126822011988045,0.0873177988011955
DEAP:S19:T31,DEAP:S19,T31,1,5.03,1,1,3,3,unexposed,baseline_relative,train,1.0,0.25277936068900586,0.7472206393109941
DEAP:S19:T34,DEAP:S19,T34,0,4.17,1,1,3,3,unexposed,baseline_relative,train,1.0,0.3465754671511264,0.6534245328488736
DEAP:S19:T37,DEAP:S19,T37,0,3.15,1,1,3,3,unexposed,baseline_relative,train,1.0,0.4137116259922816,0.5862883740077184
DEAP:S19:T38,DEAP:S19,T38,0,1.62,1,1,3,3,unexposed,baseline_relative,train,1.0,0.33466592571256215,0.6653340742874378
DEAP:S19:T39,DEAP:S19,T39,1,5.04,1,1,3,3,unexposed,baseline_relative,train,1.0,0.38693900407050086,0.6130609959294991
DEAP:S19:T40,DEAP:S19,T40,0,4.24,1,1,3,3,unexposed,baseline_relative,train,1.0,0.9034192119286779,0.09658078807132214
DEAP:S20:T02,DEAP:S20,T02,1,6.77,1,1,3,3,unexposed,baseline_relative,train,1.0,0.04176550638743204,0.958234493612568
DEAP:S20:T03,DEAP:S20,T03,1,7.18,1,1,3,3,unexposed,baseline_relative,train,1.0,0.012468160176402954,0.987531839823597
DEAP:S20:T06,DEAP:S20,T06,1,7.62,1,1,3,3,unexposed,baseline_relative,train,1.0,0.11313014209962924,0.8868698579003708
DEAP:S20:T10,DEAP:S20,T10,1,5.13,1,1,3,3,unexposed,baseline_relative,train,1.0,0.003517382239942246,0.9964826177600578
DEAP:S20:T11,DEAP:S20,T11,1,8.18,1,1,3,3,unexposed,baseline_relative,train,1.0,0.36355390089765993,0.6364460991023401
DEAP:S20:T14,DEAP:S20,T14,1,6.4,1,1,3,3,unexposed,baseline_relative,train,1.0,0.07777229280840492,0.9222277071915951
DEAP:S20:T16,DEAP:S20,T16,1,5.03,1,1,3,3,unexposed,baseline_relative,train,1.0,0.49862787249373974,0.5013721275062603
DEAP:S20:T17,DEAP:S20,T17,1,5.04,1,1,3,3,unexposed,baseline_relative,train,1.0,0.0300677983245885,0.9699322016754115
DEAP:S20:T20,DEAP:S20,T20,1,6.65,1,1,3,3,unexposed,baseline_relative,train,1.0,0.44343116155885254,0.5565688384411475
DEAP:S20:T21,DEAP:S20,T21,0,4.97,1,1,3,3,unexposed,baseline_relative,train,1.0,0.6470901845146817,0.35290981548531825
DEAP:S20:T34,DEAP:S20,T34,0,4.74,1,1,3,3,unexposed,baseline_relative,train,1.0,0.9522924786351195,0.04770752136488049
DEAP:S20:T37,DEAP:S20,T37,0,3.01,1,1,3,3,unexposed,baseline_relative,train,1.0,0.7449082014298565,0.2550917985701435
DEAP:S20:T39,DEAP:S20,T39,0,4.67,1,1,3,3,unexposed,baseline_relative,train,1.0,0.30836094193004093,0.6916390580699591
DEAP:S20:T40,DEAP:S20,T40,0,4.94,1,1,3,3,unexposed,baseline_relative,train,1.0,0.5697734017522669,0.43022659824773307
DEAP:S21:T02,DEAP:S21,T02,1,7.05,1,1,3,3,unexposed,baseline_relative,train,1.0,0.5581893322418361,0.44181066775816386
DEAP:S21:T03,DEAP:S21,T03,0,4.83,1,1,3,3,unexposed,baseline_relative,train,1.0,0.6023759940371987,0.39762400596280134
DEAP:S21:T06,DEAP:S21,T06,1,7.92,1,1,3,3,unexposed,baseline_relative,train,1.0,0.3555522296641488,0.6444477703358512
DEAP:S21:T10,DEAP:S21,T10,1,7.05,1,1,3,3,unexposed,baseline_relative,train,1.0,0.23177049557873397,0.768229504421266
DEAP:S21:T11,DEAP:S21,T11,1,7.05,1,1,3,3,unexposed,baseline_relative,train,1.0,0.4116176195096176,0.5883823804903824
DEAP:S21:T14,DEAP:S21,T14,1,8.1,1,1,3,3,unexposed,baseline_relative,train,1.0,0.7941987184362777,0.20580128156372238
DEAP:S21:T17,DEAP:S21,T17,1,5.53,1,1,3,3,unexposed,baseline_relative,train,1.0,0.8623583772238351,0.13764162277616487
DEAP:S21:T20,DEAP:S21,T20,0,2.33,1,1,3,3,unexposed,baseline_relative,train,1.0,0.9191352400758548,0.08086475992414525
DEAP:S21:T21,DEAP:S21,T21,0,4.08,1,1,3,3,unexposed,baseline_relative,train,1.0,0.2707815720480039,0.7292184279519961
DEAP:S21:T31,DEAP:S21,T31,1,5.04,1,1,3,3,unexposed,baseline_relative,train,1.0,0.39912191472140524,0.6008780852785948
DEAP:S21:T34,DEAP:S21,T34,0,4.06,1,1,3,3,unexposed,baseline_relative,train,1.0,0.46333249864608506,0.5366675013539149
DEAP:S21:T37,DEAP:S21,T37,0,3.04,1,1,3,3,unexposed,baseline_relative,train,1.0,0.3026860418573325,0.6973139581426675
DEAP:S21:T38,DEAP:S21,T38,0,3.03,1,1,3,3,unexposed,baseline_relative,train,1.0,0.6198293766338105,0.3801706233661895
DEAP:S21:T39,DEAP:S21,T39,1,6.09,1,1,3,3,unexposed,baseline_relative,train,1.0,0.40269521232196814,0.5973047876780319
DEAP:S21:T40,DEAP:S21,T40,0,3.99,1,1,3,3,unexposed,baseline_relative,train,1.0,0.7271096751268129,0.27289032487318704
DEAP:S22:T02,DEAP:S22,T02,1,7.08,1,1,3,3,unexposed,baseline_relative,train,1.0,0.7905685401950769,0.20943145980492306
DEAP:S22:T03,DEAP:S22,T03,1,7.05,1,1,3,3,unexposed,baseline_relative,train,1.0,0.13470671051532057,0.8652932894846794
DEAP:S22:T06,DEAP:S22,T06,0,4.97,1,1,3,3,unexposed,baseline_relative,train,1.0,0.8035976428515323,0.1964023571484676
DEAP:S22:T10,DEAP:S22,T10,0,4.0,1,1,3,3,unexposed,baseline_relative,train,1.0,0.7903310280161919,0.20966897198380802
DEAP:S22:T11,DEAP:S22,T11,1,8.05,1,1,3,3,unexposed,baseline_relative,train,1.0,0.26893602234159897,0.731063977658401
DEAP:S22:T14,DEAP:S22,T14,1,8.05,1,1,3,3,unexposed,baseline_relative,train,1.0,0.4856016739563018,0.5143983260436982
DEAP:S22:T16,DEAP:S22,T16,1,6.06,1,1,3,3,unexposed,baseline_relative,train,1.0,0.4212796575822637,0.5787203424177363
DEAP:S22:T17,DEAP:S22,T17,1,5.04,1,1,3,3,unexposed,baseline_relative,train,1.0,0.6429838141863233,0.35701618581367667
DEAP:S22:T21,DEAP:S22,T21,0,2.97,1,1,3,3,unexposed,baseline_relative,train,1.0,0.6884785594772331,0.31152144052276687
DEAP:S22:T31,DEAP:S22,T31,0,2.01,1,1,3,3,unexposed,baseline_relative,train,1.0,0.7407190646090387,0.25928093539096125
DEAP:S22:T34,DEAP:S22,T34,1,5.04,1,1,3,3,unexposed,baseline_relative,train,1.0,0.5759894511406306,0.4240105488593694
DEAP:S22:T37,DEAP:S22,T37,0,1.0,1,1,3,3,unexposed,baseline_relative,train,1.0,0.8376054162525827,0.16239458374741733
DEAP:S22:T38,DEAP:S22,T38,0,1.0,1,1,3,3,unexposed,baseline_relative,train,1.0,0.668314829945073,0.33168517005492704
DEAP:S22:T39,DEAP:S22,T39,0,1.0,1,1,3,3,unexposed,baseline_relative,train,1.0,0.6411676219154957,0.3588323780845043
DEAP:S22:T40,DEAP:S22,T40,0,2.97,1,1,3,3,unexposed,baseline_relative,train,1.0,0.7200873250278461,0.27991267497215383
DEAP:S23:T02,DEAP:S23,T02,1,9.0,1,1,3,3,unexposed,baseline_relative,train,1.0,0.43261744225924925,0.5673825577407507
DEAP:S23:T03,DEAP:S23,T03,1,7.09,1,1,3,3,unexposed,baseline_relative,train,1.0,0.26580547106806796,0.734194528931932
DEAP:S23:T06,DEAP:S23,T06,1,5.09,1,1,3,3,unexposed,baseline_relative,train,1.0,0.33810623845216503,0.661893761547835
DEAP:S23:T10,DEAP:S23,T10,1,5.01,1,1,3,3,unexposed,baseline_relative,train,1.0,0.38778609828722843,0.6122139017127716
DEAP:S23:T11,DEAP:S23,T11,1,7.0,1,1,3,3,unexposed,baseline_relative,train,1.0,0.6357250138188144,0.36427498618118553
DEAP:S23:T14,DEAP:S23,T14,1,8.01,1,1,3,3,unexposed,baseline_relative,train,1.0,0.2999476314614158,0.7000523685385842
DEAP:S23:T16,DEAP:S23,T16,1,5.15,1,1,3,3,unexposed,baseline_relative,train,1.0,0.3377450248428384,0.6622549751571616
DEAP:S23:T17,DEAP:S23,T17,0,2.86,1,1,3,3,unexposed,baseline_relative,train,1.0,0.9132266756940238,0.08677332430597616
DEAP:S23:T20,DEAP:S23,T20,0,3.96,1,1,3,3,unexposed,baseline_relative,train,1.0,0.46184176490691253,0.5381582350930875
DEAP:S23:T21,DEAP:S23,T21,0,1.91,1,1,3,3,unexposed,baseline_relative,train,1.0,0.785480352887481,0.21451964711251909
DEAP:S23:T31,DEAP:S23,T31,0,4.86,1,1,3,3,unexposed,baseline_relative,train,1.0,0.7341718760336844,0.26582812396631555
DEAP:S23:T34,DEAP:S23,T34,1,6.72,1,1,3,3,unexposed,baseline_relative,train,1.0,0.020006002251771182,0.9799939977482288
DEAP:S23:T37,DEAP:S23,T37,0,4.31,1,1,3,3,unexposed,baseline_relative,train,1.0,0.5075149342952479,0.49248506570475215
DEAP:S23:T38,DEAP:S23,T38,0,4.97,1,1,3,3,unexposed,baseline_relative,train,1.0,0.557461292802081,0.44253870719791893
DEAP:S23:T40,DEAP:S23,T40,0,4.88,1,1,3,3,unexposed,baseline_relative,train,1.0,0.6190355359186366,0.38096446408136336
DEAP:S24:T02,DEAP:S24,T02,1,6.04,1,1,3,3,unexposed,baseline_relative,train,1.0,0.6144696949385291,0.38553030506147096
DEAP:S24:T03,DEAP:S24,T03,1,8.96,1,1,3,3,unexposed,baseline_relative,train,1.0,0.43483797016373094,0.5651620298362691
DEAP:S24:T06,DEAP:S24,T06,1,5.96,1,1,3,3,unexposed,baseline_relative,train,1.0,0.6922672658214912,0.3077327341785088
DEAP:S24:T10,DEAP:S24,T10,1,5.01,1,1,3,3,unexposed,baseline_relative,train,1.0,0.4796035209736329,0.5203964790263671
DEAP:S24:T11,DEAP:S24,T11,1,7.03,1,1,3,3,unexposed,baseline_relative,train,1.0,0.68208409053848,0.31791590946152004
DEAP:S24:T14,DEAP:S24,T14,1,8.05,1,1,3,3,unexposed,baseline_relative,train,1.0,0.5786432322400346,0.4213567677599655
DEAP:S24:T16,DEAP:S24,T16,0,4.0,1,1,3,3,unexposed,baseline_relative,train,1.0,0.6116204732744785,0.38837952672552145
DEAP:S24:T17,DEAP:S24,T17,0,4.08,1,1,3,3,unexposed,baseline_relative,train,1.0,0.4251897944561249,0.5748102055438751
DEAP:S24:T20,DEAP:S24,T20,0,4.03,1,1,3,3,unexposed,baseline_relative,train,1.0,0.5303699979256867,0.46963000207431327
DEAP:S24:T21,DEAP:S24,T21,0,1.96,1,1,3,3,unexposed,baseline_relative,train,1.0,0.7094909611884679,0.29050903881153206
DEAP:S24:T31,DEAP:S24,T31,0,2.94,1,1,3,3,unexposed,baseline_relative,train,1.0,0.8189919223561449,0.18100807764385507
DEAP:S24:T34,DEAP:S24,T34,0,4.05,1,1,3,3,unexposed,baseline_relative,train,1.0,0.9502416155321108,0.04975838446788912
DEAP:S24:T37,DEAP:S24,T37,0,4.0,1,1,3,3,unexposed,baseline_relative,train,1.0,0.7419054894419703,0.2580945105580296
DEAP:S24:T38,DEAP:S24,T38,0,2.03,1,1,3,3,unexposed,baseline_relative,train,1.0,0.8200918607140361,0.17990813928596394
DEAP:S24:T39,DEAP:S24,T39,0,2.12,1,1,3,3,unexposed,baseline_relative,train,1.0,0.49630053568223276,0.5036994643177672
DEAP:S25:T02,DEAP:S25,T02,0,2.99,1,1,3,3,unexposed,baseline_relative,train,1.0,0.8787071038372594,0.1212928961627406
DEAP:S25:T03,DEAP:S25,T03,1,7.12,1,1,3,3,unexposed,baseline_relative,train,1.0,0.5581632067187003,0.4418367932812996
DEAP:S25:T10,DEAP:S25,T10,0,1.0,1,1,3,3,unexposed,baseline_relative,train,1.0,0.9295572591694731,0.07044274083052691
DEAP:S25:T11,DEAP:S25,T11,1,9.0,1,1,3,3,unexposed,baseline_relative,train,1.0,0.2768202044678695,0.7231797955321305
DEAP:S25:T14,DEAP:S25,T14,1,8.09,1,1,3,3,unexposed,baseline_relative,train,1.0,0.6102850025852002,0.3897149974147997
DEAP:S25:T16,DEAP:S25,T16,1,6.05,1,1,3,3,unexposed,baseline_relative,train,1.0,0.23526479245257348,0.7647352075474265
DEAP:S25:T17,DEAP:S25,T17,1,5.04,1,1,3,3,unexposed,baseline_relative,train,1.0,0.6795963152743543,0.32040368472564573
DEAP:S25:T20,DEAP:S25,T20,1,7.08,1,1,3,3,unexposed,baseline_relative,train,1.0,0.13254473965396096,0.867455260346039
DEAP:S25:T21,DEAP:S25,T21,1,6.03,1,1,3,3,unexposed,baseline_relative,train,1.0,0.5952317994133909,0.4047682005866092
DEAP:S25:T34,DEAP:S25,T34,0,4.95,1,1,3,3,unexposed,baseline_relative,train,1.0,0.45394918890524494,0.5460508110947551
DEAP:S25:T37,DEAP:S25,T37,0,1.0,1,1,3,3,unexposed,baseline_relative,train,1.0,0.6272256194891921,0.37277438051080797
DEAP:S25:T38,DEAP:S25,T38,0,1.0,1,1,3,3,unexposed,baseline_relative,train,1.0,0.9437853611727258,0.05621463882727418
DEAP:S25:T39,DEAP:S25,T39,0,1.0,1,1,3,3,unexposed,baseline_relative,train,1.0,0.6657363489687023,0.3342636510312978
DEAP:S25:T40,DEAP:S25,T40,0,1.0,1,1,3,3,unexposed,baseline_relative,train,1.0,0.6253764698480344,0.37462353015196564
DEAP:S27:T02,DEAP:S27,T02,1,7.0,1,1,3,3,unexposed,baseline_relative,train,1.0,0.3022890519331113,0.6977109480668887
DEAP:S27:T03,DEAP:S27,T03,1,9.0,1,1,3,3,unexposed,baseline_relative,train,1.0,0.582448055128916,0.417551944871084
DEAP:S27:T06,DEAP:S27,T06,1,7.0,1,1,3,3,unexposed,baseline_relative,train,1.0,0.03603537180718097,0.963964628192819
DEAP:S27:T10,DEAP:S27,T10,1,6.01,1,1,3,3,unexposed,baseline_relative,train,1.0,0.14163655484239202,0.858363445157608
DEAP:S27:T11,DEAP:S27,T11,1,9.0,1,1,3,3,unexposed,baseline_relative,train,1.0,0.1526260528216461,0.8473739471783539
DEAP:S27:T14,DEAP:S27,T14,1,8.06,1,1,3,3,unexposed,baseline_relative,train,1.0,0.22659071026738387,0.7734092897326161
DEAP:S27:T16,DEAP:S27,T16,1,8.06,1,1,3,3,unexposed,baseline_relative,train,1.0,0.4732695035991906,0.5267304964008094
DEAP:S27:T17,DEAP:S27,T17,1,9.0,1,1,3,3,unexposed,baseline_relative,train,1.0,0.4252909275344535,0.5747090724655465
DEAP:S27:T20,DEAP:S27,T20,1,6.97,1,1,3,3,unexposed,baseline_relative,train,1.0,0.05968665915197702,0.940313340848023
DEAP:S27:T21,DEAP:S27,T21,1,9.0,1,1,3,3,unexposed,baseline_relative,train,1.0,0.12165777725254456,0.8783422227474554
DEAP:S27:T31,DEAP:S27,T31,1,5.08,1,1,3,3,unexposed,baseline_relative,train,1.0,0.344189795847867,0.655810204152133
DEAP:S27:T34,DEAP:S27,T34,0,2.85,1,1,3,3,unexposed,baseline_relative,train,1.0,0.8075132821510874,0.19248671784891258
DEAP:S27:T37,DEAP:S27,T37,0,2.99,1,1,3,3,unexposed,baseline_relative,train,1.0,0.8444412355534788,0.15555876444652117
DEAP:S27:T38,DEAP:S27,T38,0,1.0,1,1,3,3,unexposed,baseline_relative,train,1.0,0.44169707719577467,0.5583029228042253
DEAP:S27:T39,DEAP:S27,T39,0,2.14,1,1,3,3,unexposed,baseline_relative,train,1.0,0.7855920336181411,0.21440796638185888
DEAP:S27:T40,DEAP:S27,T40,1,5.04,1,1,3,3,unexposed,baseline_relative,train,1.0,0.24616381167467005,0.75383618832533
DEAP:S29:T02,DEAP:S29,T02,1,7.05,1,1,3,3,unexposed,baseline_relative,train,1.0,0.15604841979952622,0.8439515802004738
DEAP:S29:T03,DEAP:S29,T03,1,9.0,1,1,3,3,unexposed,baseline_relative,train,1.0,0.04274700783749574,0.9572529921625043
DEAP:S29:T06,DEAP:S29,T06,1,8.03,1,1,3,3,unexposed,baseline_relative,train,1.0,0.09702242767514857,0.9029775723248514
DEAP:S29:T11,DEAP:S29,T11,1,8.03,1,1,3,3,unexposed,baseline_relative,train,1.0,0.09791356276825025,0.9020864372317497
DEAP:S29:T14,DEAP:S29,T14,1,8.06,1,1,3,3,unexposed,baseline_relative,train,1.0,0.03337954212895444,0.9666204578710456
DEAP:S29:T16,DEAP:S29,T16,0,3.0,1,1,3,3,unexposed,baseline_relative,train,1.0,0.8767725150658341,0.12322748493416595
DEAP:S29:T17,DEAP:S29,T17,1,5.08,1,1,3,3,unexposed,baseline_relative,train,1.0,0.2615626417167386,0.7384373582832614
DEAP:S29:T21,DEAP:S29,T21,0,2.92,1,1,3,3,unexposed,baseline_relative,train,1.0,0.8815258185867622,0.1184741814132378
DEAP:S29:T31,DEAP:S29,T31,0,1.0,1,1,3,3,unexposed,baseline_relative,train,1.0,0.6550724980582503,0.34492750194174965
DEAP:S29:T34,DEAP:S29,T34,0,3.95,1,1,3,3,unexposed,baseline_relative,train,1.0,0.7136438859918024,0.28635611400819766
DEAP:S29:T37,DEAP:S29,T37,1,5.01,1,1,3,3,unexposed,baseline_relative,train,1.0,0.3300006879903583,0.6699993120096417
DEAP:S29:T38,DEAP:S29,T38,0,1.88,1,1,3,3,unexposed,baseline_relative,train,1.0,0.08518659477153567,0.9148134052284643
DEAP:S29:T39,DEAP:S29,T39,1,6.05,1,1,3,3,unexposed,baseline_relative,train,1.0,0.271914879904503,0.728085120095497
DEAP:S29:T40,DEAP:S29,T40,1,6.01,1,1,3,3,unexposed,baseline_relative,train,1.0,0.0195626327492463,0.9804373672507537
DEAP:S30:T02,DEAP:S30,T02,1,7.15,1,1,3,3,unexposed,baseline_relative,train,1.0,0.12561498230428347,0.8743850176957165
DEAP:S30:T03,DEAP:S30,T03,1,6.15,1,1,3,3,unexposed,baseline_relative,train,1.0,0.3838561573000481,0.6161438426999519
DEAP:S30:T06,DEAP:S30,T06,1,6.22,1,1,3,3,unexposed,baseline_relative,train,1.0,0.022801070450942595,0.9771989295490574
DEAP:S30:T10,DEAP:S30,T10,1,5.08,1,1,3,3,unexposed,baseline_relative,train,1.0,0.07972584790115878,0.9202741520988412
DEAP:S30:T11,DEAP:S30,T11,1,6.06,1,1,3,3,unexposed,baseline_relative,train,1.0,0.22632259789133669,0.7736774021086633
DEAP:S30:T14,DEAP:S30,T14,1,5.04,1,1,3,3,unexposed,baseline_relative,train,1.0,0.21581169244288823,0.7841883075571118
DEAP:S30:T16,DEAP:S30,T16,1,5.04,1,1,3,3,unexposed,baseline_relative,train,1.0,0.0295766923591948,0.9704233076408052
DEAP:S30:T17,DEAP:S30,T17,1,7.13,1,1,3,3,unexposed,baseline_relative,train,1.0,0.06297850353141121,0.9370214964685888
DEAP:S30:T20,DEAP:S30,T20,1,7.26,1,1,3,3,unexposed,baseline_relative,train,1.0,0.20703573929074692,0.7929642607092531
DEAP:S30:T21,DEAP:S30,T21,0,3.05,1,1,3,3,unexposed,baseline_relative,train,1.0,0.511391671991801,0.488608328008199
DEAP:S30:T34,DEAP:S30,T34,0,4.99,1,1,3,3,unexposed,baseline_relative,train,1.0,0.6179632170747718,0.38203678292522825
DEAP:S30:T37,DEAP:S30,T37,0,4.13,1,1,3,3,unexposed,baseline_relative,train,1.0,0.4966375971993038,0.5033624028006962
DEAP:S30:T38,DEAP:S30,T38,1,5.04,1,1,3,3,unexposed,baseline_relative,train,1.0,0.10436550249236587,0.8956344975076341
DEAP:S30:T40,DEAP:S30,T40,1,5.05,1,1,3,3,unexposed,baseline_relative,train,1.0,0.10949578228434931,0.8905042177156507
DEAP:S31:T02,DEAP:S31,T02,1,5.03,1,1,3,3,unexposed,baseline_relative,train,1.0,0.5298900783319761,0.4701099216680239
DEAP:S31:T03,DEAP:S31,T03,1,8.04,1,1,3,3,unexposed,baseline_relative,train,1.0,0.08460686324639011,0.9153931367536099
DEAP:S31:T06,DEAP:S31,T06,0,4.99,1,1,3,3,unexposed,baseline_relative,train,1.0,0.8258415187230028,0.17415848127699715
DEAP:S31:T10,DEAP:S31,T10,0,4.01,1,1,3,3,unexposed,baseline_relative,train,1.0,0.9212813275558729,0.07871867244412716
DEAP:S31:T11,DEAP:S31,T11,1,9.0,1,1,3,3,unexposed,baseline_relative,train,1.0,0.22636014269413118,0.7736398573058688
DEAP:S31:T14,DEAP:S31,T14,1,8.06,1,1,3,3,unexposed,baseline_relative,train,1.0,0.37040161374393377,0.6295983862560662
DEAP:S31:T16,DEAP:S31,T16,1,6.09,1,1,3,3,unexposed,baseline_relative,train,1.0,0.07456018667000974,0.9254398133299903
DEAP:S31:T17,DEAP:S31,T17,0,4.94,1,1,3,3,unexposed,baseline_relative,train,1.0,0.3263222044149495,0.6736777955850505
DEAP:S31:T20,DEAP:S31,T20,1,6.9,1,1,3,3,unexposed,baseline_relative,train,1.0,0.2595203005775685,0.7404796994224315
DEAP:S31:T21,DEAP:S31,T21,1,5.09,1,1,3,3,unexposed,baseline_relative,train,1.0,0.4399512084576258,0.5600487915423742
DEAP:S31:T34,DEAP:S31,T34,0,1.95,1,1,3,3,unexposed,baseline_relative,train,1.0,0.8400012412117712,0.15999875878822875
DEAP:S31:T37,DEAP:S31,T37,0,1.0,1,1,3,3,unexposed,baseline_relative,train,1.0,0.7691770934463876,0.23082290655361237
DEAP:S31:T38,DEAP:S31,T38,0,1.0,1,1,3,3,unexposed,baseline_relative,train,1.0,0.4458511858171176,0.5541488141828824
DEAP:S32:T02,DEAP:S32,T02,0,4.99,1,1,3,3,unexposed,baseline_relative,train,1.0,0.8106337854796078,0.18936621452039215
DEAP:S32:T03,DEAP:S32,T03,1,8.05,1,1,3,3,unexposed,baseline_relative,train,1.0,0.606700191006078,0.39329980899392203
DEAP:S32:T06,DEAP:S32,T06,1,5.78,1,1,3,3,unexposed,baseline_relative,train,1.0,0.1566465353866746,0.8433534646133254
DEAP:S32:T11,DEAP:S32,T11,1,8.24,1,1,3,3,unexposed,baseline_relative,train,1.0,0.4653258487883877,0.5346741512116123
DEAP:S32:T14,DEAP:S32,T14,1,7.1,1,1,3,3,unexposed,baseline_relative,train,1.0,0.6649978284413631,0.3350021715586369
DEAP:S32:T16,DEAP:S32,T16,0,3.97,1,1,3,3,unexposed,baseline_relative,train,1.0,0.7605598131796197,0.23944018682038024
DEAP:S32:T17,DEAP:S32,T17,1,6.09,1,1,3,3,unexposed,baseline_relative,train,1.0,0.46195474622770005,0.5380452537723
DEAP:S32:T20,DEAP:S32,T20,1,6.03,1,1,3,3,unexposed,baseline_relative,train,1.0,0.5072042493588372,0.49279575064116277
DEAP:S32:T21,DEAP:S32,T21,0,4.12,1,1,3,3,unexposed,baseline_relative,train,1.0,0.9253839513771595,0.07461604862284056
DEAP:S32:T31,DEAP:S32,T31,0,4.17,1,1,3,3,unexposed,baseline_relative,train,1.0,0.24401762193903764,0.7559823780609624
DEAP:S32:T34,DEAP:S32,T34,0,4.05,1,1,3,3,unexposed,baseline_relative,train,1.0,0.8027284979882717,0.1972715020117283
DEAP:S32:T37,DEAP:S32,T37,0,2.81,1,1,3,3,unexposed,baseline_relative,train,1.0,0.8009393229631325,0.19906067703686742
DEAP:S32:T38,DEAP:S32,T38,0,3.05,1,1,3,3,unexposed,baseline_relative,train,1.0,0.7247396002791148,0.27526039972088523
DEAP:S32:T39,DEAP:S32,T39,0,3.99,1,1,3,3,unexposed,baseline_relative,train,1.0,0.6358440296958245,0.3641559703041755
DEAP:S32:T40,DEAP:S32,T40,1,7.15,1,1,3,3,unexposed,baseline_relative,train,1.0,0.3549708087879804,0.6450291912120196
DEAP:S11:T01,DEAP:S11,T01,1,6.27,1,1,3,3,unexposed,baseline_relative,validation_unseen,1.0,0.45959309104148793,0.5404069089585121
DEAP:S11:T08,DEAP:S11,T08,1,6.26,1,1,3,3,unexposed,baseline_relative,validation_unseen,1.0,0.2366404209046642,0.7633595790953358
DEAP:S11:T12,DEAP:S11,T12,1,5.04,1,1,3,3,unexposed,baseline_relative,validation_unseen,1.0,0.747673034869095,0.25232696513090497
DEAP:S11:T23,DEAP:S11,T23,0,3.72,1,1,3,3,unexposed,baseline_relative,validation_unseen,1.0,0.24339670797417967,0.7566032920258203
DEAP:S11:T25,DEAP:S11,T25,1,5.01,1,1,3,3,unexposed,baseline_relative,validation_unseen,1.0,0.4724585953898245,0.5275414046101755
DEAP:S11:T26,DEAP:S11,T26,1,5.49,1,1,3,3,unexposed,baseline_relative,validation_unseen,1.0,0.7611890101597376,0.23881098984026236
DEAP:S11:T33,DEAP:S11,T33,1,5.64,1,1,3,3,unexposed,baseline_relative,validation_unseen,1.0,0.38641118570771393,0.6135888142922861
DEAP:S11:T35,DEAP:S11,T35,0,1.23,1,1,3,3,unexposed,baseline_relative,validation_unseen,1.0,0.29291377924628104,0.707086220753719
DEAP:S12:T01,DEAP:S12,T01,1,7.09,1,1,3,3,unexposed,baseline_relative,validation_unseen,1.0,0.442631717343703,0.557368282656297
DEAP:S12:T08,DEAP:S12,T08,1,5.1,1,1,3,3,unexposed,baseline_relative,validation_unseen,1.0,0.2353706147167649,0.7646293852832351
DEAP:S12:T12,DEAP:S12,T12,1,6.86,1,1,3,3,unexposed,baseline_relative,validation_unseen,1.0,0.2945740739045698,0.7054259260954302
DEAP:S12:T23,DEAP:S12,T23,0,1.74,1,1,3,3,unexposed,baseline_relative,validation_unseen,1.0,0.693774082236351,0.306225917763649
DEAP:S12:T25,DEAP:S12,T25,0,2.78,1,1,3,3,unexposed,baseline_relative,validation_unseen,1.0,0.48531468245599163,0.5146853175440084
DEAP:S12:T26,DEAP:S12,T26,1,6.08,1,1,3,3,unexposed,baseline_relative,validation_unseen,1.0,0.366267892075402,0.633732107924598
DEAP:S12:T33,DEAP:S12,T33,0,1.9,1,1,3,3,unexposed,baseline_relative,validation_unseen,1.0,0.5126534527621286,0.4873465472378714
DEAP:S12:T35,DEAP:S12,T35,0,1.22,1,1,3,3,unexposed,baseline_relative,validation_unseen,1.0,0.26986211350794564,0.7301378864920544
DEAP:S14:T01,DEAP:S14,T01,1,8.22,1,1,3,3,unexposed,baseline_relative,validation_unseen,1.0,0.9334835205134809,0.06651647948651908
DEAP:S14:T08,DEAP:S14,T08,1,7.0,1,1,3,3,unexposed,baseline_relative,validation_unseen,1.0,0.5002164820168764,0.49978351798312354
DEAP:S14:T12,DEAP:S14,T12,1,7.63,1,1,3,3,unexposed,baseline_relative,validation_unseen,1.0,0.44801000988024364,0.5519899901197564
DEAP:S14:T23,DEAP:S14,T23,0,2.41,1,1,3,3,unexposed,baseline_relative,validation_unseen,1.0,0.5642846179422949,0.43571538205770505
DEAP:S14:T25,DEAP:S14,T25,0,3.87,1,1,3,3,unexposed,baseline_relative,validation_unseen,1.0,0.7636864630538622,0.23631353694613771
DEAP:S14:T26,DEAP:S14,T26,0,3.28,1,1,3,3,unexposed,baseline_relative,validation_unseen,1.0,0.257283471133947,0.742716528866053
DEAP:S14:T33,DEAP:S14,T33,0,3.18,1,1,3,3,unexposed,baseline_relative,validation_unseen,1.0,0.6755051855217636,0.32449481447823636
DEAP:S14:T35,DEAP:S14,T35,0,2.68,1,1,3,3,unexposed,baseline_relative,validation_unseen,1.0,0.22801107804223497,0.771988921957765
DEAP:S28:T01,DEAP:S28,T01,1,7.03,1,1,3,3,unexposed,baseline_relative,validation_unseen,1.0,0.0011149382828876675,0.9988850617171123
DEAP:S28:T08,DEAP:S28,T08,1,7.01,1,1,3,3,unexposed,baseline_relative,validation_unseen,1.0,0.04962539498806373,0.9503746050119363
DEAP:S28:T12,DEAP:S28,T12,1,6.06,1,1,3,3,unexposed,baseline_relative,validation_unseen,1.0,0.9933447122892427,0.006655287710757289
DEAP:S28:T23,DEAP:S28,T23,0,2.03,1,1,3,3,unexposed,baseline_relative,validation_unseen,1.0,0.1492720144108517,0.8507279855891483
DEAP:S28:T25,DEAP:S28,T25,0,4.06,1,1,3,3,unexposed,baseline_relative,validation_unseen,1.0,0.19798655261517173,0.8020134473848283
DEAP:S28:T26,DEAP:S28,T26,0,1.99,1,1,3,3,unexposed,baseline_relative,validation_unseen,1.0,0.3798359933485941,0.6201640066514059
DEAP:S28:T33,DEAP:S28,T33,1,7.01,1,1,3,3,unexposed,baseline_relative,validation_unseen,1.0,0.009132674834052446,0.9908673251659476
DEAP:S28:T35,DEAP:S28,T35,0,1.08,1,1,3,3,unexposed,baseline_relative,validation_unseen,1.0,0.06770495312500513,0.9322950468749949
DEAP:S11:T02,DEAP:S11,T02,1,5.67,1,1,3,3,unexposed,baseline_relative,validation_familiar,1.0,0.7147885962148406,0.28521140378515936
DEAP:S11:T03,DEAP:S11,T03,1,7.41,1,1,3,3,unexposed,baseline_relative,validation_familiar,1.0,0.7026434061983071,0.29735659380169294
DEAP:S11:T06,DEAP:S11,T06,1,5.32,1,1,3,3,unexposed,baseline_relative,validation_familiar,1.0,0.37808631399318127,0.6219136860068187
DEAP:S11:T10,DEAP:S11,T10,1,6.53,1,1,3,3,unexposed,baseline_relative,validation_familiar,1.0,0.18728368576948706,0.8127163142305129
DEAP:S11:T11,DEAP:S11,T11,1,7.32,1,1,3,3,unexposed,baseline_relative,validation_familiar,1.0,0.3869814130522229,0.6130185869477771
DEAP:S11:T14,DEAP:S11,T14,1,7.96,1,1,3,3,unexposed,baseline_relative,validation_familiar,1.0,0.3052473277663046,0.6947526722336954
DEAP:S11:T16,DEAP:S11,T16,0,4.35,1,1,3,3,unexposed,baseline_relative,validation_familiar,1.0,0.5534007638050458,0.4465992361949543
DEAP:S11:T17,DEAP:S11,T17,1,8.32,1,1,3,3,unexposed,baseline_relative,validation_familiar,1.0,0.5400257743079382,0.45997422569206176
DEAP:S11:T20,DEAP:S11,T20,1,6.0,1,1,3,3,unexposed,baseline_relative,validation_familiar,1.0,0.6300528066439819,0.36994719335601817
DEAP:S11:T21,DEAP:S11,T21,0,3.27,1,1,3,3,unexposed,baseline_relative,validation_familiar,1.0,0.43447652052799657,0.5655234794720034
DEAP:S11:T31,DEAP:S11,T31,0,1.83,1,1,3,3,unexposed,baseline_relative,validation_familiar,1.0,0.6527307227455941,0.34726927725440593
DEAP:S11:T34,DEAP:S11,T34,0,4.88,1,1,3,3,unexposed,baseline_relative,validation_familiar,1.0,0.25917553534486804,0.740824464655132
DEAP:S11:T37,DEAP:S11,T37,0,1.47,1,1,3,3,unexposed,baseline_relative,validation_familiar,1.0,0.2884244236429494,0.7115755763570506
DEAP:S11:T38,DEAP:S11,T38,0,1.35,1,1,3,3,unexposed,baseline_relative,validation_familiar,1.0,0.4980403443278134,0.5019596556721866
DEAP:S11:T39,DEAP:S11,T39,0,1.0,1,1,3,3,unexposed,baseline_relative,validation_familiar,1.0,0.6339558159006732,0.3660441840993268
DEAP:S11:T40,DEAP:S11,T40,0,4.95,1,1,3,3,unexposed,baseline_relative,validation_familiar,1.0,0.5908674113805634,0.4091325886194366
DEAP:S12:T02,DEAP:S12,T02,1,6.09,1,1,3,3,unexposed,baseline_relative,validation_familiar,1.0,0.9529599341401207,0.047040065859879264
DEAP:S12:T03,DEAP:S12,T03,1,7.33,1,1,3,3,unexposed,baseline_relative,validation_familiar,1.0,0.7228663168567557,0.2771336831432443
DEAP:S12:T06,DEAP:S12,T06,1,6.65,1,1,3,3,unexposed,baseline_relative,validation_familiar,1.0,0.22855884677656924,0.7714411532234308
DEAP:S12:T10,DEAP:S12,T10,0,4.06,1,1,3,3,unexposed,baseline_relative,validation_familiar,1.0,0.6559382995015937,0.3440617004984063
DEAP:S12:T11,DEAP:S12,T11,1,7.78,1,1,3,3,unexposed,baseline_relative,validation_familiar,1.0,0.4999047077041945,0.5000952922958055
DEAP:S12:T14,DEAP:S12,T14,1,8.15,1,1,3,3,unexposed,baseline_relative,validation_familiar,1.0,0.7140071811977078,0.28599281880229227
DEAP:S12:T16,DEAP:S12,T16,1,5.04,1,1,3,3,unexposed,baseline_relative,validation_familiar,1.0,0.38549007160704307,0.6145099283929569
DEAP:S12:T17,DEAP:S12,T17,0,4.86,1,1,3,3,unexposed,baseline_relative,validation_familiar,1.0,0.35655612149303706,0.6434438785069629
DEAP:S12:T20,DEAP:S12,T20,1,7.35,1,1,3,3,unexposed,baseline_relative,validation_familiar,1.0,0.8003387080426799,0.1996612919573201
DEAP:S12:T21,DEAP:S12,T21,0,2.13,1,1,3,3,unexposed,baseline_relative,validation_familiar,1.0,0.0817128277915089,0.9182871722084911
DEAP:S12:T31,DEAP:S12,T31,0,3.18,1,1,3,3,unexposed,baseline_relative,validation_familiar,1.0,0.6555555203199647,0.34444447968003533
DEAP:S12:T34,DEAP:S12,T34,0,4.87,1,1,3,3,unexposed,baseline_relative,validation_familiar,1.0,0.3664883624644387,0.6335116375355613
DEAP:S12:T37,DEAP:S12,T37,0,1.0,1,1,3,3,unexposed,baseline_relative,validation_familiar,1.0,0.8565815981000382,0.14341840189996177
DEAP:S12:T38,DEAP:S12,T38,0,2.85,1,1,3,3,unexposed,baseline_relative,validation_familiar,1.0,0.6151333712468219,0.38486662875317806
DEAP:S12:T39,DEAP:S12,T39,0,3.18,1,1,3,3,unexposed,baseline_relative,validation_familiar,1.0,0.48120294921087015,0.5187970507891299
DEAP:S12:T40,DEAP:S12,T40,1,6.81,1,1,3,3,unexposed,baseline_relative,validation_familiar,1.0,0.7366984661750985,0.2633015338249015
DEAP:S14:T02,DEAP:S14,T02,1,6.05,1,1,3,3,unexposed,baseline_relative,validation_familiar,1.0,0.6736003237083632,0.32639967629163685
DEAP:S14:T03,DEAP:S14,T03,1,7.5,1,1,3,3,unexposed,baseline_relative,validation_familiar,1.0,0.9479111614027097,0.05208883859729028
DEAP:S14:T06,DEAP:S14,T06,1,7.19,1,1,3,3,unexposed,baseline_relative,validation_familiar,1.0,0.8290081275268547,0.17099187247314532
DEAP:S14:T10,DEAP:S14,T10,0,1.88,1,1,3,3,unexposed,baseline_relative,validation_familiar,1.0,0.4281495073194662,0.5718504926805338
DEAP:S14:T11,DEAP:S14,T11,1,8.03,1,1,3,3,unexposed,baseline_relative,validation_familiar,1.0,0.935155423101677,0.06484457689832299
DEAP:S14:T14,DEAP:S14,T14,1,8.03,1,1,3,3,unexposed,baseline_relative,validation_familiar,1.0,0.032421893611856434,0.9675781063881436
DEAP:S14:T16,DEAP:S14,T16,0,3.96,1,1,3,3,unexposed,baseline_relative,validation_familiar,1.0,0.30478194652787705,0.695218053472123
DEAP:S14:T17,DEAP:S14,T17,1,6.06,1,1,3,3,unexposed,baseline_relative,validation_familiar,1.0,0.5500730352162546,0.4499269647837454
DEAP:S14:T20,DEAP:S14,T20,1,7.33,1,1,3,3,unexposed,baseline_relative,validation_familiar,1.0,0.32446166089014805,0.675538339109852
DEAP:S14:T21,DEAP:S14,T21,0,1.03,1,1,3,3,unexposed,baseline_relative,validation_familiar,1.0,0.5830552240400092,0.4169447759599908
DEAP:S14:T31,DEAP:S14,T31,0,3.26,1,1,3,3,unexposed,baseline_relative,validation_familiar,1.0,0.1696695192556319,0.8303304807443681
DEAP:S14:T34,DEAP:S14,T34,0,2.5,1,1,3,3,unexposed,baseline_relative,validation_familiar,1.0,0.36815708457490703,0.631842915425093
DEAP:S14:T37,DEAP:S14,T37,0,3.47,1,1,3,3,unexposed,baseline_relative,validation_familiar,1.0,0.6496221818931507,0.3503778181068493
DEAP:S14:T38,DEAP:S14,T38,0,2.26,1,1,3,3,unexposed,baseline_relative,validation_familiar,1.0,0.4053582050555603,0.5946417949444397
DEAP:S14:T39,DEAP:S14,T39,1,6.65,1,1,3,3,unexposed,baseline_relative,validation_familiar,1.0,0.30544573126567076,0.6945542687343292
DEAP:S14:T40,DEAP:S14,T40,1,6.68,1,1,3,3,unexposed,baseline_relative,validation_familiar,1.0,0.9543710916073891,0.04562890839261087
DEAP:S28:T02,DEAP:S28,T02,1,7.99,1,1,3,3,unexposed,baseline_relative,validation_familiar,1.0,0.46910206980404257,0.5308979301959574
DEAP:S28:T03,DEAP:S28,T03,1,9.0,1,1,3,3,unexposed,baseline_relative,validation_familiar,1.0,0.0319673777949514,0.9680326222050486
DEAP:S28:T06,DEAP:S28,T06,1,8.15,1,1,3,3,unexposed,baseline_relative,validation_familiar,1.0,0.9777631443710673,0.02223685562893273
DEAP:S28:T10,DEAP:S28,T10,1,7.99,1,1,3,3,unexposed,baseline_relative,validation_familiar,1.0,0.04307247845836348,0.9569275215416365
DEAP:S28:T11,DEAP:S28,T11,1,7.01,1,1,3,3,unexposed,baseline_relative,validation_familiar,1.0,0.032776602073732675,0.9672233979262673
DEAP:S28:T14,DEAP:S28,T14,1,8.03,1,1,3,3,unexposed,baseline_relative,validation_familiar,1.0,0.19448678904122618,0.8055132109587738
DEAP:S28:T16,DEAP:S28,T16,1,6.91,1,1,3,3,unexposed,baseline_relative,validation_familiar,1.0,0.05461680197023533,0.9453831980297647
DEAP:S28:T17,DEAP:S28,T17,1,6.99,1,1,3,3,unexposed,baseline_relative,validation_familiar,1.0,0.5591653506320085,0.4408346493679915
DEAP:S28:T20,DEAP:S28,T20,1,8.04,1,1,3,3,unexposed,baseline_relative,validation_familiar,1.0,0.20874466278548198,0.791255337214518
DEAP:S28:T21,DEAP:S28,T21,0,2.01,1,1,3,3,unexposed,baseline_relative,validation_familiar,1.0,0.02677794790177468,0.9732220520982253
DEAP:S28:T31,DEAP:S28,T31,1,6.91,1,1,3,3,unexposed,baseline_relative,validation_familiar,1.0,0.07479128978810179,0.9252087102118982
DEAP:S28:T34,DEAP:S28,T34,1,5.99,1,1,3,3,unexposed,baseline_relative,validation_familiar,1.0,0.07743913749503972,0.9225608625049603
DEAP:S28:T37,DEAP:S28,T37,0,1.01,1,1,3,3,unexposed,baseline_relative,validation_familiar,1.0,0.23558306175617327,0.7644169382438267
DEAP:S28:T38,DEAP:S28,T38,0,1.96,1,1,3,3,unexposed,baseline_relative,validation_familiar,1.0,0.4108393166508918,0.5891606833491082
DEAP:S28:T39,DEAP:S28,T39,0,1.04,1,1,3,3,unexposed,baseline_relative,validation_familiar,1.0,0.02935841353120061,0.9706415864687994
DEAP:S28:T40,DEAP:S28,T40,1,7.1,1,1,3,3,unexposed,baseline_relative,validation_familiar,1.0,0.2110749825353896,0.7889250174646104
DEAP:S01:T02,DEAP:S01,T02,1,8.1,1,1,3,3,unexposed,baseline_relative,train,10.0,0.2349828174011005,0.7650171825988995
DEAP:S01:T03,DEAP:S01,T03,1,8.58,1,1,3,3,unexposed,baseline_relative,train,10.0,0.5154775097587657,0.4845224902412343
DEAP:S01:T10,DEAP:S01,T10,0,1.99,1,1,3,3,unexposed,baseline_relative,train,10.0,0.9295602456274409,0.07043975437255912
DEAP:S01:T11,DEAP:S01,T11,0,2.99,1,1,3,3,unexposed,baseline_relative,train,10.0,0.7607789581004627,0.23922104189953733
DEAP:S01:T14,DEAP:S01,T14,0,4.18,1,1,3,3,unexposed,baseline_relative,train,10.0,0.5807409374774755,0.4192590625225246
DEAP:S01:T16,DEAP:S01,T16,1,6.81,1,1,3,3,unexposed,baseline_relative,train,10.0,0.22684145550149604,0.773158544498504
DEAP:S01:T17,DEAP:S01,T17,0,2.46,1,1,3,3,unexposed,baseline_relative,train,10.0,0.44348030754303247,0.5565196924569675
DEAP:S01:T20,DEAP:S01,T20,1,8.26,1,1,3,3,unexposed,baseline_relative,train,10.0,0.011544763755825693,0.9884552362441743
DEAP:S01:T21,DEAP:S01,T21,1,9.0,1,1,3,3,unexposed,baseline_relative,train,10.0,0.6106997643021974,0.38930023569780253
DEAP:S01:T31,DEAP:S01,T31,0,3.03,1,1,3,3,unexposed,baseline_relative,train,10.0,0.6076693917012179,0.3923306082987821
DEAP:S01:T34,DEAP:S01,T34,0,2.28,1,1,3,3,unexposed,baseline_relative,train,10.0,0.976634077578346,0.023365922421654063
DEAP:S01:T37,DEAP:S01,T37,0,2.31,1,1,3,3,unexposed,baseline_relative,train,10.0,0.5525446582006254,0.44745534179937463
DEAP:S01:T38,DEAP:S01,T38,0,3.33,1,1,3,3,unexposed,baseline_relative,train,10.0,0.7758530540238353,0.22414694597616475
DEAP:S01:T39,DEAP:S01,T39,0,3.24,1,1,3,3,unexposed,baseline_relative,train,10.0,0.888504403019859,0.111495596980141
DEAP:S01:T40,DEAP:S01,T40,1,5.1,1,1,3,3,unexposed,baseline_relative,train,10.0,0.6080303773419815,0.39196962265801855
DEAP:S02:T02,DEAP:S02,T02,1,8.01,1,1,3,3,unexposed,baseline_relative,train,10.0,0.1081956228048867,0.8918043771951133
DEAP:S02:T03,DEAP:S02,T03,1,9.0,1,1,3,3,unexposed,baseline_relative,train,10.0,0.6629304190700702,0.33706958092992984
DEAP:S02:T10,DEAP:S02,T10,0,4.99,1,1,3,3,unexposed,baseline_relative,train,10.0,0.5713909044444023,0.42860909555559773
DEAP:S02:T11,DEAP:S02,T11,1,7.08,1,1,3,3,unexposed,baseline_relative,train,10.0,0.08305770575530691,0.9169422942446931
DEAP:S02:T14,DEAP:S02,T14,1,8.94,1,1,3,3,unexposed,baseline_relative,train,10.0,0.48637711342159307,0.5136228865784069
DEAP:S02:T17,DEAP:S02,T17,1,9.0,1,1,3,3,unexposed,baseline_relative,train,10.0,0.25987979761520574,0.7401202023847943
DEAP:S02:T20,DEAP:S02,T20,1,8.97,1,1,3,3,unexposed,baseline_relative,train,10.0,0.7552940725095167,0.24470592749048323
DEAP:S02:T21,DEAP:S02,T21,0,1.0,1,1,3,3,unexposed,baseline_relative,train,10.0,0.8420759753340474,0.1579240246659526
DEAP:S02:T31,DEAP:S02,T31,0,4.06,1,1,3,3,unexposed,baseline_relative,train,10.0,0.6847298937111207,0.3152701062888793
DEAP:S02:T34,DEAP:S02,T34,0,4.87,1,1,3,3,unexposed,baseline_relative,train,10.0,0.9761274568616941,0.023872543138305887
DEAP:S02:T37,DEAP:S02,T37,0,1.0,1,1,3,3,unexposed,baseline_relative,train,10.0,0.9890159190021215,0.010984080997878511
DEAP:S02:T38,DEAP:S02,T38,0,1.0,1,1,3,3,unexposed,baseline_relative,train,10.0,0.7925888258738748,0.20741117412612523
DEAP:S02:T39,DEAP:S02,T39,0,1.0,1,1,3,3,unexposed,baseline_relative,train,10.0,0.5403855996331657,0.4596144003668343
DEAP:S02:T40,DEAP:S02,T40,1,6.05,1,1,3,3,unexposed,baseline_relative,train,10.0,0.16324343019109966,0.8367565698089003
DEAP:S03:T02,DEAP:S03,T02,1,7.21,1,1,3,3,unexposed,baseline_relative,train,10.0,0.55177992670005,0.4482200732999499
DEAP:S03:T03,DEAP:S03,T03,1,7.55,1,1,3,3,unexposed,baseline_relative,train,10.0,0.17273128182491582,0.8272687181750842
DEAP:S03:T06,DEAP:S03,T06,1,6.79,1,1,3,3,unexposed,baseline_relative,train,10.0,0.6949760432015608,0.30502395679843924
DEAP:S03:T10,DEAP:S03,T10,0,4.45,1,1,3,3,unexposed,baseline_relative,train,10.0,0.5704551586884774,0.4295448413115226
DEAP:S03:T11,DEAP:S03,T11,1,7.94,1,1,3,3,unexposed,baseline_relative,train,10.0,0.29673898245941766,0.7032610175405823
DEAP:S03:T14,DEAP:S03,T14,1,7.29,1,1,3,3,unexposed,baseline_relative,train,10.0,0.19980704527773463,0.8001929547222654
DEAP:S03:T16,DEAP:S03,T16,1,7.15,1,1,3,3,unexposed,baseline_relative,train,10.0,0.2477259409659005,0.7522740590340995
DEAP:S03:T17,DEAP:S03,T17,0,4.56,1,1,3,3,unexposed,baseline_relative,train,10.0,0.7890914258059074,0.21090857419409254
DEAP:S03:T20,DEAP:S03,T20,1,6.26,1,1,3,3,unexposed,baseline_relative,train,10.0,0.4335439087436139,0.5664560912563861
DEAP:S03:T21,DEAP:S03,T21,0,4.99,1,1,3,3,unexposed,baseline_relative,train,10.0,0.571267214857867,0.4287327851421329
DEAP:S03:T31,DEAP:S03,T31,0,4.44,1,1,3,3,unexposed,baseline_relative,train,10.0,0.54826235569571,0.4517376443042899
DEAP:S03:T37,DEAP:S03,T37,0,4.92,1,1,3,3,unexposed,baseline_relative,train,10.0,0.48427684745956967,0.5157231525404303
DEAP:S03:T38,DEAP:S03,T38,0,4.53,1,1,3,3,unexposed,baseline_relative,train,10.0,0.5161859079540623,0.4838140920459377
DEAP:S03:T39,DEAP:S03,T39,0,4.33,1,1,3,3,unexposed,baseline_relative,train,10.0,0.501227510283851,0.498772489716149
DEAP:S03:T40,DEAP:S03,T40,1,5.38,1,1,3,3,unexposed,baseline_relative,train,10.0,0.35009537890511944,0.6499046210948806
DEAP:S04:T02,DEAP:S04,T02,0,4.06,1,1,3,3,unexposed,baseline_relative,train,10.0,0.41150090877009504,0.588499091229905
DEAP:S04:T03,DEAP:S04,T03,1,8.95,1,1,3,3,unexposed,baseline_relative,train,10.0,0.13792162777158523,0.8620783722284148
DEAP:S04:T06,DEAP:S04,T06,1,5.01,1,1,3,3,unexposed,baseline_relative,train,10.0,0.7515547723350965,0.2484452276649035
DEAP:S04:T10,DEAP:S04,T10,0,3.15,1,1,3,3,unexposed,baseline_relative,train,10.0,0.5641298758879507,0.4358701241120493
DEAP:S04:T11,DEAP:S04,T11,1,7.24,1,1,3,3,unexposed,baseline_relative,train,10.0,0.37641118027528175,0.6235888197247182
DEAP:S04:T14,DEAP:S04,T14,1,6.96,1,1,3,3,unexposed,baseline_relative,train,10.0,0.20242788371371523,0.7975721162862848
DEAP:S04:T16,DEAP:S04,T16,0,2.51,1,1,3,3,unexposed,baseline_relative,train,10.0,0.7817257698769347,0.21827423012306538
DEAP:S04:T17,DEAP:S04,T17,1,7.01,1,1,3,3,unexposed,baseline_relative,train,10.0,0.8366635437626015,0.16333645623739848
DEAP:S04:T20,DEAP:S04,T20,1,8.17,1,1,3,3,unexposed,baseline_relative,train,10.0,0.25195975719892183,0.7480402428010782
DEAP:S04:T21,DEAP:S04,T21,0,1.77,1,1,3,3,unexposed,baseline_relative,train,10.0,0.7549179358854572,0.24508206411454286
DEAP:S04:T31,DEAP:S04,T31,0,2.01,1,1,3,3,unexposed,baseline_relative,train,10.0,0.7184565738978086,0.2815434261021914
DEAP:S04:T34,DEAP:S04,T34,0,2.17,1,1,3,3,unexposed,baseline_relative,train,10.0,0.978927350021124,0.021072649978876087
DEAP:S04:T37,DEAP:S04,T37,0,1.0,1,1,3,3,unexposed,baseline_relative,train,10.0,0.9563347482253417,0.043665251774658256
DEAP:S04:T38,DEAP:S04,T38,0,1.79,1,1,3,3,unexposed,baseline_relative,train,10.0,0.7573380998495517,0.24266190015044828
DEAP:S04:T39,DEAP:S04,T39,0,1.92,1,1,3,3,unexposed,baseline_relative,train,10.0,0.4589174743405948,0.5410825256594052
DEAP:S04:T40,DEAP:S04,T40,0,1.86,1,1,3,3,unexposed,baseline_relative,train,10.0,0.9270487007342983,0.07295129926570168
DEAP:S05:T02,DEAP:S05,T02,1,9.0,1,1,3,3,unexposed,baseline_relative,train,10.0,0.08848389891326813,0.9115161010867319
DEAP:S05:T03,DEAP:S05,T03,0,4.95,1,1,3,3,unexposed,baseline_relative,train,10.0,0.8367501776405776,0.1632498223594224
DEAP:S05:T06,DEAP:S05,T06,1,8.09,1,1,3,3,unexposed,baseline_relative,train,10.0,0.05842152016169588,0.9415784798383041
DEAP:S05:T10,DEAP:S05,T10,0,3.03,1,1,3,3,unexposed,baseline_relative,train,10.0,0.8271978775372777,0.1728021224627223
DEAP:S05:T11,DEAP:S05,T11,1,9.0,1,1,3,3,unexposed,baseline_relative,train,10.0,0.5429348169522938,0.4570651830477062
DEAP:S05:T16,DEAP:S05,T16,1,5.96,1,1,3,3,unexposed,baseline_relative,train,10.0,0.10879974087102484,0.8912002591289752
DEAP:S05:T17,DEAP:S05,T17,1,6.88,1,1,3,3,unexposed,baseline_relative,train,10.0,0.056391712372454994,0.943608287627545
DEAP:S05:T21,DEAP:S05,T21,0,4.0,1,1,3,3,unexposed,baseline_relative,train,10.0,0.6363081376614479,0.36369186233855205
DEAP:S05:T34,DEAP:S05,T34,1,6.03,1,1,3,3,unexposed,baseline_relative,train,10.0,0.004916803486507582,0.9950831965134924
DEAP:S05:T37,DEAP:S05,T37,0,1.91,1,1,3,3,unexposed,baseline_relative,train,10.0,0.9942093516917934,0.005790648308206597
DEAP:S05:T38,DEAP:S05,T38,0,1.0,1,1,3,3,unexposed,baseline_relative,train,10.0,0.9055585444760501,0.0944414555239499
DEAP:S05:T39,DEAP:S05,T39,0,1.0,1,1,3,3,unexposed,baseline_relative,train,10.0,0.6226455825824752,0.37735441741752485
DEAP:S05:T40,DEAP:S05,T40,1,7.0,1,1,3,3,unexposed,baseline_relative,train,10.0,0.18123001385495385,0.8187699861450461
DEAP:S06:T02,DEAP:S06,T02,1,6.83,1,1,3,3,unexposed,baseline_relative,train,10.0,0.1115609818941693,0.8884390181058307
DEAP:S06:T03,DEAP:S06,T03,1,7.69,1,1,3,3,unexposed,baseline_relative,train,10.0,0.049806634759500534,0.9501933652404995
DEAP:S06:T06,DEAP:S06,T06,1,8.05,1,1,3,3,unexposed,baseline_relative,train,10.0,0.7469577013106304,0.25304229868936956
DEAP:S06:T10,DEAP:S06,T10,1,7.37,1,1,3,3,unexposed,baseline_relative,train,10.0,0.09997318170127378,0.9000268182987262
DEAP:S06:T14,DEAP:S06,T14,1,6.32,1,1,3,3,unexposed,baseline_relative,train,10.0,0.0031138305381478437,0.9968861694618522
DEAP:S06:T16,DEAP:S06,T16,1,5.06,1,1,3,3,unexposed,baseline_relative,train,10.0,0.19654931450577795,0.803450685494222
DEAP:S06:T17,DEAP:S06,T17,1,6.72,1,1,3,3,unexposed,baseline_relative,train,10.0,0.0787791698589897,0.9212208301410103
DEAP:S06:T20,DEAP:S06,T20,1,5.01,1,1,3,3,unexposed,baseline_relative,train,10.0,0.7473008594081614,0.2526991405918386
DEAP:S06:T21,DEAP:S06,T21,1,6.28,1,1,3,3,unexposed,baseline_relative,train,10.0,0.3782334330728503,0.6217665669271497
DEAP:S06:T37,DEAP:S06,T37,0,4.83,1,1,3,3,unexposed,baseline_relative,train,10.0,0.931317425309379,0.06868257469062106
DEAP:S06:T38,DEAP:S06,T38,0,4.44,1,1,3,3,unexposed,baseline_relative,train,10.0,0.7721892325061559,0.22781076749384416
DEAP:S06:T39,DEAP:S06,T39,1,6.56,1,1,3,3,unexposed,baseline_relative,train,10.0,0.11458062124053547,0.8854193787594645
DEAP:S06:T40,DEAP:S06,T40,0,4.85,1,1,3,3,unexposed,baseline_relative,train,10.0,0.7996063669098542,0.20039363309014582
DEAP:S07:T02,DEAP:S07,T02,1,7.15,1,1,3,3,unexposed,baseline_relative,train,10.0,0.5255592372350204,0.47444076276497965
DEAP:S07:T06,DEAP:S07,T06,1,6.97,1,1,3,3,unexposed,baseline_relative,train,10.0,0.3140790799404184,0.6859209200595816
DEAP:S07:T10,DEAP:S07,T10,1,7.09,1,1,3,3,unexposed,baseline_relative,train,10.0,0.2588516728282051,0.7411483271717949
DEAP:S07:T11,DEAP:S07,T11,1,7.03,1,1,3,3,unexposed,baseline_relative,train,10.0,0.3256988022027488,0.6743011977972512
DEAP:S07:T14,DEAP:S07,T14,1,7.09,1,1,3,3,unexposed,baseline_relative,train,10.0,0.3901288959150211,0.6098711040849789
DEAP:S07:T16,DEAP:S07,T16,0,3.03,1,1,3,3,unexposed,baseline_relative,train,10.0,0.9767174828534213,0.023282517146578707
DEAP:S07:T17,DEAP:S07,T17,1,7.12,1,1,3,3,unexposed,baseline_relative,train,10.0,0.13953298567950745,0.8604670143204926
DEAP:S07:T20,DEAP:S07,T20,1,8.06,1,1,3,3,unexposed,baseline_relative,train,10.0,0.4571516925968998,0.5428483074031002
DEAP:S07:T21,DEAP:S07,T21,0,3.12,1,1,3,3,unexposed,baseline_relative,train,10.0,0.14322628718102792,0.8567737128189721
DEAP:S07:T31,DEAP:S07,T31,1,6.96,1,1,3,3,unexposed,baseline_relative,train,10.0,0.41210170453678396,0.587898295463216
DEAP:S07:T34,DEAP:S07,T34,0,4.01,1,1,3,3,unexposed,baseline_relative,train,10.0,0.853784011736547,0.14621598826345297
DEAP:S07:T37,DEAP:S07,T37,1,5.05,1,1,3,3,unexposed,baseline_relative,train,10.0,0.4350983871409476,0.5649016128590524
DEAP:S07:T38,DEAP:S07,T38,1,5.03,1,1,3,3,unexposed,baseline_relative,train,10.0,0.000534038454897412,0.9994659615451026
DEAP:S07:T39,DEAP:S07,T39,1,7.01,1,1,3,3,unexposed,baseline_relative,train,10.0,0.029937107667068807,0.9700628923329312
DEAP:S07:T40,DEAP:S07,T40,1,7.01,1,1,3,3,unexposed,baseline_relative,train,10.0,0.032999408633587524,0.9670005913664125
DEAP:S08:T02,DEAP:S08,T02,1,5.04,1,1,3,3,unexposed,baseline_relative,train,10.0,0.19058048995146704,0.809419510048533
DEAP:S08:T03,DEAP:S08,T03,1,8.15,1,1,3,3,unexposed,baseline_relative,train,10.0,9.210002089676816e-05,0.9999078999791032
DEAP:S08:T06,DEAP:S08,T06,1,7.4,1,1,3,3,unexposed,baseline_relative,train,10.0,0.6800302082023958,0.3199697917976042
DEAP:S08:T10,DEAP:S08,T10,0,4.97,1,1,3,3,unexposed,baseline_relative,train,10.0,0.4083932842263882,0.5916067157736118
DEAP:S08:T11,DEAP:S08,T11,1,8.41,1,1,3,3,unexposed,baseline_relative,train,10.0,0.34826723653664393,0.6517327634633561
DEAP:S08:T16,DEAP:S08,T16,0,4.21,1,1,3,3,unexposed,baseline_relative,train,10.0,0.806924521322469,0.19307547867753105
DEAP:S08:T17,DEAP:S08,T17,1,6.67,1,1,3,3,unexposed,baseline_relative,train,10.0,0.025255579591412225,0.9747444204085878
DEAP:S08:T20,DEAP:S08,T20,1,6.74,1,1,3,3,unexposed,baseline_relative,train,10.0,0.07102935336474447,0.9289706466352555
DEAP:S08:T21,DEAP:S08,T21,0,4.68,1,1,3,3,unexposed,baseline_relative,train,10.0,0.6267513637243454,0.3732486362756547
DEAP:S08:T31,DEAP:S08,T31,0,1.45,1,1,3,3,unexposed,baseline_relative,train,10.0,0.6835407039909234,0.3164592960090767
DEAP:S08:T34,DEAP:S08,T34,1,5.05,1,1,3,3,unexposed,baseline_relative,train,10.0,0.0075037562542273895,0.9924962437457726
DEAP:S08:T37,DEAP:S08,T37,1,5.06,1,1,3,3,unexposed,baseline_relative,train,10.0,0.2109010377280589,0.7890989622719411
DEAP:S08:T38,DEAP:S08,T38,0,4.72,1,1,3,3,unexposed,baseline_relative,train,10.0,0.9316526271988356,0.06834737280116446
DEAP:S08:T39,DEAP:S08,T39,1,5.05,1,1,3,3,unexposed,baseline_relative,train,10.0,0.08786526048347054,0.9121347395165295
DEAP:S08:T40,DEAP:S08,T40,0,3.13,1,1,3,3,unexposed,baseline_relative,train,10.0,0.8974074336357675,0.10259256636423254
DEAP:S10:T02,DEAP:S10,T02,0,3.55,1,1,3,3,unexposed,baseline_relative,train,10.0,0.9703179628327889,0.029682037167211104
DEAP:S10:T03,DEAP:S10,T03,1,5.86,1,1,3,3,unexposed,baseline_relative,train,10.0,0.2933287042791549,0.7066712957208451
DEAP:S10:T06,DEAP:S10,T06,1,7.1,1,1,3,3,unexposed,baseline_relative,train,10.0,0.6066097044524497,0.3933902955475504
DEAP:S10:T10,DEAP:S10,T10,1,5.94,1,1,3,3,unexposed,baseline_relative,train,10.0,0.09781257716575698,0.902187422834243
DEAP:S10:T11,DEAP:S10,T11,1,8.99,1,1,3,3,unexposed,baseline_relative,train,10.0,0.2393832075959509,0.7606167924040491
DEAP:S10:T14,DEAP:S10,T14,1,8.81,1,1,3,3,unexposed,baseline_relative,train,10.0,0.03738242784013612,0.9626175721598639
DEAP:S10:T16,DEAP:S10,T16,0,3.85,1,1,3,3,unexposed,baseline_relative,train,10.0,0.9465768021922657,0.05342319780773427
DEAP:S10:T17,DEAP:S10,T17,0,4.95,1,1,3,3,unexposed,baseline_relative,train,10.0,0.5538395185501506,0.44616048144984943
DEAP:S10:T20,DEAP:S10,T20,1,5.58,1,1,3,3,unexposed,baseline_relative,train,10.0,0.17223634221210915,0.8277636577878908
DEAP:S10:T21,DEAP:S10,T21,0,2.97,1,1,3,3,unexposed,baseline_relative,train,10.0,0.9491258879255315,0.050874112074468444
DEAP:S10:T31,DEAP:S10,T31,0,4.15,1,1,3,3,unexposed,baseline_relative,train,10.0,0.880730194403865,0.11926980559613501
DEAP:S10:T34,DEAP:S10,T34,0,3.91,1,1,3,3,unexposed,baseline_relative,train,10.0,0.7220922649752937,0.2779077350247064
DEAP:S10:T37,DEAP:S10,T37,0,2.92,1,1,3,3,unexposed,baseline_relative,train,10.0,0.5863959588951765,0.4136040411048235
DEAP:S10:T38,DEAP:S10,T38,0,1.91,1,1,3,3,unexposed,baseline_relative,train,10.0,0.36936674203870534,0.6306332579612947
DEAP:S10:T39,DEAP:S10,T39,0,2.17,1,1,3,3,unexposed,baseline_relative,train,10.0,0.9358368726574245,0.06416312734257541
DEAP:S10:T40,DEAP:S10,T40,1,5.78,1,1,3,3,unexposed,baseline_relative,train,10.0,0.9360332340302535,0.06396676596974654
DEAP:S13:T02,DEAP:S13,T02,0,4.03,1,1,3,3,unexposed,baseline_relative,train,10.0,0.32868153163750236,0.6713184683624976
DEAP:S13:T03,DEAP:S13,T03,1,9.0,1,1,3,3,unexposed,baseline_relative,train,10.0,0.16340106475603222,0.8365989352439678
DEAP:S13:T06,DEAP:S13,T06,0,4.46,1,1,3,3,unexposed,baseline_relative,train,10.0,0.4664588304759356,0.5335411695240644
DEAP:S13:T10,DEAP:S13,T10,0,4.01,1,1,3,3,unexposed,baseline_relative,train,10.0,0.9013784437173695,0.09862155628263047
DEAP:S13:T11,DEAP:S13,T11,1,7.04,1,1,3,3,unexposed,baseline_relative,train,10.0,0.8302355959074336,0.16976440409256643
DEAP:S13:T14,DEAP:S13,T14,1,7.97,1,1,3,3,unexposed,baseline_relative,train,10.0,0.5233940033237865,0.4766059966762135
DEAP:S13:T17,DEAP:S13,T17,1,5.99,1,1,3,3,unexposed,baseline_relative,train,10.0,0.7518136821755503,0.24818631782444966
DEAP:S13:T20,DEAP:S13,T20,1,7.6,1,1,3,3,unexposed,baseline_relative,train,10.0,0.4162401162851743,0.5837598837148257
DEAP:S13:T21,DEAP:S13,T21,0,2.0,1,1,3,3,unexposed,baseline_relative,train,10.0,0.7384891498065005,0.26151085019349957
DEAP:S13:T31,DEAP:S13,T31,0,1.97,1,1,3,3,unexposed,baseline_relative,train,10.0,0.1021130989560044,0.8978869010439956
DEAP:S13:T34,DEAP:S13,T34,0,2.92,1,1,3,3,unexposed,baseline_relative,train,10.0,0.4510402182736587,0.5489597817263413
DEAP:S13:T37,DEAP:S13,T37,0,1.0,1,1,3,3,unexposed,baseline_relative,train,10.0,0.8060956903625499,0.19390430963745006
DEAP:S13:T39,DEAP:S13,T39,0,1.97,1,1,3,3,unexposed,baseline_relative,train,10.0,0.4594756524483107,0.5405243475516893
DEAP:S13:T40,DEAP:S13,T40,0,4.08,1,1,3,3,unexposed,baseline_relative,train,10.0,0.3860674701880399,0.6139325298119601
DEAP:S15:T02,DEAP:S15,T02,1,5.04,1,1,3,3,unexposed,baseline_relative,train,10.0,0.2197281423690377,0.7802718576309623
DEAP:S15:T03,DEAP:S15,T03,1,8.04,1,1,3,3,unexposed,baseline_relative,train,10.0,0.48893502343743556,0.5110649765625644
DEAP:S15:T06,DEAP:S15,T06,1,9.0,1,1,3,3,unexposed,baseline_relative,train,10.0,0.120071761447749,0.879928238552251
DEAP:S15:T10,DEAP:S15,T10,0,4.99,1,1,3,3,unexposed,baseline_relative,train,10.0,0.8109330207114704,0.1890669792885296
DEAP:S15:T11,DEAP:S15,T11,1,8.99,1,1,3,3,unexposed,baseline_relative,train,10.0,0.24067073729080368,0.7593292627091963
DEAP:S15:T14,DEAP:S15,T14,1,8.15,1,1,3,3,unexposed,baseline_relative,train,10.0,0.317178041244069,0.682821958755931
DEAP:S15:T16,DEAP:S15,T16,0,4.17,1,1,3,3,unexposed,baseline_relative,train,10.0,0.8519668225411524,0.14803317745884756
DEAP:S15:T17,DEAP:S15,T17,1,8.1,1,1,3,3,unexposed,baseline_relative,train,10.0,0.12882741394026054,0.8711725860597395
DEAP:S15:T20,DEAP:S15,T20,1,7.97,1,1,3,3,unexposed,baseline_relative,train,10.0,0.5260603433942788,0.4739396566057213
DEAP:S15:T21,DEAP:S15,T21,0,3.09,1,1,3,3,unexposed,baseline_relative,train,10.0,0.9215812943864699,0.0784187056135302
DEAP:S15:T31,DEAP:S15,T31,0,2.99,1,1,3,3,unexposed,baseline_relative,train,10.0,0.7754630440603019,0.2245369559396982
DEAP:S15:T37,DEAP:S15,T37,0,3.04,1,1,3,3,unexposed,baseline_relative,train,10.0,0.8889880051496339,0.11101199485036609
DEAP:S15:T38,DEAP:S15,T38,0,2.08,1,1,3,3,unexposed,baseline_relative,train,10.0,0.748573109477056,0.25142689052294404
DEAP:S15:T39,DEAP:S15,T39,0,4.0,1,1,3,3,unexposed,baseline_relative,train,10.0,0.9895038211885921,0.010496178811407892
DEAP:S15:T40,DEAP:S15,T40,0,4.01,1,1,3,3,unexposed,baseline_relative,train,10.0,0.3073758028064748,0.6926241971935252
DEAP:S18:T02,DEAP:S18,T02,1,6.87,1,1,3,3,unexposed,baseline_relative,train,10.0,0.1574288240162539,0.8425711759837461
DEAP:S18:T03,DEAP:S18,T03,1,6.36,1,1,3,3,unexposed,baseline_relative,train,10.0,0.03819222856595661,0.9618077714340434
DEAP:S18:T06,DEAP:S18,T06,1,6.51,1,1,3,3,unexposed,baseline_relative,train,10.0,0.011731576812005429,0.9882684231879946
DEAP:S18:T10,DEAP:S18,T10,1,6.09,1,1,3,3,unexposed,baseline_relative,train,10.0,0.992346354573088,0.0076536454269120245
DEAP:S18:T11,DEAP:S18,T11,1,6.24,1,1,3,3,unexposed,baseline_relative,train,10.0,0.011027749652934071,0.9889722503470659
DEAP:S18:T14,DEAP:S18,T14,1,6.62,1,1,3,3,unexposed,baseline_relative,train,10.0,0.048689387335221435,0.9513106126647786
DEAP:S18:T16,DEAP:S18,T16,0,4.38,1,1,3,3,unexposed,baseline_relative,train,10.0,0.7546419443036709,0.2453580556963291
DEAP:S18:T17,DEAP:S18,T17,1,7.74,1,1,3,3,unexposed,baseline_relative,train,10.0,0.015262402452507318,0.9847375975474927
DEAP:S18:T20,DEAP:S18,T20,1,6.24,1,1,3,3,unexposed,baseline_relative,train,10.0,0.06237749767734324,0.9376225023226568
DEAP:S18:T31,DEAP:S18,T31,0,4.44,1,1,3,3,unexposed,baseline_relative,train,10.0,0.5669079961817517,0.4330920038182483
DEAP:S18:T34,DEAP:S18,T34,0,4.15,1,1,3,3,unexposed,baseline_relative,train,10.0,0.932106594750122,0.067893405249878
DEAP:S18:T37,DEAP:S18,T37,0,4.0,1,1,3,3,unexposed,baseline_relative,train,10.0,0.8899554716743522,0.1100445283256478
DEAP:S18:T38,DEAP:S18,T38,0,4.51,1,1,3,3,unexposed,baseline_relative,train,10.0,0.9044173381937944,0.09558266180620556
DEAP:S18:T39,DEAP:S18,T39,0,4.06,1,1,3,3,unexposed,baseline_relative,train,10.0,0.918538806797899,0.08146119320210103
DEAP:S19:T02,DEAP:S19,T02,1,6.46,1,1,3,3,unexposed,baseline_relative,train,10.0,0.0927345492159406,0.9072654507840594
DEAP:S19:T03,DEAP:S19,T03,1,6.82,1,1,3,3,unexposed,baseline_relative,train,10.0,0.6370874459127782,0.36291255408722173
DEAP:S19:T06,DEAP:S19,T06,1,7.73,1,1,3,3,unexposed,baseline_relative,train,10.0,0.12261055071797367,0.8773894492820263
DEAP:S19:T10,DEAP:S19,T10,1,5.01,1,1,3,3,unexposed,baseline_relative,train,10.0,0.5621886872609256,0.4378113127390744
DEAP:S19:T11,DEAP:S19,T11,1,5.83,1,1,3,3,unexposed,baseline_relative,train,10.0,0.08400776418801947,0.9159922358119805
DEAP:S19:T16,DEAP:S19,T16,0,3.24,1,1,3,3,unexposed,baseline_relative,train,10.0,0.33039608205496607,0.6696039179450339
DEAP:S19:T17,DEAP:S19,T17,1,7.38,1,1,3,3,unexposed,baseline_relative,train,10.0,0.1465796371719542,0.8534203628280458
DEAP:S19:T20,DEAP:S19,T20,1,6.13,1,1,3,3,unexposed,baseline_relative,train,10.0,0.04741176643237777,0.9525882335676222
DEAP:S19:T21,DEAP:S19,T21,0,2.19,1,1,3,3,unexposed,baseline_relative,train,10.0,0.9202675384568546,0.0797324615431454
DEAP:S19:T31,DEAP:S19,T31,1,5.03,1,1,3,3,unexposed,baseline_relative,train,10.0,0.15942761832009278,0.8405723816799072
DEAP:S19:T34,DEAP:S19,T34,0,4.17,1,1,3,3,unexposed,baseline_relative,train,10.0,0.21985175787178923,0.7801482421282108
DEAP:S19:T37,DEAP:S19,T37,0,3.15,1,1,3,3,unexposed,baseline_relative,train,10.0,0.49261949250793535,0.5073805074920646
DEAP:S19:T38,DEAP:S19,T38,0,1.62,1,1,3,3,unexposed,baseline_relative,train,10.0,0.3060402303175309,0.6939597696824691
DEAP:S19:T39,DEAP:S19,T39,1,5.04,1,1,3,3,unexposed,baseline_relative,train,10.0,0.3653808497426325,0.6346191502573675
DEAP:S19:T40,DEAP:S19,T40,0,4.24,1,1,3,3,unexposed,baseline_relative,train,10.0,0.9471077327322035,0.05289226726779646
DEAP:S20:T02,DEAP:S20,T02,1,6.77,1,1,3,3,unexposed,baseline_relative,train,10.0,0.00862362994631194,0.9913763700536881
DEAP:S20:T03,DEAP:S20,T03,1,7.18,1,1,3,3,unexposed,baseline_relative,train,10.0,0.0011228378911274373,0.9988771621088726
DEAP:S20:T06,DEAP:S20,T06,1,7.62,1,1,3,3,unexposed,baseline_relative,train,10.0,0.040161878622537506,0.9598381213774625
DEAP:S20:T10,DEAP:S20,T10,1,5.13,1,1,3,3,unexposed,baseline_relative,train,10.0,0.0002644039560226741,0.9997355960439773
DEAP:S20:T11,DEAP:S20,T11,1,8.18,1,1,3,3,unexposed,baseline_relative,train,10.0,0.33999020448185546,0.6600097955181445
DEAP:S20:T14,DEAP:S20,T14,1,6.4,1,1,3,3,unexposed,baseline_relative,train,10.0,0.02912445552049503,0.970875544479505
DEAP:S20:T16,DEAP:S20,T16,1,5.03,1,1,3,3,unexposed,baseline_relative,train,10.0,0.5564253487399365,0.44357465126006346
DEAP:S20:T17,DEAP:S20,T17,1,5.04,1,1,3,3,unexposed,baseline_relative,train,10.0,0.005154787806239458,0.9948452121937605
DEAP:S20:T20,DEAP:S20,T20,1,6.65,1,1,3,3,unexposed,baseline_relative,train,10.0,0.35996637877475934,0.6400336212252407
DEAP:S20:T21,DEAP:S20,T21,0,4.97,1,1,3,3,unexposed,baseline_relative,train,10.0,0.6855443046914287,0.3144556953085713
DEAP:S20:T34,DEAP:S20,T34,0,4.74,1,1,3,3,unexposed,baseline_relative,train,10.0,0.9909075096434111,0.009092490356588831
DEAP:S20:T37,DEAP:S20,T37,0,3.01,1,1,3,3,unexposed,baseline_relative,train,10.0,0.8436836942733844,0.1563163057266156
DEAP:S20:T39,DEAP:S20,T39,0,4.67,1,1,3,3,unexposed,baseline_relative,train,10.0,0.21121794999040866,0.7887820500095913
DEAP:S20:T40,DEAP:S20,T40,0,4.94,1,1,3,3,unexposed,baseline_relative,train,10.0,0.6583826822032892,0.34161731779671073
DEAP:S21:T02,DEAP:S21,T02,1,7.05,1,1,3,3,unexposed,baseline_relative,train,10.0,0.5929432272627347,0.40705677273726526
DEAP:S21:T03,DEAP:S21,T03,0,4.83,1,1,3,3,unexposed,baseline_relative,train,10.0,0.6266121372869466,0.37338786271305335
DEAP:S21:T06,DEAP:S21,T06,1,7.92,1,1,3,3,unexposed,baseline_relative,train,10.0,0.31715789383121284,0.6828421061687872
DEAP:S21:T10,DEAP:S21,T10,1,7.05,1,1,3,3,unexposed,baseline_relative,train,10.0,0.21311726765583539,0.7868827323441646
DEAP:S21:T11,DEAP:S21,T11,1,7.05,1,1,3,3,unexposed,baseline_relative,train,10.0,0.35043791385965084,0.6495620861403492
DEAP:S21:T14,DEAP:S21,T14,1,8.1,1,1,3,3,unexposed,baseline_relative,train,10.0,0.9238928493011502,0.07610715069884971
DEAP:S21:T17,DEAP:S21,T17,1,5.53,1,1,3,3,unexposed,baseline_relative,train,10.0,0.923797845215702,0.07620215478429808
DEAP:S21:T20,DEAP:S21,T20,0,2.33,1,1,3,3,unexposed,baseline_relative,train,10.0,0.9816565174955689,0.01834348250443109
DEAP:S21:T21,DEAP:S21,T21,0,4.08,1,1,3,3,unexposed,baseline_relative,train,10.0,0.230109665184282,0.769890334815718
DEAP:S21:T31,DEAP:S21,T31,1,5.04,1,1,3,3,unexposed,baseline_relative,train,10.0,0.42773621618650814,0.5722637838134919
DEAP:S21:T34,DEAP:S21,T34,0,4.06,1,1,3,3,unexposed,baseline_relative,train,10.0,0.5045467188268073,0.4954532811731926
DEAP:S21:T37,DEAP:S21,T37,0,3.04,1,1,3,3,unexposed,baseline_relative,train,10.0,0.3201737962283048,0.6798262037716952
DEAP:S21:T38,DEAP:S21,T38,0,3.03,1,1,3,3,unexposed,baseline_relative,train,10.0,0.705400508604132,0.2945994913958681
DEAP:S21:T39,DEAP:S21,T39,1,6.09,1,1,3,3,unexposed,baseline_relative,train,10.0,0.2485442184465595,0.7514557815534405
DEAP:S21:T40,DEAP:S21,T40,0,3.99,1,1,3,3,unexposed,baseline_relative,train,10.0,0.735191602084871,0.26480839791512895
DEAP:S22:T02,DEAP:S22,T02,1,7.08,1,1,3,3,unexposed,baseline_relative,train,10.0,0.8348827259009882,0.16511727409901178
DEAP:S22:T03,DEAP:S22,T03,1,7.05,1,1,3,3,unexposed,baseline_relative,train,10.0,0.05390812885690477,0.9460918711430952
DEAP:S22:T06,DEAP:S22,T06,0,4.97,1,1,3,3,unexposed,baseline_relative,train,10.0,0.8374640622314855,0.1625359377685145
DEAP:S22:T10,DEAP:S22,T10,0,4.0,1,1,3,3,unexposed,baseline_relative,train,10.0,0.7981843712286707,0.20181562877132933
DEAP:S22:T11,DEAP:S22,T11,1,8.05,1,1,3,3,unexposed,baseline_relative,train,10.0,0.18777932008636444,0.8122206799136356
DEAP:S22:T14,DEAP:S22,T14,1,8.05,1,1,3,3,unexposed,baseline_relative,train,10.0,0.4739916528301501,0.5260083471698499
DEAP:S22:T16,DEAP:S22,T16,1,6.06,1,1,3,3,unexposed,baseline_relative,train,10.0,0.352055001245974,0.647944998754026
DEAP:S22:T17,DEAP:S22,T17,1,5.04,1,1,3,3,unexposed,baseline_relative,train,10.0,0.6036534049838959,0.39634659501610414
DEAP:S22:T21,DEAP:S22,T21,0,2.97,1,1,3,3,unexposed,baseline_relative,train,10.0,0.785283871706175,0.21471612829382505
DEAP:S22:T31,DEAP:S22,T31,0,2.01,1,1,3,3,unexposed,baseline_relative,train,10.0,0.8362173896429193,0.1637826103570807
DEAP:S22:T34,DEAP:S22,T34,1,5.04,1,1,3,3,unexposed,baseline_relative,train,10.0,0.5183838995236693,0.48161610047633074
DEAP:S22:T37,DEAP:S22,T37,0,1.0,1,1,3,3,unexposed,baseline_relative,train,10.0,0.8494299784448004,0.1505700215551996
DEAP:S22:T38,DEAP:S22,T38,0,1.0,1,1,3,3,unexposed,baseline_relative,train,10.0,0.63056427944752,0.36943572055248
DEAP:S22:T39,DEAP:S22,T39,0,1.0,1,1,3,3,unexposed,baseline_relative,train,10.0,0.7449625687242357,0.2550374312757643
DEAP:S22:T40,DEAP:S22,T40,0,2.97,1,1,3,3,unexposed,baseline_relative,train,10.0,0.7457252350873749,0.2542747649126251
DEAP:S23:T02,DEAP:S23,T02,1,9.0,1,1,3,3,unexposed,baseline_relative,train,10.0,0.3480349894365541,0.6519650105634459
DEAP:S23:T03,DEAP:S23,T03,1,7.09,1,1,3,3,unexposed,baseline_relative,train,10.0,0.2283806831162879,0.7716193168837121
DEAP:S23:T06,DEAP:S23,T06,1,5.09,1,1,3,3,unexposed,baseline_relative,train,10.0,0.3274369162937676,0.6725630837062324
DEAP:S23:T10,DEAP:S23,T10,1,5.01,1,1,3,3,unexposed,baseline_relative,train,10.0,0.2926831029218415,0.7073168970781585
DEAP:S23:T11,DEAP:S23,T11,1,7.0,1,1,3,3,unexposed,baseline_relative,train,10.0,0.7044253673834903,0.29557463261650974
DEAP:S23:T14,DEAP:S23,T14,1,8.01,1,1,3,3,unexposed,baseline_relative,train,10.0,0.2627764617978997,0.7372235382021003
DEAP:S23:T16,DEAP:S23,T16,1,5.15,1,1,3,3,unexposed,baseline_relative,train,10.0,0.29529304031445813,0.7047069596855419
DEAP:S23:T17,DEAP:S23,T17,0,2.86,1,1,3,3,unexposed,baseline_relative,train,10.0,0.9756553285481536,0.024344671451846336
DEAP:S23:T20,DEAP:S23,T20,0,3.96,1,1,3,3,unexposed,baseline_relative,train,10.0,0.4426457287747796,0.5573542712252204
DEAP:S23:T21,DEAP:S23,T21,0,1.91,1,1,3,3,unexposed,baseline_relative,train,10.0,0.8547935946988012,0.1452064053011988
DEAP:S23:T31,DEAP:S23,T31,0,4.86,1,1,3,3,unexposed,baseline_relative,train,10.0,0.857025861313948,0.14297413868605202
DEAP:S23:T34,DEAP:S23,T34,1,6.72,1,1,3,3,unexposed,baseline_relative,train,10.0,0.0009144745796253462,0.9990855254203747
DEAP:S23:T37,DEAP:S23,T37,0,4.31,1,1,3,3,unexposed,baseline_relative,train,10.0,0.6227566317487141,0.37724336825128596
DEAP:S23:T38,DEAP:S23,T38,0,4.97,1,1,3,3,unexposed,baseline_relative,train,10.0,0.5811781430343698,0.41882185696563023
DEAP:S23:T40,DEAP:S23,T40,0,4.88,1,1,3,3,unexposed,baseline_relative,train,10.0,0.6352715863262078,0.36472841367379216
DEAP:S24:T02,DEAP:S24,T02,1,6.04,1,1,3,3,unexposed,baseline_relative,train,10.0,0.5903143329500768,0.4096856670499232
DEAP:S24:T03,DEAP:S24,T03,1,8.96,1,1,3,3,unexposed,baseline_relative,train,10.0,0.3841044855374338,0.6158955144625662
DEAP:S24:T06,DEAP:S24,T06,1,5.96,1,1,3,3,unexposed,baseline_relative,train,10.0,0.7046197227980578,0.29538027720194215
DEAP:S24:T10,DEAP:S24,T10,1,5.01,1,1,3,3,unexposed,baseline_relative,train,10.0,0.5077577597543732,0.49224224024562685
DEAP:S24:T11,DEAP:S24,T11,1,7.03,1,1,3,3,unexposed,baseline_relative,train,10.0,0.7306349055347656,0.2693650944652344
DEAP:S24:T14,DEAP:S24,T14,1,8.05,1,1,3,3,unexposed,baseline_relative,train,10.0,0.6298746499332226,0.3701253500667773
DEAP:S24:T16,DEAP:S24,T16,0,4.0,1,1,3,3,unexposed,baseline_relative,train,10.0,0.6174224586943101,0.3825775413056899
DEAP:S24:T17,DEAP:S24,T17,0,4.08,1,1,3,3,unexposed,baseline_relative,train,10.0,0.3828996592634898,0.6171003407365102
DEAP:S24:T20,DEAP:S24,T20,0,4.03,1,1,3,3,unexposed,baseline_relative,train,10.0,0.5455769397020711,0.4544230602979289
DEAP:S24:T21,DEAP:S24,T21,0,1.96,1,1,3,3,unexposed,baseline_relative,train,10.0,0.7138201103263807,0.2861798896736193
DEAP:S24:T31,DEAP:S24,T31,0,2.94,1,1,3,3,unexposed,baseline_relative,train,10.0,0.901009005631504,0.098990994368496
DEAP:S24:T34,DEAP:S24,T34,0,4.05,1,1,3,3,unexposed,baseline_relative,train,10.0,0.9895495949025511,0.01045040509744884
DEAP:S24:T37,DEAP:S24,T37,0,4.0,1,1,3,3,unexposed,baseline_relative,train,10.0,0.8036957369060362,0.19630426309396373
DEAP:S24:T38,DEAP:S24,T38,0,2.03,1,1,3,3,unexposed,baseline_relative,train,10.0,0.935757597558753,0.06424240244124706
DEAP:S24:T39,DEAP:S24,T39,0,2.12,1,1,3,3,unexposed,baseline_relative,train,10.0,0.517993330641735,0.482006669358265
DEAP:S25:T02,DEAP:S25,T02,0,2.99,1,1,3,3,unexposed,baseline_relative,train,10.0,0.9278062366792196,0.07219376332078038
DEAP:S25:T03,DEAP:S25,T03,1,7.12,1,1,3,3,unexposed,baseline_relative,train,10.0,0.5829489085030477,0.41705109149695224
DEAP:S25:T10,DEAP:S25,T10,0,1.0,1,1,3,3,unexposed,baseline_relative,train,10.0,0.963772765986447,0.036227234013552996
DEAP:S25:T11,DEAP:S25,T11,1,9.0,1,1,3,3,unexposed,baseline_relative,train,10.0,0.17658358530463614,0.8234164146953639
DEAP:S25:T14,DEAP:S25,T14,1,8.09,1,1,3,3,unexposed,baseline_relative,train,10.0,0.6453498271622448,0.35465017283775524
DEAP:S25:T16,DEAP:S25,T16,1,6.05,1,1,3,3,unexposed,baseline_relative,train,10.0,0.14539090371840313,0.8546090962815969
DEAP:S25:T17,DEAP:S25,T17,1,5.04,1,1,3,3,unexposed,baseline_relative,train,10.0,0.6896989671315772,0.31030103286842287
DEAP:S25:T20,DEAP:S25,T20,1,7.08,1,1,3,3,unexposed,baseline_relative,train,10.0,0.07395413573661402,0.926045864263386
DEAP:S25:T21,DEAP:S25,T21,1,6.03,1,1,3,3,unexposed,baseline_relative,train,10.0,0.5563945072266768,0.4436054927733232
DEAP:S25:T34,DEAP:S25,T34,0,4.95,1,1,3,3,unexposed,baseline_relative,train,10.0,0.36541703107891477,0.6345829689210852
DEAP:S25:T37,DEAP:S25,T37,0,1.0,1,1,3,3,unexposed,baseline_relative,train,10.0,0.6354487553232713,0.3645512446767287
DEAP:S25:T38,DEAP:S25,T38,0,1.0,1,1,3,3,unexposed,baseline_relative,train,10.0,0.9673674388438013,0.03263256115619875
DEAP:S25:T39,DEAP:S25,T39,0,1.0,1,1,3,3,unexposed,baseline_relative,train,10.0,0.7084410851122724,0.2915589148877276
DEAP:S25:T40,DEAP:S25,T40,0,1.0,1,1,3,3,unexposed,baseline_relative,train,10.0,0.5763843922572134,0.42361560774278656
DEAP:S27:T02,DEAP:S27,T02,1,7.0,1,1,3,3,unexposed,baseline_relative,train,10.0,0.26618314818707556,0.7338168518129244
DEAP:S27:T03,DEAP:S27,T03,1,9.0,1,1,3,3,unexposed,baseline_relative,train,10.0,0.6565584944335522,0.3434415055664478
DEAP:S27:T06,DEAP:S27,T06,1,7.0,1,1,3,3,unexposed,baseline_relative,train,10.0,0.01390563947331458,0.9860943605266854
DEAP:S27:T10,DEAP:S27,T10,1,6.01,1,1,3,3,unexposed,baseline_relative,train,10.0,0.09238710565767994,0.9076128943423201
DEAP:S27:T11,DEAP:S27,T11,1,9.0,1,1,3,3,unexposed,baseline_relative,train,10.0,0.06525609087117834,0.9347439091288217
DEAP:S27:T14,DEAP:S27,T14,1,8.06,1,1,3,3,unexposed,baseline_relative,train,10.0,0.19084475202078688,0.8091552479792131
DEAP:S27:T16,DEAP:S27,T16,1,8.06,1,1,3,3,unexposed,baseline_relative,train,10.0,0.39437074362258584,0.6056292563774142
DEAP:S27:T17,DEAP:S27,T17,1,9.0,1,1,3,3,unexposed,baseline_relative,train,10.0,0.617162454034275,0.382837545965725
DEAP:S27:T20,DEAP:S27,T20,1,6.97,1,1,3,3,unexposed,baseline_relative,train,10.0,0.012194238493408949,0.987805761506591
DEAP:S27:T21,DEAP:S27,T21,1,9.0,1,1,3,3,unexposed,baseline_relative,train,10.0,0.06829635868821005,0.93170364131179
DEAP:S27:T31,DEAP:S27,T31,1,5.08,1,1,3,3,unexposed,baseline_relative,train,10.0,0.35302537574534154,0.6469746242546585
DEAP:S27:T34,DEAP:S27,T34,0,2.85,1,1,3,3,unexposed,baseline_relative,train,10.0,0.8557510152198311,0.14424898478016895
DEAP:S27:T37,DEAP:S27,T37,0,2.99,1,1,3,3,unexposed,baseline_relative,train,10.0,0.914870479542365,0.08512952045763499
DEAP:S27:T38,DEAP:S27,T38,0,1.0,1,1,3,3,unexposed,baseline_relative,train,10.0,0.42294911109088174,0.5770508889091183
DEAP:S27:T39,DEAP:S27,T39,0,2.14,1,1,3,3,unexposed,baseline_relative,train,10.0,0.846022318472204,0.15397768152779595
DEAP:S27:T40,DEAP:S27,T40,1,5.04,1,1,3,3,unexposed,baseline_relative,train,10.0,0.18966242558107738,0.8103375744189226
DEAP:S29:T02,DEAP:S29,T02,1,7.05,1,1,3,3,unexposed,baseline_relative,train,10.0,0.05498367721444475,0.9450163227855553
DEAP:S29:T03,DEAP:S29,T03,1,9.0,1,1,3,3,unexposed,baseline_relative,train,10.0,0.011818741271132582,0.9881812587288674
DEAP:S29:T06,DEAP:S29,T06,1,8.03,1,1,3,3,unexposed,baseline_relative,train,10.0,0.04688525776300989,0.9531147422369901
DEAP:S29:T11,DEAP:S29,T11,1,8.03,1,1,3,3,unexposed,baseline_relative,train,10.0,0.05746857898575708,0.9425314210142429
DEAP:S29:T14,DEAP:S29,T14,1,8.06,1,1,3,3,unexposed,baseline_relative,train,10.0,0.0069894695575696275,0.9930105304424304
DEAP:S29:T16,DEAP:S29,T16,0,3.0,1,1,3,3,unexposed,baseline_relative,train,10.0,0.9217165981271257,0.07828340187287434
DEAP:S29:T17,DEAP:S29,T17,1,5.08,1,1,3,3,unexposed,baseline_relative,train,10.0,0.25194189511803844,0.7480581048819616
DEAP:S29:T21,DEAP:S29,T21,0,2.92,1,1,3,3,unexposed,baseline_relative,train,10.0,0.8966193632964419,0.10338063670355808
DEAP:S29:T31,DEAP:S29,T31,0,1.0,1,1,3,3,unexposed,baseline_relative,train,10.0,0.7145656296867917,0.2854343703132083
DEAP:S29:T34,DEAP:S29,T34,0,3.95,1,1,3,3,unexposed,baseline_relative,train,10.0,0.7323568814070371,0.26764311859296286
DEAP:S29:T37,DEAP:S29,T37,1,5.01,1,1,3,3,unexposed,baseline_relative,train,10.0,0.3075465021924667,0.6924534978075333
DEAP:S29:T38,DEAP:S29,T38,0,1.88,1,1,3,3,unexposed,baseline_relative,train,10.0,0.020021341970403173,0.9799786580295968
DEAP:S29:T39,DEAP:S29,T39,1,6.05,1,1,3,3,unexposed,baseline_relative,train,10.0,0.15044107083728497,0.849558929162715
DEAP:S29:T40,DEAP:S29,T40,1,6.01,1,1,3,3,unexposed,baseline_relative,train,10.0,0.0032263863315510344,0.996773613668449
DEAP:S30:T02,DEAP:S30,T02,1,7.15,1,1,3,3,unexposed,baseline_relative,train,10.0,0.1777210325163523,0.8222789674836477
DEAP:S30:T03,DEAP:S30,T03,1,6.15,1,1,3,3,unexposed,baseline_relative,train,10.0,0.4735415519875048,0.5264584480124952
DEAP:S30:T06,DEAP:S30,T06,1,6.22,1,1,3,3,unexposed,baseline_relative,train,10.0,0.004083941093635524,0.9959160589063645
DEAP:S30:T10,DEAP:S30,T10,1,5.08,1,1,3,3,unexposed,baseline_relative,train,10.0,0.02835674969130708,0.9716432503086929
DEAP:S30:T11,DEAP:S30,T11,1,6.06,1,1,3,3,unexposed,baseline_relative,train,10.0,0.2585462310636376,0.7414537689363624
DEAP:S30:T14,DEAP:S30,T14,1,5.04,1,1,3,3,unexposed,baseline_relative,train,10.0,0.16765302325307752,0.8323469767469225
DEAP:S30:T16,DEAP:S30,T16,1,5.04,1,1,3,3,unexposed,baseline_relative,train,10.0,0.004679909933166249,0.9953200900668338
DEAP:S30:T17,DEAP:S30,T17,1,7.13,1,1,3,3,unexposed,baseline_relative,train,10.0,0.02643808593374164,0.9735619140662584
DEAP:S30:T20,DEAP:S30,T20,1,7.26,1,1,3,3,unexposed,baseline_relative,train,10.0,0.19164835163551097,0.808351648364489
DEAP:S30:T21,DEAP:S30,T21,0,3.05,1,1,3,3,unexposed,baseline_relative,train,10.0,0.6618800416533236,0.3381199583466764
DEAP:S30:T34,DEAP:S30,T34,0,4.99,1,1,3,3,unexposed,baseline_relative,train,10.0,0.7295676299914197,0.27043237000858034
DEAP:S30:T37,DEAP:S30,T37,0,4.13,1,1,3,3,unexposed,baseline_relative,train,10.0,0.48823498522364894,0.5117650147763511
DEAP:S30:T38,DEAP:S30,T38,1,5.04,1,1,3,3,unexposed,baseline_relative,train,10.0,0.10771225097236636,0.8922877490276336
DEAP:S30:T40,DEAP:S30,T40,1,5.05,1,1,3,3,unexposed,baseline_relative,train,10.0,0.042005449420409624,0.9579945505795904
DEAP:S31:T02,DEAP:S31,T02,1,5.03,1,1,3,3,unexposed,baseline_relative,train,10.0,0.459221141798842,0.540778858201158
DEAP:S31:T03,DEAP:S31,T03,1,8.04,1,1,3,3,unexposed,baseline_relative,train,10.0,0.037017669384166174,0.9629823306158338
DEAP:S31:T06,DEAP:S31,T06,0,4.99,1,1,3,3,unexposed,baseline_relative,train,10.0,0.8984717314344941,0.1015282685655059
DEAP:S31:T10,DEAP:S31,T10,0,4.01,1,1,3,3,unexposed,baseline_relative,train,10.0,0.9716105852139869,0.028389414786013135
DEAP:S31:T11,DEAP:S31,T11,1,9.0,1,1,3,3,unexposed,baseline_relative,train,10.0,0.1555695051173117,0.8444304948826883
DEAP:S31:T14,DEAP:S31,T14,1,8.06,1,1,3,3,unexposed,baseline_relative,train,10.0,0.33893242674719637,0.6610675732528036
DEAP:S31:T16,DEAP:S31,T16,1,6.09,1,1,3,3,unexposed,baseline_relative,train,10.0,0.009218682972428671,0.9907813170275713
DEAP:S31:T17,DEAP:S31,T17,0,4.94,1,1,3,3,unexposed,baseline_relative,train,10.0,0.28810155069729426,0.7118984493027057
DEAP:S31:T20,DEAP:S31,T20,1,6.9,1,1,3,3,unexposed,baseline_relative,train,10.0,0.17418272457804096,0.825817275421959
DEAP:S31:T21,DEAP:S31,T21,1,5.09,1,1,3,3,unexposed,baseline_relative,train,10.0,0.33891628467569346,0.6610837153243065
DEAP:S31:T34,DEAP:S31,T34,0,1.95,1,1,3,3,unexposed,baseline_relative,train,10.0,0.8583020275727771,0.14169797242722293
DEAP:S31:T37,DEAP:S31,T37,0,1.0,1,1,3,3,unexposed,baseline_relative,train,10.0,0.8111402354423417,0.1888597645576583
DEAP:S31:T38,DEAP:S31,T38,0,1.0,1,1,3,3,unexposed,baseline_relative,train,10.0,0.3781773671083992,0.6218226328916008
DEAP:S32:T02,DEAP:S32,T02,0,4.99,1,1,3,3,unexposed,baseline_relative,train,10.0,0.8714383720950641,0.12856162790493586
DEAP:S32:T03,DEAP:S32,T03,1,8.05,1,1,3,3,unexposed,baseline_relative,train,10.0,0.6906032454352226,0.30939675456477744
DEAP:S32:T06,DEAP:S32,T06,1,5.78,1,1,3,3,unexposed,baseline_relative,train,10.0,0.08889413364184195,0.911105866358158
DEAP:S32:T11,DEAP:S32,T11,1,8.24,1,1,3,3,unexposed,baseline_relative,train,10.0,0.4638621340192496,0.5361378659807504
DEAP:S32:T14,DEAP:S32,T14,1,7.1,1,1,3,3,unexposed,baseline_relative,train,10.0,0.6690853333593613,0.33091466664063873
DEAP:S32:T16,DEAP:S32,T16,0,3.97,1,1,3,3,unexposed,baseline_relative,train,10.0,0.8297655654079089,0.1702344345920911
DEAP:S32:T17,DEAP:S32,T17,1,6.09,1,1,3,3,unexposed,baseline_relative,train,10.0,0.40323812596015607,0.5967618740398439
DEAP:S32:T20,DEAP:S32,T20,1,6.03,1,1,3,3,unexposed,baseline_relative,train,10.0,0.42928004041573864,0.5707199595842614
DEAP:S32:T21,DEAP:S32,T21,0,4.12,1,1,3,3,unexposed,baseline_relative,train,10.0,0.9759506170803832,0.02404938291961682
DEAP:S32:T31,DEAP:S32,T31,0,4.17,1,1,3,3,unexposed,baseline_relative,train,10.0,0.19333636965035073,0.8066636303496493
DEAP:S32:T34,DEAP:S32,T34,0,4.05,1,1,3,3,unexposed,baseline_relative,train,10.0,0.8483687809402898,0.15163121905971028
DEAP:S32:T37,DEAP:S32,T37,0,2.81,1,1,3,3,unexposed,baseline_relative,train,10.0,0.8670492062668949,0.13295079373310512
DEAP:S32:T38,DEAP:S32,T38,0,3.05,1,1,3,3,unexposed,baseline_relative,train,10.0,0.7897620521140041,0.21023794788599587
DEAP:S32:T39,DEAP:S32,T39,0,3.99,1,1,3,3,unexposed,baseline_relative,train,10.0,0.6474797966541989,0.35252020334580114
DEAP:S32:T40,DEAP:S32,T40,1,7.15,1,1,3,3,unexposed,baseline_relative,train,10.0,0.23017539391369046,0.7698246060863095
DEAP:S11:T01,DEAP:S11,T01,1,6.27,1,1,3,3,unexposed,baseline_relative,validation_unseen,10.0,0.24917191094629598,0.750828089053704
DEAP:S11:T08,DEAP:S11,T08,1,6.26,1,1,3,3,unexposed,baseline_relative,validation_unseen,10.0,0.12710590617178275,0.8728940938282173
DEAP:S11:T12,DEAP:S11,T12,1,5.04,1,1,3,3,unexposed,baseline_relative,validation_unseen,10.0,0.8848461850595006,0.11515381494049941
DEAP:S11:T23,DEAP:S11,T23,0,3.72,1,1,3,3,unexposed,baseline_relative,validation_unseen,10.0,0.10774297314954606,0.8922570268504539
DEAP:S11:T25,DEAP:S11,T25,1,5.01,1,1,3,3,unexposed,baseline_relative,validation_unseen,10.0,0.32627904825295606,0.6737209517470439
DEAP:S11:T26,DEAP:S11,T26,1,5.49,1,1,3,3,unexposed,baseline_relative,validation_unseen,10.0,0.8973670967312525,0.10263290326874754
DEAP:S11:T33,DEAP:S11,T33,1,5.64,1,1,3,3,unexposed,baseline_relative,validation_unseen,10.0,0.31305399663302713,0.6869460033669729
DEAP:S11:T35,DEAP:S11,T35,0,1.23,1,1,3,3,unexposed,baseline_relative,validation_unseen,10.0,0.12526932337368923,0.8747306766263108
DEAP:S12:T01,DEAP:S12,T01,1,7.09,1,1,3,3,unexposed,baseline_relative,validation_unseen,10.0,0.27668227210808927,0.7233177278919107
DEAP:S12:T08,DEAP:S12,T08,1,5.1,1,1,3,3,unexposed,baseline_relative,validation_unseen,10.0,0.05354886834870831,0.9464511316512917
DEAP:S12:T12,DEAP:S12,T12,1,6.86,1,1,3,3,unexposed,baseline_relative,validation_unseen,10.0,0.20158426959333087,0.7984157304066691
DEAP:S12:T23,DEAP:S12,T23,0,1.74,1,1,3,3,unexposed,baseline_relative,validation_unseen,10.0,0.7502072385076282,0.24979276149237178
DEAP:S12:T25,DEAP:S12,T25,0,2.78,1,1,3,3,unexposed,baseline_relative,validation_unseen,10.0,0.3694613825212336,0.6305386174787664
DEAP:S12:T26,DEAP:S12,T26,1,6.08,1,1,3,3,unexposed,baseline_relative,validation_unseen,10.0,0.18178440212173197,0.818215597878268
DEAP:S12:T33,DEAP:S12,T33,0,1.9,1,1,3,3,unexposed,baseline_relative,validation_unseen,10.0,0.4285627193447924,0.5714372806552076
DEAP:S12:T35,DEAP:S12,T35,0,1.22,1,1,3,3,unexposed,baseline_relative,validation_unseen,10.0,0.19921151916751545,0.8007884808324846
DEAP:S14:T01,DEAP:S14,T01,1,8.22,1,1,3,3,unexposed,baseline_relative,validation_unseen,10.0,0.9942927202065185,0.005707279793481462
DEAP:S14:T08,DEAP:S14,T08,1,7.0,1,1,3,3,unexposed,baseline_relative,validation_unseen,10.0,0.5835055081073794,0.4164944918926205
DEAP:S14:T12,DEAP:S14,T12,1,7.63,1,1,3,3,unexposed,baseline_relative,validation_unseen,10.0,0.3420268065447779,0.6579731934552221
DEAP:S14:T23,DEAP:S14,T23,0,2.41,1,1,3,3,unexposed,baseline_relative,validation_unseen,10.0,0.3380402885439985,0.6619597114560015
DEAP:S14:T25,DEAP:S14,T25,0,3.87,1,1,3,3,unexposed,baseline_relative,validation_unseen,10.0,0.9621966384671164,0.037803361532883564
DEAP:S14:T26,DEAP:S14,T26,0,3.28,1,1,3,3,unexposed,baseline_relative,validation_unseen,10.0,0.11655950773785073,0.8834404922621493
DEAP:S14:T33,DEAP:S14,T33,0,3.18,1,1,3,3,unexposed,baseline_relative,validation_unseen,10.0,0.8763273534175869,0.12367264658241303
DEAP:S14:T35,DEAP:S14,T35,0,2.68,1,1,3,3,unexposed,baseline_relative,validation_unseen,10.0,0.15799506872398494,0.8420049312760151
DEAP:S28:T01,DEAP:S28,T01,1,7.03,1,1,3,3,unexposed,baseline_relative,validation_unseen,10.0,5.365592267958519e-05,0.9999463440773204
DEAP:S28:T08,DEAP:S28,T08,1,7.01,1,1,3,3,unexposed,baseline_relative,validation_unseen,10.0,0.015325009235696796,0.9846749907643032
DEAP:S28:T12,DEAP:S28,T12,1,6.06,1,1,3,3,unexposed,baseline_relative,validation_unseen,10.0,0.9989215950764858,0.0010784049235141946
DEAP:S28:T23,DEAP:S28,T23,0,2.03,1,1,3,3,unexposed,baseline_relative,validation_unseen,10.0,0.042052203327254456,0.9579477966727455
DEAP:S28:T25,DEAP:S28,T25,0,4.06,1,1,3,3,unexposed,baseline_relative,validation_unseen,10.0,0.0981748761114486,0.9018251238885514
DEAP:S28:T26,DEAP:S28,T26,0,1.99,1,1,3,3,unexposed,baseline_relative,validation_unseen,10.0,0.3566193473706285,0.6433806526293715
DEAP:S28:T33,DEAP:S28,T33,1,7.01,1,1,3,3,unexposed,baseline_relative,validation_unseen,10.0,0.0005400995170106171,0.9994599004829894
DEAP:S28:T35,DEAP:S28,T35,0,1.08,1,1,3,3,unexposed,baseline_relative,validation_unseen,10.0,0.007853569686552375,0.9921464303134476
DEAP:S11:T02,DEAP:S11,T02,1,5.67,1,1,3,3,unexposed,baseline_relative,validation_familiar,10.0,0.7488855099356653,0.2511144900643348
DEAP:S11:T03,DEAP:S11,T03,1,7.41,1,1,3,3,unexposed,baseline_relative,validation_familiar,10.0,0.7166612876649592,0.2833387123350408
DEAP:S11:T06,DEAP:S11,T06,1,5.32,1,1,3,3,unexposed,baseline_relative,validation_familiar,10.0,0.3800486489048699,0.6199513510951301
DEAP:S11:T10,DEAP:S11,T10,1,6.53,1,1,3,3,unexposed,baseline_relative,validation_familiar,10.0,0.09265532628107565,0.9073446737189244
DEAP:S11:T11,DEAP:S11,T11,1,7.32,1,1,3,3,unexposed,baseline_relative,validation_familiar,10.0,0.26616191018145285,0.7338380898185471
DEAP:S11:T14,DEAP:S11,T14,1,7.96,1,1,3,3,unexposed,baseline_relative,validation_familiar,10.0,0.23946306929137096,0.760536930708629
DEAP:S11:T16,DEAP:S11,T16,0,4.35,1,1,3,3,unexposed,baseline_relative,validation_familiar,10.0,0.5130608347342254,0.48693916526577463
DEAP:S11:T17,DEAP:S11,T17,1,8.32,1,1,3,3,unexposed,baseline_relative,validation_familiar,10.0,0.47390465961681305,0.526095340383187
DEAP:S11:T20,DEAP:S11,T20,1,6.0,1,1,3,3,unexposed,baseline_relative,validation_familiar,10.0,0.6937228051102088,0.3062771948897912
DEAP:S11:T21,DEAP:S11,T21,0,3.27,1,1,3,3,unexposed,baseline_relative,validation_familiar,10.0,0.34695778009599154,0.6530422199040085
DEAP:S11:T31,DEAP:S11,T31,0,1.83,1,1,3,3,unexposed,baseline_relative,validation_familiar,10.0,0.806175831893011,0.193824168106989
DEAP:S11:T34,DEAP:S11,T34,0,4.88,1,1,3,3,unexposed,baseline_relative,validation_familiar,10.0,0.11073765133182523,0.8892623486681748
DEAP:S11:T37,DEAP:S11,T37,0,1.47,1,1,3,3,unexposed,baseline_relative,validation_familiar,10.0,0.20215502250605422,0.7978449774939458
DEAP:S11:T38,DEAP:S11,T38,0,1.35,1,1,3,3,unexposed,baseline_relative,validation_familiar,10.0,0.42684252611428,0.57315747388572
DEAP:S11:T39,DEAP:S11,T39,0,1.0,1,1,3,3,unexposed,baseline_relative,validation_familiar,10.0,0.6652497771898152,0.3347502228101849
DEAP:S11:T40,DEAP:S11,T40,0,4.95,1,1,3,3,unexposed,baseline_relative,validation_familiar,10.0,0.5834595325927956,0.4165404674072044
DEAP:S12:T02,DEAP:S12,T02,1,6.09,1,1,3,3,unexposed,baseline_relative,validation_familiar,10.0,0.9901442686005366,0.009855731399463384
DEAP:S12:T03,DEAP:S12,T03,1,7.33,1,1,3,3,unexposed,baseline_relative,validation_familiar,10.0,0.7573334887960631,0.24266651120393687
DEAP:S12:T06,DEAP:S12,T06,1,6.65,1,1,3,3,unexposed,baseline_relative,validation_familiar,10.0,0.07034363240169561,0.9296563675983044
DEAP:S12:T10,DEAP:S12,T10,0,4.06,1,1,3,3,unexposed,baseline_relative,validation_familiar,10.0,0.7971380352966243,0.20286196470337572
DEAP:S12:T11,DEAP:S12,T11,1,7.78,1,1,3,3,unexposed,baseline_relative,validation_familiar,10.0,0.46188641239719475,0.5381135876028053
DEAP:S12:T14,DEAP:S12,T14,1,8.15,1,1,3,3,unexposed,baseline_relative,validation_familiar,10.0,0.7987808796864841,0.20121912031351588
DEAP:S12:T16,DEAP:S12,T16,1,5.04,1,1,3,3,unexposed,baseline_relative,validation_familiar,10.0,0.16664392572212816,0.8333560742778718
DEAP:S12:T17,DEAP:S12,T17,0,4.86,1,1,3,3,unexposed,baseline_relative,validation_familiar,10.0,0.18476528601632924,0.8152347139836708
DEAP:S12:T20,DEAP:S12,T20,1,7.35,1,1,3,3,unexposed,baseline_relative,validation_familiar,10.0,0.8957350256452343,0.10426497435476562
DEAP:S12:T21,DEAP:S12,T21,0,2.13,1,1,3,3,unexposed,baseline_relative,validation_familiar,10.0,0.008534008770505253,0.9914659912294947
DEAP:S12:T31,DEAP:S12,T31,0,3.18,1,1,3,3,unexposed,baseline_relative,validation_familiar,10.0,0.6335000553001027,0.3664999446998973
DEAP:S12:T34,DEAP:S12,T34,0,4.87,1,1,3,3,unexposed,baseline_relative,validation_familiar,10.0,0.13691160281108383,0.8630883971889162
DEAP:S12:T37,DEAP:S12,T37,0,1.0,1,1,3,3,unexposed,baseline_relative,validation_familiar,10.0,0.9769367778616016,0.023063222138398398
DEAP:S12:T38,DEAP:S12,T38,0,2.85,1,1,3,3,unexposed,baseline_relative,validation_familiar,10.0,0.5479135883510569,0.4520864116489431
DEAP:S12:T39,DEAP:S12,T39,0,3.18,1,1,3,3,unexposed,baseline_relative,validation_familiar,10.0,0.2478088118501518,0.7521911881498482
DEAP:S12:T40,DEAP:S12,T40,1,6.81,1,1,3,3,unexposed,baseline_relative,validation_familiar,10.0,0.8188518398722933,0.1811481601277068
DEAP:S14:T02,DEAP:S14,T02,1,6.05,1,1,3,3,unexposed,baseline_relative,validation_familiar,10.0,0.9239372595748983,0.07606274042510179
DEAP:S14:T03,DEAP:S14,T03,1,7.5,1,1,3,3,unexposed,baseline_relative,validation_familiar,10.0,0.9825005612071934,0.017499438792806625
DEAP:S14:T06,DEAP:S14,T06,1,7.19,1,1,3,3,unexposed,baseline_relative,validation_familiar,10.0,0.9854121148040521,0.014587885195947859
DEAP:S14:T10,DEAP:S14,T10,0,1.88,1,1,3,3,unexposed,baseline_relative,validation_familiar,10.0,0.3418853920293281,0.6581146079706719
DEAP:S14:T11,DEAP:S14,T11,1,8.03,1,1,3,3,unexposed,baseline_relative,validation_familiar,10.0,0.9972345576235029,0.00276544237649709
DEAP:S14:T14,DEAP:S14,T14,1,8.03,1,1,3,3,unexposed,baseline_relative,validation_familiar,10.0,0.007429781272853431,0.9925702187271466
DEAP:S14:T16,DEAP:S14,T16,0,3.96,1,1,3,3,unexposed,baseline_relative,validation_familiar,10.0,0.11189163794322854,0.8881083620567715
DEAP:S14:T17,DEAP:S14,T17,1,6.06,1,1,3,3,unexposed,baseline_relative,validation_familiar,10.0,0.7026574407479864,0.2973425592520136
DEAP:S14:T20,DEAP:S14,T20,1,7.33,1,1,3,3,unexposed,baseline_relative,validation_familiar,10.0,0.43184245491328677,0.5681575450867132
DEAP:S14:T21,DEAP:S14,T21,0,1.03,1,1,3,3,unexposed,baseline_relative,validation_familiar,10.0,0.8673375391355863,0.13266246086441366
DEAP:S14:T31,DEAP:S14,T31,0,3.26,1,1,3,3,unexposed,baseline_relative,validation_familiar,10.0,0.05085052569510429,0.9491494743048957
DEAP:S14:T34,DEAP:S14,T34,0,2.5,1,1,3,3,unexposed,baseline_relative,validation_familiar,10.0,0.25416042633715974,0.7458395736628403
DEAP:S14:T37,DEAP:S14,T37,0,3.47,1,1,3,3,unexposed,baseline_relative,validation_familiar,10.0,0.9120346245136646,0.08796537548633543
DEAP:S14:T38,DEAP:S14,T38,0,2.26,1,1,3,3,unexposed,baseline_relative,validation_familiar,10.0,0.22765605229852848,0.7723439477014715
DEAP:S14:T39,DEAP:S14,T39,1,6.65,1,1,3,3,unexposed,baseline_relative,validation_familiar,10.0,0.1617291674332597,0.8382708325667403
DEAP:S14:T40,DEAP:S14,T40,1,6.68,1,1,3,3,unexposed,baseline_relative,validation_familiar,10.0,0.9861386434645266,0.013861356535473433
DEAP:S28:T02,DEAP:S28,T02,1,7.99,1,1,3,3,unexposed,baseline_relative,validation_familiar,10.0,0.3187479153544819,0.6812520846455181
DEAP:S28:T03,DEAP:S28,T03,1,9.0,1,1,3,3,unexposed,baseline_relative,validation_familiar,10.0,0.0025274422960774867,0.9974725577039225
DEAP:S28:T06,DEAP:S28,T06,1,8.15,1,1,3,3,unexposed,baseline_relative,validation_familiar,10.0,0.994995769192936,0.0050042308070640425
DEAP:S28:T10,DEAP:S28,T10,1,7.99,1,1,3,3,unexposed,baseline_relative,validation_familiar,10.0,0.004650397408680784,0.9953496025913192
DEAP:S28:T11,DEAP:S28,T11,1,7.01,1,1,3,3,unexposed,baseline_relative,validation_familiar,10.0,0.004807785488080141,0.9951922145119199
DEAP:S28:T14,DEAP:S28,T14,1,8.03,1,1,3,3,unexposed,baseline_relative,validation_familiar,10.0,0.13671805646260093,0.8632819435373991
DEAP:S28:T16,DEAP:S28,T16,1,6.91,1,1,3,3,unexposed,baseline_relative,validation_familiar,10.0,0.009087745107922651,0.9909122548920773
DEAP:S28:T17,DEAP:S28,T17,1,6.99,1,1,3,3,unexposed,baseline_relative,validation_familiar,10.0,0.5883363436752108,0.4116636563247892
DEAP:S28:T20,DEAP:S28,T20,1,8.04,1,1,3,3,unexposed,baseline_relative,validation_familiar,10.0,0.15055073465912605,0.849449265340874
DEAP:S28:T21,DEAP:S28,T21,0,2.01,1,1,3,3,unexposed,baseline_relative,validation_familiar,10.0,0.0015608585137292241,0.9984391414862708
DEAP:S28:T31,DEAP:S28,T31,1,6.91,1,1,3,3,unexposed,baseline_relative,validation_familiar,10.0,0.016655338128007124,0.9833446618719929
DEAP:S28:T34,DEAP:S28,T34,1,5.99,1,1,3,3,unexposed,baseline_relative,validation_familiar,10.0,0.02503439499919191,0.9749656050008081
DEAP:S28:T37,DEAP:S28,T37,0,1.01,1,1,3,3,unexposed,baseline_relative,validation_familiar,10.0,0.09718006764558962,0.9028199323544104
DEAP:S28:T38,DEAP:S28,T38,0,1.96,1,1,3,3,unexposed,baseline_relative,validation_familiar,10.0,0.4854068361253503,0.5145931638746497
DEAP:S28:T39,DEAP:S28,T39,0,1.04,1,1,3,3,unexposed,baseline_relative,validation_familiar,10.0,0.004688697120119323,0.9953113028798807
DEAP:S28:T40,DEAP:S28,T40,1,7.1,1,1,3,3,unexposed,baseline_relative,validation_familiar,10.0,0.11754779012859162,0.8824522098714084
