trial_id,subject_id,material_key,label,original_label,group,source_session,material_rotation,fold,arm,model,role,C,p0,p1
DEAP:S01:T03,DEAP:S01,T03,1,8.58,1,1,4,4,unexposed,stimulus_relative,train,0.01,0.5166796375032527,0.48332036249674726
DEAP:S01:T04,DEAP:S01,T04,0,4.94,1,1,4,4,unexposed,stimulus_relative,train,0.01,0.5066108710531949,0.4933891289468051
DEAP:S01:T06,DEAP:S01,T06,1,8.27,1,1,4,4,unexposed,stimulus_relative,train,0.01,0.4993541003037226,0.5006458996962774
DEAP:S01:T07,DEAP:S01,T07,1,7.44,1,1,4,4,unexposed,stimulus_relative,train,0.01,0.4850976428697308,0.5149023571302692
DEAP:S01:T09,DEAP:S01,T09,0,4.04,1,1,4,4,unexposed,stimulus_relative,train,0.01,0.4845666243496961,0.5154333756503039
DEAP:S01:T11,DEAP:S01,T11,0,2.99,1,1,4,4,unexposed,stimulus_relative,train,0.01,0.48851262812513097,0.511487371874869
DEAP:S01:T13,DEAP:S01,T13,0,1.95,1,1,4,4,unexposed,stimulus_relative,train,0.01,0.5028633656154022,0.4971366343845977
DEAP:S01:T16,DEAP:S01,T16,1,6.81,1,1,4,4,unexposed,stimulus_relative,train,0.01,0.47320806673085325,0.5267919332691468
DEAP:S01:T18,DEAP:S01,T18,1,7.23,1,1,4,4,unexposed,stimulus_relative,train,0.01,0.49258094619585036,0.5074190538041496
DEAP:S01:T22,DEAP:S01,T22,1,7.09,1,1,4,4,unexposed,stimulus_relative,train,0.01,0.5007538531435821,0.4992461468564179
DEAP:S01:T24,DEAP:S01,T24,1,7.04,1,1,4,4,unexposed,stimulus_relative,train,0.01,0.49144425575118544,0.5085557442488146
DEAP:S01:T31,DEAP:S01,T31,0,3.03,1,1,4,4,unexposed,stimulus_relative,train,0.01,0.5218143606989378,0.4781856393010622
DEAP:S01:T34,DEAP:S01,T34,0,2.28,1,1,4,4,unexposed,stimulus_relative,train,0.01,0.5363745397923592,0.46362546020764084
DEAP:S01:T36,DEAP:S01,T36,0,2.9,1,1,4,4,unexposed,stimulus_relative,train,0.01,0.5194244827778811,0.48057551722211894
DEAP:S01:T40,DEAP:S01,T40,1,5.1,1,1,4,4,unexposed,stimulus_relative,train,0.01,0.5148586260191161,0.4851413739808839
DEAP:S02:T03,DEAP:S02,T03,1,9.0,1,1,4,4,unexposed,stimulus_relative,train,0.01,0.4783175872040316,0.5216824127959684
DEAP:S02:T04,DEAP:S02,T04,1,6.05,1,1,4,4,unexposed,stimulus_relative,train,0.01,0.40478070780502895,0.595219292194971
DEAP:S02:T07,DEAP:S02,T07,0,4.96,1,1,4,4,unexposed,stimulus_relative,train,0.01,0.532748924251768,0.46725107574823194
DEAP:S02:T09,DEAP:S02,T09,1,9.0,1,1,4,4,unexposed,stimulus_relative,train,0.01,0.4490685287607252,0.5509314712392748
DEAP:S02:T11,DEAP:S02,T11,1,7.08,1,1,4,4,unexposed,stimulus_relative,train,0.01,0.3373990621297208,0.6626009378702792
DEAP:S02:T16,DEAP:S02,T16,1,6.0,1,1,4,4,unexposed,stimulus_relative,train,0.01,0.33382268961468875,0.6661773103853112
DEAP:S02:T18,DEAP:S02,T18,1,9.0,1,1,4,4,unexposed,stimulus_relative,train,0.01,0.3250203809783254,0.6749796190216746
DEAP:S02:T24,DEAP:S02,T24,1,7.08,1,1,4,4,unexposed,stimulus_relative,train,0.01,0.4994880489006672,0.5005119510993328
DEAP:S02:T31,DEAP:S02,T31,0,4.06,1,1,4,4,unexposed,stimulus_relative,train,0.01,0.44415637691973564,0.5558436230802644
DEAP:S02:T34,DEAP:S02,T34,0,4.87,1,1,4,4,unexposed,stimulus_relative,train,0.01,0.38542911249432343,0.6145708875056766
DEAP:S02:T36,DEAP:S02,T36,1,5.04,1,1,4,4,unexposed,stimulus_relative,train,0.01,0.430595482954219,0.569404517045781
DEAP:S02:T39,DEAP:S02,T39,0,1.0,1,1,4,4,unexposed,stimulus_relative,train,0.01,0.43805989341993723,0.5619401065800628
DEAP:S02:T40,DEAP:S02,T40,1,6.05,1,1,4,4,unexposed,stimulus_relative,train,0.01,0.4294642644601183,0.5705357355398817
DEAP:S03:T03,DEAP:S03,T03,1,7.55,1,1,4,4,unexposed,stimulus_relative,train,0.01,0.5698132236170159,0.4301867763829841
DEAP:S03:T04,DEAP:S03,T04,0,4.69,1,1,4,4,unexposed,stimulus_relative,train,0.01,0.5128005625538476,0.4871994374461524
DEAP:S03:T06,DEAP:S03,T06,1,6.79,1,1,4,4,unexposed,stimulus_relative,train,0.01,0.5238323670368309,0.4761676329631691
DEAP:S03:T09,DEAP:S03,T09,1,7.33,1,1,4,4,unexposed,stimulus_relative,train,0.01,0.48086668352636386,0.5191333164736361
DEAP:S03:T11,DEAP:S03,T11,1,7.94,1,1,4,4,unexposed,stimulus_relative,train,0.01,0.49289675498194896,0.507103245018051
DEAP:S03:T13,DEAP:S03,T13,1,7.91,1,1,4,4,unexposed,stimulus_relative,train,0.01,0.4974911824726753,0.5025088175273247
DEAP:S03:T16,DEAP:S03,T16,1,7.15,1,1,4,4,unexposed,stimulus_relative,train,0.01,0.5027379541351218,0.49726204586487815
DEAP:S03:T22,DEAP:S03,T22,0,4.94,1,1,4,4,unexposed,stimulus_relative,train,0.01,0.5235036371200035,0.4764963628799965
DEAP:S03:T24,DEAP:S03,T24,0,3.31,1,1,4,4,unexposed,stimulus_relative,train,0.01,0.5535304101462417,0.44646958985375834
DEAP:S03:T31,DEAP:S03,T31,0,4.44,1,1,4,4,unexposed,stimulus_relative,train,0.01,0.5403076629776163,0.45969233702238366
DEAP:S03:T34,DEAP:S03,T34,0,4.72,1,1,4,4,unexposed,stimulus_relative,train,0.01,0.5662199616013956,0.4337800383986044
DEAP:S03:T36,DEAP:S03,T36,1,5.01,1,1,4,4,unexposed,stimulus_relative,train,0.01,0.5223014072644394,0.4776985927355606
DEAP:S03:T39,DEAP:S03,T39,0,4.33,1,1,4,4,unexposed,stimulus_relative,train,0.01,0.5230447251272721,0.4769552748727279
DEAP:S03:T40,DEAP:S03,T40,1,5.38,1,1,4,4,unexposed,stimulus_relative,train,0.01,0.5370229939672047,0.4629770060327954
DEAP:S04:T03,DEAP:S04,T03,1,8.95,1,1,4,4,unexposed,stimulus_relative,train,0.01,0.5297439225723755,0.4702560774276246
DEAP:S04:T04,DEAP:S04,T04,1,6.1,1,1,4,4,unexposed,stimulus_relative,train,0.01,0.5747685553525856,0.4252314446474143
DEAP:S04:T06,DEAP:S04,T06,1,5.01,1,1,4,4,unexposed,stimulus_relative,train,0.01,0.5426181816872291,0.45738181831277097
DEAP:S04:T07,DEAP:S04,T07,0,2.94,1,1,4,4,unexposed,stimulus_relative,train,0.01,0.5376482747512688,0.46235172524873125
DEAP:S04:T09,DEAP:S04,T09,1,6.05,1,1,4,4,unexposed,stimulus_relative,train,0.01,0.5584448039136534,0.4415551960863466
DEAP:S04:T11,DEAP:S04,T11,1,7.24,1,1,4,4,unexposed,stimulus_relative,train,0.01,0.5551878625823237,0.4448121374176764
DEAP:S04:T16,DEAP:S04,T16,0,2.51,1,1,4,4,unexposed,stimulus_relative,train,0.01,0.5806146610819601,0.41938533891803986
DEAP:S04:T18,DEAP:S04,T18,0,4.9,1,1,4,4,unexposed,stimulus_relative,train,0.01,0.5514624533355406,0.4485375466644595
DEAP:S04:T24,DEAP:S04,T24,0,2.71,1,1,4,4,unexposed,stimulus_relative,train,0.01,0.6065354540794292,0.3934645459205708
DEAP:S04:T34,DEAP:S04,T34,0,2.17,1,1,4,4,unexposed,stimulus_relative,train,0.01,0.5826022461132798,0.4173977538867202
DEAP:S04:T36,DEAP:S04,T36,0,2.72,1,1,4,4,unexposed,stimulus_relative,train,0.01,0.5602517814262411,0.43974821857375895
DEAP:S04:T39,DEAP:S04,T39,0,1.92,1,1,4,4,unexposed,stimulus_relative,train,0.01,0.5483961405107347,0.4516038594892653
DEAP:S04:T40,DEAP:S04,T40,0,1.86,1,1,4,4,unexposed,stimulus_relative,train,0.01,0.5641164353117295,0.4358835646882705
DEAP:S05:T03,DEAP:S05,T03,0,4.95,1,1,4,4,unexposed,stimulus_relative,train,0.01,0.48557835904143376,0.5144216409585662
DEAP:S05:T04,DEAP:S05,T04,1,8.24,1,1,4,4,unexposed,stimulus_relative,train,0.01,0.4290858609773892,0.5709141390226108
DEAP:S05:T06,DEAP:S05,T06,1,8.09,1,1,4,4,unexposed,stimulus_relative,train,0.01,0.4160764804896243,0.5839235195103757
DEAP:S05:T07,DEAP:S05,T07,1,5.12,1,1,4,4,unexposed,stimulus_relative,train,0.01,0.4324805496541648,0.5675194503458352
DEAP:S05:T09,DEAP:S05,T09,1,6.94,1,1,4,4,unexposed,stimulus_relative,train,0.01,0.42423203399933773,0.5757679660006623
DEAP:S05:T11,DEAP:S05,T11,1,9.0,1,1,4,4,unexposed,stimulus_relative,train,0.01,0.42537889319233335,0.5746211068076666
DEAP:S05:T13,DEAP:S05,T13,0,4.94,1,1,4,4,unexposed,stimulus_relative,train,0.01,0.4290972993022254,0.5709027006977746
DEAP:S05:T16,DEAP:S05,T16,1,5.96,1,1,4,4,unexposed,stimulus_relative,train,0.01,0.5132267242943909,0.4867732757056091
DEAP:S05:T18,DEAP:S05,T18,1,8.05,1,1,4,4,unexposed,stimulus_relative,train,0.01,0.4172071051329552,0.5827928948670448
DEAP:S05:T22,DEAP:S05,T22,1,6.99,1,1,4,4,unexposed,stimulus_relative,train,0.01,0.46773076326851737,0.5322692367314826
DEAP:S05:T24,DEAP:S05,T24,0,4.0,1,1,4,4,unexposed,stimulus_relative,train,0.01,0.43077563908167005,0.56922436091833
DEAP:S05:T31,DEAP:S05,T31,1,6.9,1,1,4,4,unexposed,stimulus_relative,train,0.01,0.42603424278977464,0.5739657572102254
DEAP:S05:T34,DEAP:S05,T34,1,6.03,1,1,4,4,unexposed,stimulus_relative,train,0.01,0.4152103425323983,0.5847896574676017
DEAP:S05:T39,DEAP:S05,T39,0,1.0,1,1,4,4,unexposed,stimulus_relative,train,0.01,0.44227354527232043,0.5577264547276796
DEAP:S05:T40,DEAP:S05,T40,1,7.0,1,1,4,4,unexposed,stimulus_relative,train,0.01,0.4601913448613386,0.5398086551386614
DEAP:S06:T03,DEAP:S06,T03,1,7.69,1,1,4,4,unexposed,stimulus_relative,train,0.01,0.45828538845444444,0.5417146115455556
DEAP:S06:T04,DEAP:S06,T04,1,7.55,1,1,4,4,unexposed,stimulus_relative,train,0.01,0.46766603277980345,0.5323339672201965
DEAP:S06:T07,DEAP:S06,T07,1,8.26,1,1,4,4,unexposed,stimulus_relative,train,0.01,0.4944456204568264,0.5055543795431736
DEAP:S06:T09,DEAP:S06,T09,1,7.87,1,1,4,4,unexposed,stimulus_relative,train,0.01,0.49625875997333646,0.5037412400266635
DEAP:S06:T11,DEAP:S06,T11,0,4.99,1,1,4,4,unexposed,stimulus_relative,train,0.01,0.45034242505469047,0.5496575749453095
DEAP:S06:T13,DEAP:S06,T13,1,7.79,1,1,4,4,unexposed,stimulus_relative,train,0.01,0.4289826129282669,0.5710173870717331
DEAP:S06:T16,DEAP:S06,T16,1,5.06,1,1,4,4,unexposed,stimulus_relative,train,0.01,0.4295708852548501,0.5704291147451499
DEAP:S06:T18,DEAP:S06,T18,1,7.59,1,1,4,4,unexposed,stimulus_relative,train,0.01,0.46511270837960494,0.5348872916203951
DEAP:S06:T22,DEAP:S06,T22,1,7.56,1,1,4,4,unexposed,stimulus_relative,train,0.01,0.39952067590696083,0.6004793240930392
DEAP:S06:T24,DEAP:S06,T24,0,3.5,1,1,4,4,unexposed,stimulus_relative,train,0.01,0.3898307146208704,0.6101692853791296
DEAP:S06:T31,DEAP:S06,T31,0,3.65,1,1,4,4,unexposed,stimulus_relative,train,0.01,0.48406797009693303,0.515932029903067
DEAP:S06:T34,DEAP:S06,T34,0,3.31,1,1,4,4,unexposed,stimulus_relative,train,0.01,0.4291056718054872,0.5708943281945128
DEAP:S06:T36,DEAP:S06,T36,1,5.71,1,1,4,4,unexposed,stimulus_relative,train,0.01,0.3874816172816986,0.6125183827183014
DEAP:S06:T39,DEAP:S06,T39,1,6.56,1,1,4,4,unexposed,stimulus_relative,train,0.01,0.41676399496793204,0.583236005032068
DEAP:S06:T40,DEAP:S06,T40,0,4.85,1,1,4,4,unexposed,stimulus_relative,train,0.01,0.46599024168949765,0.5340097583105023
DEAP:S07:T03,DEAP:S07,T03,1,7.1,1,1,4,4,unexposed,stimulus_relative,train,0.01,0.3878073637520011,0.6121926362479989
DEAP:S07:T06,DEAP:S07,T06,1,6.97,1,1,4,4,unexposed,stimulus_relative,train,0.01,0.38442656557281074,0.6155734344271893
DEAP:S07:T07,DEAP:S07,T07,1,7.08,1,1,4,4,unexposed,stimulus_relative,train,0.01,0.36984754587021196,0.630152454129788
DEAP:S07:T09,DEAP:S07,T09,1,6.99,1,1,4,4,unexposed,stimulus_relative,train,0.01,0.3957084852095085,0.6042915147904915
DEAP:S07:T13,DEAP:S07,T13,1,8.0,1,1,4,4,unexposed,stimulus_relative,train,0.01,0.3927644652518222,0.6072355347481778
DEAP:S07:T16,DEAP:S07,T16,0,3.03,1,1,4,4,unexposed,stimulus_relative,train,0.01,0.479571425729993,0.520428574270007
DEAP:S07:T18,DEAP:S07,T18,1,7.03,1,1,4,4,unexposed,stimulus_relative,train,0.01,0.4008196694372085,0.5991803305627915
DEAP:S07:T22,DEAP:S07,T22,0,3.05,1,1,4,4,unexposed,stimulus_relative,train,0.01,0.36417461002456886,0.6358253899754311
DEAP:S07:T24,DEAP:S07,T24,0,1.97,1,1,4,4,unexposed,stimulus_relative,train,0.01,0.3865153391424173,0.6134846608575827
DEAP:S07:T31,DEAP:S07,T31,1,6.96,1,1,4,4,unexposed,stimulus_relative,train,0.01,0.40133442550491305,0.598665574495087
DEAP:S07:T34,DEAP:S07,T34,0,4.01,1,1,4,4,unexposed,stimulus_relative,train,0.01,0.3789985769709602,0.6210014230290398
DEAP:S07:T36,DEAP:S07,T36,1,8.1,1,1,4,4,unexposed,stimulus_relative,train,0.01,0.3565124092629668,0.6434875907370332
DEAP:S07:T39,DEAP:S07,T39,1,7.01,1,1,4,4,unexposed,stimulus_relative,train,0.01,0.3469123468656412,0.6530876531343588
DEAP:S07:T40,DEAP:S07,T40,1,7.01,1,1,4,4,unexposed,stimulus_relative,train,0.01,0.3685057148794324,0.6314942851205676
DEAP:S08:T03,DEAP:S08,T03,1,8.15,1,1,4,4,unexposed,stimulus_relative,train,0.01,0.5509018270578904,0.44909817294210963
DEAP:S08:T06,DEAP:S08,T06,1,7.4,1,1,4,4,unexposed,stimulus_relative,train,0.01,0.501230313334253,0.498769686665747
DEAP:S08:T07,DEAP:S08,T07,1,5.04,1,1,4,4,unexposed,stimulus_relative,train,0.01,0.5306755641643904,0.46932443583560957
DEAP:S08:T09,DEAP:S08,T09,1,8.78,1,1,4,4,unexposed,stimulus_relative,train,0.01,0.4381029650044237,0.5618970349955763
DEAP:S08:T11,DEAP:S08,T11,1,8.41,1,1,4,4,unexposed,stimulus_relative,train,0.01,0.5110565418863218,0.4889434581136783
DEAP:S08:T13,DEAP:S08,T13,1,7.9,1,1,4,4,unexposed,stimulus_relative,train,0.01,0.5092976214478808,0.4907023785521191
DEAP:S08:T16,DEAP:S08,T16,0,4.21,1,1,4,4,unexposed,stimulus_relative,train,0.01,0.5485833699672764,0.45141663003272364
DEAP:S08:T18,DEAP:S08,T18,1,7.21,1,1,4,4,unexposed,stimulus_relative,train,0.01,0.5028794256170901,0.49712057438290985
DEAP:S08:T22,DEAP:S08,T22,0,4.23,1,1,4,4,unexposed,stimulus_relative,train,0.01,0.6089751952475435,0.39102480475245655
DEAP:S08:T24,DEAP:S08,T24,0,4.15,1,1,4,4,unexposed,stimulus_relative,train,0.01,0.6240767051018516,0.3759232948981484
DEAP:S08:T31,DEAP:S08,T31,0,1.45,1,1,4,4,unexposed,stimulus_relative,train,0.01,0.5261940198888257,0.4738059801111743
DEAP:S08:T34,DEAP:S08,T34,1,5.05,1,1,4,4,unexposed,stimulus_relative,train,0.01,0.5198073936440981,0.48019260635590194
DEAP:S08:T36,DEAP:S08,T36,0,1.21,1,1,4,4,unexposed,stimulus_relative,train,0.01,0.4808501841590641,0.5191498158409359
DEAP:S08:T40,DEAP:S08,T40,0,3.13,1,1,4,4,unexposed,stimulus_relative,train,0.01,0.5730786177025188,0.4269213822974812
DEAP:S09:T03,DEAP:S09,T03,1,7.08,1,1,4,4,unexposed,stimulus_relative,train,0.01,0.5815936093724469,0.41840639062755314
DEAP:S09:T04,DEAP:S09,T04,1,5.99,1,1,4,4,unexposed,stimulus_relative,train,0.01,0.4928250740454658,0.5071749259545342
DEAP:S09:T06,DEAP:S09,T06,1,7.04,1,1,4,4,unexposed,stimulus_relative,train,0.01,0.43710434240862694,0.562895657591373
DEAP:S09:T07,DEAP:S09,T07,1,5.08,1,1,4,4,unexposed,stimulus_relative,train,0.01,0.45761471023306854,0.5423852897669315
DEAP:S09:T09,DEAP:S09,T09,1,5.96,1,1,4,4,unexposed,stimulus_relative,train,0.01,0.4152621580533098,0.5847378419466902
DEAP:S09:T11,DEAP:S09,T11,1,7.12,1,1,4,4,unexposed,stimulus_relative,train,0.01,0.47015600979207417,0.5298439902079258
DEAP:S09:T13,DEAP:S09,T13,1,8.15,1,1,4,4,unexposed,stimulus_relative,train,0.01,0.5009954718673423,0.4990045281326577
DEAP:S09:T16,DEAP:S09,T16,0,4.05,1,1,4,4,unexposed,stimulus_relative,train,0.01,0.435125226814875,0.564874773185125
DEAP:S09:T22,DEAP:S09,T22,0,3.99,1,1,4,4,unexposed,stimulus_relative,train,0.01,0.43508270502176183,0.5649172949782382
DEAP:S09:T24,DEAP:S09,T24,0,4.03,1,1,4,4,unexposed,stimulus_relative,train,0.01,0.48827311088018066,0.5117268891198193
DEAP:S09:T31,DEAP:S09,T31,1,6.06,1,1,4,4,unexposed,stimulus_relative,train,0.01,0.5354536404105433,0.46454635958945667
DEAP:S09:T34,DEAP:S09,T34,1,5.06,1,1,4,4,unexposed,stimulus_relative,train,0.01,0.41226043359995934,0.5877395664000407
DEAP:S09:T36,DEAP:S09,T36,0,3.08,1,1,4,4,unexposed,stimulus_relative,train,0.01,0.5149434236517321,0.4850565763482679
DEAP:S09:T39,DEAP:S09,T39,0,3.17,1,1,4,4,unexposed,stimulus_relative,train,0.01,0.5410141184488354,0.4589858815511646
DEAP:S09:T40,DEAP:S09,T40,1,5.04,1,1,4,4,unexposed,stimulus_relative,train,0.01,0.5726656405336608,0.4273343594663392
DEAP:S10:T03,DEAP:S10,T03,1,5.86,1,1,4,4,unexposed,stimulus_relative,train,0.01,0.5656865385372223,0.4343134614627777
DEAP:S10:T04,DEAP:S10,T04,1,7.01,1,1,4,4,unexposed,stimulus_relative,train,0.01,0.49090670234931555,0.5090932976506845
DEAP:S10:T06,DEAP:S10,T06,1,7.1,1,1,4,4,unexposed,stimulus_relative,train,0.01,0.4825044480792361,0.5174955519207639
DEAP:S10:T07,DEAP:S10,T07,1,8.96,1,1,4,4,unexposed,stimulus_relative,train,0.01,0.4220690756850092,0.5779309243149908
DEAP:S10:T11,DEAP:S10,T11,1,8.99,1,1,4,4,unexposed,stimulus_relative,train,0.01,0.49846591061490275,0.5015340893850972
DEAP:S10:T16,DEAP:S10,T16,0,3.85,1,1,4,4,unexposed,stimulus_relative,train,0.01,0.5894244891752292,0.41057551082477084
DEAP:S10:T22,DEAP:S10,T22,0,4.24,1,1,4,4,unexposed,stimulus_relative,train,0.01,0.5941874137583001,0.4058125862416999
DEAP:S10:T24,DEAP:S10,T24,1,6.82,1,1,4,4,unexposed,stimulus_relative,train,0.01,0.4677606642485409,0.5322393357514591
DEAP:S10:T31,DEAP:S10,T31,0,4.15,1,1,4,4,unexposed,stimulus_relative,train,0.01,0.5659807480879149,0.4340192519120851
DEAP:S10:T34,DEAP:S10,T34,0,3.91,1,1,4,4,unexposed,stimulus_relative,train,0.01,0.5640632222005761,0.4359367777994239
DEAP:S10:T36,DEAP:S10,T36,0,2.17,1,1,4,4,unexposed,stimulus_relative,train,0.01,0.5892145652733762,0.41078543472662377
DEAP:S10:T39,DEAP:S10,T39,0,2.17,1,1,4,4,unexposed,stimulus_relative,train,0.01,0.590422328238971,0.409577671761029
DEAP:S10:T40,DEAP:S10,T40,1,5.78,1,1,4,4,unexposed,stimulus_relative,train,0.01,0.5615186898596681,0.43848131014033187
DEAP:S13:T03,DEAP:S13,T03,1,9.0,1,1,4,4,unexposed,stimulus_relative,train,0.01,0.5541100087263204,0.44588999127367956
DEAP:S13:T04,DEAP:S13,T04,1,7.08,1,1,4,4,unexposed,stimulus_relative,train,0.01,0.48209124315564733,0.5179087568443527
DEAP:S13:T06,DEAP:S13,T06,0,4.46,1,1,4,4,unexposed,stimulus_relative,train,0.01,0.5622781722884114,0.4377218277115886
DEAP:S13:T07,DEAP:S13,T07,0,2.99,1,1,4,4,unexposed,stimulus_relative,train,0.01,0.5981079375442795,0.4018920624557205
DEAP:S13:T09,DEAP:S13,T09,1,7.06,1,1,4,4,unexposed,stimulus_relative,train,0.01,0.4857299312704302,0.5142700687295698
DEAP:S13:T11,DEAP:S13,T11,1,7.04,1,1,4,4,unexposed,stimulus_relative,train,0.01,0.514282440406211,0.48571755959378904
DEAP:S13:T13,DEAP:S13,T13,1,9.0,1,1,4,4,unexposed,stimulus_relative,train,0.01,0.5532861064575515,0.4467138935424485
DEAP:S13:T18,DEAP:S13,T18,1,7.94,1,1,4,4,unexposed,stimulus_relative,train,0.01,0.5030885987205966,0.4969114012794034
DEAP:S13:T22,DEAP:S13,T22,0,4.01,1,1,4,4,unexposed,stimulus_relative,train,0.01,0.6300131854770518,0.36998681452294824
DEAP:S13:T24,DEAP:S13,T24,0,2.97,1,1,4,4,unexposed,stimulus_relative,train,0.01,0.5974254032393606,0.40257459676063945
DEAP:S13:T31,DEAP:S13,T31,0,1.97,1,1,4,4,unexposed,stimulus_relative,train,0.01,0.6112394850853519,0.38876051491464814
DEAP:S13:T34,DEAP:S13,T34,0,2.92,1,1,4,4,unexposed,stimulus_relative,train,0.01,0.5762996204606607,0.42370037953933926
DEAP:S13:T36,DEAP:S13,T36,0,2.54,1,1,4,4,unexposed,stimulus_relative,train,0.01,0.585851748871326,0.4141482511286741
DEAP:S13:T39,DEAP:S13,T39,0,1.97,1,1,4,4,unexposed,stimulus_relative,train,0.01,0.5519638876757034,0.4480361123242966
DEAP:S13:T40,DEAP:S13,T40,0,4.08,1,1,4,4,unexposed,stimulus_relative,train,0.01,0.6032467713716034,0.39675322862839657
DEAP:S15:T03,DEAP:S15,T03,1,8.04,1,1,4,4,unexposed,stimulus_relative,train,0.01,0.5953536848728136,0.40464631512718635
DEAP:S15:T04,DEAP:S15,T04,1,8.04,1,1,4,4,unexposed,stimulus_relative,train,0.01,0.4572842027294485,0.5427157972705515
DEAP:S15:T06,DEAP:S15,T06,1,9.0,1,1,4,4,unexposed,stimulus_relative,train,0.01,0.41867419351431956,0.5813258064856804
DEAP:S15:T09,DEAP:S15,T09,1,9.0,1,1,4,4,unexposed,stimulus_relative,train,0.01,0.4421986484688607,0.5578013515311393
DEAP:S15:T11,DEAP:S15,T11,1,8.99,1,1,4,4,unexposed,stimulus_relative,train,0.01,0.4731155870676882,0.5268844129323118
DEAP:S15:T13,DEAP:S15,T13,1,7.06,1,1,4,4,unexposed,stimulus_relative,train,0.01,0.4658084101375126,0.5341915898624874
DEAP:S15:T16,DEAP:S15,T16,0,4.17,1,1,4,4,unexposed,stimulus_relative,train,0.01,0.5737104317197037,0.4262895682802963
DEAP:S15:T18,DEAP:S15,T18,1,7.04,1,1,4,4,unexposed,stimulus_relative,train,0.01,0.5255952563661586,0.47440474363384144
DEAP:S15:T22,DEAP:S15,T22,0,4.12,1,1,4,4,unexposed,stimulus_relative,train,0.01,0.628018300386659,0.37198169961334104
DEAP:S15:T24,DEAP:S15,T24,0,1.92,1,1,4,4,unexposed,stimulus_relative,train,0.01,0.5926472394378441,0.4073527605621559
DEAP:S15:T31,DEAP:S15,T31,0,2.99,1,1,4,4,unexposed,stimulus_relative,train,0.01,0.5275671053880104,0.4724328946119896
DEAP:S15:T34,DEAP:S15,T34,0,3.01,1,1,4,4,unexposed,stimulus_relative,train,0.01,0.549554354405361,0.45044564559463895
DEAP:S15:T36,DEAP:S15,T36,0,3.96,1,1,4,4,unexposed,stimulus_relative,train,0.01,0.5098160691429652,0.49018393085703477
DEAP:S15:T39,DEAP:S15,T39,0,4.0,1,1,4,4,unexposed,stimulus_relative,train,0.01,0.5477514127045006,0.45224858729549944
DEAP:S15:T40,DEAP:S15,T40,0,4.01,1,1,4,4,unexposed,stimulus_relative,train,0.01,0.5077715181998141,0.49222848180018586
DEAP:S16:T03,DEAP:S16,T03,1,6.74,1,1,4,4,unexposed,stimulus_relative,train,0.01,0.5127472714029597,0.4872527285970403
DEAP:S16:T06,DEAP:S16,T06,0,4.99,1,1,4,4,unexposed,stimulus_relative,train,0.01,0.5686756090164817,0.4313243909835183
DEAP:S16:T09,DEAP:S16,T09,0,4.18,1,1,4,4,unexposed,stimulus_relative,train,0.01,0.5670603695748284,0.43293963042517164
DEAP:S16:T11,DEAP:S16,T11,1,7.27,1,1,4,4,unexposed,stimulus_relative,train,0.01,0.5720610415896259,0.4279389584103741
DEAP:S16:T13,DEAP:S16,T13,0,3.88,1,1,4,4,unexposed,stimulus_relative,train,0.01,0.5644712177375966,0.43552878226240344
DEAP:S16:T16,DEAP:S16,T16,0,4.97,1,1,4,4,unexposed,stimulus_relative,train,0.01,0.5890503666659958,0.41094963333400425
DEAP:S16:T18,DEAP:S16,T18,1,6.56,1,1,4,4,unexposed,stimulus_relative,train,0.01,0.6210586162415555,0.37894138375844455
DEAP:S16:T24,DEAP:S16,T24,0,2.51,1,1,4,4,unexposed,stimulus_relative,train,0.01,0.6522057812994326,0.3477942187005673
DEAP:S16:T31,DEAP:S16,T31,0,3.88,1,1,4,4,unexposed,stimulus_relative,train,0.01,0.5629543430259105,0.4370456569740895
DEAP:S16:T34,DEAP:S16,T34,0,1.0,1,1,4,4,unexposed,stimulus_relative,train,0.01,0.5922474702094099,0.40775252979059007
DEAP:S16:T39,DEAP:S16,T39,1,6.13,1,1,4,4,unexposed,stimulus_relative,train,0.01,0.544609943984397,0.455390056015603
DEAP:S16:T40,DEAP:S16,T40,0,3.74,1,1,4,4,unexposed,stimulus_relative,train,0.01,0.5258120286449257,0.4741879713550743
DEAP:S17:T03,DEAP:S17,T03,1,6.46,1,1,4,4,unexposed,stimulus_relative,train,0.01,0.5565422597108198,0.4434577402891801
DEAP:S17:T04,DEAP:S17,T04,1,6.35,1,1,4,4,unexposed,stimulus_relative,train,0.01,0.523286844329616,0.47671315567038397
DEAP:S17:T06,DEAP:S17,T06,1,6.9,1,1,4,4,unexposed,stimulus_relative,train,0.01,0.45586841557830904,0.544131584421691
DEAP:S17:T07,DEAP:S17,T07,1,7.08,1,1,4,4,unexposed,stimulus_relative,train,0.01,0.45441474357495715,0.5455852564250429
DEAP:S17:T09,DEAP:S17,T09,1,6.04,1,1,4,4,unexposed,stimulus_relative,train,0.01,0.5148471426861847,0.4851528573138153
DEAP:S17:T11,DEAP:S17,T11,1,6.03,1,1,4,4,unexposed,stimulus_relative,train,0.01,0.5188511786040482,0.4811488213959518
DEAP:S17:T13,DEAP:S17,T13,0,4.54,1,1,4,4,unexposed,stimulus_relative,train,0.01,0.5356910081104254,0.46430899188957464
DEAP:S17:T18,DEAP:S17,T18,1,6.22,1,1,4,4,unexposed,stimulus_relative,train,0.01,0.5431721604471572,0.4568278395528428
DEAP:S17:T22,DEAP:S17,T22,0,3.19,1,1,4,4,unexposed,stimulus_relative,train,0.01,0.5816915918106478,0.4183084081893522
DEAP:S17:T24,DEAP:S17,T24,0,4.53,1,1,4,4,unexposed,stimulus_relative,train,0.01,0.5814990281769812,0.41850097182301876
DEAP:S17:T31,DEAP:S17,T31,0,4.54,1,1,4,4,unexposed,stimulus_relative,train,0.01,0.5445269063198035,0.45547309368019645
DEAP:S17:T34,DEAP:S17,T34,0,4.99,1,1,4,4,unexposed,stimulus_relative,train,0.01,0.5488847749598471,0.45111522504015295
DEAP:S17:T36,DEAP:S17,T36,0,3.37,1,1,4,4,unexposed,stimulus_relative,train,0.01,0.5517520397467375,0.4482479602532625
DEAP:S17:T39,DEAP:S17,T39,1,7.1,1,1,4,4,unexposed,stimulus_relative,train,0.01,0.47755693486913997,0.52244306513086
DEAP:S17:T40,DEAP:S17,T40,1,5.04,1,1,4,4,unexposed,stimulus_relative,train,0.01,0.4735708530942725,0.5264291469057275
DEAP:S19:T03,DEAP:S19,T03,1,6.82,1,1,4,4,unexposed,stimulus_relative,train,0.01,0.4983010019828217,0.5016989980171783
DEAP:S19:T07,DEAP:S19,T07,1,6.64,1,1,4,4,unexposed,stimulus_relative,train,0.01,0.4518139935585628,0.5481860064414372
DEAP:S19:T09,DEAP:S19,T09,1,7.09,1,1,4,4,unexposed,stimulus_relative,train,0.01,0.47894545893997165,0.5210545410600284
DEAP:S19:T13,DEAP:S19,T13,1,7.53,1,1,4,4,unexposed,stimulus_relative,train,0.01,0.4661818666532379,0.5338181333467621
DEAP:S19:T16,DEAP:S19,T16,0,3.24,1,1,4,4,unexposed,stimulus_relative,train,0.01,0.5148794917579408,0.4851205082420592
DEAP:S19:T18,DEAP:S19,T18,1,7.77,1,1,4,4,unexposed,stimulus_relative,train,0.01,0.4619978196613549,0.5380021803386451
DEAP:S19:T22,DEAP:S19,T22,1,5.04,1,1,4,4,unexposed,stimulus_relative,train,0.01,0.5145817329606306,0.48541826703936936
DEAP:S19:T24,DEAP:S19,T24,0,3.23,1,1,4,4,unexposed,stimulus_relative,train,0.01,0.4631798958258819,0.5368201041741181
DEAP:S19:T31,DEAP:S19,T31,1,5.03,1,1,4,4,unexposed,stimulus_relative,train,0.01,0.49596395027304696,0.504036049726953
DEAP:S19:T34,DEAP:S19,T34,0,4.17,1,1,4,4,unexposed,stimulus_relative,train,0.01,0.4886972411205275,0.5113027588794725
DEAP:S19:T36,DEAP:S19,T36,0,3.71,1,1,4,4,unexposed,stimulus_relative,train,0.01,0.5053329704438791,0.4946670295561209
DEAP:S19:T39,DEAP:S19,T39,1,5.04,1,1,4,4,unexposed,stimulus_relative,train,0.01,0.5051468383010362,0.4948531616989638
DEAP:S19:T40,DEAP:S19,T40,0,4.24,1,1,4,4,unexposed,stimulus_relative,train,0.01,0.4838127100010189,0.5161872899989811
DEAP:S20:T03,DEAP:S20,T03,1,7.18,1,1,4,4,unexposed,stimulus_relative,train,0.01,0.541326301400018,0.458673698599982
DEAP:S20:T04,DEAP:S20,T04,1,7.05,1,1,4,4,unexposed,stimulus_relative,train,0.01,0.4783676995391699,0.5216323004608301
DEAP:S20:T09,DEAP:S20,T09,1,8.22,1,1,4,4,unexposed,stimulus_relative,train,0.01,0.46691008938294476,0.5330899106170552
DEAP:S20:T11,DEAP:S20,T11,1,8.18,1,1,4,4,unexposed,stimulus_relative,train,0.01,0.5084685359235408,0.49153146407645926
DEAP:S20:T13,DEAP:S20,T13,1,7.91,1,1,4,4,unexposed,stimulus_relative,train,0.01,0.5028906011689006,0.4971093988310994
DEAP:S20:T16,DEAP:S20,T16,1,5.03,1,1,4,4,unexposed,stimulus_relative,train,0.01,0.49689007715368216,0.5031099228463178
DEAP:S20:T18,DEAP:S20,T18,1,7.35,1,1,4,4,unexposed,stimulus_relative,train,0.01,0.5195157697337094,0.48048423026629056
DEAP:S20:T22,DEAP:S20,T22,0,4.06,1,1,4,4,unexposed,stimulus_relative,train,0.01,0.5203311235780135,0.4796688764219865
DEAP:S20:T24,DEAP:S20,T24,0,3.0,1,1,4,4,unexposed,stimulus_relative,train,0.01,0.5164015919244083,0.4835984080755918
DEAP:S20:T31,DEAP:S20,T31,0,4.46,1,1,4,4,unexposed,stimulus_relative,train,0.01,0.5130444474036566,0.4869555525963434
DEAP:S20:T34,DEAP:S20,T34,0,4.74,1,1,4,4,unexposed,stimulus_relative,train,0.01,0.5446383631576137,0.45536163684238634
DEAP:S20:T36,DEAP:S20,T36,0,4.29,1,1,4,4,unexposed,stimulus_relative,train,0.01,0.4868846482909257,0.5131153517090743
DEAP:S20:T39,DEAP:S20,T39,0,4.67,1,1,4,4,unexposed,stimulus_relative,train,0.01,0.5207944351152858,0.4792055648847142
DEAP:S20:T40,DEAP:S20,T40,0,4.94,1,1,4,4,unexposed,stimulus_relative,train,0.01,0.49779009802492025,0.5022099019750798
DEAP:S21:T03,DEAP:S21,T03,0,4.83,1,1,4,4,unexposed,stimulus_relative,train,0.01,0.556741831900721,0.443258168099279
DEAP:S21:T04,DEAP:S21,T04,1,5.05,1,1,4,4,unexposed,stimulus_relative,train,0.01,0.4640772644418766,0.5359227355581234
DEAP:S21:T06,DEAP:S21,T06,1,7.92,1,1,4,4,unexposed,stimulus_relative,train,0.01,0.4523530256797845,0.5476469743202155
DEAP:S21:T07,DEAP:S21,T07,1,7.05,1,1,4,4,unexposed,stimulus_relative,train,0.01,0.44621526336969874,0.5537847366303013
DEAP:S21:T09,DEAP:S21,T09,1,8.56,1,1,4,4,unexposed,stimulus_relative,train,0.01,0.4932617401207994,0.5067382598792006
DEAP:S21:T11,DEAP:S21,T11,1,7.05,1,1,4,4,unexposed,stimulus_relative,train,0.01,0.39759868982897795,0.602401310171022
DEAP:S21:T13,DEAP:S21,T13,0,4.27,1,1,4,4,unexposed,stimulus_relative,train,0.01,0.4901203623318384,0.5098796376681616
DEAP:S21:T18,DEAP:S21,T18,1,7.99,1,1,4,4,unexposed,stimulus_relative,train,0.01,0.4536660250754634,0.5463339749245366
DEAP:S21:T22,DEAP:S21,T22,0,2.09,1,1,4,4,unexposed,stimulus_relative,train,0.01,0.49871306585713193,0.5012869341428681
DEAP:S21:T24,DEAP:S21,T24,0,2.99,1,1,4,4,unexposed,stimulus_relative,train,0.01,0.4881962911792399,0.5118037088207601
DEAP:S21:T31,DEAP:S21,T31,1,5.04,1,1,4,4,unexposed,stimulus_relative,train,0.01,0.3974659619214672,0.6025340380785328
DEAP:S21:T34,DEAP:S21,T34,0,4.06,1,1,4,4,unexposed,stimulus_relative,train,0.01,0.45998393277932337,0.5400160672206766
DEAP:S21:T36,DEAP:S21,T36,1,6.88,1,1,4,4,unexposed,stimulus_relative,train,0.01,0.4751619437861372,0.5248380562138628
DEAP:S21:T40,DEAP:S21,T40,0,3.99,1,1,4,4,unexposed,stimulus_relative,train,0.01,0.49538459320972794,0.5046154067902721
DEAP:S22:T03,DEAP:S22,T03,1,7.05,1,1,4,4,unexposed,stimulus_relative,train,0.01,0.5846274446789331,0.41537255532106687
DEAP:S22:T06,DEAP:S22,T06,0,4.97,1,1,4,4,unexposed,stimulus_relative,train,0.01,0.5872358975023634,0.4127641024976366
DEAP:S22:T09,DEAP:S22,T09,1,9.0,1,1,4,4,unexposed,stimulus_relative,train,0.01,0.499193474864177,0.500806525135823
DEAP:S22:T11,DEAP:S22,T11,1,8.05,1,1,4,4,unexposed,stimulus_relative,train,0.01,0.5579346453945317,0.4420653546054682
DEAP:S22:T16,DEAP:S22,T16,1,6.06,1,1,4,4,unexposed,stimulus_relative,train,0.01,0.4836144368525839,0.5163855631474161
DEAP:S22:T18,DEAP:S22,T18,1,8.08,1,1,4,4,unexposed,stimulus_relative,train,0.01,0.5798293300782675,0.4201706699217325
DEAP:S22:T22,DEAP:S22,T22,0,4.05,1,1,4,4,unexposed,stimulus_relative,train,0.01,0.5030966108369761,0.49690338916302385
DEAP:S22:T24,DEAP:S22,T24,0,1.96,1,1,4,4,unexposed,stimulus_relative,train,0.01,0.5967227236590059,0.4032772763409941
DEAP:S22:T31,DEAP:S22,T31,0,2.01,1,1,4,4,unexposed,stimulus_relative,train,0.01,0.5805733014452272,0.4194266985547727
DEAP:S22:T34,DEAP:S22,T34,1,5.04,1,1,4,4,unexposed,stimulus_relative,train,0.01,0.5247539745393068,0.4752460254606931
DEAP:S22:T36,DEAP:S22,T36,0,1.96,1,1,4,4,unexposed,stimulus_relative,train,0.01,0.49729097445493986,0.5027090255450601
DEAP:S22:T39,DEAP:S22,T39,0,1.0,1,1,4,4,unexposed,stimulus_relative,train,0.01,0.5052437750604053,0.49475622493959476
DEAP:S22:T40,DEAP:S22,T40,0,2.97,1,1,4,4,unexposed,stimulus_relative,train,0.01,0.4991355393715461,0.5008644606284539
DEAP:S23:T03,DEAP:S23,T03,1,7.09,1,1,4,4,unexposed,stimulus_relative,train,0.01,0.31967916390075235,0.6803208360992476
DEAP:S23:T04,DEAP:S23,T04,1,8.21,1,1,4,4,unexposed,stimulus_relative,train,0.01,0.3228264928986494,0.6771735071013506
DEAP:S23:T06,DEAP:S23,T06,1,5.09,1,1,4,4,unexposed,stimulus_relative,train,0.01,0.31644532207203624,0.6835546779279638
DEAP:S23:T07,DEAP:S23,T07,1,8.94,1,1,4,4,unexposed,stimulus_relative,train,0.01,0.2768912853925276,0.7231087146074724
DEAP:S23:T09,DEAP:S23,T09,1,7.03,1,1,4,4,unexposed,stimulus_relative,train,0.01,0.37003086017790887,0.6299691398220911
DEAP:S23:T11,DEAP:S23,T11,1,7.0,1,1,4,4,unexposed,stimulus_relative,train,0.01,0.2872609171448113,0.7127390828551887
DEAP:S23:T13,DEAP:S23,T13,1,8.01,1,1,4,4,unexposed,stimulus_relative,train,0.01,0.3481612016812169,0.6518387983187831
DEAP:S23:T16,DEAP:S23,T16,1,5.15,1,1,4,4,unexposed,stimulus_relative,train,0.01,0.33895518075062625,0.6610448192493737
DEAP:S23:T18,DEAP:S23,T18,1,7.12,1,1,4,4,unexposed,stimulus_relative,train,0.01,0.35033234812212843,0.6496676518778716
DEAP:S23:T22,DEAP:S23,T22,0,2.97,1,1,4,4,unexposed,stimulus_relative,train,0.01,0.35668569764994495,0.643314302350055
DEAP:S23:T24,DEAP:S23,T24,1,6.53,1,1,4,4,unexposed,stimulus_relative,train,0.01,0.3111875407834561,0.6888124592165439
DEAP:S23:T31,DEAP:S23,T31,0,4.86,1,1,4,4,unexposed,stimulus_relative,train,0.01,0.3440477436686301,0.6559522563313699
DEAP:S23:T34,DEAP:S23,T34,1,6.72,1,1,4,4,unexposed,stimulus_relative,train,0.01,0.30962483377760364,0.6903751662223964
DEAP:S23:T36,DEAP:S23,T36,0,4.92,1,1,4,4,unexposed,stimulus_relative,train,0.01,0.3817033395805164,0.6182966604194836
DEAP:S23:T40,DEAP:S23,T40,0,4.88,1,1,4,4,unexposed,stimulus_relative,train,0.01,0.31747077912472876,0.6825292208752712
DEAP:S24:T03,DEAP:S24,T03,1,8.96,1,1,4,4,unexposed,stimulus_relative,train,0.01,0.5727153774184478,0.4272846225815522
DEAP:S24:T04,DEAP:S24,T04,1,6.05,1,1,4,4,unexposed,stimulus_relative,train,0.01,0.5420724707721243,0.4579275292278757
DEAP:S24:T06,DEAP:S24,T06,1,5.96,1,1,4,4,unexposed,stimulus_relative,train,0.01,0.533407065153384,0.46659293484661607
DEAP:S24:T07,DEAP:S24,T07,0,3.04,1,1,4,4,unexposed,stimulus_relative,train,0.01,0.5380162853391384,0.46198371466086163
DEAP:S24:T09,DEAP:S24,T09,1,7.08,1,1,4,4,unexposed,stimulus_relative,train,0.01,0.5301828305529326,0.46981716944706736
DEAP:S24:T11,DEAP:S24,T11,1,7.03,1,1,4,4,unexposed,stimulus_relative,train,0.01,0.5708618734555675,0.42913812654443256
DEAP:S24:T13,DEAP:S24,T13,1,8.0,1,1,4,4,unexposed,stimulus_relative,train,0.01,0.5823801479343758,0.4176198520656243
DEAP:S24:T16,DEAP:S24,T16,0,4.0,1,1,4,4,unexposed,stimulus_relative,train,0.01,0.5517076044668467,0.4482923955331533
DEAP:S24:T18,DEAP:S24,T18,1,8.96,1,1,4,4,unexposed,stimulus_relative,train,0.01,0.5375845831758306,0.46241541682416937
DEAP:S24:T22,DEAP:S24,T22,0,3.03,1,1,4,4,unexposed,stimulus_relative,train,0.01,0.5677278599610317,0.4322721400389683
DEAP:S24:T24,DEAP:S24,T24,0,2.99,1,1,4,4,unexposed,stimulus_relative,train,0.01,0.6481145393890351,0.3518854606109649
DEAP:S24:T31,DEAP:S24,T31,0,2.94,1,1,4,4,unexposed,stimulus_relative,train,0.01,0.5666628402098919,0.4333371597901081
DEAP:S24:T34,DEAP:S24,T34,0,4.05,1,1,4,4,unexposed,stimulus_relative,train,0.01,0.4989162100962018,0.5010837899037982
DEAP:S24:T36,DEAP:S24,T36,0,4.0,1,1,4,4,unexposed,stimulus_relative,train,0.01,0.5850776798610221,0.4149223201389779
DEAP:S24:T39,DEAP:S24,T39,0,2.12,1,1,4,4,unexposed,stimulus_relative,train,0.01,0.5697803512874737,0.4302196487125262
DEAP:S26:T03,DEAP:S26,T03,1,9.0,1,1,4,4,unexposed,stimulus_relative,train,0.01,0.5259839627911641,0.4740160372088359
DEAP:S26:T04,DEAP:S26,T04,1,8.03,1,1,4,4,unexposed,stimulus_relative,train,0.01,0.4710738430486048,0.5289261569513952
DEAP:S26:T06,DEAP:S26,T06,1,8.09,1,1,4,4,unexposed,stimulus_relative,train,0.01,0.4884636469127276,0.5115363530872724
DEAP:S26:T11,DEAP:S26,T11,1,8.04,1,1,4,4,unexposed,stimulus_relative,train,0.01,0.5168711231104374,0.48312887688956263
DEAP:S26:T13,DEAP:S26,T13,1,7.12,1,1,4,4,unexposed,stimulus_relative,train,0.01,0.44864660068269246,0.5513533993173075
DEAP:S26:T16,DEAP:S26,T16,1,6.19,1,1,4,4,unexposed,stimulus_relative,train,0.01,0.4364855286834156,0.5635144713165844
DEAP:S26:T18,DEAP:S26,T18,1,9.0,1,1,4,4,unexposed,stimulus_relative,train,0.01,0.4377180148518809,0.5622819851481191
DEAP:S26:T22,DEAP:S26,T22,1,6.97,1,1,4,4,unexposed,stimulus_relative,train,0.01,0.4612040385212036,0.5387959614787964
DEAP:S26:T24,DEAP:S26,T24,1,9.0,1,1,4,4,unexposed,stimulus_relative,train,0.01,0.4786314882239656,0.5213685117760344
DEAP:S26:T31,DEAP:S26,T31,0,1.97,1,1,4,4,unexposed,stimulus_relative,train,0.01,0.5408699062048529,0.45913009379514713
DEAP:S26:T34,DEAP:S26,T34,0,1.0,1,1,4,4,unexposed,stimulus_relative,train,0.01,0.5282849544783079,0.471715045521692
DEAP:S26:T36,DEAP:S26,T36,0,2.92,1,1,4,4,unexposed,stimulus_relative,train,0.01,0.4649073106701236,0.5350926893298764
DEAP:S26:T39,DEAP:S26,T39,0,1.95,1,1,4,4,unexposed,stimulus_relative,train,0.01,0.4391736608476926,0.5608263391523074
DEAP:S26:T40,DEAP:S26,T40,0,3.06,1,1,4,4,unexposed,stimulus_relative,train,0.01,0.5077322048045407,0.49226779519545927
DEAP:S30:T03,DEAP:S30,T03,1,6.15,1,1,4,4,unexposed,stimulus_relative,train,0.01,0.5365757616010447,0.4634242383989553
DEAP:S30:T04,DEAP:S30,T04,1,7.04,1,1,4,4,unexposed,stimulus_relative,train,0.01,0.5141918207297825,0.48580817927021747
DEAP:S30:T06,DEAP:S30,T06,1,6.22,1,1,4,4,unexposed,stimulus_relative,train,0.01,0.5128266663988634,0.48717333360113657
DEAP:S30:T07,DEAP:S30,T07,0,4.05,1,1,4,4,unexposed,stimulus_relative,train,0.01,0.528490497709911,0.47150950229008903
DEAP:S30:T09,DEAP:S30,T09,1,7.08,1,1,4,4,unexposed,stimulus_relative,train,0.01,0.527735734971469,0.472264265028531
DEAP:S30:T11,DEAP:S30,T11,1,6.06,1,1,4,4,unexposed,stimulus_relative,train,0.01,0.5370765508929478,0.46292344910705213
DEAP:S30:T13,DEAP:S30,T13,0,4.04,1,1,4,4,unexposed,stimulus_relative,train,0.01,0.543015586943274,0.456984413056726
DEAP:S30:T16,DEAP:S30,T16,1,5.04,1,1,4,4,unexposed,stimulus_relative,train,0.01,0.49341014651599546,0.5065898534840045
DEAP:S30:T18,DEAP:S30,T18,1,7.05,1,1,4,4,unexposed,stimulus_relative,train,0.01,0.5183653491510221,0.4816346508489779
DEAP:S30:T22,DEAP:S30,T22,0,4.05,1,1,4,4,unexposed,stimulus_relative,train,0.01,0.5089184291987932,0.4910815708012069
DEAP:S30:T24,DEAP:S30,T24,1,5.99,1,1,4,4,unexposed,stimulus_relative,train,0.01,0.5023279440229482,0.49767205597705183
DEAP:S30:T31,DEAP:S30,T31,0,3.86,1,1,4,4,unexposed,stimulus_relative,train,0.01,0.5311796334886472,0.46882036651135284
DEAP:S30:T36,DEAP:S30,T36,0,4.03,1,1,4,4,unexposed,stimulus_relative,train,0.01,0.5081008938206437,0.4918991061793562
DEAP:S30:T39,DEAP:S30,T39,0,2.97,1,1,4,4,unexposed,stimulus_relative,train,0.01,0.503132328598836,0.4968676714011639
DEAP:S30:T40,DEAP:S30,T40,1,5.05,1,1,4,4,unexposed,stimulus_relative,train,0.01,0.5146389300543505,0.48536106994564954
DEAP:S31:T03,DEAP:S31,T03,1,8.04,1,1,4,4,unexposed,stimulus_relative,train,0.01,0.4219269990889899,0.5780730009110101
DEAP:S31:T04,DEAP:S31,T04,1,6.97,1,1,4,4,unexposed,stimulus_relative,train,0.01,0.44318274304203664,0.5568172569579634
DEAP:S31:T06,DEAP:S31,T06,0,4.99,1,1,4,4,unexposed,stimulus_relative,train,0.01,0.48640715989851346,0.5135928401014865
DEAP:S31:T07,DEAP:S31,T07,1,6.05,1,1,4,4,unexposed,stimulus_relative,train,0.01,0.4539596479967084,0.5460403520032916
DEAP:S31:T09,DEAP:S31,T09,1,6.06,1,1,4,4,unexposed,stimulus_relative,train,0.01,0.4525940309636426,0.5474059690363574
DEAP:S31:T11,DEAP:S31,T11,1,9.0,1,1,4,4,unexposed,stimulus_relative,train,0.01,0.4702666053441795,0.5297333946558205
DEAP:S31:T13,DEAP:S31,T13,1,8.09,1,1,4,4,unexposed,stimulus_relative,train,0.01,0.4725596574990285,0.5274403425009715
DEAP:S31:T16,DEAP:S31,T16,1,6.09,1,1,4,4,unexposed,stimulus_relative,train,0.01,0.4264276968536356,0.5735723031463644
DEAP:S31:T18,DEAP:S31,T18,1,7.06,1,1,4,4,unexposed,stimulus_relative,train,0.01,0.45727132119436686,0.5427286788056331
DEAP:S31:T34,DEAP:S31,T34,0,1.95,1,1,4,4,unexposed,stimulus_relative,train,0.01,0.4751873002247682,0.5248126997752318
DEAP:S31:T36,DEAP:S31,T36,0,4.97,1,1,4,4,unexposed,stimulus_relative,train,0.01,0.4742805662383469,0.5257194337616531
DEAP:S31:T39,DEAP:S31,T39,0,1.0,1,1,4,4,unexposed,stimulus_relative,train,0.01,0.4643640516450429,0.5356359483549571
DEAP:S31:T40,DEAP:S31,T40,0,3.99,1,1,4,4,unexposed,stimulus_relative,train,0.01,0.47912557927162924,0.5208744207283708
DEAP:S32:T03,DEAP:S32,T03,1,8.05,1,1,4,4,unexposed,stimulus_relative,train,0.01,0.5717823984961315,0.42821760150386845
DEAP:S32:T04,DEAP:S32,T04,1,6.96,1,1,4,4,unexposed,stimulus_relative,train,0.01,0.5631110898537273,0.4368889101462727
DEAP:S32:T06,DEAP:S32,T06,1,5.78,1,1,4,4,unexposed,stimulus_relative,train,0.01,0.6365386496098739,0.363461350390126
DEAP:S32:T07,DEAP:S32,T07,0,4.94,1,1,4,4,unexposed,stimulus_relative,train,0.01,0.6421972688967541,0.35780273110324595
DEAP:S32:T09,DEAP:S32,T09,1,7.86,1,1,4,4,unexposed,stimulus_relative,train,0.01,0.48906202724235004,0.51093797275765
DEAP:S32:T11,DEAP:S32,T11,1,8.24,1,1,4,4,unexposed,stimulus_relative,train,0.01,0.49566197364926545,0.5043380263507345
DEAP:S32:T13,DEAP:S32,T13,1,7.09,1,1,4,4,unexposed,stimulus_relative,train,0.01,0.4954013024152448,0.5045986975847552
DEAP:S32:T16,DEAP:S32,T16,0,3.97,1,1,4,4,unexposed,stimulus_relative,train,0.01,0.5258308747268585,0.47416912527314153
DEAP:S32:T18,DEAP:S32,T18,1,8.03,1,1,4,4,unexposed,stimulus_relative,train,0.01,0.6367883815733444,0.3632116184266556
DEAP:S32:T22,DEAP:S32,T22,0,4.15,1,1,4,4,unexposed,stimulus_relative,train,0.01,0.5735268800290929,0.42647311997090703
DEAP:S32:T24,DEAP:S32,T24,0,1.0,1,1,4,4,unexposed,stimulus_relative,train,0.01,0.587056946920268,0.412943053079732
DEAP:S32:T31,DEAP:S32,T31,0,4.17,1,1,4,4,unexposed,stimulus_relative,train,0.01,0.6068567718524387,0.39314322814756136
DEAP:S32:T34,DEAP:S32,T34,0,4.05,1,1,4,4,unexposed,stimulus_relative,train,0.01,0.5038937002613393,0.49610629973866077
DEAP:S32:T36,DEAP:S32,T36,0,3.91,1,1,4,4,unexposed,stimulus_relative,train,0.01,0.5458104247151434,0.45418957528485665
DEAP:S32:T39,DEAP:S32,T39,0,3.99,1,1,4,4,unexposed,stimulus_relative,train,0.01,0.6149049235991069,0.3850950764008931
DEAP:S32:T40,DEAP:S32,T40,1,7.15,1,1,4,4,unexposed,stimulus_relative,train,0.01,0.5319238920028007,0.46807610799719934
DEAP:S18:T02,DEAP:S18,T02,1,6.87,1,1,4,4,unexposed,stimulus_relative,validation_unseen,0.01,0.5081984890519113,0.4918015109480886
DEAP:S18:T10,DEAP:S18,T10,1,6.09,1,1,4,4,unexposed,stimulus_relative,validation_unseen,0.01,0.5035119095117564,0.49648809048824366
DEAP:S18:T14,DEAP:S18,T14,1,6.62,1,1,4,4,unexposed,stimulus_relative,validation_unseen,0.01,0.5362990613616226,0.46370093863837736
DEAP:S18:T17,DEAP:S18,T17,1,7.74,1,1,4,4,unexposed,stimulus_relative,validation_unseen,0.01,0.5390216005477098,0.4609783994522903
DEAP:S18:T20,DEAP:S18,T20,1,6.24,1,1,4,4,unexposed,stimulus_relative,validation_unseen,0.01,0.5214931699883154,0.4785068300116846
DEAP:S18:T21,DEAP:S18,T21,0,3.92,1,1,4,4,unexposed,stimulus_relative,validation_unseen,0.01,0.5633446914627762,0.43665530853722384
DEAP:S18:T37,DEAP:S18,T37,0,4.0,1,1,4,4,unexposed,stimulus_relative,validation_unseen,0.01,0.5335715573097217,0.4664284426902782
DEAP:S18:T38,DEAP:S18,T38,0,4.51,1,1,4,4,unexposed,stimulus_relative,validation_unseen,0.01,0.5475959714396903,0.45240402856030976
DEAP:S25:T02,DEAP:S25,T02,0,2.99,1,1,4,4,unexposed,stimulus_relative,validation_unseen,0.01,0.5178009124462863,0.4821990875537136
DEAP:S25:T10,DEAP:S25,T10,0,1.0,1,1,4,4,unexposed,stimulus_relative,validation_unseen,0.01,0.5540694457384412,0.44593055426155886
DEAP:S25:T14,DEAP:S25,T14,1,8.09,1,1,4,4,unexposed,stimulus_relative,validation_unseen,0.01,0.5688509471418604,0.43114905285813965
DEAP:S25:T17,DEAP:S25,T17,1,5.04,1,1,4,4,unexposed,stimulus_relative,validation_unseen,0.01,0.5629873820511084,0.43701261794889157
DEAP:S25:T20,DEAP:S25,T20,1,7.08,1,1,4,4,unexposed,stimulus_relative,validation_unseen,0.01,0.5527299667640473,0.4472700332359527
DEAP:S25:T21,DEAP:S25,T21,1,6.03,1,1,4,4,unexposed,stimulus_relative,validation_unseen,0.01,0.5746494492185822,0.4253505507814178
DEAP:S25:T37,DEAP:S25,T37,0,1.0,1,1,4,4,unexposed,stimulus_relative,validation_unseen,0.01,0.5658548085564519,0.43414519144354813
DEAP:S25:T38,DEAP:S25,T38,0,1.0,1,1,4,4,unexposed,stimulus_relative,validation_unseen,0.01,0.5591370001033034,0.44086299989669664
DEAP:S27:T02,DEAP:S27,T02,1,7.0,1,1,4,4,unexposed,stimulus_relative,validation_unseen,0.01,0.4946749099155373,0.5053250900844627
DEAP:S27:T10,DEAP:S27,T10,1,6.01,1,1,4,4,unexposed,stimulus_relative,validation_unseen,0.01,0.5201134583738598,0.47988654162614025
DEAP:S27:T14,DEAP:S27,T14,1,8.06,1,1,4,4,unexposed,stimulus_relative,validation_unseen,0.01,0.45193609656126654,0.5480639034387335
DEAP:S27:T17,DEAP:S27,T17,1,9.0,1,1,4,4,unexposed,stimulus_relative,validation_unseen,0.01,0.48221843200800807,0.5177815679919919
DEAP:S27:T20,DEAP:S27,T20,1,6.97,1,1,4,4,unexposed,stimulus_relative,validation_unseen,0.01,0.4933296841420469,0.5066703158579531
DEAP:S27:T21,DEAP:S27,T21,1,9.0,1,1,4,4,unexposed,stimulus_relative,validation_unseen,0.01,0.48912641159773895,0.510873588402261
DEAP:S27:T37,DEAP:S27,T37,0,2.99,1,1,4,4,unexposed,stimulus_relative,validation_unseen,0.01,0.45894056125100213,0.5410594387489979
DEAP:S27:T38,DEAP:S27,T38,0,1.0,1,1,4,4,unexposed,stimulus_relative,validation_unseen,0.01,0.4814980724839075,0.5185019275160925
DEAP:S29:T02,DEAP:S29,T02,1,7.05,1,1,4,4,unexposed,stimulus_relative,validation_unseen,0.01,0.45994283942962766,0.5400571605703723
DEAP:S29:T10,DEAP:S29,T10,1,7.01,1,1,4,4,unexposed,stimulus_relative,validation_unseen,0.01,0.5959882080886877,0.4040117919113123
DEAP:S29:T14,DEAP:S29,T14,1,8.06,1,1,4,4,unexposed,stimulus_relative,validation_unseen,0.01,0.5126416152246649,0.4873583847753351
DEAP:S29:T17,DEAP:S29,T17,1,5.08,1,1,4,4,unexposed,stimulus_relative,validation_unseen,0.01,0.5867847019104566,0.41321529808954344
DEAP:S29:T20,DEAP:S29,T20,1,8.03,1,1,4,4,unexposed,stimulus_relative,validation_unseen,0.01,0.5849346518951551,0.41506534810484486
DEAP:S29:T21,DEAP:S29,T21,0,2.92,1,1,4,4,unexposed,stimulus_relative,validation_unseen,0.01,0.5508459067379962,0.44915409326200384
DEAP:S29:T37,DEAP:S29,T37,1,5.01,1,1,4,4,unexposed,stimulus_relative,validation_unseen,0.01,0.5290898352446629,0.47091016475533715
DEAP:S29:T38,DEAP:S29,T38,0,1.88,1,1,4,4,unexposed,stimulus_relative,validation_unseen,0.01,0.5702182554051499,0.4297817445948501
DEAP:S18:T03,DEAP:S18,T03,1,6.36,1,1,4,4,unexposed,stimulus_relative,validation_familiar,0.01,0.5187897766669927,0.4812102233330074
DEAP:S18:T04,DEAP:S18,T04,1,6.65,1,1,4,4,unexposed,stimulus_relative,validation_familiar,0.01,0.53012058767132,0.46987941232868
DEAP:S18:T06,DEAP:S18,T06,1,6.51,1,1,4,4,unexposed,stimulus_relative,validation_familiar,0.01,0.5268668988576739,0.4731331011423261
DEAP:S18:T07,DEAP:S18,T07,1,7.33,1,1,4,4,unexposed,stimulus_relative,validation_familiar,0.01,0.46909633960697905,0.530903660393021
DEAP:S18:T09,DEAP:S18,T09,1,6.55,1,1,4,4,unexposed,stimulus_relative,validation_familiar,0.01,0.5110005524572611,0.48899944754273894
DEAP:S18:T11,DEAP:S18,T11,1,6.24,1,1,4,4,unexposed,stimulus_relative,validation_familiar,0.01,0.5173439780777096,0.4826560219222904
DEAP:S18:T13,DEAP:S18,T13,1,7.33,1,1,4,4,unexposed,stimulus_relative,validation_familiar,0.01,0.5086445046160514,0.4913554953839486
DEAP:S18:T16,DEAP:S18,T16,0,4.38,1,1,4,4,unexposed,stimulus_relative,validation_familiar,0.01,0.5424321082818644,0.4575678917181356
DEAP:S18:T18,DEAP:S18,T18,1,7.05,1,1,4,4,unexposed,stimulus_relative,validation_familiar,0.01,0.519410481476064,0.48058951852393605
DEAP:S18:T22,DEAP:S18,T22,1,5.69,1,1,4,4,unexposed,stimulus_relative,validation_familiar,0.01,0.5302498799800763,0.4697501200199236
DEAP:S18:T24,DEAP:S18,T24,0,3.22,1,1,4,4,unexposed,stimulus_relative,validation_familiar,0.01,0.5341439100934355,0.4658560899065645
DEAP:S18:T31,DEAP:S18,T31,0,4.44,1,1,4,4,unexposed,stimulus_relative,validation_familiar,0.01,0.5526897656918064,0.44731023430819356
DEAP:S18:T34,DEAP:S18,T34,0,4.15,1,1,4,4,unexposed,stimulus_relative,validation_familiar,0.01,0.5312558836217562,0.46874411637824376
DEAP:S18:T36,DEAP:S18,T36,1,5.24,1,1,4,4,unexposed,stimulus_relative,validation_familiar,0.01,0.49034519580330194,0.5096548041966981
DEAP:S18:T39,DEAP:S18,T39,0,4.06,1,1,4,4,unexposed,stimulus_relative,validation_familiar,0.01,0.5259527777040869,0.47404722229591306
DEAP:S25:T03,DEAP:S25,T03,1,7.12,1,1,4,4,unexposed,stimulus_relative,validation_familiar,0.01,0.5524114298317454,0.4475885701682546
DEAP:S25:T07,DEAP:S25,T07,1,6.08,1,1,4,4,unexposed,stimulus_relative,validation_familiar,0.01,0.5267487817134066,0.47325121828659344
DEAP:S25:T09,DEAP:S25,T09,1,8.09,1,1,4,4,unexposed,stimulus_relative,validation_familiar,0.01,0.513099421171155,0.486900578828845
DEAP:S25:T11,DEAP:S25,T11,1,9.0,1,1,4,4,unexposed,stimulus_relative,validation_familiar,0.01,0.5703912261238535,0.42960877387614643
DEAP:S25:T13,DEAP:S25,T13,1,7.97,1,1,4,4,unexposed,stimulus_relative,validation_familiar,0.01,0.5453207905351674,0.4546792094648327
DEAP:S25:T16,DEAP:S25,T16,1,6.05,1,1,4,4,unexposed,stimulus_relative,validation_familiar,0.01,0.5922534740234064,0.4077465259765936
DEAP:S25:T18,DEAP:S25,T18,0,3.04,1,1,4,4,unexposed,stimulus_relative,validation_familiar,0.01,0.5697244350562285,0.4302755649437715
DEAP:S25:T22,DEAP:S25,T22,1,8.03,1,1,4,4,unexposed,stimulus_relative,validation_familiar,0.01,0.5567268114097228,0.44327318859027726
DEAP:S25:T24,DEAP:S25,T24,0,3.05,1,1,4,4,unexposed,stimulus_relative,validation_familiar,0.01,0.5588361236647132,0.4411638763352867
DEAP:S25:T31,DEAP:S25,T31,0,1.01,1,1,4,4,unexposed,stimulus_relative,validation_familiar,0.01,0.5299098073062999,0.4700901926937001
DEAP:S25:T34,DEAP:S25,T34,0,4.95,1,1,4,4,unexposed,stimulus_relative,validation_familiar,0.01,0.5806675587974373,0.4193324412025627
DEAP:S25:T36,DEAP:S25,T36,0,3.0,1,1,4,4,unexposed,stimulus_relative,validation_familiar,0.01,0.5356111231374996,0.46438887686250047
DEAP:S25:T39,DEAP:S25,T39,0,1.0,1,1,4,4,unexposed,stimulus_relative,validation_familiar,0.01,0.5506696437585893,0.4493303562414107
DEAP:S25:T40,DEAP:S25,T40,0,1.0,1,1,4,4,unexposed,stimulus_relative,validation_familiar,0.01,0.5712071979804048,0.4287928020195953
DEAP:S27:T03,DEAP:S27,T03,1,9.0,1,1,4,4,unexposed,stimulus_relative,validation_familiar,0.01,0.5108354574955705,0.48916454250442953
DEAP:S27:T04,DEAP:S27,T04,1,7.05,1,1,4,4,unexposed,stimulus_relative,validation_familiar,0.01,0.4486702481528011,0.5513297518471989
DEAP:S27:T06,DEAP:S27,T06,1,7.0,1,1,4,4,unexposed,stimulus_relative,validation_familiar,0.01,0.4816154002305679,0.5183845997694321
DEAP:S27:T07,DEAP:S27,T07,0,4.94,1,1,4,4,unexposed,stimulus_relative,validation_familiar,0.01,0.45213202497311067,0.5478679750268893
DEAP:S27:T09,DEAP:S27,T09,1,8.99,1,1,4,4,unexposed,stimulus_relative,validation_familiar,0.01,0.48568205155275535,0.5143179484472447
DEAP:S27:T11,DEAP:S27,T11,1,9.0,1,1,4,4,unexposed,stimulus_relative,validation_familiar,0.01,0.4712579238260277,0.5287420761739723
DEAP:S27:T13,DEAP:S27,T13,1,7.01,1,1,4,4,unexposed,stimulus_relative,validation_familiar,0.01,0.4703041893889971,0.5296958106110029
DEAP:S27:T16,DEAP:S27,T16,1,8.06,1,1,4,4,unexposed,stimulus_relative,validation_familiar,0.01,0.4978314095014348,0.5021685904985652
DEAP:S27:T18,DEAP:S27,T18,1,9.0,1,1,4,4,unexposed,stimulus_relative,validation_familiar,0.01,0.49630743460651017,0.5036925653934898
DEAP:S27:T22,DEAP:S27,T22,1,7.29,1,1,4,4,unexposed,stimulus_relative,validation_familiar,0.01,0.43961664863020167,0.5603833513697983
DEAP:S27:T24,DEAP:S27,T24,1,8.9,1,1,4,4,unexposed,stimulus_relative,validation_familiar,0.01,0.4940194948336658,0.5059805051663342
DEAP:S27:T31,DEAP:S27,T31,1,5.08,1,1,4,4,unexposed,stimulus_relative,validation_familiar,0.01,0.46552838918247064,0.5344716108175294
DEAP:S27:T34,DEAP:S27,T34,0,2.85,1,1,4,4,unexposed,stimulus_relative,validation_familiar,0.01,0.4589062947112277,0.5410937052887723
DEAP:S27:T36,DEAP:S27,T36,1,6.13,1,1,4,4,unexposed,stimulus_relative,validation_familiar,0.01,0.47345721770516846,0.5265427822948315
DEAP:S27:T39,DEAP:S27,T39,0,2.14,1,1,4,4,unexposed,stimulus_relative,validation_familiar,0.01,0.4583089766036319,0.5416910233963681
DEAP:S27:T40,DEAP:S27,T40,1,5.04,1,1,4,4,unexposed,stimulus_relative,validation_familiar,0.01,0.5142276898697402,0.48577231013025973
DEAP:S29:T03,DEAP:S29,T03,1,9.0,1,1,4,4,unexposed,stimulus_relative,validation_familiar,0.01,0.5109270391413703,0.4890729608586298
DEAP:S29:T04,DEAP:S29,T04,1,7.17,1,1,4,4,unexposed,stimulus_relative,validation_familiar,0.01,0.5956024274061278,0.40439757259387216
DEAP:S29:T06,DEAP:S29,T06,1,8.03,1,1,4,4,unexposed,stimulus_relative,validation_familiar,0.01,0.5048648246980263,0.49513517530197376
DEAP:S29:T07,DEAP:S29,T07,1,7.04,1,1,4,4,unexposed,stimulus_relative,validation_familiar,0.01,0.579871137254895,0.420128862745105
DEAP:S29:T09,DEAP:S29,T09,1,7.06,1,1,4,4,unexposed,stimulus_relative,validation_familiar,0.01,0.5866502713337506,0.4133497286662494
DEAP:S29:T11,DEAP:S29,T11,1,8.03,1,1,4,4,unexposed,stimulus_relative,validation_familiar,0.01,0.5195160926320161,0.4804839073679838
DEAP:S29:T13,DEAP:S29,T13,1,6.06,1,1,4,4,unexposed,stimulus_relative,validation_familiar,0.01,0.48553526007611636,0.5144647399238836
DEAP:S29:T16,DEAP:S29,T16,0,3.0,1,1,4,4,unexposed,stimulus_relative,validation_familiar,0.01,0.5644004048393092,0.43559959516069086
DEAP:S29:T18,DEAP:S29,T18,1,7.01,1,1,4,4,unexposed,stimulus_relative,validation_familiar,0.01,0.5740615544734029,0.42593844552659715
DEAP:S29:T22,DEAP:S29,T22,0,3.05,1,1,4,4,unexposed,stimulus_relative,validation_familiar,0.01,0.5240667863874483,0.4759332136125517
DEAP:S29:T24,DEAP:S29,T24,0,4.12,1,1,4,4,unexposed,stimulus_relative,validation_familiar,0.01,0.5218553308960447,0.4781446691039552
DEAP:S29:T31,DEAP:S29,T31,0,1.0,1,1,4,4,unexposed,stimulus_relative,validation_familiar,0.01,0.49772278896951594,0.5022772110304841
DEAP:S29:T34,DEAP:S29,T34,0,3.95,1,1,4,4,unexposed,stimulus_relative,validation_familiar,0.01,0.6111650011097008,0.38883499889029915
DEAP:S29:T36,DEAP:S29,T36,1,5.03,1,1,4,4,unexposed,stimulus_relative,validation_familiar,0.01,0.6031773096775255,0.39682269032247447
DEAP:S29:T39,DEAP:S29,T39,1,6.05,1,1,4,4,unexposed,stimulus_relative,validation_familiar,0.01,0.5166258977676499,0.4833741022323501
DEAP:S29:T40,DEAP:S29,T40,1,6.01,1,1,4,4,unexposed,stimulus_relative,validation_familiar,0.01,0.5915495069053766,0.40845049309462345
DEAP:S01:T03,DEAP:S01,T03,1,8.58,1,1,4,4,unexposed,stimulus_relative,train,0.1,0.6127119241855685,0.3872880758144315
DEAP:S01:T04,DEAP:S01,T04,0,4.94,1,1,4,4,unexposed,stimulus_relative,train,0.1,0.5781725174402053,0.4218274825597948
DEAP:S01:T06,DEAP:S01,T06,1,8.27,1,1,4,4,unexposed,stimulus_relative,train,0.1,0.5645689758594439,0.4354310241405562
DEAP:S01:T07,DEAP:S01,T07,1,7.44,1,1,4,4,unexposed,stimulus_relative,train,0.1,0.5380358190249144,0.46196418097508557
DEAP:S01:T09,DEAP:S01,T09,0,4.04,1,1,4,4,unexposed,stimulus_relative,train,0.1,0.4758049017567111,0.5241950982432889
DEAP:S01:T11,DEAP:S01,T11,0,2.99,1,1,4,4,unexposed,stimulus_relative,train,0.1,0.48497340828961033,0.5150265917103897
DEAP:S01:T13,DEAP:S01,T13,0,1.95,1,1,4,4,unexposed,stimulus_relative,train,0.1,0.5553521676283599,0.44464783237164
DEAP:S01:T16,DEAP:S01,T16,1,6.81,1,1,4,4,unexposed,stimulus_relative,train,0.1,0.4503558883087968,0.5496441116912032
DEAP:S01:T18,DEAP:S01,T18,1,7.23,1,1,4,4,unexposed,stimulus_relative,train,0.1,0.44315775660814516,0.5568422433918548
DEAP:S01:T22,DEAP:S01,T22,1,7.09,1,1,4,4,unexposed,stimulus_relative,train,0.1,0.5777479764456469,0.4222520235543531
DEAP:S01:T24,DEAP:S01,T24,1,7.04,1,1,4,4,unexposed,stimulus_relative,train,0.1,0.44623611870972346,0.5537638812902765
DEAP:S01:T31,DEAP:S01,T31,0,3.03,1,1,4,4,unexposed,stimulus_relative,train,0.1,0.6207019704784389,0.3792980295215611
DEAP:S01:T34,DEAP:S01,T34,0,2.28,1,1,4,4,unexposed,stimulus_relative,train,0.1,0.6285274594548276,0.3714725405451725
DEAP:S01:T36,DEAP:S01,T36,0,2.9,1,1,4,4,unexposed,stimulus_relative,train,0.1,0.6593467973728315,0.34065320262716847
DEAP:S01:T40,DEAP:S01,T40,1,5.1,1,1,4,4,unexposed,stimulus_relative,train,0.1,0.612218156928716,0.38778184307128405
DEAP:S02:T03,DEAP:S02,T03,1,9.0,1,1,4,4,unexposed,stimulus_relative,train,0.1,0.47515240478606113,0.5248475952139389
DEAP:S02:T04,DEAP:S02,T04,1,6.05,1,1,4,4,unexposed,stimulus_relative,train,0.1,0.27247131748898457,0.7275286825110154
DEAP:S02:T07,DEAP:S02,T07,0,4.96,1,1,4,4,unexposed,stimulus_relative,train,0.1,0.6972095994100789,0.30279040058992107
DEAP:S02:T09,DEAP:S02,T09,1,9.0,1,1,4,4,unexposed,stimulus_relative,train,0.1,0.4213305692033721,0.5786694307966279
DEAP:S02:T11,DEAP:S02,T11,1,7.08,1,1,4,4,unexposed,stimulus_relative,train,0.1,0.18697656773951832,0.8130234322604817
DEAP:S02:T16,DEAP:S02,T16,1,6.0,1,1,4,4,unexposed,stimulus_relative,train,0.1,0.1452399197118971,0.8547600802881029
DEAP:S02:T18,DEAP:S02,T18,1,9.0,1,1,4,4,unexposed,stimulus_relative,train,0.1,0.13526556317703986,0.8647344368229601
DEAP:S02:T24,DEAP:S02,T24,1,7.08,1,1,4,4,unexposed,stimulus_relative,train,0.1,0.6139074715952457,0.3860925284047543
DEAP:S02:T31,DEAP:S02,T31,0,4.06,1,1,4,4,unexposed,stimulus_relative,train,0.1,0.40474868203841086,0.5952513179615891
DEAP:S02:T34,DEAP:S02,T34,0,4.87,1,1,4,4,unexposed,stimulus_relative,train,0.1,0.27595220336079596,0.724047796639204
DEAP:S02:T36,DEAP:S02,T36,1,5.04,1,1,4,4,unexposed,stimulus_relative,train,0.1,0.3764272142791467,0.6235727857208533
DEAP:S02:T39,DEAP:S02,T39,0,1.0,1,1,4,4,unexposed,stimulus_relative,train,0.1,0.4041894201043559,0.5958105798956441
DEAP:S02:T40,DEAP:S02,T40,1,6.05,1,1,4,4,unexposed,stimulus_relative,train,0.1,0.37680273519747143,0.6231972648025286
DEAP:S03:T03,DEAP:S03,T03,1,7.55,1,1,4,4,unexposed,stimulus_relative,train,0.1,0.6163984881051421,0.38360151189485786
DEAP:S03:T04,DEAP:S03,T04,0,4.69,1,1,4,4,unexposed,stimulus_relative,train,0.1,0.41461538887712157,0.5853846111228784
DEAP:S03:T06,DEAP:S03,T06,1,6.79,1,1,4,4,unexposed,stimulus_relative,train,0.1,0.3898246571467583,0.6101753428532417
DEAP:S03:T09,DEAP:S03,T09,1,7.33,1,1,4,4,unexposed,stimulus_relative,train,0.1,0.32937904487717085,0.6706209551228292
DEAP:S03:T11,DEAP:S03,T11,1,7.94,1,1,4,4,unexposed,stimulus_relative,train,0.1,0.40851857351623544,0.5914814264837646
DEAP:S03:T13,DEAP:S03,T13,1,7.91,1,1,4,4,unexposed,stimulus_relative,train,0.1,0.4292919897638733,0.5707080102361267
DEAP:S03:T16,DEAP:S03,T16,1,7.15,1,1,4,4,unexposed,stimulus_relative,train,0.1,0.4792023602123222,0.5207976397876778
DEAP:S03:T22,DEAP:S03,T22,0,4.94,1,1,4,4,unexposed,stimulus_relative,train,0.1,0.5095178950958463,0.4904821049041536
DEAP:S03:T24,DEAP:S03,T24,0,3.31,1,1,4,4,unexposed,stimulus_relative,train,0.1,0.529484639415448,0.47051536058455196
DEAP:S03:T31,DEAP:S03,T31,0,4.44,1,1,4,4,unexposed,stimulus_relative,train,0.1,0.5539822338870035,0.44601776611299654
DEAP:S03:T34,DEAP:S03,T34,0,4.72,1,1,4,4,unexposed,stimulus_relative,train,0.1,0.6766836125633393,0.32331638743666075
DEAP:S03:T36,DEAP:S03,T36,1,5.01,1,1,4,4,unexposed,stimulus_relative,train,0.1,0.37445075457197774,0.6255492454280223
DEAP:S03:T39,DEAP:S03,T39,0,4.33,1,1,4,4,unexposed,stimulus_relative,train,0.1,0.5732493063590882,0.42675069364091184
DEAP:S03:T40,DEAP:S03,T40,1,5.38,1,1,4,4,unexposed,stimulus_relative,train,0.1,0.5687916197993946,0.43120838020060537
DEAP:S04:T03,DEAP:S04,T03,1,8.95,1,1,4,4,unexposed,stimulus_relative,train,0.1,0.5205568707067618,0.47944312929323823
DEAP:S04:T04,DEAP:S04,T04,1,6.1,1,1,4,4,unexposed,stimulus_relative,train,0.1,0.6765298641295217,0.3234701358704783
DEAP:S04:T06,DEAP:S04,T06,1,5.01,1,1,4,4,unexposed,stimulus_relative,train,0.1,0.5357058436987716,0.46429415630122844
DEAP:S04:T07,DEAP:S04,T07,0,2.94,1,1,4,4,unexposed,stimulus_relative,train,0.1,0.5554031633390569,0.4445968366609431
DEAP:S04:T09,DEAP:S04,T09,1,6.05,1,1,4,4,unexposed,stimulus_relative,train,0.1,0.642333526049292,0.357666473950708
DEAP:S04:T11,DEAP:S04,T11,1,7.24,1,1,4,4,unexposed,stimulus_relative,train,0.1,0.6585707335339144,0.3414292664660857
DEAP:S04:T16,DEAP:S04,T16,0,2.51,1,1,4,4,unexposed,stimulus_relative,train,0.1,0.7116454026719163,0.2883545973280837
DEAP:S04:T18,DEAP:S04,T18,0,4.9,1,1,4,4,unexposed,stimulus_relative,train,0.1,0.6320741889797519,0.3679258110202482
DEAP:S04:T24,DEAP:S04,T24,0,2.71,1,1,4,4,unexposed,stimulus_relative,train,0.1,0.7661739212849056,0.23382607871509445
DEAP:S04:T34,DEAP:S04,T34,0,2.17,1,1,4,4,unexposed,stimulus_relative,train,0.1,0.684090259523221,0.31590974047677906
DEAP:S04:T36,DEAP:S04,T36,0,2.72,1,1,4,4,unexposed,stimulus_relative,train,0.1,0.7295390481625442,0.2704609518374558
DEAP:S04:T39,DEAP:S04,T39,0,1.92,1,1,4,4,unexposed,stimulus_relative,train,0.1,0.634554089522285,0.36544591047771496
DEAP:S04:T40,DEAP:S04,T40,0,1.86,1,1,4,4,unexposed,stimulus_relative,train,0.1,0.6383727492065974,0.36162725079340263
DEAP:S05:T03,DEAP:S05,T03,0,4.95,1,1,4,4,unexposed,stimulus_relative,train,0.1,0.4175351926763151,0.5824648073236849
DEAP:S05:T04,DEAP:S05,T04,1,8.24,1,1,4,4,unexposed,stimulus_relative,train,0.1,0.3328801583477232,0.6671198416522768
DEAP:S05:T06,DEAP:S05,T06,1,8.09,1,1,4,4,unexposed,stimulus_relative,train,0.1,0.3335662354834378,0.6664337645165622
DEAP:S05:T07,DEAP:S05,T07,1,5.12,1,1,4,4,unexposed,stimulus_relative,train,0.1,0.32995394933791,0.67004605066209
DEAP:S05:T09,DEAP:S05,T09,1,6.94,1,1,4,4,unexposed,stimulus_relative,train,0.1,0.33933753954212853,0.6606624604578715
DEAP:S05:T11,DEAP:S05,T11,1,9.0,1,1,4,4,unexposed,stimulus_relative,train,0.1,0.27128375888860157,0.7287162411113984
DEAP:S05:T13,DEAP:S05,T13,0,4.94,1,1,4,4,unexposed,stimulus_relative,train,0.1,0.32603508919502244,0.6739649108049776
DEAP:S05:T16,DEAP:S05,T16,1,5.96,1,1,4,4,unexposed,stimulus_relative,train,0.1,0.4487074469428466,0.5512925530571534
DEAP:S05:T18,DEAP:S05,T18,1,8.05,1,1,4,4,unexposed,stimulus_relative,train,0.1,0.34904456496847847,0.6509554350315215
DEAP:S05:T22,DEAP:S05,T22,1,6.99,1,1,4,4,unexposed,stimulus_relative,train,0.1,0.40902915837582754,0.5909708416241725
DEAP:S05:T24,DEAP:S05,T24,0,4.0,1,1,4,4,unexposed,stimulus_relative,train,0.1,0.41540595185419305,0.584594048145807
DEAP:S05:T31,DEAP:S05,T31,1,6.9,1,1,4,4,unexposed,stimulus_relative,train,0.1,0.3871735929061674,0.6128264070938326
DEAP:S05:T34,DEAP:S05,T34,1,6.03,1,1,4,4,unexposed,stimulus_relative,train,0.1,0.33262640655218934,0.6673735934478107
DEAP:S05:T39,DEAP:S05,T39,0,1.0,1,1,4,4,unexposed,stimulus_relative,train,0.1,0.42613966648808155,0.5738603335119185
DEAP:S05:T40,DEAP:S05,T40,1,7.0,1,1,4,4,unexposed,stimulus_relative,train,0.1,0.37439629423144494,0.6256037057685551
DEAP:S06:T03,DEAP:S06,T03,1,7.69,1,1,4,4,unexposed,stimulus_relative,train,0.1,0.35786390953901404,0.642136090460986
DEAP:S06:T04,DEAP:S06,T04,1,7.55,1,1,4,4,unexposed,stimulus_relative,train,0.1,0.43140841859966284,0.5685915814003372
DEAP:S06:T07,DEAP:S06,T07,1,8.26,1,1,4,4,unexposed,stimulus_relative,train,0.1,0.48324725964846293,0.5167527403515371
DEAP:S06:T09,DEAP:S06,T09,1,7.87,1,1,4,4,unexposed,stimulus_relative,train,0.1,0.5373887018071031,0.4626112981928969
DEAP:S06:T11,DEAP:S06,T11,0,4.99,1,1,4,4,unexposed,stimulus_relative,train,0.1,0.5169613619028293,0.48303863809717074
DEAP:S06:T13,DEAP:S06,T13,1,7.79,1,1,4,4,unexposed,stimulus_relative,train,0.1,0.27467234282009945,0.7253276571799006
DEAP:S06:T16,DEAP:S06,T16,1,5.06,1,1,4,4,unexposed,stimulus_relative,train,0.1,0.3409368726722857,0.6590631273277143
DEAP:S06:T18,DEAP:S06,T18,1,7.59,1,1,4,4,unexposed,stimulus_relative,train,0.1,0.42501975590555174,0.5749802440944483
DEAP:S06:T22,DEAP:S06,T22,1,7.56,1,1,4,4,unexposed,stimulus_relative,train,0.1,0.35658421132922613,0.6434157886707739
DEAP:S06:T24,DEAP:S06,T24,0,3.5,1,1,4,4,unexposed,stimulus_relative,train,0.1,0.34115992980337384,0.6588400701966262
DEAP:S06:T31,DEAP:S06,T31,0,3.65,1,1,4,4,unexposed,stimulus_relative,train,0.1,0.5192533124516437,0.48074668754835626
DEAP:S06:T34,DEAP:S06,T34,0,3.31,1,1,4,4,unexposed,stimulus_relative,train,0.1,0.30444417935594303,0.695555820644057
DEAP:S06:T36,DEAP:S06,T36,1,5.71,1,1,4,4,unexposed,stimulus_relative,train,0.1,0.280901262948394,0.719098737051606
DEAP:S06:T39,DEAP:S06,T39,1,6.56,1,1,4,4,unexposed,stimulus_relative,train,0.1,0.43043083675327387,0.5695691632467261
DEAP:S06:T40,DEAP:S06,T40,0,4.85,1,1,4,4,unexposed,stimulus_relative,train,0.1,0.45709566210850694,0.5429043378914931
DEAP:S07:T03,DEAP:S07,T03,1,7.1,1,1,4,4,unexposed,stimulus_relative,train,0.1,0.2726264541769058,0.7273735458230942
DEAP:S07:T06,DEAP:S07,T06,1,6.97,1,1,4,4,unexposed,stimulus_relative,train,0.1,0.30767520174458385,0.6923247982554162
DEAP:S07:T07,DEAP:S07,T07,1,7.08,1,1,4,4,unexposed,stimulus_relative,train,0.1,0.2911417821787019,0.7088582178212981
DEAP:S07:T09,DEAP:S07,T09,1,6.99,1,1,4,4,unexposed,stimulus_relative,train,0.1,0.40952026677365916,0.5904797332263408
DEAP:S07:T13,DEAP:S07,T13,1,8.0,1,1,4,4,unexposed,stimulus_relative,train,0.1,0.3360372773608963,0.6639627226391037
DEAP:S07:T16,DEAP:S07,T16,0,3.03,1,1,4,4,unexposed,stimulus_relative,train,0.1,0.6596758904841081,0.34032410951589187
DEAP:S07:T18,DEAP:S07,T18,1,7.03,1,1,4,4,unexposed,stimulus_relative,train,0.1,0.4022902936643945,0.5977097063356055
DEAP:S07:T22,DEAP:S07,T22,0,3.05,1,1,4,4,unexposed,stimulus_relative,train,0.1,0.3046287675692998,0.6953712324307002
DEAP:S07:T24,DEAP:S07,T24,0,1.97,1,1,4,4,unexposed,stimulus_relative,train,0.1,0.37640302432632444,0.6235969756736756
DEAP:S07:T31,DEAP:S07,T31,1,6.96,1,1,4,4,unexposed,stimulus_relative,train,0.1,0.33512063190708585,0.6648793680929141
DEAP:S07:T34,DEAP:S07,T34,0,4.01,1,1,4,4,unexposed,stimulus_relative,train,0.1,0.3131057952617571,0.6868942047382429
DEAP:S07:T36,DEAP:S07,T36,1,8.1,1,1,4,4,unexposed,stimulus_relative,train,0.1,0.23937337228754885,0.7606266277124512
DEAP:S07:T39,DEAP:S07,T39,1,7.01,1,1,4,4,unexposed,stimulus_relative,train,0.1,0.21399507160120612,0.7860049283987939
DEAP:S07:T40,DEAP:S07,T40,1,7.01,1,1,4,4,unexposed,stimulus_relative,train,0.1,0.20142387338311718,0.7985761266168828
DEAP:S08:T03,DEAP:S08,T03,1,8.15,1,1,4,4,unexposed,stimulus_relative,train,0.1,0.43451039515156276,0.5654896048484372
DEAP:S08:T06,DEAP:S08,T06,1,7.4,1,1,4,4,unexposed,stimulus_relative,train,0.1,0.3399212178195252,0.6600787821804748
DEAP:S08:T07,DEAP:S08,T07,1,5.04,1,1,4,4,unexposed,stimulus_relative,train,0.1,0.5350225922781529,0.4649774077218472
DEAP:S08:T09,DEAP:S08,T09,1,8.78,1,1,4,4,unexposed,stimulus_relative,train,0.1,0.35582703560510176,0.6441729643948982
DEAP:S08:T11,DEAP:S08,T11,1,8.41,1,1,4,4,unexposed,stimulus_relative,train,0.1,0.4100169658488392,0.5899830341511608
DEAP:S08:T13,DEAP:S08,T13,1,7.9,1,1,4,4,unexposed,stimulus_relative,train,0.1,0.4569472884809104,0.5430527115190896
DEAP:S08:T16,DEAP:S08,T16,0,4.21,1,1,4,4,unexposed,stimulus_relative,train,0.1,0.5724494354136151,0.4275505645863848
DEAP:S08:T18,DEAP:S08,T18,1,7.21,1,1,4,4,unexposed,stimulus_relative,train,0.1,0.3919797397650526,0.6080202602349474
DEAP:S08:T22,DEAP:S08,T22,0,4.23,1,1,4,4,unexposed,stimulus_relative,train,0.1,0.740033602960178,0.25996639703982205
DEAP:S08:T24,DEAP:S08,T24,0,4.15,1,1,4,4,unexposed,stimulus_relative,train,0.1,0.7004227874742716,0.29957721252572844
DEAP:S08:T31,DEAP:S08,T31,0,1.45,1,1,4,4,unexposed,stimulus_relative,train,0.1,0.4866290269555138,0.5133709730444862
DEAP:S08:T34,DEAP:S08,T34,1,5.05,1,1,4,4,unexposed,stimulus_relative,train,0.1,0.4525172269571158,0.5474827730428842
DEAP:S08:T36,DEAP:S08,T36,0,1.21,1,1,4,4,unexposed,stimulus_relative,train,0.1,0.5463197678169895,0.4536802321830105
DEAP:S08:T40,DEAP:S08,T40,0,3.13,1,1,4,4,unexposed,stimulus_relative,train,0.1,0.6917550367010901,0.30824496329890994
DEAP:S09:T03,DEAP:S09,T03,1,7.08,1,1,4,4,unexposed,stimulus_relative,train,0.1,0.6436883285262882,0.35631167147371173
DEAP:S09:T04,DEAP:S09,T04,1,5.99,1,1,4,4,unexposed,stimulus_relative,train,0.1,0.42147341534186333,0.5785265846581367
DEAP:S09:T06,DEAP:S09,T06,1,7.04,1,1,4,4,unexposed,stimulus_relative,train,0.1,0.29935798172524253,0.7006420182747575
DEAP:S09:T07,DEAP:S09,T07,1,5.08,1,1,4,4,unexposed,stimulus_relative,train,0.1,0.31512497654969096,0.684875023450309
DEAP:S09:T09,DEAP:S09,T09,1,5.96,1,1,4,4,unexposed,stimulus_relative,train,0.1,0.2426546968480625,0.7573453031519375
DEAP:S09:T11,DEAP:S09,T11,1,7.12,1,1,4,4,unexposed,stimulus_relative,train,0.1,0.38220926960947377,0.6177907303905262
DEAP:S09:T13,DEAP:S09,T13,1,8.15,1,1,4,4,unexposed,stimulus_relative,train,0.1,0.49988819818099095,0.500111801819009
DEAP:S09:T16,DEAP:S09,T16,0,4.05,1,1,4,4,unexposed,stimulus_relative,train,0.1,0.33303370371645413,0.6669662962835459
DEAP:S09:T22,DEAP:S09,T22,0,3.99,1,1,4,4,unexposed,stimulus_relative,train,0.1,0.2655378909379559,0.7344621090620441
DEAP:S09:T24,DEAP:S09,T24,0,4.03,1,1,4,4,unexposed,stimulus_relative,train,0.1,0.4005007428118347,0.5994992571881653
DEAP:S09:T31,DEAP:S09,T31,1,6.06,1,1,4,4,unexposed,stimulus_relative,train,0.1,0.6211504051835406,0.3788495948164594
DEAP:S09:T34,DEAP:S09,T34,1,5.06,1,1,4,4,unexposed,stimulus_relative,train,0.1,0.28401281080590013,0.7159871891940999
DEAP:S09:T36,DEAP:S09,T36,0,3.08,1,1,4,4,unexposed,stimulus_relative,train,0.1,0.5212227535445211,0.47877724645547887
DEAP:S09:T39,DEAP:S09,T39,0,3.17,1,1,4,4,unexposed,stimulus_relative,train,0.1,0.6333870972701695,0.3666129027298305
DEAP:S09:T40,DEAP:S09,T40,1,5.04,1,1,4,4,unexposed,stimulus_relative,train,0.1,0.6191467257638883,0.38085327423611176
DEAP:S10:T03,DEAP:S10,T03,1,5.86,1,1,4,4,unexposed,stimulus_relative,train,0.1,0.666801645698019,0.3331983543019809
DEAP:S10:T04,DEAP:S10,T04,1,7.01,1,1,4,4,unexposed,stimulus_relative,train,0.1,0.4038915825490539,0.5961084174509461
DEAP:S10:T06,DEAP:S10,T06,1,7.1,1,1,4,4,unexposed,stimulus_relative,train,0.1,0.3529169893831178,0.6470830106168822
DEAP:S10:T07,DEAP:S10,T07,1,8.96,1,1,4,4,unexposed,stimulus_relative,train,0.1,0.2254727283103235,0.7745272716896765
DEAP:S10:T11,DEAP:S10,T11,1,8.99,1,1,4,4,unexposed,stimulus_relative,train,0.1,0.4575954038560195,0.5424045961439805
DEAP:S10:T16,DEAP:S10,T16,0,3.85,1,1,4,4,unexposed,stimulus_relative,train,0.1,0.6615266216846613,0.33847337831533875
DEAP:S10:T22,DEAP:S10,T22,0,4.24,1,1,4,4,unexposed,stimulus_relative,train,0.1,0.7055993095899138,0.2944006904100862
DEAP:S10:T24,DEAP:S10,T24,1,6.82,1,1,4,4,unexposed,stimulus_relative,train,0.1,0.3366642761187526,0.6633357238812474
DEAP:S10:T31,DEAP:S10,T31,0,4.15,1,1,4,4,unexposed,stimulus_relative,train,0.1,0.611725690779318,0.3882743092206819
DEAP:S10:T34,DEAP:S10,T34,0,3.91,1,1,4,4,unexposed,stimulus_relative,train,0.1,0.5490097813582753,0.4509902186417248
DEAP:S10:T36,DEAP:S10,T36,0,2.17,1,1,4,4,unexposed,stimulus_relative,train,0.1,0.7702785349483723,0.22972146505162774
DEAP:S10:T39,DEAP:S10,T39,0,2.17,1,1,4,4,unexposed,stimulus_relative,train,0.1,0.7503115363454547,0.24968846365454533
DEAP:S10:T40,DEAP:S10,T40,1,5.78,1,1,4,4,unexposed,stimulus_relative,train,0.1,0.6126967616502654,0.3873032383497345
DEAP:S13:T03,DEAP:S13,T03,1,9.0,1,1,4,4,unexposed,stimulus_relative,train,0.1,0.6038064912821024,0.3961935087178976
DEAP:S13:T04,DEAP:S13,T04,1,7.08,1,1,4,4,unexposed,stimulus_relative,train,0.1,0.29245183085323534,0.7075481691467647
DEAP:S13:T06,DEAP:S13,T06,0,4.46,1,1,4,4,unexposed,stimulus_relative,train,0.1,0.5568687392090373,0.44313126079096266
DEAP:S13:T07,DEAP:S13,T07,0,2.99,1,1,4,4,unexposed,stimulus_relative,train,0.1,0.7258220317509819,0.2741779682490181
DEAP:S13:T09,DEAP:S13,T09,1,7.06,1,1,4,4,unexposed,stimulus_relative,train,0.1,0.2796418304588292,0.7203581695411708
DEAP:S13:T11,DEAP:S13,T11,1,7.04,1,1,4,4,unexposed,stimulus_relative,train,0.1,0.36401609528686185,0.6359839047131381
DEAP:S13:T13,DEAP:S13,T13,1,9.0,1,1,4,4,unexposed,stimulus_relative,train,0.1,0.48908161472982303,0.510918385270177
DEAP:S13:T18,DEAP:S13,T18,1,7.94,1,1,4,4,unexposed,stimulus_relative,train,0.1,0.3741271203043701,0.6258728796956299
DEAP:S13:T22,DEAP:S13,T22,0,4.01,1,1,4,4,unexposed,stimulus_relative,train,0.1,0.8087408619401648,0.19125913805983513
DEAP:S13:T24,DEAP:S13,T24,0,2.97,1,1,4,4,unexposed,stimulus_relative,train,0.1,0.7588989608753454,0.24110103912465464
DEAP:S13:T31,DEAP:S13,T31,0,1.97,1,1,4,4,unexposed,stimulus_relative,train,0.1,0.8088945934112226,0.19110540658877734
DEAP:S13:T34,DEAP:S13,T34,0,2.92,1,1,4,4,unexposed,stimulus_relative,train,0.1,0.6774963810539023,0.3225036189460977
DEAP:S13:T36,DEAP:S13,T36,0,2.54,1,1,4,4,unexposed,stimulus_relative,train,0.1,0.6926008836145587,0.30739911638544126
DEAP:S13:T39,DEAP:S13,T39,0,1.97,1,1,4,4,unexposed,stimulus_relative,train,0.1,0.6904874846830606,0.3095125153169393
DEAP:S13:T40,DEAP:S13,T40,0,4.08,1,1,4,4,unexposed,stimulus_relative,train,0.1,0.8050990756781962,0.19490092432180378
DEAP:S15:T03,DEAP:S15,T03,1,8.04,1,1,4,4,unexposed,stimulus_relative,train,0.1,0.7165063146353171,0.2834936853646829
DEAP:S15:T04,DEAP:S15,T04,1,8.04,1,1,4,4,unexposed,stimulus_relative,train,0.1,0.4291342109974149,0.5708657890025851
DEAP:S15:T06,DEAP:S15,T06,1,9.0,1,1,4,4,unexposed,stimulus_relative,train,0.1,0.2794332452688011,0.7205667547311989
DEAP:S15:T09,DEAP:S15,T09,1,9.0,1,1,4,4,unexposed,stimulus_relative,train,0.1,0.33135539359419397,0.668644606405806
DEAP:S15:T11,DEAP:S15,T11,1,8.99,1,1,4,4,unexposed,stimulus_relative,train,0.1,0.45583891160566303,0.544161088394337
DEAP:S15:T13,DEAP:S15,T13,1,7.06,1,1,4,4,unexposed,stimulus_relative,train,0.1,0.3818273238650598,0.6181726761349402
DEAP:S15:T16,DEAP:S15,T16,0,4.17,1,1,4,4,unexposed,stimulus_relative,train,0.1,0.7176995431184583,0.28230045688154176
DEAP:S15:T18,DEAP:S15,T18,1,7.04,1,1,4,4,unexposed,stimulus_relative,train,0.1,0.5816524850954292,0.4183475149045708
DEAP:S15:T22,DEAP:S15,T22,0,4.12,1,1,4,4,unexposed,stimulus_relative,train,0.1,0.7793031224680351,0.22069687753196482
DEAP:S15:T24,DEAP:S15,T24,0,1.92,1,1,4,4,unexposed,stimulus_relative,train,0.1,0.7249744877845087,0.2750255122154913
DEAP:S15:T31,DEAP:S15,T31,0,2.99,1,1,4,4,unexposed,stimulus_relative,train,0.1,0.6132123739602446,0.38678762603975536
DEAP:S15:T34,DEAP:S15,T34,0,3.01,1,1,4,4,unexposed,stimulus_relative,train,0.1,0.5906842168818778,0.4093157831181223
DEAP:S15:T36,DEAP:S15,T36,0,3.96,1,1,4,4,unexposed,stimulus_relative,train,0.1,0.5228472592761344,0.4771527407238656
DEAP:S15:T39,DEAP:S15,T39,0,4.0,1,1,4,4,unexposed,stimulus_relative,train,0.1,0.6464197024840389,0.3535802975159611
DEAP:S15:T40,DEAP:S15,T40,0,4.01,1,1,4,4,unexposed,stimulus_relative,train,0.1,0.5265157219077166,0.47348427809228344
DEAP:S16:T03,DEAP:S16,T03,1,6.74,1,1,4,4,unexposed,stimulus_relative,train,0.1,0.4546887916329726,0.5453112083670274
DEAP:S16:T06,DEAP:S16,T06,0,4.99,1,1,4,4,unexposed,stimulus_relative,train,0.1,0.6960438073299055,0.30395619267009455
DEAP:S16:T09,DEAP:S16,T09,0,4.18,1,1,4,4,unexposed,stimulus_relative,train,0.1,0.6088384406893614,0.39116155931063856
DEAP:S16:T11,DEAP:S16,T11,1,7.27,1,1,4,4,unexposed,stimulus_relative,train,0.1,0.6500091785287851,0.34999082147121485
DEAP:S16:T13,DEAP:S16,T13,0,3.88,1,1,4,4,unexposed,stimulus_relative,train,0.1,0.705544128127291,0.294455871872709
DEAP:S16:T16,DEAP:S16,T16,0,4.97,1,1,4,4,unexposed,stimulus_relative,train,0.1,0.5946471002891598,0.40535289971084026
DEAP:S16:T18,DEAP:S16,T18,1,6.56,1,1,4,4,unexposed,stimulus_relative,train,0.1,0.7389993951307217,0.2610006048692783
DEAP:S16:T24,DEAP:S16,T24,0,2.51,1,1,4,4,unexposed,stimulus_relative,train,0.1,0.8643943839767427,0.1356056160232573
DEAP:S16:T31,DEAP:S16,T31,0,3.88,1,1,4,4,unexposed,stimulus_relative,train,0.1,0.6366948630342752,0.36330513696572475
DEAP:S16:T34,DEAP:S16,T34,0,1.0,1,1,4,4,unexposed,stimulus_relative,train,0.1,0.7258656987751296,0.27413430122487037
DEAP:S16:T39,DEAP:S16,T39,1,6.13,1,1,4,4,unexposed,stimulus_relative,train,0.1,0.6381884307619246,0.3618115692380755
DEAP:S16:T40,DEAP:S16,T40,0,3.74,1,1,4,4,unexposed,stimulus_relative,train,0.1,0.5331326309323339,0.4668673690676662
DEAP:S17:T03,DEAP:S17,T03,1,6.46,1,1,4,4,unexposed,stimulus_relative,train,0.1,0.5726588020698878,0.42734119793011216
DEAP:S17:T04,DEAP:S17,T04,1,6.35,1,1,4,4,unexposed,stimulus_relative,train,0.1,0.4605318121074773,0.5394681878925227
DEAP:S17:T06,DEAP:S17,T06,1,6.9,1,1,4,4,unexposed,stimulus_relative,train,0.1,0.2700232678366148,0.7299767321633852
DEAP:S17:T07,DEAP:S17,T07,1,7.08,1,1,4,4,unexposed,stimulus_relative,train,0.1,0.2683604391463035,0.7316395608536965
DEAP:S17:T09,DEAP:S17,T09,1,6.04,1,1,4,4,unexposed,stimulus_relative,train,0.1,0.39630638013802766,0.6036936198619723
DEAP:S17:T11,DEAP:S17,T11,1,6.03,1,1,4,4,unexposed,stimulus_relative,train,0.1,0.4621161789496975,0.5378838210503025
DEAP:S17:T13,DEAP:S17,T13,0,4.54,1,1,4,4,unexposed,stimulus_relative,train,0.1,0.5271777307100008,0.47282226928999915
DEAP:S17:T18,DEAP:S17,T18,1,6.22,1,1,4,4,unexposed,stimulus_relative,train,0.1,0.5480446678900526,0.4519553321099475
DEAP:S17:T22,DEAP:S17,T22,0,3.19,1,1,4,4,unexposed,stimulus_relative,train,0.1,0.6603515302885382,0.3396484697114618
DEAP:S17:T24,DEAP:S17,T24,0,4.53,1,1,4,4,unexposed,stimulus_relative,train,0.1,0.6523601680182555,0.34763983198174453
DEAP:S17:T31,DEAP:S17,T31,0,4.54,1,1,4,4,unexposed,stimulus_relative,train,0.1,0.5621280597909499,0.4378719402090501
DEAP:S17:T34,DEAP:S17,T34,0,4.99,1,1,4,4,unexposed,stimulus_relative,train,0.1,0.5549335258393251,0.44506647416067496
DEAP:S17:T36,DEAP:S17,T36,0,3.37,1,1,4,4,unexposed,stimulus_relative,train,0.1,0.6152143903274566,0.3847856096725434
DEAP:S17:T39,DEAP:S17,T39,1,7.1,1,1,4,4,unexposed,stimulus_relative,train,0.1,0.2917501904004872,0.7082498095995128
DEAP:S17:T40,DEAP:S17,T40,1,5.04,1,1,4,4,unexposed,stimulus_relative,train,0.1,0.30647551231304415,0.6935244876869558
DEAP:S19:T03,DEAP:S19,T03,1,6.82,1,1,4,4,unexposed,stimulus_relative,train,0.1,0.40568340528934044,0.5943165947106596
DEAP:S19:T07,DEAP:S19,T07,1,6.64,1,1,4,4,unexposed,stimulus_relative,train,0.1,0.40592849160565037,0.5940715083943496
DEAP:S19:T09,DEAP:S19,T09,1,7.09,1,1,4,4,unexposed,stimulus_relative,train,0.1,0.485764221293298,0.514235778706702
DEAP:S19:T13,DEAP:S19,T13,1,7.53,1,1,4,4,unexposed,stimulus_relative,train,0.1,0.4025159677764999,0.5974840322235001
DEAP:S19:T16,DEAP:S19,T16,0,3.24,1,1,4,4,unexposed,stimulus_relative,train,0.1,0.5438164736061255,0.4561835263938745
DEAP:S19:T18,DEAP:S19,T18,1,7.77,1,1,4,4,unexposed,stimulus_relative,train,0.1,0.37050034961357026,0.6294996503864297
DEAP:S19:T22,DEAP:S19,T22,1,5.04,1,1,4,4,unexposed,stimulus_relative,train,0.1,0.5693148465638367,0.4306851534361633
DEAP:S19:T24,DEAP:S19,T24,0,3.23,1,1,4,4,unexposed,stimulus_relative,train,0.1,0.4536650836490539,0.5463349163509461
DEAP:S19:T31,DEAP:S19,T31,1,5.03,1,1,4,4,unexposed,stimulus_relative,train,0.1,0.40788040166913175,0.5921195983308682
DEAP:S19:T34,DEAP:S19,T34,0,4.17,1,1,4,4,unexposed,stimulus_relative,train,0.1,0.5418932397418039,0.45810676025819613
DEAP:S19:T36,DEAP:S19,T36,0,3.71,1,1,4,4,unexposed,stimulus_relative,train,0.1,0.5096952808297299,0.49030471917027013
DEAP:S19:T39,DEAP:S19,T39,1,5.04,1,1,4,4,unexposed,stimulus_relative,train,0.1,0.5137196708816214,0.48628032911837854
DEAP:S19:T40,DEAP:S19,T40,0,4.24,1,1,4,4,unexposed,stimulus_relative,train,0.1,0.42948005976296877,0.5705199402370312
DEAP:S20:T03,DEAP:S20,T03,1,7.18,1,1,4,4,unexposed,stimulus_relative,train,0.1,0.5099988824953254,0.4900011175046746
DEAP:S20:T04,DEAP:S20,T04,1,7.05,1,1,4,4,unexposed,stimulus_relative,train,0.1,0.4707900118117452,0.5292099881882548
DEAP:S20:T09,DEAP:S20,T09,1,8.22,1,1,4,4,unexposed,stimulus_relative,train,0.1,0.42432437883389795,0.575675621166102
DEAP:S20:T11,DEAP:S20,T11,1,8.18,1,1,4,4,unexposed,stimulus_relative,train,0.1,0.4525216810649434,0.5474783189350566
DEAP:S20:T13,DEAP:S20,T13,1,7.91,1,1,4,4,unexposed,stimulus_relative,train,0.1,0.5298853312227498,0.4701146687772501
DEAP:S20:T16,DEAP:S20,T16,1,5.03,1,1,4,4,unexposed,stimulus_relative,train,0.1,0.39906130570672016,0.6009386942932798
DEAP:S20:T18,DEAP:S20,T18,1,7.35,1,1,4,4,unexposed,stimulus_relative,train,0.1,0.5114904158473895,0.4885095841526105
DEAP:S20:T22,DEAP:S20,T22,0,4.06,1,1,4,4,unexposed,stimulus_relative,train,0.1,0.588214469876845,0.41178553012315505
DEAP:S20:T24,DEAP:S20,T24,0,3.0,1,1,4,4,unexposed,stimulus_relative,train,0.1,0.5752328099435016,0.4247671900564985
DEAP:S20:T31,DEAP:S20,T31,0,4.46,1,1,4,4,unexposed,stimulus_relative,train,0.1,0.5984056784515575,0.4015943215484426
DEAP:S20:T34,DEAP:S20,T34,0,4.74,1,1,4,4,unexposed,stimulus_relative,train,0.1,0.6087451108073083,0.39125488919269175
DEAP:S20:T36,DEAP:S20,T36,0,4.29,1,1,4,4,unexposed,stimulus_relative,train,0.1,0.48032218265599,0.51967781734401
DEAP:S20:T39,DEAP:S20,T39,0,4.67,1,1,4,4,unexposed,stimulus_relative,train,0.1,0.5824168516772743,0.4175831483227257
DEAP:S20:T40,DEAP:S20,T40,0,4.94,1,1,4,4,unexposed,stimulus_relative,train,0.1,0.5839637824379491,0.4160362175620509
DEAP:S21:T03,DEAP:S21,T03,0,4.83,1,1,4,4,unexposed,stimulus_relative,train,0.1,0.6955827207948375,0.30441727920516254
DEAP:S21:T04,DEAP:S21,T04,1,5.05,1,1,4,4,unexposed,stimulus_relative,train,0.1,0.37158455423996306,0.6284154457600369
DEAP:S21:T06,DEAP:S21,T06,1,7.92,1,1,4,4,unexposed,stimulus_relative,train,0.1,0.35077917398508873,0.6492208260149113
DEAP:S21:T07,DEAP:S21,T07,1,7.05,1,1,4,4,unexposed,stimulus_relative,train,0.1,0.3553009694869702,0.6446990305130298
DEAP:S21:T09,DEAP:S21,T09,1,8.56,1,1,4,4,unexposed,stimulus_relative,train,0.1,0.4613628699162292,0.5386371300837708
DEAP:S21:T11,DEAP:S21,T11,1,7.05,1,1,4,4,unexposed,stimulus_relative,train,0.1,0.25639477774994457,0.7436052222500554
DEAP:S21:T13,DEAP:S21,T13,0,4.27,1,1,4,4,unexposed,stimulus_relative,train,0.1,0.5150460718969132,0.48495392810308685
DEAP:S21:T18,DEAP:S21,T18,1,7.99,1,1,4,4,unexposed,stimulus_relative,train,0.1,0.3580796852003346,0.6419203147996654
DEAP:S21:T22,DEAP:S21,T22,0,2.09,1,1,4,4,unexposed,stimulus_relative,train,0.1,0.5224262473125363,0.47757375268746366
DEAP:S21:T24,DEAP:S21,T24,0,2.99,1,1,4,4,unexposed,stimulus_relative,train,0.1,0.5090212432741525,0.49097875672584745
DEAP:S21:T31,DEAP:S21,T31,1,5.04,1,1,4,4,unexposed,stimulus_relative,train,0.1,0.24185927489197312,0.7581407251080269
DEAP:S21:T34,DEAP:S21,T34,0,4.06,1,1,4,4,unexposed,stimulus_relative,train,0.1,0.4265380867881251,0.5734619132118749
DEAP:S21:T36,DEAP:S21,T36,1,6.88,1,1,4,4,unexposed,stimulus_relative,train,0.1,0.4656111595938581,0.5343888404061419
DEAP:S21:T40,DEAP:S21,T40,0,3.99,1,1,4,4,unexposed,stimulus_relative,train,0.1,0.4593292443686463,0.5406707556313537
DEAP:S22:T03,DEAP:S22,T03,1,7.05,1,1,4,4,unexposed,stimulus_relative,train,0.1,0.6668437623209419,0.3331562376790581
DEAP:S22:T06,DEAP:S22,T06,0,4.97,1,1,4,4,unexposed,stimulus_relative,train,0.1,0.6781786687703211,0.3218213312296789
DEAP:S22:T09,DEAP:S22,T09,1,9.0,1,1,4,4,unexposed,stimulus_relative,train,0.1,0.49039204782886614,0.5096079521711339
DEAP:S22:T11,DEAP:S22,T11,1,8.05,1,1,4,4,unexposed,stimulus_relative,train,0.1,0.5838472819359404,0.4161527180640597
DEAP:S22:T16,DEAP:S22,T16,1,6.06,1,1,4,4,unexposed,stimulus_relative,train,0.1,0.37023750348472595,0.629762496515274
DEAP:S22:T18,DEAP:S22,T18,1,8.08,1,1,4,4,unexposed,stimulus_relative,train,0.1,0.6663057939597321,0.33369420604026784
DEAP:S22:T22,DEAP:S22,T22,0,4.05,1,1,4,4,unexposed,stimulus_relative,train,0.1,0.449789548731958,0.550210451268042
DEAP:S22:T24,DEAP:S22,T24,0,1.96,1,1,4,4,unexposed,stimulus_relative,train,0.1,0.716123747220833,0.2838762527791669
DEAP:S22:T31,DEAP:S22,T31,0,2.01,1,1,4,4,unexposed,stimulus_relative,train,0.1,0.685196602087539,0.31480339791246104
DEAP:S22:T34,DEAP:S22,T34,1,5.04,1,1,4,4,unexposed,stimulus_relative,train,0.1,0.5734879757036104,0.42651202429638957
DEAP:S22:T36,DEAP:S22,T36,0,1.96,1,1,4,4,unexposed,stimulus_relative,train,0.1,0.5217720165869166,0.47822798341308337
DEAP:S22:T39,DEAP:S22,T39,0,1.0,1,1,4,4,unexposed,stimulus_relative,train,0.1,0.4826165581946815,0.5173834418053185
DEAP:S22:T40,DEAP:S22,T40,0,2.97,1,1,4,4,unexposed,stimulus_relative,train,0.1,0.46028920482034985,0.5397107951796501
DEAP:S23:T03,DEAP:S23,T03,1,7.09,1,1,4,4,unexposed,stimulus_relative,train,0.1,0.2178664815887169,0.7821335184112831
DEAP:S23:T04,DEAP:S23,T04,1,8.21,1,1,4,4,unexposed,stimulus_relative,train,0.1,0.25263850794359344,0.7473614920564066
DEAP:S23:T06,DEAP:S23,T06,1,5.09,1,1,4,4,unexposed,stimulus_relative,train,0.1,0.22742931422075408,0.7725706857792459
DEAP:S23:T07,DEAP:S23,T07,1,8.94,1,1,4,4,unexposed,stimulus_relative,train,0.1,0.14811268117611087,0.8518873188238891
DEAP:S23:T09,DEAP:S23,T09,1,7.03,1,1,4,4,unexposed,stimulus_relative,train,0.1,0.2569692232779244,0.7430307767220756
DEAP:S23:T11,DEAP:S23,T11,1,7.0,1,1,4,4,unexposed,stimulus_relative,train,0.1,0.19485922865338823,0.8051407713466118
DEAP:S23:T13,DEAP:S23,T13,1,8.01,1,1,4,4,unexposed,stimulus_relative,train,0.1,0.26497005754850034,0.7350299424514997
DEAP:S23:T16,DEAP:S23,T16,1,5.15,1,1,4,4,unexposed,stimulus_relative,train,0.1,0.26408329649550066,0.7359167035044993
DEAP:S23:T18,DEAP:S23,T18,1,7.12,1,1,4,4,unexposed,stimulus_relative,train,0.1,0.31832349043356156,0.6816765095664384
DEAP:S23:T22,DEAP:S23,T22,0,2.97,1,1,4,4,unexposed,stimulus_relative,train,0.1,0.42359347801461256,0.5764065219853874
DEAP:S23:T24,DEAP:S23,T24,1,6.53,1,1,4,4,unexposed,stimulus_relative,train,0.1,0.23359337943179315,0.7664066205682069
DEAP:S23:T31,DEAP:S23,T31,0,4.86,1,1,4,4,unexposed,stimulus_relative,train,0.1,0.2975587779613458,0.7024412220386542
DEAP:S23:T34,DEAP:S23,T34,1,6.72,1,1,4,4,unexposed,stimulus_relative,train,0.1,0.22763886492182717,0.7723611350781728
DEAP:S23:T36,DEAP:S23,T36,0,4.92,1,1,4,4,unexposed,stimulus_relative,train,0.1,0.37910245857922786,0.6208975414207721
DEAP:S23:T40,DEAP:S23,T40,0,4.88,1,1,4,4,unexposed,stimulus_relative,train,0.1,0.2524656170744529,0.7475343829255471
DEAP:S24:T03,DEAP:S24,T03,1,8.96,1,1,4,4,unexposed,stimulus_relative,train,0.1,0.7282673309107444,0.2717326690892557
DEAP:S24:T04,DEAP:S24,T04,1,6.05,1,1,4,4,unexposed,stimulus_relative,train,0.1,0.5342754850710842,0.46572451492891576
DEAP:S24:T06,DEAP:S24,T06,1,5.96,1,1,4,4,unexposed,stimulus_relative,train,0.1,0.3566014622945738,0.6433985377054262
DEAP:S24:T07,DEAP:S24,T07,0,3.04,1,1,4,4,unexposed,stimulus_relative,train,0.1,0.5217025200944896,0.4782974799055104
DEAP:S24:T09,DEAP:S24,T09,1,7.08,1,1,4,4,unexposed,stimulus_relative,train,0.1,0.4768566370360465,0.5231433629639535
DEAP:S24:T11,DEAP:S24,T11,1,7.03,1,1,4,4,unexposed,stimulus_relative,train,0.1,0.5562788947481767,0.44372110525182323
DEAP:S24:T13,DEAP:S24,T13,1,8.0,1,1,4,4,unexposed,stimulus_relative,train,0.1,0.6178897010347705,0.3821102989652295
DEAP:S24:T16,DEAP:S24,T16,0,4.0,1,1,4,4,unexposed,stimulus_relative,train,0.1,0.5907174687171746,0.4092825312828255
DEAP:S24:T18,DEAP:S24,T18,1,8.96,1,1,4,4,unexposed,stimulus_relative,train,0.1,0.5128243435803241,0.4871756564196758
DEAP:S24:T22,DEAP:S24,T22,0,3.03,1,1,4,4,unexposed,stimulus_relative,train,0.1,0.5742888320028348,0.4257111679971652
DEAP:S24:T24,DEAP:S24,T24,0,2.99,1,1,4,4,unexposed,stimulus_relative,train,0.1,0.784288530783798,0.21571146921620196
DEAP:S24:T31,DEAP:S24,T31,0,2.94,1,1,4,4,unexposed,stimulus_relative,train,0.1,0.6867280619908387,0.31327193800916125
DEAP:S24:T34,DEAP:S24,T34,0,4.05,1,1,4,4,unexposed,stimulus_relative,train,0.1,0.6051525142208816,0.3948474857791184
DEAP:S24:T36,DEAP:S24,T36,0,4.0,1,1,4,4,unexposed,stimulus_relative,train,0.1,0.6589418061717837,0.34105819382821634
DEAP:S24:T39,DEAP:S24,T39,0,2.12,1,1,4,4,unexposed,stimulus_relative,train,0.1,0.6876347354520963,0.3123652645479037
DEAP:S26:T03,DEAP:S26,T03,1,9.0,1,1,4,4,unexposed,stimulus_relative,train,0.1,0.6840830889592755,0.3159169110407245
DEAP:S26:T04,DEAP:S26,T04,1,8.03,1,1,4,4,unexposed,stimulus_relative,train,0.1,0.40115264506608406,0.5988473549339159
DEAP:S26:T06,DEAP:S26,T06,1,8.09,1,1,4,4,unexposed,stimulus_relative,train,0.1,0.4389606835194153,0.5610393164805847
DEAP:S26:T11,DEAP:S26,T11,1,8.04,1,1,4,4,unexposed,stimulus_relative,train,0.1,0.5460919394606252,0.4539080605393748
DEAP:S26:T13,DEAP:S26,T13,1,7.12,1,1,4,4,unexposed,stimulus_relative,train,0.1,0.2853161624698377,0.7146838375301623
DEAP:S26:T16,DEAP:S26,T16,1,6.19,1,1,4,4,unexposed,stimulus_relative,train,0.1,0.3880511855928527,0.6119488144071473
DEAP:S26:T18,DEAP:S26,T18,1,9.0,1,1,4,4,unexposed,stimulus_relative,train,0.1,0.34362910929406687,0.6563708907059331
DEAP:S26:T22,DEAP:S26,T22,1,6.97,1,1,4,4,unexposed,stimulus_relative,train,0.1,0.29216837882582125,0.7078316211741787
DEAP:S26:T24,DEAP:S26,T24,1,9.0,1,1,4,4,unexposed,stimulus_relative,train,0.1,0.4008617748661343,0.5991382251338657
DEAP:S26:T31,DEAP:S26,T31,0,1.97,1,1,4,4,unexposed,stimulus_relative,train,0.1,0.6292305516869845,0.37076944831301545
DEAP:S26:T34,DEAP:S26,T34,0,1.0,1,1,4,4,unexposed,stimulus_relative,train,0.1,0.5576684613025165,0.4423315386974835
DEAP:S26:T36,DEAP:S26,T36,0,2.92,1,1,4,4,unexposed,stimulus_relative,train,0.1,0.419471459168859,0.580528540831141
DEAP:S26:T39,DEAP:S26,T39,0,1.95,1,1,4,4,unexposed,stimulus_relative,train,0.1,0.3649671721978792,0.6350328278021208
DEAP:S26:T40,DEAP:S26,T40,0,3.06,1,1,4,4,unexposed,stimulus_relative,train,0.1,0.545771186529886,0.454228813470114
DEAP:S30:T03,DEAP:S30,T03,1,6.15,1,1,4,4,unexposed,stimulus_relative,train,0.1,0.5655913775709691,0.4344086224290309
DEAP:S30:T04,DEAP:S30,T04,1,7.04,1,1,4,4,unexposed,stimulus_relative,train,0.1,0.4914681295302825,0.5085318704697175
DEAP:S30:T06,DEAP:S30,T06,1,6.22,1,1,4,4,unexposed,stimulus_relative,train,0.1,0.5289677067102103,0.4710322932897896
DEAP:S30:T07,DEAP:S30,T07,0,4.05,1,1,4,4,unexposed,stimulus_relative,train,0.1,0.5956509298718478,0.40434907012815224
DEAP:S30:T09,DEAP:S30,T09,1,7.08,1,1,4,4,unexposed,stimulus_relative,train,0.1,0.5354296673288135,0.46457033267118647
DEAP:S30:T11,DEAP:S30,T11,1,6.06,1,1,4,4,unexposed,stimulus_relative,train,0.1,0.5535533056275139,0.446446694372486
DEAP:S30:T13,DEAP:S30,T13,0,4.04,1,1,4,4,unexposed,stimulus_relative,train,0.1,0.575553894638334,0.42444610536166605
DEAP:S30:T16,DEAP:S30,T16,1,5.04,1,1,4,4,unexposed,stimulus_relative,train,0.1,0.4664918692623877,0.5335081307376123
DEAP:S30:T18,DEAP:S30,T18,1,7.05,1,1,4,4,unexposed,stimulus_relative,train,0.1,0.5512877095664039,0.448712290433596
DEAP:S30:T22,DEAP:S30,T22,0,4.05,1,1,4,4,unexposed,stimulus_relative,train,0.1,0.5491662526350574,0.45083374736494264
DEAP:S30:T24,DEAP:S30,T24,1,5.99,1,1,4,4,unexposed,stimulus_relative,train,0.1,0.48128250845768183,0.5187174915423182
DEAP:S30:T31,DEAP:S30,T31,0,3.86,1,1,4,4,unexposed,stimulus_relative,train,0.1,0.5434395591048999,0.4565604408951001
DEAP:S30:T36,DEAP:S30,T36,0,4.03,1,1,4,4,unexposed,stimulus_relative,train,0.1,0.5304152335459057,0.4695847664540943
DEAP:S30:T39,DEAP:S30,T39,0,2.97,1,1,4,4,unexposed,stimulus_relative,train,0.1,0.5046017258750595,0.49539827412494053
DEAP:S30:T40,DEAP:S30,T40,1,5.05,1,1,4,4,unexposed,stimulus_relative,train,0.1,0.48808449183377534,0.5119155081662247
DEAP:S31:T03,DEAP:S31,T03,1,8.04,1,1,4,4,unexposed,stimulus_relative,train,0.1,0.30963529455185823,0.6903647054481418
DEAP:S31:T04,DEAP:S31,T04,1,6.97,1,1,4,4,unexposed,stimulus_relative,train,0.1,0.3823171291486094,0.6176828708513906
DEAP:S31:T06,DEAP:S31,T06,0,4.99,1,1,4,4,unexposed,stimulus_relative,train,0.1,0.5000084832972983,0.4999915167027017
DEAP:S31:T07,DEAP:S31,T07,1,6.05,1,1,4,4,unexposed,stimulus_relative,train,0.1,0.42995598088691533,0.5700440191130847
DEAP:S31:T09,DEAP:S31,T09,1,6.06,1,1,4,4,unexposed,stimulus_relative,train,0.1,0.3989781128239629,0.6010218871760371
DEAP:S31:T11,DEAP:S31,T11,1,9.0,1,1,4,4,unexposed,stimulus_relative,train,0.1,0.46328909501245685,0.5367109049875431
DEAP:S31:T13,DEAP:S31,T13,1,8.09,1,1,4,4,unexposed,stimulus_relative,train,0.1,0.47653662757802406,0.5234633724219759
DEAP:S31:T16,DEAP:S31,T16,1,6.09,1,1,4,4,unexposed,stimulus_relative,train,0.1,0.4561258040226096,0.5438741959773904
DEAP:S31:T18,DEAP:S31,T18,1,7.06,1,1,4,4,unexposed,stimulus_relative,train,0.1,0.480359081852591,0.519640918147409
DEAP:S31:T34,DEAP:S31,T34,0,1.95,1,1,4,4,unexposed,stimulus_relative,train,0.1,0.5138859147219864,0.4861140852780136
DEAP:S31:T36,DEAP:S31,T36,0,4.97,1,1,4,4,unexposed,stimulus_relative,train,0.1,0.5245574234073261,0.47544257659267386
DEAP:S31:T39,DEAP:S31,T39,0,1.0,1,1,4,4,unexposed,stimulus_relative,train,0.1,0.5377518470804385,0.46224815291956145
DEAP:S31:T40,DEAP:S31,T40,0,3.99,1,1,4,4,unexposed,stimulus_relative,train,0.1,0.4866454351350249,0.5133545648649751
DEAP:S32:T03,DEAP:S32,T03,1,8.05,1,1,4,4,unexposed,stimulus_relative,train,0.1,0.5988170256177933,0.40118297438220674
DEAP:S32:T04,DEAP:S32,T04,1,6.96,1,1,4,4,unexposed,stimulus_relative,train,0.1,0.59649042732581,0.40350957267418996
DEAP:S32:T06,DEAP:S32,T06,1,5.78,1,1,4,4,unexposed,stimulus_relative,train,0.1,0.7406679992320521,0.25933200076794793
DEAP:S32:T07,DEAP:S32,T07,0,4.94,1,1,4,4,unexposed,stimulus_relative,train,0.1,0.7743668249791218,0.22563317502087818
DEAP:S32:T09,DEAP:S32,T09,1,7.86,1,1,4,4,unexposed,stimulus_relative,train,0.1,0.44942204995619517,0.5505779500438048
DEAP:S32:T11,DEAP:S32,T11,1,8.24,1,1,4,4,unexposed,stimulus_relative,train,0.1,0.46893073348576886,0.5310692665142311
DEAP:S32:T13,DEAP:S32,T13,1,7.09,1,1,4,4,unexposed,stimulus_relative,train,0.1,0.4756299722694103,0.5243700277305897
DEAP:S32:T16,DEAP:S32,T16,0,3.97,1,1,4,4,unexposed,stimulus_relative,train,0.1,0.5508868327319565,0.4491131672680435
DEAP:S32:T18,DEAP:S32,T18,1,8.03,1,1,4,4,unexposed,stimulus_relative,train,0.1,0.7037193016983032,0.29628069830169684
DEAP:S32:T22,DEAP:S32,T22,0,4.15,1,1,4,4,unexposed,stimulus_relative,train,0.1,0.6534213236318972,0.3465786763681028
DEAP:S32:T24,DEAP:S32,T24,0,1.0,1,1,4,4,unexposed,stimulus_relative,train,0.1,0.6957774754702062,0.30422252452979376
DEAP:S32:T31,DEAP:S32,T31,0,4.17,1,1,4,4,unexposed,stimulus_relative,train,0.1,0.6645574318117144,0.3354425681882856
DEAP:S32:T34,DEAP:S32,T34,0,4.05,1,1,4,4,unexposed,stimulus_relative,train,0.1,0.5000744915843884,0.4999255084156116
DEAP:S32:T36,DEAP:S32,T36,0,3.91,1,1,4,4,unexposed,stimulus_relative,train,0.1,0.5223825683175539,0.4776174316824461
DEAP:S32:T39,DEAP:S32,T39,0,3.99,1,1,4,4,unexposed,stimulus_relative,train,0.1,0.702271149308716,0.29772885069128396
DEAP:S32:T40,DEAP:S32,T40,1,7.15,1,1,4,4,unexposed,stimulus_relative,train,0.1,0.5062454308549461,0.4937545691450539
DEAP:S18:T02,DEAP:S18,T02,1,6.87,1,1,4,4,unexposed,stimulus_relative,validation_unseen,0.1,0.7270109773073428,0.2729890226926573
DEAP:S18:T10,DEAP:S18,T10,1,6.09,1,1,4,4,unexposed,stimulus_relative,validation_unseen,0.1,0.5662798824413886,0.43372011755861145
DEAP:S18:T14,DEAP:S18,T14,1,6.62,1,1,4,4,unexposed,stimulus_relative,validation_unseen,0.1,0.7184885913959654,0.28151140860403456
DEAP:S18:T17,DEAP:S18,T17,1,7.74,1,1,4,4,unexposed,stimulus_relative,validation_unseen,0.1,0.7806803892745313,0.21931961072546868
DEAP:S18:T20,DEAP:S18,T20,1,6.24,1,1,4,4,unexposed,stimulus_relative,validation_unseen,0.1,0.6002949140819189,0.399705085918081
DEAP:S18:T21,DEAP:S18,T21,0,3.92,1,1,4,4,unexposed,stimulus_relative,validation_unseen,0.1,0.7050954339386639,0.294904566061336
DEAP:S18:T37,DEAP:S18,T37,0,4.0,1,1,4,4,unexposed,stimulus_relative,validation_unseen,0.1,0.6531259961511874,0.3468740038488126
DEAP:S18:T38,DEAP:S18,T38,0,4.51,1,1,4,4,unexposed,stimulus_relative,validation_unseen,0.1,0.6461084878072875,0.35389151219271253
DEAP:S25:T02,DEAP:S25,T02,0,2.99,1,1,4,4,unexposed,stimulus_relative,validation_unseen,0.1,0.5564681926014798,0.4435318073985201
DEAP:S25:T10,DEAP:S25,T10,0,1.0,1,1,4,4,unexposed,stimulus_relative,validation_unseen,0.1,0.6853406625111924,0.3146593374888076
DEAP:S25:T14,DEAP:S25,T14,1,8.09,1,1,4,4,unexposed,stimulus_relative,validation_unseen,0.1,0.7708345539192472,0.22916544608075287
DEAP:S25:T17,DEAP:S25,T17,1,5.04,1,1,4,4,unexposed,stimulus_relative,validation_unseen,0.1,0.6667876386628114,0.33321236133718857
DEAP:S25:T20,DEAP:S25,T20,1,7.08,1,1,4,4,unexposed,stimulus_relative,validation_unseen,0.1,0.6857299145694709,0.3142700854305291
DEAP:S25:T21,DEAP:S25,T21,1,6.03,1,1,4,4,unexposed,stimulus_relative,validation_unseen,0.1,0.7585408113123666,0.24145918868763344
DEAP:S25:T37,DEAP:S25,T37,0,1.0,1,1,4,4,unexposed,stimulus_relative,validation_unseen,0.1,0.7206064520281261,0.2793935479718738
DEAP:S25:T38,DEAP:S25,T38,0,1.0,1,1,4,4,unexposed,stimulus_relative,validation_unseen,0.1,0.6315030023113203,0.3684969976886797
DEAP:S27:T02,DEAP:S27,T02,1,7.0,1,1,4,4,unexposed,stimulus_relative,validation_unseen,0.1,0.39396242691281613,0.6060375730871839
DEAP:S27:T10,DEAP:S27,T10,1,6.01,1,1,4,4,unexposed,stimulus_relative,validation_unseen,0.1,0.40397481926792966,0.5960251807320703
DEAP:S27:T14,DEAP:S27,T14,1,8.06,1,1,4,4,unexposed,stimulus_relative,validation_unseen,0.1,0.24226695823789857,0.7577330417621014
DEAP:S27:T17,DEAP:S27,T17,1,9.0,1,1,4,4,unexposed,stimulus_relative,validation_unseen,0.1,0.3047153732711557,0.6952846267288443
DEAP:S27:T20,DEAP:S27,T20,1,6.97,1,1,4,4,unexposed,stimulus_relative,validation_unseen,0.1,0.3370756354761336,0.6629243645238664
DEAP:S27:T21,DEAP:S27,T21,1,9.0,1,1,4,4,unexposed,stimulus_relative,validation_unseen,0.1,0.3536312206621274,0.6463687793378726
DEAP:S27:T37,DEAP:S27,T37,0,2.99,1,1,4,4,unexposed,stimulus_relative,validation_unseen,0.1,0.27063337996577974,0.7293666200342203
DEAP:S27:T38,DEAP:S27,T38,0,1.0,1,1,4,4,unexposed,stimulus_relative,validation_unseen,0.1,0.2544240320763872,0.7455759679236128
DEAP:S29:T02,DEAP:S29,T02,1,7.05,1,1,4,4,unexposed,stimulus_relative,validation_unseen,0.1,0.3578499492685021,0.6421500507314979
DEAP:S29:T10,DEAP:S29,T10,1,7.01,1,1,4,4,unexposed,stimulus_relative,validation_unseen,0.1,0.6985312137834938,0.3014687862165062
DEAP:S29:T14,DEAP:S29,T14,1,8.06,1,1,4,4,unexposed,stimulus_relative,validation_unseen,0.1,0.48333933311853616,0.5166606668814638
DEAP:S29:T17,DEAP:S29,T17,1,5.08,1,1,4,4,unexposed,stimulus_relative,validation_unseen,0.1,0.6747421146938596,0.3252578853061404
DEAP:S29:T20,DEAP:S29,T20,1,8.03,1,1,4,4,unexposed,stimulus_relative,validation_unseen,0.1,0.6570828410294951,0.34291715897050484
DEAP:S29:T21,DEAP:S29,T21,0,2.92,1,1,4,4,unexposed,stimulus_relative,validation_unseen,0.1,0.5584918922618516,0.44150810773814847
DEAP:S29:T37,DEAP:S29,T37,1,5.01,1,1,4,4,unexposed,stimulus_relative,validation_unseen,0.1,0.4938645911314873,0.5061354088685127
DEAP:S29:T38,DEAP:S29,T38,0,1.88,1,1,4,4,unexposed,stimulus_relative,validation_unseen,0.1,0.5803286326331327,0.41967136736686733
DEAP:S18:T03,DEAP:S18,T03,1,6.36,1,1,4,4,unexposed,stimulus_relative,validation_familiar,0.1,0.6282006370601972,0.37179936293980276
DEAP:S18:T04,DEAP:S18,T04,1,6.65,1,1,4,4,unexposed,stimulus_relative,validation_familiar,0.1,0.7440298136324,0.2559701863676
DEAP:S18:T06,DEAP:S18,T06,1,6.51,1,1,4,4,unexposed,stimulus_relative,validation_familiar,0.1,0.5877976198297009,0.4122023801702991
DEAP:S18:T07,DEAP:S18,T07,1,7.33,1,1,4,4,unexposed,stimulus_relative,validation_familiar,0.1,0.5270885165649541,0.47291148343504585
DEAP:S18:T09,DEAP:S18,T09,1,6.55,1,1,4,4,unexposed,stimulus_relative,validation_familiar,0.1,0.641412600126305,0.358587399873695
DEAP:S18:T11,DEAP:S18,T11,1,6.24,1,1,4,4,unexposed,stimulus_relative,validation_familiar,0.1,0.7015216940324619,0.2984783059675381
DEAP:S18:T13,DEAP:S18,T13,1,7.33,1,1,4,4,unexposed,stimulus_relative,validation_familiar,0.1,0.6317774777157819,0.3682225222842181
DEAP:S18:T16,DEAP:S18,T16,0,4.38,1,1,4,4,unexposed,stimulus_relative,validation_familiar,0.1,0.6969137229040795,0.3030862770959205
DEAP:S18:T18,DEAP:S18,T18,1,7.05,1,1,4,4,unexposed,stimulus_relative,validation_familiar,0.1,0.7512984483275125,0.24870155167248753
DEAP:S18:T22,DEAP:S18,T22,1,5.69,1,1,4,4,unexposed,stimulus_relative,validation_familiar,0.1,0.7161142153587898,0.2838857846412102
DEAP:S18:T24,DEAP:S18,T24,0,3.22,1,1,4,4,unexposed,stimulus_relative,validation_familiar,0.1,0.8020794140029404,0.1979205859970597
DEAP:S18:T31,DEAP:S18,T31,0,4.44,1,1,4,4,unexposed,stimulus_relative,validation_familiar,0.1,0.7374957076139598,0.2625042923860402
DEAP:S18:T34,DEAP:S18,T34,0,4.15,1,1,4,4,unexposed,stimulus_relative,validation_familiar,0.1,0.6493336569357242,0.35066634306427585
DEAP:S18:T36,DEAP:S18,T36,1,5.24,1,1,4,4,unexposed,stimulus_relative,validation_familiar,0.1,0.5919956319828027,0.4080043680171973
DEAP:S18:T39,DEAP:S18,T39,0,4.06,1,1,4,4,unexposed,stimulus_relative,validation_familiar,0.1,0.631021288963761,0.368978711036239
DEAP:S25:T03,DEAP:S25,T03,1,7.12,1,1,4,4,unexposed,stimulus_relative,validation_familiar,0.1,0.6973213675877662,0.3026786324122338
DEAP:S25:T07,DEAP:S25,T07,1,6.08,1,1,4,4,unexposed,stimulus_relative,validation_familiar,0.1,0.5698320095718954,0.4301679904281046
DEAP:S25:T09,DEAP:S25,T09,1,8.09,1,1,4,4,unexposed,stimulus_relative,validation_familiar,0.1,0.47874287242654967,0.5212571275734503
DEAP:S25:T11,DEAP:S25,T11,1,9.0,1,1,4,4,unexposed,stimulus_relative,validation_familiar,0.1,0.75283006435263,0.24716993564737005
DEAP:S25:T13,DEAP:S25,T13,1,7.97,1,1,4,4,unexposed,stimulus_relative,validation_familiar,0.1,0.694547565016495,0.305452434983505
DEAP:S25:T16,DEAP:S25,T16,1,6.05,1,1,4,4,unexposed,stimulus_relative,validation_familiar,0.1,0.8216909794649374,0.17830902053506253
DEAP:S25:T18,DEAP:S25,T18,0,3.04,1,1,4,4,unexposed,stimulus_relative,validation_familiar,0.1,0.7635160241763024,0.23648397582369762
DEAP:S25:T22,DEAP:S25,T22,1,8.03,1,1,4,4,unexposed,stimulus_relative,validation_familiar,0.1,0.7064806682198652,0.29351933178013473
DEAP:S25:T24,DEAP:S25,T24,0,3.05,1,1,4,4,unexposed,stimulus_relative,validation_familiar,0.1,0.6598210190608789,0.3401789809391212
DEAP:S25:T31,DEAP:S25,T31,0,1.01,1,1,4,4,unexposed,stimulus_relative,validation_familiar,0.1,0.6903031647923493,0.3096968352076507
DEAP:S25:T34,DEAP:S25,T34,0,4.95,1,1,4,4,unexposed,stimulus_relative,validation_familiar,0.1,0.7325501868606414,0.2674498131393586
DEAP:S25:T36,DEAP:S25,T36,0,3.0,1,1,4,4,unexposed,stimulus_relative,validation_familiar,0.1,0.6636829067183909,0.3363170932816091
DEAP:S25:T39,DEAP:S25,T39,0,1.0,1,1,4,4,unexposed,stimulus_relative,validation_familiar,0.1,0.6811971414490043,0.31880285855099566
DEAP:S25:T40,DEAP:S25,T40,0,1.0,1,1,4,4,unexposed,stimulus_relative,validation_familiar,0.1,0.7640001658083773,0.2359998341916227
DEAP:S27:T03,DEAP:S27,T03,1,9.0,1,1,4,4,unexposed,stimulus_relative,validation_familiar,0.1,0.3973337333960181,0.6026662666039819
DEAP:S27:T04,DEAP:S27,T04,1,7.05,1,1,4,4,unexposed,stimulus_relative,validation_familiar,0.1,0.25878190656864464,0.7412180934313554
DEAP:S27:T06,DEAP:S27,T06,1,7.0,1,1,4,4,unexposed,stimulus_relative,validation_familiar,0.1,0.26099976529262026,0.7390002347073797
DEAP:S27:T07,DEAP:S27,T07,0,4.94,1,1,4,4,unexposed,stimulus_relative,validation_familiar,0.1,0.28612812835883394,0.7138718716411661
DEAP:S27:T09,DEAP:S27,T09,1,8.99,1,1,4,4,unexposed,stimulus_relative,validation_familiar,0.1,0.3034550363402557,0.6965449636597443
DEAP:S27:T11,DEAP:S27,T11,1,9.0,1,1,4,4,unexposed,stimulus_relative,validation_familiar,0.1,0.3091047076791428,0.6908952923208572
DEAP:S27:T13,DEAP:S27,T13,1,7.01,1,1,4,4,unexposed,stimulus_relative,validation_familiar,0.1,0.3948197116481966,0.6051802883518034
DEAP:S27:T16,DEAP:S27,T16,1,8.06,1,1,4,4,unexposed,stimulus_relative,validation_familiar,0.1,0.304892510444176,0.695107489555824
DEAP:S27:T18,DEAP:S27,T18,1,9.0,1,1,4,4,unexposed,stimulus_relative,validation_familiar,0.1,0.3527182914402627,0.6472817085597373
DEAP:S27:T22,DEAP:S27,T22,1,7.29,1,1,4,4,unexposed,stimulus_relative,validation_familiar,0.1,0.18262048761388838,0.8173795123861116
DEAP:S27:T24,DEAP:S27,T24,1,8.9,1,1,4,4,unexposed,stimulus_relative,validation_familiar,0.1,0.3634090846970396,0.6365909153029604
DEAP:S27:T31,DEAP:S27,T31,1,5.08,1,1,4,4,unexposed,stimulus_relative,validation_familiar,0.1,0.29935035327819404,0.700649646721806
DEAP:S27:T34,DEAP:S27,T34,0,2.85,1,1,4,4,unexposed,stimulus_relative,validation_familiar,0.1,0.2939956782716876,0.7060043217283124
DEAP:S27:T36,DEAP:S27,T36,1,6.13,1,1,4,4,unexposed,stimulus_relative,validation_familiar,0.1,0.2950172930483883,0.7049827069516117
DEAP:S27:T39,DEAP:S27,T39,0,2.14,1,1,4,4,unexposed,stimulus_relative,validation_familiar,0.1,0.26779540240020794,0.7322045975997921
DEAP:S27:T40,DEAP:S27,T40,1,5.04,1,1,4,4,unexposed,stimulus_relative,validation_familiar,0.1,0.49365129576640854,0.5063487042335915
DEAP:S29:T03,DEAP:S29,T03,1,9.0,1,1,4,4,unexposed,stimulus_relative,validation_familiar,0.1,0.46265765247474555,0.5373423475252544
DEAP:S29:T04,DEAP:S29,T04,1,7.17,1,1,4,4,unexposed,stimulus_relative,validation_familiar,0.1,0.6903134737581078,0.3096865262418922
DEAP:S29:T06,DEAP:S29,T06,1,8.03,1,1,4,4,unexposed,stimulus_relative,validation_familiar,0.1,0.4414687710346765,0.5585312289653235
DEAP:S29:T07,DEAP:S29,T07,1,7.04,1,1,4,4,unexposed,stimulus_relative,validation_familiar,0.1,0.6640547733687081,0.33594522663129184
DEAP:S29:T09,DEAP:S29,T09,1,7.06,1,1,4,4,unexposed,stimulus_relative,validation_familiar,0.1,0.667223474248965,0.332776525751035
DEAP:S29:T11,DEAP:S29,T11,1,8.03,1,1,4,4,unexposed,stimulus_relative,validation_familiar,0.1,0.46591155849589694,0.5340884415041031
DEAP:S29:T13,DEAP:S29,T13,1,6.06,1,1,4,4,unexposed,stimulus_relative,validation_familiar,0.1,0.3594554028613237,0.6405445971386763
DEAP:S29:T16,DEAP:S29,T16,0,3.0,1,1,4,4,unexposed,stimulus_relative,validation_familiar,0.1,0.6049997492215476,0.39500025077845236
DEAP:S29:T18,DEAP:S29,T18,1,7.01,1,1,4,4,unexposed,stimulus_relative,validation_familiar,0.1,0.5434841285540343,0.4565158714459657
DEAP:S29:T22,DEAP:S29,T22,0,3.05,1,1,4,4,unexposed,stimulus_relative,validation_familiar,0.1,0.4821528570550877,0.5178471429449123
DEAP:S29:T24,DEAP:S29,T24,0,4.12,1,1,4,4,unexposed,stimulus_relative,validation_familiar,0.1,0.48551075620521456,0.5144892437947854
DEAP:S29:T31,DEAP:S29,T31,0,1.0,1,1,4,4,unexposed,stimulus_relative,validation_familiar,0.1,0.40051361265228835,0.5994863873477116
DEAP:S29:T34,DEAP:S29,T34,0,3.95,1,1,4,4,unexposed,stimulus_relative,validation_familiar,0.1,0.7290434689371253,0.27095653106287465
DEAP:S29:T36,DEAP:S29,T36,1,5.03,1,1,4,4,unexposed,stimulus_relative,validation_familiar,0.1,0.725550024930028,0.274449975069972
DEAP:S29:T39,DEAP:S29,T39,1,6.05,1,1,4,4,unexposed,stimulus_relative,validation_familiar,0.1,0.5113966668782439,0.4886033331217561
DEAP:S29:T40,DEAP:S29,T40,1,6.01,1,1,4,4,unexposed,stimulus_relative,validation_familiar,0.1,0.7749428248270182,0.22505717517298185
DEAP:S01:T03,DEAP:S01,T03,1,8.58,1,1,4,4,unexposed,stimulus_relative,train,1.0,0.7544268912000406,0.24557310879995944
DEAP:S01:T04,DEAP:S01,T04,0,4.94,1,1,4,4,unexposed,stimulus_relative,train,1.0,0.6831990608542089,0.31680093914579105
DEAP:S01:T06,DEAP:S01,T06,1,8.27,1,1,4,4,unexposed,stimulus_relative,train,1.0,0.5061823272451355,0.49381767275486455
DEAP:S01:T07,DEAP:S01,T07,1,7.44,1,1,4,4,unexposed,stimulus_relative,train,1.0,0.520565635026497,0.479434364973503
DEAP:S01:T09,DEAP:S01,T09,0,4.04,1,1,4,4,unexposed,stimulus_relative,train,1.0,0.4976368941181222,0.5023631058818778
DEAP:S01:T11,DEAP:S01,T11,0,2.99,1,1,4,4,unexposed,stimulus_relative,train,1.0,0.48761414517071433,0.5123858548292857
DEAP:S01:T13,DEAP:S01,T13,0,1.95,1,1,4,4,unexposed,stimulus_relative,train,1.0,0.6605961076999198,0.3394038923000802
DEAP:S01:T16,DEAP:S01,T16,1,6.81,1,1,4,4,unexposed,stimulus_relative,train,1.0,0.34356669753953095,0.656433302460469
DEAP:S01:T18,DEAP:S01,T18,1,7.23,1,1,4,4,unexposed,stimulus_relative,train,1.0,0.31390785605983085,0.6860921439401692
DEAP:S01:T22,DEAP:S01,T22,1,7.09,1,1,4,4,unexposed,stimulus_relative,train,1.0,0.5734986576974845,0.4265013423025155
DEAP:S01:T24,DEAP:S01,T24,1,7.04,1,1,4,4,unexposed,stimulus_relative,train,1.0,0.2911532217018543,0.7088467782981457
DEAP:S01:T31,DEAP:S01,T31,0,3.03,1,1,4,4,unexposed,stimulus_relative,train,1.0,0.6378968303874473,0.3621031696125527
DEAP:S01:T34,DEAP:S01,T34,0,2.28,1,1,4,4,unexposed,stimulus_relative,train,1.0,0.6729582044326148,0.3270417955673852
DEAP:S01:T36,DEAP:S01,T36,0,2.9,1,1,4,4,unexposed,stimulus_relative,train,1.0,0.8188523036543347,0.18114769634566524
DEAP:S01:T40,DEAP:S01,T40,1,5.1,1,1,4,4,unexposed,stimulus_relative,train,1.0,0.6121398530064138,0.3878601469935862
DEAP:S02:T03,DEAP:S02,T03,1,9.0,1,1,4,4,unexposed,stimulus_relative,train,1.0,0.4585980726577694,0.5414019273422306
DEAP:S02:T04,DEAP:S02,T04,1,6.05,1,1,4,4,unexposed,stimulus_relative,train,1.0,0.18412532148291705,0.815874678517083
DEAP:S02:T07,DEAP:S02,T07,0,4.96,1,1,4,4,unexposed,stimulus_relative,train,1.0,0.8755580858610648,0.1244419141389353
DEAP:S02:T09,DEAP:S02,T09,1,9.0,1,1,4,4,unexposed,stimulus_relative,train,1.0,0.3953525705469465,0.6046474294530535
DEAP:S02:T11,DEAP:S02,T11,1,7.08,1,1,4,4,unexposed,stimulus_relative,train,1.0,0.14268640920853326,0.8573135907914667
DEAP:S02:T16,DEAP:S02,T16,1,6.0,1,1,4,4,unexposed,stimulus_relative,train,1.0,0.09700935192839999,0.9029906480716
DEAP:S02:T18,DEAP:S02,T18,1,9.0,1,1,4,4,unexposed,stimulus_relative,train,1.0,0.06793146603532263,0.9320685339646774
DEAP:S02:T24,DEAP:S02,T24,1,7.08,1,1,4,4,unexposed,stimulus_relative,train,1.0,0.7460742864817187,0.25392571351828125
DEAP:S02:T31,DEAP:S02,T31,0,4.06,1,1,4,4,unexposed,stimulus_relative,train,1.0,0.424002715872803,0.575997284127197
DEAP:S02:T34,DEAP:S02,T34,0,4.87,1,1,4,4,unexposed,stimulus_relative,train,1.0,0.2357468427439885,0.7642531572560115
DEAP:S02:T36,DEAP:S02,T36,1,5.04,1,1,4,4,unexposed,stimulus_relative,train,1.0,0.2841266756518942,0.7158733243481058
DEAP:S02:T39,DEAP:S02,T39,0,1.0,1,1,4,4,unexposed,stimulus_relative,train,1.0,0.4292161971822598,0.5707838028177402
DEAP:S02:T40,DEAP:S02,T40,1,6.05,1,1,4,4,unexposed,stimulus_relative,train,1.0,0.2751993001217554,0.7248006998782446
DEAP:S03:T03,DEAP:S03,T03,1,7.55,1,1,4,4,unexposed,stimulus_relative,train,1.0,0.7245205193982966,0.27547948060170335
DEAP:S03:T04,DEAP:S03,T04,0,4.69,1,1,4,4,unexposed,stimulus_relative,train,1.0,0.3074498171507424,0.6925501828492576
DEAP:S03:T06,DEAP:S03,T06,1,6.79,1,1,4,4,unexposed,stimulus_relative,train,1.0,0.19554450347992813,0.8044554965200719
DEAP:S03:T09,DEAP:S03,T09,1,7.33,1,1,4,4,unexposed,stimulus_relative,train,1.0,0.19264961326540142,0.8073503867345986
DEAP:S03:T11,DEAP:S03,T11,1,7.94,1,1,4,4,unexposed,stimulus_relative,train,1.0,0.2555358238264305,0.7444641761735695
DEAP:S03:T13,DEAP:S03,T13,1,7.91,1,1,4,4,unexposed,stimulus_relative,train,1.0,0.3628881310446158,0.6371118689553842
DEAP:S03:T16,DEAP:S03,T16,1,7.15,1,1,4,4,unexposed,stimulus_relative,train,1.0,0.4641779194137391,0.5358220805862609
DEAP:S03:T22,DEAP:S03,T22,0,4.94,1,1,4,4,unexposed,stimulus_relative,train,1.0,0.5045259003931799,0.49547409960682004
DEAP:S03:T24,DEAP:S03,T24,0,3.31,1,1,4,4,unexposed,stimulus_relative,train,1.0,0.5160424961991452,0.4839575038008547
DEAP:S03:T31,DEAP:S03,T31,0,4.44,1,1,4,4,unexposed,stimulus_relative,train,1.0,0.6102924504085234,0.38970754959147663
DEAP:S03:T34,DEAP:S03,T34,0,4.72,1,1,4,4,unexposed,stimulus_relative,train,1.0,0.7698631324830005,0.23013686751699947
DEAP:S03:T36,DEAP:S03,T36,1,5.01,1,1,4,4,unexposed,stimulus_relative,train,1.0,0.14392043923231024,0.8560795607676898
DEAP:S03:T39,DEAP:S03,T39,0,4.33,1,1,4,4,unexposed,stimulus_relative,train,1.0,0.6554141374854277,0.34458586251457235
DEAP:S03:T40,DEAP:S03,T40,1,5.38,1,1,4,4,unexposed,stimulus_relative,train,1.0,0.5835125981079504,0.4164874018920496
DEAP:S04:T03,DEAP:S04,T03,1,8.95,1,1,4,4,unexposed,stimulus_relative,train,1.0,0.3479889058353295,0.6520110941646705
DEAP:S04:T04,DEAP:S04,T04,1,6.1,1,1,4,4,unexposed,stimulus_relative,train,1.0,0.7092005610399099,0.29079943896009014
DEAP:S04:T06,DEAP:S04,T06,1,5.01,1,1,4,4,unexposed,stimulus_relative,train,1.0,0.33459030657762334,0.6654096934223767
DEAP:S04:T07,DEAP:S04,T07,0,2.94,1,1,4,4,unexposed,stimulus_relative,train,1.0,0.4084972108163417,0.5915027891836583
DEAP:S04:T09,DEAP:S04,T09,1,6.05,1,1,4,4,unexposed,stimulus_relative,train,1.0,0.6464209533843553,0.35357904661564465
DEAP:S04:T11,DEAP:S04,T11,1,7.24,1,1,4,4,unexposed,stimulus_relative,train,1.0,0.7382776198308313,0.2617223801691687
DEAP:S04:T16,DEAP:S04,T16,0,2.51,1,1,4,4,unexposed,stimulus_relative,train,1.0,0.8487995854040842,0.15120041459591588
DEAP:S04:T18,DEAP:S04,T18,0,4.9,1,1,4,4,unexposed,stimulus_relative,train,1.0,0.7308156555882409,0.2691843444117591
DEAP:S04:T24,DEAP:S04,T24,0,2.71,1,1,4,4,unexposed,stimulus_relative,train,1.0,0.8349857066741125,0.16501429332588743
DEAP:S04:T34,DEAP:S04,T34,0,2.17,1,1,4,4,unexposed,stimulus_relative,train,1.0,0.6861276339374469,0.3138723660625531
DEAP:S04:T36,DEAP:S04,T36,0,2.72,1,1,4,4,unexposed,stimulus_relative,train,1.0,0.8954512581348371,0.104548741865163
DEAP:S04:T39,DEAP:S04,T39,0,1.92,1,1,4,4,unexposed,stimulus_relative,train,1.0,0.6866106389430532,0.3133893610569468
DEAP:S04:T40,DEAP:S04,T40,0,1.86,1,1,4,4,unexposed,stimulus_relative,train,1.0,0.6831562153338803,0.31684378466611973
DEAP:S05:T03,DEAP:S05,T03,0,4.95,1,1,4,4,unexposed,stimulus_relative,train,1.0,0.4467813231987533,0.5532186768012467
DEAP:S05:T04,DEAP:S05,T04,1,8.24,1,1,4,4,unexposed,stimulus_relative,train,1.0,0.2523182279830807,0.7476817720169193
DEAP:S05:T06,DEAP:S05,T06,1,8.09,1,1,4,4,unexposed,stimulus_relative,train,1.0,0.3055950750666212,0.6944049249333788
DEAP:S05:T07,DEAP:S05,T07,1,5.12,1,1,4,4,unexposed,stimulus_relative,train,1.0,0.22887856180206867,0.7711214381979313
DEAP:S05:T09,DEAP:S05,T09,1,6.94,1,1,4,4,unexposed,stimulus_relative,train,1.0,0.24204124229044655,0.7579587577095535
DEAP:S05:T11,DEAP:S05,T11,1,9.0,1,1,4,4,unexposed,stimulus_relative,train,1.0,0.08153819832487663,0.9184618016751234
DEAP:S05:T13,DEAP:S05,T13,0,4.94,1,1,4,4,unexposed,stimulus_relative,train,1.0,0.26716119978503305,0.732838800214967
DEAP:S05:T16,DEAP:S05,T16,1,5.96,1,1,4,4,unexposed,stimulus_relative,train,1.0,0.3214513773008143,0.6785486226991857
DEAP:S05:T18,DEAP:S05,T18,1,8.05,1,1,4,4,unexposed,stimulus_relative,train,1.0,0.2840569428288755,0.7159430571711245
DEAP:S05:T22,DEAP:S05,T22,1,6.99,1,1,4,4,unexposed,stimulus_relative,train,1.0,0.4554068584450818,0.5445931415549182
DEAP:S05:T24,DEAP:S05,T24,0,4.0,1,1,4,4,unexposed,stimulus_relative,train,1.0,0.6283135654623275,0.37168643453767247
DEAP:S05:T31,DEAP:S05,T31,1,6.9,1,1,4,4,unexposed,stimulus_relative,train,1.0,0.22917311026688125,0.7708268897331187
DEAP:S05:T34,DEAP:S05,T34,1,6.03,1,1,4,4,unexposed,stimulus_relative,train,1.0,0.25964336740495886,0.7403566325950411
DEAP:S05:T39,DEAP:S05,T39,0,1.0,1,1,4,4,unexposed,stimulus_relative,train,1.0,0.5718995835517287,0.4281004164482713
DEAP:S05:T40,DEAP:S05,T40,1,7.0,1,1,4,4,unexposed,stimulus_relative,train,1.0,0.24046347514137456,0.7595365248586254
DEAP:S06:T03,DEAP:S06,T03,1,7.69,1,1,4,4,unexposed,stimulus_relative,train,1.0,0.22724304769945558,0.7727569523005444
DEAP:S06:T04,DEAP:S06,T04,1,7.55,1,1,4,4,unexposed,stimulus_relative,train,1.0,0.3618975773816323,0.6381024226183677
DEAP:S06:T07,DEAP:S06,T07,1,8.26,1,1,4,4,unexposed,stimulus_relative,train,1.0,0.400917163633156,0.599082836366844
DEAP:S06:T09,DEAP:S06,T09,1,7.87,1,1,4,4,unexposed,stimulus_relative,train,1.0,0.6620840708181714,0.3379159291818285
DEAP:S06:T11,DEAP:S06,T11,0,4.99,1,1,4,4,unexposed,stimulus_relative,train,1.0,0.5925831294711073,0.4074168705288928
DEAP:S06:T13,DEAP:S06,T13,1,7.79,1,1,4,4,unexposed,stimulus_relative,train,1.0,0.07976191329480942,0.9202380867051906
DEAP:S06:T16,DEAP:S06,T16,1,5.06,1,1,4,4,unexposed,stimulus_relative,train,1.0,0.24791726098566913,0.7520827390143309
DEAP:S06:T18,DEAP:S06,T18,1,7.59,1,1,4,4,unexposed,stimulus_relative,train,1.0,0.2983811323999188,0.7016188676000812
DEAP:S06:T22,DEAP:S06,T22,1,7.56,1,1,4,4,unexposed,stimulus_relative,train,1.0,0.35403684551533976,0.6459631544846602
DEAP:S06:T24,DEAP:S06,T24,0,3.5,1,1,4,4,unexposed,stimulus_relative,train,1.0,0.4618980503960818,0.5381019496039182
DEAP:S06:T31,DEAP:S06,T31,0,3.65,1,1,4,4,unexposed,stimulus_relative,train,1.0,0.6138986351689103,0.3861013648310897
DEAP:S06:T34,DEAP:S06,T34,0,3.31,1,1,4,4,unexposed,stimulus_relative,train,1.0,0.17664342957657364,0.8233565704234264
DEAP:S06:T36,DEAP:S06,T36,1,5.71,1,1,4,4,unexposed,stimulus_relative,train,1.0,0.19392997498177533,0.8060700250182247
DEAP:S06:T39,DEAP:S06,T39,1,6.56,1,1,4,4,unexposed,stimulus_relative,train,1.0,0.5231648827870539,0.47683511721294614
DEAP:S06:T40,DEAP:S06,T40,0,4.85,1,1,4,4,unexposed,stimulus_relative,train,1.0,0.5126262774933867,0.4873737225066132
DEAP:S07:T03,DEAP:S07,T03,1,7.1,1,1,4,4,unexposed,stimulus_relative,train,1.0,0.15766961423404913,0.8423303857659509
DEAP:S07:T06,DEAP:S07,T06,1,6.97,1,1,4,4,unexposed,stimulus_relative,train,1.0,0.29321184785823606,0.7067881521417639
DEAP:S07:T07,DEAP:S07,T07,1,7.08,1,1,4,4,unexposed,stimulus_relative,train,1.0,0.19658765667802425,0.8034123433219758
DEAP:S07:T09,DEAP:S07,T09,1,6.99,1,1,4,4,unexposed,stimulus_relative,train,1.0,0.4534067216578459,0.5465932783421541
DEAP:S07:T13,DEAP:S07,T13,1,8.0,1,1,4,4,unexposed,stimulus_relative,train,1.0,0.3163790207717989,0.6836209792282011
DEAP:S07:T16,DEAP:S07,T16,0,3.03,1,1,4,4,unexposed,stimulus_relative,train,1.0,0.8360759111668787,0.1639240888331213
DEAP:S07:T18,DEAP:S07,T18,1,7.03,1,1,4,4,unexposed,stimulus_relative,train,1.0,0.37363914986657687,0.6263608501334231
DEAP:S07:T22,DEAP:S07,T22,0,3.05,1,1,4,4,unexposed,stimulus_relative,train,1.0,0.40567624756358145,0.5943237524364186
DEAP:S07:T24,DEAP:S07,T24,0,1.97,1,1,4,4,unexposed,stimulus_relative,train,1.0,0.41280847907787444,0.5871915209221256
DEAP:S07:T31,DEAP:S07,T31,1,6.96,1,1,4,4,unexposed,stimulus_relative,train,1.0,0.38375782810582193,0.6162421718941781
DEAP:S07:T34,DEAP:S07,T34,0,4.01,1,1,4,4,unexposed,stimulus_relative,train,1.0,0.335862529331442,0.664137470668558
DEAP:S07:T36,DEAP:S07,T36,1,8.1,1,1,4,4,unexposed,stimulus_relative,train,1.0,0.14050866313319144,0.8594913368668086
DEAP:S07:T39,DEAP:S07,T39,1,7.01,1,1,4,4,unexposed,stimulus_relative,train,1.0,0.12832529884327293,0.8716747011567271
DEAP:S07:T40,DEAP:S07,T40,1,7.01,1,1,4,4,unexposed,stimulus_relative,train,1.0,0.1424735724157833,0.8575264275842167
DEAP:S08:T03,DEAP:S08,T03,1,8.15,1,1,4,4,unexposed,stimulus_relative,train,1.0,0.15417840138135974,0.8458215986186403
DEAP:S08:T06,DEAP:S08,T06,1,7.4,1,1,4,4,unexposed,stimulus_relative,train,1.0,0.11276244777151434,0.8872375522284857
DEAP:S08:T07,DEAP:S08,T07,1,5.04,1,1,4,4,unexposed,stimulus_relative,train,1.0,0.5112870189726322,0.4887129810273678
DEAP:S08:T09,DEAP:S08,T09,1,8.78,1,1,4,4,unexposed,stimulus_relative,train,1.0,0.21929771546878452,0.7807022845312155
DEAP:S08:T11,DEAP:S08,T11,1,8.41,1,1,4,4,unexposed,stimulus_relative,train,1.0,0.20170647612536707,0.7982935238746329
DEAP:S08:T13,DEAP:S08,T13,1,7.9,1,1,4,4,unexposed,stimulus_relative,train,1.0,0.2533373092664616,0.7466626907335384
DEAP:S08:T16,DEAP:S08,T16,0,4.21,1,1,4,4,unexposed,stimulus_relative,train,1.0,0.6801935889446629,0.3198064110553372
DEAP:S08:T18,DEAP:S08,T18,1,7.21,1,1,4,4,unexposed,stimulus_relative,train,1.0,0.3101393190314865,0.6898606809685135
DEAP:S08:T22,DEAP:S08,T22,0,4.23,1,1,4,4,unexposed,stimulus_relative,train,1.0,0.873198052176895,0.126801947823105
DEAP:S08:T24,DEAP:S08,T24,0,4.15,1,1,4,4,unexposed,stimulus_relative,train,1.0,0.7179852816545202,0.28201471834547975
DEAP:S08:T31,DEAP:S08,T31,0,1.45,1,1,4,4,unexposed,stimulus_relative,train,1.0,0.534368384623411,0.46563161537658904
DEAP:S08:T34,DEAP:S08,T34,1,5.05,1,1,4,4,unexposed,stimulus_relative,train,1.0,0.2658080800495968,0.7341919199504032
DEAP:S08:T36,DEAP:S08,T36,0,1.21,1,1,4,4,unexposed,stimulus_relative,train,1.0,0.846755127792863,0.15324487220713698
DEAP:S08:T40,DEAP:S08,T40,0,3.13,1,1,4,4,unexposed,stimulus_relative,train,1.0,0.8680105438353122,0.13198945616468782
DEAP:S09:T03,DEAP:S09,T03,1,7.08,1,1,4,4,unexposed,stimulus_relative,train,1.0,0.599894676338246,0.400105323661754
DEAP:S09:T04,DEAP:S09,T04,1,5.99,1,1,4,4,unexposed,stimulus_relative,train,1.0,0.36446561011554024,0.6355343898844598
DEAP:S09:T06,DEAP:S09,T06,1,7.04,1,1,4,4,unexposed,stimulus_relative,train,1.0,0.2277758397325278,0.7722241602674722
DEAP:S09:T07,DEAP:S09,T07,1,5.08,1,1,4,4,unexposed,stimulus_relative,train,1.0,0.1737956847972595,0.8262043152027405
DEAP:S09:T09,DEAP:S09,T09,1,5.96,1,1,4,4,unexposed,stimulus_relative,train,1.0,0.11918578661897028,0.8808142133810297
DEAP:S09:T11,DEAP:S09,T11,1,7.12,1,1,4,4,unexposed,stimulus_relative,train,1.0,0.33709508360420093,0.6629049163957991
DEAP:S09:T13,DEAP:S09,T13,1,8.15,1,1,4,4,unexposed,stimulus_relative,train,1.0,0.6247514651384336,0.37524853486156634
DEAP:S09:T16,DEAP:S09,T16,0,4.05,1,1,4,4,unexposed,stimulus_relative,train,1.0,0.46680613721634845,0.5331938627836516
DEAP:S09:T22,DEAP:S09,T22,0,3.99,1,1,4,4,unexposed,stimulus_relative,train,1.0,0.11165369758534538,0.8883463024146546
DEAP:S09:T24,DEAP:S09,T24,0,4.03,1,1,4,4,unexposed,stimulus_relative,train,1.0,0.3647818391324462,0.6352181608675538
DEAP:S09:T31,DEAP:S09,T31,1,6.06,1,1,4,4,unexposed,stimulus_relative,train,1.0,0.7324175797744177,0.2675824202255824
DEAP:S09:T34,DEAP:S09,T34,1,5.06,1,1,4,4,unexposed,stimulus_relative,train,1.0,0.19776775915335854,0.8022322408466415
DEAP:S09:T36,DEAP:S09,T36,0,3.08,1,1,4,4,unexposed,stimulus_relative,train,1.0,0.6724669037134623,0.32753309628653776
DEAP:S09:T39,DEAP:S09,T39,0,3.17,1,1,4,4,unexposed,stimulus_relative,train,1.0,0.7630502045511873,0.23694979544881262
DEAP:S09:T40,DEAP:S09,T40,1,5.04,1,1,4,4,unexposed,stimulus_relative,train,1.0,0.6092597726998703,0.39074022730012975
DEAP:S10:T03,DEAP:S10,T03,1,5.86,1,1,4,4,unexposed,stimulus_relative,train,1.0,0.7395705507474444,0.2604294492525557
DEAP:S10:T04,DEAP:S10,T04,1,7.01,1,1,4,4,unexposed,stimulus_relative,train,1.0,0.2661509396486188,0.7338490603513812
DEAP:S10:T06,DEAP:S10,T06,1,7.1,1,1,4,4,unexposed,stimulus_relative,train,1.0,0.16716526835811796,0.832834731641882
DEAP:S10:T07,DEAP:S10,T07,1,8.96,1,1,4,4,unexposed,stimulus_relative,train,1.0,0.053483702941008904,0.9465162970589911
DEAP:S10:T11,DEAP:S10,T11,1,8.99,1,1,4,4,unexposed,stimulus_relative,train,1.0,0.3746451578613572,0.6253548421386428
DEAP:S10:T16,DEAP:S10,T16,0,3.85,1,1,4,4,unexposed,stimulus_relative,train,1.0,0.7856455761630889,0.214354423836911
DEAP:S10:T22,DEAP:S10,T22,0,4.24,1,1,4,4,unexposed,stimulus_relative,train,1.0,0.8413602856193707,0.15863971438062932
DEAP:S10:T24,DEAP:S10,T24,1,6.82,1,1,4,4,unexposed,stimulus_relative,train,1.0,0.16599460644523256,0.8340053935547674
DEAP:S10:T31,DEAP:S10,T31,0,4.15,1,1,4,4,unexposed,stimulus_relative,train,1.0,0.6505984492759245,0.3494015507240755
DEAP:S10:T34,DEAP:S10,T34,0,3.91,1,1,4,4,unexposed,stimulus_relative,train,1.0,0.4527260804061022,0.5472739195938978
DEAP:S10:T36,DEAP:S10,T36,0,2.17,1,1,4,4,unexposed,stimulus_relative,train,1.0,0.92015896045607,0.07984103954392995
DEAP:S10:T39,DEAP:S10,T39,0,2.17,1,1,4,4,unexposed,stimulus_relative,train,1.0,0.8936301926215499,0.10636980737845018
DEAP:S10:T40,DEAP:S10,T40,1,5.78,1,1,4,4,unexposed,stimulus_relative,train,1.0,0.7059482372700785,0.2940517627299215
DEAP:S13:T03,DEAP:S13,T03,1,9.0,1,1,4,4,unexposed,stimulus_relative,train,1.0,0.5596579157449987,0.4403420842550013
DEAP:S13:T04,DEAP:S13,T04,1,7.08,1,1,4,4,unexposed,stimulus_relative,train,1.0,0.11027110896502146,0.8897288910349785
DEAP:S13:T06,DEAP:S13,T06,0,4.46,1,1,4,4,unexposed,stimulus_relative,train,1.0,0.48813580124872513,0.5118641987512749
DEAP:S13:T07,DEAP:S13,T07,0,2.99,1,1,4,4,unexposed,stimulus_relative,train,1.0,0.8440475121394511,0.15595248786054894
DEAP:S13:T09,DEAP:S13,T09,1,7.06,1,1,4,4,unexposed,stimulus_relative,train,1.0,0.06075590696596045,0.9392440930340396
DEAP:S13:T11,DEAP:S13,T11,1,7.04,1,1,4,4,unexposed,stimulus_relative,train,1.0,0.15887858685462342,0.8411214131453766
DEAP:S13:T13,DEAP:S13,T13,1,9.0,1,1,4,4,unexposed,stimulus_relative,train,1.0,0.31318177995916174,0.6868182200408383
DEAP:S13:T18,DEAP:S13,T18,1,7.94,1,1,4,4,unexposed,stimulus_relative,train,1.0,0.2360330861376838,0.7639669138623162
DEAP:S13:T22,DEAP:S13,T22,0,4.01,1,1,4,4,unexposed,stimulus_relative,train,1.0,0.9578072519735329,0.04219274802646712
DEAP:S13:T24,DEAP:S13,T24,0,2.97,1,1,4,4,unexposed,stimulus_relative,train,1.0,0.9335292595296782,0.06647074047032174
DEAP:S13:T31,DEAP:S13,T31,0,1.97,1,1,4,4,unexposed,stimulus_relative,train,1.0,0.9323954770590814,0.06760452294091851
DEAP:S13:T34,DEAP:S13,T34,0,2.92,1,1,4,4,unexposed,stimulus_relative,train,1.0,0.7681809882394997,0.2318190117605004
DEAP:S13:T36,DEAP:S13,T36,0,2.54,1,1,4,4,unexposed,stimulus_relative,train,1.0,0.8541732013663649,0.1458267986336351
DEAP:S13:T39,DEAP:S13,T39,0,1.97,1,1,4,4,unexposed,stimulus_relative,train,1.0,0.8933222529901416,0.10667774700985848
DEAP:S13:T40,DEAP:S13,T40,0,4.08,1,1,4,4,unexposed,stimulus_relative,train,1.0,0.9564919450284491,0.04350805497155088
DEAP:S15:T03,DEAP:S15,T03,1,8.04,1,1,4,4,unexposed,stimulus_relative,train,1.0,0.8122761416567228,0.1877238583432772
DEAP:S15:T04,DEAP:S15,T04,1,8.04,1,1,4,4,unexposed,stimulus_relative,train,1.0,0.346459597893923,0.653540402106077
DEAP:S15:T06,DEAP:S15,T06,1,9.0,1,1,4,4,unexposed,stimulus_relative,train,1.0,0.0957468369230614,0.9042531630769386
DEAP:S15:T09,DEAP:S15,T09,1,9.0,1,1,4,4,unexposed,stimulus_relative,train,1.0,0.20618303316065045,0.7938169668393495
DEAP:S15:T11,DEAP:S15,T11,1,8.99,1,1,4,4,unexposed,stimulus_relative,train,1.0,0.4522742547372546,0.5477257452627454
DEAP:S15:T13,DEAP:S15,T13,1,7.06,1,1,4,4,unexposed,stimulus_relative,train,1.0,0.2406469559285026,0.7593530440714974
DEAP:S15:T16,DEAP:S15,T16,0,4.17,1,1,4,4,unexposed,stimulus_relative,train,1.0,0.8634768268810541,0.13652317311894593
DEAP:S15:T18,DEAP:S15,T18,1,7.04,1,1,4,4,unexposed,stimulus_relative,train,1.0,0.4862561243919751,0.5137438756080249
DEAP:S15:T22,DEAP:S15,T22,0,4.12,1,1,4,4,unexposed,stimulus_relative,train,1.0,0.8275034128251741,0.17249658717482586
DEAP:S15:T24,DEAP:S15,T24,0,1.92,1,1,4,4,unexposed,stimulus_relative,train,1.0,0.8154383840497395,0.1845616159502605
DEAP:S15:T31,DEAP:S15,T31,0,2.99,1,1,4,4,unexposed,stimulus_relative,train,1.0,0.7093099031708456,0.2906900968291543
DEAP:S15:T34,DEAP:S15,T34,0,3.01,1,1,4,4,unexposed,stimulus_relative,train,1.0,0.5433708859795676,0.4566291140204323
DEAP:S15:T36,DEAP:S15,T36,0,3.96,1,1,4,4,unexposed,stimulus_relative,train,1.0,0.5361408747597687,0.4638591252402314
DEAP:S15:T39,DEAP:S15,T39,0,4.0,1,1,4,4,unexposed,stimulus_relative,train,1.0,0.763816655011935,0.2361833449880651
DEAP:S15:T40,DEAP:S15,T40,0,4.01,1,1,4,4,unexposed,stimulus_relative,train,1.0,0.6101400575628881,0.3898599424371118
DEAP:S16:T03,DEAP:S16,T03,1,6.74,1,1,4,4,unexposed,stimulus_relative,train,1.0,0.27584787492257357,0.7241521250774264
DEAP:S16:T06,DEAP:S16,T06,0,4.99,1,1,4,4,unexposed,stimulus_relative,train,1.0,0.7734470844145331,0.22655291558546692
DEAP:S16:T09,DEAP:S16,T09,0,4.18,1,1,4,4,unexposed,stimulus_relative,train,1.0,0.6302535927989772,0.3697464072010228
DEAP:S16:T11,DEAP:S16,T11,1,7.27,1,1,4,4,unexposed,stimulus_relative,train,1.0,0.6695133337342439,0.33048666626575607
DEAP:S16:T13,DEAP:S16,T13,0,3.88,1,1,4,4,unexposed,stimulus_relative,train,1.0,0.8278983299965432,0.1721016700034568
DEAP:S16:T16,DEAP:S16,T16,0,4.97,1,1,4,4,unexposed,stimulus_relative,train,1.0,0.44518199611317033,0.5548180038868297
DEAP:S16:T18,DEAP:S16,T18,1,6.56,1,1,4,4,unexposed,stimulus_relative,train,1.0,0.7100427804303382,0.28995721956966175
DEAP:S16:T24,DEAP:S16,T24,0,2.51,1,1,4,4,unexposed,stimulus_relative,train,1.0,0.927992021363399,0.07200797863660102
DEAP:S16:T31,DEAP:S16,T31,0,3.88,1,1,4,4,unexposed,stimulus_relative,train,1.0,0.7242261890903451,0.2757738109096549
DEAP:S16:T34,DEAP:S16,T34,0,1.0,1,1,4,4,unexposed,stimulus_relative,train,1.0,0.8376102969513319,0.1623897030486681
DEAP:S16:T39,DEAP:S16,T39,1,6.13,1,1,4,4,unexposed,stimulus_relative,train,1.0,0.7159814442556139,0.28401855574438606
DEAP:S16:T40,DEAP:S16,T40,0,3.74,1,1,4,4,unexposed,stimulus_relative,train,1.0,0.525763285259695,0.474236714740305
DEAP:S17:T03,DEAP:S17,T03,1,6.46,1,1,4,4,unexposed,stimulus_relative,train,1.0,0.6008241736093843,0.39917582639061566
DEAP:S17:T04,DEAP:S17,T04,1,6.35,1,1,4,4,unexposed,stimulus_relative,train,1.0,0.3327687872328803,0.6672312127671197
DEAP:S17:T06,DEAP:S17,T06,1,6.9,1,1,4,4,unexposed,stimulus_relative,train,1.0,0.09818866487061584,0.9018113351293842
DEAP:S17:T07,DEAP:S17,T07,1,7.08,1,1,4,4,unexposed,stimulus_relative,train,1.0,0.10646191984727715,0.8935380801527228
DEAP:S17:T09,DEAP:S17,T09,1,6.04,1,1,4,4,unexposed,stimulus_relative,train,1.0,0.2038749970135424,0.7961250029864576
DEAP:S17:T11,DEAP:S17,T11,1,6.03,1,1,4,4,unexposed,stimulus_relative,train,1.0,0.35803456286758284,0.6419654371324172
DEAP:S17:T13,DEAP:S17,T13,0,4.54,1,1,4,4,unexposed,stimulus_relative,train,1.0,0.5429652892027135,0.4570347107972866
DEAP:S17:T18,DEAP:S17,T18,1,6.22,1,1,4,4,unexposed,stimulus_relative,train,1.0,0.6302743851501014,0.3697256148498986
DEAP:S17:T22,DEAP:S17,T22,0,3.19,1,1,4,4,unexposed,stimulus_relative,train,1.0,0.8127234072834096,0.1872765927165904
DEAP:S17:T24,DEAP:S17,T24,0,4.53,1,1,4,4,unexposed,stimulus_relative,train,1.0,0.7537445687813764,0.2462554312186236
DEAP:S17:T31,DEAP:S17,T31,0,4.54,1,1,4,4,unexposed,stimulus_relative,train,1.0,0.6044902758558438,0.3955097241441562
DEAP:S17:T34,DEAP:S17,T34,0,4.99,1,1,4,4,unexposed,stimulus_relative,train,1.0,0.5996546510925524,0.4003453489074475
DEAP:S17:T36,DEAP:S17,T36,0,3.37,1,1,4,4,unexposed,stimulus_relative,train,1.0,0.6949922105963546,0.3050077894036454
DEAP:S17:T39,DEAP:S17,T39,1,7.1,1,1,4,4,unexposed,stimulus_relative,train,1.0,0.09580831660867306,0.9041916833913269
DEAP:S17:T40,DEAP:S17,T40,1,5.04,1,1,4,4,unexposed,stimulus_relative,train,1.0,0.10242255301491077,0.8975774469850892
DEAP:S19:T03,DEAP:S19,T03,1,6.82,1,1,4,4,unexposed,stimulus_relative,train,1.0,0.3023996635531251,0.6976003364468749
DEAP:S19:T07,DEAP:S19,T07,1,6.64,1,1,4,4,unexposed,stimulus_relative,train,1.0,0.3841453185818542,0.6158546814181458
DEAP:S19:T09,DEAP:S19,T09,1,7.09,1,1,4,4,unexposed,stimulus_relative,train,1.0,0.4955343509377893,0.5044656490622107
DEAP:S19:T13,DEAP:S19,T13,1,7.53,1,1,4,4,unexposed,stimulus_relative,train,1.0,0.3453505809681394,0.6546494190318606
DEAP:S19:T16,DEAP:S19,T16,0,3.24,1,1,4,4,unexposed,stimulus_relative,train,1.0,0.5913497990296035,0.40865020097039645
DEAP:S19:T18,DEAP:S19,T18,1,7.77,1,1,4,4,unexposed,stimulus_relative,train,1.0,0.3192244643504868,0.6807755356495132
DEAP:S19:T22,DEAP:S19,T22,1,5.04,1,1,4,4,unexposed,stimulus_relative,train,1.0,0.6594080238393969,0.3405919761606031
DEAP:S19:T24,DEAP:S19,T24,0,3.23,1,1,4,4,unexposed,stimulus_relative,train,1.0,0.48184453612203515,0.5181554638779649
DEAP:S19:T31,DEAP:S19,T31,1,5.03,1,1,4,4,unexposed,stimulus_relative,train,1.0,0.17361150551129878,0.8263884944887012
DEAP:S19:T34,DEAP:S19,T34,0,4.17,1,1,4,4,unexposed,stimulus_relative,train,1.0,0.749439385877769,0.250560614122231
DEAP:S19:T36,DEAP:S19,T36,0,3.71,1,1,4,4,unexposed,stimulus_relative,train,1.0,0.5296209852633162,0.47037901473668375
DEAP:S19:T39,DEAP:S19,T39,1,5.04,1,1,4,4,unexposed,stimulus_relative,train,1.0,0.41934337167982716,0.5806566283201728
DEAP:S19:T40,DEAP:S19,T40,0,4.24,1,1,4,4,unexposed,stimulus_relative,train,1.0,0.4206376750738471,0.5793623249261529
DEAP:S20:T03,DEAP:S20,T03,1,7.18,1,1,4,4,unexposed,stimulus_relative,train,1.0,0.34488945637809576,0.6551105436219042
DEAP:S20:T04,DEAP:S20,T04,1,7.05,1,1,4,4,unexposed,stimulus_relative,train,1.0,0.580765410726676,0.4192345892733241
DEAP:S20:T09,DEAP:S20,T09,1,8.22,1,1,4,4,unexposed,stimulus_relative,train,1.0,0.31492534518776427,0.6850746548122357
DEAP:S20:T11,DEAP:S20,T11,1,8.18,1,1,4,4,unexposed,stimulus_relative,train,1.0,0.2720052318028562,0.7279947681971438
DEAP:S20:T13,DEAP:S20,T13,1,7.91,1,1,4,4,unexposed,stimulus_relative,train,1.0,0.6370232742780116,0.36297672572198836
DEAP:S20:T16,DEAP:S20,T16,1,5.03,1,1,4,4,unexposed,stimulus_relative,train,1.0,0.23815247662598638,0.7618475233740136
DEAP:S20:T18,DEAP:S20,T18,1,7.35,1,1,4,4,unexposed,stimulus_relative,train,1.0,0.40415708077052825,0.5958429192294717
DEAP:S20:T22,DEAP:S20,T22,0,4.06,1,1,4,4,unexposed,stimulus_relative,train,1.0,0.7535687190784693,0.2464312809215307
DEAP:S20:T24,DEAP:S20,T24,0,3.0,1,1,4,4,unexposed,stimulus_relative,train,1.0,0.6622036635192672,0.3377963364807329
DEAP:S20:T31,DEAP:S20,T31,0,4.46,1,1,4,4,unexposed,stimulus_relative,train,1.0,0.791161193691369,0.20883880630863103
DEAP:S20:T34,DEAP:S20,T34,0,4.74,1,1,4,4,unexposed,stimulus_relative,train,1.0,0.6221343851147354,0.37786561488526454
DEAP:S20:T36,DEAP:S20,T36,0,4.29,1,1,4,4,unexposed,stimulus_relative,train,1.0,0.5227523601180784,0.4772476398819217
DEAP:S20:T39,DEAP:S20,T39,0,4.67,1,1,4,4,unexposed,stimulus_relative,train,1.0,0.6271866151518175,0.3728133848481825
DEAP:S20:T40,DEAP:S20,T40,0,4.94,1,1,4,4,unexposed,stimulus_relative,train,1.0,0.7551635332276929,0.24483646677230705
DEAP:S21:T03,DEAP:S21,T03,0,4.83,1,1,4,4,unexposed,stimulus_relative,train,1.0,0.8689170206150554,0.13108297938494468
DEAP:S21:T04,DEAP:S21,T04,1,5.05,1,1,4,4,unexposed,stimulus_relative,train,1.0,0.30214645181936983,0.6978535481806302
DEAP:S21:T06,DEAP:S21,T06,1,7.92,1,1,4,4,unexposed,stimulus_relative,train,1.0,0.27350332181032233,0.7264966781896777
DEAP:S21:T07,DEAP:S21,T07,1,7.05,1,1,4,4,unexposed,stimulus_relative,train,1.0,0.29020598718587753,0.7097940128141225
DEAP:S21:T09,DEAP:S21,T09,1,8.56,1,1,4,4,unexposed,stimulus_relative,train,1.0,0.39023378387600105,0.609766216123999
DEAP:S21:T11,DEAP:S21,T11,1,7.05,1,1,4,4,unexposed,stimulus_relative,train,1.0,0.17928797011982234,0.8207120298801777
DEAP:S21:T13,DEAP:S21,T13,0,4.27,1,1,4,4,unexposed,stimulus_relative,train,1.0,0.6409151247230931,0.35908487527690697
DEAP:S21:T18,DEAP:S21,T18,1,7.99,1,1,4,4,unexposed,stimulus_relative,train,1.0,0.348401955700832,0.651598044299168
DEAP:S21:T22,DEAP:S21,T22,0,2.09,1,1,4,4,unexposed,stimulus_relative,train,1.0,0.6380076389159743,0.3619923610840257
DEAP:S21:T24,DEAP:S21,T24,0,2.99,1,1,4,4,unexposed,stimulus_relative,train,1.0,0.6557544776718824,0.3442455223281176
DEAP:S21:T31,DEAP:S21,T31,1,5.04,1,1,4,4,unexposed,stimulus_relative,train,1.0,0.1312356200415784,0.8687643799584216
DEAP:S21:T34,DEAP:S21,T34,0,4.06,1,1,4,4,unexposed,stimulus_relative,train,1.0,0.4278008519523776,0.5721991480476224
DEAP:S21:T36,DEAP:S21,T36,1,6.88,1,1,4,4,unexposed,stimulus_relative,train,1.0,0.5385693022636546,0.4614306977363453
DEAP:S21:T40,DEAP:S21,T40,0,3.99,1,1,4,4,unexposed,stimulus_relative,train,1.0,0.4882106045707545,0.5117893954292455
DEAP:S22:T03,DEAP:S22,T03,1,7.05,1,1,4,4,unexposed,stimulus_relative,train,1.0,0.6962021855181122,0.30379781448188786
DEAP:S22:T06,DEAP:S22,T06,0,4.97,1,1,4,4,unexposed,stimulus_relative,train,1.0,0.6044409441051778,0.3955590558948222
DEAP:S22:T09,DEAP:S22,T09,1,9.0,1,1,4,4,unexposed,stimulus_relative,train,1.0,0.4882797310639384,0.5117202689360616
DEAP:S22:T11,DEAP:S22,T11,1,8.05,1,1,4,4,unexposed,stimulus_relative,train,1.0,0.5451233560754369,0.4548766439245631
DEAP:S22:T16,DEAP:S22,T16,1,6.06,1,1,4,4,unexposed,stimulus_relative,train,1.0,0.23500757664238736,0.7649924233576126
DEAP:S22:T18,DEAP:S22,T18,1,8.08,1,1,4,4,unexposed,stimulus_relative,train,1.0,0.7445049399105408,0.2554950600894592
DEAP:S22:T22,DEAP:S22,T22,0,4.05,1,1,4,4,unexposed,stimulus_relative,train,1.0,0.39790386382930576,0.6020961361706942
DEAP:S22:T24,DEAP:S22,T24,0,1.96,1,1,4,4,unexposed,stimulus_relative,train,1.0,0.8278282995943753,0.17217170040562474
DEAP:S22:T31,DEAP:S22,T31,0,2.01,1,1,4,4,unexposed,stimulus_relative,train,1.0,0.6970018127693436,0.30299818723065636
DEAP:S22:T34,DEAP:S22,T34,1,5.04,1,1,4,4,unexposed,stimulus_relative,train,1.0,0.6315029183482272,0.36849708165177275
DEAP:S22:T36,DEAP:S22,T36,0,1.96,1,1,4,4,unexposed,stimulus_relative,train,1.0,0.5608543562825135,0.4391456437174865
DEAP:S22:T39,DEAP:S22,T39,0,1.0,1,1,4,4,unexposed,stimulus_relative,train,1.0,0.4873920056214561,0.5126079943785439
DEAP:S22:T40,DEAP:S22,T40,0,2.97,1,1,4,4,unexposed,stimulus_relative,train,1.0,0.4152992197152523,0.5847007802847477
DEAP:S23:T03,DEAP:S23,T03,1,7.09,1,1,4,4,unexposed,stimulus_relative,train,1.0,0.10276788209954668,0.8972321179004533
DEAP:S23:T04,DEAP:S23,T04,1,8.21,1,1,4,4,unexposed,stimulus_relative,train,1.0,0.22901384029375726,0.7709861597062427
DEAP:S23:T06,DEAP:S23,T06,1,5.09,1,1,4,4,unexposed,stimulus_relative,train,1.0,0.20144287292731622,0.7985571270726838
DEAP:S23:T07,DEAP:S23,T07,1,8.94,1,1,4,4,unexposed,stimulus_relative,train,1.0,0.06304517572084078,0.9369548242791592
DEAP:S23:T09,DEAP:S23,T09,1,7.03,1,1,4,4,unexposed,stimulus_relative,train,1.0,0.21977994738765227,0.7802200526123477
DEAP:S23:T11,DEAP:S23,T11,1,7.0,1,1,4,4,unexposed,stimulus_relative,train,1.0,0.11311163692069559,0.8868883630793044
DEAP:S23:T13,DEAP:S23,T13,1,8.01,1,1,4,4,unexposed,stimulus_relative,train,1.0,0.20384009145152282,0.7961599085484772
DEAP:S23:T16,DEAP:S23,T16,1,5.15,1,1,4,4,unexposed,stimulus_relative,train,1.0,0.1803559041477215,0.8196440958522785
DEAP:S23:T18,DEAP:S23,T18,1,7.12,1,1,4,4,unexposed,stimulus_relative,train,1.0,0.3729429429845499,0.6270570570154501
DEAP:S23:T22,DEAP:S23,T22,0,2.97,1,1,4,4,unexposed,stimulus_relative,train,1.0,0.6183937484149524,0.38160625158504763
DEAP:S23:T24,DEAP:S23,T24,1,6.53,1,1,4,4,unexposed,stimulus_relative,train,1.0,0.15384317588594643,0.8461568241140536
DEAP:S23:T31,DEAP:S23,T31,0,4.86,1,1,4,4,unexposed,stimulus_relative,train,1.0,0.40259018510188804,0.597409814898112
DEAP:S23:T34,DEAP:S23,T34,1,6.72,1,1,4,4,unexposed,stimulus_relative,train,1.0,0.2264376486654167,0.7735623513345833
DEAP:S23:T36,DEAP:S23,T36,0,4.92,1,1,4,4,unexposed,stimulus_relative,train,1.0,0.4629049253215364,0.5370950746784636
DEAP:S23:T40,DEAP:S23,T40,0,4.88,1,1,4,4,unexposed,stimulus_relative,train,1.0,0.364957730865345,0.635042269134655
DEAP:S24:T03,DEAP:S24,T03,1,8.96,1,1,4,4,unexposed,stimulus_relative,train,1.0,0.9262065207542671,0.07379347924573287
DEAP:S24:T04,DEAP:S24,T04,1,6.05,1,1,4,4,unexposed,stimulus_relative,train,1.0,0.37781851238546593,0.6221814876145341
DEAP:S24:T06,DEAP:S24,T06,1,5.96,1,1,4,4,unexposed,stimulus_relative,train,1.0,0.049091304877361575,0.9509086951226384
DEAP:S24:T07,DEAP:S24,T07,0,3.04,1,1,4,4,unexposed,stimulus_relative,train,1.0,0.5858355978873968,0.41416440211260314
DEAP:S24:T09,DEAP:S24,T09,1,7.08,1,1,4,4,unexposed,stimulus_relative,train,1.0,0.32997130536551345,0.6700286946344866
DEAP:S24:T11,DEAP:S24,T11,1,7.03,1,1,4,4,unexposed,stimulus_relative,train,1.0,0.35347116794676825,0.6465288320532318
DEAP:S24:T13,DEAP:S24,T13,1,8.0,1,1,4,4,unexposed,stimulus_relative,train,1.0,0.45287045471355303,0.547129545286447
DEAP:S24:T16,DEAP:S24,T16,0,4.0,1,1,4,4,unexposed,stimulus_relative,train,1.0,0.6842815734811404,0.3157184265188596
DEAP:S24:T18,DEAP:S24,T18,1,8.96,1,1,4,4,unexposed,stimulus_relative,train,1.0,0.46427079543129257,0.5357292045687074
DEAP:S24:T22,DEAP:S24,T22,0,3.03,1,1,4,4,unexposed,stimulus_relative,train,1.0,0.6122029944985887,0.3877970055014112
DEAP:S24:T24,DEAP:S24,T24,0,2.99,1,1,4,4,unexposed,stimulus_relative,train,1.0,0.863451082366607,0.13654891763339308
DEAP:S24:T31,DEAP:S24,T31,0,2.94,1,1,4,4,unexposed,stimulus_relative,train,1.0,0.8274098109775443,0.17259018902245568
DEAP:S24:T34,DEAP:S24,T34,0,4.05,1,1,4,4,unexposed,stimulus_relative,train,1.0,0.8181714536445021,0.18182854635549797
DEAP:S24:T36,DEAP:S24,T36,0,4.0,1,1,4,4,unexposed,stimulus_relative,train,1.0,0.7262340709215354,0.2737659290784647
DEAP:S24:T39,DEAP:S24,T39,0,2.12,1,1,4,4,unexposed,stimulus_relative,train,1.0,0.683390443568141,0.316609556431859
DEAP:S26:T03,DEAP:S26,T03,1,9.0,1,1,4,4,unexposed,stimulus_relative,train,1.0,0.8249754604169874,0.1750245395830125
DEAP:S26:T04,DEAP:S26,T04,1,8.03,1,1,4,4,unexposed,stimulus_relative,train,1.0,0.36309414728541645,0.6369058527145836
DEAP:S26:T06,DEAP:S26,T06,1,8.09,1,1,4,4,unexposed,stimulus_relative,train,1.0,0.30510673050518644,0.6948932694948136
DEAP:S26:T11,DEAP:S26,T11,1,8.04,1,1,4,4,unexposed,stimulus_relative,train,1.0,0.5066446693272502,0.4933553306727499
DEAP:S26:T13,DEAP:S26,T13,1,7.12,1,1,4,4,unexposed,stimulus_relative,train,1.0,0.20044365558679933,0.7995563444132007
DEAP:S26:T16,DEAP:S26,T16,1,6.19,1,1,4,4,unexposed,stimulus_relative,train,1.0,0.2846526987964817,0.7153473012035183
DEAP:S26:T18,DEAP:S26,T18,1,9.0,1,1,4,4,unexposed,stimulus_relative,train,1.0,0.33408402993361286,0.6659159700663871
DEAP:S26:T22,DEAP:S26,T22,1,6.97,1,1,4,4,unexposed,stimulus_relative,train,1.0,0.1922847215470107,0.8077152784529893
DEAP:S26:T24,DEAP:S26,T24,1,9.0,1,1,4,4,unexposed,stimulus_relative,train,1.0,0.3582658723857086,0.6417341276142914
DEAP:S26:T31,DEAP:S26,T31,0,1.97,1,1,4,4,unexposed,stimulus_relative,train,1.0,0.7232527846468342,0.27674721535316577
DEAP:S26:T34,DEAP:S26,T34,0,1.0,1,1,4,4,unexposed,stimulus_relative,train,1.0,0.5984256744733154,0.4015743255266846
DEAP:S26:T36,DEAP:S26,T36,0,2.92,1,1,4,4,unexposed,stimulus_relative,train,1.0,0.49815069359448594,0.5018493064055141
DEAP:S26:T39,DEAP:S26,T39,0,1.95,1,1,4,4,unexposed,stimulus_relative,train,1.0,0.32819900587299267,0.6718009941270073
DEAP:S26:T40,DEAP:S26,T40,0,3.06,1,1,4,4,unexposed,stimulus_relative,train,1.0,0.45244961020124386,0.5475503897987561
DEAP:S30:T03,DEAP:S30,T03,1,6.15,1,1,4,4,unexposed,stimulus_relative,train,1.0,0.5401714221823299,0.45982857781767006
DEAP:S30:T04,DEAP:S30,T04,1,7.04,1,1,4,4,unexposed,stimulus_relative,train,1.0,0.36941135887586884,0.6305886411241312
DEAP:S30:T06,DEAP:S30,T06,1,6.22,1,1,4,4,unexposed,stimulus_relative,train,1.0,0.6271479255070833,0.37285207449291663
DEAP:S30:T07,DEAP:S30,T07,0,4.05,1,1,4,4,unexposed,stimulus_relative,train,1.0,0.7008613034259282,0.29913869657407177
DEAP:S30:T09,DEAP:S30,T09,1,7.08,1,1,4,4,unexposed,stimulus_relative,train,1.0,0.44105508227964074,0.5589449177203593
DEAP:S30:T11,DEAP:S30,T11,1,6.06,1,1,4,4,unexposed,stimulus_relative,train,1.0,0.5345321696511255,0.4654678303488745
DEAP:S30:T13,DEAP:S30,T13,0,4.04,1,1,4,4,unexposed,stimulus_relative,train,1.0,0.4779122932564347,0.5220877067435653
DEAP:S30:T16,DEAP:S30,T16,1,5.04,1,1,4,4,unexposed,stimulus_relative,train,1.0,0.476123972099316,0.523876027900684
DEAP:S30:T18,DEAP:S30,T18,1,7.05,1,1,4,4,unexposed,stimulus_relative,train,1.0,0.6209467180466979,0.37905328195330207
DEAP:S30:T22,DEAP:S30,T22,0,4.05,1,1,4,4,unexposed,stimulus_relative,train,1.0,0.701237381599638,0.298762618400362
DEAP:S30:T24,DEAP:S30,T24,1,5.99,1,1,4,4,unexposed,stimulus_relative,train,1.0,0.3378414045594381,0.6621585954405619
DEAP:S30:T31,DEAP:S30,T31,0,3.86,1,1,4,4,unexposed,stimulus_relative,train,1.0,0.5682739970688103,0.4317260029311897
DEAP:S30:T36,DEAP:S30,T36,0,4.03,1,1,4,4,unexposed,stimulus_relative,train,1.0,0.6272170341650514,0.3727829658349486
DEAP:S30:T39,DEAP:S30,T39,0,2.97,1,1,4,4,unexposed,stimulus_relative,train,1.0,0.5216911279480605,0.47830887205193945
DEAP:S30:T40,DEAP:S30,T40,1,5.05,1,1,4,4,unexposed,stimulus_relative,train,1.0,0.3982913037693617,0.6017086962306383
DEAP:S31:T03,DEAP:S31,T03,1,8.04,1,1,4,4,unexposed,stimulus_relative,train,1.0,0.15148135344654168,0.8485186465534583
DEAP:S31:T04,DEAP:S31,T04,1,6.97,1,1,4,4,unexposed,stimulus_relative,train,1.0,0.32037406241117905,0.679625937588821
DEAP:S31:T06,DEAP:S31,T06,0,4.99,1,1,4,4,unexposed,stimulus_relative,train,1.0,0.5943155039403012,0.40568449605969886
DEAP:S31:T07,DEAP:S31,T07,1,6.05,1,1,4,4,unexposed,stimulus_relative,train,1.0,0.339414254014614,0.660585745985386
DEAP:S31:T09,DEAP:S31,T09,1,6.06,1,1,4,4,unexposed,stimulus_relative,train,1.0,0.26383441760124027,0.7361655823987597
DEAP:S31:T11,DEAP:S31,T11,1,9.0,1,1,4,4,unexposed,stimulus_relative,train,1.0,0.39217652042872386,0.6078234795712761
DEAP:S31:T13,DEAP:S31,T13,1,8.09,1,1,4,4,unexposed,stimulus_relative,train,1.0,0.48106511615384173,0.5189348838461583
DEAP:S31:T16,DEAP:S31,T16,1,6.09,1,1,4,4,unexposed,stimulus_relative,train,1.0,0.6782331213566061,0.3217668786433939
DEAP:S31:T18,DEAP:S31,T18,1,7.06,1,1,4,4,unexposed,stimulus_relative,train,1.0,0.39055071924801454,0.6094492807519855
DEAP:S31:T34,DEAP:S31,T34,0,1.95,1,1,4,4,unexposed,stimulus_relative,train,1.0,0.574197781268456,0.42580221873154406
DEAP:S31:T36,DEAP:S31,T36,0,4.97,1,1,4,4,unexposed,stimulus_relative,train,1.0,0.6889487397106642,0.3110512602893359
DEAP:S31:T39,DEAP:S31,T39,0,1.0,1,1,4,4,unexposed,stimulus_relative,train,1.0,0.6789309450989962,0.3210690549010038
DEAP:S31:T40,DEAP:S31,T40,0,3.99,1,1,4,4,unexposed,stimulus_relative,train,1.0,0.4011970210055442,0.5988029789944558
DEAP:S32:T03,DEAP:S32,T03,1,8.05,1,1,4,4,unexposed,stimulus_relative,train,1.0,0.6089589685535677,0.3910410314464324
DEAP:S32:T04,DEAP:S32,T04,1,6.96,1,1,4,4,unexposed,stimulus_relative,train,1.0,0.5372053863611949,0.46279461363880514
DEAP:S32:T06,DEAP:S32,T06,1,5.78,1,1,4,4,unexposed,stimulus_relative,train,1.0,0.8044949151285126,0.1955050848714874
DEAP:S32:T07,DEAP:S32,T07,0,4.94,1,1,4,4,unexposed,stimulus_relative,train,1.0,0.8752156534635446,0.12478434653645543
DEAP:S32:T09,DEAP:S32,T09,1,7.86,1,1,4,4,unexposed,stimulus_relative,train,1.0,0.38679587767962387,0.6132041223203761
DEAP:S32:T11,DEAP:S32,T11,1,8.24,1,1,4,4,unexposed,stimulus_relative,train,1.0,0.446572175512736,0.553427824487264
DEAP:S32:T13,DEAP:S32,T13,1,7.09,1,1,4,4,unexposed,stimulus_relative,train,1.0,0.38959428304478916,0.6104057169552108
DEAP:S32:T16,DEAP:S32,T16,0,3.97,1,1,4,4,unexposed,stimulus_relative,train,1.0,0.500185121750832,0.499814878249168
DEAP:S32:T18,DEAP:S32,T18,1,8.03,1,1,4,4,unexposed,stimulus_relative,train,1.0,0.6534969987798633,0.3465030012201366
DEAP:S32:T22,DEAP:S32,T22,0,4.15,1,1,4,4,unexposed,stimulus_relative,train,1.0,0.7126663812736913,0.2873336187263087
DEAP:S32:T24,DEAP:S32,T24,0,1.0,1,1,4,4,unexposed,stimulus_relative,train,1.0,0.7849843049181611,0.2150156950818389
DEAP:S32:T31,DEAP:S32,T31,0,4.17,1,1,4,4,unexposed,stimulus_relative,train,1.0,0.6559914940600857,0.3440085059399143
DEAP:S32:T34,DEAP:S32,T34,0,4.05,1,1,4,4,unexposed,stimulus_relative,train,1.0,0.5576517324272805,0.44234826757271956
DEAP:S32:T36,DEAP:S32,T36,0,3.91,1,1,4,4,unexposed,stimulus_relative,train,1.0,0.5100716369065053,0.4899283630934948
DEAP:S32:T39,DEAP:S32,T39,0,3.99,1,1,4,4,unexposed,stimulus_relative,train,1.0,0.6683698597835319,0.33163014021646814
DEAP:S32:T40,DEAP:S32,T40,1,7.15,1,1,4,4,unexposed,stimulus_relative,train,1.0,0.36578130961784927,0.6342186903821507
DEAP:S18:T02,DEAP:S18,T02,1,6.87,1,1,4,4,unexposed,stimulus_relative,validation_unseen,1.0,0.9764757405171556,0.02352425948284448
DEAP:S18:T10,DEAP:S18,T10,1,6.09,1,1,4,4,unexposed,stimulus_relative,validation_unseen,1.0,0.6674313681420128,0.33256863185798724
DEAP:S18:T14,DEAP:S18,T14,1,6.62,1,1,4,4,unexposed,stimulus_relative,validation_unseen,1.0,0.9625525800574232,0.03744741994257681
DEAP:S18:T17,DEAP:S18,T17,1,7.74,1,1,4,4,unexposed,stimulus_relative,validation_unseen,1.0,0.9880821452431358,0.011917854756864226
DEAP:S18:T20,DEAP:S18,T20,1,6.24,1,1,4,4,unexposed,stimulus_relative,validation_unseen,1.0,0.881371580453043,0.11862841954695705
DEAP:S18:T21,DEAP:S18,T21,0,3.92,1,1,4,4,unexposed,stimulus_relative,validation_unseen,1.0,0.9210970256914862,0.07890297430851383
DEAP:S18:T37,DEAP:S18,T37,0,4.0,1,1,4,4,unexposed,stimulus_relative,validation_unseen,1.0,0.902617805700829,0.09738219429917103
DEAP:S18:T38,DEAP:S18,T38,0,4.51,1,1,4,4,unexposed,stimulus_relative,validation_unseen,1.0,0.838787316769765,0.16121268323023494
DEAP:S25:T02,DEAP:S25,T02,0,2.99,1,1,4,4,unexposed,stimulus_relative,validation_unseen,1.0,0.7313396989304641,0.2686603010695359
DEAP:S25:T10,DEAP:S25,T10,0,1.0,1,1,4,4,unexposed,stimulus_relative,validation_unseen,1.0,0.9537421856657021,0.04625781433429787
DEAP:S25:T14,DEAP:S25,T14,1,8.09,1,1,4,4,unexposed,stimulus_relative,validation_unseen,1.0,0.9722478451597314,0.02775215484026863
DEAP:S25:T17,DEAP:S25,T17,1,5.04,1,1,4,4,unexposed,stimulus_relative,validation_unseen,1.0,0.8204477584937797,0.1795522415062203
DEAP:S25:T20,DEAP:S25,T20,1,7.08,1,1,4,4,unexposed,stimulus_relative,validation_unseen,1.0,0.9095480726636304,0.09045192733636961
DEAP:S25:T21,DEAP:S25,T21,1,6.03,1,1,4,4,unexposed,stimulus_relative,validation_unseen,1.0,0.931582759470511,0.06841724052948907
DEAP:S25:T37,DEAP:S25,T37,0,1.0,1,1,4,4,unexposed,stimulus_relative,validation_unseen,1.0,0.959218481306963,0.040781518693037
DEAP:S25:T38,DEAP:S25,T38,0,1.0,1,1,4,4,unexposed,stimulus_relative,validation_unseen,1.0,0.7501543158761812,0.24984568412381875
DEAP:S27:T02,DEAP:S27,T02,1,7.0,1,1,4,4,unexposed,stimulus_relative,validation_unseen,1.0,0.20938612224132014,0.7906138777586799
DEAP:S27:T10,DEAP:S27,T10,1,6.01,1,1,4,4,unexposed,stimulus_relative,validation_unseen,1.0,0.2689007850126286,0.7310992149873714
DEAP:S27:T14,DEAP:S27,T14,1,8.06,1,1,4,4,unexposed,stimulus_relative,validation_unseen,1.0,0.07569741757173531,0.9243025824282647
DEAP:S27:T17,DEAP:S27,T17,1,9.0,1,1,4,4,unexposed,stimulus_relative,validation_unseen,1.0,0.14915624382744053,0.8508437561725595
DEAP:S27:T20,DEAP:S27,T20,1,6.97,1,1,4,4,unexposed,stimulus_relative,validation_unseen,1.0,0.10981139016304231,0.8901886098369577
DEAP:S27:T21,DEAP:S27,T21,1,9.0,1,1,4,4,unexposed,stimulus_relative,validation_unseen,1.0,0.1748999249694826,0.8251000750305174
DEAP:S27:T37,DEAP:S27,T37,0,2.99,1,1,4,4,unexposed,stimulus_relative,validation_unseen,1.0,0.1305233935766834,0.8694766064233166
DEAP:S27:T38,DEAP:S27,T38,0,1.0,1,1,4,4,unexposed,stimulus_relative,validation_unseen,1.0,0.061168170623359,0.938831829376641
DEAP:S29:T02,DEAP:S29,T02,1,7.05,1,1,4,4,unexposed,stimulus_relative,validation_unseen,1.0,0.254001272508389,0.745998727491611
DEAP:S29:T10,DEAP:S29,T10,1,7.01,1,1,4,4,unexposed,stimulus_relative,validation_unseen,1.0,0.8379144549117142,0.16208554508828574
DEAP:S29:T14,DEAP:S29,T14,1,8.06,1,1,4,4,unexposed,stimulus_relative,validation_unseen,1.0,0.37927514959165154,0.6207248504083485
DEAP:S29:T17,DEAP:S29,T17,1,5.08,1,1,4,4,unexposed,stimulus_relative,validation_unseen,1.0,0.6666717722780588,0.33332822772194115
DEAP:S29:T20,DEAP:S29,T20,1,8.03,1,1,4,4,unexposed,stimulus_relative,validation_unseen,1.0,0.7264319160876642,0.2735680839123357
DEAP:S29:T21,DEAP:S29,T21,0,2.92,1,1,4,4,unexposed,stimulus_relative,validation_unseen,1.0,0.5316240831791063,0.46837591682089375
DEAP:S29:T37,DEAP:S29,T37,1,5.01,1,1,4,4,unexposed,stimulus_relative,validation_unseen,1.0,0.3421808403249619,0.6578191596750381
DEAP:S29:T38,DEAP:S29,T38,0,1.88,1,1,4,4,unexposed,stimulus_relative,validation_unseen,1.0,0.4683832999616636,0.5316167000383364
DEAP:S18:T03,DEAP:S18,T03,1,6.36,1,1,4,4,unexposed,stimulus_relative,validation_familiar,1.0,0.8031309402405699,0.19686905975943017
DEAP:S18:T04,DEAP:S18,T04,1,6.65,1,1,4,4,unexposed,stimulus_relative,validation_familiar,1.0,0.9605122189245304,0.039487781075469616
DEAP:S18:T06,DEAP:S18,T06,1,6.51,1,1,4,4,unexposed,stimulus_relative,validation_familiar,1.0,0.8243996907408209,0.1756003092591792
DEAP:S18:T07,DEAP:S18,T07,1,7.33,1,1,4,4,unexposed,stimulus_relative,validation_familiar,1.0,0.8040198864305116,0.1959801135694884
DEAP:S18:T09,DEAP:S18,T09,1,6.55,1,1,4,4,unexposed,stimulus_relative,validation_familiar,1.0,0.9225357751158325,0.07746422488416754
DEAP:S18:T11,DEAP:S18,T11,1,6.24,1,1,4,4,unexposed,stimulus_relative,validation_familiar,1.0,0.9280217053118743,0.07197829468812568
DEAP:S18:T13,DEAP:S18,T13,1,7.33,1,1,4,4,unexposed,stimulus_relative,validation_familiar,1.0,0.8607817398955394,0.1392182601044606
DEAP:S18:T16,DEAP:S18,T16,0,4.38,1,1,4,4,unexposed,stimulus_relative,validation_familiar,1.0,0.9611448791732418,0.03885512082675829
DEAP:S18:T18,DEAP:S18,T18,1,7.05,1,1,4,4,unexposed,stimulus_relative,validation_familiar,1.0,0.9865666105615483,0.013433389438451727
DEAP:S18:T22,DEAP:S18,T22,1,5.69,1,1,4,4,unexposed,stimulus_relative,validation_familiar,1.0,0.9645819482106281,0.03541805178937186
DEAP:S18:T24,DEAP:S18,T24,0,3.22,1,1,4,4,unexposed,stimulus_relative,validation_familiar,1.0,0.99133770682104,0.00866229317895994
DEAP:S18:T31,DEAP:S18,T31,0,4.44,1,1,4,4,unexposed,stimulus_relative,validation_familiar,1.0,0.9740652110845727,0.02593478891542738
DEAP:S18:T34,DEAP:S18,T34,0,4.15,1,1,4,4,unexposed,stimulus_relative,validation_familiar,1.0,0.8425775860439846,0.15742241395601536
DEAP:S18:T36,DEAP:S18,T36,1,5.24,1,1,4,4,unexposed,stimulus_relative,validation_familiar,1.0,0.9079983672030529,0.09200163279694701
DEAP:S18:T39,DEAP:S18,T39,0,4.06,1,1,4,4,unexposed,stimulus_relative,validation_familiar,1.0,0.856507824414894,0.1434921755851059
DEAP:S25:T03,DEAP:S25,T03,1,7.12,1,1,4,4,unexposed,stimulus_relative,validation_familiar,1.0,0.9658920375789979,0.03410796242100208
DEAP:S25:T07,DEAP:S25,T07,1,6.08,1,1,4,4,unexposed,stimulus_relative,validation_familiar,1.0,0.7919899365165043,0.20801006348349568
DEAP:S25:T09,DEAP:S25,T09,1,8.09,1,1,4,4,unexposed,stimulus_relative,validation_familiar,1.0,0.32732528886240386,0.6726747111375961
DEAP:S25:T11,DEAP:S25,T11,1,9.0,1,1,4,4,unexposed,stimulus_relative,validation_familiar,1.0,0.9771536705791845,0.022846329420815582
DEAP:S25:T13,DEAP:S25,T13,1,7.97,1,1,4,4,unexposed,stimulus_relative,validation_familiar,1.0,0.9535267103604776,0.046473289639522346
DEAP:S25:T16,DEAP:S25,T16,1,6.05,1,1,4,4,unexposed,stimulus_relative,validation_familiar,1.0,0.9879558359883182,0.012044164011681836
DEAP:S25:T18,DEAP:S25,T18,0,3.04,1,1,4,4,unexposed,stimulus_relative,validation_familiar,1.0,0.9833200074595619,0.01667999254043808
DEAP:S25:T22,DEAP:S25,T22,1,8.03,1,1,4,4,unexposed,stimulus_relative,validation_familiar,1.0,0.9495598473006689,0.05044015269933113
DEAP:S25:T24,DEAP:S25,T24,0,3.05,1,1,4,4,unexposed,stimulus_relative,validation_familiar,1.0,0.8821246131299799,0.11787538687002007
DEAP:S25:T31,DEAP:S25,T31,0,1.01,1,1,4,4,unexposed,stimulus_relative,validation_familiar,1.0,0.9677318977822743,0.03226810221772571
DEAP:S25:T34,DEAP:S25,T34,0,4.95,1,1,4,4,unexposed,stimulus_relative,validation_familiar,1.0,0.9662434654185119,0.03375653458148813
DEAP:S25:T36,DEAP:S25,T36,0,3.0,1,1,4,4,unexposed,stimulus_relative,validation_familiar,1.0,0.9150595141120145,0.08494048588798553
DEAP:S25:T39,DEAP:S25,T39,0,1.0,1,1,4,4,unexposed,stimulus_relative,validation_familiar,1.0,0.9218673087100592,0.07813269128994081
DEAP:S25:T40,DEAP:S25,T40,0,1.0,1,1,4,4,unexposed,stimulus_relative,validation_familiar,1.0,0.9822189450226703,0.017781054977329708
DEAP:S27:T03,DEAP:S27,T03,1,9.0,1,1,4,4,unexposed,stimulus_relative,validation_familiar,1.0,0.10625498546188095,0.893745014538119
DEAP:S27:T04,DEAP:S27,T04,1,7.05,1,1,4,4,unexposed,stimulus_relative,validation_familiar,1.0,0.0820913362247393,0.9179086637752607
DEAP:S27:T06,DEAP:S27,T06,1,7.0,1,1,4,4,unexposed,stimulus_relative,validation_familiar,1.0,0.07041476198061636,0.9295852380193836
DEAP:S27:T07,DEAP:S27,T07,0,4.94,1,1,4,4,unexposed,stimulus_relative,validation_familiar,1.0,0.18888201445675712,0.8111179855432429
DEAP:S27:T09,DEAP:S27,T09,1,8.99,1,1,4,4,unexposed,stimulus_relative,validation_familiar,1.0,0.10423172444770723,0.8957682755522928
DEAP:S27:T11,DEAP:S27,T11,1,9.0,1,1,4,4,unexposed,stimulus_relative,validation_familiar,1.0,0.1555724751701152,0.8444275248298848
DEAP:S27:T13,DEAP:S27,T13,1,7.01,1,1,4,4,unexposed,stimulus_relative,validation_familiar,1.0,0.44034363782355124,0.5596563621764488
DEAP:S27:T16,DEAP:S27,T16,1,8.06,1,1,4,4,unexposed,stimulus_relative,validation_familiar,1.0,0.15499031349565362,0.8450096865043464
DEAP:S27:T18,DEAP:S27,T18,1,9.0,1,1,4,4,unexposed,stimulus_relative,validation_familiar,1.0,0.17093273214783145,0.8290672678521686
DEAP:S27:T22,DEAP:S27,T22,1,7.29,1,1,4,4,unexposed,stimulus_relative,validation_familiar,1.0,0.05937073783509039,0.9406292621649096
DEAP:S27:T24,DEAP:S27,T24,1,8.9,1,1,4,4,unexposed,stimulus_relative,validation_familiar,1.0,0.1690802078080742,0.8309197921919258
DEAP:S27:T31,DEAP:S27,T31,1,5.08,1,1,4,4,unexposed,stimulus_relative,validation_familiar,1.0,0.08269047378196348,0.9173095262180365
DEAP:S27:T34,DEAP:S27,T34,0,2.85,1,1,4,4,unexposed,stimulus_relative,validation_familiar,1.0,0.15773652544013006,0.8422634745598699
DEAP:S27:T36,DEAP:S27,T36,1,6.13,1,1,4,4,unexposed,stimulus_relative,validation_familiar,1.0,0.11280340771784947,0.8871965922821505
DEAP:S27:T39,DEAP:S27,T39,0,2.14,1,1,4,4,unexposed,stimulus_relative,validation_familiar,1.0,0.11153140801778716,0.8884685919822128
DEAP:S27:T40,DEAP:S27,T40,1,5.04,1,1,4,4,unexposed,stimulus_relative,validation_familiar,1.0,0.4617364479957734,0.5382635520042266
DEAP:S29:T03,DEAP:S29,T03,1,9.0,1,1,4,4,unexposed,stimulus_relative,validation_familiar,1.0,0.21828389819444372,0.7817161018055563
DEAP:S29:T04,DEAP:S29,T04,1,7.17,1,1,4,4,unexposed,stimulus_relative,validation_familiar,1.0,0.7986034113818794,0.20139658861812065
DEAP:S29:T06,DEAP:S29,T06,1,8.03,1,1,4,4,unexposed,stimulus_relative,validation_familiar,1.0,0.43520414363987925,0.5647958563601208
DEAP:S29:T07,DEAP:S29,T07,1,7.04,1,1,4,4,unexposed,stimulus_relative,validation_familiar,1.0,0.7920840131604296,0.2079159868395704
DEAP:S29:T09,DEAP:S29,T09,1,7.06,1,1,4,4,unexposed,stimulus_relative,validation_familiar,1.0,0.7799946612299178,0.22000533877008224
DEAP:S29:T11,DEAP:S29,T11,1,8.03,1,1,4,4,unexposed,stimulus_relative,validation_familiar,1.0,0.26239737967782584,0.7376026203221742
DEAP:S29:T13,DEAP:S29,T13,1,6.06,1,1,4,4,unexposed,stimulus_relative,validation_familiar,1.0,0.060428757857784565,0.9395712421422154
DEAP:S29:T16,DEAP:S29,T16,0,3.0,1,1,4,4,unexposed,stimulus_relative,validation_familiar,1.0,0.6560771075089737,0.34392289249102626
DEAP:S29:T18,DEAP:S29,T18,1,7.01,1,1,4,4,unexposed,stimulus_relative,validation_familiar,1.0,0.43221617335876983,0.5677838266412302
DEAP:S29:T22,DEAP:S29,T22,0,3.05,1,1,4,4,unexposed,stimulus_relative,validation_familiar,1.0,0.24207487212357137,0.7579251278764286
DEAP:S29:T24,DEAP:S29,T24,0,4.12,1,1,4,4,unexposed,stimulus_relative,validation_familiar,1.0,0.27629830110091225,0.7237016988990878
DEAP:S29:T31,DEAP:S29,T31,0,1.0,1,1,4,4,unexposed,stimulus_relative,validation_familiar,1.0,0.19002003257301536,0.8099799674269846
DEAP:S29:T34,DEAP:S29,T34,0,3.95,1,1,4,4,unexposed,stimulus_relative,validation_familiar,1.0,0.8766017683044538,0.12339823169554623
DEAP:S29:T36,DEAP:S29,T36,1,5.03,1,1,4,4,unexposed,stimulus_relative,validation_familiar,1.0,0.8532791000706936,0.1467208999293064
DEAP:S29:T39,DEAP:S29,T39,1,6.05,1,1,4,4,unexposed,stimulus_relative,validation_familiar,1.0,0.518633465789152,0.481366534210848
DEAP:S29:T40,DEAP:S29,T40,1,6.01,1,1,4,4,unexposed,stimulus_relative,validation_familiar,1.0,0.965204581465082,0.03479541853491799
DEAP:S01:T03,DEAP:S01,T03,1,8.58,1,1,4,4,unexposed,stimulus_relative,train,10.0,0.8471299681030036,0.15287003189699647
DEAP:S01:T04,DEAP:S01,T04,0,4.94,1,1,4,4,unexposed,stimulus_relative,train,10.0,0.7807973012219633,0.21920269877803672
DEAP:S01:T06,DEAP:S01,T06,1,8.27,1,1,4,4,unexposed,stimulus_relative,train,10.0,0.319475598907789,0.680524401092211
DEAP:S01:T07,DEAP:S01,T07,1,7.44,1,1,4,4,unexposed,stimulus_relative,train,10.0,0.3002198367188007,0.6997801632811993
DEAP:S01:T09,DEAP:S01,T09,0,4.04,1,1,4,4,unexposed,stimulus_relative,train,10.0,0.6027875541586223,0.3972124458413777
DEAP:S01:T11,DEAP:S01,T11,0,2.99,1,1,4,4,unexposed,stimulus_relative,train,10.0,0.7300090943835217,0.2699909056164783
DEAP:S01:T13,DEAP:S01,T13,0,1.95,1,1,4,4,unexposed,stimulus_relative,train,10.0,0.7289189909541568,0.2710810090458432
DEAP:S01:T16,DEAP:S01,T16,1,6.81,1,1,4,4,unexposed,stimulus_relative,train,10.0,0.287000817900815,0.712999182099185
DEAP:S01:T18,DEAP:S01,T18,1,7.23,1,1,4,4,unexposed,stimulus_relative,train,10.0,0.19499170053912973,0.8050082994608703
DEAP:S01:T22,DEAP:S01,T22,1,7.09,1,1,4,4,unexposed,stimulus_relative,train,10.0,0.3335723422403255,0.6664276577596745
DEAP:S01:T24,DEAP:S01,T24,1,7.04,1,1,4,4,unexposed,stimulus_relative,train,10.0,0.22122087035288884,0.7787791296471112
DEAP:S01:T31,DEAP:S01,T31,0,3.03,1,1,4,4,unexposed,stimulus_relative,train,10.0,0.5184263790641686,0.4815736209358314
DEAP:S01:T34,DEAP:S01,T34,0,2.28,1,1,4,4,unexposed,stimulus_relative,train,10.0,0.6788035184161824,0.32119648158381764
DEAP:S01:T36,DEAP:S01,T36,0,2.9,1,1,4,4,unexposed,stimulus_relative,train,10.0,0.8798338760048017,0.12016612399519834
DEAP:S01:T40,DEAP:S01,T40,1,5.1,1,1,4,4,unexposed,stimulus_relative,train,10.0,0.5042203151996163,0.49577968480038376
DEAP:S02:T03,DEAP:S02,T03,1,9.0,1,1,4,4,unexposed,stimulus_relative,train,10.0,0.5160905356629066,0.4839094643370934
DEAP:S02:T04,DEAP:S02,T04,1,6.05,1,1,4,4,unexposed,stimulus_relative,train,10.0,0.1655639917268783,0.8344360082731217
DEAP:S02:T07,DEAP:S02,T07,0,4.96,1,1,4,4,unexposed,stimulus_relative,train,10.0,0.9479132467017289,0.052086753298271046
DEAP:S02:T09,DEAP:S02,T09,1,9.0,1,1,4,4,unexposed,stimulus_relative,train,10.0,0.29717604344835047,0.7028239565516495
DEAP:S02:T11,DEAP:S02,T11,1,7.08,1,1,4,4,unexposed,stimulus_relative,train,10.0,0.17923056571325313,0.8207694342867469
DEAP:S02:T16,DEAP:S02,T16,1,6.0,1,1,4,4,unexposed,stimulus_relative,train,10.0,0.21645903054786453,0.7835409694521355
DEAP:S02:T18,DEAP:S02,T18,1,9.0,1,1,4,4,unexposed,stimulus_relative,train,10.0,0.03942074040225285,0.9605792595977471
DEAP:S02:T24,DEAP:S02,T24,1,7.08,1,1,4,4,unexposed,stimulus_relative,train,10.0,0.7288208038900329,0.2711791961099671
DEAP:S02:T31,DEAP:S02,T31,0,4.06,1,1,4,4,unexposed,stimulus_relative,train,10.0,0.3939533888495046,0.6060466111504954
DEAP:S02:T34,DEAP:S02,T34,0,4.87,1,1,4,4,unexposed,stimulus_relative,train,10.0,0.2850262881470056,0.7149737118529944
DEAP:S02:T36,DEAP:S02,T36,1,5.04,1,1,4,4,unexposed,stimulus_relative,train,10.0,0.19690708633784515,0.8030929136621549
DEAP:S02:T39,DEAP:S02,T39,0,1.0,1,1,4,4,unexposed,stimulus_relative,train,10.0,0.3585606945865344,0.6414393054134656
DEAP:S02:T40,DEAP:S02,T40,1,6.05,1,1,4,4,unexposed,stimulus_relative,train,10.0,0.09861852134491489,0.9013814786550851
DEAP:S03:T03,DEAP:S03,T03,1,7.55,1,1,4,4,unexposed,stimulus_relative,train,10.0,0.7046506245207578,0.29534937547924217
DEAP:S03:T04,DEAP:S03,T04,0,4.69,1,1,4,4,unexposed,stimulus_relative,train,10.0,0.310621915846122,0.689378084153878
DEAP:S03:T06,DEAP:S03,T06,1,6.79,1,1,4,4,unexposed,stimulus_relative,train,10.0,0.09288198199025799,0.907118018009742
DEAP:S03:T09,DEAP:S03,T09,1,7.33,1,1,4,4,unexposed,stimulus_relative,train,10.0,0.0947813242681611,0.9052186757318389
DEAP:S03:T11,DEAP:S03,T11,1,7.94,1,1,4,4,unexposed,stimulus_relative,train,10.0,0.1295150097045089,0.8704849902954911
DEAP:S03:T13,DEAP:S03,T13,1,7.91,1,1,4,4,unexposed,stimulus_relative,train,10.0,0.3054523045126577,0.6945476954873423
DEAP:S03:T16,DEAP:S03,T16,1,7.15,1,1,4,4,unexposed,stimulus_relative,train,10.0,0.31602920836595616,0.6839707916340438
DEAP:S03:T22,DEAP:S03,T22,0,4.94,1,1,4,4,unexposed,stimulus_relative,train,10.0,0.5556398233758029,0.4443601766241972
DEAP:S03:T24,DEAP:S03,T24,0,3.31,1,1,4,4,unexposed,stimulus_relative,train,10.0,0.5770676357397589,0.42293236426024106
DEAP:S03:T31,DEAP:S03,T31,0,4.44,1,1,4,4,unexposed,stimulus_relative,train,10.0,0.7270782679916243,0.27292173200837566
DEAP:S03:T34,DEAP:S03,T34,0,4.72,1,1,4,4,unexposed,stimulus_relative,train,10.0,0.7772097738018324,0.22279022619816755
DEAP:S03:T36,DEAP:S03,T36,1,5.01,1,1,4,4,unexposed,stimulus_relative,train,10.0,0.05681705916604085,0.9431829408339591
DEAP:S03:T39,DEAP:S03,T39,0,4.33,1,1,4,4,unexposed,stimulus_relative,train,10.0,0.6895508711729894,0.31044912882701065
DEAP:S03:T40,DEAP:S03,T40,1,5.38,1,1,4,4,unexposed,stimulus_relative,train,10.0,0.617690672313085,0.382309327686915
DEAP:S04:T03,DEAP:S04,T03,1,8.95,1,1,4,4,unexposed,stimulus_relative,train,10.0,0.18642245385055678,0.8135775461494432
DEAP:S04:T04,DEAP:S04,T04,1,6.1,1,1,4,4,unexposed,stimulus_relative,train,10.0,0.7214314487777789,0.27856855122222113
DEAP:S04:T06,DEAP:S04,T06,1,5.01,1,1,4,4,unexposed,stimulus_relative,train,10.0,0.19936479622905512,0.8006352037709449
DEAP:S04:T07,DEAP:S04,T07,0,2.94,1,1,4,4,unexposed,stimulus_relative,train,10.0,0.36191987760968636,0.6380801223903136
DEAP:S04:T09,DEAP:S04,T09,1,6.05,1,1,4,4,unexposed,stimulus_relative,train,10.0,0.6083430132182637,0.3916569867817363
DEAP:S04:T11,DEAP:S04,T11,1,7.24,1,1,4,4,unexposed,stimulus_relative,train,10.0,0.7958523757970033,0.20414762420299676
DEAP:S04:T16,DEAP:S04,T16,0,2.51,1,1,4,4,unexposed,stimulus_relative,train,10.0,0.9235382121788265,0.07646178782117348
DEAP:S04:T18,DEAP:S04,T18,0,4.9,1,1,4,4,unexposed,stimulus_relative,train,10.0,0.8709972339306065,0.12900276606939357
DEAP:S04:T24,DEAP:S04,T24,0,2.71,1,1,4,4,unexposed,stimulus_relative,train,10.0,0.8477715666249417,0.15222843337505834
DEAP:S04:T34,DEAP:S04,T34,0,2.17,1,1,4,4,unexposed,stimulus_relative,train,10.0,0.6310887076848071,0.368911292315193
DEAP:S04:T36,DEAP:S04,T36,0,2.72,1,1,4,4,unexposed,stimulus_relative,train,10.0,0.9787194078340542,0.021280592165945814
DEAP:S04:T39,DEAP:S04,T39,0,1.92,1,1,4,4,unexposed,stimulus_relative,train,10.0,0.67963121492549,0.32036878507451005
DEAP:S04:T40,DEAP:S04,T40,0,1.86,1,1,4,4,unexposed,stimulus_relative,train,10.0,0.7431679795070046,0.25683202049299536
DEAP:S05:T03,DEAP:S05,T03,0,4.95,1,1,4,4,unexposed,stimulus_relative,train,10.0,0.5844044889581745,0.4155955110418254
DEAP:S05:T04,DEAP:S05,T04,1,8.24,1,1,4,4,unexposed,stimulus_relative,train,10.0,0.18349369657740733,0.8165063034225927
DEAP:S05:T06,DEAP:S05,T06,1,8.09,1,1,4,4,unexposed,stimulus_relative,train,10.0,0.35724282642636696,0.642757173573633
DEAP:S05:T07,DEAP:S05,T07,1,5.12,1,1,4,4,unexposed,stimulus_relative,train,10.0,0.13758165211887197,0.862418347881128
DEAP:S05:T09,DEAP:S05,T09,1,6.94,1,1,4,4,unexposed,stimulus_relative,train,10.0,0.17626298177021837,0.8237370182297816
DEAP:S05:T11,DEAP:S05,T11,1,9.0,1,1,4,4,unexposed,stimulus_relative,train,10.0,0.007063653167713402,0.9929363468322866
DEAP:S05:T13,DEAP:S05,T13,0,4.94,1,1,4,4,unexposed,stimulus_relative,train,10.0,0.2832765024664522,0.7167234975335478
DEAP:S05:T16,DEAP:S05,T16,1,5.96,1,1,4,4,unexposed,stimulus_relative,train,10.0,0.19977405470191167,0.8002259452980883
DEAP:S05:T18,DEAP:S05,T18,1,8.05,1,1,4,4,unexposed,stimulus_relative,train,10.0,0.16584991501841062,0.8341500849815894
DEAP:S05:T22,DEAP:S05,T22,1,6.99,1,1,4,4,unexposed,stimulus_relative,train,10.0,0.5433915103004185,0.45660848969958145
DEAP:S05:T24,DEAP:S05,T24,0,4.0,1,1,4,4,unexposed,stimulus_relative,train,10.0,0.8326920116879202,0.16730798831207988
DEAP:S05:T31,DEAP:S05,T31,1,6.9,1,1,4,4,unexposed,stimulus_relative,train,10.0,0.03894670348422202,0.961053296515778
DEAP:S05:T34,DEAP:S05,T34,1,6.03,1,1,4,4,unexposed,stimulus_relative,train,10.0,0.09889800216536371,0.9011019978346363
DEAP:S05:T39,DEAP:S05,T39,0,1.0,1,1,4,4,unexposed,stimulus_relative,train,10.0,0.7602529463888832,0.23974705361111676
DEAP:S05:T40,DEAP:S05,T40,1,7.0,1,1,4,4,unexposed,stimulus_relative,train,10.0,0.1092788802927196,0.8907211197072804
DEAP:S06:T03,DEAP:S06,T03,1,7.69,1,1,4,4,unexposed,stimulus_relative,train,10.0,0.1237360460804865,0.8762639539195135
DEAP:S06:T04,DEAP:S06,T04,1,7.55,1,1,4,4,unexposed,stimulus_relative,train,10.0,0.25929445069238966,0.7407055493076103
DEAP:S06:T07,DEAP:S06,T07,1,8.26,1,1,4,4,unexposed,stimulus_relative,train,10.0,0.3128776465463332,0.6871223534536668
DEAP:S06:T09,DEAP:S06,T09,1,7.87,1,1,4,4,unexposed,stimulus_relative,train,10.0,0.7203800711855997,0.2796199288144003
DEAP:S06:T11,DEAP:S06,T11,0,4.99,1,1,4,4,unexposed,stimulus_relative,train,10.0,0.5096916014706295,0.49030839852937047
DEAP:S06:T13,DEAP:S06,T13,1,7.79,1,1,4,4,unexposed,stimulus_relative,train,10.0,0.021018928514204838,0.9789810714857952
DEAP:S06:T16,DEAP:S06,T16,1,5.06,1,1,4,4,unexposed,stimulus_relative,train,10.0,0.2402837938044402,0.7597162061955598
DEAP:S06:T18,DEAP:S06,T18,1,7.59,1,1,4,4,unexposed,stimulus_relative,train,10.0,0.16720622304800936,0.8327937769519906
DEAP:S06:T22,DEAP:S06,T22,1,7.56,1,1,4,4,unexposed,stimulus_relative,train,10.0,0.3539274969368863,0.6460725030631137
DEAP:S06:T24,DEAP:S06,T24,0,3.5,1,1,4,4,unexposed,stimulus_relative,train,10.0,0.6334287347215729,0.3665712652784271
DEAP:S06:T31,DEAP:S06,T31,0,3.65,1,1,4,4,unexposed,stimulus_relative,train,10.0,0.7569730155512057,0.2430269844487943
DEAP:S06:T34,DEAP:S06,T34,0,3.31,1,1,4,4,unexposed,stimulus_relative,train,10.0,0.14959772465486065,0.8504022753451393
DEAP:S06:T36,DEAP:S06,T36,1,5.71,1,1,4,4,unexposed,stimulus_relative,train,10.0,0.12981244146269744,0.8701875585373026
DEAP:S06:T39,DEAP:S06,T39,1,6.56,1,1,4,4,unexposed,stimulus_relative,train,10.0,0.5612008054160558,0.43879919458394423
DEAP:S06:T40,DEAP:S06,T40,0,4.85,1,1,4,4,unexposed,stimulus_relative,train,10.0,0.5472783350461385,0.4527216649538615
DEAP:S07:T03,DEAP:S07,T03,1,7.1,1,1,4,4,unexposed,stimulus_relative,train,10.0,0.05326595363163433,0.9467340463683657
DEAP:S07:T06,DEAP:S07,T06,1,6.97,1,1,4,4,unexposed,stimulus_relative,train,10.0,0.2665400556172983,0.7334599443827017
DEAP:S07:T07,DEAP:S07,T07,1,7.08,1,1,4,4,unexposed,stimulus_relative,train,10.0,0.15844083288391742,0.8415591671160826
DEAP:S07:T09,DEAP:S07,T09,1,6.99,1,1,4,4,unexposed,stimulus_relative,train,10.0,0.40400299847686727,0.5959970015231327
DEAP:S07:T13,DEAP:S07,T13,1,8.0,1,1,4,4,unexposed,stimulus_relative,train,10.0,0.30732003886445103,0.692679961135549
DEAP:S07:T16,DEAP:S07,T16,0,3.03,1,1,4,4,unexposed,stimulus_relative,train,10.0,0.8980775767459966,0.10192242325400333
DEAP:S07:T18,DEAP:S07,T18,1,7.03,1,1,4,4,unexposed,stimulus_relative,train,10.0,0.3237485225519896,0.6762514774480104
DEAP:S07:T22,DEAP:S07,T22,0,3.05,1,1,4,4,unexposed,stimulus_relative,train,10.0,0.6429080722174406,0.3570919277825594
DEAP:S07:T24,DEAP:S07,T24,0,1.97,1,1,4,4,unexposed,stimulus_relative,train,10.0,0.3938200697407409,0.6061799302592591
DEAP:S07:T31,DEAP:S07,T31,1,6.96,1,1,4,4,unexposed,stimulus_relative,train,10.0,0.47947448906252177,0.5205255109374782
DEAP:S07:T34,DEAP:S07,T34,0,4.01,1,1,4,4,unexposed,stimulus_relative,train,10.0,0.43561172772090895,0.564388272279091
DEAP:S07:T36,DEAP:S07,T36,1,8.1,1,1,4,4,unexposed,stimulus_relative,train,10.0,0.09138504913784984,0.9086149508621502
DEAP:S07:T39,DEAP:S07,T39,1,7.01,1,1,4,4,unexposed,stimulus_relative,train,10.0,0.08297808615880897,0.917021913841191
DEAP:S07:T40,DEAP:S07,T40,1,7.01,1,1,4,4,unexposed,stimulus_relative,train,10.0,0.09713985865538044,0.9028601413446196
DEAP:S08:T03,DEAP:S08,T03,1,8.15,1,1,4,4,unexposed,stimulus_relative,train,10.0,0.04872098051963625,0.9512790194803638
DEAP:S08:T06,DEAP:S08,T06,1,7.4,1,1,4,4,unexposed,stimulus_relative,train,10.0,0.05379998613198156,0.9462000138680184
DEAP:S08:T07,DEAP:S08,T07,1,5.04,1,1,4,4,unexposed,stimulus_relative,train,10.0,0.47277963899625397,0.527220361003746
DEAP:S08:T09,DEAP:S08,T09,1,8.78,1,1,4,4,unexposed,stimulus_relative,train,10.0,0.08861867068670459,0.9113813293132954
DEAP:S08:T11,DEAP:S08,T11,1,8.41,1,1,4,4,unexposed,stimulus_relative,train,10.0,0.06256641217098768,0.9374335878290123
DEAP:S08:T13,DEAP:S08,T13,1,7.9,1,1,4,4,unexposed,stimulus_relative,train,10.0,0.08277874609428137,0.9172212539057186
DEAP:S08:T16,DEAP:S08,T16,0,4.21,1,1,4,4,unexposed,stimulus_relative,train,10.0,0.7669653118469728,0.23303468815302725
DEAP:S08:T18,DEAP:S08,T18,1,7.21,1,1,4,4,unexposed,stimulus_relative,train,10.0,0.36807023252568316,0.6319297674743168
DEAP:S08:T22,DEAP:S08,T22,0,4.23,1,1,4,4,unexposed,stimulus_relative,train,10.0,0.9526977055894966,0.04730229441050342
DEAP:S08:T24,DEAP:S08,T24,0,4.15,1,1,4,4,unexposed,stimulus_relative,train,10.0,0.6699385487302113,0.3300614512697887
DEAP:S08:T31,DEAP:S08,T31,0,1.45,1,1,4,4,unexposed,stimulus_relative,train,10.0,0.7017970677989587,0.2982029322010413
DEAP:S08:T34,DEAP:S08,T34,1,5.05,1,1,4,4,unexposed,stimulus_relative,train,10.0,0.10498445413306934,0.8950155458669307
DEAP:S08:T36,DEAP:S08,T36,0,1.21,1,1,4,4,unexposed,stimulus_relative,train,10.0,0.9894421261128228,0.010557873887177228
DEAP:S08:T40,DEAP:S08,T40,0,3.13,1,1,4,4,unexposed,stimulus_relative,train,10.0,0.9787730678843136,0.02122693211568643
DEAP:S09:T03,DEAP:S09,T03,1,7.08,1,1,4,4,unexposed,stimulus_relative,train,10.0,0.5517018317898117,0.4482981682101883
DEAP:S09:T04,DEAP:S09,T04,1,5.99,1,1,4,4,unexposed,stimulus_relative,train,10.0,0.3702257604322958,0.6297742395677042
DEAP:S09:T06,DEAP:S09,T06,1,7.04,1,1,4,4,unexposed,stimulus_relative,train,10.0,0.22496328264481502,0.775036717355185
DEAP:S09:T07,DEAP:S09,T07,1,5.08,1,1,4,4,unexposed,stimulus_relative,train,10.0,0.08592848156019872,0.9140715184398013
DEAP:S09:T09,DEAP:S09,T09,1,5.96,1,1,4,4,unexposed,stimulus_relative,train,10.0,0.07029946839839485,0.9297005316016052
DEAP:S09:T11,DEAP:S09,T11,1,7.12,1,1,4,4,unexposed,stimulus_relative,train,10.0,0.40812772030071187,0.5918722796992881
DEAP:S09:T13,DEAP:S09,T13,1,8.15,1,1,4,4,unexposed,stimulus_relative,train,10.0,0.7028959385301483,0.29710406146985163
DEAP:S09:T16,DEAP:S09,T16,0,4.05,1,1,4,4,unexposed,stimulus_relative,train,10.0,0.5949382097635263,0.40506179023647365
DEAP:S09:T22,DEAP:S09,T22,0,3.99,1,1,4,4,unexposed,stimulus_relative,train,10.0,0.03617664568726331,0.9638233543127367
DEAP:S09:T24,DEAP:S09,T24,0,4.03,1,1,4,4,unexposed,stimulus_relative,train,10.0,0.38008346342734556,0.6199165365726544
DEAP:S09:T31,DEAP:S09,T31,1,6.06,1,1,4,4,unexposed,stimulus_relative,train,10.0,0.6440093696499322,0.35599063035006784
DEAP:S09:T34,DEAP:S09,T34,1,5.06,1,1,4,4,unexposed,stimulus_relative,train,10.0,0.15837435101946074,0.8416256489805393
DEAP:S09:T36,DEAP:S09,T36,0,3.08,1,1,4,4,unexposed,stimulus_relative,train,10.0,0.8910156026159031,0.10898439738409689
DEAP:S09:T39,DEAP:S09,T39,0,3.17,1,1,4,4,unexposed,stimulus_relative,train,10.0,0.7738210843581635,0.22617891564183643
DEAP:S09:T40,DEAP:S09,T40,1,5.04,1,1,4,4,unexposed,stimulus_relative,train,10.0,0.5330793135271205,0.46692068647287954
DEAP:S10:T03,DEAP:S10,T03,1,5.86,1,1,4,4,unexposed,stimulus_relative,train,10.0,0.66435927329676,0.33564072670323997
DEAP:S10:T04,DEAP:S10,T04,1,7.01,1,1,4,4,unexposed,stimulus_relative,train,10.0,0.1295458007315905,0.8704541992684095
DEAP:S10:T06,DEAP:S10,T06,1,7.1,1,1,4,4,unexposed,stimulus_relative,train,10.0,0.06840067871124922,0.9315993212887508
DEAP:S10:T07,DEAP:S10,T07,1,8.96,1,1,4,4,unexposed,stimulus_relative,train,10.0,0.01676457389081787,0.9832354261091821
DEAP:S10:T11,DEAP:S10,T11,1,8.99,1,1,4,4,unexposed,stimulus_relative,train,10.0,0.2522127892568399,0.7477872107431601
DEAP:S10:T16,DEAP:S10,T16,0,3.85,1,1,4,4,unexposed,stimulus_relative,train,10.0,0.8705252370408333,0.12947476295916674
DEAP:S10:T22,DEAP:S10,T22,0,4.24,1,1,4,4,unexposed,stimulus_relative,train,10.0,0.9553563005283334,0.04464369947166652
DEAP:S10:T24,DEAP:S10,T24,1,6.82,1,1,4,4,unexposed,stimulus_relative,train,10.0,0.07369552515899891,0.9263044748410011
DEAP:S10:T31,DEAP:S10,T31,0,4.15,1,1,4,4,unexposed,stimulus_relative,train,10.0,0.7184002958036619,0.28159970419633806
DEAP:S10:T34,DEAP:S10,T34,0,3.91,1,1,4,4,unexposed,stimulus_relative,train,10.0,0.4520844541329829,0.5479155458670171
DEAP:S10:T36,DEAP:S10,T36,0,2.17,1,1,4,4,unexposed,stimulus_relative,train,10.0,0.949409495996041,0.05059050400395908
DEAP:S10:T39,DEAP:S10,T39,0,2.17,1,1,4,4,unexposed,stimulus_relative,train,10.0,0.9557342841947257,0.0442657158052743
DEAP:S10:T40,DEAP:S10,T40,1,5.78,1,1,4,4,unexposed,stimulus_relative,train,10.0,0.6199493144714561,0.3800506855285439
DEAP:S13:T03,DEAP:S13,T03,1,9.0,1,1,4,4,unexposed,stimulus_relative,train,10.0,0.40117075914088207,0.5988292408591179
DEAP:S13:T04,DEAP:S13,T04,1,7.08,1,1,4,4,unexposed,stimulus_relative,train,10.0,0.05207761903499031,0.9479223809650097
DEAP:S13:T06,DEAP:S13,T06,0,4.46,1,1,4,4,unexposed,stimulus_relative,train,10.0,0.5353606786572012,0.4646393213427988
DEAP:S13:T07,DEAP:S13,T07,0,2.99,1,1,4,4,unexposed,stimulus_relative,train,10.0,0.9295515583119345,0.07044844168806555
DEAP:S13:T09,DEAP:S13,T09,1,7.06,1,1,4,4,unexposed,stimulus_relative,train,10.0,0.007216022414667123,0.9927839775853329
DEAP:S13:T11,DEAP:S13,T11,1,7.04,1,1,4,4,unexposed,stimulus_relative,train,10.0,0.06552136901439565,0.9344786309856044
DEAP:S13:T13,DEAP:S13,T13,1,9.0,1,1,4,4,unexposed,stimulus_relative,train,10.0,0.19627028076834563,0.8037297192316544
DEAP:S13:T18,DEAP:S13,T18,1,7.94,1,1,4,4,unexposed,stimulus_relative,train,10.0,0.22870488034236247,0.7712951196576375
DEAP:S13:T22,DEAP:S13,T22,0,4.01,1,1,4,4,unexposed,stimulus_relative,train,10.0,0.9958528991316601,0.004147100868339942
DEAP:S13:T24,DEAP:S13,T24,0,2.97,1,1,4,4,unexposed,stimulus_relative,train,10.0,0.9940911005150337,0.005908899484966259
DEAP:S13:T31,DEAP:S13,T31,0,1.97,1,1,4,4,unexposed,stimulus_relative,train,10.0,0.973518520779328,0.02648147922067197
DEAP:S13:T34,DEAP:S13,T34,0,2.92,1,1,4,4,unexposed,stimulus_relative,train,10.0,0.796744240392988,0.203255759607012
DEAP:S13:T36,DEAP:S13,T36,0,2.54,1,1,4,4,unexposed,stimulus_relative,train,10.0,0.977982834656492,0.02201716534350795
DEAP:S13:T39,DEAP:S13,T39,0,1.97,1,1,4,4,unexposed,stimulus_relative,train,10.0,0.9727015623209597,0.027298437679040267
DEAP:S13:T40,DEAP:S13,T40,0,4.08,1,1,4,4,unexposed,stimulus_relative,train,10.0,0.9946810523045624,0.005318947695437629
DEAP:S15:T03,DEAP:S15,T03,1,8.04,1,1,4,4,unexposed,stimulus_relative,train,10.0,0.8426540800274587,0.15734591997254138
DEAP:S15:T04,DEAP:S15,T04,1,8.04,1,1,4,4,unexposed,stimulus_relative,train,10.0,0.2395565150045047,0.7604434849954953
DEAP:S15:T06,DEAP:S15,T06,1,9.0,1,1,4,4,unexposed,stimulus_relative,train,10.0,0.033310928905496695,0.9666890710945033
DEAP:S15:T09,DEAP:S15,T09,1,9.0,1,1,4,4,unexposed,stimulus_relative,train,10.0,0.147730509824058,0.852269490175942
DEAP:S15:T11,DEAP:S15,T11,1,8.99,1,1,4,4,unexposed,stimulus_relative,train,10.0,0.39484469244894815,0.6051553075510518
DEAP:S15:T13,DEAP:S15,T13,1,7.06,1,1,4,4,unexposed,stimulus_relative,train,10.0,0.12220580163443084,0.8777941983655692
DEAP:S15:T16,DEAP:S15,T16,0,4.17,1,1,4,4,unexposed,stimulus_relative,train,10.0,0.9488122006559292,0.05118779934407086
DEAP:S15:T18,DEAP:S15,T18,1,7.04,1,1,4,4,unexposed,stimulus_relative,train,10.0,0.35485704427041986,0.6451429557295801
DEAP:S15:T22,DEAP:S15,T22,0,4.12,1,1,4,4,unexposed,stimulus_relative,train,10.0,0.7774690408188045,0.22253095918119542
DEAP:S15:T24,DEAP:S15,T24,0,1.92,1,1,4,4,unexposed,stimulus_relative,train,10.0,0.9020794705473356,0.09792052945266438
DEAP:S15:T31,DEAP:S15,T31,0,2.99,1,1,4,4,unexposed,stimulus_relative,train,10.0,0.747013980231313,0.25298601976868695
DEAP:S15:T34,DEAP:S15,T34,0,3.01,1,1,4,4,unexposed,stimulus_relative,train,10.0,0.5744904219048003,0.42550957809519974
DEAP:S15:T36,DEAP:S15,T36,0,3.96,1,1,4,4,unexposed,stimulus_relative,train,10.0,0.520534157203888,0.47946584279611204
DEAP:S15:T39,DEAP:S15,T39,0,4.0,1,1,4,4,unexposed,stimulus_relative,train,10.0,0.8512029134038934,0.14879708659610658
DEAP:S15:T40,DEAP:S15,T40,0,4.01,1,1,4,4,unexposed,stimulus_relative,train,10.0,0.7819411355132992,0.2180588644867007
DEAP:S16:T03,DEAP:S16,T03,1,6.74,1,1,4,4,unexposed,stimulus_relative,train,10.0,0.1108816378719244,0.8891183621280756
DEAP:S16:T06,DEAP:S16,T06,0,4.99,1,1,4,4,unexposed,stimulus_relative,train,10.0,0.790211084276188,0.20978891572381192
DEAP:S16:T09,DEAP:S16,T09,0,4.18,1,1,4,4,unexposed,stimulus_relative,train,10.0,0.6965573032112566,0.3034426967887433
DEAP:S16:T11,DEAP:S16,T11,1,7.27,1,1,4,4,unexposed,stimulus_relative,train,10.0,0.6223201579718637,0.3776798420281363
DEAP:S16:T13,DEAP:S16,T13,0,3.88,1,1,4,4,unexposed,stimulus_relative,train,10.0,0.9249860106868344,0.07501398931316561
DEAP:S16:T16,DEAP:S16,T16,0,4.97,1,1,4,4,unexposed,stimulus_relative,train,10.0,0.3984953378390086,0.6015046621609914
DEAP:S16:T18,DEAP:S16,T18,1,6.56,1,1,4,4,unexposed,stimulus_relative,train,10.0,0.5043815263083957,0.4956184736916042
DEAP:S16:T24,DEAP:S16,T24,0,2.51,1,1,4,4,unexposed,stimulus_relative,train,10.0,0.96194042037832,0.038059579621679995
DEAP:S16:T31,DEAP:S16,T31,0,3.88,1,1,4,4,unexposed,stimulus_relative,train,10.0,0.7719636392410095,0.2280363607589905
DEAP:S16:T34,DEAP:S16,T34,0,1.0,1,1,4,4,unexposed,stimulus_relative,train,10.0,0.9474350140661313,0.0525649859338687
DEAP:S16:T39,DEAP:S16,T39,1,6.13,1,1,4,4,unexposed,stimulus_relative,train,10.0,0.6216428901260336,0.3783571098739665
DEAP:S16:T40,DEAP:S16,T40,0,3.74,1,1,4,4,unexposed,stimulus_relative,train,10.0,0.6958352336144542,0.30416476638554574
DEAP:S17:T03,DEAP:S17,T03,1,6.46,1,1,4,4,unexposed,stimulus_relative,train,10.0,0.4117503933617922,0.5882496066382078
DEAP:S17:T04,DEAP:S17,T04,1,6.35,1,1,4,4,unexposed,stimulus_relative,train,10.0,0.20528313383952246,0.7947168661604775
DEAP:S17:T06,DEAP:S17,T06,1,6.9,1,1,4,4,unexposed,stimulus_relative,train,10.0,0.014483435838256509,0.9855165641617435
DEAP:S17:T07,DEAP:S17,T07,1,7.08,1,1,4,4,unexposed,stimulus_relative,train,10.0,0.03840319777103496,0.961596802228965
DEAP:S17:T09,DEAP:S17,T09,1,6.04,1,1,4,4,unexposed,stimulus_relative,train,10.0,0.06034952507192948,0.9396504749280705
DEAP:S17:T11,DEAP:S17,T11,1,6.03,1,1,4,4,unexposed,stimulus_relative,train,10.0,0.1755526665012892,0.8244473334987108
DEAP:S17:T13,DEAP:S17,T13,0,4.54,1,1,4,4,unexposed,stimulus_relative,train,10.0,0.5840807636484197,0.41591923635158035
DEAP:S17:T18,DEAP:S17,T18,1,6.22,1,1,4,4,unexposed,stimulus_relative,train,10.0,0.6468358100058557,0.35316418999414434
DEAP:S17:T22,DEAP:S17,T22,0,3.19,1,1,4,4,unexposed,stimulus_relative,train,10.0,0.9372209709778114,0.0627790290221886
DEAP:S17:T24,DEAP:S17,T24,0,4.53,1,1,4,4,unexposed,stimulus_relative,train,10.0,0.86722556419317,0.13277443580683004
DEAP:S17:T31,DEAP:S17,T31,0,4.54,1,1,4,4,unexposed,stimulus_relative,train,10.0,0.6733676309032487,0.3266323690967513
DEAP:S17:T34,DEAP:S17,T34,0,4.99,1,1,4,4,unexposed,stimulus_relative,train,10.0,0.7900243240993164,0.20997567590068356
DEAP:S17:T36,DEAP:S17,T36,0,3.37,1,1,4,4,unexposed,stimulus_relative,train,10.0,0.7027475907715862,0.2972524092284138
DEAP:S17:T39,DEAP:S17,T39,1,7.1,1,1,4,4,unexposed,stimulus_relative,train,10.0,0.0128833683311258,0.9871166316688742
DEAP:S17:T40,DEAP:S17,T40,1,5.04,1,1,4,4,unexposed,stimulus_relative,train,10.0,0.013417541950340506,0.9865824580496595
DEAP:S19:T03,DEAP:S19,T03,1,6.82,1,1,4,4,unexposed,stimulus_relative,train,10.0,0.25974853992495195,0.740251460075048
DEAP:S19:T07,DEAP:S19,T07,1,6.64,1,1,4,4,unexposed,stimulus_relative,train,10.0,0.3516388991293544,0.6483611008706456
DEAP:S19:T09,DEAP:S19,T09,1,7.09,1,1,4,4,unexposed,stimulus_relative,train,10.0,0.5484816403793666,0.4515183596206334
DEAP:S19:T13,DEAP:S19,T13,1,7.53,1,1,4,4,unexposed,stimulus_relative,train,10.0,0.23472183383145995,0.76527816616854
DEAP:S19:T16,DEAP:S19,T16,0,3.24,1,1,4,4,unexposed,stimulus_relative,train,10.0,0.6109498449179759,0.3890501550820241
DEAP:S19:T18,DEAP:S19,T18,1,7.77,1,1,4,4,unexposed,stimulus_relative,train,10.0,0.3460397268335291,0.6539602731664709
DEAP:S19:T22,DEAP:S19,T22,1,5.04,1,1,4,4,unexposed,stimulus_relative,train,10.0,0.678153074173069,0.3218469258269309
DEAP:S19:T24,DEAP:S19,T24,0,3.23,1,1,4,4,unexposed,stimulus_relative,train,10.0,0.4697286288072875,0.5302713711927125
DEAP:S19:T31,DEAP:S19,T31,1,5.03,1,1,4,4,unexposed,stimulus_relative,train,10.0,0.04805800088510981,0.9519419991148902
DEAP:S19:T34,DEAP:S19,T34,0,4.17,1,1,4,4,unexposed,stimulus_relative,train,10.0,0.9351978919158878,0.06480210808411223
DEAP:S19:T36,DEAP:S19,T36,0,3.71,1,1,4,4,unexposed,stimulus_relative,train,10.0,0.5433369373112406,0.45666306268875945
DEAP:S19:T39,DEAP:S19,T39,1,5.04,1,1,4,4,unexposed,stimulus_relative,train,10.0,0.23781239000384402,0.762187609996156
DEAP:S19:T40,DEAP:S19,T40,0,4.24,1,1,4,4,unexposed,stimulus_relative,train,10.0,0.49710893744056084,0.5028910625594392
DEAP:S20:T03,DEAP:S20,T03,1,7.18,1,1,4,4,unexposed,stimulus_relative,train,10.0,0.1808549620920572,0.8191450379079428
DEAP:S20:T04,DEAP:S20,T04,1,7.05,1,1,4,4,unexposed,stimulus_relative,train,10.0,0.6950683117789902,0.3049316882210098
DEAP:S20:T09,DEAP:S20,T09,1,8.22,1,1,4,4,unexposed,stimulus_relative,train,10.0,0.22445725356066315,0.7755427464393368
DEAP:S20:T11,DEAP:S20,T11,1,8.18,1,1,4,4,unexposed,stimulus_relative,train,10.0,0.07801492074653271,0.9219850792534673
DEAP:S20:T13,DEAP:S20,T13,1,7.91,1,1,4,4,unexposed,stimulus_relative,train,10.0,0.8090064907858567,0.1909935092141432
DEAP:S20:T16,DEAP:S20,T16,1,5.03,1,1,4,4,unexposed,stimulus_relative,train,10.0,0.12538713824522085,0.8746128617547791
DEAP:S20:T18,DEAP:S20,T18,1,7.35,1,1,4,4,unexposed,stimulus_relative,train,10.0,0.27208807663161805,0.727911923368382
DEAP:S20:T22,DEAP:S20,T22,0,4.06,1,1,4,4,unexposed,stimulus_relative,train,10.0,0.9050944560411496,0.09490554395885037
DEAP:S20:T24,DEAP:S20,T24,0,3.0,1,1,4,4,unexposed,stimulus_relative,train,10.0,0.7665894337561575,0.2334105662438425
DEAP:S20:T31,DEAP:S20,T31,0,4.46,1,1,4,4,unexposed,stimulus_relative,train,10.0,0.8846436765118175,0.11535632348818246
DEAP:S20:T34,DEAP:S20,T34,0,4.74,1,1,4,4,unexposed,stimulus_relative,train,10.0,0.6846140432486802,0.3153859567513197
DEAP:S20:T36,DEAP:S20,T36,0,4.29,1,1,4,4,unexposed,stimulus_relative,train,10.0,0.5477503646427335,0.4522496353572664
DEAP:S20:T39,DEAP:S20,T39,0,4.67,1,1,4,4,unexposed,stimulus_relative,train,10.0,0.6005418774832452,0.3994581225167549
DEAP:S20:T40,DEAP:S20,T40,0,4.94,1,1,4,4,unexposed,stimulus_relative,train,10.0,0.8245413469292905,0.17545865307070949
DEAP:S21:T03,DEAP:S21,T03,0,4.83,1,1,4,4,unexposed,stimulus_relative,train,10.0,0.9545704953914051,0.04542950460859487
DEAP:S21:T04,DEAP:S21,T04,1,5.05,1,1,4,4,unexposed,stimulus_relative,train,10.0,0.31440339389621685,0.6855966061037831
DEAP:S21:T06,DEAP:S21,T06,1,7.92,1,1,4,4,unexposed,stimulus_relative,train,10.0,0.17028190151604494,0.8297180984839551
DEAP:S21:T07,DEAP:S21,T07,1,7.05,1,1,4,4,unexposed,stimulus_relative,train,10.0,0.2539024319385772,0.7460975680614228
DEAP:S21:T09,DEAP:S21,T09,1,8.56,1,1,4,4,unexposed,stimulus_relative,train,10.0,0.3120116111664236,0.6879883888335764
DEAP:S21:T11,DEAP:S21,T11,1,7.05,1,1,4,4,unexposed,stimulus_relative,train,10.0,0.13753140403651043,0.8624685959634896
DEAP:S21:T13,DEAP:S21,T13,0,4.27,1,1,4,4,unexposed,stimulus_relative,train,10.0,0.8021982431800052,0.19780175681999482
DEAP:S21:T18,DEAP:S21,T18,1,7.99,1,1,4,4,unexposed,stimulus_relative,train,10.0,0.39561178184477297,0.604388218155227
DEAP:S21:T22,DEAP:S21,T22,0,2.09,1,1,4,4,unexposed,stimulus_relative,train,10.0,0.7582894535233929,0.24171054647660709
DEAP:S21:T24,DEAP:S21,T24,0,2.99,1,1,4,4,unexposed,stimulus_relative,train,10.0,0.7315134768840683,0.2684865231159317
DEAP:S21:T31,DEAP:S21,T31,1,5.04,1,1,4,4,unexposed,stimulus_relative,train,10.0,0.07307346539065696,0.926926534609343
DEAP:S21:T34,DEAP:S21,T34,0,4.06,1,1,4,4,unexposed,stimulus_relative,train,10.0,0.4367048482142004,0.5632951517857996
DEAP:S21:T36,DEAP:S21,T36,1,6.88,1,1,4,4,unexposed,stimulus_relative,train,10.0,0.5240564893058888,0.4759435106941112
DEAP:S21:T40,DEAP:S21,T40,0,3.99,1,1,4,4,unexposed,stimulus_relative,train,10.0,0.5820953352830445,0.41790466471695553
DEAP:S22:T03,DEAP:S22,T03,1,7.05,1,1,4,4,unexposed,stimulus_relative,train,10.0,0.7628056994389247,0.2371943005610753
DEAP:S22:T06,DEAP:S22,T06,0,4.97,1,1,4,4,unexposed,stimulus_relative,train,10.0,0.47146415494435345,0.5285358450556465
DEAP:S22:T09,DEAP:S22,T09,1,9.0,1,1,4,4,unexposed,stimulus_relative,train,10.0,0.3958016862166017,0.6041983137833983
DEAP:S22:T11,DEAP:S22,T11,1,8.05,1,1,4,4,unexposed,stimulus_relative,train,10.0,0.5475670597232366,0.4524329402767634
DEAP:S22:T16,DEAP:S22,T16,1,6.06,1,1,4,4,unexposed,stimulus_relative,train,10.0,0.11450825060200309,0.8854917493979969
DEAP:S22:T18,DEAP:S22,T18,1,8.08,1,1,4,4,unexposed,stimulus_relative,train,10.0,0.7791685967217311,0.2208314032782689
DEAP:S22:T22,DEAP:S22,T22,0,4.05,1,1,4,4,unexposed,stimulus_relative,train,10.0,0.3811617894901008,0.6188382105098992
DEAP:S22:T24,DEAP:S22,T24,0,1.96,1,1,4,4,unexposed,stimulus_relative,train,10.0,0.9161559144262642,0.08384408557373582
DEAP:S22:T31,DEAP:S22,T31,0,2.01,1,1,4,4,unexposed,stimulus_relative,train,10.0,0.702110194077139,0.2978898059228609
DEAP:S22:T34,DEAP:S22,T34,1,5.04,1,1,4,4,unexposed,stimulus_relative,train,10.0,0.7088748942581918,0.29112510574180817
DEAP:S22:T36,DEAP:S22,T36,0,1.96,1,1,4,4,unexposed,stimulus_relative,train,10.0,0.617986076553859,0.382013923446141
DEAP:S22:T39,DEAP:S22,T39,0,1.0,1,1,4,4,unexposed,stimulus_relative,train,10.0,0.5390587814490473,0.46094121855095277
DEAP:S22:T40,DEAP:S22,T40,0,2.97,1,1,4,4,unexposed,stimulus_relative,train,10.0,0.38400432490425784,0.6159956750957422
DEAP:S23:T03,DEAP:S23,T03,1,7.09,1,1,4,4,unexposed,stimulus_relative,train,10.0,0.030086490154632606,0.9699135098453674
DEAP:S23:T04,DEAP:S23,T04,1,8.21,1,1,4,4,unexposed,stimulus_relative,train,10.0,0.17691373705307178,0.8230862629469282
DEAP:S23:T06,DEAP:S23,T06,1,5.09,1,1,4,4,unexposed,stimulus_relative,train,10.0,0.14885225272723912,0.8511477472727609
DEAP:S23:T07,DEAP:S23,T07,1,8.94,1,1,4,4,unexposed,stimulus_relative,train,10.0,0.020143499627162886,0.9798565003728371
DEAP:S23:T09,DEAP:S23,T09,1,7.03,1,1,4,4,unexposed,stimulus_relative,train,10.0,0.2001246910463974,0.7998753089536026
DEAP:S23:T11,DEAP:S23,T11,1,7.0,1,1,4,4,unexposed,stimulus_relative,train,10.0,0.022081593064608218,0.9779184069353918
DEAP:S23:T13,DEAP:S23,T13,1,8.01,1,1,4,4,unexposed,stimulus_relative,train,10.0,0.18490267602341726,0.8150973239765827
DEAP:S23:T16,DEAP:S23,T16,1,5.15,1,1,4,4,unexposed,stimulus_relative,train,10.0,0.05677552097168326,0.9432244790283167
DEAP:S23:T18,DEAP:S23,T18,1,7.12,1,1,4,4,unexposed,stimulus_relative,train,10.0,0.49594702292071335,0.5040529770792866
DEAP:S23:T22,DEAP:S23,T22,0,2.97,1,1,4,4,unexposed,stimulus_relative,train,10.0,0.5944227189772073,0.4055772810227927
DEAP:S23:T24,DEAP:S23,T24,1,6.53,1,1,4,4,unexposed,stimulus_relative,train,10.0,0.07694711032403112,0.9230528896759689
DEAP:S23:T31,DEAP:S23,T31,0,4.86,1,1,4,4,unexposed,stimulus_relative,train,10.0,0.5697926364300973,0.43020736356990275
DEAP:S23:T34,DEAP:S23,T34,1,6.72,1,1,4,4,unexposed,stimulus_relative,train,10.0,0.23867274701997876,0.7613272529800212
DEAP:S23:T36,DEAP:S23,T36,0,4.92,1,1,4,4,unexposed,stimulus_relative,train,10.0,0.5942924213649329,0.4057075786350671
DEAP:S23:T40,DEAP:S23,T40,0,4.88,1,1,4,4,unexposed,stimulus_relative,train,10.0,0.5658604896252317,0.43413951037476833
DEAP:S24:T03,DEAP:S24,T03,1,8.96,1,1,4,4,unexposed,stimulus_relative,train,10.0,0.9931654401492815,0.00683455985071842
DEAP:S24:T04,DEAP:S24,T04,1,6.05,1,1,4,4,unexposed,stimulus_relative,train,10.0,0.16382212229225512,0.8361778777077449
DEAP:S24:T06,DEAP:S24,T06,1,5.96,1,1,4,4,unexposed,stimulus_relative,train,10.0,0.001352038287210866,0.9986479617127891
DEAP:S24:T07,DEAP:S24,T07,0,3.04,1,1,4,4,unexposed,stimulus_relative,train,10.0,0.8174625085860069,0.1825374914139931
DEAP:S24:T09,DEAP:S24,T09,1,7.08,1,1,4,4,unexposed,stimulus_relative,train,10.0,0.1787019227347193,0.8212980772652807
DEAP:S24:T11,DEAP:S24,T11,1,7.03,1,1,4,4,unexposed,stimulus_relative,train,10.0,0.20770318089252848,0.7922968191074715
DEAP:S24:T13,DEAP:S24,T13,1,8.0,1,1,4,4,unexposed,stimulus_relative,train,10.0,0.25390948522287593,0.7460905147771241
DEAP:S24:T16,DEAP:S24,T16,0,4.0,1,1,4,4,unexposed,stimulus_relative,train,10.0,0.8153277681885903,0.18467223181140965
DEAP:S24:T18,DEAP:S24,T18,1,8.96,1,1,4,4,unexposed,stimulus_relative,train,10.0,0.2925427528359311,0.7074572471640689
DEAP:S24:T22,DEAP:S24,T22,0,3.03,1,1,4,4,unexposed,stimulus_relative,train,10.0,0.7171593663184406,0.28284063368155943
DEAP:S24:T24,DEAP:S24,T24,0,2.99,1,1,4,4,unexposed,stimulus_relative,train,10.0,0.9175788727986991,0.08242112720130096
DEAP:S24:T31,DEAP:S24,T31,0,2.94,1,1,4,4,unexposed,stimulus_relative,train,10.0,0.880409033286276,0.119590966713724
DEAP:S24:T34,DEAP:S24,T34,0,4.05,1,1,4,4,unexposed,stimulus_relative,train,10.0,0.9727161427633076,0.02728385723669236
DEAP:S24:T36,DEAP:S24,T36,0,4.0,1,1,4,4,unexposed,stimulus_relative,train,10.0,0.7772332601747718,0.22276673982522824
DEAP:S24:T39,DEAP:S24,T39,0,2.12,1,1,4,4,unexposed,stimulus_relative,train,10.0,0.5633803636105942,0.4366196363894058
DEAP:S26:T03,DEAP:S26,T03,1,9.0,1,1,4,4,unexposed,stimulus_relative,train,10.0,0.8913974038053414,0.10860259619465858
DEAP:S26:T04,DEAP:S26,T04,1,8.03,1,1,4,4,unexposed,stimulus_relative,train,10.0,0.41619299679974486,0.5838070032002551
DEAP:S26:T06,DEAP:S26,T06,1,8.09,1,1,4,4,unexposed,stimulus_relative,train,10.0,0.23050663916720704,0.769493360832793
DEAP:S26:T11,DEAP:S26,T11,1,8.04,1,1,4,4,unexposed,stimulus_relative,train,10.0,0.4184385407553255,0.5815614592446745
DEAP:S26:T13,DEAP:S26,T13,1,7.12,1,1,4,4,unexposed,stimulus_relative,train,10.0,0.2116252286454623,0.7883747713545377
DEAP:S26:T16,DEAP:S26,T16,1,6.19,1,1,4,4,unexposed,stimulus_relative,train,10.0,0.05973122385982155,0.9402687761401785
DEAP:S26:T18,DEAP:S26,T18,1,9.0,1,1,4,4,unexposed,stimulus_relative,train,10.0,0.4447244347906748,0.5552755652093252
DEAP:S26:T22,DEAP:S26,T22,1,6.97,1,1,4,4,unexposed,stimulus_relative,train,10.0,0.08913612244207103,0.910863877557929
DEAP:S26:T24,DEAP:S26,T24,1,9.0,1,1,4,4,unexposed,stimulus_relative,train,10.0,0.3855090331926483,0.6144909668073517
DEAP:S26:T31,DEAP:S26,T31,0,1.97,1,1,4,4,unexposed,stimulus_relative,train,10.0,0.746008665819894,0.253991334180106
DEAP:S26:T34,DEAP:S26,T34,0,1.0,1,1,4,4,unexposed,stimulus_relative,train,10.0,0.5856789511280611,0.4143210488719388
DEAP:S26:T36,DEAP:S26,T36,0,2.92,1,1,4,4,unexposed,stimulus_relative,train,10.0,0.6141719456808254,0.38582805431917455
DEAP:S26:T39,DEAP:S26,T39,0,1.95,1,1,4,4,unexposed,stimulus_relative,train,10.0,0.32503083772387376,0.6749691622761262
DEAP:S26:T40,DEAP:S26,T40,0,3.06,1,1,4,4,unexposed,stimulus_relative,train,10.0,0.35951384933445063,0.6404861506655494
DEAP:S30:T03,DEAP:S30,T03,1,6.15,1,1,4,4,unexposed,stimulus_relative,train,10.0,0.49505550858730285,0.5049444914126971
DEAP:S30:T04,DEAP:S30,T04,1,7.04,1,1,4,4,unexposed,stimulus_relative,train,10.0,0.25962423747077323,0.7403757625292268
DEAP:S30:T06,DEAP:S30,T06,1,6.22,1,1,4,4,unexposed,stimulus_relative,train,10.0,0.8651863130231191,0.13481368697688093
DEAP:S30:T07,DEAP:S30,T07,0,4.05,1,1,4,4,unexposed,stimulus_relative,train,10.0,0.7430161392651408,0.25698386073485924
DEAP:S30:T09,DEAP:S30,T09,1,7.08,1,1,4,4,unexposed,stimulus_relative,train,10.0,0.3564919546093991,0.6435080453906009
DEAP:S30:T11,DEAP:S30,T11,1,6.06,1,1,4,4,unexposed,stimulus_relative,train,10.0,0.55257092958871,0.44742907041129004
DEAP:S30:T13,DEAP:S30,T13,0,4.04,1,1,4,4,unexposed,stimulus_relative,train,10.0,0.2835661544154616,0.7164338455845384
DEAP:S30:T16,DEAP:S30,T16,1,5.04,1,1,4,4,unexposed,stimulus_relative,train,10.0,0.44887239572266435,0.5511276042773356
DEAP:S30:T18,DEAP:S30,T18,1,7.05,1,1,4,4,unexposed,stimulus_relative,train,10.0,0.563586756218895,0.436413243781105
DEAP:S30:T22,DEAP:S30,T22,0,4.05,1,1,4,4,unexposed,stimulus_relative,train,10.0,0.8601804712984547,0.13981952870154532
DEAP:S30:T24,DEAP:S30,T24,1,5.99,1,1,4,4,unexposed,stimulus_relative,train,10.0,0.18081224326736278,0.8191877567326372
DEAP:S30:T31,DEAP:S30,T31,0,3.86,1,1,4,4,unexposed,stimulus_relative,train,10.0,0.6102955602328765,0.38970443976712354
DEAP:S30:T36,DEAP:S30,T36,0,4.03,1,1,4,4,unexposed,stimulus_relative,train,10.0,0.7744197543491285,0.2255802456508716
DEAP:S30:T39,DEAP:S30,T39,0,2.97,1,1,4,4,unexposed,stimulus_relative,train,10.0,0.6274289614365862,0.3725710385634138
DEAP:S30:T40,DEAP:S30,T40,1,5.05,1,1,4,4,unexposed,stimulus_relative,train,10.0,0.2583251751677329,0.7416748248322671
DEAP:S31:T03,DEAP:S31,T03,1,8.04,1,1,4,4,unexposed,stimulus_relative,train,10.0,0.04958327938496543,0.9504167206150346
DEAP:S31:T04,DEAP:S31,T04,1,6.97,1,1,4,4,unexposed,stimulus_relative,train,10.0,0.29369288608953903,0.706307113910461
DEAP:S31:T06,DEAP:S31,T06,0,4.99,1,1,4,4,unexposed,stimulus_relative,train,10.0,0.7883081219999525,0.21169187800004752
DEAP:S31:T07,DEAP:S31,T07,1,6.05,1,1,4,4,unexposed,stimulus_relative,train,10.0,0.1951163356309391,0.8048836643690609
DEAP:S31:T09,DEAP:S31,T09,1,6.06,1,1,4,4,unexposed,stimulus_relative,train,10.0,0.2157926632964029,0.7842073367035971
DEAP:S31:T11,DEAP:S31,T11,1,9.0,1,1,4,4,unexposed,stimulus_relative,train,10.0,0.2967902521596959,0.7032097478403041
DEAP:S31:T13,DEAP:S31,T13,1,8.09,1,1,4,4,unexposed,stimulus_relative,train,10.0,0.5795677170198497,0.42043228298015034
DEAP:S31:T16,DEAP:S31,T16,1,6.09,1,1,4,4,unexposed,stimulus_relative,train,10.0,0.8702788513686738,0.12972114863132625
DEAP:S31:T18,DEAP:S31,T18,1,7.06,1,1,4,4,unexposed,stimulus_relative,train,10.0,0.19604027261127455,0.8039597273887255
DEAP:S31:T34,DEAP:S31,T34,0,1.95,1,1,4,4,unexposed,stimulus_relative,train,10.0,0.5342102987992505,0.4657897012007495
DEAP:S31:T36,DEAP:S31,T36,0,4.97,1,1,4,4,unexposed,stimulus_relative,train,10.0,0.8730652662626164,0.12693473373738356
DEAP:S31:T39,DEAP:S31,T39,0,1.0,1,1,4,4,unexposed,stimulus_relative,train,10.0,0.782425302376474,0.21757469762352605
DEAP:S31:T40,DEAP:S31,T40,0,3.99,1,1,4,4,unexposed,stimulus_relative,train,10.0,0.27707036693476483,0.7229296330652352
DEAP:S32:T03,DEAP:S32,T03,1,8.05,1,1,4,4,unexposed,stimulus_relative,train,10.0,0.6337921351592812,0.36620786484071877
DEAP:S32:T04,DEAP:S32,T04,1,6.96,1,1,4,4,unexposed,stimulus_relative,train,10.0,0.40954280474845484,0.5904571952515452
DEAP:S32:T06,DEAP:S32,T06,1,5.78,1,1,4,4,unexposed,stimulus_relative,train,10.0,0.852190339168869,0.147809660831131
DEAP:S32:T07,DEAP:S32,T07,0,4.94,1,1,4,4,unexposed,stimulus_relative,train,10.0,0.9415927203008426,0.058407279699157336
DEAP:S32:T09,DEAP:S32,T09,1,7.86,1,1,4,4,unexposed,stimulus_relative,train,10.0,0.29348425161052305,0.706515748389477
DEAP:S32:T11,DEAP:S32,T11,1,8.24,1,1,4,4,unexposed,stimulus_relative,train,10.0,0.43201714570907523,0.5679828542909248
DEAP:S32:T13,DEAP:S32,T13,1,7.09,1,1,4,4,unexposed,stimulus_relative,train,10.0,0.39707234884072995,0.60292765115927
DEAP:S32:T16,DEAP:S32,T16,0,3.97,1,1,4,4,unexposed,stimulus_relative,train,10.0,0.4825200688990019,0.5174799311009981
DEAP:S32:T18,DEAP:S32,T18,1,8.03,1,1,4,4,unexposed,stimulus_relative,train,10.0,0.6515130876363093,0.3484869123636906
DEAP:S32:T22,DEAP:S32,T22,0,4.15,1,1,4,4,unexposed,stimulus_relative,train,10.0,0.7753502020469876,0.2246497979530125
DEAP:S32:T24,DEAP:S32,T24,0,1.0,1,1,4,4,unexposed,stimulus_relative,train,10.0,0.8232056232250503,0.17679437677494972
DEAP:S32:T31,DEAP:S32,T31,0,4.17,1,1,4,4,unexposed,stimulus_relative,train,10.0,0.6707972687066245,0.3292027312933755
DEAP:S32:T34,DEAP:S32,T34,0,4.05,1,1,4,4,unexposed,stimulus_relative,train,10.0,0.717159562131574,0.28284043786842605
DEAP:S32:T36,DEAP:S32,T36,0,3.91,1,1,4,4,unexposed,stimulus_relative,train,10.0,0.4611141418889929,0.5388858581110071
DEAP:S32:T39,DEAP:S32,T39,0,3.99,1,1,4,4,unexposed,stimulus_relative,train,10.0,0.5075942171082044,0.49240578289179554
DEAP:S32:T40,DEAP:S32,T40,1,7.15,1,1,4,4,unexposed,stimulus_relative,train,10.0,0.2310266681444666,0.7689733318555334
DEAP:S18:T02,DEAP:S18,T02,1,6.87,1,1,4,4,unexposed,stimulus_relative,validation_unseen,10.0,0.999618769912274,0.0003812300877260032
DEAP:S18:T10,DEAP:S18,T10,1,6.09,1,1,4,4,unexposed,stimulus_relative,validation_unseen,10.0,0.7452121018824143,0.25478789811758573
DEAP:S18:T14,DEAP:S18,T14,1,6.62,1,1,4,4,unexposed,stimulus_relative,validation_unseen,10.0,0.9994566928062218,0.0005433071937780979
DEAP:S18:T17,DEAP:S18,T17,1,7.74,1,1,4,4,unexposed,stimulus_relative,validation_unseen,10.0,0.9998955791348184,0.00010442086518153989
DEAP:S18:T20,DEAP:S18,T20,1,6.24,1,1,4,4,unexposed,stimulus_relative,validation_unseen,10.0,0.9973757896143122,0.002624210385687804
DEAP:S18:T21,DEAP:S18,T21,0,3.92,1,1,4,4,unexposed,stimulus_relative,validation_unseen,10.0,0.997452844045934,0.0025471559540659397
DEAP:S18:T37,DEAP:S18,T37,0,4.0,1,1,4,4,unexposed,stimulus_relative,validation_unseen,10.0,0.9963106924253091,0.0036893075746908793
DEAP:S18:T38,DEAP:S18,T38,0,4.51,1,1,4,4,unexposed,stimulus_relative,validation_unseen,10.0,0.9935701495566011,0.006429850443398941
DEAP:S25:T02,DEAP:S25,T02,0,2.99,1,1,4,4,unexposed,stimulus_relative,validation_unseen,10.0,0.8325018089007062,0.16749819109929373
DEAP:S25:T10,DEAP:S25,T10,0,1.0,1,1,4,4,unexposed,stimulus_relative,validation_unseen,10.0,0.9983480639673541,0.0016519360326459577
DEAP:S25:T14,DEAP:S25,T14,1,8.09,1,1,4,4,unexposed,stimulus_relative,validation_unseen,10.0,0.9979711222009243,0.002028877799075642
DEAP:S25:T17,DEAP:S25,T17,1,5.04,1,1,4,4,unexposed,stimulus_relative,validation_unseen,10.0,0.8207967459629324,0.17920325403706758
DEAP:S25:T20,DEAP:S25,T20,1,7.08,1,1,4,4,unexposed,stimulus_relative,validation_unseen,10.0,0.9828930127306141,0.01710698726938592
DEAP:S25:T21,DEAP:S25,T21,1,6.03,1,1,4,4,unexposed,stimulus_relative,validation_unseen,10.0,0.9458775383481539,0.054122461651846115
DEAP:S25:T37,DEAP:S25,T37,0,1.0,1,1,4,4,unexposed,stimulus_relative,validation_unseen,10.0,0.9983087639497942,0.0016912360502058148
DEAP:S25:T38,DEAP:S25,T38,0,1.0,1,1,4,4,unexposed,stimulus_relative,validation_unseen,10.0,0.8177825785592971,0.18221742144070285
DEAP:S27:T02,DEAP:S27,T02,1,7.0,1,1,4,4,unexposed,stimulus_relative,validation_unseen,10.0,0.20578981132401186,0.7942101886759881
DEAP:S27:T10,DEAP:S27,T10,1,6.01,1,1,4,4,unexposed,stimulus_relative,validation_unseen,10.0,0.5575406474787707,0.4424593525212293
DEAP:S27:T14,DEAP:S27,T14,1,8.06,1,1,4,4,unexposed,stimulus_relative,validation_unseen,10.0,0.0692843887222101,0.9307156112777899
DEAP:S27:T17,DEAP:S27,T17,1,9.0,1,1,4,4,unexposed,stimulus_relative,validation_unseen,10.0,0.32571624060353543,0.6742837593964646
DEAP:S27:T20,DEAP:S27,T20,1,6.97,1,1,4,4,unexposed,stimulus_relative,validation_unseen,10.0,0.1082795035519395,0.8917204964480605
DEAP:S27:T21,DEAP:S27,T21,1,9.0,1,1,4,4,unexposed,stimulus_relative,validation_unseen,10.0,0.27263133173771603,0.727368668262284
DEAP:S27:T37,DEAP:S27,T37,0,2.99,1,1,4,4,unexposed,stimulus_relative,validation_unseen,10.0,0.4040839309315978,0.5959160690684022
DEAP:S27:T38,DEAP:S27,T38,0,1.0,1,1,4,4,unexposed,stimulus_relative,validation_unseen,10.0,0.05433458564816118,0.9456654143518388
DEAP:S29:T02,DEAP:S29,T02,1,7.05,1,1,4,4,unexposed,stimulus_relative,validation_unseen,10.0,0.35162869474194747,0.6483713052580525
DEAP:S29:T10,DEAP:S29,T10,1,7.01,1,1,4,4,unexposed,stimulus_relative,validation_unseen,10.0,0.9903216361984001,0.009678363801599886
DEAP:S29:T14,DEAP:S29,T14,1,8.06,1,1,4,4,unexposed,stimulus_relative,validation_unseen,10.0,0.5421715497607003,0.4578284502392997
DEAP:S29:T17,DEAP:S29,T17,1,5.08,1,1,4,4,unexposed,stimulus_relative,validation_unseen,10.0,0.9219442274749338,0.07805577252506626
DEAP:S29:T20,DEAP:S29,T20,1,8.03,1,1,4,4,unexposed,stimulus_relative,validation_unseen,10.0,0.9728577303406263,0.027142269659373722
DEAP:S29:T21,DEAP:S29,T21,0,2.92,1,1,4,4,unexposed,stimulus_relative,validation_unseen,10.0,0.8676037322185444,0.1323962677814557
DEAP:S29:T37,DEAP:S29,T37,1,5.01,1,1,4,4,unexposed,stimulus_relative,validation_unseen,10.0,0.3684877070811212,0.6315122929188788
DEAP:S29:T38,DEAP:S29,T38,0,1.88,1,1,4,4,unexposed,stimulus_relative,validation_unseen,10.0,0.7198893518420146,0.28011064815798536
DEAP:S18:T03,DEAP:S18,T03,1,6.36,1,1,4,4,unexposed,stimulus_relative,validation_familiar,10.0,0.8895978162087683,0.11040218379123166
DEAP:S18:T04,DEAP:S18,T04,1,6.65,1,1,4,4,unexposed,stimulus_relative,validation_familiar,10.0,0.9958284178935295,0.004171582106470521
DEAP:S18:T06,DEAP:S18,T06,1,6.51,1,1,4,4,unexposed,stimulus_relative,validation_familiar,10.0,0.9921763733183886,0.007823626681611455
DEAP:S18:T07,DEAP:S18,T07,1,7.33,1,1,4,4,unexposed,stimulus_relative,validation_familiar,10.0,0.9741220377703366,0.02587796222966338
DEAP:S18:T09,DEAP:S18,T09,1,6.55,1,1,4,4,unexposed,stimulus_relative,validation_familiar,10.0,0.9957848845509898,0.004215115449010173
DEAP:S18:T11,DEAP:S18,T11,1,6.24,1,1,4,4,unexposed,stimulus_relative,validation_familiar,10.0,0.9849184613260201,0.015081538673979857
DEAP:S18:T13,DEAP:S18,T13,1,7.33,1,1,4,4,unexposed,stimulus_relative,validation_familiar,10.0,0.9903752207740516,0.009624779225948413
DEAP:S18:T16,DEAP:S18,T16,0,4.38,1,1,4,4,unexposed,stimulus_relative,validation_familiar,10.0,0.9996866039737268,0.0003133960262732372
DEAP:S18:T18,DEAP:S18,T18,1,7.05,1,1,4,4,unexposed,stimulus_relative,validation_familiar,10.0,0.9999234438366809,7.655616331911134e-05
DEAP:S18:T22,DEAP:S18,T22,1,5.69,1,1,4,4,unexposed,stimulus_relative,validation_familiar,10.0,0.9995829968588352,0.00041700314116476514
DEAP:S18:T24,DEAP:S18,T24,0,3.22,1,1,4,4,unexposed,stimulus_relative,validation_familiar,10.0,0.9999612447505948,3.875524940525605e-05
DEAP:S18:T31,DEAP:S18,T31,0,4.44,1,1,4,4,unexposed,stimulus_relative,validation_familiar,10.0,0.9999524607603217,4.753923967825663e-05
DEAP:S18:T34,DEAP:S18,T34,0,4.15,1,1,4,4,unexposed,stimulus_relative,validation_familiar,10.0,0.9823023969535877,0.017697603046412373
DEAP:S18:T36,DEAP:S18,T36,1,5.24,1,1,4,4,unexposed,stimulus_relative,validation_familiar,10.0,0.9993008397734526,0.0006991602265473732
DEAP:S18:T39,DEAP:S18,T39,0,4.06,1,1,4,4,unexposed,stimulus_relative,validation_familiar,10.0,0.9878893601022258,0.012110639897774183
DEAP:S25:T03,DEAP:S25,T03,1,7.12,1,1,4,4,unexposed,stimulus_relative,validation_familiar,10.0,0.9993365525253973,0.0006634474746026669
DEAP:S25:T07,DEAP:S25,T07,1,6.08,1,1,4,4,unexposed,stimulus_relative,validation_familiar,10.0,0.9490037089760281,0.05099629102397189
DEAP:S25:T09,DEAP:S25,T09,1,8.09,1,1,4,4,unexposed,stimulus_relative,validation_familiar,10.0,0.080735203539822,0.919264796460178
DEAP:S25:T11,DEAP:S25,T11,1,9.0,1,1,4,4,unexposed,stimulus_relative,validation_familiar,10.0,0.9995062420701952,0.0004937579298047683
DEAP:S25:T13,DEAP:S25,T13,1,7.97,1,1,4,4,unexposed,stimulus_relative,validation_familiar,10.0,0.9980734803626454,0.0019265196373546096
DEAP:S25:T16,DEAP:S25,T16,1,6.05,1,1,4,4,unexposed,stimulus_relative,validation_familiar,10.0,0.9997726589744599,0.00022734102554006612
DEAP:S25:T18,DEAP:S25,T18,0,3.04,1,1,4,4,unexposed,stimulus_relative,validation_familiar,10.0,0.9997999879185857,0.00020001208141429513
DEAP:S25:T22,DEAP:S25,T22,1,8.03,1,1,4,4,unexposed,stimulus_relative,validation_familiar,10.0,0.9972052561997083,0.00279474380029163
DEAP:S25:T24,DEAP:S25,T24,0,3.05,1,1,4,4,unexposed,stimulus_relative,validation_familiar,10.0,0.9741965035172171,0.025803496482782903
DEAP:S25:T31,DEAP:S25,T31,0,1.01,1,1,4,4,unexposed,stimulus_relative,validation_familiar,10.0,0.9992923234857713,0.0007076765142286448
DEAP:S25:T34,DEAP:S25,T34,0,4.95,1,1,4,4,unexposed,stimulus_relative,validation_familiar,10.0,0.9988711638011034,0.0011288361988965475
DEAP:S25:T36,DEAP:S25,T36,0,3.0,1,1,4,4,unexposed,stimulus_relative,validation_familiar,10.0,0.9897039903614167,0.010296009638583296
DEAP:S25:T39,DEAP:S25,T39,0,1.0,1,1,4,4,unexposed,stimulus_relative,validation_familiar,10.0,0.9905419264309414,0.00945807356905862
DEAP:S25:T40,DEAP:S25,T40,0,1.0,1,1,4,4,unexposed,stimulus_relative,validation_familiar,10.0,0.9997177353955266,0.00028226460447349053
DEAP:S27:T03,DEAP:S27,T03,1,9.0,1,1,4,4,unexposed,stimulus_relative,validation_familiar,10.0,0.012451345400817493,0.9875486545991825
DEAP:S27:T04,DEAP:S27,T04,1,7.05,1,1,4,4,unexposed,stimulus_relative,validation_familiar,10.0,0.055373566400673147,0.9446264335993269
DEAP:S27:T06,DEAP:S27,T06,1,7.0,1,1,4,4,unexposed,stimulus_relative,validation_familiar,10.0,0.09310237648559316,0.9068976235144068
DEAP:S27:T07,DEAP:S27,T07,0,4.94,1,1,4,4,unexposed,stimulus_relative,validation_familiar,10.0,0.49699151341486103,0.503008486585139
DEAP:S27:T09,DEAP:S27,T09,1,8.99,1,1,4,4,unexposed,stimulus_relative,validation_familiar,10.0,0.08530201852319164,0.9146979814768084
DEAP:S27:T11,DEAP:S27,T11,1,9.0,1,1,4,4,unexposed,stimulus_relative,validation_familiar,10.0,0.44353271071573486,0.5564672892842651
DEAP:S27:T13,DEAP:S27,T13,1,7.01,1,1,4,4,unexposed,stimulus_relative,validation_familiar,10.0,0.9017741431373065,0.09822585686269349
DEAP:S27:T16,DEAP:S27,T16,1,8.06,1,1,4,4,unexposed,stimulus_relative,validation_familiar,10.0,0.43767683144703406,0.5623231685529659
DEAP:S27:T18,DEAP:S27,T18,1,9.0,1,1,4,4,unexposed,stimulus_relative,validation_familiar,10.0,0.21279360428138894,0.7872063957186111
DEAP:S27:T22,DEAP:S27,T22,1,7.29,1,1,4,4,unexposed,stimulus_relative,validation_familiar,10.0,0.37590229131378905,0.624097708686211
DEAP:S27:T24,DEAP:S27,T24,1,8.9,1,1,4,4,unexposed,stimulus_relative,validation_familiar,10.0,0.11067373342242126,0.8893262665775787
DEAP:S27:T31,DEAP:S27,T31,1,5.08,1,1,4,4,unexposed,stimulus_relative,validation_familiar,10.0,0.017900410859997273,0.9820995891400027
DEAP:S27:T34,DEAP:S27,T34,0,2.85,1,1,4,4,unexposed,stimulus_relative,validation_familiar,10.0,0.36928219092008907,0.6307178090799109
DEAP:S27:T36,DEAP:S27,T36,1,6.13,1,1,4,4,unexposed,stimulus_relative,validation_familiar,10.0,0.21507059061903544,0.7849294093809646
DEAP:S27:T39,DEAP:S27,T39,0,2.14,1,1,4,4,unexposed,stimulus_relative,validation_familiar,10.0,0.16927621819389915,0.8307237818061008
DEAP:S27:T40,DEAP:S27,T40,1,5.04,1,1,4,4,unexposed,stimulus_relative,validation_familiar,10.0,0.7801384360426968,0.2198615639573031
DEAP:S29:T03,DEAP:S29,T03,1,9.0,1,1,4,4,unexposed,stimulus_relative,validation_familiar,10.0,0.1267101461366963,0.8732898538633037
DEAP:S29:T04,DEAP:S29,T04,1,7.17,1,1,4,4,unexposed,stimulus_relative,validation_familiar,10.0,0.9911278412786629,0.008872158721337094
DEAP:S29:T06,DEAP:S29,T06,1,8.03,1,1,4,4,unexposed,stimulus_relative,validation_familiar,10.0,0.753955410550959,0.24604458944904092
DEAP:S29:T07,DEAP:S29,T07,1,7.04,1,1,4,4,unexposed,stimulus_relative,validation_familiar,10.0,0.9920099852154963,0.00799001478450368
DEAP:S29:T09,DEAP:S29,T09,1,7.06,1,1,4,4,unexposed,stimulus_relative,validation_familiar,10.0,0.9877058352649225,0.012294164735077518
DEAP:S29:T11,DEAP:S29,T11,1,8.03,1,1,4,4,unexposed,stimulus_relative,validation_familiar,10.0,0.18650343938581304,0.813496560614187
DEAP:S29:T13,DEAP:S29,T13,1,6.06,1,1,4,4,unexposed,stimulus_relative,validation_familiar,10.0,0.0060975704380408224,0.9939024295619592
DEAP:S29:T16,DEAP:S29,T16,0,3.0,1,1,4,4,unexposed,stimulus_relative,validation_familiar,10.0,0.956807108070203,0.04319289192979705
DEAP:S29:T18,DEAP:S29,T18,1,7.01,1,1,4,4,unexposed,stimulus_relative,validation_familiar,10.0,0.8969473238363945,0.10305267616360553
DEAP:S29:T22,DEAP:S29,T22,0,3.05,1,1,4,4,unexposed,stimulus_relative,validation_familiar,10.0,0.1748022009317225,0.8251977990682775
DEAP:S29:T24,DEAP:S29,T24,0,4.12,1,1,4,4,unexposed,stimulus_relative,validation_familiar,10.0,0.3860019375710876,0.6139980624289124
DEAP:S29:T31,DEAP:S29,T31,0,1.0,1,1,4,4,unexposed,stimulus_relative,validation_familiar,10.0,0.11322324479667945,0.8867767552033206
DEAP:S29:T34,DEAP:S29,T34,0,3.95,1,1,4,4,unexposed,stimulus_relative,validation_familiar,10.0,0.9984293425263023,0.001570657473697641
DEAP:S29:T36,DEAP:S29,T36,1,5.03,1,1,4,4,unexposed,stimulus_relative,validation_familiar,10.0,0.9912576112002157,0.00874238879978428
DEAP:S29:T39,DEAP:S29,T39,1,6.05,1,1,4,4,unexposed,stimulus_relative,validation_familiar,10.0,0.708771526329455,0.291228473670545
DEAP:S29:T40,DEAP:S29,T40,1,6.01,1,1,4,4,unexposed,stimulus_relative,validation_familiar,10.0,0.9997507405138817,0.0002492594861182988
