trial_id,subject_id,material_key,label,original_label,group,source_session,material_rotation,fold,arm,model,role,C,p0,p1
DEAP:S01:T02,DEAP:S01,T02,1,8.1,2,1,2,2,unexposed,baseline_only,train,0.01,0.44012896275601276,0.5598710372439872
DEAP:S01:T04,DEAP:S01,T04,0,4.94,2,1,2,2,unexposed,baseline_only,train,0.01,0.4438798418946077,0.5561201581053923
DEAP:S01:T08,DEAP:S01,T08,1,7.32,2,1,2,2,unexposed,baseline_only,train,0.01,0.44827033117964576,0.5517296688203542
DEAP:S01:T11,DEAP:S01,T11,0,2.99,2,1,2,2,unexposed,baseline_only,train,0.01,0.4728971749998032,0.5271028250001968
DEAP:S01:T18,DEAP:S01,T18,1,7.23,2,1,2,2,unexposed,baseline_only,train,0.01,0.377373142510538,0.622626857489462
DEAP:S01:T19,DEAP:S01,T19,1,7.17,2,1,2,2,unexposed,baseline_only,train,0.01,0.39445955576492087,0.6055404442350791
DEAP:S01:T22,DEAP:S01,T22,1,7.09,2,1,2,2,unexposed,baseline_only,train,0.01,0.42768497335246325,0.5723150266475368
DEAP:S01:T23,DEAP:S01,T23,1,8.15,2,1,2,2,unexposed,baseline_only,train,0.01,0.44280919672894337,0.5571908032710566
DEAP:S01:T25,DEAP:S01,T25,1,8.86,2,1,2,2,unexposed,baseline_only,train,0.01,0.4323657545588533,0.5676342454411467
DEAP:S01:T26,DEAP:S01,T26,1,7.28,2,1,2,2,unexposed,baseline_only,train,0.01,0.4899570863805789,0.5100429136194211
DEAP:S01:T28,DEAP:S01,T28,0,3.88,2,1,2,2,unexposed,baseline_only,train,0.01,0.4631134797635428,0.5368865202364572
DEAP:S01:T29,DEAP:S01,T29,0,1.36,2,1,2,2,unexposed,baseline_only,train,0.01,0.4307783268641464,0.5692216731358536
DEAP:S01:T30,DEAP:S01,T30,0,2.08,2,1,2,2,unexposed,baseline_only,train,0.01,0.47173143238435833,0.5282685676156417
DEAP:S01:T32,DEAP:S01,T32,0,2.28,2,1,2,2,unexposed,baseline_only,train,0.01,0.4526122269987809,0.5473877730012191
DEAP:S01:T33,DEAP:S01,T33,0,3.81,2,1,2,2,unexposed,baseline_only,train,0.01,0.44062187360884897,0.559378126391151
DEAP:S01:T39,DEAP:S01,T39,0,3.24,2,1,2,2,unexposed,baseline_only,train,0.01,0.46947999159214415,0.5305200084078558
DEAP:S04:T02,DEAP:S04,T02,0,4.06,2,1,2,2,unexposed,baseline_only,train,0.01,0.43918123266125264,0.5608187673387474
DEAP:S04:T04,DEAP:S04,T04,1,6.1,2,1,2,2,unexposed,baseline_only,train,0.01,0.5389338617311954,0.4610661382688046
DEAP:S04:T08,DEAP:S04,T08,1,5.97,2,1,2,2,unexposed,baseline_only,train,0.01,0.549649930646448,0.45035006935355204
DEAP:S04:T11,DEAP:S04,T11,1,7.24,2,1,2,2,unexposed,baseline_only,train,0.01,0.5066305664159908,0.4933694335840092
DEAP:S04:T18,DEAP:S04,T18,0,4.9,2,1,2,2,unexposed,baseline_only,train,0.01,0.5954182761067781,0.4045817238932219
DEAP:S04:T19,DEAP:S04,T19,1,7.09,2,1,2,2,unexposed,baseline_only,train,0.01,0.6147338290549822,0.38526617094501786
DEAP:S04:T22,DEAP:S04,T22,0,1.86,2,1,2,2,unexposed,baseline_only,train,0.01,0.6931214322095329,0.30687856779046707
DEAP:S04:T23,DEAP:S04,T23,0,1.86,2,1,2,2,unexposed,baseline_only,train,0.01,0.44106758751706043,0.5589324124829396
DEAP:S04:T25,DEAP:S04,T25,1,7.0,2,1,2,2,unexposed,baseline_only,train,0.01,0.6600862728253012,0.33991372717469887
DEAP:S04:T26,DEAP:S04,T26,1,6.0,2,1,2,2,unexposed,baseline_only,train,0.01,0.6602889099372471,0.33971109006275285
DEAP:S04:T28,DEAP:S04,T28,0,2.17,2,1,2,2,unexposed,baseline_only,train,0.01,0.5866801600711458,0.4133198399288543
DEAP:S04:T29,DEAP:S04,T29,0,1.85,2,1,2,2,unexposed,baseline_only,train,0.01,0.5544779660151985,0.4455220339848015
DEAP:S04:T30,DEAP:S04,T30,0,3.1,2,1,2,2,unexposed,baseline_only,train,0.01,0.6887864077283993,0.3112135922716007
DEAP:S04:T32,DEAP:S04,T32,0,1.01,2,1,2,2,unexposed,baseline_only,train,0.01,0.7194159909613642,0.2805840090386358
DEAP:S04:T33,DEAP:S04,T33,0,1.0,2,1,2,2,unexposed,baseline_only,train,0.01,0.714852851332834,0.2851471486671659
DEAP:S04:T39,DEAP:S04,T39,0,1.92,2,1,2,2,unexposed,baseline_only,train,0.01,0.5255565416868018,0.4744434583131982
DEAP:S05:T02,DEAP:S05,T02,1,9.0,2,1,2,2,unexposed,baseline_only,train,0.01,0.36294513888777624,0.6370548611122238
DEAP:S05:T04,DEAP:S05,T04,1,8.24,2,1,2,2,unexposed,baseline_only,train,0.01,0.45739699784780996,0.54260300215219
DEAP:S05:T08,DEAP:S05,T08,1,8.17,2,1,2,2,unexposed,baseline_only,train,0.01,0.48912317697606955,0.5108768230239304
DEAP:S05:T11,DEAP:S05,T11,1,9.0,2,1,2,2,unexposed,baseline_only,train,0.01,0.4367905045302892,0.5632094954697108
DEAP:S05:T19,DEAP:S05,T19,1,8.03,2,1,2,2,unexposed,baseline_only,train,0.01,0.44151590070267444,0.5584840992973256
DEAP:S05:T22,DEAP:S05,T22,1,6.99,2,1,2,2,unexposed,baseline_only,train,0.01,0.47058535179315986,0.5294146482068401
DEAP:S05:T23,DEAP:S05,T23,0,1.0,2,1,2,2,unexposed,baseline_only,train,0.01,0.46234220151804684,0.5376577984819532
DEAP:S05:T25,DEAP:S05,T25,1,5.96,2,1,2,2,unexposed,baseline_only,train,0.01,0.41311125369773527,0.5868887463022647
DEAP:S05:T26,DEAP:S05,T26,1,7.96,2,1,2,2,unexposed,baseline_only,train,0.01,0.42091888031786795,0.579081119682132
DEAP:S05:T28,DEAP:S05,T28,0,3.9,2,1,2,2,unexposed,baseline_only,train,0.01,0.49611117970094476,0.5038888202990552
DEAP:S05:T29,DEAP:S05,T29,0,4.04,2,1,2,2,unexposed,baseline_only,train,0.01,0.41053114550953396,0.589468854490466
DEAP:S05:T30,DEAP:S05,T30,0,2.94,2,1,2,2,unexposed,baseline_only,train,0.01,0.47511430211806305,0.524885697881937
DEAP:S05:T32,DEAP:S05,T32,0,1.94,2,1,2,2,unexposed,baseline_only,train,0.01,0.451343484124195,0.548656515875805
DEAP:S05:T33,DEAP:S05,T33,1,5.17,2,1,2,2,unexposed,baseline_only,train,0.01,0.43447770791524565,0.5655222920847544
DEAP:S05:T39,DEAP:S05,T39,0,1.0,2,1,2,2,unexposed,baseline_only,train,0.01,0.39849306547344443,0.6015069345265556
DEAP:S06:T02,DEAP:S06,T02,1,6.83,2,1,2,2,unexposed,baseline_only,train,0.01,0.48623635586863256,0.5137636441313674
DEAP:S06:T04,DEAP:S06,T04,1,7.55,2,1,2,2,unexposed,baseline_only,train,0.01,0.4255738166042906,0.5744261833957094
DEAP:S06:T08,DEAP:S06,T08,1,7.05,2,1,2,2,unexposed,baseline_only,train,0.01,0.3441019334719373,0.6558980665280627
DEAP:S06:T18,DEAP:S06,T18,1,7.59,2,1,2,2,unexposed,baseline_only,train,0.01,0.3730149968105486,0.6269850031894514
DEAP:S06:T19,DEAP:S06,T19,1,7.41,2,1,2,2,unexposed,baseline_only,train,0.01,0.4292601182810696,0.5707398817189304
DEAP:S06:T22,DEAP:S06,T22,1,7.56,2,1,2,2,unexposed,baseline_only,train,0.01,0.48293968108739327,0.5170603189126067
DEAP:S06:T23,DEAP:S06,T23,0,3.47,2,1,2,2,unexposed,baseline_only,train,0.01,0.4598018056891705,0.5401981943108295
DEAP:S06:T25,DEAP:S06,T25,1,7.09,2,1,2,2,unexposed,baseline_only,train,0.01,0.3569472716416918,0.6430527283583082
DEAP:S06:T26,DEAP:S06,T26,1,5.08,2,1,2,2,unexposed,baseline_only,train,0.01,0.44679848468141203,0.553201515318588
DEAP:S06:T28,DEAP:S06,T28,1,6.42,2,1,2,2,unexposed,baseline_only,train,0.01,0.4527620253976202,0.5472379746023798
DEAP:S06:T29,DEAP:S06,T29,0,4.27,2,1,2,2,unexposed,baseline_only,train,0.01,0.3741870953307207,0.6258129046692793
DEAP:S06:T30,DEAP:S06,T30,1,6.99,2,1,2,2,unexposed,baseline_only,train,0.01,0.44237823162856293,0.5576217683714371
DEAP:S06:T32,DEAP:S06,T32,1,6.99,2,1,2,2,unexposed,baseline_only,train,0.01,0.4897362083407242,0.5102637916592758
DEAP:S06:T33,DEAP:S06,T33,1,6.68,2,1,2,2,unexposed,baseline_only,train,0.01,0.4324499007625523,0.5675500992374477
DEAP:S06:T39,DEAP:S06,T39,1,6.56,2,1,2,2,unexposed,baseline_only,train,0.01,0.36542601305423017,0.6345739869457698
DEAP:S07:T02,DEAP:S07,T02,1,7.15,2,1,2,2,unexposed,baseline_only,train,0.01,0.5365491249887802,0.4634508750112199
DEAP:S07:T04,DEAP:S07,T04,1,7.08,2,1,2,2,unexposed,baseline_only,train,0.01,0.4890452872256139,0.5109547127743861
DEAP:S07:T08,DEAP:S07,T08,1,7.0,2,1,2,2,unexposed,baseline_only,train,0.01,0.4798412896845917,0.5201587103154083
DEAP:S07:T11,DEAP:S07,T11,1,7.03,2,1,2,2,unexposed,baseline_only,train,0.01,0.4567863673882865,0.5432136326117135
DEAP:S07:T18,DEAP:S07,T18,1,7.03,2,1,2,2,unexposed,baseline_only,train,0.01,0.4833892312747846,0.5166107687252154
DEAP:S07:T19,DEAP:S07,T19,1,6.99,2,1,2,2,unexposed,baseline_only,train,0.01,0.44298562782028605,0.557014372179714
DEAP:S07:T22,DEAP:S07,T22,0,3.05,2,1,2,2,unexposed,baseline_only,train,0.01,0.47931709702835557,0.5206829029716444
DEAP:S07:T23,DEAP:S07,T23,0,3.01,2,1,2,2,unexposed,baseline_only,train,0.01,0.5443251612940081,0.45567483870599185
DEAP:S07:T26,DEAP:S07,T26,0,2.0,2,1,2,2,unexposed,baseline_only,train,0.01,0.49523212737382827,0.5047678726261717
DEAP:S07:T28,DEAP:S07,T28,0,2.05,2,1,2,2,unexposed,baseline_only,train,0.01,0.5576546713052795,0.4423453286947206
DEAP:S07:T29,DEAP:S07,T29,1,7.09,2,1,2,2,unexposed,baseline_only,train,0.01,0.5345190872927679,0.4654809127072322
DEAP:S07:T30,DEAP:S07,T30,0,3.09,2,1,2,2,unexposed,baseline_only,train,0.01,0.5184162999778266,0.4815837000221735
DEAP:S07:T32,DEAP:S07,T32,0,4.96,2,1,2,2,unexposed,baseline_only,train,0.01,0.5622864356621925,0.4377135643378075
DEAP:S07:T33,DEAP:S07,T33,0,4.97,2,1,2,2,unexposed,baseline_only,train,0.01,0.5491850418521067,0.45081495814789335
DEAP:S07:T39,DEAP:S07,T39,1,7.01,2,1,2,2,unexposed,baseline_only,train,0.01,0.5182990949406071,0.4817009050593929
DEAP:S08:T02,DEAP:S08,T02,1,5.04,2,1,2,2,unexposed,baseline_only,train,0.01,0.44256928825767394,0.5574307117423261
DEAP:S08:T04,DEAP:S08,T04,1,6.82,2,1,2,2,unexposed,baseline_only,train,0.01,0.4341129028949372,0.5658870971050628
DEAP:S08:T08,DEAP:S08,T08,1,8.82,2,1,2,2,unexposed,baseline_only,train,0.01,0.43133058210517905,0.568669417894821
DEAP:S08:T11,DEAP:S08,T11,1,8.41,2,1,2,2,unexposed,baseline_only,train,0.01,0.48293279710026216,0.5170672028997378
DEAP:S08:T19,DEAP:S08,T19,1,5.04,2,1,2,2,unexposed,baseline_only,train,0.01,0.40403695966584896,0.595963040334151
DEAP:S08:T22,DEAP:S08,T22,0,4.23,2,1,2,2,unexposed,baseline_only,train,0.01,0.4135008709688528,0.5864991290311472
DEAP:S08:T23,DEAP:S08,T23,0,3.59,2,1,2,2,unexposed,baseline_only,train,0.01,0.43739990298744147,0.5626000970125585
DEAP:S08:T25,DEAP:S08,T25,0,3.72,2,1,2,2,unexposed,baseline_only,train,0.01,0.4395892818824152,0.5604107181175848
DEAP:S08:T26,DEAP:S08,T26,0,4.99,2,1,2,2,unexposed,baseline_only,train,0.01,0.4490273464122998,0.5509726535877002
DEAP:S08:T28,DEAP:S08,T28,1,5.04,2,1,2,2,unexposed,baseline_only,train,0.01,0.4420962989178284,0.5579037010821716
DEAP:S08:T29,DEAP:S08,T29,0,2.78,2,1,2,2,unexposed,baseline_only,train,0.01,0.4220391533896706,0.5779608466103294
DEAP:S08:T30,DEAP:S08,T30,0,1.4,2,1,2,2,unexposed,baseline_only,train,0.01,0.44058700247258764,0.5594129975274124
DEAP:S08:T32,DEAP:S08,T32,1,6.33,2,1,2,2,unexposed,baseline_only,train,0.01,0.48071171309028127,0.5192882869097187
DEAP:S08:T33,DEAP:S08,T33,0,4.44,2,1,2,2,unexposed,baseline_only,train,0.01,0.4951922175311274,0.5048077824688726
DEAP:S08:T39,DEAP:S08,T39,1,5.05,2,1,2,2,unexposed,baseline_only,train,0.01,0.41529111652436634,0.5847088834756337
DEAP:S09:T02,DEAP:S09,T02,1,7.08,2,1,2,2,unexposed,baseline_only,train,0.01,0.611936522880048,0.388063477119952
DEAP:S09:T04,DEAP:S09,T04,1,5.99,2,1,2,2,unexposed,baseline_only,train,0.01,0.5918669786379097,0.4081330213620903
DEAP:S09:T08,DEAP:S09,T08,1,6.15,2,1,2,2,unexposed,baseline_only,train,0.01,0.5607660471507041,0.43923395284929595
DEAP:S09:T11,DEAP:S09,T11,1,7.12,2,1,2,2,unexposed,baseline_only,train,0.01,0.5969049835412805,0.4030950164587195
DEAP:S09:T18,DEAP:S09,T18,0,4.9,2,1,2,2,unexposed,baseline_only,train,0.01,0.5638485224183932,0.4361514775816068
DEAP:S09:T19,DEAP:S09,T19,0,3.97,2,1,2,2,unexposed,baseline_only,train,0.01,0.5727454504465253,0.42725454955347475
DEAP:S09:T22,DEAP:S09,T22,0,3.99,2,1,2,2,unexposed,baseline_only,train,0.01,0.560695704014279,0.4393042959857209
DEAP:S09:T25,DEAP:S09,T25,1,5.04,2,1,2,2,unexposed,baseline_only,train,0.01,0.5338038043663629,0.4661961956336372
DEAP:S09:T26,DEAP:S09,T26,0,4.1,2,1,2,2,unexposed,baseline_only,train,0.01,0.588117624184135,0.411882375815865
DEAP:S09:T28,DEAP:S09,T28,0,2.96,2,1,2,2,unexposed,baseline_only,train,0.01,0.5748280873275903,0.4251719126724097
DEAP:S09:T29,DEAP:S09,T29,0,3.99,2,1,2,2,unexposed,baseline_only,train,0.01,0.5956611465211863,0.4043388534788137
DEAP:S09:T32,DEAP:S09,T32,0,3.1,2,1,2,2,unexposed,baseline_only,train,0.01,0.5592145377685374,0.4407854622314627
DEAP:S09:T33,DEAP:S09,T33,0,3.08,2,1,2,2,unexposed,baseline_only,train,0.01,0.5753326758955397,0.4246673241044603
DEAP:S09:T39,DEAP:S09,T39,0,3.17,2,1,2,2,unexposed,baseline_only,train,0.01,0.6158875906086093,0.3841124093913907
DEAP:S10:T02,DEAP:S10,T02,0,3.55,2,1,2,2,unexposed,baseline_only,train,0.01,0.6316378047343636,0.36836219526563635
DEAP:S10:T08,DEAP:S10,T08,1,5.68,2,1,2,2,unexposed,baseline_only,train,0.01,0.6352943584178032,0.3647056415821968
DEAP:S10:T11,DEAP:S10,T11,1,8.99,2,1,2,2,unexposed,baseline_only,train,0.01,0.44341173886960494,0.5565882611303951
DEAP:S10:T18,DEAP:S10,T18,1,7.31,2,1,2,2,unexposed,baseline_only,train,0.01,0.6046463479243083,0.3953536520756918
DEAP:S10:T19,DEAP:S10,T19,1,7.82,2,1,2,2,unexposed,baseline_only,train,0.01,0.6180939427914246,0.3819060572085754
DEAP:S10:T22,DEAP:S10,T22,0,4.24,2,1,2,2,unexposed,baseline_only,train,0.01,0.5622178224681692,0.4377821775318308
DEAP:S10:T23,DEAP:S10,T23,0,2.87,2,1,2,2,unexposed,baseline_only,train,0.01,0.6184321455607398,0.3815678544392602
DEAP:S10:T25,DEAP:S10,T25,0,1.92,2,1,2,2,unexposed,baseline_only,train,0.01,0.641072199200373,0.35892780079962705
DEAP:S10:T26,DEAP:S10,T26,0,4.95,2,1,2,2,unexposed,baseline_only,train,0.01,0.6511562926314334,0.34884370736856657
DEAP:S10:T28,DEAP:S10,T28,0,4.31,2,1,2,2,unexposed,baseline_only,train,0.01,0.5823378528349001,0.4176621471650998
DEAP:S10:T29,DEAP:S10,T29,0,3.94,2,1,2,2,unexposed,baseline_only,train,0.01,0.6035326075090773,0.39646739249092267
DEAP:S10:T30,DEAP:S10,T30,0,2.64,2,1,2,2,unexposed,baseline_only,train,0.01,0.6037944727550898,0.3962055272449102
DEAP:S10:T32,DEAP:S10,T32,1,5.96,2,1,2,2,unexposed,baseline_only,train,0.01,0.6551915525471801,0.3448084474528199
DEAP:S10:T33,DEAP:S10,T33,0,4.94,2,1,2,2,unexposed,baseline_only,train,0.01,0.6126506143567264,0.3873493856432736
DEAP:S10:T39,DEAP:S10,T39,0,2.17,2,1,2,2,unexposed,baseline_only,train,0.01,0.6407386101020445,0.3592613898979556
DEAP:S11:T04,DEAP:S11,T04,1,7.65,2,1,2,2,unexposed,baseline_only,train,0.01,0.44172843967893316,0.5582715603210668
DEAP:S11:T18,DEAP:S11,T18,1,7.95,2,1,2,2,unexposed,baseline_only,train,0.01,0.39599003463651794,0.6040099653634821
DEAP:S11:T19,DEAP:S11,T19,1,5.54,2,1,2,2,unexposed,baseline_only,train,0.01,0.38748235780567686,0.6125176421943231
DEAP:S11:T22,DEAP:S11,T22,1,6.15,2,1,2,2,unexposed,baseline_only,train,0.01,0.4162001440428592,0.5837998559571408
DEAP:S11:T23,DEAP:S11,T23,0,3.72,2,1,2,2,unexposed,baseline_only,train,0.01,0.4142946398904672,0.5857053601095328
DEAP:S11:T25,DEAP:S11,T25,1,5.01,2,1,2,2,unexposed,baseline_only,train,0.01,0.4944741324560452,0.5055258675439548
DEAP:S11:T26,DEAP:S11,T26,1,5.49,2,1,2,2,unexposed,baseline_only,train,0.01,0.3807676090596218,0.6192323909403782
DEAP:S11:T28,DEAP:S11,T28,0,4.26,2,1,2,2,unexposed,baseline_only,train,0.01,0.47252517654969306,0.5274748234503069
DEAP:S11:T29,DEAP:S11,T29,0,2.32,2,1,2,2,unexposed,baseline_only,train,0.01,0.42958009423865373,0.5704199057613463
DEAP:S11:T30,DEAP:S11,T30,0,4.58,2,1,2,2,unexposed,baseline_only,train,0.01,0.4397807112997627,0.5602192887002373
DEAP:S11:T32,DEAP:S11,T32,1,5.01,2,1,2,2,unexposed,baseline_only,train,0.01,0.41827124826517703,0.581728751734823
DEAP:S11:T33,DEAP:S11,T33,1,5.64,2,1,2,2,unexposed,baseline_only,train,0.01,0.41876215357734525,0.5812378464226547
DEAP:S11:T39,DEAP:S11,T39,0,1.0,2,1,2,2,unexposed,baseline_only,train,0.01,0.4664217614852184,0.5335782385147816
DEAP:S12:T02,DEAP:S12,T02,1,6.09,2,1,2,2,unexposed,baseline_only,train,0.01,0.4548624015891486,0.5451375984108514
DEAP:S12:T04,DEAP:S12,T04,1,6.86,2,1,2,2,unexposed,baseline_only,train,0.01,0.4821231310505403,0.5178768689494597
DEAP:S12:T08,DEAP:S12,T08,1,5.1,2,1,2,2,unexposed,baseline_only,train,0.01,0.4479940759583162,0.5520059240416838
DEAP:S12:T11,DEAP:S12,T11,1,7.78,2,1,2,2,unexposed,baseline_only,train,0.01,0.45446495804287657,0.5455350419571234
DEAP:S12:T18,DEAP:S12,T18,1,7.35,2,1,2,2,unexposed,baseline_only,train,0.01,0.4838578375332391,0.5161421624667609
DEAP:S12:T19,DEAP:S12,T19,1,7.03,2,1,2,2,unexposed,baseline_only,train,0.01,0.4159950850645574,0.5840049149354426
DEAP:S12:T22,DEAP:S12,T22,0,3.33,2,1,2,2,unexposed,baseline_only,train,0.01,0.5669174322361001,0.4330825677638999
DEAP:S12:T23,DEAP:S12,T23,0,1.74,2,1,2,2,unexposed,baseline_only,train,0.01,0.47396825157153466,0.5260317484284653
DEAP:S12:T25,DEAP:S12,T25,0,2.78,2,1,2,2,unexposed,baseline_only,train,0.01,0.4842355714889519,0.5157644285110481
DEAP:S12:T26,DEAP:S12,T26,1,6.08,2,1,2,2,unexposed,baseline_only,train,0.01,0.4374653330933158,0.5625346669066842
DEAP:S12:T28,DEAP:S12,T28,1,5.04,2,1,2,2,unexposed,baseline_only,train,0.01,0.43020659486144197,0.569793405138558
DEAP:S12:T30,DEAP:S12,T30,0,3.36,2,1,2,2,unexposed,baseline_only,train,0.01,0.5167923584362306,0.48320764156376944
DEAP:S12:T32,DEAP:S12,T32,0,1.86,2,1,2,2,unexposed,baseline_only,train,0.01,0.4909477843450182,0.5090522156549818
DEAP:S12:T39,DEAP:S12,T39,0,3.18,2,1,2,2,unexposed,baseline_only,train,0.01,0.5045340408448133,0.4954659591551866
DEAP:S13:T02,DEAP:S13,T02,0,4.03,2,1,2,2,unexposed,baseline_only,train,0.01,0.49899368050144,0.50100631949856
DEAP:S13:T04,DEAP:S13,T04,1,7.08,2,1,2,2,unexposed,baseline_only,train,0.01,0.44839972817003904,0.551600271829961
DEAP:S13:T08,DEAP:S13,T08,1,7.99,2,1,2,2,unexposed,baseline_only,train,0.01,0.44725552133895474,0.5527444786610453
DEAP:S13:T11,DEAP:S13,T11,1,7.04,2,1,2,2,unexposed,baseline_only,train,0.01,0.522353951203262,0.47764604879673794
DEAP:S13:T18,DEAP:S13,T18,1,7.94,2,1,2,2,unexposed,baseline_only,train,0.01,0.5304963553421957,0.46950364465780425
DEAP:S13:T19,DEAP:S13,T19,1,8.51,2,1,2,2,unexposed,baseline_only,train,0.01,0.49634980514817084,0.5036501948518292
DEAP:S13:T22,DEAP:S13,T22,0,4.01,2,1,2,2,unexposed,baseline_only,train,0.01,0.5073855300351044,0.4926144699648956
DEAP:S13:T25,DEAP:S13,T25,0,3.97,2,1,2,2,unexposed,baseline_only,train,0.01,0.4843044783320588,0.5156955216679412
DEAP:S13:T26,DEAP:S13,T26,1,5.04,2,1,2,2,unexposed,baseline_only,train,0.01,0.46465486013206436,0.5353451398679356
DEAP:S13:T28,DEAP:S13,T28,1,7.08,2,1,2,2,unexposed,baseline_only,train,0.01,0.5106878811278392,0.4893121188721607
DEAP:S13:T29,DEAP:S13,T29,0,4.04,2,1,2,2,unexposed,baseline_only,train,0.01,0.5084503871621056,0.49154961283789445
DEAP:S13:T30,DEAP:S13,T30,0,3.05,2,1,2,2,unexposed,baseline_only,train,0.01,0.49224734991034136,0.5077526500896586
DEAP:S13:T32,DEAP:S13,T32,0,4.05,2,1,2,2,unexposed,baseline_only,train,0.01,0.4838707733445141,0.5161292266554859
DEAP:S13:T33,DEAP:S13,T33,0,4.55,2,1,2,2,unexposed,baseline_only,train,0.01,0.46327706049356876,0.5367229395064312
DEAP:S13:T39,DEAP:S13,T39,0,1.97,2,1,2,2,unexposed,baseline_only,train,0.01,0.5369509279761495,0.4630490720238505
DEAP:S18:T02,DEAP:S18,T02,1,6.87,2,1,2,2,unexposed,baseline_only,train,0.01,0.3867210912361272,0.6132789087638728
DEAP:S18:T04,DEAP:S18,T04,1,6.65,2,1,2,2,unexposed,baseline_only,train,0.01,0.47407514946433715,0.5259248505356628
DEAP:S18:T11,DEAP:S18,T11,1,6.24,2,1,2,2,unexposed,baseline_only,train,0.01,0.47340247984365647,0.5265975201563435
DEAP:S18:T18,DEAP:S18,T18,1,7.05,2,1,2,2,unexposed,baseline_only,train,0.01,0.4673231914696159,0.5326768085303841
DEAP:S18:T19,DEAP:S18,T19,1,7.04,2,1,2,2,unexposed,baseline_only,train,0.01,0.4858643617970817,0.5141356382029183
DEAP:S18:T22,DEAP:S18,T22,1,5.69,2,1,2,2,unexposed,baseline_only,train,0.01,0.5153182226600748,0.4846817773399252
DEAP:S18:T23,DEAP:S18,T23,0,3.71,2,1,2,2,unexposed,baseline_only,train,0.01,0.4874668168029993,0.5125331831970007
DEAP:S18:T25,DEAP:S18,T25,0,4.23,2,1,2,2,unexposed,baseline_only,train,0.01,0.42310609106800334,0.5768939089319967
DEAP:S18:T26,DEAP:S18,T26,1,5.44,2,1,2,2,unexposed,baseline_only,train,0.01,0.45257975876503753,0.5474202412349625
DEAP:S18:T28,DEAP:S18,T28,1,5.95,2,1,2,2,unexposed,baseline_only,train,0.01,0.42009538128171087,0.5799046187182891
DEAP:S18:T29,DEAP:S18,T29,0,4.9,2,1,2,2,unexposed,baseline_only,train,0.01,0.5085857572424699,0.49141424275753004
DEAP:S18:T30,DEAP:S18,T30,0,2.96,2,1,2,2,unexposed,baseline_only,train,0.01,0.4851414393284982,0.5148585606715018
DEAP:S18:T32,DEAP:S18,T32,0,4.62,2,1,2,2,unexposed,baseline_only,train,0.01,0.4920792808417038,0.5079207191582962
DEAP:S18:T33,DEAP:S18,T33,0,4.56,2,1,2,2,unexposed,baseline_only,train,0.01,0.4644980651370433,0.5355019348629567
DEAP:S18:T39,DEAP:S18,T39,0,4.06,2,1,2,2,unexposed,baseline_only,train,0.01,0.45323615247758353,0.5467638475224165
DEAP:S19:T04,DEAP:S19,T04,1,5.77,2,1,2,2,unexposed,baseline_only,train,0.01,0.4964693576948973,0.5035306423051027
DEAP:S19:T08,DEAP:S19,T08,1,7.44,2,1,2,2,unexposed,baseline_only,train,0.01,0.5422744229338201,0.4577255770661799
DEAP:S19:T11,DEAP:S19,T11,1,5.83,2,1,2,2,unexposed,baseline_only,train,0.01,0.477154128032399,0.522845871967601
DEAP:S19:T18,DEAP:S19,T18,1,7.77,2,1,2,2,unexposed,baseline_only,train,0.01,0.5231245114757692,0.47687548852423073
DEAP:S19:T19,DEAP:S19,T19,1,7.65,2,1,2,2,unexposed,baseline_only,train,0.01,0.5204307449755363,0.4795692550244636
DEAP:S19:T22,DEAP:S19,T22,1,5.04,2,1,2,2,unexposed,baseline_only,train,0.01,0.47879596194883933,0.5212040380511607
DEAP:S19:T23,DEAP:S19,T23,0,3.77,2,1,2,2,unexposed,baseline_only,train,0.01,0.4812820884197144,0.5187179115802856
DEAP:S19:T25,DEAP:S19,T25,0,2.19,2,1,2,2,unexposed,baseline_only,train,0.01,0.42921294152196554,0.5707870584780345
DEAP:S19:T26,DEAP:S19,T26,0,4.95,2,1,2,2,unexposed,baseline_only,train,0.01,0.4424355417888556,0.5575644582111444
DEAP:S19:T28,DEAP:S19,T28,1,6.21,2,1,2,2,unexposed,baseline_only,train,0.01,0.5402696803632389,0.45973031963676114
DEAP:S19:T29,DEAP:S19,T29,0,2.82,2,1,2,2,unexposed,baseline_only,train,0.01,0.49267652809689155,0.5073234719031084
DEAP:S19:T30,DEAP:S19,T30,0,2.85,2,1,2,2,unexposed,baseline_only,train,0.01,0.4838021420273253,0.5161978579726747
DEAP:S19:T32,DEAP:S19,T32,0,4.96,2,1,2,2,unexposed,baseline_only,train,0.01,0.5403445562912935,0.4596554437087065
DEAP:S19:T33,DEAP:S19,T33,0,3.4,2,1,2,2,unexposed,baseline_only,train,0.01,0.5441318201863732,0.4558681798136269
DEAP:S19:T39,DEAP:S19,T39,1,5.04,2,1,2,2,unexposed,baseline_only,train,0.01,0.5081908515521838,0.4918091484478162
DEAP:S21:T04,DEAP:S21,T04,1,5.05,2,1,2,2,unexposed,baseline_only,train,0.01,0.5488036809709063,0.45119631902909374
DEAP:S21:T08,DEAP:S21,T08,1,8.81,2,1,2,2,unexposed,baseline_only,train,0.01,0.5506833243032102,0.4493166756967898
DEAP:S21:T11,DEAP:S21,T11,1,7.05,2,1,2,2,unexposed,baseline_only,train,0.01,0.6046690049589802,0.3953309950410197
DEAP:S21:T18,DEAP:S21,T18,1,7.99,2,1,2,2,unexposed,baseline_only,train,0.01,0.4475849140337753,0.5524150859662247
DEAP:S21:T22,DEAP:S21,T22,0,2.09,2,1,2,2,unexposed,baseline_only,train,0.01,0.46496464924239655,0.5350353507576034
DEAP:S21:T23,DEAP:S21,T23,0,4.69,2,1,2,2,unexposed,baseline_only,train,0.01,0.5949537490652612,0.4050462509347388
DEAP:S21:T25,DEAP:S21,T25,0,3.97,2,1,2,2,unexposed,baseline_only,train,0.01,0.5030132019077398,0.49698679809226026
DEAP:S21:T26,DEAP:S21,T26,0,4.06,2,1,2,2,unexposed,baseline_only,train,0.01,0.5190375464529018,0.48096245354709816
DEAP:S21:T28,DEAP:S21,T28,0,3.04,2,1,2,2,unexposed,baseline_only,train,0.01,0.4705239181879389,0.5294760818120611
DEAP:S21:T29,DEAP:S21,T29,0,3.01,2,1,2,2,unexposed,baseline_only,train,0.01,0.5649131476873392,0.4350868523126607
DEAP:S21:T30,DEAP:S21,T30,0,3.45,2,1,2,2,unexposed,baseline_only,train,0.01,0.5730502212613431,0.4269497787386569
DEAP:S21:T32,DEAP:S21,T32,1,6.27,2,1,2,2,unexposed,baseline_only,train,0.01,0.6045338078556999,0.3954661921443002
DEAP:S21:T33,DEAP:S21,T33,1,7.03,2,1,2,2,unexposed,baseline_only,train,0.01,0.42954357693500833,0.5704564230649917
DEAP:S21:T39,DEAP:S21,T39,1,6.09,2,1,2,2,unexposed,baseline_only,train,0.01,0.4675570543907498,0.5324429456092502
DEAP:S22:T02,DEAP:S22,T02,1,7.08,2,1,2,2,unexposed,baseline_only,train,0.01,0.5628101905669463,0.4371898094330537
DEAP:S22:T04,DEAP:S22,T04,1,7.06,2,1,2,2,unexposed,baseline_only,train,0.01,0.6119431089002094,0.3880568910997905
DEAP:S22:T08,DEAP:S22,T08,1,7.09,2,1,2,2,unexposed,baseline_only,train,0.01,0.5723739183965688,0.4276260816034312
DEAP:S22:T11,DEAP:S22,T11,1,8.05,2,1,2,2,unexposed,baseline_only,train,0.01,0.5651182876314871,0.4348817123685129
DEAP:S22:T18,DEAP:S22,T18,1,8.08,2,1,2,2,unexposed,baseline_only,train,0.01,0.5361760739632342,0.46382392603676575
DEAP:S22:T19,DEAP:S22,T19,1,9.0,2,1,2,2,unexposed,baseline_only,train,0.01,0.5980505331838561,0.40194946681614385
DEAP:S22:T23,DEAP:S22,T23,0,2.99,2,1,2,2,unexposed,baseline_only,train,0.01,0.6001591273239346,0.3998408726760654
DEAP:S22:T25,DEAP:S22,T25,0,2.95,2,1,2,2,unexposed,baseline_only,train,0.01,0.5724514714727413,0.42754852852725866
DEAP:S22:T28,DEAP:S22,T28,0,4.03,2,1,2,2,unexposed,baseline_only,train,0.01,0.5804800451118683,0.4195199548881316
DEAP:S22:T30,DEAP:S22,T30,0,1.0,2,1,2,2,unexposed,baseline_only,train,0.01,0.5095063268749869,0.4904936731250131
DEAP:S22:T32,DEAP:S22,T32,0,1.99,2,1,2,2,unexposed,baseline_only,train,0.01,0.5931124366516757,0.4068875633483243
DEAP:S22:T33,DEAP:S22,T33,0,1.96,2,1,2,2,unexposed,baseline_only,train,0.01,0.620453008060735,0.379546991939265
DEAP:S22:T39,DEAP:S22,T39,0,1.0,2,1,2,2,unexposed,baseline_only,train,0.01,0.5794232440148178,0.4205767559851822
DEAP:S24:T02,DEAP:S24,T02,1,6.04,2,1,2,2,unexposed,baseline_only,train,0.01,0.6756930725045618,0.32430692749543816
DEAP:S24:T04,DEAP:S24,T04,1,6.05,2,1,2,2,unexposed,baseline_only,train,0.01,0.664295179397804,0.335704820602196
DEAP:S24:T08,DEAP:S24,T08,1,7.03,2,1,2,2,unexposed,baseline_only,train,0.01,0.6533219036339195,0.34667809636608055
DEAP:S24:T11,DEAP:S24,T11,1,7.03,2,1,2,2,unexposed,baseline_only,train,0.01,0.57787230793735,0.42212769206264994
DEAP:S24:T18,DEAP:S24,T18,1,8.96,2,1,2,2,unexposed,baseline_only,train,0.01,0.6728274668801272,0.3271725331198728
DEAP:S24:T19,DEAP:S24,T19,1,7.03,2,1,2,2,unexposed,baseline_only,train,0.01,0.6764704768645144,0.32352952313548555
DEAP:S24:T22,DEAP:S24,T22,0,3.03,2,1,2,2,unexposed,baseline_only,train,0.01,0.6644484226038414,0.3355515773961586
DEAP:S24:T23,DEAP:S24,T23,0,1.0,2,1,2,2,unexposed,baseline_only,train,0.01,0.6842374067089789,0.315762593291021
DEAP:S24:T25,DEAP:S24,T25,0,3.12,2,1,2,2,unexposed,baseline_only,train,0.01,0.6324438538098396,0.36755614619016047
DEAP:S24:T26,DEAP:S24,T26,0,4.05,2,1,2,2,unexposed,baseline_only,train,0.01,0.6622610263308966,0.3377389736691034
DEAP:S24:T28,DEAP:S24,T28,0,4.03,2,1,2,2,unexposed,baseline_only,train,0.01,0.6531227895516831,0.3468772104483169
DEAP:S24:T29,DEAP:S24,T29,0,3.97,2,1,2,2,unexposed,baseline_only,train,0.01,0.6411036765833953,0.3588963234166047
DEAP:S24:T30,DEAP:S24,T30,0,1.0,2,1,2,2,unexposed,baseline_only,train,0.01,0.639884001718796,0.360115998281204
DEAP:S24:T32,DEAP:S24,T32,0,3.0,2,1,2,2,unexposed,baseline_only,train,0.01,0.6476709604826689,0.35232903951733113
DEAP:S24:T33,DEAP:S24,T33,1,5.01,2,1,2,2,unexposed,baseline_only,train,0.01,0.5936803819648795,0.40631961803512046
DEAP:S24:T39,DEAP:S24,T39,0,2.12,2,1,2,2,unexposed,baseline_only,train,0.01,0.616237072645939,0.383762927354061
DEAP:S25:T02,DEAP:S25,T02,0,2.99,2,1,2,2,unexposed,baseline_only,train,0.01,0.520391165945696,0.479608834054304
DEAP:S25:T08,DEAP:S25,T08,1,8.04,2,1,2,2,unexposed,baseline_only,train,0.01,0.48822120541677216,0.5117787945832278
DEAP:S25:T11,DEAP:S25,T11,1,9.0,2,1,2,2,unexposed,baseline_only,train,0.01,0.542598092433884,0.457401907566116
DEAP:S25:T19,DEAP:S25,T19,1,7.06,2,1,2,2,unexposed,baseline_only,train,0.01,0.5986370768426197,0.4013629231573803
DEAP:S25:T22,DEAP:S25,T22,1,8.03,2,1,2,2,unexposed,baseline_only,train,0.01,0.5397327652915791,0.4602672347084209
DEAP:S25:T23,DEAP:S25,T23,0,2.01,2,1,2,2,unexposed,baseline_only,train,0.01,0.46616360194581885,0.5338363980541811
DEAP:S25:T25,DEAP:S25,T25,0,4.96,2,1,2,2,unexposed,baseline_only,train,0.01,0.6587114305154712,0.3412885694845288
DEAP:S25:T26,DEAP:S25,T26,0,4.99,2,1,2,2,unexposed,baseline_only,train,0.01,0.6364155444056391,0.3635844555943609
DEAP:S25:T28,DEAP:S25,T28,1,5.01,2,1,2,2,unexposed,baseline_only,train,0.01,0.4785636727531809,0.5214363272468191
DEAP:S25:T30,DEAP:S25,T30,0,4.03,2,1,2,2,unexposed,baseline_only,train,0.01,0.6246511581235666,0.37534884187643336
DEAP:S25:T32,DEAP:S25,T32,0,1.0,2,1,2,2,unexposed,baseline_only,train,0.01,0.5434997189309159,0.45650028106908414
DEAP:S25:T39,DEAP:S25,T39,0,1.0,2,1,2,2,unexposed,baseline_only,train,0.01,0.5181095243073135,0.4818904756926865
DEAP:S26:T02,DEAP:S26,T02,1,6.96,2,1,2,2,unexposed,baseline_only,train,0.01,0.4662541036171398,0.5337458963828602
DEAP:S26:T04,DEAP:S26,T04,1,8.03,2,1,2,2,unexposed,baseline_only,train,0.01,0.4258552141908588,0.5741447858091412
DEAP:S26:T08,DEAP:S26,T08,1,8.01,2,1,2,2,unexposed,baseline_only,train,0.01,0.5172983648717158,0.4827016351282843
DEAP:S26:T11,DEAP:S26,T11,1,8.04,2,1,2,2,unexposed,baseline_only,train,0.01,0.542977670000466,0.457022329999534
DEAP:S26:T18,DEAP:S26,T18,1,9.0,2,1,2,2,unexposed,baseline_only,train,0.01,0.4253035193546232,0.5746964806453768
DEAP:S26:T19,DEAP:S26,T19,1,8.0,2,1,2,2,unexposed,baseline_only,train,0.01,0.4543572963214292,0.5456427036785708
DEAP:S26:T22,DEAP:S26,T22,1,6.97,2,1,2,2,unexposed,baseline_only,train,0.01,0.49512488452455605,0.504875115475444
DEAP:S26:T23,DEAP:S26,T23,0,2.28,2,1,2,2,unexposed,baseline_only,train,0.01,0.4443205653099719,0.5556794346900281
DEAP:S26:T25,DEAP:S26,T25,1,7.14,2,1,2,2,unexposed,baseline_only,train,0.01,0.40213639206620255,0.5978636079337974
DEAP:S26:T26,DEAP:S26,T26,1,5.05,2,1,2,2,unexposed,baseline_only,train,0.01,0.449596358279825,0.550403641720175
DEAP:S26:T28,DEAP:S26,T28,1,5.97,2,1,2,2,unexposed,baseline_only,train,0.01,0.43362550442440895,0.566374495575591
DEAP:S26:T29,DEAP:S26,T29,1,6.09,2,1,2,2,unexposed,baseline_only,train,0.01,0.36961117363214113,0.6303888263678589
DEAP:S26:T30,DEAP:S26,T30,0,4.95,2,1,2,2,unexposed,baseline_only,train,0.01,0.4123609804072871,0.5876390195927129
DEAP:S26:T32,DEAP:S26,T32,0,1.96,2,1,2,2,unexposed,baseline_only,train,0.01,0.44893071381628635,0.5510692861837136
DEAP:S26:T33,DEAP:S26,T33,0,1.0,2,1,2,2,unexposed,baseline_only,train,0.01,0.44183601949159346,0.5581639805084065
DEAP:S26:T39,DEAP:S26,T39,0,1.95,2,1,2,2,unexposed,baseline_only,train,0.01,0.45275732458655527,0.5472426754134447
DEAP:S27:T02,DEAP:S27,T02,1,7.0,2,1,2,2,unexposed,baseline_only,train,0.01,0.3245829022010327,0.6754170977989673
DEAP:S27:T04,DEAP:S27,T04,1,7.05,2,1,2,2,unexposed,baseline_only,train,0.01,0.3047821070077179,0.6952178929922821
DEAP:S27:T08,DEAP:S27,T08,1,8.24,2,1,2,2,unexposed,baseline_only,train,0.01,0.31042214461884154,0.6895778553811585
DEAP:S27:T11,DEAP:S27,T11,1,9.0,2,1,2,2,unexposed,baseline_only,train,0.01,0.3340380237919558,0.6659619762080442
DEAP:S27:T19,DEAP:S27,T19,1,5.06,2,1,2,2,unexposed,baseline_only,train,0.01,0.28775614004786176,0.7122438599521382
DEAP:S27:T22,DEAP:S27,T22,1,7.29,2,1,2,2,unexposed,baseline_only,train,0.01,0.42217887860566417,0.5778211213943358
DEAP:S27:T23,DEAP:S27,T23,1,8.0,2,1,2,2,unexposed,baseline_only,train,0.01,0.33602891085860453,0.6639710891413955
DEAP:S27:T25,DEAP:S27,T25,0,4.0,2,1,2,2,unexposed,baseline_only,train,0.01,0.2941656450606073,0.7058343549393927
DEAP:S27:T26,DEAP:S27,T26,1,5.04,2,1,2,2,unexposed,baseline_only,train,0.01,0.3118283644462312,0.6881716355537688
DEAP:S27:T28,DEAP:S27,T28,1,5.04,2,1,2,2,unexposed,baseline_only,train,0.01,0.31305718634568536,0.6869428136543146
DEAP:S27:T29,DEAP:S27,T29,1,7.18,2,1,2,2,unexposed,baseline_only,train,0.01,0.34434656203873815,0.6556534379612619
DEAP:S27:T30,DEAP:S27,T30,1,7.08,2,1,2,2,unexposed,baseline_only,train,0.01,0.3062333332504027,0.6937666667495973
DEAP:S27:T32,DEAP:S27,T32,1,5.04,2,1,2,2,unexposed,baseline_only,train,0.01,0.3719627256478555,0.6280372743521445
DEAP:S27:T33,DEAP:S27,T33,1,5.04,2,1,2,2,unexposed,baseline_only,train,0.01,0.29105455907970357,0.7089454409202964
DEAP:S27:T39,DEAP:S27,T39,0,2.14,2,1,2,2,unexposed,baseline_only,train,0.01,0.4155550190318421,0.5844449809681579
DEAP:S28:T02,DEAP:S28,T02,1,7.99,2,1,2,2,unexposed,baseline_only,train,0.01,0.5638823233182098,0.4361176766817902
DEAP:S28:T04,DEAP:S28,T04,1,8.08,2,1,2,2,unexposed,baseline_only,train,0.01,0.5272526305043566,0.47274736949564344
DEAP:S28:T08,DEAP:S28,T08,1,7.01,2,1,2,2,unexposed,baseline_only,train,0.01,0.47849913044677184,0.5215008695532282
DEAP:S28:T11,DEAP:S28,T11,1,7.01,2,1,2,2,unexposed,baseline_only,train,0.01,0.5484511451414604,0.4515488548585395
DEAP:S28:T18,DEAP:S28,T18,1,8.08,2,1,2,2,unexposed,baseline_only,train,0.01,0.5686742527342605,0.4313257472657394
DEAP:S28:T19,DEAP:S28,T19,1,7.03,2,1,2,2,unexposed,baseline_only,train,0.01,0.5237380541400476,0.4762619458599524
DEAP:S28:T22,DEAP:S28,T22,1,5.03,2,1,2,2,unexposed,baseline_only,train,0.01,0.5316917443127067,0.4683082556872933
DEAP:S28:T23,DEAP:S28,T23,0,2.03,2,1,2,2,unexposed,baseline_only,train,0.01,0.5535477405606268,0.4464522594393731
DEAP:S28:T25,DEAP:S28,T25,0,4.06,2,1,2,2,unexposed,baseline_only,train,0.01,0.5319053780622315,0.4680946219377685
DEAP:S28:T26,DEAP:S28,T26,0,1.99,2,1,2,2,unexposed,baseline_only,train,0.01,0.5408665996279451,0.4591334003720548
DEAP:S28:T28,DEAP:S28,T28,0,2.9,2,1,2,2,unexposed,baseline_only,train,0.01,0.5789907065374135,0.42100929346258653
DEAP:S28:T29,DEAP:S28,T29,0,2.06,2,1,2,2,unexposed,baseline_only,train,0.01,0.5886717328243833,0.4113282671756166
DEAP:S28:T30,DEAP:S28,T30,0,1.99,2,1,2,2,unexposed,baseline_only,train,0.01,0.5144379879068104,0.48556201209318955
DEAP:S28:T32,DEAP:S28,T32,0,3.05,2,1,2,2,unexposed,baseline_only,train,0.01,0.5431667838487735,0.45683321615122646
DEAP:S28:T33,DEAP:S28,T33,1,7.01,2,1,2,2,unexposed,baseline_only,train,0.01,0.5326845348621438,0.46731546513785616
DEAP:S28:T39,DEAP:S28,T39,0,1.04,2,1,2,2,unexposed,baseline_only,train,0.01,0.5012833589486795,0.4987166410513205
DEAP:S29:T02,DEAP:S29,T02,1,7.05,2,1,2,2,unexposed,baseline_only,train,0.01,0.5297070114660977,0.47029298853390233
DEAP:S29:T04,DEAP:S29,T04,1,7.17,2,1,2,2,unexposed,baseline_only,train,0.01,0.5281479805311771,0.471852019468823
DEAP:S29:T08,DEAP:S29,T08,1,7.04,2,1,2,2,unexposed,baseline_only,train,0.01,0.511602840557104,0.488397159442896
DEAP:S29:T11,DEAP:S29,T11,1,8.03,2,1,2,2,unexposed,baseline_only,train,0.01,0.555732084171833,0.44426791582816705
DEAP:S29:T18,DEAP:S29,T18,1,7.01,2,1,2,2,unexposed,baseline_only,train,0.01,0.5086089532001308,0.4913910467998692
DEAP:S29:T19,DEAP:S29,T19,1,7.05,2,1,2,2,unexposed,baseline_only,train,0.01,0.526375943174336,0.47362405682566405
DEAP:S29:T22,DEAP:S29,T22,0,3.05,2,1,2,2,unexposed,baseline_only,train,0.01,0.5197662521497566,0.48023374785024336
DEAP:S29:T23,DEAP:S29,T23,0,2.05,2,1,2,2,unexposed,baseline_only,train,0.01,0.5804614085292525,0.41953859147074746
DEAP:S29:T25,DEAP:S29,T25,0,3.03,2,1,2,2,unexposed,baseline_only,train,0.01,0.56173340233712,0.43826659766288
DEAP:S29:T26,DEAP:S29,T26,0,3.0,2,1,2,2,unexposed,baseline_only,train,0.01,0.5476094337499449,0.4523905662500551
DEAP:S29:T28,DEAP:S29,T28,0,1.04,2,1,2,2,unexposed,baseline_only,train,0.01,0.5789092015732127,0.42109079842678737
DEAP:S29:T29,DEAP:S29,T29,0,3.97,2,1,2,2,unexposed,baseline_only,train,0.01,0.5913435674840376,0.4086564325159624
DEAP:S29:T30,DEAP:S29,T30,0,2.95,2,1,2,2,unexposed,baseline_only,train,0.01,0.5817425207495397,0.41825747925046036
DEAP:S29:T32,DEAP:S29,T32,0,4.04,2,1,2,2,unexposed,baseline_only,train,0.01,0.5213515276877123,0.47864847231228774
DEAP:S29:T33,DEAP:S29,T33,0,1.99,2,1,2,2,unexposed,baseline_only,train,0.01,0.5388928677722193,0.46110713222778066
DEAP:S29:T39,DEAP:S29,T39,1,6.05,2,1,2,2,unexposed,baseline_only,train,0.01,0.5071128802027016,0.4928871197972983
DEAP:S30:T02,DEAP:S30,T02,1,7.15,2,1,2,2,unexposed,baseline_only,train,0.01,0.4893511983397961,0.5106488016602039
DEAP:S30:T04,DEAP:S30,T04,1,7.04,2,1,2,2,unexposed,baseline_only,train,0.01,0.5302003479171867,0.46979965208281327
DEAP:S30:T08,DEAP:S30,T08,1,6.05,2,1,2,2,unexposed,baseline_only,train,0.01,0.44885032281106396,0.551149677188936
DEAP:S30:T11,DEAP:S30,T11,1,6.06,2,1,2,2,unexposed,baseline_only,train,0.01,0.43310125696883606,0.5668987430311639
DEAP:S30:T18,DEAP:S30,T18,1,7.05,2,1,2,2,unexposed,baseline_only,train,0.01,0.46236447739045505,0.537635522609545
DEAP:S30:T19,DEAP:S30,T19,1,8.27,2,1,2,2,unexposed,baseline_only,train,0.01,0.35971899379595174,0.6402810062040483
DEAP:S30:T22,DEAP:S30,T22,0,4.05,2,1,2,2,unexposed,baseline_only,train,0.01,0.45335019267245924,0.5466498073275408
DEAP:S30:T23,DEAP:S30,T23,0,3.0,2,1,2,2,unexposed,baseline_only,train,0.01,0.4192225788210804,0.5807774211789196
DEAP:S30:T25,DEAP:S30,T25,0,3.92,2,1,2,2,unexposed,baseline_only,train,0.01,0.421853321326663,0.578146678673337
DEAP:S30:T26,DEAP:S30,T26,1,5.01,2,1,2,2,unexposed,baseline_only,train,0.01,0.47907807825376214,0.5209219217462379
DEAP:S30:T28,DEAP:S30,T28,1,5.06,2,1,2,2,unexposed,baseline_only,train,0.01,0.46801315436992486,0.5319868456300751
DEAP:S30:T29,DEAP:S30,T29,1,7.23,2,1,2,2,unexposed,baseline_only,train,0.01,0.4252665605510001,0.5747334394489999
DEAP:S30:T30,DEAP:S30,T30,0,4.04,2,1,2,2,unexposed,baseline_only,train,0.01,0.41865188350501004,0.58134811649499
DEAP:S30:T32,DEAP:S30,T32,1,5.01,2,1,2,2,unexposed,baseline_only,train,0.01,0.43134656468705546,0.5686534353129445
DEAP:S30:T33,DEAP:S30,T33,0,3.91,2,1,2,2,unexposed,baseline_only,train,0.01,0.4477714775111207,0.5522285224888793
DEAP:S30:T39,DEAP:S30,T39,0,2.97,2,1,2,2,unexposed,baseline_only,train,0.01,0.4605841160279531,0.5394158839720469
DEAP:S31:T02,DEAP:S31,T02,1,5.03,2,1,2,2,unexposed,baseline_only,train,0.01,0.40842450073618386,0.5915754992638161
DEAP:S31:T04,DEAP:S31,T04,1,6.97,2,1,2,2,unexposed,baseline_only,train,0.01,0.39512984164540743,0.6048701583545926
DEAP:S31:T08,DEAP:S31,T08,1,6.03,2,1,2,2,unexposed,baseline_only,train,0.01,0.4390576010996534,0.5609423989003466
DEAP:S31:T11,DEAP:S31,T11,1,9.0,2,1,2,2,unexposed,baseline_only,train,0.01,0.38592670160926845,0.6140732983907315
DEAP:S31:T18,DEAP:S31,T18,1,7.06,2,1,2,2,unexposed,baseline_only,train,0.01,0.412254416285013,0.587745583714987
DEAP:S31:T19,DEAP:S31,T19,1,7.95,2,1,2,2,unexposed,baseline_only,train,0.01,0.4418646146824913,0.5581353853175087
DEAP:S31:T22,DEAP:S31,T22,1,5.04,2,1,2,2,unexposed,baseline_only,train,0.01,0.41957734850001127,0.5804226514999887
DEAP:S31:T23,DEAP:S31,T23,0,1.0,2,1,2,2,unexposed,baseline_only,train,0.01,0.44423470658988784,0.5557652934101122
DEAP:S31:T25,DEAP:S31,T25,1,6.14,2,1,2,2,unexposed,baseline_only,train,0.01,0.4569057337779566,0.5430942662220434
DEAP:S31:T26,DEAP:S31,T26,1,7.08,2,1,2,2,unexposed,baseline_only,train,0.01,0.393058554609124,0.606941445390876
DEAP:S31:T28,DEAP:S31,T28,1,5.01,2,1,2,2,unexposed,baseline_only,train,0.01,0.40116191096192144,0.5988380890380786
DEAP:S31:T30,DEAP:S31,T30,0,3.13,2,1,2,2,unexposed,baseline_only,train,0.01,0.44169011963022,0.55830988036978
DEAP:S31:T32,DEAP:S31,T32,0,1.0,2,1,2,2,unexposed,baseline_only,train,0.01,0.4077822958196241,0.5922177041803759
DEAP:S31:T33,DEAP:S31,T33,0,4.18,2,1,2,2,unexposed,baseline_only,train,0.01,0.41543702615703215,0.5845629738429678
DEAP:S31:T39,DEAP:S31,T39,0,1.0,2,1,2,2,unexposed,baseline_only,train,0.01,0.4322462761247008,0.5677537238752992
DEAP:S32:T02,DEAP:S32,T02,0,4.99,2,1,2,2,unexposed,baseline_only,train,0.01,0.6145427186296588,0.38545728137034113
DEAP:S32:T04,DEAP:S32,T04,1,6.96,2,1,2,2,unexposed,baseline_only,train,0.01,0.5263133355300744,0.47368666446992563
DEAP:S32:T08,DEAP:S32,T08,1,7.96,2,1,2,2,unexposed,baseline_only,train,0.01,0.4286238337594329,0.5713761662405671
DEAP:S32:T11,DEAP:S32,T11,1,8.24,2,1,2,2,unexposed,baseline_only,train,0.01,0.47876431346967985,0.5212356865303202
DEAP:S32:T18,DEAP:S32,T18,1,8.03,2,1,2,2,unexposed,baseline_only,train,0.01,0.43698559143542437,0.5630144085645756
DEAP:S32:T19,DEAP:S32,T19,1,8.24,2,1,2,2,unexposed,baseline_only,train,0.01,0.5623913594676764,0.4376086405323236
DEAP:S32:T23,DEAP:S32,T23,0,3.01,2,1,2,2,unexposed,baseline_only,train,0.01,0.45504451081252295,0.544955489187477
DEAP:S32:T25,DEAP:S32,T25,0,4.01,2,1,2,2,unexposed,baseline_only,train,0.01,0.6188281743739621,0.3811718256260379
DEAP:S32:T26,DEAP:S32,T26,1,5.14,2,1,2,2,unexposed,baseline_only,train,0.01,0.5323071231801562,0.4676928768198438
DEAP:S32:T28,DEAP:S32,T28,1,6.03,2,1,2,2,unexposed,baseline_only,train,0.01,0.4191419293061027,0.5808580706938973
DEAP:S32:T29,DEAP:S32,T29,0,4.09,2,1,2,2,unexposed,baseline_only,train,0.01,0.5795560732586696,0.42044392674133035
DEAP:S32:T30,DEAP:S32,T30,0,1.0,2,1,2,2,unexposed,baseline_only,train,0.01,0.5544013046367033,0.4455986953632966
DEAP:S32:T32,DEAP:S32,T32,0,3.87,2,1,2,2,unexposed,baseline_only,train,0.01,0.5694813506642111,0.4305186493357889
DEAP:S32:T33,DEAP:S32,T33,0,4.06,2,1,2,2,unexposed,baseline_only,train,0.01,0.607092660704376,0.39290733929562405
DEAP:S32:T39,DEAP:S32,T39,0,3.99,2,1,2,2,unexposed,baseline_only,train,0.01,0.5845260106681174,0.4154739893318827
DEAP:S02:T07,DEAP:S02,T07,0,4.96,2,1,2,2,unexposed,baseline_only,validation_unseen,0.01,0.6478219948873345,0.35217800511266545
DEAP:S02:T09,DEAP:S02,T09,1,9.0,2,1,2,2,unexposed,baseline_only,validation_unseen,0.01,0.5560326589018227,0.44396734109817726
DEAP:S02:T17,DEAP:S02,T17,1,9.0,2,1,2,2,unexposed,baseline_only,validation_unseen,0.01,0.6224502403938003,0.37754975960619974
DEAP:S02:T35,DEAP:S02,T35,0,1.99,2,1,2,2,unexposed,baseline_only,validation_unseen,0.01,0.643504196288443,0.356495803711557
DEAP:S02:T36,DEAP:S02,T36,1,5.04,2,1,2,2,unexposed,baseline_only,validation_unseen,0.01,0.6020990030402816,0.39790099695971837
DEAP:S02:T37,DEAP:S02,T37,0,1.0,2,1,2,2,unexposed,baseline_only,validation_unseen,0.01,0.6060805028117148,0.39391949718828523
DEAP:S02:T40,DEAP:S02,T40,1,6.05,2,1,2,2,unexposed,baseline_only,validation_unseen,0.01,0.6746378108677539,0.3253621891322461
DEAP:S03:T06,DEAP:S03,T06,1,6.79,2,1,2,2,unexposed,baseline_only,validation_unseen,0.01,0.5375615664251941,0.46243843357480585
DEAP:S03:T07,DEAP:S03,T07,1,5.45,2,1,2,2,unexposed,baseline_only,validation_unseen,0.01,0.5610758261598284,0.43892417384017157
DEAP:S03:T09,DEAP:S03,T09,1,7.33,2,1,2,2,unexposed,baseline_only,validation_unseen,0.01,0.5593290153736115,0.44067098462638854
DEAP:S03:T17,DEAP:S03,T17,0,4.56,2,1,2,2,unexposed,baseline_only,validation_unseen,0.01,0.5561554791696988,0.4438445208303012
DEAP:S03:T35,DEAP:S03,T35,0,3.18,2,1,2,2,unexposed,baseline_only,validation_unseen,0.01,0.5652078149082106,0.4347921850917894
DEAP:S03:T36,DEAP:S03,T36,1,5.01,2,1,2,2,unexposed,baseline_only,validation_unseen,0.01,0.5783333162363868,0.42166668376361316
DEAP:S03:T37,DEAP:S03,T37,0,4.92,2,1,2,2,unexposed,baseline_only,validation_unseen,0.01,0.5847917751091374,0.4152082248908626
DEAP:S03:T40,DEAP:S03,T40,1,5.38,2,1,2,2,unexposed,baseline_only,validation_unseen,0.01,0.5315550754950789,0.4684449245049211
DEAP:S15:T06,DEAP:S15,T06,1,9.0,2,1,2,2,unexposed,baseline_only,validation_unseen,0.01,0.49602338679917035,0.5039766132008296
DEAP:S15:T07,DEAP:S15,T07,1,5.04,2,1,2,2,unexposed,baseline_only,validation_unseen,0.01,0.5460717043862078,0.4539282956137923
DEAP:S15:T09,DEAP:S15,T09,1,9.0,2,1,2,2,unexposed,baseline_only,validation_unseen,0.01,0.5134456364615847,0.4865543635384153
DEAP:S15:T17,DEAP:S15,T17,1,8.1,2,1,2,2,unexposed,baseline_only,validation_unseen,0.01,0.4899378243469864,0.5100621756530136
DEAP:S15:T35,DEAP:S15,T35,1,5.05,2,1,2,2,unexposed,baseline_only,validation_unseen,0.01,0.5733100001454794,0.4266899998545206
DEAP:S15:T36,DEAP:S15,T36,0,3.96,2,1,2,2,unexposed,baseline_only,validation_unseen,0.01,0.5793701357137665,0.4206298642862335
DEAP:S15:T37,DEAP:S15,T37,0,3.04,2,1,2,2,unexposed,baseline_only,validation_unseen,0.01,0.5133333815474936,0.48666661845250636
DEAP:S15:T40,DEAP:S15,T40,0,4.01,2,1,2,2,unexposed,baseline_only,validation_unseen,0.01,0.5494577853416187,0.45054221465838123
DEAP:S20:T06,DEAP:S20,T06,1,7.62,2,1,2,2,unexposed,baseline_only,validation_unseen,0.01,0.5244275291742536,0.4755724708257464
DEAP:S20:T07,DEAP:S20,T07,1,5.27,2,1,2,2,unexposed,baseline_only,validation_unseen,0.01,0.4966574633382488,0.5033425366617512
DEAP:S20:T09,DEAP:S20,T09,1,8.22,2,1,2,2,unexposed,baseline_only,validation_unseen,0.01,0.470380382617097,0.529619617382903
DEAP:S20:T17,DEAP:S20,T17,1,5.04,2,1,2,2,unexposed,baseline_only,validation_unseen,0.01,0.47638137995507013,0.5236186200449299
DEAP:S20:T35,DEAP:S20,T35,0,4.35,2,1,2,2,unexposed,baseline_only,validation_unseen,0.01,0.4333900547898475,0.5666099452101525
DEAP:S20:T36,DEAP:S20,T36,0,4.29,2,1,2,2,unexposed,baseline_only,validation_unseen,0.01,0.5240981891111303,0.47590181088886974
DEAP:S20:T37,DEAP:S20,T37,0,3.01,2,1,2,2,unexposed,baseline_only,validation_unseen,0.01,0.4739805303785246,0.5260194696214754
DEAP:S20:T40,DEAP:S20,T40,0,4.94,2,1,2,2,unexposed,baseline_only,validation_unseen,0.01,0.5020547524524364,0.4979452475475637
DEAP:S02:T02,DEAP:S02,T02,1,8.01,2,1,2,2,unexposed,baseline_only,validation_familiar,0.01,0.5223205589179892,0.47767944108201077
DEAP:S02:T04,DEAP:S02,T04,1,6.05,2,1,2,2,unexposed,baseline_only,validation_familiar,0.01,0.4636308532970195,0.5363691467029805
DEAP:S02:T08,DEAP:S02,T08,1,9.0,2,1,2,2,unexposed,baseline_only,validation_familiar,0.01,0.6503757053799817,0.3496242946200183
DEAP:S02:T11,DEAP:S02,T11,1,7.08,2,1,2,2,unexposed,baseline_only,validation_familiar,0.01,0.6219143172020903,0.37808568279790966
DEAP:S02:T18,DEAP:S02,T18,1,9.0,2,1,2,2,unexposed,baseline_only,validation_familiar,0.01,0.6000703083039729,0.39992969169602705
DEAP:S02:T19,DEAP:S02,T19,1,9.0,2,1,2,2,unexposed,baseline_only,validation_familiar,0.01,0.6590335166993926,0.34096648330060747
DEAP:S02:T23,DEAP:S02,T23,0,1.0,2,1,2,2,unexposed,baseline_only,validation_familiar,0.01,0.5883844943813562,0.4116155056186438
DEAP:S02:T25,DEAP:S02,T25,1,9.0,2,1,2,2,unexposed,baseline_only,validation_familiar,0.01,0.5264881050604912,0.47351189493950885
DEAP:S02:T26,DEAP:S02,T26,1,9.0,2,1,2,2,unexposed,baseline_only,validation_familiar,0.01,0.6668843010716822,0.3331156989283178
DEAP:S02:T28,DEAP:S02,T28,0,4.06,2,1,2,2,unexposed,baseline_only,validation_familiar,0.01,0.5857737225893143,0.4142262774106858
DEAP:S02:T29,DEAP:S02,T29,0,2.99,2,1,2,2,unexposed,baseline_only,validation_familiar,0.01,0.5890795387233423,0.41092046127665777
DEAP:S02:T30,DEAP:S02,T30,0,2.01,2,1,2,2,unexposed,baseline_only,validation_familiar,0.01,0.6403710891537109,0.3596289108462891
DEAP:S02:T32,DEAP:S02,T32,0,1.0,2,1,2,2,unexposed,baseline_only,validation_familiar,0.01,0.6327687014812267,0.36723129851877334
DEAP:S02:T39,DEAP:S02,T39,0,1.0,2,1,2,2,unexposed,baseline_only,validation_familiar,0.01,0.5662708617851238,0.4337291382148763
DEAP:S03:T02,DEAP:S03,T02,1,7.21,2,1,2,2,unexposed,baseline_only,validation_familiar,0.01,0.5192227156716469,0.48077728432835315
DEAP:S03:T04,DEAP:S03,T04,0,4.69,2,1,2,2,unexposed,baseline_only,validation_familiar,0.01,0.47442653312203276,0.5255734668779672
DEAP:S03:T08,DEAP:S03,T08,1,7.14,2,1,2,2,unexposed,baseline_only,validation_familiar,0.01,0.5213345863314609,0.47866541366853904
DEAP:S03:T11,DEAP:S03,T11,1,7.94,2,1,2,2,unexposed,baseline_only,validation_familiar,0.01,0.4363012889321939,0.5636987110678061
DEAP:S03:T18,DEAP:S03,T18,1,7.1,2,1,2,2,unexposed,baseline_only,validation_familiar,0.01,0.5243419196857169,0.4756580803142831
DEAP:S03:T19,DEAP:S03,T19,1,8.14,2,1,2,2,unexposed,baseline_only,validation_familiar,0.01,0.6008104833046333,0.3991895166953667
DEAP:S03:T22,DEAP:S03,T22,0,4.94,2,1,2,2,unexposed,baseline_only,validation_familiar,0.01,0.535923575910143,0.46407642408985705
DEAP:S03:T23,DEAP:S03,T23,0,3.65,2,1,2,2,unexposed,baseline_only,validation_familiar,0.01,0.6182876996972045,0.38171230030279546
DEAP:S03:T25,DEAP:S03,T25,0,3.45,2,1,2,2,unexposed,baseline_only,validation_familiar,0.01,0.5520901169918127,0.44790988300818735
DEAP:S03:T26,DEAP:S03,T26,0,4.67,2,1,2,2,unexposed,baseline_only,validation_familiar,0.01,0.5314173551917005,0.4685826448082995
DEAP:S03:T28,DEAP:S03,T28,1,5.59,2,1,2,2,unexposed,baseline_only,validation_familiar,0.01,0.5392510792992239,0.4607489207007761
DEAP:S03:T29,DEAP:S03,T29,0,4.47,2,1,2,2,unexposed,baseline_only,validation_familiar,0.01,0.41522661131892624,0.5847733886810738
DEAP:S03:T30,DEAP:S03,T30,0,3.87,2,1,2,2,unexposed,baseline_only,validation_familiar,0.01,0.6312506080786737,0.36874939192132633
DEAP:S03:T32,DEAP:S03,T32,1,5.17,2,1,2,2,unexposed,baseline_only,validation_familiar,0.01,0.5207035941515419,0.47929640584845806
DEAP:S03:T33,DEAP:S03,T33,0,4.05,2,1,2,2,unexposed,baseline_only,validation_familiar,0.01,0.5555595274549123,0.4444404725450876
DEAP:S03:T39,DEAP:S03,T39,0,4.33,2,1,2,2,unexposed,baseline_only,validation_familiar,0.01,0.4999178991393213,0.5000821008606787
DEAP:S15:T02,DEAP:S15,T02,1,5.04,2,1,2,2,unexposed,baseline_only,validation_familiar,0.01,0.5423618846456293,0.45763811535437077
DEAP:S15:T04,DEAP:S15,T04,1,8.04,2,1,2,2,unexposed,baseline_only,validation_familiar,0.01,0.5375844861435125,0.4624155138564875
DEAP:S15:T08,DEAP:S15,T08,1,9.0,2,1,2,2,unexposed,baseline_only,validation_familiar,0.01,0.5684517005570784,0.43154829944292156
DEAP:S15:T11,DEAP:S15,T11,1,8.99,2,1,2,2,unexposed,baseline_only,validation_familiar,0.01,0.5219529228167383,0.47804707718326167
DEAP:S15:T18,DEAP:S15,T18,1,7.04,2,1,2,2,unexposed,baseline_only,validation_familiar,0.01,0.5603223320407646,0.43967766795923535
DEAP:S15:T19,DEAP:S15,T19,1,7.04,2,1,2,2,unexposed,baseline_only,validation_familiar,0.01,0.5090134064436757,0.49098659355632435
DEAP:S15:T22,DEAP:S15,T22,0,4.12,2,1,2,2,unexposed,baseline_only,validation_familiar,0.01,0.47440717695347334,0.5255928230465267
DEAP:S15:T23,DEAP:S15,T23,0,3.05,2,1,2,2,unexposed,baseline_only,validation_familiar,0.01,0.5241091498201473,0.4758908501798527
DEAP:S15:T25,DEAP:S15,T25,0,2.96,2,1,2,2,unexposed,baseline_only,validation_familiar,0.01,0.4951575057533967,0.5048424942466033
DEAP:S15:T26,DEAP:S15,T26,0,4.96,2,1,2,2,unexposed,baseline_only,validation_familiar,0.01,0.49348906694839845,0.5065109330516016
DEAP:S15:T28,DEAP:S15,T28,0,4.01,2,1,2,2,unexposed,baseline_only,validation_familiar,0.01,0.4913833778984471,0.5086166221015529
DEAP:S15:T29,DEAP:S15,T29,0,4.05,2,1,2,2,unexposed,baseline_only,validation_familiar,0.01,0.5019969793199339,0.4980030206800661
DEAP:S15:T30,DEAP:S15,T30,0,2.04,2,1,2,2,unexposed,baseline_only,validation_familiar,0.01,0.5030918186993822,0.4969081813006177
DEAP:S15:T32,DEAP:S15,T32,0,3.97,2,1,2,2,unexposed,baseline_only,validation_familiar,0.01,0.5587653359667858,0.4412346640332142
DEAP:S15:T33,DEAP:S15,T33,0,3.01,2,1,2,2,unexposed,baseline_only,validation_familiar,0.01,0.5808281803601512,0.4191718196398489
DEAP:S15:T39,DEAP:S15,T39,0,4.0,2,1,2,2,unexposed,baseline_only,validation_familiar,0.01,0.5580288490755048,0.44197115092449524
DEAP:S20:T02,DEAP:S20,T02,1,6.77,2,1,2,2,unexposed,baseline_only,validation_familiar,0.01,0.483909637363262,0.516090362636738
DEAP:S20:T04,DEAP:S20,T04,1,7.05,2,1,2,2,unexposed,baseline_only,validation_familiar,0.01,0.5067147183845688,0.4932852816154312
DEAP:S20:T08,DEAP:S20,T08,1,7.63,2,1,2,2,unexposed,baseline_only,validation_familiar,0.01,0.5119986085037923,0.4880013914962077
DEAP:S20:T11,DEAP:S20,T11,1,8.18,2,1,2,2,unexposed,baseline_only,validation_familiar,0.01,0.46848793020249413,0.5315120697975059
DEAP:S20:T18,DEAP:S20,T18,1,7.35,2,1,2,2,unexposed,baseline_only,validation_familiar,0.01,0.44556880154204415,0.5544311984579559
DEAP:S20:T19,DEAP:S20,T19,1,7.59,2,1,2,2,unexposed,baseline_only,validation_familiar,0.01,0.5026999670769285,0.49730003292307146
DEAP:S20:T22,DEAP:S20,T22,0,4.06,2,1,2,2,unexposed,baseline_only,validation_familiar,0.01,0.480579666609798,0.519420333390202
DEAP:S20:T23,DEAP:S20,T23,0,2.82,2,1,2,2,unexposed,baseline_only,validation_familiar,0.01,0.49007888697308966,0.5099211130269103
DEAP:S20:T25,DEAP:S20,T25,0,2.99,2,1,2,2,unexposed,baseline_only,validation_familiar,0.01,0.49297480769267965,0.5070251923073203
DEAP:S20:T26,DEAP:S20,T26,0,4.31,2,1,2,2,unexposed,baseline_only,validation_familiar,0.01,0.462323291475783,0.537676708524217
DEAP:S20:T28,DEAP:S20,T28,1,5.01,2,1,2,2,unexposed,baseline_only,validation_familiar,0.01,0.4806285621246764,0.5193714378753236
DEAP:S20:T29,DEAP:S20,T29,0,2.44,2,1,2,2,unexposed,baseline_only,validation_familiar,0.01,0.4187590583831866,0.5812409416168134
DEAP:S20:T30,DEAP:S20,T30,0,3.49,2,1,2,2,unexposed,baseline_only,validation_familiar,0.01,0.5206556973458909,0.47934430265410904
DEAP:S20:T32,DEAP:S20,T32,1,6.28,2,1,2,2,unexposed,baseline_only,validation_familiar,0.01,0.5078609007623722,0.4921390992376278
DEAP:S20:T33,DEAP:S20,T33,0,4.64,2,1,2,2,unexposed,baseline_only,validation_familiar,0.01,0.5458677405066206,0.45413225949337943
DEAP:S20:T39,DEAP:S20,T39,0,4.67,2,1,2,2,unexposed,baseline_only,validation_familiar,0.01,0.5192214512638458,0.4807785487361542
DEAP:S01:T02,DEAP:S01,T02,1,8.1,2,1,2,2,unexposed,baseline_only,train,0.1,0.46702171806794046,0.5329782819320595
DEAP:S01:T04,DEAP:S01,T04,0,4.94,2,1,2,2,unexposed,baseline_only,train,0.1,0.46866319193432326,0.5313368080656767
DEAP:S01:T08,DEAP:S01,T08,1,7.32,2,1,2,2,unexposed,baseline_only,train,0.1,0.4516364376296703,0.5483635623703297
DEAP:S01:T11,DEAP:S01,T11,0,2.99,2,1,2,2,unexposed,baseline_only,train,0.1,0.5627556275201899,0.43724437247981
DEAP:S01:T18,DEAP:S01,T18,1,7.23,2,1,2,2,unexposed,baseline_only,train,0.1,0.33826064471010775,0.6617393552898923
DEAP:S01:T19,DEAP:S01,T19,1,7.17,2,1,2,2,unexposed,baseline_only,train,0.1,0.3622230137400865,0.6377769862599135
DEAP:S01:T22,DEAP:S01,T22,1,7.09,2,1,2,2,unexposed,baseline_only,train,0.1,0.4105051536607357,0.5894948463392643
DEAP:S01:T23,DEAP:S01,T23,1,8.15,2,1,2,2,unexposed,baseline_only,train,0.1,0.4529676634054337,0.5470323365945663
DEAP:S01:T25,DEAP:S01,T25,1,8.86,2,1,2,2,unexposed,baseline_only,train,0.1,0.45179861666023524,0.5482013833397648
DEAP:S01:T26,DEAP:S01,T26,1,7.28,2,1,2,2,unexposed,baseline_only,train,0.1,0.6259506310286725,0.37404936897132746
DEAP:S01:T28,DEAP:S01,T28,0,3.88,2,1,2,2,unexposed,baseline_only,train,0.1,0.4662999721320774,0.5337000278679226
DEAP:S01:T29,DEAP:S01,T29,0,1.36,2,1,2,2,unexposed,baseline_only,train,0.1,0.3799466256669902,0.6200533743330098
DEAP:S01:T30,DEAP:S01,T30,0,2.08,2,1,2,2,unexposed,baseline_only,train,0.1,0.6038314276444738,0.3961685723555262
DEAP:S01:T32,DEAP:S01,T32,0,2.28,2,1,2,2,unexposed,baseline_only,train,0.1,0.5087031120481222,0.49129688795187776
DEAP:S01:T33,DEAP:S01,T33,0,3.81,2,1,2,2,unexposed,baseline_only,train,0.1,0.5719021655958132,0.42809783440418675
DEAP:S01:T39,DEAP:S01,T39,0,3.24,2,1,2,2,unexposed,baseline_only,train,0.1,0.539657828873617,0.460342171126383
DEAP:S04:T02,DEAP:S04,T02,0,4.06,2,1,2,2,unexposed,baseline_only,train,0.1,0.5180148843109057,0.4819851156890943
DEAP:S04:T04,DEAP:S04,T04,1,6.1,2,1,2,2,unexposed,baseline_only,train,0.1,0.42856549055870174,0.5714345094412983
DEAP:S04:T08,DEAP:S04,T08,1,5.97,2,1,2,2,unexposed,baseline_only,train,0.1,0.6582870598848407,0.3417129401151593
DEAP:S04:T11,DEAP:S04,T11,1,7.24,2,1,2,2,unexposed,baseline_only,train,0.1,0.6096342309813768,0.3903657690186232
DEAP:S04:T18,DEAP:S04,T18,0,4.9,2,1,2,2,unexposed,baseline_only,train,0.1,0.6989218684574556,0.3010781315425444
DEAP:S04:T19,DEAP:S04,T19,1,7.09,2,1,2,2,unexposed,baseline_only,train,0.1,0.6550674512280437,0.34493254877195634
DEAP:S04:T22,DEAP:S04,T22,0,1.86,2,1,2,2,unexposed,baseline_only,train,0.1,0.7632898696610666,0.23671013033893343
DEAP:S04:T23,DEAP:S04,T23,0,1.86,2,1,2,2,unexposed,baseline_only,train,0.1,0.4758407600344936,0.5241592399655064
DEAP:S04:T25,DEAP:S04,T25,1,7.0,2,1,2,2,unexposed,baseline_only,train,0.1,0.6620223927380349,0.3379776072619652
DEAP:S04:T26,DEAP:S04,T26,1,6.0,2,1,2,2,unexposed,baseline_only,train,0.1,0.7436371721529562,0.2563628278470438
DEAP:S04:T28,DEAP:S04,T28,0,2.17,2,1,2,2,unexposed,baseline_only,train,0.1,0.4813802705605206,0.5186197294394794
DEAP:S04:T29,DEAP:S04,T29,0,1.85,2,1,2,2,unexposed,baseline_only,train,0.1,0.6328347080023166,0.36716529199768344
DEAP:S04:T30,DEAP:S04,T30,0,3.1,2,1,2,2,unexposed,baseline_only,train,0.1,0.7304448970915063,0.26955510290849377
DEAP:S04:T32,DEAP:S04,T32,0,1.01,2,1,2,2,unexposed,baseline_only,train,0.1,0.8513088302788752,0.1486911697211249
DEAP:S04:T33,DEAP:S04,T33,0,1.0,2,1,2,2,unexposed,baseline_only,train,0.1,0.8171309279188227,0.1828690720811773
DEAP:S04:T39,DEAP:S04,T39,0,1.92,2,1,2,2,unexposed,baseline_only,train,0.1,0.5364607680437177,0.46353923195628227
DEAP:S05:T02,DEAP:S05,T02,1,9.0,2,1,2,2,unexposed,baseline_only,train,0.1,0.20255194133586563,0.7974480586641344
DEAP:S05:T04,DEAP:S05,T04,1,8.24,2,1,2,2,unexposed,baseline_only,train,0.1,0.3964816545858907,0.6035183454141093
DEAP:S05:T08,DEAP:S05,T08,1,8.17,2,1,2,2,unexposed,baseline_only,train,0.1,0.4649565059056171,0.5350434940943829
DEAP:S05:T11,DEAP:S05,T11,1,9.0,2,1,2,2,unexposed,baseline_only,train,0.1,0.4147827262072543,0.5852172737927457
DEAP:S05:T19,DEAP:S05,T19,1,8.03,2,1,2,2,unexposed,baseline_only,train,0.1,0.4381899887530506,0.5618100112469494
DEAP:S05:T22,DEAP:S05,T22,1,6.99,2,1,2,2,unexposed,baseline_only,train,0.1,0.4742728308421149,0.5257271691578851
DEAP:S05:T23,DEAP:S05,T23,0,1.0,2,1,2,2,unexposed,baseline_only,train,0.1,0.5411510628395473,0.4588489371604528
DEAP:S05:T25,DEAP:S05,T25,1,5.96,2,1,2,2,unexposed,baseline_only,train,0.1,0.32418568119101165,0.6758143188089883
DEAP:S05:T26,DEAP:S05,T26,1,7.96,2,1,2,2,unexposed,baseline_only,train,0.1,0.3352731818152038,0.6647268181847962
DEAP:S05:T28,DEAP:S05,T28,0,3.9,2,1,2,2,unexposed,baseline_only,train,0.1,0.546560747358435,0.45343925264156504
DEAP:S05:T29,DEAP:S05,T29,0,4.04,2,1,2,2,unexposed,baseline_only,train,0.1,0.3741948151434761,0.6258051848565239
DEAP:S05:T30,DEAP:S05,T30,0,2.94,2,1,2,2,unexposed,baseline_only,train,0.1,0.5198772068082591,0.48012279319174084
DEAP:S05:T32,DEAP:S05,T32,0,1.94,2,1,2,2,unexposed,baseline_only,train,0.1,0.4496414414242069,0.5503585585757931
DEAP:S05:T33,DEAP:S05,T33,1,5.17,2,1,2,2,unexposed,baseline_only,train,0.1,0.4461952713293017,0.5538047286706983
DEAP:S05:T39,DEAP:S05,T39,0,1.0,2,1,2,2,unexposed,baseline_only,train,0.1,0.34122555567372226,0.6587744443262777
DEAP:S06:T02,DEAP:S06,T02,1,6.83,2,1,2,2,unexposed,baseline_only,train,0.1,0.4106972091233375,0.5893027908766625
DEAP:S06:T04,DEAP:S06,T04,1,7.55,2,1,2,2,unexposed,baseline_only,train,0.1,0.32970547630260494,0.6702945236973951
DEAP:S06:T08,DEAP:S06,T08,1,7.05,2,1,2,2,unexposed,baseline_only,train,0.1,0.13861628464947873,0.8613837153505213
DEAP:S06:T18,DEAP:S06,T18,1,7.59,2,1,2,2,unexposed,baseline_only,train,0.1,0.2266383276351157,0.7733616723648843
DEAP:S06:T19,DEAP:S06,T19,1,7.41,2,1,2,2,unexposed,baseline_only,train,0.1,0.2721135701777263,0.7278864298222737
DEAP:S06:T22,DEAP:S06,T22,1,7.56,2,1,2,2,unexposed,baseline_only,train,0.1,0.3902318319264344,0.6097681680735656
DEAP:S06:T23,DEAP:S06,T23,0,3.47,2,1,2,2,unexposed,baseline_only,train,0.1,0.40363323079424984,0.5963667692057502
DEAP:S06:T25,DEAP:S06,T25,1,7.09,2,1,2,2,unexposed,baseline_only,train,0.1,0.23355973036819222,0.7664402696318078
DEAP:S06:T26,DEAP:S06,T26,1,5.08,2,1,2,2,unexposed,baseline_only,train,0.1,0.28684536489972634,0.7131546351002737
DEAP:S06:T28,DEAP:S06,T28,1,6.42,2,1,2,2,unexposed,baseline_only,train,0.1,0.2867271617291336,0.7132728382708664
DEAP:S06:T29,DEAP:S06,T29,0,4.27,2,1,2,2,unexposed,baseline_only,train,0.1,0.21002022263078957,0.7899797773692104
DEAP:S06:T30,DEAP:S06,T30,1,6.99,2,1,2,2,unexposed,baseline_only,train,0.1,0.28152183772674755,0.7184781622732525
DEAP:S06:T32,DEAP:S06,T32,1,6.99,2,1,2,2,unexposed,baseline_only,train,0.1,0.41946386576627626,0.5805361342337237
DEAP:S06:T33,DEAP:S06,T33,1,6.68,2,1,2,2,unexposed,baseline_only,train,0.1,0.22818340262113623,0.7718165973788638
DEAP:S06:T39,DEAP:S06,T39,1,6.56,2,1,2,2,unexposed,baseline_only,train,0.1,0.24692878078496017,0.7530712192150398
DEAP:S07:T02,DEAP:S07,T02,1,7.15,2,1,2,2,unexposed,baseline_only,train,0.1,0.6038191808819289,0.39618081911807107
DEAP:S07:T04,DEAP:S07,T04,1,7.08,2,1,2,2,unexposed,baseline_only,train,0.1,0.5571236199363557,0.44287638006364427
DEAP:S07:T08,DEAP:S07,T08,1,7.0,2,1,2,2,unexposed,baseline_only,train,0.1,0.4511077830973347,0.5488922169026653
DEAP:S07:T11,DEAP:S07,T11,1,7.03,2,1,2,2,unexposed,baseline_only,train,0.1,0.4786289202523163,0.5213710797476837
DEAP:S07:T18,DEAP:S07,T18,1,7.03,2,1,2,2,unexposed,baseline_only,train,0.1,0.5417821853316673,0.45821781466833267
DEAP:S07:T19,DEAP:S07,T19,1,6.99,2,1,2,2,unexposed,baseline_only,train,0.1,0.3737165665938387,0.6262834334061613
DEAP:S07:T22,DEAP:S07,T22,0,3.05,2,1,2,2,unexposed,baseline_only,train,0.1,0.4394731494037293,0.5605268505962707
DEAP:S07:T23,DEAP:S07,T23,0,3.01,2,1,2,2,unexposed,baseline_only,train,0.1,0.6501157109238409,0.34988428907615904
DEAP:S07:T26,DEAP:S07,T26,0,2.0,2,1,2,2,unexposed,baseline_only,train,0.1,0.5894284800677636,0.41057151993223645
DEAP:S07:T28,DEAP:S07,T28,0,2.05,2,1,2,2,unexposed,baseline_only,train,0.1,0.6912380306689758,0.3087619693310242
DEAP:S07:T29,DEAP:S07,T29,1,7.09,2,1,2,2,unexposed,baseline_only,train,0.1,0.5504321202590705,0.44956787974092954
DEAP:S07:T30,DEAP:S07,T30,0,3.09,2,1,2,2,unexposed,baseline_only,train,0.1,0.6112011000939084,0.3887988999060916
DEAP:S07:T32,DEAP:S07,T32,0,4.96,2,1,2,2,unexposed,baseline_only,train,0.1,0.745505682610171,0.254494317389829
DEAP:S07:T33,DEAP:S07,T33,0,4.97,2,1,2,2,unexposed,baseline_only,train,0.1,0.6129519534973924,0.3870480465026076
DEAP:S07:T39,DEAP:S07,T39,1,7.01,2,1,2,2,unexposed,baseline_only,train,0.1,0.536454586276423,0.4635454137235771
DEAP:S08:T02,DEAP:S08,T02,1,5.04,2,1,2,2,unexposed,baseline_only,train,0.1,0.397059087224221,0.602940912775779
DEAP:S08:T04,DEAP:S08,T04,1,6.82,2,1,2,2,unexposed,baseline_only,train,0.1,0.44608162375651006,0.5539183762434899
DEAP:S08:T08,DEAP:S08,T08,1,8.82,2,1,2,2,unexposed,baseline_only,train,0.1,0.4287372546612851,0.5712627453387149
DEAP:S08:T11,DEAP:S08,T11,1,8.41,2,1,2,2,unexposed,baseline_only,train,0.1,0.47136868223752204,0.528631317762478
DEAP:S08:T19,DEAP:S08,T19,1,5.04,2,1,2,2,unexposed,baseline_only,train,0.1,0.46000589087957544,0.5399941091204246
DEAP:S08:T22,DEAP:S08,T22,0,4.23,2,1,2,2,unexposed,baseline_only,train,0.1,0.3731190379469197,0.6268809620530803
DEAP:S08:T23,DEAP:S08,T23,0,3.59,2,1,2,2,unexposed,baseline_only,train,0.1,0.45491157928851456,0.5450884207114854
DEAP:S08:T25,DEAP:S08,T25,0,3.72,2,1,2,2,unexposed,baseline_only,train,0.1,0.5687577871906135,0.4312422128093864
DEAP:S08:T26,DEAP:S08,T26,0,4.99,2,1,2,2,unexposed,baseline_only,train,0.1,0.47505293212070676,0.5249470678792932
DEAP:S08:T28,DEAP:S08,T28,1,5.04,2,1,2,2,unexposed,baseline_only,train,0.1,0.4758221121663524,0.5241778878336476
DEAP:S08:T29,DEAP:S08,T29,0,2.78,2,1,2,2,unexposed,baseline_only,train,0.1,0.4290677265543379,0.5709322734456621
DEAP:S08:T30,DEAP:S08,T30,0,1.4,2,1,2,2,unexposed,baseline_only,train,0.1,0.5121979353868281,0.4878020646131719
DEAP:S08:T32,DEAP:S08,T32,1,6.33,2,1,2,2,unexposed,baseline_only,train,0.1,0.45214663387716625,0.5478533661228338
DEAP:S08:T33,DEAP:S08,T33,0,4.44,2,1,2,2,unexposed,baseline_only,train,0.1,0.49479504253518247,0.5052049574648175
DEAP:S08:T39,DEAP:S08,T39,1,5.05,2,1,2,2,unexposed,baseline_only,train,0.1,0.3516543389301753,0.6483456610698247
DEAP:S09:T02,DEAP:S09,T02,1,7.08,2,1,2,2,unexposed,baseline_only,train,0.1,0.636617186287959,0.3633828137120409
DEAP:S09:T04,DEAP:S09,T04,1,5.99,2,1,2,2,unexposed,baseline_only,train,0.1,0.6197774810753152,0.3802225189246849
DEAP:S09:T08,DEAP:S09,T08,1,6.15,2,1,2,2,unexposed,baseline_only,train,0.1,0.4545851122303144,0.5454148877696856
DEAP:S09:T11,DEAP:S09,T11,1,7.12,2,1,2,2,unexposed,baseline_only,train,0.1,0.6529362956816074,0.3470637043183926
DEAP:S09:T18,DEAP:S09,T18,0,4.9,2,1,2,2,unexposed,baseline_only,train,0.1,0.626590359168856,0.373409640831144
DEAP:S09:T19,DEAP:S09,T19,0,3.97,2,1,2,2,unexposed,baseline_only,train,0.1,0.5604643622758546,0.4395356377241454
DEAP:S09:T22,DEAP:S09,T22,0,3.99,2,1,2,2,unexposed,baseline_only,train,0.1,0.5811792707202685,0.4188207292797314
DEAP:S09:T25,DEAP:S09,T25,1,5.04,2,1,2,2,unexposed,baseline_only,train,0.1,0.4975715419318826,0.5024284580681174
DEAP:S09:T26,DEAP:S09,T26,0,4.1,2,1,2,2,unexposed,baseline_only,train,0.1,0.6768054341067313,0.3231945658932687
DEAP:S09:T28,DEAP:S09,T28,0,2.96,2,1,2,2,unexposed,baseline_only,train,0.1,0.6230354069090482,0.37696459309095176
DEAP:S09:T29,DEAP:S09,T29,0,3.99,2,1,2,2,unexposed,baseline_only,train,0.1,0.7158553174676453,0.2841446825323547
DEAP:S09:T32,DEAP:S09,T32,0,3.1,2,1,2,2,unexposed,baseline_only,train,0.1,0.6184650076541527,0.3815349923458473
DEAP:S09:T33,DEAP:S09,T33,0,3.08,2,1,2,2,unexposed,baseline_only,train,0.1,0.716753266428662,0.28324673357133795
DEAP:S09:T39,DEAP:S09,T39,0,3.17,2,1,2,2,unexposed,baseline_only,train,0.1,0.7020872316078852,0.2979127683921148
DEAP:S10:T02,DEAP:S10,T02,0,3.55,2,1,2,2,unexposed,baseline_only,train,0.1,0.7221535001483668,0.27784649985163323
DEAP:S10:T08,DEAP:S10,T08,1,5.68,2,1,2,2,unexposed,baseline_only,train,0.1,0.6104188706407947,0.38958112935920536
DEAP:S10:T11,DEAP:S10,T11,1,8.99,2,1,2,2,unexposed,baseline_only,train,0.1,0.4717497109642189,0.5282502890357811
DEAP:S10:T18,DEAP:S10,T18,1,7.31,2,1,2,2,unexposed,baseline_only,train,0.1,0.6221318831872491,0.37786811681275084
DEAP:S10:T19,DEAP:S10,T19,1,7.82,2,1,2,2,unexposed,baseline_only,train,0.1,0.6582866563869423,0.34171334361305766
DEAP:S10:T22,DEAP:S10,T22,0,4.24,2,1,2,2,unexposed,baseline_only,train,0.1,0.6036790066037444,0.3963209933962556
DEAP:S10:T23,DEAP:S10,T23,0,2.87,2,1,2,2,unexposed,baseline_only,train,0.1,0.6469876093436266,0.35301239065637335
DEAP:S10:T25,DEAP:S10,T25,0,1.92,2,1,2,2,unexposed,baseline_only,train,0.1,0.6649789698653428,0.3350210301346572
DEAP:S10:T26,DEAP:S10,T26,0,4.95,2,1,2,2,unexposed,baseline_only,train,0.1,0.759124453939588,0.24087554606041195
DEAP:S10:T28,DEAP:S10,T28,0,4.31,2,1,2,2,unexposed,baseline_only,train,0.1,0.6746640572598914,0.3253359427401086
DEAP:S10:T29,DEAP:S10,T29,0,3.94,2,1,2,2,unexposed,baseline_only,train,0.1,0.6823422543977726,0.3176577456022274
DEAP:S10:T30,DEAP:S10,T30,0,2.64,2,1,2,2,unexposed,baseline_only,train,0.1,0.6465768118072936,0.3534231881927063
DEAP:S10:T32,DEAP:S10,T32,1,5.96,2,1,2,2,unexposed,baseline_only,train,0.1,0.7412401667693858,0.25875983323061424
DEAP:S10:T33,DEAP:S10,T33,0,4.94,2,1,2,2,unexposed,baseline_only,train,0.1,0.678468923455577,0.3215310765444231
DEAP:S10:T39,DEAP:S10,T39,0,2.17,2,1,2,2,unexposed,baseline_only,train,0.1,0.7015828985855497,0.2984171014144504
DEAP:S11:T04,DEAP:S11,T04,1,7.65,2,1,2,2,unexposed,baseline_only,train,0.1,0.4859381885882754,0.5140618114117246
DEAP:S11:T18,DEAP:S11,T18,1,7.95,2,1,2,2,unexposed,baseline_only,train,0.1,0.31573032511951316,0.6842696748804868
DEAP:S11:T19,DEAP:S11,T19,1,5.54,2,1,2,2,unexposed,baseline_only,train,0.1,0.3054851638465479,0.6945148361534521
DEAP:S11:T22,DEAP:S11,T22,1,6.15,2,1,2,2,unexposed,baseline_only,train,0.1,0.30387303734221494,0.6961269626577851
DEAP:S11:T23,DEAP:S11,T23,0,3.72,2,1,2,2,unexposed,baseline_only,train,0.1,0.4587172880670132,0.5412827119329868
DEAP:S11:T25,DEAP:S11,T25,1,5.01,2,1,2,2,unexposed,baseline_only,train,0.1,0.47618290254783113,0.5238170974521689
DEAP:S11:T26,DEAP:S11,T26,1,5.49,2,1,2,2,unexposed,baseline_only,train,0.1,0.36753013702867976,0.6324698629713202
DEAP:S11:T28,DEAP:S11,T28,0,4.26,2,1,2,2,unexposed,baseline_only,train,0.1,0.5281905778533006,0.4718094221466994
DEAP:S11:T29,DEAP:S11,T29,0,2.32,2,1,2,2,unexposed,baseline_only,train,0.1,0.45676491787898343,0.5432350821210166
DEAP:S11:T30,DEAP:S11,T30,0,4.58,2,1,2,2,unexposed,baseline_only,train,0.1,0.37696804842618714,0.6230319515738129
DEAP:S11:T32,DEAP:S11,T32,1,5.01,2,1,2,2,unexposed,baseline_only,train,0.1,0.4064636270555112,0.5935363729444888
DEAP:S11:T33,DEAP:S11,T33,1,5.64,2,1,2,2,unexposed,baseline_only,train,0.1,0.37889565062130637,0.6211043493786936
DEAP:S11:T39,DEAP:S11,T39,0,1.0,2,1,2,2,unexposed,baseline_only,train,0.1,0.533279433619433,0.466720566380567
DEAP:S12:T02,DEAP:S12,T02,1,6.09,2,1,2,2,unexposed,baseline_only,train,0.1,0.36859783822016967,0.6314021617798303
DEAP:S12:T04,DEAP:S12,T04,1,6.86,2,1,2,2,unexposed,baseline_only,train,0.1,0.4729996898796288,0.5270003101203712
DEAP:S12:T08,DEAP:S12,T08,1,5.1,2,1,2,2,unexposed,baseline_only,train,0.1,0.39793912692846833,0.6020608730715317
DEAP:S12:T11,DEAP:S12,T11,1,7.78,2,1,2,2,unexposed,baseline_only,train,0.1,0.4232849611435987,0.5767150388564013
DEAP:S12:T18,DEAP:S12,T18,1,7.35,2,1,2,2,unexposed,baseline_only,train,0.1,0.516287429837799,0.48371257016220104
DEAP:S12:T19,DEAP:S12,T19,1,7.03,2,1,2,2,unexposed,baseline_only,train,0.1,0.3702058850182356,0.6297941149817644
DEAP:S12:T22,DEAP:S12,T22,0,3.33,2,1,2,2,unexposed,baseline_only,train,0.1,0.6586212715654081,0.341378728434592
DEAP:S12:T23,DEAP:S12,T23,0,1.74,2,1,2,2,unexposed,baseline_only,train,0.1,0.4977934276309133,0.5022065723690867
DEAP:S12:T25,DEAP:S12,T25,0,2.78,2,1,2,2,unexposed,baseline_only,train,0.1,0.48376099820268037,0.5162390017973196
DEAP:S12:T26,DEAP:S12,T26,1,6.08,2,1,2,2,unexposed,baseline_only,train,0.1,0.3957456440176279,0.6042543559823721
DEAP:S12:T28,DEAP:S12,T28,1,5.04,2,1,2,2,unexposed,baseline_only,train,0.1,0.36147866065910617,0.6385213393408938
DEAP:S12:T30,DEAP:S12,T30,0,3.36,2,1,2,2,unexposed,baseline_only,train,0.1,0.6030666667352935,0.3969333332647065
DEAP:S12:T32,DEAP:S12,T32,0,1.86,2,1,2,2,unexposed,baseline_only,train,0.1,0.505700336582015,0.49429966341798504
DEAP:S12:T39,DEAP:S12,T39,0,3.18,2,1,2,2,unexposed,baseline_only,train,0.1,0.5403913180098445,0.4596086819901554
DEAP:S13:T02,DEAP:S13,T02,0,4.03,2,1,2,2,unexposed,baseline_only,train,0.1,0.5246665920077951,0.47533340799220497
DEAP:S13:T04,DEAP:S13,T04,1,7.08,2,1,2,2,unexposed,baseline_only,train,0.1,0.42549395187765593,0.5745060481223441
DEAP:S13:T08,DEAP:S13,T08,1,7.99,2,1,2,2,unexposed,baseline_only,train,0.1,0.4443436805637727,0.5556563194362273
DEAP:S13:T11,DEAP:S13,T11,1,7.04,2,1,2,2,unexposed,baseline_only,train,0.1,0.6011014138813611,0.398898586118639
DEAP:S13:T18,DEAP:S13,T18,1,7.94,2,1,2,2,unexposed,baseline_only,train,0.1,0.6295830322136469,0.37041696778635314
DEAP:S13:T19,DEAP:S13,T19,1,8.51,2,1,2,2,unexposed,baseline_only,train,0.1,0.4899812191432139,0.5100187808567861
DEAP:S13:T22,DEAP:S13,T22,0,4.01,2,1,2,2,unexposed,baseline_only,train,0.1,0.5769124448726644,0.4230875551273357
DEAP:S13:T25,DEAP:S13,T25,0,3.97,2,1,2,2,unexposed,baseline_only,train,0.1,0.5838345182329809,0.4161654817670191
DEAP:S13:T26,DEAP:S13,T26,1,5.04,2,1,2,2,unexposed,baseline_only,train,0.1,0.46882051152610593,0.5311794884738941
DEAP:S13:T28,DEAP:S13,T28,1,7.08,2,1,2,2,unexposed,baseline_only,train,0.1,0.5784516649219064,0.42154833507809364
DEAP:S13:T29,DEAP:S13,T29,0,4.04,2,1,2,2,unexposed,baseline_only,train,0.1,0.5939235310472961,0.40607646895270394
DEAP:S13:T30,DEAP:S13,T30,0,3.05,2,1,2,2,unexposed,baseline_only,train,0.1,0.5887924962558945,0.41120750374410553
DEAP:S13:T32,DEAP:S13,T32,0,4.05,2,1,2,2,unexposed,baseline_only,train,0.1,0.6038138662052631,0.3961861337947369
DEAP:S13:T33,DEAP:S13,T33,0,4.55,2,1,2,2,unexposed,baseline_only,train,0.1,0.5149225181159871,0.4850774818840129
DEAP:S13:T39,DEAP:S13,T39,0,1.97,2,1,2,2,unexposed,baseline_only,train,0.1,0.6478875083321229,0.3521124916678771
DEAP:S18:T02,DEAP:S18,T02,1,6.87,2,1,2,2,unexposed,baseline_only,train,0.1,0.34495669912180327,0.6550433008781967
DEAP:S18:T04,DEAP:S18,T04,1,6.65,2,1,2,2,unexposed,baseline_only,train,0.1,0.41518740007823796,0.584812599921762
DEAP:S18:T11,DEAP:S18,T11,1,6.24,2,1,2,2,unexposed,baseline_only,train,0.1,0.4753572367251018,0.5246427632748982
DEAP:S18:T18,DEAP:S18,T18,1,7.05,2,1,2,2,unexposed,baseline_only,train,0.1,0.4515899146696323,0.5484100853303677
DEAP:S18:T19,DEAP:S18,T19,1,7.04,2,1,2,2,unexposed,baseline_only,train,0.1,0.45728597885589517,0.5427140211441048
DEAP:S18:T22,DEAP:S18,T22,1,5.69,2,1,2,2,unexposed,baseline_only,train,0.1,0.5663504401009719,0.4336495598990281
DEAP:S18:T23,DEAP:S18,T23,0,3.71,2,1,2,2,unexposed,baseline_only,train,0.1,0.5162442626192725,0.48375573738072747
DEAP:S18:T25,DEAP:S18,T25,0,4.23,2,1,2,2,unexposed,baseline_only,train,0.1,0.39725402470601445,0.6027459752939855
DEAP:S18:T26,DEAP:S18,T26,1,5.44,2,1,2,2,unexposed,baseline_only,train,0.1,0.44046994609258416,0.5595300539074158
DEAP:S18:T28,DEAP:S18,T28,1,5.95,2,1,2,2,unexposed,baseline_only,train,0.1,0.344986800344239,0.655013199655761
DEAP:S18:T29,DEAP:S18,T29,0,4.9,2,1,2,2,unexposed,baseline_only,train,0.1,0.4823185144516725,0.5176814855483275
DEAP:S18:T30,DEAP:S18,T30,0,2.96,2,1,2,2,unexposed,baseline_only,train,0.1,0.6171065983649953,0.38289340163500474
DEAP:S18:T32,DEAP:S18,T32,0,4.62,2,1,2,2,unexposed,baseline_only,train,0.1,0.5154856577032196,0.4845143422967804
DEAP:S18:T33,DEAP:S18,T33,0,4.56,2,1,2,2,unexposed,baseline_only,train,0.1,0.41181468261002097,0.588185317389979
DEAP:S18:T39,DEAP:S18,T39,0,4.06,2,1,2,2,unexposed,baseline_only,train,0.1,0.491810556602883,0.508189443397117
DEAP:S19:T04,DEAP:S19,T04,1,5.77,2,1,2,2,unexposed,baseline_only,train,0.1,0.5128001654286948,0.4871998345713052
DEAP:S19:T08,DEAP:S19,T08,1,7.44,2,1,2,2,unexposed,baseline_only,train,0.1,0.5798342829675106,0.4201657170324894
DEAP:S19:T11,DEAP:S19,T11,1,5.83,2,1,2,2,unexposed,baseline_only,train,0.1,0.3312415370459413,0.6687584629540587
DEAP:S19:T18,DEAP:S19,T18,1,7.77,2,1,2,2,unexposed,baseline_only,train,0.1,0.5383692401859156,0.4616307598140844
DEAP:S19:T19,DEAP:S19,T19,1,7.65,2,1,2,2,unexposed,baseline_only,train,0.1,0.5242561170398169,0.4757438829601831
DEAP:S19:T22,DEAP:S19,T22,1,5.04,2,1,2,2,unexposed,baseline_only,train,0.1,0.4331652278824154,0.5668347721175846
DEAP:S19:T23,DEAP:S19,T23,0,3.77,2,1,2,2,unexposed,baseline_only,train,0.1,0.5122749606012382,0.4877250393987617
DEAP:S19:T25,DEAP:S19,T25,0,2.19,2,1,2,2,unexposed,baseline_only,train,0.1,0.37082133546354745,0.6291786645364525
DEAP:S19:T26,DEAP:S19,T26,0,4.95,2,1,2,2,unexposed,baseline_only,train,0.1,0.4611513263887599,0.5388486736112401
DEAP:S19:T28,DEAP:S19,T28,1,6.21,2,1,2,2,unexposed,baseline_only,train,0.1,0.5838430630321587,0.41615693696784123
DEAP:S19:T29,DEAP:S19,T29,0,2.82,2,1,2,2,unexposed,baseline_only,train,0.1,0.4976443584232607,0.5023556415767393
DEAP:S19:T30,DEAP:S19,T30,0,2.85,2,1,2,2,unexposed,baseline_only,train,0.1,0.44233325941988044,0.5576667405801196
DEAP:S19:T32,DEAP:S19,T32,0,4.96,2,1,2,2,unexposed,baseline_only,train,0.1,0.5442793162134412,0.4557206837865588
DEAP:S19:T33,DEAP:S19,T33,0,3.4,2,1,2,2,unexposed,baseline_only,train,0.1,0.5638280982108351,0.4361719017891649
DEAP:S19:T39,DEAP:S19,T39,1,5.04,2,1,2,2,unexposed,baseline_only,train,0.1,0.4412497304359919,0.5587502695640081
DEAP:S21:T04,DEAP:S21,T04,1,5.05,2,1,2,2,unexposed,baseline_only,train,0.1,0.541449298999074,0.45855070100092593
DEAP:S21:T08,DEAP:S21,T08,1,8.81,2,1,2,2,unexposed,baseline_only,train,0.1,0.47757239036311394,0.5224276096368861
DEAP:S21:T11,DEAP:S21,T11,1,7.05,2,1,2,2,unexposed,baseline_only,train,0.1,0.5645907996076168,0.4354092003923832
DEAP:S21:T18,DEAP:S21,T18,1,7.99,2,1,2,2,unexposed,baseline_only,train,0.1,0.38349749343866724,0.6165025065613328
DEAP:S21:T22,DEAP:S21,T22,0,2.09,2,1,2,2,unexposed,baseline_only,train,0.1,0.4503051092575797,0.5496948907424203
DEAP:S21:T23,DEAP:S21,T23,0,4.69,2,1,2,2,unexposed,baseline_only,train,0.1,0.6491151228926466,0.35088487710735344
DEAP:S21:T25,DEAP:S21,T25,0,3.97,2,1,2,2,unexposed,baseline_only,train,0.1,0.6014043008988053,0.39859569910119474
DEAP:S21:T26,DEAP:S21,T26,0,4.06,2,1,2,2,unexposed,baseline_only,train,0.1,0.6090324062955468,0.3909675937044532
DEAP:S21:T28,DEAP:S21,T28,0,3.04,2,1,2,2,unexposed,baseline_only,train,0.1,0.4659534813351218,0.5340465186648782
DEAP:S21:T29,DEAP:S21,T29,0,3.01,2,1,2,2,unexposed,baseline_only,train,0.1,0.5170103931890362,0.4829896068109638
DEAP:S21:T30,DEAP:S21,T30,0,3.45,2,1,2,2,unexposed,baseline_only,train,0.1,0.5967481155529548,0.40325188444704513
DEAP:S21:T32,DEAP:S21,T32,1,6.27,2,1,2,2,unexposed,baseline_only,train,0.1,0.5851644145531236,0.41483558544687643
DEAP:S21:T33,DEAP:S21,T33,1,7.03,2,1,2,2,unexposed,baseline_only,train,0.1,0.39273902208364264,0.6072609779163574
DEAP:S21:T39,DEAP:S21,T39,1,6.09,2,1,2,2,unexposed,baseline_only,train,0.1,0.45730703294483177,0.5426929670551682
DEAP:S22:T02,DEAP:S22,T02,1,7.08,2,1,2,2,unexposed,baseline_only,train,0.1,0.5492814143486666,0.4507185856513333
DEAP:S22:T04,DEAP:S22,T04,1,7.06,2,1,2,2,unexposed,baseline_only,train,0.1,0.6376955761149083,0.3623044238850917
DEAP:S22:T08,DEAP:S22,T08,1,7.09,2,1,2,2,unexposed,baseline_only,train,0.1,0.5666557944318344,0.43334420556816555
DEAP:S22:T11,DEAP:S22,T11,1,8.05,2,1,2,2,unexposed,baseline_only,train,0.1,0.47618620509708887,0.5238137949029111
DEAP:S22:T18,DEAP:S22,T18,1,8.08,2,1,2,2,unexposed,baseline_only,train,0.1,0.41911490884331537,0.5808850911566846
DEAP:S22:T19,DEAP:S22,T19,1,9.0,2,1,2,2,unexposed,baseline_only,train,0.1,0.6487640883080812,0.35123591169191887
DEAP:S22:T23,DEAP:S22,T23,0,2.99,2,1,2,2,unexposed,baseline_only,train,0.1,0.648964683271855,0.351035316728145
DEAP:S22:T25,DEAP:S22,T25,0,2.95,2,1,2,2,unexposed,baseline_only,train,0.1,0.6044386074357888,0.39556139256421124
DEAP:S22:T28,DEAP:S22,T28,0,4.03,2,1,2,2,unexposed,baseline_only,train,0.1,0.5803790078284192,0.4196209921715808
DEAP:S22:T30,DEAP:S22,T30,0,1.0,2,1,2,2,unexposed,baseline_only,train,0.1,0.4672707189973073,0.5327292810026927
DEAP:S22:T32,DEAP:S22,T32,0,1.99,2,1,2,2,unexposed,baseline_only,train,0.1,0.5850726068352322,0.4149273931647678
DEAP:S22:T33,DEAP:S22,T33,0,1.96,2,1,2,2,unexposed,baseline_only,train,0.1,0.646617025751872,0.3533829742481281
DEAP:S22:T39,DEAP:S22,T39,0,1.0,2,1,2,2,unexposed,baseline_only,train,0.1,0.5554874839984424,0.4445125160015576
DEAP:S24:T02,DEAP:S24,T02,1,6.04,2,1,2,2,unexposed,baseline_only,train,0.1,0.6411418613591442,0.35885813864085586
DEAP:S24:T04,DEAP:S24,T04,1,6.05,2,1,2,2,unexposed,baseline_only,train,0.1,0.6141540964519325,0.3858459035480675
DEAP:S24:T08,DEAP:S24,T08,1,7.03,2,1,2,2,unexposed,baseline_only,train,0.1,0.5685210269959576,0.43147897300404237
DEAP:S24:T11,DEAP:S24,T11,1,7.03,2,1,2,2,unexposed,baseline_only,train,0.1,0.46295151335325535,0.5370484866467446
DEAP:S24:T18,DEAP:S24,T18,1,8.96,2,1,2,2,unexposed,baseline_only,train,0.1,0.6489277938212721,0.3510722061787279
DEAP:S24:T19,DEAP:S24,T19,1,7.03,2,1,2,2,unexposed,baseline_only,train,0.1,0.6804726764220712,0.31952732357792885
DEAP:S24:T22,DEAP:S24,T22,0,3.03,2,1,2,2,unexposed,baseline_only,train,0.1,0.6165531068602422,0.38344689313975777
DEAP:S24:T23,DEAP:S24,T23,0,1.0,2,1,2,2,unexposed,baseline_only,train,0.1,0.6717722169728039,0.32822778302719613
DEAP:S24:T25,DEAP:S24,T25,0,3.12,2,1,2,2,unexposed,baseline_only,train,0.1,0.6233071757937056,0.3766928242062944
DEAP:S24:T26,DEAP:S24,T26,0,4.05,2,1,2,2,unexposed,baseline_only,train,0.1,0.6233347327536628,0.3766652672463372
DEAP:S24:T28,DEAP:S24,T28,0,4.03,2,1,2,2,unexposed,baseline_only,train,0.1,0.6460035949548897,0.35399640504511026
DEAP:S24:T29,DEAP:S24,T29,0,3.97,2,1,2,2,unexposed,baseline_only,train,0.1,0.5978090356276409,0.40219096437235907
DEAP:S24:T30,DEAP:S24,T30,0,1.0,2,1,2,2,unexposed,baseline_only,train,0.1,0.621381354580814,0.378618645419186
DEAP:S24:T32,DEAP:S24,T32,0,3.0,2,1,2,2,unexposed,baseline_only,train,0.1,0.7288423135814411,0.27115768641855886
DEAP:S24:T33,DEAP:S24,T33,1,5.01,2,1,2,2,unexposed,baseline_only,train,0.1,0.5400384965719518,0.4599615034280482
DEAP:S24:T39,DEAP:S24,T39,0,2.12,2,1,2,2,unexposed,baseline_only,train,0.1,0.626409800528687,0.373590199471313
DEAP:S25:T02,DEAP:S25,T02,0,2.99,2,1,2,2,unexposed,baseline_only,train,0.1,0.5138876812244244,0.4861123187755756
DEAP:S25:T08,DEAP:S25,T08,1,8.04,2,1,2,2,unexposed,baseline_only,train,0.1,0.494513655521327,0.505486344478673
DEAP:S25:T11,DEAP:S25,T11,1,9.0,2,1,2,2,unexposed,baseline_only,train,0.1,0.5515993041831145,0.44840069581688546
DEAP:S25:T19,DEAP:S25,T19,1,7.06,2,1,2,2,unexposed,baseline_only,train,0.1,0.6244689219458466,0.3755310780541534
DEAP:S25:T22,DEAP:S25,T22,1,8.03,2,1,2,2,unexposed,baseline_only,train,0.1,0.4768755443283913,0.5231244556716087
DEAP:S25:T23,DEAP:S25,T23,0,2.01,2,1,2,2,unexposed,baseline_only,train,0.1,0.5540641374024454,0.4459358625975546
DEAP:S25:T25,DEAP:S25,T25,0,4.96,2,1,2,2,unexposed,baseline_only,train,0.1,0.7326294048458718,0.2673705951541282
DEAP:S25:T26,DEAP:S25,T26,0,4.99,2,1,2,2,unexposed,baseline_only,train,0.1,0.7006653308540214,0.29933466914597856
DEAP:S25:T28,DEAP:S25,T28,1,5.01,2,1,2,2,unexposed,baseline_only,train,0.1,0.5187918445018606,0.48120815549813944
DEAP:S25:T30,DEAP:S25,T30,0,4.03,2,1,2,2,unexposed,baseline_only,train,0.1,0.7184584212900891,0.2815415787099109
DEAP:S25:T32,DEAP:S25,T32,0,1.0,2,1,2,2,unexposed,baseline_only,train,0.1,0.5661199069106019,0.4338800930893981
DEAP:S25:T39,DEAP:S25,T39,0,1.0,2,1,2,2,unexposed,baseline_only,train,0.1,0.5576775685111528,0.4423224314888472
DEAP:S26:T02,DEAP:S26,T02,1,6.96,2,1,2,2,unexposed,baseline_only,train,0.1,0.343316461248652,0.656683538751348
DEAP:S26:T04,DEAP:S26,T04,1,8.03,2,1,2,2,unexposed,baseline_only,train,0.1,0.269015582206521,0.730984417793479
DEAP:S26:T08,DEAP:S26,T08,1,8.01,2,1,2,2,unexposed,baseline_only,train,0.1,0.5064018764358811,0.493598123564119
DEAP:S26:T11,DEAP:S26,T11,1,8.04,2,1,2,2,unexposed,baseline_only,train,0.1,0.5359549185197945,0.4640450814802055
DEAP:S26:T18,DEAP:S26,T18,1,9.0,2,1,2,2,unexposed,baseline_only,train,0.1,0.30412106229569014,0.6958789377043099
DEAP:S26:T19,DEAP:S26,T19,1,8.0,2,1,2,2,unexposed,baseline_only,train,0.1,0.37227742821344045,0.6277225717865595
DEAP:S26:T22,DEAP:S26,T22,1,6.97,2,1,2,2,unexposed,baseline_only,train,0.1,0.4825814718788419,0.5174185281211581
DEAP:S26:T23,DEAP:S26,T23,0,2.28,2,1,2,2,unexposed,baseline_only,train,0.1,0.37850717711455206,0.6214928228854479
DEAP:S26:T25,DEAP:S26,T25,1,7.14,2,1,2,2,unexposed,baseline_only,train,0.1,0.38753267747620124,0.6124673225237988
DEAP:S26:T26,DEAP:S26,T26,1,5.05,2,1,2,2,unexposed,baseline_only,train,0.1,0.4192595731400117,0.5807404268599883
DEAP:S26:T28,DEAP:S26,T28,1,5.97,2,1,2,2,unexposed,baseline_only,train,0.1,0.3533098782660844,0.6466901217339156
DEAP:S26:T29,DEAP:S26,T29,1,6.09,2,1,2,2,unexposed,baseline_only,train,0.1,0.30025680867883175,0.6997431913211682
DEAP:S26:T30,DEAP:S26,T30,0,4.95,2,1,2,2,unexposed,baseline_only,train,0.1,0.4199658604561425,0.5800341395438575
DEAP:S26:T32,DEAP:S26,T32,0,1.96,2,1,2,2,unexposed,baseline_only,train,0.1,0.47533809236583224,0.5246619076341678
DEAP:S26:T33,DEAP:S26,T33,0,1.0,2,1,2,2,unexposed,baseline_only,train,0.1,0.34696362408986114,0.6530363759101389
DEAP:S26:T39,DEAP:S26,T39,0,1.95,2,1,2,2,unexposed,baseline_only,train,0.1,0.43732107888570537,0.5626789211142946
DEAP:S27:T02,DEAP:S27,T02,1,7.0,2,1,2,2,unexposed,baseline_only,train,0.1,0.17504807842517767,0.8249519215748223
DEAP:S27:T04,DEAP:S27,T04,1,7.05,2,1,2,2,unexposed,baseline_only,train,0.1,0.22717282436039454,0.7728271756396055
DEAP:S27:T08,DEAP:S27,T08,1,8.24,2,1,2,2,unexposed,baseline_only,train,0.1,0.16942464375328814,0.8305753562467119
DEAP:S27:T11,DEAP:S27,T11,1,9.0,2,1,2,2,unexposed,baseline_only,train,0.1,0.21273780047555113,0.7872621995244489
DEAP:S27:T19,DEAP:S27,T19,1,5.06,2,1,2,2,unexposed,baseline_only,train,0.1,0.18426501443075682,0.8157349855692432
DEAP:S27:T22,DEAP:S27,T22,1,7.29,2,1,2,2,unexposed,baseline_only,train,0.1,0.2696358073043247,0.7303641926956753
DEAP:S27:T23,DEAP:S27,T23,1,8.0,2,1,2,2,unexposed,baseline_only,train,0.1,0.22643675989633094,0.7735632401036691
DEAP:S27:T25,DEAP:S27,T25,0,4.0,2,1,2,2,unexposed,baseline_only,train,0.1,0.27281267484141714,0.7271873251585829
DEAP:S27:T26,DEAP:S27,T26,1,5.04,2,1,2,2,unexposed,baseline_only,train,0.1,0.16562924732520745,0.8343707526747925
DEAP:S27:T28,DEAP:S27,T28,1,5.04,2,1,2,2,unexposed,baseline_only,train,0.1,0.227228896701422,0.772771103298578
DEAP:S27:T29,DEAP:S27,T29,1,7.18,2,1,2,2,unexposed,baseline_only,train,0.1,0.24945474246652,0.75054525753348
DEAP:S27:T30,DEAP:S27,T30,1,7.08,2,1,2,2,unexposed,baseline_only,train,0.1,0.2465116194959045,0.7534883805040955
DEAP:S27:T32,DEAP:S27,T32,1,5.04,2,1,2,2,unexposed,baseline_only,train,0.1,0.23109678751876295,0.768903212481237
DEAP:S27:T33,DEAP:S27,T33,1,5.04,2,1,2,2,unexposed,baseline_only,train,0.1,0.18136262411702053,0.8186373758829795
DEAP:S27:T39,DEAP:S27,T39,0,2.14,2,1,2,2,unexposed,baseline_only,train,0.1,0.3167963243540005,0.6832036756459995
DEAP:S28:T02,DEAP:S28,T02,1,7.99,2,1,2,2,unexposed,baseline_only,train,0.1,0.6366671233002508,0.3633328766997492
DEAP:S28:T04,DEAP:S28,T04,1,8.08,2,1,2,2,unexposed,baseline_only,train,0.1,0.4649446597567666,0.5350553402432334
DEAP:S28:T08,DEAP:S28,T08,1,7.01,2,1,2,2,unexposed,baseline_only,train,0.1,0.42329211263171596,0.576707887368284
DEAP:S28:T11,DEAP:S28,T11,1,7.01,2,1,2,2,unexposed,baseline_only,train,0.1,0.55810789367204,0.44189210632796005
DEAP:S28:T18,DEAP:S28,T18,1,8.08,2,1,2,2,unexposed,baseline_only,train,0.1,0.5884093266043808,0.4115906733956191
DEAP:S28:T19,DEAP:S28,T19,1,7.03,2,1,2,2,unexposed,baseline_only,train,0.1,0.5101360391670231,0.48986396083297684
DEAP:S28:T22,DEAP:S28,T22,1,5.03,2,1,2,2,unexposed,baseline_only,train,0.1,0.5213882699514227,0.4786117300485772
DEAP:S28:T23,DEAP:S28,T23,0,2.03,2,1,2,2,unexposed,baseline_only,train,0.1,0.5449152600989022,0.45508473990109777
DEAP:S28:T25,DEAP:S28,T25,0,4.06,2,1,2,2,unexposed,baseline_only,train,0.1,0.6423884597432372,0.3576115402567628
DEAP:S28:T26,DEAP:S28,T26,0,1.99,2,1,2,2,unexposed,baseline_only,train,0.1,0.6370085561408159,0.3629914438591841
DEAP:S28:T28,DEAP:S28,T28,0,2.9,2,1,2,2,unexposed,baseline_only,train,0.1,0.5826739889481645,0.4173260110518355
DEAP:S28:T29,DEAP:S28,T29,0,2.06,2,1,2,2,unexposed,baseline_only,train,0.1,0.6448360743717277,0.35516392562827226
DEAP:S28:T30,DEAP:S28,T30,0,1.99,2,1,2,2,unexposed,baseline_only,train,0.1,0.48286449796346365,0.5171355020365364
DEAP:S28:T32,DEAP:S28,T32,0,3.05,2,1,2,2,unexposed,baseline_only,train,0.1,0.5650742979263552,0.4349257020736447
DEAP:S28:T33,DEAP:S28,T33,1,7.01,2,1,2,2,unexposed,baseline_only,train,0.1,0.5037796560700423,0.4962203439299578
DEAP:S28:T39,DEAP:S28,T39,0,1.04,2,1,2,2,unexposed,baseline_only,train,0.1,0.5175967005811717,0.48240329941882837
DEAP:S29:T02,DEAP:S29,T02,1,7.05,2,1,2,2,unexposed,baseline_only,train,0.1,0.48911406436237215,0.5108859356376279
DEAP:S29:T04,DEAP:S29,T04,1,7.17,2,1,2,2,unexposed,baseline_only,train,0.1,0.4759389720723788,0.5240610279276212
DEAP:S29:T08,DEAP:S29,T08,1,7.04,2,1,2,2,unexposed,baseline_only,train,0.1,0.5104392738605141,0.4895607261394859
DEAP:S29:T11,DEAP:S29,T11,1,8.03,2,1,2,2,unexposed,baseline_only,train,0.1,0.5921287434211102,0.40787125657888984
DEAP:S29:T18,DEAP:S29,T18,1,7.01,2,1,2,2,unexposed,baseline_only,train,0.1,0.5514864406991346,0.44851355930086545
DEAP:S29:T19,DEAP:S29,T19,1,7.05,2,1,2,2,unexposed,baseline_only,train,0.1,0.478227566267045,0.521772433732955
DEAP:S29:T22,DEAP:S29,T22,0,3.05,2,1,2,2,unexposed,baseline_only,train,0.1,0.5745867050985081,0.425413294901492
DEAP:S29:T23,DEAP:S29,T23,0,2.05,2,1,2,2,unexposed,baseline_only,train,0.1,0.6974742972203096,0.3025257027796904
DEAP:S29:T25,DEAP:S29,T25,0,3.03,2,1,2,2,unexposed,baseline_only,train,0.1,0.5506630896228955,0.44933691037710455
DEAP:S29:T26,DEAP:S29,T26,0,3.0,2,1,2,2,unexposed,baseline_only,train,0.1,0.6139292843235762,0.3860707156764238
DEAP:S29:T28,DEAP:S29,T28,0,1.04,2,1,2,2,unexposed,baseline_only,train,0.1,0.6890146307211935,0.31098536927880654
DEAP:S29:T29,DEAP:S29,T29,0,3.97,2,1,2,2,unexposed,baseline_only,train,0.1,0.6785702915255769,0.32142970847442304
DEAP:S29:T30,DEAP:S29,T30,0,2.95,2,1,2,2,unexposed,baseline_only,train,0.1,0.6436601649002663,0.35633983509973366
DEAP:S29:T32,DEAP:S29,T32,0,4.04,2,1,2,2,unexposed,baseline_only,train,0.1,0.46980317039415875,0.5301968296058412
DEAP:S29:T33,DEAP:S29,T33,0,1.99,2,1,2,2,unexposed,baseline_only,train,0.1,0.549867700203815,0.4501322997961849
DEAP:S29:T39,DEAP:S29,T39,1,6.05,2,1,2,2,unexposed,baseline_only,train,0.1,0.43506905745630775,0.5649309425436922
DEAP:S30:T02,DEAP:S30,T02,1,7.15,2,1,2,2,unexposed,baseline_only,train,0.1,0.4491342392730798,0.5508657607269202
DEAP:S30:T04,DEAP:S30,T04,1,7.04,2,1,2,2,unexposed,baseline_only,train,0.1,0.3234502692565989,0.6765497307434011
DEAP:S30:T08,DEAP:S30,T08,1,6.05,2,1,2,2,unexposed,baseline_only,train,0.1,0.4135732850491046,0.5864267149508954
DEAP:S30:T11,DEAP:S30,T11,1,6.06,2,1,2,2,unexposed,baseline_only,train,0.1,0.42778763639842765,0.5722123636015723
DEAP:S30:T18,DEAP:S30,T18,1,7.05,2,1,2,2,unexposed,baseline_only,train,0.1,0.45929363942296353,0.5407063605770365
DEAP:S30:T19,DEAP:S30,T19,1,8.27,2,1,2,2,unexposed,baseline_only,train,0.1,0.29751525258599243,0.7024847474140076
DEAP:S30:T22,DEAP:S30,T22,0,4.05,2,1,2,2,unexposed,baseline_only,train,0.1,0.45030365090148616,0.5496963490985138
DEAP:S30:T23,DEAP:S30,T23,0,3.0,2,1,2,2,unexposed,baseline_only,train,0.1,0.38388638558971444,0.6161136144102856
DEAP:S30:T25,DEAP:S30,T25,0,3.92,2,1,2,2,unexposed,baseline_only,train,0.1,0.3504356779258636,0.6495643220741364
DEAP:S30:T26,DEAP:S30,T26,1,5.01,2,1,2,2,unexposed,baseline_only,train,0.1,0.5138082814248957,0.48619171857510435
DEAP:S30:T28,DEAP:S30,T28,1,5.06,2,1,2,2,unexposed,baseline_only,train,0.1,0.45867398149647864,0.5413260185035214
DEAP:S30:T29,DEAP:S30,T29,1,7.23,2,1,2,2,unexposed,baseline_only,train,0.1,0.3774674740461943,0.6225325259538057
DEAP:S30:T30,DEAP:S30,T30,0,4.04,2,1,2,2,unexposed,baseline_only,train,0.1,0.40846939603124266,0.5915306039687573
DEAP:S30:T32,DEAP:S30,T32,1,5.01,2,1,2,2,unexposed,baseline_only,train,0.1,0.37932155443517457,0.6206784455648254
DEAP:S30:T33,DEAP:S30,T33,0,3.91,2,1,2,2,unexposed,baseline_only,train,0.1,0.4376019864461751,0.5623980135538249
DEAP:S30:T39,DEAP:S30,T39,0,2.97,2,1,2,2,unexposed,baseline_only,train,0.1,0.45745784402083745,0.5425421559791626
DEAP:S31:T02,DEAP:S31,T02,1,5.03,2,1,2,2,unexposed,baseline_only,train,0.1,0.2929766806736791,0.7070233193263209
DEAP:S31:T04,DEAP:S31,T04,1,6.97,2,1,2,2,unexposed,baseline_only,train,0.1,0.29349150905257704,0.706508490947423
DEAP:S31:T08,DEAP:S31,T08,1,6.03,2,1,2,2,unexposed,baseline_only,train,0.1,0.44284194519574116,0.5571580548042588
DEAP:S31:T11,DEAP:S31,T11,1,9.0,2,1,2,2,unexposed,baseline_only,train,0.1,0.3113676104495352,0.6886323895504648
DEAP:S31:T18,DEAP:S31,T18,1,7.06,2,1,2,2,unexposed,baseline_only,train,0.1,0.44996783104243043,0.5500321689575696
DEAP:S31:T19,DEAP:S31,T19,1,7.95,2,1,2,2,unexposed,baseline_only,train,0.1,0.4136575372893302,0.5863424627106698
DEAP:S31:T22,DEAP:S31,T22,1,5.04,2,1,2,2,unexposed,baseline_only,train,0.1,0.3800254338563547,0.6199745661436453
DEAP:S31:T23,DEAP:S31,T23,0,1.0,2,1,2,2,unexposed,baseline_only,train,0.1,0.4535873164881433,0.5464126835118567
DEAP:S31:T25,DEAP:S31,T25,1,6.14,2,1,2,2,unexposed,baseline_only,train,0.1,0.4666772012791194,0.5333227987208806
DEAP:S31:T26,DEAP:S31,T26,1,7.08,2,1,2,2,unexposed,baseline_only,train,0.1,0.26858777771601705,0.731412222283983
DEAP:S31:T28,DEAP:S31,T28,1,5.01,2,1,2,2,unexposed,baseline_only,train,0.1,0.3764204489292171,0.6235795510707829
DEAP:S31:T30,DEAP:S31,T30,0,3.13,2,1,2,2,unexposed,baseline_only,train,0.1,0.5017029877416599,0.49829701225834006
DEAP:S31:T32,DEAP:S31,T32,0,1.0,2,1,2,2,unexposed,baseline_only,train,0.1,0.3242265227424975,0.6757734772575025
DEAP:S31:T33,DEAP:S31,T33,0,4.18,2,1,2,2,unexposed,baseline_only,train,0.1,0.35424351331117043,0.6457564866888296
DEAP:S31:T39,DEAP:S31,T39,0,1.0,2,1,2,2,unexposed,baseline_only,train,0.1,0.45567141814767953,0.5443285818523205
DEAP:S32:T02,DEAP:S32,T02,0,4.99,2,1,2,2,unexposed,baseline_only,train,0.1,0.7237560175336102,0.27624398246638987
DEAP:S32:T04,DEAP:S32,T04,1,6.96,2,1,2,2,unexposed,baseline_only,train,0.1,0.5723188325222563,0.42768116747774365
DEAP:S32:T08,DEAP:S32,T08,1,7.96,2,1,2,2,unexposed,baseline_only,train,0.1,0.34224164661029055,0.6577583533897094
DEAP:S32:T11,DEAP:S32,T11,1,8.24,2,1,2,2,unexposed,baseline_only,train,0.1,0.4374435581488826,0.5625564418511174
DEAP:S32:T18,DEAP:S32,T18,1,8.03,2,1,2,2,unexposed,baseline_only,train,0.1,0.3932495921150887,0.6067504078849113
DEAP:S32:T19,DEAP:S32,T19,1,8.24,2,1,2,2,unexposed,baseline_only,train,0.1,0.6327807765940605,0.3672192234059395
DEAP:S32:T23,DEAP:S32,T23,0,3.01,2,1,2,2,unexposed,baseline_only,train,0.1,0.4807930697852676,0.5192069302147324
DEAP:S32:T25,DEAP:S32,T25,0,4.01,2,1,2,2,unexposed,baseline_only,train,0.1,0.7817829738750626,0.21821702612493743
DEAP:S32:T26,DEAP:S32,T26,1,5.14,2,1,2,2,unexposed,baseline_only,train,0.1,0.5511119306598634,0.4488880693401366
DEAP:S32:T28,DEAP:S32,T28,1,6.03,2,1,2,2,unexposed,baseline_only,train,0.1,0.2726012661115931,0.7273987338884069
DEAP:S32:T29,DEAP:S32,T29,0,4.09,2,1,2,2,unexposed,baseline_only,train,0.1,0.6634520038034535,0.3365479961965466
DEAP:S32:T30,DEAP:S32,T30,0,1.0,2,1,2,2,unexposed,baseline_only,train,0.1,0.6164657896914414,0.38353421030855867
DEAP:S32:T32,DEAP:S32,T32,0,3.87,2,1,2,2,unexposed,baseline_only,train,0.1,0.6742110869689374,0.3257889130310626
DEAP:S32:T33,DEAP:S32,T33,0,4.06,2,1,2,2,unexposed,baseline_only,train,0.1,0.7374841185783624,0.2625158814216376
DEAP:S32:T39,DEAP:S32,T39,0,3.99,2,1,2,2,unexposed,baseline_only,train,0.1,0.6870761774105243,0.31292382258947565
DEAP:S02:T07,DEAP:S02,T07,0,4.96,2,1,2,2,unexposed,baseline_only,validation_unseen,0.1,0.7666286873732984,0.23337131262670158
DEAP:S02:T09,DEAP:S02,T09,1,9.0,2,1,2,2,unexposed,baseline_only,validation_unseen,0.1,0.66029767781289,0.33970232218711
DEAP:S02:T17,DEAP:S02,T17,1,9.0,2,1,2,2,unexposed,baseline_only,validation_unseen,0.1,0.7029955621969098,0.29700443780309016
DEAP:S02:T35,DEAP:S02,T35,0,1.99,2,1,2,2,unexposed,baseline_only,validation_unseen,0.1,0.7460112534502978,0.25398874654970216
DEAP:S02:T36,DEAP:S02,T36,1,5.04,2,1,2,2,unexposed,baseline_only,validation_unseen,0.1,0.6912262802754361,0.30877371972456397
DEAP:S02:T37,DEAP:S02,T37,0,1.0,2,1,2,2,unexposed,baseline_only,validation_unseen,0.1,0.7104705061492711,0.2895294938507289
DEAP:S02:T40,DEAP:S02,T40,1,6.05,2,1,2,2,unexposed,baseline_only,validation_unseen,0.1,0.8134467219559419,0.1865532780440581
DEAP:S03:T06,DEAP:S03,T06,1,6.79,2,1,2,2,unexposed,baseline_only,validation_unseen,0.1,0.7163573587063217,0.2836426412936784
DEAP:S03:T07,DEAP:S03,T07,1,5.45,2,1,2,2,unexposed,baseline_only,validation_unseen,0.1,0.679169686595809,0.320830313404191
DEAP:S03:T09,DEAP:S03,T09,1,7.33,2,1,2,2,unexposed,baseline_only,validation_unseen,0.1,0.7406428888583286,0.25935711114167137
DEAP:S03:T17,DEAP:S03,T17,0,4.56,2,1,2,2,unexposed,baseline_only,validation_unseen,0.1,0.7697557910723005,0.2302442089276995
DEAP:S03:T35,DEAP:S03,T35,0,3.18,2,1,2,2,unexposed,baseline_only,validation_unseen,0.1,0.760259302280347,0.23974069771965306
DEAP:S03:T36,DEAP:S03,T36,1,5.01,2,1,2,2,unexposed,baseline_only,validation_unseen,0.1,0.7566863590252904,0.2433136409747096
DEAP:S03:T37,DEAP:S03,T37,0,4.92,2,1,2,2,unexposed,baseline_only,validation_unseen,0.1,0.7476247487250091,0.25237525127499094
DEAP:S03:T40,DEAP:S03,T40,1,5.38,2,1,2,2,unexposed,baseline_only,validation_unseen,0.1,0.7006179368257044,0.2993820631742956
DEAP:S15:T06,DEAP:S15,T06,1,9.0,2,1,2,2,unexposed,baseline_only,validation_unseen,0.1,0.4602195708795722,0.5397804291204278
DEAP:S15:T07,DEAP:S15,T07,1,5.04,2,1,2,2,unexposed,baseline_only,validation_unseen,0.1,0.5150287300158939,0.4849712699841061
DEAP:S15:T09,DEAP:S15,T09,1,9.0,2,1,2,2,unexposed,baseline_only,validation_unseen,0.1,0.5532312243825128,0.4467687756174871
DEAP:S15:T17,DEAP:S15,T17,1,8.1,2,1,2,2,unexposed,baseline_only,validation_unseen,0.1,0.5547515339403146,0.44524846605968543
DEAP:S15:T35,DEAP:S15,T35,1,5.05,2,1,2,2,unexposed,baseline_only,validation_unseen,0.1,0.6209921789791413,0.3790078210208587
DEAP:S15:T36,DEAP:S15,T36,0,3.96,2,1,2,2,unexposed,baseline_only,validation_unseen,0.1,0.668192915701137,0.3318070842988629
DEAP:S15:T37,DEAP:S15,T37,0,3.04,2,1,2,2,unexposed,baseline_only,validation_unseen,0.1,0.6337278422861079,0.36627215771389215
DEAP:S15:T40,DEAP:S15,T40,0,4.01,2,1,2,2,unexposed,baseline_only,validation_unseen,0.1,0.6439876788849848,0.3560123211150152
DEAP:S20:T06,DEAP:S20,T06,1,7.62,2,1,2,2,unexposed,baseline_only,validation_unseen,0.1,0.41868633618957063,0.5813136638104294
DEAP:S20:T07,DEAP:S20,T07,1,5.27,2,1,2,2,unexposed,baseline_only,validation_unseen,0.1,0.46925225101702894,0.5307477489829711
DEAP:S20:T09,DEAP:S20,T09,1,8.22,2,1,2,2,unexposed,baseline_only,validation_unseen,0.1,0.27948544246222184,0.7205145575377782
DEAP:S20:T17,DEAP:S20,T17,1,5.04,2,1,2,2,unexposed,baseline_only,validation_unseen,0.1,0.455087925327054,0.544912074672946
DEAP:S20:T35,DEAP:S20,T35,0,4.35,2,1,2,2,unexposed,baseline_only,validation_unseen,0.1,0.2945329884481366,0.7054670115518634
DEAP:S20:T36,DEAP:S20,T36,0,4.29,2,1,2,2,unexposed,baseline_only,validation_unseen,0.1,0.5850636479897309,0.4149363520102691
DEAP:S20:T37,DEAP:S20,T37,0,3.01,2,1,2,2,unexposed,baseline_only,validation_unseen,0.1,0.4020574156908112,0.5979425843091888
DEAP:S20:T40,DEAP:S20,T40,0,4.94,2,1,2,2,unexposed,baseline_only,validation_unseen,0.1,0.4585662535408557,0.5414337464591443
DEAP:S02:T02,DEAP:S02,T02,1,8.01,2,1,2,2,unexposed,baseline_only,validation_familiar,0.1,0.5433659966552712,0.4566340033447288
DEAP:S02:T04,DEAP:S02,T04,1,6.05,2,1,2,2,unexposed,baseline_only,validation_familiar,0.1,0.4821207396217567,0.5178792603782433
DEAP:S02:T08,DEAP:S02,T08,1,9.0,2,1,2,2,unexposed,baseline_only,validation_familiar,0.1,0.7470721368250299,0.25292786317497
DEAP:S02:T11,DEAP:S02,T11,1,7.08,2,1,2,2,unexposed,baseline_only,validation_familiar,0.1,0.7068093577214598,0.29319064227854014
DEAP:S02:T18,DEAP:S02,T18,1,9.0,2,1,2,2,unexposed,baseline_only,validation_familiar,0.1,0.7186195231625061,0.28138047683749395
DEAP:S02:T19,DEAP:S02,T19,1,9.0,2,1,2,2,unexposed,baseline_only,validation_familiar,0.1,0.7993072167791048,0.2006927832208952
DEAP:S02:T23,DEAP:S02,T23,0,1.0,2,1,2,2,unexposed,baseline_only,validation_familiar,0.1,0.6741000554959143,0.32589994450408566
DEAP:S02:T25,DEAP:S02,T25,1,9.0,2,1,2,2,unexposed,baseline_only,validation_familiar,0.1,0.551567165815261,0.44843283418473895
DEAP:S02:T26,DEAP:S02,T26,1,9.0,2,1,2,2,unexposed,baseline_only,validation_familiar,0.1,0.7957063310121442,0.20429366898785584
DEAP:S02:T28,DEAP:S02,T28,0,4.06,2,1,2,2,unexposed,baseline_only,validation_familiar,0.1,0.673768745652403,0.32623125434759703
DEAP:S02:T29,DEAP:S02,T29,0,2.99,2,1,2,2,unexposed,baseline_only,validation_familiar,0.1,0.6650504605024696,0.3349495394975303
DEAP:S02:T30,DEAP:S02,T30,0,2.01,2,1,2,2,unexposed,baseline_only,validation_familiar,0.1,0.7411066445645889,0.2588933554354111
DEAP:S02:T32,DEAP:S02,T32,0,1.0,2,1,2,2,unexposed,baseline_only,validation_familiar,0.1,0.7260915511262089,0.273908448873791
DEAP:S02:T39,DEAP:S02,T39,0,1.0,2,1,2,2,unexposed,baseline_only,validation_familiar,0.1,0.6538022150149082,0.3461977849850918
DEAP:S03:T02,DEAP:S03,T02,1,7.21,2,1,2,2,unexposed,baseline_only,validation_familiar,0.1,0.6723115827803109,0.3276884172196891
DEAP:S03:T04,DEAP:S03,T04,0,4.69,2,1,2,2,unexposed,baseline_only,validation_familiar,0.1,0.6098548746423476,0.3901451253576525
DEAP:S03:T08,DEAP:S03,T08,1,7.14,2,1,2,2,unexposed,baseline_only,validation_familiar,0.1,0.6854832828942354,0.31451671710576456
DEAP:S03:T11,DEAP:S03,T11,1,7.94,2,1,2,2,unexposed,baseline_only,validation_familiar,0.1,0.5212831139200179,0.4787168860799821
DEAP:S03:T18,DEAP:S03,T18,1,7.1,2,1,2,2,unexposed,baseline_only,validation_familiar,0.1,0.6771965088445491,0.32280349115545093
DEAP:S03:T19,DEAP:S03,T19,1,8.14,2,1,2,2,unexposed,baseline_only,validation_familiar,0.1,0.7629052410002714,0.23709475899972865
DEAP:S03:T22,DEAP:S03,T22,0,4.94,2,1,2,2,unexposed,baseline_only,validation_familiar,0.1,0.7301231876393839,0.2698768123606161
DEAP:S03:T23,DEAP:S03,T23,0,3.65,2,1,2,2,unexposed,baseline_only,validation_familiar,0.1,0.808372525556014,0.191627474443986
DEAP:S03:T25,DEAP:S03,T25,0,3.45,2,1,2,2,unexposed,baseline_only,validation_familiar,0.1,0.773834944763594,0.22616505523640595
DEAP:S03:T26,DEAP:S03,T26,0,4.67,2,1,2,2,unexposed,baseline_only,validation_familiar,0.1,0.7142988149206971,0.28570118507930287
DEAP:S03:T28,DEAP:S03,T28,1,5.59,2,1,2,2,unexposed,baseline_only,validation_familiar,0.1,0.7410271244778313,0.2589728755221687
DEAP:S03:T29,DEAP:S03,T29,0,4.47,2,1,2,2,unexposed,baseline_only,validation_familiar,0.1,0.4085042007765358,0.5914957992234642
DEAP:S03:T30,DEAP:S03,T30,0,3.87,2,1,2,2,unexposed,baseline_only,validation_familiar,0.1,0.8119869357952623,0.1880130642047378
DEAP:S03:T32,DEAP:S03,T32,1,5.17,2,1,2,2,unexposed,baseline_only,validation_familiar,0.1,0.6661283204461599,0.33387167955384006
DEAP:S03:T33,DEAP:S03,T33,0,4.05,2,1,2,2,unexposed,baseline_only,validation_familiar,0.1,0.7648492562673557,0.23515074373264427
DEAP:S03:T39,DEAP:S03,T39,0,4.33,2,1,2,2,unexposed,baseline_only,validation_familiar,0.1,0.5905610464382466,0.4094389535617534
DEAP:S15:T02,DEAP:S15,T02,1,5.04,2,1,2,2,unexposed,baseline_only,validation_familiar,0.1,0.6778558679044202,0.32214413209557974
DEAP:S15:T04,DEAP:S15,T04,1,8.04,2,1,2,2,unexposed,baseline_only,validation_familiar,0.1,0.6201032174669023,0.3798967825330977
DEAP:S15:T08,DEAP:S15,T08,1,9.0,2,1,2,2,unexposed,baseline_only,validation_familiar,0.1,0.7410017636350175,0.2589982363649826
DEAP:S15:T11,DEAP:S15,T11,1,8.99,2,1,2,2,unexposed,baseline_only,validation_familiar,0.1,0.5749078272315673,0.42509217276843275
DEAP:S15:T18,DEAP:S15,T18,1,7.04,2,1,2,2,unexposed,baseline_only,validation_familiar,0.1,0.6876939334771417,0.31230606652285836
DEAP:S15:T19,DEAP:S15,T19,1,7.04,2,1,2,2,unexposed,baseline_only,validation_familiar,0.1,0.607767941853512,0.3922320581464879
DEAP:S15:T22,DEAP:S15,T22,0,4.12,2,1,2,2,unexposed,baseline_only,validation_familiar,0.1,0.5548253181456798,0.4451746818543202
DEAP:S15:T23,DEAP:S15,T23,0,3.05,2,1,2,2,unexposed,baseline_only,validation_familiar,0.1,0.5685455417462554,0.4314544582537446
DEAP:S15:T25,DEAP:S15,T25,0,2.96,2,1,2,2,unexposed,baseline_only,validation_familiar,0.1,0.3928258757467652,0.6071741242532348
DEAP:S15:T26,DEAP:S15,T26,0,4.96,2,1,2,2,unexposed,baseline_only,validation_familiar,0.1,0.6216686030356078,0.37833139696439216
DEAP:S15:T28,DEAP:S15,T28,0,4.01,2,1,2,2,unexposed,baseline_only,validation_familiar,0.1,0.5858597590038749,0.4141402409961251
DEAP:S15:T29,DEAP:S15,T29,0,4.05,2,1,2,2,unexposed,baseline_only,validation_familiar,0.1,0.5572531555108724,0.4427468444891276
DEAP:S15:T30,DEAP:S15,T30,0,2.04,2,1,2,2,unexposed,baseline_only,validation_familiar,0.1,0.46804204324993526,0.5319579567500647
DEAP:S15:T32,DEAP:S15,T32,0,3.97,2,1,2,2,unexposed,baseline_only,validation_familiar,0.1,0.6499556987200881,0.350044301279912
DEAP:S15:T33,DEAP:S15,T33,0,3.01,2,1,2,2,unexposed,baseline_only,validation_familiar,0.1,0.6316336114817642,0.3683663885182357
DEAP:S15:T39,DEAP:S15,T39,0,4.0,2,1,2,2,unexposed,baseline_only,validation_familiar,0.1,0.5619764243304222,0.43802357566957784
DEAP:S20:T02,DEAP:S20,T02,1,6.77,2,1,2,2,unexposed,baseline_only,validation_familiar,0.1,0.4281170362886756,0.5718829637113244
DEAP:S20:T04,DEAP:S20,T04,1,7.05,2,1,2,2,unexposed,baseline_only,validation_familiar,0.1,0.4914271634550317,0.5085728365449683
DEAP:S20:T08,DEAP:S20,T08,1,7.63,2,1,2,2,unexposed,baseline_only,validation_familiar,0.1,0.407831341735269,0.592168658264731
DEAP:S20:T11,DEAP:S20,T11,1,8.18,2,1,2,2,unexposed,baseline_only,validation_familiar,0.1,0.5061896522896877,0.4938103477103123
DEAP:S20:T18,DEAP:S20,T18,1,7.35,2,1,2,2,unexposed,baseline_only,validation_familiar,0.1,0.4263087056850523,0.5736912943149477
DEAP:S20:T19,DEAP:S20,T19,1,7.59,2,1,2,2,unexposed,baseline_only,validation_familiar,0.1,0.4870274731030372,0.5129725268969628
DEAP:S20:T22,DEAP:S20,T22,0,4.06,2,1,2,2,unexposed,baseline_only,validation_familiar,0.1,0.46637613745426276,0.5336238625457372
DEAP:S20:T23,DEAP:S20,T23,0,2.82,2,1,2,2,unexposed,baseline_only,validation_familiar,0.1,0.48552099759033907,0.5144790024096609
DEAP:S20:T25,DEAP:S20,T25,0,2.99,2,1,2,2,unexposed,baseline_only,validation_familiar,0.1,0.4883534125505906,0.5116465874494094
DEAP:S20:T26,DEAP:S20,T26,0,4.31,2,1,2,2,unexposed,baseline_only,validation_familiar,0.1,0.414153364175459,0.585846635824541
DEAP:S20:T28,DEAP:S20,T28,1,5.01,2,1,2,2,unexposed,baseline_only,validation_familiar,0.1,0.3883806635112581,0.6116193364887419
DEAP:S20:T29,DEAP:S20,T29,0,2.44,2,1,2,2,unexposed,baseline_only,validation_familiar,0.1,0.22392954152326916,0.7760704584767308
DEAP:S20:T30,DEAP:S20,T30,0,3.49,2,1,2,2,unexposed,baseline_only,validation_familiar,0.1,0.40042171761778633,0.5995782823822137
DEAP:S20:T32,DEAP:S20,T32,1,6.28,2,1,2,2,unexposed,baseline_only,validation_familiar,0.1,0.414541621439083,0.585458378560917
DEAP:S20:T33,DEAP:S20,T33,0,4.64,2,1,2,2,unexposed,baseline_only,validation_familiar,0.1,0.570312631567926,0.429687368432074
DEAP:S20:T39,DEAP:S20,T39,0,4.67,2,1,2,2,unexposed,baseline_only,validation_familiar,0.1,0.5485221752687326,0.4514778247312674
DEAP:S01:T02,DEAP:S01,T02,1,8.1,2,1,2,2,unexposed,baseline_only,train,1.0,0.45088903831482585,0.5491109616851741
DEAP:S01:T04,DEAP:S01,T04,0,4.94,2,1,2,2,unexposed,baseline_only,train,1.0,0.6250697933353132,0.3749302066646868
DEAP:S01:T08,DEAP:S01,T08,1,7.32,2,1,2,2,unexposed,baseline_only,train,1.0,0.38565458355348736,0.6143454164465126
DEAP:S01:T11,DEAP:S01,T11,0,2.99,2,1,2,2,unexposed,baseline_only,train,1.0,0.6974669482493562,0.3025330517506438
DEAP:S01:T18,DEAP:S01,T18,1,7.23,2,1,2,2,unexposed,baseline_only,train,1.0,0.31768634115649697,0.682313658843503
DEAP:S01:T19,DEAP:S01,T19,1,7.17,2,1,2,2,unexposed,baseline_only,train,1.0,0.21717681361280083,0.7828231863871992
DEAP:S01:T22,DEAP:S01,T22,1,7.09,2,1,2,2,unexposed,baseline_only,train,1.0,0.3504093357771534,0.6495906642228466
DEAP:S01:T23,DEAP:S01,T23,1,8.15,2,1,2,2,unexposed,baseline_only,train,1.0,0.43615976181904625,0.5638402381809537
DEAP:S01:T25,DEAP:S01,T25,1,8.86,2,1,2,2,unexposed,baseline_only,train,1.0,0.46640984563094023,0.5335901543690598
DEAP:S01:T26,DEAP:S01,T26,1,7.28,2,1,2,2,unexposed,baseline_only,train,1.0,0.7118030880182552,0.2881969119817448
DEAP:S01:T28,DEAP:S01,T28,0,3.88,2,1,2,2,unexposed,baseline_only,train,1.0,0.5788971410550847,0.42110285894491534
DEAP:S01:T29,DEAP:S01,T29,0,1.36,2,1,2,2,unexposed,baseline_only,train,1.0,0.26294113303957833,0.7370588669604217
DEAP:S01:T30,DEAP:S01,T30,0,2.08,2,1,2,2,unexposed,baseline_only,train,1.0,0.7807730368952972,0.21922696310470277
DEAP:S01:T32,DEAP:S01,T32,0,2.28,2,1,2,2,unexposed,baseline_only,train,1.0,0.7108369445470495,0.2891630554529505
DEAP:S01:T33,DEAP:S01,T33,0,3.81,2,1,2,2,unexposed,baseline_only,train,1.0,0.869576683495406,0.1304233165045941
DEAP:S01:T39,DEAP:S01,T39,0,3.24,2,1,2,2,unexposed,baseline_only,train,1.0,0.48284268102754635,0.5171573189724537
DEAP:S04:T02,DEAP:S04,T02,0,4.06,2,1,2,2,unexposed,baseline_only,train,1.0,0.6848842384256265,0.3151157615743735
DEAP:S04:T04,DEAP:S04,T04,1,6.1,2,1,2,2,unexposed,baseline_only,train,1.0,0.2685928982916975,0.7314071017083025
DEAP:S04:T08,DEAP:S04,T08,1,5.97,2,1,2,2,unexposed,baseline_only,train,1.0,0.698819266537635,0.30118073346236496
DEAP:S04:T11,DEAP:S04,T11,1,7.24,2,1,2,2,unexposed,baseline_only,train,1.0,0.6775944594213932,0.3224055405786069
DEAP:S04:T18,DEAP:S04,T18,0,4.9,2,1,2,2,unexposed,baseline_only,train,1.0,0.7744763819502368,0.2255236180497632
DEAP:S04:T19,DEAP:S04,T19,1,7.09,2,1,2,2,unexposed,baseline_only,train,1.0,0.7374284834046463,0.26257151659535366
DEAP:S04:T22,DEAP:S04,T22,0,1.86,2,1,2,2,unexposed,baseline_only,train,1.0,0.7713726271661319,0.2286273728338682
DEAP:S04:T23,DEAP:S04,T23,0,1.86,2,1,2,2,unexposed,baseline_only,train,1.0,0.4787989013775502,0.5212010986224498
DEAP:S04:T25,DEAP:S04,T25,1,7.0,2,1,2,2,unexposed,baseline_only,train,1.0,0.6132220541896688,0.3867779458103312
DEAP:S04:T26,DEAP:S04,T26,1,6.0,2,1,2,2,unexposed,baseline_only,train,1.0,0.7860807522001494,0.21391924779985066
DEAP:S04:T28,DEAP:S04,T28,0,2.17,2,1,2,2,unexposed,baseline_only,train,1.0,0.3822041711018964,0.6177958288981036
DEAP:S04:T29,DEAP:S04,T29,0,1.85,2,1,2,2,unexposed,baseline_only,train,1.0,0.711544819342587,0.28845518065741305
DEAP:S04:T30,DEAP:S04,T30,0,3.1,2,1,2,2,unexposed,baseline_only,train,1.0,0.757196195282474,0.24280380471752605
DEAP:S04:T32,DEAP:S04,T32,0,1.01,2,1,2,2,unexposed,baseline_only,train,1.0,0.9127331501258859,0.08726684987411419
DEAP:S04:T33,DEAP:S04,T33,0,1.0,2,1,2,2,unexposed,baseline_only,train,1.0,0.8607011973688903,0.1392988026311097
DEAP:S04:T39,DEAP:S04,T39,0,1.92,2,1,2,2,unexposed,baseline_only,train,1.0,0.46259634618709444,0.5374036538129056
DEAP:S05:T02,DEAP:S05,T02,1,9.0,2,1,2,2,unexposed,baseline_only,train,1.0,0.13012465495262804,0.869875345047372
DEAP:S05:T04,DEAP:S05,T04,1,8.24,2,1,2,2,unexposed,baseline_only,train,1.0,0.21477234361882203,0.785227656381178
DEAP:S05:T08,DEAP:S05,T08,1,8.17,2,1,2,2,unexposed,baseline_only,train,1.0,0.36184806078241316,0.6381519392175868
DEAP:S05:T11,DEAP:S05,T11,1,9.0,2,1,2,2,unexposed,baseline_only,train,1.0,0.3852408026131373,0.6147591973868627
DEAP:S05:T19,DEAP:S05,T19,1,8.03,2,1,2,2,unexposed,baseline_only,train,1.0,0.38989260640544954,0.6101073935945505
DEAP:S05:T22,DEAP:S05,T22,1,6.99,2,1,2,2,unexposed,baseline_only,train,1.0,0.570796037242379,0.4292039627576209
DEAP:S05:T23,DEAP:S05,T23,0,1.0,2,1,2,2,unexposed,baseline_only,train,1.0,0.8337064402172725,0.16629355978272758
DEAP:S05:T25,DEAP:S05,T25,1,5.96,2,1,2,2,unexposed,baseline_only,train,1.0,0.1640522121412673,0.8359477878587327
DEAP:S05:T26,DEAP:S05,T26,1,7.96,2,1,2,2,unexposed,baseline_only,train,1.0,0.16026327135966134,0.8397367286403387
DEAP:S05:T28,DEAP:S05,T28,0,3.9,2,1,2,2,unexposed,baseline_only,train,1.0,0.6879433637242433,0.31205663627575675
DEAP:S05:T29,DEAP:S05,T29,0,4.04,2,1,2,2,unexposed,baseline_only,train,1.0,0.358140243346204,0.641859756653796
DEAP:S05:T30,DEAP:S05,T30,0,2.94,2,1,2,2,unexposed,baseline_only,train,1.0,0.7204876776421347,0.27951232235786533
DEAP:S05:T32,DEAP:S05,T32,0,1.94,2,1,2,2,unexposed,baseline_only,train,1.0,0.5225322006454312,0.47746779935456884
DEAP:S05:T33,DEAP:S05,T33,1,5.17,2,1,2,2,unexposed,baseline_only,train,1.0,0.5599959614980359,0.44000403850196407
DEAP:S05:T39,DEAP:S05,T39,0,1.0,2,1,2,2,unexposed,baseline_only,train,1.0,0.24621823029827583,0.7537817697017242
DEAP:S06:T02,DEAP:S06,T02,1,6.83,2,1,2,2,unexposed,baseline_only,train,1.0,0.34835547752638574,0.6516445224736143
DEAP:S06:T04,DEAP:S06,T04,1,7.55,2,1,2,2,unexposed,baseline_only,train,1.0,0.3175529100677267,0.6824470899322733
DEAP:S06:T08,DEAP:S06,T08,1,7.05,2,1,2,2,unexposed,baseline_only,train,1.0,0.03258586663981389,0.9674141333601861
DEAP:S06:T18,DEAP:S06,T18,1,7.59,2,1,2,2,unexposed,baseline_only,train,1.0,0.15768082057657862,0.8423191794234214
DEAP:S06:T19,DEAP:S06,T19,1,7.41,2,1,2,2,unexposed,baseline_only,train,1.0,0.10552269973689465,0.8944773002631053
DEAP:S06:T22,DEAP:S06,T22,1,7.56,2,1,2,2,unexposed,baseline_only,train,1.0,0.2301359540586817,0.7698640459413183
DEAP:S06:T23,DEAP:S06,T23,0,3.47,2,1,2,2,unexposed,baseline_only,train,1.0,0.49972408380475974,0.5002759161952403
DEAP:S06:T25,DEAP:S06,T25,1,7.09,2,1,2,2,unexposed,baseline_only,train,1.0,0.330466403337611,0.669533596662389
DEAP:S06:T26,DEAP:S06,T26,1,5.08,2,1,2,2,unexposed,baseline_only,train,1.0,0.16226682408017012,0.8377331759198299
DEAP:S06:T28,DEAP:S06,T28,1,6.42,2,1,2,2,unexposed,baseline_only,train,1.0,0.09111218218792272,0.9088878178120773
DEAP:S06:T29,DEAP:S06,T29,0,4.27,2,1,2,2,unexposed,baseline_only,train,1.0,0.11909156964795142,0.8809084303520486
DEAP:S06:T30,DEAP:S06,T30,1,6.99,2,1,2,2,unexposed,baseline_only,train,1.0,0.2034275074484233,0.7965724925515767
DEAP:S06:T32,DEAP:S06,T32,1,6.99,2,1,2,2,unexposed,baseline_only,train,1.0,0.3320874493922027,0.6679125506077973
DEAP:S06:T33,DEAP:S06,T33,1,6.68,2,1,2,2,unexposed,baseline_only,train,1.0,0.042265141212788127,0.9577348587872119
DEAP:S06:T39,DEAP:S06,T39,1,6.56,2,1,2,2,unexposed,baseline_only,train,1.0,0.256759027730445,0.743240972269555
DEAP:S07:T02,DEAP:S07,T02,1,7.15,2,1,2,2,unexposed,baseline_only,train,1.0,0.5593829399596111,0.4406170600403889
DEAP:S07:T04,DEAP:S07,T04,1,7.08,2,1,2,2,unexposed,baseline_only,train,1.0,0.6029432436674432,0.39705675633255677
DEAP:S07:T08,DEAP:S07,T08,1,7.0,2,1,2,2,unexposed,baseline_only,train,1.0,0.315797832527712,0.684202167472288
DEAP:S07:T11,DEAP:S07,T11,1,7.03,2,1,2,2,unexposed,baseline_only,train,1.0,0.4372535732104219,0.5627464267895781
DEAP:S07:T18,DEAP:S07,T18,1,7.03,2,1,2,2,unexposed,baseline_only,train,1.0,0.4603448827193951,0.5396551172806049
DEAP:S07:T19,DEAP:S07,T19,1,6.99,2,1,2,2,unexposed,baseline_only,train,1.0,0.14190897018435322,0.8580910298156468
DEAP:S07:T22,DEAP:S07,T22,0,3.05,2,1,2,2,unexposed,baseline_only,train,1.0,0.4538373956173106,0.5461626043826894
DEAP:S07:T23,DEAP:S07,T23,0,3.01,2,1,2,2,unexposed,baseline_only,train,1.0,0.7344832934582508,0.26551670654174925
DEAP:S07:T26,DEAP:S07,T26,0,2.0,2,1,2,2,unexposed,baseline_only,train,1.0,0.6537743934958455,0.3462256065041544
DEAP:S07:T28,DEAP:S07,T28,0,2.05,2,1,2,2,unexposed,baseline_only,train,1.0,0.8215340323641811,0.17846596763581887
DEAP:S07:T29,DEAP:S07,T29,1,7.09,2,1,2,2,unexposed,baseline_only,train,1.0,0.4048108451640262,0.5951891548359738
DEAP:S07:T30,DEAP:S07,T30,0,3.09,2,1,2,2,unexposed,baseline_only,train,1.0,0.7503148718121333,0.24968512818786667
DEAP:S07:T32,DEAP:S07,T32,0,4.96,2,1,2,2,unexposed,baseline_only,train,1.0,0.9100150749804157,0.08998492501958434
DEAP:S07:T33,DEAP:S07,T33,0,4.97,2,1,2,2,unexposed,baseline_only,train,1.0,0.5635215480221099,0.43647845197789015
DEAP:S07:T39,DEAP:S07,T39,1,7.01,2,1,2,2,unexposed,baseline_only,train,1.0,0.4439349711762619,0.5560650288237381
DEAP:S08:T02,DEAP:S08,T02,1,5.04,2,1,2,2,unexposed,baseline_only,train,1.0,0.42431584072491624,0.5756841592750838
DEAP:S08:T04,DEAP:S08,T04,1,6.82,2,1,2,2,unexposed,baseline_only,train,1.0,0.4063839173121986,0.5936160826878014
DEAP:S08:T08,DEAP:S08,T08,1,8.82,2,1,2,2,unexposed,baseline_only,train,1.0,0.3253867372993968,0.6746132627006032
DEAP:S08:T11,DEAP:S08,T11,1,8.41,2,1,2,2,unexposed,baseline_only,train,1.0,0.37685137091219356,0.6231486290878064
DEAP:S08:T19,DEAP:S08,T19,1,5.04,2,1,2,2,unexposed,baseline_only,train,1.0,0.5714610677285569,0.42853893227144313
DEAP:S08:T22,DEAP:S08,T22,0,4.23,2,1,2,2,unexposed,baseline_only,train,1.0,0.3184790372849001,0.6815209627150999
DEAP:S08:T23,DEAP:S08,T23,0,3.59,2,1,2,2,unexposed,baseline_only,train,1.0,0.30969452087518334,0.6903054791248167
DEAP:S08:T25,DEAP:S08,T25,0,3.72,2,1,2,2,unexposed,baseline_only,train,1.0,0.803627532074466,0.19637246792553398
DEAP:S08:T26,DEAP:S08,T26,0,4.99,2,1,2,2,unexposed,baseline_only,train,1.0,0.5726391865187804,0.42736081348121957
DEAP:S08:T28,DEAP:S08,T28,1,5.04,2,1,2,2,unexposed,baseline_only,train,1.0,0.5033754043775815,0.4966245956224184
DEAP:S08:T29,DEAP:S08,T29,0,2.78,2,1,2,2,unexposed,baseline_only,train,1.0,0.5009046143579492,0.4990953856420508
DEAP:S08:T30,DEAP:S08,T30,0,1.4,2,1,2,2,unexposed,baseline_only,train,1.0,0.7338685594882789,0.2661314405117211
DEAP:S08:T32,DEAP:S08,T32,1,6.33,2,1,2,2,unexposed,baseline_only,train,1.0,0.3833968909875175,0.6166031090124825
DEAP:S08:T33,DEAP:S08,T33,0,4.44,2,1,2,2,unexposed,baseline_only,train,1.0,0.5042785459277288,0.49572145407227114
DEAP:S08:T39,DEAP:S08,T39,1,5.05,2,1,2,2,unexposed,baseline_only,train,1.0,0.19729107311980554,0.8027089268801945
DEAP:S09:T02,DEAP:S09,T02,1,7.08,2,1,2,2,unexposed,baseline_only,train,1.0,0.42890555934227836,0.5710944406577216
DEAP:S09:T04,DEAP:S09,T04,1,5.99,2,1,2,2,unexposed,baseline_only,train,1.0,0.6761680483039172,0.32383195169608286
DEAP:S09:T08,DEAP:S09,T08,1,6.15,2,1,2,2,unexposed,baseline_only,train,1.0,0.2643871589610074,0.7356128410389926
DEAP:S09:T11,DEAP:S09,T11,1,7.12,2,1,2,2,unexposed,baseline_only,train,1.0,0.673045883170022,0.326954116829978
DEAP:S09:T18,DEAP:S09,T18,0,4.9,2,1,2,2,unexposed,baseline_only,train,1.0,0.6935349623354824,0.3064650376645176
DEAP:S09:T19,DEAP:S09,T19,0,3.97,2,1,2,2,unexposed,baseline_only,train,1.0,0.6512994178085381,0.348700582191462
DEAP:S09:T22,DEAP:S09,T22,0,3.99,2,1,2,2,unexposed,baseline_only,train,1.0,0.6062904086294344,0.3937095913705656
DEAP:S09:T25,DEAP:S09,T25,1,5.04,2,1,2,2,unexposed,baseline_only,train,1.0,0.3798903326056774,0.6201096673943226
DEAP:S09:T26,DEAP:S09,T26,0,4.1,2,1,2,2,unexposed,baseline_only,train,1.0,0.7777896213610671,0.22221037863893295
DEAP:S09:T28,DEAP:S09,T28,0,2.96,2,1,2,2,unexposed,baseline_only,train,1.0,0.7522181799506766,0.2477818200493234
DEAP:S09:T29,DEAP:S09,T29,0,3.99,2,1,2,2,unexposed,baseline_only,train,1.0,0.857340042426461,0.14265995757353903
DEAP:S09:T32,DEAP:S09,T32,0,3.1,2,1,2,2,unexposed,baseline_only,train,1.0,0.7676407765961737,0.23235922340382636
DEAP:S09:T33,DEAP:S09,T33,0,3.08,2,1,2,2,unexposed,baseline_only,train,1.0,0.8513546093508677,0.14864539064913232
DEAP:S09:T39,DEAP:S09,T39,0,3.17,2,1,2,2,unexposed,baseline_only,train,1.0,0.7275900258164332,0.2724099741835668
DEAP:S10:T02,DEAP:S10,T02,0,3.55,2,1,2,2,unexposed,baseline_only,train,1.0,0.8378402374589153,0.16215976254108466
DEAP:S10:T08,DEAP:S10,T08,1,5.68,2,1,2,2,unexposed,baseline_only,train,1.0,0.31819268233830866,0.6818073176616913
DEAP:S10:T11,DEAP:S10,T11,1,8.99,2,1,2,2,unexposed,baseline_only,train,1.0,0.4489869096047394,0.5510130903952606
DEAP:S10:T18,DEAP:S10,T18,1,7.31,2,1,2,2,unexposed,baseline_only,train,1.0,0.5341337564862316,0.4658662435137683
DEAP:S10:T19,DEAP:S10,T19,1,7.82,2,1,2,2,unexposed,baseline_only,train,1.0,0.60519266476047,0.39480733523953004
DEAP:S10:T22,DEAP:S10,T22,0,4.24,2,1,2,2,unexposed,baseline_only,train,1.0,0.590464187936473,0.40953581206352696
DEAP:S10:T23,DEAP:S10,T23,0,2.87,2,1,2,2,unexposed,baseline_only,train,1.0,0.5892965492671889,0.4107034507328111
DEAP:S10:T25,DEAP:S10,T25,0,1.92,2,1,2,2,unexposed,baseline_only,train,1.0,0.5963750651050614,0.4036249348949386
DEAP:S10:T26,DEAP:S10,T26,0,4.95,2,1,2,2,unexposed,baseline_only,train,1.0,0.8865428984292266,0.11345710157077335
DEAP:S10:T28,DEAP:S10,T28,0,4.31,2,1,2,2,unexposed,baseline_only,train,1.0,0.8191153359837655,0.18088466401623446
DEAP:S10:T29,DEAP:S10,T29,0,3.94,2,1,2,2,unexposed,baseline_only,train,1.0,0.6889529048249436,0.3110470951750564
DEAP:S10:T30,DEAP:S10,T30,0,2.64,2,1,2,2,unexposed,baseline_only,train,1.0,0.6828360125261563,0.31716398747384367
DEAP:S10:T32,DEAP:S10,T32,1,5.96,2,1,2,2,unexposed,baseline_only,train,1.0,0.740373054726496,0.25962694527350405
DEAP:S10:T33,DEAP:S10,T33,0,4.94,2,1,2,2,unexposed,baseline_only,train,1.0,0.7764738975626947,0.22352610243730528
DEAP:S10:T39,DEAP:S10,T39,0,2.17,2,1,2,2,unexposed,baseline_only,train,1.0,0.8320191584021807,0.1679808415978193
DEAP:S11:T04,DEAP:S11,T04,1,7.65,2,1,2,2,unexposed,baseline_only,train,1.0,0.5130654495229293,0.4869345504770707
DEAP:S11:T18,DEAP:S11,T18,1,7.95,2,1,2,2,unexposed,baseline_only,train,1.0,0.23949069807054046,0.7605093019294595
DEAP:S11:T19,DEAP:S11,T19,1,5.54,2,1,2,2,unexposed,baseline_only,train,1.0,0.24219381383498972,0.7578061861650103
DEAP:S11:T22,DEAP:S11,T22,1,6.15,2,1,2,2,unexposed,baseline_only,train,1.0,0.20426350958328698,0.795736490416713
DEAP:S11:T23,DEAP:S11,T23,0,3.72,2,1,2,2,unexposed,baseline_only,train,1.0,0.612581459803963,0.387418540196037
DEAP:S11:T25,DEAP:S11,T25,1,5.01,2,1,2,2,unexposed,baseline_only,train,1.0,0.3280995452849076,0.6719004547150924
DEAP:S11:T26,DEAP:S11,T26,1,5.49,2,1,2,2,unexposed,baseline_only,train,1.0,0.3586922044312266,0.6413077955687734
DEAP:S11:T28,DEAP:S11,T28,0,4.26,2,1,2,2,unexposed,baseline_only,train,1.0,0.6031207097981388,0.39687929020186113
DEAP:S11:T29,DEAP:S11,T29,0,2.32,2,1,2,2,unexposed,baseline_only,train,1.0,0.5598900060508074,0.44010999394919265
DEAP:S11:T30,DEAP:S11,T30,0,4.58,2,1,2,2,unexposed,baseline_only,train,1.0,0.3815614482920938,0.6184385517079062
DEAP:S11:T32,DEAP:S11,T32,1,5.01,2,1,2,2,unexposed,baseline_only,train,1.0,0.40610623368787335,0.5938937663121266
DEAP:S11:T33,DEAP:S11,T33,1,5.64,2,1,2,2,unexposed,baseline_only,train,1.0,0.3304603542071033,0.6695396457928967
DEAP:S11:T39,DEAP:S11,T39,0,1.0,2,1,2,2,unexposed,baseline_only,train,1.0,0.6985934179421923,0.3014065820578077
DEAP:S12:T02,DEAP:S12,T02,1,6.09,2,1,2,2,unexposed,baseline_only,train,1.0,0.17427992490671984,0.8257200750932802
DEAP:S12:T04,DEAP:S12,T04,1,6.86,2,1,2,2,unexposed,baseline_only,train,1.0,0.46515936857291296,0.534840631427087
DEAP:S12:T08,DEAP:S12,T08,1,5.1,2,1,2,2,unexposed,baseline_only,train,1.0,0.3319598660511509,0.6680401339488491
DEAP:S12:T11,DEAP:S12,T11,1,7.78,2,1,2,2,unexposed,baseline_only,train,1.0,0.42025229353184057,0.5797477064681594
DEAP:S12:T18,DEAP:S12,T18,1,7.35,2,1,2,2,unexposed,baseline_only,train,1.0,0.5310574166027106,0.46894258339728945
DEAP:S12:T19,DEAP:S12,T19,1,7.03,2,1,2,2,unexposed,baseline_only,train,1.0,0.3916792563829037,0.6083207436170963
DEAP:S12:T22,DEAP:S12,T22,0,3.33,2,1,2,2,unexposed,baseline_only,train,1.0,0.7589453625844704,0.24105463741552952
DEAP:S12:T23,DEAP:S12,T23,0,1.74,2,1,2,2,unexposed,baseline_only,train,1.0,0.5961624970208157,0.4038375029791843
DEAP:S12:T25,DEAP:S12,T25,0,2.78,2,1,2,2,unexposed,baseline_only,train,1.0,0.5192402207500181,0.4807597792499819
DEAP:S12:T26,DEAP:S12,T26,1,6.08,2,1,2,2,unexposed,baseline_only,train,1.0,0.4131334861356224,0.5868665138643776
DEAP:S12:T28,DEAP:S12,T28,1,5.04,2,1,2,2,unexposed,baseline_only,train,1.0,0.22648195845837016,0.7735180415416298
DEAP:S12:T30,DEAP:S12,T30,0,3.36,2,1,2,2,unexposed,baseline_only,train,1.0,0.7168385553225995,0.2831614446774004
DEAP:S12:T32,DEAP:S12,T32,0,1.86,2,1,2,2,unexposed,baseline_only,train,1.0,0.4525438398642331,0.5474561601357669
DEAP:S12:T39,DEAP:S12,T39,0,3.18,2,1,2,2,unexposed,baseline_only,train,1.0,0.6952792004602741,0.30472079953972586
DEAP:S13:T02,DEAP:S13,T02,0,4.03,2,1,2,2,unexposed,baseline_only,train,1.0,0.5079036833545738,0.4920963166454262
DEAP:S13:T04,DEAP:S13,T04,1,7.08,2,1,2,2,unexposed,baseline_only,train,1.0,0.2829750783992627,0.7170249216007373
DEAP:S13:T08,DEAP:S13,T08,1,7.99,2,1,2,2,unexposed,baseline_only,train,1.0,0.38423568944100917,0.6157643105589908
DEAP:S13:T11,DEAP:S13,T11,1,7.04,2,1,2,2,unexposed,baseline_only,train,1.0,0.6079855339117811,0.3920144660882189
DEAP:S13:T18,DEAP:S13,T18,1,7.94,2,1,2,2,unexposed,baseline_only,train,1.0,0.6283942766769675,0.37160572332303254
DEAP:S13:T19,DEAP:S13,T19,1,8.51,2,1,2,2,unexposed,baseline_only,train,1.0,0.3692020137491694,0.6307979862508306
DEAP:S13:T22,DEAP:S13,T22,0,4.01,2,1,2,2,unexposed,baseline_only,train,1.0,0.6320234884001658,0.36797651159983424
DEAP:S13:T25,DEAP:S13,T25,0,3.97,2,1,2,2,unexposed,baseline_only,train,1.0,0.7465858028465664,0.25341419715343355
DEAP:S13:T26,DEAP:S13,T26,1,5.04,2,1,2,2,unexposed,baseline_only,train,1.0,0.4212666177695876,0.5787333822304124
DEAP:S13:T28,DEAP:S13,T28,1,7.08,2,1,2,2,unexposed,baseline_only,train,1.0,0.5363470367342514,0.46365296326574856
DEAP:S13:T29,DEAP:S13,T29,0,4.04,2,1,2,2,unexposed,baseline_only,train,1.0,0.6435995892789533,0.35640041072104667
DEAP:S13:T30,DEAP:S13,T30,0,3.05,2,1,2,2,unexposed,baseline_only,train,1.0,0.7170483558795742,0.2829516441204259
DEAP:S13:T32,DEAP:S13,T32,0,4.05,2,1,2,2,unexposed,baseline_only,train,1.0,0.8112110064971425,0.18878899350285755
DEAP:S13:T33,DEAP:S13,T33,0,4.55,2,1,2,2,unexposed,baseline_only,train,1.0,0.6070493683311913,0.39295063166880867
DEAP:S13:T39,DEAP:S13,T39,0,1.97,2,1,2,2,unexposed,baseline_only,train,1.0,0.6940448136255593,0.3059551863744407
DEAP:S18:T02,DEAP:S18,T02,1,6.87,2,1,2,2,unexposed,baseline_only,train,1.0,0.261840360451395,0.738159639548605
DEAP:S18:T04,DEAP:S18,T04,1,6.65,2,1,2,2,unexposed,baseline_only,train,1.0,0.39317378986201523,0.6068262101379848
DEAP:S18:T11,DEAP:S18,T11,1,6.24,2,1,2,2,unexposed,baseline_only,train,1.0,0.5396308714327208,0.4603691285672792
DEAP:S18:T18,DEAP:S18,T18,1,7.05,2,1,2,2,unexposed,baseline_only,train,1.0,0.49675945682856426,0.5032405431714357
DEAP:S18:T19,DEAP:S18,T19,1,7.04,2,1,2,2,unexposed,baseline_only,train,1.0,0.43719705886704097,0.562802941132959
DEAP:S18:T22,DEAP:S18,T22,1,5.69,2,1,2,2,unexposed,baseline_only,train,1.0,0.5698801335284529,0.43011986647154715
DEAP:S18:T23,DEAP:S18,T23,0,3.71,2,1,2,2,unexposed,baseline_only,train,1.0,0.5122910839834232,0.4877089160165769
DEAP:S18:T25,DEAP:S18,T25,0,4.23,2,1,2,2,unexposed,baseline_only,train,1.0,0.3039669663546203,0.6960330336453797
DEAP:S18:T26,DEAP:S18,T26,1,5.44,2,1,2,2,unexposed,baseline_only,train,1.0,0.49855582060080583,0.5014441793991942
DEAP:S18:T28,DEAP:S18,T28,1,5.95,2,1,2,2,unexposed,baseline_only,train,1.0,0.2091055663373239,0.7908944336626761
DEAP:S18:T29,DEAP:S18,T29,0,4.9,2,1,2,2,unexposed,baseline_only,train,1.0,0.5242660897939253,0.47573391020607464
DEAP:S18:T30,DEAP:S18,T30,0,2.96,2,1,2,2,unexposed,baseline_only,train,1.0,0.749649793331196,0.25035020666880403
DEAP:S18:T32,DEAP:S18,T32,0,4.62,2,1,2,2,unexposed,baseline_only,train,1.0,0.6127175099471986,0.38728249005280135
DEAP:S18:T33,DEAP:S18,T33,0,4.56,2,1,2,2,unexposed,baseline_only,train,1.0,0.4278622873154514,0.5721377126845486
DEAP:S18:T39,DEAP:S18,T39,0,4.06,2,1,2,2,unexposed,baseline_only,train,1.0,0.6877310703430665,0.31226892965693354
DEAP:S19:T04,DEAP:S19,T04,1,5.77,2,1,2,2,unexposed,baseline_only,train,1.0,0.5124769916083394,0.4875230083916606
DEAP:S19:T08,DEAP:S19,T08,1,7.44,2,1,2,2,unexposed,baseline_only,train,1.0,0.5026518211212153,0.4973481788787847
DEAP:S19:T11,DEAP:S19,T11,1,5.83,2,1,2,2,unexposed,baseline_only,train,1.0,0.24364658717913912,0.7563534128208609
DEAP:S19:T18,DEAP:S19,T18,1,7.77,2,1,2,2,unexposed,baseline_only,train,1.0,0.6095821372304387,0.39041786276956125
DEAP:S19:T19,DEAP:S19,T19,1,7.65,2,1,2,2,unexposed,baseline_only,train,1.0,0.40393278389753007,0.5960672161024699
DEAP:S19:T22,DEAP:S19,T22,1,5.04,2,1,2,2,unexposed,baseline_only,train,1.0,0.28119207055613726,0.7188079294438627
DEAP:S19:T23,DEAP:S19,T23,0,3.77,2,1,2,2,unexposed,baseline_only,train,1.0,0.6647815221616862,0.3352184778383138
DEAP:S19:T25,DEAP:S19,T25,0,2.19,2,1,2,2,unexposed,baseline_only,train,1.0,0.38377541229292644,0.6162245877070736
DEAP:S19:T26,DEAP:S19,T26,0,4.95,2,1,2,2,unexposed,baseline_only,train,1.0,0.5969166770060468,0.4030833229939533
DEAP:S19:T28,DEAP:S19,T28,1,6.21,2,1,2,2,unexposed,baseline_only,train,1.0,0.6904452832123653,0.30955471678763474
DEAP:S19:T29,DEAP:S19,T29,0,2.82,2,1,2,2,unexposed,baseline_only,train,1.0,0.5443072680946213,0.4556927319053787
DEAP:S19:T30,DEAP:S19,T30,0,2.85,2,1,2,2,unexposed,baseline_only,train,1.0,0.3908463247669831,0.6091536752330169
DEAP:S19:T32,DEAP:S19,T32,0,4.96,2,1,2,2,unexposed,baseline_only,train,1.0,0.4692284867303401,0.5307715132696599
DEAP:S19:T33,DEAP:S19,T33,0,3.4,2,1,2,2,unexposed,baseline_only,train,1.0,0.5265141958666324,0.4734858041333676
DEAP:S19:T39,DEAP:S19,T39,1,5.04,2,1,2,2,unexposed,baseline_only,train,1.0,0.37894215761176275,0.6210578423882372
DEAP:S21:T04,DEAP:S21,T04,1,5.05,2,1,2,2,unexposed,baseline_only,train,1.0,0.49066097307154577,0.5093390269284542
DEAP:S21:T08,DEAP:S21,T08,1,8.81,2,1,2,2,unexposed,baseline_only,train,1.0,0.26933464439569554,0.7306653556043045
DEAP:S21:T11,DEAP:S21,T11,1,7.05,2,1,2,2,unexposed,baseline_only,train,1.0,0.3718811657974812,0.6281188342025188
DEAP:S21:T18,DEAP:S21,T18,1,7.99,2,1,2,2,unexposed,baseline_only,train,1.0,0.24043592088475385,0.7595640791152461
DEAP:S21:T22,DEAP:S21,T22,0,2.09,2,1,2,2,unexposed,baseline_only,train,1.0,0.40450211743687814,0.5954978825631219
DEAP:S21:T23,DEAP:S21,T23,0,4.69,2,1,2,2,unexposed,baseline_only,train,1.0,0.8129858207215184,0.18701417927848157
DEAP:S21:T25,DEAP:S21,T25,0,3.97,2,1,2,2,unexposed,baseline_only,train,1.0,0.753235781140435,0.24676421885956504
DEAP:S21:T26,DEAP:S21,T26,0,4.06,2,1,2,2,unexposed,baseline_only,train,1.0,0.733826205545862,0.266173794454138
DEAP:S21:T28,DEAP:S21,T28,0,3.04,2,1,2,2,unexposed,baseline_only,train,1.0,0.6704601067285301,0.3295398932714699
DEAP:S21:T29,DEAP:S21,T29,0,3.01,2,1,2,2,unexposed,baseline_only,train,1.0,0.4495368799364673,0.5504631200635327
DEAP:S21:T30,DEAP:S21,T30,0,3.45,2,1,2,2,unexposed,baseline_only,train,1.0,0.6397579305439643,0.36024206945603565
DEAP:S21:T32,DEAP:S21,T32,1,6.27,2,1,2,2,unexposed,baseline_only,train,1.0,0.5545852775999065,0.4454147224000935
DEAP:S21:T33,DEAP:S21,T33,1,7.03,2,1,2,2,unexposed,baseline_only,train,1.0,0.44022551918672503,0.559774480813275
DEAP:S21:T39,DEAP:S21,T39,1,6.09,2,1,2,2,unexposed,baseline_only,train,1.0,0.4390350019570338,0.5609649980429662
DEAP:S22:T02,DEAP:S22,T02,1,7.08,2,1,2,2,unexposed,baseline_only,train,1.0,0.6047867571426685,0.3952132428573315
DEAP:S22:T04,DEAP:S22,T04,1,7.06,2,1,2,2,unexposed,baseline_only,train,1.0,0.5737112436054986,0.42628875639450137
DEAP:S22:T08,DEAP:S22,T08,1,7.09,2,1,2,2,unexposed,baseline_only,train,1.0,0.5390961219190538,0.4609038780809462
DEAP:S22:T11,DEAP:S22,T11,1,8.05,2,1,2,2,unexposed,baseline_only,train,1.0,0.42134150550077987,0.5786584944992201
DEAP:S22:T18,DEAP:S22,T18,1,8.08,2,1,2,2,unexposed,baseline_only,train,1.0,0.23844218833252329,0.7615578116674767
DEAP:S22:T19,DEAP:S22,T19,1,9.0,2,1,2,2,unexposed,baseline_only,train,1.0,0.6930977864728052,0.30690221352719477
DEAP:S22:T23,DEAP:S22,T23,0,2.99,2,1,2,2,unexposed,baseline_only,train,1.0,0.7915419042994228,0.20845809570057713
DEAP:S22:T25,DEAP:S22,T25,0,2.95,2,1,2,2,unexposed,baseline_only,train,1.0,0.6836409440993265,0.3163590559006734
DEAP:S22:T28,DEAP:S22,T28,0,4.03,2,1,2,2,unexposed,baseline_only,train,1.0,0.5285200989643903,0.4714799010356097
DEAP:S22:T30,DEAP:S22,T30,0,1.0,2,1,2,2,unexposed,baseline_only,train,1.0,0.4973045541637895,0.5026954458362105
DEAP:S22:T32,DEAP:S22,T32,0,1.99,2,1,2,2,unexposed,baseline_only,train,1.0,0.600280420069133,0.399719579930867
DEAP:S22:T33,DEAP:S22,T33,0,1.96,2,1,2,2,unexposed,baseline_only,train,1.0,0.6330784577570836,0.36692154224291634
DEAP:S22:T39,DEAP:S22,T39,0,1.0,2,1,2,2,unexposed,baseline_only,train,1.0,0.5705499330963362,0.4294500669036639
DEAP:S24:T02,DEAP:S24,T02,1,6.04,2,1,2,2,unexposed,baseline_only,train,1.0,0.5343738908404563,0.4656261091595438
DEAP:S24:T04,DEAP:S24,T04,1,6.05,2,1,2,2,unexposed,baseline_only,train,1.0,0.6117672318100502,0.38823276818994973
DEAP:S24:T08,DEAP:S24,T08,1,7.03,2,1,2,2,unexposed,baseline_only,train,1.0,0.33238126546863156,0.6676187345313684
DEAP:S24:T11,DEAP:S24,T11,1,7.03,2,1,2,2,unexposed,baseline_only,train,1.0,0.15774227579416156,0.8422577242058384
DEAP:S24:T18,DEAP:S24,T18,1,8.96,2,1,2,2,unexposed,baseline_only,train,1.0,0.5647129469153118,0.4352870530846882
DEAP:S24:T19,DEAP:S24,T19,1,7.03,2,1,2,2,unexposed,baseline_only,train,1.0,0.6251638568714957,0.3748361431285043
DEAP:S24:T22,DEAP:S24,T22,0,3.03,2,1,2,2,unexposed,baseline_only,train,1.0,0.5393592515712038,0.46064074842879627
DEAP:S24:T23,DEAP:S24,T23,0,1.0,2,1,2,2,unexposed,baseline_only,train,1.0,0.7029718570393615,0.29702814296063856
DEAP:S24:T25,DEAP:S24,T25,0,3.12,2,1,2,2,unexposed,baseline_only,train,1.0,0.6962458306826347,0.3037541693173654
DEAP:S24:T26,DEAP:S24,T26,0,4.05,2,1,2,2,unexposed,baseline_only,train,1.0,0.5035096233294285,0.49649037667057155
DEAP:S24:T28,DEAP:S24,T28,0,4.03,2,1,2,2,unexposed,baseline_only,train,1.0,0.6496295030450736,0.35037049695492645
DEAP:S24:T29,DEAP:S24,T29,0,3.97,2,1,2,2,unexposed,baseline_only,train,1.0,0.7122147332593521,0.28778526674064786
DEAP:S24:T30,DEAP:S24,T30,0,1.0,2,1,2,2,unexposed,baseline_only,train,1.0,0.6520096892658563,0.34799031073414366
DEAP:S24:T32,DEAP:S24,T32,0,3.0,2,1,2,2,unexposed,baseline_only,train,1.0,0.9184862615346941,0.0815137384653059
DEAP:S24:T33,DEAP:S24,T33,1,5.01,2,1,2,2,unexposed,baseline_only,train,1.0,0.41160769970947275,0.5883923002905272
DEAP:S24:T39,DEAP:S24,T39,0,2.12,2,1,2,2,unexposed,baseline_only,train,1.0,0.7186625317261499,0.2813374682738501
DEAP:S25:T02,DEAP:S25,T02,0,2.99,2,1,2,2,unexposed,baseline_only,train,1.0,0.5785778753955392,0.4214221246044608
DEAP:S25:T08,DEAP:S25,T08,1,8.04,2,1,2,2,unexposed,baseline_only,train,1.0,0.4024262016568031,0.5975737983431969
DEAP:S25:T11,DEAP:S25,T11,1,9.0,2,1,2,2,unexposed,baseline_only,train,1.0,0.50775965037747,0.49224034962253
DEAP:S25:T19,DEAP:S25,T19,1,7.06,2,1,2,2,unexposed,baseline_only,train,1.0,0.5156675255147709,0.4843324744852291
DEAP:S25:T22,DEAP:S25,T22,1,8.03,2,1,2,2,unexposed,baseline_only,train,1.0,0.33613950894638256,0.6638604910536174
DEAP:S25:T23,DEAP:S25,T23,0,2.01,2,1,2,2,unexposed,baseline_only,train,1.0,0.668808602310303,0.33119139768969696
DEAP:S25:T25,DEAP:S25,T25,0,4.96,2,1,2,2,unexposed,baseline_only,train,1.0,0.7820102994650319,0.2179897005349681
DEAP:S25:T26,DEAP:S25,T26,0,4.99,2,1,2,2,unexposed,baseline_only,train,1.0,0.807778353679419,0.19222164632058097
DEAP:S25:T28,DEAP:S25,T28,1,5.01,2,1,2,2,unexposed,baseline_only,train,1.0,0.44492543645340166,0.5550745635465983
DEAP:S25:T30,DEAP:S25,T30,0,4.03,2,1,2,2,unexposed,baseline_only,train,1.0,0.8382565559599439,0.1617434440400561
DEAP:S25:T32,DEAP:S25,T32,0,1.0,2,1,2,2,unexposed,baseline_only,train,1.0,0.5551645829440826,0.44483541705591745
DEAP:S25:T39,DEAP:S25,T39,0,1.0,2,1,2,2,unexposed,baseline_only,train,1.0,0.5223522620756331,0.47764773792436693
DEAP:S26:T02,DEAP:S26,T02,1,6.96,2,1,2,2,unexposed,baseline_only,train,1.0,0.1937457920062472,0.8062542079937528
DEAP:S26:T04,DEAP:S26,T04,1,8.03,2,1,2,2,unexposed,baseline_only,train,1.0,0.097828312868105,0.902171687131895
DEAP:S26:T08,DEAP:S26,T08,1,8.01,2,1,2,2,unexposed,baseline_only,train,1.0,0.5996057614761064,0.40039423852389355
DEAP:S26:T11,DEAP:S26,T11,1,8.04,2,1,2,2,unexposed,baseline_only,train,1.0,0.49484301373794026,0.5051569862620597
DEAP:S26:T18,DEAP:S26,T18,1,9.0,2,1,2,2,unexposed,baseline_only,train,1.0,0.09621306425985221,0.9037869357401478
DEAP:S26:T19,DEAP:S26,T19,1,8.0,2,1,2,2,unexposed,baseline_only,train,1.0,0.29285839994703344,0.7071416000529666
DEAP:S26:T22,DEAP:S26,T22,1,6.97,2,1,2,2,unexposed,baseline_only,train,1.0,0.49542105516415347,0.5045789448358465
DEAP:S26:T23,DEAP:S26,T23,0,2.28,2,1,2,2,unexposed,baseline_only,train,1.0,0.2842537794172363,0.7157462205827637
DEAP:S26:T25,DEAP:S26,T25,1,7.14,2,1,2,2,unexposed,baseline_only,train,1.0,0.3716402949609595,0.6283597050390405
DEAP:S26:T26,DEAP:S26,T26,1,5.05,2,1,2,2,unexposed,baseline_only,train,1.0,0.3931954080284913,0.6068045919715087
DEAP:S26:T28,DEAP:S26,T28,1,5.97,2,1,2,2,unexposed,baseline_only,train,1.0,0.2469825953971243,0.7530174046028757
DEAP:S26:T29,DEAP:S26,T29,1,6.09,2,1,2,2,unexposed,baseline_only,train,1.0,0.292515782315802,0.707484217684198
DEAP:S26:T30,DEAP:S26,T30,0,4.95,2,1,2,2,unexposed,baseline_only,train,1.0,0.5168417867616809,0.4831582132383191
DEAP:S26:T32,DEAP:S26,T32,0,1.96,2,1,2,2,unexposed,baseline_only,train,1.0,0.7282670988173171,0.2717329011826829
DEAP:S26:T33,DEAP:S26,T33,0,1.0,2,1,2,2,unexposed,baseline_only,train,1.0,0.2707601105959623,0.7292398894040377
DEAP:S26:T39,DEAP:S26,T39,0,1.95,2,1,2,2,unexposed,baseline_only,train,1.0,0.4474924593254592,0.5525075406745408
DEAP:S27:T02,DEAP:S27,T02,1,7.0,2,1,2,2,unexposed,baseline_only,train,1.0,0.042836208496126904,0.9571637915038731
DEAP:S27:T04,DEAP:S27,T04,1,7.05,2,1,2,2,unexposed,baseline_only,train,1.0,0.2026022399335512,0.7973977600664488
DEAP:S27:T08,DEAP:S27,T08,1,8.24,2,1,2,2,unexposed,baseline_only,train,1.0,0.0478292466632696,0.9521707533367304
DEAP:S27:T11,DEAP:S27,T11,1,9.0,2,1,2,2,unexposed,baseline_only,train,1.0,0.10368837340746495,0.896311626592535
DEAP:S27:T19,DEAP:S27,T19,1,5.06,2,1,2,2,unexposed,baseline_only,train,1.0,0.15620184523602598,0.843798154763974
DEAP:S27:T22,DEAP:S27,T22,1,7.29,2,1,2,2,unexposed,baseline_only,train,1.0,0.14176712188819107,0.8582328781118089
DEAP:S27:T23,DEAP:S27,T23,1,8.0,2,1,2,2,unexposed,baseline_only,train,1.0,0.09704383265655125,0.9029561673434487
DEAP:S27:T25,DEAP:S27,T25,0,4.0,2,1,2,2,unexposed,baseline_only,train,1.0,0.48901520057974923,0.5109847994202508
DEAP:S27:T26,DEAP:S27,T26,1,5.04,2,1,2,2,unexposed,baseline_only,train,1.0,0.04423921079609694,0.9557607892039031
DEAP:S27:T28,DEAP:S27,T28,1,5.04,2,1,2,2,unexposed,baseline_only,train,1.0,0.17149506762970235,0.8285049323702977
DEAP:S27:T29,DEAP:S27,T29,1,7.18,2,1,2,2,unexposed,baseline_only,train,1.0,0.2107878801014863,0.7892121198985137
DEAP:S27:T30,DEAP:S27,T30,1,7.08,2,1,2,2,unexposed,baseline_only,train,1.0,0.228246457221566,0.771753542778434
DEAP:S27:T32,DEAP:S27,T32,1,5.04,2,1,2,2,unexposed,baseline_only,train,1.0,0.16718841743190027,0.8328115825680997
DEAP:S27:T33,DEAP:S27,T33,1,5.04,2,1,2,2,unexposed,baseline_only,train,1.0,0.0965835256728308,0.9034164743271692
DEAP:S27:T39,DEAP:S27,T39,0,2.14,2,1,2,2,unexposed,baseline_only,train,1.0,0.2953950657010438,0.7046049342989562
DEAP:S28:T02,DEAP:S28,T02,1,7.99,2,1,2,2,unexposed,baseline_only,train,1.0,0.7075217599515576,0.29247824004844236
DEAP:S28:T04,DEAP:S28,T04,1,8.08,2,1,2,2,unexposed,baseline_only,train,1.0,0.334658404530938,0.665341595469062
DEAP:S28:T08,DEAP:S28,T08,1,7.01,2,1,2,2,unexposed,baseline_only,train,1.0,0.3128161411398376,0.6871838588601624
DEAP:S28:T11,DEAP:S28,T11,1,7.01,2,1,2,2,unexposed,baseline_only,train,1.0,0.6326835885434982,0.36731641145650185
DEAP:S28:T18,DEAP:S28,T18,1,8.08,2,1,2,2,unexposed,baseline_only,train,1.0,0.6298711465480532,0.3701288534519468
DEAP:S28:T19,DEAP:S28,T19,1,7.03,2,1,2,2,unexposed,baseline_only,train,1.0,0.42139147924582954,0.5786085207541705
DEAP:S28:T22,DEAP:S28,T22,1,5.03,2,1,2,2,unexposed,baseline_only,train,1.0,0.4498924821218845,0.5501075178781155
DEAP:S28:T23,DEAP:S28,T23,0,2.03,2,1,2,2,unexposed,baseline_only,train,1.0,0.5900111706135496,0.4099888293864504
DEAP:S28:T25,DEAP:S28,T25,0,4.06,2,1,2,2,unexposed,baseline_only,train,1.0,0.8034348650395502,0.19656513496044975
DEAP:S28:T26,DEAP:S28,T26,0,1.99,2,1,2,2,unexposed,baseline_only,train,1.0,0.7563173138876538,0.24368268611234628
DEAP:S28:T28,DEAP:S28,T28,0,2.9,2,1,2,2,unexposed,baseline_only,train,1.0,0.5554102924072282,0.44458970759277183
DEAP:S28:T29,DEAP:S28,T29,0,2.06,2,1,2,2,unexposed,baseline_only,train,1.0,0.6576953416978766,0.34230465830212337
DEAP:S28:T30,DEAP:S28,T30,0,1.99,2,1,2,2,unexposed,baseline_only,train,1.0,0.3066806872618949,0.6933193127381051
DEAP:S28:T32,DEAP:S28,T32,0,3.05,2,1,2,2,unexposed,baseline_only,train,1.0,0.5812932272958522,0.4187067727041478
DEAP:S28:T33,DEAP:S28,T33,1,7.01,2,1,2,2,unexposed,baseline_only,train,1.0,0.429117646769432,0.570882353230568
DEAP:S28:T39,DEAP:S28,T39,0,1.04,2,1,2,2,unexposed,baseline_only,train,1.0,0.5592026800892501,0.4407973199107499
DEAP:S29:T02,DEAP:S29,T02,1,7.05,2,1,2,2,unexposed,baseline_only,train,1.0,0.31726652083417606,0.6827334791658239
DEAP:S29:T04,DEAP:S29,T04,1,7.17,2,1,2,2,unexposed,baseline_only,train,1.0,0.36353906775543665,0.6364609322445633
DEAP:S29:T08,DEAP:S29,T08,1,7.04,2,1,2,2,unexposed,baseline_only,train,1.0,0.3762232027495578,0.6237767972504422
DEAP:S29:T11,DEAP:S29,T11,1,8.03,2,1,2,2,unexposed,baseline_only,train,1.0,0.6267108287475609,0.37328917125243916
DEAP:S29:T18,DEAP:S29,T18,1,7.01,2,1,2,2,unexposed,baseline_only,train,1.0,0.5036121857875926,0.4963878142124074
DEAP:S29:T19,DEAP:S29,T19,1,7.05,2,1,2,2,unexposed,baseline_only,train,1.0,0.19656880133107935,0.8034311986689207
DEAP:S29:T22,DEAP:S29,T22,0,3.05,2,1,2,2,unexposed,baseline_only,train,1.0,0.760439719735539,0.2395602802644609
DEAP:S29:T23,DEAP:S29,T23,0,2.05,2,1,2,2,unexposed,baseline_only,train,1.0,0.8567854457940796,0.14321455420592044
DEAP:S29:T25,DEAP:S29,T25,0,3.03,2,1,2,2,unexposed,baseline_only,train,1.0,0.6424905349534957,0.3575094650465043
DEAP:S29:T26,DEAP:S29,T26,0,3.0,2,1,2,2,unexposed,baseline_only,train,1.0,0.6314009994200499,0.3685990005799501
DEAP:S29:T28,DEAP:S29,T28,0,1.04,2,1,2,2,unexposed,baseline_only,train,1.0,0.854620617779298,0.145379382220702
DEAP:S29:T29,DEAP:S29,T29,0,3.97,2,1,2,2,unexposed,baseline_only,train,1.0,0.7647962466842496,0.2352037533157504
DEAP:S29:T30,DEAP:S29,T30,0,2.95,2,1,2,2,unexposed,baseline_only,train,1.0,0.8066740098817204,0.1933259901182796
DEAP:S29:T32,DEAP:S29,T32,0,4.04,2,1,2,2,unexposed,baseline_only,train,1.0,0.5694930613809455,0.43050693861905454
DEAP:S29:T33,DEAP:S29,T33,0,1.99,2,1,2,2,unexposed,baseline_only,train,1.0,0.6388145814881518,0.3611854185118481
DEAP:S29:T39,DEAP:S29,T39,1,6.05,2,1,2,2,unexposed,baseline_only,train,1.0,0.17699467574611316,0.8230053242538868
DEAP:S30:T02,DEAP:S30,T02,1,7.15,2,1,2,2,unexposed,baseline_only,train,1.0,0.3010190349987586,0.6989809650012414
DEAP:S30:T04,DEAP:S30,T04,1,7.04,2,1,2,2,unexposed,baseline_only,train,1.0,0.03801868824437715,0.9619813117556228
DEAP:S30:T08,DEAP:S30,T08,1,6.05,2,1,2,2,unexposed,baseline_only,train,1.0,0.4929231380710142,0.5070768619289858
DEAP:S30:T11,DEAP:S30,T11,1,6.06,2,1,2,2,unexposed,baseline_only,train,1.0,0.3852208614274344,0.6147791385725656
DEAP:S30:T18,DEAP:S30,T18,1,7.05,2,1,2,2,unexposed,baseline_only,train,1.0,0.49159969564969097,0.508400304350309
DEAP:S30:T19,DEAP:S30,T19,1,8.27,2,1,2,2,unexposed,baseline_only,train,1.0,0.1599295156848055,0.8400704843151945
DEAP:S30:T22,DEAP:S30,T22,0,4.05,2,1,2,2,unexposed,baseline_only,train,1.0,0.5320347804301395,0.4679652195698604
DEAP:S30:T23,DEAP:S30,T23,0,3.0,2,1,2,2,unexposed,baseline_only,train,1.0,0.4229781432971549,0.5770218567028451
DEAP:S30:T25,DEAP:S30,T25,0,3.92,2,1,2,2,unexposed,baseline_only,train,1.0,0.26181156772846825,0.7381884322715317
DEAP:S30:T26,DEAP:S30,T26,1,5.01,2,1,2,2,unexposed,baseline_only,train,1.0,0.6253920854698628,0.3746079145301372
DEAP:S30:T28,DEAP:S30,T28,1,5.06,2,1,2,2,unexposed,baseline_only,train,1.0,0.48020892899593315,0.5197910710040669
DEAP:S30:T29,DEAP:S30,T29,1,7.23,2,1,2,2,unexposed,baseline_only,train,1.0,0.24491665925612915,0.7550833407438708
DEAP:S30:T30,DEAP:S30,T30,0,4.04,2,1,2,2,unexposed,baseline_only,train,1.0,0.5222825917969431,0.4777174082030569
DEAP:S30:T32,DEAP:S30,T32,1,5.01,2,1,2,2,unexposed,baseline_only,train,1.0,0.28709174263451687,0.7129082573654831
DEAP:S30:T33,DEAP:S30,T33,0,3.91,2,1,2,2,unexposed,baseline_only,train,1.0,0.5079559073786594,0.49204409262134063
DEAP:S30:T39,DEAP:S30,T39,0,2.97,2,1,2,2,unexposed,baseline_only,train,1.0,0.4055039611046978,0.5944960388953022
DEAP:S31:T02,DEAP:S31,T02,1,5.03,2,1,2,2,unexposed,baseline_only,train,1.0,0.1494688270942519,0.8505311729057481
DEAP:S31:T04,DEAP:S31,T04,1,6.97,2,1,2,2,unexposed,baseline_only,train,1.0,0.1435033919718376,0.8564966080281624
DEAP:S31:T08,DEAP:S31,T08,1,6.03,2,1,2,2,unexposed,baseline_only,train,1.0,0.49643650713606013,0.5035634928639399
DEAP:S31:T11,DEAP:S31,T11,1,9.0,2,1,2,2,unexposed,baseline_only,train,1.0,0.1383033623736729,0.8616966376263271
DEAP:S31:T18,DEAP:S31,T18,1,7.06,2,1,2,2,unexposed,baseline_only,train,1.0,0.5507247453586954,0.4492752546413045
DEAP:S31:T19,DEAP:S31,T19,1,7.95,2,1,2,2,unexposed,baseline_only,train,1.0,0.3609189740384865,0.6390810259615135
DEAP:S31:T22,DEAP:S31,T22,1,5.04,2,1,2,2,unexposed,baseline_only,train,1.0,0.21091506354825484,0.7890849364517452
DEAP:S31:T23,DEAP:S31,T23,0,1.0,2,1,2,2,unexposed,baseline_only,train,1.0,0.6161088543427684,0.38389114565723154
DEAP:S31:T25,DEAP:S31,T25,1,6.14,2,1,2,2,unexposed,baseline_only,train,1.0,0.5637228301638278,0.43627716983617215
DEAP:S31:T26,DEAP:S31,T26,1,7.08,2,1,2,2,unexposed,baseline_only,train,1.0,0.06899045477714849,0.9310095452228515
DEAP:S31:T28,DEAP:S31,T28,1,5.01,2,1,2,2,unexposed,baseline_only,train,1.0,0.43982730922276814,0.5601726907772319
DEAP:S31:T30,DEAP:S31,T30,0,3.13,2,1,2,2,unexposed,baseline_only,train,1.0,0.7939247027064265,0.2060752972935736
DEAP:S31:T32,DEAP:S31,T32,0,1.0,2,1,2,2,unexposed,baseline_only,train,1.0,0.17821718607490322,0.8217828139250968
DEAP:S31:T33,DEAP:S31,T33,0,4.18,2,1,2,2,unexposed,baseline_only,train,1.0,0.2996739393131096,0.7003260606868904
DEAP:S31:T39,DEAP:S31,T39,0,1.0,2,1,2,2,unexposed,baseline_only,train,1.0,0.5564620832899073,0.4435379167100927
DEAP:S32:T02,DEAP:S32,T02,0,4.99,2,1,2,2,unexposed,baseline_only,train,1.0,0.8260881283193766,0.17391187168062336
DEAP:S32:T04,DEAP:S32,T04,1,6.96,2,1,2,2,unexposed,baseline_only,train,1.0,0.48473503846170396,0.515264961538296
DEAP:S32:T08,DEAP:S32,T08,1,7.96,2,1,2,2,unexposed,baseline_only,train,1.0,0.21937482354400428,0.7806251764559957
DEAP:S32:T11,DEAP:S32,T11,1,8.24,2,1,2,2,unexposed,baseline_only,train,1.0,0.2514003077166057,0.7485996922833943
DEAP:S32:T18,DEAP:S32,T18,1,8.03,2,1,2,2,unexposed,baseline_only,train,1.0,0.2540187303692939,0.7459812696307061
DEAP:S32:T19,DEAP:S32,T19,1,8.24,2,1,2,2,unexposed,baseline_only,train,1.0,0.5799180770058918,0.4200819229941082
DEAP:S32:T23,DEAP:S32,T23,0,3.01,2,1,2,2,unexposed,baseline_only,train,1.0,0.5752242092902211,0.4247757907097789
DEAP:S32:T25,DEAP:S32,T25,0,4.01,2,1,2,2,unexposed,baseline_only,train,1.0,0.9407590090272456,0.059240990972754363
DEAP:S32:T26,DEAP:S32,T26,1,5.14,2,1,2,2,unexposed,baseline_only,train,1.0,0.32057337659417573,0.6794266234058243
DEAP:S32:T28,DEAP:S32,T28,1,6.03,2,1,2,2,unexposed,baseline_only,train,1.0,0.11659278297741194,0.8834072170225881
DEAP:S32:T29,DEAP:S32,T29,0,4.09,2,1,2,2,unexposed,baseline_only,train,1.0,0.7351606198981997,0.26483938010180036
DEAP:S32:T30,DEAP:S32,T30,0,1.0,2,1,2,2,unexposed,baseline_only,train,1.0,0.7558652624163742,0.24413473758362578
DEAP:S32:T32,DEAP:S32,T32,0,3.87,2,1,2,2,unexposed,baseline_only,train,1.0,0.8105252479056683,0.18947475209433176
DEAP:S32:T33,DEAP:S32,T33,0,4.06,2,1,2,2,unexposed,baseline_only,train,1.0,0.8602182404833251,0.13978175951667493
DEAP:S32:T39,DEAP:S32,T39,0,3.99,2,1,2,2,unexposed,baseline_only,train,1.0,0.7265668167619206,0.27343318323807947
DEAP:S02:T07,DEAP:S02,T07,0,4.96,2,1,2,2,unexposed,baseline_only,validation_unseen,1.0,0.5647997259694421,0.43520027403055794
DEAP:S02:T09,DEAP:S02,T09,1,9.0,2,1,2,2,unexposed,baseline_only,validation_unseen,1.0,0.657141691876118,0.34285830812388196
DEAP:S02:T17,DEAP:S02,T17,1,9.0,2,1,2,2,unexposed,baseline_only,validation_unseen,1.0,0.398752234038679,0.601247765961321
DEAP:S02:T35,DEAP:S02,T35,0,1.99,2,1,2,2,unexposed,baseline_only,validation_unseen,1.0,0.5396653050404221,0.46033469495957796
DEAP:S02:T36,DEAP:S02,T36,1,5.04,2,1,2,2,unexposed,baseline_only,validation_unseen,1.0,0.3310715900632585,0.6689284099367415
DEAP:S02:T37,DEAP:S02,T37,0,1.0,2,1,2,2,unexposed,baseline_only,validation_unseen,1.0,0.5270424622193023,0.4729575377806977
DEAP:S02:T40,DEAP:S02,T40,1,6.05,2,1,2,2,unexposed,baseline_only,validation_unseen,1.0,0.7111861583348574,0.28881384166514257
DEAP:S03:T06,DEAP:S03,T06,1,6.79,2,1,2,2,unexposed,baseline_only,validation_unseen,1.0,0.8788355193686462,0.12116448063135378
DEAP:S03:T07,DEAP:S03,T07,1,5.45,2,1,2,2,unexposed,baseline_only,validation_unseen,1.0,0.8683870480715014,0.13161295192849864
DEAP:S03:T09,DEAP:S03,T09,1,7.33,2,1,2,2,unexposed,baseline_only,validation_unseen,1.0,0.8016954639854196,0.19830453601458042
DEAP:S03:T17,DEAP:S03,T17,0,4.56,2,1,2,2,unexposed,baseline_only,validation_unseen,1.0,0.9653605802191292,0.034639419780870796
DEAP:S03:T35,DEAP:S03,T35,0,3.18,2,1,2,2,unexposed,baseline_only,validation_unseen,1.0,0.92167902275675,0.07832097724325005
DEAP:S03:T36,DEAP:S03,T36,1,5.01,2,1,2,2,unexposed,baseline_only,validation_unseen,1.0,0.9364448694295688,0.06355513057043116
DEAP:S03:T37,DEAP:S03,T37,0,4.92,2,1,2,2,unexposed,baseline_only,validation_unseen,1.0,0.8569821642643735,0.14301783573562657
DEAP:S03:T40,DEAP:S03,T40,1,5.38,2,1,2,2,unexposed,baseline_only,validation_unseen,1.0,0.9413440925050569,0.058655907494943094
DEAP:S15:T06,DEAP:S15,T06,1,9.0,2,1,2,2,unexposed,baseline_only,validation_unseen,1.0,0.3706310751982451,0.6293689248017549
DEAP:S15:T07,DEAP:S15,T07,1,5.04,2,1,2,2,unexposed,baseline_only,validation_unseen,1.0,0.42585927488482134,0.5741407251151787
DEAP:S15:T09,DEAP:S15,T09,1,9.0,2,1,2,2,unexposed,baseline_only,validation_unseen,1.0,0.7254681050757361,0.2745318949242639
DEAP:S15:T17,DEAP:S15,T17,1,8.1,2,1,2,2,unexposed,baseline_only,validation_unseen,1.0,0.6672521213520876,0.33274787864791244
DEAP:S15:T35,DEAP:S15,T35,1,5.05,2,1,2,2,unexposed,baseline_only,validation_unseen,1.0,0.8039108621425816,0.1960891378574184
DEAP:S15:T36,DEAP:S15,T36,0,3.96,2,1,2,2,unexposed,baseline_only,validation_unseen,1.0,0.725616132730328,0.274383867269672
DEAP:S15:T37,DEAP:S15,T37,0,3.04,2,1,2,2,unexposed,baseline_only,validation_unseen,1.0,0.6487461590326444,0.3512538409673555
DEAP:S15:T40,DEAP:S15,T40,0,4.01,2,1,2,2,unexposed,baseline_only,validation_unseen,1.0,0.8135275946777385,0.18647240532226148
DEAP:S20:T06,DEAP:S20,T06,1,7.62,2,1,2,2,unexposed,baseline_only,validation_unseen,1.0,0.03905353736622097,0.960946462633779
DEAP:S20:T07,DEAP:S20,T07,1,5.27,2,1,2,2,unexposed,baseline_only,validation_unseen,1.0,0.1561273555966154,0.8438726444033846
DEAP:S20:T09,DEAP:S20,T09,1,8.22,2,1,2,2,unexposed,baseline_only,validation_unseen,1.0,0.02049906904374832,0.9795009309562517
DEAP:S20:T17,DEAP:S20,T17,1,5.04,2,1,2,2,unexposed,baseline_only,validation_unseen,1.0,0.21442841690742187,0.7855715830925781
DEAP:S20:T35,DEAP:S20,T35,0,4.35,2,1,2,2,unexposed,baseline_only,validation_unseen,1.0,0.027150461190942665,0.9728495388090573
DEAP:S20:T36,DEAP:S20,T36,0,4.29,2,1,2,2,unexposed,baseline_only,validation_unseen,1.0,0.45251417202946387,0.5474858279705361
DEAP:S20:T37,DEAP:S20,T37,0,3.01,2,1,2,2,unexposed,baseline_only,validation_unseen,1.0,0.09227900640818665,0.9077209935918134
DEAP:S20:T40,DEAP:S20,T40,0,4.94,2,1,2,2,unexposed,baseline_only,validation_unseen,1.0,0.14897089299757638,0.8510291070024236
DEAP:S02:T02,DEAP:S02,T02,1,8.01,2,1,2,2,unexposed,baseline_only,validation_familiar,1.0,0.2296426794401809,0.7703573205598191
DEAP:S02:T04,DEAP:S02,T04,1,6.05,2,1,2,2,unexposed,baseline_only,validation_familiar,1.0,0.3221189698405863,0.6778810301594137
DEAP:S02:T08,DEAP:S02,T08,1,9.0,2,1,2,2,unexposed,baseline_only,validation_familiar,1.0,0.4198479577595956,0.5801520422404044
DEAP:S02:T11,DEAP:S02,T11,1,7.08,2,1,2,2,unexposed,baseline_only,validation_familiar,1.0,0.4067044628396619,0.5932955371603381
DEAP:S02:T18,DEAP:S02,T18,1,9.0,2,1,2,2,unexposed,baseline_only,validation_familiar,1.0,0.8517560673871569,0.14824393261284308
DEAP:S02:T19,DEAP:S02,T19,1,9.0,2,1,2,2,unexposed,baseline_only,validation_familiar,1.0,0.8762149819482237,0.12378501805177637
DEAP:S02:T23,DEAP:S02,T23,0,1.0,2,1,2,2,unexposed,baseline_only,validation_familiar,1.0,0.3261105451949745,0.6738894548050255
DEAP:S02:T25,DEAP:S02,T25,1,9.0,2,1,2,2,unexposed,baseline_only,validation_familiar,1.0,0.35350953696595233,0.6464904630340477
DEAP:S02:T26,DEAP:S02,T26,1,9.0,2,1,2,2,unexposed,baseline_only,validation_familiar,1.0,0.7605154685697793,0.2394845314302207
DEAP:S02:T28,DEAP:S02,T28,0,4.06,2,1,2,2,unexposed,baseline_only,validation_familiar,1.0,0.41867976392871076,0.5813202360712892
DEAP:S02:T29,DEAP:S02,T29,0,2.99,2,1,2,2,unexposed,baseline_only,validation_familiar,1.0,0.509030603524442,0.49096939647555804
DEAP:S02:T30,DEAP:S02,T30,0,2.01,2,1,2,2,unexposed,baseline_only,validation_familiar,1.0,0.6595238223997263,0.3404761776002737
DEAP:S02:T32,DEAP:S02,T32,0,1.0,2,1,2,2,unexposed,baseline_only,validation_familiar,1.0,0.5873687202905433,0.41263127970945673
DEAP:S02:T39,DEAP:S02,T39,0,1.0,2,1,2,2,unexposed,baseline_only,validation_familiar,1.0,0.45779069483652735,0.5422093051634727
DEAP:S03:T02,DEAP:S03,T02,1,7.21,2,1,2,2,unexposed,baseline_only,validation_familiar,1.0,0.8970193178632683,0.10298068213673173
DEAP:S03:T04,DEAP:S03,T04,0,4.69,2,1,2,2,unexposed,baseline_only,validation_familiar,1.0,0.721679428496582,0.278320571503418
DEAP:S03:T08,DEAP:S03,T08,1,7.14,2,1,2,2,unexposed,baseline_only,validation_familiar,1.0,0.9493982083527274,0.05060179164727264
DEAP:S03:T11,DEAP:S03,T11,1,7.94,2,1,2,2,unexposed,baseline_only,validation_familiar,1.0,0.7338181913357911,0.26618180866420893
DEAP:S03:T18,DEAP:S03,T18,1,7.1,2,1,2,2,unexposed,baseline_only,validation_familiar,1.0,0.8544843478370069,0.14551565216299314
DEAP:S03:T19,DEAP:S03,T19,1,8.14,2,1,2,2,unexposed,baseline_only,validation_familiar,1.0,0.9491168721861407,0.05088312781385928
DEAP:S03:T22,DEAP:S03,T22,0,4.94,2,1,2,2,unexposed,baseline_only,validation_familiar,1.0,0.938320328117971,0.06167967188202908
DEAP:S03:T23,DEAP:S03,T23,0,3.65,2,1,2,2,unexposed,baseline_only,validation_familiar,1.0,0.9491223650685596,0.050877634931440395
DEAP:S03:T25,DEAP:S03,T25,0,3.45,2,1,2,2,unexposed,baseline_only,validation_familiar,1.0,0.9612664485528692,0.038733551447130726
DEAP:S03:T26,DEAP:S03,T26,0,4.67,2,1,2,2,unexposed,baseline_only,validation_familiar,1.0,0.9267892198018894,0.07321078019811057
DEAP:S03:T28,DEAP:S03,T28,1,5.59,2,1,2,2,unexposed,baseline_only,validation_familiar,1.0,0.9585255181592318,0.041474481840768206
DEAP:S03:T29,DEAP:S03,T29,0,4.47,2,1,2,2,unexposed,baseline_only,validation_familiar,1.0,0.2830799526098975,0.7169200473901025
DEAP:S03:T30,DEAP:S03,T30,0,3.87,2,1,2,2,unexposed,baseline_only,validation_familiar,1.0,0.913435918994572,0.08656408100542798
DEAP:S03:T32,DEAP:S03,T32,1,5.17,2,1,2,2,unexposed,baseline_only,validation_familiar,1.0,0.8697638763159287,0.13023612368407134
DEAP:S03:T33,DEAP:S03,T33,0,4.05,2,1,2,2,unexposed,baseline_only,validation_familiar,1.0,0.9220930383845973,0.0779069616154027
DEAP:S03:T39,DEAP:S03,T39,0,4.33,2,1,2,2,unexposed,baseline_only,validation_familiar,1.0,0.5726131540747064,0.4273868459252937
DEAP:S15:T02,DEAP:S15,T02,1,5.04,2,1,2,2,unexposed,baseline_only,validation_familiar,1.0,0.8960467822196965,0.10395321778030357
DEAP:S15:T04,DEAP:S15,T04,1,8.04,2,1,2,2,unexposed,baseline_only,validation_familiar,1.0,0.7581950724952055,0.24180492750479451
DEAP:S15:T08,DEAP:S15,T08,1,9.0,2,1,2,2,unexposed,baseline_only,validation_familiar,1.0,0.9295569643331346,0.07044303566686541
DEAP:S15:T11,DEAP:S15,T11,1,8.99,2,1,2,2,unexposed,baseline_only,validation_familiar,1.0,0.7485475086434501,0.25145249135654985
DEAP:S15:T18,DEAP:S15,T18,1,7.04,2,1,2,2,unexposed,baseline_only,validation_familiar,1.0,0.9265768664509333,0.07342313354906667
DEAP:S15:T19,DEAP:S15,T19,1,7.04,2,1,2,2,unexposed,baseline_only,validation_familiar,1.0,0.8714568816450889,0.12854311835491108
DEAP:S15:T22,DEAP:S15,T22,0,4.12,2,1,2,2,unexposed,baseline_only,validation_familiar,1.0,0.7299738169024277,0.27002618309757237
DEAP:S15:T23,DEAP:S15,T23,0,3.05,2,1,2,2,unexposed,baseline_only,validation_familiar,1.0,0.8150287560712199,0.18497124392878
DEAP:S15:T25,DEAP:S15,T25,0,2.96,2,1,2,2,unexposed,baseline_only,validation_familiar,1.0,0.28555860409445566,0.7144413959055443
DEAP:S15:T26,DEAP:S15,T26,0,4.96,2,1,2,2,unexposed,baseline_only,validation_familiar,1.0,0.9162822974893439,0.08371770251065618
DEAP:S15:T28,DEAP:S15,T28,0,4.01,2,1,2,2,unexposed,baseline_only,validation_familiar,1.0,0.8015888229232166,0.1984111770767834
DEAP:S15:T29,DEAP:S15,T29,0,4.05,2,1,2,2,unexposed,baseline_only,validation_familiar,1.0,0.6587953273197608,0.34120467268023924
DEAP:S15:T30,DEAP:S15,T30,0,2.04,2,1,2,2,unexposed,baseline_only,validation_familiar,1.0,0.5186281911192059,0.48137180888079406
DEAP:S15:T32,DEAP:S15,T32,0,3.97,2,1,2,2,unexposed,baseline_only,validation_familiar,1.0,0.8534967243315568,0.1465032756684432
DEAP:S15:T33,DEAP:S15,T33,0,3.01,2,1,2,2,unexposed,baseline_only,validation_familiar,1.0,0.6684870364740463,0.33151296352595366
DEAP:S15:T39,DEAP:S15,T39,0,4.0,2,1,2,2,unexposed,baseline_only,validation_familiar,1.0,0.7158884930645661,0.2841115069354339
DEAP:S20:T02,DEAP:S20,T02,1,6.77,2,1,2,2,unexposed,baseline_only,validation_familiar,1.0,0.19480007151083,0.80519992848917
DEAP:S20:T04,DEAP:S20,T04,1,7.05,2,1,2,2,unexposed,baseline_only,validation_familiar,1.0,0.22806974003144798,0.771930259968552
DEAP:S20:T08,DEAP:S20,T08,1,7.63,2,1,2,2,unexposed,baseline_only,validation_familiar,1.0,0.0934739095078474,0.9065260904921526
DEAP:S20:T11,DEAP:S20,T11,1,8.18,2,1,2,2,unexposed,baseline_only,validation_familiar,1.0,0.5637212735478074,0.4362787264521926
DEAP:S20:T18,DEAP:S20,T18,1,7.35,2,1,2,2,unexposed,baseline_only,validation_familiar,1.0,0.2270770129556019,0.7729229870443981
DEAP:S20:T19,DEAP:S20,T19,1,7.59,2,1,2,2,unexposed,baseline_only,validation_familiar,1.0,0.20442125126639388,0.7955787487336061
DEAP:S20:T22,DEAP:S20,T22,0,4.06,2,1,2,2,unexposed,baseline_only,validation_familiar,1.0,0.3344884212763689,0.6655115787236311
DEAP:S20:T23,DEAP:S20,T23,0,2.82,2,1,2,2,unexposed,baseline_only,validation_familiar,1.0,0.22305692481048411,0.7769430751895159
DEAP:S20:T25,DEAP:S20,T25,0,2.99,2,1,2,2,unexposed,baseline_only,validation_familiar,1.0,0.2715808276813074,0.7284191723186926
DEAP:S20:T26,DEAP:S20,T26,0,4.31,2,1,2,2,unexposed,baseline_only,validation_familiar,1.0,0.19186956155142865,0.8081304384485714
DEAP:S20:T28,DEAP:S20,T28,1,5.01,2,1,2,2,unexposed,baseline_only,validation_familiar,1.0,0.11129555279692038,0.8887044472030796
DEAP:S20:T29,DEAP:S20,T29,0,2.44,2,1,2,2,unexposed,baseline_only,validation_familiar,1.0,0.006723260250375951,0.993276739749624
DEAP:S20:T30,DEAP:S20,T30,0,3.49,2,1,2,2,unexposed,baseline_only,validation_familiar,1.0,0.04022633348761728,0.9597736665123827
DEAP:S20:T32,DEAP:S20,T32,1,6.28,2,1,2,2,unexposed,baseline_only,validation_familiar,1.0,0.03858095402531647,0.9614190459746835
DEAP:S20:T33,DEAP:S20,T33,0,4.64,2,1,2,2,unexposed,baseline_only,validation_familiar,1.0,0.37796012550714675,0.6220398744928533
DEAP:S20:T39,DEAP:S20,T39,0,4.67,2,1,2,2,unexposed,baseline_only,validation_familiar,1.0,0.34683781534207503,0.653162184657925
DEAP:S01:T02,DEAP:S01,T02,1,8.1,2,1,2,2,unexposed,baseline_only,train,10.0,0.39835327997619263,0.6016467200238074
DEAP:S01:T04,DEAP:S01,T04,0,4.94,2,1,2,2,unexposed,baseline_only,train,10.0,0.8398942572721338,0.16010574272786618
DEAP:S01:T08,DEAP:S01,T08,1,7.32,2,1,2,2,unexposed,baseline_only,train,10.0,0.2535615776024791,0.7464384223975209
DEAP:S01:T11,DEAP:S01,T11,0,2.99,2,1,2,2,unexposed,baseline_only,train,10.0,0.8494613199832936,0.15053868001670642
DEAP:S01:T18,DEAP:S01,T18,1,7.23,2,1,2,2,unexposed,baseline_only,train,10.0,0.29951099427299355,0.7004890057270065
DEAP:S01:T19,DEAP:S01,T19,1,7.17,2,1,2,2,unexposed,baseline_only,train,10.0,0.12093493957713464,0.8790650604228654
DEAP:S01:T22,DEAP:S01,T22,1,7.09,2,1,2,2,unexposed,baseline_only,train,10.0,0.29119381562853097,0.708806184371469
DEAP:S01:T23,DEAP:S01,T23,1,8.15,2,1,2,2,unexposed,baseline_only,train,10.0,0.29542601920176204,0.704573980798238
DEAP:S01:T25,DEAP:S01,T25,1,8.86,2,1,2,2,unexposed,baseline_only,train,10.0,0.5027901286719207,0.4972098713280793
DEAP:S01:T26,DEAP:S01,T26,1,7.28,2,1,2,2,unexposed,baseline_only,train,10.0,0.6963101584801035,0.3036898415198965
DEAP:S01:T28,DEAP:S01,T28,0,3.88,2,1,2,2,unexposed,baseline_only,train,10.0,0.8677262382870907,0.13227376171290925
DEAP:S01:T29,DEAP:S01,T29,0,1.36,2,1,2,2,unexposed,baseline_only,train,10.0,0.1255522134395416,0.8744477865604584
DEAP:S01:T30,DEAP:S01,T30,0,2.08,2,1,2,2,unexposed,baseline_only,train,10.0,0.9110296797333667,0.08897032026663328
DEAP:S01:T32,DEAP:S01,T32,0,2.28,2,1,2,2,unexposed,baseline_only,train,10.0,0.856286097576292,0.14371390242370802
DEAP:S01:T33,DEAP:S01,T33,0,3.81,2,1,2,2,unexposed,baseline_only,train,10.0,0.9938073008462327,0.0061926991537673325
DEAP:S01:T39,DEAP:S01,T39,0,3.24,2,1,2,2,unexposed,baseline_only,train,10.0,0.3406458712379261,0.6593541287620739
DEAP:S04:T02,DEAP:S04,T02,0,4.06,2,1,2,2,unexposed,baseline_only,train,10.0,0.8557177753364154,0.1442822246635847
DEAP:S04:T04,DEAP:S04,T04,1,6.1,2,1,2,2,unexposed,baseline_only,train,10.0,0.20058072174020292,0.7994192782597971
DEAP:S04:T08,DEAP:S04,T08,1,5.97,2,1,2,2,unexposed,baseline_only,train,10.0,0.4978471936463783,0.5021528063536217
DEAP:S04:T11,DEAP:S04,T11,1,7.24,2,1,2,2,unexposed,baseline_only,train,10.0,0.6797824121693532,0.32021758783064685
DEAP:S04:T18,DEAP:S04,T18,0,4.9,2,1,2,2,unexposed,baseline_only,train,10.0,0.803712052357967,0.19628794764203292
DEAP:S04:T19,DEAP:S04,T19,1,7.09,2,1,2,2,unexposed,baseline_only,train,10.0,0.8572281329231426,0.14277186707685746
DEAP:S04:T22,DEAP:S04,T22,0,1.86,2,1,2,2,unexposed,baseline_only,train,10.0,0.7478197142853076,0.2521802857146925
DEAP:S04:T23,DEAP:S04,T23,0,1.86,2,1,2,2,unexposed,baseline_only,train,10.0,0.5256608193930602,0.4743391806069398
DEAP:S04:T25,DEAP:S04,T25,1,7.0,2,1,2,2,unexposed,baseline_only,train,10.0,0.49402374896390777,0.5059762510360922
DEAP:S04:T26,DEAP:S04,T26,1,6.0,2,1,2,2,unexposed,baseline_only,train,10.0,0.7899878694439308,0.21001213055606918
DEAP:S04:T28,DEAP:S04,T28,0,2.17,2,1,2,2,unexposed,baseline_only,train,10.0,0.3657597097183153,0.6342402902816847
DEAP:S04:T29,DEAP:S04,T29,0,1.85,2,1,2,2,unexposed,baseline_only,train,10.0,0.7731112447020813,0.22688875529791874
DEAP:S04:T30,DEAP:S04,T30,0,3.1,2,1,2,2,unexposed,baseline_only,train,10.0,0.8272263053534553,0.17277369464654466
DEAP:S04:T32,DEAP:S04,T32,0,1.01,2,1,2,2,unexposed,baseline_only,train,10.0,0.9530045113176207,0.0469954886823794
DEAP:S04:T33,DEAP:S04,T33,0,1.0,2,1,2,2,unexposed,baseline_only,train,10.0,0.851951229820552,0.148048770179448
DEAP:S04:T39,DEAP:S04,T39,0,1.92,2,1,2,2,unexposed,baseline_only,train,10.0,0.3194643533417011,0.6805356466582989
DEAP:S05:T02,DEAP:S05,T02,1,9.0,2,1,2,2,unexposed,baseline_only,train,10.0,0.08880234701706868,0.9111976529829313
DEAP:S05:T04,DEAP:S05,T04,1,8.24,2,1,2,2,unexposed,baseline_only,train,10.0,0.07369751386584289,0.9263024861341571
DEAP:S05:T08,DEAP:S05,T08,1,8.17,2,1,2,2,unexposed,baseline_only,train,10.0,0.25554524469887496,0.744454755301125
DEAP:S05:T11,DEAP:S05,T11,1,9.0,2,1,2,2,unexposed,baseline_only,train,10.0,0.3167723903491664,0.6832276096508336
DEAP:S05:T19,DEAP:S05,T19,1,8.03,2,1,2,2,unexposed,baseline_only,train,10.0,0.3167322713834472,0.6832677286165528
DEAP:S05:T22,DEAP:S05,T22,1,6.99,2,1,2,2,unexposed,baseline_only,train,10.0,0.6571794654488188,0.3428205345511812
DEAP:S05:T23,DEAP:S05,T23,0,1.0,2,1,2,2,unexposed,baseline_only,train,10.0,0.9709045414330362,0.02909545856696386
DEAP:S05:T25,DEAP:S05,T25,1,5.96,2,1,2,2,unexposed,baseline_only,train,10.0,0.07516144878191944,0.9248385512180806
DEAP:S05:T26,DEAP:S05,T26,1,7.96,2,1,2,2,unexposed,baseline_only,train,10.0,0.059690953225714605,0.9403090467742854
DEAP:S05:T28,DEAP:S05,T28,0,3.9,2,1,2,2,unexposed,baseline_only,train,10.0,0.7647373341420867,0.2352626658579134
DEAP:S05:T29,DEAP:S05,T29,0,4.04,2,1,2,2,unexposed,baseline_only,train,10.0,0.32107964675793,0.67892035324207
DEAP:S05:T30,DEAP:S05,T30,0,2.94,2,1,2,2,unexposed,baseline_only,train,10.0,0.8291552504197152,0.17084474958028484
DEAP:S05:T32,DEAP:S05,T32,0,1.94,2,1,2,2,unexposed,baseline_only,train,10.0,0.6514782875265507,0.3485217124734493
DEAP:S05:T33,DEAP:S05,T33,1,5.17,2,1,2,2,unexposed,baseline_only,train,10.0,0.580529656129722,0.41947034387027804
DEAP:S05:T39,DEAP:S05,T39,0,1.0,2,1,2,2,unexposed,baseline_only,train,10.0,0.20561390622178555,0.7943860937782145
DEAP:S06:T02,DEAP:S06,T02,1,6.83,2,1,2,2,unexposed,baseline_only,train,10.0,0.35014649528392505,0.649853504716075
DEAP:S06:T04,DEAP:S06,T04,1,7.55,2,1,2,2,unexposed,baseline_only,train,10.0,0.41747550722470095,0.582524492775299
DEAP:S06:T08,DEAP:S06,T08,1,7.05,2,1,2,2,unexposed,baseline_only,train,10.0,0.002304087334743743,0.9976959126652563
DEAP:S06:T18,DEAP:S06,T18,1,7.59,2,1,2,2,unexposed,baseline_only,train,10.0,0.11555713147917157,0.8844428685208284
DEAP:S06:T19,DEAP:S06,T19,1,7.41,2,1,2,2,unexposed,baseline_only,train,10.0,0.030315108012424208,0.9696848919875758
DEAP:S06:T22,DEAP:S06,T22,1,7.56,2,1,2,2,unexposed,baseline_only,train,10.0,0.09645986996601386,0.9035401300339861
DEAP:S06:T23,DEAP:S06,T23,0,3.47,2,1,2,2,unexposed,baseline_only,train,10.0,0.7504074602886946,0.24959253971130535
DEAP:S06:T25,DEAP:S06,T25,1,7.09,2,1,2,2,unexposed,baseline_only,train,10.0,0.37695399609548896,0.623046003904511
DEAP:S06:T26,DEAP:S06,T26,1,5.08,2,1,2,2,unexposed,baseline_only,train,10.0,0.11337648823350555,0.8866235117664945
DEAP:S06:T28,DEAP:S06,T28,1,6.42,2,1,2,2,unexposed,baseline_only,train,10.0,0.0053310068210289385,0.9946689931789711
DEAP:S06:T29,DEAP:S06,T29,0,4.27,2,1,2,2,unexposed,baseline_only,train,10.0,0.05354495802511561,0.9464550419748844
DEAP:S06:T30,DEAP:S06,T30,1,6.99,2,1,2,2,unexposed,baseline_only,train,10.0,0.12174837706427788,0.8782516229357221
DEAP:S06:T32,DEAP:S06,T32,1,6.99,2,1,2,2,unexposed,baseline_only,train,10.0,0.2235413667812114,0.7764586332187886
DEAP:S06:T33,DEAP:S06,T33,1,6.68,2,1,2,2,unexposed,baseline_only,train,10.0,0.002821393990613319,0.9971786060093867
DEAP:S06:T39,DEAP:S06,T39,1,6.56,2,1,2,2,unexposed,baseline_only,train,10.0,0.28718428946707586,0.7128157105329241
DEAP:S07:T02,DEAP:S07,T02,1,7.15,2,1,2,2,unexposed,baseline_only,train,10.0,0.40394129325292305,0.596058706747077
DEAP:S07:T04,DEAP:S07,T04,1,7.08,2,1,2,2,unexposed,baseline_only,train,10.0,0.6092371850476164,0.39076281495238363
DEAP:S07:T08,DEAP:S07,T08,1,7.0,2,1,2,2,unexposed,baseline_only,train,10.0,0.1833491372789432,0.8166508627210568
DEAP:S07:T11,DEAP:S07,T11,1,7.03,2,1,2,2,unexposed,baseline_only,train,10.0,0.4271309690054256,0.5728690309945744
DEAP:S07:T18,DEAP:S07,T18,1,7.03,2,1,2,2,unexposed,baseline_only,train,10.0,0.294527738187066,0.705472261812934
DEAP:S07:T19,DEAP:S07,T19,1,6.99,2,1,2,2,unexposed,baseline_only,train,10.0,0.0062343105155361345,0.9937656894844639
DEAP:S07:T22,DEAP:S07,T22,0,3.05,2,1,2,2,unexposed,baseline_only,train,10.0,0.5145436519120583,0.4854563480879417
DEAP:S07:T23,DEAP:S07,T23,0,3.01,2,1,2,2,unexposed,baseline_only,train,10.0,0.8779906821639538,0.12200931783604624
DEAP:S07:T26,DEAP:S07,T26,0,2.0,2,1,2,2,unexposed,baseline_only,train,10.0,0.7454432563675324,0.25455674363246766
DEAP:S07:T28,DEAP:S07,T28,0,2.05,2,1,2,2,unexposed,baseline_only,train,10.0,0.9562338502706919,0.04376614972930815
DEAP:S07:T29,DEAP:S07,T29,1,7.09,2,1,2,2,unexposed,baseline_only,train,10.0,0.20827574007878125,0.7917242599212188
DEAP:S07:T30,DEAP:S07,T30,0,3.09,2,1,2,2,unexposed,baseline_only,train,10.0,0.9083323057818466,0.09166769421815334
DEAP:S07:T32,DEAP:S07,T32,0,4.96,2,1,2,2,unexposed,baseline_only,train,10.0,0.9904608771643117,0.009539122835688297
DEAP:S07:T33,DEAP:S07,T33,0,4.97,2,1,2,2,unexposed,baseline_only,train,10.0,0.6073085842863934,0.3926914157136065
DEAP:S07:T39,DEAP:S07,T39,1,7.01,2,1,2,2,unexposed,baseline_only,train,10.0,0.38052262203826903,0.619477377961731
DEAP:S08:T02,DEAP:S08,T02,1,5.04,2,1,2,2,unexposed,baseline_only,train,10.0,0.5796526299739435,0.4203473700260565
DEAP:S08:T04,DEAP:S08,T04,1,6.82,2,1,2,2,unexposed,baseline_only,train,10.0,0.32844455200628997,0.67155544799371
DEAP:S08:T08,DEAP:S08,T08,1,8.82,2,1,2,2,unexposed,baseline_only,train,10.0,0.15027496277617636,0.8497250372238236
DEAP:S08:T11,DEAP:S08,T11,1,8.41,2,1,2,2,unexposed,baseline_only,train,10.0,0.32877877346253637,0.6712212265374636
DEAP:S08:T19,DEAP:S08,T19,1,5.04,2,1,2,2,unexposed,baseline_only,train,10.0,0.6114236863443214,0.3885763136556785
DEAP:S08:T22,DEAP:S08,T22,0,4.23,2,1,2,2,unexposed,baseline_only,train,10.0,0.32890148723226487,0.6710985127677351
DEAP:S08:T23,DEAP:S08,T23,0,3.59,2,1,2,2,unexposed,baseline_only,train,10.0,0.09306103794607501,0.906938962053925
DEAP:S08:T25,DEAP:S08,T25,0,3.72,2,1,2,2,unexposed,baseline_only,train,10.0,0.9484919855530825,0.051508014446917515
DEAP:S08:T26,DEAP:S08,T26,0,4.99,2,1,2,2,unexposed,baseline_only,train,10.0,0.733777423051569,0.266222576948431
DEAP:S08:T28,DEAP:S08,T28,1,5.04,2,1,2,2,unexposed,baseline_only,train,10.0,0.35822053682241384,0.6417794631775862
DEAP:S08:T29,DEAP:S08,T29,0,2.78,2,1,2,2,unexposed,baseline_only,train,10.0,0.6308539070288242,0.3691460929711758
DEAP:S08:T30,DEAP:S08,T30,0,1.4,2,1,2,2,unexposed,baseline_only,train,10.0,0.8122612474447981,0.1877387525552019
DEAP:S08:T32,DEAP:S08,T32,1,6.33,2,1,2,2,unexposed,baseline_only,train,10.0,0.19473568333759705,0.805264316662403
DEAP:S08:T33,DEAP:S08,T33,0,4.44,2,1,2,2,unexposed,baseline_only,train,10.0,0.6034143619373589,0.3965856380626412
DEAP:S08:T39,DEAP:S08,T39,1,5.05,2,1,2,2,unexposed,baseline_only,train,10.0,0.15071291358356542,0.8492870864164346
DEAP:S09:T02,DEAP:S09,T02,1,7.08,2,1,2,2,unexposed,baseline_only,train,10.0,0.183156552414783,0.816843447585217
DEAP:S09:T04,DEAP:S09,T04,1,5.99,2,1,2,2,unexposed,baseline_only,train,10.0,0.6588648929155072,0.3411351070844928
DEAP:S09:T08,DEAP:S09,T08,1,6.15,2,1,2,2,unexposed,baseline_only,train,10.0,0.11511318281110561,0.8848868171888944
DEAP:S09:T11,DEAP:S09,T11,1,7.12,2,1,2,2,unexposed,baseline_only,train,10.0,0.6211204806793631,0.37887951932063685
DEAP:S09:T18,DEAP:S09,T18,0,4.9,2,1,2,2,unexposed,baseline_only,train,10.0,0.7734199341979183,0.22658006580208168
DEAP:S09:T19,DEAP:S09,T19,0,3.97,2,1,2,2,unexposed,baseline_only,train,10.0,0.7901195574203888,0.20988044257961125
DEAP:S09:T22,DEAP:S09,T22,0,3.99,2,1,2,2,unexposed,baseline_only,train,10.0,0.6435888336119787,0.3564111663880213
DEAP:S09:T25,DEAP:S09,T25,1,5.04,2,1,2,2,unexposed,baseline_only,train,10.0,0.232405945628386,0.767594054371614
DEAP:S09:T26,DEAP:S09,T26,0,4.1,2,1,2,2,unexposed,baseline_only,train,10.0,0.8769544156561065,0.12304558434389347
DEAP:S09:T28,DEAP:S09,T28,0,2.96,2,1,2,2,unexposed,baseline_only,train,10.0,0.853178201930619,0.14682179806938098
DEAP:S09:T29,DEAP:S09,T29,0,3.99,2,1,2,2,unexposed,baseline_only,train,10.0,0.9532769650426862,0.04672303495731373
DEAP:S09:T32,DEAP:S09,T32,0,3.1,2,1,2,2,unexposed,baseline_only,train,10.0,0.8626859500989322,0.1373140499010678
DEAP:S09:T33,DEAP:S09,T33,0,3.08,2,1,2,2,unexposed,baseline_only,train,10.0,0.932142715501941,0.067857284498059
DEAP:S09:T39,DEAP:S09,T39,0,3.17,2,1,2,2,unexposed,baseline_only,train,10.0,0.6280876015613586,0.3719123984386415
DEAP:S10:T02,DEAP:S10,T02,0,3.55,2,1,2,2,unexposed,baseline_only,train,10.0,0.939230821745748,0.060769178254252015
DEAP:S10:T08,DEAP:S10,T08,1,5.68,2,1,2,2,unexposed,baseline_only,train,10.0,0.11445297554429334,0.8855470244557067
DEAP:S10:T11,DEAP:S10,T11,1,8.99,2,1,2,2,unexposed,baseline_only,train,10.0,0.41478787251079663,0.5852121274892034
DEAP:S10:T18,DEAP:S10,T18,1,7.31,2,1,2,2,unexposed,baseline_only,train,10.0,0.5023985517462739,0.4976014482537261
DEAP:S10:T19,DEAP:S10,T19,1,7.82,2,1,2,2,unexposed,baseline_only,train,10.0,0.4391979777324927,0.5608020222675073
DEAP:S10:T22,DEAP:S10,T22,0,4.24,2,1,2,2,unexposed,baseline_only,train,10.0,0.5444665416131974,0.4555334583868026
DEAP:S10:T23,DEAP:S10,T23,0,2.87,2,1,2,2,unexposed,baseline_only,train,10.0,0.635297415534074,0.364702584465926
DEAP:S10:T25,DEAP:S10,T25,0,1.92,2,1,2,2,unexposed,baseline_only,train,10.0,0.5195037216516774,0.4804962783483226
DEAP:S10:T26,DEAP:S10,T26,0,4.95,2,1,2,2,unexposed,baseline_only,train,10.0,0.9569778194446527,0.04302218055534738
DEAP:S10:T28,DEAP:S10,T28,0,4.31,2,1,2,2,unexposed,baseline_only,train,10.0,0.9156775798794873,0.08432242012051272
DEAP:S10:T29,DEAP:S10,T29,0,3.94,2,1,2,2,unexposed,baseline_only,train,10.0,0.6463198545861517,0.35368014541384823
DEAP:S10:T30,DEAP:S10,T30,0,2.64,2,1,2,2,unexposed,baseline_only,train,10.0,0.7437317076818937,0.2562682923181064
DEAP:S10:T32,DEAP:S10,T32,1,5.96,2,1,2,2,unexposed,baseline_only,train,10.0,0.6997415933882262,0.30025840661177383
DEAP:S10:T33,DEAP:S10,T33,0,4.94,2,1,2,2,unexposed,baseline_only,train,10.0,0.8381719421462516,0.16182805785374843
DEAP:S10:T39,DEAP:S10,T39,0,2.17,2,1,2,2,unexposed,baseline_only,train,10.0,0.9521650008061875,0.047834999193812504
DEAP:S11:T04,DEAP:S11,T04,1,7.65,2,1,2,2,unexposed,baseline_only,train,10.0,0.47112978098295555,0.5288702190170445
DEAP:S11:T18,DEAP:S11,T18,1,7.95,2,1,2,2,unexposed,baseline_only,train,10.0,0.17751840656322304,0.822481593436777
DEAP:S11:T19,DEAP:S11,T19,1,5.54,2,1,2,2,unexposed,baseline_only,train,10.0,0.1980328850233517,0.8019671149766483
DEAP:S11:T22,DEAP:S11,T22,1,6.15,2,1,2,2,unexposed,baseline_only,train,10.0,0.10419424633003294,0.8958057536699671
DEAP:S11:T23,DEAP:S11,T23,0,3.72,2,1,2,2,unexposed,baseline_only,train,10.0,0.7712981131938639,0.22870188680613607
DEAP:S11:T25,DEAP:S11,T25,1,5.01,2,1,2,2,unexposed,baseline_only,train,10.0,0.15679976920791483,0.8432002307920852
DEAP:S11:T26,DEAP:S11,T26,1,5.49,2,1,2,2,unexposed,baseline_only,train,10.0,0.26530855674798415,0.7346914432520159
DEAP:S11:T28,DEAP:S11,T28,0,4.26,2,1,2,2,unexposed,baseline_only,train,10.0,0.6121125509002263,0.38788744909977363
DEAP:S11:T29,DEAP:S11,T29,0,2.32,2,1,2,2,unexposed,baseline_only,train,10.0,0.6892297706153492,0.3107702293846508
DEAP:S11:T30,DEAP:S11,T30,0,4.58,2,1,2,2,unexposed,baseline_only,train,10.0,0.5160414565870795,0.4839585434129206
DEAP:S11:T32,DEAP:S11,T32,1,5.01,2,1,2,2,unexposed,baseline_only,train,10.0,0.33609148916537557,0.6639085108346244
DEAP:S11:T33,DEAP:S11,T33,1,5.64,2,1,2,2,unexposed,baseline_only,train,10.0,0.27734281012872886,0.7226571898712711
DEAP:S11:T39,DEAP:S11,T39,0,1.0,2,1,2,2,unexposed,baseline_only,train,10.0,0.8637145621664624,0.13628543783353764
DEAP:S12:T02,DEAP:S12,T02,1,6.09,2,1,2,2,unexposed,baseline_only,train,10.0,0.0626773299060408,0.9373226700939592
DEAP:S12:T04,DEAP:S12,T04,1,6.86,2,1,2,2,unexposed,baseline_only,train,10.0,0.4659601774715262,0.5340398225284738
DEAP:S12:T08,DEAP:S12,T08,1,5.1,2,1,2,2,unexposed,baseline_only,train,10.0,0.2856287604154407,0.7143712395845593
DEAP:S12:T11,DEAP:S12,T11,1,7.78,2,1,2,2,unexposed,baseline_only,train,10.0,0.32846626388610856,0.6715337361138914
DEAP:S12:T18,DEAP:S12,T18,1,7.35,2,1,2,2,unexposed,baseline_only,train,10.0,0.4384412788224893,0.5615587211775107
DEAP:S12:T19,DEAP:S12,T19,1,7.03,2,1,2,2,unexposed,baseline_only,train,10.0,0.35429160100141877,0.6457083989985812
DEAP:S12:T22,DEAP:S12,T22,0,3.33,2,1,2,2,unexposed,baseline_only,train,10.0,0.8235495673049612,0.17645043269503877
DEAP:S12:T23,DEAP:S12,T23,0,1.74,2,1,2,2,unexposed,baseline_only,train,10.0,0.6390454583301197,0.3609545416698803
DEAP:S12:T25,DEAP:S12,T25,0,2.78,2,1,2,2,unexposed,baseline_only,train,10.0,0.5879151084842019,0.4120848915157981
DEAP:S12:T26,DEAP:S12,T26,1,6.08,2,1,2,2,unexposed,baseline_only,train,10.0,0.5325365122478357,0.4674634877521643
DEAP:S12:T28,DEAP:S12,T28,1,5.04,2,1,2,2,unexposed,baseline_only,train,10.0,0.11767506119818583,0.8823249388018142
DEAP:S12:T30,DEAP:S12,T30,0,3.36,2,1,2,2,unexposed,baseline_only,train,10.0,0.7872692023175856,0.2127307976824144
DEAP:S12:T32,DEAP:S12,T32,0,1.86,2,1,2,2,unexposed,baseline_only,train,10.0,0.3849129521049047,0.6150870478950953
DEAP:S12:T39,DEAP:S12,T39,0,3.18,2,1,2,2,unexposed,baseline_only,train,10.0,0.8798948895044574,0.12010511049554268
DEAP:S13:T02,DEAP:S13,T02,0,4.03,2,1,2,2,unexposed,baseline_only,train,10.0,0.5468645090201147,0.4531354909798852
DEAP:S13:T04,DEAP:S13,T04,1,7.08,2,1,2,2,unexposed,baseline_only,train,10.0,0.1130772502588494,0.8869227497411506
DEAP:S13:T08,DEAP:S13,T08,1,7.99,2,1,2,2,unexposed,baseline_only,train,10.0,0.33078135729559455,0.6692186427044055
DEAP:S13:T11,DEAP:S13,T11,1,7.04,2,1,2,2,unexposed,baseline_only,train,10.0,0.47902003341582444,0.5209799665841756
DEAP:S13:T18,DEAP:S13,T18,1,7.94,2,1,2,2,unexposed,baseline_only,train,10.0,0.4837978945167347,0.5162021054832653
DEAP:S13:T19,DEAP:S13,T19,1,8.51,2,1,2,2,unexposed,baseline_only,train,10.0,0.29051187866083983,0.7094881213391602
DEAP:S13:T22,DEAP:S13,T22,0,4.01,2,1,2,2,unexposed,baseline_only,train,10.0,0.6847911630661242,0.3152088369338758
DEAP:S13:T25,DEAP:S13,T25,0,3.97,2,1,2,2,unexposed,baseline_only,train,10.0,0.8890264923832985,0.11097350761670152
DEAP:S13:T26,DEAP:S13,T26,1,5.04,2,1,2,2,unexposed,baseline_only,train,10.0,0.5419527127588499,0.45804728724115007
DEAP:S13:T28,DEAP:S13,T28,1,7.08,2,1,2,2,unexposed,baseline_only,train,10.0,0.35212196718756184,0.6478780328124382
DEAP:S13:T29,DEAP:S13,T29,0,4.04,2,1,2,2,unexposed,baseline_only,train,10.0,0.6697907165215053,0.3302092834784946
DEAP:S13:T30,DEAP:S13,T30,0,3.05,2,1,2,2,unexposed,baseline_only,train,10.0,0.8286855890551971,0.1713144109448029
DEAP:S13:T32,DEAP:S13,T32,0,4.05,2,1,2,2,unexposed,baseline_only,train,10.0,0.9176369113710507,0.08236308862894931
DEAP:S13:T33,DEAP:S13,T33,0,4.55,2,1,2,2,unexposed,baseline_only,train,10.0,0.6889367919785221,0.31106320802147797
DEAP:S13:T39,DEAP:S13,T39,0,1.97,2,1,2,2,unexposed,baseline_only,train,10.0,0.7112553699316624,0.2887446300683376
DEAP:S18:T02,DEAP:S18,T02,1,6.87,2,1,2,2,unexposed,baseline_only,train,10.0,0.23165528998127494,0.7683447100187251
DEAP:S18:T04,DEAP:S18,T04,1,6.65,2,1,2,2,unexposed,baseline_only,train,10.0,0.40141258051195716,0.5985874194880428
DEAP:S18:T11,DEAP:S18,T11,1,6.24,2,1,2,2,unexposed,baseline_only,train,10.0,0.5802305354742097,0.41976946452579034
DEAP:S18:T18,DEAP:S18,T18,1,7.05,2,1,2,2,unexposed,baseline_only,train,10.0,0.5827741538805477,0.41722584611945235
DEAP:S18:T19,DEAP:S18,T19,1,7.04,2,1,2,2,unexposed,baseline_only,train,10.0,0.3427823508969211,0.6572176491030789
DEAP:S18:T22,DEAP:S18,T22,1,5.69,2,1,2,2,unexposed,baseline_only,train,10.0,0.4577457084205886,0.5422542915794114
DEAP:S18:T23,DEAP:S18,T23,0,3.71,2,1,2,2,unexposed,baseline_only,train,10.0,0.4447255056847209,0.5552744943152791
DEAP:S18:T25,DEAP:S18,T25,0,4.23,2,1,2,2,unexposed,baseline_only,train,10.0,0.22262148958576522,0.7773785104142348
DEAP:S18:T26,DEAP:S18,T26,1,5.44,2,1,2,2,unexposed,baseline_only,train,10.0,0.6086246220873819,0.39137537791261817
DEAP:S18:T28,DEAP:S18,T28,1,5.95,2,1,2,2,unexposed,baseline_only,train,10.0,0.11138792734946956,0.8886120726505304
DEAP:S18:T29,DEAP:S18,T29,0,4.9,2,1,2,2,unexposed,baseline_only,train,10.0,0.6498189763880257,0.35018102361197434
DEAP:S18:T30,DEAP:S18,T30,0,2.96,2,1,2,2,unexposed,baseline_only,train,10.0,0.7447988886348798,0.2552011113651203
DEAP:S18:T32,DEAP:S18,T32,0,4.62,2,1,2,2,unexposed,baseline_only,train,10.0,0.62768760474607,0.37231239525392995
DEAP:S18:T33,DEAP:S18,T33,0,4.56,2,1,2,2,unexposed,baseline_only,train,10.0,0.411824822573168,0.588175177426832
DEAP:S18:T39,DEAP:S18,T39,0,4.06,2,1,2,2,unexposed,baseline_only,train,10.0,0.887691314063877,0.11230868593612302
DEAP:S19:T04,DEAP:S19,T04,1,5.77,2,1,2,2,unexposed,baseline_only,train,10.0,0.4922048218703682,0.5077951781296318
DEAP:S19:T08,DEAP:S19,T08,1,7.44,2,1,2,2,unexposed,baseline_only,train,10.0,0.34228089837180964,0.6577191016281904
DEAP:S19:T11,DEAP:S19,T11,1,5.83,2,1,2,2,unexposed,baseline_only,train,10.0,0.30811320658076724,0.6918867934192328
DEAP:S19:T18,DEAP:S19,T18,1,7.77,2,1,2,2,unexposed,baseline_only,train,10.0,0.7154262220499696,0.2845737779500304
DEAP:S19:T19,DEAP:S19,T19,1,7.65,2,1,2,2,unexposed,baseline_only,train,10.0,0.2360437435763575,0.7639562564236425
DEAP:S19:T22,DEAP:S19,T22,1,5.04,2,1,2,2,unexposed,baseline_only,train,10.0,0.09195264478399257,0.9080473552160074
DEAP:S19:T23,DEAP:S19,T23,0,3.77,2,1,2,2,unexposed,baseline_only,train,10.0,0.8395281171558887,0.1604718828441113
DEAP:S19:T25,DEAP:S19,T25,0,2.19,2,1,2,2,unexposed,baseline_only,train,10.0,0.47673615779207823,0.5232638422079218
DEAP:S19:T26,DEAP:S19,T26,0,4.95,2,1,2,2,unexposed,baseline_only,train,10.0,0.6906436632952946,0.30935633670470536
DEAP:S19:T28,DEAP:S19,T28,1,6.21,2,1,2,2,unexposed,baseline_only,train,10.0,0.7978232565698192,0.2021767434301808
DEAP:S19:T29,DEAP:S19,T29,0,2.82,2,1,2,2,unexposed,baseline_only,train,10.0,0.594024942219384,0.40597505778061604
DEAP:S19:T30,DEAP:S19,T30,0,2.85,2,1,2,2,unexposed,baseline_only,train,10.0,0.33334371153319753,0.6666562884668025
DEAP:S19:T32,DEAP:S19,T32,0,4.96,2,1,2,2,unexposed,baseline_only,train,10.0,0.3828735818329503,0.6171264181670497
DEAP:S19:T33,DEAP:S19,T33,0,3.4,2,1,2,2,unexposed,baseline_only,train,10.0,0.5250745554317225,0.47492544456827746
DEAP:S19:T39,DEAP:S19,T39,1,5.04,2,1,2,2,unexposed,baseline_only,train,10.0,0.40231633997499516,0.5976836600250048
DEAP:S21:T04,DEAP:S21,T04,1,5.05,2,1,2,2,unexposed,baseline_only,train,10.0,0.3565272625296013,0.6434727374703987
DEAP:S21:T08,DEAP:S21,T08,1,8.81,2,1,2,2,unexposed,baseline_only,train,10.0,0.10040957257116356,0.8995904274288364
DEAP:S21:T11,DEAP:S21,T11,1,7.05,2,1,2,2,unexposed,baseline_only,train,10.0,0.26216319937712074,0.7378368006228793
DEAP:S21:T18,DEAP:S21,T18,1,7.99,2,1,2,2,unexposed,baseline_only,train,10.0,0.1400569992230195,0.8599430007769805
DEAP:S21:T22,DEAP:S21,T22,0,2.09,2,1,2,2,unexposed,baseline_only,train,10.0,0.4181660929916673,0.5818339070083327
DEAP:S21:T23,DEAP:S21,T23,0,4.69,2,1,2,2,unexposed,baseline_only,train,10.0,0.9658063183877262,0.034193681612273805
DEAP:S21:T25,DEAP:S21,T25,0,3.97,2,1,2,2,unexposed,baseline_only,train,10.0,0.8682448367245801,0.1317551632754199
DEAP:S21:T26,DEAP:S21,T26,0,4.06,2,1,2,2,unexposed,baseline_only,train,10.0,0.784199247616779,0.21580075238322102
DEAP:S21:T28,DEAP:S21,T28,0,3.04,2,1,2,2,unexposed,baseline_only,train,10.0,0.9410657058046131,0.05893429419538683
DEAP:S21:T29,DEAP:S21,T29,0,3.01,2,1,2,2,unexposed,baseline_only,train,10.0,0.44446748190422336,0.5555325180957766
DEAP:S21:T30,DEAP:S21,T30,0,3.45,2,1,2,2,unexposed,baseline_only,train,10.0,0.7536294217210591,0.24637057827894096
DEAP:S21:T32,DEAP:S21,T32,1,6.27,2,1,2,2,unexposed,baseline_only,train,10.0,0.35190137008423505,0.648098629915765
DEAP:S21:T33,DEAP:S21,T33,1,7.03,2,1,2,2,unexposed,baseline_only,train,10.0,0.3776907469105596,0.6223092530894404
DEAP:S21:T39,DEAP:S21,T39,1,6.09,2,1,2,2,unexposed,baseline_only,train,10.0,0.4915946108885072,0.5084053891114928
DEAP:S22:T02,DEAP:S22,T02,1,7.08,2,1,2,2,unexposed,baseline_only,train,10.0,0.7018635015746687,0.2981364984253313
DEAP:S22:T04,DEAP:S22,T04,1,7.06,2,1,2,2,unexposed,baseline_only,train,10.0,0.3968570861306694,0.6031429138693306
DEAP:S22:T08,DEAP:S22,T08,1,7.09,2,1,2,2,unexposed,baseline_only,train,10.0,0.43688998963642245,0.5631100103635776
DEAP:S22:T11,DEAP:S22,T11,1,8.05,2,1,2,2,unexposed,baseline_only,train,10.0,0.44757340910175636,0.5524265908982436
DEAP:S22:T18,DEAP:S22,T18,1,8.08,2,1,2,2,unexposed,baseline_only,train,10.0,0.0840720170626007,0.9159279829373993
DEAP:S22:T19,DEAP:S22,T19,1,9.0,2,1,2,2,unexposed,baseline_only,train,10.0,0.7039108777587189,0.2960891222412812
DEAP:S22:T23,DEAP:S22,T23,0,2.99,2,1,2,2,unexposed,baseline_only,train,10.0,0.8946339065576716,0.10536609344232838
DEAP:S22:T25,DEAP:S22,T25,0,2.95,2,1,2,2,unexposed,baseline_only,train,10.0,0.7352634166694239,0.26473658333057615
DEAP:S22:T28,DEAP:S22,T28,0,4.03,2,1,2,2,unexposed,baseline_only,train,10.0,0.4491392636996864,0.5508607363003136
DEAP:S22:T30,DEAP:S22,T30,0,1.0,2,1,2,2,unexposed,baseline_only,train,10.0,0.5304617876229107,0.4695382123770893
DEAP:S22:T32,DEAP:S22,T32,0,1.99,2,1,2,2,unexposed,baseline_only,train,10.0,0.7013307861428552,0.29866921385714484
DEAP:S22:T33,DEAP:S22,T33,0,1.96,2,1,2,2,unexposed,baseline_only,train,10.0,0.5176629020509266,0.4823370979490734
DEAP:S22:T39,DEAP:S22,T39,0,1.0,2,1,2,2,unexposed,baseline_only,train,10.0,0.6930734462168846,0.30692655378311534
DEAP:S24:T02,DEAP:S24,T02,1,6.04,2,1,2,2,unexposed,baseline_only,train,10.0,0.4180847882744787,0.5819152117255213
DEAP:S24:T04,DEAP:S24,T04,1,6.05,2,1,2,2,unexposed,baseline_only,train,10.0,0.5665782310534495,0.43342176894655055
DEAP:S24:T08,DEAP:S24,T08,1,7.03,2,1,2,2,unexposed,baseline_only,train,10.0,0.08046590791739383,0.9195340920826062
DEAP:S24:T11,DEAP:S24,T11,1,7.03,2,1,2,2,unexposed,baseline_only,train,10.0,0.0100009935049723,0.9899990064950277
DEAP:S24:T18,DEAP:S24,T18,1,8.96,2,1,2,2,unexposed,baseline_only,train,10.0,0.4652549600675707,0.5347450399324293
DEAP:S24:T19,DEAP:S24,T19,1,7.03,2,1,2,2,unexposed,baseline_only,train,10.0,0.6386956142663796,0.36130438573362045
DEAP:S24:T22,DEAP:S24,T22,0,3.03,2,1,2,2,unexposed,baseline_only,train,10.0,0.5537057195637485,0.4462942804362516
DEAP:S24:T23,DEAP:S24,T23,0,1.0,2,1,2,2,unexposed,baseline_only,train,10.0,0.7100839365458893,0.2899160634541107
DEAP:S24:T25,DEAP:S24,T25,0,3.12,2,1,2,2,unexposed,baseline_only,train,10.0,0.8492321764907171,0.15076782350928283
DEAP:S24:T26,DEAP:S24,T26,0,4.05,2,1,2,2,unexposed,baseline_only,train,10.0,0.49380092554983923,0.5061990744501608
DEAP:S24:T28,DEAP:S24,T28,0,4.03,2,1,2,2,unexposed,baseline_only,train,10.0,0.7101142678332542,0.28988573216674585
DEAP:S24:T29,DEAP:S24,T29,0,3.97,2,1,2,2,unexposed,baseline_only,train,10.0,0.8993416781034762,0.10065832189652381
DEAP:S24:T30,DEAP:S24,T30,0,1.0,2,1,2,2,unexposed,baseline_only,train,10.0,0.6220199946273921,0.37798000537260795
DEAP:S24:T32,DEAP:S24,T32,0,3.0,2,1,2,2,unexposed,baseline_only,train,10.0,0.9895752404705901,0.010424759529409865
DEAP:S24:T33,DEAP:S24,T33,1,5.01,2,1,2,2,unexposed,baseline_only,train,10.0,0.3158980596110562,0.6841019403889438
DEAP:S24:T39,DEAP:S24,T39,0,2.12,2,1,2,2,unexposed,baseline_only,train,10.0,0.7856565328725269,0.21434346712747315
DEAP:S25:T02,DEAP:S25,T02,0,2.99,2,1,2,2,unexposed,baseline_only,train,10.0,0.7135198673504165,0.2864801326495835
DEAP:S25:T08,DEAP:S25,T08,1,8.04,2,1,2,2,unexposed,baseline_only,train,10.0,0.20473720177259613,0.7952627982274039
DEAP:S25:T11,DEAP:S25,T11,1,9.0,2,1,2,2,unexposed,baseline_only,train,10.0,0.5307668109570645,0.46923318904293554
DEAP:S25:T19,DEAP:S25,T19,1,7.06,2,1,2,2,unexposed,baseline_only,train,10.0,0.30572395164170607,0.6942760483582939
DEAP:S25:T22,DEAP:S25,T22,1,8.03,2,1,2,2,unexposed,baseline_only,train,10.0,0.22967557803741467,0.7703244219625853
DEAP:S25:T23,DEAP:S25,T23,0,2.01,2,1,2,2,unexposed,baseline_only,train,10.0,0.7579174711499803,0.24208252885001963
DEAP:S25:T25,DEAP:S25,T25,0,4.96,2,1,2,2,unexposed,baseline_only,train,10.0,0.8349282160852789,0.16507178391472116
DEAP:S25:T26,DEAP:S25,T26,0,4.99,2,1,2,2,unexposed,baseline_only,train,10.0,0.9101436522381379,0.08985634776186217
DEAP:S25:T28,DEAP:S25,T28,1,5.01,2,1,2,2,unexposed,baseline_only,train,10.0,0.33460226913241065,0.6653977308675894
DEAP:S25:T30,DEAP:S25,T30,0,4.03,2,1,2,2,unexposed,baseline_only,train,10.0,0.9334370971368215,0.06656290286317847
DEAP:S25:T32,DEAP:S25,T32,0,1.0,2,1,2,2,unexposed,baseline_only,train,10.0,0.6206306850249216,0.3793693149750784
DEAP:S25:T39,DEAP:S25,T39,0,1.0,2,1,2,2,unexposed,baseline_only,train,10.0,0.4592379416589907,0.5407620583410093
DEAP:S26:T02,DEAP:S26,T02,1,6.96,2,1,2,2,unexposed,baseline_only,train,10.0,0.10770074438310051,0.8922992556168995
DEAP:S26:T04,DEAP:S26,T04,1,8.03,2,1,2,2,unexposed,baseline_only,train,10.0,0.017220305958362547,0.9827796940416375
DEAP:S26:T08,DEAP:S26,T08,1,8.01,2,1,2,2,unexposed,baseline_only,train,10.0,0.7633837388589597,0.2366162611410403
DEAP:S26:T11,DEAP:S26,T11,1,8.04,2,1,2,2,unexposed,baseline_only,train,10.0,0.39258731932733604,0.607412680672664
DEAP:S26:T18,DEAP:S26,T18,1,9.0,2,1,2,2,unexposed,baseline_only,train,10.0,0.017968536437155014,0.982031463562845
DEAP:S26:T19,DEAP:S26,T19,1,8.0,2,1,2,2,unexposed,baseline_only,train,10.0,0.34619100000025294,0.6538089999997471
DEAP:S26:T22,DEAP:S26,T22,1,6.97,2,1,2,2,unexposed,baseline_only,train,10.0,0.46540379367621876,0.5345962063237812
DEAP:S26:T23,DEAP:S26,T23,0,2.28,2,1,2,2,unexposed,baseline_only,train,10.0,0.1930077632048931,0.8069922367951069
DEAP:S26:T25,DEAP:S26,T25,1,7.14,2,1,2,2,unexposed,baseline_only,train,10.0,0.30774212487204744,0.6922578751279526
DEAP:S26:T26,DEAP:S26,T26,1,5.05,2,1,2,2,unexposed,baseline_only,train,10.0,0.3298689064741759,0.6701310935258241
DEAP:S26:T28,DEAP:S26,T28,1,5.97,2,1,2,2,unexposed,baseline_only,train,10.0,0.19996000660368551,0.8000399933963145
DEAP:S26:T29,DEAP:S26,T29,1,6.09,2,1,2,2,unexposed,baseline_only,train,10.0,0.33574060889107593,0.6642593911089241
DEAP:S26:T30,DEAP:S26,T30,0,4.95,2,1,2,2,unexposed,baseline_only,train,10.0,0.6188291631734153,0.3811708368265847
DEAP:S26:T32,DEAP:S26,T32,0,1.96,2,1,2,2,unexposed,baseline_only,train,10.0,0.9441726621456014,0.05582733785439864
DEAP:S26:T33,DEAP:S26,T33,0,1.0,2,1,2,2,unexposed,baseline_only,train,10.0,0.18542659137048334,0.8145734086295167
DEAP:S26:T39,DEAP:S26,T39,0,1.95,2,1,2,2,unexposed,baseline_only,train,10.0,0.4333422957160845,0.5666577042839155
DEAP:S27:T02,DEAP:S27,T02,1,7.0,2,1,2,2,unexposed,baseline_only,train,10.0,0.003970655757281172,0.9960293442427188
DEAP:S27:T04,DEAP:S27,T04,1,7.05,2,1,2,2,unexposed,baseline_only,train,10.0,0.1758413795534488,0.8241586204465512
DEAP:S27:T08,DEAP:S27,T08,1,8.24,2,1,2,2,unexposed,baseline_only,train,10.0,0.0028552417537054398,0.9971447582462946
DEAP:S27:T11,DEAP:S27,T11,1,9.0,2,1,2,2,unexposed,baseline_only,train,10.0,0.02776699208177158,0.9722330079182284
DEAP:S27:T19,DEAP:S27,T19,1,5.06,2,1,2,2,unexposed,baseline_only,train,10.0,0.22806503911966292,0.7719349608803371
DEAP:S27:T22,DEAP:S27,T22,1,7.29,2,1,2,2,unexposed,baseline_only,train,10.0,0.07893124518036865,0.9210687548196314
DEAP:S27:T23,DEAP:S27,T23,1,8.0,2,1,2,2,unexposed,baseline_only,train,10.0,0.020042270819852992,0.979957729180147
DEAP:S27:T25,DEAP:S27,T25,0,4.0,2,1,2,2,unexposed,baseline_only,train,10.0,0.6702752506258374,0.3297247493741627
DEAP:S27:T26,DEAP:S27,T26,1,5.04,2,1,2,2,unexposed,baseline_only,train,10.0,0.005026490572480058,0.9949735094275199
DEAP:S27:T28,DEAP:S27,T28,1,5.04,2,1,2,2,unexposed,baseline_only,train,10.0,0.09225486550254625,0.9077451344974538
DEAP:S27:T29,DEAP:S27,T29,1,7.18,2,1,2,2,unexposed,baseline_only,train,10.0,0.15451648312846733,0.8454835168715327
DEAP:S27:T30,DEAP:S27,T30,1,7.08,2,1,2,2,unexposed,baseline_only,train,10.0,0.20480451134770838,0.7951954886522916
DEAP:S27:T32,DEAP:S27,T32,1,5.04,2,1,2,2,unexposed,baseline_only,train,10.0,0.13613698247017336,0.8638630175298266
DEAP:S27:T33,DEAP:S27,T33,1,5.04,2,1,2,2,unexposed,baseline_only,train,10.0,0.0317161008602066,0.9682838991397934
DEAP:S27:T39,DEAP:S27,T39,0,2.14,2,1,2,2,unexposed,baseline_only,train,10.0,0.43271105799116016,0.5672889420088398
DEAP:S28:T02,DEAP:S28,T02,1,7.99,2,1,2,2,unexposed,baseline_only,train,10.0,0.7939490643151783,0.20605093568482175
DEAP:S28:T04,DEAP:S28,T04,1,8.08,2,1,2,2,unexposed,baseline_only,train,10.0,0.17383846727333874,0.8261615327266613
DEAP:S28:T08,DEAP:S28,T08,1,7.01,2,1,2,2,unexposed,baseline_only,train,10.0,0.2911392853094058,0.7088607146905942
DEAP:S28:T11,DEAP:S28,T11,1,7.01,2,1,2,2,unexposed,baseline_only,train,10.0,0.7692519805882104,0.23074801941178955
DEAP:S28:T18,DEAP:S28,T18,1,8.08,2,1,2,2,unexposed,baseline_only,train,10.0,0.6392539856418473,0.3607460143581526
DEAP:S28:T19,DEAP:S28,T19,1,7.03,2,1,2,2,unexposed,baseline_only,train,10.0,0.36830350543385704,0.631696494566143
DEAP:S28:T22,DEAP:S28,T22,1,5.03,2,1,2,2,unexposed,baseline_only,train,10.0,0.375023810947952,0.624976189052048
DEAP:S28:T23,DEAP:S28,T23,0,2.03,2,1,2,2,unexposed,baseline_only,train,10.0,0.6650484402562371,0.33495155974376284
DEAP:S28:T25,DEAP:S28,T25,0,4.06,2,1,2,2,unexposed,baseline_only,train,10.0,0.9529748795379096,0.04702512046209044
DEAP:S28:T26,DEAP:S28,T26,0,1.99,2,1,2,2,unexposed,baseline_only,train,10.0,0.8618082212231988,0.13819177877680122
DEAP:S28:T28,DEAP:S28,T28,0,2.9,2,1,2,2,unexposed,baseline_only,train,10.0,0.5277598555079215,0.4722401444920786
DEAP:S28:T29,DEAP:S28,T29,0,2.06,2,1,2,2,unexposed,baseline_only,train,10.0,0.5884081857875374,0.41159181421246255
DEAP:S28:T30,DEAP:S28,T30,0,1.99,2,1,2,2,unexposed,baseline_only,train,10.0,0.1655978102497142,0.8344021897502858
DEAP:S28:T32,DEAP:S28,T32,0,3.05,2,1,2,2,unexposed,baseline_only,train,10.0,0.6879063646548799,0.31209363534512014
DEAP:S28:T33,DEAP:S28,T33,1,7.01,2,1,2,2,unexposed,baseline_only,train,10.0,0.2907216561884727,0.7092783438115273
DEAP:S28:T39,DEAP:S28,T39,0,1.04,2,1,2,2,unexposed,baseline_only,train,10.0,0.558735982315008,0.441264017684992
DEAP:S29:T02,DEAP:S29,T02,1,7.05,2,1,2,2,unexposed,baseline_only,train,10.0,0.11810427311911487,0.8818957268808851
DEAP:S29:T04,DEAP:S29,T04,1,7.17,2,1,2,2,unexposed,baseline_only,train,10.0,0.24029863971638155,0.7597013602836185
DEAP:S29:T08,DEAP:S29,T08,1,7.04,2,1,2,2,unexposed,baseline_only,train,10.0,0.2587902201967277,0.7412097798032723
DEAP:S29:T11,DEAP:S29,T11,1,8.03,2,1,2,2,unexposed,baseline_only,train,10.0,0.6929589907343925,0.30704100926560746
DEAP:S29:T18,DEAP:S29,T18,1,7.01,2,1,2,2,unexposed,baseline_only,train,10.0,0.3744031270974727,0.6255968729025273
DEAP:S29:T19,DEAP:S29,T19,1,7.05,2,1,2,2,unexposed,baseline_only,train,10.0,0.021875323136303804,0.9781246768636962
DEAP:S29:T22,DEAP:S29,T22,0,3.05,2,1,2,2,unexposed,baseline_only,train,10.0,0.8740909862420276,0.12590901375797234
DEAP:S29:T23,DEAP:S29,T23,0,2.05,2,1,2,2,unexposed,baseline_only,train,10.0,0.9686488811742747,0.03135111882572525
DEAP:S29:T25,DEAP:S29,T25,0,3.03,2,1,2,2,unexposed,baseline_only,train,10.0,0.833211559779947,0.16678844022005304
DEAP:S29:T26,DEAP:S29,T26,0,3.0,2,1,2,2,unexposed,baseline_only,train,10.0,0.5008740262305333,0.4991259737694667
DEAP:S29:T28,DEAP:S29,T28,0,1.04,2,1,2,2,unexposed,baseline_only,train,10.0,0.9033357217929253,0.09666427820707472
DEAP:S29:T29,DEAP:S29,T29,0,3.97,2,1,2,2,unexposed,baseline_only,train,10.0,0.82513480843051,0.17486519156948999
DEAP:S29:T30,DEAP:S29,T30,0,2.95,2,1,2,2,unexposed,baseline_only,train,10.0,0.955124217690611,0.044875782309389094
DEAP:S29:T32,DEAP:S29,T32,0,4.04,2,1,2,2,unexposed,baseline_only,train,10.0,0.752130530731716,0.24786946926828404
DEAP:S29:T33,DEAP:S29,T33,0,1.99,2,1,2,2,unexposed,baseline_only,train,10.0,0.7885701403795948,0.21142985962040514
DEAP:S29:T39,DEAP:S29,T39,1,6.05,2,1,2,2,unexposed,baseline_only,train,10.0,0.008775082089018338,0.9912249179109817
DEAP:S30:T02,DEAP:S30,T02,1,7.15,2,1,2,2,unexposed,baseline_only,train,10.0,0.1825411655433372,0.8174588344566628
DEAP:S30:T04,DEAP:S30,T04,1,7.04,2,1,2,2,unexposed,baseline_only,train,10.0,0.0008422221090857995,0.9991577778909142
DEAP:S30:T08,DEAP:S30,T08,1,6.05,2,1,2,2,unexposed,baseline_only,train,10.0,0.5929421456022104,0.4070578543977897
DEAP:S30:T11,DEAP:S30,T11,1,6.06,2,1,2,2,unexposed,baseline_only,train,10.0,0.21800244361000498,0.781997556389995
DEAP:S30:T18,DEAP:S30,T18,1,7.05,2,1,2,2,unexposed,baseline_only,train,10.0,0.5383715494632364,0.4616284505367636
DEAP:S30:T19,DEAP:S30,T19,1,8.27,2,1,2,2,unexposed,baseline_only,train,10.0,0.046394946838192785,0.9536050531618072
DEAP:S30:T22,DEAP:S30,T22,0,4.05,2,1,2,2,unexposed,baseline_only,train,10.0,0.721768172641802,0.27823182735819796
DEAP:S30:T23,DEAP:S30,T23,0,3.0,2,1,2,2,unexposed,baseline_only,train,10.0,0.45888183166970486,0.5411181683302951
DEAP:S30:T25,DEAP:S30,T25,0,3.92,2,1,2,2,unexposed,baseline_only,train,10.0,0.24241030568357957,0.7575896943164204
DEAP:S30:T26,DEAP:S30,T26,1,5.01,2,1,2,2,unexposed,baseline_only,train,10.0,0.7462441905790285,0.2537558094209716
DEAP:S30:T28,DEAP:S30,T28,1,5.06,2,1,2,2,unexposed,baseline_only,train,10.0,0.546821915017774,0.45317808498222606
DEAP:S30:T29,DEAP:S30,T29,1,7.23,2,1,2,2,unexposed,baseline_only,train,10.0,0.09782277946336626,0.9021772205366337
DEAP:S30:T30,DEAP:S30,T30,0,4.04,2,1,2,2,unexposed,baseline_only,train,10.0,0.7145373078122361,0.2854626921877639
DEAP:S30:T32,DEAP:S30,T32,1,5.01,2,1,2,2,unexposed,baseline_only,train,10.0,0.10779257621126981,0.8922074237887302
DEAP:S30:T33,DEAP:S30,T33,0,3.91,2,1,2,2,unexposed,baseline_only,train,10.0,0.5721843376153566,0.42781566238464347
DEAP:S30:T39,DEAP:S30,T39,0,2.97,2,1,2,2,unexposed,baseline_only,train,10.0,0.3066291899456396,0.6933708100543604
DEAP:S31:T02,DEAP:S31,T02,1,5.03,2,1,2,2,unexposed,baseline_only,train,10.0,0.04802040046528788,0.9519795995347121
DEAP:S31:T04,DEAP:S31,T04,1,6.97,2,1,2,2,unexposed,baseline_only,train,10.0,0.07119205254784478,0.9288079474521552
DEAP:S31:T08,DEAP:S31,T08,1,6.03,2,1,2,2,unexposed,baseline_only,train,10.0,0.5598269397591711,0.440173060240829
DEAP:S31:T11,DEAP:S31,T11,1,9.0,2,1,2,2,unexposed,baseline_only,train,10.0,0.030023410564445685,0.9699765894355543
DEAP:S31:T18,DEAP:S31,T18,1,7.06,2,1,2,2,unexposed,baseline_only,train,10.0,0.6128887709517018,0.3871112290482982
DEAP:S31:T19,DEAP:S31,T19,1,7.95,2,1,2,2,unexposed,baseline_only,train,10.0,0.2639077020591578,0.7360922979408422
DEAP:S31:T22,DEAP:S31,T22,1,5.04,2,1,2,2,unexposed,baseline_only,train,10.0,0.05484862063314222,0.9451513793668578
DEAP:S31:T23,DEAP:S31,T23,0,1.0,2,1,2,2,unexposed,baseline_only,train,10.0,0.7584861319564382,0.2415138680435618
DEAP:S31:T25,DEAP:S31,T25,1,6.14,2,1,2,2,unexposed,baseline_only,train,10.0,0.6108235557813948,0.38917644421860526
DEAP:S31:T26,DEAP:S31,T26,1,7.08,2,1,2,2,unexposed,baseline_only,train,10.0,0.003267891657145805,0.9967321083428542
DEAP:S31:T28,DEAP:S31,T28,1,5.01,2,1,2,2,unexposed,baseline_only,train,10.0,0.5338105021051873,0.46618949789481273
DEAP:S31:T30,DEAP:S31,T30,0,3.13,2,1,2,2,unexposed,baseline_only,train,10.0,0.9622961644341548,0.03770383556584521
DEAP:S31:T32,DEAP:S31,T32,0,1.0,2,1,2,2,unexposed,baseline_only,train,10.0,0.0873093643143027,0.9126906356856973
DEAP:S31:T33,DEAP:S31,T33,0,4.18,2,1,2,2,unexposed,baseline_only,train,10.0,0.24352661750786286,0.7564733824921371
DEAP:S31:T39,DEAP:S31,T39,0,1.0,2,1,2,2,unexposed,baseline_only,train,10.0,0.571139733414262,0.4288602665857379
DEAP:S32:T02,DEAP:S32,T02,0,4.99,2,1,2,2,unexposed,baseline_only,train,10.0,0.9219779140072052,0.0780220859927948
DEAP:S32:T04,DEAP:S32,T04,1,6.96,2,1,2,2,unexposed,baseline_only,train,10.0,0.3466962245055175,0.6533037754944825
DEAP:S32:T08,DEAP:S32,T08,1,7.96,2,1,2,2,unexposed,baseline_only,train,10.0,0.19775628692131753,0.8022437130786825
DEAP:S32:T11,DEAP:S32,T11,1,8.24,2,1,2,2,unexposed,baseline_only,train,10.0,0.10064009789366335,0.8993599021063367
DEAP:S32:T18,DEAP:S32,T18,1,8.03,2,1,2,2,unexposed,baseline_only,train,10.0,0.12908008432234785,0.8709199156776521
DEAP:S32:T19,DEAP:S32,T19,1,8.24,2,1,2,2,unexposed,baseline_only,train,10.0,0.43444299023888056,0.5655570097611194
DEAP:S32:T23,DEAP:S32,T23,0,3.01,2,1,2,2,unexposed,baseline_only,train,10.0,0.7355268728436983,0.2644731271563016
DEAP:S32:T25,DEAP:S32,T25,0,4.01,2,1,2,2,unexposed,baseline_only,train,10.0,0.9946898341614697,0.0053101658385302794
DEAP:S32:T26,DEAP:S32,T26,1,5.14,2,1,2,2,unexposed,baseline_only,train,10.0,0.07835823935945596,0.921641760640544
DEAP:S32:T28,DEAP:S32,T28,1,6.03,2,1,2,2,unexposed,baseline_only,train,10.0,0.06256890614902322,0.9374310938509768
DEAP:S32:T29,DEAP:S32,T29,0,4.09,2,1,2,2,unexposed,baseline_only,train,10.0,0.7744293824284209,0.22557061757157917
DEAP:S32:T30,DEAP:S32,T30,0,1.0,2,1,2,2,unexposed,baseline_only,train,10.0,0.8732616690549486,0.12673833094505133
DEAP:S32:T32,DEAP:S32,T32,0,3.87,2,1,2,2,unexposed,baseline_only,train,10.0,0.9242916665392111,0.07570833346078887
DEAP:S32:T33,DEAP:S32,T33,0,4.06,2,1,2,2,unexposed,baseline_only,train,10.0,0.9051781913778764,0.09482180862212364
DEAP:S32:T39,DEAP:S32,T39,0,3.99,2,1,2,2,unexposed,baseline_only,train,10.0,0.7744407717494642,0.22555922825053573
DEAP:S02:T07,DEAP:S02,T07,0,4.96,2,1,2,2,unexposed,baseline_only,validation_unseen,10.0,0.013518881034889185,0.9864811189651108
DEAP:S02:T09,DEAP:S02,T09,1,9.0,2,1,2,2,unexposed,baseline_only,validation_unseen,10.0,0.2943289536837931,0.7056710463162069
DEAP:S02:T17,DEAP:S02,T17,1,9.0,2,1,2,2,unexposed,baseline_only,validation_unseen,10.0,0.007817106361127313,0.9921828936388727
DEAP:S02:T35,DEAP:S02,T35,0,1.99,2,1,2,2,unexposed,baseline_only,validation_unseen,10.0,0.026199673315993932,0.9738003266840061
DEAP:S02:T36,DEAP:S02,T36,1,5.04,2,1,2,2,unexposed,baseline_only,validation_unseen,10.0,0.0016509872268678505,0.9983490127731321
DEAP:S02:T37,DEAP:S02,T37,0,1.0,2,1,2,2,unexposed,baseline_only,validation_unseen,10.0,0.017162863202759282,0.9828371367972407
DEAP:S02:T40,DEAP:S02,T40,1,6.05,2,1,2,2,unexposed,baseline_only,validation_unseen,10.0,0.07304790925782112,0.9269520907421789
DEAP:S03:T06,DEAP:S03,T06,1,6.79,2,1,2,2,unexposed,baseline_only,validation_unseen,10.0,0.9896778942882706,0.010322105711729469
DEAP:S03:T07,DEAP:S03,T07,1,5.45,2,1,2,2,unexposed,baseline_only,validation_unseen,10.0,0.9908914302811047,0.009108569718895305
DEAP:S03:T09,DEAP:S03,T09,1,7.33,2,1,2,2,unexposed,baseline_only,validation_unseen,10.0,0.9132050189280269,0.08679498107197312
DEAP:S03:T17,DEAP:S03,T17,0,4.56,2,1,2,2,unexposed,baseline_only,validation_unseen,10.0,0.9994785180860933,0.0005214819139066728
DEAP:S03:T35,DEAP:S03,T35,0,3.18,2,1,2,2,unexposed,baseline_only,validation_unseen,10.0,0.9959422945103025,0.004057705489697502
DEAP:S03:T36,DEAP:S03,T36,1,5.01,2,1,2,2,unexposed,baseline_only,validation_unseen,10.0,0.9978205986828812,0.002179401317118812
DEAP:S03:T37,DEAP:S03,T37,0,4.92,2,1,2,2,unexposed,baseline_only,validation_unseen,10.0,0.9867352905128538,0.013264709487146217
DEAP:S03:T40,DEAP:S03,T40,1,5.38,2,1,2,2,unexposed,baseline_only,validation_unseen,10.0,0.9993367590187492,0.0006632409812508341
DEAP:S15:T06,DEAP:S15,T06,1,9.0,2,1,2,2,unexposed,baseline_only,validation_unseen,10.0,0.723472146520344,0.27652785347965597
DEAP:S15:T07,DEAP:S15,T07,1,5.04,2,1,2,2,unexposed,baseline_only,validation_unseen,10.0,0.44029772981323057,0.5597022701867694
DEAP:S15:T09,DEAP:S15,T09,1,9.0,2,1,2,2,unexposed,baseline_only,validation_unseen,10.0,0.9779091498493968,0.02209085015060321
DEAP:S15:T17,DEAP:S15,T17,1,8.1,2,1,2,2,unexposed,baseline_only,validation_unseen,10.0,0.9424227407300236,0.057577259269976415
DEAP:S15:T35,DEAP:S15,T35,1,5.05,2,1,2,2,unexposed,baseline_only,validation_unseen,10.0,0.9915271192561265,0.008472880743873533
DEAP:S15:T36,DEAP:S15,T36,0,3.96,2,1,2,2,unexposed,baseline_only,validation_unseen,10.0,0.8753930936462984,0.12460690635370164
DEAP:S15:T37,DEAP:S15,T37,0,3.04,2,1,2,2,unexposed,baseline_only,validation_unseen,10.0,0.6833878909599542,0.3166121090400457
DEAP:S15:T40,DEAP:S15,T40,0,4.01,2,1,2,2,unexposed,baseline_only,validation_unseen,10.0,0.9718459341392496,0.028154065860750463
DEAP:S20:T06,DEAP:S20,T06,1,7.62,2,1,2,2,unexposed,baseline_only,validation_unseen,10.0,0.00018262178881867097,0.9998173782111813
DEAP:S20:T07,DEAP:S20,T07,1,5.27,2,1,2,2,unexposed,baseline_only,validation_unseen,10.0,0.004385045814770616,0.9956149541852294
DEAP:S20:T09,DEAP:S20,T09,1,8.22,2,1,2,2,unexposed,baseline_only,validation_unseen,10.0,0.00012464171290604842,0.999875358287094
DEAP:S20:T17,DEAP:S20,T17,1,5.04,2,1,2,2,unexposed,baseline_only,validation_unseen,10.0,0.02756825916580119,0.9724317408341988
DEAP:S20:T35,DEAP:S20,T35,0,4.35,2,1,2,2,unexposed,baseline_only,validation_unseen,10.0,0.00028777559977888334,0.9997122244002211
DEAP:S20:T36,DEAP:S20,T36,0,4.29,2,1,2,2,unexposed,baseline_only,validation_unseen,10.0,0.20607251950411243,0.7939274804958876
DEAP:S20:T37,DEAP:S20,T37,0,3.01,2,1,2,2,unexposed,baseline_only,validation_unseen,10.0,0.0014052597918686738,0.9985947402081313
DEAP:S20:T40,DEAP:S20,T40,0,4.94,2,1,2,2,unexposed,baseline_only,validation_unseen,10.0,0.01223658062333266,0.9877634193766673
DEAP:S02:T02,DEAP:S02,T02,1,8.01,2,1,2,2,unexposed,baseline_only,validation_familiar,10.0,0.0018738649630224424,0.9981261350369776
DEAP:S02:T04,DEAP:S02,T04,1,6.05,2,1,2,2,unexposed,baseline_only,validation_familiar,10.0,0.07458092607352007,0.9254190739264799
DEAP:S02:T08,DEAP:S02,T08,1,9.0,2,1,2,2,unexposed,baseline_only,validation_familiar,10.0,0.005719886254520801,0.9942801137454792
DEAP:S02:T11,DEAP:S02,T11,1,7.08,2,1,2,2,unexposed,baseline_only,validation_familiar,10.0,0.006013124215394017,0.993986875784606
DEAP:S02:T18,DEAP:S02,T18,1,9.0,2,1,2,2,unexposed,baseline_only,validation_familiar,10.0,0.7643644601773975,0.23563553982260257
DEAP:S02:T19,DEAP:S02,T19,1,9.0,2,1,2,2,unexposed,baseline_only,validation_familiar,10.0,0.8558827439757436,0.14411725602425643
DEAP:S02:T23,DEAP:S02,T23,0,1.0,2,1,2,2,unexposed,baseline_only,validation_familiar,10.0,0.0013884364404954663,0.9986115635595045
DEAP:S02:T25,DEAP:S02,T25,1,9.0,2,1,2,2,unexposed,baseline_only,validation_familiar,10.0,0.016569685926851374,0.9834303140731486
DEAP:S02:T26,DEAP:S02,T26,1,9.0,2,1,2,2,unexposed,baseline_only,validation_familiar,10.0,0.2697234692615258,0.7302765307384742
DEAP:S02:T28,DEAP:S02,T28,0,4.06,2,1,2,2,unexposed,baseline_only,validation_familiar,10.0,0.009004843301358867,0.9909951566986411
DEAP:S02:T29,DEAP:S02,T29,0,2.99,2,1,2,2,unexposed,baseline_only,validation_familiar,10.0,0.04789800455127646,0.9521019954487235
DEAP:S02:T30,DEAP:S02,T30,0,2.01,2,1,2,2,unexposed,baseline_only,validation_familiar,10.0,0.13742368196829358,0.8625763180317064
DEAP:S02:T32,DEAP:S02,T32,0,1.0,2,1,2,2,unexposed,baseline_only,validation_familiar,10.0,0.053077847881061624,0.9469221521189384
DEAP:S02:T39,DEAP:S02,T39,0,1.0,2,1,2,2,unexposed,baseline_only,validation_familiar,10.0,0.01153624798695052,0.9884637520130495
DEAP:S03:T02,DEAP:S03,T02,1,7.21,2,1,2,2,unexposed,baseline_only,validation_familiar,10.0,0.9941770493519434,0.005822950648056649
DEAP:S03:T04,DEAP:S03,T04,0,4.69,2,1,2,2,unexposed,baseline_only,validation_familiar,10.0,0.8634375108359605,0.13656248916403946
DEAP:S03:T08,DEAP:S03,T08,1,7.14,2,1,2,2,unexposed,baseline_only,validation_familiar,10.0,0.9997232198337803,0.0002767801662196513
DEAP:S03:T11,DEAP:S03,T11,1,7.94,2,1,2,2,unexposed,baseline_only,validation_familiar,10.0,0.9784206173073545,0.021579382692645484
DEAP:S03:T18,DEAP:S03,T18,1,7.1,2,1,2,2,unexposed,baseline_only,validation_familiar,10.0,0.9884264640975142,0.01157353590248576
DEAP:S03:T19,DEAP:S03,T19,1,8.14,2,1,2,2,unexposed,baseline_only,validation_familiar,10.0,0.9995881685566661,0.00041183144333385225
DEAP:S03:T22,DEAP:S03,T22,0,4.94,2,1,2,2,unexposed,baseline_only,validation_familiar,10.0,0.9983835863537482,0.0016164136462517623
DEAP:S03:T23,DEAP:S03,T23,0,3.65,2,1,2,2,unexposed,baseline_only,validation_familiar,10.0,0.9990013523503855,0.0009986476496145072
DEAP:S03:T25,DEAP:S03,T25,0,3.45,2,1,2,2,unexposed,baseline_only,validation_familiar,10.0,0.9994967829840713,0.0005032170159287295
DEAP:S03:T26,DEAP:S03,T26,0,4.67,2,1,2,2,unexposed,baseline_only,validation_familiar,10.0,0.9983187551114774,0.001681244888522586
DEAP:S03:T28,DEAP:S03,T28,1,5.59,2,1,2,2,unexposed,baseline_only,validation_familiar,10.0,0.99962244705111,0.0003775529488900122
DEAP:S03:T29,DEAP:S03,T29,0,4.47,2,1,2,2,unexposed,baseline_only,validation_familiar,10.0,0.4202873298562365,0.5797126701437635
DEAP:S03:T30,DEAP:S03,T30,0,3.87,2,1,2,2,unexposed,baseline_only,validation_familiar,10.0,0.9915467550194559,0.008453244980544063
DEAP:S03:T32,DEAP:S03,T32,1,5.17,2,1,2,2,unexposed,baseline_only,validation_familiar,10.0,0.996925409330024,0.003074590669975944
DEAP:S03:T33,DEAP:S03,T33,0,4.05,2,1,2,2,unexposed,baseline_only,validation_familiar,10.0,0.9932635730168262,0.006736426983173828
DEAP:S03:T39,DEAP:S03,T39,0,4.33,2,1,2,2,unexposed,baseline_only,validation_familiar,10.0,0.5439998618938945,0.4560001381061055
DEAP:S15:T02,DEAP:S15,T02,1,5.04,2,1,2,2,unexposed,baseline_only,validation_familiar,10.0,0.9900116052680482,0.009988394731951815
DEAP:S15:T04,DEAP:S15,T04,1,8.04,2,1,2,2,unexposed,baseline_only,validation_familiar,10.0,0.9729131928230008,0.02708680717699917
DEAP:S15:T08,DEAP:S15,T08,1,9.0,2,1,2,2,unexposed,baseline_only,validation_familiar,10.0,0.9969866986917233,0.0030133013082766823
DEAP:S15:T11,DEAP:S15,T11,1,8.99,2,1,2,2,unexposed,baseline_only,validation_familiar,10.0,0.9515065779045099,0.04849342209549013
DEAP:S15:T18,DEAP:S15,T18,1,7.04,2,1,2,2,unexposed,baseline_only,validation_familiar,10.0,0.9987385891320206,0.0012614108679793825
DEAP:S15:T19,DEAP:S15,T19,1,7.04,2,1,2,2,unexposed,baseline_only,validation_familiar,10.0,0.9929613323473678,0.007038667652632204
DEAP:S15:T22,DEAP:S15,T22,0,4.12,2,1,2,2,unexposed,baseline_only,validation_familiar,10.0,0.8645514450077891,0.1354485549922108
DEAP:S15:T23,DEAP:S15,T23,0,3.05,2,1,2,2,unexposed,baseline_only,validation_familiar,10.0,0.9822686141723443,0.017731385827655634
DEAP:S15:T25,DEAP:S15,T25,0,2.96,2,1,2,2,unexposed,baseline_only,validation_familiar,10.0,0.5275351721778803,0.4724648278221198
DEAP:S15:T26,DEAP:S15,T26,0,4.96,2,1,2,2,unexposed,baseline_only,validation_familiar,10.0,0.9988350603101896,0.0011649396898103263
DEAP:S15:T28,DEAP:S15,T28,0,4.01,2,1,2,2,unexposed,baseline_only,validation_familiar,10.0,0.982785804599961,0.017214195400038976
DEAP:S15:T29,DEAP:S15,T29,0,4.05,2,1,2,2,unexposed,baseline_only,validation_familiar,10.0,0.8695578991704578,0.13044210082954225
DEAP:S15:T30,DEAP:S15,T30,0,2.04,2,1,2,2,unexposed,baseline_only,validation_familiar,10.0,0.9487752234686994,0.05122477653130067
DEAP:S15:T32,DEAP:S15,T32,0,3.97,2,1,2,2,unexposed,baseline_only,validation_familiar,10.0,0.9729429582756044,0.027057041724395565
DEAP:S15:T33,DEAP:S15,T33,0,3.01,2,1,2,2,unexposed,baseline_only,validation_familiar,10.0,0.8612596382303058,0.13874036176969418
DEAP:S15:T39,DEAP:S15,T39,0,4.0,2,1,2,2,unexposed,baseline_only,validation_familiar,10.0,0.874383722281636,0.12561627771836406
DEAP:S20:T02,DEAP:S20,T02,1,6.77,2,1,2,2,unexposed,baseline_only,validation_familiar,10.0,0.03366009576263873,0.9663399042373613
DEAP:S20:T04,DEAP:S20,T04,1,7.05,2,1,2,2,unexposed,baseline_only,validation_familiar,10.0,0.025772648143097432,0.9742273518569026
DEAP:S20:T08,DEAP:S20,T08,1,7.63,2,1,2,2,unexposed,baseline_only,validation_familiar,10.0,0.003457439475785362,0.9965425605242146
DEAP:S20:T11,DEAP:S20,T11,1,8.18,2,1,2,2,unexposed,baseline_only,validation_familiar,10.0,0.7586901971314858,0.24130980286851422
DEAP:S20:T18,DEAP:S20,T18,1,7.35,2,1,2,2,unexposed,baseline_only,validation_familiar,10.0,0.06810499592251529,0.9318950040774847
DEAP:S20:T19,DEAP:S20,T19,1,7.59,2,1,2,2,unexposed,baseline_only,validation_familiar,10.0,0.012281867981822847,0.9877181320181772
DEAP:S20:T22,DEAP:S20,T22,0,4.06,2,1,2,2,unexposed,baseline_only,validation_familiar,10.0,0.17829911572437496,0.821700884275625
DEAP:S20:T23,DEAP:S20,T23,0,2.82,2,1,2,2,unexposed,baseline_only,validation_familiar,10.0,0.024381434884429676,0.9756185651155703
DEAP:S20:T25,DEAP:S20,T25,0,2.99,2,1,2,2,unexposed,baseline_only,validation_familiar,10.0,0.10138103198642756,0.8986189680135724
DEAP:S20:T26,DEAP:S20,T26,0,4.31,2,1,2,2,unexposed,baseline_only,validation_familiar,10.0,0.03258241446776511,0.9674175855322349
DEAP:S20:T28,DEAP:S20,T28,1,5.01,2,1,2,2,unexposed,baseline_only,validation_familiar,10.0,0.0052640089738204,0.9947359910261796
DEAP:S20:T29,DEAP:S20,T29,0,2.44,2,1,2,2,unexposed,baseline_only,validation_familiar,10.0,4.328071045889281e-06,0.9999956719289541
DEAP:S20:T30,DEAP:S20,T30,0,3.49,2,1,2,2,unexposed,baseline_only,validation_familiar,10.0,0.0002530628365777776,0.9997469371634222
DEAP:S20:T32,DEAP:S20,T32,1,6.28,2,1,2,2,unexposed,baseline_only,validation_familiar,10.0,0.00029972196669292295,0.9997002780333071
DEAP:S20:T33,DEAP:S20,T33,0,4.64,2,1,2,2,unexposed,baseline_only,validation_familiar,10.0,0.16275825549646528,0.8372417445035347
DEAP:S20:T39,DEAP:S20,T39,0,4.67,2,1,2,2,unexposed,baseline_only,validation_familiar,10.0,0.1083756135877404,0.8916243864122596
