trial_id,subject_id,material_key,label,original_label,group,source_session,material_rotation,fold,arm,model,role,C,p0,p1
DEAP:S01:T01,DEAP:S01,T01,1,7.71,1,1,2,4,unexposed,baseline_relative_context,train,0.01,0.24892155324596243,0.7510784467540376
DEAP:S01:T02,DEAP:S01,T02,1,8.1,1,1,2,4,unexposed,baseline_relative_context,train,0.01,0.33409494881189794,0.6659050511881021
DEAP:S01:T08,DEAP:S01,T08,1,7.32,1,1,2,4,unexposed,baseline_relative_context,train,0.01,0.20096217318056708,0.7990378268194329
DEAP:S01:T10,DEAP:S01,T10,0,1.99,1,1,2,4,unexposed,baseline_relative_context,train,0.01,0.5356901075741631,0.4643098924258368
DEAP:S01:T12,DEAP:S01,T12,0,2.71,1,1,2,4,unexposed,baseline_relative_context,train,0.01,0.3139633787295506,0.6860366212704494
DEAP:S01:T17,DEAP:S01,T17,0,2.46,1,1,2,4,unexposed,baseline_relative_context,train,0.01,0.38428508956857044,0.6157149104314296
DEAP:S01:T20,DEAP:S01,T20,1,8.26,1,1,2,4,unexposed,baseline_relative_context,train,0.01,0.31942808388653343,0.6805719161134666
DEAP:S01:T21,DEAP:S01,T21,1,9.0,1,1,2,4,unexposed,baseline_relative_context,train,0.01,0.6399359081378871,0.36006409186211286
DEAP:S01:T23,DEAP:S01,T23,1,8.15,1,1,2,4,unexposed,baseline_relative_context,train,0.01,0.8233613264593636,0.17663867354063642
DEAP:S01:T25,DEAP:S01,T25,1,8.86,1,1,2,4,unexposed,baseline_relative_context,train,0.01,0.5187496212475993,0.4812503787524007
DEAP:S01:T26,DEAP:S01,T26,1,7.28,1,1,2,4,unexposed,baseline_relative_context,train,0.01,0.5597535151397556,0.4402464848602444
DEAP:S01:T33,DEAP:S01,T33,0,3.81,1,1,2,4,unexposed,baseline_relative_context,train,0.01,0.6663999238201816,0.3336000761798183
DEAP:S01:T35,DEAP:S01,T35,0,2.06,1,1,2,4,unexposed,baseline_relative_context,train,0.01,0.7344615182734953,0.26553848172650474
DEAP:S01:T37,DEAP:S01,T37,0,2.31,1,1,2,4,unexposed,baseline_relative_context,train,0.01,0.6478937698448626,0.3521062301551375
DEAP:S01:T38,DEAP:S01,T38,0,3.33,1,1,2,4,unexposed,baseline_relative_context,train,0.01,0.8128859693472145,0.18711403065278556
DEAP:S02:T01,DEAP:S02,T01,1,9.0,1,1,2,4,unexposed,baseline_relative_context,train,0.01,0.2877426611054109,0.7122573388945891
DEAP:S02:T02,DEAP:S02,T02,1,8.01,1,1,2,4,unexposed,baseline_relative_context,train,0.01,0.2605979455487013,0.7394020544512987
DEAP:S02:T08,DEAP:S02,T08,1,9.0,1,1,2,4,unexposed,baseline_relative_context,train,0.01,0.2130610976312166,0.7869389023687834
DEAP:S02:T10,DEAP:S02,T10,0,4.99,1,1,2,4,unexposed,baseline_relative_context,train,0.01,0.4804623851216071,0.5195376148783929
DEAP:S02:T12,DEAP:S02,T12,1,8.01,1,1,2,4,unexposed,baseline_relative_context,train,0.01,0.29312992412007033,0.7068700758799297
DEAP:S02:T14,DEAP:S02,T14,1,8.94,1,1,2,4,unexposed,baseline_relative_context,train,0.01,0.22825114677040204,0.771748853229598
DEAP:S02:T17,DEAP:S02,T17,1,9.0,1,1,2,4,unexposed,baseline_relative_context,train,0.01,0.38149810926851047,0.6185018907314895
DEAP:S02:T20,DEAP:S02,T20,1,8.97,1,1,2,4,unexposed,baseline_relative_context,train,0.01,0.34171408052915586,0.6582859194708441
DEAP:S02:T23,DEAP:S02,T23,0,1.0,1,1,2,4,unexposed,baseline_relative_context,train,0.01,0.7440654899127466,0.25593451008725343
DEAP:S02:T25,DEAP:S02,T25,1,9.0,1,1,2,4,unexposed,baseline_relative_context,train,0.01,0.5426796677102123,0.45732033228978775
DEAP:S02:T26,DEAP:S02,T26,1,9.0,1,1,2,4,unexposed,baseline_relative_context,train,0.01,0.562940676728491,0.43705932327150904
DEAP:S02:T35,DEAP:S02,T35,0,1.99,1,1,2,4,unexposed,baseline_relative_context,train,0.01,0.6805556662835788,0.3194443337164212
DEAP:S03:T01,DEAP:S03,T01,1,5.33,1,1,2,4,unexposed,baseline_relative_context,train,0.01,0.23979471993052393,0.7602052800694761
DEAP:S03:T02,DEAP:S03,T02,1,7.21,1,1,2,4,unexposed,baseline_relative_context,train,0.01,0.3695601694432522,0.6304398305567478
DEAP:S03:T08,DEAP:S03,T08,1,7.14,1,1,2,4,unexposed,baseline_relative_context,train,0.01,0.22875387878722064,0.7712461212127794
DEAP:S03:T10,DEAP:S03,T10,0,4.45,1,1,2,4,unexposed,baseline_relative_context,train,0.01,0.5011874880456113,0.49881251195438875
DEAP:S03:T12,DEAP:S03,T12,1,6.36,1,1,2,4,unexposed,baseline_relative_context,train,0.01,0.4147585402919043,0.5852414597080957
DEAP:S03:T14,DEAP:S03,T14,1,7.29,1,1,2,4,unexposed,baseline_relative_context,train,0.01,0.2751521783891572,0.7248478216108428
DEAP:S03:T17,DEAP:S03,T17,0,4.56,1,1,2,4,unexposed,baseline_relative_context,train,0.01,0.5415494020345191,0.4584505979654809
DEAP:S03:T20,DEAP:S03,T20,1,6.26,1,1,2,4,unexposed,baseline_relative_context,train,0.01,0.4262284810626239,0.5737715189373761
DEAP:S03:T23,DEAP:S03,T23,0,3.65,1,1,2,4,unexposed,baseline_relative_context,train,0.01,0.8177496014171488,0.18225039858285122
DEAP:S03:T25,DEAP:S03,T25,0,3.45,1,1,2,4,unexposed,baseline_relative_context,train,0.01,0.718956649212565,0.2810433507874351
DEAP:S03:T26,DEAP:S03,T26,0,4.67,1,1,2,4,unexposed,baseline_relative_context,train,0.01,0.5795324127599144,0.42046758724008565
DEAP:S03:T35,DEAP:S03,T35,0,3.18,1,1,2,4,unexposed,baseline_relative_context,train,0.01,0.7318370393949762,0.2681629606050237
DEAP:S03:T37,DEAP:S03,T37,0,4.92,1,1,2,4,unexposed,baseline_relative_context,train,0.01,0.7976642814578433,0.20233571854215668
DEAP:S03:T38,DEAP:S03,T38,0,4.53,1,1,2,4,unexposed,baseline_relative_context,train,0.01,0.8035060242931629,0.19649397570683716
DEAP:S04:T01,DEAP:S04,T01,1,6.68,1,1,2,4,unexposed,baseline_relative_context,train,0.01,0.27466595242690894,0.7253340475730911
DEAP:S04:T02,DEAP:S04,T02,0,4.06,1,1,2,4,unexposed,baseline_relative_context,train,0.01,0.3095894446813159,0.6904105553186841
DEAP:S04:T08,DEAP:S04,T08,1,5.97,1,1,2,4,unexposed,baseline_relative_context,train,0.01,0.21742980153302438,0.7825701984669756
DEAP:S04:T10,DEAP:S04,T10,0,3.15,1,1,2,4,unexposed,baseline_relative_context,train,0.01,0.4885692573762248,0.5114307426237752
DEAP:S04:T12,DEAP:S04,T12,1,5.04,1,1,2,4,unexposed,baseline_relative_context,train,0.01,0.32918928973834716,0.6708107102616528
DEAP:S04:T14,DEAP:S04,T14,1,6.96,1,1,2,4,unexposed,baseline_relative_context,train,0.01,0.2901986535664528,0.7098013464335472
DEAP:S04:T17,DEAP:S04,T17,1,7.01,1,1,2,4,unexposed,baseline_relative_context,train,0.01,0.43597121972720343,0.5640287802727966
DEAP:S04:T20,DEAP:S04,T20,1,8.17,1,1,2,4,unexposed,baseline_relative_context,train,0.01,0.3426506244219758,0.6573493755780242
DEAP:S04:T21,DEAP:S04,T21,0,1.77,1,1,2,4,unexposed,baseline_relative_context,train,0.01,0.6949482969819538,0.3050517030180461
DEAP:S04:T23,DEAP:S04,T23,0,1.86,1,1,2,4,unexposed,baseline_relative_context,train,0.01,0.7664992685617553,0.23350073143824474
DEAP:S04:T26,DEAP:S04,T26,1,6.0,1,1,2,4,unexposed,baseline_relative_context,train,0.01,0.46714398106585053,0.5328560189341495
DEAP:S04:T33,DEAP:S04,T33,0,1.0,1,1,2,4,unexposed,baseline_relative_context,train,0.01,0.6396456479027233,0.36035435209727673
DEAP:S04:T35,DEAP:S04,T35,0,2.03,1,1,2,4,unexposed,baseline_relative_context,train,0.01,0.6721582632533444,0.3278417367466556
DEAP:S04:T37,DEAP:S04,T37,0,1.0,1,1,2,4,unexposed,baseline_relative_context,train,0.01,0.7112373454819285,0.28876265451807154
DEAP:S04:T38,DEAP:S04,T38,0,1.79,1,1,2,4,unexposed,baseline_relative_context,train,0.01,0.8015754352623029,0.19842456473769712
DEAP:S05:T01,DEAP:S05,T01,1,6.97,1,1,2,4,unexposed,baseline_relative_context,train,0.01,0.27810534583886837,0.7218946541611316
DEAP:S05:T02,DEAP:S05,T02,1,9.0,1,1,2,4,unexposed,baseline_relative_context,train,0.01,0.3469848299128535,0.6530151700871465
DEAP:S05:T08,DEAP:S05,T08,1,8.17,1,1,2,4,unexposed,baseline_relative_context,train,0.01,0.25617035286760603,0.743829647132394
DEAP:S05:T10,DEAP:S05,T10,0,3.03,1,1,2,4,unexposed,baseline_relative_context,train,0.01,0.5813377169876677,0.41866228301233227
DEAP:S05:T12,DEAP:S05,T12,1,7.08,1,1,2,4,unexposed,baseline_relative_context,train,0.01,0.2943167384126144,0.7056832615873856
DEAP:S05:T14,DEAP:S05,T14,1,7.21,1,1,2,4,unexposed,baseline_relative_context,train,0.01,0.23769777332115616,0.7623022266788438
DEAP:S05:T17,DEAP:S05,T17,1,6.88,1,1,2,4,unexposed,baseline_relative_context,train,0.01,0.2961317542460259,0.7038682457539741
DEAP:S05:T20,DEAP:S05,T20,1,7.0,1,1,2,4,unexposed,baseline_relative_context,train,0.01,0.3286168399500873,0.6713831600499127
DEAP:S05:T23,DEAP:S05,T23,0,1.0,1,1,2,4,unexposed,baseline_relative_context,train,0.01,0.7998577148181121,0.20014228518188798
DEAP:S05:T25,DEAP:S05,T25,1,5.96,1,1,2,4,unexposed,baseline_relative_context,train,0.01,0.5846566679113181,0.41534333208868196
DEAP:S05:T26,DEAP:S05,T26,1,7.96,1,1,2,4,unexposed,baseline_relative_context,train,0.01,0.449203571906733,0.550796428093267
DEAP:S05:T33,DEAP:S05,T33,1,5.17,1,1,2,4,unexposed,baseline_relative_context,train,0.01,0.6343116152889589,0.36568838471104115
DEAP:S05:T35,DEAP:S05,T35,0,4.86,1,1,2,4,unexposed,baseline_relative_context,train,0.01,0.7810845429443047,0.2189154570556952
DEAP:S05:T37,DEAP:S05,T37,0,1.91,1,1,2,4,unexposed,baseline_relative_context,train,0.01,0.6260447244474305,0.37395527555256947
DEAP:S05:T38,DEAP:S05,T38,0,1.0,1,1,2,4,unexposed,baseline_relative_context,train,0.01,0.7845078116792817,0.21549218832071823
DEAP:S06:T01,DEAP:S06,T01,1,8.19,1,1,2,4,unexposed,baseline_relative_context,train,0.01,0.25483435413862054,0.7451656458613795
DEAP:S06:T02,DEAP:S06,T02,1,6.83,1,1,2,4,unexposed,baseline_relative_context,train,0.01,0.26969046051766743,0.7303095394823326
DEAP:S06:T08,DEAP:S06,T08,1,7.05,1,1,2,4,unexposed,baseline_relative_context,train,0.01,0.17703583254741528,0.8229641674525847
DEAP:S06:T10,DEAP:S06,T10,1,7.37,1,1,2,4,unexposed,baseline_relative_context,train,0.01,0.49153236509622844,0.5084676349037716
DEAP:S06:T12,DEAP:S06,T12,1,7.17,1,1,2,4,unexposed,baseline_relative_context,train,0.01,0.3018873316049986,0.6981126683950014
DEAP:S06:T14,DEAP:S06,T14,1,6.32,1,1,2,4,unexposed,baseline_relative_context,train,0.01,0.23788318538342978,0.7621168146165702
DEAP:S06:T17,DEAP:S06,T17,1,6.72,1,1,2,4,unexposed,baseline_relative_context,train,0.01,0.37850281806471797,0.621497181935282
DEAP:S06:T20,DEAP:S06,T20,1,5.01,1,1,2,4,unexposed,baseline_relative_context,train,0.01,0.38842013869104064,0.6115798613089594
DEAP:S06:T21,DEAP:S06,T21,1,6.28,1,1,2,4,unexposed,baseline_relative_context,train,0.01,0.663826045195026,0.33617395480497403
DEAP:S06:T23,DEAP:S06,T23,0,3.47,1,1,2,4,unexposed,baseline_relative_context,train,0.01,0.7492354777810746,0.2507645222189254
DEAP:S06:T25,DEAP:S06,T25,1,7.09,1,1,2,4,unexposed,baseline_relative_context,train,0.01,0.6180378537344378,0.3819621462655623
DEAP:S06:T26,DEAP:S06,T26,1,5.08,1,1,2,4,unexposed,baseline_relative_context,train,0.01,0.43503998369381935,0.5649600163061806
DEAP:S06:T33,DEAP:S06,T33,1,6.68,1,1,2,4,unexposed,baseline_relative_context,train,0.01,0.6082118514664064,0.39178814853359356
DEAP:S06:T37,DEAP:S06,T37,0,4.83,1,1,2,4,unexposed,baseline_relative_context,train,0.01,0.7100501756680502,0.2899498243319498
DEAP:S06:T38,DEAP:S06,T38,0,4.44,1,1,2,4,unexposed,baseline_relative_context,train,0.01,0.7565011330088658,0.24349886699113424
DEAP:S07:T01,DEAP:S07,T01,1,8.1,1,1,2,4,unexposed,baseline_relative_context,train,0.01,0.20094448315311353,0.7990555168468865
DEAP:S07:T02,DEAP:S07,T02,1,7.15,1,1,2,4,unexposed,baseline_relative_context,train,0.01,0.2826456665177325,0.7173543334822675
DEAP:S07:T08,DEAP:S07,T08,1,7.0,1,1,2,4,unexposed,baseline_relative_context,train,0.01,0.16269427710799944,0.8373057228920006
DEAP:S07:T10,DEAP:S07,T10,1,7.09,1,1,2,4,unexposed,baseline_relative_context,train,0.01,0.5287352225260223,0.47126477747397766
DEAP:S07:T12,DEAP:S07,T12,1,6.99,1,1,2,4,unexposed,baseline_relative_context,train,0.01,0.2840822276434185,0.7159177723565815
DEAP:S07:T14,DEAP:S07,T14,1,7.09,1,1,2,4,unexposed,baseline_relative_context,train,0.01,0.2539628513953345,0.7460371486046655
DEAP:S07:T17,DEAP:S07,T17,1,7.12,1,1,2,4,unexposed,baseline_relative_context,train,0.01,0.4500616785934113,0.5499383214065887
DEAP:S07:T20,DEAP:S07,T20,1,8.06,1,1,2,4,unexposed,baseline_relative_context,train,0.01,0.32787485159935836,0.6721251484006416
DEAP:S07:T21,DEAP:S07,T21,0,3.12,1,1,2,4,unexposed,baseline_relative_context,train,0.01,0.6090423393635067,0.39095766063649334
DEAP:S07:T23,DEAP:S07,T23,0,3.01,1,1,2,4,unexposed,baseline_relative_context,train,0.01,0.749753354209221,0.250246645790779
DEAP:S07:T25,DEAP:S07,T25,0,2.99,1,1,2,4,unexposed,baseline_relative_context,train,0.01,0.6120130001514558,0.38798699984854423
DEAP:S07:T26,DEAP:S07,T26,0,2.0,1,1,2,4,unexposed,baseline_relative_context,train,0.01,0.5469066371690883,0.4530933628309117
DEAP:S07:T33,DEAP:S07,T33,0,4.97,1,1,2,4,unexposed,baseline_relative_context,train,0.01,0.600464270068509,0.39953572993149106
DEAP:S07:T35,DEAP:S07,T35,1,5.01,1,1,2,4,unexposed,baseline_relative_context,train,0.01,0.689242005763403,0.31075799423659695
DEAP:S07:T37,DEAP:S07,T37,1,5.05,1,1,2,4,unexposed,baseline_relative_context,train,0.01,0.6513864147131263,0.3486135852868737
DEAP:S08:T01,DEAP:S08,T01,1,7.6,1,1,2,4,unexposed,baseline_relative_context,train,0.01,0.27040103942259386,0.7295989605774061
DEAP:S08:T02,DEAP:S08,T02,1,5.04,1,1,2,4,unexposed,baseline_relative_context,train,0.01,0.22237557516065953,0.7776244248393405
DEAP:S08:T08,DEAP:S08,T08,1,8.82,1,1,2,4,unexposed,baseline_relative_context,train,0.01,0.2285259850237671,0.7714740149762329
DEAP:S08:T10,DEAP:S08,T10,0,4.97,1,1,2,4,unexposed,baseline_relative_context,train,0.01,0.46298892953994053,0.5370110704600595
DEAP:S08:T12,DEAP:S08,T12,1,8.47,1,1,2,4,unexposed,baseline_relative_context,train,0.01,0.2898930624440448,0.7101069375559552
DEAP:S08:T14,DEAP:S08,T14,1,6.88,1,1,2,4,unexposed,baseline_relative_context,train,0.01,0.2670878179030547,0.7329121820969453
DEAP:S08:T17,DEAP:S08,T17,1,6.67,1,1,2,4,unexposed,baseline_relative_context,train,0.01,0.4438216938637428,0.5561783061362572
DEAP:S08:T20,DEAP:S08,T20,1,6.74,1,1,2,4,unexposed,baseline_relative_context,train,0.01,0.30633189830333807,0.6936681016966619
DEAP:S08:T21,DEAP:S08,T21,0,4.68,1,1,2,4,unexposed,baseline_relative_context,train,0.01,0.6348597253852367,0.3651402746147633
DEAP:S08:T23,DEAP:S08,T23,0,3.59,1,1,2,4,unexposed,baseline_relative_context,train,0.01,0.8314715904399769,0.16852840956002313
DEAP:S08:T25,DEAP:S08,T25,0,3.72,1,1,2,4,unexposed,baseline_relative_context,train,0.01,0.6047203970234523,0.3952796029765478
DEAP:S08:T26,DEAP:S08,T26,0,4.99,1,1,2,4,unexposed,baseline_relative_context,train,0.01,0.6838352883021641,0.31616471169783594
DEAP:S08:T33,DEAP:S08,T33,0,4.44,1,1,2,4,unexposed,baseline_relative_context,train,0.01,0.7344609707063836,0.26553902929361645
DEAP:S08:T35,DEAP:S08,T35,0,3.62,1,1,2,4,unexposed,baseline_relative_context,train,0.01,0.6618515301025335,0.3381484698974665
DEAP:S08:T37,DEAP:S08,T37,1,5.06,1,1,2,4,unexposed,baseline_relative_context,train,0.01,0.7209100856232464,0.2790899143767536
DEAP:S08:T38,DEAP:S08,T38,0,4.72,1,1,2,4,unexposed,baseline_relative_context,train,0.01,0.7753937720803008,0.22460622791969925
DEAP:S09:T01,DEAP:S09,T01,1,5.05,1,1,2,4,unexposed,baseline_relative_context,train,0.01,0.3103275185863873,0.6896724814136127
DEAP:S09:T02,DEAP:S09,T02,1,7.08,1,1,2,4,unexposed,baseline_relative_context,train,0.01,0.3280539097996692,0.6719460902003308
DEAP:S09:T08,DEAP:S09,T08,1,6.15,1,1,2,4,unexposed,baseline_relative_context,train,0.01,0.17982490855000377,0.8201750914499962
DEAP:S09:T10,DEAP:S09,T10,0,3.94,1,1,2,4,unexposed,baseline_relative_context,train,0.01,0.5625057589075835,0.4374942410924165
DEAP:S09:T12,DEAP:S09,T12,1,7.08,1,1,2,4,unexposed,baseline_relative_context,train,0.01,0.3214235019593845,0.6785764980406155
DEAP:S09:T14,DEAP:S09,T14,1,7.0,1,1,2,4,unexposed,baseline_relative_context,train,0.01,0.19176705912118108,0.8082329408788189
DEAP:S09:T17,DEAP:S09,T17,1,6.03,1,1,2,4,unexposed,baseline_relative_context,train,0.01,0.4352866151584208,0.5647133848415792
DEAP:S09:T20,DEAP:S09,T20,1,5.12,1,1,2,4,unexposed,baseline_relative_context,train,0.01,0.311026448899256,0.688973551100744
DEAP:S09:T21,DEAP:S09,T21,0,4.04,1,1,2,4,unexposed,baseline_relative_context,train,0.01,0.6503251336477298,0.34967486635227013
DEAP:S09:T25,DEAP:S09,T25,1,5.04,1,1,2,4,unexposed,baseline_relative_context,train,0.01,0.5844191084560864,0.41558089154391364
DEAP:S09:T26,DEAP:S09,T26,0,4.1,1,1,2,4,unexposed,baseline_relative_context,train,0.01,0.45498591768417096,0.545014082315829
DEAP:S09:T33,DEAP:S09,T33,0,3.08,1,1,2,4,unexposed,baseline_relative_context,train,0.01,0.6404916655458066,0.3595083344541934
DEAP:S09:T35,DEAP:S09,T35,0,3.01,1,1,2,4,unexposed,baseline_relative_context,train,0.01,0.6536955528702625,0.3463044471297375
DEAP:S09:T37,DEAP:S09,T37,0,2.99,1,1,2,4,unexposed,baseline_relative_context,train,0.01,0.7201848003314519,0.279815199668548
DEAP:S09:T38,DEAP:S09,T38,0,2.92,1,1,2,4,unexposed,baseline_relative_context,train,0.01,0.8280706412252516,0.1719293587747483
DEAP:S10:T01,DEAP:S10,T01,1,7.91,1,1,2,4,unexposed,baseline_relative_context,train,0.01,0.24432038054310856,0.7556796194568914
DEAP:S10:T08,DEAP:S10,T08,1,5.68,1,1,2,4,unexposed,baseline_relative_context,train,0.01,0.24849649948343788,0.7515035005165621
DEAP:S10:T10,DEAP:S10,T10,1,5.94,1,1,2,4,unexposed,baseline_relative_context,train,0.01,0.5769424384466937,0.42305756155330626
DEAP:S10:T12,DEAP:S10,T12,1,5.37,1,1,2,4,unexposed,baseline_relative_context,train,0.01,0.3893360760355855,0.6106639239644145
DEAP:S10:T14,DEAP:S10,T14,1,8.81,1,1,2,4,unexposed,baseline_relative_context,train,0.01,0.34098374075498217,0.6590162592450178
DEAP:S10:T17,DEAP:S10,T17,0,4.95,1,1,2,4,unexposed,baseline_relative_context,train,0.01,0.48436012720568955,0.5156398727943104
DEAP:S10:T20,DEAP:S10,T20,1,5.58,1,1,2,4,unexposed,baseline_relative_context,train,0.01,0.40291882062652606,0.5970811793734739
DEAP:S10:T21,DEAP:S10,T21,0,2.97,1,1,2,4,unexposed,baseline_relative_context,train,0.01,0.7499613725907082,0.25003862740929184
DEAP:S10:T25,DEAP:S10,T25,0,1.92,1,1,2,4,unexposed,baseline_relative_context,train,0.01,0.7195305639881151,0.28046943601188484
DEAP:S10:T33,DEAP:S10,T33,0,4.94,1,1,2,4,unexposed,baseline_relative_context,train,0.01,0.7373807973349772,0.2626192026650228
DEAP:S10:T35,DEAP:S10,T35,0,1.38,1,1,2,4,unexposed,baseline_relative_context,train,0.01,0.7540740500051297,0.24592594999487025
DEAP:S10:T37,DEAP:S10,T37,0,2.92,1,1,2,4,unexposed,baseline_relative_context,train,0.01,0.7452791592398025,0.2547208407601976
DEAP:S10:T38,DEAP:S10,T38,0,1.91,1,1,2,4,unexposed,baseline_relative_context,train,0.01,0.796919762186433,0.20308023781356702
DEAP:S13:T01,DEAP:S13,T01,1,6.15,1,1,2,4,unexposed,baseline_relative_context,train,0.01,0.28682416008944644,0.7131758399105536
DEAP:S13:T02,DEAP:S13,T02,0,4.03,1,1,2,4,unexposed,baseline_relative_context,train,0.01,0.31513921819422464,0.6848607818057754
DEAP:S13:T08,DEAP:S13,T08,1,7.99,1,1,2,4,unexposed,baseline_relative_context,train,0.01,0.18290278411360683,0.8170972158863932
DEAP:S13:T10,DEAP:S13,T10,0,4.01,1,1,2,4,unexposed,baseline_relative_context,train,0.01,0.5807560316972307,0.41924396830276933
DEAP:S13:T12,DEAP:S13,T12,1,5.08,1,1,2,4,unexposed,baseline_relative_context,train,0.01,0.3787043123902355,0.6212956876097645
DEAP:S13:T14,DEAP:S13,T14,1,7.97,1,1,2,4,unexposed,baseline_relative_context,train,0.01,0.25568176947985666,0.7443182305201433
DEAP:S13:T17,DEAP:S13,T17,1,5.99,1,1,2,4,unexposed,baseline_relative_context,train,0.01,0.4490770423564392,0.5509229576435608
DEAP:S13:T20,DEAP:S13,T20,1,7.6,1,1,2,4,unexposed,baseline_relative_context,train,0.01,0.3455890043332298,0.6544109956667702
DEAP:S13:T21,DEAP:S13,T21,0,2.0,1,1,2,4,unexposed,baseline_relative_context,train,0.01,0.6897494483592816,0.31025055164071835
DEAP:S13:T25,DEAP:S13,T25,0,3.97,1,1,2,4,unexposed,baseline_relative_context,train,0.01,0.6158367461273102,0.3841632538726898
DEAP:S13:T26,DEAP:S13,T26,1,5.04,1,1,2,4,unexposed,baseline_relative_context,train,0.01,0.45371330922092223,0.5462866907790778
DEAP:S13:T33,DEAP:S13,T33,0,4.55,1,1,2,4,unexposed,baseline_relative_context,train,0.01,0.6064473882579551,0.39355261174204487
DEAP:S13:T35,DEAP:S13,T35,0,1.0,1,1,2,4,unexposed,baseline_relative_context,train,0.01,0.7129946632452886,0.2870053367547114
DEAP:S13:T37,DEAP:S13,T37,0,1.0,1,1,2,4,unexposed,baseline_relative_context,train,0.01,0.732326027748475,0.267673972251525
DEAP:S13:T38,DEAP:S13,T38,0,1.0,1,1,2,4,unexposed,baseline_relative_context,train,0.01,0.7431228723891146,0.25687712761088544
DEAP:S15:T01,DEAP:S15,T01,1,8.9,1,1,2,4,unexposed,baseline_relative_context,train,0.01,0.24531319448801348,0.7546868055119865
DEAP:S15:T02,DEAP:S15,T02,1,5.04,1,1,2,4,unexposed,baseline_relative_context,train,0.01,0.277324311753399,0.722675688246601
DEAP:S15:T08,DEAP:S15,T08,1,9.0,1,1,2,4,unexposed,baseline_relative_context,train,0.01,0.18502894107589685,0.8149710589241032
DEAP:S15:T10,DEAP:S15,T10,0,4.99,1,1,2,4,unexposed,baseline_relative_context,train,0.01,0.5526544813050023,0.44734551869499767
DEAP:S15:T12,DEAP:S15,T12,1,7.08,1,1,2,4,unexposed,baseline_relative_context,train,0.01,0.2596660709343218,0.7403339290656782
DEAP:S15:T14,DEAP:S15,T14,1,8.15,1,1,2,4,unexposed,baseline_relative_context,train,0.01,0.22758057725924286,0.7724194227407571
DEAP:S15:T17,DEAP:S15,T17,1,8.1,1,1,2,4,unexposed,baseline_relative_context,train,0.01,0.3880425197272095,0.6119574802727905
DEAP:S15:T20,DEAP:S15,T20,1,7.97,1,1,2,4,unexposed,baseline_relative_context,train,0.01,0.338618591577452,0.661381408422548
DEAP:S15:T21,DEAP:S15,T21,0,3.09,1,1,2,4,unexposed,baseline_relative_context,train,0.01,0.5853399350688224,0.4146600649311776
DEAP:S15:T23,DEAP:S15,T23,0,3.05,1,1,2,4,unexposed,baseline_relative_context,train,0.01,0.7490939082994745,0.25090609170052547
DEAP:S15:T25,DEAP:S15,T25,0,2.96,1,1,2,4,unexposed,baseline_relative_context,train,0.01,0.5811179419758399,0.4188820580241601
DEAP:S15:T26,DEAP:S15,T26,0,4.96,1,1,2,4,unexposed,baseline_relative_context,train,0.01,0.5214226378621669,0.4785773621378331
DEAP:S15:T35,DEAP:S15,T35,1,5.05,1,1,2,4,unexposed,baseline_relative_context,train,0.01,0.7119323126756509,0.28806768732434906
DEAP:S15:T37,DEAP:S15,T37,0,3.04,1,1,2,4,unexposed,baseline_relative_context,train,0.01,0.7874720269251433,0.21252797307485669
DEAP:S15:T38,DEAP:S15,T38,0,2.08,1,1,2,4,unexposed,baseline_relative_context,train,0.01,0.799847490637035,0.20015250936296505
DEAP:S16:T01,DEAP:S16,T01,0,2.51,1,1,2,4,unexposed,baseline_relative_context,train,0.01,0.275501755147333,0.724498244852667
DEAP:S16:T02,DEAP:S16,T02,1,6.45,1,1,2,4,unexposed,baseline_relative_context,train,0.01,0.33295866911846217,0.6670413308815378
DEAP:S16:T10,DEAP:S16,T10,1,5.14,1,1,2,4,unexposed,baseline_relative_context,train,0.01,0.5471182557969996,0.4528817442030005
DEAP:S16:T12,DEAP:S16,T12,1,5.97,1,1,2,4,unexposed,baseline_relative_context,train,0.01,0.32832230582645894,0.6716776941735411
DEAP:S16:T14,DEAP:S16,T14,0,3.64,1,1,2,4,unexposed,baseline_relative_context,train,0.01,0.19090043702066528,0.8090995629793347
DEAP:S16:T17,DEAP:S16,T17,0,1.21,1,1,2,4,unexposed,baseline_relative_context,train,0.01,0.449125965237273,0.550874034762727
DEAP:S16:T20,DEAP:S16,T20,0,3.82,1,1,2,4,unexposed,baseline_relative_context,train,0.01,0.37721913422070963,0.6227808657792904
DEAP:S16:T21,DEAP:S16,T21,0,4.42,1,1,2,4,unexposed,baseline_relative_context,train,0.01,0.6748371228407888,0.32516287715921116
DEAP:S16:T23,DEAP:S16,T23,0,3.9,1,1,2,4,unexposed,baseline_relative_context,train,0.01,0.7655074694655692,0.23449253053443078
DEAP:S16:T25,DEAP:S16,T25,0,2.47,1,1,2,4,unexposed,baseline_relative_context,train,0.01,0.611477212636675,0.3885227873633251
DEAP:S16:T26,DEAP:S16,T26,0,1.82,1,1,2,4,unexposed,baseline_relative_context,train,0.01,0.549431975130918,0.450568024869082
DEAP:S16:T33,DEAP:S16,T33,0,1.0,1,1,2,4,unexposed,baseline_relative_context,train,0.01,0.7171503698654698,0.2828496301345302
DEAP:S16:T35,DEAP:S16,T35,0,1.0,1,1,2,4,unexposed,baseline_relative_context,train,0.01,0.6965820011386479,0.30341799886135207
DEAP:S16:T37,DEAP:S16,T37,1,6.09,1,1,2,4,unexposed,baseline_relative_context,train,0.01,0.719844545952961,0.280155454047039
DEAP:S17:T01,DEAP:S17,T01,0,4.05,1,1,2,4,unexposed,baseline_relative_context,train,0.01,0.257881625802745,0.742118374197255
DEAP:S17:T02,DEAP:S17,T02,1,7.26,1,1,2,4,unexposed,baseline_relative_context,train,0.01,0.34079524917234383,0.6592047508276562
DEAP:S17:T08,DEAP:S17,T08,1,6.05,1,1,2,4,unexposed,baseline_relative_context,train,0.01,0.2530955619803016,0.7469044380196984
DEAP:S17:T10,DEAP:S17,T10,1,6.09,1,1,2,4,unexposed,baseline_relative_context,train,0.01,0.5315577784347425,0.46844222156525744
DEAP:S17:T12,DEAP:S17,T12,1,5.96,1,1,2,4,unexposed,baseline_relative_context,train,0.01,0.30594588952909174,0.6940541104709083
DEAP:S17:T14,DEAP:S17,T14,1,6.58,1,1,2,4,unexposed,baseline_relative_context,train,0.01,0.2765936022140608,0.7234063977859392
DEAP:S17:T17,DEAP:S17,T17,0,4.12,1,1,2,4,unexposed,baseline_relative_context,train,0.01,0.39422995207763833,0.6057700479223617
DEAP:S17:T20,DEAP:S17,T20,1,7.03,1,1,2,4,unexposed,baseline_relative_context,train,0.01,0.3266603539258791,0.6733396460741209
DEAP:S17:T21,DEAP:S17,T21,0,4.0,1,1,2,4,unexposed,baseline_relative_context,train,0.01,0.638577261546234,0.3614227384537661
DEAP:S17:T23,DEAP:S17,T23,0,3.62,1,1,2,4,unexposed,baseline_relative_context,train,0.01,0.7753215003145494,0.22467849968545062
DEAP:S17:T25,DEAP:S17,T25,1,6.18,1,1,2,4,unexposed,baseline_relative_context,train,0.01,0.5478817514655956,0.4521182485344044
DEAP:S17:T26,DEAP:S17,T26,0,3.73,1,1,2,4,unexposed,baseline_relative_context,train,0.01,0.5583906191795336,0.44160938082046647
DEAP:S17:T33,DEAP:S17,T33,0,3.83,1,1,2,4,unexposed,baseline_relative_context,train,0.01,0.6553535014067249,0.34464649859327506
DEAP:S17:T35,DEAP:S17,T35,0,4.17,1,1,2,4,unexposed,baseline_relative_context,train,0.01,0.7538584992082735,0.24614150079172653
DEAP:S17:T37,DEAP:S17,T37,0,3.46,1,1,2,4,unexposed,baseline_relative_context,train,0.01,0.73132012252955,0.2686798774704499
DEAP:S17:T38,DEAP:S17,T38,0,3.6,1,1,2,4,unexposed,baseline_relative_context,train,0.01,0.7558836054771051,0.2441163945228949
DEAP:S19:T01,DEAP:S19,T01,1,7.44,1,1,2,4,unexposed,baseline_relative_context,train,0.01,0.23425630826528998,0.76574369173471
DEAP:S19:T02,DEAP:S19,T02,1,6.46,1,1,2,4,unexposed,baseline_relative_context,train,0.01,0.2770378206395785,0.7229621793604215
DEAP:S19:T08,DEAP:S19,T08,1,7.44,1,1,2,4,unexposed,baseline_relative_context,train,0.01,0.16201720017108368,0.8379827998289163
DEAP:S19:T10,DEAP:S19,T10,1,5.01,1,1,2,4,unexposed,baseline_relative_context,train,0.01,0.4572688042360351,0.5427311957639649
DEAP:S19:T12,DEAP:S19,T12,1,6.26,1,1,2,4,unexposed,baseline_relative_context,train,0.01,0.2245011842960285,0.7754988157039715
DEAP:S19:T14,DEAP:S19,T14,1,6.76,1,1,2,4,unexposed,baseline_relative_context,train,0.01,0.2418383166536867,0.7581616833463133
DEAP:S19:T17,DEAP:S19,T17,1,7.38,1,1,2,4,unexposed,baseline_relative_context,train,0.01,0.3948215918413315,0.6051784081586685
DEAP:S19:T20,DEAP:S19,T20,1,6.13,1,1,2,4,unexposed,baseline_relative_context,train,0.01,0.3107262943995035,0.6892737056004965
DEAP:S19:T21,DEAP:S19,T21,0,2.19,1,1,2,4,unexposed,baseline_relative_context,train,0.01,0.7400688764057,0.2599311235943
DEAP:S19:T23,DEAP:S19,T23,0,3.77,1,1,2,4,unexposed,baseline_relative_context,train,0.01,0.7819261133031283,0.21807388669687172
DEAP:S19:T25,DEAP:S19,T25,0,2.19,1,1,2,4,unexposed,baseline_relative_context,train,0.01,0.5636371696804903,0.43636283031950973
DEAP:S19:T33,DEAP:S19,T33,0,3.4,1,1,2,4,unexposed,baseline_relative_context,train,0.01,0.6364915600893035,0.3635084399106964
DEAP:S19:T35,DEAP:S19,T35,0,3.21,1,1,2,4,unexposed,baseline_relative_context,train,0.01,0.7052111942238386,0.29478880577616146
DEAP:S19:T37,DEAP:S19,T37,0,3.15,1,1,2,4,unexposed,baseline_relative_context,train,0.01,0.5974154789240835,0.4025845210759164
DEAP:S19:T38,DEAP:S19,T38,0,1.62,1,1,2,4,unexposed,baseline_relative_context,train,0.01,0.7339861074413729,0.26601389255862706
DEAP:S20:T01,DEAP:S20,T01,1,5.76,1,1,2,4,unexposed,baseline_relative_context,train,0.01,0.2859878133268775,0.7140121866731225
DEAP:S20:T02,DEAP:S20,T02,1,6.77,1,1,2,4,unexposed,baseline_relative_context,train,0.01,0.32296762199124707,0.6770323780087529
DEAP:S20:T08,DEAP:S20,T08,1,7.63,1,1,2,4,unexposed,baseline_relative_context,train,0.01,0.16120406380760965,0.8387959361923903
DEAP:S20:T10,DEAP:S20,T10,1,5.13,1,1,2,4,unexposed,baseline_relative_context,train,0.01,0.43175507825091686,0.5682449217490831
DEAP:S20:T12,DEAP:S20,T12,1,7.64,1,1,2,4,unexposed,baseline_relative_context,train,0.01,0.311355853188096,0.688644146811904
DEAP:S20:T14,DEAP:S20,T14,1,6.4,1,1,2,4,unexposed,baseline_relative_context,train,0.01,0.21736777593329493,0.7826322240667051
DEAP:S20:T17,DEAP:S20,T17,1,5.04,1,1,2,4,unexposed,baseline_relative_context,train,0.01,0.3496991087340724,0.6503008912659276
DEAP:S20:T20,DEAP:S20,T20,1,6.65,1,1,2,4,unexposed,baseline_relative_context,train,0.01,0.3301175099917586,0.6698824900082414
DEAP:S20:T21,DEAP:S20,T21,0,4.97,1,1,2,4,unexposed,baseline_relative_context,train,0.01,0.6758819048086193,0.32411809519138063
DEAP:S20:T23,DEAP:S20,T23,0,2.82,1,1,2,4,unexposed,baseline_relative_context,train,0.01,0.7562896436433059,0.24371035635669416
DEAP:S20:T25,DEAP:S20,T25,0,2.99,1,1,2,4,unexposed,baseline_relative_context,train,0.01,0.5814903696702273,0.41850963032977273
DEAP:S20:T26,DEAP:S20,T26,0,4.31,1,1,2,4,unexposed,baseline_relative_context,train,0.01,0.4382820383428372,0.5617179616571628
DEAP:S20:T33,DEAP:S20,T33,0,4.64,1,1,2,4,unexposed,baseline_relative_context,train,0.01,0.6239436837482003,0.3760563162517997
DEAP:S20:T35,DEAP:S20,T35,0,4.35,1,1,2,4,unexposed,baseline_relative_context,train,0.01,0.6640872172989165,0.3359127827010835
DEAP:S20:T37,DEAP:S20,T37,0,3.01,1,1,2,4,unexposed,baseline_relative_context,train,0.01,0.7271596559091815,0.27284034409081853
DEAP:S20:T38,DEAP:S20,T38,0,3.38,1,1,2,4,unexposed,baseline_relative_context,train,0.01,0.7286374013021366,0.2713625986978634
DEAP:S21:T01,DEAP:S21,T01,1,6.42,1,1,2,4,unexposed,baseline_relative_context,train,0.01,0.2775222260171072,0.7224777739828928
DEAP:S21:T02,DEAP:S21,T02,1,7.05,1,1,2,4,unexposed,baseline_relative_context,train,0.01,0.27846466829154903,0.721535331708451
DEAP:S21:T08,DEAP:S21,T08,1,8.81,1,1,2,4,unexposed,baseline_relative_context,train,0.01,0.17590874425329628,0.8240912557467037
DEAP:S21:T10,DEAP:S21,T10,1,7.05,1,1,2,4,unexposed,baseline_relative_context,train,0.01,0.4868539313677901,0.5131460686322099
DEAP:S21:T12,DEAP:S21,T12,0,4.63,1,1,2,4,unexposed,baseline_relative_context,train,0.01,0.28931711513518066,0.7106828848648193
DEAP:S21:T14,DEAP:S21,T14,1,8.1,1,1,2,4,unexposed,baseline_relative_context,train,0.01,0.21490300359891978,0.7850969964010802
DEAP:S21:T17,DEAP:S21,T17,1,5.53,1,1,2,4,unexposed,baseline_relative_context,train,0.01,0.4113644335975959,0.5886355664024041
DEAP:S21:T20,DEAP:S21,T20,0,2.33,1,1,2,4,unexposed,baseline_relative_context,train,0.01,0.3647501486092408,0.6352498513907592
DEAP:S21:T23,DEAP:S21,T23,0,4.69,1,1,2,4,unexposed,baseline_relative_context,train,0.01,0.7431220347068426,0.2568779652931575
DEAP:S21:T25,DEAP:S21,T25,0,3.97,1,1,2,4,unexposed,baseline_relative_context,train,0.01,0.6082395166476626,0.3917604833523373
DEAP:S21:T26,DEAP:S21,T26,0,4.06,1,1,2,4,unexposed,baseline_relative_context,train,0.01,0.5211443094913277,0.4788556905086722
DEAP:S21:T33,DEAP:S21,T33,1,7.03,1,1,2,4,unexposed,baseline_relative_context,train,0.01,0.647720086499279,0.35227991350072096
DEAP:S21:T35,DEAP:S21,T35,0,4.92,1,1,2,4,unexposed,baseline_relative_context,train,0.01,0.6466024376856386,0.35339756231436137
DEAP:S21:T37,DEAP:S21,T37,0,3.04,1,1,2,4,unexposed,baseline_relative_context,train,0.01,0.6866217595978168,0.31337824040218326
DEAP:S21:T38,DEAP:S21,T38,0,3.03,1,1,2,4,unexposed,baseline_relative_context,train,0.01,0.8001188450452476,0.19988115495475242
DEAP:S22:T01,DEAP:S22,T01,1,5.05,1,1,2,4,unexposed,baseline_relative_context,train,0.01,0.32988827541099164,0.6701117245890084
DEAP:S22:T02,DEAP:S22,T02,1,7.08,1,1,2,4,unexposed,baseline_relative_context,train,0.01,0.3898667164187406,0.6101332835812594
DEAP:S22:T08,DEAP:S22,T08,1,7.09,1,1,2,4,unexposed,baseline_relative_context,train,0.01,0.19372366277806896,0.806276337221931
DEAP:S22:T10,DEAP:S22,T10,0,4.0,1,1,2,4,unexposed,baseline_relative_context,train,0.01,0.5711546032796531,0.428845396720347
DEAP:S22:T12,DEAP:S22,T12,0,4.99,1,1,2,4,unexposed,baseline_relative_context,train,0.01,0.33934080075457396,0.660659199245426
DEAP:S22:T14,DEAP:S22,T14,1,8.05,1,1,2,4,unexposed,baseline_relative_context,train,0.01,0.23837913277570655,0.7616208672242935
DEAP:S22:T17,DEAP:S22,T17,1,5.04,1,1,2,4,unexposed,baseline_relative_context,train,0.01,0.43001700695346756,0.5699829930465324
DEAP:S22:T20,DEAP:S22,T20,1,7.08,1,1,2,4,unexposed,baseline_relative_context,train,0.01,0.34344540630624254,0.6565545936937575
DEAP:S22:T21,DEAP:S22,T21,0,2.97,1,1,2,4,unexposed,baseline_relative_context,train,0.01,0.6448249615920759,0.3551750384079241
DEAP:S22:T23,DEAP:S22,T23,0,2.99,1,1,2,4,unexposed,baseline_relative_context,train,0.01,0.7921920223372966,0.2078079776627034
DEAP:S22:T25,DEAP:S22,T25,0,2.95,1,1,2,4,unexposed,baseline_relative_context,train,0.01,0.5511405388521031,0.4488594611478968
DEAP:S22:T35,DEAP:S22,T35,0,1.99,1,1,2,4,unexposed,baseline_relative_context,train,0.01,0.7551459892976713,0.24485401070232876
DEAP:S22:T37,DEAP:S22,T37,0,1.0,1,1,2,4,unexposed,baseline_relative_context,train,0.01,0.764684509276012,0.23531549072398805
DEAP:S22:T38,DEAP:S22,T38,0,1.0,1,1,2,4,unexposed,baseline_relative_context,train,0.01,0.7524031257920663,0.24759687420793378
DEAP:S23:T01,DEAP:S23,T01,1,7.71,1,1,2,4,unexposed,baseline_relative_context,train,0.01,0.3026751525878939,0.6973248474121061
DEAP:S23:T02,DEAP:S23,T02,1,9.0,1,1,2,4,unexposed,baseline_relative_context,train,0.01,0.3294297410523096,0.6705702589476904
DEAP:S23:T08,DEAP:S23,T08,1,7.23,1,1,2,4,unexposed,baseline_relative_context,train,0.01,0.19603326059656068,0.8039667394034393
DEAP:S23:T10,DEAP:S23,T10,1,5.01,1,1,2,4,unexposed,baseline_relative_context,train,0.01,0.5132933396584247,0.4867066603415753
DEAP:S23:T12,DEAP:S23,T12,1,7.0,1,1,2,4,unexposed,baseline_relative_context,train,0.01,0.3245184926422334,0.6754815073577666
DEAP:S23:T14,DEAP:S23,T14,1,8.01,1,1,2,4,unexposed,baseline_relative_context,train,0.01,0.23404177178717822,0.7659582282128218
DEAP:S23:T17,DEAP:S23,T17,0,2.86,1,1,2,4,unexposed,baseline_relative_context,train,0.01,0.43543389963640977,0.5645661003635902
DEAP:S23:T20,DEAP:S23,T20,0,3.96,1,1,2,4,unexposed,baseline_relative_context,train,0.01,0.31982402275916844,0.6801759772408316
DEAP:S23:T23,DEAP:S23,T23,0,4.17,1,1,2,4,unexposed,baseline_relative_context,train,0.01,0.7896381932896914,0.21036180671030863
DEAP:S23:T25,DEAP:S23,T25,0,4.97,1,1,2,4,unexposed,baseline_relative_context,train,0.01,0.6224595793629828,0.37754042063701726
DEAP:S23:T26,DEAP:S23,T26,1,8.27,1,1,2,4,unexposed,baseline_relative_context,train,0.01,0.5048767949079077,0.4951232050920923
DEAP:S23:T33,DEAP:S23,T33,1,5.04,1,1,2,4,unexposed,baseline_relative_context,train,0.01,0.616366291170418,0.3836337088295821
DEAP:S23:T35,DEAP:S23,T35,1,5.18,1,1,2,4,unexposed,baseline_relative_context,train,0.01,0.7254765978966347,0.2745234021033654
DEAP:S24:T01,DEAP:S24,T01,1,7.06,1,1,2,4,unexposed,baseline_relative_context,train,0.01,0.31185683486168925,0.6881431651383108
DEAP:S24:T02,DEAP:S24,T02,1,6.04,1,1,2,4,unexposed,baseline_relative_context,train,0.01,0.4085892682221145,0.5914107317778855
DEAP:S24:T08,DEAP:S24,T08,1,7.03,1,1,2,4,unexposed,baseline_relative_context,train,0.01,0.20865017380567608,0.7913498261943239
DEAP:S24:T10,DEAP:S24,T10,1,5.01,1,1,2,4,unexposed,baseline_relative_context,train,0.01,0.541285954461181,0.458714045538819
DEAP:S24:T12,DEAP:S24,T12,1,7.04,1,1,2,4,unexposed,baseline_relative_context,train,0.01,0.30528681177440664,0.6947131882255934
DEAP:S24:T14,DEAP:S24,T14,1,8.05,1,1,2,4,unexposed,baseline_relative_context,train,0.01,0.2864065225536022,0.7135934774463978
DEAP:S24:T17,DEAP:S24,T17,0,4.08,1,1,2,4,unexposed,baseline_relative_context,train,0.01,0.43482372195007135,0.5651762780499286
DEAP:S24:T20,DEAP:S24,T20,0,4.03,1,1,2,4,unexposed,baseline_relative_context,train,0.01,0.3698613124129113,0.6301386875870887
DEAP:S24:T21,DEAP:S24,T21,0,1.96,1,1,2,4,unexposed,baseline_relative_context,train,0.01,0.6345482265191396,0.36545177348086044
DEAP:S24:T25,DEAP:S24,T25,0,3.12,1,1,2,4,unexposed,baseline_relative_context,train,0.01,0.6386948644027862,0.3613051355972138
DEAP:S24:T26,DEAP:S24,T26,0,4.05,1,1,2,4,unexposed,baseline_relative_context,train,0.01,0.5432948677754015,0.4567051322245986
DEAP:S24:T33,DEAP:S24,T33,1,5.01,1,1,2,4,unexposed,baseline_relative_context,train,0.01,0.6827899937223793,0.31721000627762075
DEAP:S24:T35,DEAP:S24,T35,0,4.05,1,1,2,4,unexposed,baseline_relative_context,train,0.01,0.7634278159432514,0.23657218405674862
DEAP:S24:T37,DEAP:S24,T37,0,4.0,1,1,2,4,unexposed,baseline_relative_context,train,0.01,0.7063776178383083,0.29362238216169173
DEAP:S24:T38,DEAP:S24,T38,0,2.03,1,1,2,4,unexposed,baseline_relative_context,train,0.01,0.7806057228971335,0.21939427710286658
DEAP:S26:T01,DEAP:S26,T01,1,7.97,1,1,2,4,unexposed,baseline_relative_context,train,0.01,0.28776593637351844,0.7122340636264816
DEAP:S26:T02,DEAP:S26,T02,1,6.96,1,1,2,4,unexposed,baseline_relative_context,train,0.01,0.2886405415415325,0.7113594584584675
DEAP:S26:T08,DEAP:S26,T08,1,8.01,1,1,2,4,unexposed,baseline_relative_context,train,0.01,0.21962758087145717,0.7803724191285428
DEAP:S26:T10,DEAP:S26,T10,0,3.08,1,1,2,4,unexposed,baseline_relative_context,train,0.01,0.501064356357497,0.49893564364250304
DEAP:S26:T12,DEAP:S26,T12,1,7.04,1,1,2,4,unexposed,baseline_relative_context,train,0.01,0.3715059562117655,0.6284940437882345
DEAP:S26:T14,DEAP:S26,T14,1,9.0,1,1,2,4,unexposed,baseline_relative_context,train,0.01,0.256461335843047,0.743538664156953
DEAP:S26:T17,DEAP:S26,T17,1,5.04,1,1,2,4,unexposed,baseline_relative_context,train,0.01,0.4347520067520647,0.5652479932479353
DEAP:S26:T20,DEAP:S26,T20,1,8.08,1,1,2,4,unexposed,baseline_relative_context,train,0.01,0.324359210698712,0.675640789301288
DEAP:S26:T21,DEAP:S26,T21,1,6.06,1,1,2,4,unexposed,baseline_relative_context,train,0.01,0.5896247387256,0.41037526127440005
DEAP:S26:T23,DEAP:S26,T23,0,2.28,1,1,2,4,unexposed,baseline_relative_context,train,0.01,0.7594314808631766,0.24056851913682337
DEAP:S26:T25,DEAP:S26,T25,1,7.14,1,1,2,4,unexposed,baseline_relative_context,train,0.01,0.5408400677786578,0.4591599322213422
DEAP:S26:T26,DEAP:S26,T26,1,5.05,1,1,2,4,unexposed,baseline_relative_context,train,0.01,0.4782479577308877,0.5217520422691123
DEAP:S26:T33,DEAP:S26,T33,0,1.0,1,1,2,4,unexposed,baseline_relative_context,train,0.01,0.552659515803066,0.44734048419693395
DEAP:S26:T37,DEAP:S26,T37,0,1.0,1,1,2,4,unexposed,baseline_relative_context,train,0.01,0.7528617118975655,0.24713828810243457
DEAP:S30:T01,DEAP:S30,T01,1,5.04,1,1,2,4,unexposed,baseline_relative_context,train,0.01,0.19898632912067704,0.801013670879323
DEAP:S30:T02,DEAP:S30,T02,1,7.15,1,1,2,4,unexposed,baseline_relative_context,train,0.01,0.270767180583516,0.729232819416484
DEAP:S30:T08,DEAP:S30,T08,1,6.05,1,1,2,4,unexposed,baseline_relative_context,train,0.01,0.1533478570246779,0.8466521429753221
DEAP:S30:T10,DEAP:S30,T10,1,5.08,1,1,2,4,unexposed,baseline_relative_context,train,0.01,0.43777737192239663,0.5622226280776034
DEAP:S30:T14,DEAP:S30,T14,1,5.04,1,1,2,4,unexposed,baseline_relative_context,train,0.01,0.21048928617223062,0.7895107138277694
DEAP:S30:T17,DEAP:S30,T17,1,7.13,1,1,2,4,unexposed,baseline_relative_context,train,0.01,0.3551397753477823,0.6448602246522177
DEAP:S30:T20,DEAP:S30,T20,1,7.26,1,1,2,4,unexposed,baseline_relative_context,train,0.01,0.2535222445657319,0.7464777554342681
DEAP:S30:T21,DEAP:S30,T21,0,3.05,1,1,2,4,unexposed,baseline_relative_context,train,0.01,0.5964348499319214,0.4035651500680786
DEAP:S30:T23,DEAP:S30,T23,0,3.0,1,1,2,4,unexposed,baseline_relative_context,train,0.01,0.7187720458415452,0.2812279541584548
DEAP:S30:T25,DEAP:S30,T25,0,3.92,1,1,2,4,unexposed,baseline_relative_context,train,0.01,0.47526963518437926,0.5247303648156207
DEAP:S30:T26,DEAP:S30,T26,1,5.01,1,1,2,4,unexposed,baseline_relative_context,train,0.01,0.4539412308802444,0.5460587691197556
DEAP:S30:T33,DEAP:S30,T33,0,3.91,1,1,2,4,unexposed,baseline_relative_context,train,0.01,0.5448135289653285,0.45518647103467147
DEAP:S30:T37,DEAP:S30,T37,0,4.13,1,1,2,4,unexposed,baseline_relative_context,train,0.01,0.5800493426145036,0.4199506573854964
DEAP:S30:T38,DEAP:S30,T38,1,5.04,1,1,2,4,unexposed,baseline_relative_context,train,0.01,0.7648731326837727,0.2351268673162273
DEAP:S31:T01,DEAP:S31,T01,1,6.79,1,1,2,4,unexposed,baseline_relative_context,train,0.01,0.31465416539335567,0.6853458346066443
DEAP:S31:T02,DEAP:S31,T02,1,5.03,1,1,2,4,unexposed,baseline_relative_context,train,0.01,0.39140081123453474,0.6085991887654653
DEAP:S31:T08,DEAP:S31,T08,1,6.03,1,1,2,4,unexposed,baseline_relative_context,train,0.01,0.1762349813440811,0.8237650186559189
DEAP:S31:T10,DEAP:S31,T10,0,4.01,1,1,2,4,unexposed,baseline_relative_context,train,0.01,0.5490852433710023,0.4509147566289977
DEAP:S31:T12,DEAP:S31,T12,1,7.14,1,1,2,4,unexposed,baseline_relative_context,train,0.01,0.3316992571550298,0.6683007428449702
DEAP:S31:T14,DEAP:S31,T14,1,8.06,1,1,2,4,unexposed,baseline_relative_context,train,0.01,0.28276095341121643,0.7172390465887836
DEAP:S31:T20,DEAP:S31,T20,1,6.9,1,1,2,4,unexposed,baseline_relative_context,train,0.01,0.3055506182894895,0.6944493817105105
DEAP:S31:T21,DEAP:S31,T21,1,5.09,1,1,2,4,unexposed,baseline_relative_context,train,0.01,0.6750781703615123,0.3249218296384877
DEAP:S31:T23,DEAP:S31,T23,0,1.0,1,1,2,4,unexposed,baseline_relative_context,train,0.01,0.7505564430859628,0.24944355691403713
DEAP:S31:T25,DEAP:S31,T25,1,6.14,1,1,2,4,unexposed,baseline_relative_context,train,0.01,0.5378237552476736,0.46217624475232644
DEAP:S31:T26,DEAP:S31,T26,1,7.08,1,1,2,4,unexposed,baseline_relative_context,train,0.01,0.4362866428055331,0.5637133571944669
DEAP:S31:T33,DEAP:S31,T33,0,4.18,1,1,2,4,unexposed,baseline_relative_context,train,0.01,0.602035366549905,0.397964633450095
DEAP:S31:T38,DEAP:S31,T38,0,1.0,1,1,2,4,unexposed,baseline_relative_context,train,0.01,0.8239618267893999,0.17603817321060009
DEAP:S32:T01,DEAP:S32,T01,1,8.13,1,1,2,4,unexposed,baseline_relative_context,train,0.01,0.29777139206979375,0.7022286079302063
DEAP:S32:T02,DEAP:S32,T02,0,4.99,1,1,2,4,unexposed,baseline_relative_context,train,0.01,0.32042197129344874,0.6795780287065513
DEAP:S32:T08,DEAP:S32,T08,1,7.96,1,1,2,4,unexposed,baseline_relative_context,train,0.01,0.1998399495317451,0.8001600504682549
DEAP:S32:T12,DEAP:S32,T12,1,7.31,1,1,2,4,unexposed,baseline_relative_context,train,0.01,0.4350576580149258,0.5649423419850742
DEAP:S32:T14,DEAP:S32,T14,1,7.1,1,1,2,4,unexposed,baseline_relative_context,train,0.01,0.2547533783977859,0.7452466216022141
DEAP:S32:T17,DEAP:S32,T17,1,6.09,1,1,2,4,unexposed,baseline_relative_context,train,0.01,0.4366535389564187,0.5633464610435813
DEAP:S32:T20,DEAP:S32,T20,1,6.03,1,1,2,4,unexposed,baseline_relative_context,train,0.01,0.41470140461168525,0.5852985953883147
DEAP:S32:T21,DEAP:S32,T21,0,4.12,1,1,2,4,unexposed,baseline_relative_context,train,0.01,0.6945296685830686,0.3054703314169314
DEAP:S32:T23,DEAP:S32,T23,0,3.01,1,1,2,4,unexposed,baseline_relative_context,train,0.01,0.7799160754475515,0.22008392455244855
DEAP:S32:T25,DEAP:S32,T25,0,4.01,1,1,2,4,unexposed,baseline_relative_context,train,0.01,0.6465494592798047,0.3534505407201954
DEAP:S32:T26,DEAP:S32,T26,1,5.14,1,1,2,4,unexposed,baseline_relative_context,train,0.01,0.5507030371800735,0.4492969628199265
DEAP:S32:T33,DEAP:S32,T33,0,4.06,1,1,2,4,unexposed,baseline_relative_context,train,0.01,0.6627901656481013,0.33720983435189866
DEAP:S32:T35,DEAP:S32,T35,0,3.88,1,1,2,4,unexposed,baseline_relative_context,train,0.01,0.7293252395286564,0.27067476047134365
DEAP:S32:T37,DEAP:S32,T37,0,2.81,1,1,2,4,unexposed,baseline_relative_context,train,0.01,0.73761096704809,0.26238903295190996
DEAP:S32:T38,DEAP:S32,T38,0,3.05,1,1,2,4,unexposed,baseline_relative_context,train,0.01,0.8018626891445266,0.1981373108554734
DEAP:S18:T05,DEAP:S18,T05,1,6.13,1,1,2,4,unexposed,baseline_relative_context,validation_unseen,0.01,0.5075503341688299,0.49244966583117006
DEAP:S18:T15,DEAP:S18,T15,1,6.04,1,1,2,4,unexposed,baseline_relative_context,validation_unseen,0.01,0.5160762388139349,0.48392376118606506
DEAP:S18:T19,DEAP:S18,T19,1,7.04,1,1,2,4,unexposed,baseline_relative_context,validation_unseen,0.01,0.5061344676767641,0.49386553232323593
DEAP:S18:T27,DEAP:S18,T27,1,5.94,1,1,2,4,unexposed,baseline_relative_context,validation_unseen,0.01,0.4835317401186503,0.5164682598813497
DEAP:S18:T28,DEAP:S18,T28,1,5.95,1,1,2,4,unexposed,baseline_relative_context,validation_unseen,0.01,0.5306430108100737,0.46935698918992635
DEAP:S18:T29,DEAP:S18,T29,0,4.9,1,1,2,4,unexposed,baseline_relative_context,validation_unseen,0.01,0.45894568210117226,0.5410543178988277
DEAP:S18:T30,DEAP:S18,T30,0,2.96,1,1,2,4,unexposed,baseline_relative_context,validation_unseen,0.01,0.5690796383152421,0.4309203616847579
DEAP:S18:T32,DEAP:S18,T32,0,4.62,1,1,2,4,unexposed,baseline_relative_context,validation_unseen,0.01,0.4838357501742844,0.5161642498257156
DEAP:S25:T05,DEAP:S25,T05,1,5.04,1,1,2,4,unexposed,baseline_relative_context,validation_unseen,0.01,0.42963908618466395,0.570360913815336
DEAP:S25:T15,DEAP:S25,T15,1,7.01,1,1,2,4,unexposed,baseline_relative_context,validation_unseen,0.01,0.5165158205809803,0.48348417941901967
DEAP:S25:T19,DEAP:S25,T19,1,7.06,1,1,2,4,unexposed,baseline_relative_context,validation_unseen,0.01,0.5153939165558972,0.48460608344410283
DEAP:S25:T27,DEAP:S25,T27,1,5.03,1,1,2,4,unexposed,baseline_relative_context,validation_unseen,0.01,0.37063629685070787,0.6293637031492921
DEAP:S25:T28,DEAP:S25,T28,1,5.01,1,1,2,4,unexposed,baseline_relative_context,validation_unseen,0.01,0.5153844087530867,0.48461559124691334
DEAP:S25:T29,DEAP:S25,T29,0,1.0,1,1,2,4,unexposed,baseline_relative_context,validation_unseen,0.01,0.49212956064326707,0.5078704393567329
DEAP:S25:T30,DEAP:S25,T30,0,4.03,1,1,2,4,unexposed,baseline_relative_context,validation_unseen,0.01,0.35705318573063716,0.6429468142693628
DEAP:S25:T32,DEAP:S25,T32,0,1.0,1,1,2,4,unexposed,baseline_relative_context,validation_unseen,0.01,0.437342085781654,0.562657914218346
DEAP:S27:T05,DEAP:S27,T05,0,4.97,1,1,2,4,unexposed,baseline_relative_context,validation_unseen,0.01,0.49736412976001976,0.5026358702399802
DEAP:S27:T15,DEAP:S27,T15,1,5.04,1,1,2,4,unexposed,baseline_relative_context,validation_unseen,0.01,0.44321670408167335,0.5567832959183266
DEAP:S27:T19,DEAP:S27,T19,1,5.06,1,1,2,4,unexposed,baseline_relative_context,validation_unseen,0.01,0.37927437702646394,0.6207256229735361
DEAP:S27:T27,DEAP:S27,T27,0,4.97,1,1,2,4,unexposed,baseline_relative_context,validation_unseen,0.01,0.488454507405371,0.511545492594629
DEAP:S27:T28,DEAP:S27,T28,1,5.04,1,1,2,4,unexposed,baseline_relative_context,validation_unseen,0.01,0.45503862310843124,0.5449613768915688
DEAP:S27:T29,DEAP:S27,T29,1,7.18,1,1,2,4,unexposed,baseline_relative_context,validation_unseen,0.01,0.46817518114696033,0.5318248188530397
DEAP:S27:T30,DEAP:S27,T30,1,7.08,1,1,2,4,unexposed,baseline_relative_context,validation_unseen,0.01,0.5593014083876116,0.44069859161238845
DEAP:S27:T32,DEAP:S27,T32,1,5.04,1,1,2,4,unexposed,baseline_relative_context,validation_unseen,0.01,0.42667968824303526,0.5733203117569647
DEAP:S29:T05,DEAP:S29,T05,1,6.05,1,1,2,4,unexposed,baseline_relative_context,validation_unseen,0.01,0.4229967208615948,0.5770032791384052
DEAP:S29:T15,DEAP:S29,T15,0,4.01,1,1,2,4,unexposed,baseline_relative_context,validation_unseen,0.01,0.42485314706197164,0.5751468529380284
DEAP:S29:T19,DEAP:S29,T19,1,7.05,1,1,2,4,unexposed,baseline_relative_context,validation_unseen,0.01,0.47320839980900387,0.5267916001909961
DEAP:S29:T27,DEAP:S29,T27,1,7.09,1,1,2,4,unexposed,baseline_relative_context,validation_unseen,0.01,0.4470914009541702,0.5529085990458298
DEAP:S29:T28,DEAP:S29,T28,0,1.04,1,1,2,4,unexposed,baseline_relative_context,validation_unseen,0.01,0.44419927199621334,0.5558007280037867
DEAP:S29:T29,DEAP:S29,T29,0,3.97,1,1,2,4,unexposed,baseline_relative_context,validation_unseen,0.01,0.5172766664852351,0.4827233335147649
DEAP:S29:T30,DEAP:S29,T30,0,2.95,1,1,2,4,unexposed,baseline_relative_context,validation_unseen,0.01,0.5261682047017617,0.47383179529823827
DEAP:S29:T32,DEAP:S29,T32,0,4.04,1,1,2,4,unexposed,baseline_relative_context,validation_unseen,0.01,0.4669367962453519,0.5330632037546481
DEAP:S18:T01,DEAP:S18,T01,1,6.33,1,1,2,4,unexposed,baseline_relative_context,validation_familiar,0.01,0.3009669391040527,0.6990330608959473
DEAP:S18:T02,DEAP:S18,T02,1,6.87,1,1,2,4,unexposed,baseline_relative_context,validation_familiar,0.01,0.3597442795164437,0.6402557204835563
DEAP:S18:T10,DEAP:S18,T10,1,6.09,1,1,2,4,unexposed,baseline_relative_context,validation_familiar,0.01,0.5643042565532159,0.4356957434467841
DEAP:S18:T12,DEAP:S18,T12,1,5.55,1,1,2,4,unexposed,baseline_relative_context,validation_familiar,0.01,0.2976230776723473,0.7023769223276527
DEAP:S18:T14,DEAP:S18,T14,1,6.62,1,1,2,4,unexposed,baseline_relative_context,validation_familiar,0.01,0.2509705745101287,0.7490294254898713
DEAP:S18:T17,DEAP:S18,T17,1,7.74,1,1,2,4,unexposed,baseline_relative_context,validation_familiar,0.01,0.4342043658581898,0.5657956341418102
DEAP:S18:T20,DEAP:S18,T20,1,6.24,1,1,2,4,unexposed,baseline_relative_context,validation_familiar,0.01,0.29905683069639477,0.7009431693036052
DEAP:S18:T21,DEAP:S18,T21,0,3.92,1,1,2,4,unexposed,baseline_relative_context,validation_familiar,0.01,0.6480063899505468,0.35199361004945323
DEAP:S18:T23,DEAP:S18,T23,0,3.71,1,1,2,4,unexposed,baseline_relative_context,validation_familiar,0.01,0.8132490522158253,0.1867509477841747
DEAP:S18:T25,DEAP:S18,T25,0,4.23,1,1,2,4,unexposed,baseline_relative_context,validation_familiar,0.01,0.5853344462155837,0.4146655537844163
DEAP:S18:T26,DEAP:S18,T26,1,5.44,1,1,2,4,unexposed,baseline_relative_context,validation_familiar,0.01,0.45807697224735444,0.5419230277526456
DEAP:S18:T33,DEAP:S18,T33,0,4.56,1,1,2,4,unexposed,baseline_relative_context,validation_familiar,0.01,0.6728233286886978,0.3271766713113023
DEAP:S18:T35,DEAP:S18,T35,1,5.12,1,1,2,4,unexposed,baseline_relative_context,validation_familiar,0.01,0.7050756148210465,0.2949243851789535
DEAP:S18:T37,DEAP:S18,T37,0,4.0,1,1,2,4,unexposed,baseline_relative_context,validation_familiar,0.01,0.7256549673866075,0.27434503261339244
DEAP:S18:T38,DEAP:S18,T38,0,4.51,1,1,2,4,unexposed,baseline_relative_context,validation_familiar,0.01,0.7854573433373043,0.21454265666269567
DEAP:S25:T01,DEAP:S25,T01,1,8.06,1,1,2,4,unexposed,baseline_relative_context,validation_familiar,0.01,0.31627565205348307,0.6837243479465169
DEAP:S25:T02,DEAP:S25,T02,0,2.99,1,1,2,4,unexposed,baseline_relative_context,validation_familiar,0.01,0.3222001238781238,0.6777998761218762
DEAP:S25:T08,DEAP:S25,T08,1,8.04,1,1,2,4,unexposed,baseline_relative_context,validation_familiar,0.01,0.21666955827743084,0.7833304417225692
DEAP:S25:T10,DEAP:S25,T10,0,1.0,1,1,2,4,unexposed,baseline_relative_context,validation_familiar,0.01,0.5786280638124559,0.4213719361875441
DEAP:S25:T12,DEAP:S25,T12,1,8.04,1,1,2,4,unexposed,baseline_relative_context,validation_familiar,0.01,0.31893714655577654,0.6810628534442235
DEAP:S25:T14,DEAP:S25,T14,1,8.09,1,1,2,4,unexposed,baseline_relative_context,validation_familiar,0.01,0.19669856573909372,0.8033014342609063
DEAP:S25:T17,DEAP:S25,T17,1,5.04,1,1,2,4,unexposed,baseline_relative_context,validation_familiar,0.01,0.4363361403084379,0.5636638596915621
DEAP:S25:T20,DEAP:S25,T20,1,7.08,1,1,2,4,unexposed,baseline_relative_context,validation_familiar,0.01,0.3154861389327518,0.6845138610672482
DEAP:S25:T21,DEAP:S25,T21,1,6.03,1,1,2,4,unexposed,baseline_relative_context,validation_familiar,0.01,0.7097282619056845,0.2902717380943155
DEAP:S25:T23,DEAP:S25,T23,0,2.01,1,1,2,4,unexposed,baseline_relative_context,validation_familiar,0.01,0.7959563754983344,0.2040436245016656
DEAP:S25:T25,DEAP:S25,T25,0,4.96,1,1,2,4,unexposed,baseline_relative_context,validation_familiar,0.01,0.581373997315368,0.41862600268463207
DEAP:S25:T26,DEAP:S25,T26,0,4.99,1,1,2,4,unexposed,baseline_relative_context,validation_familiar,0.01,0.4641846388043075,0.5358153611956925
DEAP:S25:T33,DEAP:S25,T33,0,1.94,1,1,2,4,unexposed,baseline_relative_context,validation_familiar,0.01,0.6701862569309185,0.32981374306908146
DEAP:S25:T35,DEAP:S25,T35,0,3.03,1,1,2,4,unexposed,baseline_relative_context,validation_familiar,0.01,0.716243200137832,0.2837567998621679
DEAP:S25:T37,DEAP:S25,T37,0,1.0,1,1,2,4,unexposed,baseline_relative_context,validation_familiar,0.01,0.6118129756757675,0.3881870243242324
DEAP:S25:T38,DEAP:S25,T38,0,1.0,1,1,2,4,unexposed,baseline_relative_context,validation_familiar,0.01,0.7413571290658878,0.25864287093411215
DEAP:S27:T01,DEAP:S27,T01,1,6.03,1,1,2,4,unexposed,baseline_relative_context,validation_familiar,0.01,0.270178551284999,0.729821448715001
DEAP:S27:T02,DEAP:S27,T02,1,7.0,1,1,2,4,unexposed,baseline_relative_context,validation_familiar,0.01,0.2727526949664857,0.7272473050335143
DEAP:S27:T08,DEAP:S27,T08,1,8.24,1,1,2,4,unexposed,baseline_relative_context,validation_familiar,0.01,0.23681805953977242,0.7631819404602276
DEAP:S27:T10,DEAP:S27,T10,1,6.01,1,1,2,4,unexposed,baseline_relative_context,validation_familiar,0.01,0.4231349564161221,0.5768650435838779
DEAP:S27:T12,DEAP:S27,T12,0,4.18,1,1,2,4,unexposed,baseline_relative_context,validation_familiar,0.01,0.39303094355396817,0.6069690564460318
DEAP:S27:T14,DEAP:S27,T14,1,8.06,1,1,2,4,unexposed,baseline_relative_context,validation_familiar,0.01,0.2078348017314834,0.7921651982685166
DEAP:S27:T17,DEAP:S27,T17,1,9.0,1,1,2,4,unexposed,baseline_relative_context,validation_familiar,0.01,0.3698218966917348,0.6301781033082652
DEAP:S27:T20,DEAP:S27,T20,1,6.97,1,1,2,4,unexposed,baseline_relative_context,validation_familiar,0.01,0.3521534337267175,0.6478465662732825
DEAP:S27:T21,DEAP:S27,T21,1,9.0,1,1,2,4,unexposed,baseline_relative_context,validation_familiar,0.01,0.6060321017813848,0.39396789821861516
DEAP:S27:T23,DEAP:S27,T23,1,8.0,1,1,2,4,unexposed,baseline_relative_context,validation_familiar,0.01,0.807242929338989,0.19275707066101097
DEAP:S27:T25,DEAP:S27,T25,0,4.0,1,1,2,4,unexposed,baseline_relative_context,validation_familiar,0.01,0.509623855638301,0.4903761443616989
DEAP:S27:T26,DEAP:S27,T26,1,5.04,1,1,2,4,unexposed,baseline_relative_context,validation_familiar,0.01,0.4443897440465707,0.5556102559534293
DEAP:S27:T33,DEAP:S27,T33,1,5.04,1,1,2,4,unexposed,baseline_relative_context,validation_familiar,0.01,0.5982466451692054,0.40175335483079455
DEAP:S27:T35,DEAP:S27,T35,0,1.0,1,1,2,4,unexposed,baseline_relative_context,validation_familiar,0.01,0.6800542333812585,0.3199457666187416
DEAP:S27:T37,DEAP:S27,T37,0,2.99,1,1,2,4,unexposed,baseline_relative_context,validation_familiar,0.01,0.715415912173136,0.28458408782686395
DEAP:S27:T38,DEAP:S27,T38,0,1.0,1,1,2,4,unexposed,baseline_relative_context,validation_familiar,0.01,0.6053858904294294,0.3946141095705707
DEAP:S29:T01,DEAP:S29,T01,1,6.06,1,1,2,4,unexposed,baseline_relative_context,validation_familiar,0.01,0.2001559869738152,0.7998440130261848
DEAP:S29:T02,DEAP:S29,T02,1,7.05,1,1,2,4,unexposed,baseline_relative_context,validation_familiar,0.01,0.3125160565099494,0.6874839434900506
DEAP:S29:T08,DEAP:S29,T08,1,7.04,1,1,2,4,unexposed,baseline_relative_context,validation_familiar,0.01,0.16632854118471685,0.8336714588152832
DEAP:S29:T10,DEAP:S29,T10,1,7.01,1,1,2,4,unexposed,baseline_relative_context,validation_familiar,0.01,0.4780961009496122,0.5219038990503878
DEAP:S29:T12,DEAP:S29,T12,1,6.04,1,1,2,4,unexposed,baseline_relative_context,validation_familiar,0.01,0.2849539730721342,0.7150460269278658
DEAP:S29:T14,DEAP:S29,T14,1,8.06,1,1,2,4,unexposed,baseline_relative_context,validation_familiar,0.01,0.2033516783732341,0.7966483216267659
DEAP:S29:T17,DEAP:S29,T17,1,5.08,1,1,2,4,unexposed,baseline_relative_context,validation_familiar,0.01,0.35899222861606517,0.6410077713839348
DEAP:S29:T20,DEAP:S29,T20,1,8.03,1,1,2,4,unexposed,baseline_relative_context,validation_familiar,0.01,0.2242265351910303,0.7757734648089697
DEAP:S29:T21,DEAP:S29,T21,0,2.92,1,1,2,4,unexposed,baseline_relative_context,validation_familiar,0.01,0.7535673058018937,0.2464326941981063
DEAP:S29:T23,DEAP:S29,T23,0,2.05,1,1,2,4,unexposed,baseline_relative_context,validation_familiar,0.01,0.7886020094548924,0.21139799054510755
DEAP:S29:T25,DEAP:S29,T25,0,3.03,1,1,2,4,unexposed,baseline_relative_context,validation_familiar,0.01,0.4382372938990011,0.5617627061009989
DEAP:S29:T26,DEAP:S29,T26,0,3.0,1,1,2,4,unexposed,baseline_relative_context,validation_familiar,0.01,0.4581730234061757,0.5418269765938243
DEAP:S29:T33,DEAP:S29,T33,0,1.99,1,1,2,4,unexposed,baseline_relative_context,validation_familiar,0.01,0.5554503989527378,0.44454960104726216
DEAP:S29:T35,DEAP:S29,T35,0,1.92,1,1,2,4,unexposed,baseline_relative_context,validation_familiar,0.01,0.691440653234302,0.308559346765698
DEAP:S29:T37,DEAP:S29,T37,1,5.01,1,1,2,4,unexposed,baseline_relative_context,validation_familiar,0.01,0.6845401125932515,0.31545988740674846
DEAP:S29:T38,DEAP:S29,T38,0,1.88,1,1,2,4,unexposed,baseline_relative_context,validation_familiar,0.01,0.7519108435156634,0.24808915648433666
DEAP:S01:T01,DEAP:S01,T01,1,7.71,1,1,2,4,unexposed,baseline_relative_context,train,0.1,0.05695644961591062,0.9430435503840894
DEAP:S01:T02,DEAP:S01,T02,1,8.1,1,1,2,4,unexposed,baseline_relative_context,train,0.1,0.20048934243263838,0.7995106575673616
DEAP:S01:T08,DEAP:S01,T08,1,7.32,1,1,2,4,unexposed,baseline_relative_context,train,0.1,0.06110902894563597,0.938890971054364
DEAP:S01:T10,DEAP:S01,T10,0,1.99,1,1,2,4,unexposed,baseline_relative_context,train,0.1,0.5746039395767812,0.4253960604232188
DEAP:S01:T12,DEAP:S01,T12,0,2.71,1,1,2,4,unexposed,baseline_relative_context,train,0.1,0.1961167851117801,0.8038832148882199
DEAP:S01:T17,DEAP:S01,T17,0,2.46,1,1,2,4,unexposed,baseline_relative_context,train,0.1,0.20070897028452295,0.799291029715477
DEAP:S01:T20,DEAP:S01,T20,1,8.26,1,1,2,4,unexposed,baseline_relative_context,train,0.1,0.10643337146522247,0.8935666285347775
DEAP:S01:T21,DEAP:S01,T21,1,9.0,1,1,2,4,unexposed,baseline_relative_context,train,0.1,0.6208734471050757,0.37912655289492425
DEAP:S01:T23,DEAP:S01,T23,1,8.15,1,1,2,4,unexposed,baseline_relative_context,train,0.1,0.8966861824371141,0.10331381756288589
DEAP:S01:T25,DEAP:S01,T25,1,8.86,1,1,2,4,unexposed,baseline_relative_context,train,0.1,0.3738571491364514,0.6261428508635486
DEAP:S01:T26,DEAP:S01,T26,1,7.28,1,1,2,4,unexposed,baseline_relative_context,train,0.1,0.4447307760418524,0.5552692239581476
DEAP:S01:T33,DEAP:S01,T33,0,3.81,1,1,2,4,unexposed,baseline_relative_context,train,0.1,0.8223395558050315,0.17766044419496851
DEAP:S01:T35,DEAP:S01,T35,0,2.06,1,1,2,4,unexposed,baseline_relative_context,train,0.1,0.8749726907251273,0.12502730927487274
DEAP:S01:T37,DEAP:S01,T37,0,2.31,1,1,2,4,unexposed,baseline_relative_context,train,0.1,0.5850102394189958,0.4149897605810042
DEAP:S01:T38,DEAP:S01,T38,0,3.33,1,1,2,4,unexposed,baseline_relative_context,train,0.1,0.9546334286017331,0.04536657139826692
DEAP:S02:T01,DEAP:S02,T01,1,9.0,1,1,2,4,unexposed,baseline_relative_context,train,0.1,0.1513712698897377,0.8486287301102623
DEAP:S02:T02,DEAP:S02,T02,1,8.01,1,1,2,4,unexposed,baseline_relative_context,train,0.1,0.06388243924326986,0.9361175607567301
DEAP:S02:T08,DEAP:S02,T08,1,9.0,1,1,2,4,unexposed,baseline_relative_context,train,0.1,0.055553637068741835,0.9444463629312582
DEAP:S02:T10,DEAP:S02,T10,0,4.99,1,1,2,4,unexposed,baseline_relative_context,train,0.1,0.47610198850567853,0.5238980114943215
DEAP:S02:T12,DEAP:S02,T12,1,8.01,1,1,2,4,unexposed,baseline_relative_context,train,0.1,0.12988157925362398,0.870118420746376
DEAP:S02:T14,DEAP:S02,T14,1,8.94,1,1,2,4,unexposed,baseline_relative_context,train,0.1,0.08121924213738652,0.9187807578626135
DEAP:S02:T17,DEAP:S02,T17,1,9.0,1,1,2,4,unexposed,baseline_relative_context,train,0.1,0.24165942474992852,0.7583405752500715
DEAP:S02:T20,DEAP:S02,T20,1,8.97,1,1,2,4,unexposed,baseline_relative_context,train,0.1,0.2342363311882274,0.7657636688117726
DEAP:S02:T23,DEAP:S02,T23,0,1.0,1,1,2,4,unexposed,baseline_relative_context,train,0.1,0.8701027811245571,0.12989721887544295
DEAP:S02:T25,DEAP:S02,T25,1,9.0,1,1,2,4,unexposed,baseline_relative_context,train,0.1,0.5369475614972059,0.4630524385027941
DEAP:S02:T26,DEAP:S02,T26,1,9.0,1,1,2,4,unexposed,baseline_relative_context,train,0.1,0.6369482372387848,0.3630517627612152
DEAP:S02:T35,DEAP:S02,T35,0,1.99,1,1,2,4,unexposed,baseline_relative_context,train,0.1,0.7484709026469929,0.25152909735300705
DEAP:S03:T01,DEAP:S03,T01,1,5.33,1,1,2,4,unexposed,baseline_relative_context,train,0.1,0.06176672888113699,0.938233271118863
DEAP:S03:T02,DEAP:S03,T02,1,7.21,1,1,2,4,unexposed,baseline_relative_context,train,0.1,0.297049492583761,0.702950507416239
DEAP:S03:T08,DEAP:S03,T08,1,7.14,1,1,2,4,unexposed,baseline_relative_context,train,0.1,0.12135270008405874,0.8786472999159413
DEAP:S03:T10,DEAP:S03,T10,0,4.45,1,1,2,4,unexposed,baseline_relative_context,train,0.1,0.4821240460005952,0.5178759539994048
DEAP:S03:T12,DEAP:S03,T12,1,6.36,1,1,2,4,unexposed,baseline_relative_context,train,0.1,0.4015663875520227,0.5984336124479773
DEAP:S03:T14,DEAP:S03,T14,1,7.29,1,1,2,4,unexposed,baseline_relative_context,train,0.1,0.08363085729008668,0.9163691427099133
DEAP:S03:T17,DEAP:S03,T17,0,4.56,1,1,2,4,unexposed,baseline_relative_context,train,0.1,0.7560732371689699,0.24392676283103007
DEAP:S03:T20,DEAP:S03,T20,1,6.26,1,1,2,4,unexposed,baseline_relative_context,train,0.1,0.2768419908697505,0.7231580091302495
DEAP:S03:T23,DEAP:S03,T23,0,3.65,1,1,2,4,unexposed,baseline_relative_context,train,0.1,0.95027543343874,0.04972456656126002
DEAP:S03:T25,DEAP:S03,T25,0,3.45,1,1,2,4,unexposed,baseline_relative_context,train,0.1,0.8777267568191166,0.12227324318088335
DEAP:S03:T26,DEAP:S03,T26,0,4.67,1,1,2,4,unexposed,baseline_relative_context,train,0.1,0.6675571804884649,0.3324428195115351
DEAP:S03:T35,DEAP:S03,T35,0,3.18,1,1,2,4,unexposed,baseline_relative_context,train,0.1,0.9018349299939358,0.09816507000606427
DEAP:S03:T37,DEAP:S03,T37,0,4.92,1,1,2,4,unexposed,baseline_relative_context,train,0.1,0.925379048232482,0.07462095176751801
DEAP:S03:T38,DEAP:S03,T38,0,4.53,1,1,2,4,unexposed,baseline_relative_context,train,0.1,0.917419896721946,0.08258010327805394
DEAP:S04:T01,DEAP:S04,T01,1,6.68,1,1,2,4,unexposed,baseline_relative_context,train,0.1,0.155827095700936,0.844172904299064
DEAP:S04:T02,DEAP:S04,T02,0,4.06,1,1,2,4,unexposed,baseline_relative_context,train,0.1,0.3399801988504675,0.6600198011495325
DEAP:S04:T08,DEAP:S04,T08,1,5.97,1,1,2,4,unexposed,baseline_relative_context,train,0.1,0.07628128740981555,0.9237187125901845
DEAP:S04:T10,DEAP:S04,T10,0,3.15,1,1,2,4,unexposed,baseline_relative_context,train,0.1,0.6582458979779278,0.34175410202207224
DEAP:S04:T12,DEAP:S04,T12,1,5.04,1,1,2,4,unexposed,baseline_relative_context,train,0.1,0.26257658688255725,0.7374234131174427
DEAP:S04:T14,DEAP:S04,T14,1,6.96,1,1,2,4,unexposed,baseline_relative_context,train,0.1,0.10971107946713476,0.8902889205328652
DEAP:S04:T17,DEAP:S04,T17,1,7.01,1,1,2,4,unexposed,baseline_relative_context,train,0.1,0.4072815034530223,0.5927184965469777
DEAP:S04:T20,DEAP:S04,T20,1,8.17,1,1,2,4,unexposed,baseline_relative_context,train,0.1,0.14363679082250547,0.8563632091774945
DEAP:S04:T21,DEAP:S04,T21,0,1.77,1,1,2,4,unexposed,baseline_relative_context,train,0.1,0.8815802775541006,0.11841972244589943
DEAP:S04:T23,DEAP:S04,T23,0,1.86,1,1,2,4,unexposed,baseline_relative_context,train,0.1,0.9261120403004242,0.0738879596995759
DEAP:S04:T26,DEAP:S04,T26,1,6.0,1,1,2,4,unexposed,baseline_relative_context,train,0.1,0.3782476015715195,0.6217523984284805
DEAP:S04:T33,DEAP:S04,T33,0,1.0,1,1,2,4,unexposed,baseline_relative_context,train,0.1,0.6687524735777829,0.3312475264222171
DEAP:S04:T35,DEAP:S04,T35,0,2.03,1,1,2,4,unexposed,baseline_relative_context,train,0.1,0.8525442876276093,0.14745571237239077
DEAP:S04:T37,DEAP:S04,T37,0,1.0,1,1,2,4,unexposed,baseline_relative_context,train,0.1,0.9211792971586849,0.07882070284131511
DEAP:S04:T38,DEAP:S04,T38,0,1.79,1,1,2,4,unexposed,baseline_relative_context,train,0.1,0.8817337930044801,0.1182662069955199
DEAP:S05:T01,DEAP:S05,T01,1,6.97,1,1,2,4,unexposed,baseline_relative_context,train,0.1,0.10377935853484299,0.896220641465157
DEAP:S05:T02,DEAP:S05,T02,1,9.0,1,1,2,4,unexposed,baseline_relative_context,train,0.1,0.25204861050593486,0.7479513894940651
DEAP:S05:T08,DEAP:S05,T08,1,8.17,1,1,2,4,unexposed,baseline_relative_context,train,0.1,0.09847812803988876,0.9015218719601112
DEAP:S05:T10,DEAP:S05,T10,0,3.03,1,1,2,4,unexposed,baseline_relative_context,train,0.1,0.679404282756549,0.3205957172434511
DEAP:S05:T12,DEAP:S05,T12,1,7.08,1,1,2,4,unexposed,baseline_relative_context,train,0.1,0.08767779391844788,0.9123222060815521
DEAP:S05:T14,DEAP:S05,T14,1,7.21,1,1,2,4,unexposed,baseline_relative_context,train,0.1,0.0850340841781726,0.9149659158218274
DEAP:S05:T17,DEAP:S05,T17,1,6.88,1,1,2,4,unexposed,baseline_relative_context,train,0.1,0.12272086997881715,0.8772791300211829
DEAP:S05:T20,DEAP:S05,T20,1,7.0,1,1,2,4,unexposed,baseline_relative_context,train,0.1,0.21351388700681395,0.786486112993186
DEAP:S05:T23,DEAP:S05,T23,0,1.0,1,1,2,4,unexposed,baseline_relative_context,train,0.1,0.8988076067607291,0.1011923932392709
DEAP:S05:T25,DEAP:S05,T25,1,5.96,1,1,2,4,unexposed,baseline_relative_context,train,0.1,0.6408439209035119,0.3591560790964881
DEAP:S05:T26,DEAP:S05,T26,1,7.96,1,1,2,4,unexposed,baseline_relative_context,train,0.1,0.2163974434499253,0.7836025565500747
DEAP:S05:T33,DEAP:S05,T33,1,5.17,1,1,2,4,unexposed,baseline_relative_context,train,0.1,0.6325848343046138,0.36741516569538624
DEAP:S05:T35,DEAP:S05,T35,0,4.86,1,1,2,4,unexposed,baseline_relative_context,train,0.1,0.9371608772754698,0.06283912272453016
DEAP:S05:T37,DEAP:S05,T37,0,1.91,1,1,2,4,unexposed,baseline_relative_context,train,0.1,0.6842156958409205,0.31578430415907954
DEAP:S05:T38,DEAP:S05,T38,0,1.0,1,1,2,4,unexposed,baseline_relative_context,train,0.1,0.8749917066347799,0.12500829336522007
DEAP:S06:T01,DEAP:S06,T01,1,8.19,1,1,2,4,unexposed,baseline_relative_context,train,0.1,0.07659633046310366,0.9234036695368963
DEAP:S06:T02,DEAP:S06,T02,1,6.83,1,1,2,4,unexposed,baseline_relative_context,train,0.1,0.07336519776626704,0.926634802233733
DEAP:S06:T08,DEAP:S06,T08,1,7.05,1,1,2,4,unexposed,baseline_relative_context,train,0.1,0.034945464454539055,0.965054535545461
DEAP:S06:T10,DEAP:S06,T10,1,7.37,1,1,2,4,unexposed,baseline_relative_context,train,0.1,0.32788464688584285,0.6721153531141572
DEAP:S06:T12,DEAP:S06,T12,1,7.17,1,1,2,4,unexposed,baseline_relative_context,train,0.1,0.14001806645555182,0.8599819335444482
DEAP:S06:T14,DEAP:S06,T14,1,6.32,1,1,2,4,unexposed,baseline_relative_context,train,0.1,0.03080582485489758,0.9691941751451024
DEAP:S06:T17,DEAP:S06,T17,1,6.72,1,1,2,4,unexposed,baseline_relative_context,train,0.1,0.2200342235937598,0.7799657764062402
DEAP:S06:T20,DEAP:S06,T20,1,5.01,1,1,2,4,unexposed,baseline_relative_context,train,0.1,0.27967123235721925,0.7203287676427808
DEAP:S06:T21,DEAP:S06,T21,1,6.28,1,1,2,4,unexposed,baseline_relative_context,train,0.1,0.68244140095637,0.3175585990436301
DEAP:S06:T23,DEAP:S06,T23,0,3.47,1,1,2,4,unexposed,baseline_relative_context,train,0.1,0.8228760741639609,0.17712392583603906
DEAP:S06:T25,DEAP:S06,T25,1,7.09,1,1,2,4,unexposed,baseline_relative_context,train,0.1,0.7635113160826665,0.23648868391733346
DEAP:S06:T26,DEAP:S06,T26,1,5.08,1,1,2,4,unexposed,baseline_relative_context,train,0.1,0.3384855957551882,0.6615144042448118
DEAP:S06:T33,DEAP:S06,T33,1,6.68,1,1,2,4,unexposed,baseline_relative_context,train,0.1,0.48223441453350957,0.5177655854664904
DEAP:S06:T37,DEAP:S06,T37,0,4.83,1,1,2,4,unexposed,baseline_relative_context,train,0.1,0.8291907671582927,0.17080923284170732
DEAP:S06:T38,DEAP:S06,T38,0,4.44,1,1,2,4,unexposed,baseline_relative_context,train,0.1,0.885724096687949,0.11427590331205097
DEAP:S07:T01,DEAP:S07,T01,1,8.1,1,1,2,4,unexposed,baseline_relative_context,train,0.1,0.03665662297676764,0.9633433770232324
DEAP:S07:T02,DEAP:S07,T02,1,7.15,1,1,2,4,unexposed,baseline_relative_context,train,0.1,0.09950341928595896,0.900496580714041
DEAP:S07:T08,DEAP:S07,T08,1,7.0,1,1,2,4,unexposed,baseline_relative_context,train,0.1,0.033529858280363034,0.966470141719637
DEAP:S07:T10,DEAP:S07,T10,1,7.09,1,1,2,4,unexposed,baseline_relative_context,train,0.1,0.5090814770348009,0.49091852296519906
DEAP:S07:T12,DEAP:S07,T12,1,6.99,1,1,2,4,unexposed,baseline_relative_context,train,0.1,0.16919833639198545,0.8308016636080146
DEAP:S07:T14,DEAP:S07,T14,1,7.09,1,1,2,4,unexposed,baseline_relative_context,train,0.1,0.07125549426623157,0.9287445057337684
DEAP:S07:T17,DEAP:S07,T17,1,7.12,1,1,2,4,unexposed,baseline_relative_context,train,0.1,0.3667189690043299,0.6332810309956701
DEAP:S07:T20,DEAP:S07,T20,1,8.06,1,1,2,4,unexposed,baseline_relative_context,train,0.1,0.19345967358297755,0.8065403264170224
DEAP:S07:T21,DEAP:S07,T21,0,3.12,1,1,2,4,unexposed,baseline_relative_context,train,0.1,0.6430547090339044,0.3569452909660956
DEAP:S07:T23,DEAP:S07,T23,0,3.01,1,1,2,4,unexposed,baseline_relative_context,train,0.1,0.8657247933805238,0.13427520661947623
DEAP:S07:T25,DEAP:S07,T25,0,2.99,1,1,2,4,unexposed,baseline_relative_context,train,0.1,0.7617688829313592,0.23823111706864075
DEAP:S07:T26,DEAP:S07,T26,0,2.0,1,1,2,4,unexposed,baseline_relative_context,train,0.1,0.7199359972472422,0.2800640027527578
DEAP:S07:T33,DEAP:S07,T33,0,4.97,1,1,2,4,unexposed,baseline_relative_context,train,0.1,0.7953808714244124,0.20461912857558756
DEAP:S07:T35,DEAP:S07,T35,1,5.01,1,1,2,4,unexposed,baseline_relative_context,train,0.1,0.7591320894402462,0.24086791055975376
DEAP:S07:T37,DEAP:S07,T37,1,5.05,1,1,2,4,unexposed,baseline_relative_context,train,0.1,0.5434015366590212,0.4565984633409788
DEAP:S08:T01,DEAP:S08,T01,1,7.6,1,1,2,4,unexposed,baseline_relative_context,train,0.1,0.19653354413325053,0.8034664558667495
DEAP:S08:T02,DEAP:S08,T02,1,5.04,1,1,2,4,unexposed,baseline_relative_context,train,0.1,0.027065172601821397,0.9729348273981786
DEAP:S08:T08,DEAP:S08,T08,1,8.82,1,1,2,4,unexposed,baseline_relative_context,train,0.1,0.0902877520814388,0.9097122479185612
DEAP:S08:T10,DEAP:S08,T10,0,4.97,1,1,2,4,unexposed,baseline_relative_context,train,0.1,0.42406699637238743,0.5759330036276126
DEAP:S08:T12,DEAP:S08,T12,1,8.47,1,1,2,4,unexposed,baseline_relative_context,train,0.1,0.12135245399227734,0.8786475460077227
DEAP:S08:T14,DEAP:S08,T14,1,6.88,1,1,2,4,unexposed,baseline_relative_context,train,0.1,0.10413382117207992,0.8958661788279201
DEAP:S08:T17,DEAP:S08,T17,1,6.67,1,1,2,4,unexposed,baseline_relative_context,train,0.1,0.2669926461985478,0.7330073538014522
DEAP:S08:T20,DEAP:S08,T20,1,6.74,1,1,2,4,unexposed,baseline_relative_context,train,0.1,0.17660887009817217,0.8233911299018278
DEAP:S08:T21,DEAP:S08,T21,0,4.68,1,1,2,4,unexposed,baseline_relative_context,train,0.1,0.6817448605595104,0.31825513944048955
DEAP:S08:T23,DEAP:S08,T23,0,3.59,1,1,2,4,unexposed,baseline_relative_context,train,0.1,0.9713640577516027,0.02863594224839727
DEAP:S08:T25,DEAP:S08,T25,0,3.72,1,1,2,4,unexposed,baseline_relative_context,train,0.1,0.6946564040230888,0.3053435959769112
DEAP:S08:T26,DEAP:S08,T26,0,4.99,1,1,2,4,unexposed,baseline_relative_context,train,0.1,0.9085006508692957,0.09149934913070437
DEAP:S08:T33,DEAP:S08,T33,0,4.44,1,1,2,4,unexposed,baseline_relative_context,train,0.1,0.9186645164783982,0.08133548352160178
DEAP:S08:T35,DEAP:S08,T35,0,3.62,1,1,2,4,unexposed,baseline_relative_context,train,0.1,0.7623509591829781,0.23764904081702184
DEAP:S08:T37,DEAP:S08,T37,1,5.06,1,1,2,4,unexposed,baseline_relative_context,train,0.1,0.832595239162297,0.167404760837703
DEAP:S08:T38,DEAP:S08,T38,0,4.72,1,1,2,4,unexposed,baseline_relative_context,train,0.1,0.901203484993722,0.09879651500627791
DEAP:S09:T01,DEAP:S09,T01,1,5.05,1,1,2,4,unexposed,baseline_relative_context,train,0.1,0.181664192551103,0.818335807448897
DEAP:S09:T02,DEAP:S09,T02,1,7.08,1,1,2,4,unexposed,baseline_relative_context,train,0.1,0.2595148978235462,0.7404851021764538
DEAP:S09:T08,DEAP:S09,T08,1,6.15,1,1,2,4,unexposed,baseline_relative_context,train,0.1,0.05990527668270729,0.9400947233172927
DEAP:S09:T10,DEAP:S09,T10,0,3.94,1,1,2,4,unexposed,baseline_relative_context,train,0.1,0.7535813867066353,0.2464186132933647
DEAP:S09:T12,DEAP:S09,T12,1,7.08,1,1,2,4,unexposed,baseline_relative_context,train,0.1,0.1686340437116426,0.8313659562883574
DEAP:S09:T14,DEAP:S09,T14,1,7.0,1,1,2,4,unexposed,baseline_relative_context,train,0.1,0.07335208443207764,0.9266479155679224
DEAP:S09:T17,DEAP:S09,T17,1,6.03,1,1,2,4,unexposed,baseline_relative_context,train,0.1,0.4503951718680873,0.5496048281319127
DEAP:S09:T20,DEAP:S09,T20,1,5.12,1,1,2,4,unexposed,baseline_relative_context,train,0.1,0.17891676566820724,0.8210832343317928
DEAP:S09:T21,DEAP:S09,T21,0,4.04,1,1,2,4,unexposed,baseline_relative_context,train,0.1,0.7451775500884542,0.2548224499115458
DEAP:S09:T25,DEAP:S09,T25,1,5.04,1,1,2,4,unexposed,baseline_relative_context,train,0.1,0.5888310362610851,0.41116896373891487
DEAP:S09:T26,DEAP:S09,T26,0,4.1,1,1,2,4,unexposed,baseline_relative_context,train,0.1,0.4166187532595358,0.5833812467404642
DEAP:S09:T33,DEAP:S09,T33,0,3.08,1,1,2,4,unexposed,baseline_relative_context,train,0.1,0.7532798672349406,0.24672013276505939
DEAP:S09:T35,DEAP:S09,T35,0,3.01,1,1,2,4,unexposed,baseline_relative_context,train,0.1,0.7899689391499591,0.21003106085004092
DEAP:S09:T37,DEAP:S09,T37,0,2.99,1,1,2,4,unexposed,baseline_relative_context,train,0.1,0.837763194624018,0.162236805375982
DEAP:S09:T38,DEAP:S09,T38,0,2.92,1,1,2,4,unexposed,baseline_relative_context,train,0.1,0.9656236870093784,0.0343763129906216
DEAP:S10:T01,DEAP:S10,T01,1,7.91,1,1,2,4,unexposed,baseline_relative_context,train,0.1,0.052400338234545596,0.9475996617654544
DEAP:S10:T08,DEAP:S10,T08,1,5.68,1,1,2,4,unexposed,baseline_relative_context,train,0.1,0.06740642630697591,0.9325935736930241
DEAP:S10:T10,DEAP:S10,T10,1,5.94,1,1,2,4,unexposed,baseline_relative_context,train,0.1,0.5667273710798713,0.4332726289201287
DEAP:S10:T12,DEAP:S10,T12,1,5.37,1,1,2,4,unexposed,baseline_relative_context,train,0.1,0.2670038316793997,0.7329961683206003
DEAP:S10:T14,DEAP:S10,T14,1,8.81,1,1,2,4,unexposed,baseline_relative_context,train,0.1,0.25342949724557784,0.7465705027544222
DEAP:S10:T17,DEAP:S10,T17,0,4.95,1,1,2,4,unexposed,baseline_relative_context,train,0.1,0.533568749221859,0.466431250778141
DEAP:S10:T20,DEAP:S10,T20,1,5.58,1,1,2,4,unexposed,baseline_relative_context,train,0.1,0.2599521027493422,0.7400478972506578
DEAP:S10:T21,DEAP:S10,T21,0,2.97,1,1,2,4,unexposed,baseline_relative_context,train,0.1,0.9540214334920057,0.04597856650799429
DEAP:S10:T25,DEAP:S10,T25,0,1.92,1,1,2,4,unexposed,baseline_relative_context,train,0.1,0.8986827445708583,0.10131725542914166
DEAP:S10:T33,DEAP:S10,T33,0,4.94,1,1,2,4,unexposed,baseline_relative_context,train,0.1,0.8961499914417576,0.10385000855824242
DEAP:S10:T35,DEAP:S10,T35,0,1.38,1,1,2,4,unexposed,baseline_relative_context,train,0.1,0.8466203565192582,0.15337964348074182
DEAP:S10:T37,DEAP:S10,T37,0,2.92,1,1,2,4,unexposed,baseline_relative_context,train,0.1,0.8952258764592838,0.10477412354071622
DEAP:S10:T38,DEAP:S10,T38,0,1.91,1,1,2,4,unexposed,baseline_relative_context,train,0.1,0.9371119979196468,0.06288800208035313
DEAP:S13:T01,DEAP:S13,T01,1,6.15,1,1,2,4,unexposed,baseline_relative_context,train,0.1,0.20187196296796683,0.7981280370320332
DEAP:S13:T02,DEAP:S13,T02,0,4.03,1,1,2,4,unexposed,baseline_relative_context,train,0.1,0.24256676536274346,0.7574332346372565
DEAP:S13:T08,DEAP:S13,T08,1,7.99,1,1,2,4,unexposed,baseline_relative_context,train,0.1,0.045128697995130085,0.9548713020048699
DEAP:S13:T10,DEAP:S13,T10,0,4.01,1,1,2,4,unexposed,baseline_relative_context,train,0.1,0.7195168741333464,0.28048312586665364
DEAP:S13:T12,DEAP:S13,T12,1,5.08,1,1,2,4,unexposed,baseline_relative_context,train,0.1,0.32207570882227454,0.6779242911777255
DEAP:S13:T14,DEAP:S13,T14,1,7.97,1,1,2,4,unexposed,baseline_relative_context,train,0.1,0.09497856060078147,0.9050214393992185
DEAP:S13:T17,DEAP:S13,T17,1,5.99,1,1,2,4,unexposed,baseline_relative_context,train,0.1,0.40946393180447493,0.5905360681955251
DEAP:S13:T20,DEAP:S13,T20,1,7.6,1,1,2,4,unexposed,baseline_relative_context,train,0.1,0.207030017920391,0.792969982079609
DEAP:S13:T21,DEAP:S13,T21,0,2.0,1,1,2,4,unexposed,baseline_relative_context,train,0.1,0.843736087810675,0.15626391218932498
DEAP:S13:T25,DEAP:S13,T25,0,3.97,1,1,2,4,unexposed,baseline_relative_context,train,0.1,0.8349164432740646,0.16508355672593547
DEAP:S13:T26,DEAP:S13,T26,1,5.04,1,1,2,4,unexposed,baseline_relative_context,train,0.1,0.31811164956550253,0.6818883504344975
DEAP:S13:T33,DEAP:S13,T33,0,4.55,1,1,2,4,unexposed,baseline_relative_context,train,0.1,0.7234215533902688,0.27657844660973113
DEAP:S13:T35,DEAP:S13,T35,0,1.0,1,1,2,4,unexposed,baseline_relative_context,train,0.1,0.8409787785519812,0.1590212214480188
DEAP:S13:T37,DEAP:S13,T37,0,1.0,1,1,2,4,unexposed,baseline_relative_context,train,0.1,0.8985679253182436,0.10143207468175637
DEAP:S13:T38,DEAP:S13,T38,0,1.0,1,1,2,4,unexposed,baseline_relative_context,train,0.1,0.880312747540648,0.11968725245935198
DEAP:S15:T01,DEAP:S15,T01,1,8.9,1,1,2,4,unexposed,baseline_relative_context,train,0.1,0.050327670290983395,0.9496723297090166
DEAP:S15:T02,DEAP:S15,T02,1,5.04,1,1,2,4,unexposed,baseline_relative_context,train,0.1,0.15437636503486674,0.8456236349651333
DEAP:S15:T08,DEAP:S15,T08,1,9.0,1,1,2,4,unexposed,baseline_relative_context,train,0.1,0.05258110127491311,0.9474188987250869
DEAP:S15:T10,DEAP:S15,T10,0,4.99,1,1,2,4,unexposed,baseline_relative_context,train,0.1,0.6226366646050394,0.37736333539496064
DEAP:S15:T12,DEAP:S15,T12,1,7.08,1,1,2,4,unexposed,baseline_relative_context,train,0.1,0.0979608132529507,0.9020391867470493
DEAP:S15:T14,DEAP:S15,T14,1,8.15,1,1,2,4,unexposed,baseline_relative_context,train,0.1,0.10891455415833717,0.8910854458416628
DEAP:S15:T17,DEAP:S15,T17,1,8.1,1,1,2,4,unexposed,baseline_relative_context,train,0.1,0.2726948536415381,0.7273051463584619
DEAP:S15:T20,DEAP:S15,T20,1,7.97,1,1,2,4,unexposed,baseline_relative_context,train,0.1,0.22482607896190787,0.7751739210380921
DEAP:S15:T21,DEAP:S15,T21,0,3.09,1,1,2,4,unexposed,baseline_relative_context,train,0.1,0.659838943153743,0.340161056846257
DEAP:S15:T23,DEAP:S15,T23,0,3.05,1,1,2,4,unexposed,baseline_relative_context,train,0.1,0.853856113808255,0.14614388619174506
DEAP:S15:T25,DEAP:S15,T25,0,2.96,1,1,2,4,unexposed,baseline_relative_context,train,0.1,0.7072455015132223,0.2927544984867777
DEAP:S15:T26,DEAP:S15,T26,0,4.96,1,1,2,4,unexposed,baseline_relative_context,train,0.1,0.6507116751277797,0.3492883248722203
DEAP:S15:T35,DEAP:S15,T35,1,5.05,1,1,2,4,unexposed,baseline_relative_context,train,0.1,0.6588631544571378,0.34113684554286217
DEAP:S15:T37,DEAP:S15,T37,0,3.04,1,1,2,4,unexposed,baseline_relative_context,train,0.1,0.9495847800204195,0.05041521997958059
DEAP:S15:T38,DEAP:S15,T38,0,2.08,1,1,2,4,unexposed,baseline_relative_context,train,0.1,0.9519346350016891,0.04806536499831093
DEAP:S16:T01,DEAP:S16,T01,0,2.51,1,1,2,4,unexposed,baseline_relative_context,train,0.1,0.18437350920625284,0.8156264907937472
DEAP:S16:T02,DEAP:S16,T02,1,6.45,1,1,2,4,unexposed,baseline_relative_context,train,0.1,0.26824300850379235,0.7317569914962077
DEAP:S16:T10,DEAP:S16,T10,1,5.14,1,1,2,4,unexposed,baseline_relative_context,train,0.1,0.5989061838399623,0.4010938161600377
DEAP:S16:T12,DEAP:S16,T12,1,5.97,1,1,2,4,unexposed,baseline_relative_context,train,0.1,0.18239589225196362,0.8176041077480364
DEAP:S16:T14,DEAP:S16,T14,0,3.64,1,1,2,4,unexposed,baseline_relative_context,train,0.1,0.14639355361422401,0.853606446385776
DEAP:S16:T17,DEAP:S16,T17,0,1.21,1,1,2,4,unexposed,baseline_relative_context,train,0.1,0.4805333522737629,0.5194666477262371
DEAP:S16:T20,DEAP:S16,T20,0,3.82,1,1,2,4,unexposed,baseline_relative_context,train,0.1,0.38871238526093965,0.6112876147390603
DEAP:S16:T21,DEAP:S16,T21,0,4.42,1,1,2,4,unexposed,baseline_relative_context,train,0.1,0.834078523073929,0.16592147692607095
DEAP:S16:T23,DEAP:S16,T23,0,3.9,1,1,2,4,unexposed,baseline_relative_context,train,0.1,0.8760516450423754,0.12394835495762457
DEAP:S16:T25,DEAP:S16,T25,0,2.47,1,1,2,4,unexposed,baseline_relative_context,train,0.1,0.656286089437768,0.34371391056223205
DEAP:S16:T26,DEAP:S16,T26,0,1.82,1,1,2,4,unexposed,baseline_relative_context,train,0.1,0.7274090352082654,0.2725909647917346
DEAP:S16:T33,DEAP:S16,T33,0,1.0,1,1,2,4,unexposed,baseline_relative_context,train,0.1,0.8126028366518959,0.18739716334810408
DEAP:S16:T35,DEAP:S16,T35,0,1.0,1,1,2,4,unexposed,baseline_relative_context,train,0.1,0.8309735511312472,0.16902644886875282
DEAP:S16:T37,DEAP:S16,T37,1,6.09,1,1,2,4,unexposed,baseline_relative_context,train,0.1,0.8730664439420484,0.12693355605795162
DEAP:S17:T01,DEAP:S17,T01,0,4.05,1,1,2,4,unexposed,baseline_relative_context,train,0.1,0.13473639693906703,0.865263603060933
DEAP:S17:T02,DEAP:S17,T02,1,7.26,1,1,2,4,unexposed,baseline_relative_context,train,0.1,0.3304967975320837,0.6695032024679163
DEAP:S17:T08,DEAP:S17,T08,1,6.05,1,1,2,4,unexposed,baseline_relative_context,train,0.1,0.20625170088381872,0.7937482991161813
DEAP:S17:T10,DEAP:S17,T10,1,6.09,1,1,2,4,unexposed,baseline_relative_context,train,0.1,0.4484626391101352,0.5515373608898648
DEAP:S17:T12,DEAP:S17,T12,1,5.96,1,1,2,4,unexposed,baseline_relative_context,train,0.1,0.20168936211245847,0.7983106378875415
DEAP:S17:T14,DEAP:S17,T14,1,6.58,1,1,2,4,unexposed,baseline_relative_context,train,0.1,0.17570327884599857,0.8242967211540014
DEAP:S17:T17,DEAP:S17,T17,0,4.12,1,1,2,4,unexposed,baseline_relative_context,train,0.1,0.3661708088327714,0.6338291911672286
DEAP:S17:T20,DEAP:S17,T20,1,7.03,1,1,2,4,unexposed,baseline_relative_context,train,0.1,0.1823718804291804,0.8176281195708196
DEAP:S17:T21,DEAP:S17,T21,0,4.0,1,1,2,4,unexposed,baseline_relative_context,train,0.1,0.7966763895238521,0.20332361047614791
DEAP:S17:T23,DEAP:S17,T23,0,3.62,1,1,2,4,unexposed,baseline_relative_context,train,0.1,0.8748655109781237,0.12513448902187627
DEAP:S17:T25,DEAP:S17,T25,1,6.18,1,1,2,4,unexposed,baseline_relative_context,train,0.1,0.5663148278080121,0.4336851721919879
DEAP:S17:T26,DEAP:S17,T26,0,3.73,1,1,2,4,unexposed,baseline_relative_context,train,0.1,0.7033208310157084,0.29667916898429153
DEAP:S17:T33,DEAP:S17,T33,0,3.83,1,1,2,4,unexposed,baseline_relative_context,train,0.1,0.8207684608967556,0.17923153910324444
DEAP:S17:T35,DEAP:S17,T35,0,4.17,1,1,2,4,unexposed,baseline_relative_context,train,0.1,0.9452042618219936,0.05479573817800643
DEAP:S17:T37,DEAP:S17,T37,0,3.46,1,1,2,4,unexposed,baseline_relative_context,train,0.1,0.9258124173280072,0.07418758267199276
DEAP:S17:T38,DEAP:S17,T38,0,3.6,1,1,2,4,unexposed,baseline_relative_context,train,0.1,0.9308728931455311,0.06912710685446889
DEAP:S19:T01,DEAP:S19,T01,1,7.44,1,1,2,4,unexposed,baseline_relative_context,train,0.1,0.05315125034830048,0.9468487496516995
DEAP:S19:T02,DEAP:S19,T02,1,6.46,1,1,2,4,unexposed,baseline_relative_context,train,0.1,0.07272977871263042,0.9272702212873696
DEAP:S19:T08,DEAP:S19,T08,1,7.44,1,1,2,4,unexposed,baseline_relative_context,train,0.1,0.049827642345586454,0.9501723576544135
DEAP:S19:T10,DEAP:S19,T10,1,5.01,1,1,2,4,unexposed,baseline_relative_context,train,0.1,0.28335047079857323,0.7166495292014268
DEAP:S19:T12,DEAP:S19,T12,1,6.26,1,1,2,4,unexposed,baseline_relative_context,train,0.1,0.04355182238954458,0.9564481776104554
DEAP:S19:T14,DEAP:S19,T14,1,6.76,1,1,2,4,unexposed,baseline_relative_context,train,0.1,0.1387898985042323,0.8612101014957677
DEAP:S19:T17,DEAP:S19,T17,1,7.38,1,1,2,4,unexposed,baseline_relative_context,train,0.1,0.3297871596346036,0.6702128403653964
DEAP:S19:T20,DEAP:S19,T20,1,6.13,1,1,2,4,unexposed,baseline_relative_context,train,0.1,0.21270047024455396,0.787299529755446
DEAP:S19:T21,DEAP:S19,T21,0,2.19,1,1,2,4,unexposed,baseline_relative_context,train,0.1,0.7827930476114271,0.21720695238857285
DEAP:S19:T23,DEAP:S19,T23,0,3.77,1,1,2,4,unexposed,baseline_relative_context,train,0.1,0.9386947363845177,0.06130526361548232
DEAP:S19:T25,DEAP:S19,T25,0,2.19,1,1,2,4,unexposed,baseline_relative_context,train,0.1,0.6651280662515251,0.33487193374847496
DEAP:S19:T33,DEAP:S19,T33,0,3.4,1,1,2,4,unexposed,baseline_relative_context,train,0.1,0.7352282401512357,0.26477175984876433
DEAP:S19:T35,DEAP:S19,T35,0,3.21,1,1,2,4,unexposed,baseline_relative_context,train,0.1,0.8283591867561929,0.17164081324380712
DEAP:S19:T37,DEAP:S19,T37,0,3.15,1,1,2,4,unexposed,baseline_relative_context,train,0.1,0.6740594480830062,0.32594055191699384
DEAP:S19:T38,DEAP:S19,T38,0,1.62,1,1,2,4,unexposed,baseline_relative_context,train,0.1,0.8502195930070022,0.1497804069929978
DEAP:S20:T01,DEAP:S20,T01,1,5.76,1,1,2,4,unexposed,baseline_relative_context,train,0.1,0.12108610139145004,0.87891389860855
DEAP:S20:T02,DEAP:S20,T02,1,6.77,1,1,2,4,unexposed,baseline_relative_context,train,0.1,0.18079943951149802,0.819200560488502
DEAP:S20:T08,DEAP:S20,T08,1,7.63,1,1,2,4,unexposed,baseline_relative_context,train,0.1,0.014434015286559743,0.9855659847134403
DEAP:S20:T10,DEAP:S20,T10,1,5.13,1,1,2,4,unexposed,baseline_relative_context,train,0.1,0.291803992461112,0.708196007538888
DEAP:S20:T12,DEAP:S20,T12,1,7.64,1,1,2,4,unexposed,baseline_relative_context,train,0.1,0.14093796444023954,0.8590620355597605
DEAP:S20:T14,DEAP:S20,T14,1,6.4,1,1,2,4,unexposed,baseline_relative_context,train,0.1,0.05986360208002006,0.9401363979199799
DEAP:S20:T17,DEAP:S20,T17,1,5.04,1,1,2,4,unexposed,baseline_relative_context,train,0.1,0.20270578374833248,0.7972942162516675
DEAP:S20:T20,DEAP:S20,T20,1,6.65,1,1,2,4,unexposed,baseline_relative_context,train,0.1,0.17525006158482204,0.824749938415178
DEAP:S20:T21,DEAP:S20,T21,0,4.97,1,1,2,4,unexposed,baseline_relative_context,train,0.1,0.8648782120709364,0.13512178792906354
DEAP:S20:T23,DEAP:S20,T23,0,2.82,1,1,2,4,unexposed,baseline_relative_context,train,0.1,0.9022908014017095,0.09770919859829054
DEAP:S20:T25,DEAP:S20,T25,0,2.99,1,1,2,4,unexposed,baseline_relative_context,train,0.1,0.6704524804509253,0.32954751954907463
DEAP:S20:T26,DEAP:S20,T26,0,4.31,1,1,2,4,unexposed,baseline_relative_context,train,0.1,0.4297592889667229,0.5702407110332771
DEAP:S20:T33,DEAP:S20,T33,0,4.64,1,1,2,4,unexposed,baseline_relative_context,train,0.1,0.6395752856735493,0.3604247143264507
DEAP:S20:T35,DEAP:S20,T35,0,4.35,1,1,2,4,unexposed,baseline_relative_context,train,0.1,0.7354954808685027,0.2645045191314973
DEAP:S20:T37,DEAP:S20,T37,0,3.01,1,1,2,4,unexposed,baseline_relative_context,train,0.1,0.9142063539877194,0.08579364601228062
DEAP:S20:T38,DEAP:S20,T38,0,3.38,1,1,2,4,unexposed,baseline_relative_context,train,0.1,0.8214484968291826,0.1785515031708173
DEAP:S21:T01,DEAP:S21,T01,1,6.42,1,1,2,4,unexposed,baseline_relative_context,train,0.1,0.11922005623185439,0.8807799437681456
DEAP:S21:T02,DEAP:S21,T02,1,7.05,1,1,2,4,unexposed,baseline_relative_context,train,0.1,0.10921115138719306,0.8907888486128069
DEAP:S21:T08,DEAP:S21,T08,1,8.81,1,1,2,4,unexposed,baseline_relative_context,train,0.1,0.0317823125784078,0.9682176874215922
DEAP:S21:T10,DEAP:S21,T10,1,7.05,1,1,2,4,unexposed,baseline_relative_context,train,0.1,0.31464735475857797,0.685352645241422
DEAP:S21:T12,DEAP:S21,T12,0,4.63,1,1,2,4,unexposed,baseline_relative_context,train,0.1,0.1479238706167575,0.8520761293832425
DEAP:S21:T14,DEAP:S21,T14,1,8.1,1,1,2,4,unexposed,baseline_relative_context,train,0.1,0.07520805521524687,0.9247919447847531
DEAP:S21:T17,DEAP:S21,T17,1,5.53,1,1,2,4,unexposed,baseline_relative_context,train,0.1,0.31123878627624746,0.6887612137237525
DEAP:S21:T20,DEAP:S21,T20,0,2.33,1,1,2,4,unexposed,baseline_relative_context,train,0.1,0.4059449382359249,0.5940550617640751
DEAP:S21:T23,DEAP:S21,T23,0,4.69,1,1,2,4,unexposed,baseline_relative_context,train,0.1,0.8528562396416357,0.14714376035836427
DEAP:S21:T25,DEAP:S21,T25,0,3.97,1,1,2,4,unexposed,baseline_relative_context,train,0.1,0.7050808855755567,0.2949191144244433
DEAP:S21:T26,DEAP:S21,T26,0,4.06,1,1,2,4,unexposed,baseline_relative_context,train,0.1,0.5871811662001661,0.41281883379983386
DEAP:S21:T33,DEAP:S21,T33,1,7.03,1,1,2,4,unexposed,baseline_relative_context,train,0.1,0.7101166173346669,0.28988338266533303
DEAP:S21:T35,DEAP:S21,T35,0,4.92,1,1,2,4,unexposed,baseline_relative_context,train,0.1,0.735582404594185,0.26441759540581494
DEAP:S21:T37,DEAP:S21,T37,0,3.04,1,1,2,4,unexposed,baseline_relative_context,train,0.1,0.8041277226241468,0.1958722773758532
DEAP:S21:T38,DEAP:S21,T38,0,3.03,1,1,2,4,unexposed,baseline_relative_context,train,0.1,0.9566767811459572,0.0433232188540428
DEAP:S22:T01,DEAP:S22,T01,1,5.05,1,1,2,4,unexposed,baseline_relative_context,train,0.1,0.17656785814634113,0.8234321418536589
DEAP:S22:T02,DEAP:S22,T02,1,7.08,1,1,2,4,unexposed,baseline_relative_context,train,0.1,0.40533946773366747,0.5946605322663325
DEAP:S22:T08,DEAP:S22,T08,1,7.09,1,1,2,4,unexposed,baseline_relative_context,train,0.1,0.04729674673832607,0.9527032532616739
DEAP:S22:T10,DEAP:S22,T10,0,4.0,1,1,2,4,unexposed,baseline_relative_context,train,0.1,0.7266393491626701,0.27336065083732985
DEAP:S22:T12,DEAP:S22,T12,0,4.99,1,1,2,4,unexposed,baseline_relative_context,train,0.1,0.27423315393468295,0.725766846065317
DEAP:S22:T14,DEAP:S22,T14,1,8.05,1,1,2,4,unexposed,baseline_relative_context,train,0.1,0.11020709359514214,0.8897929064048579
DEAP:S22:T17,DEAP:S22,T17,1,5.04,1,1,2,4,unexposed,baseline_relative_context,train,0.1,0.3740300934933224,0.6259699065066776
DEAP:S22:T20,DEAP:S22,T20,1,7.08,1,1,2,4,unexposed,baseline_relative_context,train,0.1,0.20449580467719042,0.7955041953228096
DEAP:S22:T21,DEAP:S22,T21,0,2.97,1,1,2,4,unexposed,baseline_relative_context,train,0.1,0.7517409241184687,0.24825907588153134
DEAP:S22:T23,DEAP:S22,T23,0,2.99,1,1,2,4,unexposed,baseline_relative_context,train,0.1,0.9341162590522825,0.06588374094771758
DEAP:S22:T25,DEAP:S22,T25,0,2.95,1,1,2,4,unexposed,baseline_relative_context,train,0.1,0.6152836108253785,0.3847163891746214
DEAP:S22:T35,DEAP:S22,T35,0,1.99,1,1,2,4,unexposed,baseline_relative_context,train,0.1,0.9128208173432025,0.08717918265679743
DEAP:S22:T37,DEAP:S22,T37,0,1.0,1,1,2,4,unexposed,baseline_relative_context,train,0.1,0.9211017881271358,0.07889821187286417
DEAP:S22:T38,DEAP:S22,T38,0,1.0,1,1,2,4,unexposed,baseline_relative_context,train,0.1,0.8943296751750603,0.10567032482493968
DEAP:S23:T01,DEAP:S23,T01,1,7.71,1,1,2,4,unexposed,baseline_relative_context,train,0.1,0.27547314841514736,0.7245268515848526
DEAP:S23:T02,DEAP:S23,T02,1,9.0,1,1,2,4,unexposed,baseline_relative_context,train,0.1,0.22459745497272532,0.7754025450272747
DEAP:S23:T08,DEAP:S23,T08,1,7.23,1,1,2,4,unexposed,baseline_relative_context,train,0.1,0.049507304044000056,0.9504926959559999
DEAP:S23:T10,DEAP:S23,T10,1,5.01,1,1,2,4,unexposed,baseline_relative_context,train,0.1,0.45788760066187495,0.542112399338125
DEAP:S23:T12,DEAP:S23,T12,1,7.0,1,1,2,4,unexposed,baseline_relative_context,train,0.1,0.2408558258696164,0.7591441741303836
DEAP:S23:T14,DEAP:S23,T14,1,8.01,1,1,2,4,unexposed,baseline_relative_context,train,0.1,0.09181392241012565,0.9081860775898744
DEAP:S23:T17,DEAP:S23,T17,0,2.86,1,1,2,4,unexposed,baseline_relative_context,train,0.1,0.506506079840278,0.49349392015972204
DEAP:S23:T20,DEAP:S23,T20,0,3.96,1,1,2,4,unexposed,baseline_relative_context,train,0.1,0.3786134121772091,0.6213865878227909
DEAP:S23:T23,DEAP:S23,T23,0,4.17,1,1,2,4,unexposed,baseline_relative_context,train,0.1,0.9252416095696582,0.07475839043034187
DEAP:S23:T25,DEAP:S23,T25,0,4.97,1,1,2,4,unexposed,baseline_relative_context,train,0.1,0.8760587561026033,0.12394124389739666
DEAP:S23:T26,DEAP:S23,T26,1,8.27,1,1,2,4,unexposed,baseline_relative_context,train,0.1,0.5120814572442788,0.4879185427557212
DEAP:S23:T33,DEAP:S23,T33,1,5.04,1,1,2,4,unexposed,baseline_relative_context,train,0.1,0.5832238118555724,0.4167761881444277
DEAP:S23:T35,DEAP:S23,T35,1,5.18,1,1,2,4,unexposed,baseline_relative_context,train,0.1,0.726384383601161,0.2736156163988391
DEAP:S24:T01,DEAP:S24,T01,1,7.06,1,1,2,4,unexposed,baseline_relative_context,train,0.1,0.1218444210087829,0.8781555789912171
DEAP:S24:T02,DEAP:S24,T02,1,6.04,1,1,2,4,unexposed,baseline_relative_context,train,0.1,0.41804222502281196,0.581957774977188
DEAP:S24:T08,DEAP:S24,T08,1,7.03,1,1,2,4,unexposed,baseline_relative_context,train,0.1,0.08013535422602036,0.9198646457739796
DEAP:S24:T10,DEAP:S24,T10,1,5.01,1,1,2,4,unexposed,baseline_relative_context,train,0.1,0.6974549707478126,0.3025450292521874
DEAP:S24:T12,DEAP:S24,T12,1,7.04,1,1,2,4,unexposed,baseline_relative_context,train,0.1,0.13012989558251564,0.8698701044174844
DEAP:S24:T14,DEAP:S24,T14,1,8.05,1,1,2,4,unexposed,baseline_relative_context,train,0.1,0.13641080556678042,0.8635891944332196
DEAP:S24:T17,DEAP:S24,T17,0,4.08,1,1,2,4,unexposed,baseline_relative_context,train,0.1,0.6199711092746395,0.3800288907253605
DEAP:S24:T20,DEAP:S24,T20,0,4.03,1,1,2,4,unexposed,baseline_relative_context,train,0.1,0.4249887754121321,0.5750112245878679
DEAP:S24:T21,DEAP:S24,T21,0,1.96,1,1,2,4,unexposed,baseline_relative_context,train,0.1,0.6338858838106697,0.3661141161893303
DEAP:S24:T25,DEAP:S24,T25,0,3.12,1,1,2,4,unexposed,baseline_relative_context,train,0.1,0.7846926119344922,0.21530738806550773
DEAP:S24:T26,DEAP:S24,T26,0,4.05,1,1,2,4,unexposed,baseline_relative_context,train,0.1,0.7210499448499309,0.2789500551500691
DEAP:S24:T33,DEAP:S24,T33,1,5.01,1,1,2,4,unexposed,baseline_relative_context,train,0.1,0.7694180049541062,0.2305819950458938
DEAP:S24:T35,DEAP:S24,T35,0,4.05,1,1,2,4,unexposed,baseline_relative_context,train,0.1,0.9191225992225125,0.08087740077748752
DEAP:S24:T37,DEAP:S24,T37,0,4.0,1,1,2,4,unexposed,baseline_relative_context,train,0.1,0.8610873712457674,0.13891262875423266
DEAP:S24:T38,DEAP:S24,T38,0,2.03,1,1,2,4,unexposed,baseline_relative_context,train,0.1,0.9003898079288116,0.09961019207118837
DEAP:S26:T01,DEAP:S26,T01,1,7.97,1,1,2,4,unexposed,baseline_relative_context,train,0.1,0.09204683370961264,0.9079531662903874
DEAP:S26:T02,DEAP:S26,T02,1,6.96,1,1,2,4,unexposed,baseline_relative_context,train,0.1,0.10239128356267713,0.8976087164373229
DEAP:S26:T08,DEAP:S26,T08,1,8.01,1,1,2,4,unexposed,baseline_relative_context,train,0.1,0.10883202419759286,0.8911679758024071
DEAP:S26:T10,DEAP:S26,T10,0,3.08,1,1,2,4,unexposed,baseline_relative_context,train,0.1,0.49530156111281,0.50469843888719
DEAP:S26:T12,DEAP:S26,T12,1,7.04,1,1,2,4,unexposed,baseline_relative_context,train,0.1,0.37078778802832113,0.6292122119716789
DEAP:S26:T14,DEAP:S26,T14,1,9.0,1,1,2,4,unexposed,baseline_relative_context,train,0.1,0.11674666978628678,0.8832533302137132
DEAP:S26:T17,DEAP:S26,T17,1,5.04,1,1,2,4,unexposed,baseline_relative_context,train,0.1,0.2628254478490275,0.7371745521509725
DEAP:S26:T20,DEAP:S26,T20,1,8.08,1,1,2,4,unexposed,baseline_relative_context,train,0.1,0.19398125042537484,0.8060187495746252
DEAP:S26:T21,DEAP:S26,T21,1,6.06,1,1,2,4,unexposed,baseline_relative_context,train,0.1,0.5477647624511619,0.45223523754883804
DEAP:S26:T23,DEAP:S26,T23,0,2.28,1,1,2,4,unexposed,baseline_relative_context,train,0.1,0.8839124704590522,0.11608752954094775
DEAP:S26:T25,DEAP:S26,T25,1,7.14,1,1,2,4,unexposed,baseline_relative_context,train,0.1,0.45039311875817245,0.5496068812418275
DEAP:S26:T26,DEAP:S26,T26,1,5.05,1,1,2,4,unexposed,baseline_relative_context,train,0.1,0.30019873179449874,0.6998012682055013
DEAP:S26:T33,DEAP:S26,T33,0,1.0,1,1,2,4,unexposed,baseline_relative_context,train,0.1,0.6088991585710704,0.3911008414289297
DEAP:S26:T37,DEAP:S26,T37,0,1.0,1,1,2,4,unexposed,baseline_relative_context,train,0.1,0.9182055527561375,0.08179444724386249
DEAP:S30:T01,DEAP:S30,T01,1,5.04,1,1,2,4,unexposed,baseline_relative_context,train,0.1,0.031180153823769152,0.9688198461762308
DEAP:S30:T02,DEAP:S30,T02,1,7.15,1,1,2,4,unexposed,baseline_relative_context,train,0.1,0.17551854783477094,0.8244814521652291
DEAP:S30:T08,DEAP:S30,T08,1,6.05,1,1,2,4,unexposed,baseline_relative_context,train,0.1,0.035551227704243016,0.964448772295757
DEAP:S30:T10,DEAP:S30,T10,1,5.08,1,1,2,4,unexposed,baseline_relative_context,train,0.1,0.405740501791201,0.594259498208799
DEAP:S30:T14,DEAP:S30,T14,1,5.04,1,1,2,4,unexposed,baseline_relative_context,train,0.1,0.08415242368659304,0.915847576313407
DEAP:S30:T17,DEAP:S30,T17,1,7.13,1,1,2,4,unexposed,baseline_relative_context,train,0.1,0.22491740766116008,0.7750825923388399
DEAP:S30:T20,DEAP:S30,T20,1,7.26,1,1,2,4,unexposed,baseline_relative_context,train,0.1,0.10040876619384442,0.8995912338061556
DEAP:S30:T21,DEAP:S30,T21,0,3.05,1,1,2,4,unexposed,baseline_relative_context,train,0.1,0.6030869309009605,0.3969130690990395
DEAP:S30:T23,DEAP:S30,T23,0,3.0,1,1,2,4,unexposed,baseline_relative_context,train,0.1,0.8343554356632957,0.16564456433670427
DEAP:S30:T25,DEAP:S30,T25,0,3.92,1,1,2,4,unexposed,baseline_relative_context,train,0.1,0.474891521123048,0.525108478876952
DEAP:S30:T26,DEAP:S30,T26,1,5.01,1,1,2,4,unexposed,baseline_relative_context,train,0.1,0.39216147307644544,0.6078385269235546
DEAP:S30:T33,DEAP:S30,T33,0,3.91,1,1,2,4,unexposed,baseline_relative_context,train,0.1,0.663729302979269,0.33627069702073104
DEAP:S30:T37,DEAP:S30,T37,0,4.13,1,1,2,4,unexposed,baseline_relative_context,train,0.1,0.6561715482719339,0.34382845172806614
DEAP:S30:T38,DEAP:S30,T38,1,5.04,1,1,2,4,unexposed,baseline_relative_context,train,0.1,0.8965377577124142,0.10346224228758578
DEAP:S31:T01,DEAP:S31,T01,1,6.79,1,1,2,4,unexposed,baseline_relative_context,train,0.1,0.12080893889290811,0.8791910611070919
DEAP:S31:T02,DEAP:S31,T02,1,5.03,1,1,2,4,unexposed,baseline_relative_context,train,0.1,0.3113510246931699,0.6886489753068301
DEAP:S31:T08,DEAP:S31,T08,1,6.03,1,1,2,4,unexposed,baseline_relative_context,train,0.1,0.04267864403804522,0.9573213559619548
DEAP:S31:T10,DEAP:S31,T10,0,4.01,1,1,2,4,unexposed,baseline_relative_context,train,0.1,0.7306339254003285,0.2693660745996716
DEAP:S31:T12,DEAP:S31,T12,1,7.14,1,1,2,4,unexposed,baseline_relative_context,train,0.1,0.17173413011842453,0.8282658698815755
DEAP:S31:T14,DEAP:S31,T14,1,8.06,1,1,2,4,unexposed,baseline_relative_context,train,0.1,0.13843852914874122,0.8615614708512588
DEAP:S31:T20,DEAP:S31,T20,1,6.9,1,1,2,4,unexposed,baseline_relative_context,train,0.1,0.10700485718105446,0.8929951428189455
DEAP:S31:T21,DEAP:S31,T21,1,5.09,1,1,2,4,unexposed,baseline_relative_context,train,0.1,0.8148744660493783,0.18512553395062176
DEAP:S31:T23,DEAP:S31,T23,0,1.0,1,1,2,4,unexposed,baseline_relative_context,train,0.1,0.8967588947434969,0.1032411052565031
DEAP:S31:T25,DEAP:S31,T25,1,6.14,1,1,2,4,unexposed,baseline_relative_context,train,0.1,0.5178617630245737,0.4821382369754264
DEAP:S31:T26,DEAP:S31,T26,1,7.08,1,1,2,4,unexposed,baseline_relative_context,train,0.1,0.3890817192235543,0.6109182807764457
DEAP:S31:T33,DEAP:S31,T33,0,4.18,1,1,2,4,unexposed,baseline_relative_context,train,0.1,0.5907948931255077,0.4092051068744923
DEAP:S31:T38,DEAP:S31,T38,0,1.0,1,1,2,4,unexposed,baseline_relative_context,train,0.1,0.972498171691793,0.027501828308207073
DEAP:S32:T01,DEAP:S32,T01,1,8.13,1,1,2,4,unexposed,baseline_relative_context,train,0.1,0.18989528414181367,0.8101047158581863
DEAP:S32:T02,DEAP:S32,T02,0,4.99,1,1,2,4,unexposed,baseline_relative_context,train,0.1,0.23258063384088057,0.7674193661591194
DEAP:S32:T08,DEAP:S32,T08,1,7.96,1,1,2,4,unexposed,baseline_relative_context,train,0.1,0.11930071841834466,0.8806992815816553
DEAP:S32:T12,DEAP:S32,T12,1,7.31,1,1,2,4,unexposed,baseline_relative_context,train,0.1,0.3858591616012633,0.6141408383987367
DEAP:S32:T14,DEAP:S32,T14,1,7.1,1,1,2,4,unexposed,baseline_relative_context,train,0.1,0.12159040308991009,0.8784095969100899
DEAP:S32:T17,DEAP:S32,T17,1,6.09,1,1,2,4,unexposed,baseline_relative_context,train,0.1,0.3848268723693624,0.6151731276306376
DEAP:S32:T20,DEAP:S32,T20,1,6.03,1,1,2,4,unexposed,baseline_relative_context,train,0.1,0.35712438290004234,0.6428756170999577
DEAP:S32:T21,DEAP:S32,T21,0,4.12,1,1,2,4,unexposed,baseline_relative_context,train,0.1,0.9267685055156024,0.07323149448439761
DEAP:S32:T23,DEAP:S32,T23,0,3.01,1,1,2,4,unexposed,baseline_relative_context,train,0.1,0.9431229256069279,0.0568770743930721
DEAP:S32:T25,DEAP:S32,T25,0,4.01,1,1,2,4,unexposed,baseline_relative_context,train,0.1,0.7401185704508811,0.25988142954911886
DEAP:S32:T26,DEAP:S32,T26,1,5.14,1,1,2,4,unexposed,baseline_relative_context,train,0.1,0.6527869849091714,0.34721301509082864
DEAP:S32:T33,DEAP:S32,T33,0,4.06,1,1,2,4,unexposed,baseline_relative_context,train,0.1,0.8644256969835804,0.13557430301641957
DEAP:S32:T35,DEAP:S32,T35,0,3.88,1,1,2,4,unexposed,baseline_relative_context,train,0.1,0.9098964582792202,0.09010354172077979
DEAP:S32:T37,DEAP:S32,T37,0,2.81,1,1,2,4,unexposed,baseline_relative_context,train,0.1,0.9003495660736265,0.09965043392637346
DEAP:S32:T38,DEAP:S32,T38,0,3.05,1,1,2,4,unexposed,baseline_relative_context,train,0.1,0.9360851347980613,0.0639148652019387
DEAP:S18:T05,DEAP:S18,T05,1,6.13,1,1,2,4,unexposed,baseline_relative_context,validation_unseen,0.1,0.5610923847261295,0.4389076152738704
DEAP:S18:T15,DEAP:S18,T15,1,6.04,1,1,2,4,unexposed,baseline_relative_context,validation_unseen,0.1,0.5998799355712696,0.4001200644287303
DEAP:S18:T19,DEAP:S18,T19,1,7.04,1,1,2,4,unexposed,baseline_relative_context,validation_unseen,0.1,0.5173103601145729,0.4826896398854271
DEAP:S18:T27,DEAP:S18,T27,1,5.94,1,1,2,4,unexposed,baseline_relative_context,validation_unseen,0.1,0.4881497450853044,0.5118502549146956
DEAP:S18:T28,DEAP:S18,T28,1,5.95,1,1,2,4,unexposed,baseline_relative_context,validation_unseen,0.1,0.6604407182843546,0.3395592817156455
DEAP:S18:T29,DEAP:S18,T29,0,4.9,1,1,2,4,unexposed,baseline_relative_context,validation_unseen,0.1,0.31606075105533604,0.683939248944664
DEAP:S18:T30,DEAP:S18,T30,0,2.96,1,1,2,4,unexposed,baseline_relative_context,validation_unseen,0.1,0.7962312553827023,0.2037687446172977
DEAP:S18:T32,DEAP:S18,T32,0,4.62,1,1,2,4,unexposed,baseline_relative_context,validation_unseen,0.1,0.4877663483566649,0.5122336516433351
DEAP:S25:T05,DEAP:S25,T05,1,5.04,1,1,2,4,unexposed,baseline_relative_context,validation_unseen,0.1,0.1413184330189885,0.8586815669810115
DEAP:S25:T15,DEAP:S25,T15,1,7.01,1,1,2,4,unexposed,baseline_relative_context,validation_unseen,0.1,0.6277872322885363,0.37221276771146367
DEAP:S25:T19,DEAP:S25,T19,1,7.06,1,1,2,4,unexposed,baseline_relative_context,validation_unseen,0.1,0.7263830248818959,0.2736169751181041
DEAP:S25:T27,DEAP:S25,T27,1,5.03,1,1,2,4,unexposed,baseline_relative_context,validation_unseen,0.1,0.07450989748542802,0.925490102514572
DEAP:S25:T28,DEAP:S25,T28,1,5.01,1,1,2,4,unexposed,baseline_relative_context,validation_unseen,0.1,0.6424971776980877,0.3575028223019124
DEAP:S25:T29,DEAP:S25,T29,0,1.0,1,1,2,4,unexposed,baseline_relative_context,validation_unseen,0.1,0.541818469219326,0.4581815307806741
DEAP:S25:T30,DEAP:S25,T30,0,4.03,1,1,2,4,unexposed,baseline_relative_context,validation_unseen,0.1,0.08857792731734526,0.9114220726826547
DEAP:S25:T32,DEAP:S25,T32,0,1.0,1,1,2,4,unexposed,baseline_relative_context,validation_unseen,0.1,0.32951270642826713,0.6704872935717329
DEAP:S27:T05,DEAP:S27,T05,0,4.97,1,1,2,4,unexposed,baseline_relative_context,validation_unseen,0.1,0.5375515312940797,0.46244846870592027
DEAP:S27:T15,DEAP:S27,T15,1,5.04,1,1,2,4,unexposed,baseline_relative_context,validation_unseen,0.1,0.3684305480109151,0.6315694519890849
DEAP:S27:T19,DEAP:S27,T19,1,5.06,1,1,2,4,unexposed,baseline_relative_context,validation_unseen,0.1,0.16643540075424446,0.8335645992457555
DEAP:S27:T27,DEAP:S27,T27,0,4.97,1,1,2,4,unexposed,baseline_relative_context,validation_unseen,0.1,0.5862561843802157,0.41374381561978435
DEAP:S27:T28,DEAP:S27,T28,1,5.04,1,1,2,4,unexposed,baseline_relative_context,validation_unseen,0.1,0.5436500453305093,0.45634995466949074
DEAP:S27:T29,DEAP:S27,T29,1,7.18,1,1,2,4,unexposed,baseline_relative_context,validation_unseen,0.1,0.3636242234717145,0.6363757765282855
DEAP:S27:T30,DEAP:S27,T30,1,7.08,1,1,2,4,unexposed,baseline_relative_context,validation_unseen,0.1,0.7660954407618922,0.23390455923810785
DEAP:S27:T32,DEAP:S27,T32,1,5.04,1,1,2,4,unexposed,baseline_relative_context,validation_unseen,0.1,0.06224676022016051,0.9377532397798395
DEAP:S29:T05,DEAP:S29,T05,1,6.05,1,1,2,4,unexposed,baseline_relative_context,validation_unseen,0.1,0.17475277501324327,0.8252472249867567
DEAP:S29:T15,DEAP:S29,T15,0,4.01,1,1,2,4,unexposed,baseline_relative_context,validation_unseen,0.1,0.24682352551838826,0.7531764744816117
DEAP:S29:T19,DEAP:S29,T19,1,7.05,1,1,2,4,unexposed,baseline_relative_context,validation_unseen,0.1,0.33230806487218056,0.6676919351278194
DEAP:S29:T27,DEAP:S29,T27,1,7.09,1,1,2,4,unexposed,baseline_relative_context,validation_unseen,0.1,0.18229829031538958,0.8177017096846104
DEAP:S29:T28,DEAP:S29,T28,0,1.04,1,1,2,4,unexposed,baseline_relative_context,validation_unseen,0.1,0.26004591599957994,0.7399540840004201
DEAP:S29:T29,DEAP:S29,T29,0,3.97,1,1,2,4,unexposed,baseline_relative_context,validation_unseen,0.1,0.4120153912956046,0.5879846087043954
DEAP:S29:T30,DEAP:S29,T30,0,2.95,1,1,2,4,unexposed,baseline_relative_context,validation_unseen,0.1,0.4982844726344624,0.5017155273655376
DEAP:S29:T32,DEAP:S29,T32,0,4.04,1,1,2,4,unexposed,baseline_relative_context,validation_unseen,0.1,0.2682795146458701,0.7317204853541299
DEAP:S18:T01,DEAP:S18,T01,1,6.33,1,1,2,4,unexposed,baseline_relative_context,validation_familiar,0.1,0.14926086827752727,0.8507391317224727
DEAP:S18:T02,DEAP:S18,T02,1,6.87,1,1,2,4,unexposed,baseline_relative_context,validation_familiar,0.1,0.40420209047516664,0.5957979095248334
DEAP:S18:T10,DEAP:S18,T10,1,6.09,1,1,2,4,unexposed,baseline_relative_context,validation_familiar,0.1,0.7013277797907447,0.2986722202092554
DEAP:S18:T12,DEAP:S18,T12,1,5.55,1,1,2,4,unexposed,baseline_relative_context,validation_familiar,0.1,0.17412821000266487,0.8258717899973351
DEAP:S18:T14,DEAP:S18,T14,1,6.62,1,1,2,4,unexposed,baseline_relative_context,validation_familiar,0.1,0.09659342636362567,0.9034065736363743
DEAP:S18:T17,DEAP:S18,T17,1,7.74,1,1,2,4,unexposed,baseline_relative_context,validation_familiar,0.1,0.3238952436650454,0.6761047563349546
DEAP:S18:T20,DEAP:S18,T20,1,6.24,1,1,2,4,unexposed,baseline_relative_context,validation_familiar,0.1,0.13582458845284218,0.8641754115471578
DEAP:S18:T21,DEAP:S18,T21,0,3.92,1,1,2,4,unexposed,baseline_relative_context,validation_familiar,0.1,0.7264678948451038,0.2735321051548963
DEAP:S18:T23,DEAP:S18,T23,0,3.71,1,1,2,4,unexposed,baseline_relative_context,validation_familiar,0.1,0.9451734015292542,0.054826598470745794
DEAP:S18:T25,DEAP:S18,T25,0,4.23,1,1,2,4,unexposed,baseline_relative_context,validation_familiar,0.1,0.7175206837012509,0.2824793162987492
DEAP:S18:T26,DEAP:S18,T26,1,5.44,1,1,2,4,unexposed,baseline_relative_context,validation_familiar,0.1,0.4186989295082222,0.5813010704917778
DEAP:S18:T33,DEAP:S18,T33,0,4.56,1,1,2,4,unexposed,baseline_relative_context,validation_familiar,0.1,0.838137182268957,0.16186281773104305
DEAP:S18:T35,DEAP:S18,T35,1,5.12,1,1,2,4,unexposed,baseline_relative_context,validation_familiar,0.1,0.9020801900459156,0.09791980995408445
DEAP:S18:T37,DEAP:S18,T37,0,4.0,1,1,2,4,unexposed,baseline_relative_context,validation_familiar,0.1,0.9044949733723102,0.09550502662768975
DEAP:S18:T38,DEAP:S18,T38,0,4.51,1,1,2,4,unexposed,baseline_relative_context,validation_familiar,0.1,0.9363225564679213,0.06367744353207874
DEAP:S25:T01,DEAP:S25,T01,1,8.06,1,1,2,4,unexposed,baseline_relative_context,validation_familiar,0.1,0.08520067192148995,0.91479932807851
DEAP:S25:T02,DEAP:S25,T02,0,2.99,1,1,2,4,unexposed,baseline_relative_context,validation_familiar,0.1,0.3503478929019572,0.6496521070980428
DEAP:S25:T08,DEAP:S25,T08,1,8.04,1,1,2,4,unexposed,baseline_relative_context,validation_familiar,0.1,0.09285354565448278,0.9071464543455172
DEAP:S25:T10,DEAP:S25,T10,0,1.0,1,1,2,4,unexposed,baseline_relative_context,validation_familiar,0.1,0.7930277536138418,0.20697224638615816
DEAP:S25:T12,DEAP:S25,T12,1,8.04,1,1,2,4,unexposed,baseline_relative_context,validation_familiar,0.1,0.07761382370261094,0.9223861762973891
DEAP:S25:T14,DEAP:S25,T14,1,8.09,1,1,2,4,unexposed,baseline_relative_context,validation_familiar,0.1,0.02179603542378561,0.9782039645762144
DEAP:S25:T17,DEAP:S25,T17,1,5.04,1,1,2,4,unexposed,baseline_relative_context,validation_familiar,0.1,0.22889503925323684,0.7711049607467632
DEAP:S25:T20,DEAP:S25,T20,1,7.08,1,1,2,4,unexposed,baseline_relative_context,validation_familiar,0.1,0.144433938986398,0.855566061013602
DEAP:S25:T21,DEAP:S25,T21,1,6.03,1,1,2,4,unexposed,baseline_relative_context,validation_familiar,0.1,0.9547725483121253,0.0452274516878747
DEAP:S25:T23,DEAP:S25,T23,0,2.01,1,1,2,4,unexposed,baseline_relative_context,validation_familiar,0.1,0.9365488323124985,0.06345116768750148
DEAP:S25:T25,DEAP:S25,T25,0,4.96,1,1,2,4,unexposed,baseline_relative_context,validation_familiar,0.1,0.42959237082860535,0.5704076291713946
DEAP:S25:T26,DEAP:S25,T26,0,4.99,1,1,2,4,unexposed,baseline_relative_context,validation_familiar,0.1,0.229138044146858,0.770861955853142
DEAP:S25:T33,DEAP:S25,T33,0,1.94,1,1,2,4,unexposed,baseline_relative_context,validation_familiar,0.1,0.8996450036119514,0.10035499638804862
DEAP:S25:T35,DEAP:S25,T35,0,3.03,1,1,2,4,unexposed,baseline_relative_context,validation_familiar,0.1,0.888120939916072,0.11187906008392796
DEAP:S25:T37,DEAP:S25,T37,0,1.0,1,1,2,4,unexposed,baseline_relative_context,validation_familiar,0.1,0.4150442859142861,0.5849557140857139
DEAP:S25:T38,DEAP:S25,T38,0,1.0,1,1,2,4,unexposed,baseline_relative_context,validation_familiar,0.1,0.8610413099155442,0.13895869008445585
DEAP:S27:T01,DEAP:S27,T01,1,6.03,1,1,2,4,unexposed,baseline_relative_context,validation_familiar,0.1,0.10970224663010908,0.8902977533698909
DEAP:S27:T02,DEAP:S27,T02,1,7.0,1,1,2,4,unexposed,baseline_relative_context,validation_familiar,0.1,0.07390263324812107,0.9260973667518789
DEAP:S27:T08,DEAP:S27,T08,1,8.24,1,1,2,4,unexposed,baseline_relative_context,validation_familiar,0.1,0.17055795934097695,0.829442040659023
DEAP:S27:T10,DEAP:S27,T10,1,6.01,1,1,2,4,unexposed,baseline_relative_context,validation_familiar,0.1,0.3058128433424282,0.6941871566575718
DEAP:S27:T12,DEAP:S27,T12,0,4.18,1,1,2,4,unexposed,baseline_relative_context,validation_familiar,0.1,0.43348486607838643,0.5665151339216136
DEAP:S27:T14,DEAP:S27,T14,1,8.06,1,1,2,4,unexposed,baseline_relative_context,validation_familiar,0.1,0.06643091616478747,0.9335690838352125
DEAP:S27:T17,DEAP:S27,T17,1,9.0,1,1,2,4,unexposed,baseline_relative_context,validation_familiar,0.1,0.23074489945013166,0.7692551005498683
DEAP:S27:T20,DEAP:S27,T20,1,6.97,1,1,2,4,unexposed,baseline_relative_context,validation_familiar,0.1,0.2774416568831982,0.7225583431168018
DEAP:S27:T21,DEAP:S27,T21,1,9.0,1,1,2,4,unexposed,baseline_relative_context,validation_familiar,0.1,0.49436599634129275,0.5056340036587073
DEAP:S27:T23,DEAP:S27,T23,1,8.0,1,1,2,4,unexposed,baseline_relative_context,validation_familiar,0.1,0.9526167314513061,0.04738326854869391
DEAP:S27:T25,DEAP:S27,T25,0,4.0,1,1,2,4,unexposed,baseline_relative_context,validation_familiar,0.1,0.3520697854042403,0.6479302145957597
DEAP:S27:T26,DEAP:S27,T26,1,5.04,1,1,2,4,unexposed,baseline_relative_context,validation_familiar,0.1,0.3138285972032644,0.6861714027967356
DEAP:S27:T33,DEAP:S27,T33,1,5.04,1,1,2,4,unexposed,baseline_relative_context,validation_familiar,0.1,0.7095104664819922,0.2904895335180078
DEAP:S27:T35,DEAP:S27,T35,0,1.0,1,1,2,4,unexposed,baseline_relative_context,validation_familiar,0.1,0.8675451072715621,0.13245489272843788
DEAP:S27:T37,DEAP:S27,T37,0,2.99,1,1,2,4,unexposed,baseline_relative_context,validation_familiar,0.1,0.8664789888696367,0.13352101113036324
DEAP:S27:T38,DEAP:S27,T38,0,1.0,1,1,2,4,unexposed,baseline_relative_context,validation_familiar,0.1,0.16261977549217532,0.8373802245078247
DEAP:S29:T01,DEAP:S29,T01,1,6.06,1,1,2,4,unexposed,baseline_relative_context,validation_familiar,0.1,0.015872638426461028,0.984127361573539
DEAP:S29:T02,DEAP:S29,T02,1,7.05,1,1,2,4,unexposed,baseline_relative_context,validation_familiar,0.1,0.1099627294610368,0.8900372705389632
DEAP:S29:T08,DEAP:S29,T08,1,7.04,1,1,2,4,unexposed,baseline_relative_context,validation_familiar,0.1,0.014868168606162468,0.9851318313938375
DEAP:S29:T10,DEAP:S29,T10,1,7.01,1,1,2,4,unexposed,baseline_relative_context,validation_familiar,0.1,0.25335625164247566,0.7466437483575243
DEAP:S29:T12,DEAP:S29,T12,1,6.04,1,1,2,4,unexposed,baseline_relative_context,validation_familiar,0.1,0.09594418568502472,0.9040558143149753
DEAP:S29:T14,DEAP:S29,T14,1,8.06,1,1,2,4,unexposed,baseline_relative_context,validation_familiar,0.1,0.02497718567645979,0.9750228143235402
DEAP:S29:T17,DEAP:S29,T17,1,5.08,1,1,2,4,unexposed,baseline_relative_context,validation_familiar,0.1,0.12809033780628487,0.8719096621937151
DEAP:S29:T20,DEAP:S29,T20,1,8.03,1,1,2,4,unexposed,baseline_relative_context,validation_familiar,0.1,0.026809613714266378,0.9731903862857336
DEAP:S29:T21,DEAP:S29,T21,0,2.92,1,1,2,4,unexposed,baseline_relative_context,validation_familiar,0.1,0.9234662703972085,0.07653372960279142
DEAP:S29:T23,DEAP:S29,T23,0,2.05,1,1,2,4,unexposed,baseline_relative_context,validation_familiar,0.1,0.8950491918973758,0.10495080810262428
DEAP:S29:T25,DEAP:S29,T25,0,3.03,1,1,2,4,unexposed,baseline_relative_context,validation_familiar,0.1,0.16899288142625413,0.8310071185737459
DEAP:S29:T26,DEAP:S29,T26,0,3.0,1,1,2,4,unexposed,baseline_relative_context,validation_familiar,0.1,0.2846023683039418,0.7153976316960582
DEAP:S29:T33,DEAP:S29,T33,0,1.99,1,1,2,4,unexposed,baseline_relative_context,validation_familiar,0.1,0.3959838235065949,0.6040161764934051
DEAP:S29:T35,DEAP:S29,T35,0,1.92,1,1,2,4,unexposed,baseline_relative_context,validation_familiar,0.1,0.7541610445352231,0.24583895546477685
DEAP:S29:T37,DEAP:S29,T37,1,5.01,1,1,2,4,unexposed,baseline_relative_context,validation_familiar,0.1,0.7156407192858065,0.2843592807141934
DEAP:S29:T38,DEAP:S29,T38,0,1.88,1,1,2,4,unexposed,baseline_relative_context,validation_familiar,0.1,0.8224161638624501,0.17758383613754986
DEAP:S01:T01,DEAP:S01,T01,1,7.71,1,1,2,4,unexposed,baseline_relative_context,train,1.0,0.0033119125750206146,0.9966880874249794
DEAP:S01:T02,DEAP:S01,T02,1,8.1,1,1,2,4,unexposed,baseline_relative_context,train,1.0,0.07931591122215276,0.9206840887778472
DEAP:S01:T08,DEAP:S01,T08,1,7.32,1,1,2,4,unexposed,baseline_relative_context,train,1.0,0.015494748983661433,0.9845052510163386
DEAP:S01:T10,DEAP:S01,T10,0,1.99,1,1,2,4,unexposed,baseline_relative_context,train,1.0,0.7808233046079548,0.21917669539204523
DEAP:S01:T12,DEAP:S01,T12,0,2.71,1,1,2,4,unexposed,baseline_relative_context,train,1.0,0.17447028012041077,0.8255297198795892
DEAP:S01:T17,DEAP:S01,T17,0,2.46,1,1,2,4,unexposed,baseline_relative_context,train,1.0,0.09015839981564011,0.9098416001843599
DEAP:S01:T20,DEAP:S01,T20,1,8.26,1,1,2,4,unexposed,baseline_relative_context,train,1.0,0.01462813447410427,0.9853718655258957
DEAP:S01:T21,DEAP:S01,T21,1,9.0,1,1,2,4,unexposed,baseline_relative_context,train,1.0,0.5256923560108097,0.47430764398919034
DEAP:S01:T23,DEAP:S01,T23,1,8.15,1,1,2,4,unexposed,baseline_relative_context,train,1.0,0.8303263839915251,0.16967361600847483
DEAP:S01:T25,DEAP:S01,T25,1,8.86,1,1,2,4,unexposed,baseline_relative_context,train,1.0,0.14535944012511992,0.8546405598748801
DEAP:S01:T26,DEAP:S01,T26,1,7.28,1,1,2,4,unexposed,baseline_relative_context,train,1.0,0.21318429380748827,0.7868157061925117
DEAP:S01:T33,DEAP:S01,T33,0,3.81,1,1,2,4,unexposed,baseline_relative_context,train,1.0,0.9436175484221166,0.05638245157788335
DEAP:S01:T35,DEAP:S01,T35,0,2.06,1,1,2,4,unexposed,baseline_relative_context,train,1.0,0.9561074561186536,0.043892543881346426
DEAP:S01:T37,DEAP:S01,T37,0,2.31,1,1,2,4,unexposed,baseline_relative_context,train,1.0,0.37795706840717336,0.6220429315928266
DEAP:S01:T38,DEAP:S01,T38,0,3.33,1,1,2,4,unexposed,baseline_relative_context,train,1.0,0.9976188295522065,0.002381170447793508
DEAP:S02:T01,DEAP:S02,T01,1,9.0,1,1,2,4,unexposed,baseline_relative_context,train,1.0,0.13327066302078772,0.8667293369792123
DEAP:S02:T02,DEAP:S02,T02,1,8.01,1,1,2,4,unexposed,baseline_relative_context,train,1.0,0.010603050440303075,0.9893969495596969
DEAP:S02:T08,DEAP:S02,T08,1,9.0,1,1,2,4,unexposed,baseline_relative_context,train,1.0,0.015739896473907833,0.9842601035260922
DEAP:S02:T10,DEAP:S02,T10,0,4.99,1,1,2,4,unexposed,baseline_relative_context,train,1.0,0.4448868007925967,0.5551131992074033
DEAP:S02:T12,DEAP:S02,T12,1,8.01,1,1,2,4,unexposed,baseline_relative_context,train,1.0,0.03842297774235237,0.9615770222576476
DEAP:S02:T14,DEAP:S02,T14,1,8.94,1,1,2,4,unexposed,baseline_relative_context,train,1.0,0.04733639607958173,0.9526636039204183
DEAP:S02:T17,DEAP:S02,T17,1,9.0,1,1,2,4,unexposed,baseline_relative_context,train,1.0,0.12060255460545977,0.8793974453945402
DEAP:S02:T20,DEAP:S02,T20,1,8.97,1,1,2,4,unexposed,baseline_relative_context,train,1.0,0.09390471516938348,0.9060952848306165
DEAP:S02:T23,DEAP:S02,T23,0,1.0,1,1,2,4,unexposed,baseline_relative_context,train,1.0,0.9476114864547532,0.05238851354524673
DEAP:S02:T25,DEAP:S02,T25,1,9.0,1,1,2,4,unexposed,baseline_relative_context,train,1.0,0.48861424170171364,0.5113857582982864
DEAP:S02:T26,DEAP:S02,T26,1,9.0,1,1,2,4,unexposed,baseline_relative_context,train,1.0,0.6962540884318422,0.3037459115681577
DEAP:S02:T35,DEAP:S02,T35,0,1.99,1,1,2,4,unexposed,baseline_relative_context,train,1.0,0.7362609765804274,0.26373902341957256
DEAP:S03:T01,DEAP:S03,T01,1,5.33,1,1,2,4,unexposed,baseline_relative_context,train,1.0,0.005728853348224816,0.9942711466517752
DEAP:S03:T02,DEAP:S03,T02,1,7.21,1,1,2,4,unexposed,baseline_relative_context,train,1.0,0.322058159797739,0.677941840202261
DEAP:S03:T08,DEAP:S03,T08,1,7.14,1,1,2,4,unexposed,baseline_relative_context,train,1.0,0.10160403876591473,0.8983959612340853
DEAP:S03:T10,DEAP:S03,T10,0,4.45,1,1,2,4,unexposed,baseline_relative_context,train,1.0,0.46466674118558104,0.535333258814419
DEAP:S03:T12,DEAP:S03,T12,1,6.36,1,1,2,4,unexposed,baseline_relative_context,train,1.0,0.5052794242758981,0.4947205757241019
DEAP:S03:T14,DEAP:S03,T14,1,7.29,1,1,2,4,unexposed,baseline_relative_context,train,1.0,0.0018550846734319837,0.998144915326568
DEAP:S03:T17,DEAP:S03,T17,0,4.56,1,1,2,4,unexposed,baseline_relative_context,train,1.0,0.9649407153664673,0.03505928463353268
DEAP:S03:T20,DEAP:S03,T20,1,6.26,1,1,2,4,unexposed,baseline_relative_context,train,1.0,0.1538013638936091,0.8461986361063909
DEAP:S03:T23,DEAP:S03,T23,0,3.65,1,1,2,4,unexposed,baseline_relative_context,train,1.0,0.9699990343473595,0.030000965652640512
DEAP:S03:T25,DEAP:S03,T25,0,3.45,1,1,2,4,unexposed,baseline_relative_context,train,1.0,0.9005223638059396,0.09947763619406033
DEAP:S03:T26,DEAP:S03,T26,0,4.67,1,1,2,4,unexposed,baseline_relative_context,train,1.0,0.7430214417648124,0.25697855823518756
DEAP:S03:T35,DEAP:S03,T35,0,3.18,1,1,2,4,unexposed,baseline_relative_context,train,1.0,0.976212129130412,0.023787870869588015
DEAP:S03:T37,DEAP:S03,T37,0,4.92,1,1,2,4,unexposed,baseline_relative_context,train,1.0,0.9515508374517503,0.0484491625482497
DEAP:S03:T38,DEAP:S03,T38,0,4.53,1,1,2,4,unexposed,baseline_relative_context,train,1.0,0.9489413177657225,0.051058682234277446
DEAP:S04:T01,DEAP:S04,T01,1,6.68,1,1,2,4,unexposed,baseline_relative_context,train,1.0,0.04959439106243324,0.9504056089375668
DEAP:S04:T02,DEAP:S04,T02,0,4.06,1,1,2,4,unexposed,baseline_relative_context,train,1.0,0.5983074798390935,0.40169252016090656
DEAP:S04:T08,DEAP:S04,T08,1,5.97,1,1,2,4,unexposed,baseline_relative_context,train,1.0,0.03421740024697506,0.9657825997530249
DEAP:S04:T10,DEAP:S04,T10,0,3.15,1,1,2,4,unexposed,baseline_relative_context,train,1.0,0.7971956121782788,0.20280438782172117
DEAP:S04:T12,DEAP:S04,T12,1,5.04,1,1,2,4,unexposed,baseline_relative_context,train,1.0,0.23060788024021583,0.7693921197597842
DEAP:S04:T14,DEAP:S04,T14,1,6.96,1,1,2,4,unexposed,baseline_relative_context,train,1.0,0.06018185988390734,0.9398181401160927
DEAP:S04:T17,DEAP:S04,T17,1,7.01,1,1,2,4,unexposed,baseline_relative_context,train,1.0,0.37847206662875055,0.6215279333712495
DEAP:S04:T20,DEAP:S04,T20,1,8.17,1,1,2,4,unexposed,baseline_relative_context,train,1.0,0.017850545994888445,0.9821494540051116
DEAP:S04:T21,DEAP:S04,T21,0,1.77,1,1,2,4,unexposed,baseline_relative_context,train,1.0,0.9851212166153566,0.014878783384643397
DEAP:S04:T23,DEAP:S04,T23,0,1.86,1,1,2,4,unexposed,baseline_relative_context,train,1.0,0.9699363921123366,0.0300636078876634
DEAP:S04:T26,DEAP:S04,T26,1,6.0,1,1,2,4,unexposed,baseline_relative_context,train,1.0,0.25383643122891864,0.7461635687710814
DEAP:S04:T33,DEAP:S04,T33,0,1.0,1,1,2,4,unexposed,baseline_relative_context,train,1.0,0.7473539325381436,0.25264606746185636
DEAP:S04:T35,DEAP:S04,T35,0,2.03,1,1,2,4,unexposed,baseline_relative_context,train,1.0,0.9566993995659911,0.04330060043400882
DEAP:S04:T37,DEAP:S04,T37,0,1.0,1,1,2,4,unexposed,baseline_relative_context,train,1.0,0.9825490641430049,0.01745093585699508
DEAP:S04:T38,DEAP:S04,T38,0,1.79,1,1,2,4,unexposed,baseline_relative_context,train,1.0,0.8722395619538108,0.1277604380461892
DEAP:S05:T01,DEAP:S05,T01,1,6.97,1,1,2,4,unexposed,baseline_relative_context,train,1.0,0.038401201070354274,0.9615987989296457
DEAP:S05:T02,DEAP:S05,T02,1,9.0,1,1,2,4,unexposed,baseline_relative_context,train,1.0,0.1503500057665469,0.8496499942334531
DEAP:S05:T08,DEAP:S05,T08,1,8.17,1,1,2,4,unexposed,baseline_relative_context,train,1.0,0.01819667462752017,0.9818033253724798
DEAP:S05:T10,DEAP:S05,T10,0,3.03,1,1,2,4,unexposed,baseline_relative_context,train,1.0,0.7456262922029246,0.25437370779707535
DEAP:S05:T12,DEAP:S05,T12,1,7.08,1,1,2,4,unexposed,baseline_relative_context,train,1.0,0.018051756453103085,0.9819482435468969
DEAP:S05:T14,DEAP:S05,T14,1,7.21,1,1,2,4,unexposed,baseline_relative_context,train,1.0,0.017604506598461356,0.9823954934015386
DEAP:S05:T17,DEAP:S05,T17,1,6.88,1,1,2,4,unexposed,baseline_relative_context,train,1.0,0.0278321338170866,0.9721678661829134
DEAP:S05:T20,DEAP:S05,T20,1,7.0,1,1,2,4,unexposed,baseline_relative_context,train,1.0,0.22659947164470695,0.773400528355293
DEAP:S05:T23,DEAP:S05,T23,0,1.0,1,1,2,4,unexposed,baseline_relative_context,train,1.0,0.8763637364521528,0.12363626354784722
DEAP:S05:T25,DEAP:S05,T25,1,5.96,1,1,2,4,unexposed,baseline_relative_context,train,1.0,0.5221515023338233,0.47784849766617665
DEAP:S05:T26,DEAP:S05,T26,1,7.96,1,1,2,4,unexposed,baseline_relative_context,train,1.0,0.056700674916073,0.943299325083927
DEAP:S05:T33,DEAP:S05,T33,1,5.17,1,1,2,4,unexposed,baseline_relative_context,train,1.0,0.5474236149143497,0.4525763850856504
DEAP:S05:T35,DEAP:S05,T35,0,4.86,1,1,2,4,unexposed,baseline_relative_context,train,1.0,0.9884381201733035,0.011561879826696531
DEAP:S05:T37,DEAP:S05,T37,0,1.91,1,1,2,4,unexposed,baseline_relative_context,train,1.0,0.7600371570322618,0.23996284296773815
DEAP:S05:T38,DEAP:S05,T38,0,1.0,1,1,2,4,unexposed,baseline_relative_context,train,1.0,0.8758707986377773,0.12412920136222273
DEAP:S06:T01,DEAP:S06,T01,1,8.19,1,1,2,4,unexposed,baseline_relative_context,train,1.0,0.015099800872810043,0.98490019912719
DEAP:S06:T02,DEAP:S06,T02,1,6.83,1,1,2,4,unexposed,baseline_relative_context,train,1.0,0.027317663208685894,0.9726823367913141
DEAP:S06:T08,DEAP:S06,T08,1,7.05,1,1,2,4,unexposed,baseline_relative_context,train,1.0,0.008272540798747285,0.9917274592012527
DEAP:S06:T10,DEAP:S06,T10,1,7.37,1,1,2,4,unexposed,baseline_relative_context,train,1.0,0.14100858328362909,0.8589914167163709
DEAP:S06:T12,DEAP:S06,T12,1,7.17,1,1,2,4,unexposed,baseline_relative_context,train,1.0,0.04740763725088337,0.9525923627491166
DEAP:S06:T14,DEAP:S06,T14,1,6.32,1,1,2,4,unexposed,baseline_relative_context,train,1.0,0.0004442754946335503,0.9995557245053664
DEAP:S06:T17,DEAP:S06,T17,1,6.72,1,1,2,4,unexposed,baseline_relative_context,train,1.0,0.04703598234304651,0.9529640176569535
DEAP:S06:T20,DEAP:S06,T20,1,5.01,1,1,2,4,unexposed,baseline_relative_context,train,1.0,0.38246076776236004,0.61753923223764
DEAP:S06:T21,DEAP:S06,T21,1,6.28,1,1,2,4,unexposed,baseline_relative_context,train,1.0,0.35756707509027796,0.642432924909722
DEAP:S06:T23,DEAP:S06,T23,0,3.47,1,1,2,4,unexposed,baseline_relative_context,train,1.0,0.8273192301728725,0.17268076982712757
DEAP:S06:T25,DEAP:S06,T25,1,7.09,1,1,2,4,unexposed,baseline_relative_context,train,1.0,0.705456301675879,0.29454369832412103
DEAP:S06:T26,DEAP:S06,T26,1,5.08,1,1,2,4,unexposed,baseline_relative_context,train,1.0,0.3209923746817124,0.6790076253182876
DEAP:S06:T33,DEAP:S06,T33,1,6.68,1,1,2,4,unexposed,baseline_relative_context,train,1.0,0.3107371474035975,0.6892628525964025
DEAP:S06:T37,DEAP:S06,T37,0,4.83,1,1,2,4,unexposed,baseline_relative_context,train,1.0,0.8959637314730187,0.10403626852698138
DEAP:S06:T38,DEAP:S06,T38,0,4.44,1,1,2,4,unexposed,baseline_relative_context,train,1.0,0.959653567280371,0.04034643271962897
DEAP:S07:T01,DEAP:S07,T01,1,8.1,1,1,2,4,unexposed,baseline_relative_context,train,1.0,0.004645238215841618,0.9953547617841584
DEAP:S07:T02,DEAP:S07,T02,1,7.15,1,1,2,4,unexposed,baseline_relative_context,train,1.0,0.01953509257977748,0.9804649074202225
DEAP:S07:T08,DEAP:S07,T08,1,7.0,1,1,2,4,unexposed,baseline_relative_context,train,1.0,0.0067914133073242455,0.9932085866926758
DEAP:S07:T10,DEAP:S07,T10,1,7.09,1,1,2,4,unexposed,baseline_relative_context,train,1.0,0.3816682721149268,0.6183317278850732
DEAP:S07:T12,DEAP:S07,T12,1,6.99,1,1,2,4,unexposed,baseline_relative_context,train,1.0,0.14397206083115432,0.8560279391688457
DEAP:S07:T14,DEAP:S07,T14,1,7.09,1,1,2,4,unexposed,baseline_relative_context,train,1.0,0.004024180446651315,0.9959758195533487
DEAP:S07:T17,DEAP:S07,T17,1,7.12,1,1,2,4,unexposed,baseline_relative_context,train,1.0,0.29366108799741797,0.706338912002582
DEAP:S07:T20,DEAP:S07,T20,1,8.06,1,1,2,4,unexposed,baseline_relative_context,train,1.0,0.16276413237133702,0.837235867628663
DEAP:S07:T21,DEAP:S07,T21,0,3.12,1,1,2,4,unexposed,baseline_relative_context,train,1.0,0.7027511820022134,0.29724881799778663
DEAP:S07:T23,DEAP:S07,T23,0,3.01,1,1,2,4,unexposed,baseline_relative_context,train,1.0,0.9321817482932646,0.06781825170673535
DEAP:S07:T25,DEAP:S07,T25,0,2.99,1,1,2,4,unexposed,baseline_relative_context,train,1.0,0.8872223580399965,0.11277764196000346
DEAP:S07:T26,DEAP:S07,T26,0,2.0,1,1,2,4,unexposed,baseline_relative_context,train,1.0,0.9292101054620066,0.07078989453799349
DEAP:S07:T33,DEAP:S07,T33,0,4.97,1,1,2,4,unexposed,baseline_relative_context,train,1.0,0.9558598222083314,0.04414017779166862
DEAP:S07:T35,DEAP:S07,T35,1,5.01,1,1,2,4,unexposed,baseline_relative_context,train,1.0,0.6338425456036672,0.3661574543963328
DEAP:S07:T37,DEAP:S07,T37,1,5.05,1,1,2,4,unexposed,baseline_relative_context,train,1.0,0.28759799880120185,0.7124020011987982
DEAP:S08:T01,DEAP:S08,T01,1,7.6,1,1,2,4,unexposed,baseline_relative_context,train,1.0,0.20192712012379832,0.7980728798762017
DEAP:S08:T02,DEAP:S08,T02,1,5.04,1,1,2,4,unexposed,baseline_relative_context,train,1.0,0.0006441206327114646,0.9993558793672885
DEAP:S08:T08,DEAP:S08,T08,1,8.82,1,1,2,4,unexposed,baseline_relative_context,train,1.0,0.047745261370670256,0.9522547386293297
DEAP:S08:T10,DEAP:S08,T10,0,4.97,1,1,2,4,unexposed,baseline_relative_context,train,1.0,0.318264411375367,0.681735588624633
DEAP:S08:T12,DEAP:S08,T12,1,8.47,1,1,2,4,unexposed,baseline_relative_context,train,1.0,0.026551992210359088,0.9734480077896409
DEAP:S08:T14,DEAP:S08,T14,1,6.88,1,1,2,4,unexposed,baseline_relative_context,train,1.0,0.04259396209858246,0.9574060379014175
DEAP:S08:T17,DEAP:S08,T17,1,6.67,1,1,2,4,unexposed,baseline_relative_context,train,1.0,0.04460798733296445,0.9553920126670356
DEAP:S08:T20,DEAP:S08,T20,1,6.74,1,1,2,4,unexposed,baseline_relative_context,train,1.0,0.060193536565755656,0.9398064634342443
DEAP:S08:T21,DEAP:S08,T21,0,4.68,1,1,2,4,unexposed,baseline_relative_context,train,1.0,0.730725466873178,0.269274533126822
DEAP:S08:T23,DEAP:S08,T23,0,3.59,1,1,2,4,unexposed,baseline_relative_context,train,1.0,0.996702021699596,0.003297978300403971
DEAP:S08:T25,DEAP:S08,T25,0,3.72,1,1,2,4,unexposed,baseline_relative_context,train,1.0,0.855532499023525,0.14446750097647498
DEAP:S08:T26,DEAP:S08,T26,0,4.99,1,1,2,4,unexposed,baseline_relative_context,train,1.0,0.989360794078584,0.010639205921415975
DEAP:S08:T33,DEAP:S08,T33,0,4.44,1,1,2,4,unexposed,baseline_relative_context,train,1.0,0.9507808549947462,0.04921914500525378
DEAP:S08:T35,DEAP:S08,T35,0,3.62,1,1,2,4,unexposed,baseline_relative_context,train,1.0,0.8367173913999482,0.1632826086000518
DEAP:S08:T37,DEAP:S08,T37,1,5.06,1,1,2,4,unexposed,baseline_relative_context,train,1.0,0.8121731578897377,0.18782684211026235
DEAP:S08:T38,DEAP:S08,T38,0,4.72,1,1,2,4,unexposed,baseline_relative_context,train,1.0,0.9478686584204853,0.052131341579514684
DEAP:S09:T01,DEAP:S09,T01,1,5.05,1,1,2,4,unexposed,baseline_relative_context,train,1.0,0.10297396375986578,0.8970260362401342
DEAP:S09:T02,DEAP:S09,T02,1,7.08,1,1,2,4,unexposed,baseline_relative_context,train,1.0,0.17574855093437247,0.8242514490656275
DEAP:S09:T08,DEAP:S09,T08,1,6.15,1,1,2,4,unexposed,baseline_relative_context,train,1.0,0.0247987014017107,0.9752012985982893
DEAP:S09:T10,DEAP:S09,T10,0,3.94,1,1,2,4,unexposed,baseline_relative_context,train,1.0,0.9442787638968283,0.05572123610317169
DEAP:S09:T12,DEAP:S09,T12,1,7.08,1,1,2,4,unexposed,baseline_relative_context,train,1.0,0.05729062251441652,0.9427093774855835
DEAP:S09:T14,DEAP:S09,T14,1,7.0,1,1,2,4,unexposed,baseline_relative_context,train,1.0,0.0267140646810482,0.9732859353189518
DEAP:S09:T17,DEAP:S09,T17,1,6.03,1,1,2,4,unexposed,baseline_relative_context,train,1.0,0.44689389712767436,0.5531061028723256
DEAP:S09:T20,DEAP:S09,T20,1,5.12,1,1,2,4,unexposed,baseline_relative_context,train,1.0,0.08047332437265331,0.9195266756273467
DEAP:S09:T21,DEAP:S09,T21,0,4.04,1,1,2,4,unexposed,baseline_relative_context,train,1.0,0.8992579087309521,0.10074209126904786
DEAP:S09:T25,DEAP:S09,T25,1,5.04,1,1,2,4,unexposed,baseline_relative_context,train,1.0,0.5571134372393776,0.44288656276062244
DEAP:S09:T26,DEAP:S09,T26,0,4.1,1,1,2,4,unexposed,baseline_relative_context,train,1.0,0.425161579169842,0.574838420830158
DEAP:S09:T33,DEAP:S09,T33,0,3.08,1,1,2,4,unexposed,baseline_relative_context,train,1.0,0.7767178634430797,0.22328213655692028
DEAP:S09:T35,DEAP:S09,T35,0,3.01,1,1,2,4,unexposed,baseline_relative_context,train,1.0,0.909080496407495,0.09091950359250506
DEAP:S09:T37,DEAP:S09,T37,0,2.99,1,1,2,4,unexposed,baseline_relative_context,train,1.0,0.8728164205138036,0.12718357948619644
DEAP:S09:T38,DEAP:S09,T38,0,2.92,1,1,2,4,unexposed,baseline_relative_context,train,1.0,0.996790167021118,0.0032098329788820125
DEAP:S10:T01,DEAP:S10,T01,1,7.91,1,1,2,4,unexposed,baseline_relative_context,train,1.0,0.0013625472217367873,0.9986374527782632
DEAP:S10:T08,DEAP:S10,T08,1,5.68,1,1,2,4,unexposed,baseline_relative_context,train,1.0,0.026239549170253285,0.9737604508297467
DEAP:S10:T10,DEAP:S10,T10,1,5.94,1,1,2,4,unexposed,baseline_relative_context,train,1.0,0.3527103851346082,0.6472896148653918
DEAP:S10:T12,DEAP:S10,T12,1,5.37,1,1,2,4,unexposed,baseline_relative_context,train,1.0,0.20993127638482567,0.7900687236151743
DEAP:S10:T14,DEAP:S10,T14,1,8.81,1,1,2,4,unexposed,baseline_relative_context,train,1.0,0.18701324025919497,0.812986759740805
DEAP:S10:T17,DEAP:S10,T17,0,4.95,1,1,2,4,unexposed,baseline_relative_context,train,1.0,0.6730287567858217,0.3269712432141783
DEAP:S10:T20,DEAP:S10,T20,1,5.58,1,1,2,4,unexposed,baseline_relative_context,train,1.0,0.08784162790725092,0.9121583720927491
DEAP:S10:T21,DEAP:S10,T21,0,2.97,1,1,2,4,unexposed,baseline_relative_context,train,1.0,0.9996788766114864,0.0003211233885136444
DEAP:S10:T25,DEAP:S10,T25,0,1.92,1,1,2,4,unexposed,baseline_relative_context,train,1.0,0.991771890265057,0.008228109734943038
DEAP:S10:T33,DEAP:S10,T33,0,4.94,1,1,2,4,unexposed,baseline_relative_context,train,1.0,0.9733183478537061,0.026681652146293904
DEAP:S10:T35,DEAP:S10,T35,0,1.38,1,1,2,4,unexposed,baseline_relative_context,train,1.0,0.892673023598663,0.10732697640133705
DEAP:S10:T37,DEAP:S10,T37,0,2.92,1,1,2,4,unexposed,baseline_relative_context,train,1.0,0.9702476250638339,0.029752374936166073
DEAP:S10:T38,DEAP:S10,T38,0,1.91,1,1,2,4,unexposed,baseline_relative_context,train,1.0,0.987619170570595,0.012380829429405039
DEAP:S13:T01,DEAP:S13,T01,1,6.15,1,1,2,4,unexposed,baseline_relative_context,train,1.0,0.30666610227842983,0.6933338977215702
DEAP:S13:T02,DEAP:S13,T02,0,4.03,1,1,2,4,unexposed,baseline_relative_context,train,1.0,0.33480106239233587,0.6651989376076641
DEAP:S13:T08,DEAP:S13,T08,1,7.99,1,1,2,4,unexposed,baseline_relative_context,train,1.0,0.015039609663326625,0.9849603903366734
DEAP:S13:T10,DEAP:S13,T10,0,4.01,1,1,2,4,unexposed,baseline_relative_context,train,1.0,0.901551873519336,0.098448126480664
DEAP:S13:T12,DEAP:S13,T12,1,5.08,1,1,2,4,unexposed,baseline_relative_context,train,1.0,0.3955302985368634,0.6044697014631366
DEAP:S13:T14,DEAP:S13,T14,1,7.97,1,1,2,4,unexposed,baseline_relative_context,train,1.0,0.02414728208590966,0.9758527179140903
DEAP:S13:T17,DEAP:S13,T17,1,5.99,1,1,2,4,unexposed,baseline_relative_context,train,1.0,0.3624261567718515,0.6375738432281485
DEAP:S13:T20,DEAP:S13,T20,1,7.6,1,1,2,4,unexposed,baseline_relative_context,train,1.0,0.14988419357100669,0.8501158064289933
DEAP:S13:T21,DEAP:S13,T21,0,2.0,1,1,2,4,unexposed,baseline_relative_context,train,1.0,0.9451218885179726,0.054878111482027314
DEAP:S13:T25,DEAP:S13,T25,0,3.97,1,1,2,4,unexposed,baseline_relative_context,train,1.0,0.9307087782168875,0.06929122178311253
DEAP:S13:T26,DEAP:S13,T26,1,5.04,1,1,2,4,unexposed,baseline_relative_context,train,1.0,0.18227963945894288,0.8177203605410571
DEAP:S13:T33,DEAP:S13,T33,0,4.55,1,1,2,4,unexposed,baseline_relative_context,train,1.0,0.7222455753344841,0.2777544246655159
DEAP:S13:T35,DEAP:S13,T35,0,1.0,1,1,2,4,unexposed,baseline_relative_context,train,1.0,0.9098507930389408,0.0901492069610592
DEAP:S13:T37,DEAP:S13,T37,0,1.0,1,1,2,4,unexposed,baseline_relative_context,train,1.0,0.9664697414716074,0.033530258528392635
DEAP:S13:T38,DEAP:S13,T38,0,1.0,1,1,2,4,unexposed,baseline_relative_context,train,1.0,0.8642588722634127,0.13574112773658728
DEAP:S15:T01,DEAP:S15,T01,1,8.9,1,1,2,4,unexposed,baseline_relative_context,train,1.0,0.0011376634977615652,0.9988623365022384
DEAP:S15:T02,DEAP:S15,T02,1,5.04,1,1,2,4,unexposed,baseline_relative_context,train,1.0,0.0522443282700058,0.9477556717299942
DEAP:S15:T08,DEAP:S15,T08,1,9.0,1,1,2,4,unexposed,baseline_relative_context,train,1.0,0.032259171910113627,0.9677408280898864
DEAP:S15:T10,DEAP:S15,T10,0,4.99,1,1,2,4,unexposed,baseline_relative_context,train,1.0,0.6412748869465027,0.3587251130534973
DEAP:S15:T12,DEAP:S15,T12,1,7.08,1,1,2,4,unexposed,baseline_relative_context,train,1.0,0.014748317351878315,0.9852516826481217
DEAP:S15:T14,DEAP:S15,T14,1,8.15,1,1,2,4,unexposed,baseline_relative_context,train,1.0,0.061405423674663284,0.9385945763253367
DEAP:S15:T17,DEAP:S15,T17,1,8.1,1,1,2,4,unexposed,baseline_relative_context,train,1.0,0.18496626138472338,0.8150337386152766
DEAP:S15:T20,DEAP:S15,T20,1,7.97,1,1,2,4,unexposed,baseline_relative_context,train,1.0,0.13856354525310222,0.8614364547468978
DEAP:S15:T21,DEAP:S15,T21,0,3.09,1,1,2,4,unexposed,baseline_relative_context,train,1.0,0.6848647709794848,0.3151352290205152
DEAP:S15:T23,DEAP:S15,T23,0,3.05,1,1,2,4,unexposed,baseline_relative_context,train,1.0,0.8596499679298366,0.14035003207016336
DEAP:S15:T25,DEAP:S15,T25,0,2.96,1,1,2,4,unexposed,baseline_relative_context,train,1.0,0.8956264896279423,0.10437351037205765
DEAP:S15:T26,DEAP:S15,T26,0,4.96,1,1,2,4,unexposed,baseline_relative_context,train,1.0,0.9004188087850731,0.09958119121492691
DEAP:S15:T35,DEAP:S15,T35,1,5.05,1,1,2,4,unexposed,baseline_relative_context,train,1.0,0.3911891847850051,0.6088108152149949
DEAP:S15:T37,DEAP:S15,T37,0,3.04,1,1,2,4,unexposed,baseline_relative_context,train,1.0,0.9968968615778959,0.003103138422104037
DEAP:S15:T38,DEAP:S15,T38,0,2.08,1,1,2,4,unexposed,baseline_relative_context,train,1.0,0.9958976019876663,0.00410239801233367
DEAP:S16:T01,DEAP:S16,T01,0,2.51,1,1,2,4,unexposed,baseline_relative_context,train,1.0,0.20909064253396348,0.7909093574660365
DEAP:S16:T02,DEAP:S16,T02,1,6.45,1,1,2,4,unexposed,baseline_relative_context,train,1.0,0.20045946156906436,0.7995405384309356
DEAP:S16:T10,DEAP:S16,T10,1,5.14,1,1,2,4,unexposed,baseline_relative_context,train,1.0,0.5245745104498464,0.4754254895501536
DEAP:S16:T12,DEAP:S16,T12,1,5.97,1,1,2,4,unexposed,baseline_relative_context,train,1.0,0.07612194905602754,0.9238780509439725
DEAP:S16:T14,DEAP:S16,T14,0,3.64,1,1,2,4,unexposed,baseline_relative_context,train,1.0,0.4210453341766086,0.5789546658233914
DEAP:S16:T17,DEAP:S16,T17,0,1.21,1,1,2,4,unexposed,baseline_relative_context,train,1.0,0.6274248467637527,0.3725751532362474
DEAP:S16:T20,DEAP:S16,T20,0,3.82,1,1,2,4,unexposed,baseline_relative_context,train,1.0,0.6831718013418475,0.3168281986581524
DEAP:S16:T21,DEAP:S16,T21,0,4.42,1,1,2,4,unexposed,baseline_relative_context,train,1.0,0.8286406633296055,0.17135933667039455
DEAP:S16:T23,DEAP:S16,T23,0,3.9,1,1,2,4,unexposed,baseline_relative_context,train,1.0,0.7827821471587555,0.21721785284124445
DEAP:S16:T25,DEAP:S16,T25,0,2.47,1,1,2,4,unexposed,baseline_relative_context,train,1.0,0.6517994063104242,0.34820059368957584
DEAP:S16:T26,DEAP:S16,T26,0,1.82,1,1,2,4,unexposed,baseline_relative_context,train,1.0,0.9159424952968902,0.0840575047031098
DEAP:S16:T33,DEAP:S16,T33,0,1.0,1,1,2,4,unexposed,baseline_relative_context,train,1.0,0.751995214195108,0.24800478580489205
DEAP:S16:T35,DEAP:S16,T35,0,1.0,1,1,2,4,unexposed,baseline_relative_context,train,1.0,0.8986997410380165,0.10130025896198347
DEAP:S16:T37,DEAP:S16,T37,1,6.09,1,1,2,4,unexposed,baseline_relative_context,train,1.0,0.9156798590802935,0.0843201409197065
DEAP:S17:T01,DEAP:S17,T01,0,4.05,1,1,2,4,unexposed,baseline_relative_context,train,1.0,0.16168391069464616,0.8383160893053538
DEAP:S17:T02,DEAP:S17,T02,1,7.26,1,1,2,4,unexposed,baseline_relative_context,train,1.0,0.4289820024393768,0.5710179975606232
DEAP:S17:T08,DEAP:S17,T08,1,6.05,1,1,2,4,unexposed,baseline_relative_context,train,1.0,0.19872016448768048,0.8012798355123195
DEAP:S17:T10,DEAP:S17,T10,1,6.09,1,1,2,4,unexposed,baseline_relative_context,train,1.0,0.3491780926758674,0.6508219073241326
DEAP:S17:T12,DEAP:S17,T12,1,5.96,1,1,2,4,unexposed,baseline_relative_context,train,1.0,0.07723470086930073,0.9227652991306993
DEAP:S17:T14,DEAP:S17,T14,1,6.58,1,1,2,4,unexposed,baseline_relative_context,train,1.0,0.16032211332945523,0.8396778866705448
DEAP:S17:T17,DEAP:S17,T17,0,4.12,1,1,2,4,unexposed,baseline_relative_context,train,1.0,0.4177683044710797,0.5822316955289203
DEAP:S17:T20,DEAP:S17,T20,1,7.03,1,1,2,4,unexposed,baseline_relative_context,train,1.0,0.08799515103466149,0.9120048489653385
DEAP:S17:T21,DEAP:S17,T21,0,4.0,1,1,2,4,unexposed,baseline_relative_context,train,1.0,0.9639820823305908,0.03601791766940918
DEAP:S17:T23,DEAP:S17,T23,0,3.62,1,1,2,4,unexposed,baseline_relative_context,train,1.0,0.8739025014718524,0.12609749852814753
DEAP:S17:T25,DEAP:S17,T25,1,6.18,1,1,2,4,unexposed,baseline_relative_context,train,1.0,0.46143651692211607,0.5385634830778839
DEAP:S17:T26,DEAP:S17,T26,0,3.73,1,1,2,4,unexposed,baseline_relative_context,train,1.0,0.9306409126344087,0.06935908736559131
DEAP:S17:T33,DEAP:S17,T33,0,3.83,1,1,2,4,unexposed,baseline_relative_context,train,1.0,0.9257702856198067,0.07422971438019331
DEAP:S17:T35,DEAP:S17,T35,0,4.17,1,1,2,4,unexposed,baseline_relative_context,train,1.0,0.99478292101497,0.005217078985029991
DEAP:S17:T37,DEAP:S17,T37,0,3.46,1,1,2,4,unexposed,baseline_relative_context,train,1.0,0.9946397628328765,0.005360237167123498
DEAP:S17:T38,DEAP:S17,T38,0,3.6,1,1,2,4,unexposed,baseline_relative_context,train,1.0,0.9896288849014884,0.010371115098511586
DEAP:S19:T01,DEAP:S19,T01,1,7.44,1,1,2,4,unexposed,baseline_relative_context,train,1.0,0.011518593944492839,0.9884814060555072
DEAP:S19:T02,DEAP:S19,T02,1,6.46,1,1,2,4,unexposed,baseline_relative_context,train,1.0,0.008092201277263289,0.9919077987227367
DEAP:S19:T08,DEAP:S19,T08,1,7.44,1,1,2,4,unexposed,baseline_relative_context,train,1.0,0.03707317990330483,0.9629268200966952
DEAP:S19:T10,DEAP:S19,T10,1,5.01,1,1,2,4,unexposed,baseline_relative_context,train,1.0,0.13898140797932934,0.8610185920206707
DEAP:S19:T12,DEAP:S19,T12,1,6.26,1,1,2,4,unexposed,baseline_relative_context,train,1.0,0.005550159524699283,0.9944498404753007
DEAP:S19:T14,DEAP:S19,T14,1,6.76,1,1,2,4,unexposed,baseline_relative_context,train,1.0,0.15139660662290588,0.8486033933770941
DEAP:S19:T17,DEAP:S19,T17,1,7.38,1,1,2,4,unexposed,baseline_relative_context,train,1.0,0.2995347065741265,0.7004652934258735
DEAP:S19:T20,DEAP:S19,T20,1,6.13,1,1,2,4,unexposed,baseline_relative_context,train,1.0,0.1345935435976865,0.8654064564023135
DEAP:S19:T21,DEAP:S19,T21,0,2.19,1,1,2,4,unexposed,baseline_relative_context,train,1.0,0.7885520846816263,0.2114479153183737
DEAP:S19:T23,DEAP:S19,T23,0,3.77,1,1,2,4,unexposed,baseline_relative_context,train,1.0,0.9801779965248425,0.019822003475157446
DEAP:S19:T25,DEAP:S19,T25,0,2.19,1,1,2,4,unexposed,baseline_relative_context,train,1.0,0.8106234945654701,0.18937650543452986
DEAP:S19:T33,DEAP:S19,T33,0,3.4,1,1,2,4,unexposed,baseline_relative_context,train,1.0,0.8598463934478168,0.14015360655218326
DEAP:S19:T35,DEAP:S19,T35,0,3.21,1,1,2,4,unexposed,baseline_relative_context,train,1.0,0.8683415822502875,0.13165841774971257
DEAP:S19:T37,DEAP:S19,T37,0,3.15,1,1,2,4,unexposed,baseline_relative_context,train,1.0,0.7028087768971397,0.2971912231028603
DEAP:S19:T38,DEAP:S19,T38,0,1.62,1,1,2,4,unexposed,baseline_relative_context,train,1.0,0.9288544572525783,0.07114554274742166
DEAP:S20:T01,DEAP:S20,T01,1,5.76,1,1,2,4,unexposed,baseline_relative_context,train,1.0,0.03234630347511813,0.9676536965248819
DEAP:S20:T02,DEAP:S20,T02,1,6.77,1,1,2,4,unexposed,baseline_relative_context,train,1.0,0.10299499997662143,0.8970050000233786
DEAP:S20:T08,DEAP:S20,T08,1,7.63,1,1,2,4,unexposed,baseline_relative_context,train,1.0,0.0002952442190082838,0.9997047557809917
DEAP:S20:T10,DEAP:S20,T10,1,5.13,1,1,2,4,unexposed,baseline_relative_context,train,1.0,0.23962732823311372,0.7603726717668863
DEAP:S20:T12,DEAP:S20,T12,1,7.64,1,1,2,4,unexposed,baseline_relative_context,train,1.0,0.05650977125434242,0.9434902287456576
DEAP:S20:T14,DEAP:S20,T14,1,6.4,1,1,2,4,unexposed,baseline_relative_context,train,1.0,0.023878614122315178,0.9761213858776848
DEAP:S20:T17,DEAP:S20,T17,1,5.04,1,1,2,4,unexposed,baseline_relative_context,train,1.0,0.12503547052054287,0.8749645294794571
DEAP:S20:T20,DEAP:S20,T20,1,6.65,1,1,2,4,unexposed,baseline_relative_context,train,1.0,0.1349613876448852,0.8650386123551148
DEAP:S20:T21,DEAP:S20,T21,0,4.97,1,1,2,4,unexposed,baseline_relative_context,train,1.0,0.9850990391825356,0.014900960817464372
DEAP:S20:T23,DEAP:S20,T23,0,2.82,1,1,2,4,unexposed,baseline_relative_context,train,1.0,0.9845447252244609,0.015455274775539119
DEAP:S20:T25,DEAP:S20,T25,0,2.99,1,1,2,4,unexposed,baseline_relative_context,train,1.0,0.8011984755959057,0.1988015244040943
DEAP:S20:T26,DEAP:S20,T26,0,4.31,1,1,2,4,unexposed,baseline_relative_context,train,1.0,0.555762979847082,0.44423702015291794
DEAP:S20:T33,DEAP:S20,T33,0,4.64,1,1,2,4,unexposed,baseline_relative_context,train,1.0,0.6458693840407902,0.3541306159592098
DEAP:S20:T35,DEAP:S20,T35,0,4.35,1,1,2,4,unexposed,baseline_relative_context,train,1.0,0.7760645172162486,0.22393548278375147
DEAP:S20:T37,DEAP:S20,T37,0,3.01,1,1,2,4,unexposed,baseline_relative_context,train,1.0,0.9896293009795648,0.010370699020435222
DEAP:S20:T38,DEAP:S20,T38,0,3.38,1,1,2,4,unexposed,baseline_relative_context,train,1.0,0.8782143858951945,0.12178561410480546
DEAP:S21:T01,DEAP:S21,T01,1,6.42,1,1,2,4,unexposed,baseline_relative_context,train,1.0,0.055936820994508585,0.9440631790054914
DEAP:S21:T02,DEAP:S21,T02,1,7.05,1,1,2,4,unexposed,baseline_relative_context,train,1.0,0.026857454346429055,0.973142545653571
DEAP:S21:T08,DEAP:S21,T08,1,8.81,1,1,2,4,unexposed,baseline_relative_context,train,1.0,0.005551799635897803,0.9944482003641022
DEAP:S21:T10,DEAP:S21,T10,1,7.05,1,1,2,4,unexposed,baseline_relative_context,train,1.0,0.14816460422043742,0.8518353957795626
DEAP:S21:T12,DEAP:S21,T12,0,4.63,1,1,2,4,unexposed,baseline_relative_context,train,1.0,0.10813559653054317,0.8918644034694568
DEAP:S21:T14,DEAP:S21,T14,1,8.1,1,1,2,4,unexposed,baseline_relative_context,train,1.0,0.05558713173445806,0.9444128682655419
DEAP:S21:T17,DEAP:S21,T17,1,5.53,1,1,2,4,unexposed,baseline_relative_context,train,1.0,0.2383671292923113,0.7616328707076887
DEAP:S21:T20,DEAP:S21,T20,0,2.33,1,1,2,4,unexposed,baseline_relative_context,train,1.0,0.6514981085694775,0.3485018914305224
DEAP:S21:T23,DEAP:S21,T23,0,4.69,1,1,2,4,unexposed,baseline_relative_context,train,1.0,0.8121558896571114,0.18784411034288861
DEAP:S21:T25,DEAP:S21,T25,0,3.97,1,1,2,4,unexposed,baseline_relative_context,train,1.0,0.805922719784535,0.194077280215465
DEAP:S21:T26,DEAP:S21,T26,0,4.06,1,1,2,4,unexposed,baseline_relative_context,train,1.0,0.6280373334195135,0.37196266658048655
DEAP:S21:T33,DEAP:S21,T33,1,7.03,1,1,2,4,unexposed,baseline_relative_context,train,1.0,0.46269974360414534,0.5373002563958547
DEAP:S21:T35,DEAP:S21,T35,0,4.92,1,1,2,4,unexposed,baseline_relative_context,train,1.0,0.742610745773535,0.25738925422646497
DEAP:S21:T37,DEAP:S21,T37,0,3.04,1,1,2,4,unexposed,baseline_relative_context,train,1.0,0.8132640879140851,0.18673591208591492
DEAP:S21:T38,DEAP:S21,T38,0,3.03,1,1,2,4,unexposed,baseline_relative_context,train,1.0,0.9906531805291096,0.009346819470890447
DEAP:S22:T01,DEAP:S22,T01,1,5.05,1,1,2,4,unexposed,baseline_relative_context,train,1.0,0.09128169680128562,0.9087183031987144
DEAP:S22:T02,DEAP:S22,T02,1,7.08,1,1,2,4,unexposed,baseline_relative_context,train,1.0,0.5915948024755033,0.40840519752449667
DEAP:S22:T08,DEAP:S22,T08,1,7.09,1,1,2,4,unexposed,baseline_relative_context,train,1.0,0.008106905004442111,0.9918930949955579
DEAP:S22:T10,DEAP:S22,T10,0,4.0,1,1,2,4,unexposed,baseline_relative_context,train,1.0,0.8731973575143459,0.12680264248565407
DEAP:S22:T12,DEAP:S22,T12,0,4.99,1,1,2,4,unexposed,baseline_relative_context,train,1.0,0.28480150561793527,0.7151984943820647
DEAP:S22:T14,DEAP:S22,T14,1,8.05,1,1,2,4,unexposed,baseline_relative_context,train,1.0,0.04444879043327021,0.9555512095667298
DEAP:S22:T17,DEAP:S22,T17,1,5.04,1,1,2,4,unexposed,baseline_relative_context,train,1.0,0.3245476652287471,0.6754523347712529
DEAP:S22:T20,DEAP:S22,T20,1,7.08,1,1,2,4,unexposed,baseline_relative_context,train,1.0,0.16322351182252914,0.8367764881774709
DEAP:S22:T21,DEAP:S22,T21,0,2.97,1,1,2,4,unexposed,baseline_relative_context,train,1.0,0.8512596370261616,0.14874036297383847
DEAP:S22:T23,DEAP:S22,T23,0,2.99,1,1,2,4,unexposed,baseline_relative_context,train,1.0,0.9828864944261604,0.01711350557383964
DEAP:S22:T25,DEAP:S22,T25,0,2.95,1,1,2,4,unexposed,baseline_relative_context,train,1.0,0.7345325361028566,0.2654674638971434
DEAP:S22:T35,DEAP:S22,T35,0,1.99,1,1,2,4,unexposed,baseline_relative_context,train,1.0,0.9729703543189128,0.02702964568108719
DEAP:S22:T37,DEAP:S22,T37,0,1.0,1,1,2,4,unexposed,baseline_relative_context,train,1.0,0.9760267221142133,0.023973277885786726
DEAP:S22:T38,DEAP:S22,T38,0,1.0,1,1,2,4,unexposed,baseline_relative_context,train,1.0,0.956977187987891,0.043022812012108974
DEAP:S23:T01,DEAP:S23,T01,1,7.71,1,1,2,4,unexposed,baseline_relative_context,train,1.0,0.2252710991316924,0.7747289008683076
DEAP:S23:T02,DEAP:S23,T02,1,9.0,1,1,2,4,unexposed,baseline_relative_context,train,1.0,0.11481702925328241,0.8851829707467176
DEAP:S23:T08,DEAP:S23,T08,1,7.23,1,1,2,4,unexposed,baseline_relative_context,train,1.0,0.007262327929640877,0.9927376720703591
DEAP:S23:T10,DEAP:S23,T10,1,5.01,1,1,2,4,unexposed,baseline_relative_context,train,1.0,0.28608318474281813,0.7139168152571819
DEAP:S23:T12,DEAP:S23,T12,1,7.0,1,1,2,4,unexposed,baseline_relative_context,train,1.0,0.22426514373837958,0.7757348562616204
DEAP:S23:T14,DEAP:S23,T14,1,8.01,1,1,2,4,unexposed,baseline_relative_context,train,1.0,0.03446498998777958,0.9655350100122204
DEAP:S23:T17,DEAP:S23,T17,0,2.86,1,1,2,4,unexposed,baseline_relative_context,train,1.0,0.6845430416198613,0.31545695838013865
DEAP:S23:T20,DEAP:S23,T20,0,3.96,1,1,2,4,unexposed,baseline_relative_context,train,1.0,0.6760870990923957,0.32391290090760433
DEAP:S23:T23,DEAP:S23,T23,0,4.17,1,1,2,4,unexposed,baseline_relative_context,train,1.0,0.9662370264244716,0.033762973575528404
DEAP:S23:T25,DEAP:S23,T25,0,4.97,1,1,2,4,unexposed,baseline_relative_context,train,1.0,0.980905661193233,0.019094338806767
DEAP:S23:T26,DEAP:S23,T26,1,8.27,1,1,2,4,unexposed,baseline_relative_context,train,1.0,0.3749449652248714,0.6250550347751286
DEAP:S23:T33,DEAP:S23,T33,1,5.04,1,1,2,4,unexposed,baseline_relative_context,train,1.0,0.35643160446781785,0.6435683955321821
DEAP:S23:T35,DEAP:S23,T35,1,5.18,1,1,2,4,unexposed,baseline_relative_context,train,1.0,0.37229832680455033,0.6277016731954497
DEAP:S24:T01,DEAP:S24,T01,1,7.06,1,1,2,4,unexposed,baseline_relative_context,train,1.0,0.03173794626854065,0.9682620537314593
DEAP:S24:T02,DEAP:S24,T02,1,6.04,1,1,2,4,unexposed,baseline_relative_context,train,1.0,0.3487481010093594,0.6512518989906406
DEAP:S24:T08,DEAP:S24,T08,1,7.03,1,1,2,4,unexposed,baseline_relative_context,train,1.0,0.039241293937584465,0.9607587060624155
DEAP:S24:T10,DEAP:S24,T10,1,5.01,1,1,2,4,unexposed,baseline_relative_context,train,1.0,0.8801118770992856,0.11988812290071436
DEAP:S24:T12,DEAP:S24,T12,1,7.04,1,1,2,4,unexposed,baseline_relative_context,train,1.0,0.016182429030078382,0.9838175709699216
DEAP:S24:T14,DEAP:S24,T14,1,8.05,1,1,2,4,unexposed,baseline_relative_context,train,1.0,0.05749828357543152,0.9425017164245685
DEAP:S24:T17,DEAP:S24,T17,0,4.08,1,1,2,4,unexposed,baseline_relative_context,train,1.0,0.851575506359287,0.148424493640713
DEAP:S24:T20,DEAP:S24,T20,0,4.03,1,1,2,4,unexposed,baseline_relative_context,train,1.0,0.6311488101309138,0.36885118986908616
DEAP:S24:T21,DEAP:S24,T21,0,1.96,1,1,2,4,unexposed,baseline_relative_context,train,1.0,0.44298174768818754,0.5570182523118125
DEAP:S24:T25,DEAP:S24,T25,0,3.12,1,1,2,4,unexposed,baseline_relative_context,train,1.0,0.9303020414891581,0.06969795851084198
DEAP:S24:T26,DEAP:S24,T26,0,4.05,1,1,2,4,unexposed,baseline_relative_context,train,1.0,0.935934497390325,0.06406550260967506
DEAP:S24:T33,DEAP:S24,T33,1,5.01,1,1,2,4,unexposed,baseline_relative_context,train,1.0,0.7036498201354604,0.29635017986453954
DEAP:S24:T35,DEAP:S24,T35,0,4.05,1,1,2,4,unexposed,baseline_relative_context,train,1.0,0.9737192187076338,0.026280781292366235
DEAP:S24:T37,DEAP:S24,T37,0,4.0,1,1,2,4,unexposed,baseline_relative_context,train,1.0,0.9541708784001289,0.04582912159987105
DEAP:S24:T38,DEAP:S24,T38,0,2.03,1,1,2,4,unexposed,baseline_relative_context,train,1.0,0.967032314549411,0.03296768545058906
DEAP:S26:T01,DEAP:S26,T01,1,7.97,1,1,2,4,unexposed,baseline_relative_context,train,1.0,0.059472945414824285,0.9405270545851757
DEAP:S26:T02,DEAP:S26,T02,1,6.96,1,1,2,4,unexposed,baseline_relative_context,train,1.0,0.017817557198606226,0.9821824428013938
DEAP:S26:T08,DEAP:S26,T08,1,8.01,1,1,2,4,unexposed,baseline_relative_context,train,1.0,0.08396877476541154,0.9160312252345885
DEAP:S26:T10,DEAP:S26,T10,0,3.08,1,1,2,4,unexposed,baseline_relative_context,train,1.0,0.5329677410405935,0.46703225895940653
DEAP:S26:T12,DEAP:S26,T12,1,7.04,1,1,2,4,unexposed,baseline_relative_context,train,1.0,0.4708666856109315,0.5291333143890685
DEAP:S26:T14,DEAP:S26,T14,1,9.0,1,1,2,4,unexposed,baseline_relative_context,train,1.0,0.09727026556021756,0.9027297344397824
DEAP:S26:T17,DEAP:S26,T17,1,5.04,1,1,2,4,unexposed,baseline_relative_context,train,1.0,0.11321117139809445,0.8867888286019056
DEAP:S26:T20,DEAP:S26,T20,1,8.08,1,1,2,4,unexposed,baseline_relative_context,train,1.0,0.09724954688007503,0.902750453119925
DEAP:S26:T21,DEAP:S26,T21,1,6.06,1,1,2,4,unexposed,baseline_relative_context,train,1.0,0.35387031250945733,0.6461296874905427
DEAP:S26:T23,DEAP:S26,T23,0,2.28,1,1,2,4,unexposed,baseline_relative_context,train,1.0,0.9531969381938481,0.04680306180615191
DEAP:S26:T25,DEAP:S26,T25,1,7.14,1,1,2,4,unexposed,baseline_relative_context,train,1.0,0.21419668260737468,0.7858033173926253
DEAP:S26:T26,DEAP:S26,T26,1,5.05,1,1,2,4,unexposed,baseline_relative_context,train,1.0,0.08012322603213418,0.9198767739678658
DEAP:S26:T33,DEAP:S26,T33,0,1.0,1,1,2,4,unexposed,baseline_relative_context,train,1.0,0.6990933412299825,0.30090665877001754
DEAP:S26:T37,DEAP:S26,T37,0,1.0,1,1,2,4,unexposed,baseline_relative_context,train,1.0,0.9805721338431314,0.019427866156868603
DEAP:S30:T01,DEAP:S30,T01,1,5.04,1,1,2,4,unexposed,baseline_relative_context,train,1.0,0.0011109235488810931,0.9988890764511189
DEAP:S30:T02,DEAP:S30,T02,1,7.15,1,1,2,4,unexposed,baseline_relative_context,train,1.0,0.14426741378224006,0.8557325862177599
DEAP:S30:T08,DEAP:S30,T08,1,6.05,1,1,2,4,unexposed,baseline_relative_context,train,1.0,0.008477516507219285,0.9915224834927807
DEAP:S30:T10,DEAP:S30,T10,1,5.08,1,1,2,4,unexposed,baseline_relative_context,train,1.0,0.4057504426854792,0.5942495573145208
DEAP:S30:T14,DEAP:S30,T14,1,5.04,1,1,2,4,unexposed,baseline_relative_context,train,1.0,0.024502922363255797,0.9754970776367442
DEAP:S30:T17,DEAP:S30,T17,1,7.13,1,1,2,4,unexposed,baseline_relative_context,train,1.0,0.0890207780307466,0.9109792219692534
DEAP:S30:T20,DEAP:S30,T20,1,7.26,1,1,2,4,unexposed,baseline_relative_context,train,1.0,0.030044297703456513,0.9699557022965435
DEAP:S30:T21,DEAP:S30,T21,0,3.05,1,1,2,4,unexposed,baseline_relative_context,train,1.0,0.49224037721263036,0.5077596227873696
DEAP:S30:T23,DEAP:S30,T23,0,3.0,1,1,2,4,unexposed,baseline_relative_context,train,1.0,0.8665802292060171,0.13341977079398296
DEAP:S30:T25,DEAP:S30,T25,0,3.92,1,1,2,4,unexposed,baseline_relative_context,train,1.0,0.43180514616664556,0.5681948538333544
DEAP:S30:T26,DEAP:S30,T26,1,5.01,1,1,2,4,unexposed,baseline_relative_context,train,1.0,0.28659739441683574,0.7134026055831643
DEAP:S30:T33,DEAP:S30,T33,0,3.91,1,1,2,4,unexposed,baseline_relative_context,train,1.0,0.7584168338227502,0.24158316617724987
DEAP:S30:T37,DEAP:S30,T37,0,4.13,1,1,2,4,unexposed,baseline_relative_context,train,1.0,0.7713010463905079,0.22869895360949205
DEAP:S30:T38,DEAP:S30,T38,1,5.04,1,1,2,4,unexposed,baseline_relative_context,train,1.0,0.9280509956486329,0.07194900435136709
DEAP:S31:T01,DEAP:S31,T01,1,6.79,1,1,2,4,unexposed,baseline_relative_context,train,1.0,0.028459699773266456,0.9715403002267335
DEAP:S31:T02,DEAP:S31,T02,1,5.03,1,1,2,4,unexposed,baseline_relative_context,train,1.0,0.18886149971122357,0.8111385002887764
DEAP:S31:T08,DEAP:S31,T08,1,6.03,1,1,2,4,unexposed,baseline_relative_context,train,1.0,0.005331510546493057,0.9946684894535069
DEAP:S31:T10,DEAP:S31,T10,0,4.01,1,1,2,4,unexposed,baseline_relative_context,train,1.0,0.9392366156718769,0.0607633843281231
DEAP:S31:T12,DEAP:S31,T12,1,7.14,1,1,2,4,unexposed,baseline_relative_context,train,1.0,0.08503800567906605,0.914961994320934
DEAP:S31:T14,DEAP:S31,T14,1,8.06,1,1,2,4,unexposed,baseline_relative_context,train,1.0,0.0282779757607049,0.9717220242392951
DEAP:S31:T20,DEAP:S31,T20,1,6.9,1,1,2,4,unexposed,baseline_relative_context,train,1.0,0.012451245214635365,0.9875487547853646
DEAP:S31:T21,DEAP:S31,T21,1,5.09,1,1,2,4,unexposed,baseline_relative_context,train,1.0,0.8820342118102608,0.11796578818973925
DEAP:S31:T23,DEAP:S31,T23,0,1.0,1,1,2,4,unexposed,baseline_relative_context,train,1.0,0.9725473487859312,0.02745265121406882
DEAP:S31:T25,DEAP:S31,T25,1,6.14,1,1,2,4,unexposed,baseline_relative_context,train,1.0,0.48440073258358884,0.5155992674164112
DEAP:S31:T26,DEAP:S31,T26,1,7.08,1,1,2,4,unexposed,baseline_relative_context,train,1.0,0.2703087714317205,0.7296912285682795
DEAP:S31:T33,DEAP:S31,T33,0,4.18,1,1,2,4,unexposed,baseline_relative_context,train,1.0,0.5656215782760776,0.4343784217239224
DEAP:S31:T38,DEAP:S31,T38,0,1.0,1,1,2,4,unexposed,baseline_relative_context,train,1.0,0.996613212077477,0.0033867879225229535
DEAP:S32:T01,DEAP:S32,T01,1,8.13,1,1,2,4,unexposed,baseline_relative_context,train,1.0,0.08443704684415299,0.915562953155847
DEAP:S32:T02,DEAP:S32,T02,0,4.99,1,1,2,4,unexposed,baseline_relative_context,train,1.0,0.3098248197347334,0.6901751802652666
DEAP:S32:T08,DEAP:S32,T08,1,7.96,1,1,2,4,unexposed,baseline_relative_context,train,1.0,0.14774317970253725,0.8522568202974627
DEAP:S32:T12,DEAP:S32,T12,1,7.31,1,1,2,4,unexposed,baseline_relative_context,train,1.0,0.35442400911104033,0.6455759908889597
DEAP:S32:T14,DEAP:S32,T14,1,7.1,1,1,2,4,unexposed,baseline_relative_context,train,1.0,0.05548808423946383,0.9445119157605362
DEAP:S32:T17,DEAP:S32,T17,1,6.09,1,1,2,4,unexposed,baseline_relative_context,train,1.0,0.323424002533508,0.676575997466492
DEAP:S32:T20,DEAP:S32,T20,1,6.03,1,1,2,4,unexposed,baseline_relative_context,train,1.0,0.25893961887290085,0.7410603811270992
DEAP:S32:T21,DEAP:S32,T21,0,4.12,1,1,2,4,unexposed,baseline_relative_context,train,1.0,0.9944495941752682,0.005550405824731785
DEAP:S32:T23,DEAP:S32,T23,0,3.01,1,1,2,4,unexposed,baseline_relative_context,train,1.0,0.9906133226226094,0.009386677377390584
DEAP:S32:T25,DEAP:S32,T25,0,4.01,1,1,2,4,unexposed,baseline_relative_context,train,1.0,0.7767882013301973,0.22321179866980267
DEAP:S32:T26,DEAP:S32,T26,1,5.14,1,1,2,4,unexposed,baseline_relative_context,train,1.0,0.703723140029344,0.29627685997065606
DEAP:S32:T33,DEAP:S32,T33,0,4.06,1,1,2,4,unexposed,baseline_relative_context,train,1.0,0.975749616893335,0.02425038310666509
DEAP:S32:T35,DEAP:S32,T35,0,3.88,1,1,2,4,unexposed,baseline_relative_context,train,1.0,0.9811419820815721,0.018858017918427866
DEAP:S32:T37,DEAP:S32,T37,0,2.81,1,1,2,4,unexposed,baseline_relative_context,train,1.0,0.9692050519376998,0.030794948062300192
DEAP:S32:T38,DEAP:S32,T38,0,3.05,1,1,2,4,unexposed,baseline_relative_context,train,1.0,0.978259180846548,0.021740819153452086
DEAP:S18:T05,DEAP:S18,T05,1,6.13,1,1,2,4,unexposed,baseline_relative_context,validation_unseen,1.0,0.6524287805604349,0.34757121943956515
DEAP:S18:T15,DEAP:S18,T15,1,6.04,1,1,2,4,unexposed,baseline_relative_context,validation_unseen,1.0,0.8811993735352058,0.11880062646479414
DEAP:S18:T19,DEAP:S18,T19,1,7.04,1,1,2,4,unexposed,baseline_relative_context,validation_unseen,1.0,0.5103848675641034,0.48961513243589655
DEAP:S18:T27,DEAP:S18,T27,1,5.94,1,1,2,4,unexposed,baseline_relative_context,validation_unseen,1.0,0.3180776753772915,0.6819223246227085
DEAP:S18:T28,DEAP:S18,T28,1,5.95,1,1,2,4,unexposed,baseline_relative_context,validation_unseen,1.0,0.9437184695600004,0.05628153043999962
DEAP:S18:T29,DEAP:S18,T29,0,4.9,1,1,2,4,unexposed,baseline_relative_context,validation_unseen,1.0,0.11877187007643986,0.8812281299235601
DEAP:S18:T30,DEAP:S18,T30,0,2.96,1,1,2,4,unexposed,baseline_relative_context,validation_unseen,1.0,0.9825014599440471,0.017498540055952902
DEAP:S18:T32,DEAP:S18,T32,0,4.62,1,1,2,4,unexposed,baseline_relative_context,validation_unseen,1.0,0.31308913822893447,0.6869108617710655
DEAP:S25:T05,DEAP:S25,T05,1,5.04,1,1,2,4,unexposed,baseline_relative_context,validation_unseen,1.0,0.00753405640760707,0.9924659435923929
DEAP:S25:T15,DEAP:S25,T15,1,7.01,1,1,2,4,unexposed,baseline_relative_context,validation_unseen,1.0,0.935016699459401,0.06498330054059893
DEAP:S25:T19,DEAP:S25,T19,1,7.06,1,1,2,4,unexposed,baseline_relative_context,validation_unseen,1.0,0.964253490576598,0.035746509423401934
DEAP:S25:T27,DEAP:S25,T27,1,5.03,1,1,2,4,unexposed,baseline_relative_context,validation_unseen,1.0,0.0012321345368844216,0.9987678654631156
DEAP:S25:T28,DEAP:S25,T28,1,5.01,1,1,2,4,unexposed,baseline_relative_context,validation_unseen,1.0,0.8616387295348087,0.1383612704651913
DEAP:S25:T29,DEAP:S25,T29,0,1.0,1,1,2,4,unexposed,baseline_relative_context,validation_unseen,1.0,0.5880153703813081,0.41198462961869187
DEAP:S25:T30,DEAP:S25,T30,0,4.03,1,1,2,4,unexposed,baseline_relative_context,validation_unseen,1.0,0.0025938043639032182,0.9974061956360968
DEAP:S25:T32,DEAP:S25,T32,0,1.0,1,1,2,4,unexposed,baseline_relative_context,validation_unseen,1.0,0.18589415251534347,0.8141058474846565
DEAP:S27:T05,DEAP:S27,T05,0,4.97,1,1,2,4,unexposed,baseline_relative_context,validation_unseen,1.0,0.4010748957254383,0.5989251042745617
DEAP:S27:T15,DEAP:S27,T15,1,5.04,1,1,2,4,unexposed,baseline_relative_context,validation_unseen,1.0,0.09166121518460835,0.9083387848153917
DEAP:S27:T19,DEAP:S27,T19,1,5.06,1,1,2,4,unexposed,baseline_relative_context,validation_unseen,1.0,0.016353284441480542,0.9836467155585195
DEAP:S27:T27,DEAP:S27,T27,0,4.97,1,1,2,4,unexposed,baseline_relative_context,validation_unseen,1.0,0.7426998989587135,0.2573001010412866
DEAP:S27:T28,DEAP:S27,T28,1,5.04,1,1,2,4,unexposed,baseline_relative_context,validation_unseen,1.0,0.6968045923599402,0.30319540764005976
DEAP:S27:T29,DEAP:S27,T29,1,7.18,1,1,2,4,unexposed,baseline_relative_context,validation_unseen,1.0,0.30443335579006436,0.6955666442099356
DEAP:S27:T30,DEAP:S27,T30,1,7.08,1,1,2,4,unexposed,baseline_relative_context,validation_unseen,1.0,0.9561113436040378,0.04388865639596223
DEAP:S27:T32,DEAP:S27,T32,1,5.04,1,1,2,4,unexposed,baseline_relative_context,validation_unseen,1.0,0.000422643592187133,0.9995773564078129
DEAP:S29:T05,DEAP:S29,T05,1,6.05,1,1,2,4,unexposed,baseline_relative_context,validation_unseen,1.0,0.01698823979339137,0.9830117602066086
DEAP:S29:T15,DEAP:S29,T15,0,4.01,1,1,2,4,unexposed,baseline_relative_context,validation_unseen,1.0,0.07680037944296136,0.9231996205570386
DEAP:S29:T19,DEAP:S29,T19,1,7.05,1,1,2,4,unexposed,baseline_relative_context,validation_unseen,1.0,0.1448173912390317,0.8551826087609683
DEAP:S29:T27,DEAP:S29,T27,1,7.09,1,1,2,4,unexposed,baseline_relative_context,validation_unseen,1.0,0.0077574429114803944,0.9922425570885196
DEAP:S29:T28,DEAP:S29,T28,0,1.04,1,1,2,4,unexposed,baseline_relative_context,validation_unseen,1.0,0.0596074596075572,0.9403925403924428
DEAP:S29:T29,DEAP:S29,T29,0,3.97,1,1,2,4,unexposed,baseline_relative_context,validation_unseen,1.0,0.18617840142509035,0.8138215985749097
DEAP:S29:T30,DEAP:S29,T30,0,2.95,1,1,2,4,unexposed,baseline_relative_context,validation_unseen,1.0,0.44991147423534905,0.550088525764651
DEAP:S29:T32,DEAP:S29,T32,0,4.04,1,1,2,4,unexposed,baseline_relative_context,validation_unseen,1.0,0.13598644405933236,0.8640135559406676
DEAP:S18:T01,DEAP:S18,T01,1,6.33,1,1,2,4,unexposed,baseline_relative_context,validation_familiar,1.0,0.020335891518668436,0.9796641084813316
DEAP:S18:T02,DEAP:S18,T02,1,6.87,1,1,2,4,unexposed,baseline_relative_context,validation_familiar,1.0,0.3226550773888418,0.6773449226111582
DEAP:S18:T10,DEAP:S18,T10,1,6.09,1,1,2,4,unexposed,baseline_relative_context,validation_familiar,1.0,0.9363404968474023,0.06365950315259777
DEAP:S18:T12,DEAP:S18,T12,1,5.55,1,1,2,4,unexposed,baseline_relative_context,validation_familiar,1.0,0.15716671496154788,0.8428332850384521
DEAP:S18:T14,DEAP:S18,T14,1,6.62,1,1,2,4,unexposed,baseline_relative_context,validation_familiar,1.0,0.008916089232833935,0.9910839107671661
DEAP:S18:T17,DEAP:S18,T17,1,7.74,1,1,2,4,unexposed,baseline_relative_context,validation_familiar,1.0,0.10172887364717675,0.8982711263528232
DEAP:S18:T20,DEAP:S18,T20,1,6.24,1,1,2,4,unexposed,baseline_relative_context,validation_familiar,1.0,0.044557744254620446,0.9554422557453796
DEAP:S18:T21,DEAP:S18,T21,0,3.92,1,1,2,4,unexposed,baseline_relative_context,validation_familiar,1.0,0.7674565927167971,0.2325434072832029
DEAP:S18:T23,DEAP:S18,T23,0,3.71,1,1,2,4,unexposed,baseline_relative_context,validation_familiar,1.0,0.9965356049772909,0.003464395022709128
DEAP:S18:T25,DEAP:S18,T25,0,4.23,1,1,2,4,unexposed,baseline_relative_context,validation_familiar,1.0,0.6870673129405884,0.3129326870594115
DEAP:S18:T26,DEAP:S18,T26,1,5.44,1,1,2,4,unexposed,baseline_relative_context,validation_familiar,1.0,0.4409084365742886,0.5590915634257114
DEAP:S18:T33,DEAP:S18,T33,0,4.56,1,1,2,4,unexposed,baseline_relative_context,validation_familiar,1.0,0.9431280767411148,0.05687192325888526
DEAP:S18:T35,DEAP:S18,T35,1,5.12,1,1,2,4,unexposed,baseline_relative_context,validation_familiar,1.0,0.9924802277570823,0.007519772242917675
DEAP:S18:T37,DEAP:S18,T37,0,4.0,1,1,2,4,unexposed,baseline_relative_context,validation_familiar,1.0,0.9716519653022799,0.028348034697720043
DEAP:S18:T38,DEAP:S18,T38,0,4.51,1,1,2,4,unexposed,baseline_relative_context,validation_familiar,1.0,0.9831472840435515,0.0168527159564485
DEAP:S25:T01,DEAP:S25,T01,1,8.06,1,1,2,4,unexposed,baseline_relative_context,validation_familiar,1.0,0.03341274753649082,0.9665872524635092
DEAP:S25:T02,DEAP:S25,T02,0,2.99,1,1,2,4,unexposed,baseline_relative_context,validation_familiar,1.0,0.7727113673082436,0.2272886326917564
DEAP:S25:T08,DEAP:S25,T08,1,8.04,1,1,2,4,unexposed,baseline_relative_context,validation_familiar,1.0,0.033163746609675804,0.9668362533903242
DEAP:S25:T10,DEAP:S25,T10,0,1.0,1,1,2,4,unexposed,baseline_relative_context,validation_familiar,1.0,0.933514741964695,0.06648525803530507
DEAP:S25:T12,DEAP:S25,T12,1,8.04,1,1,2,4,unexposed,baseline_relative_context,validation_familiar,1.0,0.006839221590413835,0.9931607784095862
DEAP:S25:T14,DEAP:S25,T14,1,8.09,1,1,2,4,unexposed,baseline_relative_context,validation_familiar,1.0,0.00045250959884590714,0.9995474904011541
DEAP:S25:T17,DEAP:S25,T17,1,5.04,1,1,2,4,unexposed,baseline_relative_context,validation_familiar,1.0,0.08744198972787565,0.9125580102721244
DEAP:S25:T20,DEAP:S25,T20,1,7.08,1,1,2,4,unexposed,baseline_relative_context,validation_familiar,1.0,0.2588857598539276,0.7411142401460724
DEAP:S25:T21,DEAP:S25,T21,1,6.03,1,1,2,4,unexposed,baseline_relative_context,validation_familiar,1.0,0.9988921315081574,0.001107868491842591
DEAP:S25:T23,DEAP:S25,T23,0,2.01,1,1,2,4,unexposed,baseline_relative_context,validation_familiar,1.0,0.9423396666863649,0.05766033331363512
DEAP:S25:T25,DEAP:S25,T25,0,4.96,1,1,2,4,unexposed,baseline_relative_context,validation_familiar,1.0,0.2013725886491765,0.7986274113508235
DEAP:S25:T26,DEAP:S25,T26,0,4.99,1,1,2,4,unexposed,baseline_relative_context,validation_familiar,1.0,0.05755030882037393,0.9424496911796261
DEAP:S25:T33,DEAP:S25,T33,0,1.94,1,1,2,4,unexposed,baseline_relative_context,validation_familiar,1.0,0.9860831227337277,0.013916877266272335
DEAP:S25:T35,DEAP:S25,T35,0,3.03,1,1,2,4,unexposed,baseline_relative_context,validation_familiar,1.0,0.9715867358284473,0.028413264171552665
DEAP:S25:T37,DEAP:S25,T37,0,1.0,1,1,2,4,unexposed,baseline_relative_context,validation_familiar,1.0,0.05439857740369214,0.9456014225963079
DEAP:S25:T38,DEAP:S25,T38,0,1.0,1,1,2,4,unexposed,baseline_relative_context,validation_familiar,1.0,0.8608048071258722,0.13919519287412785
DEAP:S27:T01,DEAP:S27,T01,1,6.03,1,1,2,4,unexposed,baseline_relative_context,validation_familiar,1.0,0.05578893073885505,0.944211069261145
DEAP:S27:T02,DEAP:S27,T02,1,7.0,1,1,2,4,unexposed,baseline_relative_context,validation_familiar,1.0,0.022190862210890727,0.9778091377891093
DEAP:S27:T08,DEAP:S27,T08,1,8.24,1,1,2,4,unexposed,baseline_relative_context,validation_familiar,1.0,0.2454316898008163,0.7545683101991837
DEAP:S27:T10,DEAP:S27,T10,1,6.01,1,1,2,4,unexposed,baseline_relative_context,validation_familiar,1.0,0.201506574522198,0.798493425477802
DEAP:S27:T12,DEAP:S27,T12,0,4.18,1,1,2,4,unexposed,baseline_relative_context,validation_familiar,1.0,0.6296607866616315,0.37033921333836844
DEAP:S27:T14,DEAP:S27,T14,1,8.06,1,1,2,4,unexposed,baseline_relative_context,validation_familiar,1.0,0.0187765838631887,0.9812234161368113
DEAP:S27:T17,DEAP:S27,T17,1,9.0,1,1,2,4,unexposed,baseline_relative_context,validation_familiar,1.0,0.05810890325953888,0.9418910967404611
DEAP:S27:T20,DEAP:S27,T20,1,6.97,1,1,2,4,unexposed,baseline_relative_context,validation_familiar,1.0,0.16163429004872998,0.83836570995127
DEAP:S27:T21,DEAP:S27,T21,1,9.0,1,1,2,4,unexposed,baseline_relative_context,validation_familiar,1.0,0.07942281167547227,0.9205771883245277
DEAP:S27:T23,DEAP:S27,T23,1,8.0,1,1,2,4,unexposed,baseline_relative_context,validation_familiar,1.0,0.9885762650269527,0.011423734973047278
DEAP:S27:T25,DEAP:S27,T25,0,4.0,1,1,2,4,unexposed,baseline_relative_context,validation_familiar,1.0,0.09550582531675367,0.9044941746832463
DEAP:S27:T26,DEAP:S27,T26,1,5.04,1,1,2,4,unexposed,baseline_relative_context,validation_familiar,1.0,0.2541494844506613,0.7458505155493387
DEAP:S27:T33,DEAP:S27,T33,1,5.04,1,1,2,4,unexposed,baseline_relative_context,validation_familiar,1.0,0.8187537515110707,0.18124624848892934
DEAP:S27:T35,DEAP:S27,T35,0,1.0,1,1,2,4,unexposed,baseline_relative_context,validation_familiar,1.0,0.975760003463936,0.02423999653606398
DEAP:S27:T37,DEAP:S27,T37,0,2.99,1,1,2,4,unexposed,baseline_relative_context,validation_familiar,1.0,0.9770916338619267,0.02290836613807331
DEAP:S27:T38,DEAP:S27,T38,0,1.0,1,1,2,4,unexposed,baseline_relative_context,validation_familiar,1.0,0.00041841344122306445,0.9995815865587769
DEAP:S29:T01,DEAP:S29,T01,1,6.06,1,1,2,4,unexposed,baseline_relative_context,validation_familiar,1.0,0.00043420099725333117,0.9995657990027467
DEAP:S29:T02,DEAP:S29,T02,1,7.05,1,1,2,4,unexposed,baseline_relative_context,validation_familiar,1.0,0.03090190256630554,0.9690980974336945
DEAP:S29:T08,DEAP:S29,T08,1,7.04,1,1,2,4,unexposed,baseline_relative_context,validation_familiar,1.0,0.00012681018688931456,0.9998731898131107
DEAP:S29:T10,DEAP:S29,T10,1,7.01,1,1,2,4,unexposed,baseline_relative_context,validation_familiar,1.0,0.059030601230212865,0.9409693987697871
DEAP:S29:T12,DEAP:S29,T12,1,6.04,1,1,2,4,unexposed,baseline_relative_context,validation_familiar,1.0,0.016105636018046376,0.9838943639819536
DEAP:S29:T14,DEAP:S29,T14,1,8.06,1,1,2,4,unexposed,baseline_relative_context,validation_familiar,1.0,0.00035877001111506157,0.9996412299888849
DEAP:S29:T17,DEAP:S29,T17,1,5.08,1,1,2,4,unexposed,baseline_relative_context,validation_familiar,1.0,0.008267892503257768,0.9917321074967422
DEAP:S29:T20,DEAP:S29,T20,1,8.03,1,1,2,4,unexposed,baseline_relative_context,validation_familiar,1.0,0.0012729811857522533,0.9987270188142477
DEAP:S29:T21,DEAP:S29,T21,0,2.92,1,1,2,4,unexposed,baseline_relative_context,validation_familiar,1.0,0.9785765039225086,0.02142349607749141
DEAP:S29:T23,DEAP:S29,T23,0,2.05,1,1,2,4,unexposed,baseline_relative_context,validation_familiar,1.0,0.8999311556410844,0.10006884435891565
DEAP:S29:T25,DEAP:S29,T25,0,3.03,1,1,2,4,unexposed,baseline_relative_context,validation_familiar,1.0,0.06736533443340864,0.9326346655665914
DEAP:S29:T26,DEAP:S29,T26,0,3.0,1,1,2,4,unexposed,baseline_relative_context,validation_familiar,1.0,0.1916523165529912,0.8083476834470088
DEAP:S29:T33,DEAP:S29,T33,0,1.99,1,1,2,4,unexposed,baseline_relative_context,validation_familiar,1.0,0.09729089010228908,0.9027091098977109
DEAP:S29:T35,DEAP:S29,T35,0,1.92,1,1,2,4,unexposed,baseline_relative_context,validation_familiar,1.0,0.7798875637011219,0.22011243629887808
DEAP:S29:T37,DEAP:S29,T37,1,5.01,1,1,2,4,unexposed,baseline_relative_context,validation_familiar,1.0,0.37961931242447733,0.6203806875755227
DEAP:S29:T38,DEAP:S29,T38,0,1.88,1,1,2,4,unexposed,baseline_relative_context,validation_familiar,1.0,0.8086949678683835,0.19130503213161654
DEAP:S01:T01,DEAP:S01,T01,1,7.71,1,1,2,4,unexposed,baseline_relative_context,train,10.0,4.9979081446216433e-05,0.9999500209185538
DEAP:S01:T02,DEAP:S01,T02,1,8.1,1,1,2,4,unexposed,baseline_relative_context,train,10.0,0.0041912734641817995,0.9958087265358182
DEAP:S01:T08,DEAP:S01,T08,1,7.32,1,1,2,4,unexposed,baseline_relative_context,train,10.0,0.0005845954647417662,0.9994154045352582
DEAP:S01:T10,DEAP:S01,T10,0,1.99,1,1,2,4,unexposed,baseline_relative_context,train,10.0,0.964990123855324,0.035009876144675996
DEAP:S01:T12,DEAP:S01,T12,0,2.71,1,1,2,4,unexposed,baseline_relative_context,train,10.0,0.2572337369964768,0.7427662630035232
DEAP:S01:T17,DEAP:S01,T17,0,2.46,1,1,2,4,unexposed,baseline_relative_context,train,10.0,0.03587158801368062,0.9641284119863194
DEAP:S01:T20,DEAP:S01,T20,1,8.26,1,1,2,4,unexposed,baseline_relative_context,train,10.0,0.0030639423969064383,0.9969360576030936
DEAP:S01:T21,DEAP:S01,T21,1,9.0,1,1,2,4,unexposed,baseline_relative_context,train,10.0,0.4930763965103525,0.5069236034896475
DEAP:S01:T23,DEAP:S01,T23,1,8.15,1,1,2,4,unexposed,baseline_relative_context,train,10.0,0.6710338173787496,0.3289661826212505
DEAP:S01:T25,DEAP:S01,T25,1,8.86,1,1,2,4,unexposed,baseline_relative_context,train,10.0,0.09944455607077685,0.9005554439292232
DEAP:S01:T26,DEAP:S01,T26,1,7.28,1,1,2,4,unexposed,baseline_relative_context,train,10.0,0.08083724093443434,0.9191627590655657
DEAP:S01:T33,DEAP:S01,T33,0,3.81,1,1,2,4,unexposed,baseline_relative_context,train,10.0,0.9909487410930591,0.009051258906940893
DEAP:S01:T35,DEAP:S01,T35,0,2.06,1,1,2,4,unexposed,baseline_relative_context,train,10.0,0.9983060103422785,0.0016939896577214582
DEAP:S01:T37,DEAP:S01,T37,0,2.31,1,1,2,4,unexposed,baseline_relative_context,train,10.0,0.3592556172751141,0.6407443827248859
DEAP:S01:T38,DEAP:S01,T38,0,3.33,1,1,2,4,unexposed,baseline_relative_context,train,10.0,0.9999995317318071,4.682681929054479e-07
DEAP:S02:T01,DEAP:S02,T01,1,9.0,1,1,2,4,unexposed,baseline_relative_context,train,10.0,0.17482705194997505,0.825172948050025
DEAP:S02:T02,DEAP:S02,T02,1,8.01,1,1,2,4,unexposed,baseline_relative_context,train,10.0,0.0017216303981315573,0.9982783696018684
DEAP:S02:T08,DEAP:S02,T08,1,9.0,1,1,2,4,unexposed,baseline_relative_context,train,10.0,0.0020599293646168526,0.9979400706353831
DEAP:S02:T10,DEAP:S02,T10,0,4.99,1,1,2,4,unexposed,baseline_relative_context,train,10.0,0.45851481751068834,0.5414851824893117
DEAP:S02:T12,DEAP:S02,T12,1,8.01,1,1,2,4,unexposed,baseline_relative_context,train,10.0,0.004827951985541978,0.995172048014458
DEAP:S02:T14,DEAP:S02,T14,1,8.94,1,1,2,4,unexposed,baseline_relative_context,train,10.0,0.056828761246583204,0.9431712387534168
DEAP:S02:T17,DEAP:S02,T17,1,9.0,1,1,2,4,unexposed,baseline_relative_context,train,10.0,0.048756606342538644,0.9512433936574614
DEAP:S02:T20,DEAP:S02,T20,1,8.97,1,1,2,4,unexposed,baseline_relative_context,train,10.0,0.026729272382977398,0.9732707276170226
DEAP:S02:T23,DEAP:S02,T23,0,1.0,1,1,2,4,unexposed,baseline_relative_context,train,10.0,0.9887948476957107,0.011205152304289279
DEAP:S02:T25,DEAP:S02,T25,1,9.0,1,1,2,4,unexposed,baseline_relative_context,train,10.0,0.5026992339551959,0.49730076604480417
DEAP:S02:T26,DEAP:S02,T26,1,9.0,1,1,2,4,unexposed,baseline_relative_context,train,10.0,0.7336428557790085,0.2663571442209916
DEAP:S02:T35,DEAP:S02,T35,0,1.99,1,1,2,4,unexposed,baseline_relative_context,train,10.0,0.8295991325265413,0.17040086747345873
DEAP:S03:T01,DEAP:S03,T01,1,5.33,1,1,2,4,unexposed,baseline_relative_context,train,10.0,0.0001011198039916339,0.9998988801960084
DEAP:S03:T02,DEAP:S03,T02,1,7.21,1,1,2,4,unexposed,baseline_relative_context,train,10.0,0.334446574367943,0.665553425632057
DEAP:S03:T08,DEAP:S03,T08,1,7.14,1,1,2,4,unexposed,baseline_relative_context,train,10.0,0.023914892730518944,0.9760851072694811
DEAP:S03:T10,DEAP:S03,T10,0,4.45,1,1,2,4,unexposed,baseline_relative_context,train,10.0,0.5945115920651838,0.4054884079348163
DEAP:S03:T12,DEAP:S03,T12,1,6.36,1,1,2,4,unexposed,baseline_relative_context,train,10.0,0.6329127474171572,0.36708725258284275
DEAP:S03:T14,DEAP:S03,T14,1,7.29,1,1,2,4,unexposed,baseline_relative_context,train,10.0,1.6298881810872246e-07,0.9999998370111819
DEAP:S03:T17,DEAP:S03,T17,0,4.56,1,1,2,4,unexposed,baseline_relative_context,train,10.0,0.9991556865867872,0.0008443134132128342
DEAP:S03:T20,DEAP:S03,T20,1,6.26,1,1,2,4,unexposed,baseline_relative_context,train,10.0,0.037515520893610765,0.9624844791063892
DEAP:S03:T23,DEAP:S03,T23,0,3.65,1,1,2,4,unexposed,baseline_relative_context,train,10.0,0.9699228454778369,0.030077154522163033
DEAP:S03:T25,DEAP:S03,T25,0,3.45,1,1,2,4,unexposed,baseline_relative_context,train,10.0,0.9084446487708293,0.09155535122917063
DEAP:S03:T26,DEAP:S03,T26,0,4.67,1,1,2,4,unexposed,baseline_relative_context,train,10.0,0.7783335239733393,0.22166647602666065
DEAP:S03:T35,DEAP:S03,T35,0,3.18,1,1,2,4,unexposed,baseline_relative_context,train,10.0,0.9961579381359027,0.0038420618640972685
DEAP:S03:T37,DEAP:S03,T37,0,4.92,1,1,2,4,unexposed,baseline_relative_context,train,10.0,0.9622854319844684,0.037714568015531656
DEAP:S03:T38,DEAP:S03,T38,0,4.53,1,1,2,4,unexposed,baseline_relative_context,train,10.0,0.956600726005382,0.043399273994618
DEAP:S04:T01,DEAP:S04,T01,1,6.68,1,1,2,4,unexposed,baseline_relative_context,train,10.0,0.00026149706989564425,0.9997385029301044
DEAP:S04:T02,DEAP:S04,T02,0,4.06,1,1,2,4,unexposed,baseline_relative_context,train,10.0,0.8391125553515251,0.160887444648475
DEAP:S04:T08,DEAP:S04,T08,1,5.97,1,1,2,4,unexposed,baseline_relative_context,train,10.0,0.02263791163987361,0.9773620883601264
DEAP:S04:T10,DEAP:S04,T10,0,3.15,1,1,2,4,unexposed,baseline_relative_context,train,10.0,0.8598971602800469,0.14010283971995308
DEAP:S04:T12,DEAP:S04,T12,1,5.04,1,1,2,4,unexposed,baseline_relative_context,train,10.0,0.12917348758832659,0.8708265124116734
DEAP:S04:T14,DEAP:S04,T14,1,6.96,1,1,2,4,unexposed,baseline_relative_context,train,10.0,0.01690581984498074,0.9830941801550193
DEAP:S04:T17,DEAP:S04,T17,1,7.01,1,1,2,4,unexposed,baseline_relative_context,train,10.0,0.24728777122089074,0.7527122287791093
DEAP:S04:T20,DEAP:S04,T20,1,8.17,1,1,2,4,unexposed,baseline_relative_context,train,10.0,0.00011307856225528656,0.9998869214377447
DEAP:S04:T21,DEAP:S04,T21,0,1.77,1,1,2,4,unexposed,baseline_relative_context,train,10.0,0.9997905797642572,0.00020942023574280043
DEAP:S04:T23,DEAP:S04,T23,0,1.86,1,1,2,4,unexposed,baseline_relative_context,train,10.0,0.9986654685071518,0.0013345314928482808
DEAP:S04:T26,DEAP:S04,T26,1,6.0,1,1,2,4,unexposed,baseline_relative_context,train,10.0,0.17588273090827455,0.8241172690917254
DEAP:S04:T33,DEAP:S04,T33,0,1.0,1,1,2,4,unexposed,baseline_relative_context,train,10.0,0.839209250432309,0.160790749567691
DEAP:S04:T35,DEAP:S04,T35,0,2.03,1,1,2,4,unexposed,baseline_relative_context,train,10.0,0.9978093504740123,0.0021906495259876326
DEAP:S04:T37,DEAP:S04,T37,0,1.0,1,1,2,4,unexposed,baseline_relative_context,train,10.0,0.9989690812237709,0.0010309187762291116
DEAP:S04:T38,DEAP:S04,T38,0,1.79,1,1,2,4,unexposed,baseline_relative_context,train,10.0,0.8292454901077383,0.1707545098922617
DEAP:S05:T01,DEAP:S05,T01,1,6.97,1,1,2,4,unexposed,baseline_relative_context,train,10.0,0.003267462745264349,0.9967325372547357
DEAP:S05:T02,DEAP:S05,T02,1,9.0,1,1,2,4,unexposed,baseline_relative_context,train,10.0,0.06483308217737593,0.9351669178226241
DEAP:S05:T08,DEAP:S05,T08,1,8.17,1,1,2,4,unexposed,baseline_relative_context,train,10.0,0.0004885065967730196,0.999511493403227
DEAP:S05:T10,DEAP:S05,T10,0,3.03,1,1,2,4,unexposed,baseline_relative_context,train,10.0,0.820168004943193,0.17983199505680705
DEAP:S05:T12,DEAP:S05,T12,1,7.08,1,1,2,4,unexposed,baseline_relative_context,train,10.0,0.01349339969276897,0.986506600307231
DEAP:S05:T14,DEAP:S05,T14,1,7.21,1,1,2,4,unexposed,baseline_relative_context,train,10.0,0.0007729741635011944,0.9992270258364988
DEAP:S05:T17,DEAP:S05,T17,1,6.88,1,1,2,4,unexposed,baseline_relative_context,train,10.0,0.0008351700291415742,0.9991648299708584
DEAP:S05:T20,DEAP:S05,T20,1,7.0,1,1,2,4,unexposed,baseline_relative_context,train,10.0,0.24711007236425808,0.7528899276357419
DEAP:S05:T23,DEAP:S05,T23,0,1.0,1,1,2,4,unexposed,baseline_relative_context,train,10.0,0.8781712768674584,0.1218287231325416
DEAP:S05:T25,DEAP:S05,T25,1,5.96,1,1,2,4,unexposed,baseline_relative_context,train,10.0,0.24384377063991436,0.7561562293600856
DEAP:S05:T26,DEAP:S05,T26,1,7.96,1,1,2,4,unexposed,baseline_relative_context,train,10.0,0.007450570044819749,0.9925494299551803
DEAP:S05:T33,DEAP:S05,T33,1,5.17,1,1,2,4,unexposed,baseline_relative_context,train,10.0,0.4573083778114455,0.5426916221885545
DEAP:S05:T35,DEAP:S05,T35,0,4.86,1,1,2,4,unexposed,baseline_relative_context,train,10.0,0.9992365785042248,0.0007634214957752924
DEAP:S05:T37,DEAP:S05,T37,0,1.91,1,1,2,4,unexposed,baseline_relative_context,train,10.0,0.8494083336168292,0.15059166638317073
DEAP:S05:T38,DEAP:S05,T38,0,1.0,1,1,2,4,unexposed,baseline_relative_context,train,10.0,0.911660755471628,0.08833924452837202
DEAP:S06:T01,DEAP:S06,T01,1,8.19,1,1,2,4,unexposed,baseline_relative_context,train,10.0,0.001210020290638436,0.9987899797093616
DEAP:S06:T02,DEAP:S06,T02,1,6.83,1,1,2,4,unexposed,baseline_relative_context,train,10.0,0.019773911748386386,0.9802260882516136
DEAP:S06:T08,DEAP:S06,T08,1,7.05,1,1,2,4,unexposed,baseline_relative_context,train,10.0,0.0002411426639367109,0.9997588573360633
DEAP:S06:T10,DEAP:S06,T10,1,7.37,1,1,2,4,unexposed,baseline_relative_context,train,10.0,0.028321503295409167,0.9716784967045908
DEAP:S06:T12,DEAP:S06,T12,1,7.17,1,1,2,4,unexposed,baseline_relative_context,train,10.0,0.007544533452713442,0.9924554665472866
DEAP:S06:T14,DEAP:S06,T14,1,6.32,1,1,2,4,unexposed,baseline_relative_context,train,10.0,1.0099140080876978e-06,0.9999989900859919
DEAP:S06:T17,DEAP:S06,T17,1,6.72,1,1,2,4,unexposed,baseline_relative_context,train,10.0,0.001136883900033192,0.9988631160999668
DEAP:S06:T20,DEAP:S06,T20,1,5.01,1,1,2,4,unexposed,baseline_relative_context,train,10.0,0.41579440701243997,0.58420559298756
DEAP:S06:T21,DEAP:S06,T21,1,6.28,1,1,2,4,unexposed,baseline_relative_context,train,10.0,0.06906449513927793,0.9309355048607221
DEAP:S06:T23,DEAP:S06,T23,0,3.47,1,1,2,4,unexposed,baseline_relative_context,train,10.0,0.86447520441184,0.13552479558816002
DEAP:S06:T25,DEAP:S06,T25,1,7.09,1,1,2,4,unexposed,baseline_relative_context,train,10.0,0.4584428612172752,0.5415571387827248
DEAP:S06:T26,DEAP:S06,T26,1,5.08,1,1,2,4,unexposed,baseline_relative_context,train,10.0,0.26700559862050044,0.7329944013794996
DEAP:S06:T33,DEAP:S06,T33,1,6.68,1,1,2,4,unexposed,baseline_relative_context,train,10.0,0.27985715183363924,0.7201428481663608
DEAP:S06:T37,DEAP:S06,T37,0,4.83,1,1,2,4,unexposed,baseline_relative_context,train,10.0,0.9279080892184413,0.07209191078155874
DEAP:S06:T38,DEAP:S06,T38,0,4.44,1,1,2,4,unexposed,baseline_relative_context,train,10.0,0.9949171021535292,0.005082897846470731
DEAP:S07:T01,DEAP:S07,T01,1,8.1,1,1,2,4,unexposed,baseline_relative_context,train,10.0,6.349788914217225e-05,0.9999365021108578
DEAP:S07:T02,DEAP:S07,T02,1,7.15,1,1,2,4,unexposed,baseline_relative_context,train,10.0,0.0017551265327192533,0.9982448734672807
DEAP:S07:T08,DEAP:S07,T08,1,7.0,1,1,2,4,unexposed,baseline_relative_context,train,10.0,0.000294195946708653,0.9997058040532913
DEAP:S07:T10,DEAP:S07,T10,1,7.09,1,1,2,4,unexposed,baseline_relative_context,train,10.0,0.3152085254156043,0.6847914745843957
DEAP:S07:T12,DEAP:S07,T12,1,6.99,1,1,2,4,unexposed,baseline_relative_context,train,10.0,0.07263363317264537,0.9273663668273546
DEAP:S07:T14,DEAP:S07,T14,1,7.09,1,1,2,4,unexposed,baseline_relative_context,train,10.0,3.982206809138855e-05,0.9999601779319086
DEAP:S07:T17,DEAP:S07,T17,1,7.12,1,1,2,4,unexposed,baseline_relative_context,train,10.0,0.186111985118113,0.813888014881887
DEAP:S07:T20,DEAP:S07,T20,1,8.06,1,1,2,4,unexposed,baseline_relative_context,train,10.0,0.20095434740042328,0.7990456525995767
DEAP:S07:T21,DEAP:S07,T21,0,3.12,1,1,2,4,unexposed,baseline_relative_context,train,10.0,0.8198545213197952,0.18014547868020478
DEAP:S07:T23,DEAP:S07,T23,0,3.01,1,1,2,4,unexposed,baseline_relative_context,train,10.0,0.982360652035416,0.017639347964583964
DEAP:S07:T25,DEAP:S07,T25,0,2.99,1,1,2,4,unexposed,baseline_relative_context,train,10.0,0.9565711067748981,0.04342889322510194
DEAP:S07:T26,DEAP:S07,T26,0,2.0,1,1,2,4,unexposed,baseline_relative_context,train,10.0,0.9962974097341045,0.0037025902658954692
DEAP:S07:T33,DEAP:S07,T33,0,4.97,1,1,2,4,unexposed,baseline_relative_context,train,10.0,0.9905304072643727,0.0094695927356273
DEAP:S07:T35,DEAP:S07,T35,1,5.01,1,1,2,4,unexposed,baseline_relative_context,train,10.0,0.4642041793392311,0.5357958206607689
DEAP:S07:T37,DEAP:S07,T37,1,5.05,1,1,2,4,unexposed,baseline_relative_context,train,10.0,0.18730660832348167,0.8126933916765183
DEAP:S08:T01,DEAP:S08,T01,1,7.6,1,1,2,4,unexposed,baseline_relative_context,train,10.0,0.2527078766808575,0.7472921233191425
DEAP:S08:T02,DEAP:S08,T02,1,5.04,1,1,2,4,unexposed,baseline_relative_context,train,10.0,3.144857723402783e-05,0.999968551422766
DEAP:S08:T08,DEAP:S08,T08,1,8.82,1,1,2,4,unexposed,baseline_relative_context,train,10.0,0.011222897157831202,0.9887771028421688
DEAP:S08:T10,DEAP:S08,T10,0,4.97,1,1,2,4,unexposed,baseline_relative_context,train,10.0,0.3221891888499623,0.6778108111500377
DEAP:S08:T12,DEAP:S08,T12,1,8.47,1,1,2,4,unexposed,baseline_relative_context,train,10.0,0.001260313141095648,0.9987396868589044
DEAP:S08:T14,DEAP:S08,T14,1,6.88,1,1,2,4,unexposed,baseline_relative_context,train,10.0,0.007014883013665152,0.9929851169863348
DEAP:S08:T17,DEAP:S08,T17,1,6.67,1,1,2,4,unexposed,baseline_relative_context,train,10.0,0.00011397213516750604,0.9998860278648325
DEAP:S08:T20,DEAP:S08,T20,1,6.74,1,1,2,4,unexposed,baseline_relative_context,train,10.0,0.011721926554987716,0.9882780734450123
DEAP:S08:T21,DEAP:S08,T21,0,4.68,1,1,2,4,unexposed,baseline_relative_context,train,10.0,0.8083774404466236,0.19162255955337634
DEAP:S08:T23,DEAP:S08,T23,0,3.59,1,1,2,4,unexposed,baseline_relative_context,train,10.0,0.9989452379074977,0.0010547620925023201
DEAP:S08:T25,DEAP:S08,T25,0,3.72,1,1,2,4,unexposed,baseline_relative_context,train,10.0,0.9777368383622498,0.02226316163775023
DEAP:S08:T26,DEAP:S08,T26,0,4.99,1,1,2,4,unexposed,baseline_relative_context,train,10.0,0.9997842396600617,0.00021576033993833967
DEAP:S08:T33,DEAP:S08,T33,0,4.44,1,1,2,4,unexposed,baseline_relative_context,train,10.0,0.8787808166984452,0.1212191833015548
DEAP:S08:T35,DEAP:S08,T35,0,3.62,1,1,2,4,unexposed,baseline_relative_context,train,10.0,0.8583189241577616,0.14168107584223846
DEAP:S08:T37,DEAP:S08,T37,1,5.06,1,1,2,4,unexposed,baseline_relative_context,train,10.0,0.7426076919110438,0.25739230808895625
DEAP:S08:T38,DEAP:S08,T38,0,4.72,1,1,2,4,unexposed,baseline_relative_context,train,10.0,0.9857426325417077,0.014257367458292347
DEAP:S09:T01,DEAP:S09,T01,1,5.05,1,1,2,4,unexposed,baseline_relative_context,train,10.0,0.04853150362357872,0.9514684963764213
DEAP:S09:T02,DEAP:S09,T02,1,7.08,1,1,2,4,unexposed,baseline_relative_context,train,10.0,0.11842851582424141,0.8815714841757586
DEAP:S09:T08,DEAP:S09,T08,1,6.15,1,1,2,4,unexposed,baseline_relative_context,train,10.0,0.0011325744151029493,0.998867425584897
DEAP:S09:T10,DEAP:S09,T10,0,3.94,1,1,2,4,unexposed,baseline_relative_context,train,10.0,0.9980192655543714,0.0019807344456286603
DEAP:S09:T12,DEAP:S09,T12,1,7.08,1,1,2,4,unexposed,baseline_relative_context,train,10.0,0.006315819758578534,0.9936841802414215
DEAP:S09:T14,DEAP:S09,T14,1,7.0,1,1,2,4,unexposed,baseline_relative_context,train,10.0,0.0033542400998570754,0.9966457599001429
DEAP:S09:T17,DEAP:S09,T17,1,6.03,1,1,2,4,unexposed,baseline_relative_context,train,10.0,0.30698643808260995,0.69301356191739
DEAP:S09:T20,DEAP:S09,T20,1,5.12,1,1,2,4,unexposed,baseline_relative_context,train,10.0,0.030295416835660283,0.9697045831643397
DEAP:S09:T21,DEAP:S09,T21,0,4.04,1,1,2,4,unexposed,baseline_relative_context,train,10.0,0.996104799960851,0.003895200039148995
DEAP:S09:T25,DEAP:S09,T25,1,5.04,1,1,2,4,unexposed,baseline_relative_context,train,10.0,0.6175764887601811,0.3824235112398188
DEAP:S09:T26,DEAP:S09,T26,0,4.1,1,1,2,4,unexposed,baseline_relative_context,train,10.0,0.522320980460101,0.477679019539899
DEAP:S09:T33,DEAP:S09,T33,0,3.08,1,1,2,4,unexposed,baseline_relative_context,train,10.0,0.7876219511896445,0.21237804881035552
DEAP:S09:T35,DEAP:S09,T35,0,3.01,1,1,2,4,unexposed,baseline_relative_context,train,10.0,0.9953636884398914,0.004636311560108601
DEAP:S09:T37,DEAP:S09,T37,0,2.99,1,1,2,4,unexposed,baseline_relative_context,train,10.0,0.8540255923960078,0.1459744076039922
DEAP:S09:T38,DEAP:S09,T38,0,2.92,1,1,2,4,unexposed,baseline_relative_context,train,10.0,0.999924949838216,7.505016178394134e-05
DEAP:S10:T01,DEAP:S10,T01,1,7.91,1,1,2,4,unexposed,baseline_relative_context,train,10.0,6.513033180555183e-07,0.9999993486966819
DEAP:S10:T08,DEAP:S10,T08,1,5.68,1,1,2,4,unexposed,baseline_relative_context,train,10.0,0.014021239190098234,0.9859787608099018
DEAP:S10:T10,DEAP:S10,T10,1,5.94,1,1,2,4,unexposed,baseline_relative_context,train,10.0,0.1684952803092401,0.8315047196907599
DEAP:S10:T12,DEAP:S10,T12,1,5.37,1,1,2,4,unexposed,baseline_relative_context,train,10.0,0.17915043554916998,0.82084956445083
DEAP:S10:T14,DEAP:S10,T14,1,8.81,1,1,2,4,unexposed,baseline_relative_context,train,10.0,0.12639598608514102,0.873604013914859
DEAP:S10:T17,DEAP:S10,T17,0,4.95,1,1,2,4,unexposed,baseline_relative_context,train,10.0,0.8082966864021937,0.19170331359780635
DEAP:S10:T20,DEAP:S10,T20,1,5.58,1,1,2,4,unexposed,baseline_relative_context,train,10.0,0.009864811637526949,0.990135188362473
DEAP:S10:T21,DEAP:S10,T21,0,2.97,1,1,2,4,unexposed,baseline_relative_context,train,10.0,0.9999999946843642,5.315635861176057e-09
DEAP:S10:T25,DEAP:S10,T25,0,1.92,1,1,2,4,unexposed,baseline_relative_context,train,10.0,0.9999743680279417,2.5631972058273713e-05
DEAP:S10:T33,DEAP:S10,T33,0,4.94,1,1,2,4,unexposed,baseline_relative_context,train,10.0,0.9998153749186456,0.00018462508135438314
DEAP:S10:T35,DEAP:S10,T35,0,1.38,1,1,2,4,unexposed,baseline_relative_context,train,10.0,0.9928021459564907,0.007197854043509276
DEAP:S10:T37,DEAP:S10,T37,0,2.92,1,1,2,4,unexposed,baseline_relative_context,train,10.0,0.9974752373868958,0.002524762613104206
DEAP:S10:T38,DEAP:S10,T38,0,1.91,1,1,2,4,unexposed,baseline_relative_context,train,10.0,0.9977596832694808,0.0022403167305191985
DEAP:S13:T01,DEAP:S13,T01,1,6.15,1,1,2,4,unexposed,baseline_relative_context,train,10.0,0.5276674044940164,0.47233259550598367
DEAP:S13:T02,DEAP:S13,T02,0,4.03,1,1,2,4,unexposed,baseline_relative_context,train,10.0,0.42441263497005655,0.5755873650299435
DEAP:S13:T08,DEAP:S13,T08,1,7.99,1,1,2,4,unexposed,baseline_relative_context,train,10.0,0.013741256382551414,0.9862587436174486
DEAP:S13:T10,DEAP:S13,T10,0,4.01,1,1,2,4,unexposed,baseline_relative_context,train,10.0,0.9902778905951654,0.009722109404834688
DEAP:S13:T12,DEAP:S13,T12,1,5.08,1,1,2,4,unexposed,baseline_relative_context,train,10.0,0.5069022357402991,0.49309776425970087
DEAP:S13:T14,DEAP:S13,T14,1,7.97,1,1,2,4,unexposed,baseline_relative_context,train,10.0,0.0030266987129896616,0.9969733012870103
DEAP:S13:T17,DEAP:S13,T17,1,5.99,1,1,2,4,unexposed,baseline_relative_context,train,10.0,0.2661077053026141,0.7338922946973859
DEAP:S13:T20,DEAP:S13,T20,1,7.6,1,1,2,4,unexposed,baseline_relative_context,train,10.0,0.09544668039344417,0.9045533196065558
DEAP:S13:T21,DEAP:S13,T21,0,2.0,1,1,2,4,unexposed,baseline_relative_context,train,10.0,0.9990220326836046,0.000977967316395388
DEAP:S13:T25,DEAP:S13,T25,0,3.97,1,1,2,4,unexposed,baseline_relative_context,train,10.0,0.9428140918512995,0.05718590814870051
DEAP:S13:T26,DEAP:S13,T26,1,5.04,1,1,2,4,unexposed,baseline_relative_context,train,10.0,0.21984109067085256,0.7801589093291474
DEAP:S13:T33,DEAP:S13,T33,0,4.55,1,1,2,4,unexposed,baseline_relative_context,train,10.0,0.6665522158115267,0.33344778418847326
DEAP:S13:T35,DEAP:S13,T35,0,1.0,1,1,2,4,unexposed,baseline_relative_context,train,10.0,0.9330130840857609,0.06698691591423915
DEAP:S13:T37,DEAP:S13,T37,0,1.0,1,1,2,4,unexposed,baseline_relative_context,train,10.0,0.9751237158839882,0.024876284116011785
DEAP:S13:T38,DEAP:S13,T38,0,1.0,1,1,2,4,unexposed,baseline_relative_context,train,10.0,0.8639657793079807,0.13603422069201931
DEAP:S15:T01,DEAP:S15,T01,1,8.9,1,1,2,4,unexposed,baseline_relative_context,train,10.0,8.993778222166071e-08,0.9999999100622178
DEAP:S15:T02,DEAP:S15,T02,1,5.04,1,1,2,4,unexposed,baseline_relative_context,train,10.0,0.001969237417670966,0.998030762582329
DEAP:S15:T08,DEAP:S15,T08,1,9.0,1,1,2,4,unexposed,baseline_relative_context,train,10.0,0.023835112732083386,0.9761648872679166
DEAP:S15:T10,DEAP:S15,T10,0,4.99,1,1,2,4,unexposed,baseline_relative_context,train,10.0,0.5815371462004798,0.4184628537995202
DEAP:S15:T12,DEAP:S15,T12,1,7.08,1,1,2,4,unexposed,baseline_relative_context,train,10.0,0.0005651051181774225,0.9994348948818226
DEAP:S15:T14,DEAP:S15,T14,1,8.15,1,1,2,4,unexposed,baseline_relative_context,train,10.0,0.00657499156855923,0.9934250084314408
DEAP:S15:T17,DEAP:S15,T17,1,8.1,1,1,2,4,unexposed,baseline_relative_context,train,10.0,0.14223877612435631,0.8577612238756437
DEAP:S15:T20,DEAP:S15,T20,1,7.97,1,1,2,4,unexposed,baseline_relative_context,train,10.0,0.14806626570651182,0.8519337342934882
DEAP:S15:T21,DEAP:S15,T21,0,3.09,1,1,2,4,unexposed,baseline_relative_context,train,10.0,0.6824514078429149,0.31754859215708514
DEAP:S15:T23,DEAP:S15,T23,0,3.05,1,1,2,4,unexposed,baseline_relative_context,train,10.0,0.9011527859841852,0.09884721401581477
DEAP:S15:T25,DEAP:S15,T25,0,2.96,1,1,2,4,unexposed,baseline_relative_context,train,10.0,0.993629211313321,0.006370788686678914
DEAP:S15:T26,DEAP:S15,T26,0,4.96,1,1,2,4,unexposed,baseline_relative_context,train,10.0,0.9907818368532747,0.009218163146725324
DEAP:S15:T35,DEAP:S15,T35,1,5.05,1,1,2,4,unexposed,baseline_relative_context,train,10.0,0.23938132866023198,0.760618671339768
DEAP:S15:T37,DEAP:S15,T37,0,3.04,1,1,2,4,unexposed,baseline_relative_context,train,10.0,0.999998598766597,1.4012334029664545e-06
DEAP:S15:T38,DEAP:S15,T38,0,2.08,1,1,2,4,unexposed,baseline_relative_context,train,10.0,0.9999960414644713,3.958535528664482e-06
DEAP:S16:T01,DEAP:S16,T01,0,2.51,1,1,2,4,unexposed,baseline_relative_context,train,10.0,0.2841659078064316,0.7158340921935684
DEAP:S16:T02,DEAP:S16,T02,1,6.45,1,1,2,4,unexposed,baseline_relative_context,train,10.0,0.0983764212072813,0.9016235787927187
DEAP:S16:T10,DEAP:S16,T10,1,5.14,1,1,2,4,unexposed,baseline_relative_context,train,10.0,0.46544634917616834,0.5345536508238317
DEAP:S16:T12,DEAP:S16,T12,1,5.97,1,1,2,4,unexposed,baseline_relative_context,train,10.0,0.010273320961867505,0.9897266790381325
DEAP:S16:T14,DEAP:S16,T14,0,3.64,1,1,2,4,unexposed,baseline_relative_context,train,10.0,0.6312148922750604,0.36878510772493955
DEAP:S16:T17,DEAP:S16,T17,0,1.21,1,1,2,4,unexposed,baseline_relative_context,train,10.0,0.8267022956483753,0.1732977043516247
DEAP:S16:T20,DEAP:S16,T20,0,3.82,1,1,2,4,unexposed,baseline_relative_context,train,10.0,0.8926951731537897,0.10730482684621033
DEAP:S16:T21,DEAP:S16,T21,0,4.42,1,1,2,4,unexposed,baseline_relative_context,train,10.0,0.7854201089631468,0.21457989103685318
DEAP:S16:T23,DEAP:S16,T23,0,3.9,1,1,2,4,unexposed,baseline_relative_context,train,10.0,0.5752123101161895,0.42478768988381055
DEAP:S16:T25,DEAP:S16,T25,0,2.47,1,1,2,4,unexposed,baseline_relative_context,train,10.0,0.676465097521679,0.32353490247832095
DEAP:S16:T26,DEAP:S16,T26,0,1.82,1,1,2,4,unexposed,baseline_relative_context,train,10.0,0.994965457019634,0.005034542980366011
DEAP:S16:T33,DEAP:S16,T33,0,1.0,1,1,2,4,unexposed,baseline_relative_context,train,10.0,0.721908022811901,0.278091977188099
DEAP:S16:T35,DEAP:S16,T35,0,1.0,1,1,2,4,unexposed,baseline_relative_context,train,10.0,0.9429848009512432,0.05701519904875685
DEAP:S16:T37,DEAP:S16,T37,1,6.09,1,1,2,4,unexposed,baseline_relative_context,train,10.0,0.8245035098850109,0.17549649011498908
DEAP:S17:T01,DEAP:S17,T01,0,4.05,1,1,2,4,unexposed,baseline_relative_context,train,10.0,0.29060833489029736,0.7093916651097026
DEAP:S17:T02,DEAP:S17,T02,1,7.26,1,1,2,4,unexposed,baseline_relative_context,train,10.0,0.4184168223261705,0.5815831776738295
DEAP:S17:T08,DEAP:S17,T08,1,6.05,1,1,2,4,unexposed,baseline_relative_context,train,10.0,0.10350474558732092,0.8964952544126791
DEAP:S17:T10,DEAP:S17,T10,1,6.09,1,1,2,4,unexposed,baseline_relative_context,train,10.0,0.3501953328044949,0.6498046671955051
DEAP:S17:T12,DEAP:S17,T12,1,5.96,1,1,2,4,unexposed,baseline_relative_context,train,10.0,0.0013055773352809164,0.9986944226647191
DEAP:S17:T14,DEAP:S17,T14,1,6.58,1,1,2,4,unexposed,baseline_relative_context,train,10.0,0.057920761585346425,0.9420792384146536
DEAP:S17:T17,DEAP:S17,T17,0,4.12,1,1,2,4,unexposed,baseline_relative_context,train,10.0,0.5282455403754998,0.4717544596245003
DEAP:S17:T20,DEAP:S17,T20,1,7.03,1,1,2,4,unexposed,baseline_relative_context,train,10.0,0.03791726065028411,0.9620827393497159
DEAP:S17:T21,DEAP:S17,T21,0,4.0,1,1,2,4,unexposed,baseline_relative_context,train,10.0,0.9990491683455138,0.0009508316544861694
DEAP:S17:T23,DEAP:S17,T23,0,3.62,1,1,2,4,unexposed,baseline_relative_context,train,10.0,0.8891784672788412,0.11082153272115881
DEAP:S17:T25,DEAP:S17,T25,1,6.18,1,1,2,4,unexposed,baseline_relative_context,train,10.0,0.2005719670063425,0.7994280329936575
DEAP:S17:T26,DEAP:S17,T26,0,3.73,1,1,2,4,unexposed,baseline_relative_context,train,10.0,0.9978938445207999,0.0021061554792000895
DEAP:S17:T33,DEAP:S17,T33,0,3.83,1,1,2,4,unexposed,baseline_relative_context,train,10.0,0.9538950624464165,0.046104937553583476
DEAP:S17:T35,DEAP:S17,T35,0,4.17,1,1,2,4,unexposed,baseline_relative_context,train,10.0,0.9997650043550373,0.00023499564496269086
DEAP:S17:T37,DEAP:S17,T37,0,3.46,1,1,2,4,unexposed,baseline_relative_context,train,10.0,0.9999724876264113,2.7512373588632093e-05
DEAP:S17:T38,DEAP:S17,T38,0,3.6,1,1,2,4,unexposed,baseline_relative_context,train,10.0,0.999591571835663,0.000408428164336918
DEAP:S19:T01,DEAP:S19,T01,1,7.44,1,1,2,4,unexposed,baseline_relative_context,train,10.0,0.005157610843968041,0.994842389156032
DEAP:S19:T02,DEAP:S19,T02,1,6.46,1,1,2,4,unexposed,baseline_relative_context,train,10.0,2.9600760119818936e-05,0.9999703992398802
DEAP:S19:T08,DEAP:S19,T08,1,7.44,1,1,2,4,unexposed,baseline_relative_context,train,10.0,0.04450247372655525,0.9554975262734448
DEAP:S19:T10,DEAP:S19,T10,1,5.01,1,1,2,4,unexposed,baseline_relative_context,train,10.0,0.0725040718866391,0.9274959281133609
DEAP:S19:T12,DEAP:S19,T12,1,6.26,1,1,2,4,unexposed,baseline_relative_context,train,10.0,0.0005149337612746496,0.9994850662387254
DEAP:S19:T14,DEAP:S19,T14,1,6.76,1,1,2,4,unexposed,baseline_relative_context,train,10.0,0.13015887840105644,0.8698411215989436
DEAP:S19:T17,DEAP:S19,T17,1,7.38,1,1,2,4,unexposed,baseline_relative_context,train,10.0,0.28391035598231573,0.7160896440176843
DEAP:S19:T20,DEAP:S19,T20,1,6.13,1,1,2,4,unexposed,baseline_relative_context,train,10.0,0.02144882035986817,0.9785511796401318
DEAP:S19:T21,DEAP:S19,T21,0,2.19,1,1,2,4,unexposed,baseline_relative_context,train,10.0,0.8537621990612414,0.1462378009387586
DEAP:S19:T23,DEAP:S19,T23,0,3.77,1,1,2,4,unexposed,baseline_relative_context,train,10.0,0.9928006594245556,0.007199340575444387
DEAP:S19:T25,DEAP:S19,T25,0,2.19,1,1,2,4,unexposed,baseline_relative_context,train,10.0,0.8791951086360038,0.1208048913639962
DEAP:S19:T33,DEAP:S19,T33,0,3.4,1,1,2,4,unexposed,baseline_relative_context,train,10.0,0.9327498604704414,0.06725013952955855
DEAP:S19:T35,DEAP:S19,T35,0,3.21,1,1,2,4,unexposed,baseline_relative_context,train,10.0,0.8729775354061822,0.12702246459381789
DEAP:S19:T37,DEAP:S19,T37,0,3.15,1,1,2,4,unexposed,baseline_relative_context,train,10.0,0.7814403861087776,0.2185596138912224
DEAP:S19:T38,DEAP:S19,T38,0,1.62,1,1,2,4,unexposed,baseline_relative_context,train,10.0,0.9924822279487869,0.007517772051213054
DEAP:S20:T01,DEAP:S20,T01,1,5.76,1,1,2,4,unexposed,baseline_relative_context,train,10.0,0.0075054417171570575,0.9924945582828429
DEAP:S20:T02,DEAP:S20,T02,1,6.77,1,1,2,4,unexposed,baseline_relative_context,train,10.0,0.024571788445265974,0.975428211554734
DEAP:S20:T08,DEAP:S20,T08,1,7.63,1,1,2,4,unexposed,baseline_relative_context,train,10.0,5.161114583485116e-07,0.9999994838885417
DEAP:S20:T10,DEAP:S20,T10,1,5.13,1,1,2,4,unexposed,baseline_relative_context,train,10.0,0.26802945165449055,0.7319705483455095
DEAP:S20:T12,DEAP:S20,T12,1,7.64,1,1,2,4,unexposed,baseline_relative_context,train,10.0,0.009826228390110825,0.9901737716098892
DEAP:S20:T14,DEAP:S20,T14,1,6.4,1,1,2,4,unexposed,baseline_relative_context,train,10.0,0.0068702449282788125,0.9931297550717212
DEAP:S20:T17,DEAP:S20,T17,1,5.04,1,1,2,4,unexposed,baseline_relative_context,train,10.0,0.0508396724457747,0.9491603275542253
DEAP:S20:T20,DEAP:S20,T20,1,6.65,1,1,2,4,unexposed,baseline_relative_context,train,10.0,0.13758464002364934,0.8624153599763507
DEAP:S20:T21,DEAP:S20,T21,0,4.97,1,1,2,4,unexposed,baseline_relative_context,train,10.0,0.9998237122997125,0.00017628770028760076
DEAP:S20:T23,DEAP:S20,T23,0,2.82,1,1,2,4,unexposed,baseline_relative_context,train,10.0,0.9995230190074892,0.0004769809925108506
DEAP:S20:T25,DEAP:S20,T25,0,2.99,1,1,2,4,unexposed,baseline_relative_context,train,10.0,0.8968294145463537,0.1031705854536463
DEAP:S20:T26,DEAP:S20,T26,0,4.31,1,1,2,4,unexposed,baseline_relative_context,train,10.0,0.6741324997871543,0.3258675002128457
DEAP:S20:T33,DEAP:S20,T33,0,4.64,1,1,2,4,unexposed,baseline_relative_context,train,10.0,0.763584601598883,0.23641539840111703
DEAP:S20:T35,DEAP:S20,T35,0,4.35,1,1,2,4,unexposed,baseline_relative_context,train,10.0,0.8065007166858367,0.19349928331416336
DEAP:S20:T37,DEAP:S20,T37,0,3.01,1,1,2,4,unexposed,baseline_relative_context,train,10.0,0.9997138864833905,0.00028611351660943796
DEAP:S20:T38,DEAP:S20,T38,0,3.38,1,1,2,4,unexposed,baseline_relative_context,train,10.0,0.8389042043424841,0.16109579565751583
DEAP:S21:T01,DEAP:S21,T01,1,6.42,1,1,2,4,unexposed,baseline_relative_context,train,10.0,0.02020218129252327,0.9797978187074767
DEAP:S21:T02,DEAP:S21,T02,1,7.05,1,1,2,4,unexposed,baseline_relative_context,train,10.0,0.0005499352300958327,0.9994500647699042
DEAP:S21:T08,DEAP:S21,T08,1,8.81,1,1,2,4,unexposed,baseline_relative_context,train,10.0,0.0006789473705941518,0.9993210526294058
DEAP:S21:T10,DEAP:S21,T10,1,7.05,1,1,2,4,unexposed,baseline_relative_context,train,10.0,0.127676627870968,0.872323372129032
DEAP:S21:T12,DEAP:S21,T12,0,4.63,1,1,2,4,unexposed,baseline_relative_context,train,10.0,0.18026275450548657,0.8197372454945134
DEAP:S21:T14,DEAP:S21,T14,1,8.1,1,1,2,4,unexposed,baseline_relative_context,train,10.0,0.13357770653216283,0.8664222934678372
DEAP:S21:T17,DEAP:S21,T17,1,5.53,1,1,2,4,unexposed,baseline_relative_context,train,10.0,0.1427797117303199,0.8572202882696801
DEAP:S21:T20,DEAP:S21,T20,0,2.33,1,1,2,4,unexposed,baseline_relative_context,train,10.0,0.8581822911831718,0.14181770881682826
DEAP:S21:T23,DEAP:S21,T23,0,4.69,1,1,2,4,unexposed,baseline_relative_context,train,10.0,0.8477980016670336,0.1522019983329664
DEAP:S21:T25,DEAP:S21,T25,0,3.97,1,1,2,4,unexposed,baseline_relative_context,train,10.0,0.9704417287787659,0.02955827122123411
DEAP:S21:T26,DEAP:S21,T26,0,4.06,1,1,2,4,unexposed,baseline_relative_context,train,10.0,0.6731452404061085,0.3268547595938915
DEAP:S21:T33,DEAP:S21,T33,1,7.03,1,1,2,4,unexposed,baseline_relative_context,train,10.0,0.19171445197967785,0.8082855480203222
DEAP:S21:T35,DEAP:S21,T35,0,4.92,1,1,2,4,unexposed,baseline_relative_context,train,10.0,0.6692728201843593,0.3307271798156407
DEAP:S21:T37,DEAP:S21,T37,0,3.04,1,1,2,4,unexposed,baseline_relative_context,train,10.0,0.8212198911025512,0.1787801088974488
DEAP:S21:T38,DEAP:S21,T38,0,3.03,1,1,2,4,unexposed,baseline_relative_context,train,10.0,0.9992224741619866,0.0007775258380133488
DEAP:S22:T01,DEAP:S22,T01,1,5.05,1,1,2,4,unexposed,baseline_relative_context,train,10.0,0.039746262524969045,0.960253737475031
DEAP:S22:T02,DEAP:S22,T02,1,7.08,1,1,2,4,unexposed,baseline_relative_context,train,10.0,0.6489966611239442,0.3510033388760559
DEAP:S22:T08,DEAP:S22,T08,1,7.09,1,1,2,4,unexposed,baseline_relative_context,train,10.0,0.00041611267637098326,0.999583887323629
DEAP:S22:T10,DEAP:S22,T10,0,4.0,1,1,2,4,unexposed,baseline_relative_context,train,10.0,0.9760033063900696,0.02399669360993035
DEAP:S22:T12,DEAP:S22,T12,0,4.99,1,1,2,4,unexposed,baseline_relative_context,train,10.0,0.2966042737367677,0.7033957262632323
DEAP:S22:T14,DEAP:S22,T14,1,8.05,1,1,2,4,unexposed,baseline_relative_context,train,10.0,0.012550867925834486,0.9874491320741655
DEAP:S22:T17,DEAP:S22,T17,1,5.04,1,1,2,4,unexposed,baseline_relative_context,train,10.0,0.15451453516298586,0.8454854648370141
DEAP:S22:T20,DEAP:S22,T20,1,7.08,1,1,2,4,unexposed,baseline_relative_context,train,10.0,0.209554975681165,0.790445024318835
DEAP:S22:T21,DEAP:S22,T21,0,2.97,1,1,2,4,unexposed,baseline_relative_context,train,10.0,0.96582327992233,0.034176720077670024
DEAP:S22:T23,DEAP:S22,T23,0,2.99,1,1,2,4,unexposed,baseline_relative_context,train,10.0,0.9991968224628465,0.0008031775371535138
DEAP:S22:T25,DEAP:S22,T25,0,2.95,1,1,2,4,unexposed,baseline_relative_context,train,10.0,0.8427233726352711,0.15727662736472894
DEAP:S22:T35,DEAP:S22,T35,0,1.99,1,1,2,4,unexposed,baseline_relative_context,train,10.0,0.9971789750323561,0.00282102496764387
DEAP:S22:T37,DEAP:S22,T37,0,1.0,1,1,2,4,unexposed,baseline_relative_context,train,10.0,0.998102789633658,0.0018972103663420891
DEAP:S22:T38,DEAP:S22,T38,0,1.0,1,1,2,4,unexposed,baseline_relative_context,train,10.0,0.9842646407666652,0.015735359233334804
DEAP:S23:T01,DEAP:S23,T01,1,7.71,1,1,2,4,unexposed,baseline_relative_context,train,10.0,0.1760826466576073,0.8239173533423927
DEAP:S23:T02,DEAP:S23,T02,1,9.0,1,1,2,4,unexposed,baseline_relative_context,train,10.0,0.012917293148512532,0.9870827068514875
DEAP:S23:T08,DEAP:S23,T08,1,7.23,1,1,2,4,unexposed,baseline_relative_context,train,10.0,3.0055591952460325e-05,0.9999699444080475
DEAP:S23:T10,DEAP:S23,T10,1,5.01,1,1,2,4,unexposed,baseline_relative_context,train,10.0,0.13184729153823926,0.8681527084617607
DEAP:S23:T12,DEAP:S23,T12,1,7.0,1,1,2,4,unexposed,baseline_relative_context,train,10.0,0.26944306409663277,0.7305569359033672
DEAP:S23:T14,DEAP:S23,T14,1,8.01,1,1,2,4,unexposed,baseline_relative_context,train,10.0,0.0004272749552632904,0.9995727250447367
DEAP:S23:T17,DEAP:S23,T17,0,2.86,1,1,2,4,unexposed,baseline_relative_context,train,10.0,0.622242019060621,0.3777579809393789
DEAP:S23:T20,DEAP:S23,T20,0,3.96,1,1,2,4,unexposed,baseline_relative_context,train,10.0,0.8537871829992163,0.14621281700078376
DEAP:S23:T23,DEAP:S23,T23,0,4.17,1,1,2,4,unexposed,baseline_relative_context,train,10.0,0.9900210064813817,0.009978993518618263
DEAP:S23:T25,DEAP:S23,T25,0,4.97,1,1,2,4,unexposed,baseline_relative_context,train,10.0,0.9976817425624249,0.0023182574375751053
DEAP:S23:T26,DEAP:S23,T26,1,8.27,1,1,2,4,unexposed,baseline_relative_context,train,10.0,0.2017592532874134,0.7982407467125866
DEAP:S23:T33,DEAP:S23,T33,1,5.04,1,1,2,4,unexposed,baseline_relative_context,train,10.0,0.15908827535499082,0.8409117246450092
DEAP:S23:T35,DEAP:S23,T35,1,5.18,1,1,2,4,unexposed,baseline_relative_context,train,10.0,0.10652532686553695,0.893474673134463
DEAP:S24:T01,DEAP:S24,T01,1,7.06,1,1,2,4,unexposed,baseline_relative_context,train,10.0,0.005426463474442311,0.9945735365255577
DEAP:S24:T02,DEAP:S24,T02,1,6.04,1,1,2,4,unexposed,baseline_relative_context,train,10.0,0.24477076920927499,0.755229230790725
DEAP:S24:T08,DEAP:S24,T08,1,7.03,1,1,2,4,unexposed,baseline_relative_context,train,10.0,0.009076372136554323,0.9909236278634457
DEAP:S24:T10,DEAP:S24,T10,1,5.01,1,1,2,4,unexposed,baseline_relative_context,train,10.0,0.9662452924767282,0.03375470752327183
DEAP:S24:T12,DEAP:S24,T12,1,7.04,1,1,2,4,unexposed,baseline_relative_context,train,10.0,0.00014164358588042436,0.9998583564141196
DEAP:S24:T14,DEAP:S24,T14,1,8.05,1,1,2,4,unexposed,baseline_relative_context,train,10.0,0.023785647037512625,0.9762143529624874
DEAP:S24:T17,DEAP:S24,T17,0,4.08,1,1,2,4,unexposed,baseline_relative_context,train,10.0,0.9115505067384474,0.08844949326155258
DEAP:S24:T20,DEAP:S24,T20,0,4.03,1,1,2,4,unexposed,baseline_relative_context,train,10.0,0.743395260028834,0.256604739971166
DEAP:S24:T21,DEAP:S24,T21,0,1.96,1,1,2,4,unexposed,baseline_relative_context,train,10.0,0.29593752254889827,0.7040624774511017
DEAP:S24:T25,DEAP:S24,T25,0,3.12,1,1,2,4,unexposed,baseline_relative_context,train,10.0,0.9835729786226581,0.016427021377341824
DEAP:S24:T26,DEAP:S24,T26,0,4.05,1,1,2,4,unexposed,baseline_relative_context,train,10.0,0.9955978845210693,0.004402115478930684
DEAP:S24:T33,DEAP:S24,T33,1,5.01,1,1,2,4,unexposed,baseline_relative_context,train,10.0,0.6506069094168501,0.34939309058314993
DEAP:S24:T35,DEAP:S24,T35,0,4.05,1,1,2,4,unexposed,baseline_relative_context,train,10.0,0.9962168108632041,0.0037831891367959033
DEAP:S24:T37,DEAP:S24,T37,0,4.0,1,1,2,4,unexposed,baseline_relative_context,train,10.0,0.9965814720470676,0.0034185279529324163
DEAP:S24:T38,DEAP:S24,T38,0,2.03,1,1,2,4,unexposed,baseline_relative_context,train,10.0,0.9985094362069378,0.0014905637930622067
DEAP:S26:T01,DEAP:S26,T01,1,7.97,1,1,2,4,unexposed,baseline_relative_context,train,10.0,0.04452816630820777,0.9554718336917922
DEAP:S26:T02,DEAP:S26,T02,1,6.96,1,1,2,4,unexposed,baseline_relative_context,train,10.0,0.0002706148396877106,0.9997293851603123
DEAP:S26:T08,DEAP:S26,T08,1,8.01,1,1,2,4,unexposed,baseline_relative_context,train,10.0,0.035916754161260944,0.9640832458387391
DEAP:S26:T10,DEAP:S26,T10,0,3.08,1,1,2,4,unexposed,baseline_relative_context,train,10.0,0.7206254355405151,0.2793745644594849
DEAP:S26:T12,DEAP:S26,T12,1,7.04,1,1,2,4,unexposed,baseline_relative_context,train,10.0,0.49565988381968595,0.504340116180314
DEAP:S26:T14,DEAP:S26,T14,1,9.0,1,1,2,4,unexposed,baseline_relative_context,train,10.0,0.15155618132145932,0.8484438186785407
DEAP:S26:T17,DEAP:S26,T17,1,5.04,1,1,2,4,unexposed,baseline_relative_context,train,10.0,0.03977230320853531,0.9602276967914647
DEAP:S26:T20,DEAP:S26,T20,1,8.08,1,1,2,4,unexposed,baseline_relative_context,train,10.0,0.002790137442430285,0.9972098625575697
DEAP:S26:T21,DEAP:S26,T21,1,6.06,1,1,2,4,unexposed,baseline_relative_context,train,10.0,0.21208828841284266,0.7879117115871573
DEAP:S26:T23,DEAP:S26,T23,0,2.28,1,1,2,4,unexposed,baseline_relative_context,train,10.0,0.9985458742740524,0.0014541257259476105
DEAP:S26:T25,DEAP:S26,T25,1,7.14,1,1,2,4,unexposed,baseline_relative_context,train,10.0,0.04728684885029355,0.9527131511497064
DEAP:S26:T26,DEAP:S26,T26,1,5.05,1,1,2,4,unexposed,baseline_relative_context,train,10.0,0.006167464203797546,0.9938325357962025
DEAP:S26:T33,DEAP:S26,T33,0,1.0,1,1,2,4,unexposed,baseline_relative_context,train,10.0,0.7804402634893195,0.21955973651068056
DEAP:S26:T37,DEAP:S26,T37,0,1.0,1,1,2,4,unexposed,baseline_relative_context,train,10.0,0.9993590767088383,0.0006409232911617268
DEAP:S30:T01,DEAP:S30,T01,1,5.04,1,1,2,4,unexposed,baseline_relative_context,train,10.0,1.1388735582373855e-06,0.9999988611264418
DEAP:S30:T02,DEAP:S30,T02,1,7.15,1,1,2,4,unexposed,baseline_relative_context,train,10.0,0.079213673741659,0.920786326258341
DEAP:S30:T08,DEAP:S30,T08,1,6.05,1,1,2,4,unexposed,baseline_relative_context,train,10.0,0.0009868028023212183,0.9990131971976788
DEAP:S30:T10,DEAP:S30,T10,1,5.08,1,1,2,4,unexposed,baseline_relative_context,train,10.0,0.3681325648476844,0.6318674351523156
DEAP:S30:T14,DEAP:S30,T14,1,5.04,1,1,2,4,unexposed,baseline_relative_context,train,10.0,0.0004594967560781482,0.9995405032439219
DEAP:S30:T17,DEAP:S30,T17,1,7.13,1,1,2,4,unexposed,baseline_relative_context,train,10.0,0.004475792474608387,0.9955242075253916
DEAP:S30:T20,DEAP:S30,T20,1,7.26,1,1,2,4,unexposed,baseline_relative_context,train,10.0,0.0016145981038647728,0.9983854018961352
DEAP:S30:T21,DEAP:S30,T21,0,3.05,1,1,2,4,unexposed,baseline_relative_context,train,10.0,0.5425366269704561,0.45746337302954393
DEAP:S30:T23,DEAP:S30,T23,0,3.0,1,1,2,4,unexposed,baseline_relative_context,train,10.0,0.8928566066659811,0.10714339333401891
DEAP:S30:T25,DEAP:S30,T25,0,3.92,1,1,2,4,unexposed,baseline_relative_context,train,10.0,0.35425928838840315,0.6457407116115969
DEAP:S30:T26,DEAP:S30,T26,1,5.01,1,1,2,4,unexposed,baseline_relative_context,train,10.0,0.24878672679190506,0.751213273208095
DEAP:S30:T33,DEAP:S30,T33,0,3.91,1,1,2,4,unexposed,baseline_relative_context,train,10.0,0.8119113399443306,0.18808866005566938
DEAP:S30:T37,DEAP:S30,T37,0,4.13,1,1,2,4,unexposed,baseline_relative_context,train,10.0,0.9272096944275536,0.07279030557244631
DEAP:S30:T38,DEAP:S30,T38,1,5.04,1,1,2,4,unexposed,baseline_relative_context,train,10.0,0.8986808465470432,0.10131915345295685
DEAP:S31:T01,DEAP:S31,T01,1,6.79,1,1,2,4,unexposed,baseline_relative_context,train,10.0,0.0034055552016035717,0.9965944447983964
DEAP:S31:T02,DEAP:S31,T02,1,5.03,1,1,2,4,unexposed,baseline_relative_context,train,10.0,0.1646256938931605,0.8353743061068395
DEAP:S31:T08,DEAP:S31,T08,1,6.03,1,1,2,4,unexposed,baseline_relative_context,train,10.0,2.0560192942054023e-05,0.999979439807058
DEAP:S31:T10,DEAP:S31,T10,0,4.01,1,1,2,4,unexposed,baseline_relative_context,train,10.0,0.9997191259571241,0.00028087404287594316
DEAP:S31:T12,DEAP:S31,T12,1,7.14,1,1,2,4,unexposed,baseline_relative_context,train,10.0,0.040377560735815665,0.9596224392641843
DEAP:S31:T14,DEAP:S31,T14,1,8.06,1,1,2,4,unexposed,baseline_relative_context,train,10.0,0.0006805592099727864,0.9993194407900272
DEAP:S31:T20,DEAP:S31,T20,1,6.9,1,1,2,4,unexposed,baseline_relative_context,train,10.0,0.00011124940221796109,0.999888750597782
DEAP:S31:T21,DEAP:S31,T21,1,5.09,1,1,2,4,unexposed,baseline_relative_context,train,10.0,0.8342946652312695,0.1657053347687305
DEAP:S31:T23,DEAP:S31,T23,0,1.0,1,1,2,4,unexposed,baseline_relative_context,train,10.0,0.9976223667066128,0.002377633293387236
DEAP:S31:T25,DEAP:S31,T25,1,6.14,1,1,2,4,unexposed,baseline_relative_context,train,10.0,0.5083087853210893,0.49169121467891075
DEAP:S31:T26,DEAP:S31,T26,1,7.08,1,1,2,4,unexposed,baseline_relative_context,train,10.0,0.170705922833577,0.829294077166423
DEAP:S31:T33,DEAP:S31,T33,0,4.18,1,1,2,4,unexposed,baseline_relative_context,train,10.0,0.7088844447529425,0.29111555524705746
DEAP:S31:T38,DEAP:S31,T38,0,1.0,1,1,2,4,unexposed,baseline_relative_context,train,10.0,0.9999094763870658,9.052361293418094e-05
DEAP:S32:T01,DEAP:S32,T01,1,8.13,1,1,2,4,unexposed,baseline_relative_context,train,10.0,0.008091368177046254,0.9919086318229537
DEAP:S32:T02,DEAP:S32,T02,0,4.99,1,1,2,4,unexposed,baseline_relative_context,train,10.0,0.5127282716568199,0.4872717283431801
DEAP:S32:T08,DEAP:S32,T08,1,7.96,1,1,2,4,unexposed,baseline_relative_context,train,10.0,0.14340195768476682,0.8565980423152332
DEAP:S32:T12,DEAP:S32,T12,1,7.31,1,1,2,4,unexposed,baseline_relative_context,train,10.0,0.34539646041992456,0.6546035395800754
DEAP:S32:T14,DEAP:S32,T14,1,7.1,1,1,2,4,unexposed,baseline_relative_context,train,10.0,0.009779380206731747,0.9902206197932683
DEAP:S32:T17,DEAP:S32,T17,1,6.09,1,1,2,4,unexposed,baseline_relative_context,train,10.0,0.32868870814780304,0.671311291852197
DEAP:S32:T20,DEAP:S32,T20,1,6.03,1,1,2,4,unexposed,baseline_relative_context,train,10.0,0.08924045746919451,0.9107595425308055
DEAP:S32:T21,DEAP:S32,T21,0,4.12,1,1,2,4,unexposed,baseline_relative_context,train,10.0,0.999605879802796,0.00039412019720398256
DEAP:S32:T23,DEAP:S32,T23,0,3.01,1,1,2,4,unexposed,baseline_relative_context,train,10.0,0.9999246067876804,7.539321231960783e-05
DEAP:S32:T25,DEAP:S32,T25,0,4.01,1,1,2,4,unexposed,baseline_relative_context,train,10.0,0.7782902530467426,0.2217097469532574
DEAP:S32:T26,DEAP:S32,T26,1,5.14,1,1,2,4,unexposed,baseline_relative_context,train,10.0,0.6794660395364603,0.32053396046353966
DEAP:S32:T33,DEAP:S32,T33,0,4.06,1,1,2,4,unexposed,baseline_relative_context,train,10.0,0.9990244397233905,0.000975560276609532
DEAP:S32:T35,DEAP:S32,T35,0,3.88,1,1,2,4,unexposed,baseline_relative_context,train,10.0,0.9986504299621297,0.0013495700378703271
DEAP:S32:T37,DEAP:S32,T37,0,2.81,1,1,2,4,unexposed,baseline_relative_context,train,10.0,0.9900489115877035,0.009951088412296574
DEAP:S32:T38,DEAP:S32,T38,0,3.05,1,1,2,4,unexposed,baseline_relative_context,train,10.0,0.9978982307222762,0.002101769277723778
DEAP:S18:T05,DEAP:S18,T05,1,6.13,1,1,2,4,unexposed,baseline_relative_context,validation_unseen,10.0,0.9831750325604929,0.016824967439507097
DEAP:S18:T15,DEAP:S18,T15,1,6.04,1,1,2,4,unexposed,baseline_relative_context,validation_unseen,10.0,0.9972268474889274,0.0027731525110725502
DEAP:S18:T19,DEAP:S18,T19,1,7.04,1,1,2,4,unexposed,baseline_relative_context,validation_unseen,10.0,0.4069891104594837,0.5930108895405163
DEAP:S18:T27,DEAP:S18,T27,1,5.94,1,1,2,4,unexposed,baseline_relative_context,validation_unseen,10.0,0.19838035415569366,0.8016196458443063
DEAP:S18:T28,DEAP:S18,T28,1,5.95,1,1,2,4,unexposed,baseline_relative_context,validation_unseen,10.0,0.9986644983942045,0.0013355016057954969
DEAP:S18:T29,DEAP:S18,T29,0,4.9,1,1,2,4,unexposed,baseline_relative_context,validation_unseen,10.0,0.008277561413965406,0.9917224385860346
DEAP:S18:T30,DEAP:S18,T30,0,2.96,1,1,2,4,unexposed,baseline_relative_context,validation_unseen,10.0,0.999860014874416,0.0001399851255840063
DEAP:S18:T32,DEAP:S18,T32,0,4.62,1,1,2,4,unexposed,baseline_relative_context,validation_unseen,10.0,0.06009755518233573,0.9399024448176643
DEAP:S25:T05,DEAP:S25,T05,1,5.04,1,1,2,4,unexposed,baseline_relative_context,validation_unseen,10.0,0.0001167460473047166,0.9998832539526953
DEAP:S25:T15,DEAP:S25,T15,1,7.01,1,1,2,4,unexposed,baseline_relative_context,validation_unseen,10.0,0.9997759997086072,0.00022400029139281425
DEAP:S25:T19,DEAP:S25,T19,1,7.06,1,1,2,4,unexposed,baseline_relative_context,validation_unseen,10.0,0.9991972805462132,0.0008027194537868545
DEAP:S25:T27,DEAP:S25,T27,1,5.03,1,1,2,4,unexposed,baseline_relative_context,validation_unseen,10.0,1.1273969731107059e-06,0.9999988726030269
DEAP:S25:T28,DEAP:S25,T28,1,5.01,1,1,2,4,unexposed,baseline_relative_context,validation_unseen,10.0,0.9839234145409661,0.016076585459033878
DEAP:S25:T29,DEAP:S25,T29,0,1.0,1,1,2,4,unexposed,baseline_relative_context,validation_unseen,10.0,0.7258355018155304,0.27416449818446964
DEAP:S25:T30,DEAP:S25,T30,0,4.03,1,1,2,4,unexposed,baseline_relative_context,validation_unseen,10.0,3.8663425301344034e-06,0.9999961336574699
DEAP:S25:T32,DEAP:S25,T32,0,1.0,1,1,2,4,unexposed,baseline_relative_context,validation_unseen,10.0,0.09430473527652672,0.9056952647234733
DEAP:S27:T05,DEAP:S27,T05,0,4.97,1,1,2,4,unexposed,baseline_relative_context,validation_unseen,10.0,0.018885850333884457,0.9811141496661155
DEAP:S27:T15,DEAP:S27,T15,1,5.04,1,1,2,4,unexposed,baseline_relative_context,validation_unseen,10.0,0.00019055943506729456,0.9998094405649327
DEAP:S27:T19,DEAP:S27,T19,1,5.06,1,1,2,4,unexposed,baseline_relative_context,validation_unseen,10.0,3.154448280584532e-05,0.9999684555171942
DEAP:S27:T27,DEAP:S27,T27,0,4.97,1,1,2,4,unexposed,baseline_relative_context,validation_unseen,10.0,0.8004829962794162,0.19951700372058373
DEAP:S27:T28,DEAP:S27,T28,1,5.04,1,1,2,4,unexposed,baseline_relative_context,validation_unseen,10.0,0.6712533411950445,0.32874665880495546
DEAP:S27:T29,DEAP:S27,T29,1,7.18,1,1,2,4,unexposed,baseline_relative_context,validation_unseen,10.0,0.7603054433108413,0.23969455668915873
DEAP:S27:T30,DEAP:S27,T30,1,7.08,1,1,2,4,unexposed,baseline_relative_context,validation_unseen,10.0,0.9939131238127135,0.006086876187286485
DEAP:S27:T32,DEAP:S27,T32,1,5.04,1,1,2,4,unexposed,baseline_relative_context,validation_unseen,10.0,1.5597948932466466e-08,0.9999999844020511
DEAP:S29:T05,DEAP:S29,T05,1,6.05,1,1,2,4,unexposed,baseline_relative_context,validation_unseen,10.0,0.0006534685323412726,0.9993465314676587
DEAP:S29:T15,DEAP:S29,T15,0,4.01,1,1,2,4,unexposed,baseline_relative_context,validation_unseen,10.0,0.00416979399162809,0.9958302060083719
DEAP:S29:T19,DEAP:S29,T19,1,7.05,1,1,2,4,unexposed,baseline_relative_context,validation_unseen,10.0,0.009445811190497477,0.9905541888095025
DEAP:S29:T27,DEAP:S29,T27,1,7.09,1,1,2,4,unexposed,baseline_relative_context,validation_unseen,10.0,5.094499027613608e-05,0.9999490550097239
DEAP:S29:T28,DEAP:S29,T28,0,1.04,1,1,2,4,unexposed,baseline_relative_context,validation_unseen,10.0,0.00027867443440310335,0.9997213255655969
DEAP:S29:T29,DEAP:S29,T29,0,3.97,1,1,2,4,unexposed,baseline_relative_context,validation_unseen,10.0,0.04017063502547358,0.9598293649745264
DEAP:S29:T30,DEAP:S29,T30,0,2.95,1,1,2,4,unexposed,baseline_relative_context,validation_unseen,10.0,0.2379815972920578,0.7620184027079422
DEAP:S29:T32,DEAP:S29,T32,0,4.04,1,1,2,4,unexposed,baseline_relative_context,validation_unseen,10.0,0.10412712833347215,0.8958728716665278
DEAP:S18:T01,DEAP:S18,T01,1,6.33,1,1,2,4,unexposed,baseline_relative_context,validation_familiar,10.0,0.00027420021472135403,0.9997257997852786
DEAP:S18:T02,DEAP:S18,T02,1,6.87,1,1,2,4,unexposed,baseline_relative_context,validation_familiar,10.0,0.12188006703293885,0.8781199329670611
DEAP:S18:T10,DEAP:S18,T10,1,6.09,1,1,2,4,unexposed,baseline_relative_context,validation_familiar,10.0,0.998807321300039,0.0011926786999609874
DEAP:S18:T12,DEAP:S18,T12,1,5.55,1,1,2,4,unexposed,baseline_relative_context,validation_familiar,10.0,0.3788543653313732,0.6211456346686268
DEAP:S18:T14,DEAP:S18,T14,1,6.62,1,1,2,4,unexposed,baseline_relative_context,validation_familiar,10.0,3.825571248339266e-06,0.9999961744287517
DEAP:S18:T17,DEAP:S18,T17,1,7.74,1,1,2,4,unexposed,baseline_relative_context,validation_familiar,10.0,0.005048684758393707,0.9949513152416063
DEAP:S18:T20,DEAP:S18,T20,1,6.24,1,1,2,4,unexposed,baseline_relative_context,validation_familiar,10.0,0.009375651076145686,0.9906243489238543
DEAP:S18:T21,DEAP:S18,T21,0,3.92,1,1,2,4,unexposed,baseline_relative_context,validation_familiar,10.0,0.8872334585519068,0.11276654144809319
DEAP:S18:T23,DEAP:S18,T23,0,3.71,1,1,2,4,unexposed,baseline_relative_context,validation_familiar,10.0,0.9999993258225025,6.741774975082036e-07
DEAP:S18:T25,DEAP:S18,T25,0,4.23,1,1,2,4,unexposed,baseline_relative_context,validation_familiar,10.0,0.3738297078633227,0.6261702921366773
DEAP:S18:T26,DEAP:S18,T26,1,5.44,1,1,2,4,unexposed,baseline_relative_context,validation_familiar,10.0,0.8918062756436881,0.10819372435631193
DEAP:S18:T33,DEAP:S18,T33,0,4.56,1,1,2,4,unexposed,baseline_relative_context,validation_familiar,10.0,0.9869719674833849,0.013028032516615055
DEAP:S18:T35,DEAP:S18,T35,1,5.12,1,1,2,4,unexposed,baseline_relative_context,validation_familiar,10.0,0.9999779226254467,2.2077374553255523e-05
DEAP:S18:T37,DEAP:S18,T37,0,4.0,1,1,2,4,unexposed,baseline_relative_context,validation_familiar,10.0,0.9983915917125845,0.00160840828741547
DEAP:S18:T38,DEAP:S18,T38,0,4.51,1,1,2,4,unexposed,baseline_relative_context,validation_familiar,10.0,0.9992240716315327,0.0007759283684672815
DEAP:S25:T01,DEAP:S25,T01,1,8.06,1,1,2,4,unexposed,baseline_relative_context,validation_familiar,10.0,0.004986976073345528,0.9950130239266545
DEAP:S25:T02,DEAP:S25,T02,0,2.99,1,1,2,4,unexposed,baseline_relative_context,validation_familiar,10.0,0.9909654236277956,0.009034576372204438
DEAP:S25:T08,DEAP:S25,T08,1,8.04,1,1,2,4,unexposed,baseline_relative_context,validation_familiar,10.0,0.0034155408388659714,0.996584459161134
DEAP:S25:T10,DEAP:S25,T10,0,1.0,1,1,2,4,unexposed,baseline_relative_context,validation_familiar,10.0,0.9746882927010626,0.025311707298937367
DEAP:S25:T12,DEAP:S25,T12,1,8.04,1,1,2,4,unexposed,baseline_relative_context,validation_familiar,10.0,5.564553062176181e-05,0.9999443544693782
DEAP:S25:T14,DEAP:S25,T14,1,8.09,1,1,2,4,unexposed,baseline_relative_context,validation_familiar,10.0,2.682349040661336e-07,0.9999997317650959
DEAP:S25:T17,DEAP:S25,T17,1,5.04,1,1,2,4,unexposed,baseline_relative_context,validation_familiar,10.0,0.007061550665869554,0.9929384493341304
DEAP:S25:T20,DEAP:S25,T20,1,7.08,1,1,2,4,unexposed,baseline_relative_context,validation_familiar,10.0,0.5889866116270301,0.41101338837296986
DEAP:S25:T21,DEAP:S25,T21,1,6.03,1,1,2,4,unexposed,baseline_relative_context,validation_familiar,10.0,0.9999986269535305,1.3730464695107934e-06
DEAP:S25:T23,DEAP:S25,T23,0,2.01,1,1,2,4,unexposed,baseline_relative_context,validation_familiar,10.0,0.9869786433123807,0.013021356687619242
DEAP:S25:T25,DEAP:S25,T25,0,4.96,1,1,2,4,unexposed,baseline_relative_context,validation_familiar,10.0,0.05926638457271416,0.9407336154272858
DEAP:S25:T26,DEAP:S25,T26,0,4.99,1,1,2,4,unexposed,baseline_relative_context,validation_familiar,10.0,0.002346797511969645,0.9976532024880304
DEAP:S25:T33,DEAP:S25,T33,0,1.94,1,1,2,4,unexposed,baseline_relative_context,validation_familiar,10.0,0.9997334384674048,0.00026656153259520596
DEAP:S25:T35,DEAP:S25,T35,0,3.03,1,1,2,4,unexposed,baseline_relative_context,validation_familiar,10.0,0.9968107076013558,0.0031892923986441405
DEAP:S25:T37,DEAP:S25,T37,0,1.0,1,1,2,4,unexposed,baseline_relative_context,validation_familiar,10.0,0.0008336605361798366,0.9991663394638202
DEAP:S25:T38,DEAP:S25,T38,0,1.0,1,1,2,4,unexposed,baseline_relative_context,validation_familiar,10.0,0.8363789870022214,0.1636210129977786
DEAP:S27:T01,DEAP:S27,T01,1,6.03,1,1,2,4,unexposed,baseline_relative_context,validation_familiar,10.0,0.6385549800333865,0.36144501996661343
DEAP:S27:T02,DEAP:S27,T02,1,7.0,1,1,2,4,unexposed,baseline_relative_context,validation_familiar,10.0,0.10722988861069793,0.8927701113893021
DEAP:S27:T08,DEAP:S27,T08,1,8.24,1,1,2,4,unexposed,baseline_relative_context,validation_familiar,10.0,0.4520681629209883,0.5479318370790117
DEAP:S27:T10,DEAP:S27,T10,1,6.01,1,1,2,4,unexposed,baseline_relative_context,validation_familiar,10.0,0.5628713816275079,0.4371286183724921
DEAP:S27:T12,DEAP:S27,T12,0,4.18,1,1,2,4,unexposed,baseline_relative_context,validation_familiar,10.0,0.8430083132897116,0.15699168671028843
DEAP:S27:T14,DEAP:S27,T14,1,8.06,1,1,2,4,unexposed,baseline_relative_context,validation_familiar,10.0,0.002129123923809706,0.9978708760761903
DEAP:S27:T17,DEAP:S27,T17,1,9.0,1,1,2,4,unexposed,baseline_relative_context,validation_familiar,10.0,0.006608040483528144,0.9933919595164719
DEAP:S27:T20,DEAP:S27,T20,1,6.97,1,1,2,4,unexposed,baseline_relative_context,validation_familiar,10.0,0.016849425450902955,0.983150574549097
DEAP:S27:T21,DEAP:S27,T21,1,9.0,1,1,2,4,unexposed,baseline_relative_context,validation_familiar,10.0,0.0033326168292259206,0.9966673831707741
DEAP:S27:T23,DEAP:S27,T23,1,8.0,1,1,2,4,unexposed,baseline_relative_context,validation_familiar,10.0,0.9996900398515262,0.0003099601484738812
DEAP:S27:T25,DEAP:S27,T25,0,4.0,1,1,2,4,unexposed,baseline_relative_context,validation_familiar,10.0,0.0050753215219785375,0.9949246784780215
DEAP:S27:T26,DEAP:S27,T26,1,5.04,1,1,2,4,unexposed,baseline_relative_context,validation_familiar,10.0,0.15238201267191032,0.8476179873280897
DEAP:S27:T33,DEAP:S27,T33,1,5.04,1,1,2,4,unexposed,baseline_relative_context,validation_familiar,10.0,0.9463888246432774,0.05361117535672256
DEAP:S27:T35,DEAP:S27,T35,0,1.0,1,1,2,4,unexposed,baseline_relative_context,validation_familiar,10.0,0.9995388356833991,0.00046116431660088485
DEAP:S27:T37,DEAP:S27,T37,0,2.99,1,1,2,4,unexposed,baseline_relative_context,validation_familiar,10.0,0.999862023445286,0.00013797655471403463
DEAP:S27:T38,DEAP:S27,T38,0,1.0,1,1,2,4,unexposed,baseline_relative_context,validation_familiar,10.0,7.960138115326032e-08,0.9999999203986188
DEAP:S29:T01,DEAP:S29,T01,1,6.06,1,1,2,4,unexposed,baseline_relative_context,validation_familiar,10.0,2.05512114304085e-06,0.999997944878857
DEAP:S29:T02,DEAP:S29,T02,1,7.05,1,1,2,4,unexposed,baseline_relative_context,validation_familiar,10.0,0.008844036157612756,0.9911559638423872
DEAP:S29:T08,DEAP:S29,T08,1,7.04,1,1,2,4,unexposed,baseline_relative_context,validation_familiar,10.0,3.141332161060717e-08,0.9999999685866784
DEAP:S29:T10,DEAP:S29,T10,1,7.01,1,1,2,4,unexposed,baseline_relative_context,validation_familiar,10.0,0.0011268342242314322,0.9988731657757686
DEAP:S29:T12,DEAP:S29,T12,1,6.04,1,1,2,4,unexposed,baseline_relative_context,validation_familiar,10.0,0.0001900161093252306,0.9998099838906748
DEAP:S29:T14,DEAP:S29,T14,1,8.06,1,1,2,4,unexposed,baseline_relative_context,validation_familiar,10.0,8.19314494027168e-09,0.9999999918068551
DEAP:S29:T17,DEAP:S29,T17,1,5.08,1,1,2,4,unexposed,baseline_relative_context,validation_familiar,10.0,3.726594999731159e-05,0.9999627340500027
DEAP:S29:T20,DEAP:S29,T20,1,8.03,1,1,2,4,unexposed,baseline_relative_context,validation_familiar,10.0,1.5860465869543816e-06,0.999998413953413
DEAP:S29:T21,DEAP:S29,T21,0,2.92,1,1,2,4,unexposed,baseline_relative_context,validation_familiar,10.0,0.998299609455846,0.001700390544154007
DEAP:S29:T23,DEAP:S29,T23,0,2.05,1,1,2,4,unexposed,baseline_relative_context,validation_familiar,10.0,0.8020026904417186,0.1979973095582814
DEAP:S29:T25,DEAP:S29,T25,0,3.03,1,1,2,4,unexposed,baseline_relative_context,validation_familiar,10.0,0.28416453842084155,0.7158354615791584
DEAP:S29:T26,DEAP:S29,T26,0,3.0,1,1,2,4,unexposed,baseline_relative_context,validation_familiar,10.0,0.3687415402545985,0.6312584597454015
DEAP:S29:T33,DEAP:S29,T33,0,1.99,1,1,2,4,unexposed,baseline_relative_context,validation_familiar,10.0,0.0032646422939329733,0.996735357706067
DEAP:S29:T35,DEAP:S29,T35,0,1.92,1,1,2,4,unexposed,baseline_relative_context,validation_familiar,10.0,0.770269974875802,0.22973002512419807
DEAP:S29:T37,DEAP:S29,T37,1,5.01,1,1,2,4,unexposed,baseline_relative_context,validation_familiar,10.0,0.01497219465177968,0.9850278053482203
DEAP:S29:T38,DEAP:S29,T38,0,1.88,1,1,2,4,unexposed,baseline_relative_context,validation_familiar,10.0,0.922875140301072,0.07712485969892802
