trial_id,subject_id,material_key,label,original_label,group,source_session,material_rotation,fold,arm,model,role,C,p0,p1
DEAP:S01:T01,DEAP:S01,T01,1,7.71,1,1,1,1,unexposed,baseline_relative,train,0.01,0.510299947320055,0.489700052679945
DEAP:S01:T05,DEAP:S01,T05,1,6.96,1,1,1,1,unexposed,baseline_relative,train,0.01,0.48027159632064154,0.5197284036793585
DEAP:S01:T08,DEAP:S01,T08,1,7.32,1,1,1,1,unexposed,baseline_relative,train,0.01,0.5841584686851401,0.4158415313148599
DEAP:S01:T12,DEAP:S01,T12,0,2.71,1,1,1,1,unexposed,baseline_relative,train,0.01,0.5187619714618926,0.4812380285381074
DEAP:S01:T15,DEAP:S01,T15,0,3.17,1,1,1,1,unexposed,baseline_relative,train,0.01,0.6139801340966634,0.3860198659033366
DEAP:S01:T23,DEAP:S01,T23,1,8.15,1,1,1,1,unexposed,baseline_relative,train,0.01,0.5987555533007398,0.40124444669926024
DEAP:S01:T25,DEAP:S01,T25,1,8.86,1,1,1,1,unexposed,baseline_relative,train,0.01,0.4629740522379927,0.5370259477620073
DEAP:S01:T26,DEAP:S01,T26,1,7.28,1,1,1,1,unexposed,baseline_relative,train,0.01,0.6026639269215954,0.39733607307840463
DEAP:S01:T27,DEAP:S01,T27,1,7.35,1,1,1,1,unexposed,baseline_relative,train,0.01,0.4077598134062549,0.5922401865937451
DEAP:S01:T28,DEAP:S01,T28,0,3.88,1,1,1,1,unexposed,baseline_relative,train,0.01,0.5715716932807082,0.42842830671929183
DEAP:S01:T29,DEAP:S01,T29,0,1.36,1,1,1,1,unexposed,baseline_relative,train,0.01,0.659820262226884,0.34017973777311605
DEAP:S01:T30,DEAP:S01,T30,0,2.08,1,1,1,1,unexposed,baseline_relative,train,0.01,0.5860630061888817,0.41393699381111826
DEAP:S01:T32,DEAP:S01,T32,0,2.28,1,1,1,1,unexposed,baseline_relative,train,0.01,0.7131759915837161,0.2868240084162838
DEAP:S01:T33,DEAP:S01,T33,0,3.81,1,1,1,1,unexposed,baseline_relative,train,0.01,0.6238829154329242,0.3761170845670759
DEAP:S01:T35,DEAP:S01,T35,0,2.06,1,1,1,1,unexposed,baseline_relative,train,0.01,0.5218559687063431,0.4781440312936569
DEAP:S02:T01,DEAP:S02,T01,1,9.0,1,1,1,1,unexposed,baseline_relative,train,0.01,0.5253811615595831,0.4746188384404168
DEAP:S02:T05,DEAP:S02,T05,1,5.04,1,1,1,1,unexposed,baseline_relative,train,0.01,0.5931936417998332,0.40680635820016675
DEAP:S02:T08,DEAP:S02,T08,1,9.0,1,1,1,1,unexposed,baseline_relative,train,0.01,0.557277274877872,0.4427227251221279
DEAP:S02:T12,DEAP:S02,T12,1,8.01,1,1,1,1,unexposed,baseline_relative,train,0.01,0.42560331905776205,0.574396680942238
DEAP:S02:T15,DEAP:S02,T15,1,9.0,1,1,1,1,unexposed,baseline_relative,train,0.01,0.38385971398992413,0.6161402860100759
DEAP:S02:T19,DEAP:S02,T19,1,9.0,1,1,1,1,unexposed,baseline_relative,train,0.01,0.6088792143057625,0.39112078569423747
DEAP:S02:T23,DEAP:S02,T23,0,1.0,1,1,1,1,unexposed,baseline_relative,train,0.01,0.5391310379912242,0.4608689620087758
DEAP:S02:T25,DEAP:S02,T25,1,9.0,1,1,1,1,unexposed,baseline_relative,train,0.01,0.41924072945111945,0.5807592705488805
DEAP:S02:T27,DEAP:S02,T27,0,4.96,1,1,1,1,unexposed,baseline_relative,train,0.01,0.5062442032495198,0.4937557967504802
DEAP:S02:T28,DEAP:S02,T28,0,4.06,1,1,1,1,unexposed,baseline_relative,train,0.01,0.49763227504437213,0.5023677249556279
DEAP:S02:T29,DEAP:S02,T29,0,2.99,1,1,1,1,unexposed,baseline_relative,train,0.01,0.5180765990636049,0.4819234009363951
DEAP:S02:T30,DEAP:S02,T30,0,2.01,1,1,1,1,unexposed,baseline_relative,train,0.01,0.6111088119089418,0.3888911880910582
DEAP:S02:T32,DEAP:S02,T32,0,1.0,1,1,1,1,unexposed,baseline_relative,train,0.01,0.57986153832797,0.42013846167202995
DEAP:S02:T35,DEAP:S02,T35,0,1.99,1,1,1,1,unexposed,baseline_relative,train,0.01,0.5040354611058756,0.4959645388941244
DEAP:S05:T01,DEAP:S05,T01,1,6.97,1,1,1,1,unexposed,baseline_relative,train,0.01,0.5337018117619932,0.4662981882380069
DEAP:S05:T05,DEAP:S05,T05,0,3.04,1,1,1,1,unexposed,baseline_relative,train,0.01,0.5286738645412603,0.4713261354587397
DEAP:S05:T08,DEAP:S05,T08,1,8.17,1,1,1,1,unexposed,baseline_relative,train,0.01,0.5786098319926596,0.42139016800734036
DEAP:S05:T12,DEAP:S05,T12,1,7.08,1,1,1,1,unexposed,baseline_relative,train,0.01,0.495355617878275,0.504644382121725
DEAP:S05:T15,DEAP:S05,T15,1,6.97,1,1,1,1,unexposed,baseline_relative,train,0.01,0.43666511999676705,0.563334880003233
DEAP:S05:T19,DEAP:S05,T19,1,8.03,1,1,1,1,unexposed,baseline_relative,train,0.01,0.5384416866006083,0.46155831339939163
DEAP:S05:T23,DEAP:S05,T23,0,1.0,1,1,1,1,unexposed,baseline_relative,train,0.01,0.6262727745031169,0.37372722549688314
DEAP:S05:T25,DEAP:S05,T25,1,5.96,1,1,1,1,unexposed,baseline_relative,train,0.01,0.4863987780682879,0.5136012219317121
DEAP:S05:T26,DEAP:S05,T26,1,7.96,1,1,1,1,unexposed,baseline_relative,train,0.01,0.5038751155395823,0.4961248844604177
DEAP:S05:T27,DEAP:S05,T27,1,7.0,1,1,1,1,unexposed,baseline_relative,train,0.01,0.4651523640927355,0.5348476359072645
DEAP:S05:T28,DEAP:S05,T28,0,3.9,1,1,1,1,unexposed,baseline_relative,train,0.01,0.6155587447405417,0.3844412552594583
DEAP:S05:T29,DEAP:S05,T29,0,4.04,1,1,1,1,unexposed,baseline_relative,train,0.01,0.4549947382153329,0.5450052617846671
DEAP:S05:T30,DEAP:S05,T30,0,2.94,1,1,1,1,unexposed,baseline_relative,train,0.01,0.6493397451287671,0.35066025487123287
DEAP:S05:T32,DEAP:S05,T32,0,1.94,1,1,1,1,unexposed,baseline_relative,train,0.01,0.5486410377612551,0.45135896223874494
DEAP:S05:T33,DEAP:S05,T33,1,5.17,1,1,1,1,unexposed,baseline_relative,train,0.01,0.5324655305301467,0.46753446946985333
DEAP:S05:T35,DEAP:S05,T35,0,4.86,1,1,1,1,unexposed,baseline_relative,train,0.01,0.6580165492650916,0.3419834507349085
DEAP:S06:T01,DEAP:S06,T01,1,8.19,1,1,1,1,unexposed,baseline_relative,train,0.01,0.40762756095629604,0.592372439043704
DEAP:S06:T05,DEAP:S06,T05,1,7.01,1,1,1,1,unexposed,baseline_relative,train,0.01,0.39468245658714296,0.605317543412857
DEAP:S06:T08,DEAP:S06,T08,1,7.05,1,1,1,1,unexposed,baseline_relative,train,0.01,0.43055506401326826,0.5694449359867317
DEAP:S06:T12,DEAP:S06,T12,1,7.17,1,1,1,1,unexposed,baseline_relative,train,0.01,0.4133165923866513,0.5866834076133487
DEAP:S06:T15,DEAP:S06,T15,1,5.59,1,1,1,1,unexposed,baseline_relative,train,0.01,0.4272532246588837,0.5727467753411163
DEAP:S06:T23,DEAP:S06,T23,0,3.47,1,1,1,1,unexposed,baseline_relative,train,0.01,0.45064357708380387,0.5493564229161961
DEAP:S06:T25,DEAP:S06,T25,1,7.09,1,1,1,1,unexposed,baseline_relative,train,0.01,0.4854832680612934,0.5145167319387066
DEAP:S06:T26,DEAP:S06,T26,1,5.08,1,1,1,1,unexposed,baseline_relative,train,0.01,0.43157111812463056,0.5684288818753694
DEAP:S06:T27,DEAP:S06,T27,1,5.08,1,1,1,1,unexposed,baseline_relative,train,0.01,0.35772293316461967,0.6422770668353803
DEAP:S06:T28,DEAP:S06,T28,1,6.42,1,1,1,1,unexposed,baseline_relative,train,0.01,0.39263962637044914,0.6073603736295509
DEAP:S06:T29,DEAP:S06,T29,0,4.27,1,1,1,1,unexposed,baseline_relative,train,0.01,0.419789474610916,0.580210525389084
DEAP:S06:T32,DEAP:S06,T32,1,6.99,1,1,1,1,unexposed,baseline_relative,train,0.01,0.43489710435385565,0.5651028956461444
DEAP:S06:T33,DEAP:S06,T33,1,6.68,1,1,1,1,unexposed,baseline_relative,train,0.01,0.40693601002091684,0.5930639899790832
DEAP:S06:T35,DEAP:S06,T35,0,3.96,1,1,1,1,unexposed,baseline_relative,train,0.01,0.5337065443470916,0.4662934556529083
DEAP:S09:T01,DEAP:S09,T01,1,5.05,1,1,1,1,unexposed,baseline_relative,train,0.01,0.4833473675360138,0.5166526324639862
DEAP:S09:T05,DEAP:S09,T05,0,4.99,1,1,1,1,unexposed,baseline_relative,train,0.01,0.5512563047816947,0.44874369521830526
DEAP:S09:T08,DEAP:S09,T08,1,6.15,1,1,1,1,unexposed,baseline_relative,train,0.01,0.6611107107436851,0.33888928925631495
DEAP:S09:T12,DEAP:S09,T12,1,7.08,1,1,1,1,unexposed,baseline_relative,train,0.01,0.33069824650650703,0.669301753493493
DEAP:S09:T15,DEAP:S09,T15,1,6.21,1,1,1,1,unexposed,baseline_relative,train,0.01,0.4572835653444115,0.5427164346555885
DEAP:S09:T19,DEAP:S09,T19,0,3.97,1,1,1,1,unexposed,baseline_relative,train,0.01,0.7366503155906765,0.26334968440932355
DEAP:S09:T25,DEAP:S09,T25,1,5.04,1,1,1,1,unexposed,baseline_relative,train,0.01,0.46478020632482586,0.5352197936751741
DEAP:S09:T26,DEAP:S09,T26,0,4.1,1,1,1,1,unexposed,baseline_relative,train,0.01,0.5287395772560347,0.4712604227439653
DEAP:S09:T27,DEAP:S09,T27,1,5.04,1,1,1,1,unexposed,baseline_relative,train,0.01,0.49758651864254844,0.5024134813574516
DEAP:S09:T29,DEAP:S09,T29,0,3.99,1,1,1,1,unexposed,baseline_relative,train,0.01,0.4931265315689065,0.5068734684310935
DEAP:S09:T30,DEAP:S09,T30,0,4.04,1,1,1,1,unexposed,baseline_relative,train,0.01,0.5310839973728878,0.46891600262711225
DEAP:S09:T32,DEAP:S09,T32,0,3.1,1,1,1,1,unexposed,baseline_relative,train,0.01,0.5155949810681137,0.48440501893188626
DEAP:S09:T33,DEAP:S09,T33,0,3.08,1,1,1,1,unexposed,baseline_relative,train,0.01,0.45003035223412446,0.5499696477658755
DEAP:S09:T35,DEAP:S09,T35,0,3.01,1,1,1,1,unexposed,baseline_relative,train,0.01,0.5079336836706069,0.4920663163293931
DEAP:S11:T01,DEAP:S11,T01,1,6.27,1,1,1,1,unexposed,baseline_relative,train,0.01,0.5862523969120774,0.4137476030879226
DEAP:S11:T05,DEAP:S11,T05,1,7.41,1,1,1,1,unexposed,baseline_relative,train,0.01,0.4747855388118163,0.5252144611881837
DEAP:S11:T08,DEAP:S11,T08,1,6.26,1,1,1,1,unexposed,baseline_relative,train,0.01,0.31557211603134405,0.684427883968656
DEAP:S11:T15,DEAP:S11,T15,1,6.92,1,1,1,1,unexposed,baseline_relative,train,0.01,0.3340010274763887,0.6659989725236113
DEAP:S11:T23,DEAP:S11,T23,0,3.72,1,1,1,1,unexposed,baseline_relative,train,0.01,0.40241048011140246,0.5975895198885975
DEAP:S11:T26,DEAP:S11,T26,1,5.49,1,1,1,1,unexposed,baseline_relative,train,0.01,0.35602063707003917,0.6439793629299608
DEAP:S11:T27,DEAP:S11,T27,0,2.28,1,1,1,1,unexposed,baseline_relative,train,0.01,0.44839839960594297,0.551601600394057
DEAP:S11:T28,DEAP:S11,T28,0,4.26,1,1,1,1,unexposed,baseline_relative,train,0.01,0.4756872829468881,0.5243127170531119
DEAP:S11:T29,DEAP:S11,T29,0,2.32,1,1,1,1,unexposed,baseline_relative,train,0.01,0.4974154494412639,0.5025845505587361
DEAP:S11:T30,DEAP:S11,T30,0,4.58,1,1,1,1,unexposed,baseline_relative,train,0.01,0.6240718368311362,0.3759281631688638
DEAP:S11:T32,DEAP:S11,T32,1,5.01,1,1,1,1,unexposed,baseline_relative,train,0.01,0.4082951060596446,0.5917048939403554
DEAP:S11:T33,DEAP:S11,T33,1,5.64,1,1,1,1,unexposed,baseline_relative,train,0.01,0.44660716442166026,0.5533928355783397
DEAP:S11:T35,DEAP:S11,T35,0,1.23,1,1,1,1,unexposed,baseline_relative,train,0.01,0.392177087574093,0.607822912425907
DEAP:S12:T01,DEAP:S12,T01,1,7.09,1,1,1,1,unexposed,baseline_relative,train,0.01,0.44328986287530936,0.5567101371246906
DEAP:S12:T05,DEAP:S12,T05,0,4.01,1,1,1,1,unexposed,baseline_relative,train,0.01,0.4819849599814243,0.5180150400185757
DEAP:S12:T08,DEAP:S12,T08,1,5.1,1,1,1,1,unexposed,baseline_relative,train,0.01,0.4522669636154413,0.5477330363845587
DEAP:S12:T12,DEAP:S12,T12,1,6.86,1,1,1,1,unexposed,baseline_relative,train,0.01,0.4897961415915839,0.5102038584084161
DEAP:S12:T15,DEAP:S12,T15,1,7.08,1,1,1,1,unexposed,baseline_relative,train,0.01,0.5952802172687675,0.4047197827312325
DEAP:S12:T19,DEAP:S12,T19,1,7.03,1,1,1,1,unexposed,baseline_relative,train,0.01,0.5002844682780245,0.4997155317219755
DEAP:S12:T23,DEAP:S12,T23,0,1.74,1,1,1,1,unexposed,baseline_relative,train,0.01,0.45860319205766287,0.5413968079423371
DEAP:S12:T25,DEAP:S12,T25,0,2.78,1,1,1,1,unexposed,baseline_relative,train,0.01,0.4961868263509477,0.5038131736490523
DEAP:S12:T26,DEAP:S12,T26,1,6.08,1,1,1,1,unexposed,baseline_relative,train,0.01,0.4115541555169603,0.5884458444830397
DEAP:S12:T27,DEAP:S12,T27,1,5.05,1,1,1,1,unexposed,baseline_relative,train,0.01,0.32446764541168505,0.675532354588315
DEAP:S12:T28,DEAP:S12,T28,1,5.04,1,1,1,1,unexposed,baseline_relative,train,0.01,0.42569600411530506,0.5743039958846949
DEAP:S12:T30,DEAP:S12,T30,0,3.36,1,1,1,1,unexposed,baseline_relative,train,0.01,0.4398619743914268,0.5601380256085732
DEAP:S12:T32,DEAP:S12,T32,0,1.86,1,1,1,1,unexposed,baseline_relative,train,0.01,0.40467385558740787,0.5953261444125921
DEAP:S12:T33,DEAP:S12,T33,0,1.9,1,1,1,1,unexposed,baseline_relative,train,0.01,0.4778935164148441,0.5221064835851559
DEAP:S12:T35,DEAP:S12,T35,0,1.22,1,1,1,1,unexposed,baseline_relative,train,0.01,0.4965099207103396,0.5034900792896604
DEAP:S13:T05,DEAP:S13,T05,1,5.01,1,1,1,1,unexposed,baseline_relative,train,0.01,0.5715663424261992,0.4284336575738008
DEAP:S13:T08,DEAP:S13,T08,1,7.99,1,1,1,1,unexposed,baseline_relative,train,0.01,0.4524275777913813,0.5475724222086187
DEAP:S13:T12,DEAP:S13,T12,1,5.08,1,1,1,1,unexposed,baseline_relative,train,0.01,0.4910379664250355,0.5089620335749645
DEAP:S13:T15,DEAP:S13,T15,0,4.94,1,1,1,1,unexposed,baseline_relative,train,0.01,0.4808559686658429,0.5191440313341571
DEAP:S13:T19,DEAP:S13,T19,1,8.51,1,1,1,1,unexposed,baseline_relative,train,0.01,0.3565792250304607,0.6434207749695393
DEAP:S13:T23,DEAP:S13,T23,0,1.0,1,1,1,1,unexposed,baseline_relative,train,0.01,0.6145602130158386,0.38543978698416137
DEAP:S13:T25,DEAP:S13,T25,0,3.97,1,1,1,1,unexposed,baseline_relative,train,0.01,0.5445153784438304,0.4554846215561696
DEAP:S13:T26,DEAP:S13,T26,1,5.04,1,1,1,1,unexposed,baseline_relative,train,0.01,0.42682626739444807,0.5731737326055519
DEAP:S13:T27,DEAP:S13,T27,1,5.47,1,1,1,1,unexposed,baseline_relative,train,0.01,0.4427862888221449,0.5572137111778551
DEAP:S13:T29,DEAP:S13,T29,0,4.04,1,1,1,1,unexposed,baseline_relative,train,0.01,0.5278539607212553,0.4721460392787447
DEAP:S13:T30,DEAP:S13,T30,0,3.05,1,1,1,1,unexposed,baseline_relative,train,0.01,0.45068135667516185,0.5493186433248382
DEAP:S13:T32,DEAP:S13,T32,0,4.05,1,1,1,1,unexposed,baseline_relative,train,0.01,0.48235959677665896,0.517640403223341
DEAP:S13:T33,DEAP:S13,T33,0,4.55,1,1,1,1,unexposed,baseline_relative,train,0.01,0.5392325911107474,0.46076740888925255
DEAP:S13:T35,DEAP:S13,T35,0,1.0,1,1,1,1,unexposed,baseline_relative,train,0.01,0.4692547819277021,0.5307452180722979
DEAP:S14:T01,DEAP:S14,T01,1,8.22,1,1,1,1,unexposed,baseline_relative,train,0.01,0.47719719831769436,0.5228028016823056
DEAP:S14:T05,DEAP:S14,T05,0,3.99,1,1,1,1,unexposed,baseline_relative,train,0.01,0.4793001170301925,0.5206998829698075
DEAP:S14:T08,DEAP:S14,T08,1,7.0,1,1,1,1,unexposed,baseline_relative,train,0.01,0.36520444908654404,0.634795550913456
DEAP:S14:T12,DEAP:S14,T12,1,7.63,1,1,1,1,unexposed,baseline_relative,train,0.01,0.4696996049986125,0.5303003950013875
DEAP:S14:T15,DEAP:S14,T15,1,7.08,1,1,1,1,unexposed,baseline_relative,train,0.01,0.36392303226699907,0.6360769677330009
DEAP:S14:T19,DEAP:S14,T19,1,7.55,1,1,1,1,unexposed,baseline_relative,train,0.01,0.4287332504119923,0.5712667495880077
DEAP:S14:T23,DEAP:S14,T23,0,2.41,1,1,1,1,unexposed,baseline_relative,train,0.01,0.3969286605819041,0.6030713394180959
DEAP:S14:T25,DEAP:S14,T25,0,3.87,1,1,1,1,unexposed,baseline_relative,train,0.01,0.5310861832990934,0.46891381670090654
DEAP:S14:T27,DEAP:S14,T27,1,5.81,1,1,1,1,unexposed,baseline_relative,train,0.01,0.4562800775272283,0.5437199224727717
DEAP:S14:T28,DEAP:S14,T28,0,2.53,1,1,1,1,unexposed,baseline_relative,train,0.01,0.5468826766149559,0.453117323385044
DEAP:S14:T29,DEAP:S14,T29,0,2.92,1,1,1,1,unexposed,baseline_relative,train,0.01,0.3582541213789877,0.6417458786210123
DEAP:S14:T30,DEAP:S14,T30,0,1.1,1,1,1,1,unexposed,baseline_relative,train,0.01,0.5285955930425406,0.4714044069574594
DEAP:S14:T32,DEAP:S14,T32,0,1.99,1,1,1,1,unexposed,baseline_relative,train,0.01,0.4668958727138943,0.5331041272861057
DEAP:S14:T35,DEAP:S14,T35,0,2.68,1,1,1,1,unexposed,baseline_relative,train,0.01,0.5708077111686161,0.42919228883138394
DEAP:S15:T01,DEAP:S15,T01,1,8.9,1,1,1,1,unexposed,baseline_relative,train,0.01,0.5344751894568935,0.4655248105431064
DEAP:S15:T05,DEAP:S15,T05,1,9.0,1,1,1,1,unexposed,baseline_relative,train,0.01,0.50315818261419,0.49684181738580996
DEAP:S15:T08,DEAP:S15,T08,1,9.0,1,1,1,1,unexposed,baseline_relative,train,0.01,0.5803366072034732,0.41966339279652676
DEAP:S15:T12,DEAP:S15,T12,1,7.08,1,1,1,1,unexposed,baseline_relative,train,0.01,0.3854534632160671,0.6145465367839329
DEAP:S15:T19,DEAP:S15,T19,1,7.04,1,1,1,1,unexposed,baseline_relative,train,0.01,0.3618501964921045,0.6381498035078955
DEAP:S15:T23,DEAP:S15,T23,0,3.05,1,1,1,1,unexposed,baseline_relative,train,0.01,0.5383619824713479,0.46163801752865213
DEAP:S15:T25,DEAP:S15,T25,0,2.96,1,1,1,1,unexposed,baseline_relative,train,0.01,0.6117886594615618,0.38821134053843814
DEAP:S15:T26,DEAP:S15,T26,0,4.96,1,1,1,1,unexposed,baseline_relative,train,0.01,0.49493673968869034,0.5050632603113097
DEAP:S15:T27,DEAP:S15,T27,1,6.0,1,1,1,1,unexposed,baseline_relative,train,0.01,0.5104999486335513,0.48950005136644864
DEAP:S15:T28,DEAP:S15,T28,0,4.01,1,1,1,1,unexposed,baseline_relative,train,0.01,0.4272484492577221,0.5727515507422779
DEAP:S15:T29,DEAP:S15,T29,0,4.05,1,1,1,1,unexposed,baseline_relative,train,0.01,0.5580288019741148,0.44197119802588525
DEAP:S15:T30,DEAP:S15,T30,0,2.04,1,1,1,1,unexposed,baseline_relative,train,0.01,0.776227160083932,0.22377283991606797
DEAP:S15:T32,DEAP:S15,T32,0,3.97,1,1,1,1,unexposed,baseline_relative,train,0.01,0.5748587580421352,0.4251412419578648
DEAP:S15:T33,DEAP:S15,T33,0,3.01,1,1,1,1,unexposed,baseline_relative,train,0.01,0.5112368431692451,0.4887631568307549
DEAP:S15:T35,DEAP:S15,T35,1,5.05,1,1,1,1,unexposed,baseline_relative,train,0.01,0.5881999977439608,0.4118000022560392
DEAP:S16:T05,DEAP:S16,T05,1,5.51,1,1,1,1,unexposed,baseline_relative,train,0.01,0.43406214446424973,0.5659378555357503
DEAP:S16:T08,DEAP:S16,T08,0,3.51,1,1,1,1,unexposed,baseline_relative,train,0.01,0.5400910712391734,0.45990892876082656
DEAP:S16:T12,DEAP:S16,T12,1,5.97,1,1,1,1,unexposed,baseline_relative,train,0.01,0.5896745929514668,0.4103254070485332
DEAP:S16:T15,DEAP:S16,T15,0,2.67,1,1,1,1,unexposed,baseline_relative,train,0.01,0.5337254344191792,0.4662745655808208
DEAP:S16:T19,DEAP:S16,T19,0,2.86,1,1,1,1,unexposed,baseline_relative,train,0.01,0.5493579910286366,0.45064200897136336
DEAP:S16:T23,DEAP:S16,T23,0,3.9,1,1,1,1,unexposed,baseline_relative,train,0.01,0.48845666093500206,0.5115433390649979
DEAP:S16:T25,DEAP:S16,T25,0,2.47,1,1,1,1,unexposed,baseline_relative,train,0.01,0.644388147641396,0.3556118523586041
DEAP:S16:T26,DEAP:S16,T26,0,1.82,1,1,1,1,unexposed,baseline_relative,train,0.01,0.6352172018663587,0.3647827981336414
DEAP:S16:T27,DEAP:S16,T27,0,2.59,1,1,1,1,unexposed,baseline_relative,train,0.01,0.575365066489487,0.42463493351051296
DEAP:S16:T28,DEAP:S16,T28,0,2.85,1,1,1,1,unexposed,baseline_relative,train,0.01,0.6168961370847392,0.38310386291526083
DEAP:S16:T30,DEAP:S16,T30,1,6.1,1,1,1,1,unexposed,baseline_relative,train,0.01,0.5199129836842977,0.48008701631570233
DEAP:S16:T32,DEAP:S16,T32,1,5.01,1,1,1,1,unexposed,baseline_relative,train,0.01,0.45089205052574377,0.5491079494742562
DEAP:S16:T33,DEAP:S16,T33,0,1.0,1,1,1,1,unexposed,baseline_relative,train,0.01,0.7154927748168933,0.2845072251831066
DEAP:S16:T35,DEAP:S16,T35,0,1.0,1,1,1,1,unexposed,baseline_relative,train,0.01,0.5580366779642303,0.44196332203576977
DEAP:S17:T01,DEAP:S17,T01,0,4.05,1,1,1,1,unexposed,baseline_relative,train,0.01,0.520648320116059,0.47935167988394106
DEAP:S17:T05,DEAP:S17,T05,1,7.05,1,1,1,1,unexposed,baseline_relative,train,0.01,0.5978332751988887,0.40216672480111126
DEAP:S17:T08,DEAP:S17,T08,1,6.05,1,1,1,1,unexposed,baseline_relative,train,0.01,0.28842026253356634,0.7115797374664337
DEAP:S17:T12,DEAP:S17,T12,1,5.96,1,1,1,1,unexposed,baseline_relative,train,0.01,0.43116419379234516,0.5688358062076548
DEAP:S17:T15,DEAP:S17,T15,1,5.96,1,1,1,1,unexposed,baseline_relative,train,0.01,0.42524183203138466,0.5747581679686153
DEAP:S17:T19,DEAP:S17,T19,1,7.27,1,1,1,1,unexposed,baseline_relative,train,0.01,0.46711527193482594,0.5328847280651741
DEAP:S17:T25,DEAP:S17,T25,1,6.18,1,1,1,1,unexposed,baseline_relative,train,0.01,0.5477365815494206,0.45226341845057944
DEAP:S17:T27,DEAP:S17,T27,0,3.96,1,1,1,1,unexposed,baseline_relative,train,0.01,0.5436125941860521,0.4563874058139479
DEAP:S17:T28,DEAP:S17,T28,1,5.64,1,1,1,1,unexposed,baseline_relative,train,0.01,0.3377517244678999,0.6622482755321001
DEAP:S17:T29,DEAP:S17,T29,1,5.54,1,1,1,1,unexposed,baseline_relative,train,0.01,0.46675925561563825,0.5332407443843618
DEAP:S17:T30,DEAP:S17,T30,0,3.04,1,1,1,1,unexposed,baseline_relative,train,0.01,0.5005630444229185,0.4994369555770814
DEAP:S17:T32,DEAP:S17,T32,0,4.04,1,1,1,1,unexposed,baseline_relative,train,0.01,0.6374645792013727,0.3625354207986274
DEAP:S17:T33,DEAP:S17,T33,0,3.83,1,1,1,1,unexposed,baseline_relative,train,0.01,0.559008266408,0.4409917335919999
DEAP:S18:T01,DEAP:S18,T01,1,6.33,1,1,1,1,unexposed,baseline_relative,train,0.01,0.4143249647470324,0.5856750352529676
DEAP:S18:T05,DEAP:S18,T05,1,6.13,1,1,1,1,unexposed,baseline_relative,train,0.01,0.41970823900418597,0.580291760995814
DEAP:S18:T12,DEAP:S18,T12,1,5.55,1,1,1,1,unexposed,baseline_relative,train,0.01,0.4581002682828038,0.5418997317171962
DEAP:S18:T15,DEAP:S18,T15,1,6.04,1,1,1,1,unexposed,baseline_relative,train,0.01,0.5243679525229235,0.47563204747707655
DEAP:S18:T19,DEAP:S18,T19,1,7.04,1,1,1,1,unexposed,baseline_relative,train,0.01,0.5130557766859409,0.4869442233140591
DEAP:S18:T23,DEAP:S18,T23,0,3.71,1,1,1,1,unexposed,baseline_relative,train,0.01,0.6124647985129048,0.3875352014870952
DEAP:S18:T25,DEAP:S18,T25,0,4.23,1,1,1,1,unexposed,baseline_relative,train,0.01,0.5087692124123705,0.4912307875876295
DEAP:S18:T26,DEAP:S18,T26,1,5.44,1,1,1,1,unexposed,baseline_relative,train,0.01,0.48204693708788127,0.5179530629121187
DEAP:S18:T27,DEAP:S18,T27,1,5.94,1,1,1,1,unexposed,baseline_relative,train,0.01,0.5283224116509001,0.4716775883490999
DEAP:S18:T28,DEAP:S18,T28,1,5.95,1,1,1,1,unexposed,baseline_relative,train,0.01,0.5438715568445449,0.45612844315545503
DEAP:S18:T29,DEAP:S18,T29,0,4.9,1,1,1,1,unexposed,baseline_relative,train,0.01,0.667646513117052,0.33235348688294797
DEAP:S18:T30,DEAP:S18,T30,0,2.96,1,1,1,1,unexposed,baseline_relative,train,0.01,0.595157846192308,0.40484215380769195
DEAP:S18:T32,DEAP:S18,T32,0,4.62,1,1,1,1,unexposed,baseline_relative,train,0.01,0.58751902713764,0.4124809728623599
DEAP:S18:T33,DEAP:S18,T33,0,4.56,1,1,1,1,unexposed,baseline_relative,train,0.01,0.7762344709669577,0.2237655290330423
DEAP:S19:T01,DEAP:S19,T01,1,7.44,1,1,1,1,unexposed,baseline_relative,train,0.01,0.4460624185279831,0.5539375814720169
DEAP:S19:T05,DEAP:S19,T05,1,7.79,1,1,1,1,unexposed,baseline_relative,train,0.01,0.49090876124680916,0.5090912387531908
DEAP:S19:T08,DEAP:S19,T08,1,7.44,1,1,1,1,unexposed,baseline_relative,train,0.01,0.3937922696058127,0.6062077303941873
DEAP:S19:T12,DEAP:S19,T12,1,6.26,1,1,1,1,unexposed,baseline_relative,train,0.01,0.47539538329734143,0.5246046167026586
DEAP:S19:T15,DEAP:S19,T15,1,5.68,1,1,1,1,unexposed,baseline_relative,train,0.01,0.46262587723862525,0.5373741227613748
DEAP:S19:T19,DEAP:S19,T19,1,7.65,1,1,1,1,unexposed,baseline_relative,train,0.01,0.46125481425039416,0.5387451857496058
DEAP:S19:T23,DEAP:S19,T23,0,3.77,1,1,1,1,unexposed,baseline_relative,train,0.01,0.5160691620303722,0.48393083796962777
DEAP:S19:T25,DEAP:S19,T25,0,2.19,1,1,1,1,unexposed,baseline_relative,train,0.01,0.5104826255025636,0.4895173744974363
DEAP:S19:T26,DEAP:S19,T26,0,4.95,1,1,1,1,unexposed,baseline_relative,train,0.01,0.48133379885789274,0.5186662011421073
DEAP:S19:T27,DEAP:S19,T27,0,4.97,1,1,1,1,unexposed,baseline_relative,train,0.01,0.5857671815351375,0.41423281846486243
DEAP:S19:T28,DEAP:S19,T28,1,6.21,1,1,1,1,unexposed,baseline_relative,train,0.01,0.564435691682762,0.435564308317238
DEAP:S19:T29,DEAP:S19,T29,0,2.82,1,1,1,1,unexposed,baseline_relative,train,0.01,0.6192461635120379,0.3807538364879621
DEAP:S19:T30,DEAP:S19,T30,0,2.85,1,1,1,1,unexposed,baseline_relative,train,0.01,0.5175248880113307,0.4824751119886693
DEAP:S19:T35,DEAP:S19,T35,0,3.21,1,1,1,1,unexposed,baseline_relative,train,0.01,0.5408506297904101,0.4591493702095899
DEAP:S20:T01,DEAP:S20,T01,1,5.76,1,1,1,1,unexposed,baseline_relative,train,0.01,0.5372056988317713,0.46279430116822873
DEAP:S20:T05,DEAP:S20,T05,1,8.82,1,1,1,1,unexposed,baseline_relative,train,0.01,0.4071372009744014,0.5928627990255986
DEAP:S20:T08,DEAP:S20,T08,1,7.63,1,1,1,1,unexposed,baseline_relative,train,0.01,0.47659722866588694,0.5234027713341131
DEAP:S20:T12,DEAP:S20,T12,1,7.64,1,1,1,1,unexposed,baseline_relative,train,0.01,0.39687764467259146,0.6031223553274085
DEAP:S20:T15,DEAP:S20,T15,1,6.35,1,1,1,1,unexposed,baseline_relative,train,0.01,0.4132786459537362,0.5867213540462638
DEAP:S20:T19,DEAP:S20,T19,1,7.59,1,1,1,1,unexposed,baseline_relative,train,0.01,0.38751632452209017,0.6124836754779098
DEAP:S20:T23,DEAP:S20,T23,0,2.82,1,1,1,1,unexposed,baseline_relative,train,0.01,0.5024386249627029,0.4975613750372972
DEAP:S20:T25,DEAP:S20,T25,0,2.99,1,1,1,1,unexposed,baseline_relative,train,0.01,0.4855964675024772,0.5144035324975228
DEAP:S20:T27,DEAP:S20,T27,1,5.03,1,1,1,1,unexposed,baseline_relative,train,0.01,0.48134886937554433,0.5186511306244557
DEAP:S20:T28,DEAP:S20,T28,1,5.01,1,1,1,1,unexposed,baseline_relative,train,0.01,0.5192807526569538,0.4807192473430461
DEAP:S20:T29,DEAP:S20,T29,0,2.44,1,1,1,1,unexposed,baseline_relative,train,0.01,0.4950948204815414,0.5049051795184586
DEAP:S20:T30,DEAP:S20,T30,0,3.49,1,1,1,1,unexposed,baseline_relative,train,0.01,0.5244850274934079,0.4755149725065921
DEAP:S20:T32,DEAP:S20,T32,1,6.28,1,1,1,1,unexposed,baseline_relative,train,0.01,0.43984240983555756,0.5601575901644424
DEAP:S20:T33,DEAP:S20,T33,0,4.64,1,1,1,1,unexposed,baseline_relative,train,0.01,0.532363283518029,0.4676367164819711
DEAP:S20:T35,DEAP:S20,T35,0,4.35,1,1,1,1,unexposed,baseline_relative,train,0.01,0.48860281176993425,0.5113971882300657
DEAP:S23:T01,DEAP:S23,T01,1,7.71,1,1,1,1,unexposed,baseline_relative,train,0.01,0.4801546097892282,0.5198453902107718
DEAP:S23:T05,DEAP:S23,T05,1,6.94,1,1,1,1,unexposed,baseline_relative,train,0.01,0.50048052814353,0.49951947185647005
DEAP:S23:T08,DEAP:S23,T08,1,7.23,1,1,1,1,unexposed,baseline_relative,train,0.01,0.5508745988479098,0.44912540115209015
DEAP:S23:T12,DEAP:S23,T12,1,7.0,1,1,1,1,unexposed,baseline_relative,train,0.01,0.47435417834383686,0.5256458216561631
DEAP:S23:T15,DEAP:S23,T15,1,7.0,1,1,1,1,unexposed,baseline_relative,train,0.01,0.47631548421972236,0.5236845157802776
DEAP:S23:T19,DEAP:S23,T19,1,8.15,1,1,1,1,unexposed,baseline_relative,train,0.01,0.4584865319435434,0.5415134680564566
DEAP:S23:T23,DEAP:S23,T23,0,4.17,1,1,1,1,unexposed,baseline_relative,train,0.01,0.504996435596725,0.495003564403275
DEAP:S23:T25,DEAP:S23,T25,0,4.97,1,1,1,1,unexposed,baseline_relative,train,0.01,0.5431114916141364,0.4568885083858636
DEAP:S23:T26,DEAP:S23,T26,1,8.27,1,1,1,1,unexposed,baseline_relative,train,0.01,0.5029812492212724,0.49701875077872754
DEAP:S23:T27,DEAP:S23,T27,1,5.06,1,1,1,1,unexposed,baseline_relative,train,0.01,0.37325226174425397,0.626747738255746
DEAP:S23:T28,DEAP:S23,T28,1,5.04,1,1,1,1,unexposed,baseline_relative,train,0.01,0.45637212314397313,0.5436278768560269
DEAP:S23:T29,DEAP:S23,T29,0,3.72,1,1,1,1,unexposed,baseline_relative,train,0.01,0.5572006187616156,0.4427993812383843
DEAP:S23:T30,DEAP:S23,T30,0,3.88,1,1,1,1,unexposed,baseline_relative,train,0.01,0.46659024687454387,0.5334097531254561
DEAP:S23:T32,DEAP:S23,T32,1,7.97,1,1,1,1,unexposed,baseline_relative,train,0.01,0.3776697930243228,0.6223302069756772
DEAP:S23:T33,DEAP:S23,T33,1,5.04,1,1,1,1,unexposed,baseline_relative,train,0.01,0.39251834996407353,0.6074816500359265
DEAP:S24:T05,DEAP:S24,T05,1,7.06,1,1,1,1,unexposed,baseline_relative,train,0.01,0.4149502113817646,0.5850497886182354
DEAP:S24:T08,DEAP:S24,T08,1,7.03,1,1,1,1,unexposed,baseline_relative,train,0.01,0.6096947684877645,0.39030523151223545
DEAP:S24:T12,DEAP:S24,T12,1,7.04,1,1,1,1,unexposed,baseline_relative,train,0.01,0.31182858203408237,0.6881714179659176
DEAP:S24:T15,DEAP:S24,T15,1,6.0,1,1,1,1,unexposed,baseline_relative,train,0.01,0.5301530940167556,0.46984690598324436
DEAP:S24:T19,DEAP:S24,T19,1,7.03,1,1,1,1,unexposed,baseline_relative,train,0.01,0.38648979857173804,0.613510201428262
DEAP:S24:T23,DEAP:S24,T23,0,1.0,1,1,1,1,unexposed,baseline_relative,train,0.01,0.5495512753264049,0.45044872467359515
DEAP:S24:T25,DEAP:S24,T25,0,3.12,1,1,1,1,unexposed,baseline_relative,train,0.01,0.5919319756047303,0.4080680243952696
DEAP:S24:T26,DEAP:S24,T26,0,4.05,1,1,1,1,unexposed,baseline_relative,train,0.01,0.6275782242748591,0.3724217757251409
DEAP:S24:T27,DEAP:S24,T27,1,6.08,1,1,1,1,unexposed,baseline_relative,train,0.01,0.5664308132564206,0.43356918674357936
DEAP:S24:T28,DEAP:S24,T28,0,4.03,1,1,1,1,unexposed,baseline_relative,train,0.01,0.6222703586700813,0.37772964132991876
DEAP:S24:T29,DEAP:S24,T29,0,3.97,1,1,1,1,unexposed,baseline_relative,train,0.01,0.6621948142189579,0.3378051857810421
DEAP:S24:T30,DEAP:S24,T30,0,1.0,1,1,1,1,unexposed,baseline_relative,train,0.01,0.6250438867395314,0.3749561132604686
DEAP:S24:T32,DEAP:S24,T32,0,3.0,1,1,1,1,unexposed,baseline_relative,train,0.01,0.5289566043664946,0.47104339563350545
DEAP:S24:T33,DEAP:S24,T33,1,5.01,1,1,1,1,unexposed,baseline_relative,train,0.01,0.5209287492143166,0.4790712507856833
DEAP:S24:T35,DEAP:S24,T35,0,4.05,1,1,1,1,unexposed,baseline_relative,train,0.01,0.7046494738748934,0.29535052612510665
DEAP:S25:T01,DEAP:S25,T01,1,8.06,1,1,1,1,unexposed,baseline_relative,train,0.01,0.6363378504187542,0.36366214958124576
DEAP:S25:T05,DEAP:S25,T05,1,5.04,1,1,1,1,unexposed,baseline_relative,train,0.01,0.5146974610825799,0.4853025389174201
DEAP:S25:T08,DEAP:S25,T08,1,8.04,1,1,1,1,unexposed,baseline_relative,train,0.01,0.449348367554366,0.550651632445634
DEAP:S25:T12,DEAP:S25,T12,1,8.04,1,1,1,1,unexposed,baseline_relative,train,0.01,0.5566339660173089,0.44336603398269114
DEAP:S25:T15,DEAP:S25,T15,1,7.01,1,1,1,1,unexposed,baseline_relative,train,0.01,0.5466932294944243,0.45330677050557566
DEAP:S25:T19,DEAP:S25,T19,1,7.06,1,1,1,1,unexposed,baseline_relative,train,0.01,0.5321268132051382,0.4678731867948618
DEAP:S25:T23,DEAP:S25,T23,0,2.01,1,1,1,1,unexposed,baseline_relative,train,0.01,0.5048302209596041,0.49516977904039594
DEAP:S25:T25,DEAP:S25,T25,0,4.96,1,1,1,1,unexposed,baseline_relative,train,0.01,0.5650215720109133,0.43497842798908676
DEAP:S25:T27,DEAP:S25,T27,1,5.03,1,1,1,1,unexposed,baseline_relative,train,0.01,0.4587594327803043,0.5412405672196957
DEAP:S25:T28,DEAP:S25,T28,1,5.01,1,1,1,1,unexposed,baseline_relative,train,0.01,0.4646264527072531,0.5353735472927469
DEAP:S25:T29,DEAP:S25,T29,0,1.0,1,1,1,1,unexposed,baseline_relative,train,0.01,0.4476262788711055,0.5523737211288945
DEAP:S25:T30,DEAP:S25,T30,0,4.03,1,1,1,1,unexposed,baseline_relative,train,0.01,0.39876339444309905,0.601236605556901
DEAP:S25:T32,DEAP:S25,T32,0,1.0,1,1,1,1,unexposed,baseline_relative,train,0.01,0.47808004868121745,0.5219199513187825
DEAP:S25:T33,DEAP:S25,T33,0,1.94,1,1,1,1,unexposed,baseline_relative,train,0.01,0.5117670656701443,0.4882329343298557
DEAP:S25:T35,DEAP:S25,T35,0,3.03,1,1,1,1,unexposed,baseline_relative,train,0.01,0.5400011946868619,0.45999880531313814
DEAP:S26:T01,DEAP:S26,T01,1,7.97,1,1,1,1,unexposed,baseline_relative,train,0.01,0.6747485508271187,0.3252514491728813
DEAP:S26:T05,DEAP:S26,T05,0,4.0,1,1,1,1,unexposed,baseline_relative,train,0.01,0.49538579176887254,0.5046142082311275
DEAP:S26:T08,DEAP:S26,T08,1,8.01,1,1,1,1,unexposed,baseline_relative,train,0.01,0.566898909397093,0.433101090602907
DEAP:S26:T12,DEAP:S26,T12,1,7.04,1,1,1,1,unexposed,baseline_relative,train,0.01,0.364102613519679,0.635897386480321
DEAP:S26:T15,DEAP:S26,T15,1,7.01,1,1,1,1,unexposed,baseline_relative,train,0.01,0.35486304310229777,0.6451369568977022
DEAP:S26:T19,DEAP:S26,T19,1,8.0,1,1,1,1,unexposed,baseline_relative,train,0.01,0.5189640332285543,0.4810359667714457
DEAP:S26:T23,DEAP:S26,T23,0,2.28,1,1,1,1,unexposed,baseline_relative,train,0.01,0.510983366581296,0.489016633418704
DEAP:S26:T26,DEAP:S26,T26,1,5.05,1,1,1,1,unexposed,baseline_relative,train,0.01,0.43780648072496864,0.5621935192750314
DEAP:S26:T27,DEAP:S26,T27,1,6.0,1,1,1,1,unexposed,baseline_relative,train,0.01,0.45176442974644637,0.5482355702535536
DEAP:S26:T28,DEAP:S26,T28,1,5.97,1,1,1,1,unexposed,baseline_relative,train,0.01,0.4326637566572997,0.5673362433427003
DEAP:S26:T29,DEAP:S26,T29,1,6.09,1,1,1,1,unexposed,baseline_relative,train,0.01,0.41396843525481386,0.5860315647451861
DEAP:S26:T30,DEAP:S26,T30,0,4.95,1,1,1,1,unexposed,baseline_relative,train,0.01,0.5427623044944097,0.45723769550559035
DEAP:S26:T32,DEAP:S26,T32,0,1.96,1,1,1,1,unexposed,baseline_relative,train,0.01,0.549737537275448,0.4502624627245519
DEAP:S26:T33,DEAP:S26,T33,0,1.0,1,1,1,1,unexposed,baseline_relative,train,0.01,0.5219100167006638,0.4780899832993362
DEAP:S26:T35,DEAP:S26,T35,0,2.97,1,1,1,1,unexposed,baseline_relative,train,0.01,0.3746600396513069,0.6253399603486931
DEAP:S27:T01,DEAP:S27,T01,1,6.03,1,1,1,1,unexposed,baseline_relative,train,0.01,0.383205303924809,0.616794696075191
DEAP:S27:T05,DEAP:S27,T05,0,4.97,1,1,1,1,unexposed,baseline_relative,train,0.01,0.5272185804839451,0.4727814195160549
DEAP:S27:T08,DEAP:S27,T08,1,8.24,1,1,1,1,unexposed,baseline_relative,train,0.01,0.5012022374602865,0.49879776253971353
DEAP:S27:T15,DEAP:S27,T15,1,5.04,1,1,1,1,unexposed,baseline_relative,train,0.01,0.3934973862020573,0.6065026137979427
DEAP:S27:T19,DEAP:S27,T19,1,5.06,1,1,1,1,unexposed,baseline_relative,train,0.01,0.4419191306083061,0.5580808693916939
DEAP:S27:T23,DEAP:S27,T23,1,8.0,1,1,1,1,unexposed,baseline_relative,train,0.01,0.41617848129767776,0.5838215187023222
DEAP:S27:T25,DEAP:S27,T25,0,4.0,1,1,1,1,unexposed,baseline_relative,train,0.01,0.3957583087353719,0.6042416912646281
DEAP:S27:T26,DEAP:S27,T26,1,5.04,1,1,1,1,unexposed,baseline_relative,train,0.01,0.39912753912713517,0.6008724608728648
DEAP:S27:T27,DEAP:S27,T27,0,4.97,1,1,1,1,unexposed,baseline_relative,train,0.01,0.46111460004472027,0.5388853999552797
DEAP:S27:T28,DEAP:S27,T28,1,5.04,1,1,1,1,unexposed,baseline_relative,train,0.01,0.44444595093083594,0.5555540490691641
DEAP:S27:T29,DEAP:S27,T29,1,7.18,1,1,1,1,unexposed,baseline_relative,train,0.01,0.497940181853919,0.502059818146081
DEAP:S27:T30,DEAP:S27,T30,1,7.08,1,1,1,1,unexposed,baseline_relative,train,0.01,0.5776214738976224,0.4223785261023776
DEAP:S27:T32,DEAP:S27,T32,1,5.04,1,1,1,1,unexposed,baseline_relative,train,0.01,0.507805356469688,0.4921946435303119
DEAP:S27:T33,DEAP:S27,T33,1,5.04,1,1,1,1,unexposed,baseline_relative,train,0.01,0.44086895319571495,0.559131046804285
DEAP:S27:T35,DEAP:S27,T35,0,1.0,1,1,1,1,unexposed,baseline_relative,train,0.01,0.4004933004047181,0.5995066995952819
DEAP:S28:T01,DEAP:S28,T01,1,7.03,1,1,1,1,unexposed,baseline_relative,train,0.01,0.3969387328200158,0.6030612671799842
DEAP:S28:T05,DEAP:S28,T05,1,7.04,1,1,1,1,unexposed,baseline_relative,train,0.01,0.3687161336287774,0.6312838663712226
DEAP:S28:T08,DEAP:S28,T08,1,7.01,1,1,1,1,unexposed,baseline_relative,train,0.01,0.4075119806631369,0.5924880193368631
DEAP:S28:T12,DEAP:S28,T12,1,6.06,1,1,1,1,unexposed,baseline_relative,train,0.01,0.4184855164802377,0.5815144835197623
DEAP:S28:T15,DEAP:S28,T15,1,5.04,1,1,1,1,unexposed,baseline_relative,train,0.01,0.42729098908864893,0.5727090109113511
DEAP:S28:T19,DEAP:S28,T19,1,7.03,1,1,1,1,unexposed,baseline_relative,train,0.01,0.33901106584284535,0.6609889341571547
DEAP:S28:T25,DEAP:S28,T25,0,4.06,1,1,1,1,unexposed,baseline_relative,train,0.01,0.4470752580366326,0.5529247419633674
DEAP:S28:T27,DEAP:S28,T27,1,6.08,1,1,1,1,unexposed,baseline_relative,train,0.01,0.4446459128491136,0.5553540871508864
DEAP:S28:T28,DEAP:S28,T28,0,2.9,1,1,1,1,unexposed,baseline_relative,train,0.01,0.5284867472835793,0.47151325271642075
DEAP:S28:T29,DEAP:S28,T29,0,2.06,1,1,1,1,unexposed,baseline_relative,train,0.01,0.4713445863466188,0.5286554136533812
DEAP:S28:T32,DEAP:S28,T32,0,3.05,1,1,1,1,unexposed,baseline_relative,train,0.01,0.4876649543192325,0.5123350456807675
DEAP:S28:T33,DEAP:S28,T33,1,7.01,1,1,1,1,unexposed,baseline_relative,train,0.01,0.5063364655455936,0.49366353445440636
DEAP:S28:T35,DEAP:S28,T35,0,1.08,1,1,1,1,unexposed,baseline_relative,train,0.01,0.46259535548895936,0.5374046445110406
DEAP:S29:T01,DEAP:S29,T01,1,6.06,1,1,1,1,unexposed,baseline_relative,train,0.01,0.4520679646561221,0.5479320353438779
DEAP:S29:T05,DEAP:S29,T05,1,6.05,1,1,1,1,unexposed,baseline_relative,train,0.01,0.4756729390131086,0.5243270609868914
DEAP:S29:T08,DEAP:S29,T08,1,7.04,1,1,1,1,unexposed,baseline_relative,train,0.01,0.42166165966906677,0.5783383403309332
DEAP:S29:T12,DEAP:S29,T12,1,6.04,1,1,1,1,unexposed,baseline_relative,train,0.01,0.4763040703117768,0.5236959296882232
DEAP:S29:T19,DEAP:S29,T19,1,7.05,1,1,1,1,unexposed,baseline_relative,train,0.01,0.5753917712380048,0.4246082287619952
DEAP:S29:T23,DEAP:S29,T23,0,2.05,1,1,1,1,unexposed,baseline_relative,train,0.01,0.5821583515774377,0.41784164842256233
DEAP:S29:T25,DEAP:S29,T25,0,3.03,1,1,1,1,unexposed,baseline_relative,train,0.01,0.5339940801136642,0.4660059198863358
DEAP:S29:T26,DEAP:S29,T26,0,3.0,1,1,1,1,unexposed,baseline_relative,train,0.01,0.5594671610530663,0.44053283894693374
DEAP:S29:T27,DEAP:S29,T27,1,7.09,1,1,1,1,unexposed,baseline_relative,train,0.01,0.5667191965593512,0.4332808034406488
DEAP:S29:T28,DEAP:S29,T28,0,1.04,1,1,1,1,unexposed,baseline_relative,train,0.01,0.5855006277768842,0.4144993722231158
DEAP:S29:T29,DEAP:S29,T29,0,3.97,1,1,1,1,unexposed,baseline_relative,train,0.01,0.6325461817554927,0.36745381824450735
DEAP:S29:T30,DEAP:S29,T30,0,2.95,1,1,1,1,unexposed,baseline_relative,train,0.01,0.7110534910988405,0.28894650890115947
DEAP:S29:T33,DEAP:S29,T33,0,1.99,1,1,1,1,unexposed,baseline_relative,train,0.01,0.5653100900562469,0.4346899099437531
DEAP:S29:T35,DEAP:S29,T35,0,1.92,1,1,1,1,unexposed,baseline_relative,train,0.01,0.5797418558269518,0.42025814417304813
DEAP:S31:T01,DEAP:S31,T01,1,6.79,1,1,1,1,unexposed,baseline_relative,train,0.01,0.5316048477920143,0.4683951522079857
DEAP:S31:T05,DEAP:S31,T05,1,6.22,1,1,1,1,unexposed,baseline_relative,train,0.01,0.39138677800384836,0.6086132219961516
DEAP:S31:T08,DEAP:S31,T08,1,6.03,1,1,1,1,unexposed,baseline_relative,train,0.01,0.33945185069791917,0.6605481493020808
DEAP:S31:T12,DEAP:S31,T12,1,7.14,1,1,1,1,unexposed,baseline_relative,train,0.01,0.507444556056065,0.492555443943935
DEAP:S31:T15,DEAP:S31,T15,1,6.05,1,1,1,1,unexposed,baseline_relative,train,0.01,0.4330896306079032,0.5669103693920968
DEAP:S31:T23,DEAP:S31,T23,0,1.0,1,1,1,1,unexposed,baseline_relative,train,0.01,0.4971990843064782,0.5028009156935218
DEAP:S31:T25,DEAP:S31,T25,1,6.14,1,1,1,1,unexposed,baseline_relative,train,0.01,0.45902976385606,0.54097023614394
DEAP:S31:T26,DEAP:S31,T26,1,7.08,1,1,1,1,unexposed,baseline_relative,train,0.01,0.34670247718284475,0.6532975228171553
DEAP:S31:T29,DEAP:S31,T29,1,5.09,1,1,1,1,unexposed,baseline_relative,train,0.01,0.4194672727165517,0.5805327272834483
DEAP:S31:T30,DEAP:S31,T30,0,3.13,1,1,1,1,unexposed,baseline_relative,train,0.01,0.47597257524780767,0.5240274247521923
DEAP:S31:T32,DEAP:S31,T32,0,1.0,1,1,1,1,unexposed,baseline_relative,train,0.01,0.6638034752770883,0.3361965247229118
DEAP:S31:T33,DEAP:S31,T33,0,4.18,1,1,1,1,unexposed,baseline_relative,train,0.01,0.4892795084132291,0.5107204915867709
DEAP:S31:T35,DEAP:S31,T35,0,4.03,1,1,1,1,unexposed,baseline_relative,train,0.01,0.37468192932494415,0.6253180706750558
DEAP:S32:T01,DEAP:S32,T01,1,8.13,1,1,1,1,unexposed,baseline_relative,train,0.01,0.4678759568199099,0.5321240431800901
DEAP:S32:T05,DEAP:S32,T05,1,7.15,1,1,1,1,unexposed,baseline_relative,train,0.01,0.4231092719397088,0.5768907280602912
DEAP:S32:T08,DEAP:S32,T08,1,7.96,1,1,1,1,unexposed,baseline_relative,train,0.01,0.4459275511409583,0.5540724488590417
DEAP:S32:T12,DEAP:S32,T12,1,7.31,1,1,1,1,unexposed,baseline_relative,train,0.01,0.5444091782253659,0.4555908217746341
DEAP:S32:T15,DEAP:S32,T15,1,5.01,1,1,1,1,unexposed,baseline_relative,train,0.01,0.4286382919121381,0.5713617080878619
DEAP:S32:T19,DEAP:S32,T19,1,8.24,1,1,1,1,unexposed,baseline_relative,train,0.01,0.5137970608331048,0.48620293916689517
DEAP:S32:T23,DEAP:S32,T23,0,3.01,1,1,1,1,unexposed,baseline_relative,train,0.01,0.4662132252827734,0.5337867747172266
DEAP:S32:T25,DEAP:S32,T25,0,4.01,1,1,1,1,unexposed,baseline_relative,train,0.01,0.552358119098139,0.447641880901861
DEAP:S32:T26,DEAP:S32,T26,1,5.14,1,1,1,1,unexposed,baseline_relative,train,0.01,0.522069703698855,0.47793029630114503
DEAP:S32:T27,DEAP:S32,T27,1,6.0,1,1,1,1,unexposed,baseline_relative,train,0.01,0.39017200483946735,0.6098279951605327
DEAP:S32:T28,DEAP:S32,T28,1,6.03,1,1,1,1,unexposed,baseline_relative,train,0.01,0.48300360731995506,0.5169963926800449
DEAP:S32:T29,DEAP:S32,T29,0,4.09,1,1,1,1,unexposed,baseline_relative,train,0.01,0.5154472488785093,0.4845527511214906
DEAP:S32:T30,DEAP:S32,T30,0,1.0,1,1,1,1,unexposed,baseline_relative,train,0.01,0.479141445307806,0.520858554692194
DEAP:S32:T32,DEAP:S32,T32,0,3.87,1,1,1,1,unexposed,baseline_relative,train,0.01,0.4338903721802607,0.5661096278197393
DEAP:S32:T33,DEAP:S32,T33,0,4.06,1,1,1,1,unexposed,baseline_relative,train,0.01,0.5335505404357264,0.46644945956427364
DEAP:S32:T35,DEAP:S32,T35,0,3.88,1,1,1,1,unexposed,baseline_relative,train,0.01,0.5292159857126123,0.4707840142873877
DEAP:S07:T04,DEAP:S07,T04,1,7.08,1,1,1,1,unexposed,baseline_relative,validation_unseen,0.01,0.4182417537287749,0.5817582462712251
DEAP:S07:T07,DEAP:S07,T07,1,7.08,1,1,1,1,unexposed,baseline_relative,validation_unseen,0.01,0.538476174510884,0.46152382548911597
DEAP:S07:T09,DEAP:S07,T09,1,6.99,1,1,1,1,unexposed,baseline_relative,validation_unseen,0.01,0.5305466960687153,0.46945330393128465
DEAP:S07:T13,DEAP:S07,T13,1,8.0,1,1,1,1,unexposed,baseline_relative,validation_unseen,0.01,0.5138592841810465,0.4861407158189534
DEAP:S07:T18,DEAP:S07,T18,1,7.03,1,1,1,1,unexposed,baseline_relative,validation_unseen,0.01,0.4273393136604795,0.5726606863395205
DEAP:S07:T22,DEAP:S07,T22,0,3.05,1,1,1,1,unexposed,baseline_relative,validation_unseen,0.01,0.6057820844667268,0.3942179155332732
DEAP:S07:T24,DEAP:S07,T24,0,1.97,1,1,1,1,unexposed,baseline_relative,validation_unseen,0.01,0.49808275982813055,0.5019172401718694
DEAP:S07:T36,DEAP:S07,T36,1,8.1,1,1,1,1,unexposed,baseline_relative,validation_unseen,0.01,0.5094505497042787,0.4905494502957212
DEAP:S08:T04,DEAP:S08,T04,1,6.82,1,1,1,1,unexposed,baseline_relative,validation_unseen,0.01,0.5077637629158818,0.49223623708411823
DEAP:S08:T07,DEAP:S08,T07,1,5.04,1,1,1,1,unexposed,baseline_relative,validation_unseen,0.01,0.6307786584628676,0.3692213415371324
DEAP:S08:T09,DEAP:S08,T09,1,8.78,1,1,1,1,unexposed,baseline_relative,validation_unseen,0.01,0.46966760037554367,0.5303323996244563
DEAP:S08:T13,DEAP:S08,T13,1,7.9,1,1,1,1,unexposed,baseline_relative,validation_unseen,0.01,0.35916750403743736,0.6408324959625626
DEAP:S08:T18,DEAP:S08,T18,1,7.21,1,1,1,1,unexposed,baseline_relative,validation_unseen,0.01,0.48725179636219007,0.5127482036378099
DEAP:S08:T22,DEAP:S08,T22,0,4.23,1,1,1,1,unexposed,baseline_relative,validation_unseen,0.01,0.5498375822927858,0.4501624177072142
DEAP:S08:T24,DEAP:S08,T24,0,4.15,1,1,1,1,unexposed,baseline_relative,validation_unseen,0.01,0.6318544057047065,0.3681455942952935
DEAP:S08:T36,DEAP:S08,T36,0,1.21,1,1,1,1,unexposed,baseline_relative,validation_unseen,0.01,0.28272367224414174,0.7172763277558583
DEAP:S10:T04,DEAP:S10,T04,1,7.01,1,1,1,1,unexposed,baseline_relative,validation_unseen,0.01,0.6936393171056271,0.3063606828943729
DEAP:S10:T07,DEAP:S10,T07,1,8.96,1,1,1,1,unexposed,baseline_relative,validation_unseen,0.01,0.5228099088509273,0.4771900911490728
DEAP:S10:T09,DEAP:S10,T09,1,7.56,1,1,1,1,unexposed,baseline_relative,validation_unseen,0.01,0.7148751472671931,0.28512485273280685
DEAP:S10:T13,DEAP:S10,T13,1,6.72,1,1,1,1,unexposed,baseline_relative,validation_unseen,0.01,0.7139542977428717,0.28604570225712833
DEAP:S10:T18,DEAP:S10,T18,1,7.31,1,1,1,1,unexposed,baseline_relative,validation_unseen,0.01,0.6649853246782294,0.3350146753217707
DEAP:S10:T22,DEAP:S10,T22,0,4.24,1,1,1,1,unexposed,baseline_relative,validation_unseen,0.01,0.566301959785757,0.43369804021424296
DEAP:S10:T24,DEAP:S10,T24,1,6.82,1,1,1,1,unexposed,baseline_relative,validation_unseen,0.01,0.5116436088018828,0.4883563911981173
DEAP:S10:T36,DEAP:S10,T36,0,2.17,1,1,1,1,unexposed,baseline_relative,validation_unseen,0.01,0.687817313992055,0.31218268600794497
DEAP:S30:T04,DEAP:S30,T04,1,7.04,1,1,1,1,unexposed,baseline_relative,validation_unseen,0.01,0.49212030719185784,0.5078796928081422
DEAP:S30:T07,DEAP:S30,T07,0,4.05,1,1,1,1,unexposed,baseline_relative,validation_unseen,0.01,0.47515889473989725,0.5248411052601027
DEAP:S30:T09,DEAP:S30,T09,1,7.08,1,1,1,1,unexposed,baseline_relative,validation_unseen,0.01,0.5054070652056599,0.49459293479434013
DEAP:S30:T13,DEAP:S30,T13,0,4.04,1,1,1,1,unexposed,baseline_relative,validation_unseen,0.01,0.48926617863669997,0.5107338213633
DEAP:S30:T18,DEAP:S30,T18,1,7.05,1,1,1,1,unexposed,baseline_relative,validation_unseen,0.01,0.5260503461831088,0.4739496538168912
DEAP:S30:T22,DEAP:S30,T22,0,4.05,1,1,1,1,unexposed,baseline_relative,validation_unseen,0.01,0.5523222022974932,0.44767779770250676
DEAP:S30:T24,DEAP:S30,T24,1,5.99,1,1,1,1,unexposed,baseline_relative,validation_unseen,0.01,0.5545593411040214,0.4454406588959786
DEAP:S30:T36,DEAP:S30,T36,0,4.03,1,1,1,1,unexposed,baseline_relative,validation_unseen,0.01,0.5101512537900701,0.48984874620992985
DEAP:S07:T01,DEAP:S07,T01,1,8.1,1,1,1,1,unexposed,baseline_relative,validation_familiar,0.01,0.4686600032593078,0.5313399967406922
DEAP:S07:T05,DEAP:S07,T05,1,7.05,1,1,1,1,unexposed,baseline_relative,validation_familiar,0.01,0.40759549637400894,0.5924045036259911
DEAP:S07:T08,DEAP:S07,T08,1,7.0,1,1,1,1,unexposed,baseline_relative,validation_familiar,0.01,0.463106878464179,0.536893121535821
DEAP:S07:T12,DEAP:S07,T12,1,6.99,1,1,1,1,unexposed,baseline_relative,validation_familiar,0.01,0.4254061769106009,0.5745938230893991
DEAP:S07:T15,DEAP:S07,T15,1,7.99,1,1,1,1,unexposed,baseline_relative,validation_familiar,0.01,0.5957432753858463,0.4042567246141538
DEAP:S07:T19,DEAP:S07,T19,1,6.99,1,1,1,1,unexposed,baseline_relative,validation_familiar,0.01,0.5270128689491942,0.4729871310508058
DEAP:S07:T23,DEAP:S07,T23,0,3.01,1,1,1,1,unexposed,baseline_relative,validation_familiar,0.01,0.49569574770268077,0.5043042522973192
DEAP:S07:T25,DEAP:S07,T25,0,2.99,1,1,1,1,unexposed,baseline_relative,validation_familiar,0.01,0.5441205392552155,0.45587946074478447
DEAP:S07:T26,DEAP:S07,T26,0,2.0,1,1,1,1,unexposed,baseline_relative,validation_familiar,0.01,0.5587027381169196,0.44129726188308044
DEAP:S07:T27,DEAP:S07,T27,1,6.09,1,1,1,1,unexposed,baseline_relative,validation_familiar,0.01,0.49551710422426654,0.5044828957757335
DEAP:S07:T28,DEAP:S07,T28,0,2.05,1,1,1,1,unexposed,baseline_relative,validation_familiar,0.01,0.5347238276633509,0.4652761723366491
DEAP:S07:T29,DEAP:S07,T29,1,7.09,1,1,1,1,unexposed,baseline_relative,validation_familiar,0.01,0.6473332655040034,0.35266673449599656
DEAP:S07:T30,DEAP:S07,T30,0,3.09,1,1,1,1,unexposed,baseline_relative,validation_familiar,0.01,0.5516311237440796,0.4483688762559204
DEAP:S07:T32,DEAP:S07,T32,0,4.96,1,1,1,1,unexposed,baseline_relative,validation_familiar,0.01,0.5905637660872043,0.4094362339127957
DEAP:S07:T33,DEAP:S07,T33,0,4.97,1,1,1,1,unexposed,baseline_relative,validation_familiar,0.01,0.5246273442479894,0.4753726557520106
DEAP:S07:T35,DEAP:S07,T35,1,5.01,1,1,1,1,unexposed,baseline_relative,validation_familiar,0.01,0.5756107400531008,0.42438925994689924
DEAP:S08:T01,DEAP:S08,T01,1,7.6,1,1,1,1,unexposed,baseline_relative,validation_familiar,0.01,0.5389133443706515,0.4610866556293484
DEAP:S08:T05,DEAP:S08,T05,0,4.41,1,1,1,1,unexposed,baseline_relative,validation_familiar,0.01,0.5227422093831264,0.4772577906168735
DEAP:S08:T08,DEAP:S08,T08,1,8.82,1,1,1,1,unexposed,baseline_relative,validation_familiar,0.01,0.4937339219794701,0.5062660780205299
DEAP:S08:T12,DEAP:S08,T12,1,8.47,1,1,1,1,unexposed,baseline_relative,validation_familiar,0.01,0.3582568597173492,0.6417431402826508
DEAP:S08:T15,DEAP:S08,T15,1,8.33,1,1,1,1,unexposed,baseline_relative,validation_familiar,0.01,0.5216967333241067,0.47830326667589335
DEAP:S08:T19,DEAP:S08,T19,1,5.04,1,1,1,1,unexposed,baseline_relative,validation_familiar,0.01,0.4486446658564167,0.5513553341435833
DEAP:S08:T23,DEAP:S08,T23,0,3.59,1,1,1,1,unexposed,baseline_relative,validation_familiar,0.01,0.6411650810306271,0.358834918969373
DEAP:S08:T25,DEAP:S08,T25,0,3.72,1,1,1,1,unexposed,baseline_relative,validation_familiar,0.01,0.5429956175001862,0.45700438249981384
DEAP:S08:T26,DEAP:S08,T26,0,4.99,1,1,1,1,unexposed,baseline_relative,validation_familiar,0.01,0.5765951078140709,0.42340489218592914
DEAP:S08:T27,DEAP:S08,T27,0,4.46,1,1,1,1,unexposed,baseline_relative,validation_familiar,0.01,0.44439092915898637,0.5556090708410136
DEAP:S08:T28,DEAP:S08,T28,1,5.04,1,1,1,1,unexposed,baseline_relative,validation_familiar,0.01,0.5979752626610605,0.4020247373389395
DEAP:S08:T29,DEAP:S08,T29,0,2.78,1,1,1,1,unexposed,baseline_relative,validation_familiar,0.01,0.5505719859455933,0.44942801405440674
DEAP:S08:T30,DEAP:S08,T30,0,1.4,1,1,1,1,unexposed,baseline_relative,validation_familiar,0.01,0.4467064507900024,0.5532935492099976
DEAP:S08:T32,DEAP:S08,T32,1,6.33,1,1,1,1,unexposed,baseline_relative,validation_familiar,0.01,0.5514597049884338,0.4485402950115662
DEAP:S08:T33,DEAP:S08,T33,0,4.44,1,1,1,1,unexposed,baseline_relative,validation_familiar,0.01,0.500541852625134,0.49945814737486605
DEAP:S08:T35,DEAP:S08,T35,0,3.62,1,1,1,1,unexposed,baseline_relative,validation_familiar,0.01,0.38500190820356084,0.6149980917964392
DEAP:S10:T01,DEAP:S10,T01,1,7.91,1,1,1,1,unexposed,baseline_relative,validation_familiar,0.01,0.5499646853807953,0.4500353146192046
DEAP:S10:T05,DEAP:S10,T05,1,7.24,1,1,1,1,unexposed,baseline_relative,validation_familiar,0.01,0.6622379690918063,0.3377620309081936
DEAP:S10:T08,DEAP:S10,T08,1,5.68,1,1,1,1,unexposed,baseline_relative,validation_familiar,0.01,0.7283116805619099,0.27168831943809013
DEAP:S10:T12,DEAP:S10,T12,1,5.37,1,1,1,1,unexposed,baseline_relative,validation_familiar,0.01,0.7464985023765278,0.2535014976234721
DEAP:S10:T15,DEAP:S10,T15,1,5.31,1,1,1,1,unexposed,baseline_relative,validation_familiar,0.01,0.6054718452965273,0.3945281547034727
DEAP:S10:T19,DEAP:S10,T19,1,7.82,1,1,1,1,unexposed,baseline_relative,validation_familiar,0.01,0.6355802581949247,0.3644197418050753
DEAP:S10:T23,DEAP:S10,T23,0,2.87,1,1,1,1,unexposed,baseline_relative,validation_familiar,0.01,0.5607149635154924,0.4392850364845075
DEAP:S10:T25,DEAP:S10,T25,0,1.92,1,1,1,1,unexposed,baseline_relative,validation_familiar,0.01,0.7646153882349119,0.2353846117650881
DEAP:S10:T26,DEAP:S10,T26,0,4.95,1,1,1,1,unexposed,baseline_relative,validation_familiar,0.01,0.619877845438431,0.380122154561569
DEAP:S10:T27,DEAP:S10,T27,0,4.94,1,1,1,1,unexposed,baseline_relative,validation_familiar,0.01,0.6898085758772384,0.31019142412276157
DEAP:S10:T28,DEAP:S10,T28,0,4.31,1,1,1,1,unexposed,baseline_relative,validation_familiar,0.01,0.5192370893206055,0.4807629106793945
DEAP:S10:T29,DEAP:S10,T29,0,3.94,1,1,1,1,unexposed,baseline_relative,validation_familiar,0.01,0.435386011363751,0.564613988636249
DEAP:S10:T30,DEAP:S10,T30,0,2.64,1,1,1,1,unexposed,baseline_relative,validation_familiar,0.01,0.5815699550560915,0.4184300449439085
DEAP:S10:T32,DEAP:S10,T32,1,5.96,1,1,1,1,unexposed,baseline_relative,validation_familiar,0.01,0.5802570945118382,0.41974290548816184
DEAP:S10:T33,DEAP:S10,T33,0,4.94,1,1,1,1,unexposed,baseline_relative,validation_familiar,0.01,0.6957731009729251,0.30422689902707484
DEAP:S10:T35,DEAP:S10,T35,0,1.38,1,1,1,1,unexposed,baseline_relative,validation_familiar,0.01,0.6495758109628258,0.35042418903717415
DEAP:S30:T01,DEAP:S30,T01,1,5.04,1,1,1,1,unexposed,baseline_relative,validation_familiar,0.01,0.4246890698221626,0.5753109301778374
DEAP:S30:T05,DEAP:S30,T05,1,6.19,1,1,1,1,unexposed,baseline_relative,validation_familiar,0.01,0.5270995651705155,0.4729004348294846
DEAP:S30:T08,DEAP:S30,T08,1,6.05,1,1,1,1,unexposed,baseline_relative,validation_familiar,0.01,0.41846466499485546,0.5815353350051445
DEAP:S30:T12,DEAP:S30,T12,1,5.15,1,1,1,1,unexposed,baseline_relative,validation_familiar,0.01,0.4494073994733724,0.5505926005266276
DEAP:S30:T15,DEAP:S30,T15,1,5.01,1,1,1,1,unexposed,baseline_relative,validation_familiar,0.01,0.42926744778661574,0.5707325522133843
DEAP:S30:T19,DEAP:S30,T19,1,8.27,1,1,1,1,unexposed,baseline_relative,validation_familiar,0.01,0.496411757708077,0.503588242291923
DEAP:S30:T23,DEAP:S30,T23,0,3.0,1,1,1,1,unexposed,baseline_relative,validation_familiar,0.01,0.5098721368810007,0.49012786311899925
DEAP:S30:T25,DEAP:S30,T25,0,3.92,1,1,1,1,unexposed,baseline_relative,validation_familiar,0.01,0.44513534256064113,0.5548646574393589
DEAP:S30:T26,DEAP:S30,T26,1,5.01,1,1,1,1,unexposed,baseline_relative,validation_familiar,0.01,0.4616097508932433,0.5383902491067567
DEAP:S30:T27,DEAP:S30,T27,1,8.01,1,1,1,1,unexposed,baseline_relative,validation_familiar,0.01,0.5670471947975542,0.43295280520244583
DEAP:S30:T28,DEAP:S30,T28,1,5.06,1,1,1,1,unexposed,baseline_relative,validation_familiar,0.01,0.5628016132783911,0.43719838672160893
DEAP:S30:T29,DEAP:S30,T29,1,7.23,1,1,1,1,unexposed,baseline_relative,validation_familiar,0.01,0.5525625266874791,0.44743747331252093
DEAP:S30:T30,DEAP:S30,T30,0,4.04,1,1,1,1,unexposed,baseline_relative,validation_familiar,0.01,0.4796441524760585,0.5203558475239415
DEAP:S30:T32,DEAP:S30,T32,1,5.01,1,1,1,1,unexposed,baseline_relative,validation_familiar,0.01,0.48288880500767206,0.5171111949923279
DEAP:S30:T33,DEAP:S30,T33,0,3.91,1,1,1,1,unexposed,baseline_relative,validation_familiar,0.01,0.3964682573968612,0.6035317426031388
DEAP:S30:T35,DEAP:S30,T35,1,5.04,1,1,1,1,unexposed,baseline_relative,validation_familiar,0.01,0.4627501051301749,0.5372498948698251
DEAP:S01:T01,DEAP:S01,T01,1,7.71,1,1,1,1,unexposed,baseline_relative,train,0.1,0.5507881638783707,0.44921183612162935
DEAP:S01:T05,DEAP:S01,T05,1,6.96,1,1,1,1,unexposed,baseline_relative,train,0.1,0.3872657755012847,0.6127342244987153
DEAP:S01:T08,DEAP:S01,T08,1,7.32,1,1,1,1,unexposed,baseline_relative,train,0.1,0.6517383672570456,0.3482616327429544
DEAP:S01:T12,DEAP:S01,T12,0,2.71,1,1,1,1,unexposed,baseline_relative,train,0.1,0.6794746274155978,0.3205253725844022
DEAP:S01:T15,DEAP:S01,T15,0,3.17,1,1,1,1,unexposed,baseline_relative,train,0.1,0.6777483470985985,0.32225165290140145
DEAP:S01:T23,DEAP:S01,T23,1,8.15,1,1,1,1,unexposed,baseline_relative,train,0.1,0.6510727135175857,0.34892728648241433
DEAP:S01:T25,DEAP:S01,T25,1,8.86,1,1,1,1,unexposed,baseline_relative,train,0.1,0.4134794953857752,0.5865205046142248
DEAP:S01:T26,DEAP:S01,T26,1,7.28,1,1,1,1,unexposed,baseline_relative,train,0.1,0.6362782324814336,0.3637217675185664
DEAP:S01:T27,DEAP:S01,T27,1,7.35,1,1,1,1,unexposed,baseline_relative,train,0.1,0.3319655204251145,0.6680344795748855
DEAP:S01:T28,DEAP:S01,T28,0,3.88,1,1,1,1,unexposed,baseline_relative,train,0.1,0.47586861394574786,0.5241313860542521
DEAP:S01:T29,DEAP:S01,T29,0,1.36,1,1,1,1,unexposed,baseline_relative,train,0.1,0.7829214197765465,0.21707858022345347
DEAP:S01:T30,DEAP:S01,T30,0,2.08,1,1,1,1,unexposed,baseline_relative,train,0.1,0.6362662246705577,0.3637337753294423
DEAP:S01:T32,DEAP:S01,T32,0,2.28,1,1,1,1,unexposed,baseline_relative,train,0.1,0.8439482368324074,0.15605176316759264
DEAP:S01:T33,DEAP:S01,T33,0,3.81,1,1,1,1,unexposed,baseline_relative,train,0.1,0.8182381852686604,0.1817618147313396
DEAP:S01:T35,DEAP:S01,T35,0,2.06,1,1,1,1,unexposed,baseline_relative,train,0.1,0.45420623768856183,0.5457937623114382
DEAP:S02:T01,DEAP:S02,T01,1,9.0,1,1,1,1,unexposed,baseline_relative,train,0.1,0.4931179822057672,0.5068820177942328
DEAP:S02:T05,DEAP:S02,T05,1,5.04,1,1,1,1,unexposed,baseline_relative,train,0.1,0.4789709877505459,0.5210290122494541
DEAP:S02:T08,DEAP:S02,T08,1,9.0,1,1,1,1,unexposed,baseline_relative,train,0.1,0.43323152652894215,0.5667684734710579
DEAP:S02:T12,DEAP:S02,T12,1,8.01,1,1,1,1,unexposed,baseline_relative,train,0.1,0.3878471825359856,0.6121528174640144
DEAP:S02:T15,DEAP:S02,T15,1,9.0,1,1,1,1,unexposed,baseline_relative,train,0.1,0.19924917048276714,0.8007508295172329
DEAP:S02:T19,DEAP:S02,T19,1,9.0,1,1,1,1,unexposed,baseline_relative,train,0.1,0.635434308474448,0.36456569152555196
DEAP:S02:T23,DEAP:S02,T23,0,1.0,1,1,1,1,unexposed,baseline_relative,train,0.1,0.6352444048231274,0.36475559517687267
DEAP:S02:T25,DEAP:S02,T25,1,9.0,1,1,1,1,unexposed,baseline_relative,train,0.1,0.34703519067883093,0.6529648093211691
DEAP:S02:T27,DEAP:S02,T27,0,4.96,1,1,1,1,unexposed,baseline_relative,train,0.1,0.5534010585091906,0.4465989414908094
DEAP:S02:T28,DEAP:S02,T28,0,4.06,1,1,1,1,unexposed,baseline_relative,train,0.1,0.537152568629298,0.46284743137070194
DEAP:S02:T29,DEAP:S02,T29,0,2.99,1,1,1,1,unexposed,baseline_relative,train,0.1,0.5618587403335056,0.4381412596664945
DEAP:S02:T30,DEAP:S02,T30,0,2.01,1,1,1,1,unexposed,baseline_relative,train,0.1,0.6951219140640728,0.3048780859359272
DEAP:S02:T32,DEAP:S02,T32,0,1.0,1,1,1,1,unexposed,baseline_relative,train,0.1,0.5703771980442127,0.4296228019557873
DEAP:S02:T35,DEAP:S02,T35,0,1.99,1,1,1,1,unexposed,baseline_relative,train,0.1,0.33840995023091225,0.6615900497690878
DEAP:S05:T01,DEAP:S05,T01,1,6.97,1,1,1,1,unexposed,baseline_relative,train,0.1,0.503688401448511,0.49631159855148893
DEAP:S05:T05,DEAP:S05,T05,0,3.04,1,1,1,1,unexposed,baseline_relative,train,0.1,0.6444640630918586,0.3555359369081414
DEAP:S05:T08,DEAP:S05,T08,1,8.17,1,1,1,1,unexposed,baseline_relative,train,0.1,0.700219002295535,0.2997809977044649
DEAP:S05:T12,DEAP:S05,T12,1,7.08,1,1,1,1,unexposed,baseline_relative,train,0.1,0.4095913408491776,0.5904086591508224
DEAP:S05:T15,DEAP:S05,T15,1,6.97,1,1,1,1,unexposed,baseline_relative,train,0.1,0.2889979053193452,0.7110020946806548
DEAP:S05:T19,DEAP:S05,T19,1,8.03,1,1,1,1,unexposed,baseline_relative,train,0.1,0.5576156099130096,0.4423843900869903
DEAP:S05:T23,DEAP:S05,T23,0,1.0,1,1,1,1,unexposed,baseline_relative,train,0.1,0.8181660717070787,0.18183392829292133
DEAP:S05:T25,DEAP:S05,T25,1,5.96,1,1,1,1,unexposed,baseline_relative,train,0.1,0.34708549560022195,0.652914504399778
DEAP:S05:T26,DEAP:S05,T26,1,7.96,1,1,1,1,unexposed,baseline_relative,train,0.1,0.3605663922990632,0.6394336077009368
DEAP:S05:T27,DEAP:S05,T27,1,7.0,1,1,1,1,unexposed,baseline_relative,train,0.1,0.2885185238314325,0.7114814761685675
DEAP:S05:T28,DEAP:S05,T28,0,3.9,1,1,1,1,unexposed,baseline_relative,train,0.1,0.803401180110717,0.196598819889283
DEAP:S05:T29,DEAP:S05,T29,0,4.04,1,1,1,1,unexposed,baseline_relative,train,0.1,0.42340277442515606,0.5765972255748439
DEAP:S05:T30,DEAP:S05,T30,0,2.94,1,1,1,1,unexposed,baseline_relative,train,0.1,0.761066192536303,0.23893380746369697
DEAP:S05:T32,DEAP:S05,T32,0,1.94,1,1,1,1,unexposed,baseline_relative,train,0.1,0.6382802530956666,0.36171974690433345
DEAP:S05:T33,DEAP:S05,T33,1,5.17,1,1,1,1,unexposed,baseline_relative,train,0.1,0.54670133579157,0.45329866420842996
DEAP:S05:T35,DEAP:S05,T35,0,4.86,1,1,1,1,unexposed,baseline_relative,train,0.1,0.8276538245681427,0.17234617543185723
DEAP:S06:T01,DEAP:S06,T01,1,8.19,1,1,1,1,unexposed,baseline_relative,train,0.1,0.20693838059133407,0.7930616194086659
DEAP:S06:T05,DEAP:S06,T05,1,7.01,1,1,1,1,unexposed,baseline_relative,train,0.1,0.25971473049801275,0.7402852695019873
DEAP:S06:T08,DEAP:S06,T08,1,7.05,1,1,1,1,unexposed,baseline_relative,train,0.1,0.27833303667804243,0.7216669633219576
DEAP:S06:T12,DEAP:S06,T12,1,7.17,1,1,1,1,unexposed,baseline_relative,train,0.1,0.22337002486935142,0.7766299751306486
DEAP:S06:T15,DEAP:S06,T15,1,5.59,1,1,1,1,unexposed,baseline_relative,train,0.1,0.25681449381309196,0.743185506186908
DEAP:S06:T23,DEAP:S06,T23,0,3.47,1,1,1,1,unexposed,baseline_relative,train,0.1,0.35455462614170685,0.6454453738582931
DEAP:S06:T25,DEAP:S06,T25,1,7.09,1,1,1,1,unexposed,baseline_relative,train,0.1,0.4729821416374256,0.5270178583625744
DEAP:S06:T26,DEAP:S06,T26,1,5.08,1,1,1,1,unexposed,baseline_relative,train,0.1,0.30217173078296566,0.6978282692170343
DEAP:S06:T27,DEAP:S06,T27,1,5.08,1,1,1,1,unexposed,baseline_relative,train,0.1,0.13280626420691077,0.8671937357930892
DEAP:S06:T28,DEAP:S06,T28,1,6.42,1,1,1,1,unexposed,baseline_relative,train,0.1,0.16477839193474686,0.8352216080652531
DEAP:S06:T29,DEAP:S06,T29,0,4.27,1,1,1,1,unexposed,baseline_relative,train,0.1,0.39277880021782274,0.6072211997821773
DEAP:S06:T32,DEAP:S06,T32,1,6.99,1,1,1,1,unexposed,baseline_relative,train,0.1,0.35816790499438855,0.6418320950056114
DEAP:S06:T33,DEAP:S06,T33,1,6.68,1,1,1,1,unexposed,baseline_relative,train,0.1,0.11314690613105849,0.8868530938689415
DEAP:S06:T35,DEAP:S06,T35,0,3.96,1,1,1,1,unexposed,baseline_relative,train,0.1,0.5905192627908711,0.409480737209129
DEAP:S09:T01,DEAP:S09,T01,1,5.05,1,1,1,1,unexposed,baseline_relative,train,0.1,0.47691023532855714,0.5230897646714429
DEAP:S09:T05,DEAP:S09,T05,0,4.99,1,1,1,1,unexposed,baseline_relative,train,0.1,0.6534120155431369,0.3465879844568632
DEAP:S09:T08,DEAP:S09,T08,1,6.15,1,1,1,1,unexposed,baseline_relative,train,0.1,0.6554633009439137,0.3445366990560863
DEAP:S09:T12,DEAP:S09,T12,1,7.08,1,1,1,1,unexposed,baseline_relative,train,0.1,0.19170211323287312,0.8082978867671269
DEAP:S09:T15,DEAP:S09,T15,1,6.21,1,1,1,1,unexposed,baseline_relative,train,0.1,0.3566114205611389,0.6433885794388611
DEAP:S09:T19,DEAP:S09,T19,0,3.97,1,1,1,1,unexposed,baseline_relative,train,0.1,0.9087039535467023,0.09129604645329768
DEAP:S09:T25,DEAP:S09,T25,1,5.04,1,1,1,1,unexposed,baseline_relative,train,0.1,0.37282247434891935,0.6271775256510806
DEAP:S09:T26,DEAP:S09,T26,0,4.1,1,1,1,1,unexposed,baseline_relative,train,0.1,0.6786489977031518,0.3213510022968482
DEAP:S09:T27,DEAP:S09,T27,1,5.04,1,1,1,1,unexposed,baseline_relative,train,0.1,0.46829437151537334,0.5317056284846267
DEAP:S09:T29,DEAP:S09,T29,0,3.99,1,1,1,1,unexposed,baseline_relative,train,0.1,0.5310625495883559,0.46893745041164414
DEAP:S09:T30,DEAP:S09,T30,0,4.04,1,1,1,1,unexposed,baseline_relative,train,0.1,0.6127899222336817,0.3872100777663184
DEAP:S09:T32,DEAP:S09,T32,0,3.1,1,1,1,1,unexposed,baseline_relative,train,0.1,0.5428575938408331,0.4571424061591669
DEAP:S09:T33,DEAP:S09,T33,0,3.08,1,1,1,1,unexposed,baseline_relative,train,0.1,0.30600942307428847,0.6939905769257115
DEAP:S09:T35,DEAP:S09,T35,0,3.01,1,1,1,1,unexposed,baseline_relative,train,0.1,0.5442571678134006,0.4557428321865994
DEAP:S11:T01,DEAP:S11,T01,1,6.27,1,1,1,1,unexposed,baseline_relative,train,0.1,0.715169943294583,0.28483005670541695
DEAP:S11:T05,DEAP:S11,T05,1,7.41,1,1,1,1,unexposed,baseline_relative,train,0.1,0.4900127528726659,0.5099872471273341
DEAP:S11:T08,DEAP:S11,T08,1,6.26,1,1,1,1,unexposed,baseline_relative,train,0.1,0.3020903133819567,0.6979096866180433
DEAP:S11:T15,DEAP:S11,T15,1,6.92,1,1,1,1,unexposed,baseline_relative,train,0.1,0.23996190197926126,0.7600380980207387
DEAP:S11:T23,DEAP:S11,T23,0,3.72,1,1,1,1,unexposed,baseline_relative,train,0.1,0.391896377972317,0.608103622027683
DEAP:S11:T26,DEAP:S11,T26,1,5.49,1,1,1,1,unexposed,baseline_relative,train,0.1,0.2512337795178471,0.7487662204821529
DEAP:S11:T27,DEAP:S11,T27,0,2.28,1,1,1,1,unexposed,baseline_relative,train,0.1,0.6153846934127238,0.3846153065872762
DEAP:S11:T28,DEAP:S11,T28,0,4.26,1,1,1,1,unexposed,baseline_relative,train,0.1,0.4307040778905179,0.5692959221094821
DEAP:S11:T29,DEAP:S11,T29,0,2.32,1,1,1,1,unexposed,baseline_relative,train,0.1,0.6406380150699664,0.3593619849300336
DEAP:S11:T30,DEAP:S11,T30,0,4.58,1,1,1,1,unexposed,baseline_relative,train,0.1,0.6239059068281116,0.3760940931718883
DEAP:S11:T32,DEAP:S11,T32,1,5.01,1,1,1,1,unexposed,baseline_relative,train,0.1,0.41413550251246845,0.5858644974875316
DEAP:S11:T33,DEAP:S11,T33,1,5.64,1,1,1,1,unexposed,baseline_relative,train,0.1,0.5194261484279962,0.48057385157200383
DEAP:S11:T35,DEAP:S11,T35,0,1.23,1,1,1,1,unexposed,baseline_relative,train,0.1,0.5689459274780575,0.4310540725219425
DEAP:S12:T01,DEAP:S12,T01,1,7.09,1,1,1,1,unexposed,baseline_relative,train,0.1,0.28502535957931896,0.714974640420681
DEAP:S12:T05,DEAP:S12,T05,0,4.01,1,1,1,1,unexposed,baseline_relative,train,0.1,0.6001436652739822,0.3998563347260178
DEAP:S12:T08,DEAP:S12,T08,1,5.1,1,1,1,1,unexposed,baseline_relative,train,0.1,0.41231148629074854,0.5876885137092515
DEAP:S12:T12,DEAP:S12,T12,1,6.86,1,1,1,1,unexposed,baseline_relative,train,0.1,0.4864724968414682,0.5135275031585318
DEAP:S12:T15,DEAP:S12,T15,1,7.08,1,1,1,1,unexposed,baseline_relative,train,0.1,0.5280343646965664,0.47196563530343366
DEAP:S12:T19,DEAP:S12,T19,1,7.03,1,1,1,1,unexposed,baseline_relative,train,0.1,0.4639657363433881,0.5360342636566119
DEAP:S12:T23,DEAP:S12,T23,0,1.74,1,1,1,1,unexposed,baseline_relative,train,0.1,0.5500315508327016,0.44996844916729845
DEAP:S12:T25,DEAP:S12,T25,0,2.78,1,1,1,1,unexposed,baseline_relative,train,0.1,0.4905225612950751,0.5094774387049249
DEAP:S12:T26,DEAP:S12,T26,1,6.08,1,1,1,1,unexposed,baseline_relative,train,0.1,0.33113362532165225,0.6688663746783478
DEAP:S12:T27,DEAP:S12,T27,1,5.05,1,1,1,1,unexposed,baseline_relative,train,0.1,0.12063086928626388,0.8793691307137361
DEAP:S12:T28,DEAP:S12,T28,1,5.04,1,1,1,1,unexposed,baseline_relative,train,0.1,0.5079827273594222,0.4920172726405778
DEAP:S12:T30,DEAP:S12,T30,0,3.36,1,1,1,1,unexposed,baseline_relative,train,0.1,0.4548569904441935,0.5451430095558065
DEAP:S12:T32,DEAP:S12,T32,0,1.86,1,1,1,1,unexposed,baseline_relative,train,0.1,0.3236966233158467,0.6763033766841533
DEAP:S12:T33,DEAP:S12,T33,0,1.9,1,1,1,1,unexposed,baseline_relative,train,0.1,0.4539196716913626,0.5460803283086374
DEAP:S12:T35,DEAP:S12,T35,0,1.22,1,1,1,1,unexposed,baseline_relative,train,0.1,0.5694880869945191,0.4305119130054809
DEAP:S13:T05,DEAP:S13,T05,1,5.01,1,1,1,1,unexposed,baseline_relative,train,0.1,0.728769640117428,0.27123035988257205
DEAP:S13:T08,DEAP:S13,T08,1,7.99,1,1,1,1,unexposed,baseline_relative,train,0.1,0.4253513189997118,0.5746486810002882
DEAP:S13:T12,DEAP:S13,T12,1,5.08,1,1,1,1,unexposed,baseline_relative,train,0.1,0.481135318584899,0.518864681415101
DEAP:S13:T15,DEAP:S13,T15,0,4.94,1,1,1,1,unexposed,baseline_relative,train,0.1,0.6331275108887268,0.36687248911127324
DEAP:S13:T19,DEAP:S13,T19,1,8.51,1,1,1,1,unexposed,baseline_relative,train,0.1,0.12621293489726004,0.87378706510274
DEAP:S13:T23,DEAP:S13,T23,0,1.0,1,1,1,1,unexposed,baseline_relative,train,0.1,0.837994126377486,0.16200587362251392
DEAP:S13:T25,DEAP:S13,T25,0,3.97,1,1,1,1,unexposed,baseline_relative,train,0.1,0.6883872372293001,0.3116127627706999
DEAP:S13:T26,DEAP:S13,T26,1,5.04,1,1,1,1,unexposed,baseline_relative,train,0.1,0.3450421202355135,0.6549578797644865
DEAP:S13:T27,DEAP:S13,T27,1,5.47,1,1,1,1,unexposed,baseline_relative,train,0.1,0.4881382333049551,0.5118617666950449
DEAP:S13:T29,DEAP:S13,T29,0,4.04,1,1,1,1,unexposed,baseline_relative,train,0.1,0.669301150374999,0.330698849625001
DEAP:S13:T30,DEAP:S13,T30,0,3.05,1,1,1,1,unexposed,baseline_relative,train,0.1,0.47948126836073357,0.5205187316392664
DEAP:S13:T32,DEAP:S13,T32,0,4.05,1,1,1,1,unexposed,baseline_relative,train,0.1,0.6146142797284763,0.38538572027152374
DEAP:S13:T33,DEAP:S13,T33,0,4.55,1,1,1,1,unexposed,baseline_relative,train,0.1,0.6871593011078321,0.31284069889216787
DEAP:S13:T35,DEAP:S13,T35,0,1.0,1,1,1,1,unexposed,baseline_relative,train,0.1,0.4709368274810938,0.5290631725189062
DEAP:S14:T01,DEAP:S14,T01,1,8.22,1,1,1,1,unexposed,baseline_relative,train,0.1,0.49145728359708385,0.5085427164029162
DEAP:S14:T05,DEAP:S14,T05,0,3.99,1,1,1,1,unexposed,baseline_relative,train,0.1,0.5751361505229473,0.4248638494770527
DEAP:S14:T08,DEAP:S14,T08,1,7.0,1,1,1,1,unexposed,baseline_relative,train,0.1,0.24251369951574742,0.7574863004842526
DEAP:S14:T12,DEAP:S14,T12,1,7.63,1,1,1,1,unexposed,baseline_relative,train,0.1,0.4792309678267064,0.5207690321732936
DEAP:S14:T15,DEAP:S14,T15,1,7.08,1,1,1,1,unexposed,baseline_relative,train,0.1,0.2636827607521042,0.7363172392478958
DEAP:S14:T19,DEAP:S14,T19,1,7.55,1,1,1,1,unexposed,baseline_relative,train,0.1,0.4113485656676876,0.5886514343323124
DEAP:S14:T23,DEAP:S14,T23,0,2.41,1,1,1,1,unexposed,baseline_relative,train,0.1,0.2861290867655194,0.7138709132344806
DEAP:S14:T25,DEAP:S14,T25,0,3.87,1,1,1,1,unexposed,baseline_relative,train,0.1,0.5513565676643071,0.4486434323356929
DEAP:S14:T27,DEAP:S14,T27,1,5.81,1,1,1,1,unexposed,baseline_relative,train,0.1,0.38719742778950017,0.6128025722104998
DEAP:S14:T28,DEAP:S14,T28,0,2.53,1,1,1,1,unexposed,baseline_relative,train,0.1,0.5761950699810827,0.42380493001891734
DEAP:S14:T29,DEAP:S14,T29,0,2.92,1,1,1,1,unexposed,baseline_relative,train,0.1,0.23715818744089778,0.7628418125591022
DEAP:S14:T30,DEAP:S14,T30,0,1.1,1,1,1,1,unexposed,baseline_relative,train,0.1,0.5815153844314718,0.4184846155685283
DEAP:S14:T32,DEAP:S14,T32,0,1.99,1,1,1,1,unexposed,baseline_relative,train,0.1,0.3247309866941349,0.6752690133058651
DEAP:S14:T35,DEAP:S14,T35,0,2.68,1,1,1,1,unexposed,baseline_relative,train,0.1,0.6925663107545545,0.3074336892454455
DEAP:S15:T01,DEAP:S15,T01,1,8.9,1,1,1,1,unexposed,baseline_relative,train,0.1,0.4308394644128253,0.5691605355871747
DEAP:S15:T05,DEAP:S15,T05,1,9.0,1,1,1,1,unexposed,baseline_relative,train,0.1,0.546952348723234,0.4530476512767661
DEAP:S15:T08,DEAP:S15,T08,1,9.0,1,1,1,1,unexposed,baseline_relative,train,0.1,0.7172239053077822,0.28277609469221776
DEAP:S15:T12,DEAP:S15,T12,1,7.08,1,1,1,1,unexposed,baseline_relative,train,0.1,0.24488124653789978,0.7551187534621002
DEAP:S15:T19,DEAP:S15,T19,1,7.04,1,1,1,1,unexposed,baseline_relative,train,0.1,0.10843935259523785,0.8915606474047622
DEAP:S15:T23,DEAP:S15,T23,0,3.05,1,1,1,1,unexposed,baseline_relative,train,0.1,0.5230813864193656,0.47691861358063437
DEAP:S15:T25,DEAP:S15,T25,0,2.96,1,1,1,1,unexposed,baseline_relative,train,0.1,0.7218939878215477,0.2781060121784523
DEAP:S15:T26,DEAP:S15,T26,0,4.96,1,1,1,1,unexposed,baseline_relative,train,0.1,0.48501913453552326,0.5149808654644767
DEAP:S15:T27,DEAP:S15,T27,1,6.0,1,1,1,1,unexposed,baseline_relative,train,0.1,0.5796775666438447,0.4203224333561553
DEAP:S15:T28,DEAP:S15,T28,0,4.01,1,1,1,1,unexposed,baseline_relative,train,0.1,0.34419839108622907,0.6558016089137709
DEAP:S15:T29,DEAP:S15,T29,0,4.05,1,1,1,1,unexposed,baseline_relative,train,0.1,0.671789242854034,0.328210757145966
DEAP:S15:T30,DEAP:S15,T30,0,2.04,1,1,1,1,unexposed,baseline_relative,train,0.1,0.9698823846448826,0.030117615355117387
DEAP:S15:T32,DEAP:S15,T32,0,3.97,1,1,1,1,unexposed,baseline_relative,train,0.1,0.6086870164037075,0.3913129835962926
DEAP:S15:T33,DEAP:S15,T33,0,3.01,1,1,1,1,unexposed,baseline_relative,train,0.1,0.4695866023032731,0.5304133976967269
DEAP:S15:T35,DEAP:S15,T35,1,5.05,1,1,1,1,unexposed,baseline_relative,train,0.1,0.6910664265323532,0.3089335734676469
DEAP:S16:T05,DEAP:S16,T05,1,5.51,1,1,1,1,unexposed,baseline_relative,train,0.1,0.30070405176196346,0.6992959482380365
DEAP:S16:T08,DEAP:S16,T08,0,3.51,1,1,1,1,unexposed,baseline_relative,train,0.1,0.6135639785441602,0.3864360214558398
DEAP:S16:T12,DEAP:S16,T12,1,5.97,1,1,1,1,unexposed,baseline_relative,train,0.1,0.655600024727768,0.34439997527223204
DEAP:S16:T15,DEAP:S16,T15,0,2.67,1,1,1,1,unexposed,baseline_relative,train,0.1,0.5741102911883581,0.4258897088116419
DEAP:S16:T19,DEAP:S16,T19,0,2.86,1,1,1,1,unexposed,baseline_relative,train,0.1,0.6449996602043659,0.355000339795634
DEAP:S16:T23,DEAP:S16,T23,0,3.9,1,1,1,1,unexposed,baseline_relative,train,0.1,0.3311001960922997,0.6688998039077003
DEAP:S16:T25,DEAP:S16,T25,0,2.47,1,1,1,1,unexposed,baseline_relative,train,0.1,0.8203028133482444,0.17969718665175557
DEAP:S16:T26,DEAP:S16,T26,0,1.82,1,1,1,1,unexposed,baseline_relative,train,0.1,0.7990706896948869,0.20092931030511305
DEAP:S16:T27,DEAP:S16,T27,0,2.59,1,1,1,1,unexposed,baseline_relative,train,0.1,0.7164204837431811,0.2835795162568188
DEAP:S16:T28,DEAP:S16,T28,0,2.85,1,1,1,1,unexposed,baseline_relative,train,0.1,0.6976299062868152,0.30237009371318485
DEAP:S16:T30,DEAP:S16,T30,1,6.1,1,1,1,1,unexposed,baseline_relative,train,0.1,0.4796253123295876,0.5203746876704124
DEAP:S16:T32,DEAP:S16,T32,1,5.01,1,1,1,1,unexposed,baseline_relative,train,0.1,0.41944974181493533,0.5805502581850647
DEAP:S16:T33,DEAP:S16,T33,0,1.0,1,1,1,1,unexposed,baseline_relative,train,0.1,0.8200824048056696,0.17991759519433032
DEAP:S16:T35,DEAP:S16,T35,0,1.0,1,1,1,1,unexposed,baseline_relative,train,0.1,0.6939437099151627,0.30605629008483726
DEAP:S17:T01,DEAP:S17,T01,0,4.05,1,1,1,1,unexposed,baseline_relative,train,0.1,0.6085599446087456,0.39144005539125437
DEAP:S17:T05,DEAP:S17,T05,1,7.05,1,1,1,1,unexposed,baseline_relative,train,0.1,0.7379417957103862,0.2620582042896138
DEAP:S17:T08,DEAP:S17,T08,1,6.05,1,1,1,1,unexposed,baseline_relative,train,0.1,0.08304543137046427,0.9169545686295357
DEAP:S17:T12,DEAP:S17,T12,1,5.96,1,1,1,1,unexposed,baseline_relative,train,0.1,0.4478119545587892,0.5521880454412108
DEAP:S17:T15,DEAP:S17,T15,1,5.96,1,1,1,1,unexposed,baseline_relative,train,0.1,0.3492186238003473,0.6507813761996527
DEAP:S17:T19,DEAP:S17,T19,1,7.27,1,1,1,1,unexposed,baseline_relative,train,0.1,0.4033633850241122,0.5966366149758878
DEAP:S17:T25,DEAP:S17,T25,1,6.18,1,1,1,1,unexposed,baseline_relative,train,0.1,0.4901233616954872,0.5098766383045128
DEAP:S17:T27,DEAP:S17,T27,0,3.96,1,1,1,1,unexposed,baseline_relative,train,0.1,0.6195233843419125,0.38047661565808755
DEAP:S17:T28,DEAP:S17,T28,1,5.64,1,1,1,1,unexposed,baseline_relative,train,0.1,0.14949813028487702,0.850501869715123
DEAP:S17:T29,DEAP:S17,T29,1,5.54,1,1,1,1,unexposed,baseline_relative,train,0.1,0.22842932758923518,0.7715706724107648
DEAP:S17:T30,DEAP:S17,T30,0,3.04,1,1,1,1,unexposed,baseline_relative,train,0.1,0.6162966091721458,0.38370339082785426
DEAP:S17:T32,DEAP:S17,T32,0,4.04,1,1,1,1,unexposed,baseline_relative,train,0.1,0.7763756695373726,0.22362433046262745
DEAP:S17:T33,DEAP:S17,T33,0,3.83,1,1,1,1,unexposed,baseline_relative,train,0.1,0.6169107335164503,0.38308926648354963
DEAP:S18:T01,DEAP:S18,T01,1,6.33,1,1,1,1,unexposed,baseline_relative,train,0.1,0.21315130589832065,0.7868486941016793
DEAP:S18:T05,DEAP:S18,T05,1,6.13,1,1,1,1,unexposed,baseline_relative,train,0.1,0.19339426139748173,0.8066057386025183
DEAP:S18:T12,DEAP:S18,T12,1,5.55,1,1,1,1,unexposed,baseline_relative,train,0.1,0.4637231619461972,0.5362768380538028
DEAP:S18:T15,DEAP:S18,T15,1,6.04,1,1,1,1,unexposed,baseline_relative,train,0.1,0.521153997795992,0.478846002204008
DEAP:S18:T19,DEAP:S18,T19,1,7.04,1,1,1,1,unexposed,baseline_relative,train,0.1,0.5291010523280499,0.47089894767195
DEAP:S18:T23,DEAP:S18,T23,0,3.71,1,1,1,1,unexposed,baseline_relative,train,0.1,0.7264837326921072,0.2735162673078928
DEAP:S18:T25,DEAP:S18,T25,0,4.23,1,1,1,1,unexposed,baseline_relative,train,0.1,0.643712369839353,0.35628763016064696
DEAP:S18:T26,DEAP:S18,T26,1,5.44,1,1,1,1,unexposed,baseline_relative,train,0.1,0.6494879748119988,0.3505120251880011
DEAP:S18:T27,DEAP:S18,T27,1,5.94,1,1,1,1,unexposed,baseline_relative,train,0.1,0.43743336065894733,0.5625666393410527
DEAP:S18:T28,DEAP:S18,T28,1,5.95,1,1,1,1,unexposed,baseline_relative,train,0.1,0.5975258707801987,0.40247412921980125
DEAP:S18:T29,DEAP:S18,T29,0,4.9,1,1,1,1,unexposed,baseline_relative,train,0.1,0.875052139565163,0.124947860434837
DEAP:S18:T30,DEAP:S18,T30,0,2.96,1,1,1,1,unexposed,baseline_relative,train,0.1,0.8233034850073776,0.17669651499262243
DEAP:S18:T32,DEAP:S18,T32,0,4.62,1,1,1,1,unexposed,baseline_relative,train,0.1,0.7025563272233355,0.29744367277666445
DEAP:S18:T33,DEAP:S18,T33,0,4.56,1,1,1,1,unexposed,baseline_relative,train,0.1,0.9490035651579092,0.050996434842090835
DEAP:S19:T01,DEAP:S19,T01,1,7.44,1,1,1,1,unexposed,baseline_relative,train,0.1,0.44713781846702305,0.552862181532977
DEAP:S19:T05,DEAP:S19,T05,1,7.79,1,1,1,1,unexposed,baseline_relative,train,0.1,0.3285588828498267,0.6714411171501733
DEAP:S19:T08,DEAP:S19,T08,1,7.44,1,1,1,1,unexposed,baseline_relative,train,0.1,0.33865816448493724,0.6613418355150628
DEAP:S19:T12,DEAP:S19,T12,1,6.26,1,1,1,1,unexposed,baseline_relative,train,0.1,0.18429050902326571,0.8157094909767343
DEAP:S19:T15,DEAP:S19,T15,1,5.68,1,1,1,1,unexposed,baseline_relative,train,0.1,0.4018345266546929,0.5981654733453071
DEAP:S19:T19,DEAP:S19,T19,1,7.65,1,1,1,1,unexposed,baseline_relative,train,0.1,0.38387823371535146,0.6161217662846485
DEAP:S19:T23,DEAP:S19,T23,0,3.77,1,1,1,1,unexposed,baseline_relative,train,0.1,0.5523130129421832,0.4476869870578169
DEAP:S19:T25,DEAP:S19,T25,0,2.19,1,1,1,1,unexposed,baseline_relative,train,0.1,0.5305961980691465,0.4694038019308535
DEAP:S19:T26,DEAP:S19,T26,0,4.95,1,1,1,1,unexposed,baseline_relative,train,0.1,0.5826262727643773,0.4173737272356227
DEAP:S19:T27,DEAP:S19,T27,0,4.97,1,1,1,1,unexposed,baseline_relative,train,0.1,0.652086479653126,0.3479135203468739
DEAP:S19:T28,DEAP:S19,T28,1,6.21,1,1,1,1,unexposed,baseline_relative,train,0.1,0.5367333689274973,0.4632666310725026
DEAP:S19:T29,DEAP:S19,T29,0,2.82,1,1,1,1,unexposed,baseline_relative,train,0.1,0.8022306083339836,0.1977693916660164
DEAP:S19:T30,DEAP:S19,T30,0,2.85,1,1,1,1,unexposed,baseline_relative,train,0.1,0.6144923676560321,0.38550763234396795
DEAP:S19:T35,DEAP:S19,T35,0,3.21,1,1,1,1,unexposed,baseline_relative,train,0.1,0.6516310750423927,0.3483689249576073
DEAP:S20:T01,DEAP:S20,T01,1,5.76,1,1,1,1,unexposed,baseline_relative,train,0.1,0.4209162509927842,0.5790837490072158
DEAP:S20:T05,DEAP:S20,T05,1,8.82,1,1,1,1,unexposed,baseline_relative,train,0.1,0.2626748943967986,0.7373251056032014
DEAP:S20:T08,DEAP:S20,T08,1,7.63,1,1,1,1,unexposed,baseline_relative,train,0.1,0.37827706389800264,0.6217229361019974
DEAP:S20:T12,DEAP:S20,T12,1,7.64,1,1,1,1,unexposed,baseline_relative,train,0.1,0.3078701490447697,0.6921298509552303
DEAP:S20:T15,DEAP:S20,T15,1,6.35,1,1,1,1,unexposed,baseline_relative,train,0.1,0.4530174688747761,0.5469825311252239
DEAP:S20:T19,DEAP:S20,T19,1,7.59,1,1,1,1,unexposed,baseline_relative,train,0.1,0.2157590942194162,0.7842409057805838
DEAP:S20:T23,DEAP:S20,T23,0,2.82,1,1,1,1,unexposed,baseline_relative,train,0.1,0.5222880062827185,0.47771199371728146
DEAP:S20:T25,DEAP:S20,T25,0,2.99,1,1,1,1,unexposed,baseline_relative,train,0.1,0.4508584483594841,0.5491415516405159
DEAP:S20:T27,DEAP:S20,T27,1,5.03,1,1,1,1,unexposed,baseline_relative,train,0.1,0.34654774028962754,0.6534522597103725
DEAP:S20:T28,DEAP:S20,T28,1,5.01,1,1,1,1,unexposed,baseline_relative,train,0.1,0.6327327185088909,0.36726728149110904
DEAP:S20:T29,DEAP:S20,T29,0,2.44,1,1,1,1,unexposed,baseline_relative,train,0.1,0.5034393482056689,0.496560651794331
DEAP:S20:T30,DEAP:S20,T30,0,3.49,1,1,1,1,unexposed,baseline_relative,train,0.1,0.5090447846356748,0.4909552153643252
DEAP:S20:T32,DEAP:S20,T32,1,6.28,1,1,1,1,unexposed,baseline_relative,train,0.1,0.22774089057432334,0.7722591094256767
DEAP:S20:T33,DEAP:S20,T33,0,4.64,1,1,1,1,unexposed,baseline_relative,train,0.1,0.513282827208722,0.486717172791278
DEAP:S20:T35,DEAP:S20,T35,0,4.35,1,1,1,1,unexposed,baseline_relative,train,0.1,0.5206132451877985,0.47938675481220144
DEAP:S23:T01,DEAP:S23,T01,1,7.71,1,1,1,1,unexposed,baseline_relative,train,0.1,0.46610301440072543,0.5338969855992746
DEAP:S23:T05,DEAP:S23,T05,1,6.94,1,1,1,1,unexposed,baseline_relative,train,0.1,0.5777900309866968,0.4222099690133032
DEAP:S23:T08,DEAP:S23,T08,1,7.23,1,1,1,1,unexposed,baseline_relative,train,0.1,0.6602888557585169,0.3397111442414831
DEAP:S23:T12,DEAP:S23,T12,1,7.0,1,1,1,1,unexposed,baseline_relative,train,0.1,0.50104507422153,0.49895492577846995
DEAP:S23:T15,DEAP:S23,T15,1,7.0,1,1,1,1,unexposed,baseline_relative,train,0.1,0.39546096383355256,0.6045390361664474
DEAP:S23:T19,DEAP:S23,T19,1,8.15,1,1,1,1,unexposed,baseline_relative,train,0.1,0.44687173011725134,0.5531282698827487
DEAP:S23:T23,DEAP:S23,T23,0,4.17,1,1,1,1,unexposed,baseline_relative,train,0.1,0.5315861822342163,0.4684138177657838
DEAP:S23:T25,DEAP:S23,T25,0,4.97,1,1,1,1,unexposed,baseline_relative,train,0.1,0.4447367116099402,0.5552632883900598
DEAP:S23:T26,DEAP:S23,T26,1,8.27,1,1,1,1,unexposed,baseline_relative,train,0.1,0.4995708758018088,0.5004291241981912
DEAP:S23:T27,DEAP:S23,T27,1,5.06,1,1,1,1,unexposed,baseline_relative,train,0.1,0.1416088347210045,0.8583911652789955
DEAP:S23:T28,DEAP:S23,T28,1,5.04,1,1,1,1,unexposed,baseline_relative,train,0.1,0.45548368513498294,0.5445163148650171
DEAP:S23:T29,DEAP:S23,T29,0,3.72,1,1,1,1,unexposed,baseline_relative,train,0.1,0.6716153816107107,0.3283846183892894
DEAP:S23:T30,DEAP:S23,T30,0,3.88,1,1,1,1,unexposed,baseline_relative,train,0.1,0.47856650975935733,0.5214334902406427
DEAP:S23:T32,DEAP:S23,T32,1,7.97,1,1,1,1,unexposed,baseline_relative,train,0.1,0.22574523760199072,0.7742547623980093
DEAP:S23:T33,DEAP:S23,T33,1,5.04,1,1,1,1,unexposed,baseline_relative,train,0.1,0.32731781743370236,0.6726821825662976
DEAP:S24:T05,DEAP:S24,T05,1,7.06,1,1,1,1,unexposed,baseline_relative,train,0.1,0.29308000982111926,0.7069199901788807
DEAP:S24:T08,DEAP:S24,T08,1,7.03,1,1,1,1,unexposed,baseline_relative,train,0.1,0.571893996095987,0.42810600390401304
DEAP:S24:T12,DEAP:S24,T12,1,7.04,1,1,1,1,unexposed,baseline_relative,train,0.1,0.11480495459150375,0.8851950454084963
DEAP:S24:T15,DEAP:S24,T15,1,6.0,1,1,1,1,unexposed,baseline_relative,train,0.1,0.5830611544657659,0.4169388455342341
DEAP:S24:T19,DEAP:S24,T19,1,7.03,1,1,1,1,unexposed,baseline_relative,train,0.1,0.2663459119705339,0.7336540880294661
DEAP:S24:T23,DEAP:S24,T23,0,1.0,1,1,1,1,unexposed,baseline_relative,train,0.1,0.594941343865665,0.405058656134335
DEAP:S24:T25,DEAP:S24,T25,0,3.12,1,1,1,1,unexposed,baseline_relative,train,0.1,0.7164134435891146,0.28358655641088537
DEAP:S24:T26,DEAP:S24,T26,0,4.05,1,1,1,1,unexposed,baseline_relative,train,0.1,0.7484187059893763,0.2515812940106237
DEAP:S24:T27,DEAP:S24,T27,1,6.08,1,1,1,1,unexposed,baseline_relative,train,0.1,0.5760330366333852,0.4239669633666147
DEAP:S24:T28,DEAP:S24,T28,0,4.03,1,1,1,1,unexposed,baseline_relative,train,0.1,0.800275087065892,0.19972491293410802
DEAP:S24:T29,DEAP:S24,T29,0,3.97,1,1,1,1,unexposed,baseline_relative,train,0.1,0.7587456651243454,0.24125433487565465
DEAP:S24:T30,DEAP:S24,T30,0,1.0,1,1,1,1,unexposed,baseline_relative,train,0.1,0.7846196177800386,0.21538038221996134
DEAP:S24:T32,DEAP:S24,T32,0,3.0,1,1,1,1,unexposed,baseline_relative,train,0.1,0.6984420237913913,0.30155797620860864
DEAP:S24:T33,DEAP:S24,T33,1,5.01,1,1,1,1,unexposed,baseline_relative,train,0.1,0.47866332536533596,0.521336674634664
DEAP:S24:T35,DEAP:S24,T35,0,4.05,1,1,1,1,unexposed,baseline_relative,train,0.1,0.877130002737343,0.12286999726265704
DEAP:S25:T01,DEAP:S25,T01,1,8.06,1,1,1,1,unexposed,baseline_relative,train,0.1,0.5578448825893225,0.4421551174106775
DEAP:S25:T05,DEAP:S25,T05,1,5.04,1,1,1,1,unexposed,baseline_relative,train,0.1,0.39969657046565477,0.6003034295343452
DEAP:S25:T08,DEAP:S25,T08,1,8.04,1,1,1,1,unexposed,baseline_relative,train,0.1,0.32631148923427444,0.6736885107657256
DEAP:S25:T12,DEAP:S25,T12,1,8.04,1,1,1,1,unexposed,baseline_relative,train,0.1,0.5052073671217305,0.4947926328782694
DEAP:S25:T15,DEAP:S25,T15,1,7.01,1,1,1,1,unexposed,baseline_relative,train,0.1,0.6049137458726258,0.3950862541273742
DEAP:S25:T19,DEAP:S25,T19,1,7.06,1,1,1,1,unexposed,baseline_relative,train,0.1,0.5059727731296191,0.49402722687038086
DEAP:S25:T23,DEAP:S25,T23,0,2.01,1,1,1,1,unexposed,baseline_relative,train,0.1,0.7769513949955751,0.22304860500442494
DEAP:S25:T25,DEAP:S25,T25,0,4.96,1,1,1,1,unexposed,baseline_relative,train,0.1,0.5064951044126813,0.49350489558731864
DEAP:S25:T27,DEAP:S25,T27,1,5.03,1,1,1,1,unexposed,baseline_relative,train,0.1,0.4232937003257353,0.5767062996742647
DEAP:S25:T28,DEAP:S25,T28,1,5.01,1,1,1,1,unexposed,baseline_relative,train,0.1,0.4248287397913083,0.5751712602086917
DEAP:S25:T29,DEAP:S25,T29,0,1.0,1,1,1,1,unexposed,baseline_relative,train,0.1,0.5525282560237721,0.4474717439762279
DEAP:S25:T30,DEAP:S25,T30,0,4.03,1,1,1,1,unexposed,baseline_relative,train,0.1,0.4066959692230494,0.5933040307769506
DEAP:S25:T32,DEAP:S25,T32,0,1.0,1,1,1,1,unexposed,baseline_relative,train,0.1,0.6265633086046637,0.3734366913953363
DEAP:S25:T33,DEAP:S25,T33,0,1.94,1,1,1,1,unexposed,baseline_relative,train,0.1,0.7087371945632495,0.2912628054367505
DEAP:S25:T35,DEAP:S25,T35,0,3.03,1,1,1,1,unexposed,baseline_relative,train,0.1,0.7330895333049336,0.26691046669506635
DEAP:S26:T01,DEAP:S26,T01,1,7.97,1,1,1,1,unexposed,baseline_relative,train,0.1,0.7802121396175096,0.21978786038249046
DEAP:S26:T05,DEAP:S26,T05,0,4.0,1,1,1,1,unexposed,baseline_relative,train,0.1,0.5356104227528741,0.46438957724712593
DEAP:S26:T08,DEAP:S26,T08,1,8.01,1,1,1,1,unexposed,baseline_relative,train,0.1,0.5993325489206249,0.40066745107937507
DEAP:S26:T12,DEAP:S26,T12,1,7.04,1,1,1,1,unexposed,baseline_relative,train,0.1,0.199951580259203,0.800048419740797
DEAP:S26:T15,DEAP:S26,T15,1,7.01,1,1,1,1,unexposed,baseline_relative,train,0.1,0.1672601938553555,0.8327398061446445
DEAP:S26:T19,DEAP:S26,T19,1,8.0,1,1,1,1,unexposed,baseline_relative,train,0.1,0.5545288663267093,0.4454711336732907
DEAP:S26:T23,DEAP:S26,T23,0,2.28,1,1,1,1,unexposed,baseline_relative,train,0.1,0.6584659263458092,0.34153407365419075
DEAP:S26:T26,DEAP:S26,T26,1,5.05,1,1,1,1,unexposed,baseline_relative,train,0.1,0.4174332580363873,0.5825667419636127
DEAP:S26:T27,DEAP:S26,T27,1,6.0,1,1,1,1,unexposed,baseline_relative,train,0.1,0.4554523348123608,0.5445476651876392
DEAP:S26:T28,DEAP:S26,T28,1,5.97,1,1,1,1,unexposed,baseline_relative,train,0.1,0.44575876453375296,0.554241235466247
DEAP:S26:T29,DEAP:S26,T29,1,6.09,1,1,1,1,unexposed,baseline_relative,train,0.1,0.2918653365224043,0.7081346634775957
DEAP:S26:T30,DEAP:S26,T30,0,4.95,1,1,1,1,unexposed,baseline_relative,train,0.1,0.7014250507468935,0.29857494925310646
DEAP:S26:T32,DEAP:S26,T32,0,1.96,1,1,1,1,unexposed,baseline_relative,train,0.1,0.6070682663737079,0.39293173362629213
DEAP:S26:T33,DEAP:S26,T33,0,1.0,1,1,1,1,unexposed,baseline_relative,train,0.1,0.5739584466351386,0.4260415533648614
DEAP:S26:T35,DEAP:S26,T35,0,2.97,1,1,1,1,unexposed,baseline_relative,train,0.1,0.33711188589691665,0.6628881141030833
DEAP:S27:T01,DEAP:S27,T01,1,6.03,1,1,1,1,unexposed,baseline_relative,train,0.1,0.18455180537987392,0.8154481946201261
DEAP:S27:T05,DEAP:S27,T05,0,4.97,1,1,1,1,unexposed,baseline_relative,train,0.1,0.6175034038221466,0.38249659617785337
DEAP:S27:T08,DEAP:S27,T08,1,8.24,1,1,1,1,unexposed,baseline_relative,train,0.1,0.40215049693615346,0.5978495030638465
DEAP:S27:T15,DEAP:S27,T15,1,5.04,1,1,1,1,unexposed,baseline_relative,train,0.1,0.18331134660689175,0.8166886533931083
DEAP:S27:T19,DEAP:S27,T19,1,5.06,1,1,1,1,unexposed,baseline_relative,train,0.1,0.3738079926311815,0.6261920073688185
DEAP:S27:T23,DEAP:S27,T23,1,8.0,1,1,1,1,unexposed,baseline_relative,train,0.1,0.19788723476897596,0.802112765231024
DEAP:S27:T25,DEAP:S27,T25,0,4.0,1,1,1,1,unexposed,baseline_relative,train,0.1,0.3126629827822721,0.6873370172177279
DEAP:S27:T26,DEAP:S27,T26,1,5.04,1,1,1,1,unexposed,baseline_relative,train,0.1,0.2707733323214133,0.7292266676785867
DEAP:S27:T27,DEAP:S27,T27,0,4.97,1,1,1,1,unexposed,baseline_relative,train,0.1,0.40793440486542076,0.5920655951345792
DEAP:S27:T28,DEAP:S27,T28,1,5.04,1,1,1,1,unexposed,baseline_relative,train,0.1,0.3422369481242422,0.6577630518757578
DEAP:S27:T29,DEAP:S27,T29,1,7.18,1,1,1,1,unexposed,baseline_relative,train,0.1,0.5022664044481149,0.4977335955518851
DEAP:S27:T30,DEAP:S27,T30,1,7.08,1,1,1,1,unexposed,baseline_relative,train,0.1,0.6059161592616835,0.3940838407383165
DEAP:S27:T32,DEAP:S27,T32,1,5.04,1,1,1,1,unexposed,baseline_relative,train,0.1,0.2034645200844869,0.7965354799155131
DEAP:S27:T33,DEAP:S27,T33,1,5.04,1,1,1,1,unexposed,baseline_relative,train,0.1,0.3664549621631392,0.6335450378368608
DEAP:S27:T35,DEAP:S27,T35,0,1.0,1,1,1,1,unexposed,baseline_relative,train,0.1,0.3119699421446722,0.6880300578553278
DEAP:S28:T01,DEAP:S28,T01,1,7.03,1,1,1,1,unexposed,baseline_relative,train,0.1,0.31288536655878296,0.687114633441217
DEAP:S28:T05,DEAP:S28,T05,1,7.04,1,1,1,1,unexposed,baseline_relative,train,0.1,0.23362912124092583,0.7663708787590742
DEAP:S28:T08,DEAP:S28,T08,1,7.01,1,1,1,1,unexposed,baseline_relative,train,0.1,0.311883930962069,0.688116069037931
DEAP:S28:T12,DEAP:S28,T12,1,6.06,1,1,1,1,unexposed,baseline_relative,train,0.1,0.27919606522516804,0.720803934774832
DEAP:S28:T15,DEAP:S28,T15,1,5.04,1,1,1,1,unexposed,baseline_relative,train,0.1,0.3537683571243536,0.6462316428756464
DEAP:S28:T19,DEAP:S28,T19,1,7.03,1,1,1,1,unexposed,baseline_relative,train,0.1,0.19225921373489907,0.8077407862651009
DEAP:S28:T25,DEAP:S28,T25,0,4.06,1,1,1,1,unexposed,baseline_relative,train,0.1,0.5030957015348065,0.4969042984651935
DEAP:S28:T27,DEAP:S28,T27,1,6.08,1,1,1,1,unexposed,baseline_relative,train,0.1,0.43331836819609704,0.566681631803903
DEAP:S28:T28,DEAP:S28,T28,0,2.9,1,1,1,1,unexposed,baseline_relative,train,0.1,0.5249839562137855,0.4750160437862145
DEAP:S28:T29,DEAP:S28,T29,0,2.06,1,1,1,1,unexposed,baseline_relative,train,0.1,0.45372121604200877,0.5462787839579912
DEAP:S28:T32,DEAP:S28,T32,0,3.05,1,1,1,1,unexposed,baseline_relative,train,0.1,0.4827833928329478,0.5172166071670522
DEAP:S28:T33,DEAP:S28,T33,1,7.01,1,1,1,1,unexposed,baseline_relative,train,0.1,0.49954191877960097,0.500458081220399
DEAP:S28:T35,DEAP:S28,T35,0,1.08,1,1,1,1,unexposed,baseline_relative,train,0.1,0.565856582951838,0.43414341704816195
DEAP:S29:T01,DEAP:S29,T01,1,6.06,1,1,1,1,unexposed,baseline_relative,train,0.1,0.20178618776024215,0.7982138122397578
DEAP:S29:T05,DEAP:S29,T05,1,6.05,1,1,1,1,unexposed,baseline_relative,train,0.1,0.3285997010966625,0.6714002989033375
DEAP:S29:T08,DEAP:S29,T08,1,7.04,1,1,1,1,unexposed,baseline_relative,train,0.1,0.220047956399682,0.779952043600318
DEAP:S29:T12,DEAP:S29,T12,1,6.04,1,1,1,1,unexposed,baseline_relative,train,0.1,0.4541316150576473,0.5458683849423527
DEAP:S29:T19,DEAP:S29,T19,1,7.05,1,1,1,1,unexposed,baseline_relative,train,0.1,0.6386477131635181,0.3613522868364819
DEAP:S29:T23,DEAP:S29,T23,0,2.05,1,1,1,1,unexposed,baseline_relative,train,0.1,0.6161607670649638,0.38383923293503613
DEAP:S29:T25,DEAP:S29,T25,0,3.03,1,1,1,1,unexposed,baseline_relative,train,0.1,0.5367638181128125,0.46323618188718746
DEAP:S29:T26,DEAP:S29,T26,0,3.0,1,1,1,1,unexposed,baseline_relative,train,0.1,0.6526006200711747,0.3473993799288253
DEAP:S29:T27,DEAP:S29,T27,1,7.09,1,1,1,1,unexposed,baseline_relative,train,0.1,0.5430971688875245,0.45690283111247554
DEAP:S29:T28,DEAP:S29,T28,0,1.04,1,1,1,1,unexposed,baseline_relative,train,0.1,0.6232453220089765,0.37675467799102347
DEAP:S29:T29,DEAP:S29,T29,0,3.97,1,1,1,1,unexposed,baseline_relative,train,0.1,0.7870116830968774,0.21298831690312264
DEAP:S29:T30,DEAP:S29,T30,0,2.95,1,1,1,1,unexposed,baseline_relative,train,0.1,0.8746874821611699,0.12531251783883018
DEAP:S29:T33,DEAP:S29,T33,0,1.99,1,1,1,1,unexposed,baseline_relative,train,0.1,0.5829788527507134,0.41702114724928663
DEAP:S29:T35,DEAP:S29,T35,0,1.92,1,1,1,1,unexposed,baseline_relative,train,0.1,0.6345123929386319,0.36548760706136807
DEAP:S31:T01,DEAP:S31,T01,1,6.79,1,1,1,1,unexposed,baseline_relative,train,0.1,0.5616616664355316,0.43833833356446844
DEAP:S31:T05,DEAP:S31,T05,1,6.22,1,1,1,1,unexposed,baseline_relative,train,0.1,0.22122450828981144,0.7787754917101886
DEAP:S31:T08,DEAP:S31,T08,1,6.03,1,1,1,1,unexposed,baseline_relative,train,0.1,0.15269893602529738,0.8473010639747026
DEAP:S31:T12,DEAP:S31,T12,1,7.14,1,1,1,1,unexposed,baseline_relative,train,0.1,0.4509569890784625,0.5490430109215375
DEAP:S31:T15,DEAP:S31,T15,1,6.05,1,1,1,1,unexposed,baseline_relative,train,0.1,0.47361271225244383,0.5263872877475562
DEAP:S31:T23,DEAP:S31,T23,0,1.0,1,1,1,1,unexposed,baseline_relative,train,0.1,0.6225221991217844,0.37747780087821564
DEAP:S31:T25,DEAP:S31,T25,1,6.14,1,1,1,1,unexposed,baseline_relative,train,0.1,0.45797126947930067,0.5420287305206993
DEAP:S31:T26,DEAP:S31,T26,1,7.08,1,1,1,1,unexposed,baseline_relative,train,0.1,0.3637686088778209,0.6362313911221791
DEAP:S31:T29,DEAP:S31,T29,1,5.09,1,1,1,1,unexposed,baseline_relative,train,0.1,0.20156223632533887,0.7984377636746611
DEAP:S31:T30,DEAP:S31,T30,0,3.13,1,1,1,1,unexposed,baseline_relative,train,0.1,0.52307072725822,0.47692927274177993
DEAP:S31:T32,DEAP:S31,T32,0,1.0,1,1,1,1,unexposed,baseline_relative,train,0.1,0.8936812064477835,0.10631879355221648
DEAP:S31:T33,DEAP:S31,T33,0,4.18,1,1,1,1,unexposed,baseline_relative,train,0.1,0.5446096349707782,0.4553903650292218
DEAP:S31:T35,DEAP:S31,T35,0,4.03,1,1,1,1,unexposed,baseline_relative,train,0.1,0.3980244352379627,0.6019755647620373
DEAP:S32:T01,DEAP:S32,T01,1,8.13,1,1,1,1,unexposed,baseline_relative,train,0.1,0.29507172417570604,0.704928275824294
DEAP:S32:T05,DEAP:S32,T05,1,7.15,1,1,1,1,unexposed,baseline_relative,train,0.1,0.3141905287943262,0.6858094712056738
DEAP:S32:T08,DEAP:S32,T08,1,7.96,1,1,1,1,unexposed,baseline_relative,train,0.1,0.4530537396499147,0.5469462603500853
DEAP:S32:T12,DEAP:S32,T12,1,7.31,1,1,1,1,unexposed,baseline_relative,train,0.1,0.5399893474974025,0.4600106525025975
DEAP:S32:T15,DEAP:S32,T15,1,5.01,1,1,1,1,unexposed,baseline_relative,train,0.1,0.3526134004089082,0.6473865995910918
DEAP:S32:T19,DEAP:S32,T19,1,8.24,1,1,1,1,unexposed,baseline_relative,train,0.1,0.40940896039557617,0.5905910396044238
DEAP:S32:T23,DEAP:S32,T23,0,3.01,1,1,1,1,unexposed,baseline_relative,train,0.1,0.5285691232518575,0.4714308767481426
DEAP:S32:T25,DEAP:S32,T25,0,4.01,1,1,1,1,unexposed,baseline_relative,train,0.1,0.5673937171826522,0.4326062828173478
DEAP:S32:T26,DEAP:S32,T26,1,5.14,1,1,1,1,unexposed,baseline_relative,train,0.1,0.6166060670497457,0.3833939329502542
DEAP:S32:T27,DEAP:S32,T27,1,6.0,1,1,1,1,unexposed,baseline_relative,train,0.1,0.2426577104803339,0.7573422895196661
DEAP:S32:T28,DEAP:S32,T28,1,6.03,1,1,1,1,unexposed,baseline_relative,train,0.1,0.5428695388450515,0.45713046115494843
DEAP:S32:T29,DEAP:S32,T29,0,4.09,1,1,1,1,unexposed,baseline_relative,train,0.1,0.42057069466694974,0.5794293053330503
DEAP:S32:T30,DEAP:S32,T30,0,1.0,1,1,1,1,unexposed,baseline_relative,train,0.1,0.4845484553547925,0.5154515446452075
DEAP:S32:T32,DEAP:S32,T32,0,3.87,1,1,1,1,unexposed,baseline_relative,train,0.1,0.36199804613676656,0.6380019538632334
DEAP:S32:T33,DEAP:S32,T33,0,4.06,1,1,1,1,unexposed,baseline_relative,train,0.1,0.6707131534377092,0.3292868465622908
DEAP:S32:T35,DEAP:S32,T35,0,3.88,1,1,1,1,unexposed,baseline_relative,train,0.1,0.6076863141288151,0.3923136858711849
DEAP:S07:T04,DEAP:S07,T04,1,7.08,1,1,1,1,unexposed,baseline_relative,validation_unseen,0.1,0.3199858917979449,0.6800141082020551
DEAP:S07:T07,DEAP:S07,T07,1,7.08,1,1,1,1,unexposed,baseline_relative,validation_unseen,0.1,0.7253534136563877,0.27464658634361233
DEAP:S07:T09,DEAP:S07,T09,1,6.99,1,1,1,1,unexposed,baseline_relative,validation_unseen,0.1,0.7180926258745741,0.2819073741254258
DEAP:S07:T13,DEAP:S07,T13,1,8.0,1,1,1,1,unexposed,baseline_relative,validation_unseen,0.1,0.6912663004585204,0.3087336995414795
DEAP:S07:T18,DEAP:S07,T18,1,7.03,1,1,1,1,unexposed,baseline_relative,validation_unseen,0.1,0.329451550888475,0.670548449111525
DEAP:S07:T22,DEAP:S07,T22,0,3.05,1,1,1,1,unexposed,baseline_relative,validation_unseen,0.1,0.8149764558990071,0.1850235441009928
DEAP:S07:T24,DEAP:S07,T24,0,1.97,1,1,1,1,unexposed,baseline_relative,validation_unseen,0.1,0.5080648429707921,0.49193515702920787
DEAP:S07:T36,DEAP:S07,T36,1,8.1,1,1,1,1,unexposed,baseline_relative,validation_unseen,0.1,0.6206879873641045,0.3793120126358955
DEAP:S08:T04,DEAP:S08,T04,1,6.82,1,1,1,1,unexposed,baseline_relative,validation_unseen,0.1,0.36152506978480525,0.6384749302151947
DEAP:S08:T07,DEAP:S08,T07,1,5.04,1,1,1,1,unexposed,baseline_relative,validation_unseen,0.1,0.7657670182222982,0.23423298177770185
DEAP:S08:T09,DEAP:S08,T09,1,8.78,1,1,1,1,unexposed,baseline_relative,validation_unseen,0.1,0.3976667569931618,0.6023332430068382
DEAP:S08:T13,DEAP:S08,T13,1,7.9,1,1,1,1,unexposed,baseline_relative,validation_unseen,0.1,0.1586485350605068,0.8413514649394932
DEAP:S08:T18,DEAP:S08,T18,1,7.21,1,1,1,1,unexposed,baseline_relative,validation_unseen,0.1,0.2009201549391828,0.7990798450608172
DEAP:S08:T22,DEAP:S08,T22,0,4.23,1,1,1,1,unexposed,baseline_relative,validation_unseen,0.1,0.6442673627915112,0.35573263720848874
DEAP:S08:T24,DEAP:S08,T24,0,4.15,1,1,1,1,unexposed,baseline_relative,validation_unseen,0.1,0.7418168840200108,0.2581831159799893
DEAP:S08:T36,DEAP:S08,T36,0,1.21,1,1,1,1,unexposed,baseline_relative,validation_unseen,0.1,0.13543885344504958,0.8645611465549504
DEAP:S10:T04,DEAP:S10,T04,1,7.01,1,1,1,1,unexposed,baseline_relative,validation_unseen,0.1,0.910030819344717,0.08996918065528305
DEAP:S10:T07,DEAP:S10,T07,1,8.96,1,1,1,1,unexposed,baseline_relative,validation_unseen,0.1,0.8946316132350846,0.1053683867649154
DEAP:S10:T09,DEAP:S10,T09,1,7.56,1,1,1,1,unexposed,baseline_relative,validation_unseen,0.1,0.9380391279827118,0.061960872017288116
DEAP:S10:T13,DEAP:S10,T13,1,6.72,1,1,1,1,unexposed,baseline_relative,validation_unseen,0.1,0.9279950504286575,0.07200494957134254
DEAP:S10:T18,DEAP:S10,T18,1,7.31,1,1,1,1,unexposed,baseline_relative,validation_unseen,0.1,0.8358357853986402,0.16416421460135974
DEAP:S10:T22,DEAP:S10,T22,0,4.24,1,1,1,1,unexposed,baseline_relative,validation_unseen,0.1,0.7259105593196737,0.27408944068032626
DEAP:S10:T24,DEAP:S10,T24,1,6.82,1,1,1,1,unexposed,baseline_relative,validation_unseen,0.1,0.9020983003291619,0.0979016996708381
DEAP:S10:T36,DEAP:S10,T36,0,2.17,1,1,1,1,unexposed,baseline_relative,validation_unseen,0.1,0.9025804436555449,0.09741955634445507
DEAP:S30:T04,DEAP:S30,T04,1,7.04,1,1,1,1,unexposed,baseline_relative,validation_unseen,0.1,0.33156734149586564,0.6684326585041344
DEAP:S30:T07,DEAP:S30,T07,0,4.05,1,1,1,1,unexposed,baseline_relative,validation_unseen,0.1,0.36802200235295723,0.6319779976470428
DEAP:S30:T09,DEAP:S30,T09,1,7.08,1,1,1,1,unexposed,baseline_relative,validation_unseen,0.1,0.5219550865719217,0.4780449134280783
DEAP:S30:T13,DEAP:S30,T13,0,4.04,1,1,1,1,unexposed,baseline_relative,validation_unseen,0.1,0.47757169136254773,0.5224283086374523
DEAP:S30:T18,DEAP:S30,T18,1,7.05,1,1,1,1,unexposed,baseline_relative,validation_unseen,0.1,0.549971331538716,0.450028668461284
DEAP:S30:T22,DEAP:S30,T22,0,4.05,1,1,1,1,unexposed,baseline_relative,validation_unseen,0.1,0.5951273296286461,0.40487267037135394
DEAP:S30:T24,DEAP:S30,T24,1,5.99,1,1,1,1,unexposed,baseline_relative,validation_unseen,0.1,0.7258218701095247,0.2741781298904753
DEAP:S30:T36,DEAP:S30,T36,0,4.03,1,1,1,1,unexposed,baseline_relative,validation_unseen,0.1,0.47731104854633943,0.5226889514536606
DEAP:S07:T01,DEAP:S07,T01,1,8.1,1,1,1,1,unexposed,baseline_relative,validation_familiar,0.1,0.581189572979544,0.41881042702045607
DEAP:S07:T05,DEAP:S07,T05,1,7.05,1,1,1,1,unexposed,baseline_relative,validation_familiar,0.1,0.26799540422198176,0.7320045957780182
DEAP:S07:T08,DEAP:S07,T08,1,7.0,1,1,1,1,unexposed,baseline_relative,validation_familiar,0.1,0.5699793790091392,0.43002062099086086
DEAP:S07:T12,DEAP:S07,T12,1,6.99,1,1,1,1,unexposed,baseline_relative,validation_familiar,0.1,0.4091457828550785,0.5908542171449215
DEAP:S07:T15,DEAP:S07,T15,1,7.99,1,1,1,1,unexposed,baseline_relative,validation_familiar,0.1,0.830039336037709,0.16996066396229106
DEAP:S07:T19,DEAP:S07,T19,1,6.99,1,1,1,1,unexposed,baseline_relative,validation_familiar,0.1,0.745342755216388,0.2546572447836119
DEAP:S07:T23,DEAP:S07,T23,0,3.01,1,1,1,1,unexposed,baseline_relative,validation_familiar,0.1,0.40665689377513003,0.59334310622487
DEAP:S07:T25,DEAP:S07,T25,0,2.99,1,1,1,1,unexposed,baseline_relative,validation_familiar,0.1,0.6170033921197619,0.38299660788023815
DEAP:S07:T26,DEAP:S07,T26,0,2.0,1,1,1,1,unexposed,baseline_relative,validation_familiar,0.1,0.7350745961572727,0.26492540384272734
DEAP:S07:T27,DEAP:S07,T27,1,6.09,1,1,1,1,unexposed,baseline_relative,validation_familiar,0.1,0.5912455675271409,0.40875443247285914
DEAP:S07:T28,DEAP:S07,T28,0,2.05,1,1,1,1,unexposed,baseline_relative,validation_familiar,0.1,0.6677840786232572,0.33221592137674283
DEAP:S07:T29,DEAP:S07,T29,1,7.09,1,1,1,1,unexposed,baseline_relative,validation_familiar,0.1,0.9419428175981664,0.05805718240183359
DEAP:S07:T30,DEAP:S07,T30,0,3.09,1,1,1,1,unexposed,baseline_relative,validation_familiar,0.1,0.6350042861034254,0.3649957138965746
DEAP:S07:T32,DEAP:S07,T32,0,4.96,1,1,1,1,unexposed,baseline_relative,validation_familiar,0.1,0.7835464307096117,0.21645356929038825
DEAP:S07:T33,DEAP:S07,T33,0,4.97,1,1,1,1,unexposed,baseline_relative,validation_familiar,0.1,0.7069301192620572,0.2930698807379428
DEAP:S07:T35,DEAP:S07,T35,1,5.01,1,1,1,1,unexposed,baseline_relative,validation_familiar,0.1,0.797698445668527,0.20230155433147304
DEAP:S08:T01,DEAP:S08,T01,1,7.6,1,1,1,1,unexposed,baseline_relative,validation_familiar,0.1,0.5218961448705259,0.4781038551294741
DEAP:S08:T05,DEAP:S08,T05,0,4.41,1,1,1,1,unexposed,baseline_relative,validation_familiar,0.1,0.4157381234851486,0.5842618765148514
DEAP:S08:T08,DEAP:S08,T08,1,8.82,1,1,1,1,unexposed,baseline_relative,validation_familiar,0.1,0.5623209393797083,0.4376790606202917
DEAP:S08:T12,DEAP:S08,T12,1,8.47,1,1,1,1,unexposed,baseline_relative,validation_familiar,0.1,0.17719122286958278,0.8228087771304172
DEAP:S08:T15,DEAP:S08,T15,1,8.33,1,1,1,1,unexposed,baseline_relative,validation_familiar,0.1,0.5316564053940451,0.4683435946059549
DEAP:S08:T19,DEAP:S08,T19,1,5.04,1,1,1,1,unexposed,baseline_relative,validation_familiar,0.1,0.6586378016850184,0.3413621983149816
DEAP:S08:T23,DEAP:S08,T23,0,3.59,1,1,1,1,unexposed,baseline_relative,validation_familiar,0.1,0.8262960716625481,0.17370392833745182
DEAP:S08:T25,DEAP:S08,T25,0,3.72,1,1,1,1,unexposed,baseline_relative,validation_familiar,0.1,0.6376778749278615,0.36232212507213846
DEAP:S08:T26,DEAP:S08,T26,0,4.99,1,1,1,1,unexposed,baseline_relative,validation_familiar,0.1,0.7778764975041628,0.2221235024958372
DEAP:S08:T27,DEAP:S08,T27,0,4.46,1,1,1,1,unexposed,baseline_relative,validation_familiar,0.1,0.27014080553754993,0.7298591944624501
DEAP:S08:T28,DEAP:S08,T28,1,5.04,1,1,1,1,unexposed,baseline_relative,validation_familiar,0.1,0.7522699928027228,0.24773000719727728
DEAP:S08:T29,DEAP:S08,T29,0,2.78,1,1,1,1,unexposed,baseline_relative,validation_familiar,0.1,0.4192920385739468,0.5807079614260532
DEAP:S08:T30,DEAP:S08,T30,0,1.4,1,1,1,1,unexposed,baseline_relative,validation_familiar,0.1,0.3030159798630052,0.6969840201369948
DEAP:S08:T32,DEAP:S08,T32,1,6.33,1,1,1,1,unexposed,baseline_relative,validation_familiar,0.1,0.5398262524031896,0.46017374759681035
DEAP:S08:T33,DEAP:S08,T33,0,4.44,1,1,1,1,unexposed,baseline_relative,validation_familiar,0.1,0.3028714209900898,0.6971285790099102
DEAP:S08:T35,DEAP:S08,T35,0,3.62,1,1,1,1,unexposed,baseline_relative,validation_familiar,0.1,0.27841783574767043,0.7215821642523296
DEAP:S10:T01,DEAP:S10,T01,1,7.91,1,1,1,1,unexposed,baseline_relative,validation_familiar,0.1,0.6133186141572322,0.38668138584276784
DEAP:S10:T05,DEAP:S10,T05,1,7.24,1,1,1,1,unexposed,baseline_relative,validation_familiar,0.1,0.8353721276173371,0.1646278723826628
DEAP:S10:T08,DEAP:S10,T08,1,5.68,1,1,1,1,unexposed,baseline_relative,validation_familiar,0.1,0.9503869884099827,0.04961301159001731
DEAP:S10:T12,DEAP:S10,T12,1,5.37,1,1,1,1,unexposed,baseline_relative,validation_familiar,0.1,0.9526445633291037,0.04735543667089623
DEAP:S10:T15,DEAP:S10,T15,1,5.31,1,1,1,1,unexposed,baseline_relative,validation_familiar,0.1,0.8392440911964492,0.16075590880355078
DEAP:S10:T19,DEAP:S10,T19,1,7.82,1,1,1,1,unexposed,baseline_relative,validation_familiar,0.1,0.8498985858113965,0.15010141418860345
DEAP:S10:T23,DEAP:S10,T23,0,2.87,1,1,1,1,unexposed,baseline_relative,validation_familiar,0.1,0.524949649711689,0.47505035028831094
DEAP:S10:T25,DEAP:S10,T25,0,1.92,1,1,1,1,unexposed,baseline_relative,validation_familiar,0.1,0.9325947751234085,0.06740522487659154
DEAP:S10:T26,DEAP:S10,T26,0,4.95,1,1,1,1,unexposed,baseline_relative,validation_familiar,0.1,0.8466184515539962,0.15338154844600382
DEAP:S10:T27,DEAP:S10,T27,0,4.94,1,1,1,1,unexposed,baseline_relative,validation_familiar,0.1,0.9249566554274639,0.07504334457253611
DEAP:S10:T28,DEAP:S10,T28,0,4.31,1,1,1,1,unexposed,baseline_relative,validation_familiar,0.1,0.5315136747509,0.4684863252491001
DEAP:S10:T29,DEAP:S10,T29,0,3.94,1,1,1,1,unexposed,baseline_relative,validation_familiar,0.1,0.21272332395675386,0.7872766760432461
DEAP:S10:T30,DEAP:S10,T30,0,2.64,1,1,1,1,unexposed,baseline_relative,validation_familiar,0.1,0.7614663826805587,0.2385336173194413
DEAP:S10:T32,DEAP:S10,T32,1,5.96,1,1,1,1,unexposed,baseline_relative,validation_familiar,0.1,0.8864589680959831,0.11354103190401682
DEAP:S10:T33,DEAP:S10,T33,0,4.94,1,1,1,1,unexposed,baseline_relative,validation_familiar,0.1,0.9473562018473716,0.05264379815262839
DEAP:S10:T35,DEAP:S10,T35,0,1.38,1,1,1,1,unexposed,baseline_relative,validation_familiar,0.1,0.832798057016371,0.16720194298362898
DEAP:S30:T01,DEAP:S30,T01,1,5.04,1,1,1,1,unexposed,baseline_relative,validation_familiar,0.1,0.2622216316407262,0.7377783683592738
DEAP:S30:T05,DEAP:S30,T05,1,6.19,1,1,1,1,unexposed,baseline_relative,validation_familiar,0.1,0.545480580204735,0.454519419795265
DEAP:S30:T08,DEAP:S30,T08,1,6.05,1,1,1,1,unexposed,baseline_relative,validation_familiar,0.1,0.12425296000161656,0.8757470399983834
DEAP:S30:T12,DEAP:S30,T12,1,5.15,1,1,1,1,unexposed,baseline_relative,validation_familiar,0.1,0.3124920133344552,0.6875079866655448
DEAP:S30:T15,DEAP:S30,T15,1,5.01,1,1,1,1,unexposed,baseline_relative,validation_familiar,0.1,0.1597405310027572,0.8402594689972428
DEAP:S30:T19,DEAP:S30,T19,1,8.27,1,1,1,1,unexposed,baseline_relative,validation_familiar,0.1,0.6428419216829013,0.35715807831709867
DEAP:S30:T23,DEAP:S30,T23,0,3.0,1,1,1,1,unexposed,baseline_relative,validation_familiar,0.1,0.5168270609994964,0.4831729390005036
DEAP:S30:T25,DEAP:S30,T25,0,3.92,1,1,1,1,unexposed,baseline_relative,validation_familiar,0.1,0.3228398025297323,0.6771601974702677
DEAP:S30:T26,DEAP:S30,T26,1,5.01,1,1,1,1,unexposed,baseline_relative,validation_familiar,0.1,0.31802659159879054,0.6819734084012095
DEAP:S30:T27,DEAP:S30,T27,1,8.01,1,1,1,1,unexposed,baseline_relative,validation_familiar,0.1,0.6768989754349817,0.3231010245650184
DEAP:S30:T28,DEAP:S30,T28,1,5.06,1,1,1,1,unexposed,baseline_relative,validation_familiar,0.1,0.6902149085112392,0.30978509148876077
DEAP:S30:T29,DEAP:S30,T29,1,7.23,1,1,1,1,unexposed,baseline_relative,validation_familiar,0.1,0.67412384484459,0.32587615515541
DEAP:S30:T30,DEAP:S30,T30,0,4.04,1,1,1,1,unexposed,baseline_relative,validation_familiar,0.1,0.5625631951155856,0.43743680488441444
DEAP:S30:T32,DEAP:S30,T32,1,5.01,1,1,1,1,unexposed,baseline_relative,validation_familiar,0.1,0.4317453776251786,0.5682546223748214
DEAP:S30:T33,DEAP:S30,T33,0,3.91,1,1,1,1,unexposed,baseline_relative,validation_familiar,0.1,0.2049169969842548,0.7950830030157452
DEAP:S30:T35,DEAP:S30,T35,1,5.04,1,1,1,1,unexposed,baseline_relative,validation_familiar,0.1,0.42255835310621304,0.577441646893787
DEAP:S01:T01,DEAP:S01,T01,1,7.71,1,1,1,1,unexposed,baseline_relative,train,1.0,0.5950102460787954,0.4049897539212046
DEAP:S01:T05,DEAP:S01,T05,1,6.96,1,1,1,1,unexposed,baseline_relative,train,1.0,0.20233442026983695,0.797665579730163
DEAP:S01:T08,DEAP:S01,T08,1,7.32,1,1,1,1,unexposed,baseline_relative,train,1.0,0.6270952607417444,0.37290473925825557
DEAP:S01:T12,DEAP:S01,T12,0,2.71,1,1,1,1,unexposed,baseline_relative,train,1.0,0.8604292241095788,0.13957077589042122
DEAP:S01:T15,DEAP:S01,T15,0,3.17,1,1,1,1,unexposed,baseline_relative,train,1.0,0.8031998967113745,0.19680010328862554
DEAP:S01:T23,DEAP:S01,T23,1,8.15,1,1,1,1,unexposed,baseline_relative,train,1.0,0.5760680213817795,0.42393197861822046
DEAP:S01:T25,DEAP:S01,T25,1,8.86,1,1,1,1,unexposed,baseline_relative,train,1.0,0.28246124751192914,0.7175387524880709
DEAP:S01:T26,DEAP:S01,T26,1,7.28,1,1,1,1,unexposed,baseline_relative,train,1.0,0.39332903525337715,0.6066709647466229
DEAP:S01:T27,DEAP:S01,T27,1,7.35,1,1,1,1,unexposed,baseline_relative,train,1.0,0.4274716837518845,0.5725283162481155
DEAP:S01:T28,DEAP:S01,T28,0,3.88,1,1,1,1,unexposed,baseline_relative,train,1.0,0.40859873187425233,0.5914012681257477
DEAP:S01:T29,DEAP:S01,T29,0,1.36,1,1,1,1,unexposed,baseline_relative,train,1.0,0.8444279442427794,0.15557205575722055
DEAP:S01:T30,DEAP:S01,T30,0,2.08,1,1,1,1,unexposed,baseline_relative,train,1.0,0.6747300328985966,0.3252699671014034
DEAP:S01:T32,DEAP:S01,T32,0,2.28,1,1,1,1,unexposed,baseline_relative,train,1.0,0.9148801299257742,0.0851198700742258
DEAP:S01:T33,DEAP:S01,T33,0,3.81,1,1,1,1,unexposed,baseline_relative,train,1.0,0.9828579383623802,0.017142061637619756
DEAP:S01:T35,DEAP:S01,T35,0,2.06,1,1,1,1,unexposed,baseline_relative,train,1.0,0.5274690488673892,0.47253095113261084
DEAP:S02:T01,DEAP:S02,T01,1,9.0,1,1,1,1,unexposed,baseline_relative,train,1.0,0.5174187326735412,0.4825812673264588
DEAP:S02:T05,DEAP:S02,T05,1,5.04,1,1,1,1,unexposed,baseline_relative,train,1.0,0.31996977716663,0.68003022283337
DEAP:S02:T08,DEAP:S02,T08,1,9.0,1,1,1,1,unexposed,baseline_relative,train,1.0,0.354125019555355,0.645874980444645
DEAP:S02:T12,DEAP:S02,T12,1,8.01,1,1,1,1,unexposed,baseline_relative,train,1.0,0.40043777319012863,0.5995622268098714
DEAP:S02:T15,DEAP:S02,T15,1,9.0,1,1,1,1,unexposed,baseline_relative,train,1.0,0.07447149560005284,0.9255285043999472
DEAP:S02:T19,DEAP:S02,T19,1,9.0,1,1,1,1,unexposed,baseline_relative,train,1.0,0.6359250447669584,0.36407495523304156
DEAP:S02:T23,DEAP:S02,T23,0,1.0,1,1,1,1,unexposed,baseline_relative,train,1.0,0.829855315641176,0.17014468435882402
DEAP:S02:T25,DEAP:S02,T25,1,9.0,1,1,1,1,unexposed,baseline_relative,train,1.0,0.32494995983998876,0.6750500401600112
DEAP:S02:T27,DEAP:S02,T27,0,4.96,1,1,1,1,unexposed,baseline_relative,train,1.0,0.5821400916275272,0.4178599083724727
DEAP:S02:T28,DEAP:S02,T28,0,4.06,1,1,1,1,unexposed,baseline_relative,train,1.0,0.6650339936076899,0.33496600639231006
DEAP:S02:T29,DEAP:S02,T29,0,2.99,1,1,1,1,unexposed,baseline_relative,train,1.0,0.6122310514524418,0.3877689485475581
DEAP:S02:T30,DEAP:S02,T30,0,2.01,1,1,1,1,unexposed,baseline_relative,train,1.0,0.8150084281952665,0.18499157180473344
DEAP:S02:T32,DEAP:S02,T32,0,1.0,1,1,1,1,unexposed,baseline_relative,train,1.0,0.5364527577363081,0.463547242263692
DEAP:S02:T35,DEAP:S02,T35,0,1.99,1,1,1,1,unexposed,baseline_relative,train,1.0,0.1404966078071166,0.8595033921928834
DEAP:S05:T01,DEAP:S05,T01,1,6.97,1,1,1,1,unexposed,baseline_relative,train,1.0,0.5451380403714415,0.45486195962855847
DEAP:S05:T05,DEAP:S05,T05,0,3.04,1,1,1,1,unexposed,baseline_relative,train,1.0,0.7561641526169076,0.2438358473830924
DEAP:S05:T08,DEAP:S05,T08,1,8.17,1,1,1,1,unexposed,baseline_relative,train,1.0,0.8016093045365327,0.19839069546346738
DEAP:S05:T12,DEAP:S05,T12,1,7.08,1,1,1,1,unexposed,baseline_relative,train,1.0,0.24365930923479495,0.756340690765205
DEAP:S05:T15,DEAP:S05,T15,1,6.97,1,1,1,1,unexposed,baseline_relative,train,1.0,0.12325268761899888,0.8767473123810011
DEAP:S05:T19,DEAP:S05,T19,1,8.03,1,1,1,1,unexposed,baseline_relative,train,1.0,0.546297564628271,0.45370243537172905
DEAP:S05:T23,DEAP:S05,T23,0,1.0,1,1,1,1,unexposed,baseline_relative,train,1.0,0.9205710452119205,0.0794289547880795
DEAP:S05:T25,DEAP:S05,T25,1,5.96,1,1,1,1,unexposed,baseline_relative,train,1.0,0.13621902986978174,0.8637809701302183
DEAP:S05:T26,DEAP:S05,T26,1,7.96,1,1,1,1,unexposed,baseline_relative,train,1.0,0.3140655310608286,0.6859344689391714
DEAP:S05:T27,DEAP:S05,T27,1,7.0,1,1,1,1,unexposed,baseline_relative,train,1.0,0.07053229579312215,0.9294677042068779
DEAP:S05:T28,DEAP:S05,T28,0,3.9,1,1,1,1,unexposed,baseline_relative,train,1.0,0.907722511760075,0.092277488239925
DEAP:S05:T29,DEAP:S05,T29,0,4.04,1,1,1,1,unexposed,baseline_relative,train,1.0,0.4102094389861336,0.5897905610138664
DEAP:S05:T30,DEAP:S05,T30,0,2.94,1,1,1,1,unexposed,baseline_relative,train,1.0,0.8279761084288063,0.1720238915711937
DEAP:S05:T32,DEAP:S05,T32,0,1.94,1,1,1,1,unexposed,baseline_relative,train,1.0,0.8125399365815924,0.18746006341840757
DEAP:S05:T33,DEAP:S05,T33,1,5.17,1,1,1,1,unexposed,baseline_relative,train,1.0,0.5658651660152478,0.4341348339847522
DEAP:S05:T35,DEAP:S05,T35,0,4.86,1,1,1,1,unexposed,baseline_relative,train,1.0,0.9476455969306772,0.0523544030693228
DEAP:S06:T01,DEAP:S06,T01,1,8.19,1,1,1,1,unexposed,baseline_relative,train,1.0,0.08456083241440926,0.9154391675855907
DEAP:S06:T05,DEAP:S06,T05,1,7.01,1,1,1,1,unexposed,baseline_relative,train,1.0,0.17520921945751822,0.8247907805424818
DEAP:S06:T08,DEAP:S06,T08,1,7.05,1,1,1,1,unexposed,baseline_relative,train,1.0,0.1062273218390587,0.8937726781609413
DEAP:S06:T12,DEAP:S06,T12,1,7.17,1,1,1,1,unexposed,baseline_relative,train,1.0,0.09668328829235062,0.9033167117076494
DEAP:S06:T15,DEAP:S06,T15,1,5.59,1,1,1,1,unexposed,baseline_relative,train,1.0,0.11243249544781608,0.8875675045521839
DEAP:S06:T23,DEAP:S06,T23,0,3.47,1,1,1,1,unexposed,baseline_relative,train,1.0,0.5102762214308021,0.48972377856919785
DEAP:S06:T25,DEAP:S06,T25,1,7.09,1,1,1,1,unexposed,baseline_relative,train,1.0,0.5032502208006076,0.4967497791993924
DEAP:S06:T26,DEAP:S06,T26,1,5.08,1,1,1,1,unexposed,baseline_relative,train,1.0,0.2194735013020147,0.7805264986979853
DEAP:S06:T27,DEAP:S06,T27,1,5.08,1,1,1,1,unexposed,baseline_relative,train,1.0,0.03205668587349808,0.9679433141265019
DEAP:S06:T28,DEAP:S06,T28,1,6.42,1,1,1,1,unexposed,baseline_relative,train,1.0,0.04198338867308771,0.9580166113269123
DEAP:S06:T29,DEAP:S06,T29,0,4.27,1,1,1,1,unexposed,baseline_relative,train,1.0,0.4134484484599492,0.5865515515400508
DEAP:S06:T32,DEAP:S06,T32,1,6.99,1,1,1,1,unexposed,baseline_relative,train,1.0,0.43376140259867313,0.5662385974013269
DEAP:S06:T33,DEAP:S06,T33,1,6.68,1,1,1,1,unexposed,baseline_relative,train,1.0,0.012744993866440235,0.9872550061335598
DEAP:S06:T35,DEAP:S06,T35,0,3.96,1,1,1,1,unexposed,baseline_relative,train,1.0,0.6688702692561471,0.3311297307438529
DEAP:S09:T01,DEAP:S09,T01,1,5.05,1,1,1,1,unexposed,baseline_relative,train,1.0,0.4839158137733659,0.5160841862266341
DEAP:S09:T05,DEAP:S09,T05,0,4.99,1,1,1,1,unexposed,baseline_relative,train,1.0,0.7600172089429832,0.2399827910570168
DEAP:S09:T08,DEAP:S09,T08,1,6.15,1,1,1,1,unexposed,baseline_relative,train,1.0,0.5276002086652931,0.4723997913347069
DEAP:S09:T12,DEAP:S09,T12,1,7.08,1,1,1,1,unexposed,baseline_relative,train,1.0,0.10825834203354001,0.89174165796646
DEAP:S09:T15,DEAP:S09,T15,1,6.21,1,1,1,1,unexposed,baseline_relative,train,1.0,0.13364084511484609,0.8663591548851539
DEAP:S09:T19,DEAP:S09,T19,0,3.97,1,1,1,1,unexposed,baseline_relative,train,1.0,0.9899685080353653,0.010031491964634709
DEAP:S09:T25,DEAP:S09,T25,1,5.04,1,1,1,1,unexposed,baseline_relative,train,1.0,0.21909506373093357,0.7809049362690664
DEAP:S09:T26,DEAP:S09,T26,0,4.1,1,1,1,1,unexposed,baseline_relative,train,1.0,0.8740802310225908,0.1259197689774092
DEAP:S09:T27,DEAP:S09,T27,1,5.04,1,1,1,1,unexposed,baseline_relative,train,1.0,0.5329799216179486,0.4670200783820514
DEAP:S09:T29,DEAP:S09,T29,0,3.99,1,1,1,1,unexposed,baseline_relative,train,1.0,0.5373575183159518,0.4626424816840482
DEAP:S09:T30,DEAP:S09,T30,0,4.04,1,1,1,1,unexposed,baseline_relative,train,1.0,0.709719319963811,0.29028068003618895
DEAP:S09:T32,DEAP:S09,T32,0,3.1,1,1,1,1,unexposed,baseline_relative,train,1.0,0.609451914703894,0.39054808529610596
DEAP:S09:T33,DEAP:S09,T33,0,3.08,1,1,1,1,unexposed,baseline_relative,train,1.0,0.1783301008591779,0.8216698991408221
DEAP:S09:T35,DEAP:S09,T35,0,3.01,1,1,1,1,unexposed,baseline_relative,train,1.0,0.6146395266893772,0.38536047331062284
DEAP:S11:T01,DEAP:S11,T01,1,6.27,1,1,1,1,unexposed,baseline_relative,train,1.0,0.8353878508793142,0.1646121491206858
DEAP:S11:T05,DEAP:S11,T05,1,7.41,1,1,1,1,unexposed,baseline_relative,train,1.0,0.49209813043648154,0.5079018695635185
DEAP:S11:T08,DEAP:S11,T08,1,6.26,1,1,1,1,unexposed,baseline_relative,train,1.0,0.30049366729725946,0.6995063327027405
DEAP:S11:T15,DEAP:S11,T15,1,6.92,1,1,1,1,unexposed,baseline_relative,train,1.0,0.12654431815303002,0.87345568184697
DEAP:S11:T23,DEAP:S11,T23,0,3.72,1,1,1,1,unexposed,baseline_relative,train,1.0,0.35405178645454427,0.6459482135454557
DEAP:S11:T26,DEAP:S11,T26,1,5.49,1,1,1,1,unexposed,baseline_relative,train,1.0,0.1718879896534059,0.8281120103465941
DEAP:S11:T27,DEAP:S11,T27,0,2.28,1,1,1,1,unexposed,baseline_relative,train,1.0,0.587737140084673,0.41226285991532696
DEAP:S11:T28,DEAP:S11,T28,0,4.26,1,1,1,1,unexposed,baseline_relative,train,1.0,0.40673833131616866,0.5932616686838313
DEAP:S11:T29,DEAP:S11,T29,0,2.32,1,1,1,1,unexposed,baseline_relative,train,1.0,0.7368803671986932,0.26311963280130674
DEAP:S11:T30,DEAP:S11,T30,0,4.58,1,1,1,1,unexposed,baseline_relative,train,1.0,0.6076433191427315,0.39235668085726844
DEAP:S11:T32,DEAP:S11,T32,1,5.01,1,1,1,1,unexposed,baseline_relative,train,1.0,0.374800291390989,0.625199708609011
DEAP:S11:T33,DEAP:S11,T33,1,5.64,1,1,1,1,unexposed,baseline_relative,train,1.0,0.5656999915948737,0.4343000084051262
DEAP:S11:T35,DEAP:S11,T35,0,1.23,1,1,1,1,unexposed,baseline_relative,train,1.0,0.8051337081326462,0.19486629186735388
DEAP:S12:T01,DEAP:S12,T01,1,7.09,1,1,1,1,unexposed,baseline_relative,train,1.0,0.16234424996066743,0.8376557500393326
DEAP:S12:T05,DEAP:S12,T05,0,4.01,1,1,1,1,unexposed,baseline_relative,train,1.0,0.765908617691275,0.2340913823087249
DEAP:S12:T08,DEAP:S12,T08,1,5.1,1,1,1,1,unexposed,baseline_relative,train,1.0,0.3562544263129058,0.6437455736870942
DEAP:S12:T12,DEAP:S12,T12,1,6.86,1,1,1,1,unexposed,baseline_relative,train,1.0,0.40088937988253415,0.5991106201174659
DEAP:S12:T15,DEAP:S12,T15,1,7.08,1,1,1,1,unexposed,baseline_relative,train,1.0,0.2866317210472288,0.7133682789527712
DEAP:S12:T19,DEAP:S12,T19,1,7.03,1,1,1,1,unexposed,baseline_relative,train,1.0,0.29786818422439354,0.7021318157756065
DEAP:S12:T23,DEAP:S12,T23,0,1.74,1,1,1,1,unexposed,baseline_relative,train,1.0,0.6840973246074544,0.3159026753925455
DEAP:S12:T25,DEAP:S12,T25,0,2.78,1,1,1,1,unexposed,baseline_relative,train,1.0,0.46738165909949625,0.5326183409005038
DEAP:S12:T26,DEAP:S12,T26,1,6.08,1,1,1,1,unexposed,baseline_relative,train,1.0,0.24028628256146256,0.7597137174385374
DEAP:S12:T27,DEAP:S12,T27,1,5.05,1,1,1,1,unexposed,baseline_relative,train,1.0,0.035314579956515324,0.9646854200434847
DEAP:S12:T28,DEAP:S12,T28,1,5.04,1,1,1,1,unexposed,baseline_relative,train,1.0,0.5769547905841833,0.4230452094158167
DEAP:S12:T30,DEAP:S12,T30,0,3.36,1,1,1,1,unexposed,baseline_relative,train,1.0,0.7070027718879693,0.29299722811203066
DEAP:S12:T32,DEAP:S12,T32,0,1.86,1,1,1,1,unexposed,baseline_relative,train,1.0,0.2062647190389817,0.7937352809610183
DEAP:S12:T33,DEAP:S12,T33,0,1.9,1,1,1,1,unexposed,baseline_relative,train,1.0,0.4624206294738914,0.5375793705261086
DEAP:S12:T35,DEAP:S12,T35,0,1.22,1,1,1,1,unexposed,baseline_relative,train,1.0,0.6398771675311499,0.3601228324688501
DEAP:S13:T05,DEAP:S13,T05,1,5.01,1,1,1,1,unexposed,baseline_relative,train,1.0,0.7948879059439259,0.20511209405607408
DEAP:S13:T08,DEAP:S13,T08,1,7.99,1,1,1,1,unexposed,baseline_relative,train,1.0,0.3643185127036044,0.6356814872963956
DEAP:S13:T12,DEAP:S13,T12,1,5.08,1,1,1,1,unexposed,baseline_relative,train,1.0,0.5091260125510852,0.49087398744891475
DEAP:S13:T15,DEAP:S13,T15,0,4.94,1,1,1,1,unexposed,baseline_relative,train,1.0,0.7903595653262968,0.20964043467370316
DEAP:S13:T19,DEAP:S13,T19,1,8.51,1,1,1,1,unexposed,baseline_relative,train,1.0,0.03329811827216833,0.9667018817278317
DEAP:S13:T23,DEAP:S13,T23,0,1.0,1,1,1,1,unexposed,baseline_relative,train,1.0,0.9411392257552952,0.058860774244704775
DEAP:S13:T25,DEAP:S13,T25,0,3.97,1,1,1,1,unexposed,baseline_relative,train,1.0,0.8028462477028382,0.19715375229716184
DEAP:S13:T26,DEAP:S13,T26,1,5.04,1,1,1,1,unexposed,baseline_relative,train,1.0,0.19756376144796228,0.8024362385520377
DEAP:S13:T27,DEAP:S13,T27,1,5.47,1,1,1,1,unexposed,baseline_relative,train,1.0,0.5020197872083252,0.49798021279167487
DEAP:S13:T29,DEAP:S13,T29,0,4.04,1,1,1,1,unexposed,baseline_relative,train,1.0,0.8129835791167176,0.1870164208832824
DEAP:S13:T30,DEAP:S13,T30,0,3.05,1,1,1,1,unexposed,baseline_relative,train,1.0,0.5043114829257966,0.4956885170742034
DEAP:S13:T32,DEAP:S13,T32,0,4.05,1,1,1,1,unexposed,baseline_relative,train,1.0,0.7475310926122081,0.2524689073877919
DEAP:S13:T33,DEAP:S13,T33,0,4.55,1,1,1,1,unexposed,baseline_relative,train,1.0,0.7830267822649672,0.21697321773503273
DEAP:S13:T35,DEAP:S13,T35,0,1.0,1,1,1,1,unexposed,baseline_relative,train,1.0,0.5676446091221621,0.432355390877838
DEAP:S14:T01,DEAP:S14,T01,1,8.22,1,1,1,1,unexposed,baseline_relative,train,1.0,0.44818601238293454,0.5518139876170655
DEAP:S14:T05,DEAP:S14,T05,0,3.99,1,1,1,1,unexposed,baseline_relative,train,1.0,0.5815051270567183,0.4184948729432817
DEAP:S14:T08,DEAP:S14,T08,1,7.0,1,1,1,1,unexposed,baseline_relative,train,1.0,0.08410696629307823,0.9158930337069218
DEAP:S14:T12,DEAP:S14,T12,1,7.63,1,1,1,1,unexposed,baseline_relative,train,1.0,0.529532066451661,0.4704679335483391
DEAP:S14:T15,DEAP:S14,T15,1,7.08,1,1,1,1,unexposed,baseline_relative,train,1.0,0.12758845822241682,0.8724115417775832
DEAP:S14:T19,DEAP:S14,T19,1,7.55,1,1,1,1,unexposed,baseline_relative,train,1.0,0.32346264444987816,0.6765373555501218
DEAP:S14:T23,DEAP:S14,T23,0,2.41,1,1,1,1,unexposed,baseline_relative,train,1.0,0.2268713944168591,0.7731286055831409
DEAP:S14:T25,DEAP:S14,T25,0,3.87,1,1,1,1,unexposed,baseline_relative,train,1.0,0.5683950043924292,0.4316049956075708
DEAP:S14:T27,DEAP:S14,T27,1,5.81,1,1,1,1,unexposed,baseline_relative,train,1.0,0.30698813286899074,0.6930118671310093
DEAP:S14:T28,DEAP:S14,T28,0,2.53,1,1,1,1,unexposed,baseline_relative,train,1.0,0.608258887380688,0.39174111261931205
DEAP:S14:T29,DEAP:S14,T29,0,2.92,1,1,1,1,unexposed,baseline_relative,train,1.0,0.1751547491752239,0.8248452508247761
DEAP:S14:T30,DEAP:S14,T30,0,1.1,1,1,1,1,unexposed,baseline_relative,train,1.0,0.5900141711508046,0.40998582884919543
DEAP:S14:T32,DEAP:S14,T32,0,1.99,1,1,1,1,unexposed,baseline_relative,train,1.0,0.29085003812778387,0.7091499618722161
DEAP:S14:T35,DEAP:S14,T35,0,2.68,1,1,1,1,unexposed,baseline_relative,train,1.0,0.8343756080329366,0.16562439196706333
DEAP:S15:T01,DEAP:S15,T01,1,8.9,1,1,1,1,unexposed,baseline_relative,train,1.0,0.29775267394357885,0.7022473260564212
DEAP:S15:T05,DEAP:S15,T05,1,9.0,1,1,1,1,unexposed,baseline_relative,train,1.0,0.5647466687692472,0.4352533312307528
DEAP:S15:T08,DEAP:S15,T08,1,9.0,1,1,1,1,unexposed,baseline_relative,train,1.0,0.8196150876960521,0.1803849123039479
DEAP:S15:T12,DEAP:S15,T12,1,7.08,1,1,1,1,unexposed,baseline_relative,train,1.0,0.12352957004049347,0.8764704299595065
DEAP:S15:T19,DEAP:S15,T19,1,7.04,1,1,1,1,unexposed,baseline_relative,train,1.0,0.014817880714124376,0.9851821192858756
DEAP:S15:T23,DEAP:S15,T23,0,3.05,1,1,1,1,unexposed,baseline_relative,train,1.0,0.5508878121222802,0.4491121878777197
DEAP:S15:T25,DEAP:S15,T25,0,2.96,1,1,1,1,unexposed,baseline_relative,train,1.0,0.8415829119522383,0.1584170880477617
DEAP:S15:T26,DEAP:S15,T26,0,4.96,1,1,1,1,unexposed,baseline_relative,train,1.0,0.5342014362486732,0.4657985637513268
DEAP:S15:T27,DEAP:S15,T27,1,6.0,1,1,1,1,unexposed,baseline_relative,train,1.0,0.538251875768146,0.4617481242318539
DEAP:S15:T28,DEAP:S15,T28,0,4.01,1,1,1,1,unexposed,baseline_relative,train,1.0,0.29835570019557733,0.7016442998044227
DEAP:S15:T29,DEAP:S15,T29,0,4.05,1,1,1,1,unexposed,baseline_relative,train,1.0,0.7443243909578942,0.25567560904210584
DEAP:S15:T30,DEAP:S15,T30,0,2.04,1,1,1,1,unexposed,baseline_relative,train,1.0,0.9993471372098692,0.0006528627901308253
DEAP:S15:T32,DEAP:S15,T32,0,3.97,1,1,1,1,unexposed,baseline_relative,train,1.0,0.5085705861697032,0.4914294138302968
DEAP:S15:T33,DEAP:S15,T33,0,3.01,1,1,1,1,unexposed,baseline_relative,train,1.0,0.46440549605466896,0.535594503945331
DEAP:S15:T35,DEAP:S15,T35,1,5.05,1,1,1,1,unexposed,baseline_relative,train,1.0,0.6702313167950555,0.3297686832049445
DEAP:S16:T05,DEAP:S16,T05,1,5.51,1,1,1,1,unexposed,baseline_relative,train,1.0,0.13033970548841323,0.8696602945115868
DEAP:S16:T08,DEAP:S16,T08,0,3.51,1,1,1,1,unexposed,baseline_relative,train,1.0,0.630674684065545,0.36932531593445495
DEAP:S16:T12,DEAP:S16,T12,1,5.97,1,1,1,1,unexposed,baseline_relative,train,1.0,0.5304355334861512,0.4695644665138487
DEAP:S16:T15,DEAP:S16,T15,0,2.67,1,1,1,1,unexposed,baseline_relative,train,1.0,0.6665643847728724,0.3334356152271276
DEAP:S16:T19,DEAP:S16,T19,0,2.86,1,1,1,1,unexposed,baseline_relative,train,1.0,0.7787988801561265,0.22120111984387347
DEAP:S16:T23,DEAP:S16,T23,0,3.9,1,1,1,1,unexposed,baseline_relative,train,1.0,0.11676257228700238,0.8832374277129976
DEAP:S16:T25,DEAP:S16,T25,0,2.47,1,1,1,1,unexposed,baseline_relative,train,1.0,0.939183791429227,0.060816208570772926
DEAP:S16:T26,DEAP:S16,T26,0,1.82,1,1,1,1,unexposed,baseline_relative,train,1.0,0.9112036295103748,0.08879637048962521
DEAP:S16:T27,DEAP:S16,T27,0,2.59,1,1,1,1,unexposed,baseline_relative,train,1.0,0.8560708067164025,0.14392919328359755
DEAP:S16:T28,DEAP:S16,T28,0,2.85,1,1,1,1,unexposed,baseline_relative,train,1.0,0.7461846076729195,0.2538153923270805
DEAP:S16:T30,DEAP:S16,T30,1,6.1,1,1,1,1,unexposed,baseline_relative,train,1.0,0.42612219571484655,0.5738778042851534
DEAP:S16:T32,DEAP:S16,T32,1,5.01,1,1,1,1,unexposed,baseline_relative,train,1.0,0.34150945860071014,0.6584905413992899
DEAP:S16:T33,DEAP:S16,T33,0,1.0,1,1,1,1,unexposed,baseline_relative,train,1.0,0.8732082197792468,0.12679178022075324
DEAP:S16:T35,DEAP:S16,T35,0,1.0,1,1,1,1,unexposed,baseline_relative,train,1.0,0.8083718818141795,0.1916281181858205
DEAP:S17:T01,DEAP:S17,T01,0,4.05,1,1,1,1,unexposed,baseline_relative,train,1.0,0.7333490553487128,0.2666509446512872
DEAP:S17:T05,DEAP:S17,T05,1,7.05,1,1,1,1,unexposed,baseline_relative,train,1.0,0.8135112291505404,0.18648877084945964
DEAP:S17:T08,DEAP:S17,T08,1,6.05,1,1,1,1,unexposed,baseline_relative,train,1.0,0.01637455057458781,0.9836254494254122
DEAP:S17:T12,DEAP:S17,T12,1,5.96,1,1,1,1,unexposed,baseline_relative,train,1.0,0.5264006796212599,0.47359932037874014
DEAP:S17:T15,DEAP:S17,T15,1,5.96,1,1,1,1,unexposed,baseline_relative,train,1.0,0.2845473762163251,0.7154526237836749
DEAP:S17:T19,DEAP:S17,T19,1,7.27,1,1,1,1,unexposed,baseline_relative,train,1.0,0.2510808910054323,0.7489191089945677
DEAP:S17:T25,DEAP:S17,T25,1,6.18,1,1,1,1,unexposed,baseline_relative,train,1.0,0.28385471716248256,0.7161452828375174
DEAP:S17:T27,DEAP:S17,T27,0,3.96,1,1,1,1,unexposed,baseline_relative,train,1.0,0.7007916725944541,0.2992083274055459
DEAP:S17:T28,DEAP:S17,T28,1,5.64,1,1,1,1,unexposed,baseline_relative,train,1.0,0.04792837553798135,0.9520716244620187
DEAP:S17:T29,DEAP:S17,T29,1,5.54,1,1,1,1,unexposed,baseline_relative,train,1.0,0.08025681245027239,0.9197431875497276
DEAP:S17:T30,DEAP:S17,T30,0,3.04,1,1,1,1,unexposed,baseline_relative,train,1.0,0.697580786649666,0.30241921335033395
DEAP:S17:T32,DEAP:S17,T32,0,4.04,1,1,1,1,unexposed,baseline_relative,train,1.0,0.907929768629267,0.09207023137073299
DEAP:S17:T33,DEAP:S17,T33,0,3.83,1,1,1,1,unexposed,baseline_relative,train,1.0,0.612656918544008,0.38734308145599206
DEAP:S18:T01,DEAP:S18,T01,1,6.33,1,1,1,1,unexposed,baseline_relative,train,1.0,0.05927041660319221,0.9407295833968078
DEAP:S18:T05,DEAP:S18,T05,1,6.13,1,1,1,1,unexposed,baseline_relative,train,1.0,0.05078096813714372,0.9492190318628563
DEAP:S18:T12,DEAP:S18,T12,1,5.55,1,1,1,1,unexposed,baseline_relative,train,1.0,0.4133167832789644,0.5866832167210356
DEAP:S18:T15,DEAP:S18,T15,1,6.04,1,1,1,1,unexposed,baseline_relative,train,1.0,0.3866466444221631,0.6133533555778369
DEAP:S18:T19,DEAP:S18,T19,1,7.04,1,1,1,1,unexposed,baseline_relative,train,1.0,0.38230943559814146,0.6176905644018585
DEAP:S18:T23,DEAP:S18,T23,0,3.71,1,1,1,1,unexposed,baseline_relative,train,1.0,0.7338715086268572,0.2661284913731428
DEAP:S18:T25,DEAP:S18,T25,0,4.23,1,1,1,1,unexposed,baseline_relative,train,1.0,0.8258692306678966,0.17413076933210336
DEAP:S18:T26,DEAP:S18,T26,1,5.44,1,1,1,1,unexposed,baseline_relative,train,1.0,0.7717302881616094,0.2282697118383906
DEAP:S18:T27,DEAP:S18,T27,1,5.94,1,1,1,1,unexposed,baseline_relative,train,1.0,0.3468716153366501,0.6531283846633499
DEAP:S18:T28,DEAP:S18,T28,1,5.95,1,1,1,1,unexposed,baseline_relative,train,1.0,0.5858564792196903,0.4141435207803097
DEAP:S18:T29,DEAP:S18,T29,0,4.9,1,1,1,1,unexposed,baseline_relative,train,1.0,0.972605225265662,0.027394774734338018
DEAP:S18:T30,DEAP:S18,T30,0,2.96,1,1,1,1,unexposed,baseline_relative,train,1.0,0.9522734406785317,0.04772655932146826
DEAP:S18:T32,DEAP:S18,T32,0,4.62,1,1,1,1,unexposed,baseline_relative,train,1.0,0.7836705508863581,0.21632944911364194
DEAP:S18:T33,DEAP:S18,T33,0,4.56,1,1,1,1,unexposed,baseline_relative,train,1.0,0.9902077190719115,0.009792280928088534
DEAP:S19:T01,DEAP:S19,T01,1,7.44,1,1,1,1,unexposed,baseline_relative,train,1.0,0.5971092397707736,0.4028907602292265
DEAP:S19:T05,DEAP:S19,T05,1,7.79,1,1,1,1,unexposed,baseline_relative,train,1.0,0.2624206890833596,0.7375793109166404
DEAP:S19:T08,DEAP:S19,T08,1,7.44,1,1,1,1,unexposed,baseline_relative,train,1.0,0.38851681519392756,0.6114831848060724
DEAP:S19:T12,DEAP:S19,T12,1,6.26,1,1,1,1,unexposed,baseline_relative,train,1.0,0.04121560416001202,0.958784395839988
DEAP:S19:T15,DEAP:S19,T15,1,5.68,1,1,1,1,unexposed,baseline_relative,train,1.0,0.2935017752328476,0.7064982247671524
DEAP:S19:T19,DEAP:S19,T19,1,7.65,1,1,1,1,unexposed,baseline_relative,train,1.0,0.2602034528714491,0.7397965471285509
DEAP:S19:T23,DEAP:S19,T23,0,3.77,1,1,1,1,unexposed,baseline_relative,train,1.0,0.4602582508355071,0.5397417491644929
DEAP:S19:T25,DEAP:S19,T25,0,2.19,1,1,1,1,unexposed,baseline_relative,train,1.0,0.5381639348227396,0.46183606517726045
DEAP:S19:T26,DEAP:S19,T26,0,4.95,1,1,1,1,unexposed,baseline_relative,train,1.0,0.7301336192031758,0.26986638079682423
DEAP:S19:T27,DEAP:S19,T27,0,4.97,1,1,1,1,unexposed,baseline_relative,train,1.0,0.6675411913566482,0.3324588086433517
DEAP:S19:T28,DEAP:S19,T28,1,6.21,1,1,1,1,unexposed,baseline_relative,train,1.0,0.45245443858434364,0.5475455614156564
DEAP:S19:T29,DEAP:S19,T29,0,2.82,1,1,1,1,unexposed,baseline_relative,train,1.0,0.9150200191389758,0.08497998086102417
DEAP:S19:T30,DEAP:S19,T30,0,2.85,1,1,1,1,unexposed,baseline_relative,train,1.0,0.8010116736196513,0.19898832638034863
DEAP:S19:T35,DEAP:S19,T35,0,3.21,1,1,1,1,unexposed,baseline_relative,train,1.0,0.7865941761970988,0.21340582380290116
DEAP:S20:T01,DEAP:S20,T01,1,5.76,1,1,1,1,unexposed,baseline_relative,train,1.0,0.2689260247513011,0.7310739752486989
DEAP:S20:T05,DEAP:S20,T05,1,8.82,1,1,1,1,unexposed,baseline_relative,train,1.0,0.08503692864971346,0.9149630713502865
DEAP:S20:T08,DEAP:S20,T08,1,7.63,1,1,1,1,unexposed,baseline_relative,train,1.0,0.3583784535723118,0.6416215464276882
DEAP:S20:T12,DEAP:S20,T12,1,7.64,1,1,1,1,unexposed,baseline_relative,train,1.0,0.312890472821186,0.687109527178814
DEAP:S20:T15,DEAP:S20,T15,1,6.35,1,1,1,1,unexposed,baseline_relative,train,1.0,0.47993154177804886,0.5200684582219511
DEAP:S20:T19,DEAP:S20,T19,1,7.59,1,1,1,1,unexposed,baseline_relative,train,1.0,0.07498847848008783,0.9250115215199122
DEAP:S20:T23,DEAP:S20,T23,0,2.82,1,1,1,1,unexposed,baseline_relative,train,1.0,0.490445398086531,0.509554601913469
DEAP:S20:T25,DEAP:S20,T25,0,2.99,1,1,1,1,unexposed,baseline_relative,train,1.0,0.5047089689582076,0.4952910310417924
DEAP:S20:T27,DEAP:S20,T27,1,5.03,1,1,1,1,unexposed,baseline_relative,train,1.0,0.2892111008218935,0.7107888991781065
DEAP:S20:T28,DEAP:S20,T28,1,5.01,1,1,1,1,unexposed,baseline_relative,train,1.0,0.7483032889354805,0.2516967110645195
DEAP:S20:T29,DEAP:S20,T29,0,2.44,1,1,1,1,unexposed,baseline_relative,train,1.0,0.5843571737048238,0.41564282629517624
DEAP:S20:T30,DEAP:S20,T30,0,3.49,1,1,1,1,unexposed,baseline_relative,train,1.0,0.6911485667024817,0.30885143329751835
DEAP:S20:T32,DEAP:S20,T32,1,6.28,1,1,1,1,unexposed,baseline_relative,train,1.0,0.09054365261392427,0.9094563473860757
DEAP:S20:T33,DEAP:S20,T33,0,4.64,1,1,1,1,unexposed,baseline_relative,train,1.0,0.6037917000181392,0.39620829998186086
DEAP:S20:T35,DEAP:S20,T35,0,4.35,1,1,1,1,unexposed,baseline_relative,train,1.0,0.52175119420853,0.47824880579147006
DEAP:S23:T01,DEAP:S23,T01,1,7.71,1,1,1,1,unexposed,baseline_relative,train,1.0,0.4857088791929004,0.5142911208070996
DEAP:S23:T05,DEAP:S23,T05,1,6.94,1,1,1,1,unexposed,baseline_relative,train,1.0,0.71689696734148,0.28310303265852
DEAP:S23:T08,DEAP:S23,T08,1,7.23,1,1,1,1,unexposed,baseline_relative,train,1.0,0.7403601687278717,0.2596398312721283
DEAP:S23:T12,DEAP:S23,T12,1,7.0,1,1,1,1,unexposed,baseline_relative,train,1.0,0.5283482137860827,0.4716517862139173
DEAP:S23:T15,DEAP:S23,T15,1,7.0,1,1,1,1,unexposed,baseline_relative,train,1.0,0.23655098820030107,0.7634490117996989
DEAP:S23:T19,DEAP:S23,T19,1,8.15,1,1,1,1,unexposed,baseline_relative,train,1.0,0.4548940691119453,0.5451059308880547
DEAP:S23:T23,DEAP:S23,T23,0,4.17,1,1,1,1,unexposed,baseline_relative,train,1.0,0.5819125041859221,0.41808749581407784
DEAP:S23:T25,DEAP:S23,T25,0,4.97,1,1,1,1,unexposed,baseline_relative,train,1.0,0.33378006690562134,0.6662199330943787
DEAP:S23:T26,DEAP:S23,T26,1,8.27,1,1,1,1,unexposed,baseline_relative,train,1.0,0.38880706498457396,0.611192935015426
DEAP:S23:T27,DEAP:S23,T27,1,5.06,1,1,1,1,unexposed,baseline_relative,train,1.0,0.022140220139841627,0.9778597798601584
DEAP:S23:T28,DEAP:S23,T28,1,5.04,1,1,1,1,unexposed,baseline_relative,train,1.0,0.6373390477135681,0.36266095228643197
DEAP:S23:T29,DEAP:S23,T29,0,3.72,1,1,1,1,unexposed,baseline_relative,train,1.0,0.7986527424291927,0.20134725757080726
DEAP:S23:T30,DEAP:S23,T30,0,3.88,1,1,1,1,unexposed,baseline_relative,train,1.0,0.6182991566236291,0.38170084337637084
DEAP:S23:T32,DEAP:S23,T32,1,7.97,1,1,1,1,unexposed,baseline_relative,train,1.0,0.08392587569918253,0.9160741243008175
DEAP:S23:T33,DEAP:S23,T33,1,5.04,1,1,1,1,unexposed,baseline_relative,train,1.0,0.3604560265282579,0.6395439734717421
DEAP:S24:T05,DEAP:S24,T05,1,7.06,1,1,1,1,unexposed,baseline_relative,train,1.0,0.16433161812286234,0.8356683818771377
DEAP:S24:T08,DEAP:S24,T08,1,7.03,1,1,1,1,unexposed,baseline_relative,train,1.0,0.39154348715638,0.60845651284362
DEAP:S24:T12,DEAP:S24,T12,1,7.04,1,1,1,1,unexposed,baseline_relative,train,1.0,0.06159423556490329,0.9384057644350967
DEAP:S24:T15,DEAP:S24,T15,1,6.0,1,1,1,1,unexposed,baseline_relative,train,1.0,0.5278744594359808,0.4721255405640192
DEAP:S24:T19,DEAP:S24,T19,1,7.03,1,1,1,1,unexposed,baseline_relative,train,1.0,0.13502507261138819,0.8649749273886118
DEAP:S24:T23,DEAP:S24,T23,0,1.0,1,1,1,1,unexposed,baseline_relative,train,1.0,0.6614057203880623,0.33859427961193767
DEAP:S24:T25,DEAP:S24,T25,0,3.12,1,1,1,1,unexposed,baseline_relative,train,1.0,0.815548717297865,0.18445128270213493
DEAP:S24:T26,DEAP:S24,T26,0,4.05,1,1,1,1,unexposed,baseline_relative,train,1.0,0.7869330106289318,0.21306698937106816
DEAP:S24:T27,DEAP:S24,T27,1,6.08,1,1,1,1,unexposed,baseline_relative,train,1.0,0.5959993521788354,0.40400064782116457
DEAP:S24:T28,DEAP:S24,T28,0,4.03,1,1,1,1,unexposed,baseline_relative,train,1.0,0.9265697511301529,0.0734302488698471
DEAP:S24:T29,DEAP:S24,T29,0,3.97,1,1,1,1,unexposed,baseline_relative,train,1.0,0.7925259020564901,0.2074740979435099
DEAP:S24:T30,DEAP:S24,T30,0,1.0,1,1,1,1,unexposed,baseline_relative,train,1.0,0.9397021690711849,0.060297830928815084
DEAP:S24:T32,DEAP:S24,T32,0,3.0,1,1,1,1,unexposed,baseline_relative,train,1.0,0.8987661128384582,0.10123388716154176
DEAP:S24:T33,DEAP:S24,T33,1,5.01,1,1,1,1,unexposed,baseline_relative,train,1.0,0.48449997614571094,0.5155000238542891
DEAP:S24:T35,DEAP:S24,T35,0,4.05,1,1,1,1,unexposed,baseline_relative,train,1.0,0.9472822514181497,0.052717748581850334
DEAP:S25:T01,DEAP:S25,T01,1,8.06,1,1,1,1,unexposed,baseline_relative,train,1.0,0.5880669205271132,0.4119330794728868
DEAP:S25:T05,DEAP:S25,T05,1,5.04,1,1,1,1,unexposed,baseline_relative,train,1.0,0.29692510156766305,0.703074898432337
DEAP:S25:T08,DEAP:S25,T08,1,8.04,1,1,1,1,unexposed,baseline_relative,train,1.0,0.14691565111829297,0.853084348881707
DEAP:S25:T12,DEAP:S25,T12,1,8.04,1,1,1,1,unexposed,baseline_relative,train,1.0,0.4864960838362501,0.5135039161637499
DEAP:S25:T15,DEAP:S25,T15,1,7.01,1,1,1,1,unexposed,baseline_relative,train,1.0,0.6265613258387672,0.37343867416123283
DEAP:S25:T19,DEAP:S25,T19,1,7.06,1,1,1,1,unexposed,baseline_relative,train,1.0,0.285001988322363,0.714998011677637
DEAP:S25:T23,DEAP:S25,T23,0,2.01,1,1,1,1,unexposed,baseline_relative,train,1.0,0.9284537504134899,0.07154624958651015
DEAP:S25:T25,DEAP:S25,T25,0,4.96,1,1,1,1,unexposed,baseline_relative,train,1.0,0.3718034122167788,0.6281965877832212
DEAP:S25:T27,DEAP:S25,T27,1,5.03,1,1,1,1,unexposed,baseline_relative,train,1.0,0.3871994809057199,0.6128005190942801
DEAP:S25:T28,DEAP:S25,T28,1,5.01,1,1,1,1,unexposed,baseline_relative,train,1.0,0.3001859203055409,0.6998140796944591
DEAP:S25:T29,DEAP:S25,T29,0,1.0,1,1,1,1,unexposed,baseline_relative,train,1.0,0.696277322257192,0.30372267774280803
DEAP:S25:T30,DEAP:S25,T30,0,4.03,1,1,1,1,unexposed,baseline_relative,train,1.0,0.5095779371569928,0.4904220628430071
DEAP:S25:T32,DEAP:S25,T32,0,1.0,1,1,1,1,unexposed,baseline_relative,train,1.0,0.8777615372996844,0.12223846270031559
DEAP:S25:T33,DEAP:S25,T33,0,1.94,1,1,1,1,unexposed,baseline_relative,train,1.0,0.8769794020851293,0.1230205979148707
DEAP:S25:T35,DEAP:S25,T35,0,3.03,1,1,1,1,unexposed,baseline_relative,train,1.0,0.8931432679952607,0.10685673200473937
DEAP:S26:T01,DEAP:S26,T01,1,7.97,1,1,1,1,unexposed,baseline_relative,train,1.0,0.8990303765997363,0.10096962340026376
DEAP:S26:T05,DEAP:S26,T05,0,4.0,1,1,1,1,unexposed,baseline_relative,train,1.0,0.6208476543009356,0.37915234569906436
DEAP:S26:T08,DEAP:S26,T08,1,8.01,1,1,1,1,unexposed,baseline_relative,train,1.0,0.5911351446561516,0.4088648553438484
DEAP:S26:T12,DEAP:S26,T12,1,7.04,1,1,1,1,unexposed,baseline_relative,train,1.0,0.08446309560173804,0.915536904398262
DEAP:S26:T15,DEAP:S26,T15,1,7.01,1,1,1,1,unexposed,baseline_relative,train,1.0,0.05398225875495133,0.9460177412450487
DEAP:S26:T19,DEAP:S26,T19,1,8.0,1,1,1,1,unexposed,baseline_relative,train,1.0,0.5732812948830259,0.4267187051169741
DEAP:S26:T23,DEAP:S26,T23,0,2.28,1,1,1,1,unexposed,baseline_relative,train,1.0,0.8233946834660582,0.1766053165339419
DEAP:S26:T26,DEAP:S26,T26,1,5.05,1,1,1,1,unexposed,baseline_relative,train,1.0,0.34457064038129503,0.655429359618705
DEAP:S26:T27,DEAP:S26,T27,1,6.0,1,1,1,1,unexposed,baseline_relative,train,1.0,0.5555828137889343,0.4444171862110657
DEAP:S26:T28,DEAP:S26,T28,1,5.97,1,1,1,1,unexposed,baseline_relative,train,1.0,0.6430452918227233,0.3569547081772767
DEAP:S26:T29,DEAP:S26,T29,1,6.09,1,1,1,1,unexposed,baseline_relative,train,1.0,0.11803940180682948,0.8819605981931705
DEAP:S26:T30,DEAP:S26,T30,0,4.95,1,1,1,1,unexposed,baseline_relative,train,1.0,0.7869126372126966,0.21308736278730342
DEAP:S26:T32,DEAP:S26,T32,0,1.96,1,1,1,1,unexposed,baseline_relative,train,1.0,0.7618463825226334,0.23815361747736669
DEAP:S26:T33,DEAP:S26,T33,0,1.0,1,1,1,1,unexposed,baseline_relative,train,1.0,0.6858235828346286,0.3141764171653713
DEAP:S26:T35,DEAP:S26,T35,0,2.97,1,1,1,1,unexposed,baseline_relative,train,1.0,0.5016792877310655,0.4983207122689345
DEAP:S27:T01,DEAP:S27,T01,1,6.03,1,1,1,1,unexposed,baseline_relative,train,1.0,0.04444511090338721,0.9555548890966128
DEAP:S27:T05,DEAP:S27,T05,0,4.97,1,1,1,1,unexposed,baseline_relative,train,1.0,0.7243847554357032,0.27561524456429676
DEAP:S27:T08,DEAP:S27,T08,1,8.24,1,1,1,1,unexposed,baseline_relative,train,1.0,0.17222795503548072,0.8277720449645193
DEAP:S27:T15,DEAP:S27,T15,1,5.04,1,1,1,1,unexposed,baseline_relative,train,1.0,0.029124758017021857,0.9708752419829781
DEAP:S27:T19,DEAP:S27,T19,1,5.06,1,1,1,1,unexposed,baseline_relative,train,1.0,0.2706776343633873,0.7293223656366127
DEAP:S27:T23,DEAP:S27,T23,1,8.0,1,1,1,1,unexposed,baseline_relative,train,1.0,0.02490152713390137,0.9750984728660986
DEAP:S27:T25,DEAP:S27,T25,0,4.0,1,1,1,1,unexposed,baseline_relative,train,1.0,0.3093492592805883,0.6906507407194117
DEAP:S27:T26,DEAP:S27,T26,1,5.04,1,1,1,1,unexposed,baseline_relative,train,1.0,0.24870815320449513,0.7512918467955049
DEAP:S27:T27,DEAP:S27,T27,0,4.97,1,1,1,1,unexposed,baseline_relative,train,1.0,0.32328696782186095,0.676713032178139
DEAP:S27:T28,DEAP:S27,T28,1,5.04,1,1,1,1,unexposed,baseline_relative,train,1.0,0.11651434206343358,0.8834856579365664
DEAP:S27:T29,DEAP:S27,T29,1,7.18,1,1,1,1,unexposed,baseline_relative,train,1.0,0.5081479795025803,0.4918520204974197
DEAP:S27:T30,DEAP:S27,T30,1,7.08,1,1,1,1,unexposed,baseline_relative,train,1.0,0.43162596061862235,0.5683740393813776
DEAP:S27:T32,DEAP:S27,T32,1,5.04,1,1,1,1,unexposed,baseline_relative,train,1.0,0.055774935880663734,0.9442250641193363
DEAP:S27:T33,DEAP:S27,T33,1,5.04,1,1,1,1,unexposed,baseline_relative,train,1.0,0.2529514540882962,0.7470485459117038
DEAP:S27:T35,DEAP:S27,T35,0,1.0,1,1,1,1,unexposed,baseline_relative,train,1.0,0.24798304451772568,0.7520169554822743
DEAP:S28:T01,DEAP:S28,T01,1,7.03,1,1,1,1,unexposed,baseline_relative,train,1.0,0.3101395120023429,0.6898604879976571
DEAP:S28:T05,DEAP:S28,T05,1,7.04,1,1,1,1,unexposed,baseline_relative,train,1.0,0.1414862262693447,0.8585137737306553
DEAP:S28:T08,DEAP:S28,T08,1,7.01,1,1,1,1,unexposed,baseline_relative,train,1.0,0.13270077211341003,0.86729922788659
DEAP:S28:T12,DEAP:S28,T12,1,6.06,1,1,1,1,unexposed,baseline_relative,train,1.0,0.11848876039262057,0.8815112396073794
DEAP:S28:T15,DEAP:S28,T15,1,5.04,1,1,1,1,unexposed,baseline_relative,train,1.0,0.3535134812500226,0.6464865187499774
DEAP:S28:T19,DEAP:S28,T19,1,7.03,1,1,1,1,unexposed,baseline_relative,train,1.0,0.05423777140608499,0.945762228593915
DEAP:S28:T25,DEAP:S28,T25,0,4.06,1,1,1,1,unexposed,baseline_relative,train,1.0,0.6637256196678735,0.33627438033212653
DEAP:S28:T27,DEAP:S28,T27,1,6.08,1,1,1,1,unexposed,baseline_relative,train,1.0,0.38046379959691556,0.6195362004030844
DEAP:S28:T28,DEAP:S28,T28,0,2.9,1,1,1,1,unexposed,baseline_relative,train,1.0,0.5463205073157544,0.45367949268424557
DEAP:S28:T29,DEAP:S28,T29,0,2.06,1,1,1,1,unexposed,baseline_relative,train,1.0,0.40006094318626195,0.599939056813738
DEAP:S28:T32,DEAP:S28,T32,0,3.05,1,1,1,1,unexposed,baseline_relative,train,1.0,0.4423495232018745,0.5576504767981255
DEAP:S28:T33,DEAP:S28,T33,1,7.01,1,1,1,1,unexposed,baseline_relative,train,1.0,0.5083978106907073,0.49160218930929267
DEAP:S28:T35,DEAP:S28,T35,0,1.08,1,1,1,1,unexposed,baseline_relative,train,1.0,0.7422223136387789,0.25777768636122106
DEAP:S29:T01,DEAP:S29,T01,1,6.06,1,1,1,1,unexposed,baseline_relative,train,1.0,0.15253582813265265,0.8474641718673473
DEAP:S29:T05,DEAP:S29,T05,1,6.05,1,1,1,1,unexposed,baseline_relative,train,1.0,0.15509944595955583,0.8449005540404442
DEAP:S29:T08,DEAP:S29,T08,1,7.04,1,1,1,1,unexposed,baseline_relative,train,1.0,0.09329516720455033,0.9067048327954497
DEAP:S29:T12,DEAP:S29,T12,1,6.04,1,1,1,1,unexposed,baseline_relative,train,1.0,0.37974435086401426,0.6202556491359857
DEAP:S29:T19,DEAP:S29,T19,1,7.05,1,1,1,1,unexposed,baseline_relative,train,1.0,0.5669313834814809,0.43306861651851913
DEAP:S29:T23,DEAP:S29,T23,0,2.05,1,1,1,1,unexposed,baseline_relative,train,1.0,0.47028739764746275,0.5297126023525373
DEAP:S29:T25,DEAP:S29,T25,0,3.03,1,1,1,1,unexposed,baseline_relative,train,1.0,0.5432332504701864,0.45676674952981355
DEAP:S29:T26,DEAP:S29,T26,0,3.0,1,1,1,1,unexposed,baseline_relative,train,1.0,0.7652917218954944,0.2347082781045055
DEAP:S29:T27,DEAP:S29,T27,1,7.09,1,1,1,1,unexposed,baseline_relative,train,1.0,0.4656661908150337,0.5343338091849663
DEAP:S29:T28,DEAP:S29,T28,0,1.04,1,1,1,1,unexposed,baseline_relative,train,1.0,0.7350619624911244,0.26493803750887557
DEAP:S29:T29,DEAP:S29,T29,0,3.97,1,1,1,1,unexposed,baseline_relative,train,1.0,0.8917246020133874,0.10827539798661254
DEAP:S29:T30,DEAP:S29,T30,0,2.95,1,1,1,1,unexposed,baseline_relative,train,1.0,0.9571534226514911,0.042846577348508996
DEAP:S29:T33,DEAP:S29,T33,0,1.99,1,1,1,1,unexposed,baseline_relative,train,1.0,0.6217166146031596,0.3782833853968404
DEAP:S29:T35,DEAP:S29,T35,0,1.92,1,1,1,1,unexposed,baseline_relative,train,1.0,0.6637344717845228,0.3362655282154771
DEAP:S31:T01,DEAP:S31,T01,1,6.79,1,1,1,1,unexposed,baseline_relative,train,1.0,0.5142895500910876,0.48571044990891243
DEAP:S31:T05,DEAP:S31,T05,1,6.22,1,1,1,1,unexposed,baseline_relative,train,1.0,0.07247507957249888,0.9275249204275011
DEAP:S31:T08,DEAP:S31,T08,1,6.03,1,1,1,1,unexposed,baseline_relative,train,1.0,0.12491178599730701,0.875088214002693
DEAP:S31:T12,DEAP:S31,T12,1,7.14,1,1,1,1,unexposed,baseline_relative,train,1.0,0.24269504339363623,0.7573049566063638
DEAP:S31:T15,DEAP:S31,T15,1,6.05,1,1,1,1,unexposed,baseline_relative,train,1.0,0.6446975920133958,0.3553024079866042
DEAP:S31:T23,DEAP:S31,T23,0,1.0,1,1,1,1,unexposed,baseline_relative,train,1.0,0.7795381487096571,0.22046185129034288
DEAP:S31:T25,DEAP:S31,T25,1,6.14,1,1,1,1,unexposed,baseline_relative,train,1.0,0.3884934591405469,0.6115065408594531
DEAP:S31:T26,DEAP:S31,T26,1,7.08,1,1,1,1,unexposed,baseline_relative,train,1.0,0.4528240563073841,0.5471759436926159
DEAP:S31:T29,DEAP:S31,T29,1,5.09,1,1,1,1,unexposed,baseline_relative,train,1.0,0.04174088724729019,0.9582591127527098
DEAP:S31:T30,DEAP:S31,T30,0,3.13,1,1,1,1,unexposed,baseline_relative,train,1.0,0.6182903118816909,0.38170968811830913
DEAP:S31:T32,DEAP:S31,T32,0,1.0,1,1,1,1,unexposed,baseline_relative,train,1.0,0.9700326769124982,0.02996732308750185
DEAP:S31:T33,DEAP:S31,T33,0,4.18,1,1,1,1,unexposed,baseline_relative,train,1.0,0.5853948684843584,0.41460513151564155
DEAP:S31:T35,DEAP:S31,T35,0,4.03,1,1,1,1,unexposed,baseline_relative,train,1.0,0.4291270103079622,0.5708729896920378
DEAP:S32:T01,DEAP:S32,T01,1,8.13,1,1,1,1,unexposed,baseline_relative,train,1.0,0.044168676523676065,0.9558313234763239
DEAP:S32:T05,DEAP:S32,T05,1,7.15,1,1,1,1,unexposed,baseline_relative,train,1.0,0.19206289440176283,0.8079371055982372
DEAP:S32:T08,DEAP:S32,T08,1,7.96,1,1,1,1,unexposed,baseline_relative,train,1.0,0.3925045700789984,0.6074954299210016
DEAP:S32:T12,DEAP:S32,T12,1,7.31,1,1,1,1,unexposed,baseline_relative,train,1.0,0.54232296485431,0.4576770351456901
DEAP:S32:T15,DEAP:S32,T15,1,5.01,1,1,1,1,unexposed,baseline_relative,train,1.0,0.2794688845676415,0.7205311154323585
DEAP:S32:T19,DEAP:S32,T19,1,8.24,1,1,1,1,unexposed,baseline_relative,train,1.0,0.23576153125049404,0.764238468749506
DEAP:S32:T23,DEAP:S32,T23,0,3.01,1,1,1,1,unexposed,baseline_relative,train,1.0,0.6171856164876929,0.3828143835123071
DEAP:S32:T25,DEAP:S32,T25,0,4.01,1,1,1,1,unexposed,baseline_relative,train,1.0,0.5492242363107879,0.45077576368921213
DEAP:S32:T26,DEAP:S32,T26,1,5.14,1,1,1,1,unexposed,baseline_relative,train,1.0,0.6501725461301141,0.3498274538698859
DEAP:S32:T27,DEAP:S32,T27,1,6.0,1,1,1,1,unexposed,baseline_relative,train,1.0,0.13657450074362876,0.8634254992563712
DEAP:S32:T28,DEAP:S32,T28,1,6.03,1,1,1,1,unexposed,baseline_relative,train,1.0,0.6238391215635724,0.3761608784364276
DEAP:S32:T29,DEAP:S32,T29,0,4.09,1,1,1,1,unexposed,baseline_relative,train,1.0,0.3044521537583378,0.6955478462416622
DEAP:S32:T30,DEAP:S32,T30,0,1.0,1,1,1,1,unexposed,baseline_relative,train,1.0,0.6184352009848773,0.38156479901512275
DEAP:S32:T32,DEAP:S32,T32,0,3.87,1,1,1,1,unexposed,baseline_relative,train,1.0,0.3800747212929396,0.6199252787070604
DEAP:S32:T33,DEAP:S32,T33,0,4.06,1,1,1,1,unexposed,baseline_relative,train,1.0,0.7745611053142653,0.22543889468573472
DEAP:S32:T35,DEAP:S32,T35,0,3.88,1,1,1,1,unexposed,baseline_relative,train,1.0,0.5769288542687705,0.4230711457312295
DEAP:S07:T04,DEAP:S07,T04,1,7.08,1,1,1,1,unexposed,baseline_relative,validation_unseen,1.0,0.360066241376754,0.639933758623246
DEAP:S07:T07,DEAP:S07,T07,1,7.08,1,1,1,1,unexposed,baseline_relative,validation_unseen,1.0,0.8584687892911879,0.1415312107088121
DEAP:S07:T09,DEAP:S07,T09,1,6.99,1,1,1,1,unexposed,baseline_relative,validation_unseen,1.0,0.7954107096093108,0.20458929039068924
DEAP:S07:T13,DEAP:S07,T13,1,8.0,1,1,1,1,unexposed,baseline_relative,validation_unseen,1.0,0.9660239806417966,0.033976019358203366
DEAP:S07:T18,DEAP:S07,T18,1,7.03,1,1,1,1,unexposed,baseline_relative,validation_unseen,1.0,0.24087187559760637,0.7591281244023936
DEAP:S07:T22,DEAP:S07,T22,0,3.05,1,1,1,1,unexposed,baseline_relative,validation_unseen,1.0,0.9722503198319692,0.027749680168030862
DEAP:S07:T24,DEAP:S07,T24,0,1.97,1,1,1,1,unexposed,baseline_relative,validation_unseen,1.0,0.6817146805251204,0.31828531947487954
DEAP:S07:T36,DEAP:S07,T36,1,8.1,1,1,1,1,unexposed,baseline_relative,validation_unseen,1.0,0.864980416063529,0.1350195839364709
DEAP:S08:T04,DEAP:S08,T04,1,6.82,1,1,1,1,unexposed,baseline_relative,validation_unseen,1.0,0.03592613171708581,0.9640738682829142
DEAP:S08:T07,DEAP:S08,T07,1,5.04,1,1,1,1,unexposed,baseline_relative,validation_unseen,1.0,0.8827198859872868,0.11728011401271318
DEAP:S08:T09,DEAP:S08,T09,1,8.78,1,1,1,1,unexposed,baseline_relative,validation_unseen,1.0,0.24030084926473405,0.759699150735266
DEAP:S08:T13,DEAP:S08,T13,1,7.9,1,1,1,1,unexposed,baseline_relative,validation_unseen,1.0,0.05947606843055919,0.9405239315694408
DEAP:S08:T18,DEAP:S08,T18,1,7.21,1,1,1,1,unexposed,baseline_relative,validation_unseen,1.0,0.08485218891092627,0.9151478110890737
DEAP:S08:T22,DEAP:S08,T22,0,4.23,1,1,1,1,unexposed,baseline_relative,validation_unseen,1.0,0.5548961792159567,0.4451038207840433
DEAP:S08:T24,DEAP:S08,T24,0,4.15,1,1,1,1,unexposed,baseline_relative,validation_unseen,1.0,0.7250766220554181,0.2749233779445818
DEAP:S08:T36,DEAP:S08,T36,0,1.21,1,1,1,1,unexposed,baseline_relative,validation_unseen,1.0,0.042007848313862395,0.9579921516861376
DEAP:S10:T04,DEAP:S10,T04,1,7.01,1,1,1,1,unexposed,baseline_relative,validation_unseen,1.0,0.9376509011112301,0.06234909888876993
DEAP:S10:T07,DEAP:S10,T07,1,8.96,1,1,1,1,unexposed,baseline_relative,validation_unseen,1.0,0.9952203918389521,0.00477960816104789
DEAP:S10:T09,DEAP:S10,T09,1,7.56,1,1,1,1,unexposed,baseline_relative,validation_unseen,1.0,0.9947301583812459,0.005269841618754064
DEAP:S10:T13,DEAP:S10,T13,1,6.72,1,1,1,1,unexposed,baseline_relative,validation_unseen,1.0,0.9925301394020573,0.007469860597942734
DEAP:S10:T18,DEAP:S10,T18,1,7.31,1,1,1,1,unexposed,baseline_relative,validation_unseen,1.0,0.9268787964210651,0.07312120357893495
DEAP:S10:T22,DEAP:S10,T22,0,4.24,1,1,1,1,unexposed,baseline_relative,validation_unseen,1.0,0.6741452145255555,0.3258547854744445
DEAP:S10:T24,DEAP:S10,T24,1,6.82,1,1,1,1,unexposed,baseline_relative,validation_unseen,1.0,0.9921163184904276,0.007883681509572438
DEAP:S10:T36,DEAP:S10,T36,0,2.17,1,1,1,1,unexposed,baseline_relative,validation_unseen,1.0,0.9937801785927396,0.0062198214072604514
DEAP:S30:T04,DEAP:S30,T04,1,7.04,1,1,1,1,unexposed,baseline_relative,validation_unseen,1.0,0.3207956362549995,0.6792043637450005
DEAP:S30:T07,DEAP:S30,T07,0,4.05,1,1,1,1,unexposed,baseline_relative,validation_unseen,1.0,0.0701043526540881,0.9298956473459119
DEAP:S30:T09,DEAP:S30,T09,1,7.08,1,1,1,1,unexposed,baseline_relative,validation_unseen,1.0,0.36618644996515604,0.633813550034844
DEAP:S30:T13,DEAP:S30,T13,0,4.04,1,1,1,1,unexposed,baseline_relative,validation_unseen,1.0,0.311283871205006,0.688716128794994
DEAP:S30:T18,DEAP:S30,T18,1,7.05,1,1,1,1,unexposed,baseline_relative,validation_unseen,1.0,0.16366757744487248,0.8363324225551275
DEAP:S30:T22,DEAP:S30,T22,0,4.05,1,1,1,1,unexposed,baseline_relative,validation_unseen,1.0,0.4439357321890539,0.5560642678109461
DEAP:S30:T24,DEAP:S30,T24,1,5.99,1,1,1,1,unexposed,baseline_relative,validation_unseen,1.0,0.5864246758034937,0.41357532419650633
DEAP:S30:T36,DEAP:S30,T36,0,4.03,1,1,1,1,unexposed,baseline_relative,validation_unseen,1.0,0.1674381147522196,0.8325618852477804
DEAP:S07:T01,DEAP:S07,T01,1,8.1,1,1,1,1,unexposed,baseline_relative,validation_familiar,1.0,0.9424405125650078,0.05755948743499216
DEAP:S07:T05,DEAP:S07,T05,1,7.05,1,1,1,1,unexposed,baseline_relative,validation_familiar,1.0,0.12954104955921852,0.8704589504407815
DEAP:S07:T08,DEAP:S07,T08,1,7.0,1,1,1,1,unexposed,baseline_relative,validation_familiar,1.0,0.972698113648847,0.02730188635115309
DEAP:S07:T12,DEAP:S07,T12,1,6.99,1,1,1,1,unexposed,baseline_relative,validation_familiar,1.0,0.6184717525556287,0.38152824744437136
DEAP:S07:T15,DEAP:S07,T15,1,7.99,1,1,1,1,unexposed,baseline_relative,validation_familiar,1.0,0.9664751750360829,0.03352482496391705
DEAP:S07:T19,DEAP:S07,T19,1,6.99,1,1,1,1,unexposed,baseline_relative,validation_familiar,1.0,0.8398996046078747,0.16010039539212528
DEAP:S07:T23,DEAP:S07,T23,0,3.01,1,1,1,1,unexposed,baseline_relative,validation_familiar,1.0,0.1558673394435307,0.8441326605564693
DEAP:S07:T25,DEAP:S07,T25,0,2.99,1,1,1,1,unexposed,baseline_relative,validation_familiar,1.0,0.5405404879183224,0.45945951208167757
DEAP:S07:T26,DEAP:S07,T26,0,2.0,1,1,1,1,unexposed,baseline_relative,validation_familiar,1.0,0.9078565894806712,0.09214341051932881
DEAP:S07:T27,DEAP:S07,T27,1,6.09,1,1,1,1,unexposed,baseline_relative,validation_familiar,1.0,0.7868934461588725,0.2131065538411275
DEAP:S07:T28,DEAP:S07,T28,0,2.05,1,1,1,1,unexposed,baseline_relative,validation_familiar,1.0,0.9793309716468684,0.020669028353131554
DEAP:S07:T29,DEAP:S07,T29,1,7.09,1,1,1,1,unexposed,baseline_relative,validation_familiar,1.0,0.9996804706594542,0.00031952934054583815
DEAP:S07:T30,DEAP:S07,T30,0,3.09,1,1,1,1,unexposed,baseline_relative,validation_familiar,1.0,0.5936071497795319,0.4063928502204681
DEAP:S07:T32,DEAP:S07,T32,0,4.96,1,1,1,1,unexposed,baseline_relative,validation_familiar,1.0,0.8919364945957207,0.10806350540427928
DEAP:S07:T33,DEAP:S07,T33,0,4.97,1,1,1,1,unexposed,baseline_relative,validation_familiar,1.0,0.9579977827718158,0.04200221722818418
DEAP:S07:T35,DEAP:S07,T35,1,5.01,1,1,1,1,unexposed,baseline_relative,validation_familiar,1.0,0.9882648120614042,0.0117351879385959
DEAP:S08:T01,DEAP:S08,T01,1,7.6,1,1,1,1,unexposed,baseline_relative,validation_familiar,1.0,0.15505474449627799,0.844945255503722
DEAP:S08:T05,DEAP:S08,T05,0,4.41,1,1,1,1,unexposed,baseline_relative,validation_familiar,1.0,0.3250513384434447,0.6749486615565553
DEAP:S08:T08,DEAP:S08,T08,1,8.82,1,1,1,1,unexposed,baseline_relative,validation_familiar,1.0,0.5577212218635579,0.4422787781364422
DEAP:S08:T12,DEAP:S08,T12,1,8.47,1,1,1,1,unexposed,baseline_relative,validation_familiar,1.0,0.11861774024242078,0.8813822597575792
DEAP:S08:T15,DEAP:S08,T15,1,8.33,1,1,1,1,unexposed,baseline_relative,validation_familiar,1.0,0.6161122776309035,0.3838877223690965
DEAP:S08:T19,DEAP:S08,T19,1,5.04,1,1,1,1,unexposed,baseline_relative,validation_familiar,1.0,0.7068716554107451,0.29312834458925485
DEAP:S08:T23,DEAP:S08,T23,0,3.59,1,1,1,1,unexposed,baseline_relative,validation_familiar,1.0,0.9373233449182008,0.0626766550817992
DEAP:S08:T25,DEAP:S08,T25,0,3.72,1,1,1,1,unexposed,baseline_relative,validation_familiar,1.0,0.5668858553159892,0.4331141446840108
DEAP:S08:T26,DEAP:S08,T26,0,4.99,1,1,1,1,unexposed,baseline_relative,validation_familiar,1.0,0.9485094075961824,0.05149059240381762
DEAP:S08:T27,DEAP:S08,T27,0,4.46,1,1,1,1,unexposed,baseline_relative,validation_familiar,1.0,0.09726234668419564,0.9027376533158044
DEAP:S08:T28,DEAP:S08,T28,1,5.04,1,1,1,1,unexposed,baseline_relative,validation_familiar,1.0,0.9152894744619662,0.08471052553803388
DEAP:S08:T29,DEAP:S08,T29,0,2.78,1,1,1,1,unexposed,baseline_relative,validation_familiar,1.0,0.15654984694706953,0.8434501530529305
DEAP:S08:T30,DEAP:S08,T30,0,1.4,1,1,1,1,unexposed,baseline_relative,validation_familiar,1.0,0.1064205682566679,0.8935794317433321
DEAP:S08:T32,DEAP:S08,T32,1,6.33,1,1,1,1,unexposed,baseline_relative,validation_familiar,1.0,0.36239694476955864,0.6376030552304414
DEAP:S08:T33,DEAP:S08,T33,0,4.44,1,1,1,1,unexposed,baseline_relative,validation_familiar,1.0,0.23656180126548754,0.7634381987345125
DEAP:S08:T35,DEAP:S08,T35,0,3.62,1,1,1,1,unexposed,baseline_relative,validation_familiar,1.0,0.08486345956220542,0.9151365404377946
DEAP:S10:T01,DEAP:S10,T01,1,7.91,1,1,1,1,unexposed,baseline_relative,validation_familiar,1.0,0.7767796139465696,0.22322038605343045
DEAP:S10:T05,DEAP:S10,T05,1,7.24,1,1,1,1,unexposed,baseline_relative,validation_familiar,1.0,0.9305620702195747,0.06943792978042533
DEAP:S10:T08,DEAP:S10,T08,1,5.68,1,1,1,1,unexposed,baseline_relative,validation_familiar,1.0,0.9966284687113169,0.0033715312886830363
DEAP:S10:T12,DEAP:S10,T12,1,5.37,1,1,1,1,unexposed,baseline_relative,validation_familiar,1.0,0.997196848410015,0.0028031515899849557
DEAP:S10:T15,DEAP:S10,T15,1,5.31,1,1,1,1,unexposed,baseline_relative,validation_familiar,1.0,0.9549666250714256,0.045033374928574434
DEAP:S10:T19,DEAP:S10,T19,1,7.82,1,1,1,1,unexposed,baseline_relative,validation_familiar,1.0,0.9480631169732542,0.05193688302674586
DEAP:S10:T23,DEAP:S10,T23,0,2.87,1,1,1,1,unexposed,baseline_relative,validation_familiar,1.0,0.32339315140618763,0.6766068485938124
DEAP:S10:T25,DEAP:S10,T25,0,1.92,1,1,1,1,unexposed,baseline_relative,validation_familiar,1.0,0.9767374196680426,0.02326258033195735
DEAP:S10:T26,DEAP:S10,T26,0,4.95,1,1,1,1,unexposed,baseline_relative,validation_familiar,1.0,0.9669876364719016,0.033012363528098415
DEAP:S10:T27,DEAP:S10,T27,0,4.94,1,1,1,1,unexposed,baseline_relative,validation_familiar,1.0,0.9844447701694353,0.015555229830564728
DEAP:S10:T28,DEAP:S10,T28,0,4.31,1,1,1,1,unexposed,baseline_relative,validation_familiar,1.0,0.674932011416181,0.32506798858381897
DEAP:S10:T29,DEAP:S10,T29,0,3.94,1,1,1,1,unexposed,baseline_relative,validation_familiar,1.0,0.05144698169928352,0.9485530183007165
DEAP:S10:T30,DEAP:S10,T30,0,2.64,1,1,1,1,unexposed,baseline_relative,validation_familiar,1.0,0.8088815402480721,0.19111845975192784
DEAP:S10:T32,DEAP:S10,T32,1,5.96,1,1,1,1,unexposed,baseline_relative,validation_familiar,1.0,0.9877132465989011,0.012286753401098909
DEAP:S10:T33,DEAP:S10,T33,0,4.94,1,1,1,1,unexposed,baseline_relative,validation_familiar,1.0,0.9937561832723683,0.006243816727631723
DEAP:S10:T35,DEAP:S10,T35,0,1.38,1,1,1,1,unexposed,baseline_relative,validation_familiar,1.0,0.9096024298210121,0.09039757017898783
DEAP:S30:T01,DEAP:S30,T01,1,5.04,1,1,1,1,unexposed,baseline_relative,validation_familiar,1.0,0.033236012677272386,0.9667639873227276
DEAP:S30:T05,DEAP:S30,T05,1,6.19,1,1,1,1,unexposed,baseline_relative,validation_familiar,1.0,0.32336936834422514,0.6766306316557749
DEAP:S30:T08,DEAP:S30,T08,1,6.05,1,1,1,1,unexposed,baseline_relative,validation_familiar,1.0,0.008483218579492191,0.9915167814205078
DEAP:S30:T12,DEAP:S30,T12,1,5.15,1,1,1,1,unexposed,baseline_relative,validation_familiar,1.0,0.07225460526974803,0.927745394730252
DEAP:S30:T15,DEAP:S30,T15,1,5.01,1,1,1,1,unexposed,baseline_relative,validation_familiar,1.0,0.021808828612814413,0.9781911713871856
DEAP:S30:T19,DEAP:S30,T19,1,8.27,1,1,1,1,unexposed,baseline_relative,validation_familiar,1.0,0.834501607809747,0.16549839219025295
DEAP:S30:T23,DEAP:S30,T23,0,3.0,1,1,1,1,unexposed,baseline_relative,validation_familiar,1.0,0.3207078505217438,0.6792921494782562
DEAP:S30:T25,DEAP:S30,T25,0,3.92,1,1,1,1,unexposed,baseline_relative,validation_familiar,1.0,0.08140384300697934,0.9185961569930207
DEAP:S30:T26,DEAP:S30,T26,1,5.01,1,1,1,1,unexposed,baseline_relative,validation_familiar,1.0,0.04823632662499566,0.9517636733750043
DEAP:S30:T27,DEAP:S30,T27,1,8.01,1,1,1,1,unexposed,baseline_relative,validation_familiar,1.0,0.36179451472017776,0.6382054852798222
DEAP:S30:T28,DEAP:S30,T28,1,5.06,1,1,1,1,unexposed,baseline_relative,validation_familiar,1.0,0.6359036578573114,0.3640963421426886
DEAP:S30:T29,DEAP:S30,T29,1,7.23,1,1,1,1,unexposed,baseline_relative,validation_familiar,1.0,0.6663923513936387,0.3336076486063613
DEAP:S30:T30,DEAP:S30,T30,0,4.04,1,1,1,1,unexposed,baseline_relative,validation_familiar,1.0,0.441437274767678,0.558562725232322
DEAP:S30:T32,DEAP:S30,T32,1,5.01,1,1,1,1,unexposed,baseline_relative,validation_familiar,1.0,0.07710469149425114,0.9228953085057489
DEAP:S30:T33,DEAP:S30,T33,0,3.91,1,1,1,1,unexposed,baseline_relative,validation_familiar,1.0,0.05766929817499078,0.9423307018250092
DEAP:S30:T35,DEAP:S30,T35,1,5.04,1,1,1,1,unexposed,baseline_relative,validation_familiar,1.0,0.1118704144673528,0.8881295855326472
DEAP:S01:T01,DEAP:S01,T01,1,7.71,1,1,1,1,unexposed,baseline_relative,train,10.0,0.6724020590571914,0.3275979409428086
DEAP:S01:T05,DEAP:S01,T05,1,6.96,1,1,1,1,unexposed,baseline_relative,train,10.0,0.09964880908456142,0.9003511909154386
DEAP:S01:T08,DEAP:S01,T08,1,7.32,1,1,1,1,unexposed,baseline_relative,train,10.0,0.605171289069128,0.394828710930872
DEAP:S01:T12,DEAP:S01,T12,0,2.71,1,1,1,1,unexposed,baseline_relative,train,10.0,0.9226746144239443,0.07732538557605574
DEAP:S01:T15,DEAP:S01,T15,0,3.17,1,1,1,1,unexposed,baseline_relative,train,10.0,0.903471544060653,0.09652845593934704
DEAP:S01:T23,DEAP:S01,T23,1,8.15,1,1,1,1,unexposed,baseline_relative,train,10.0,0.5173982514440404,0.4826017485559596
DEAP:S01:T25,DEAP:S01,T25,1,8.86,1,1,1,1,unexposed,baseline_relative,train,10.0,0.20202900774321964,0.7979709922567804
DEAP:S01:T26,DEAP:S01,T26,1,7.28,1,1,1,1,unexposed,baseline_relative,train,10.0,0.20035199392929814,0.7996480060707019
DEAP:S01:T27,DEAP:S01,T27,1,7.35,1,1,1,1,unexposed,baseline_relative,train,10.0,0.533116828337643,0.46688317166235704
DEAP:S01:T28,DEAP:S01,T28,0,3.88,1,1,1,1,unexposed,baseline_relative,train,10.0,0.4027872273529466,0.5972127726470534
DEAP:S01:T29,DEAP:S01,T29,0,1.36,1,1,1,1,unexposed,baseline_relative,train,10.0,0.8881469892544492,0.11185301074555072
DEAP:S01:T30,DEAP:S01,T30,0,2.08,1,1,1,1,unexposed,baseline_relative,train,10.0,0.7194604481681903,0.28053955183180973
DEAP:S01:T32,DEAP:S01,T32,0,2.28,1,1,1,1,unexposed,baseline_relative,train,10.0,0.9603084664999927,0.0396915335000073
DEAP:S01:T33,DEAP:S01,T33,0,3.81,1,1,1,1,unexposed,baseline_relative,train,10.0,0.9986875023657729,0.0013124976342271755
DEAP:S01:T35,DEAP:S01,T35,0,2.06,1,1,1,1,unexposed,baseline_relative,train,10.0,0.610834796103928,0.38916520389607206
DEAP:S02:T01,DEAP:S02,T01,1,9.0,1,1,1,1,unexposed,baseline_relative,train,10.0,0.5844090490863484,0.4155909509136516
DEAP:S02:T05,DEAP:S02,T05,1,5.04,1,1,1,1,unexposed,baseline_relative,train,10.0,0.2719645129146361,0.7280354870853639
DEAP:S02:T08,DEAP:S02,T08,1,9.0,1,1,1,1,unexposed,baseline_relative,train,10.0,0.37865181856448493,0.6213481814355151
DEAP:S02:T12,DEAP:S02,T12,1,8.01,1,1,1,1,unexposed,baseline_relative,train,10.0,0.3996883861163375,0.6003116138836625
DEAP:S02:T15,DEAP:S02,T15,1,9.0,1,1,1,1,unexposed,baseline_relative,train,10.0,0.032773648845404235,0.9672263511545958
DEAP:S02:T19,DEAP:S02,T19,1,9.0,1,1,1,1,unexposed,baseline_relative,train,10.0,0.649555190126875,0.35044480987312504
DEAP:S02:T23,DEAP:S02,T23,0,1.0,1,1,1,1,unexposed,baseline_relative,train,10.0,0.9195782923140137,0.08042170768598628
DEAP:S02:T25,DEAP:S02,T25,1,9.0,1,1,1,1,unexposed,baseline_relative,train,10.0,0.3778531143760334,0.6221468856239666
DEAP:S02:T27,DEAP:S02,T27,0,4.96,1,1,1,1,unexposed,baseline_relative,train,10.0,0.5866300458820528,0.4133699541179472
DEAP:S02:T28,DEAP:S02,T28,0,4.06,1,1,1,1,unexposed,baseline_relative,train,10.0,0.7502123573763595,0.24978764262364053
DEAP:S02:T29,DEAP:S02,T29,0,2.99,1,1,1,1,unexposed,baseline_relative,train,10.0,0.6759606672205069,0.32403933277949315
DEAP:S02:T30,DEAP:S02,T30,0,2.01,1,1,1,1,unexposed,baseline_relative,train,10.0,0.8575140324630482,0.14248596753695172
DEAP:S02:T32,DEAP:S02,T32,0,1.0,1,1,1,1,unexposed,baseline_relative,train,10.0,0.5431672806591827,0.4568327193408173
DEAP:S02:T35,DEAP:S02,T35,0,1.99,1,1,1,1,unexposed,baseline_relative,train,10.0,0.06703521908631038,0.9329647809136896
DEAP:S05:T01,DEAP:S05,T01,1,6.97,1,1,1,1,unexposed,baseline_relative,train,10.0,0.5888518366253732,0.41114816337462673
DEAP:S05:T05,DEAP:S05,T05,0,3.04,1,1,1,1,unexposed,baseline_relative,train,10.0,0.8007691564505437,0.19923084354945636
DEAP:S05:T08,DEAP:S05,T08,1,8.17,1,1,1,1,unexposed,baseline_relative,train,10.0,0.8066083287002848,0.1933916712997153
DEAP:S05:T12,DEAP:S05,T12,1,7.08,1,1,1,1,unexposed,baseline_relative,train,10.0,0.11488253547682326,0.8851174645231767
DEAP:S05:T15,DEAP:S05,T15,1,6.97,1,1,1,1,unexposed,baseline_relative,train,10.0,0.050353407619569746,0.9496465923804303
DEAP:S05:T19,DEAP:S05,T19,1,8.03,1,1,1,1,unexposed,baseline_relative,train,10.0,0.49160969873147,0.50839030126853
DEAP:S05:T23,DEAP:S05,T23,0,1.0,1,1,1,1,unexposed,baseline_relative,train,10.0,0.948397683223693,0.05160231677630698
DEAP:S05:T25,DEAP:S05,T25,1,5.96,1,1,1,1,unexposed,baseline_relative,train,10.0,0.0347554148660969,0.9652445851339031
DEAP:S05:T26,DEAP:S05,T26,1,7.96,1,1,1,1,unexposed,baseline_relative,train,10.0,0.3223708878996324,0.6776291121003676
DEAP:S05:T27,DEAP:S05,T27,1,7.0,1,1,1,1,unexposed,baseline_relative,train,10.0,0.018311022497632168,0.9816889775023678
DEAP:S05:T28,DEAP:S05,T28,0,3.9,1,1,1,1,unexposed,baseline_relative,train,10.0,0.9445109697028523,0.055489030297147655
DEAP:S05:T29,DEAP:S05,T29,0,4.04,1,1,1,1,unexposed,baseline_relative,train,10.0,0.40064991915154313,0.5993500808484569
DEAP:S05:T30,DEAP:S05,T30,0,2.94,1,1,1,1,unexposed,baseline_relative,train,10.0,0.8376619690301217,0.16233803096987826
DEAP:S05:T32,DEAP:S05,T32,0,1.94,1,1,1,1,unexposed,baseline_relative,train,10.0,0.8877396178011553,0.11226038219884472
DEAP:S05:T33,DEAP:S05,T33,1,5.17,1,1,1,1,unexposed,baseline_relative,train,10.0,0.5296215479648442,0.4703784520351558
DEAP:S05:T35,DEAP:S05,T35,0,4.86,1,1,1,1,unexposed,baseline_relative,train,10.0,0.9800007854567175,0.01999921454328245
DEAP:S06:T01,DEAP:S06,T01,1,8.19,1,1,1,1,unexposed,baseline_relative,train,10.0,0.04787631397465009,0.9521236860253499
DEAP:S06:T05,DEAP:S06,T05,1,7.01,1,1,1,1,unexposed,baseline_relative,train,10.0,0.14313551305287764,0.8568644869471224
DEAP:S06:T08,DEAP:S06,T08,1,7.05,1,1,1,1,unexposed,baseline_relative,train,10.0,0.04224479269859982,0.9577552073014002
DEAP:S06:T12,DEAP:S06,T12,1,7.17,1,1,1,1,unexposed,baseline_relative,train,10.0,0.06403054844291023,0.9359694515570898
DEAP:S06:T15,DEAP:S06,T15,1,5.59,1,1,1,1,unexposed,baseline_relative,train,10.0,0.05476462332076826,0.9452353766792317
DEAP:S06:T23,DEAP:S06,T23,0,3.47,1,1,1,1,unexposed,baseline_relative,train,10.0,0.6771734769891151,0.3228265230108849
DEAP:S06:T25,DEAP:S06,T25,1,7.09,1,1,1,1,unexposed,baseline_relative,train,10.0,0.5262531655771907,0.4737468344228093
DEAP:S06:T26,DEAP:S06,T26,1,5.08,1,1,1,1,unexposed,baseline_relative,train,10.0,0.14554636896697704,0.854453631033023
DEAP:S06:T27,DEAP:S06,T27,1,5.08,1,1,1,1,unexposed,baseline_relative,train,10.0,0.008322697580896654,0.9916773024191033
DEAP:S06:T28,DEAP:S06,T28,1,6.42,1,1,1,1,unexposed,baseline_relative,train,10.0,0.008207034992005147,0.9917929650079949
DEAP:S06:T29,DEAP:S06,T29,0,4.27,1,1,1,1,unexposed,baseline_relative,train,10.0,0.40164587964447784,0.5983541203555222
DEAP:S06:T32,DEAP:S06,T32,1,6.99,1,1,1,1,unexposed,baseline_relative,train,10.0,0.47579332655239626,0.5242066734476037
DEAP:S06:T33,DEAP:S06,T33,1,6.68,1,1,1,1,unexposed,baseline_relative,train,10.0,0.0019208605338809637,0.998079139466119
DEAP:S06:T35,DEAP:S06,T35,0,3.96,1,1,1,1,unexposed,baseline_relative,train,10.0,0.6923287872032093,0.3076712127967907
DEAP:S09:T01,DEAP:S09,T01,1,5.05,1,1,1,1,unexposed,baseline_relative,train,10.0,0.4831686428632347,0.5168313571367653
DEAP:S09:T05,DEAP:S09,T05,0,4.99,1,1,1,1,unexposed,baseline_relative,train,10.0,0.8161354454073071,0.18386455459269285
DEAP:S09:T08,DEAP:S09,T08,1,6.15,1,1,1,1,unexposed,baseline_relative,train,10.0,0.4625614277752099,0.5374385722247901
DEAP:S09:T12,DEAP:S09,T12,1,7.08,1,1,1,1,unexposed,baseline_relative,train,10.0,0.06728394619655365,0.9327160538034464
DEAP:S09:T15,DEAP:S09,T15,1,6.21,1,1,1,1,unexposed,baseline_relative,train,10.0,0.045032724922602574,0.9549672750773974
DEAP:S09:T19,DEAP:S09,T19,0,3.97,1,1,1,1,unexposed,baseline_relative,train,10.0,0.9990472466222172,0.0009527533777828066
DEAP:S09:T25,DEAP:S09,T25,1,5.04,1,1,1,1,unexposed,baseline_relative,train,10.0,0.15330796461143315,0.8466920353885669
DEAP:S09:T26,DEAP:S09,T26,0,4.1,1,1,1,1,unexposed,baseline_relative,train,10.0,0.9615754359841961,0.03842456401580391
DEAP:S09:T27,DEAP:S09,T27,1,5.04,1,1,1,1,unexposed,baseline_relative,train,10.0,0.6536447272752242,0.3463552727247758
DEAP:S09:T29,DEAP:S09,T29,0,3.99,1,1,1,1,unexposed,baseline_relative,train,10.0,0.505716229145005,0.494283770854995
DEAP:S09:T30,DEAP:S09,T30,0,4.04,1,1,1,1,unexposed,baseline_relative,train,10.0,0.7713644891991823,0.22863551080081765
DEAP:S09:T32,DEAP:S09,T32,0,3.1,1,1,1,1,unexposed,baseline_relative,train,10.0,0.6436810953023413,0.3563189046976587
DEAP:S09:T33,DEAP:S09,T33,0,3.08,1,1,1,1,unexposed,baseline_relative,train,10.0,0.11438578206175598,0.885614217938244
DEAP:S09:T35,DEAP:S09,T35,0,3.01,1,1,1,1,unexposed,baseline_relative,train,10.0,0.62110587698334,0.3788941230166601
DEAP:S11:T01,DEAP:S11,T01,1,6.27,1,1,1,1,unexposed,baseline_relative,train,10.0,0.8974277348896059,0.10257226511039408
DEAP:S11:T05,DEAP:S11,T05,1,7.41,1,1,1,1,unexposed,baseline_relative,train,10.0,0.48580570793732847,0.5141942920626715
DEAP:S11:T08,DEAP:S11,T08,1,6.26,1,1,1,1,unexposed,baseline_relative,train,10.0,0.2995150639714501,0.7004849360285499
DEAP:S11:T15,DEAP:S11,T15,1,6.92,1,1,1,1,unexposed,baseline_relative,train,10.0,0.07564018266321493,0.9243598173367851
DEAP:S11:T23,DEAP:S11,T23,0,3.72,1,1,1,1,unexposed,baseline_relative,train,10.0,0.3108894163588647,0.6891105836411353
DEAP:S11:T26,DEAP:S11,T26,1,5.49,1,1,1,1,unexposed,baseline_relative,train,10.0,0.13087146989923681,0.8691285301007632
DEAP:S11:T27,DEAP:S11,T27,0,2.28,1,1,1,1,unexposed,baseline_relative,train,10.0,0.5111343351477788,0.4888656648522212
DEAP:S11:T28,DEAP:S11,T28,0,4.26,1,1,1,1,unexposed,baseline_relative,train,10.0,0.435721077013133,0.564278922986867
DEAP:S11:T29,DEAP:S11,T29,0,2.32,1,1,1,1,unexposed,baseline_relative,train,10.0,0.7873058557645656,0.2126941442354344
DEAP:S11:T30,DEAP:S11,T30,0,4.58,1,1,1,1,unexposed,baseline_relative,train,10.0,0.6215643929362633,0.37843560706373675
DEAP:S11:T32,DEAP:S11,T32,1,5.01,1,1,1,1,unexposed,baseline_relative,train,10.0,0.3850995255911769,0.6149004744088231
DEAP:S11:T33,DEAP:S11,T33,1,5.64,1,1,1,1,unexposed,baseline_relative,train,10.0,0.6115370020540195,0.3884629979459805
DEAP:S11:T35,DEAP:S11,T35,0,1.23,1,1,1,1,unexposed,baseline_relative,train,10.0,0.9077776997652256,0.09222230023477442
DEAP:S12:T01,DEAP:S12,T01,1,7.09,1,1,1,1,unexposed,baseline_relative,train,10.0,0.11471315551341488,0.8852868444865851
DEAP:S12:T05,DEAP:S12,T05,0,4.01,1,1,1,1,unexposed,baseline_relative,train,10.0,0.8435893231404805,0.15641067685951945
DEAP:S12:T08,DEAP:S12,T08,1,5.1,1,1,1,1,unexposed,baseline_relative,train,10.0,0.333829681706848,0.666170318293152
DEAP:S12:T12,DEAP:S12,T12,1,6.86,1,1,1,1,unexposed,baseline_relative,train,10.0,0.29844777429938174,0.7015522257006183
DEAP:S12:T15,DEAP:S12,T15,1,7.08,1,1,1,1,unexposed,baseline_relative,train,10.0,0.17572405761473853,0.8242759423852615
DEAP:S12:T19,DEAP:S12,T19,1,7.03,1,1,1,1,unexposed,baseline_relative,train,10.0,0.19616987995547797,0.803830120044522
DEAP:S12:T23,DEAP:S12,T23,0,1.74,1,1,1,1,unexposed,baseline_relative,train,10.0,0.7491993225716933,0.25080067742830675
DEAP:S12:T25,DEAP:S12,T25,0,2.78,1,1,1,1,unexposed,baseline_relative,train,10.0,0.4260635338492422,0.5739364661507578
DEAP:S12:T26,DEAP:S12,T26,1,6.08,1,1,1,1,unexposed,baseline_relative,train,10.0,0.1771619986031,0.8228380013969
DEAP:S12:T27,DEAP:S12,T27,1,5.05,1,1,1,1,unexposed,baseline_relative,train,10.0,0.016539718857409347,0.9834602811425907
DEAP:S12:T28,DEAP:S12,T28,1,5.04,1,1,1,1,unexposed,baseline_relative,train,10.0,0.5439417222871035,0.45605827771289653
DEAP:S12:T30,DEAP:S12,T30,0,3.36,1,1,1,1,unexposed,baseline_relative,train,10.0,0.8701067424083929,0.12989325759160708
DEAP:S12:T32,DEAP:S12,T32,0,1.86,1,1,1,1,unexposed,baseline_relative,train,10.0,0.13781232138029897,0.862187678619701
DEAP:S12:T33,DEAP:S12,T33,0,1.9,1,1,1,1,unexposed,baseline_relative,train,10.0,0.4918064140092444,0.5081935859907556
DEAP:S12:T35,DEAP:S12,T35,0,1.22,1,1,1,1,unexposed,baseline_relative,train,10.0,0.6572832209958521,0.3427167790041479
DEAP:S13:T05,DEAP:S13,T05,1,5.01,1,1,1,1,unexposed,baseline_relative,train,10.0,0.8142661875092296,0.18573381249077037
DEAP:S13:T08,DEAP:S13,T08,1,7.99,1,1,1,1,unexposed,baseline_relative,train,10.0,0.3370454315618233,0.6629545684381767
DEAP:S13:T12,DEAP:S13,T12,1,5.08,1,1,1,1,unexposed,baseline_relative,train,10.0,0.5322608743110548,0.46773912568894516
DEAP:S13:T15,DEAP:S13,T15,0,4.94,1,1,1,1,unexposed,baseline_relative,train,10.0,0.853640618491757,0.146359381508243
DEAP:S13:T19,DEAP:S13,T19,1,8.51,1,1,1,1,unexposed,baseline_relative,train,10.0,0.016008529686062256,0.9839914703139377
DEAP:S13:T23,DEAP:S13,T23,0,1.0,1,1,1,1,unexposed,baseline_relative,train,10.0,0.9645538189035465,0.03544618109645344
DEAP:S13:T25,DEAP:S13,T25,0,3.97,1,1,1,1,unexposed,baseline_relative,train,10.0,0.826096051358362,0.17390394864163802
DEAP:S13:T26,DEAP:S13,T26,1,5.04,1,1,1,1,unexposed,baseline_relative,train,10.0,0.15917051502016744,0.8408294849798326
DEAP:S13:T27,DEAP:S13,T27,1,5.47,1,1,1,1,unexposed,baseline_relative,train,10.0,0.46548081366981586,0.5345191863301841
DEAP:S13:T29,DEAP:S13,T29,0,4.04,1,1,1,1,unexposed,baseline_relative,train,10.0,0.8751716669831773,0.12482833301682278
DEAP:S13:T30,DEAP:S13,T30,0,3.05,1,1,1,1,unexposed,baseline_relative,train,10.0,0.5004788346041004,0.49952116539589964
DEAP:S13:T32,DEAP:S13,T32,0,4.05,1,1,1,1,unexposed,baseline_relative,train,10.0,0.7766623146934224,0.2233376853065776
DEAP:S13:T33,DEAP:S13,T33,0,4.55,1,1,1,1,unexposed,baseline_relative,train,10.0,0.8353232249479634,0.16467677505203665
DEAP:S13:T35,DEAP:S13,T35,0,1.0,1,1,1,1,unexposed,baseline_relative,train,10.0,0.6489376837997347,0.35106231620026523
DEAP:S14:T01,DEAP:S14,T01,1,8.22,1,1,1,1,unexposed,baseline_relative,train,10.0,0.42853691699420404,0.571463083005796
DEAP:S14:T05,DEAP:S14,T05,0,3.99,1,1,1,1,unexposed,baseline_relative,train,10.0,0.5770603834805184,0.4229396165194817
DEAP:S14:T08,DEAP:S14,T08,1,7.0,1,1,1,1,unexposed,baseline_relative,train,10.0,0.029197890345921462,0.9708021096540785
DEAP:S14:T12,DEAP:S14,T12,1,7.63,1,1,1,1,unexposed,baseline_relative,train,10.0,0.5796791597809201,0.42032084021907984
DEAP:S14:T15,DEAP:S14,T15,1,7.08,1,1,1,1,unexposed,baseline_relative,train,10.0,0.060312784419901844,0.9396872155800982
DEAP:S14:T19,DEAP:S14,T19,1,7.55,1,1,1,1,unexposed,baseline_relative,train,10.0,0.20735574106943555,0.7926442589305644
DEAP:S14:T23,DEAP:S14,T23,0,2.41,1,1,1,1,unexposed,baseline_relative,train,10.0,0.22884684442355085,0.7711531555764491
DEAP:S14:T25,DEAP:S14,T25,0,3.87,1,1,1,1,unexposed,baseline_relative,train,10.0,0.5745157852277591,0.4254842147722409
DEAP:S14:T27,DEAP:S14,T27,1,5.81,1,1,1,1,unexposed,baseline_relative,train,10.0,0.27335978684495754,0.7266402131550425
DEAP:S14:T28,DEAP:S14,T28,0,2.53,1,1,1,1,unexposed,baseline_relative,train,10.0,0.6316799157961839,0.3683200842038161
DEAP:S14:T29,DEAP:S14,T29,0,2.92,1,1,1,1,unexposed,baseline_relative,train,10.0,0.1822531604940142,0.8177468395059858
DEAP:S14:T30,DEAP:S14,T30,0,1.1,1,1,1,1,unexposed,baseline_relative,train,10.0,0.5956112180604125,0.40438878193958744
DEAP:S14:T32,DEAP:S14,T32,0,1.99,1,1,1,1,unexposed,baseline_relative,train,10.0,0.27690231661296305,0.723097683387037
DEAP:S14:T35,DEAP:S14,T35,0,2.68,1,1,1,1,unexposed,baseline_relative,train,10.0,0.912265294324747,0.08773470567525296
DEAP:S15:T01,DEAP:S15,T01,1,8.9,1,1,1,1,unexposed,baseline_relative,train,10.0,0.215472537882622,0.784527462117378
DEAP:S15:T05,DEAP:S15,T05,1,9.0,1,1,1,1,unexposed,baseline_relative,train,10.0,0.5737789354535003,0.42622106454649966
DEAP:S15:T08,DEAP:S15,T08,1,9.0,1,1,1,1,unexposed,baseline_relative,train,10.0,0.8523652987620217,0.14763470123797826
DEAP:S15:T12,DEAP:S15,T12,1,7.08,1,1,1,1,unexposed,baseline_relative,train,10.0,0.0834337759728373,0.9165662240271627
DEAP:S15:T19,DEAP:S15,T19,1,7.04,1,1,1,1,unexposed,baseline_relative,train,10.0,0.004545008910047832,0.9954549910899522
DEAP:S15:T23,DEAP:S15,T23,0,3.05,1,1,1,1,unexposed,baseline_relative,train,10.0,0.5643725657366976,0.43562743426330236
DEAP:S15:T25,DEAP:S15,T25,0,2.96,1,1,1,1,unexposed,baseline_relative,train,10.0,0.8945520038146415,0.10544799618535847
DEAP:S15:T26,DEAP:S15,T26,0,4.96,1,1,1,1,unexposed,baseline_relative,train,10.0,0.6064476658295568,0.39355233417044316
DEAP:S15:T27,DEAP:S15,T27,1,6.0,1,1,1,1,unexposed,baseline_relative,train,10.0,0.48409482533165604,0.515905174668344
DEAP:S15:T28,DEAP:S15,T28,0,4.01,1,1,1,1,unexposed,baseline_relative,train,10.0,0.2600763162920908,0.7399236837079092
DEAP:S15:T29,DEAP:S15,T29,0,4.05,1,1,1,1,unexposed,baseline_relative,train,10.0,0.7818080737304087,0.21819192626959122
DEAP:S15:T30,DEAP:S15,T30,0,2.04,1,1,1,1,unexposed,baseline_relative,train,10.0,0.9999828137434509,1.7186256549122276e-05
DEAP:S15:T32,DEAP:S15,T32,0,3.97,1,1,1,1,unexposed,baseline_relative,train,10.0,0.4245588659292655,0.5754411340707345
DEAP:S15:T33,DEAP:S15,T33,0,3.01,1,1,1,1,unexposed,baseline_relative,train,10.0,0.466752776591823,0.533247223408177
DEAP:S15:T35,DEAP:S15,T35,1,5.05,1,1,1,1,unexposed,baseline_relative,train,10.0,0.6014342799176109,0.39856572008238916
DEAP:S16:T05,DEAP:S16,T05,1,5.51,1,1,1,1,unexposed,baseline_relative,train,10.0,0.06648731546591924,0.9335126845340808
DEAP:S16:T08,DEAP:S16,T08,0,3.51,1,1,1,1,unexposed,baseline_relative,train,10.0,0.5995199071187428,0.4004800928812572
DEAP:S16:T12,DEAP:S16,T12,1,5.97,1,1,1,1,unexposed,baseline_relative,train,10.0,0.4333496338931814,0.5666503661068186
DEAP:S16:T15,DEAP:S16,T15,0,2.67,1,1,1,1,unexposed,baseline_relative,train,10.0,0.7056872037316454,0.2943127962683546
DEAP:S16:T19,DEAP:S16,T19,0,2.86,1,1,1,1,unexposed,baseline_relative,train,10.0,0.8215988910494192,0.17840110895058084
DEAP:S16:T23,DEAP:S16,T23,0,3.9,1,1,1,1,unexposed,baseline_relative,train,10.0,0.03880529842470026,0.9611947015752997
DEAP:S16:T25,DEAP:S16,T25,0,2.47,1,1,1,1,unexposed,baseline_relative,train,10.0,0.9831316814272776,0.016868318572722394
DEAP:S16:T26,DEAP:S16,T26,0,1.82,1,1,1,1,unexposed,baseline_relative,train,10.0,0.9559226224310006,0.04407737756899946
DEAP:S16:T27,DEAP:S16,T27,0,2.59,1,1,1,1,unexposed,baseline_relative,train,10.0,0.9097530562579513,0.09024694374204864
DEAP:S16:T28,DEAP:S16,T28,0,2.85,1,1,1,1,unexposed,baseline_relative,train,10.0,0.7537066759212148,0.24629332407878518
DEAP:S16:T30,DEAP:S16,T30,1,6.1,1,1,1,1,unexposed,baseline_relative,train,10.0,0.39405234114416365,0.6059476588558363
DEAP:S16:T32,DEAP:S16,T32,1,5.01,1,1,1,1,unexposed,baseline_relative,train,10.0,0.31005207915946553,0.6899479208405345
DEAP:S16:T33,DEAP:S16,T33,0,1.0,1,1,1,1,unexposed,baseline_relative,train,10.0,0.9053805171089712,0.09461948289102881
DEAP:S16:T35,DEAP:S16,T35,0,1.0,1,1,1,1,unexposed,baseline_relative,train,10.0,0.887375166209395,0.11262483379060494
DEAP:S17:T01,DEAP:S17,T01,0,4.05,1,1,1,1,unexposed,baseline_relative,train,10.0,0.8148425915113104,0.18515740848868953
DEAP:S17:T05,DEAP:S17,T05,1,7.05,1,1,1,1,unexposed,baseline_relative,train,10.0,0.8057170668282589,0.194282933171741
DEAP:S17:T08,DEAP:S17,T08,1,6.05,1,1,1,1,unexposed,baseline_relative,train,10.0,0.013882667823779116,0.9861173321762209
DEAP:S17:T12,DEAP:S17,T12,1,5.96,1,1,1,1,unexposed,baseline_relative,train,10.0,0.56523705410076,0.43476294589924
DEAP:S17:T15,DEAP:S17,T15,1,5.96,1,1,1,1,unexposed,baseline_relative,train,10.0,0.26121636666580805,0.738783633334192
DEAP:S17:T19,DEAP:S17,T19,1,7.27,1,1,1,1,unexposed,baseline_relative,train,10.0,0.15444215377975767,0.8455578462202423
DEAP:S17:T25,DEAP:S17,T25,1,6.18,1,1,1,1,unexposed,baseline_relative,train,10.0,0.18199177937224642,0.8180082206277536
DEAP:S17:T27,DEAP:S17,T27,0,3.96,1,1,1,1,unexposed,baseline_relative,train,10.0,0.7749021584363517,0.22509784156364832
DEAP:S17:T28,DEAP:S17,T28,1,5.64,1,1,1,1,unexposed,baseline_relative,train,10.0,0.02132598165754962,0.9786740183424504
DEAP:S17:T29,DEAP:S17,T29,1,5.54,1,1,1,1,unexposed,baseline_relative,train,10.0,0.04696329398025911,0.9530367060197409
DEAP:S17:T30,DEAP:S17,T30,0,3.04,1,1,1,1,unexposed,baseline_relative,train,10.0,0.714730389231808,0.285269610768192
DEAP:S17:T32,DEAP:S17,T32,0,4.04,1,1,1,1,unexposed,baseline_relative,train,10.0,0.959330301751053,0.0406696982489469
DEAP:S17:T33,DEAP:S17,T33,0,3.83,1,1,1,1,unexposed,baseline_relative,train,10.0,0.6404896287666274,0.3595103712333726
DEAP:S18:T01,DEAP:S18,T01,1,6.33,1,1,1,1,unexposed,baseline_relative,train,10.0,0.012893814206752618,0.9871061857932474
DEAP:S18:T05,DEAP:S18,T05,1,6.13,1,1,1,1,unexposed,baseline_relative,train,10.0,0.01367365187853764,0.9863263481214624
DEAP:S18:T12,DEAP:S18,T12,1,5.55,1,1,1,1,unexposed,baseline_relative,train,10.0,0.3541826173629957,0.6458173826370043
DEAP:S18:T15,DEAP:S18,T15,1,6.04,1,1,1,1,unexposed,baseline_relative,train,10.0,0.275872740775867,0.724127259224133
DEAP:S18:T19,DEAP:S18,T19,1,7.04,1,1,1,1,unexposed,baseline_relative,train,10.0,0.28366767708200535,0.7163323229179946
DEAP:S18:T23,DEAP:S18,T23,0,3.71,1,1,1,1,unexposed,baseline_relative,train,10.0,0.6871508332434462,0.3128491667565539
DEAP:S18:T25,DEAP:S18,T25,0,4.23,1,1,1,1,unexposed,baseline_relative,train,10.0,0.9247969665986845,0.07520303340131552
DEAP:S18:T26,DEAP:S18,T26,1,5.44,1,1,1,1,unexposed,baseline_relative,train,10.0,0.7671971067680132,0.2328028932319868
DEAP:S18:T27,DEAP:S18,T27,1,5.94,1,1,1,1,unexposed,baseline_relative,train,10.0,0.32739265660095884,0.6726073433990412
DEAP:S18:T28,DEAP:S18,T28,1,5.95,1,1,1,1,unexposed,baseline_relative,train,10.0,0.5652806288390613,0.43471937116093873
DEAP:S18:T29,DEAP:S18,T29,0,4.9,1,1,1,1,unexposed,baseline_relative,train,10.0,0.9935831598578371,0.0064168401421628996
DEAP:S18:T30,DEAP:S18,T30,0,2.96,1,1,1,1,unexposed,baseline_relative,train,10.0,0.9826861479104627,0.017313852089537295
DEAP:S18:T32,DEAP:S18,T32,0,4.62,1,1,1,1,unexposed,baseline_relative,train,10.0,0.8046018527129029,0.1953981472870971
DEAP:S18:T33,DEAP:S18,T33,0,4.56,1,1,1,1,unexposed,baseline_relative,train,10.0,0.9963906184218041,0.003609381578195892
DEAP:S19:T01,DEAP:S19,T01,1,7.44,1,1,1,1,unexposed,baseline_relative,train,10.0,0.6784967825619526,0.3215032174380474
DEAP:S19:T05,DEAP:S19,T05,1,7.79,1,1,1,1,unexposed,baseline_relative,train,10.0,0.335944219218945,0.664055780781055
DEAP:S19:T08,DEAP:S19,T08,1,7.44,1,1,1,1,unexposed,baseline_relative,train,10.0,0.4814403484833508,0.5185596515166492
DEAP:S19:T12,DEAP:S19,T12,1,6.26,1,1,1,1,unexposed,baseline_relative,train,10.0,0.011546690097233414,0.9884533099027666
DEAP:S19:T15,DEAP:S19,T15,1,5.68,1,1,1,1,unexposed,baseline_relative,train,10.0,0.21889197368961033,0.7811080263103897
DEAP:S19:T19,DEAP:S19,T19,1,7.65,1,1,1,1,unexposed,baseline_relative,train,10.0,0.21493252391934792,0.7850674760806521
DEAP:S19:T23,DEAP:S19,T23,0,3.77,1,1,1,1,unexposed,baseline_relative,train,10.0,0.34244444582446676,0.6575555541755332
DEAP:S19:T25,DEAP:S19,T25,0,2.19,1,1,1,1,unexposed,baseline_relative,train,10.0,0.5093931241161858,0.49060687588381424
DEAP:S19:T26,DEAP:S19,T26,0,4.95,1,1,1,1,unexposed,baseline_relative,train,10.0,0.8119544091956261,0.18804559080437383
DEAP:S19:T27,DEAP:S19,T27,0,4.97,1,1,1,1,unexposed,baseline_relative,train,10.0,0.6870175398591164,0.3129824601408836
DEAP:S19:T28,DEAP:S19,T28,1,6.21,1,1,1,1,unexposed,baseline_relative,train,10.0,0.42670134091832035,0.5732986590816797
DEAP:S19:T29,DEAP:S19,T29,0,2.82,1,1,1,1,unexposed,baseline_relative,train,10.0,0.9716056476632667,0.028394352336733222
DEAP:S19:T30,DEAP:S19,T30,0,2.85,1,1,1,1,unexposed,baseline_relative,train,10.0,0.9011840565804903,0.09881594341950971
DEAP:S19:T35,DEAP:S19,T35,0,3.21,1,1,1,1,unexposed,baseline_relative,train,10.0,0.848688319730162,0.15131168026983796
DEAP:S20:T01,DEAP:S20,T01,1,5.76,1,1,1,1,unexposed,baseline_relative,train,10.0,0.1947285579798459,0.8052714420201541
DEAP:S20:T05,DEAP:S20,T05,1,8.82,1,1,1,1,unexposed,baseline_relative,train,10.0,0.016038216111223025,0.983961783888777
DEAP:S20:T08,DEAP:S20,T08,1,7.63,1,1,1,1,unexposed,baseline_relative,train,10.0,0.32269587892256346,0.6773041210774365
DEAP:S20:T12,DEAP:S20,T12,1,7.64,1,1,1,1,unexposed,baseline_relative,train,10.0,0.30402788158650673,0.6959721184134933
DEAP:S20:T15,DEAP:S20,T15,1,6.35,1,1,1,1,unexposed,baseline_relative,train,10.0,0.44726487296228956,0.5527351270377104
DEAP:S20:T19,DEAP:S20,T19,1,7.59,1,1,1,1,unexposed,baseline_relative,train,10.0,0.024686166244346164,0.9753138337556538
DEAP:S20:T23,DEAP:S20,T23,0,2.82,1,1,1,1,unexposed,baseline_relative,train,10.0,0.4074124700192938,0.5925875299807062
DEAP:S20:T25,DEAP:S20,T25,0,2.99,1,1,1,1,unexposed,baseline_relative,train,10.0,0.5782432575529144,0.4217567424470856
DEAP:S20:T27,DEAP:S20,T27,1,5.03,1,1,1,1,unexposed,baseline_relative,train,10.0,0.3018013228065288,0.6981986771934712
DEAP:S20:T28,DEAP:S20,T28,1,5.01,1,1,1,1,unexposed,baseline_relative,train,10.0,0.7954143513357668,0.20458564866423323
DEAP:S20:T29,DEAP:S20,T29,0,2.44,1,1,1,1,unexposed,baseline_relative,train,10.0,0.6103223893462776,0.3896776106537224
DEAP:S20:T30,DEAP:S20,T30,0,3.49,1,1,1,1,unexposed,baseline_relative,train,10.0,0.8355167074882713,0.16448329251172863
DEAP:S20:T32,DEAP:S20,T32,1,6.28,1,1,1,1,unexposed,baseline_relative,train,10.0,0.04373972662122305,0.956260273378777
DEAP:S20:T33,DEAP:S20,T33,0,4.64,1,1,1,1,unexposed,baseline_relative,train,10.0,0.6897221781076079,0.310277821892392
DEAP:S20:T35,DEAP:S20,T35,0,4.35,1,1,1,1,unexposed,baseline_relative,train,10.0,0.44583965346542165,0.5541603465345784
DEAP:S23:T01,DEAP:S23,T01,1,7.71,1,1,1,1,unexposed,baseline_relative,train,10.0,0.5258432670915358,0.4741567329084641
DEAP:S23:T05,DEAP:S23,T05,1,6.94,1,1,1,1,unexposed,baseline_relative,train,10.0,0.8170337536805226,0.18296624631947744
DEAP:S23:T08,DEAP:S23,T08,1,7.23,1,1,1,1,unexposed,baseline_relative,train,10.0,0.7482582761383434,0.2517417238616566
DEAP:S23:T12,DEAP:S23,T12,1,7.0,1,1,1,1,unexposed,baseline_relative,train,10.0,0.4824106217309092,0.5175893782690908
DEAP:S23:T15,DEAP:S23,T15,1,7.0,1,1,1,1,unexposed,baseline_relative,train,10.0,0.11240117764691837,0.8875988223530816
DEAP:S23:T19,DEAP:S23,T19,1,8.15,1,1,1,1,unexposed,baseline_relative,train,10.0,0.43896389975609384,0.5610361002439062
DEAP:S23:T23,DEAP:S23,T23,0,4.17,1,1,1,1,unexposed,baseline_relative,train,10.0,0.6598493099579046,0.34015069004209536
DEAP:S23:T25,DEAP:S23,T25,0,4.97,1,1,1,1,unexposed,baseline_relative,train,10.0,0.3318838254713633,0.6681161745286367
DEAP:S23:T26,DEAP:S23,T26,1,8.27,1,1,1,1,unexposed,baseline_relative,train,10.0,0.287968306839816,0.712031693160184
DEAP:S23:T27,DEAP:S23,T27,1,5.06,1,1,1,1,unexposed,baseline_relative,train,10.0,0.003128832083695965,0.996871167916304
DEAP:S23:T28,DEAP:S23,T28,1,5.04,1,1,1,1,unexposed,baseline_relative,train,10.0,0.8038922826555098,0.19610771734449015
DEAP:S23:T29,DEAP:S23,T29,0,3.72,1,1,1,1,unexposed,baseline_relative,train,10.0,0.856930651607023,0.143069348392977
DEAP:S23:T30,DEAP:S23,T30,0,3.88,1,1,1,1,unexposed,baseline_relative,train,10.0,0.6942301197409402,0.3057698802590599
DEAP:S23:T32,DEAP:S23,T32,1,7.97,1,1,1,1,unexposed,baseline_relative,train,10.0,0.04045471734899486,0.9595452826510051
DEAP:S23:T33,DEAP:S23,T33,1,5.04,1,1,1,1,unexposed,baseline_relative,train,10.0,0.4226952852614537,0.5773047147385463
DEAP:S24:T05,DEAP:S24,T05,1,7.06,1,1,1,1,unexposed,baseline_relative,train,10.0,0.1059967692208571,0.8940032307791429
DEAP:S24:T08,DEAP:S24,T08,1,7.03,1,1,1,1,unexposed,baseline_relative,train,10.0,0.2629871286544022,0.7370128713455978
DEAP:S24:T12,DEAP:S24,T12,1,7.04,1,1,1,1,unexposed,baseline_relative,train,10.0,0.05398204681155372,0.9460179531884463
DEAP:S24:T15,DEAP:S24,T15,1,6.0,1,1,1,1,unexposed,baseline_relative,train,10.0,0.45818831186968867,0.5418116881303113
DEAP:S24:T19,DEAP:S24,T19,1,7.03,1,1,1,1,unexposed,baseline_relative,train,10.0,0.08276977717956968,0.9172302228204303
DEAP:S24:T23,DEAP:S24,T23,0,1.0,1,1,1,1,unexposed,baseline_relative,train,10.0,0.6934475741896258,0.3065524258103743
DEAP:S24:T25,DEAP:S24,T25,0,3.12,1,1,1,1,unexposed,baseline_relative,train,10.0,0.8152331990176037,0.18476680098239628
DEAP:S24:T26,DEAP:S24,T26,0,4.05,1,1,1,1,unexposed,baseline_relative,train,10.0,0.789769473317703,0.21023052668229697
DEAP:S24:T27,DEAP:S24,T27,1,6.08,1,1,1,1,unexposed,baseline_relative,train,10.0,0.604306706430225,0.39569329356977506
DEAP:S24:T28,DEAP:S24,T28,0,4.03,1,1,1,1,unexposed,baseline_relative,train,10.0,0.9728113918796949,0.027188608120305085
DEAP:S24:T29,DEAP:S24,T29,0,3.97,1,1,1,1,unexposed,baseline_relative,train,10.0,0.7454675602258964,0.2545324397741036
DEAP:S24:T30,DEAP:S24,T30,0,1.0,1,1,1,1,unexposed,baseline_relative,train,10.0,0.9849446371952338,0.015055362804766135
DEAP:S24:T32,DEAP:S24,T32,0,3.0,1,1,1,1,unexposed,baseline_relative,train,10.0,0.9451503477718379,0.05484965222816203
DEAP:S24:T33,DEAP:S24,T33,1,5.01,1,1,1,1,unexposed,baseline_relative,train,10.0,0.5037695267682958,0.49623047323170416
DEAP:S24:T35,DEAP:S24,T35,0,4.05,1,1,1,1,unexposed,baseline_relative,train,10.0,0.9670736093659585,0.03292639063404142
DEAP:S25:T01,DEAP:S25,T01,1,8.06,1,1,1,1,unexposed,baseline_relative,train,10.0,0.6731729338774015,0.32682706612259843
DEAP:S25:T05,DEAP:S25,T05,1,5.04,1,1,1,1,unexposed,baseline_relative,train,10.0,0.2331158270392477,0.7668841729607523
DEAP:S25:T08,DEAP:S25,T08,1,8.04,1,1,1,1,unexposed,baseline_relative,train,10.0,0.05294110949055375,0.9470588905094462
DEAP:S25:T12,DEAP:S25,T12,1,8.04,1,1,1,1,unexposed,baseline_relative,train,10.0,0.4953470469732453,0.5046529530267547
DEAP:S25:T15,DEAP:S25,T15,1,7.01,1,1,1,1,unexposed,baseline_relative,train,10.0,0.6604493123081048,0.33955068769189517
DEAP:S25:T19,DEAP:S25,T19,1,7.06,1,1,1,1,unexposed,baseline_relative,train,10.0,0.1447413429197203,0.8552586570802797
DEAP:S25:T23,DEAP:S25,T23,0,2.01,1,1,1,1,unexposed,baseline_relative,train,10.0,0.9717645846165488,0.028235415383451156
DEAP:S25:T25,DEAP:S25,T25,0,4.96,1,1,1,1,unexposed,baseline_relative,train,10.0,0.27151393075250907,0.7284860692474909
DEAP:S25:T27,DEAP:S25,T27,1,5.03,1,1,1,1,unexposed,baseline_relative,train,10.0,0.3780129353978756,0.6219870646021244
DEAP:S25:T28,DEAP:S25,T28,1,5.01,1,1,1,1,unexposed,baseline_relative,train,10.0,0.23423551306981027,0.7657644869301897
DEAP:S25:T29,DEAP:S25,T29,0,1.0,1,1,1,1,unexposed,baseline_relative,train,10.0,0.7705041779964241,0.22949582200357593
DEAP:S25:T30,DEAP:S25,T30,0,4.03,1,1,1,1,unexposed,baseline_relative,train,10.0,0.6438448004645343,0.35615519953546565
DEAP:S25:T32,DEAP:S25,T32,0,1.0,1,1,1,1,unexposed,baseline_relative,train,10.0,0.9660191949461874,0.03398080505381259
DEAP:S25:T33,DEAP:S25,T33,0,1.94,1,1,1,1,unexposed,baseline_relative,train,10.0,0.9438739657403503,0.05612603425964965
DEAP:S25:T35,DEAP:S25,T35,0,3.03,1,1,1,1,unexposed,baseline_relative,train,10.0,0.9419237582944572,0.05807624170554283
DEAP:S26:T01,DEAP:S26,T01,1,7.97,1,1,1,1,unexposed,baseline_relative,train,10.0,0.944885575118863,0.05511442488113702
DEAP:S26:T05,DEAP:S26,T05,0,4.0,1,1,1,1,unexposed,baseline_relative,train,10.0,0.6800057321017683,0.31999426789823165
DEAP:S26:T08,DEAP:S26,T08,1,8.01,1,1,1,1,unexposed,baseline_relative,train,10.0,0.5189175511925548,0.4810824488074453
DEAP:S26:T12,DEAP:S26,T12,1,7.04,1,1,1,1,unexposed,baseline_relative,train,10.0,0.04061981741020493,0.9593801825897951
DEAP:S26:T15,DEAP:S26,T15,1,7.01,1,1,1,1,unexposed,baseline_relative,train,10.0,0.03403123664085628,0.9659687633591437
DEAP:S26:T19,DEAP:S26,T19,1,8.0,1,1,1,1,unexposed,baseline_relative,train,10.0,0.52418379528073,0.47581620471927
DEAP:S26:T23,DEAP:S26,T23,0,2.28,1,1,1,1,unexposed,baseline_relative,train,10.0,0.8884573378823138,0.11154266211768617
DEAP:S26:T26,DEAP:S26,T26,1,5.05,1,1,1,1,unexposed,baseline_relative,train,10.0,0.26186489699512294,0.7381351030048771
DEAP:S26:T27,DEAP:S26,T27,1,6.0,1,1,1,1,unexposed,baseline_relative,train,10.0,0.635068160179477,0.364931839820523
DEAP:S26:T28,DEAP:S26,T28,1,5.97,1,1,1,1,unexposed,baseline_relative,train,10.0,0.7830437720374337,0.2169562279625663
DEAP:S26:T29,DEAP:S26,T29,1,6.09,1,1,1,1,unexposed,baseline_relative,train,10.0,0.06062158570560694,0.9393784142943931
DEAP:S26:T30,DEAP:S26,T30,0,4.95,1,1,1,1,unexposed,baseline_relative,train,10.0,0.8023476622543766,0.19765233774562338
DEAP:S26:T32,DEAP:S26,T32,0,1.96,1,1,1,1,unexposed,baseline_relative,train,10.0,0.8569139789030871,0.14308602109691299
DEAP:S26:T33,DEAP:S26,T33,0,1.0,1,1,1,1,unexposed,baseline_relative,train,10.0,0.7458462616583634,0.2541537383416366
DEAP:S26:T35,DEAP:S26,T35,0,2.97,1,1,1,1,unexposed,baseline_relative,train,10.0,0.639709774115192,0.3602902258848079
DEAP:S27:T01,DEAP:S27,T01,1,6.03,1,1,1,1,unexposed,baseline_relative,train,10.0,0.008803765391629415,0.9911962346083706
DEAP:S27:T05,DEAP:S27,T05,0,4.97,1,1,1,1,unexposed,baseline_relative,train,10.0,0.8016739449741628,0.19832605502583722
DEAP:S27:T08,DEAP:S27,T08,1,8.24,1,1,1,1,unexposed,baseline_relative,train,10.0,0.04924975176441926,0.9507502482355807
DEAP:S27:T15,DEAP:S27,T15,1,5.04,1,1,1,1,unexposed,baseline_relative,train,10.0,0.005584715768918613,0.9944152842310814
DEAP:S27:T19,DEAP:S27,T19,1,5.06,1,1,1,1,unexposed,baseline_relative,train,10.0,0.2467966200310413,0.7532033799689587
DEAP:S27:T23,DEAP:S27,T23,1,8.0,1,1,1,1,unexposed,baseline_relative,train,10.0,0.0028059199203027685,0.9971940800796972
DEAP:S27:T25,DEAP:S27,T25,0,4.0,1,1,1,1,unexposed,baseline_relative,train,10.0,0.3666310698107833,0.6333689301892167
DEAP:S27:T26,DEAP:S27,T26,1,5.04,1,1,1,1,unexposed,baseline_relative,train,10.0,0.2619135258192641,0.7380864741807359
DEAP:S27:T27,DEAP:S27,T27,0,4.97,1,1,1,1,unexposed,baseline_relative,train,10.0,0.28747029996407536,0.7125297000359246
DEAP:S27:T28,DEAP:S27,T28,1,5.04,1,1,1,1,unexposed,baseline_relative,train,10.0,0.04252270736672181,0.9574772926332782
DEAP:S27:T29,DEAP:S27,T29,1,7.18,1,1,1,1,unexposed,baseline_relative,train,10.0,0.49597807109683234,0.5040219289031677
DEAP:S27:T30,DEAP:S27,T30,1,7.08,1,1,1,1,unexposed,baseline_relative,train,10.0,0.29853656593870337,0.7014634340612966
DEAP:S27:T32,DEAP:S27,T32,1,5.04,1,1,1,1,unexposed,baseline_relative,train,10.0,0.012714386700389713,0.9872856132996103
DEAP:S27:T33,DEAP:S27,T33,1,5.04,1,1,1,1,unexposed,baseline_relative,train,10.0,0.18793111779935645,0.8120688822006435
DEAP:S27:T35,DEAP:S27,T35,0,1.0,1,1,1,1,unexposed,baseline_relative,train,10.0,0.2068809248565595,0.7931190751434405
DEAP:S28:T01,DEAP:S28,T01,1,7.03,1,1,1,1,unexposed,baseline_relative,train,10.0,0.2919300840314305,0.7080699159685695
DEAP:S28:T05,DEAP:S28,T05,1,7.04,1,1,1,1,unexposed,baseline_relative,train,10.0,0.10936905875433467,0.8906309412456653
DEAP:S28:T08,DEAP:S28,T08,1,7.01,1,1,1,1,unexposed,baseline_relative,train,10.0,0.0586691033340101,0.9413308966659899
DEAP:S28:T12,DEAP:S28,T12,1,6.06,1,1,1,1,unexposed,baseline_relative,train,10.0,0.06167336877860252,0.9383266312213975
DEAP:S28:T15,DEAP:S28,T15,1,5.04,1,1,1,1,unexposed,baseline_relative,train,10.0,0.37451150858059956,0.6254884914194004
DEAP:S28:T19,DEAP:S28,T19,1,7.03,1,1,1,1,unexposed,baseline_relative,train,10.0,0.018155080808137436,0.9818449191918626
DEAP:S28:T25,DEAP:S28,T25,0,4.06,1,1,1,1,unexposed,baseline_relative,train,10.0,0.7645818440506069,0.2354181559493931
DEAP:S28:T27,DEAP:S28,T27,1,6.08,1,1,1,1,unexposed,baseline_relative,train,10.0,0.3152546936935966,0.6847453063064034
DEAP:S28:T28,DEAP:S28,T28,0,2.9,1,1,1,1,unexposed,baseline_relative,train,10.0,0.570023311590153,0.4299766884098471
DEAP:S28:T29,DEAP:S28,T29,0,2.06,1,1,1,1,unexposed,baseline_relative,train,10.0,0.34222927119840174,0.6577707288015983
DEAP:S28:T32,DEAP:S28,T32,0,3.05,1,1,1,1,unexposed,baseline_relative,train,10.0,0.40218500775695654,0.5978149922430435
DEAP:S28:T33,DEAP:S28,T33,1,7.01,1,1,1,1,unexposed,baseline_relative,train,10.0,0.5067174252011531,0.49328257479884685
DEAP:S28:T35,DEAP:S28,T35,0,1.08,1,1,1,1,unexposed,baseline_relative,train,10.0,0.8423975945506946,0.1576024054493054
DEAP:S29:T01,DEAP:S29,T01,1,6.06,1,1,1,1,unexposed,baseline_relative,train,10.0,0.12536583403317014,0.8746341659668299
DEAP:S29:T05,DEAP:S29,T05,1,6.05,1,1,1,1,unexposed,baseline_relative,train,10.0,0.07618572834676163,0.9238142716532384
DEAP:S29:T08,DEAP:S29,T08,1,7.04,1,1,1,1,unexposed,baseline_relative,train,10.0,0.07601280976832792,0.9239871902316721
DEAP:S29:T12,DEAP:S29,T12,1,6.04,1,1,1,1,unexposed,baseline_relative,train,10.0,0.31564085808977094,0.6843591419102291
DEAP:S29:T19,DEAP:S29,T19,1,7.05,1,1,1,1,unexposed,baseline_relative,train,10.0,0.4498384755585455,0.5501615244414545
DEAP:S29:T23,DEAP:S29,T23,0,2.05,1,1,1,1,unexposed,baseline_relative,train,10.0,0.36101278552433325,0.6389872144756668
DEAP:S29:T25,DEAP:S29,T25,0,3.03,1,1,1,1,unexposed,baseline_relative,train,10.0,0.5524994884431266,0.4475005115568734
DEAP:S29:T26,DEAP:S29,T26,0,3.0,1,1,1,1,unexposed,baseline_relative,train,10.0,0.8300489353115142,0.16995106468848578
DEAP:S29:T27,DEAP:S29,T27,1,7.09,1,1,1,1,unexposed,baseline_relative,train,10.0,0.44888779528467804,0.551112204715322
DEAP:S29:T28,DEAP:S29,T28,0,1.04,1,1,1,1,unexposed,baseline_relative,train,10.0,0.7860308166142838,0.21396918338571624
DEAP:S29:T29,DEAP:S29,T29,0,3.97,1,1,1,1,unexposed,baseline_relative,train,10.0,0.9491353521781324,0.05086464782186759
DEAP:S29:T30,DEAP:S29,T30,0,2.95,1,1,1,1,unexposed,baseline_relative,train,10.0,0.9841911104488735,0.0158088895511265
DEAP:S29:T33,DEAP:S29,T33,0,1.99,1,1,1,1,unexposed,baseline_relative,train,10.0,0.6938156292617097,0.3061843707382903
DEAP:S29:T35,DEAP:S29,T35,0,1.92,1,1,1,1,unexposed,baseline_relative,train,10.0,0.6975395179404031,0.30246048205959686
DEAP:S31:T01,DEAP:S31,T01,1,6.79,1,1,1,1,unexposed,baseline_relative,train,10.0,0.4019877615141726,0.5980122384858274
DEAP:S31:T05,DEAP:S31,T05,1,6.22,1,1,1,1,unexposed,baseline_relative,train,10.0,0.02880799456431893,0.9711920054356811
DEAP:S31:T08,DEAP:S31,T08,1,6.03,1,1,1,1,unexposed,baseline_relative,train,10.0,0.14860440278742937,0.8513955972125706
DEAP:S31:T12,DEAP:S31,T12,1,7.14,1,1,1,1,unexposed,baseline_relative,train,10.0,0.12909455701577666,0.8709054429842233
DEAP:S31:T15,DEAP:S31,T15,1,6.05,1,1,1,1,unexposed,baseline_relative,train,10.0,0.7085041882461881,0.2914958117538119
DEAP:S31:T23,DEAP:S31,T23,0,1.0,1,1,1,1,unexposed,baseline_relative,train,10.0,0.8646607092389917,0.1353392907610083
DEAP:S31:T25,DEAP:S31,T25,1,6.14,1,1,1,1,unexposed,baseline_relative,train,10.0,0.2586797736597002,0.7413202263402998
DEAP:S31:T26,DEAP:S31,T26,1,7.08,1,1,1,1,unexposed,baseline_relative,train,10.0,0.45215682439310134,0.5478431756068987
DEAP:S31:T29,DEAP:S31,T29,1,5.09,1,1,1,1,unexposed,baseline_relative,train,10.0,0.010180106497685193,0.9898198935023148
DEAP:S31:T30,DEAP:S31,T30,0,3.13,1,1,1,1,unexposed,baseline_relative,train,10.0,0.6546173759044958,0.3453826240955042
DEAP:S31:T32,DEAP:S31,T32,0,1.0,1,1,1,1,unexposed,baseline_relative,train,10.0,0.9853268176380978,0.014673182361902135
DEAP:S31:T33,DEAP:S31,T33,0,4.18,1,1,1,1,unexposed,baseline_relative,train,10.0,0.6011129281485836,0.39888707185141636
DEAP:S31:T35,DEAP:S31,T35,0,4.03,1,1,1,1,unexposed,baseline_relative,train,10.0,0.4068230421866036,0.5931769578133964
DEAP:S32:T01,DEAP:S32,T01,1,8.13,1,1,1,1,unexposed,baseline_relative,train,10.0,0.005262033779131037,0.994737966220869
DEAP:S32:T05,DEAP:S32,T05,1,7.15,1,1,1,1,unexposed,baseline_relative,train,10.0,0.10770660180503966,0.8922933981949603
DEAP:S32:T08,DEAP:S32,T08,1,7.96,1,1,1,1,unexposed,baseline_relative,train,10.0,0.3226794030099992,0.6773205969900008
DEAP:S32:T12,DEAP:S32,T12,1,7.31,1,1,1,1,unexposed,baseline_relative,train,10.0,0.538850804575016,0.46114919542498406
DEAP:S32:T15,DEAP:S32,T15,1,5.01,1,1,1,1,unexposed,baseline_relative,train,10.0,0.27858825666965037,0.7214117433303496
DEAP:S32:T19,DEAP:S32,T19,1,8.24,1,1,1,1,unexposed,baseline_relative,train,10.0,0.12632324996917732,0.8736767500308227
DEAP:S32:T23,DEAP:S32,T23,0,3.01,1,1,1,1,unexposed,baseline_relative,train,10.0,0.6763972873681989,0.32360271263180107
DEAP:S32:T25,DEAP:S32,T25,0,4.01,1,1,1,1,unexposed,baseline_relative,train,10.0,0.5070335127253385,0.4929664872746615
DEAP:S32:T26,DEAP:S32,T26,1,5.14,1,1,1,1,unexposed,baseline_relative,train,10.0,0.6278370553398093,0.37216294466019073
DEAP:S32:T27,DEAP:S32,T27,1,6.0,1,1,1,1,unexposed,baseline_relative,train,10.0,0.10416218097419139,0.8958378190258086
DEAP:S32:T28,DEAP:S32,T28,1,6.03,1,1,1,1,unexposed,baseline_relative,train,10.0,0.6602975300436353,0.3397024699563646
DEAP:S32:T29,DEAP:S32,T29,0,4.09,1,1,1,1,unexposed,baseline_relative,train,10.0,0.25144438547372383,0.7485556145262762
DEAP:S32:T30,DEAP:S32,T30,0,1.0,1,1,1,1,unexposed,baseline_relative,train,10.0,0.7073254816929726,0.29267451830702745
DEAP:S32:T32,DEAP:S32,T32,0,3.87,1,1,1,1,unexposed,baseline_relative,train,10.0,0.4534444011212794,0.5465555988787206
DEAP:S32:T33,DEAP:S32,T33,0,4.06,1,1,1,1,unexposed,baseline_relative,train,10.0,0.770982713824931,0.22901728617506895
DEAP:S32:T35,DEAP:S32,T35,0,3.88,1,1,1,1,unexposed,baseline_relative,train,10.0,0.47771455468248847,0.5222854453175115
DEAP:S07:T04,DEAP:S07,T04,1,7.08,1,1,1,1,unexposed,baseline_relative,validation_unseen,10.0,0.4279931985676919,0.5720068014323081
DEAP:S07:T07,DEAP:S07,T07,1,7.08,1,1,1,1,unexposed,baseline_relative,validation_unseen,10.0,0.946537902327787,0.05346209767221295
DEAP:S07:T09,DEAP:S07,T09,1,6.99,1,1,1,1,unexposed,baseline_relative,validation_unseen,10.0,0.7912716644183524,0.20872833558164766
DEAP:S07:T13,DEAP:S07,T13,1,8.0,1,1,1,1,unexposed,baseline_relative,validation_unseen,10.0,0.9973187595373532,0.0026812404626468055
DEAP:S07:T18,DEAP:S07,T18,1,7.03,1,1,1,1,unexposed,baseline_relative,validation_unseen,10.0,0.20058251965762863,0.7994174803423714
DEAP:S07:T22,DEAP:S07,T22,0,3.05,1,1,1,1,unexposed,baseline_relative,validation_unseen,10.0,0.9954113647034752,0.0045886352965247975
DEAP:S07:T24,DEAP:S07,T24,0,1.97,1,1,1,1,unexposed,baseline_relative,validation_unseen,10.0,0.8056489742668468,0.1943510257331532
DEAP:S07:T36,DEAP:S07,T36,1,8.1,1,1,1,1,unexposed,baseline_relative,validation_unseen,10.0,0.9398277871246127,0.06017221287538734
DEAP:S08:T04,DEAP:S08,T04,1,6.82,1,1,1,1,unexposed,baseline_relative,validation_unseen,10.0,0.0024342153574256065,0.9975657846425744
DEAP:S08:T07,DEAP:S08,T07,1,5.04,1,1,1,1,unexposed,baseline_relative,validation_unseen,10.0,0.9426056251679581,0.057394374832041864
DEAP:S08:T09,DEAP:S08,T09,1,8.78,1,1,1,1,unexposed,baseline_relative,validation_unseen,10.0,0.2890692364647194,0.7109307635352806
DEAP:S08:T13,DEAP:S08,T13,1,7.9,1,1,1,1,unexposed,baseline_relative,validation_unseen,10.0,0.03186106633094887,0.9681389336690511
DEAP:S08:T18,DEAP:S08,T18,1,7.21,1,1,1,1,unexposed,baseline_relative,validation_unseen,10.0,0.10167259340099233,0.8983274065990077
DEAP:S08:T22,DEAP:S08,T22,0,4.23,1,1,1,1,unexposed,baseline_relative,validation_unseen,10.0,0.47060443417197195,0.529395565828028
DEAP:S08:T24,DEAP:S08,T24,0,4.15,1,1,1,1,unexposed,baseline_relative,validation_unseen,10.0,0.5847038989170337,0.41529610108296633
DEAP:S08:T36,DEAP:S08,T36,0,1.21,1,1,1,1,unexposed,baseline_relative,validation_unseen,10.0,0.032327889843413615,0.9676721101565864
DEAP:S10:T04,DEAP:S10,T04,1,7.01,1,1,1,1,unexposed,baseline_relative,validation_unseen,10.0,0.9284330731651247,0.0715669268348753
DEAP:S10:T07,DEAP:S10,T07,1,8.96,1,1,1,1,unexposed,baseline_relative,validation_unseen,10.0,0.9996909031885587,0.00030909681144127585
DEAP:S10:T09,DEAP:S10,T09,1,7.56,1,1,1,1,unexposed,baseline_relative,validation_unseen,10.0,0.9994103462001851,0.0005896537998148631
DEAP:S10:T13,DEAP:S10,T13,1,6.72,1,1,1,1,unexposed,baseline_relative,validation_unseen,10.0,0.9989361241953618,0.0010638758046381798
DEAP:S10:T18,DEAP:S10,T18,1,7.31,1,1,1,1,unexposed,baseline_relative,validation_unseen,10.0,0.9697590656250923,0.03024093437490775
DEAP:S10:T22,DEAP:S10,T22,0,4.24,1,1,1,1,unexposed,baseline_relative,validation_unseen,10.0,0.47963366582841793,0.5203663341715821
DEAP:S10:T24,DEAP:S10,T24,1,6.82,1,1,1,1,unexposed,baseline_relative,validation_unseen,10.0,0.9990016315087104,0.000998368491289612
DEAP:S10:T36,DEAP:S10,T36,0,2.17,1,1,1,1,unexposed,baseline_relative,validation_unseen,10.0,0.9995653080368605,0.0004346919631394891
DEAP:S30:T04,DEAP:S30,T04,1,7.04,1,1,1,1,unexposed,baseline_relative,validation_unseen,10.0,0.35690411986045145,0.6430958801395485
DEAP:S30:T07,DEAP:S30,T07,0,4.05,1,1,1,1,unexposed,baseline_relative,validation_unseen,10.0,0.009179280525523748,0.9908207194744763
DEAP:S30:T09,DEAP:S30,T09,1,7.08,1,1,1,1,unexposed,baseline_relative,validation_unseen,10.0,0.1639900840962839,0.8360099159037161
DEAP:S30:T13,DEAP:S30,T13,0,4.04,1,1,1,1,unexposed,baseline_relative,validation_unseen,10.0,0.16872867330484287,0.8312713266951571
DEAP:S30:T18,DEAP:S30,T18,1,7.05,1,1,1,1,unexposed,baseline_relative,validation_unseen,10.0,0.023979355809288116,0.9760206441907119
DEAP:S30:T22,DEAP:S30,T22,0,4.05,1,1,1,1,unexposed,baseline_relative,validation_unseen,10.0,0.2570332245102932,0.7429667754897068
DEAP:S30:T24,DEAP:S30,T24,1,5.99,1,1,1,1,unexposed,baseline_relative,validation_unseen,10.0,0.22958287207842742,0.7704171279215726
DEAP:S30:T36,DEAP:S30,T36,0,4.03,1,1,1,1,unexposed,baseline_relative,validation_unseen,10.0,0.027441587172470583,0.9725584128275294
DEAP:S07:T01,DEAP:S07,T01,1,8.1,1,1,1,1,unexposed,baseline_relative,validation_familiar,10.0,0.9941313710862661,0.005868628913733843
DEAP:S07:T05,DEAP:S07,T05,1,7.05,1,1,1,1,unexposed,baseline_relative,validation_familiar,10.0,0.05861712716783274,0.9413828728321673
DEAP:S07:T08,DEAP:S07,T08,1,7.0,1,1,1,1,unexposed,baseline_relative,validation_familiar,10.0,0.9993874549170103,0.0006125450829897204
DEAP:S07:T12,DEAP:S07,T12,1,6.99,1,1,1,1,unexposed,baseline_relative,validation_familiar,10.0,0.8290754117308515,0.1709245882691485
DEAP:S07:T15,DEAP:S07,T15,1,7.99,1,1,1,1,unexposed,baseline_relative,validation_familiar,10.0,0.9891658882648827,0.01083411173511732
DEAP:S07:T19,DEAP:S07,T19,1,6.99,1,1,1,1,unexposed,baseline_relative,validation_familiar,10.0,0.8794480743181947,0.12055192568180523
DEAP:S07:T23,DEAP:S07,T23,0,3.01,1,1,1,1,unexposed,baseline_relative,validation_familiar,10.0,0.049813107168427684,0.9501868928315723
DEAP:S07:T25,DEAP:S07,T25,0,2.99,1,1,1,1,unexposed,baseline_relative,validation_familiar,10.0,0.364158756229633,0.635841243770367
DEAP:S07:T26,DEAP:S07,T26,0,2.0,1,1,1,1,unexposed,baseline_relative,validation_familiar,10.0,0.9610570150535742,0.038942984946425736
DEAP:S07:T27,DEAP:S07,T27,1,6.09,1,1,1,1,unexposed,baseline_relative,validation_familiar,10.0,0.9005797875341027,0.09942021246589723
DEAP:S07:T28,DEAP:S07,T28,0,2.05,1,1,1,1,unexposed,baseline_relative,validation_familiar,10.0,0.9994208131926746,0.0005791868073253855
DEAP:S07:T29,DEAP:S07,T29,1,7.09,1,1,1,1,unexposed,baseline_relative,validation_familiar,10.0,0.9999955164586354,4.483541364653164e-06
DEAP:S07:T30,DEAP:S07,T30,0,3.09,1,1,1,1,unexposed,baseline_relative,validation_familiar,10.0,0.5469023062526609,0.4530976937473391
DEAP:S07:T32,DEAP:S07,T32,0,4.96,1,1,1,1,unexposed,baseline_relative,validation_familiar,10.0,0.9109946548475166,0.08900534515248339
DEAP:S07:T33,DEAP:S07,T33,0,4.97,1,1,1,1,unexposed,baseline_relative,validation_familiar,10.0,0.993608203156879,0.006391796843120972
DEAP:S07:T35,DEAP:S07,T35,1,5.01,1,1,1,1,unexposed,baseline_relative,validation_familiar,10.0,0.9994727300783026,0.0005272699216974365
DEAP:S08:T01,DEAP:S08,T01,1,7.6,1,1,1,1,unexposed,baseline_relative,validation_familiar,10.0,0.025069114347825994,0.974930885652174
DEAP:S08:T05,DEAP:S08,T05,0,4.41,1,1,1,1,unexposed,baseline_relative,validation_familiar,10.0,0.2549882568003411,0.7450117431996589
DEAP:S08:T08,DEAP:S08,T08,1,8.82,1,1,1,1,unexposed,baseline_relative,validation_familiar,10.0,0.46888080917703,0.53111919082297
DEAP:S08:T12,DEAP:S08,T12,1,8.47,1,1,1,1,unexposed,baseline_relative,validation_familiar,10.0,0.10799101203170924,0.8920089879682908
DEAP:S08:T15,DEAP:S08,T15,1,8.33,1,1,1,1,unexposed,baseline_relative,validation_familiar,10.0,0.7351705840351936,0.2648294159648063
DEAP:S08:T19,DEAP:S08,T19,1,5.04,1,1,1,1,unexposed,baseline_relative,validation_familiar,10.0,0.6478590549622751,0.35214094503772486
DEAP:S08:T23,DEAP:S08,T23,0,3.59,1,1,1,1,unexposed,baseline_relative,validation_familiar,10.0,0.9664329226545867,0.03356707734541328
DEAP:S08:T25,DEAP:S08,T25,0,3.72,1,1,1,1,unexposed,baseline_relative,validation_familiar,10.0,0.4036680273660399,0.5963319726339601
DEAP:S08:T26,DEAP:S08,T26,0,4.99,1,1,1,1,unexposed,baseline_relative,validation_familiar,10.0,0.9900838043338163,0.00991619566618377
DEAP:S08:T27,DEAP:S08,T27,0,4.46,1,1,1,1,unexposed,baseline_relative,validation_familiar,10.0,0.02924708018436417,0.9707529198156358
DEAP:S08:T28,DEAP:S08,T28,1,5.04,1,1,1,1,unexposed,baseline_relative,validation_familiar,10.0,0.9713101076135273,0.028689892386472727
DEAP:S08:T29,DEAP:S08,T29,0,2.78,1,1,1,1,unexposed,baseline_relative,validation_familiar,10.0,0.04428707805389975,0.9557129219461002
DEAP:S08:T30,DEAP:S08,T30,0,1.4,1,1,1,1,unexposed,baseline_relative,validation_familiar,10.0,0.04188389160958805,0.958116108390412
DEAP:S08:T32,DEAP:S08,T32,1,6.33,1,1,1,1,unexposed,baseline_relative,validation_familiar,10.0,0.17412624512232389,0.8258737548776761
DEAP:S08:T33,DEAP:S08,T33,0,4.44,1,1,1,1,unexposed,baseline_relative,validation_familiar,10.0,0.300453012802366,0.699546987197634
DEAP:S08:T35,DEAP:S08,T35,0,3.62,1,1,1,1,unexposed,baseline_relative,validation_familiar,10.0,0.01317549829649789,0.9868245017035021
DEAP:S10:T01,DEAP:S10,T01,1,7.91,1,1,1,1,unexposed,baseline_relative,validation_familiar,10.0,0.8917747397406419,0.10822526025935808
DEAP:S10:T05,DEAP:S10,T05,1,7.24,1,1,1,1,unexposed,baseline_relative,validation_familiar,10.0,0.9688180879558155,0.031181912044184485
DEAP:S10:T08,DEAP:S10,T08,1,5.68,1,1,1,1,unexposed,baseline_relative,validation_familiar,10.0,0.9995789303175693,0.00042106968243075903
DEAP:S10:T12,DEAP:S10,T12,1,5.37,1,1,1,1,unexposed,baseline_relative,validation_familiar,10.0,0.9998502025935558,0.00014979740644412845
DEAP:S10:T15,DEAP:S10,T15,1,5.31,1,1,1,1,unexposed,baseline_relative,validation_familiar,10.0,0.983366025847521,0.016633974152479067
DEAP:S10:T19,DEAP:S10,T19,1,7.82,1,1,1,1,unexposed,baseline_relative,validation_familiar,10.0,0.9856830148304807,0.014316985169519276
DEAP:S10:T23,DEAP:S10,T23,0,2.87,1,1,1,1,unexposed,baseline_relative,validation_familiar,10.0,0.12184634919597037,0.8781536508040296
DEAP:S10:T25,DEAP:S10,T25,0,1.92,1,1,1,1,unexposed,baseline_relative,validation_familiar,10.0,0.9906211378495681,0.009378862150431983
DEAP:S10:T26,DEAP:S10,T26,0,4.95,1,1,1,1,unexposed,baseline_relative,validation_familiar,10.0,0.9914997407810789,0.00850025921892104
DEAP:S10:T27,DEAP:S10,T27,0,4.94,1,1,1,1,unexposed,baseline_relative,validation_familiar,10.0,0.9962087557894141,0.003791244210585804
DEAP:S10:T28,DEAP:S10,T28,0,4.31,1,1,1,1,unexposed,baseline_relative,validation_familiar,10.0,0.720462458016736,0.27953754198326397
DEAP:S10:T29,DEAP:S10,T29,0,3.94,1,1,1,1,unexposed,baseline_relative,validation_familiar,10.0,0.011455876060029624,0.9885441239399704
DEAP:S10:T30,DEAP:S10,T30,0,2.64,1,1,1,1,unexposed,baseline_relative,validation_familiar,10.0,0.8319128422106442,0.16808715778935576
DEAP:S10:T32,DEAP:S10,T32,1,5.96,1,1,1,1,unexposed,baseline_relative,validation_familiar,10.0,0.9983652587580627,0.0016347412419373294
DEAP:S10:T33,DEAP:S10,T33,0,4.94,1,1,1,1,unexposed,baseline_relative,validation_familiar,10.0,0.9985351259014877,0.001464874098512307
DEAP:S10:T35,DEAP:S10,T35,0,1.38,1,1,1,1,unexposed,baseline_relative,validation_familiar,10.0,0.9664010912306072,0.03359890876939279
DEAP:S30:T01,DEAP:S30,T01,1,5.04,1,1,1,1,unexposed,baseline_relative,validation_familiar,10.0,0.002136246676659237,0.9978637533233408
DEAP:S30:T05,DEAP:S30,T05,1,6.19,1,1,1,1,unexposed,baseline_relative,validation_familiar,10.0,0.11066952071280012,0.8893304792871999
DEAP:S30:T08,DEAP:S30,T08,1,6.05,1,1,1,1,unexposed,baseline_relative,validation_familiar,10.0,0.000427140745004162,0.9995728592549958
DEAP:S30:T12,DEAP:S30,T12,1,5.15,1,1,1,1,unexposed,baseline_relative,validation_familiar,10.0,0.012607025363180036,0.98739297463682
DEAP:S30:T15,DEAP:S30,T15,1,5.01,1,1,1,1,unexposed,baseline_relative,validation_familiar,10.0,0.002527425095262492,0.9974725749047375
DEAP:S30:T19,DEAP:S30,T19,1,8.27,1,1,1,1,unexposed,baseline_relative,validation_familiar,10.0,0.9022213408148997,0.09777865918510031
DEAP:S30:T23,DEAP:S30,T23,0,3.0,1,1,1,1,unexposed,baseline_relative,validation_familiar,10.0,0.10363372084452827,0.8963662791554717
DEAP:S30:T25,DEAP:S30,T25,0,3.92,1,1,1,1,unexposed,baseline_relative,validation_familiar,10.0,0.012902391418407655,0.9870976085815923
DEAP:S30:T26,DEAP:S30,T26,1,5.01,1,1,1,1,unexposed,baseline_relative,validation_familiar,10.0,0.004962106012654233,0.9950378939873458
DEAP:S30:T27,DEAP:S30,T27,1,8.01,1,1,1,1,unexposed,baseline_relative,validation_familiar,10.0,0.067657432369984,0.932342567630016
DEAP:S30:T28,DEAP:S30,T28,1,5.06,1,1,1,1,unexposed,baseline_relative,validation_familiar,10.0,0.5204442282758949,0.47955577172410513
DEAP:S30:T29,DEAP:S30,T29,1,7.23,1,1,1,1,unexposed,baseline_relative,validation_familiar,10.0,0.49053590860522933,0.5094640913947707
DEAP:S30:T30,DEAP:S30,T30,0,4.04,1,1,1,1,unexposed,baseline_relative,validation_familiar,10.0,0.21178117678017283,0.7882188232198272
DEAP:S30:T32,DEAP:S30,T32,1,5.01,1,1,1,1,unexposed,baseline_relative,validation_familiar,10.0,0.0037709644069118253,0.9962290355930882
DEAP:S30:T33,DEAP:S30,T33,0,3.91,1,1,1,1,unexposed,baseline_relative,validation_familiar,10.0,0.01101201198373336,0.9889879880162666
DEAP:S30:T35,DEAP:S30,T35,1,5.04,1,1,1,1,unexposed,baseline_relative,validation_familiar,10.0,0.008999825063129796,0.9910001749368702
