trial_id,subject_id,material_key,label,original_label,group,source_session,material_rotation,fold,arm,model,role,C,p0,p1
DEAP:S01:T01,DEAP:S01,T01,1,7.71,2,1,3,0,unexposed,stimulus_absolute_context,train,0.01,0.3784975586399515,0.6215024413600485
DEAP:S01:T03,DEAP:S01,T03,1,8.58,2,1,3,0,unexposed,stimulus_absolute_context,train,0.01,0.2387612103470681,0.7612387896529319
DEAP:S01:T04,DEAP:S01,T04,0,4.94,2,1,3,0,unexposed,stimulus_absolute_context,train,0.01,0.2601334446647564,0.7398665553352436
DEAP:S01:T08,DEAP:S01,T08,1,7.32,2,1,3,0,unexposed,stimulus_absolute_context,train,0.01,0.3192800042691798,0.6807199957308202
DEAP:S01:T10,DEAP:S01,T10,0,1.99,2,1,3,0,unexposed,stimulus_absolute_context,train,0.01,0.6299267825202528,0.37007321747974714
DEAP:S01:T11,DEAP:S01,T11,0,2.99,2,1,3,0,unexposed,stimulus_absolute_context,train,0.01,0.23661710015799486,0.7633828998420051
DEAP:S01:T12,DEAP:S01,T12,0,2.71,2,1,3,0,unexposed,stimulus_absolute_context,train,0.01,0.2971119881047267,0.7028880118952733
DEAP:S01:T18,DEAP:S01,T18,1,7.23,2,1,3,0,unexposed,stimulus_absolute_context,train,0.01,0.36036014053163345,0.6396398594683665
DEAP:S01:T22,DEAP:S01,T22,1,7.09,2,1,3,0,unexposed,stimulus_absolute_context,train,0.01,0.7386550373630085,0.2613449626369914
DEAP:S01:T24,DEAP:S01,T24,1,7.04,2,1,3,0,unexposed,stimulus_absolute_context,train,0.01,0.7644982425022583,0.23550175749774171
DEAP:S01:T25,DEAP:S01,T25,1,8.86,2,1,3,0,unexposed,stimulus_absolute_context,train,0.01,0.7198918312035121,0.28010816879648787
DEAP:S01:T29,DEAP:S01,T29,0,1.36,2,1,3,0,unexposed,stimulus_absolute_context,train,0.01,0.76304083066563,0.23695916933436997
DEAP:S01:T31,DEAP:S01,T31,0,3.03,2,1,3,0,unexposed,stimulus_absolute_context,train,0.01,0.7866889085182237,0.21331109148177627
DEAP:S01:T32,DEAP:S01,T32,0,2.28,2,1,3,0,unexposed,stimulus_absolute_context,train,0.01,0.719235107902767,0.28076489209723293
DEAP:S01:T34,DEAP:S01,T34,0,2.28,2,1,3,0,unexposed,stimulus_absolute_context,train,0.01,0.7595268655049967,0.24047313449500324
DEAP:S02:T01,DEAP:S02,T01,1,9.0,2,1,3,0,unexposed,stimulus_absolute_context,train,0.01,0.31439162370914464,0.6856083762908554
DEAP:S02:T03,DEAP:S02,T03,1,9.0,2,1,3,0,unexposed,stimulus_absolute_context,train,0.01,0.21672832420246746,0.7832716757975325
DEAP:S02:T04,DEAP:S02,T04,1,6.05,2,1,3,0,unexposed,stimulus_absolute_context,train,0.01,0.28148642790958356,0.7185135720904164
DEAP:S02:T05,DEAP:S02,T05,1,5.04,2,1,3,0,unexposed,stimulus_absolute_context,train,0.01,0.44292621773869767,0.5570737822613023
DEAP:S02:T08,DEAP:S02,T08,1,9.0,2,1,3,0,unexposed,stimulus_absolute_context,train,0.01,0.2567285046226112,0.7432714953773888
DEAP:S02:T10,DEAP:S02,T10,0,4.99,2,1,3,0,unexposed,stimulus_absolute_context,train,0.01,0.5518620977191757,0.44813790228082423
DEAP:S02:T11,DEAP:S02,T11,1,7.08,2,1,3,0,unexposed,stimulus_absolute_context,train,0.01,0.25493239591667727,0.7450676040833227
DEAP:S02:T12,DEAP:S02,T12,1,8.01,2,1,3,0,unexposed,stimulus_absolute_context,train,0.01,0.29427987078044215,0.7057201292195578
DEAP:S02:T18,DEAP:S02,T18,1,9.0,2,1,3,0,unexposed,stimulus_absolute_context,train,0.01,0.29906524417445823,0.7009347558255418
DEAP:S02:T25,DEAP:S02,T25,1,9.0,2,1,3,0,unexposed,stimulus_absolute_context,train,0.01,0.6691512114996524,0.3308487885003476
DEAP:S02:T29,DEAP:S02,T29,0,2.99,2,1,3,0,unexposed,stimulus_absolute_context,train,0.01,0.7101974342236606,0.28980256577633945
DEAP:S02:T31,DEAP:S02,T31,0,4.06,2,1,3,0,unexposed,stimulus_absolute_context,train,0.01,0.7368541657356269,0.26314583426437305
DEAP:S02:T32,DEAP:S02,T32,0,1.0,2,1,3,0,unexposed,stimulus_absolute_context,train,0.01,0.642459184045258,0.35754081595474196
DEAP:S02:T34,DEAP:S02,T34,0,4.87,2,1,3,0,unexposed,stimulus_absolute_context,train,0.01,0.6837511452971491,0.3162488547028509
DEAP:S03:T01,DEAP:S03,T01,1,5.33,2,1,3,0,unexposed,stimulus_absolute_context,train,0.01,0.3323545323408297,0.6676454676591703
DEAP:S03:T03,DEAP:S03,T03,1,7.55,2,1,3,0,unexposed,stimulus_absolute_context,train,0.01,0.22941891307984563,0.7705810869201544
DEAP:S03:T05,DEAP:S03,T05,1,6.92,2,1,3,0,unexposed,stimulus_absolute_context,train,0.01,0.45913260063411077,0.5408673993658892
DEAP:S03:T08,DEAP:S03,T08,1,7.14,2,1,3,0,unexposed,stimulus_absolute_context,train,0.01,0.2601869558609816,0.7398130441390184
DEAP:S03:T10,DEAP:S03,T10,0,4.45,2,1,3,0,unexposed,stimulus_absolute_context,train,0.01,0.5842781310170526,0.4157218689829474
DEAP:S03:T11,DEAP:S03,T11,1,7.94,2,1,3,0,unexposed,stimulus_absolute_context,train,0.01,0.2691090460160175,0.7308909539839825
DEAP:S03:T12,DEAP:S03,T12,1,6.36,2,1,3,0,unexposed,stimulus_absolute_context,train,0.01,0.3163641139998996,0.6836358860001004
DEAP:S03:T18,DEAP:S03,T18,1,7.1,2,1,3,0,unexposed,stimulus_absolute_context,train,0.01,0.32102289669242445,0.6789771033075755
DEAP:S03:T22,DEAP:S03,T22,0,4.94,2,1,3,0,unexposed,stimulus_absolute_context,train,0.01,0.6853032799049478,0.31469672009505223
DEAP:S03:T24,DEAP:S03,T24,0,3.31,2,1,3,0,unexposed,stimulus_absolute_context,train,0.01,0.7160558356178957,0.2839441643821043
DEAP:S03:T25,DEAP:S03,T25,0,3.45,2,1,3,0,unexposed,stimulus_absolute_context,train,0.01,0.674550362410108,0.325449637589892
DEAP:S03:T29,DEAP:S03,T29,0,4.47,2,1,3,0,unexposed,stimulus_absolute_context,train,0.01,0.7336058014103788,0.26639419858962116
DEAP:S03:T31,DEAP:S03,T31,0,4.44,2,1,3,0,unexposed,stimulus_absolute_context,train,0.01,0.7550395661611264,0.24496043383887353
DEAP:S03:T32,DEAP:S03,T32,1,5.17,2,1,3,0,unexposed,stimulus_absolute_context,train,0.01,0.7148112120075302,0.2851887879924698
DEAP:S03:T34,DEAP:S03,T34,0,4.72,2,1,3,0,unexposed,stimulus_absolute_context,train,0.01,0.7253059907793391,0.27469400922066095
DEAP:S04:T01,DEAP:S04,T01,1,6.68,2,1,3,0,unexposed,stimulus_absolute_context,train,0.01,0.4030866252509615,0.5969133747490385
DEAP:S04:T03,DEAP:S04,T03,1,8.95,2,1,3,0,unexposed,stimulus_absolute_context,train,0.01,0.254945285037373,0.745054714962627
DEAP:S04:T04,DEAP:S04,T04,1,6.1,2,1,3,0,unexposed,stimulus_absolute_context,train,0.01,0.343018793057263,0.656981206942737
DEAP:S04:T05,DEAP:S04,T05,0,4.06,2,1,3,0,unexposed,stimulus_absolute_context,train,0.01,0.4728494386531201,0.5271505613468799
DEAP:S04:T08,DEAP:S04,T08,1,5.97,2,1,3,0,unexposed,stimulus_absolute_context,train,0.01,0.32004890824184506,0.6799510917581549
DEAP:S04:T10,DEAP:S04,T10,0,3.15,2,1,3,0,unexposed,stimulus_absolute_context,train,0.01,0.6262970587477663,0.3737029412522337
DEAP:S04:T11,DEAP:S04,T11,1,7.24,2,1,3,0,unexposed,stimulus_absolute_context,train,0.01,0.3065372223076712,0.6934627776923288
DEAP:S04:T12,DEAP:S04,T12,1,5.04,2,1,3,0,unexposed,stimulus_absolute_context,train,0.01,0.368343050468832,0.631656949531168
DEAP:S04:T18,DEAP:S04,T18,0,4.9,2,1,3,0,unexposed,stimulus_absolute_context,train,0.01,0.3295356991881587,0.6704643008118413
DEAP:S04:T22,DEAP:S04,T22,0,1.86,2,1,3,0,unexposed,stimulus_absolute_context,train,0.01,0.7186052971383239,0.28139470286167606
DEAP:S04:T24,DEAP:S04,T24,0,2.71,2,1,3,0,unexposed,stimulus_absolute_context,train,0.01,0.7371591425356878,0.2628408574643121
DEAP:S04:T25,DEAP:S04,T25,1,7.0,2,1,3,0,unexposed,stimulus_absolute_context,train,0.01,0.723723199595762,0.27627680040423797
DEAP:S04:T29,DEAP:S04,T29,0,1.85,2,1,3,0,unexposed,stimulus_absolute_context,train,0.01,0.7452597872312756,0.2547402127687244
DEAP:S04:T31,DEAP:S04,T31,0,2.01,2,1,3,0,unexposed,stimulus_absolute_context,train,0.01,0.7481283759667633,0.2518716240332367
DEAP:S04:T32,DEAP:S04,T32,0,1.01,2,1,3,0,unexposed,stimulus_absolute_context,train,0.01,0.7098828180284975,0.2901171819715025
DEAP:S04:T34,DEAP:S04,T34,0,2.17,2,1,3,0,unexposed,stimulus_absolute_context,train,0.01,0.747257492354411,0.25274250764558903
DEAP:S07:T01,DEAP:S07,T01,1,8.1,2,1,3,0,unexposed,stimulus_absolute_context,train,0.01,0.22182312930629322,0.7781768706937068
DEAP:S07:T03,DEAP:S07,T03,1,7.1,2,1,3,0,unexposed,stimulus_absolute_context,train,0.01,0.12329044506870845,0.8767095549312915
DEAP:S07:T04,DEAP:S07,T04,1,7.08,2,1,3,0,unexposed,stimulus_absolute_context,train,0.01,0.17078695375396125,0.8292130462460388
DEAP:S07:T05,DEAP:S07,T05,1,7.05,2,1,3,0,unexposed,stimulus_absolute_context,train,0.01,0.3050132360867682,0.6949867639132318
DEAP:S07:T08,DEAP:S07,T08,1,7.0,2,1,3,0,unexposed,stimulus_absolute_context,train,0.01,0.17068612898469926,0.8293138710153007
DEAP:S07:T10,DEAP:S07,T10,1,7.09,2,1,3,0,unexposed,stimulus_absolute_context,train,0.01,0.46110393277436434,0.5388960672256357
DEAP:S07:T11,DEAP:S07,T11,1,7.03,2,1,3,0,unexposed,stimulus_absolute_context,train,0.01,0.17615364741654627,0.8238463525834537
DEAP:S07:T12,DEAP:S07,T12,1,6.99,2,1,3,0,unexposed,stimulus_absolute_context,train,0.01,0.20150414791196347,0.7984958520880365
DEAP:S07:T18,DEAP:S07,T18,1,7.03,2,1,3,0,unexposed,stimulus_absolute_context,train,0.01,0.20073989263740688,0.7992601073625931
DEAP:S07:T22,DEAP:S07,T22,0,3.05,2,1,3,0,unexposed,stimulus_absolute_context,train,0.01,0.514552302627264,0.4854476973727359
DEAP:S07:T25,DEAP:S07,T25,0,2.99,2,1,3,0,unexposed,stimulus_absolute_context,train,0.01,0.5394733454555349,0.4605266545444651
DEAP:S07:T29,DEAP:S07,T29,1,7.09,2,1,3,0,unexposed,stimulus_absolute_context,train,0.01,0.6418088867588092,0.35819111324119085
DEAP:S07:T31,DEAP:S07,T31,1,6.96,2,1,3,0,unexposed,stimulus_absolute_context,train,0.01,0.6963177448941149,0.30368225510588504
DEAP:S07:T34,DEAP:S07,T34,0,4.01,2,1,3,0,unexposed,stimulus_absolute_context,train,0.01,0.570673600618872,0.4293263993811281
DEAP:S08:T01,DEAP:S08,T01,1,7.6,2,1,3,0,unexposed,stimulus_absolute_context,train,0.01,0.3103158383761979,0.6896841616238021
DEAP:S08:T03,DEAP:S08,T03,1,8.15,2,1,3,0,unexposed,stimulus_absolute_context,train,0.01,0.22457436963886201,0.775425630361138
DEAP:S08:T04,DEAP:S08,T04,1,6.82,2,1,3,0,unexposed,stimulus_absolute_context,train,0.01,0.27419475782425295,0.725805242175747
DEAP:S08:T05,DEAP:S08,T05,0,4.41,2,1,3,0,unexposed,stimulus_absolute_context,train,0.01,0.5009487496851761,0.4990512503148239
DEAP:S08:T08,DEAP:S08,T08,1,8.82,2,1,3,0,unexposed,stimulus_absolute_context,train,0.01,0.22469019572865823,0.7753098042713418
DEAP:S08:T10,DEAP:S08,T10,0,4.97,2,1,3,0,unexposed,stimulus_absolute_context,train,0.01,0.5501320718740272,0.44986792812597276
DEAP:S08:T11,DEAP:S08,T11,1,8.41,2,1,3,0,unexposed,stimulus_absolute_context,train,0.01,0.2826687520138489,0.7173312479861511
DEAP:S08:T12,DEAP:S08,T12,1,8.47,2,1,3,0,unexposed,stimulus_absolute_context,train,0.01,0.3326998657971092,0.6673001342028908
DEAP:S08:T18,DEAP:S08,T18,1,7.21,2,1,3,0,unexposed,stimulus_absolute_context,train,0.01,0.3316609368930198,0.6683390631069802
DEAP:S08:T22,DEAP:S08,T22,0,4.23,2,1,3,0,unexposed,stimulus_absolute_context,train,0.01,0.6884129495754696,0.31158705042453033
DEAP:S08:T25,DEAP:S08,T25,0,3.72,2,1,3,0,unexposed,stimulus_absolute_context,train,0.01,0.6984484060466482,0.30155159395335185
DEAP:S08:T29,DEAP:S08,T29,0,2.78,2,1,3,0,unexposed,stimulus_absolute_context,train,0.01,0.7396161784613947,0.2603838215386053
DEAP:S08:T31,DEAP:S08,T31,0,1.45,2,1,3,0,unexposed,stimulus_absolute_context,train,0.01,0.7578889344907318,0.24211106550926823
DEAP:S08:T32,DEAP:S08,T32,1,6.33,2,1,3,0,unexposed,stimulus_absolute_context,train,0.01,0.6269182909425417,0.3730817090574583
DEAP:S08:T34,DEAP:S08,T34,1,5.05,2,1,3,0,unexposed,stimulus_absolute_context,train,0.01,0.7349989631975513,0.26500103680244874
DEAP:S09:T01,DEAP:S09,T01,1,5.05,2,1,3,0,unexposed,stimulus_absolute_context,train,0.01,0.34171640421878746,0.6582835957812125
DEAP:S09:T03,DEAP:S09,T03,1,7.08,2,1,3,0,unexposed,stimulus_absolute_context,train,0.01,0.2568261970158724,0.7431738029841276
DEAP:S09:T04,DEAP:S09,T04,1,5.99,2,1,3,0,unexposed,stimulus_absolute_context,train,0.01,0.3356828565636929,0.6643171434363071
DEAP:S09:T05,DEAP:S09,T05,0,4.99,2,1,3,0,unexposed,stimulus_absolute_context,train,0.01,0.4587909847636399,0.5412090152363601
DEAP:S09:T08,DEAP:S09,T08,1,6.15,2,1,3,0,unexposed,stimulus_absolute_context,train,0.01,0.2735471404937382,0.7264528595062618
DEAP:S09:T10,DEAP:S09,T10,0,3.94,2,1,3,0,unexposed,stimulus_absolute_context,train,0.01,0.6110263869800174,0.38897361301998257
DEAP:S09:T11,DEAP:S09,T11,1,7.12,2,1,3,0,unexposed,stimulus_absolute_context,train,0.01,0.27662396716413673,0.7233760328358633
DEAP:S09:T12,DEAP:S09,T12,1,7.08,2,1,3,0,unexposed,stimulus_absolute_context,train,0.01,0.30109920700157267,0.6989007929984273
DEAP:S09:T18,DEAP:S09,T18,0,4.9,2,1,3,0,unexposed,stimulus_absolute_context,train,0.01,0.30825478145717644,0.6917452185428236
DEAP:S09:T22,DEAP:S09,T22,0,3.99,2,1,3,0,unexposed,stimulus_absolute_context,train,0.01,0.6942571971263611,0.3057428028736389
DEAP:S09:T24,DEAP:S09,T24,0,4.03,2,1,3,0,unexposed,stimulus_absolute_context,train,0.01,0.7332624579343765,0.26673754206562345
DEAP:S09:T25,DEAP:S09,T25,1,5.04,2,1,3,0,unexposed,stimulus_absolute_context,train,0.01,0.694869757219698,0.305130242780302
DEAP:S09:T29,DEAP:S09,T29,0,3.99,2,1,3,0,unexposed,stimulus_absolute_context,train,0.01,0.7578376060246678,0.24216239397533224
DEAP:S09:T31,DEAP:S09,T31,1,6.06,2,1,3,0,unexposed,stimulus_absolute_context,train,0.01,0.8266982790192594,0.17330172098074062
DEAP:S09:T32,DEAP:S09,T32,0,3.1,2,1,3,0,unexposed,stimulus_absolute_context,train,0.01,0.7150311514931991,0.28496884850680093
DEAP:S09:T34,DEAP:S09,T34,1,5.06,2,1,3,0,unexposed,stimulus_absolute_context,train,0.01,0.7681711225299714,0.2318288774700286
DEAP:S10:T01,DEAP:S10,T01,1,7.91,2,1,3,0,unexposed,stimulus_absolute_context,train,0.01,0.2342664444208744,0.7657335555791256
DEAP:S10:T03,DEAP:S10,T03,1,5.86,2,1,3,0,unexposed,stimulus_absolute_context,train,0.01,0.19064167087272677,0.8093583291272732
DEAP:S10:T05,DEAP:S10,T05,1,7.24,2,1,3,0,unexposed,stimulus_absolute_context,train,0.01,0.357349439559841,0.642650560440159
DEAP:S10:T08,DEAP:S10,T08,1,5.68,2,1,3,0,unexposed,stimulus_absolute_context,train,0.01,0.21143722057354775,0.7885627794264523
DEAP:S10:T10,DEAP:S10,T10,1,5.94,2,1,3,0,unexposed,stimulus_absolute_context,train,0.01,0.5360450291021754,0.46395497089782456
DEAP:S10:T12,DEAP:S10,T12,1,5.37,2,1,3,0,unexposed,stimulus_absolute_context,train,0.01,0.21837608422764143,0.7816239157723586
DEAP:S10:T18,DEAP:S10,T18,1,7.31,2,1,3,0,unexposed,stimulus_absolute_context,train,0.01,0.24956097466443528,0.7504390253355647
DEAP:S10:T22,DEAP:S10,T22,0,4.24,2,1,3,0,unexposed,stimulus_absolute_context,train,0.01,0.6155926677268297,0.38440733227317025
DEAP:S10:T24,DEAP:S10,T24,1,6.82,2,1,3,0,unexposed,stimulus_absolute_context,train,0.01,0.5420735689764223,0.45792643102357766
DEAP:S10:T25,DEAP:S10,T25,0,1.92,2,1,3,0,unexposed,stimulus_absolute_context,train,0.01,0.6218958313688709,0.37810416863112906
DEAP:S10:T29,DEAP:S10,T29,0,3.94,2,1,3,0,unexposed,stimulus_absolute_context,train,0.01,0.6938896395171783,0.3061103604828217
DEAP:S10:T31,DEAP:S10,T31,0,4.15,2,1,3,0,unexposed,stimulus_absolute_context,train,0.01,0.7278435863626033,0.27215641363739673
DEAP:S10:T32,DEAP:S10,T32,1,5.96,2,1,3,0,unexposed,stimulus_absolute_context,train,0.01,0.5646999171286846,0.43530008287131533
DEAP:S10:T34,DEAP:S10,T34,0,3.91,2,1,3,0,unexposed,stimulus_absolute_context,train,0.01,0.6544452249699134,0.3455547750300866
DEAP:S12:T01,DEAP:S12,T01,1,7.09,2,1,3,0,unexposed,stimulus_absolute_context,train,0.01,0.3790220203455015,0.6209779796544985
DEAP:S12:T03,DEAP:S12,T03,1,7.33,2,1,3,0,unexposed,stimulus_absolute_context,train,0.01,0.23609884622657307,0.7639011537734269
DEAP:S12:T04,DEAP:S12,T04,1,6.86,2,1,3,0,unexposed,stimulus_absolute_context,train,0.01,0.31864555088183355,0.6813544491181664
DEAP:S12:T05,DEAP:S12,T05,0,4.01,2,1,3,0,unexposed,stimulus_absolute_context,train,0.01,0.48199313660969045,0.5180068633903095
DEAP:S12:T08,DEAP:S12,T08,1,5.1,2,1,3,0,unexposed,stimulus_absolute_context,train,0.01,0.30544974294503824,0.6945502570549618
DEAP:S12:T10,DEAP:S12,T10,0,4.06,2,1,3,0,unexposed,stimulus_absolute_context,train,0.01,0.6197991520730117,0.3802008479269882
DEAP:S12:T11,DEAP:S12,T11,1,7.78,2,1,3,0,unexposed,stimulus_absolute_context,train,0.01,0.30803401859205004,0.69196598140795
DEAP:S12:T12,DEAP:S12,T12,1,6.86,2,1,3,0,unexposed,stimulus_absolute_context,train,0.01,0.3844733353880144,0.6155266646119856
DEAP:S12:T18,DEAP:S12,T18,1,7.35,2,1,3,0,unexposed,stimulus_absolute_context,train,0.01,0.36282706463878334,0.6371729353612167
DEAP:S12:T22,DEAP:S12,T22,0,3.33,2,1,3,0,unexposed,stimulus_absolute_context,train,0.01,0.7373003051380369,0.26269969486196315
DEAP:S12:T25,DEAP:S12,T25,0,2.78,2,1,3,0,unexposed,stimulus_absolute_context,train,0.01,0.7316350896953865,0.2683649103046135
DEAP:S12:T29,DEAP:S12,T29,0,1.67,2,1,3,0,unexposed,stimulus_absolute_context,train,0.01,0.7349668941773773,0.2650331058226227
DEAP:S12:T31,DEAP:S12,T31,0,3.18,2,1,3,0,unexposed,stimulus_absolute_context,train,0.01,0.7645999366409438,0.23540006335905614
DEAP:S12:T32,DEAP:S12,T32,0,1.86,2,1,3,0,unexposed,stimulus_absolute_context,train,0.01,0.6963075120322804,0.30369248796771964
DEAP:S12:T34,DEAP:S12,T34,0,4.87,2,1,3,0,unexposed,stimulus_absolute_context,train,0.01,0.7632480240964282,0.23675197590357175
DEAP:S13:T01,DEAP:S13,T01,1,6.15,2,1,3,0,unexposed,stimulus_absolute_context,train,0.01,0.34267842107705193,0.6573215789229481
DEAP:S13:T03,DEAP:S13,T03,1,9.0,2,1,3,0,unexposed,stimulus_absolute_context,train,0.01,0.1830285438428063,0.8169714561571937
DEAP:S13:T05,DEAP:S13,T05,1,5.01,2,1,3,0,unexposed,stimulus_absolute_context,train,0.01,0.41802239511818573,0.5819776048818143
DEAP:S13:T08,DEAP:S13,T08,1,7.99,2,1,3,0,unexposed,stimulus_absolute_context,train,0.01,0.2657188476249368,0.7342811523750632
DEAP:S13:T10,DEAP:S13,T10,0,4.01,2,1,3,0,unexposed,stimulus_absolute_context,train,0.01,0.5967057407524949,0.40329425924750506
DEAP:S13:T11,DEAP:S13,T11,1,7.04,2,1,3,0,unexposed,stimulus_absolute_context,train,0.01,0.2353248184472696,0.7646751815527304
DEAP:S13:T18,DEAP:S13,T18,1,7.94,2,1,3,0,unexposed,stimulus_absolute_context,train,0.01,0.2541473170292917,0.7458526829707083
DEAP:S13:T22,DEAP:S13,T22,0,4.01,2,1,3,0,unexposed,stimulus_absolute_context,train,0.01,0.6959012855309417,0.3040987144690584
DEAP:S13:T24,DEAP:S13,T24,0,2.97,2,1,3,0,unexposed,stimulus_absolute_context,train,0.01,0.7124010493372255,0.28759895066277447
DEAP:S13:T25,DEAP:S13,T25,0,3.97,2,1,3,0,unexposed,stimulus_absolute_context,train,0.01,0.6235552843318666,0.3764447156681334
DEAP:S13:T29,DEAP:S13,T29,0,4.04,2,1,3,0,unexposed,stimulus_absolute_context,train,0.01,0.7318400133864535,0.2681599866135464
DEAP:S13:T31,DEAP:S13,T31,0,1.97,2,1,3,0,unexposed,stimulus_absolute_context,train,0.01,0.7616103244226029,0.23838967557739713
DEAP:S13:T32,DEAP:S13,T32,0,4.05,2,1,3,0,unexposed,stimulus_absolute_context,train,0.01,0.6894252174572424,0.3105747825427576
DEAP:S13:T34,DEAP:S13,T34,0,2.92,2,1,3,0,unexposed,stimulus_absolute_context,train,0.01,0.697919095287306,0.30208090471269405
DEAP:S14:T01,DEAP:S14,T01,1,8.22,2,1,3,0,unexposed,stimulus_absolute_context,train,0.01,0.33446046831157683,0.6655395316884232
DEAP:S14:T03,DEAP:S14,T03,1,7.5,2,1,3,0,unexposed,stimulus_absolute_context,train,0.01,0.2203206704786167,0.7796793295213833
DEAP:S14:T04,DEAP:S14,T04,1,7.38,2,1,3,0,unexposed,stimulus_absolute_context,train,0.01,0.32432368870479045,0.6756763112952096
DEAP:S14:T05,DEAP:S14,T05,0,3.99,2,1,3,0,unexposed,stimulus_absolute_context,train,0.01,0.5592715647095514,0.44072843529044864
DEAP:S14:T08,DEAP:S14,T08,1,7.0,2,1,3,0,unexposed,stimulus_absolute_context,train,0.01,0.34665817927459763,0.6533418207254024
DEAP:S14:T10,DEAP:S14,T10,0,1.88,2,1,3,0,unexposed,stimulus_absolute_context,train,0.01,0.6868755097830934,0.31312449021690664
DEAP:S14:T11,DEAP:S14,T11,1,8.03,2,1,3,0,unexposed,stimulus_absolute_context,train,0.01,0.325783983045007,0.674216016954993
DEAP:S14:T12,DEAP:S14,T12,1,7.63,2,1,3,0,unexposed,stimulus_absolute_context,train,0.01,0.41205235063055345,0.5879476493694465
DEAP:S14:T18,DEAP:S14,T18,1,8.09,2,1,3,0,unexposed,stimulus_absolute_context,train,0.01,0.36902973936019634,0.6309702606398037
DEAP:S14:T22,DEAP:S14,T22,0,4.1,2,1,3,0,unexposed,stimulus_absolute_context,train,0.01,0.7323262350099526,0.2676737649900473
DEAP:S14:T24,DEAP:S14,T24,0,2.36,2,1,3,0,unexposed,stimulus_absolute_context,train,0.01,0.7669823165520847,0.23301768344791526
DEAP:S14:T25,DEAP:S14,T25,0,3.87,2,1,3,0,unexposed,stimulus_absolute_context,train,0.01,0.6983619454398848,0.3016380545601151
DEAP:S14:T29,DEAP:S14,T29,0,2.92,2,1,3,0,unexposed,stimulus_absolute_context,train,0.01,0.7722877449165786,0.22771225508342147
DEAP:S14:T32,DEAP:S14,T32,0,1.99,2,1,3,0,unexposed,stimulus_absolute_context,train,0.01,0.6976201884785462,0.3023798115214537
DEAP:S15:T01,DEAP:S15,T01,1,8.9,2,1,3,0,unexposed,stimulus_absolute_context,train,0.01,0.2581795622156524,0.7418204377843476
DEAP:S15:T03,DEAP:S15,T03,1,8.04,2,1,3,0,unexposed,stimulus_absolute_context,train,0.01,0.2524920289175461,0.7475079710824539
DEAP:S15:T04,DEAP:S15,T04,1,8.04,2,1,3,0,unexposed,stimulus_absolute_context,train,0.01,0.23281167077646236,0.7671883292235376
DEAP:S15:T05,DEAP:S15,T05,1,9.0,2,1,3,0,unexposed,stimulus_absolute_context,train,0.01,0.3458445662668176,0.6541554337331824
DEAP:S15:T08,DEAP:S15,T08,1,9.0,2,1,3,0,unexposed,stimulus_absolute_context,train,0.01,0.29365903504454516,0.7063409649554548
DEAP:S15:T10,DEAP:S15,T10,0,4.99,2,1,3,0,unexposed,stimulus_absolute_context,train,0.01,0.6031744119985236,0.39682558800147644
DEAP:S15:T11,DEAP:S15,T11,1,8.99,2,1,3,0,unexposed,stimulus_absolute_context,train,0.01,0.25014668704356624,0.7498533129564338
DEAP:S15:T12,DEAP:S15,T12,1,7.08,2,1,3,0,unexposed,stimulus_absolute_context,train,0.01,0.2555598323436973,0.7444401676563027
DEAP:S15:T18,DEAP:S15,T18,1,7.04,2,1,3,0,unexposed,stimulus_absolute_context,train,0.01,0.291493423683687,0.708506576316313
DEAP:S15:T22,DEAP:S15,T22,0,4.12,2,1,3,0,unexposed,stimulus_absolute_context,train,0.01,0.7449852421282619,0.2550147578717381
DEAP:S15:T24,DEAP:S15,T24,0,1.92,2,1,3,0,unexposed,stimulus_absolute_context,train,0.01,0.701862692110763,0.298137307889237
DEAP:S15:T25,DEAP:S15,T25,0,2.96,2,1,3,0,unexposed,stimulus_absolute_context,train,0.01,0.6498986067012416,0.3501013932987585
DEAP:S15:T29,DEAP:S15,T29,0,4.05,2,1,3,0,unexposed,stimulus_absolute_context,train,0.01,0.7743069626410635,0.22569303735893648
DEAP:S15:T31,DEAP:S15,T31,0,2.99,2,1,3,0,unexposed,stimulus_absolute_context,train,0.01,0.7365236235647568,0.2634763764352433
DEAP:S15:T32,DEAP:S15,T32,0,3.97,2,1,3,0,unexposed,stimulus_absolute_context,train,0.01,0.656868678316329,0.343131321683671
DEAP:S16:T01,DEAP:S16,T01,0,2.51,2,1,3,0,unexposed,stimulus_absolute_context,train,0.01,0.3361553643898898,0.6638446356101102
DEAP:S16:T03,DEAP:S16,T03,1,6.74,2,1,3,0,unexposed,stimulus_absolute_context,train,0.01,0.20120724300739623,0.7987927569926038
DEAP:S16:T04,DEAP:S16,T04,1,7.09,2,1,3,0,unexposed,stimulus_absolute_context,train,0.01,0.25937436697458494,0.7406256330254151
DEAP:S16:T08,DEAP:S16,T08,0,3.51,2,1,3,0,unexposed,stimulus_absolute_context,train,0.01,0.2695562007585055,0.7304437992414945
DEAP:S16:T10,DEAP:S16,T10,1,5.14,2,1,3,0,unexposed,stimulus_absolute_context,train,0.01,0.6011615266463337,0.3988384733536663
DEAP:S16:T11,DEAP:S16,T11,1,7.27,2,1,3,0,unexposed,stimulus_absolute_context,train,0.01,0.28637740702480385,0.7136225929751961
DEAP:S16:T12,DEAP:S16,T12,1,5.97,2,1,3,0,unexposed,stimulus_absolute_context,train,0.01,0.3751618252524862,0.6248381747475138
DEAP:S16:T18,DEAP:S16,T18,1,6.56,2,1,3,0,unexposed,stimulus_absolute_context,train,0.01,0.3676445801773215,0.6323554198226785
DEAP:S16:T22,DEAP:S16,T22,1,6.79,2,1,3,0,unexposed,stimulus_absolute_context,train,0.01,0.7327773153043107,0.2672226846956893
DEAP:S16:T24,DEAP:S16,T24,0,2.51,2,1,3,0,unexposed,stimulus_absolute_context,train,0.01,0.7798343526763816,0.22016564732361843
DEAP:S16:T25,DEAP:S16,T25,0,2.47,2,1,3,0,unexposed,stimulus_absolute_context,train,0.01,0.7271955355316088,0.27280446446839124
DEAP:S16:T29,DEAP:S16,T29,0,3.23,2,1,3,0,unexposed,stimulus_absolute_context,train,0.01,0.7751966533794861,0.2248033466205139
DEAP:S16:T31,DEAP:S16,T31,0,3.88,2,1,3,0,unexposed,stimulus_absolute_context,train,0.01,0.7615305943432086,0.2384694056567914
DEAP:S16:T32,DEAP:S16,T32,1,5.01,2,1,3,0,unexposed,stimulus_absolute_context,train,0.01,0.7031692729650341,0.296830727034966
DEAP:S16:T34,DEAP:S16,T34,0,1.0,2,1,3,0,unexposed,stimulus_absolute_context,train,0.01,0.7233252178092748,0.2766747821907251
DEAP:S17:T01,DEAP:S17,T01,0,4.05,2,1,3,0,unexposed,stimulus_absolute_context,train,0.01,0.24634350546976225,0.7536564945302378
DEAP:S17:T03,DEAP:S17,T03,1,6.46,2,1,3,0,unexposed,stimulus_absolute_context,train,0.01,0.1976962947850781,0.8023037052149219
DEAP:S17:T04,DEAP:S17,T04,1,6.35,2,1,3,0,unexposed,stimulus_absolute_context,train,0.01,0.27662677478327535,0.7233732252167246
DEAP:S17:T05,DEAP:S17,T05,1,7.05,2,1,3,0,unexposed,stimulus_absolute_context,train,0.01,0.4313750621162048,0.5686249378837952
DEAP:S17:T08,DEAP:S17,T08,1,6.05,2,1,3,0,unexposed,stimulus_absolute_context,train,0.01,0.25166722573571954,0.7483327742642805
DEAP:S17:T10,DEAP:S17,T10,1,6.09,2,1,3,0,unexposed,stimulus_absolute_context,train,0.01,0.5756693375336682,0.4243306624663318
DEAP:S17:T11,DEAP:S17,T11,1,6.03,2,1,3,0,unexposed,stimulus_absolute_context,train,0.01,0.2336014673810698,0.7663985326189302
DEAP:S17:T12,DEAP:S17,T12,1,5.96,2,1,3,0,unexposed,stimulus_absolute_context,train,0.01,0.30690716010907004,0.69309283989093
DEAP:S17:T18,DEAP:S17,T18,1,6.22,2,1,3,0,unexposed,stimulus_absolute_context,train,0.01,0.30517688456961656,0.6948231154303834
DEAP:S17:T22,DEAP:S17,T22,0,3.19,2,1,3,0,unexposed,stimulus_absolute_context,train,0.01,0.6482823210595384,0.3517176789404616
DEAP:S17:T24,DEAP:S17,T24,0,4.53,2,1,3,0,unexposed,stimulus_absolute_context,train,0.01,0.7048475479736565,0.2951524520263435
DEAP:S17:T25,DEAP:S17,T25,1,6.18,2,1,3,0,unexposed,stimulus_absolute_context,train,0.01,0.6673173057102736,0.3326826942897264
DEAP:S17:T29,DEAP:S17,T29,1,5.54,2,1,3,0,unexposed,stimulus_absolute_context,train,0.01,0.7638432931423775,0.2361567068576225
DEAP:S17:T31,DEAP:S17,T31,0,4.54,2,1,3,0,unexposed,stimulus_absolute_context,train,0.01,0.7186843970190249,0.2813156029809751
DEAP:S17:T32,DEAP:S17,T32,0,4.04,2,1,3,0,unexposed,stimulus_absolute_context,train,0.01,0.6469565699029249,0.353043430097075
DEAP:S17:T34,DEAP:S17,T34,0,4.99,2,1,3,0,unexposed,stimulus_absolute_context,train,0.01,0.6761825635881444,0.32381743641185556
DEAP:S18:T01,DEAP:S18,T01,1,6.33,2,1,3,0,unexposed,stimulus_absolute_context,train,0.01,0.22321521478652617,0.7767847852134738
DEAP:S18:T03,DEAP:S18,T03,1,6.36,2,1,3,0,unexposed,stimulus_absolute_context,train,0.01,0.1408837884002373,0.8591162115997627
DEAP:S18:T04,DEAP:S18,T04,1,6.65,2,1,3,0,unexposed,stimulus_absolute_context,train,0.01,0.19875837065908342,0.8012416293409166
DEAP:S18:T05,DEAP:S18,T05,1,6.13,2,1,3,0,unexposed,stimulus_absolute_context,train,0.01,0.30590534763809807,0.6940946523619019
DEAP:S18:T10,DEAP:S18,T10,1,6.09,2,1,3,0,unexposed,stimulus_absolute_context,train,0.01,0.4704227978893596,0.5295772021106404
DEAP:S18:T11,DEAP:S18,T11,1,6.24,2,1,3,0,unexposed,stimulus_absolute_context,train,0.01,0.17997776504979712,0.8200222349502029
DEAP:S18:T12,DEAP:S18,T12,1,5.55,2,1,3,0,unexposed,stimulus_absolute_context,train,0.01,0.1913281496950061,0.8086718503049939
DEAP:S18:T18,DEAP:S18,T18,1,7.05,2,1,3,0,unexposed,stimulus_absolute_context,train,0.01,0.2210286883729572,0.7789713116270428
DEAP:S18:T22,DEAP:S18,T22,1,5.69,2,1,3,0,unexposed,stimulus_absolute_context,train,0.01,0.6018261333090402,0.3981738666909598
DEAP:S18:T24,DEAP:S18,T24,0,3.22,2,1,3,0,unexposed,stimulus_absolute_context,train,0.01,0.6146533495453939,0.3853466504546062
DEAP:S18:T25,DEAP:S18,T25,0,4.23,2,1,3,0,unexposed,stimulus_absolute_context,train,0.01,0.5617162584746618,0.4382837415253382
DEAP:S18:T32,DEAP:S18,T32,0,4.62,2,1,3,0,unexposed,stimulus_absolute_context,train,0.01,0.5603744179334073,0.43962558206659275
DEAP:S18:T34,DEAP:S18,T34,0,4.15,2,1,3,0,unexposed,stimulus_absolute_context,train,0.01,0.6394922769116336,0.3605077230883665
DEAP:S20:T03,DEAP:S20,T03,1,7.18,2,1,3,0,unexposed,stimulus_absolute_context,train,0.01,0.24092314828068706,0.7590768517193129
DEAP:S20:T04,DEAP:S20,T04,1,7.05,2,1,3,0,unexposed,stimulus_absolute_context,train,0.01,0.2820585723574994,0.7179414276425006
DEAP:S20:T05,DEAP:S20,T05,1,8.82,2,1,3,0,unexposed,stimulus_absolute_context,train,0.01,0.40935222832711604,0.590647771672884
DEAP:S20:T08,DEAP:S20,T08,1,7.63,2,1,3,0,unexposed,stimulus_absolute_context,train,0.01,0.27546395089292963,0.7245360491070704
DEAP:S20:T10,DEAP:S20,T10,1,5.13,2,1,3,0,unexposed,stimulus_absolute_context,train,0.01,0.5873718835501074,0.4126281164498926
DEAP:S20:T11,DEAP:S20,T11,1,8.18,2,1,3,0,unexposed,stimulus_absolute_context,train,0.01,0.29322676797001734,0.7067732320299827
DEAP:S20:T12,DEAP:S20,T12,1,7.64,2,1,3,0,unexposed,stimulus_absolute_context,train,0.01,0.2758729567562974,0.7241270432437026
DEAP:S20:T18,DEAP:S20,T18,1,7.35,2,1,3,0,unexposed,stimulus_absolute_context,train,0.01,0.3107989405714031,0.6892010594285969
DEAP:S20:T22,DEAP:S20,T22,0,4.06,2,1,3,0,unexposed,stimulus_absolute_context,train,0.01,0.686329570743368,0.313670429256632
DEAP:S20:T24,DEAP:S20,T24,0,3.0,2,1,3,0,unexposed,stimulus_absolute_context,train,0.01,0.706855505292461,0.29314449470753895
DEAP:S20:T25,DEAP:S20,T25,0,2.99,2,1,3,0,unexposed,stimulus_absolute_context,train,0.01,0.6635743130808709,0.33642568691912916
DEAP:S20:T29,DEAP:S20,T29,0,2.44,2,1,3,0,unexposed,stimulus_absolute_context,train,0.01,0.7325148339126148,0.2674851660873852
DEAP:S20:T31,DEAP:S20,T31,0,4.46,2,1,3,0,unexposed,stimulus_absolute_context,train,0.01,0.7428529763137623,0.2571470236862376
DEAP:S20:T32,DEAP:S20,T32,1,6.28,2,1,3,0,unexposed,stimulus_absolute_context,train,0.01,0.7019261292517964,0.29807387074820363
DEAP:S20:T34,DEAP:S20,T34,0,4.74,2,1,3,0,unexposed,stimulus_absolute_context,train,0.01,0.7476611963416302,0.25233880365836975
DEAP:S22:T01,DEAP:S22,T01,1,5.05,2,1,3,0,unexposed,stimulus_absolute_context,train,0.01,0.3857059578494981,0.6142940421505019
DEAP:S22:T03,DEAP:S22,T03,1,7.05,2,1,3,0,unexposed,stimulus_absolute_context,train,0.01,0.2414207338693457,0.7585792661306543
DEAP:S22:T05,DEAP:S22,T05,1,7.1,2,1,3,0,unexposed,stimulus_absolute_context,train,0.01,0.5013983889286251,0.49860161107137485
DEAP:S22:T08,DEAP:S22,T08,1,7.09,2,1,3,0,unexposed,stimulus_absolute_context,train,0.01,0.31949418385440054,0.6805058161455995
DEAP:S22:T10,DEAP:S22,T10,0,4.0,2,1,3,0,unexposed,stimulus_absolute_context,train,0.01,0.5928148496221515,0.4071851503778485
DEAP:S22:T11,DEAP:S22,T11,1,8.05,2,1,3,0,unexposed,stimulus_absolute_context,train,0.01,0.338592028807819,0.661407971192181
DEAP:S22:T12,DEAP:S22,T12,0,4.99,2,1,3,0,unexposed,stimulus_absolute_context,train,0.01,0.2950779014180068,0.7049220985819932
DEAP:S22:T18,DEAP:S22,T18,1,8.08,2,1,3,0,unexposed,stimulus_absolute_context,train,0.01,0.3251446862859365,0.6748553137140635
DEAP:S22:T22,DEAP:S22,T22,0,4.05,2,1,3,0,unexposed,stimulus_absolute_context,train,0.01,0.7009458905746472,0.2990541094253528
DEAP:S22:T24,DEAP:S22,T24,0,1.96,2,1,3,0,unexposed,stimulus_absolute_context,train,0.01,0.7498807920743304,0.25011920792566955
DEAP:S22:T25,DEAP:S22,T25,0,2.95,2,1,3,0,unexposed,stimulus_absolute_context,train,0.01,0.7327142293752242,0.2672857706247758
DEAP:S22:T29,DEAP:S22,T29,0,2.0,2,1,3,0,unexposed,stimulus_absolute_context,train,0.01,0.7535739953064141,0.2464260046935859
DEAP:S22:T31,DEAP:S22,T31,0,2.01,2,1,3,0,unexposed,stimulus_absolute_context,train,0.01,0.7870008401114963,0.2129991598885037
DEAP:S22:T32,DEAP:S22,T32,0,1.99,2,1,3,0,unexposed,stimulus_absolute_context,train,0.01,0.7119338897104941,0.2880661102895059
DEAP:S22:T34,DEAP:S22,T34,1,5.04,2,1,3,0,unexposed,stimulus_absolute_context,train,0.01,0.7895563472516277,0.21044365274837226
DEAP:S23:T03,DEAP:S23,T03,1,7.09,2,1,3,0,unexposed,stimulus_absolute_context,train,0.01,0.09172007292313644,0.9082799270768636
DEAP:S23:T04,DEAP:S23,T04,1,8.21,2,1,3,0,unexposed,stimulus_absolute_context,train,0.01,0.13996346288041472,0.8600365371195853
DEAP:S23:T08,DEAP:S23,T08,1,7.23,2,1,3,0,unexposed,stimulus_absolute_context,train,0.01,0.16983151474807112,0.8301684852519289
DEAP:S23:T10,DEAP:S23,T10,1,5.01,2,1,3,0,unexposed,stimulus_absolute_context,train,0.01,0.40912035916146694,0.5908796408385331
DEAP:S23:T12,DEAP:S23,T12,1,7.0,2,1,3,0,unexposed,stimulus_absolute_context,train,0.01,0.23931589470988968,0.7606841052901103
DEAP:S23:T18,DEAP:S23,T18,1,7.12,2,1,3,0,unexposed,stimulus_absolute_context,train,0.01,0.19877992512085896,0.801220074879141
DEAP:S23:T22,DEAP:S23,T22,0,2.97,2,1,3,0,unexposed,stimulus_absolute_context,train,0.01,0.5502948460143444,0.44970515398565564
DEAP:S23:T24,DEAP:S23,T24,1,6.53,2,1,3,0,unexposed,stimulus_absolute_context,train,0.01,0.5365065284935854,0.4634934715064146
DEAP:S23:T25,DEAP:S23,T25,0,4.97,2,1,3,0,unexposed,stimulus_absolute_context,train,0.01,0.4636022386359355,0.5363977613640645
DEAP:S23:T29,DEAP:S23,T29,0,3.72,2,1,3,0,unexposed,stimulus_absolute_context,train,0.01,0.5148487201800565,0.4851512798199436
DEAP:S23:T31,DEAP:S23,T31,0,4.86,2,1,3,0,unexposed,stimulus_absolute_context,train,0.01,0.5981485557989858,0.4018514442010141
DEAP:S23:T32,DEAP:S23,T32,1,7.97,2,1,3,0,unexposed,stimulus_absolute_context,train,0.01,0.5307925384966973,0.4692074615033027
DEAP:S23:T34,DEAP:S23,T34,1,6.72,2,1,3,0,unexposed,stimulus_absolute_context,train,0.01,0.5559200084172924,0.4440799915827076
DEAP:S24:T03,DEAP:S24,T03,1,8.96,2,1,3,0,unexposed,stimulus_absolute_context,train,0.01,0.2239210921144157,0.7760789078855843
DEAP:S24:T05,DEAP:S24,T05,1,7.06,2,1,3,0,unexposed,stimulus_absolute_context,train,0.01,0.4779412966643848,0.5220587033356152
DEAP:S24:T08,DEAP:S24,T08,1,7.03,2,1,3,0,unexposed,stimulus_absolute_context,train,0.01,0.30722725209807955,0.6927727479019204
DEAP:S24:T10,DEAP:S24,T10,1,5.01,2,1,3,0,unexposed,stimulus_absolute_context,train,0.01,0.6690196936276578,0.33098030637234216
DEAP:S24:T11,DEAP:S24,T11,1,7.03,2,1,3,0,unexposed,stimulus_absolute_context,train,0.01,0.3142157491896872,0.6857842508103128
DEAP:S24:T12,DEAP:S24,T12,1,7.04,2,1,3,0,unexposed,stimulus_absolute_context,train,0.01,0.3316961568517166,0.6683038431482834
DEAP:S24:T22,DEAP:S24,T22,0,3.03,2,1,3,0,unexposed,stimulus_absolute_context,train,0.01,0.7372159569279076,0.26278404307209235
DEAP:S24:T24,DEAP:S24,T24,0,2.99,2,1,3,0,unexposed,stimulus_absolute_context,train,0.01,0.7500303786773349,0.24996962132266506
DEAP:S24:T25,DEAP:S24,T25,0,3.12,2,1,3,0,unexposed,stimulus_absolute_context,train,0.01,0.6906360861107019,0.309363913889298
DEAP:S24:T29,DEAP:S24,T29,0,3.97,2,1,3,0,unexposed,stimulus_absolute_context,train,0.01,0.7535914387822622,0.24640856121773777
DEAP:S24:T31,DEAP:S24,T31,0,2.94,2,1,3,0,unexposed,stimulus_absolute_context,train,0.01,0.7664467541643792,0.23355324583562073
DEAP:S24:T32,DEAP:S24,T32,0,3.0,2,1,3,0,unexposed,stimulus_absolute_context,train,0.01,0.7200726633464987,0.27992733665350134
DEAP:S24:T34,DEAP:S24,T34,0,4.05,2,1,3,0,unexposed,stimulus_absolute_context,train,0.01,0.6855006307342785,0.31449936926572153
DEAP:S26:T01,DEAP:S26,T01,1,7.97,2,1,3,0,unexposed,stimulus_absolute_context,train,0.01,0.22717177080929452,0.7728282291907055
DEAP:S26:T03,DEAP:S26,T03,1,9.0,2,1,3,0,unexposed,stimulus_absolute_context,train,0.01,0.15152319332027508,0.8484768066797249
DEAP:S26:T04,DEAP:S26,T04,1,8.03,2,1,3,0,unexposed,stimulus_absolute_context,train,0.01,0.20852514070320372,0.7914748592967963
DEAP:S26:T05,DEAP:S26,T05,0,4.0,2,1,3,0,unexposed,stimulus_absolute_context,train,0.01,0.33590812411793924,0.6640918758820608
DEAP:S26:T08,DEAP:S26,T08,1,8.01,2,1,3,0,unexposed,stimulus_absolute_context,train,0.01,0.2044033187498806,0.7955966812501194
DEAP:S26:T10,DEAP:S26,T10,0,3.08,2,1,3,0,unexposed,stimulus_absolute_context,train,0.01,0.4782275139808042,0.5217724860191958
DEAP:S26:T11,DEAP:S26,T11,1,8.04,2,1,3,0,unexposed,stimulus_absolute_context,train,0.01,0.19892456378031764,0.8010754362196824
DEAP:S26:T12,DEAP:S26,T12,1,7.04,2,1,3,0,unexposed,stimulus_absolute_context,train,0.01,0.22674683268413354,0.7732531673158665
DEAP:S26:T18,DEAP:S26,T18,1,9.0,2,1,3,0,unexposed,stimulus_absolute_context,train,0.01,0.23326444100454002,0.76673555899546
DEAP:S26:T22,DEAP:S26,T22,1,6.97,2,1,3,0,unexposed,stimulus_absolute_context,train,0.01,0.6024765911446849,0.3975234088553151
DEAP:S26:T24,DEAP:S26,T24,1,9.0,2,1,3,0,unexposed,stimulus_absolute_context,train,0.01,0.6732084323325112,0.3267915676674888
DEAP:S26:T25,DEAP:S26,T25,1,7.14,2,1,3,0,unexposed,stimulus_absolute_context,train,0.01,0.5544608161379574,0.4455391838620426
DEAP:S26:T29,DEAP:S26,T29,1,6.09,2,1,3,0,unexposed,stimulus_absolute_context,train,0.01,0.6859631481401514,0.3140368518598487
DEAP:S26:T31,DEAP:S26,T31,0,1.97,2,1,3,0,unexposed,stimulus_absolute_context,train,0.01,0.6587453835258563,0.3412546164741436
DEAP:S26:T32,DEAP:S26,T32,0,1.96,2,1,3,0,unexposed,stimulus_absolute_context,train,0.01,0.5703400700527017,0.42965992994729824
DEAP:S26:T34,DEAP:S26,T34,0,1.0,2,1,3,0,unexposed,stimulus_absolute_context,train,0.01,0.6350166151804002,0.36498338481959974
DEAP:S28:T01,DEAP:S28,T01,1,7.03,2,1,3,0,unexposed,stimulus_absolute_context,train,0.01,0.18248221758777072,0.8175177824122293
DEAP:S28:T04,DEAP:S28,T04,1,8.08,2,1,3,0,unexposed,stimulus_absolute_context,train,0.01,0.179049488621992,0.820950511378008
DEAP:S28:T05,DEAP:S28,T05,1,7.04,2,1,3,0,unexposed,stimulus_absolute_context,train,0.01,0.2741191926188763,0.7258808073811237
DEAP:S28:T08,DEAP:S28,T08,1,7.01,2,1,3,0,unexposed,stimulus_absolute_context,train,0.01,0.1607266298054496,0.8392733701945504
DEAP:S28:T10,DEAP:S28,T10,1,7.99,2,1,3,0,unexposed,stimulus_absolute_context,train,0.01,0.45449756499714955,0.5455024350028504
DEAP:S28:T11,DEAP:S28,T11,1,7.01,2,1,3,0,unexposed,stimulus_absolute_context,train,0.01,0.1663872571633025,0.8336127428366975
DEAP:S28:T12,DEAP:S28,T12,1,6.06,2,1,3,0,unexposed,stimulus_absolute_context,train,0.01,0.20326182303820606,0.7967381769617939
DEAP:S28:T18,DEAP:S28,T18,1,8.08,2,1,3,0,unexposed,stimulus_absolute_context,train,0.01,0.16309947965788973,0.8369005203421103
DEAP:S28:T22,DEAP:S28,T22,1,5.03,2,1,3,0,unexposed,stimulus_absolute_context,train,0.01,0.5629344578224635,0.43706554217753646
DEAP:S28:T24,DEAP:S28,T24,0,4.04,2,1,3,0,unexposed,stimulus_absolute_context,train,0.01,0.5499388089924193,0.45006119100758063
DEAP:S28:T25,DEAP:S28,T25,0,4.06,2,1,3,0,unexposed,stimulus_absolute_context,train,0.01,0.5083597379615792,0.49164026203842076
DEAP:S28:T29,DEAP:S28,T29,0,2.06,2,1,3,0,unexposed,stimulus_absolute_context,train,0.01,0.5866743081111215,0.41332569188887847
DEAP:S28:T31,DEAP:S28,T31,1,6.91,2,1,3,0,unexposed,stimulus_absolute_context,train,0.01,0.6571372524917125,0.34286274750828744
DEAP:S28:T32,DEAP:S28,T32,0,3.05,2,1,3,0,unexposed,stimulus_absolute_context,train,0.01,0.5184845740112491,0.4815154259887509
DEAP:S29:T01,DEAP:S29,T01,1,6.06,2,1,3,0,unexposed,stimulus_absolute_context,train,0.01,0.30401927008766394,0.6959807299123361
DEAP:S29:T03,DEAP:S29,T03,1,9.0,2,1,3,0,unexposed,stimulus_absolute_context,train,0.01,0.1699412678317921,0.8300587321682079
DEAP:S29:T04,DEAP:S29,T04,1,7.17,2,1,3,0,unexposed,stimulus_absolute_context,train,0.01,0.27061280608632954,0.7293871939136705
DEAP:S29:T05,DEAP:S29,T05,1,6.05,2,1,3,0,unexposed,stimulus_absolute_context,train,0.01,0.42557868533869914,0.5744213146613009
DEAP:S29:T08,DEAP:S29,T08,1,7.04,2,1,3,0,unexposed,stimulus_absolute_context,train,0.01,0.23928762061901865,0.7607123793809814
DEAP:S29:T10,DEAP:S29,T10,1,7.01,2,1,3,0,unexposed,stimulus_absolute_context,train,0.01,0.5572914408381973,0.4427085591618027
DEAP:S29:T11,DEAP:S29,T11,1,8.03,2,1,3,0,unexposed,stimulus_absolute_context,train,0.01,0.23484095254434267,0.7651590474556573
DEAP:S29:T12,DEAP:S29,T12,1,6.04,2,1,3,0,unexposed,stimulus_absolute_context,train,0.01,0.26568940567624955,0.7343105943237505
DEAP:S29:T18,DEAP:S29,T18,1,7.01,2,1,3,0,unexposed,stimulus_absolute_context,train,0.01,0.27996342655049666,0.7200365734495033
DEAP:S29:T22,DEAP:S29,T22,0,3.05,2,1,3,0,unexposed,stimulus_absolute_context,train,0.01,0.6191631157716672,0.38083688422833284
DEAP:S29:T24,DEAP:S29,T24,0,4.12,2,1,3,0,unexposed,stimulus_absolute_context,train,0.01,0.6484221721731596,0.3515778278268404
DEAP:S29:T25,DEAP:S29,T25,0,3.03,2,1,3,0,unexposed,stimulus_absolute_context,train,0.01,0.61171612686857,0.38828387313143
DEAP:S29:T31,DEAP:S29,T31,0,1.0,2,1,3,0,unexposed,stimulus_absolute_context,train,0.01,0.711429783029846,0.28857021697015395
DEAP:S29:T32,DEAP:S29,T32,0,4.04,2,1,3,0,unexposed,stimulus_absolute_context,train,0.01,0.6281110598195542,0.3718889401804458
DEAP:S31:T01,DEAP:S31,T01,1,6.79,2,1,3,0,unexposed,stimulus_absolute_context,train,0.01,0.21436751703779644,0.7856324829622036
DEAP:S31:T04,DEAP:S31,T04,1,6.97,2,1,3,0,unexposed,stimulus_absolute_context,train,0.01,0.20854380577171217,0.7914561942282878
DEAP:S31:T05,DEAP:S31,T05,1,6.22,2,1,3,0,unexposed,stimulus_absolute_context,train,0.01,0.3418837885147803,0.6581162114852197
DEAP:S31:T10,DEAP:S31,T10,0,4.01,2,1,3,0,unexposed,stimulus_absolute_context,train,0.01,0.4659207761300016,0.5340792238699984
DEAP:S31:T11,DEAP:S31,T11,1,9.0,2,1,3,0,unexposed,stimulus_absolute_context,train,0.01,0.18346923009184368,0.8165307699081563
DEAP:S31:T12,DEAP:S31,T12,1,7.14,2,1,3,0,unexposed,stimulus_absolute_context,train,0.01,0.2140899778358306,0.7859100221641694
DEAP:S31:T18,DEAP:S31,T18,1,7.06,2,1,3,0,unexposed,stimulus_absolute_context,train,0.01,0.2165542266361603,0.7834457733638397
DEAP:S31:T22,DEAP:S31,T22,1,5.04,2,1,3,0,unexposed,stimulus_absolute_context,train,0.01,0.5820666572039784,0.41793334279602157
DEAP:S31:T25,DEAP:S31,T25,1,6.14,2,1,3,0,unexposed,stimulus_absolute_context,train,0.01,0.5382619385623956,0.46173806143760443
DEAP:S31:T29,DEAP:S31,T29,1,5.09,2,1,3,0,unexposed,stimulus_absolute_context,train,0.01,0.6512275903206299,0.3487724096793701
DEAP:S31:T32,DEAP:S31,T32,0,1.0,2,1,3,0,unexposed,stimulus_absolute_context,train,0.01,0.550989856003778,0.449010143996222
DEAP:S31:T34,DEAP:S31,T34,0,1.95,2,1,3,0,unexposed,stimulus_absolute_context,train,0.01,0.5888195384893906,0.41118046151060933
DEAP:S32:T01,DEAP:S32,T01,1,8.13,2,1,3,0,unexposed,stimulus_absolute_context,train,0.01,0.3425955881099132,0.6574044118900868
DEAP:S32:T03,DEAP:S32,T03,1,8.05,2,1,3,0,unexposed,stimulus_absolute_context,train,0.01,0.22446965164886679,0.7755303483511332
DEAP:S32:T04,DEAP:S32,T04,1,6.96,2,1,3,0,unexposed,stimulus_absolute_context,train,0.01,0.2885853244287463,0.7114146755712537
DEAP:S32:T05,DEAP:S32,T05,1,7.15,2,1,3,0,unexposed,stimulus_absolute_context,train,0.01,0.45493032731754657,0.5450696726824534
DEAP:S32:T08,DEAP:S32,T08,1,7.96,2,1,3,0,unexposed,stimulus_absolute_context,train,0.01,0.26479161956463515,0.7352083804353648
DEAP:S32:T10,DEAP:S32,T10,0,4.08,2,1,3,0,unexposed,stimulus_absolute_context,train,0.01,0.6180395085088373,0.38196049149116273
DEAP:S32:T11,DEAP:S32,T11,1,8.24,2,1,3,0,unexposed,stimulus_absolute_context,train,0.01,0.2781718851273032,0.7218281148726968
DEAP:S32:T12,DEAP:S32,T12,1,7.31,2,1,3,0,unexposed,stimulus_absolute_context,train,0.01,0.31202846866339495,0.687971531336605
DEAP:S32:T18,DEAP:S32,T18,1,8.03,2,1,3,0,unexposed,stimulus_absolute_context,train,0.01,0.3533159382697496,0.6466840617302504
DEAP:S32:T22,DEAP:S32,T22,0,4.15,2,1,3,0,unexposed,stimulus_absolute_context,train,0.01,0.6777325049777498,0.3222674950222502
DEAP:S32:T24,DEAP:S32,T24,0,1.0,2,1,3,0,unexposed,stimulus_absolute_context,train,0.01,0.7167489854866971,0.28325101451330287
DEAP:S32:T25,DEAP:S32,T25,0,4.01,2,1,3,0,unexposed,stimulus_absolute_context,train,0.01,0.6844359428150091,0.31556405718499086
DEAP:S32:T29,DEAP:S32,T29,0,4.09,2,1,3,0,unexposed,stimulus_absolute_context,train,0.01,0.7514425194243679,0.24855748057563207
DEAP:S32:T31,DEAP:S32,T31,0,4.17,2,1,3,0,unexposed,stimulus_absolute_context,train,0.01,0.7930657456404798,0.20693425435952015
DEAP:S32:T32,DEAP:S32,T32,0,3.87,2,1,3,0,unexposed,stimulus_absolute_context,train,0.01,0.6771373366402604,0.3228626633597395
DEAP:S32:T34,DEAP:S32,T34,0,4.05,2,1,3,0,unexposed,stimulus_absolute_context,train,0.01,0.6984532570466552,0.3015467429533448
DEAP:S11:T02,DEAP:S11,T02,1,5.67,2,1,3,0,unexposed,stimulus_absolute_context,validation_unseen,0.01,0.2783664110097961,0.7216335889902039
DEAP:S11:T19,DEAP:S11,T19,1,5.54,2,1,3,0,unexposed,stimulus_absolute_context,validation_unseen,0.01,0.28500871889837387,0.7149912811016261
DEAP:S11:T23,DEAP:S11,T23,0,3.72,2,1,3,0,unexposed,stimulus_absolute_context,validation_unseen,0.01,0.31938390910289605,0.680616090897104
DEAP:S11:T26,DEAP:S11,T26,1,5.49,2,1,3,0,unexposed,stimulus_absolute_context,validation_unseen,0.01,0.34072036905513015,0.6592796309448699
DEAP:S11:T28,DEAP:S11,T28,0,4.26,2,1,3,0,unexposed,stimulus_absolute_context,validation_unseen,0.01,0.3317133920362052,0.6682866079637948
DEAP:S11:T30,DEAP:S11,T30,0,4.58,2,1,3,0,unexposed,stimulus_absolute_context,validation_unseen,0.01,0.26649299752643163,0.7335070024735684
DEAP:S11:T33,DEAP:S11,T33,1,5.64,2,1,3,0,unexposed,stimulus_absolute_context,validation_unseen,0.01,0.30778600361083064,0.6922139963891694
DEAP:S11:T39,DEAP:S11,T39,0,1.0,2,1,3,0,unexposed,stimulus_absolute_context,validation_unseen,0.01,0.25158187838735246,0.7484181216126475
DEAP:S21:T02,DEAP:S21,T02,1,7.05,2,1,3,0,unexposed,stimulus_absolute_context,validation_unseen,0.01,0.39315264239347136,0.6068473576065286
DEAP:S21:T19,DEAP:S21,T19,1,7.26,2,1,3,0,unexposed,stimulus_absolute_context,validation_unseen,0.01,0.3913250222928907,0.6086749777071093
DEAP:S21:T23,DEAP:S21,T23,0,4.69,2,1,3,0,unexposed,stimulus_absolute_context,validation_unseen,0.01,0.38245388698554394,0.617546113014456
DEAP:S21:T26,DEAP:S21,T26,0,4.06,2,1,3,0,unexposed,stimulus_absolute_context,validation_unseen,0.01,0.3980126310235058,0.6019873689764942
DEAP:S21:T28,DEAP:S21,T28,0,3.04,2,1,3,0,unexposed,stimulus_absolute_context,validation_unseen,0.01,0.3959708039311264,0.6040291960688736
DEAP:S21:T30,DEAP:S21,T30,0,3.45,2,1,3,0,unexposed,stimulus_absolute_context,validation_unseen,0.01,0.4101855070788235,0.5898144929211765
DEAP:S21:T33,DEAP:S21,T33,1,7.03,2,1,3,0,unexposed,stimulus_absolute_context,validation_unseen,0.01,0.3828709712268141,0.6171290287731859
DEAP:S21:T39,DEAP:S21,T39,1,6.09,2,1,3,0,unexposed,stimulus_absolute_context,validation_unseen,0.01,0.369927238524268,0.630072761475732
DEAP:S25:T02,DEAP:S25,T02,0,2.99,2,1,3,0,unexposed,stimulus_absolute_context,validation_unseen,0.01,0.3237413883653937,0.6762586116346063
DEAP:S25:T19,DEAP:S25,T19,1,7.06,2,1,3,0,unexposed,stimulus_absolute_context,validation_unseen,0.01,0.3496949819675417,0.6503050180324583
DEAP:S25:T23,DEAP:S25,T23,0,2.01,2,1,3,0,unexposed,stimulus_absolute_context,validation_unseen,0.01,0.346996830503255,0.653003169496745
DEAP:S25:T26,DEAP:S25,T26,0,4.99,2,1,3,0,unexposed,stimulus_absolute_context,validation_unseen,0.01,0.32155047393227265,0.6784495260677273
DEAP:S25:T28,DEAP:S25,T28,1,5.01,2,1,3,0,unexposed,stimulus_absolute_context,validation_unseen,0.01,0.3519173862901336,0.6480826137098664
DEAP:S25:T30,DEAP:S25,T30,0,4.03,2,1,3,0,unexposed,stimulus_absolute_context,validation_unseen,0.01,0.34857020665163074,0.6514297933483693
DEAP:S25:T33,DEAP:S25,T33,0,1.94,2,1,3,0,unexposed,stimulus_absolute_context,validation_unseen,0.01,0.33455408581523516,0.6654459141847648
DEAP:S25:T39,DEAP:S25,T39,0,1.0,2,1,3,0,unexposed,stimulus_absolute_context,validation_unseen,0.01,0.3514041810315953,0.6485958189684047
DEAP:S30:T02,DEAP:S30,T02,1,7.15,2,1,3,0,unexposed,stimulus_absolute_context,validation_unseen,0.01,0.4966721679395354,0.5033278320604646
DEAP:S30:T19,DEAP:S30,T19,1,8.27,2,1,3,0,unexposed,stimulus_absolute_context,validation_unseen,0.01,0.5027431385473877,0.4972568614526122
DEAP:S30:T23,DEAP:S30,T23,0,3.0,2,1,3,0,unexposed,stimulus_absolute_context,validation_unseen,0.01,0.48629087642326274,0.5137091235767373
DEAP:S30:T26,DEAP:S30,T26,1,5.01,2,1,3,0,unexposed,stimulus_absolute_context,validation_unseen,0.01,0.516780498915725,0.483219501084275
DEAP:S30:T28,DEAP:S30,T28,1,5.06,2,1,3,0,unexposed,stimulus_absolute_context,validation_unseen,0.01,0.46836597043576267,0.5316340295642373
DEAP:S30:T30,DEAP:S30,T30,0,4.04,2,1,3,0,unexposed,stimulus_absolute_context,validation_unseen,0.01,0.49702388702942846,0.5029761129705715
DEAP:S30:T33,DEAP:S30,T33,0,3.91,2,1,3,0,unexposed,stimulus_absolute_context,validation_unseen,0.01,0.4824160773213342,0.5175839226786658
DEAP:S30:T39,DEAP:S30,T39,0,2.97,2,1,3,0,unexposed,stimulus_absolute_context,validation_unseen,0.01,0.4894568508516184,0.5105431491483816
DEAP:S11:T01,DEAP:S11,T01,1,6.27,2,1,3,0,unexposed,stimulus_absolute_context,validation_familiar,0.01,0.17937693289982526,0.8206230671001747
DEAP:S11:T03,DEAP:S11,T03,1,7.41,2,1,3,0,unexposed,stimulus_absolute_context,validation_familiar,0.01,0.08259359017317613,0.9174064098268239
DEAP:S11:T04,DEAP:S11,T04,1,7.65,2,1,3,0,unexposed,stimulus_absolute_context,validation_familiar,0.01,0.15635536844179088,0.8436446315582091
DEAP:S11:T05,DEAP:S11,T05,1,7.41,2,1,3,0,unexposed,stimulus_absolute_context,validation_familiar,0.01,0.24816544456433154,0.7518345554356685
DEAP:S11:T08,DEAP:S11,T08,1,6.26,2,1,3,0,unexposed,stimulus_absolute_context,validation_familiar,0.01,0.14700164594529908,0.8529983540547009
DEAP:S11:T10,DEAP:S11,T10,1,6.53,2,1,3,0,unexposed,stimulus_absolute_context,validation_familiar,0.01,0.36392070655300246,0.6360792934469975
DEAP:S11:T11,DEAP:S11,T11,1,7.32,2,1,3,0,unexposed,stimulus_absolute_context,validation_familiar,0.01,0.11796230437783384,0.8820376956221662
DEAP:S11:T12,DEAP:S11,T12,1,5.04,2,1,3,0,unexposed,stimulus_absolute_context,validation_familiar,0.01,0.16290387128274497,0.837096128717255
DEAP:S11:T18,DEAP:S11,T18,1,7.95,2,1,3,0,unexposed,stimulus_absolute_context,validation_familiar,0.01,0.14734234550505232,0.8526576544949477
DEAP:S11:T22,DEAP:S11,T22,1,6.15,2,1,3,0,unexposed,stimulus_absolute_context,validation_familiar,0.01,0.43696146231509925,0.5630385376849008
DEAP:S11:T24,DEAP:S11,T24,0,2.88,2,1,3,0,unexposed,stimulus_absolute_context,validation_familiar,0.01,0.5252652981540988,0.47473470184590116
DEAP:S11:T25,DEAP:S11,T25,1,5.01,2,1,3,0,unexposed,stimulus_absolute_context,validation_familiar,0.01,0.46960888377453214,0.5303911162254679
DEAP:S11:T29,DEAP:S11,T29,0,2.32,2,1,3,0,unexposed,stimulus_absolute_context,validation_familiar,0.01,0.5611398711274934,0.4388601288725066
DEAP:S11:T31,DEAP:S11,T31,0,1.83,2,1,3,0,unexposed,stimulus_absolute_context,validation_familiar,0.01,0.5424805592199091,0.45751944078009094
DEAP:S11:T32,DEAP:S11,T32,1,5.01,2,1,3,0,unexposed,stimulus_absolute_context,validation_familiar,0.01,0.4577737617287818,0.5422262382712182
DEAP:S11:T34,DEAP:S11,T34,0,4.88,2,1,3,0,unexposed,stimulus_absolute_context,validation_familiar,0.01,0.5285083611757875,0.47149163882421247
DEAP:S21:T01,DEAP:S21,T01,1,6.42,2,1,3,0,unexposed,stimulus_absolute_context,validation_familiar,0.01,0.21160297228391112,0.7883970277160889
DEAP:S21:T03,DEAP:S21,T03,0,4.83,2,1,3,0,unexposed,stimulus_absolute_context,validation_familiar,0.01,0.1438501025343597,0.8561498974656403
DEAP:S21:T04,DEAP:S21,T04,1,5.05,2,1,3,0,unexposed,stimulus_absolute_context,validation_familiar,0.01,0.2155588436163015,0.7844411563836985
DEAP:S21:T05,DEAP:S21,T05,1,8.09,2,1,3,0,unexposed,stimulus_absolute_context,validation_familiar,0.01,0.34177631906884776,0.6582236809311522
DEAP:S21:T08,DEAP:S21,T08,1,8.81,2,1,3,0,unexposed,stimulus_absolute_context,validation_familiar,0.01,0.2077614359335097,0.7922385640664903
DEAP:S21:T10,DEAP:S21,T10,1,7.05,2,1,3,0,unexposed,stimulus_absolute_context,validation_familiar,0.01,0.511946310587302,0.488053689412698
DEAP:S21:T11,DEAP:S21,T11,1,7.05,2,1,3,0,unexposed,stimulus_absolute_context,validation_familiar,0.01,0.18479715254596496,0.815202847454035
DEAP:S21:T12,DEAP:S21,T12,0,4.63,2,1,3,0,unexposed,stimulus_absolute_context,validation_familiar,0.01,0.20911983925320865,0.7908801607467913
DEAP:S21:T18,DEAP:S21,T18,1,7.99,2,1,3,0,unexposed,stimulus_absolute_context,validation_familiar,0.01,0.22853353691176348,0.7714664630882365
DEAP:S21:T22,DEAP:S21,T22,0,2.09,2,1,3,0,unexposed,stimulus_absolute_context,validation_familiar,0.01,0.5764011057957639,0.4235988942042362
DEAP:S21:T24,DEAP:S21,T24,0,2.99,2,1,3,0,unexposed,stimulus_absolute_context,validation_familiar,0.01,0.6354560534194659,0.36454394658053413
DEAP:S21:T25,DEAP:S21,T25,0,3.97,2,1,3,0,unexposed,stimulus_absolute_context,validation_familiar,0.01,0.5483201393184959,0.4516798606815041
DEAP:S21:T29,DEAP:S21,T29,0,3.01,2,1,3,0,unexposed,stimulus_absolute_context,validation_familiar,0.01,0.6196967253941004,0.38030327460589963
DEAP:S21:T31,DEAP:S21,T31,1,5.04,2,1,3,0,unexposed,stimulus_absolute_context,validation_familiar,0.01,0.6563522123769627,0.3436477876230372
DEAP:S21:T32,DEAP:S21,T32,1,6.27,2,1,3,0,unexposed,stimulus_absolute_context,validation_familiar,0.01,0.5552265849703728,0.4447734150296272
DEAP:S21:T34,DEAP:S21,T34,0,4.06,2,1,3,0,unexposed,stimulus_absolute_context,validation_familiar,0.01,0.6449730133583204,0.35502698664167964
DEAP:S25:T01,DEAP:S25,T01,1,8.06,2,1,3,0,unexposed,stimulus_absolute_context,validation_familiar,0.01,0.1993829518604675,0.8006170481395325
DEAP:S25:T03,DEAP:S25,T03,1,7.12,2,1,3,0,unexposed,stimulus_absolute_context,validation_familiar,0.01,0.10285735304265464,0.8971426469573454
DEAP:S25:T05,DEAP:S25,T05,1,5.04,2,1,3,0,unexposed,stimulus_absolute_context,validation_familiar,0.01,0.3046102099769423,0.6953897900230577
DEAP:S25:T08,DEAP:S25,T08,1,8.04,2,1,3,0,unexposed,stimulus_absolute_context,validation_familiar,0.01,0.14824011279606997,0.85175988720393
DEAP:S25:T10,DEAP:S25,T10,0,1.0,2,1,3,0,unexposed,stimulus_absolute_context,validation_familiar,0.01,0.40412864475058163,0.5958713552494184
DEAP:S25:T11,DEAP:S25,T11,1,9.0,2,1,3,0,unexposed,stimulus_absolute_context,validation_familiar,0.01,0.1477705937419863,0.8522294062580137
DEAP:S25:T12,DEAP:S25,T12,1,8.04,2,1,3,0,unexposed,stimulus_absolute_context,validation_familiar,0.01,0.16683006930005828,0.8331699306999417
DEAP:S25:T18,DEAP:S25,T18,0,3.04,2,1,3,0,unexposed,stimulus_absolute_context,validation_familiar,0.01,0.17369394731573717,0.8263060526842628
DEAP:S25:T22,DEAP:S25,T22,1,8.03,2,1,3,0,unexposed,stimulus_absolute_context,validation_familiar,0.01,0.4897766182987122,0.5102233817012878
DEAP:S25:T24,DEAP:S25,T24,0,3.05,2,1,3,0,unexposed,stimulus_absolute_context,validation_familiar,0.01,0.5347618557466651,0.46523814425333493
DEAP:S25:T25,DEAP:S25,T25,0,4.96,2,1,3,0,unexposed,stimulus_absolute_context,validation_familiar,0.01,0.49972632304169473,0.5002736769583053
DEAP:S25:T29,DEAP:S25,T29,0,1.0,2,1,3,0,unexposed,stimulus_absolute_context,validation_familiar,0.01,0.5530898674329165,0.4469101325670834
DEAP:S25:T31,DEAP:S25,T31,0,1.01,2,1,3,0,unexposed,stimulus_absolute_context,validation_familiar,0.01,0.5770354497121153,0.42296455028788466
DEAP:S25:T32,DEAP:S25,T32,0,1.0,2,1,3,0,unexposed,stimulus_absolute_context,validation_familiar,0.01,0.49550496120416676,0.5044950387958332
DEAP:S25:T34,DEAP:S25,T34,0,4.95,2,1,3,0,unexposed,stimulus_absolute_context,validation_familiar,0.01,0.5682756667549176,0.43172433324508247
DEAP:S30:T01,DEAP:S30,T01,1,5.04,2,1,3,0,unexposed,stimulus_absolute_context,validation_familiar,0.01,0.3085976021422232,0.6914023978577768
DEAP:S30:T03,DEAP:S30,T03,1,6.15,2,1,3,0,unexposed,stimulus_absolute_context,validation_familiar,0.01,0.20737143251410572,0.7926285674858943
DEAP:S30:T04,DEAP:S30,T04,1,7.04,2,1,3,0,unexposed,stimulus_absolute_context,validation_familiar,0.01,0.27839929308373756,0.7216007069162624
DEAP:S30:T05,DEAP:S30,T05,1,6.19,2,1,3,0,unexposed,stimulus_absolute_context,validation_familiar,0.01,0.43222631176358817,0.5677736882364118
DEAP:S30:T08,DEAP:S30,T08,1,6.05,2,1,3,0,unexposed,stimulus_absolute_context,validation_familiar,0.01,0.2568861815942879,0.7431138184057121
DEAP:S30:T10,DEAP:S30,T10,1,5.08,2,1,3,0,unexposed,stimulus_absolute_context,validation_familiar,0.01,0.5843851356938408,0.4156148643061593
DEAP:S30:T11,DEAP:S30,T11,1,6.06,2,1,3,0,unexposed,stimulus_absolute_context,validation_familiar,0.01,0.26453408998698813,0.7354659100130119
DEAP:S30:T12,DEAP:S30,T12,1,5.15,2,1,3,0,unexposed,stimulus_absolute_context,validation_familiar,0.01,0.2995711053239296,0.7004288946760704
DEAP:S30:T18,DEAP:S30,T18,1,7.05,2,1,3,0,unexposed,stimulus_absolute_context,validation_familiar,0.01,0.30286032493850534,0.6971396750614947
DEAP:S30:T22,DEAP:S30,T22,0,4.05,2,1,3,0,unexposed,stimulus_absolute_context,validation_familiar,0.01,0.653169146583525,0.346830853416475
DEAP:S30:T24,DEAP:S30,T24,1,5.99,2,1,3,0,unexposed,stimulus_absolute_context,validation_familiar,0.01,0.7079154852753504,0.29208451472464964
DEAP:S30:T25,DEAP:S30,T25,0,3.92,2,1,3,0,unexposed,stimulus_absolute_context,validation_familiar,0.01,0.6745810053745509,0.3254189946254491
DEAP:S30:T29,DEAP:S30,T29,1,7.23,2,1,3,0,unexposed,stimulus_absolute_context,validation_familiar,0.01,0.7218313105979635,0.2781686894020365
DEAP:S30:T31,DEAP:S30,T31,0,3.86,2,1,3,0,unexposed,stimulus_absolute_context,validation_familiar,0.01,0.745358146252936,0.254641853747064
DEAP:S30:T32,DEAP:S30,T32,1,5.01,2,1,3,0,unexposed,stimulus_absolute_context,validation_familiar,0.01,0.6770329245471483,0.3229670754528517
DEAP:S30:T34,DEAP:S30,T34,0,4.99,2,1,3,0,unexposed,stimulus_absolute_context,validation_familiar,0.01,0.7046374064355319,0.29536259356446815
DEAP:S01:T01,DEAP:S01,T01,1,7.71,2,1,3,0,unexposed,stimulus_absolute_context,train,0.1,0.392681024469984,0.607318975530016
DEAP:S01:T03,DEAP:S01,T03,1,8.58,2,1,3,0,unexposed,stimulus_absolute_context,train,0.1,0.1276240679687043,0.8723759320312957
DEAP:S01:T04,DEAP:S01,T04,0,4.94,2,1,3,0,unexposed,stimulus_absolute_context,train,0.1,0.19589117071292683,0.8041088292870732
DEAP:S01:T08,DEAP:S01,T08,1,7.32,2,1,3,0,unexposed,stimulus_absolute_context,train,0.1,0.26457546677457344,0.7354245332254266
DEAP:S01:T10,DEAP:S01,T10,0,1.99,2,1,3,0,unexposed,stimulus_absolute_context,train,0.1,0.8277573923915312,0.1722426076084688
DEAP:S01:T11,DEAP:S01,T11,0,2.99,2,1,3,0,unexposed,stimulus_absolute_context,train,0.1,0.13835524953645473,0.8616447504635453
DEAP:S01:T12,DEAP:S01,T12,0,2.71,2,1,3,0,unexposed,stimulus_absolute_context,train,0.1,0.233186719585444,0.766813280414556
DEAP:S01:T18,DEAP:S01,T18,1,7.23,2,1,3,0,unexposed,stimulus_absolute_context,train,0.1,0.3600436326347062,0.6399563673652938
DEAP:S01:T22,DEAP:S01,T22,1,7.09,2,1,3,0,unexposed,stimulus_absolute_context,train,0.1,0.9254491401660006,0.07455085983399946
DEAP:S01:T24,DEAP:S01,T24,1,7.04,2,1,3,0,unexposed,stimulus_absolute_context,train,0.1,0.9223695551925355,0.0776304448074645
DEAP:S01:T25,DEAP:S01,T25,1,8.86,2,1,3,0,unexposed,stimulus_absolute_context,train,0.1,0.8893658639721216,0.11063413602787836
DEAP:S01:T29,DEAP:S01,T29,0,1.36,2,1,3,0,unexposed,stimulus_absolute_context,train,0.1,0.9338364586124656,0.06616354138753447
DEAP:S01:T31,DEAP:S01,T31,0,3.03,2,1,3,0,unexposed,stimulus_absolute_context,train,0.1,0.9506572953078002,0.049342704692199806
DEAP:S01:T32,DEAP:S01,T32,0,2.28,2,1,3,0,unexposed,stimulus_absolute_context,train,0.1,0.9057933911678139,0.09420660883218612
DEAP:S01:T34,DEAP:S01,T34,0,2.28,2,1,3,0,unexposed,stimulus_absolute_context,train,0.1,0.9393590792093701,0.06064092079062985
DEAP:S02:T01,DEAP:S02,T01,1,9.0,2,1,3,0,unexposed,stimulus_absolute_context,train,0.1,0.16156735893984986,0.8384326410601501
DEAP:S02:T03,DEAP:S02,T03,1,9.0,2,1,3,0,unexposed,stimulus_absolute_context,train,0.1,0.1069983314932541,0.8930016685067459
DEAP:S02:T04,DEAP:S02,T04,1,6.05,2,1,3,0,unexposed,stimulus_absolute_context,train,0.1,0.13474312154622103,0.865256878453779
DEAP:S02:T05,DEAP:S02,T05,1,5.04,2,1,3,0,unexposed,stimulus_absolute_context,train,0.1,0.41486791166670134,0.5851320883332987
DEAP:S02:T08,DEAP:S02,T08,1,9.0,2,1,3,0,unexposed,stimulus_absolute_context,train,0.1,0.1033433127804485,0.8966566872195515
DEAP:S02:T10,DEAP:S02,T10,0,4.99,2,1,3,0,unexposed,stimulus_absolute_context,train,0.1,0.6334639310888089,0.36653606891119106
DEAP:S02:T11,DEAP:S02,T11,1,7.08,2,1,3,0,unexposed,stimulus_absolute_context,train,0.1,0.08128350143644447,0.9187164985635555
DEAP:S02:T12,DEAP:S02,T12,1,8.01,2,1,3,0,unexposed,stimulus_absolute_context,train,0.1,0.1328782667913524,0.8671217332086476
DEAP:S02:T18,DEAP:S02,T18,1,9.0,2,1,3,0,unexposed,stimulus_absolute_context,train,0.1,0.09242211496903074,0.9075778850309693
DEAP:S02:T25,DEAP:S02,T25,1,9.0,2,1,3,0,unexposed,stimulus_absolute_context,train,0.1,0.6984725201793749,0.30152747982062517
DEAP:S02:T29,DEAP:S02,T29,0,2.99,2,1,3,0,unexposed,stimulus_absolute_context,train,0.1,0.8079171495107599,0.19208285048924012
DEAP:S02:T31,DEAP:S02,T31,0,4.06,2,1,3,0,unexposed,stimulus_absolute_context,train,0.1,0.8158000228600972,0.18419997713990283
DEAP:S02:T32,DEAP:S02,T32,0,1.0,2,1,3,0,unexposed,stimulus_absolute_context,train,0.1,0.6612222436775445,0.33877775632245555
DEAP:S02:T34,DEAP:S02,T34,0,4.87,2,1,3,0,unexposed,stimulus_absolute_context,train,0.1,0.813020017714697,0.186979982285303
DEAP:S03:T01,DEAP:S03,T01,1,5.33,2,1,3,0,unexposed,stimulus_absolute_context,train,0.1,0.20131272144575252,0.7986872785542475
DEAP:S03:T03,DEAP:S03,T03,1,7.55,2,1,3,0,unexposed,stimulus_absolute_context,train,0.1,0.08591992462556919,0.9140800753744308
DEAP:S03:T05,DEAP:S03,T05,1,6.92,2,1,3,0,unexposed,stimulus_absolute_context,train,0.1,0.383870918009683,0.616129081990317
DEAP:S03:T08,DEAP:S03,T08,1,7.14,2,1,3,0,unexposed,stimulus_absolute_context,train,0.1,0.0973385357113451,0.9026614642886549
DEAP:S03:T10,DEAP:S03,T10,0,4.45,2,1,3,0,unexposed,stimulus_absolute_context,train,0.1,0.6383982326329593,0.36160176736704075
DEAP:S03:T11,DEAP:S03,T11,1,7.94,2,1,3,0,unexposed,stimulus_absolute_context,train,0.1,0.114454467286632,0.885545532713368
DEAP:S03:T12,DEAP:S03,T12,1,6.36,2,1,3,0,unexposed,stimulus_absolute_context,train,0.1,0.17448169608155906,0.8255183039184409
DEAP:S03:T18,DEAP:S03,T18,1,7.1,2,1,3,0,unexposed,stimulus_absolute_context,train,0.1,0.1601705555832904,0.8398294444167096
DEAP:S03:T22,DEAP:S03,T22,0,4.94,2,1,3,0,unexposed,stimulus_absolute_context,train,0.1,0.7908282694832622,0.20917173051673774
DEAP:S03:T24,DEAP:S03,T24,0,3.31,2,1,3,0,unexposed,stimulus_absolute_context,train,0.1,0.8305662531593295,0.16943374684067047
DEAP:S03:T25,DEAP:S03,T25,0,3.45,2,1,3,0,unexposed,stimulus_absolute_context,train,0.1,0.789649022193868,0.21035097780613202
DEAP:S03:T29,DEAP:S03,T29,0,4.47,2,1,3,0,unexposed,stimulus_absolute_context,train,0.1,0.8367916897422811,0.16320831025771892
DEAP:S03:T31,DEAP:S03,T31,0,4.44,2,1,3,0,unexposed,stimulus_absolute_context,train,0.1,0.8715344288884737,0.1284655711115264
DEAP:S03:T32,DEAP:S03,T32,1,5.17,2,1,3,0,unexposed,stimulus_absolute_context,train,0.1,0.8209355817665924,0.17906441823340763
DEAP:S03:T34,DEAP:S03,T34,0,4.72,2,1,3,0,unexposed,stimulus_absolute_context,train,0.1,0.8572580220858665,0.14274197791413346
DEAP:S04:T01,DEAP:S04,T01,1,6.68,2,1,3,0,unexposed,stimulus_absolute_context,train,0.1,0.41535688318859687,0.5846431168114031
DEAP:S04:T03,DEAP:S04,T03,1,8.95,2,1,3,0,unexposed,stimulus_absolute_context,train,0.1,0.11382259971274011,0.8861774002872599
DEAP:S04:T04,DEAP:S04,T04,1,6.1,2,1,3,0,unexposed,stimulus_absolute_context,train,0.1,0.2222710648121391,0.7777289351878609
DEAP:S04:T05,DEAP:S04,T05,0,4.06,2,1,3,0,unexposed,stimulus_absolute_context,train,0.1,0.48584368804676303,0.514156311953237
DEAP:S04:T08,DEAP:S04,T08,1,5.97,2,1,3,0,unexposed,stimulus_absolute_context,train,0.1,0.2611923874083212,0.7388076125916788
DEAP:S04:T10,DEAP:S04,T10,0,3.15,2,1,3,0,unexposed,stimulus_absolute_context,train,0.1,0.7705569953270729,0.22944300467292714
DEAP:S04:T11,DEAP:S04,T11,1,7.24,2,1,3,0,unexposed,stimulus_absolute_context,train,0.1,0.2278702487765848,0.7721297512234152
DEAP:S04:T12,DEAP:S04,T12,1,5.04,2,1,3,0,unexposed,stimulus_absolute_context,train,0.1,0.2722197263870071,0.7277802736129929
DEAP:S04:T18,DEAP:S04,T18,0,4.9,2,1,3,0,unexposed,stimulus_absolute_context,train,0.1,0.28387301093440076,0.7161269890655992
DEAP:S04:T22,DEAP:S04,T22,0,1.86,2,1,3,0,unexposed,stimulus_absolute_context,train,0.1,0.8421627702191222,0.1578372297808778
DEAP:S04:T24,DEAP:S04,T24,0,2.71,2,1,3,0,unexposed,stimulus_absolute_context,train,0.1,0.8981813975592012,0.1018186024407988
DEAP:S04:T25,DEAP:S04,T25,1,7.0,2,1,3,0,unexposed,stimulus_absolute_context,train,0.1,0.8829586449971455,0.11704135500285455
DEAP:S04:T29,DEAP:S04,T29,0,1.85,2,1,3,0,unexposed,stimulus_absolute_context,train,0.1,0.9003648524433128,0.09963514755668727
DEAP:S04:T31,DEAP:S04,T31,0,2.01,2,1,3,0,unexposed,stimulus_absolute_context,train,0.1,0.9000270217918095,0.09997297820819048
DEAP:S04:T32,DEAP:S04,T32,0,1.01,2,1,3,0,unexposed,stimulus_absolute_context,train,0.1,0.8377573634011242,0.1622426365988758
DEAP:S04:T34,DEAP:S04,T34,0,2.17,2,1,3,0,unexposed,stimulus_absolute_context,train,0.1,0.8979803573483698,0.10201964265163019
DEAP:S07:T01,DEAP:S07,T01,1,8.1,2,1,3,0,unexposed,stimulus_absolute_context,train,0.1,0.06463664706162509,0.9353633529383749
DEAP:S07:T03,DEAP:S07,T03,1,7.1,2,1,3,0,unexposed,stimulus_absolute_context,train,0.1,0.015626537466742363,0.9843734625332576
DEAP:S07:T04,DEAP:S07,T04,1,7.08,2,1,3,0,unexposed,stimulus_absolute_context,train,0.1,0.02870656425662632,0.9712934357433737
DEAP:S07:T05,DEAP:S07,T05,1,7.05,2,1,3,0,unexposed,stimulus_absolute_context,train,0.1,0.13371301383653034,0.8662869861634697
DEAP:S07:T08,DEAP:S07,T08,1,7.0,2,1,3,0,unexposed,stimulus_absolute_context,train,0.1,0.028177399621831745,0.9718226003781683
DEAP:S07:T10,DEAP:S07,T10,1,7.09,2,1,3,0,unexposed,stimulus_absolute_context,train,0.1,0.3107465628481906,0.6892534371518094
DEAP:S07:T11,DEAP:S07,T11,1,7.03,2,1,3,0,unexposed,stimulus_absolute_context,train,0.1,0.033374004732018236,0.9666259952679818
DEAP:S07:T12,DEAP:S07,T12,1,6.99,2,1,3,0,unexposed,stimulus_absolute_context,train,0.1,0.05013289749215366,0.9498671025078463
DEAP:S07:T18,DEAP:S07,T18,1,7.03,2,1,3,0,unexposed,stimulus_absolute_context,train,0.1,0.06364955453152432,0.9363504454684757
DEAP:S07:T22,DEAP:S07,T22,0,3.05,2,1,3,0,unexposed,stimulus_absolute_context,train,0.1,0.46834708664346125,0.5316529133565387
DEAP:S07:T25,DEAP:S07,T25,0,2.99,2,1,3,0,unexposed,stimulus_absolute_context,train,0.1,0.5106852538970245,0.48931474610297554
DEAP:S07:T29,DEAP:S07,T29,1,7.09,2,1,3,0,unexposed,stimulus_absolute_context,train,0.1,0.6474399051587597,0.3525600948412403
DEAP:S07:T31,DEAP:S07,T31,1,6.96,2,1,3,0,unexposed,stimulus_absolute_context,train,0.1,0.7455163505447049,0.25448364945529517
DEAP:S07:T34,DEAP:S07,T34,0,4.01,2,1,3,0,unexposed,stimulus_absolute_context,train,0.1,0.517659171074689,0.48234082892531105
DEAP:S08:T01,DEAP:S08,T01,1,7.6,2,1,3,0,unexposed,stimulus_absolute_context,train,0.1,0.171253705567031,0.828746294432969
DEAP:S08:T03,DEAP:S08,T03,1,8.15,2,1,3,0,unexposed,stimulus_absolute_context,train,0.1,0.09728127491681404,0.902718725083186
DEAP:S08:T04,DEAP:S08,T04,1,6.82,2,1,3,0,unexposed,stimulus_absolute_context,train,0.1,0.13015875283403866,0.8698412471659613
DEAP:S08:T05,DEAP:S08,T05,0,4.41,2,1,3,0,unexposed,stimulus_absolute_context,train,0.1,0.592856062345053,0.407143937654947
DEAP:S08:T08,DEAP:S08,T08,1,8.82,2,1,3,0,unexposed,stimulus_absolute_context,train,0.1,0.06687198979393993,0.9331280102060601
DEAP:S08:T10,DEAP:S08,T10,0,4.97,2,1,3,0,unexposed,stimulus_absolute_context,train,0.1,0.5691120672993408,0.43088793270065917
DEAP:S08:T11,DEAP:S08,T11,1,8.41,2,1,3,0,unexposed,stimulus_absolute_context,train,0.1,0.16066215280926344,0.8393378471907366
DEAP:S08:T12,DEAP:S08,T12,1,8.47,2,1,3,0,unexposed,stimulus_absolute_context,train,0.1,0.25128800710714494,0.7487119928928551
DEAP:S08:T18,DEAP:S08,T18,1,7.21,2,1,3,0,unexposed,stimulus_absolute_context,train,0.1,0.2460901493528962,0.7539098506471038
DEAP:S08:T22,DEAP:S08,T22,0,4.23,2,1,3,0,unexposed,stimulus_absolute_context,train,0.1,0.8363638998921639,0.16363610010783614
DEAP:S08:T25,DEAP:S08,T25,0,3.72,2,1,3,0,unexposed,stimulus_absolute_context,train,0.1,0.8672439124321938,0.13275608756780624
DEAP:S08:T29,DEAP:S08,T29,0,2.78,2,1,3,0,unexposed,stimulus_absolute_context,train,0.1,0.8836003518446665,0.11639964815533357
DEAP:S08:T31,DEAP:S08,T31,0,1.45,2,1,3,0,unexposed,stimulus_absolute_context,train,0.1,0.8970211406334139,0.10297885936658614
DEAP:S08:T32,DEAP:S08,T32,1,6.33,2,1,3,0,unexposed,stimulus_absolute_context,train,0.1,0.6321320425098359,0.3678679574901641
DEAP:S08:T34,DEAP:S08,T34,1,5.05,2,1,3,0,unexposed,stimulus_absolute_context,train,0.1,0.8550299109766657,0.14497008902333436
DEAP:S09:T01,DEAP:S09,T01,1,5.05,2,1,3,0,unexposed,stimulus_absolute_context,train,0.1,0.18481049609086875,0.8151895039091313
DEAP:S09:T03,DEAP:S09,T03,1,7.08,2,1,3,0,unexposed,stimulus_absolute_context,train,0.1,0.13511113362500626,0.8648888663749937
DEAP:S09:T04,DEAP:S09,T04,1,5.99,2,1,3,0,unexposed,stimulus_absolute_context,train,0.1,0.21558593869948306,0.7844140613005169
DEAP:S09:T05,DEAP:S09,T05,0,4.99,2,1,3,0,unexposed,stimulus_absolute_context,train,0.1,0.41282230836982103,0.587177691630179
DEAP:S09:T08,DEAP:S09,T08,1,6.15,2,1,3,0,unexposed,stimulus_absolute_context,train,0.1,0.10494131400021,0.89505868599979
DEAP:S09:T10,DEAP:S09,T10,0,3.94,2,1,3,0,unexposed,stimulus_absolute_context,train,0.1,0.6768526577464674,0.3231473422535326
DEAP:S09:T11,DEAP:S09,T11,1,7.12,2,1,3,0,unexposed,stimulus_absolute_context,train,0.1,0.13159589888912604,0.868404101110874
DEAP:S09:T12,DEAP:S09,T12,1,7.08,2,1,3,0,unexposed,stimulus_absolute_context,train,0.1,0.12948639807325535,0.8705136019267447
DEAP:S09:T18,DEAP:S09,T18,0,4.9,2,1,3,0,unexposed,stimulus_absolute_context,train,0.1,0.17856265883963796,0.821437341160362
DEAP:S09:T22,DEAP:S09,T22,0,3.99,2,1,3,0,unexposed,stimulus_absolute_context,train,0.1,0.7613316911943397,0.23866830880566026
DEAP:S09:T24,DEAP:S09,T24,0,4.03,2,1,3,0,unexposed,stimulus_absolute_context,train,0.1,0.8472857705847275,0.15271422941527246
DEAP:S09:T25,DEAP:S09,T25,1,5.04,2,1,3,0,unexposed,stimulus_absolute_context,train,0.1,0.794859624441524,0.20514037555847603
DEAP:S09:T29,DEAP:S09,T29,0,3.99,2,1,3,0,unexposed,stimulus_absolute_context,train,0.1,0.8780460132099914,0.12195398679000861
DEAP:S09:T31,DEAP:S09,T31,1,6.06,2,1,3,0,unexposed,stimulus_absolute_context,train,0.1,0.9343653481372688,0.0656346518627312
DEAP:S09:T32,DEAP:S09,T32,0,3.1,2,1,3,0,unexposed,stimulus_absolute_context,train,0.1,0.8408729289517648,0.15912707104823523
DEAP:S09:T34,DEAP:S09,T34,1,5.06,2,1,3,0,unexposed,stimulus_absolute_context,train,0.1,0.8692637596797208,0.13073624032027922
DEAP:S10:T01,DEAP:S10,T01,1,7.91,2,1,3,0,unexposed,stimulus_absolute_context,train,0.1,0.08667644024224475,0.9133235597577553
DEAP:S10:T03,DEAP:S10,T03,1,5.86,2,1,3,0,unexposed,stimulus_absolute_context,train,0.1,0.061838243512046254,0.9381617564879537
DEAP:S10:T05,DEAP:S10,T05,1,7.24,2,1,3,0,unexposed,stimulus_absolute_context,train,0.1,0.22887730353595503,0.771122696464045
DEAP:S10:T08,DEAP:S10,T08,1,5.68,2,1,3,0,unexposed,stimulus_absolute_context,train,0.1,0.0692738798656094,0.9307261201343906
DEAP:S10:T10,DEAP:S10,T10,1,5.94,2,1,3,0,unexposed,stimulus_absolute_context,train,0.1,0.5456870636912097,0.4543129363087904
DEAP:S10:T12,DEAP:S10,T12,1,5.37,2,1,3,0,unexposed,stimulus_absolute_context,train,0.1,0.06152763056094379,0.9384723694390562
DEAP:S10:T18,DEAP:S10,T18,1,7.31,2,1,3,0,unexposed,stimulus_absolute_context,train,0.1,0.10635068337664044,0.8936493166233596
DEAP:S10:T22,DEAP:S10,T22,0,4.24,2,1,3,0,unexposed,stimulus_absolute_context,train,0.1,0.6864306208434896,0.31356937915651045
DEAP:S10:T24,DEAP:S10,T24,1,6.82,2,1,3,0,unexposed,stimulus_absolute_context,train,0.1,0.4067141819720833,0.5932858180279167
DEAP:S10:T25,DEAP:S10,T25,0,1.92,2,1,3,0,unexposed,stimulus_absolute_context,train,0.1,0.7478176363657294,0.25218236363427066
DEAP:S10:T29,DEAP:S10,T29,0,3.94,2,1,3,0,unexposed,stimulus_absolute_context,train,0.1,0.8257770905156041,0.17422290948439587
DEAP:S10:T31,DEAP:S10,T31,0,4.15,2,1,3,0,unexposed,stimulus_absolute_context,train,0.1,0.8485865398310413,0.15141346016895876
DEAP:S10:T32,DEAP:S10,T32,1,5.96,2,1,3,0,unexposed,stimulus_absolute_context,train,0.1,0.5236748020284023,0.4763251979715976
DEAP:S10:T34,DEAP:S10,T34,0,3.91,2,1,3,0,unexposed,stimulus_absolute_context,train,0.1,0.7484671813583923,0.2515328186416077
DEAP:S12:T01,DEAP:S12,T01,1,7.09,2,1,3,0,unexposed,stimulus_absolute_context,train,0.1,0.32471188312998556,0.6752881168700144
DEAP:S12:T03,DEAP:S12,T03,1,7.33,2,1,3,0,unexposed,stimulus_absolute_context,train,0.1,0.09241332083985943,0.9075866791601406
DEAP:S12:T04,DEAP:S12,T04,1,6.86,2,1,3,0,unexposed,stimulus_absolute_context,train,0.1,0.20484135018720384,0.7951586498127962
DEAP:S12:T05,DEAP:S12,T05,0,4.01,2,1,3,0,unexposed,stimulus_absolute_context,train,0.1,0.49749879488732285,0.5025012051126772
DEAP:S12:T08,DEAP:S12,T08,1,5.1,2,1,3,0,unexposed,stimulus_absolute_context,train,0.1,0.19499528650258735,0.8050047134974126
DEAP:S12:T10,DEAP:S12,T10,0,4.06,2,1,3,0,unexposed,stimulus_absolute_context,train,0.1,0.722270400163512,0.27772959983648804
DEAP:S12:T11,DEAP:S12,T11,1,7.78,2,1,3,0,unexposed,stimulus_absolute_context,train,0.1,0.20539999073741133,0.7946000092625887
DEAP:S12:T12,DEAP:S12,T12,1,6.86,2,1,3,0,unexposed,stimulus_absolute_context,train,0.1,0.3221932264947639,0.6778067735052361
DEAP:S12:T18,DEAP:S12,T18,1,7.35,2,1,3,0,unexposed,stimulus_absolute_context,train,0.1,0.29399383208398,0.70600616791602
DEAP:S12:T22,DEAP:S12,T22,0,3.33,2,1,3,0,unexposed,stimulus_absolute_context,train,0.1,0.8987100876348548,0.1012899123651452
DEAP:S12:T25,DEAP:S12,T25,0,2.78,2,1,3,0,unexposed,stimulus_absolute_context,train,0.1,0.8814211950008608,0.11857880499913923
DEAP:S12:T29,DEAP:S12,T29,0,1.67,2,1,3,0,unexposed,stimulus_absolute_context,train,0.1,0.873547075819387,0.12645292418061302
DEAP:S12:T31,DEAP:S12,T31,0,3.18,2,1,3,0,unexposed,stimulus_absolute_context,train,0.1,0.893353814617181,0.10664618538281904
DEAP:S12:T32,DEAP:S12,T32,0,1.86,2,1,3,0,unexposed,stimulus_absolute_context,train,0.1,0.8473064234029669,0.1526935765970331
DEAP:S12:T34,DEAP:S12,T34,0,4.87,2,1,3,0,unexposed,stimulus_absolute_context,train,0.1,0.9194255254530447,0.08057447454695535
DEAP:S13:T01,DEAP:S13,T01,1,6.15,2,1,3,0,unexposed,stimulus_absolute_context,train,0.1,0.26623049666521814,0.7337695033347819
DEAP:S13:T03,DEAP:S13,T03,1,9.0,2,1,3,0,unexposed,stimulus_absolute_context,train,0.1,0.043528203189668546,0.9564717968103315
DEAP:S13:T05,DEAP:S13,T05,1,5.01,2,1,3,0,unexposed,stimulus_absolute_context,train,0.1,0.338574131116374,0.661425868883626
DEAP:S13:T08,DEAP:S13,T08,1,7.99,2,1,3,0,unexposed,stimulus_absolute_context,train,0.1,0.1321471969764214,0.8678528030235786
DEAP:S13:T10,DEAP:S13,T10,0,4.01,2,1,3,0,unexposed,stimulus_absolute_context,train,0.1,0.6984739758558984,0.3015260241441015
DEAP:S13:T11,DEAP:S13,T11,1,7.04,2,1,3,0,unexposed,stimulus_absolute_context,train,0.1,0.0675363522626955,0.9324636477373045
DEAP:S13:T18,DEAP:S13,T18,1,7.94,2,1,3,0,unexposed,stimulus_absolute_context,train,0.1,0.09302290053423656,0.9069770994657634
DEAP:S13:T22,DEAP:S13,T22,0,4.01,2,1,3,0,unexposed,stimulus_absolute_context,train,0.1,0.8439780802770334,0.1560219197229666
DEAP:S13:T24,DEAP:S13,T24,0,2.97,2,1,3,0,unexposed,stimulus_absolute_context,train,0.1,0.8667244368325344,0.13327556316746555
DEAP:S13:T25,DEAP:S13,T25,0,3.97,2,1,3,0,unexposed,stimulus_absolute_context,train,0.1,0.7205256334753688,0.2794743665246312
DEAP:S13:T29,DEAP:S13,T29,0,4.04,2,1,3,0,unexposed,stimulus_absolute_context,train,0.1,0.8655068609825654,0.13449313901743462
DEAP:S13:T31,DEAP:S13,T31,0,1.97,2,1,3,0,unexposed,stimulus_absolute_context,train,0.1,0.9120340149192412,0.08796598508075881
DEAP:S13:T32,DEAP:S13,T32,0,4.05,2,1,3,0,unexposed,stimulus_absolute_context,train,0.1,0.838805823439595,0.16119417656040508
DEAP:S13:T34,DEAP:S13,T34,0,2.92,2,1,3,0,unexposed,stimulus_absolute_context,train,0.1,0.8311537921023975,0.1688462078976025
DEAP:S14:T01,DEAP:S14,T01,1,8.22,2,1,3,0,unexposed,stimulus_absolute_context,train,0.1,0.18498169632241834,0.8150183036775817
DEAP:S14:T03,DEAP:S14,T03,1,7.5,2,1,3,0,unexposed,stimulus_absolute_context,train,0.1,0.06230552737397388,0.9376944726260261
DEAP:S14:T04,DEAP:S14,T04,1,7.38,2,1,3,0,unexposed,stimulus_absolute_context,train,0.1,0.17436580094334786,0.8256341990566521
DEAP:S14:T05,DEAP:S14,T05,0,3.99,2,1,3,0,unexposed,stimulus_absolute_context,train,0.1,0.6641627173385172,0.3358372826614829
DEAP:S14:T08,DEAP:S14,T08,1,7.0,2,1,3,0,unexposed,stimulus_absolute_context,train,0.1,0.22442012998004857,0.7755798700199514
DEAP:S14:T10,DEAP:S14,T10,0,1.88,2,1,3,0,unexposed,stimulus_absolute_context,train,0.1,0.839310432189551,0.16068956781044896
DEAP:S14:T11,DEAP:S14,T11,1,8.03,2,1,3,0,unexposed,stimulus_absolute_context,train,0.1,0.20507219597109438,0.7949278040289056
DEAP:S14:T12,DEAP:S14,T12,1,7.63,2,1,3,0,unexposed,stimulus_absolute_context,train,0.1,0.3452678001193409,0.6547321998806591
DEAP:S14:T18,DEAP:S14,T18,1,8.09,2,1,3,0,unexposed,stimulus_absolute_context,train,0.1,0.25057941753543855,0.7494205824645614
DEAP:S14:T22,DEAP:S14,T22,0,4.1,2,1,3,0,unexposed,stimulus_absolute_context,train,0.1,0.8601720017441516,0.13982799825584832
DEAP:S14:T24,DEAP:S14,T24,0,2.36,2,1,3,0,unexposed,stimulus_absolute_context,train,0.1,0.9093624584091844,0.09063754159081558
DEAP:S14:T25,DEAP:S14,T25,0,3.87,2,1,3,0,unexposed,stimulus_absolute_context,train,0.1,0.8145398715451453,0.18546012845485474
DEAP:S14:T29,DEAP:S14,T29,0,2.92,2,1,3,0,unexposed,stimulus_absolute_context,train,0.1,0.9059330539373511,0.09406694606264888
DEAP:S14:T32,DEAP:S14,T32,0,1.99,2,1,3,0,unexposed,stimulus_absolute_context,train,0.1,0.7995458853042374,0.20045411469576258
DEAP:S15:T01,DEAP:S15,T01,1,8.9,2,1,3,0,unexposed,stimulus_absolute_context,train,0.1,0.11630821164511385,0.8836917883548862
DEAP:S15:T03,DEAP:S15,T03,1,8.04,2,1,3,0,unexposed,stimulus_absolute_context,train,0.1,0.17020681681044003,0.82979318318956
DEAP:S15:T04,DEAP:S15,T04,1,8.04,2,1,3,0,unexposed,stimulus_absolute_context,train,0.1,0.083407513944742,0.916592486055258
DEAP:S15:T05,DEAP:S15,T05,1,9.0,2,1,3,0,unexposed,stimulus_absolute_context,train,0.1,0.18422852581133264,0.8157714741886674
DEAP:S15:T08,DEAP:S15,T08,1,9.0,2,1,3,0,unexposed,stimulus_absolute_context,train,0.1,0.19492723966405923,0.8050727603359408
DEAP:S15:T10,DEAP:S15,T10,0,4.99,2,1,3,0,unexposed,stimulus_absolute_context,train,0.1,0.7719677212301731,0.22803227876982693
DEAP:S15:T11,DEAP:S15,T11,1,8.99,2,1,3,0,unexposed,stimulus_absolute_context,train,0.1,0.11489346206706574,0.8851065379329343
DEAP:S15:T12,DEAP:S15,T12,1,7.08,2,1,3,0,unexposed,stimulus_absolute_context,train,0.1,0.11068954781316664,0.8893104521868334
DEAP:S15:T18,DEAP:S15,T18,1,7.04,2,1,3,0,unexposed,stimulus_absolute_context,train,0.1,0.17514287013549157,0.8248571298645084
DEAP:S15:T22,DEAP:S15,T22,0,4.12,2,1,3,0,unexposed,stimulus_absolute_context,train,0.1,0.9396752929040072,0.06032470709599277
DEAP:S15:T24,DEAP:S15,T24,0,1.92,2,1,3,0,unexposed,stimulus_absolute_context,train,0.1,0.8765830144056977,0.12341698559430228
DEAP:S15:T25,DEAP:S15,T25,0,2.96,2,1,3,0,unexposed,stimulus_absolute_context,train,0.1,0.7968075958802496,0.20319240411975037
DEAP:S15:T29,DEAP:S15,T29,0,4.05,2,1,3,0,unexposed,stimulus_absolute_context,train,0.1,0.9427866550286956,0.05721334497130433
DEAP:S15:T31,DEAP:S15,T31,0,2.99,2,1,3,0,unexposed,stimulus_absolute_context,train,0.1,0.8793568650970633,0.12064313490293671
DEAP:S15:T32,DEAP:S15,T32,0,3.97,2,1,3,0,unexposed,stimulus_absolute_context,train,0.1,0.8001659749847476,0.1998340250152524
DEAP:S16:T01,DEAP:S16,T01,0,2.51,2,1,3,0,unexposed,stimulus_absolute_context,train,0.1,0.24379816321464787,0.7562018367853521
DEAP:S16:T03,DEAP:S16,T03,1,6.74,2,1,3,0,unexposed,stimulus_absolute_context,train,0.1,0.042626623349223625,0.9573733766507764
DEAP:S16:T04,DEAP:S16,T04,1,7.09,2,1,3,0,unexposed,stimulus_absolute_context,train,0.1,0.05319781926361333,0.9468021807363867
DEAP:S16:T08,DEAP:S16,T08,0,3.51,2,1,3,0,unexposed,stimulus_absolute_context,train,0.1,0.15837994503545316,0.8416200549645468
DEAP:S16:T10,DEAP:S16,T10,1,5.14,2,1,3,0,unexposed,stimulus_absolute_context,train,0.1,0.6284693972951476,0.37153060270485244
DEAP:S16:T11,DEAP:S16,T11,1,7.27,2,1,3,0,unexposed,stimulus_absolute_context,train,0.1,0.12441054249244754,0.8755894575075525
DEAP:S16:T12,DEAP:S16,T12,1,5.97,2,1,3,0,unexposed,stimulus_absolute_context,train,0.1,0.2629383829886792,0.7370616170113208
DEAP:S16:T18,DEAP:S16,T18,1,6.56,2,1,3,0,unexposed,stimulus_absolute_context,train,0.1,0.25625673393283765,0.7437432660671623
DEAP:S16:T22,DEAP:S16,T22,1,6.79,2,1,3,0,unexposed,stimulus_absolute_context,train,0.1,0.8261044572698546,0.17389554273014543
DEAP:S16:T24,DEAP:S16,T24,0,2.51,2,1,3,0,unexposed,stimulus_absolute_context,train,0.1,0.9432314302994123,0.05676856970058772
DEAP:S16:T25,DEAP:S16,T25,0,2.47,2,1,3,0,unexposed,stimulus_absolute_context,train,0.1,0.8865749262614001,0.11342507373859993
DEAP:S16:T29,DEAP:S16,T29,0,3.23,2,1,3,0,unexposed,stimulus_absolute_context,train,0.1,0.9158439651796133,0.08415603482038664
DEAP:S16:T31,DEAP:S16,T31,0,3.88,2,1,3,0,unexposed,stimulus_absolute_context,train,0.1,0.8469432918788483,0.15305670812115169
DEAP:S16:T32,DEAP:S16,T32,1,5.01,2,1,3,0,unexposed,stimulus_absolute_context,train,0.1,0.7324669290509576,0.2675330709490425
DEAP:S16:T34,DEAP:S16,T34,0,1.0,2,1,3,0,unexposed,stimulus_absolute_context,train,0.1,0.801315970660047,0.19868402933995305
DEAP:S17:T01,DEAP:S17,T01,0,4.05,2,1,3,0,unexposed,stimulus_absolute_context,train,0.1,0.09272762372838605,0.907272376271614
DEAP:S17:T03,DEAP:S17,T03,1,6.46,2,1,3,0,unexposed,stimulus_absolute_context,train,0.1,0.05018229498143589,0.9498177050185641
DEAP:S17:T04,DEAP:S17,T04,1,6.35,2,1,3,0,unexposed,stimulus_absolute_context,train,0.1,0.12049772026626526,0.8795022797337347
DEAP:S17:T05,DEAP:S17,T05,1,7.05,2,1,3,0,unexposed,stimulus_absolute_context,train,0.1,0.3392590383808136,0.6607409616191864
DEAP:S17:T08,DEAP:S17,T08,1,6.05,2,1,3,0,unexposed,stimulus_absolute_context,train,0.1,0.09703082558223708,0.9029691744177629
DEAP:S17:T10,DEAP:S17,T10,1,6.09,2,1,3,0,unexposed,stimulus_absolute_context,train,0.1,0.592629152692967,0.407370847307033
DEAP:S17:T11,DEAP:S17,T11,1,6.03,2,1,3,0,unexposed,stimulus_absolute_context,train,0.1,0.06569043000355501,0.934309569996445
DEAP:S17:T12,DEAP:S17,T12,1,5.96,2,1,3,0,unexposed,stimulus_absolute_context,train,0.1,0.14824914559123403,0.851750854408766
DEAP:S17:T18,DEAP:S17,T18,1,6.22,2,1,3,0,unexposed,stimulus_absolute_context,train,0.1,0.1600099966991313,0.8399900033008687
DEAP:S17:T22,DEAP:S17,T22,0,3.19,2,1,3,0,unexposed,stimulus_absolute_context,train,0.1,0.7112322521791778,0.2887677478208222
DEAP:S17:T24,DEAP:S17,T24,0,4.53,2,1,3,0,unexposed,stimulus_absolute_context,train,0.1,0.8014847101068523,0.19851528989314773
DEAP:S17:T25,DEAP:S17,T25,1,6.18,2,1,3,0,unexposed,stimulus_absolute_context,train,0.1,0.7613003142017101,0.23869968579828987
DEAP:S17:T29,DEAP:S17,T29,1,5.54,2,1,3,0,unexposed,stimulus_absolute_context,train,0.1,0.873218564913206,0.12678143508679393
DEAP:S17:T31,DEAP:S17,T31,0,4.54,2,1,3,0,unexposed,stimulus_absolute_context,train,0.1,0.7852014419726836,0.21479855802731643
DEAP:S17:T32,DEAP:S17,T32,0,4.04,2,1,3,0,unexposed,stimulus_absolute_context,train,0.1,0.7132846297505111,0.28671537024948884
DEAP:S17:T34,DEAP:S17,T34,0,4.99,2,1,3,0,unexposed,stimulus_absolute_context,train,0.1,0.7356477641458976,0.2643522358541024
DEAP:S18:T01,DEAP:S18,T01,1,6.33,2,1,3,0,unexposed,stimulus_absolute_context,train,0.1,0.07512397592088216,0.9248760240791178
DEAP:S18:T03,DEAP:S18,T03,1,6.36,2,1,3,0,unexposed,stimulus_absolute_context,train,0.1,0.031625050449147096,0.9683749495508529
DEAP:S18:T04,DEAP:S18,T04,1,6.65,2,1,3,0,unexposed,stimulus_absolute_context,train,0.1,0.06256993551637613,0.9374300644836239
DEAP:S18:T05,DEAP:S18,T05,1,6.13,2,1,3,0,unexposed,stimulus_absolute_context,train,0.1,0.1615024238903282,0.8384975761096718
DEAP:S18:T10,DEAP:S18,T10,1,6.09,2,1,3,0,unexposed,stimulus_absolute_context,train,0.1,0.45536532004061714,0.5446346799593829
DEAP:S18:T11,DEAP:S18,T11,1,6.24,2,1,3,0,unexposed,stimulus_absolute_context,train,0.1,0.04814476802179213,0.9518552319782079
DEAP:S18:T12,DEAP:S18,T12,1,5.55,2,1,3,0,unexposed,stimulus_absolute_context,train,0.1,0.06456598851008621,0.9354340114899138
DEAP:S18:T18,DEAP:S18,T18,1,7.05,2,1,3,0,unexposed,stimulus_absolute_context,train,0.1,0.07904327723859716,0.9209567227614028
DEAP:S18:T22,DEAP:S18,T22,1,5.69,2,1,3,0,unexposed,stimulus_absolute_context,train,0.1,0.6793584326825695,0.3206415673174306
DEAP:S18:T24,DEAP:S18,T24,0,3.22,2,1,3,0,unexposed,stimulus_absolute_context,train,0.1,0.6944821115821864,0.3055178884178136
DEAP:S18:T25,DEAP:S18,T25,0,4.23,2,1,3,0,unexposed,stimulus_absolute_context,train,0.1,0.6542809034892313,0.3457190965107687
DEAP:S18:T32,DEAP:S18,T32,0,4.62,2,1,3,0,unexposed,stimulus_absolute_context,train,0.1,0.6395011825496875,0.3604988174503126
DEAP:S18:T34,DEAP:S18,T34,0,4.15,2,1,3,0,unexposed,stimulus_absolute_context,train,0.1,0.7715404170721117,0.22845958292788823
DEAP:S20:T03,DEAP:S20,T03,1,7.18,2,1,3,0,unexposed,stimulus_absolute_context,train,0.1,0.06515998432706938,0.9348400156729306
DEAP:S20:T04,DEAP:S20,T04,1,7.05,2,1,3,0,unexposed,stimulus_absolute_context,train,0.1,0.10065993711308119,0.8993400628869188
DEAP:S20:T05,DEAP:S20,T05,1,8.82,2,1,3,0,unexposed,stimulus_absolute_context,train,0.1,0.24508022597834467,0.7549197740216553
DEAP:S20:T08,DEAP:S20,T08,1,7.63,2,1,3,0,unexposed,stimulus_absolute_context,train,0.1,0.09678628159849201,0.903213718401508
DEAP:S20:T10,DEAP:S20,T10,1,5.13,2,1,3,0,unexposed,stimulus_absolute_context,train,0.1,0.5351870869625366,0.4648129130374634
DEAP:S20:T11,DEAP:S20,T11,1,8.18,2,1,3,0,unexposed,stimulus_absolute_context,train,0.1,0.110604117719591,0.889395882280409
DEAP:S20:T12,DEAP:S20,T12,1,7.64,2,1,3,0,unexposed,stimulus_absolute_context,train,0.1,0.08403205825035265,0.9159679417496474
DEAP:S20:T18,DEAP:S20,T18,1,7.35,2,1,3,0,unexposed,stimulus_absolute_context,train,0.1,0.11836908085701947,0.8816309191429805
DEAP:S20:T22,DEAP:S20,T22,0,4.06,2,1,3,0,unexposed,stimulus_absolute_context,train,0.1,0.7498858814876368,0.25011411851236315
DEAP:S20:T24,DEAP:S20,T24,0,3.0,2,1,3,0,unexposed,stimulus_absolute_context,train,0.1,0.7780840765756439,0.22191592342435607
DEAP:S20:T25,DEAP:S20,T25,0,2.99,2,1,3,0,unexposed,stimulus_absolute_context,train,0.1,0.7293824187052291,0.2706175812947709
DEAP:S20:T29,DEAP:S20,T29,0,2.44,2,1,3,0,unexposed,stimulus_absolute_context,train,0.1,0.8281373365895506,0.1718626634104494
DEAP:S20:T31,DEAP:S20,T31,0,4.46,2,1,3,0,unexposed,stimulus_absolute_context,train,0.1,0.8272065942603477,0.1727934057396523
DEAP:S20:T32,DEAP:S20,T32,1,6.28,2,1,3,0,unexposed,stimulus_absolute_context,train,0.1,0.7882834810139623,0.21171651898603777
DEAP:S20:T34,DEAP:S20,T34,0,4.74,2,1,3,0,unexposed,stimulus_absolute_context,train,0.1,0.8518553828257734,0.14814461717422653
DEAP:S22:T01,DEAP:S22,T01,1,5.05,2,1,3,0,unexposed,stimulus_absolute_context,train,0.1,0.2012933618341215,0.7987066381658785
DEAP:S22:T03,DEAP:S22,T03,1,7.05,2,1,3,0,unexposed,stimulus_absolute_context,train,0.1,0.10811466259548996,0.89188533740451
DEAP:S22:T05,DEAP:S22,T05,1,7.1,2,1,3,0,unexposed,stimulus_absolute_context,train,0.1,0.56228927430457,0.43771072569542996
DEAP:S22:T08,DEAP:S22,T08,1,7.09,2,1,3,0,unexposed,stimulus_absolute_context,train,0.1,0.16977740947254394,0.8302225905274561
DEAP:S22:T10,DEAP:S22,T10,0,4.0,2,1,3,0,unexposed,stimulus_absolute_context,train,0.1,0.7065251556139337,0.2934748443860663
DEAP:S22:T11,DEAP:S22,T11,1,8.05,2,1,3,0,unexposed,stimulus_absolute_context,train,0.1,0.21050663217207732,0.7894933678279227
DEAP:S22:T12,DEAP:S22,T12,0,4.99,2,1,3,0,unexposed,stimulus_absolute_context,train,0.1,0.17213725695101512,0.8278627430489849
DEAP:S22:T18,DEAP:S22,T18,1,8.08,2,1,3,0,unexposed,stimulus_absolute_context,train,0.1,0.1841108502418244,0.8158891497581756
DEAP:S22:T22,DEAP:S22,T22,0,4.05,2,1,3,0,unexposed,stimulus_absolute_context,train,0.1,0.7390100021241128,0.2609899978758871
DEAP:S22:T24,DEAP:S22,T24,0,1.96,2,1,3,0,unexposed,stimulus_absolute_context,train,0.1,0.8898548986914852,0.1101451013085149
DEAP:S22:T25,DEAP:S22,T25,0,2.95,2,1,3,0,unexposed,stimulus_absolute_context,train,0.1,0.8754103621179725,0.12458963788202743
DEAP:S22:T29,DEAP:S22,T29,0,2.0,2,1,3,0,unexposed,stimulus_absolute_context,train,0.1,0.910378374651424,0.08962162534857603
DEAP:S22:T31,DEAP:S22,T31,0,2.01,2,1,3,0,unexposed,stimulus_absolute_context,train,0.1,0.9297043236429429,0.07029567635705718
DEAP:S22:T32,DEAP:S22,T32,0,1.99,2,1,3,0,unexposed,stimulus_absolute_context,train,0.1,0.8844776397519438,0.11552236024805622
DEAP:S22:T34,DEAP:S22,T34,1,5.04,2,1,3,0,unexposed,stimulus_absolute_context,train,0.1,0.8925611903290429,0.10743880967095713
DEAP:S23:T03,DEAP:S23,T03,1,7.09,2,1,3,0,unexposed,stimulus_absolute_context,train,0.1,0.012550677328092341,0.9874493226719077
DEAP:S23:T04,DEAP:S23,T04,1,8.21,2,1,3,0,unexposed,stimulus_absolute_context,train,0.1,0.028683441733234116,0.9713165582667659
DEAP:S23:T08,DEAP:S23,T08,1,7.23,2,1,3,0,unexposed,stimulus_absolute_context,train,0.1,0.05188112063752659,0.9481188793624734
DEAP:S23:T10,DEAP:S23,T10,1,5.01,2,1,3,0,unexposed,stimulus_absolute_context,train,0.1,0.3184821819585453,0.6815178180414547
DEAP:S23:T12,DEAP:S23,T12,1,7.0,2,1,3,0,unexposed,stimulus_absolute_context,train,0.1,0.14539958669027742,0.8546004133097226
DEAP:S23:T18,DEAP:S23,T18,1,7.12,2,1,3,0,unexposed,stimulus_absolute_context,train,0.1,0.08249392227248953,0.9175060777275105
DEAP:S23:T22,DEAP:S23,T22,0,2.97,2,1,3,0,unexposed,stimulus_absolute_context,train,0.1,0.6452807183970144,0.3547192816029856
DEAP:S23:T24,DEAP:S23,T24,1,6.53,2,1,3,0,unexposed,stimulus_absolute_context,train,0.1,0.5224542782501426,0.47754572174985743
DEAP:S23:T25,DEAP:S23,T25,0,4.97,2,1,3,0,unexposed,stimulus_absolute_context,train,0.1,0.44978259647542773,0.5502174035245723
DEAP:S23:T29,DEAP:S23,T29,0,3.72,2,1,3,0,unexposed,stimulus_absolute_context,train,0.1,0.511053394337238,0.488946605662762
DEAP:S23:T31,DEAP:S23,T31,0,4.86,2,1,3,0,unexposed,stimulus_absolute_context,train,0.1,0.673303857017832,0.326696142982168
DEAP:S23:T32,DEAP:S23,T32,1,7.97,2,1,3,0,unexposed,stimulus_absolute_context,train,0.1,0.5471301273985492,0.45286987260145084
DEAP:S23:T34,DEAP:S23,T34,1,6.72,2,1,3,0,unexposed,stimulus_absolute_context,train,0.1,0.5736958477703884,0.4263041522296116
DEAP:S24:T03,DEAP:S24,T03,1,8.96,2,1,3,0,unexposed,stimulus_absolute_context,train,0.1,0.06384512152845478,0.9361548784715452
DEAP:S24:T05,DEAP:S24,T05,1,7.06,2,1,3,0,unexposed,stimulus_absolute_context,train,0.1,0.3726785802676168,0.6273214197323832
DEAP:S24:T08,DEAP:S24,T08,1,7.03,2,1,3,0,unexposed,stimulus_absolute_context,train,0.1,0.13867089812212086,0.8613291018778791
DEAP:S24:T10,DEAP:S24,T10,1,5.01,2,1,3,0,unexposed,stimulus_absolute_context,train,0.1,0.6804326177637039,0.31956738223629616
DEAP:S24:T11,DEAP:S24,T11,1,7.03,2,1,3,0,unexposed,stimulus_absolute_context,train,0.1,0.15774136012040718,0.8422586398795928
DEAP:S24:T12,DEAP:S24,T12,1,7.04,2,1,3,0,unexposed,stimulus_absolute_context,train,0.1,0.16290367063201394,0.8370963293679861
DEAP:S24:T22,DEAP:S24,T22,0,3.03,2,1,3,0,unexposed,stimulus_absolute_context,train,0.1,0.8141657801000085,0.18583421989999147
DEAP:S24:T24,DEAP:S24,T24,0,2.99,2,1,3,0,unexposed,stimulus_absolute_context,train,0.1,0.8538405535968294,0.14615944640317063
DEAP:S24:T25,DEAP:S24,T25,0,3.12,2,1,3,0,unexposed,stimulus_absolute_context,train,0.1,0.7744474360916789,0.22555256390832115
DEAP:S24:T29,DEAP:S24,T29,0,3.97,2,1,3,0,unexposed,stimulus_absolute_context,train,0.1,0.8528291265720807,0.1471708734279193
DEAP:S24:T31,DEAP:S24,T31,0,2.94,2,1,3,0,unexposed,stimulus_absolute_context,train,0.1,0.8533822455647572,0.14661775443524286
DEAP:S24:T32,DEAP:S24,T32,0,3.0,2,1,3,0,unexposed,stimulus_absolute_context,train,0.1,0.8027155543296158,0.19728444567038422
DEAP:S24:T34,DEAP:S24,T34,0,4.05,2,1,3,0,unexposed,stimulus_absolute_context,train,0.1,0.7324305184885498,0.26756948151145016
DEAP:S26:T01,DEAP:S26,T01,1,7.97,2,1,3,0,unexposed,stimulus_absolute_context,train,0.1,0.08723699791906114,0.9127630020809389
DEAP:S26:T03,DEAP:S26,T03,1,9.0,2,1,3,0,unexposed,stimulus_absolute_context,train,0.1,0.037313947739686215,0.9626860522603138
DEAP:S26:T04,DEAP:S26,T04,1,8.03,2,1,3,0,unexposed,stimulus_absolute_context,train,0.1,0.0719911434583752,0.9280088565416248
DEAP:S26:T05,DEAP:S26,T05,0,4.0,2,1,3,0,unexposed,stimulus_absolute_context,train,0.1,0.24054236609875224,0.7594576339012478
DEAP:S26:T08,DEAP:S26,T08,1,8.01,2,1,3,0,unexposed,stimulus_absolute_context,train,0.1,0.0675260715590833,0.9324739284409167
DEAP:S26:T10,DEAP:S26,T10,0,3.08,2,1,3,0,unexposed,stimulus_absolute_context,train,0.1,0.469834077613832,0.530165922386168
DEAP:S26:T11,DEAP:S26,T11,1,8.04,2,1,3,0,unexposed,stimulus_absolute_context,train,0.1,0.06562244232597236,0.9343775576740276
DEAP:S26:T12,DEAP:S26,T12,1,7.04,2,1,3,0,unexposed,stimulus_absolute_context,train,0.1,0.08874563340481945,0.9112543665951806
DEAP:S26:T18,DEAP:S26,T18,1,9.0,2,1,3,0,unexposed,stimulus_absolute_context,train,0.1,0.09627098059967298,0.903729019400327
DEAP:S26:T22,DEAP:S26,T22,1,6.97,2,1,3,0,unexposed,stimulus_absolute_context,train,0.1,0.6361288897758358,0.3638711102241642
DEAP:S26:T24,DEAP:S26,T24,1,9.0,2,1,3,0,unexposed,stimulus_absolute_context,train,0.1,0.7739915814596798,0.2260084185403202
DEAP:S26:T25,DEAP:S26,T25,1,7.14,2,1,3,0,unexposed,stimulus_absolute_context,train,0.1,0.5544498332126659,0.44555016678733406
DEAP:S26:T29,DEAP:S26,T29,1,6.09,2,1,3,0,unexposed,stimulus_absolute_context,train,0.1,0.8025251949174725,0.19747480508252743
DEAP:S26:T31,DEAP:S26,T31,0,1.97,2,1,3,0,unexposed,stimulus_absolute_context,train,0.1,0.7754346627191877,0.22456533728081224
DEAP:S26:T32,DEAP:S26,T32,0,1.96,2,1,3,0,unexposed,stimulus_absolute_context,train,0.1,0.5945524553636587,0.40544754463634125
DEAP:S26:T34,DEAP:S26,T34,0,1.0,2,1,3,0,unexposed,stimulus_absolute_context,train,0.1,0.7385005625601359,0.26149943743986415
DEAP:S28:T01,DEAP:S28,T01,1,7.03,2,1,3,0,unexposed,stimulus_absolute_context,train,0.1,0.053437617089077794,0.9465623829109222
DEAP:S28:T04,DEAP:S28,T04,1,8.08,2,1,3,0,unexposed,stimulus_absolute_context,train,0.1,0.057146155417097666,0.9428538445829023
DEAP:S28:T05,DEAP:S28,T05,1,7.04,2,1,3,0,unexposed,stimulus_absolute_context,train,0.1,0.13209141758138965,0.8679085824186104
DEAP:S28:T08,DEAP:S28,T08,1,7.01,2,1,3,0,unexposed,stimulus_absolute_context,train,0.1,0.04215620401944098,0.957843795980559
DEAP:S28:T10,DEAP:S28,T10,1,7.99,2,1,3,0,unexposed,stimulus_absolute_context,train,0.1,0.4421455536936709,0.5578544463063291
DEAP:S28:T11,DEAP:S28,T11,1,7.01,2,1,3,0,unexposed,stimulus_absolute_context,train,0.1,0.0501505988088391,0.9498494011911609
DEAP:S28:T12,DEAP:S28,T12,1,6.06,2,1,3,0,unexposed,stimulus_absolute_context,train,0.1,0.08095437984356202,0.919045620156438
DEAP:S28:T18,DEAP:S28,T18,1,8.08,2,1,3,0,unexposed,stimulus_absolute_context,train,0.1,0.04165023866189266,0.9583497613381073
DEAP:S28:T22,DEAP:S28,T22,1,5.03,2,1,3,0,unexposed,stimulus_absolute_context,train,0.1,0.6369556400726148,0.3630443599273852
DEAP:S28:T24,DEAP:S28,T24,0,4.04,2,1,3,0,unexposed,stimulus_absolute_context,train,0.1,0.5932852366243127,0.40671476337568735
DEAP:S28:T25,DEAP:S28,T25,0,4.06,2,1,3,0,unexposed,stimulus_absolute_context,train,0.1,0.5590643743524507,0.4409356256475493
DEAP:S28:T29,DEAP:S28,T29,0,2.06,2,1,3,0,unexposed,stimulus_absolute_context,train,0.1,0.658402779023799,0.34159722097620104
DEAP:S28:T31,DEAP:S28,T31,1,6.91,2,1,3,0,unexposed,stimulus_absolute_context,train,0.1,0.7559516942614282,0.24404830573857178
DEAP:S28:T32,DEAP:S28,T32,0,3.05,2,1,3,0,unexposed,stimulus_absolute_context,train,0.1,0.5368532286070371,0.46314677139296284
DEAP:S29:T01,DEAP:S29,T01,1,6.06,2,1,3,0,unexposed,stimulus_absolute_context,train,0.1,0.19045398485181264,0.8095460151481874
DEAP:S29:T03,DEAP:S29,T03,1,9.0,2,1,3,0,unexposed,stimulus_absolute_context,train,0.1,0.03119222727853943,0.9688077727214606
DEAP:S29:T04,DEAP:S29,T04,1,7.17,2,1,3,0,unexposed,stimulus_absolute_context,train,0.1,0.13743042060839916,0.8625695793916008
DEAP:S29:T05,DEAP:S29,T05,1,6.05,2,1,3,0,unexposed,stimulus_absolute_context,train,0.1,0.4046336201176338,0.5953663798823662
DEAP:S29:T08,DEAP:S29,T08,1,7.04,2,1,3,0,unexposed,stimulus_absolute_context,train,0.1,0.09309004723354652,0.9069099527664535
DEAP:S29:T10,DEAP:S29,T10,1,7.01,2,1,3,0,unexposed,stimulus_absolute_context,train,0.1,0.5695817925315598,0.4304182074684402
DEAP:S29:T11,DEAP:S29,T11,1,8.03,2,1,3,0,unexposed,stimulus_absolute_context,train,0.1,0.08759825611192218,0.9124017438880778
DEAP:S29:T12,DEAP:S29,T12,1,6.04,2,1,3,0,unexposed,stimulus_absolute_context,train,0.1,0.12035826122361148,0.8796417387763885
DEAP:S29:T18,DEAP:S29,T18,1,7.01,2,1,3,0,unexposed,stimulus_absolute_context,train,0.1,0.145605412002611,0.854394587997389
DEAP:S29:T22,DEAP:S29,T22,0,3.05,2,1,3,0,unexposed,stimulus_absolute_context,train,0.1,0.6846826038141406,0.3153173961858594
DEAP:S29:T24,DEAP:S29,T24,0,4.12,2,1,3,0,unexposed,stimulus_absolute_context,train,0.1,0.7188049000855117,0.2811950999144884
DEAP:S29:T25,DEAP:S29,T25,0,3.03,2,1,3,0,unexposed,stimulus_absolute_context,train,0.1,0.7042538795449793,0.29574612045502074
DEAP:S29:T31,DEAP:S29,T31,0,1.0,2,1,3,0,unexposed,stimulus_absolute_context,train,0.1,0.8232739366959083,0.17672606330409166
DEAP:S29:T32,DEAP:S29,T32,0,4.04,2,1,3,0,unexposed,stimulus_absolute_context,train,0.1,0.7475223441541413,0.2524776558458587
DEAP:S31:T01,DEAP:S31,T01,1,6.79,2,1,3,0,unexposed,stimulus_absolute_context,train,0.1,0.07105879802802884,0.9289412019719712
DEAP:S31:T04,DEAP:S31,T04,1,6.97,2,1,3,0,unexposed,stimulus_absolute_context,train,0.1,0.07461965414565574,0.9253803458543443
DEAP:S31:T05,DEAP:S31,T05,1,6.22,2,1,3,0,unexposed,stimulus_absolute_context,train,0.1,0.23730534225060496,0.762694657749395
DEAP:S31:T10,DEAP:S31,T10,0,4.01,2,1,3,0,unexposed,stimulus_absolute_context,train,0.1,0.4649295493054121,0.5350704506945879
DEAP:S31:T11,DEAP:S31,T11,1,9.0,2,1,3,0,unexposed,stimulus_absolute_context,train,0.1,0.05245178228689362,0.9475482177131064
DEAP:S31:T12,DEAP:S31,T12,1,7.14,2,1,3,0,unexposed,stimulus_absolute_context,train,0.1,0.07805392160950586,0.9219460783904941
DEAP:S31:T18,DEAP:S31,T18,1,7.06,2,1,3,0,unexposed,stimulus_absolute_context,train,0.1,0.08123792555901188,0.9187620744409881
DEAP:S31:T22,DEAP:S31,T22,1,5.04,2,1,3,0,unexposed,stimulus_absolute_context,train,0.1,0.6163872380160971,0.38361276198390293
DEAP:S31:T25,DEAP:S31,T25,1,6.14,2,1,3,0,unexposed,stimulus_absolute_context,train,0.1,0.516019076685037,0.48398092331496306
DEAP:S31:T29,DEAP:S31,T29,1,5.09,2,1,3,0,unexposed,stimulus_absolute_context,train,0.1,0.7298853519491852,0.27011464805081475
DEAP:S31:T32,DEAP:S31,T32,0,1.0,2,1,3,0,unexposed,stimulus_absolute_context,train,0.1,0.5827469733610011,0.41725302663899894
DEAP:S31:T34,DEAP:S31,T34,0,1.95,2,1,3,0,unexposed,stimulus_absolute_context,train,0.1,0.6468328894956431,0.3531671105043569
DEAP:S32:T01,DEAP:S32,T01,1,8.13,2,1,3,0,unexposed,stimulus_absolute_context,train,0.1,0.24796120981468994,0.7520387901853101
DEAP:S32:T03,DEAP:S32,T03,1,8.05,2,1,3,0,unexposed,stimulus_absolute_context,train,0.1,0.08686666324208892,0.9131333367579111
DEAP:S32:T04,DEAP:S32,T04,1,6.96,2,1,3,0,unexposed,stimulus_absolute_context,train,0.1,0.16807197199616952,0.8319280280038305
DEAP:S32:T05,DEAP:S32,T05,1,7.15,2,1,3,0,unexposed,stimulus_absolute_context,train,0.1,0.4275699458819836,0.5724300541180164
DEAP:S32:T08,DEAP:S32,T08,1,7.96,2,1,3,0,unexposed,stimulus_absolute_context,train,0.1,0.1201697020923308,0.8798302979076692
DEAP:S32:T10,DEAP:S32,T10,0,4.08,2,1,3,0,unexposed,stimulus_absolute_context,train,0.1,0.7213258375544642,0.2786741624455357
DEAP:S32:T11,DEAP:S32,T11,1,8.24,2,1,3,0,unexposed,stimulus_absolute_context,train,0.1,0.15406590835299505,0.845934091647005
DEAP:S32:T12,DEAP:S32,T12,1,7.31,2,1,3,0,unexposed,stimulus_absolute_context,train,0.1,0.19654358237488367,0.8034564176251163
DEAP:S32:T18,DEAP:S32,T18,1,8.03,2,1,3,0,unexposed,stimulus_absolute_context,train,0.1,0.2853328527284874,0.7146671472715126
DEAP:S32:T22,DEAP:S32,T22,0,4.15,2,1,3,0,unexposed,stimulus_absolute_context,train,0.1,0.8150499459026501,0.1849500540973499
DEAP:S32:T24,DEAP:S32,T24,0,1.0,2,1,3,0,unexposed,stimulus_absolute_context,train,0.1,0.8357675386520398,0.16423246134796018
DEAP:S32:T25,DEAP:S32,T25,0,4.01,2,1,3,0,unexposed,stimulus_absolute_context,train,0.1,0.8182017985417185,0.18179820145828157
DEAP:S32:T29,DEAP:S32,T29,0,4.09,2,1,3,0,unexposed,stimulus_absolute_context,train,0.1,0.8772469130829859,0.1227530869170141
DEAP:S32:T31,DEAP:S32,T31,0,4.17,2,1,3,0,unexposed,stimulus_absolute_context,train,0.1,0.9189223444710141,0.0810776555289859
DEAP:S32:T32,DEAP:S32,T32,0,3.87,2,1,3,0,unexposed,stimulus_absolute_context,train,0.1,0.7823410928198089,0.21765890718019104
DEAP:S32:T34,DEAP:S32,T34,0,4.05,2,1,3,0,unexposed,stimulus_absolute_context,train,0.1,0.8316439694819272,0.16835603051807277
DEAP:S11:T02,DEAP:S11,T02,1,5.67,2,1,3,0,unexposed,stimulus_absolute_context,validation_unseen,0.1,0.020389138978652466,0.9796108610213475
DEAP:S11:T19,DEAP:S11,T19,1,5.54,2,1,3,0,unexposed,stimulus_absolute_context,validation_unseen,0.1,0.02748141106383195,0.972518588936168
DEAP:S11:T23,DEAP:S11,T23,0,3.72,2,1,3,0,unexposed,stimulus_absolute_context,validation_unseen,0.1,0.03503941572986513,0.9649605842701349
DEAP:S11:T26,DEAP:S11,T26,1,5.49,2,1,3,0,unexposed,stimulus_absolute_context,validation_unseen,0.1,0.04716760955338173,0.9528323904466183
DEAP:S11:T28,DEAP:S11,T28,0,4.26,2,1,3,0,unexposed,stimulus_absolute_context,validation_unseen,0.1,0.039597623498699996,0.9604023765013
DEAP:S11:T30,DEAP:S11,T30,0,4.58,2,1,3,0,unexposed,stimulus_absolute_context,validation_unseen,0.1,0.017567245394678688,0.9824327546053213
DEAP:S11:T33,DEAP:S11,T33,1,5.64,2,1,3,0,unexposed,stimulus_absolute_context,validation_unseen,0.1,0.03159926689319592,0.9684007331068041
DEAP:S11:T39,DEAP:S11,T39,0,1.0,2,1,3,0,unexposed,stimulus_absolute_context,validation_unseen,0.1,0.017912300524199676,0.9820876994758003
DEAP:S21:T02,DEAP:S21,T02,1,7.05,2,1,3,0,unexposed,stimulus_absolute_context,validation_unseen,0.1,0.2362867541676017,0.7637132458323983
DEAP:S21:T19,DEAP:S21,T19,1,7.26,2,1,3,0,unexposed,stimulus_absolute_context,validation_unseen,0.1,0.22597328271380435,0.7740267172861957
DEAP:S21:T23,DEAP:S21,T23,0,4.69,2,1,3,0,unexposed,stimulus_absolute_context,validation_unseen,0.1,0.20667108766231435,0.7933289123376857
DEAP:S21:T26,DEAP:S21,T26,0,4.06,2,1,3,0,unexposed,stimulus_absolute_context,validation_unseen,0.1,0.24694604070028647,0.7530539592997135
DEAP:S21:T28,DEAP:S21,T28,0,3.04,2,1,3,0,unexposed,stimulus_absolute_context,validation_unseen,0.1,0.2533087216230199,0.7466912783769801
DEAP:S21:T30,DEAP:S21,T30,0,3.45,2,1,3,0,unexposed,stimulus_absolute_context,validation_unseen,0.1,0.2756288201348551,0.7243711798651449
DEAP:S21:T33,DEAP:S21,T33,1,7.03,2,1,3,0,unexposed,stimulus_absolute_context,validation_unseen,0.1,0.2136823584882559,0.7863176415117441
DEAP:S21:T39,DEAP:S21,T39,1,6.09,2,1,3,0,unexposed,stimulus_absolute_context,validation_unseen,0.1,0.1706055902684117,0.8293944097315883
DEAP:S25:T02,DEAP:S25,T02,0,2.99,2,1,3,0,unexposed,stimulus_absolute_context,validation_unseen,0.1,0.11817217133262659,0.8818278286673734
DEAP:S25:T19,DEAP:S25,T19,1,7.06,2,1,3,0,unexposed,stimulus_absolute_context,validation_unseen,0.1,0.1649214448448979,0.8350785551551021
DEAP:S25:T23,DEAP:S25,T23,0,2.01,2,1,3,0,unexposed,stimulus_absolute_context,validation_unseen,0.1,0.16252917464237837,0.8374708253576216
DEAP:S25:T26,DEAP:S25,T26,0,4.99,2,1,3,0,unexposed,stimulus_absolute_context,validation_unseen,0.1,0.11171060847224257,0.8882893915277574
DEAP:S25:T28,DEAP:S25,T28,1,5.01,2,1,3,0,unexposed,stimulus_absolute_context,validation_unseen,0.1,0.19016027240745237,0.8098397275925476
DEAP:S25:T30,DEAP:S25,T30,0,4.03,2,1,3,0,unexposed,stimulus_absolute_context,validation_unseen,0.1,0.14889852291387706,0.8511014770861229
DEAP:S25:T33,DEAP:S25,T33,0,1.94,2,1,3,0,unexposed,stimulus_absolute_context,validation_unseen,0.1,0.13268110789384768,0.8673188921061523
DEAP:S25:T39,DEAP:S25,T39,0,1.0,2,1,3,0,unexposed,stimulus_absolute_context,validation_unseen,0.1,0.1673142188182407,0.8326857811817593
DEAP:S30:T02,DEAP:S30,T02,1,7.15,2,1,3,0,unexposed,stimulus_absolute_context,validation_unseen,0.1,0.44936840274889434,0.5506315972511057
DEAP:S30:T19,DEAP:S30,T19,1,8.27,2,1,3,0,unexposed,stimulus_absolute_context,validation_unseen,0.1,0.4847310455379047,0.5152689544620953
DEAP:S30:T23,DEAP:S30,T23,0,3.0,2,1,3,0,unexposed,stimulus_absolute_context,validation_unseen,0.1,0.48930327834450005,0.5106967216555
DEAP:S30:T26,DEAP:S30,T26,1,5.01,2,1,3,0,unexposed,stimulus_absolute_context,validation_unseen,0.1,0.507210275759296,0.492789724240704
DEAP:S30:T28,DEAP:S30,T28,1,5.06,2,1,3,0,unexposed,stimulus_absolute_context,validation_unseen,0.1,0.4065088616968987,0.5934911383031013
DEAP:S30:T30,DEAP:S30,T30,0,4.04,2,1,3,0,unexposed,stimulus_absolute_context,validation_unseen,0.1,0.4220110207084127,0.5779889792915873
DEAP:S30:T33,DEAP:S30,T33,0,3.91,2,1,3,0,unexposed,stimulus_absolute_context,validation_unseen,0.1,0.39518149870638153,0.6048185012936185
DEAP:S30:T39,DEAP:S30,T39,0,2.97,2,1,3,0,unexposed,stimulus_absolute_context,validation_unseen,0.1,0.4714154763083488,0.5285845236916512
DEAP:S11:T01,DEAP:S11,T01,1,6.27,2,1,3,0,unexposed,stimulus_absolute_context,validation_familiar,0.1,0.009587587434023104,0.9904124125659769
DEAP:S11:T03,DEAP:S11,T03,1,7.41,2,1,3,0,unexposed,stimulus_absolute_context,validation_familiar,0.1,0.001064126453976022,0.998935873546024
DEAP:S11:T04,DEAP:S11,T04,1,7.65,2,1,3,0,unexposed,stimulus_absolute_context,validation_familiar,0.1,0.0068617951057686755,0.9931382048942313
DEAP:S11:T05,DEAP:S11,T05,1,7.41,2,1,3,0,unexposed,stimulus_absolute_context,validation_familiar,0.1,0.019096231863109714,0.9809037681368903
DEAP:S11:T08,DEAP:S11,T08,1,6.26,2,1,3,0,unexposed,stimulus_absolute_context,validation_familiar,0.1,0.005530314073841303,0.9944696859261587
DEAP:S11:T10,DEAP:S11,T10,1,6.53,2,1,3,0,unexposed,stimulus_absolute_context,validation_familiar,0.1,0.0375272370190477,0.9624727629809523
DEAP:S11:T11,DEAP:S11,T11,1,7.32,2,1,3,0,unexposed,stimulus_absolute_context,validation_familiar,0.1,0.00289628357153493,0.9971037164284651
DEAP:S11:T12,DEAP:S11,T12,1,5.04,2,1,3,0,unexposed,stimulus_absolute_context,validation_familiar,0.1,0.006951412807544188,0.9930485871924558
DEAP:S11:T18,DEAP:S11,T18,1,7.95,2,1,3,0,unexposed,stimulus_absolute_context,validation_familiar,0.1,0.0042099260218235734,0.9957900739781764
DEAP:S11:T22,DEAP:S11,T22,1,6.15,2,1,3,0,unexposed,stimulus_absolute_context,validation_familiar,0.1,0.061544256429189925,0.9384557435708101
DEAP:S11:T24,DEAP:S11,T24,0,2.88,2,1,3,0,unexposed,stimulus_absolute_context,validation_familiar,0.1,0.14547257792700719,0.8545274220729928
DEAP:S11:T25,DEAP:S11,T25,1,5.01,2,1,3,0,unexposed,stimulus_absolute_context,validation_familiar,0.1,0.10236020325403195,0.897639796745968
DEAP:S11:T29,DEAP:S11,T29,0,2.32,2,1,3,0,unexposed,stimulus_absolute_context,validation_familiar,0.1,0.18907544704519064,0.8109245529548094
DEAP:S11:T31,DEAP:S11,T31,0,1.83,2,1,3,0,unexposed,stimulus_absolute_context,validation_familiar,0.1,0.13217512506202933,0.8678248749379707
DEAP:S11:T32,DEAP:S11,T32,1,5.01,2,1,3,0,unexposed,stimulus_absolute_context,validation_familiar,0.1,0.08346053704753364,0.9165394629524664
DEAP:S11:T34,DEAP:S11,T34,0,4.88,2,1,3,0,unexposed,stimulus_absolute_context,validation_familiar,0.1,0.1657257044501742,0.8342742955498258
DEAP:S21:T01,DEAP:S21,T01,1,6.42,2,1,3,0,unexposed,stimulus_absolute_context,validation_familiar,0.1,0.045396794533090756,0.9546032054669092
DEAP:S21:T03,DEAP:S21,T03,0,4.83,2,1,3,0,unexposed,stimulus_absolute_context,validation_familiar,0.1,0.018952503857468272,0.9810474961425317
DEAP:S21:T04,DEAP:S21,T04,1,5.05,2,1,3,0,unexposed,stimulus_absolute_context,validation_familiar,0.1,0.0641042476123087,0.9358957523876913
DEAP:S21:T05,DEAP:S21,T05,1,8.09,2,1,3,0,unexposed,stimulus_absolute_context,validation_familiar,0.1,0.1754758575836417,0.8245241424163583
DEAP:S21:T08,DEAP:S21,T08,1,8.81,2,1,3,0,unexposed,stimulus_absolute_context,validation_familiar,0.1,0.05484015069335202,0.945159849306648
DEAP:S21:T10,DEAP:S21,T10,1,7.05,2,1,3,0,unexposed,stimulus_absolute_context,validation_familiar,0.1,0.44364824864947794,0.5563517513505221
DEAP:S21:T11,DEAP:S21,T11,1,7.05,2,1,3,0,unexposed,stimulus_absolute_context,validation_familiar,0.1,0.0390379094454365,0.9609620905545635
DEAP:S21:T12,DEAP:S21,T12,0,4.63,2,1,3,0,unexposed,stimulus_absolute_context,validation_familiar,0.1,0.04147718216330476,0.9585228178366952
DEAP:S21:T18,DEAP:S21,T18,1,7.99,2,1,3,0,unexposed,stimulus_absolute_context,validation_familiar,0.1,0.06519146700868139,0.9348085329913186
DEAP:S21:T22,DEAP:S21,T22,0,2.09,2,1,3,0,unexposed,stimulus_absolute_context,validation_familiar,0.1,0.5191850940610618,0.48081490593893816
DEAP:S21:T24,DEAP:S21,T24,0,2.99,2,1,3,0,unexposed,stimulus_absolute_context,validation_familiar,0.1,0.6446928836942668,0.3553071163057332
DEAP:S21:T25,DEAP:S21,T25,0,3.97,2,1,3,0,unexposed,stimulus_absolute_context,validation_familiar,0.1,0.49522405797620306,0.5047759420237969
DEAP:S21:T29,DEAP:S21,T29,0,3.01,2,1,3,0,unexposed,stimulus_absolute_context,validation_familiar,0.1,0.5474232229402904,0.4525767770597095
DEAP:S21:T31,DEAP:S21,T31,1,5.04,2,1,3,0,unexposed,stimulus_absolute_context,validation_familiar,0.1,0.6444097708656686,0.3555902291343314
DEAP:S21:T32,DEAP:S21,T32,1,6.27,2,1,3,0,unexposed,stimulus_absolute_context,validation_familiar,0.1,0.4609802664431677,0.5390197335568323
DEAP:S21:T34,DEAP:S21,T34,0,4.06,2,1,3,0,unexposed,stimulus_absolute_context,validation_familiar,0.1,0.6952919071568231,0.3047080928431769
DEAP:S25:T01,DEAP:S25,T01,1,8.06,2,1,3,0,unexposed,stimulus_absolute_context,validation_familiar,0.1,0.04592580980686323,0.9540741901931368
DEAP:S25:T03,DEAP:S25,T03,1,7.12,2,1,3,0,unexposed,stimulus_absolute_context,validation_familiar,0.1,0.006163872361351963,0.993836127638648
DEAP:S25:T05,DEAP:S25,T05,1,5.04,2,1,3,0,unexposed,stimulus_absolute_context,validation_familiar,0.1,0.12372820391631056,0.8762717960836894
DEAP:S25:T08,DEAP:S25,T08,1,8.04,2,1,3,0,unexposed,stimulus_absolute_context,validation_familiar,0.1,0.0172439218058279,0.9827560781941721
DEAP:S25:T10,DEAP:S25,T10,0,1.0,2,1,3,0,unexposed,stimulus_absolute_context,validation_familiar,0.1,0.18013668050896392,0.8198633194910361
DEAP:S25:T11,DEAP:S25,T11,1,9.0,2,1,3,0,unexposed,stimulus_absolute_context,validation_familiar,0.1,0.018423555226624866,0.9815764447733751
DEAP:S25:T12,DEAP:S25,T12,1,8.04,2,1,3,0,unexposed,stimulus_absolute_context,validation_familiar,0.1,0.0223701421115291,0.9776298578884709
DEAP:S25:T18,DEAP:S25,T18,0,3.04,2,1,3,0,unexposed,stimulus_absolute_context,validation_familiar,0.1,0.026320261530079603,0.9736797384699204
DEAP:S25:T22,DEAP:S25,T22,1,8.03,2,1,3,0,unexposed,stimulus_absolute_context,validation_familiar,0.1,0.30647792494058845,0.6935220750594115
DEAP:S25:T24,DEAP:S25,T24,0,3.05,2,1,3,0,unexposed,stimulus_absolute_context,validation_familiar,0.1,0.3752422181506717,0.6247577818493283
DEAP:S25:T25,DEAP:S25,T25,0,4.96,2,1,3,0,unexposed,stimulus_absolute_context,validation_familiar,0.1,0.35039590815713495,0.649604091842865
DEAP:S25:T29,DEAP:S25,T29,0,1.0,2,1,3,0,unexposed,stimulus_absolute_context,validation_familiar,0.1,0.39646850358794417,0.6035314964120558
DEAP:S25:T31,DEAP:S25,T31,0,1.01,2,1,3,0,unexposed,stimulus_absolute_context,validation_familiar,0.1,0.4182275125954674,0.5817724874045326
DEAP:S25:T32,DEAP:S25,T32,0,1.0,2,1,3,0,unexposed,stimulus_absolute_context,validation_familiar,0.1,0.32780993572457773,0.6721900642754223
DEAP:S25:T34,DEAP:S25,T34,0,4.95,2,1,3,0,unexposed,stimulus_absolute_context,validation_familiar,0.1,0.49562400678045926,0.5043759932195407
DEAP:S30:T01,DEAP:S30,T01,1,5.04,2,1,3,0,unexposed,stimulus_absolute_context,validation_familiar,0.1,0.1763975977334442,0.8236024022665558
DEAP:S30:T03,DEAP:S30,T03,1,6.15,2,1,3,0,unexposed,stimulus_absolute_context,validation_familiar,0.1,0.040811319552730985,0.959188680447269
DEAP:S30:T04,DEAP:S30,T04,1,7.04,2,1,3,0,unexposed,stimulus_absolute_context,validation_familiar,0.1,0.11664611152616389,0.8833538884738361
DEAP:S30:T05,DEAP:S30,T05,1,6.19,2,1,3,0,unexposed,stimulus_absolute_context,validation_familiar,0.1,0.33300322687443074,0.6669967731255693
DEAP:S30:T08,DEAP:S30,T08,1,6.05,2,1,3,0,unexposed,stimulus_absolute_context,validation_familiar,0.1,0.06849078209398285,0.9315092179060172
DEAP:S30:T10,DEAP:S30,T10,1,5.08,2,1,3,0,unexposed,stimulus_absolute_context,validation_familiar,0.1,0.5919614517439544,0.4080385482560456
DEAP:S30:T11,DEAP:S30,T11,1,6.06,2,1,3,0,unexposed,stimulus_absolute_context,validation_familiar,0.1,0.10765471816295014,0.8923452818370499
DEAP:S30:T12,DEAP:S30,T12,1,5.15,2,1,3,0,unexposed,stimulus_absolute_context,validation_familiar,0.1,0.17694162278353376,0.8230583772164662
DEAP:S30:T18,DEAP:S30,T18,1,7.05,2,1,3,0,unexposed,stimulus_absolute_context,validation_familiar,0.1,0.1566175078742199,0.8433824921257801
DEAP:S30:T22,DEAP:S30,T22,0,4.05,2,1,3,0,unexposed,stimulus_absolute_context,validation_familiar,0.1,0.7364152041504592,0.2635847958495408
DEAP:S30:T24,DEAP:S30,T24,1,5.99,2,1,3,0,unexposed,stimulus_absolute_context,validation_familiar,0.1,0.7817792794359995,0.21822072056400058
DEAP:S30:T25,DEAP:S30,T25,0,3.92,2,1,3,0,unexposed,stimulus_absolute_context,validation_familiar,0.1,0.7673446890307405,0.23265531096925945
DEAP:S30:T29,DEAP:S30,T29,1,7.23,2,1,3,0,unexposed,stimulus_absolute_context,validation_familiar,0.1,0.8191380049248604,0.1808619950751396
DEAP:S30:T31,DEAP:S30,T31,0,3.86,2,1,3,0,unexposed,stimulus_absolute_context,validation_familiar,0.1,0.8547657894850255,0.14523421051497457
DEAP:S30:T32,DEAP:S30,T32,1,5.01,2,1,3,0,unexposed,stimulus_absolute_context,validation_familiar,0.1,0.7434251008127288,0.25657489918727117
DEAP:S30:T34,DEAP:S30,T34,0,4.99,2,1,3,0,unexposed,stimulus_absolute_context,validation_familiar,0.1,0.8153061155231327,0.18469388447686735
DEAP:S01:T01,DEAP:S01,T01,1,7.71,2,1,3,0,unexposed,stimulus_absolute_context,train,1.0,0.39474987971069386,0.6052501202893061
DEAP:S01:T03,DEAP:S01,T03,1,8.58,2,1,3,0,unexposed,stimulus_absolute_context,train,1.0,0.0543505497175899,0.9456494502824101
DEAP:S01:T04,DEAP:S01,T04,0,4.94,2,1,3,0,unexposed,stimulus_absolute_context,train,1.0,0.2283733729138363,0.7716266270861637
DEAP:S01:T08,DEAP:S01,T08,1,7.32,2,1,3,0,unexposed,stimulus_absolute_context,train,1.0,0.19284331586369208,0.8071566841363079
DEAP:S01:T10,DEAP:S01,T10,0,1.99,2,1,3,0,unexposed,stimulus_absolute_context,train,1.0,0.928217534477784,0.07178246552221601
DEAP:S01:T11,DEAP:S01,T11,0,2.99,2,1,3,0,unexposed,stimulus_absolute_context,train,1.0,0.09699435946056312,0.9030056405394369
DEAP:S01:T12,DEAP:S01,T12,0,2.71,2,1,3,0,unexposed,stimulus_absolute_context,train,1.0,0.30952528031758686,0.6904747196824131
DEAP:S01:T18,DEAP:S01,T18,1,7.23,2,1,3,0,unexposed,stimulus_absolute_context,train,1.0,0.336164175064508,0.663835824935492
DEAP:S01:T22,DEAP:S01,T22,1,7.09,2,1,3,0,unexposed,stimulus_absolute_context,train,1.0,0.9762181413625386,0.023781858637461354
DEAP:S01:T24,DEAP:S01,T24,1,7.04,2,1,3,0,unexposed,stimulus_absolute_context,train,1.0,0.9413178138561173,0.058682186143882674
DEAP:S01:T25,DEAP:S01,T25,1,8.86,2,1,3,0,unexposed,stimulus_absolute_context,train,1.0,0.8972452448873726,0.10275475511262745
DEAP:S01:T29,DEAP:S01,T29,0,1.36,2,1,3,0,unexposed,stimulus_absolute_context,train,1.0,0.9682485058967015,0.03175149410329845
DEAP:S01:T31,DEAP:S01,T31,0,3.03,2,1,3,0,unexposed,stimulus_absolute_context,train,1.0,0.9797407720325793,0.02025922796742079
DEAP:S01:T32,DEAP:S01,T32,0,2.28,2,1,3,0,unexposed,stimulus_absolute_context,train,1.0,0.9590571916622849,0.04094280833771516
DEAP:S01:T34,DEAP:S01,T34,0,2.28,2,1,3,0,unexposed,stimulus_absolute_context,train,1.0,0.9804748458787415,0.01952515412125857
DEAP:S02:T01,DEAP:S02,T01,1,9.0,2,1,3,0,unexposed,stimulus_absolute_context,train,1.0,0.09687621009607927,0.9031237899039207
DEAP:S02:T03,DEAP:S02,T03,1,9.0,2,1,3,0,unexposed,stimulus_absolute_context,train,1.0,0.16601483190248778,0.8339851680975122
DEAP:S02:T04,DEAP:S02,T04,1,6.05,2,1,3,0,unexposed,stimulus_absolute_context,train,1.0,0.07498617248542583,0.9250138275145742
DEAP:S02:T05,DEAP:S02,T05,1,5.04,2,1,3,0,unexposed,stimulus_absolute_context,train,1.0,0.43150206198800134,0.5684979380119987
DEAP:S02:T08,DEAP:S02,T08,1,9.0,2,1,3,0,unexposed,stimulus_absolute_context,train,1.0,0.05594210540177691,0.9440578945982231
DEAP:S02:T10,DEAP:S02,T10,0,4.99,2,1,3,0,unexposed,stimulus_absolute_context,train,1.0,0.8275164009340832,0.17248359906591682
DEAP:S02:T11,DEAP:S02,T11,1,7.08,2,1,3,0,unexposed,stimulus_absolute_context,train,1.0,0.024130233304967885,0.9758697666950321
DEAP:S02:T12,DEAP:S02,T12,1,8.01,2,1,3,0,unexposed,stimulus_absolute_context,train,1.0,0.09051598573422615,0.9094840142657739
DEAP:S02:T18,DEAP:S02,T18,1,9.0,2,1,3,0,unexposed,stimulus_absolute_context,train,1.0,0.013456850873317161,0.9865431491266828
DEAP:S02:T25,DEAP:S02,T25,1,9.0,2,1,3,0,unexposed,stimulus_absolute_context,train,1.0,0.5083050266328243,0.4916949733671757
DEAP:S02:T29,DEAP:S02,T29,0,2.99,2,1,3,0,unexposed,stimulus_absolute_context,train,1.0,0.8354484384321459,0.16455156156785414
DEAP:S02:T31,DEAP:S02,T31,0,4.06,2,1,3,0,unexposed,stimulus_absolute_context,train,1.0,0.7881328322563457,0.2118671677436543
DEAP:S02:T32,DEAP:S02,T32,0,1.0,2,1,3,0,unexposed,stimulus_absolute_context,train,1.0,0.6391826517514854,0.3608173482485146
DEAP:S02:T34,DEAP:S02,T34,0,4.87,2,1,3,0,unexposed,stimulus_absolute_context,train,1.0,0.9101923761788349,0.08980762382116517
DEAP:S03:T01,DEAP:S03,T01,1,5.33,2,1,3,0,unexposed,stimulus_absolute_context,train,1.0,0.134521515217095,0.865478484782905
DEAP:S03:T03,DEAP:S03,T03,1,7.55,2,1,3,0,unexposed,stimulus_absolute_context,train,1.0,0.0507748561290412,0.9492251438709588
DEAP:S03:T05,DEAP:S03,T05,1,6.92,2,1,3,0,unexposed,stimulus_absolute_context,train,1.0,0.34084453483621724,0.6591554651637828
DEAP:S03:T08,DEAP:S03,T08,1,7.14,2,1,3,0,unexposed,stimulus_absolute_context,train,1.0,0.05972350681633587,0.9402764931836641
DEAP:S03:T10,DEAP:S03,T10,0,4.45,2,1,3,0,unexposed,stimulus_absolute_context,train,1.0,0.6871371233320691,0.3128628766679309
DEAP:S03:T11,DEAP:S03,T11,1,7.94,2,1,3,0,unexposed,stimulus_absolute_context,train,1.0,0.05938086584192259,0.9406191341580774
DEAP:S03:T12,DEAP:S03,T12,1,6.36,2,1,3,0,unexposed,stimulus_absolute_context,train,1.0,0.14023492642208912,0.8597650735779109
DEAP:S03:T18,DEAP:S03,T18,1,7.1,2,1,3,0,unexposed,stimulus_absolute_context,train,1.0,0.08778197813824828,0.9122180218617517
DEAP:S03:T22,DEAP:S03,T22,0,4.94,2,1,3,0,unexposed,stimulus_absolute_context,train,1.0,0.8016625080371547,0.19833749196284534
DEAP:S03:T24,DEAP:S03,T24,0,3.31,2,1,3,0,unexposed,stimulus_absolute_context,train,1.0,0.9000342018338378,0.0999657981661622
DEAP:S03:T25,DEAP:S03,T25,0,3.45,2,1,3,0,unexposed,stimulus_absolute_context,train,1.0,0.8472824303854165,0.15271756961458344
DEAP:S03:T29,DEAP:S03,T29,0,4.47,2,1,3,0,unexposed,stimulus_absolute_context,train,1.0,0.8477389020617067,0.15226109793829332
DEAP:S03:T31,DEAP:S03,T31,0,4.44,2,1,3,0,unexposed,stimulus_absolute_context,train,1.0,0.8572097134399516,0.1427902865600484
DEAP:S03:T32,DEAP:S03,T32,1,5.17,2,1,3,0,unexposed,stimulus_absolute_context,train,1.0,0.7847226902615498,0.21527730973845013
DEAP:S03:T34,DEAP:S03,T34,0,4.72,2,1,3,0,unexposed,stimulus_absolute_context,train,1.0,0.8760511058480245,0.12394889415197553
DEAP:S04:T01,DEAP:S04,T01,1,6.68,2,1,3,0,unexposed,stimulus_absolute_context,train,1.0,0.48341529530402283,0.5165847046959772
DEAP:S04:T03,DEAP:S04,T03,1,8.95,2,1,3,0,unexposed,stimulus_absolute_context,train,1.0,0.057732380420260854,0.9422676195797391
DEAP:S04:T04,DEAP:S04,T04,1,6.1,2,1,3,0,unexposed,stimulus_absolute_context,train,1.0,0.13194837163040352,0.8680516283695965
DEAP:S04:T05,DEAP:S04,T05,0,4.06,2,1,3,0,unexposed,stimulus_absolute_context,train,1.0,0.534898833319002,0.465101166680998
DEAP:S04:T08,DEAP:S04,T08,1,5.97,2,1,3,0,unexposed,stimulus_absolute_context,train,1.0,0.26195844316672046,0.7380415568332795
DEAP:S04:T10,DEAP:S04,T10,0,3.15,2,1,3,0,unexposed,stimulus_absolute_context,train,1.0,0.861217061545416,0.13878293845458403
DEAP:S04:T11,DEAP:S04,T11,1,7.24,2,1,3,0,unexposed,stimulus_absolute_context,train,1.0,0.23312121177923684,0.7668787882207632
DEAP:S04:T12,DEAP:S04,T12,1,5.04,2,1,3,0,unexposed,stimulus_absolute_context,train,1.0,0.18240007045304618,0.8175999295469538
DEAP:S04:T18,DEAP:S04,T18,0,4.9,2,1,3,0,unexposed,stimulus_absolute_context,train,1.0,0.3495857746773361,0.6504142253226639
DEAP:S04:T22,DEAP:S04,T22,0,1.86,2,1,3,0,unexposed,stimulus_absolute_context,train,1.0,0.8571964306676013,0.14280356933239866
DEAP:S04:T24,DEAP:S04,T24,0,2.71,2,1,3,0,unexposed,stimulus_absolute_context,train,1.0,0.9504356619794867,0.04956433802051333
DEAP:S04:T25,DEAP:S04,T25,1,7.0,2,1,3,0,unexposed,stimulus_absolute_context,train,1.0,0.9386938328771153,0.061306167122884704
DEAP:S04:T29,DEAP:S04,T29,0,1.85,2,1,3,0,unexposed,stimulus_absolute_context,train,1.0,0.9560612645296768,0.04393873547032327
DEAP:S04:T31,DEAP:S04,T31,0,2.01,2,1,3,0,unexposed,stimulus_absolute_context,train,1.0,0.9535825422262831,0.04641745777371688
DEAP:S04:T32,DEAP:S04,T32,0,1.01,2,1,3,0,unexposed,stimulus_absolute_context,train,1.0,0.8728715872419621,0.1271284127580379
DEAP:S04:T34,DEAP:S04,T34,0,2.17,2,1,3,0,unexposed,stimulus_absolute_context,train,1.0,0.9328600988635493,0.06713990113645076
DEAP:S07:T01,DEAP:S07,T01,1,8.1,2,1,3,0,unexposed,stimulus_absolute_context,train,1.0,0.0297721195432884,0.9702278804567116
DEAP:S07:T03,DEAP:S07,T03,1,7.1,2,1,3,0,unexposed,stimulus_absolute_context,train,1.0,0.004145398774351383,0.9958546012256486
DEAP:S07:T04,DEAP:S07,T04,1,7.08,2,1,3,0,unexposed,stimulus_absolute_context,train,1.0,0.007504969858118882,0.9924950301418811
DEAP:S07:T05,DEAP:S07,T05,1,7.05,2,1,3,0,unexposed,stimulus_absolute_context,train,1.0,0.10694010716115909,0.8930598928388409
DEAP:S07:T08,DEAP:S07,T08,1,7.0,2,1,3,0,unexposed,stimulus_absolute_context,train,1.0,0.005467162145130544,0.9945328378548695
DEAP:S07:T10,DEAP:S07,T10,1,7.09,2,1,3,0,unexposed,stimulus_absolute_context,train,1.0,0.20461842091278548,0.7953815790872145
DEAP:S07:T11,DEAP:S07,T11,1,7.03,2,1,3,0,unexposed,stimulus_absolute_context,train,1.0,0.01002670134907091,0.9899732986509291
DEAP:S07:T12,DEAP:S07,T12,1,6.99,2,1,3,0,unexposed,stimulus_absolute_context,train,1.0,0.028955444437101296,0.9710445555628987
DEAP:S07:T18,DEAP:S07,T18,1,7.03,2,1,3,0,unexposed,stimulus_absolute_context,train,1.0,0.08200977732197356,0.9179902226780264
DEAP:S07:T22,DEAP:S07,T22,0,3.05,2,1,3,0,unexposed,stimulus_absolute_context,train,1.0,0.5858725098893355,0.4141274901106645
DEAP:S07:T25,DEAP:S07,T25,0,2.99,2,1,3,0,unexposed,stimulus_absolute_context,train,1.0,0.5788972594456001,0.42110274055439995
DEAP:S07:T29,DEAP:S07,T29,1,7.09,2,1,3,0,unexposed,stimulus_absolute_context,train,1.0,0.4409713489303907,0.5590286510696093
DEAP:S07:T31,DEAP:S07,T31,1,6.96,2,1,3,0,unexposed,stimulus_absolute_context,train,1.0,0.69088975630783,0.30911024369216994
DEAP:S07:T34,DEAP:S07,T34,0,4.01,2,1,3,0,unexposed,stimulus_absolute_context,train,1.0,0.4315487578232955,0.5684512421767045
DEAP:S08:T01,DEAP:S08,T01,1,7.6,2,1,3,0,unexposed,stimulus_absolute_context,train,1.0,0.09789155642434921,0.9021084435756508
DEAP:S08:T03,DEAP:S08,T03,1,8.15,2,1,3,0,unexposed,stimulus_absolute_context,train,1.0,0.04272145591684284,0.9572785440831572
DEAP:S08:T04,DEAP:S08,T04,1,6.82,2,1,3,0,unexposed,stimulus_absolute_context,train,1.0,0.04859132764144369,0.9514086723585563
DEAP:S08:T05,DEAP:S08,T05,0,4.41,2,1,3,0,unexposed,stimulus_absolute_context,train,1.0,0.7664661449038334,0.23353385509616667
DEAP:S08:T08,DEAP:S08,T08,1,8.82,2,1,3,0,unexposed,stimulus_absolute_context,train,1.0,0.018908819646321073,0.9810911803536789
DEAP:S08:T10,DEAP:S08,T10,0,4.97,2,1,3,0,unexposed,stimulus_absolute_context,train,1.0,0.5215930834834405,0.47840691651655953
DEAP:S08:T11,DEAP:S08,T11,1,8.41,2,1,3,0,unexposed,stimulus_absolute_context,train,1.0,0.07782302979141353,0.9221769702085865
DEAP:S08:T12,DEAP:S08,T12,1,8.47,2,1,3,0,unexposed,stimulus_absolute_context,train,1.0,0.31441990455197544,0.6855800954480246
DEAP:S08:T18,DEAP:S08,T18,1,7.21,2,1,3,0,unexposed,stimulus_absolute_context,train,1.0,0.23635541337574517,0.7636445866242548
DEAP:S08:T22,DEAP:S08,T22,0,4.23,2,1,3,0,unexposed,stimulus_absolute_context,train,1.0,0.8839962850179294,0.1160037149820706
DEAP:S08:T25,DEAP:S08,T25,0,3.72,2,1,3,0,unexposed,stimulus_absolute_context,train,1.0,0.9409829799327689,0.05901702006723105
DEAP:S08:T29,DEAP:S08,T29,0,2.78,2,1,3,0,unexposed,stimulus_absolute_context,train,1.0,0.9001070129582482,0.09989298704175177
DEAP:S08:T31,DEAP:S08,T31,0,1.45,2,1,3,0,unexposed,stimulus_absolute_context,train,1.0,0.9124430123136382,0.08755698768636172
DEAP:S08:T32,DEAP:S08,T32,1,6.33,2,1,3,0,unexposed,stimulus_absolute_context,train,1.0,0.3788201126834919,0.6211798873165081
DEAP:S08:T34,DEAP:S08,T34,1,5.05,2,1,3,0,unexposed,stimulus_absolute_context,train,1.0,0.7741489379078988,0.22585106209210115
DEAP:S09:T01,DEAP:S09,T01,1,5.05,2,1,3,0,unexposed,stimulus_absolute_context,train,1.0,0.07164790485780892,0.9283520951421911
DEAP:S09:T03,DEAP:S09,T03,1,7.08,2,1,3,0,unexposed,stimulus_absolute_context,train,1.0,0.15256468225126107,0.8474353177487389
DEAP:S09:T04,DEAP:S09,T04,1,5.99,2,1,3,0,unexposed,stimulus_absolute_context,train,1.0,0.2574297528355577,0.7425702471644423
DEAP:S09:T05,DEAP:S09,T05,0,4.99,2,1,3,0,unexposed,stimulus_absolute_context,train,1.0,0.45694157109172007,0.5430584289082799
DEAP:S09:T08,DEAP:S09,T08,1,6.15,2,1,3,0,unexposed,stimulus_absolute_context,train,1.0,0.04452781553645557,0.9554721844635444
DEAP:S09:T10,DEAP:S09,T10,0,3.94,2,1,3,0,unexposed,stimulus_absolute_context,train,1.0,0.7167804272083469,0.2832195727916531
DEAP:S09:T11,DEAP:S09,T11,1,7.12,2,1,3,0,unexposed,stimulus_absolute_context,train,1.0,0.06474708322156619,0.9352529167784338
DEAP:S09:T12,DEAP:S09,T12,1,7.08,2,1,3,0,unexposed,stimulus_absolute_context,train,1.0,0.04475282283326687,0.9552471771667331
DEAP:S09:T18,DEAP:S09,T18,0,4.9,2,1,3,0,unexposed,stimulus_absolute_context,train,1.0,0.19938388347692737,0.8006161165230726
DEAP:S09:T22,DEAP:S09,T22,0,3.99,2,1,3,0,unexposed,stimulus_absolute_context,train,1.0,0.6902566980794302,0.3097433019205698
DEAP:S09:T24,DEAP:S09,T24,0,4.03,2,1,3,0,unexposed,stimulus_absolute_context,train,1.0,0.8815301012064288,0.11846989879357119
DEAP:S09:T25,DEAP:S09,T25,1,5.04,2,1,3,0,unexposed,stimulus_absolute_context,train,1.0,0.8233346715267338,0.1766653284732662
DEAP:S09:T29,DEAP:S09,T29,0,3.99,2,1,3,0,unexposed,stimulus_absolute_context,train,1.0,0.9209018143244253,0.07909818567557474
DEAP:S09:T31,DEAP:S09,T31,1,6.06,2,1,3,0,unexposed,stimulus_absolute_context,train,1.0,0.9263551160052773,0.07364488399472266
DEAP:S09:T32,DEAP:S09,T32,0,3.1,2,1,3,0,unexposed,stimulus_absolute_context,train,1.0,0.8669629583300347,0.13303704166996533
DEAP:S09:T34,DEAP:S09,T34,1,5.06,2,1,3,0,unexposed,stimulus_absolute_context,train,1.0,0.7980477365695464,0.20195226343045358
DEAP:S10:T01,DEAP:S10,T01,1,7.91,2,1,3,0,unexposed,stimulus_absolute_context,train,1.0,0.041820791972298266,0.9581792080277017
DEAP:S10:T03,DEAP:S10,T03,1,5.86,2,1,3,0,unexposed,stimulus_absolute_context,train,1.0,0.031110377191145844,0.9688896228088542
DEAP:S10:T05,DEAP:S10,T05,1,7.24,2,1,3,0,unexposed,stimulus_absolute_context,train,1.0,0.1675128079944308,0.8324871920055692
DEAP:S10:T08,DEAP:S10,T08,1,5.68,2,1,3,0,unexposed,stimulus_absolute_context,train,1.0,0.032068231367724076,0.9679317686322759
DEAP:S10:T10,DEAP:S10,T10,1,5.94,2,1,3,0,unexposed,stimulus_absolute_context,train,1.0,0.4965996404212719,0.5034003595787281
DEAP:S10:T12,DEAP:S10,T12,1,5.37,2,1,3,0,unexposed,stimulus_absolute_context,train,1.0,0.020150508585282778,0.9798494914147172
DEAP:S10:T18,DEAP:S10,T18,1,7.31,2,1,3,0,unexposed,stimulus_absolute_context,train,1.0,0.07425150233792766,0.9257484976620723
DEAP:S10:T22,DEAP:S10,T22,0,4.24,2,1,3,0,unexposed,stimulus_absolute_context,train,1.0,0.7743885118597176,0.22561148814028237
DEAP:S10:T24,DEAP:S10,T24,1,6.82,2,1,3,0,unexposed,stimulus_absolute_context,train,1.0,0.24183355362567416,0.7581664463743258
DEAP:S10:T25,DEAP:S10,T25,0,1.92,2,1,3,0,unexposed,stimulus_absolute_context,train,1.0,0.8349374725654558,0.16506252743454422
DEAP:S10:T29,DEAP:S10,T29,0,3.94,2,1,3,0,unexposed,stimulus_absolute_context,train,1.0,0.8691571841838006,0.13084281581619941
DEAP:S10:T31,DEAP:S10,T31,0,4.15,2,1,3,0,unexposed,stimulus_absolute_context,train,1.0,0.8860736732685215,0.1139263267314785
DEAP:S10:T32,DEAP:S10,T32,1,5.96,2,1,3,0,unexposed,stimulus_absolute_context,train,1.0,0.37198134835516483,0.6280186516448352
DEAP:S10:T34,DEAP:S10,T34,0,3.91,2,1,3,0,unexposed,stimulus_absolute_context,train,1.0,0.7729365712094278,0.2270634287905722
DEAP:S12:T01,DEAP:S12,T01,1,7.09,2,1,3,0,unexposed,stimulus_absolute_context,train,1.0,0.34673467405897573,0.6532653259410243
DEAP:S12:T03,DEAP:S12,T03,1,7.33,2,1,3,0,unexposed,stimulus_absolute_context,train,1.0,0.03803233398357797,0.961967666016422
DEAP:S12:T04,DEAP:S12,T04,1,6.86,2,1,3,0,unexposed,stimulus_absolute_context,train,1.0,0.13301281150237765,0.8669871884976224
DEAP:S12:T05,DEAP:S12,T05,0,4.01,2,1,3,0,unexposed,stimulus_absolute_context,train,1.0,0.5517428751878148,0.44825712481218516
DEAP:S12:T08,DEAP:S12,T08,1,5.1,2,1,3,0,unexposed,stimulus_absolute_context,train,1.0,0.18269480137091187,0.8173051986290881
DEAP:S12:T10,DEAP:S12,T10,0,4.06,2,1,3,0,unexposed,stimulus_absolute_context,train,1.0,0.7559189390814448,0.24408106091855516
DEAP:S12:T11,DEAP:S12,T11,1,7.78,2,1,3,0,unexposed,stimulus_absolute_context,train,1.0,0.20119041010664707,0.7988095898933529
DEAP:S12:T12,DEAP:S12,T12,1,6.86,2,1,3,0,unexposed,stimulus_absolute_context,train,1.0,0.290071984036235,0.709928015963765
DEAP:S12:T18,DEAP:S12,T18,1,7.35,2,1,3,0,unexposed,stimulus_absolute_context,train,1.0,0.23689336495646673,0.7631066350435333
DEAP:S12:T22,DEAP:S12,T22,0,3.33,2,1,3,0,unexposed,stimulus_absolute_context,train,1.0,0.9541633959762811,0.04583660402371893
DEAP:S12:T25,DEAP:S12,T25,0,2.78,2,1,3,0,unexposed,stimulus_absolute_context,train,1.0,0.9098440133836956,0.09015598661630438
DEAP:S12:T29,DEAP:S12,T29,0,1.67,2,1,3,0,unexposed,stimulus_absolute_context,train,1.0,0.9174331992658098,0.08256680073419018
DEAP:S12:T31,DEAP:S12,T31,0,3.18,2,1,3,0,unexposed,stimulus_absolute_context,train,1.0,0.9112968747658157,0.08870312523418435
DEAP:S12:T32,DEAP:S12,T32,0,1.86,2,1,3,0,unexposed,stimulus_absolute_context,train,1.0,0.9426081244636322,0.05739187553636782
DEAP:S12:T34,DEAP:S12,T34,0,4.87,2,1,3,0,unexposed,stimulus_absolute_context,train,1.0,0.9689499527292021,0.031050047270797822
DEAP:S13:T01,DEAP:S13,T01,1,6.15,2,1,3,0,unexposed,stimulus_absolute_context,train,1.0,0.29593148414499304,0.704068515855007
DEAP:S13:T03,DEAP:S13,T03,1,9.0,2,1,3,0,unexposed,stimulus_absolute_context,train,1.0,0.0139638554497169,0.9860361445502831
DEAP:S13:T05,DEAP:S13,T05,1,5.01,2,1,3,0,unexposed,stimulus_absolute_context,train,1.0,0.25753458740568613,0.7424654125943139
DEAP:S13:T08,DEAP:S13,T08,1,7.99,2,1,3,0,unexposed,stimulus_absolute_context,train,1.0,0.09721512973298996,0.90278487026701
DEAP:S13:T10,DEAP:S13,T10,0,4.01,2,1,3,0,unexposed,stimulus_absolute_context,train,1.0,0.8000891584471411,0.19991084155285888
DEAP:S13:T11,DEAP:S13,T11,1,7.04,2,1,3,0,unexposed,stimulus_absolute_context,train,1.0,0.011666318362988481,0.9883336816370115
DEAP:S13:T18,DEAP:S13,T18,1,7.94,2,1,3,0,unexposed,stimulus_absolute_context,train,1.0,0.03162994578525746,0.9683700542147425
DEAP:S13:T22,DEAP:S13,T22,0,4.01,2,1,3,0,unexposed,stimulus_absolute_context,train,1.0,0.9158096287631408,0.08419037123685921
DEAP:S13:T24,DEAP:S13,T24,0,2.97,2,1,3,0,unexposed,stimulus_absolute_context,train,1.0,0.9261362411309968,0.07386375886900315
DEAP:S13:T25,DEAP:S13,T25,0,3.97,2,1,3,0,unexposed,stimulus_absolute_context,train,1.0,0.8051102378707451,0.1948897621292549
DEAP:S13:T29,DEAP:S13,T29,0,4.04,2,1,3,0,unexposed,stimulus_absolute_context,train,1.0,0.8750917168910686,0.12490828310893143
DEAP:S13:T31,DEAP:S13,T31,0,1.97,2,1,3,0,unexposed,stimulus_absolute_context,train,1.0,0.9658277155838444,0.03417228441615555
DEAP:S13:T32,DEAP:S13,T32,0,4.05,2,1,3,0,unexposed,stimulus_absolute_context,train,1.0,0.9206141617603301,0.07938583823966994
DEAP:S13:T34,DEAP:S13,T34,0,2.92,2,1,3,0,unexposed,stimulus_absolute_context,train,1.0,0.8643542716590084,0.13564572834099164
DEAP:S14:T01,DEAP:S14,T01,1,8.22,2,1,3,0,unexposed,stimulus_absolute_context,train,1.0,0.12108198349133603,0.878918016508664
DEAP:S14:T03,DEAP:S14,T03,1,7.5,2,1,3,0,unexposed,stimulus_absolute_context,train,1.0,0.01784323730267967,0.9821567626973203
DEAP:S14:T04,DEAP:S14,T04,1,7.38,2,1,3,0,unexposed,stimulus_absolute_context,train,1.0,0.09183871294399071,0.9081612870560093
DEAP:S14:T05,DEAP:S14,T05,0,3.99,2,1,3,0,unexposed,stimulus_absolute_context,train,1.0,0.8240587196208122,0.1759412803791878
DEAP:S14:T08,DEAP:S14,T08,1,7.0,2,1,3,0,unexposed,stimulus_absolute_context,train,1.0,0.14705118440999976,0.8529488155900002
DEAP:S14:T10,DEAP:S14,T10,0,1.88,2,1,3,0,unexposed,stimulus_absolute_context,train,1.0,0.9338371128368423,0.0661628871631576
DEAP:S14:T11,DEAP:S14,T11,1,8.03,2,1,3,0,unexposed,stimulus_absolute_context,train,1.0,0.15745516546391258,0.8425448345360874
DEAP:S14:T12,DEAP:S14,T12,1,7.63,2,1,3,0,unexposed,stimulus_absolute_context,train,1.0,0.3969884206819333,0.6030115793180667
DEAP:S14:T18,DEAP:S14,T18,1,8.09,2,1,3,0,unexposed,stimulus_absolute_context,train,1.0,0.20514599900818298,0.794854000991817
DEAP:S14:T22,DEAP:S14,T22,0,4.1,2,1,3,0,unexposed,stimulus_absolute_context,train,1.0,0.8894538463905532,0.11054615360944678
DEAP:S14:T24,DEAP:S14,T24,0,2.36,2,1,3,0,unexposed,stimulus_absolute_context,train,1.0,0.9576652468259272,0.04233475317407278
DEAP:S14:T25,DEAP:S14,T25,0,3.87,2,1,3,0,unexposed,stimulus_absolute_context,train,1.0,0.7853414933461995,0.21465850665380043
DEAP:S14:T29,DEAP:S14,T29,0,2.92,2,1,3,0,unexposed,stimulus_absolute_context,train,1.0,0.9280317492696951,0.07196825073030487
DEAP:S14:T32,DEAP:S14,T32,0,1.99,2,1,3,0,unexposed,stimulus_absolute_context,train,1.0,0.7959334115025993,0.20406658849740067
DEAP:S15:T01,DEAP:S15,T01,1,8.9,2,1,3,0,unexposed,stimulus_absolute_context,train,1.0,0.05889020941450673,0.9411097905854933
DEAP:S15:T03,DEAP:S15,T03,1,8.04,2,1,3,0,unexposed,stimulus_absolute_context,train,1.0,0.18230297288190744,0.8176970271180926
DEAP:S15:T04,DEAP:S15,T04,1,8.04,2,1,3,0,unexposed,stimulus_absolute_context,train,1.0,0.020173928297911647,0.9798260717020884
DEAP:S15:T05,DEAP:S15,T05,1,9.0,2,1,3,0,unexposed,stimulus_absolute_context,train,1.0,0.04031071111248452,0.9596892888875155
DEAP:S15:T08,DEAP:S15,T08,1,9.0,2,1,3,0,unexposed,stimulus_absolute_context,train,1.0,0.16480077674392213,0.8351992232560779
DEAP:S15:T10,DEAP:S15,T10,0,4.99,2,1,3,0,unexposed,stimulus_absolute_context,train,1.0,0.915239673398324,0.08476032660167601
DEAP:S15:T11,DEAP:S15,T11,1,8.99,2,1,3,0,unexposed,stimulus_absolute_context,train,1.0,0.047066927831615146,0.9529330721683849
DEAP:S15:T12,DEAP:S15,T12,1,7.08,2,1,3,0,unexposed,stimulus_absolute_context,train,1.0,0.0767490246519279,0.9232509753480721
DEAP:S15:T18,DEAP:S15,T18,1,7.04,2,1,3,0,unexposed,stimulus_absolute_context,train,1.0,0.11833514201084616,0.8816648579891538
DEAP:S15:T22,DEAP:S15,T22,0,4.12,2,1,3,0,unexposed,stimulus_absolute_context,train,1.0,0.9930670714573422,0.0069329285426577856
DEAP:S15:T24,DEAP:S15,T24,0,1.92,2,1,3,0,unexposed,stimulus_absolute_context,train,1.0,0.9688143462741087,0.031185653725891313
DEAP:S15:T25,DEAP:S15,T25,0,2.96,2,1,3,0,unexposed,stimulus_absolute_context,train,1.0,0.8719199773391745,0.12808002266082552
DEAP:S15:T29,DEAP:S15,T29,0,4.05,2,1,3,0,unexposed,stimulus_absolute_context,train,1.0,0.9849400682171306,0.015059931782869383
DEAP:S15:T31,DEAP:S15,T31,0,2.99,2,1,3,0,unexposed,stimulus_absolute_context,train,1.0,0.9225083136047586,0.07749168639524143
DEAP:S15:T32,DEAP:S15,T32,0,3.97,2,1,3,0,unexposed,stimulus_absolute_context,train,1.0,0.7978540158804033,0.20214598411959667
DEAP:S16:T01,DEAP:S16,T01,0,2.51,2,1,3,0,unexposed,stimulus_absolute_context,train,1.0,0.4257622238708154,0.5742377761291846
DEAP:S16:T03,DEAP:S16,T03,1,6.74,2,1,3,0,unexposed,stimulus_absolute_context,train,1.0,0.0068315941031056315,0.9931684058968944
DEAP:S16:T04,DEAP:S16,T04,1,7.09,2,1,3,0,unexposed,stimulus_absolute_context,train,1.0,0.005984122839447492,0.9940158771605525
DEAP:S16:T08,DEAP:S16,T08,0,3.51,2,1,3,0,unexposed,stimulus_absolute_context,train,1.0,0.2007443175484096,0.7992556824515904
DEAP:S16:T10,DEAP:S16,T10,1,5.14,2,1,3,0,unexposed,stimulus_absolute_context,train,1.0,0.5839232391796711,0.41607676082032885
DEAP:S16:T11,DEAP:S16,T11,1,7.27,2,1,3,0,unexposed,stimulus_absolute_context,train,1.0,0.07942100966262278,0.9205789903373772
DEAP:S16:T12,DEAP:S16,T12,1,5.97,2,1,3,0,unexposed,stimulus_absolute_context,train,1.0,0.1972809035588695,0.8027190964411305
DEAP:S16:T18,DEAP:S16,T18,1,6.56,2,1,3,0,unexposed,stimulus_absolute_context,train,1.0,0.20522553018411915,0.7947744698158808
DEAP:S16:T22,DEAP:S16,T22,1,6.79,2,1,3,0,unexposed,stimulus_absolute_context,train,1.0,0.7630774983555739,0.2369225016444261
DEAP:S16:T24,DEAP:S16,T24,0,2.51,2,1,3,0,unexposed,stimulus_absolute_context,train,1.0,0.9901761642021776,0.009823835797822403
DEAP:S16:T25,DEAP:S16,T25,0,2.47,2,1,3,0,unexposed,stimulus_absolute_context,train,1.0,0.9473629842427345,0.05263701575726559
DEAP:S16:T29,DEAP:S16,T29,0,3.23,2,1,3,0,unexposed,stimulus_absolute_context,train,1.0,0.9573308978727939,0.04266910212720613
DEAP:S16:T31,DEAP:S16,T31,0,3.88,2,1,3,0,unexposed,stimulus_absolute_context,train,1.0,0.7124578461676081,0.2875421538323919
DEAP:S16:T32,DEAP:S16,T32,1,5.01,2,1,3,0,unexposed,stimulus_absolute_context,train,1.0,0.5421063671738444,0.4578936328261556
DEAP:S16:T34,DEAP:S16,T34,0,1.0,2,1,3,0,unexposed,stimulus_absolute_context,train,1.0,0.8011530087774159,0.19884699122258415
DEAP:S17:T01,DEAP:S17,T01,0,4.05,2,1,3,0,unexposed,stimulus_absolute_context,train,1.0,0.07337513975762244,0.9266248602423776
DEAP:S17:T03,DEAP:S17,T03,1,6.46,2,1,3,0,unexposed,stimulus_absolute_context,train,1.0,0.01661568482918363,0.9833843151708164
DEAP:S17:T04,DEAP:S17,T04,1,6.35,2,1,3,0,unexposed,stimulus_absolute_context,train,1.0,0.04380510906080615,0.9561948909391939
DEAP:S17:T05,DEAP:S17,T05,1,7.05,2,1,3,0,unexposed,stimulus_absolute_context,train,1.0,0.32957359950849996,0.6704264004915
DEAP:S17:T08,DEAP:S17,T08,1,6.05,2,1,3,0,unexposed,stimulus_absolute_context,train,1.0,0.06134645346316936,0.9386535465368306
DEAP:S17:T10,DEAP:S17,T10,1,6.09,2,1,3,0,unexposed,stimulus_absolute_context,train,1.0,0.6167726606828805,0.3832273393171195
DEAP:S17:T11,DEAP:S17,T11,1,6.03,2,1,3,0,unexposed,stimulus_absolute_context,train,1.0,0.021111645284343172,0.9788883547156568
DEAP:S17:T12,DEAP:S17,T12,1,5.96,2,1,3,0,unexposed,stimulus_absolute_context,train,1.0,0.08505496299605941,0.9149450370039406
DEAP:S17:T18,DEAP:S17,T18,1,6.22,2,1,3,0,unexposed,stimulus_absolute_context,train,1.0,0.12074567791618629,0.8792543220838137
DEAP:S17:T22,DEAP:S17,T22,0,3.19,2,1,3,0,unexposed,stimulus_absolute_context,train,1.0,0.8023952244155955,0.19760477558440445
DEAP:S17:T24,DEAP:S17,T24,0,4.53,2,1,3,0,unexposed,stimulus_absolute_context,train,1.0,0.7842370675707306,0.21576293242926942
DEAP:S17:T25,DEAP:S17,T25,1,6.18,2,1,3,0,unexposed,stimulus_absolute_context,train,1.0,0.7973343222593106,0.20266567774068947
DEAP:S17:T29,DEAP:S17,T29,1,5.54,2,1,3,0,unexposed,stimulus_absolute_context,train,1.0,0.8323928431014986,0.16760715689850134
DEAP:S17:T31,DEAP:S17,T31,0,4.54,2,1,3,0,unexposed,stimulus_absolute_context,train,1.0,0.6995774763114907,0.3004225236885093
DEAP:S17:T32,DEAP:S17,T32,0,4.04,2,1,3,0,unexposed,stimulus_absolute_context,train,1.0,0.7438164796700426,0.25618352032995745
DEAP:S17:T34,DEAP:S17,T34,0,4.99,2,1,3,0,unexposed,stimulus_absolute_context,train,1.0,0.7334231931250534,0.2665768068749466
DEAP:S18:T01,DEAP:S18,T01,1,6.33,2,1,3,0,unexposed,stimulus_absolute_context,train,1.0,0.008659363601867365,0.9913406363981326
DEAP:S18:T03,DEAP:S18,T03,1,6.36,2,1,3,0,unexposed,stimulus_absolute_context,train,1.0,0.005526594556086617,0.9944734054439134
DEAP:S18:T04,DEAP:S18,T04,1,6.65,2,1,3,0,unexposed,stimulus_absolute_context,train,1.0,0.017792452488565424,0.9822075475114346
DEAP:S18:T05,DEAP:S18,T05,1,6.13,2,1,3,0,unexposed,stimulus_absolute_context,train,1.0,0.05884622561354369,0.9411537743864563
DEAP:S18:T10,DEAP:S18,T10,1,6.09,2,1,3,0,unexposed,stimulus_absolute_context,train,1.0,0.3404308832101637,0.6595691167898363
DEAP:S18:T11,DEAP:S18,T11,1,6.24,2,1,3,0,unexposed,stimulus_absolute_context,train,1.0,0.00833107721181614,0.9916689227881839
DEAP:S18:T12,DEAP:S18,T12,1,5.55,2,1,3,0,unexposed,stimulus_absolute_context,train,1.0,0.05469452168686306,0.9453054783131369
DEAP:S18:T18,DEAP:S18,T18,1,7.05,2,1,3,0,unexposed,stimulus_absolute_context,train,1.0,0.034776434118000465,0.9652235658819995
DEAP:S18:T22,DEAP:S18,T22,1,5.69,2,1,3,0,unexposed,stimulus_absolute_context,train,1.0,0.6528977342440409,0.34710226575595915
DEAP:S18:T24,DEAP:S18,T24,0,3.22,2,1,3,0,unexposed,stimulus_absolute_context,train,1.0,0.7229390165595675,0.27706098344043245
DEAP:S18:T25,DEAP:S18,T25,0,4.23,2,1,3,0,unexposed,stimulus_absolute_context,train,1.0,0.8134695141250872,0.18653048587491278
DEAP:S18:T32,DEAP:S18,T32,0,4.62,2,1,3,0,unexposed,stimulus_absolute_context,train,1.0,0.7086557329934906,0.29134426700650934
DEAP:S18:T34,DEAP:S18,T34,0,4.15,2,1,3,0,unexposed,stimulus_absolute_context,train,1.0,0.854193411229623,0.14580658877037694
DEAP:S20:T03,DEAP:S20,T03,1,7.18,2,1,3,0,unexposed,stimulus_absolute_context,train,1.0,0.017340342475237525,0.9826596575247625
DEAP:S20:T04,DEAP:S20,T04,1,7.05,2,1,3,0,unexposed,stimulus_absolute_context,train,1.0,0.03142343239947987,0.9685765676005201
DEAP:S20:T05,DEAP:S20,T05,1,8.82,2,1,3,0,unexposed,stimulus_absolute_context,train,1.0,0.19951088939613348,0.8004891106038665
DEAP:S20:T08,DEAP:S20,T08,1,7.63,2,1,3,0,unexposed,stimulus_absolute_context,train,1.0,0.032553687605719084,0.9674463123942809
DEAP:S20:T10,DEAP:S20,T10,1,5.13,2,1,3,0,unexposed,stimulus_absolute_context,train,1.0,0.43319064840684507,0.5668093515931549
DEAP:S20:T11,DEAP:S20,T11,1,8.18,2,1,3,0,unexposed,stimulus_absolute_context,train,1.0,0.049364441386462676,0.9506355586135373
DEAP:S20:T12,DEAP:S20,T12,1,7.64,2,1,3,0,unexposed,stimulus_absolute_context,train,1.0,0.04227042214371257,0.9577295778562874
DEAP:S20:T18,DEAP:S20,T18,1,7.35,2,1,3,0,unexposed,stimulus_absolute_context,train,1.0,0.07004259692904413,0.9299574030709559
DEAP:S20:T22,DEAP:S20,T22,0,4.06,2,1,3,0,unexposed,stimulus_absolute_context,train,1.0,0.7377351888526993,0.2622648111473007
DEAP:S20:T24,DEAP:S20,T24,0,3.0,2,1,3,0,unexposed,stimulus_absolute_context,train,1.0,0.7965983590731401,0.2034016409268599
DEAP:S20:T25,DEAP:S20,T25,0,2.99,2,1,3,0,unexposed,stimulus_absolute_context,train,1.0,0.7775874949767096,0.22241250502329038
DEAP:S20:T29,DEAP:S20,T29,0,2.44,2,1,3,0,unexposed,stimulus_absolute_context,train,1.0,0.8152739411290311,0.1847260588709689
DEAP:S20:T31,DEAP:S20,T31,0,4.46,2,1,3,0,unexposed,stimulus_absolute_context,train,1.0,0.8055820369150279,0.19441796308497208
DEAP:S20:T32,DEAP:S20,T32,1,6.28,2,1,3,0,unexposed,stimulus_absolute_context,train,1.0,0.7427321867390908,0.2572678132609092
DEAP:S20:T34,DEAP:S20,T34,0,4.74,2,1,3,0,unexposed,stimulus_absolute_context,train,1.0,0.8898538651671297,0.1101461348328703
DEAP:S22:T01,DEAP:S22,T01,1,5.05,2,1,3,0,unexposed,stimulus_absolute_context,train,1.0,0.041851575889483406,0.9581484241105166
DEAP:S22:T03,DEAP:S22,T03,1,7.05,2,1,3,0,unexposed,stimulus_absolute_context,train,1.0,0.08303946833635079,0.9169605316636492
DEAP:S22:T05,DEAP:S22,T05,1,7.1,2,1,3,0,unexposed,stimulus_absolute_context,train,1.0,0.7173530102738901,0.28264698972610997
DEAP:S22:T08,DEAP:S22,T08,1,7.09,2,1,3,0,unexposed,stimulus_absolute_context,train,1.0,0.09334158184614039,0.9066584181538596
DEAP:S22:T10,DEAP:S22,T10,0,4.0,2,1,3,0,unexposed,stimulus_absolute_context,train,1.0,0.9067591202039175,0.09324087979608253
DEAP:S22:T11,DEAP:S22,T11,1,8.05,2,1,3,0,unexposed,stimulus_absolute_context,train,1.0,0.17792317470261754,0.8220768252973825
DEAP:S22:T12,DEAP:S22,T12,0,4.99,2,1,3,0,unexposed,stimulus_absolute_context,train,1.0,0.16221477347500646,0.8377852265249935
DEAP:S22:T18,DEAP:S22,T18,1,8.08,2,1,3,0,unexposed,stimulus_absolute_context,train,1.0,0.10763780081601382,0.8923621991839862
DEAP:S22:T22,DEAP:S22,T22,0,4.05,2,1,3,0,unexposed,stimulus_absolute_context,train,1.0,0.6097918916274587,0.39020810837254133
DEAP:S22:T24,DEAP:S22,T24,0,1.96,2,1,3,0,unexposed,stimulus_absolute_context,train,1.0,0.9379900412237224,0.062009958776277574
DEAP:S22:T25,DEAP:S22,T25,0,2.95,2,1,3,0,unexposed,stimulus_absolute_context,train,1.0,0.9289139697018851,0.07108603029811485
DEAP:S22:T29,DEAP:S22,T29,0,2.0,2,1,3,0,unexposed,stimulus_absolute_context,train,1.0,0.9805456672904123,0.01945433270958779
DEAP:S22:T31,DEAP:S22,T31,0,2.01,2,1,3,0,unexposed,stimulus_absolute_context,train,1.0,0.974809517596501,0.025190482403498915
DEAP:S22:T32,DEAP:S22,T32,0,1.99,2,1,3,0,unexposed,stimulus_absolute_context,train,1.0,0.9629696797520694,0.037030320247930626
DEAP:S22:T34,DEAP:S22,T34,1,5.04,2,1,3,0,unexposed,stimulus_absolute_context,train,1.0,0.870992821752588,0.129007178247412
DEAP:S23:T03,DEAP:S23,T03,1,7.09,2,1,3,0,unexposed,stimulus_absolute_context,train,1.0,0.006764913014973839,0.9932350869850262
DEAP:S23:T04,DEAP:S23,T04,1,8.21,2,1,3,0,unexposed,stimulus_absolute_context,train,1.0,0.013697118429922828,0.9863028815700772
DEAP:S23:T08,DEAP:S23,T08,1,7.23,2,1,3,0,unexposed,stimulus_absolute_context,train,1.0,0.020905572680989137,0.9790944273190109
DEAP:S23:T10,DEAP:S23,T10,1,5.01,2,1,3,0,unexposed,stimulus_absolute_context,train,1.0,0.25054155403865663,0.7494584459613434
DEAP:S23:T12,DEAP:S23,T12,1,7.0,2,1,3,0,unexposed,stimulus_absolute_context,train,1.0,0.12150596430741378,0.8784940356925862
DEAP:S23:T18,DEAP:S23,T18,1,7.12,2,1,3,0,unexposed,stimulus_absolute_context,train,1.0,0.04494988444380155,0.9550501155561985
DEAP:S23:T22,DEAP:S23,T22,0,2.97,2,1,3,0,unexposed,stimulus_absolute_context,train,1.0,0.7406279067219113,0.2593720932780888
DEAP:S23:T24,DEAP:S23,T24,1,6.53,2,1,3,0,unexposed,stimulus_absolute_context,train,1.0,0.4698477822253544,0.5301522177746456
DEAP:S23:T25,DEAP:S23,T25,0,4.97,2,1,3,0,unexposed,stimulus_absolute_context,train,1.0,0.5494697464250904,0.45053025357490956
DEAP:S23:T29,DEAP:S23,T29,0,3.72,2,1,3,0,unexposed,stimulus_absolute_context,train,1.0,0.5999256831616979,0.4000743168383021
DEAP:S23:T31,DEAP:S23,T31,0,4.86,2,1,3,0,unexposed,stimulus_absolute_context,train,1.0,0.7293803956081677,0.27061960439183236
DEAP:S23:T32,DEAP:S23,T32,1,7.97,2,1,3,0,unexposed,stimulus_absolute_context,train,1.0,0.40401744422162544,0.5959825557783746
DEAP:S23:T34,DEAP:S23,T34,1,6.72,2,1,3,0,unexposed,stimulus_absolute_context,train,1.0,0.5250583905760182,0.4749416094239818
DEAP:S24:T03,DEAP:S24,T03,1,8.96,2,1,3,0,unexposed,stimulus_absolute_context,train,1.0,0.03740398792673494,0.9625960120732651
DEAP:S24:T05,DEAP:S24,T05,1,7.06,2,1,3,0,unexposed,stimulus_absolute_context,train,1.0,0.3391871508162513,0.6608128491837487
DEAP:S24:T08,DEAP:S24,T08,1,7.03,2,1,3,0,unexposed,stimulus_absolute_context,train,1.0,0.07173820046392965,0.9282617995360704
DEAP:S24:T10,DEAP:S24,T10,1,5.01,2,1,3,0,unexposed,stimulus_absolute_context,train,1.0,0.5578132810647775,0.44218671893522254
DEAP:S24:T11,DEAP:S24,T11,1,7.03,2,1,3,0,unexposed,stimulus_absolute_context,train,1.0,0.11493880471755402,0.885061195282446
DEAP:S24:T12,DEAP:S24,T12,1,7.04,2,1,3,0,unexposed,stimulus_absolute_context,train,1.0,0.11446357284872632,0.8855364271512737
DEAP:S24:T22,DEAP:S24,T22,0,3.03,2,1,3,0,unexposed,stimulus_absolute_context,train,1.0,0.7410741522027542,0.2589258477972458
DEAP:S24:T24,DEAP:S24,T24,0,2.99,2,1,3,0,unexposed,stimulus_absolute_context,train,1.0,0.9031651946634237,0.0968348053365763
DEAP:S24:T25,DEAP:S24,T25,0,3.12,2,1,3,0,unexposed,stimulus_absolute_context,train,1.0,0.8405206476734918,0.1594793523265082
DEAP:S24:T29,DEAP:S24,T29,0,3.97,2,1,3,0,unexposed,stimulus_absolute_context,train,1.0,0.8899087984716798,0.11009120152832014
DEAP:S24:T31,DEAP:S24,T31,0,2.94,2,1,3,0,unexposed,stimulus_absolute_context,train,1.0,0.8865916330721418,0.11340836692785818
DEAP:S24:T32,DEAP:S24,T32,0,3.0,2,1,3,0,unexposed,stimulus_absolute_context,train,1.0,0.8590659150803492,0.14093408491965081
DEAP:S24:T34,DEAP:S24,T34,0,4.05,2,1,3,0,unexposed,stimulus_absolute_context,train,1.0,0.828825158929277,0.171174841070723
DEAP:S26:T01,DEAP:S26,T01,1,7.97,2,1,3,0,unexposed,stimulus_absolute_context,train,1.0,0.03847442268978318,0.9615255773102168
DEAP:S26:T03,DEAP:S26,T03,1,9.0,2,1,3,0,unexposed,stimulus_absolute_context,train,1.0,0.015460190669304597,0.9845398093306954
DEAP:S26:T04,DEAP:S26,T04,1,8.03,2,1,3,0,unexposed,stimulus_absolute_context,train,1.0,0.034984695663666354,0.9650153043363336
DEAP:S26:T05,DEAP:S26,T05,0,4.0,2,1,3,0,unexposed,stimulus_absolute_context,train,1.0,0.2810768152051347,0.7189231847948653
DEAP:S26:T08,DEAP:S26,T08,1,8.01,2,1,3,0,unexposed,stimulus_absolute_context,train,1.0,0.03738369058442936,0.9626163094155706
DEAP:S26:T10,DEAP:S26,T10,0,3.08,2,1,3,0,unexposed,stimulus_absolute_context,train,1.0,0.5867570435046289,0.4132429564953711
DEAP:S26:T11,DEAP:S26,T11,1,8.04,2,1,3,0,unexposed,stimulus_absolute_context,train,1.0,0.04328278464435342,0.9567172153556466
DEAP:S26:T12,DEAP:S26,T12,1,7.04,2,1,3,0,unexposed,stimulus_absolute_context,train,1.0,0.0778420837596202,0.9221579162403798
DEAP:S26:T18,DEAP:S26,T18,1,9.0,2,1,3,0,unexposed,stimulus_absolute_context,train,1.0,0.049183974993986856,0.9508160250060131
DEAP:S26:T22,DEAP:S26,T22,1,6.97,2,1,3,0,unexposed,stimulus_absolute_context,train,1.0,0.5597617406484008,0.44023825935159927
DEAP:S26:T24,DEAP:S26,T24,1,9.0,2,1,3,0,unexposed,stimulus_absolute_context,train,1.0,0.7290522114437836,0.2709477885562163
DEAP:S26:T25,DEAP:S26,T25,1,7.14,2,1,3,0,unexposed,stimulus_absolute_context,train,1.0,0.5068642317649098,0.4931357682350902
DEAP:S26:T29,DEAP:S26,T29,1,6.09,2,1,3,0,unexposed,stimulus_absolute_context,train,1.0,0.8245345431806947,0.1754654568193053
DEAP:S26:T31,DEAP:S26,T31,0,1.97,2,1,3,0,unexposed,stimulus_absolute_context,train,1.0,0.8439884200753938,0.1560115799246062
DEAP:S26:T32,DEAP:S26,T32,0,1.96,2,1,3,0,unexposed,stimulus_absolute_context,train,1.0,0.4424331994845523,0.5575668005154477
DEAP:S26:T34,DEAP:S26,T34,0,1.0,2,1,3,0,unexposed,stimulus_absolute_context,train,1.0,0.7629625583602186,0.2370374416397814
DEAP:S28:T01,DEAP:S28,T01,1,7.03,2,1,3,0,unexposed,stimulus_absolute_context,train,1.0,0.017671741461724566,0.9823282585382754
DEAP:S28:T04,DEAP:S28,T04,1,8.08,2,1,3,0,unexposed,stimulus_absolute_context,train,1.0,0.029736252420743847,0.9702637475792562
DEAP:S28:T05,DEAP:S28,T05,1,7.04,2,1,3,0,unexposed,stimulus_absolute_context,train,1.0,0.077527695666334,0.922472304333666
DEAP:S28:T08,DEAP:S28,T08,1,7.01,2,1,3,0,unexposed,stimulus_absolute_context,train,1.0,0.02338923771895829,0.9766107622810417
DEAP:S28:T10,DEAP:S28,T10,1,7.99,2,1,3,0,unexposed,stimulus_absolute_context,train,1.0,0.46963909023651995,0.53036090976348
DEAP:S28:T11,DEAP:S28,T11,1,7.01,2,1,3,0,unexposed,stimulus_absolute_context,train,1.0,0.02789461321319564,0.9721053867868044
DEAP:S28:T12,DEAP:S28,T12,1,6.06,2,1,3,0,unexposed,stimulus_absolute_context,train,1.0,0.05525504742071641,0.9447449525792836
DEAP:S28:T18,DEAP:S28,T18,1,8.08,2,1,3,0,unexposed,stimulus_absolute_context,train,1.0,0.013699694157388698,0.9863003058426113
DEAP:S28:T22,DEAP:S28,T22,1,5.03,2,1,3,0,unexposed,stimulus_absolute_context,train,1.0,0.6791833896424602,0.3208166103575399
DEAP:S28:T24,DEAP:S28,T24,0,4.04,2,1,3,0,unexposed,stimulus_absolute_context,train,1.0,0.6100396620658975,0.38996033793410245
DEAP:S28:T25,DEAP:S28,T25,0,4.06,2,1,3,0,unexposed,stimulus_absolute_context,train,1.0,0.608532519044445,0.391467480955555
DEAP:S28:T29,DEAP:S28,T29,0,2.06,2,1,3,0,unexposed,stimulus_absolute_context,train,1.0,0.6189333169164339,0.381066683083566
DEAP:S28:T31,DEAP:S28,T31,1,6.91,2,1,3,0,unexposed,stimulus_absolute_context,train,1.0,0.7188374605263677,0.2811625394736324
DEAP:S28:T32,DEAP:S28,T32,0,3.05,2,1,3,0,unexposed,stimulus_absolute_context,train,1.0,0.5489755824351791,0.4510244175648209
DEAP:S29:T01,DEAP:S29,T01,1,6.06,2,1,3,0,unexposed,stimulus_absolute_context,train,1.0,0.16431417423247419,0.8356858257675258
DEAP:S29:T03,DEAP:S29,T03,1,9.0,2,1,3,0,unexposed,stimulus_absolute_context,train,1.0,0.0062810130094737016,0.9937189869905263
DEAP:S29:T04,DEAP:S29,T04,1,7.17,2,1,3,0,unexposed,stimulus_absolute_context,train,1.0,0.06436194203828816,0.9356380579617118
DEAP:S29:T05,DEAP:S29,T05,1,6.05,2,1,3,0,unexposed,stimulus_absolute_context,train,1.0,0.42639754563293575,0.5736024543670643
DEAP:S29:T08,DEAP:S29,T08,1,7.04,2,1,3,0,unexposed,stimulus_absolute_context,train,1.0,0.03610414891549174,0.9638958510845083
DEAP:S29:T10,DEAP:S29,T10,1,7.01,2,1,3,0,unexposed,stimulus_absolute_context,train,1.0,0.45637880345873816,0.5436211965412618
DEAP:S29:T11,DEAP:S29,T11,1,8.03,2,1,3,0,unexposed,stimulus_absolute_context,train,1.0,0.043718938432442456,0.9562810615675575
DEAP:S29:T12,DEAP:S29,T12,1,6.04,2,1,3,0,unexposed,stimulus_absolute_context,train,1.0,0.07308976981183068,0.9269102301881693
DEAP:S29:T18,DEAP:S29,T18,1,7.01,2,1,3,0,unexposed,stimulus_absolute_context,train,1.0,0.11235381791067545,0.8876461820893246
DEAP:S29:T22,DEAP:S29,T22,0,3.05,2,1,3,0,unexposed,stimulus_absolute_context,train,1.0,0.7123433864048221,0.2876566135951779
DEAP:S29:T24,DEAP:S29,T24,0,4.12,2,1,3,0,unexposed,stimulus_absolute_context,train,1.0,0.8040211813575866,0.19597881864241337
DEAP:S29:T25,DEAP:S29,T25,0,3.03,2,1,3,0,unexposed,stimulus_absolute_context,train,1.0,0.7749643496439911,0.2250356503560089
DEAP:S29:T31,DEAP:S29,T31,0,1.0,2,1,3,0,unexposed,stimulus_absolute_context,train,1.0,0.8086888601689107,0.19131113983108927
DEAP:S29:T32,DEAP:S29,T32,0,4.04,2,1,3,0,unexposed,stimulus_absolute_context,train,1.0,0.8521867110868311,0.14781328891316894
DEAP:S31:T01,DEAP:S31,T01,1,6.79,2,1,3,0,unexposed,stimulus_absolute_context,train,1.0,0.029229739732682947,0.970770260267317
DEAP:S31:T04,DEAP:S31,T04,1,6.97,2,1,3,0,unexposed,stimulus_absolute_context,train,1.0,0.04258875784783889,0.9574112421521611
DEAP:S31:T05,DEAP:S31,T05,1,6.22,2,1,3,0,unexposed,stimulus_absolute_context,train,1.0,0.2628135019485133,0.7371864980514867
DEAP:S31:T10,DEAP:S31,T10,0,4.01,2,1,3,0,unexposed,stimulus_absolute_context,train,1.0,0.6444020875864871,0.35559791241351296
DEAP:S31:T11,DEAP:S31,T11,1,9.0,2,1,3,0,unexposed,stimulus_absolute_context,train,1.0,0.020129546501168605,0.9798704534988314
DEAP:S31:T12,DEAP:S31,T12,1,7.14,2,1,3,0,unexposed,stimulus_absolute_context,train,1.0,0.041581079498702045,0.958418920501298
DEAP:S31:T18,DEAP:S31,T18,1,7.06,2,1,3,0,unexposed,stimulus_absolute_context,train,1.0,0.058443730397023,0.941556269602977
DEAP:S31:T22,DEAP:S31,T22,1,5.04,2,1,3,0,unexposed,stimulus_absolute_context,train,1.0,0.6234901338703442,0.37650986612965576
DEAP:S31:T25,DEAP:S31,T25,1,6.14,2,1,3,0,unexposed,stimulus_absolute_context,train,1.0,0.3612116875998106,0.6387883124001894
DEAP:S31:T29,DEAP:S31,T29,1,5.09,2,1,3,0,unexposed,stimulus_absolute_context,train,1.0,0.6710899354022954,0.3289100645977045
DEAP:S31:T32,DEAP:S31,T32,0,1.0,2,1,3,0,unexposed,stimulus_absolute_context,train,1.0,0.6327439791502246,0.3672560208497754
DEAP:S31:T34,DEAP:S31,T34,0,1.95,2,1,3,0,unexposed,stimulus_absolute_context,train,1.0,0.646369373396438,0.353630626603562
DEAP:S32:T01,DEAP:S32,T01,1,8.13,2,1,3,0,unexposed,stimulus_absolute_context,train,1.0,0.19368427084461848,0.8063157291553815
DEAP:S32:T03,DEAP:S32,T03,1,8.05,2,1,3,0,unexposed,stimulus_absolute_context,train,1.0,0.04315146225157951,0.9568485377484205
DEAP:S32:T04,DEAP:S32,T04,1,6.96,2,1,3,0,unexposed,stimulus_absolute_context,train,1.0,0.0946405241606908,0.9053594758393092
DEAP:S32:T05,DEAP:S32,T05,1,7.15,2,1,3,0,unexposed,stimulus_absolute_context,train,1.0,0.5197416766026401,0.4802583233973598
DEAP:S32:T08,DEAP:S32,T08,1,7.96,2,1,3,0,unexposed,stimulus_absolute_context,train,1.0,0.06749021426933133,0.9325097857306687
DEAP:S32:T10,DEAP:S32,T10,0,4.08,2,1,3,0,unexposed,stimulus_absolute_context,train,1.0,0.8537174195044736,0.14628258049552645
DEAP:S32:T11,DEAP:S32,T11,1,8.24,2,1,3,0,unexposed,stimulus_absolute_context,train,1.0,0.14082207449411843,0.8591779255058816
DEAP:S32:T12,DEAP:S32,T12,1,7.31,2,1,3,0,unexposed,stimulus_absolute_context,train,1.0,0.1364361628969578,0.8635638371030422
DEAP:S32:T18,DEAP:S32,T18,1,8.03,2,1,3,0,unexposed,stimulus_absolute_context,train,1.0,0.25227730018478234,0.7477226998152177
DEAP:S32:T22,DEAP:S32,T22,0,4.15,2,1,3,0,unexposed,stimulus_absolute_context,train,1.0,0.8629269840401727,0.13707301595982735
DEAP:S32:T24,DEAP:S32,T24,0,1.0,2,1,3,0,unexposed,stimulus_absolute_context,train,1.0,0.8386573241994603,0.1613426758005397
DEAP:S32:T25,DEAP:S32,T25,0,4.01,2,1,3,0,unexposed,stimulus_absolute_context,train,1.0,0.8864183451592934,0.1135816548407066
DEAP:S32:T29,DEAP:S32,T29,0,4.09,2,1,3,0,unexposed,stimulus_absolute_context,train,1.0,0.892506551973608,0.107493448026392
DEAP:S32:T31,DEAP:S32,T31,0,4.17,2,1,3,0,unexposed,stimulus_absolute_context,train,1.0,0.9411960021071758,0.05880399789282421
DEAP:S32:T32,DEAP:S32,T32,0,3.87,2,1,3,0,unexposed,stimulus_absolute_context,train,1.0,0.8244300158672244,0.17556998413277553
DEAP:S32:T34,DEAP:S32,T34,0,4.05,2,1,3,0,unexposed,stimulus_absolute_context,train,1.0,0.8739426207638603,0.12605737923613963
DEAP:S11:T02,DEAP:S11,T02,1,5.67,2,1,3,0,unexposed,stimulus_absolute_context,validation_unseen,1.0,0.001931025721171209,0.9980689742788288
DEAP:S11:T19,DEAP:S11,T19,1,5.54,2,1,3,0,unexposed,stimulus_absolute_context,validation_unseen,1.0,0.003330149491152401,0.9966698505088476
DEAP:S11:T23,DEAP:S11,T23,0,3.72,2,1,3,0,unexposed,stimulus_absolute_context,validation_unseen,1.0,0.003762104095059171,0.9962378959049408
DEAP:S11:T26,DEAP:S11,T26,1,5.49,2,1,3,0,unexposed,stimulus_absolute_context,validation_unseen,1.0,0.006408282574854707,0.9935917174251453
DEAP:S11:T28,DEAP:S11,T28,0,4.26,2,1,3,0,unexposed,stimulus_absolute_context,validation_unseen,1.0,0.0041258413180388365,0.9958741586819612
DEAP:S11:T30,DEAP:S11,T30,0,4.58,2,1,3,0,unexposed,stimulus_absolute_context,validation_unseen,1.0,0.0015361241738105491,0.9984638758261895
DEAP:S11:T33,DEAP:S11,T33,1,5.64,2,1,3,0,unexposed,stimulus_absolute_context,validation_unseen,1.0,0.004300896843069002,0.995699103156931
DEAP:S11:T39,DEAP:S11,T39,0,1.0,2,1,3,0,unexposed,stimulus_absolute_context,validation_unseen,1.0,0.002807447048348788,0.9971925529516512
DEAP:S21:T02,DEAP:S21,T02,1,7.05,2,1,3,0,unexposed,stimulus_absolute_context,validation_unseen,1.0,0.28307065727023684,0.7169293427297632
DEAP:S21:T19,DEAP:S21,T19,1,7.26,2,1,3,0,unexposed,stimulus_absolute_context,validation_unseen,1.0,0.6503335415313172,0.3496664584686829
DEAP:S21:T23,DEAP:S21,T23,0,4.69,2,1,3,0,unexposed,stimulus_absolute_context,validation_unseen,1.0,0.1807627822015534,0.8192372177984466
DEAP:S21:T26,DEAP:S21,T26,0,4.06,2,1,3,0,unexposed,stimulus_absolute_context,validation_unseen,1.0,0.24285424817795898,0.757145751822041
DEAP:S21:T28,DEAP:S21,T28,0,3.04,2,1,3,0,unexposed,stimulus_absolute_context,validation_unseen,1.0,0.20353854993134302,0.796461450068657
DEAP:S21:T30,DEAP:S21,T30,0,3.45,2,1,3,0,unexposed,stimulus_absolute_context,validation_unseen,1.0,0.24385823536886064,0.7561417646311394
DEAP:S21:T33,DEAP:S21,T33,1,7.03,2,1,3,0,unexposed,stimulus_absolute_context,validation_unseen,1.0,0.20725227208893326,0.7927477279110667
DEAP:S21:T39,DEAP:S21,T39,1,6.09,2,1,3,0,unexposed,stimulus_absolute_context,validation_unseen,1.0,0.17194919460325464,0.8280508053967454
DEAP:S25:T02,DEAP:S25,T02,0,2.99,2,1,3,0,unexposed,stimulus_absolute_context,validation_unseen,1.0,0.06797842137458532,0.9320215786254147
DEAP:S25:T19,DEAP:S25,T19,1,7.06,2,1,3,0,unexposed,stimulus_absolute_context,validation_unseen,1.0,0.1263614019148086,0.8736385980851914
DEAP:S25:T23,DEAP:S25,T23,0,2.01,2,1,3,0,unexposed,stimulus_absolute_context,validation_unseen,1.0,0.1661637949373349,0.8338362050626651
DEAP:S25:T26,DEAP:S25,T26,0,4.99,2,1,3,0,unexposed,stimulus_absolute_context,validation_unseen,1.0,0.05669328643333926,0.9433067135666607
DEAP:S25:T28,DEAP:S25,T28,1,5.01,2,1,3,0,unexposed,stimulus_absolute_context,validation_unseen,1.0,0.16793159336771535,0.8320684066322847
DEAP:S25:T30,DEAP:S25,T30,0,4.03,2,1,3,0,unexposed,stimulus_absolute_context,validation_unseen,1.0,0.11921329743251186,0.8807867025674881
DEAP:S25:T33,DEAP:S25,T33,0,1.94,2,1,3,0,unexposed,stimulus_absolute_context,validation_unseen,1.0,0.09626149682319096,0.903738503176809
DEAP:S25:T39,DEAP:S25,T39,0,1.0,2,1,3,0,unexposed,stimulus_absolute_context,validation_unseen,1.0,0.12818456290042524,0.8718154370995748
DEAP:S30:T02,DEAP:S30,T02,1,7.15,2,1,3,0,unexposed,stimulus_absolute_context,validation_unseen,1.0,0.13818443537456016,0.8618155646254398
DEAP:S30:T19,DEAP:S30,T19,1,8.27,2,1,3,0,unexposed,stimulus_absolute_context,validation_unseen,1.0,0.21511388505319706,0.7848861149468029
DEAP:S30:T23,DEAP:S30,T23,0,3.0,2,1,3,0,unexposed,stimulus_absolute_context,validation_unseen,1.0,0.2713317162060589,0.7286682837939411
DEAP:S30:T26,DEAP:S30,T26,1,5.01,2,1,3,0,unexposed,stimulus_absolute_context,validation_unseen,1.0,0.30504425205776897,0.694955747942231
DEAP:S30:T28,DEAP:S30,T28,1,5.06,2,1,3,0,unexposed,stimulus_absolute_context,validation_unseen,1.0,0.35762716206943745,0.6423728379305625
DEAP:S30:T30,DEAP:S30,T30,0,4.04,2,1,3,0,unexposed,stimulus_absolute_context,validation_unseen,1.0,0.08013184726256406,0.9198681527374359
DEAP:S30:T33,DEAP:S30,T33,0,3.91,2,1,3,0,unexposed,stimulus_absolute_context,validation_unseen,1.0,0.08268910965138765,0.9173108903486124
DEAP:S30:T39,DEAP:S30,T39,0,2.97,2,1,3,0,unexposed,stimulus_absolute_context,validation_unseen,1.0,0.2095493172254953,0.7904506827745047
DEAP:S11:T01,DEAP:S11,T01,1,6.27,2,1,3,0,unexposed,stimulus_absolute_context,validation_familiar,1.0,0.0009237709206922906,0.9990762290793077
DEAP:S11:T03,DEAP:S11,T03,1,7.41,2,1,3,0,unexposed,stimulus_absolute_context,validation_familiar,1.0,3.0525712591988885e-05,0.999969474287408
DEAP:S11:T04,DEAP:S11,T04,1,7.65,2,1,3,0,unexposed,stimulus_absolute_context,validation_familiar,1.0,0.0006785326100556821,0.9993214673899443
DEAP:S11:T05,DEAP:S11,T05,1,7.41,2,1,3,0,unexposed,stimulus_absolute_context,validation_familiar,1.0,0.0023886757666016223,0.9976113242333984
DEAP:S11:T08,DEAP:S11,T08,1,6.26,2,1,3,0,unexposed,stimulus_absolute_context,validation_familiar,1.0,0.0004782417571583819,0.9995217582428416
DEAP:S11:T10,DEAP:S11,T10,1,6.53,2,1,3,0,unexposed,stimulus_absolute_context,validation_familiar,1.0,0.0038261424711893977,0.9961738575288106
DEAP:S11:T11,DEAP:S11,T11,1,7.32,2,1,3,0,unexposed,stimulus_absolute_context,validation_familiar,1.0,0.00015231041682794988,0.999847689583172
DEAP:S11:T12,DEAP:S11,T12,1,5.04,2,1,3,0,unexposed,stimulus_absolute_context,validation_familiar,1.0,0.0006602500086869689,0.999339749991313
DEAP:S11:T18,DEAP:S11,T18,1,7.95,2,1,3,0,unexposed,stimulus_absolute_context,validation_familiar,1.0,0.00016151441230993768,0.9998384855876901
DEAP:S11:T22,DEAP:S11,T22,1,6.15,2,1,3,0,unexposed,stimulus_absolute_context,validation_familiar,1.0,0.005307131158060696,0.9946928688419393
DEAP:S11:T24,DEAP:S11,T24,0,2.88,2,1,3,0,unexposed,stimulus_absolute_context,validation_familiar,1.0,0.023165892882333394,0.9768341071176666
DEAP:S11:T25,DEAP:S11,T25,1,5.01,2,1,3,0,unexposed,stimulus_absolute_context,validation_familiar,1.0,0.011249530701769261,0.9887504692982307
DEAP:S11:T29,DEAP:S11,T29,0,2.32,2,1,3,0,unexposed,stimulus_absolute_context,validation_familiar,1.0,0.028128923919939486,0.9718710760800605
DEAP:S11:T31,DEAP:S11,T31,0,1.83,2,1,3,0,unexposed,stimulus_absolute_context,validation_familiar,1.0,0.01698368236714376,0.9830163176328562
DEAP:S11:T32,DEAP:S11,T32,1,5.01,2,1,3,0,unexposed,stimulus_absolute_context,validation_familiar,1.0,0.01277320262926196,0.987226797370738
DEAP:S11:T34,DEAP:S11,T34,0,4.88,2,1,3,0,unexposed,stimulus_absolute_context,validation_familiar,1.0,0.02916554337968147,0.9708344566203185
DEAP:S21:T01,DEAP:S21,T01,1,6.42,2,1,3,0,unexposed,stimulus_absolute_context,validation_familiar,1.0,0.06391852549409782,0.9360814745059022
DEAP:S21:T03,DEAP:S21,T03,0,4.83,2,1,3,0,unexposed,stimulus_absolute_context,validation_familiar,1.0,0.01928259772957097,0.980717402270429
DEAP:S21:T04,DEAP:S21,T04,1,5.05,2,1,3,0,unexposed,stimulus_absolute_context,validation_familiar,1.0,0.041741831902971205,0.9582581680970288
DEAP:S21:T05,DEAP:S21,T05,1,8.09,2,1,3,0,unexposed,stimulus_absolute_context,validation_familiar,1.0,0.14868140079094772,0.8513185992090523
DEAP:S21:T08,DEAP:S21,T08,1,8.81,2,1,3,0,unexposed,stimulus_absolute_context,validation_familiar,1.0,0.05377719557618865,0.9462228044238113
DEAP:S21:T10,DEAP:S21,T10,1,7.05,2,1,3,0,unexposed,stimulus_absolute_context,validation_familiar,1.0,0.5065399164828885,0.4934600835171114
DEAP:S21:T11,DEAP:S21,T11,1,7.05,2,1,3,0,unexposed,stimulus_absolute_context,validation_familiar,1.0,0.016193739753522673,0.9838062602464773
DEAP:S21:T12,DEAP:S21,T12,0,4.63,2,1,3,0,unexposed,stimulus_absolute_context,validation_familiar,1.0,0.025400549921773874,0.9745994500782261
DEAP:S21:T18,DEAP:S21,T18,1,7.99,2,1,3,0,unexposed,stimulus_absolute_context,validation_familiar,1.0,0.0387906831812187,0.9612093168187813
DEAP:S21:T22,DEAP:S21,T22,0,2.09,2,1,3,0,unexposed,stimulus_absolute_context,validation_familiar,1.0,0.6299984374953038,0.3700015625046962
DEAP:S21:T24,DEAP:S21,T24,0,2.99,2,1,3,0,unexposed,stimulus_absolute_context,validation_familiar,1.0,0.6960347285082527,0.3039652714917473
DEAP:S21:T25,DEAP:S21,T25,0,3.97,2,1,3,0,unexposed,stimulus_absolute_context,validation_familiar,1.0,0.5130853181822608,0.4869146818177392
DEAP:S21:T29,DEAP:S21,T29,0,3.01,2,1,3,0,unexposed,stimulus_absolute_context,validation_familiar,1.0,0.6121306159888285,0.3878693840111715
DEAP:S21:T31,DEAP:S21,T31,1,5.04,2,1,3,0,unexposed,stimulus_absolute_context,validation_familiar,1.0,0.41217975715673905,0.587820242843261
DEAP:S21:T32,DEAP:S21,T32,1,6.27,2,1,3,0,unexposed,stimulus_absolute_context,validation_familiar,1.0,0.4370368296444027,0.5629631703555973
DEAP:S21:T34,DEAP:S21,T34,0,4.06,2,1,3,0,unexposed,stimulus_absolute_context,validation_familiar,1.0,0.7949361396240827,0.20506386037591728
DEAP:S25:T01,DEAP:S25,T01,1,8.06,2,1,3,0,unexposed,stimulus_absolute_context,validation_familiar,1.0,0.03152324244526805,0.968476757554732
DEAP:S25:T03,DEAP:S25,T03,1,7.12,2,1,3,0,unexposed,stimulus_absolute_context,validation_familiar,1.0,0.00047051393923469575,0.9995294860607653
DEAP:S25:T05,DEAP:S25,T05,1,5.04,2,1,3,0,unexposed,stimulus_absolute_context,validation_familiar,1.0,0.12383295484472523,0.8761670451552748
DEAP:S25:T08,DEAP:S25,T08,1,8.04,2,1,3,0,unexposed,stimulus_absolute_context,validation_familiar,1.0,0.005708291161879764,0.9942917088381202
DEAP:S25:T10,DEAP:S25,T10,0,1.0,2,1,3,0,unexposed,stimulus_absolute_context,validation_familiar,1.0,0.07059230265114935,0.9294076973488506
DEAP:S25:T11,DEAP:S25,T11,1,9.0,2,1,3,0,unexposed,stimulus_absolute_context,validation_familiar,1.0,0.004485231410144563,0.9955147685898554
DEAP:S25:T12,DEAP:S25,T12,1,8.04,2,1,3,0,unexposed,stimulus_absolute_context,validation_familiar,1.0,0.006524314179967794,0.9934756858200322
DEAP:S25:T18,DEAP:S25,T18,0,3.04,2,1,3,0,unexposed,stimulus_absolute_context,validation_familiar,1.0,0.006898533759516767,0.9931014662404832
DEAP:S25:T22,DEAP:S25,T22,1,8.03,2,1,3,0,unexposed,stimulus_absolute_context,validation_familiar,1.0,0.18680823832394255,0.8131917616760574
DEAP:S25:T24,DEAP:S25,T24,0,3.05,2,1,3,0,unexposed,stimulus_absolute_context,validation_familiar,1.0,0.21785082194942906,0.7821491780505709
DEAP:S25:T25,DEAP:S25,T25,0,4.96,2,1,3,0,unexposed,stimulus_absolute_context,validation_familiar,1.0,0.27851205722620154,0.7214879427737985
DEAP:S25:T29,DEAP:S25,T29,0,1.0,2,1,3,0,unexposed,stimulus_absolute_context,validation_familiar,1.0,0.18622817736352726,0.8137718226364727
DEAP:S25:T31,DEAP:S25,T31,0,1.01,2,1,3,0,unexposed,stimulus_absolute_context,validation_familiar,1.0,0.18008582384536564,0.8199141761546344
DEAP:S25:T32,DEAP:S25,T32,0,1.0,2,1,3,0,unexposed,stimulus_absolute_context,validation_familiar,1.0,0.2218763799182052,0.7781236200817948
DEAP:S25:T34,DEAP:S25,T34,0,4.95,2,1,3,0,unexposed,stimulus_absolute_context,validation_familiar,1.0,0.4297596344775947,0.5702403655224053
DEAP:S30:T01,DEAP:S30,T01,1,5.04,2,1,3,0,unexposed,stimulus_absolute_context,validation_familiar,1.0,0.04758265525215466,0.9524173447478453
DEAP:S30:T03,DEAP:S30,T03,1,6.15,2,1,3,0,unexposed,stimulus_absolute_context,validation_familiar,1.0,0.0010176194379459824,0.998982380562054
DEAP:S30:T04,DEAP:S30,T04,1,7.04,2,1,3,0,unexposed,stimulus_absolute_context,validation_familiar,1.0,0.010968695037824383,0.9890313049621756
DEAP:S30:T05,DEAP:S30,T05,1,6.19,2,1,3,0,unexposed,stimulus_absolute_context,validation_familiar,1.0,0.058187382917204156,0.9418126170827958
DEAP:S30:T08,DEAP:S30,T08,1,6.05,2,1,3,0,unexposed,stimulus_absolute_context,validation_familiar,1.0,0.0020153844765486983,0.9979846155234513
DEAP:S30:T10,DEAP:S30,T10,1,5.08,2,1,3,0,unexposed,stimulus_absolute_context,validation_familiar,1.0,0.17915086610254294,0.8208491338974571
DEAP:S30:T11,DEAP:S30,T11,1,6.06,2,1,3,0,unexposed,stimulus_absolute_context,validation_familiar,1.0,0.010439627233371884,0.9895603727666281
DEAP:S30:T12,DEAP:S30,T12,1,5.15,2,1,3,0,unexposed,stimulus_absolute_context,validation_familiar,1.0,0.051311487817398804,0.9486885121826012
DEAP:S30:T18,DEAP:S30,T18,1,7.05,2,1,3,0,unexposed,stimulus_absolute_context,validation_familiar,1.0,0.033557279098561765,0.9664427209014382
DEAP:S30:T22,DEAP:S30,T22,0,4.05,2,1,3,0,unexposed,stimulus_absolute_context,validation_familiar,1.0,0.4998826552766221,0.5001173447233779
DEAP:S30:T24,DEAP:S30,T24,1,5.99,2,1,3,0,unexposed,stimulus_absolute_context,validation_familiar,1.0,0.3313694060141391,0.6686305939858609
DEAP:S30:T25,DEAP:S30,T25,0,3.92,2,1,3,0,unexposed,stimulus_absolute_context,validation_familiar,1.0,0.45409815431473066,0.5459018456852693
DEAP:S30:T29,DEAP:S30,T29,1,7.23,2,1,3,0,unexposed,stimulus_absolute_context,validation_familiar,1.0,0.3745498974634732,0.6254501025365268
DEAP:S30:T31,DEAP:S30,T31,0,3.86,2,1,3,0,unexposed,stimulus_absolute_context,validation_familiar,1.0,0.6038920742238596,0.39610792577614035
DEAP:S30:T32,DEAP:S30,T32,1,5.01,2,1,3,0,unexposed,stimulus_absolute_context,validation_familiar,1.0,0.3500237415349625,0.6499762584650375
DEAP:S30:T34,DEAP:S30,T34,0,4.99,2,1,3,0,unexposed,stimulus_absolute_context,validation_familiar,1.0,0.6443537929836795,0.35564620701632055
DEAP:S01:T01,DEAP:S01,T01,1,7.71,2,1,3,0,unexposed,stimulus_absolute_context,train,10.0,0.2613672219915353,0.7386327780084647
DEAP:S01:T03,DEAP:S01,T03,1,8.58,2,1,3,0,unexposed,stimulus_absolute_context,train,10.0,0.016334221708087404,0.9836657782919126
DEAP:S01:T04,DEAP:S01,T04,0,4.94,2,1,3,0,unexposed,stimulus_absolute_context,train,10.0,0.3394864018273399,0.6605135981726601
DEAP:S01:T08,DEAP:S01,T08,1,7.32,2,1,3,0,unexposed,stimulus_absolute_context,train,10.0,0.06991710419123731,0.9300828958087627
DEAP:S01:T10,DEAP:S01,T10,0,1.99,2,1,3,0,unexposed,stimulus_absolute_context,train,10.0,0.9697030945204861,0.030296905479513955
DEAP:S01:T11,DEAP:S01,T11,0,2.99,2,1,3,0,unexposed,stimulus_absolute_context,train,10.0,0.09191694976411913,0.9080830502358809
DEAP:S01:T12,DEAP:S01,T12,0,2.71,2,1,3,0,unexposed,stimulus_absolute_context,train,10.0,0.49725538585410134,0.5027446141458987
DEAP:S01:T18,DEAP:S01,T18,1,7.23,2,1,3,0,unexposed,stimulus_absolute_context,train,10.0,0.16867006770456205,0.831329932295438
DEAP:S01:T22,DEAP:S01,T22,1,7.09,2,1,3,0,unexposed,stimulus_absolute_context,train,10.0,0.9950538256258598,0.004946174374140286
DEAP:S01:T24,DEAP:S01,T24,1,7.04,2,1,3,0,unexposed,stimulus_absolute_context,train,10.0,0.9070689887899439,0.09293101121005605
DEAP:S01:T25,DEAP:S01,T25,1,8.86,2,1,3,0,unexposed,stimulus_absolute_context,train,10.0,0.7436867201415016,0.25631327985849844
DEAP:S01:T29,DEAP:S01,T29,0,1.36,2,1,3,0,unexposed,stimulus_absolute_context,train,10.0,0.985280943247181,0.01471905675281904
DEAP:S01:T31,DEAP:S01,T31,0,3.03,2,1,3,0,unexposed,stimulus_absolute_context,train,10.0,0.9921511782972926,0.007848821702707403
DEAP:S01:T32,DEAP:S01,T32,0,2.28,2,1,3,0,unexposed,stimulus_absolute_context,train,10.0,0.9811519728940477,0.018848027105952323
DEAP:S01:T34,DEAP:S01,T34,0,2.28,2,1,3,0,unexposed,stimulus_absolute_context,train,10.0,0.9891991269857807,0.010800873014219335
DEAP:S02:T01,DEAP:S02,T01,1,9.0,2,1,3,0,unexposed,stimulus_absolute_context,train,10.0,0.03795387456834731,0.9620461254316527
DEAP:S02:T03,DEAP:S02,T03,1,9.0,2,1,3,0,unexposed,stimulus_absolute_context,train,10.0,0.3087478917951648,0.6912521082048352
DEAP:S02:T04,DEAP:S02,T04,1,6.05,2,1,3,0,unexposed,stimulus_absolute_context,train,10.0,0.03798266235206693,0.9620173376479331
DEAP:S02:T05,DEAP:S02,T05,1,5.04,2,1,3,0,unexposed,stimulus_absolute_context,train,10.0,0.2647571229112802,0.7352428770887198
DEAP:S02:T08,DEAP:S02,T08,1,9.0,2,1,3,0,unexposed,stimulus_absolute_context,train,10.0,0.031846201976551636,0.9681537980234484
DEAP:S02:T10,DEAP:S02,T10,0,4.99,2,1,3,0,unexposed,stimulus_absolute_context,train,10.0,0.9453838478452498,0.05461615215475023
DEAP:S02:T11,DEAP:S02,T11,1,7.08,2,1,3,0,unexposed,stimulus_absolute_context,train,10.0,0.004973337248247334,0.9950266627517527
DEAP:S02:T12,DEAP:S02,T12,1,8.01,2,1,3,0,unexposed,stimulus_absolute_context,train,10.0,0.06713109788548577,0.9328689021145142
DEAP:S02:T18,DEAP:S02,T18,1,9.0,2,1,3,0,unexposed,stimulus_absolute_context,train,10.0,0.0008636711111474904,0.9991363288888525
DEAP:S02:T25,DEAP:S02,T25,1,9.0,2,1,3,0,unexposed,stimulus_absolute_context,train,10.0,0.17277241881166805,0.827227581188332
DEAP:S02:T29,DEAP:S02,T29,0,2.99,2,1,3,0,unexposed,stimulus_absolute_context,train,10.0,0.8909848556794159,0.10901514432058414
DEAP:S02:T31,DEAP:S02,T31,0,4.06,2,1,3,0,unexposed,stimulus_absolute_context,train,10.0,0.8199143666055211,0.18008563339447894
DEAP:S02:T32,DEAP:S02,T32,0,1.0,2,1,3,0,unexposed,stimulus_absolute_context,train,10.0,0.7926764342368512,0.2073235657631488
DEAP:S02:T34,DEAP:S02,T34,0,4.87,2,1,3,0,unexposed,stimulus_absolute_context,train,10.0,0.9627936533354543,0.03720634666454569
DEAP:S03:T01,DEAP:S03,T01,1,5.33,2,1,3,0,unexposed,stimulus_absolute_context,train,10.0,0.11260331262218881,0.8873966873778112
DEAP:S03:T03,DEAP:S03,T03,1,7.55,2,1,3,0,unexposed,stimulus_absolute_context,train,10.0,0.02115633601183331,0.9788436639881667
DEAP:S03:T05,DEAP:S03,T05,1,6.92,2,1,3,0,unexposed,stimulus_absolute_context,train,10.0,0.24597992346195063,0.7540200765380494
DEAP:S03:T08,DEAP:S03,T08,1,7.14,2,1,3,0,unexposed,stimulus_absolute_context,train,10.0,0.10170362194605032,0.8982963780539497
DEAP:S03:T10,DEAP:S03,T10,0,4.45,2,1,3,0,unexposed,stimulus_absolute_context,train,10.0,0.8313369059791129,0.1686630940208871
DEAP:S03:T11,DEAP:S03,T11,1,7.94,2,1,3,0,unexposed,stimulus_absolute_context,train,10.0,0.04890090826396365,0.9510990917360364
DEAP:S03:T12,DEAP:S03,T12,1,6.36,2,1,3,0,unexposed,stimulus_absolute_context,train,10.0,0.18417286815624356,0.8158271318437564
DEAP:S03:T18,DEAP:S03,T18,1,7.1,2,1,3,0,unexposed,stimulus_absolute_context,train,10.0,0.029470458755746276,0.9705295412442537
DEAP:S03:T22,DEAP:S03,T22,0,4.94,2,1,3,0,unexposed,stimulus_absolute_context,train,10.0,0.8229703970914681,0.17702960290853192
DEAP:S03:T24,DEAP:S03,T24,0,3.31,2,1,3,0,unexposed,stimulus_absolute_context,train,10.0,0.9544176728215537,0.04558232717844638
DEAP:S03:T25,DEAP:S03,T25,0,3.45,2,1,3,0,unexposed,stimulus_absolute_context,train,10.0,0.9344051886239589,0.06559481137604103
DEAP:S03:T29,DEAP:S03,T29,0,4.47,2,1,3,0,unexposed,stimulus_absolute_context,train,10.0,0.8611747566432859,0.13882524335671403
DEAP:S03:T31,DEAP:S03,T31,0,4.44,2,1,3,0,unexposed,stimulus_absolute_context,train,10.0,0.8009678601477535,0.19903213985224655
DEAP:S03:T32,DEAP:S03,T32,1,5.17,2,1,3,0,unexposed,stimulus_absolute_context,train,10.0,0.6090798360952396,0.39092016390476036
DEAP:S03:T34,DEAP:S03,T34,0,4.72,2,1,3,0,unexposed,stimulus_absolute_context,train,10.0,0.8309941592039067,0.1690058407960932
DEAP:S04:T01,DEAP:S04,T01,1,6.68,2,1,3,0,unexposed,stimulus_absolute_context,train,10.0,0.3993570649954816,0.6006429350045184
DEAP:S04:T03,DEAP:S04,T03,1,8.95,2,1,3,0,unexposed,stimulus_absolute_context,train,10.0,0.03212686588683755,0.9678731341131624
DEAP:S04:T04,DEAP:S04,T04,1,6.1,2,1,3,0,unexposed,stimulus_absolute_context,train,10.0,0.127029160689632,0.872970839310368
DEAP:S04:T05,DEAP:S04,T05,0,4.06,2,1,3,0,unexposed,stimulus_absolute_context,train,10.0,0.5765900700049758,0.4234099299950243
DEAP:S04:T08,DEAP:S04,T08,1,5.97,2,1,3,0,unexposed,stimulus_absolute_context,train,10.0,0.1254671838226954,0.8745328161773046
DEAP:S04:T10,DEAP:S04,T10,0,3.15,2,1,3,0,unexposed,stimulus_absolute_context,train,10.0,0.884512411062568,0.11548758893743206
DEAP:S04:T11,DEAP:S04,T11,1,7.24,2,1,3,0,unexposed,stimulus_absolute_context,train,10.0,0.15405146293074012,0.8459485370692599
DEAP:S04:T12,DEAP:S04,T12,1,5.04,2,1,3,0,unexposed,stimulus_absolute_context,train,10.0,0.07660627781575724,0.9233937221842428
DEAP:S04:T18,DEAP:S04,T18,0,4.9,2,1,3,0,unexposed,stimulus_absolute_context,train,10.0,0.49726879405262925,0.5027312059473708
DEAP:S04:T22,DEAP:S04,T22,0,1.86,2,1,3,0,unexposed,stimulus_absolute_context,train,10.0,0.8746366426355004,0.12536335736449952
DEAP:S04:T24,DEAP:S04,T24,0,2.71,2,1,3,0,unexposed,stimulus_absolute_context,train,10.0,0.9674633892062403,0.03253661079375968
DEAP:S04:T25,DEAP:S04,T25,1,7.0,2,1,3,0,unexposed,stimulus_absolute_context,train,10.0,0.9633397183767765,0.03666028162322356
DEAP:S04:T29,DEAP:S04,T29,0,1.85,2,1,3,0,unexposed,stimulus_absolute_context,train,10.0,0.991050296434203,0.008949703565797069
DEAP:S04:T31,DEAP:S04,T31,0,2.01,2,1,3,0,unexposed,stimulus_absolute_context,train,10.0,0.991302940587811,0.008697059412188995
DEAP:S04:T32,DEAP:S04,T32,0,1.01,2,1,3,0,unexposed,stimulus_absolute_context,train,10.0,0.9145175515779127,0.08548244842208731
DEAP:S04:T34,DEAP:S04,T34,0,2.17,2,1,3,0,unexposed,stimulus_absolute_context,train,10.0,0.9296841889626641,0.07031581103733589
DEAP:S07:T01,DEAP:S07,T01,1,8.1,2,1,3,0,unexposed,stimulus_absolute_context,train,10.0,0.003600641863073739,0.9963993581369263
DEAP:S07:T03,DEAP:S07,T03,1,7.1,2,1,3,0,unexposed,stimulus_absolute_context,train,10.0,0.002343846378716319,0.9976561536212837
DEAP:S07:T04,DEAP:S07,T04,1,7.08,2,1,3,0,unexposed,stimulus_absolute_context,train,10.0,0.004053250007606479,0.9959467499923935
DEAP:S07:T05,DEAP:S07,T05,1,7.05,2,1,3,0,unexposed,stimulus_absolute_context,train,10.0,0.06746415889515855,0.9325358411048414
DEAP:S07:T08,DEAP:S07,T08,1,7.0,2,1,3,0,unexposed,stimulus_absolute_context,train,10.0,0.0009912845686788074,0.9990087154313212
DEAP:S07:T10,DEAP:S07,T10,1,7.09,2,1,3,0,unexposed,stimulus_absolute_context,train,10.0,0.10611254545355264,0.8938874545464474
DEAP:S07:T11,DEAP:S07,T11,1,7.03,2,1,3,0,unexposed,stimulus_absolute_context,train,10.0,0.002594886040972466,0.9974051139590275
DEAP:S07:T12,DEAP:S07,T12,1,6.99,2,1,3,0,unexposed,stimulus_absolute_context,train,10.0,0.011813659432761359,0.9881863405672386
DEAP:S07:T18,DEAP:S07,T18,1,7.03,2,1,3,0,unexposed,stimulus_absolute_context,train,10.0,0.16041245855095476,0.8395875414490452
DEAP:S07:T22,DEAP:S07,T22,0,3.05,2,1,3,0,unexposed,stimulus_absolute_context,train,10.0,0.7914947143036972,0.20850528569630283
DEAP:S07:T25,DEAP:S07,T25,0,2.99,2,1,3,0,unexposed,stimulus_absolute_context,train,10.0,0.7182353683902929,0.2817646316097071
DEAP:S07:T29,DEAP:S07,T29,1,7.09,2,1,3,0,unexposed,stimulus_absolute_context,train,10.0,0.2896167488014103,0.7103832511985897
DEAP:S07:T31,DEAP:S07,T31,1,6.96,2,1,3,0,unexposed,stimulus_absolute_context,train,10.0,0.4840476610263629,0.5159523389736371
DEAP:S07:T34,DEAP:S07,T34,0,4.01,2,1,3,0,unexposed,stimulus_absolute_context,train,10.0,0.5253895400800879,0.4746104599199122
DEAP:S08:T01,DEAP:S08,T01,1,7.6,2,1,3,0,unexposed,stimulus_absolute_context,train,10.0,0.043043152033723775,0.9569568479662762
DEAP:S08:T03,DEAP:S08,T03,1,8.15,2,1,3,0,unexposed,stimulus_absolute_context,train,10.0,0.020087444366655993,0.979912555633344
DEAP:S08:T04,DEAP:S08,T04,1,6.82,2,1,3,0,unexposed,stimulus_absolute_context,train,10.0,0.02154054370626657,0.9784594562937334
DEAP:S08:T05,DEAP:S08,T05,0,4.41,2,1,3,0,unexposed,stimulus_absolute_context,train,10.0,0.9313885307124654,0.06861146928753453
DEAP:S08:T08,DEAP:S08,T08,1,8.82,2,1,3,0,unexposed,stimulus_absolute_context,train,10.0,0.002689174916009507,0.9973108250839905
DEAP:S08:T10,DEAP:S08,T10,0,4.97,2,1,3,0,unexposed,stimulus_absolute_context,train,10.0,0.5886312877174817,0.41136871228251826
DEAP:S08:T11,DEAP:S08,T11,1,8.41,2,1,3,0,unexposed,stimulus_absolute_context,train,10.0,0.021612628140388,0.978387371859612
DEAP:S08:T12,DEAP:S08,T12,1,8.47,2,1,3,0,unexposed,stimulus_absolute_context,train,10.0,0.3724697778894136,0.6275302221105864
DEAP:S08:T18,DEAP:S08,T18,1,7.21,2,1,3,0,unexposed,stimulus_absolute_context,train,10.0,0.14808633332746624,0.8519136666725338
DEAP:S08:T22,DEAP:S08,T22,0,4.23,2,1,3,0,unexposed,stimulus_absolute_context,train,10.0,0.8936017211468231,0.10639827885317683
DEAP:S08:T25,DEAP:S08,T25,0,3.72,2,1,3,0,unexposed,stimulus_absolute_context,train,10.0,0.9771391852833521,0.022860814716647967
DEAP:S08:T29,DEAP:S08,T29,0,2.78,2,1,3,0,unexposed,stimulus_absolute_context,train,10.0,0.9265802967804799,0.07341970321952003
DEAP:S08:T31,DEAP:S08,T31,0,1.45,2,1,3,0,unexposed,stimulus_absolute_context,train,10.0,0.9344527610757302,0.06554723892426984
DEAP:S08:T32,DEAP:S08,T32,1,6.33,2,1,3,0,unexposed,stimulus_absolute_context,train,10.0,0.09233368469843362,0.9076663153015664
DEAP:S08:T34,DEAP:S08,T34,1,5.05,2,1,3,0,unexposed,stimulus_absolute_context,train,10.0,0.6094403040163647,0.3905596959836352
DEAP:S09:T01,DEAP:S09,T01,1,5.05,2,1,3,0,unexposed,stimulus_absolute_context,train,10.0,0.008953957936166712,0.9910460420638333
DEAP:S09:T03,DEAP:S09,T03,1,7.08,2,1,3,0,unexposed,stimulus_absolute_context,train,10.0,0.16924817925644542,0.8307518207435546
DEAP:S09:T04,DEAP:S09,T04,1,5.99,2,1,3,0,unexposed,stimulus_absolute_context,train,10.0,0.3301042344205394,0.6698957655794606
DEAP:S09:T05,DEAP:S09,T05,0,4.99,2,1,3,0,unexposed,stimulus_absolute_context,train,10.0,0.5776506101812688,0.4223493898187312
DEAP:S09:T08,DEAP:S09,T08,1,6.15,2,1,3,0,unexposed,stimulus_absolute_context,train,10.0,0.017548287626572456,0.9824517123734275
DEAP:S09:T10,DEAP:S09,T10,0,3.94,2,1,3,0,unexposed,stimulus_absolute_context,train,10.0,0.7272162671994279,0.2727837328005721
DEAP:S09:T11,DEAP:S09,T11,1,7.12,2,1,3,0,unexposed,stimulus_absolute_context,train,10.0,0.009155257619090085,0.9908447423809099
DEAP:S09:T12,DEAP:S09,T12,1,7.08,2,1,3,0,unexposed,stimulus_absolute_context,train,10.0,0.005973982402028066,0.9940260175979719
DEAP:S09:T18,DEAP:S09,T18,0,4.9,2,1,3,0,unexposed,stimulus_absolute_context,train,10.0,0.48869979575927514,0.5113002042407249
DEAP:S09:T22,DEAP:S09,T22,0,3.99,2,1,3,0,unexposed,stimulus_absolute_context,train,10.0,0.5982125545074491,0.40178744549255085
DEAP:S09:T24,DEAP:S09,T24,0,4.03,2,1,3,0,unexposed,stimulus_absolute_context,train,10.0,0.9061105986387314,0.09388940136126858
DEAP:S09:T25,DEAP:S09,T25,1,5.04,2,1,3,0,unexposed,stimulus_absolute_context,train,10.0,0.807002635938016,0.192997364061984
DEAP:S09:T29,DEAP:S09,T29,0,3.99,2,1,3,0,unexposed,stimulus_absolute_context,train,10.0,0.9784054166845751,0.02159458331542483
DEAP:S09:T31,DEAP:S09,T31,1,6.06,2,1,3,0,unexposed,stimulus_absolute_context,train,10.0,0.7493011593013413,0.25069884069865866
DEAP:S09:T32,DEAP:S09,T32,0,3.1,2,1,3,0,unexposed,stimulus_absolute_context,train,10.0,0.7852284631315278,0.2147715368684721
DEAP:S09:T34,DEAP:S09,T34,1,5.06,2,1,3,0,unexposed,stimulus_absolute_context,train,10.0,0.5472560102460602,0.45274398975393976
DEAP:S10:T01,DEAP:S10,T01,1,7.91,2,1,3,0,unexposed,stimulus_absolute_context,train,10.0,0.01349554869828129,0.9865044513017187
DEAP:S10:T03,DEAP:S10,T03,1,5.86,2,1,3,0,unexposed,stimulus_absolute_context,train,10.0,0.021038231990722855,0.9789617680092771
DEAP:S10:T05,DEAP:S10,T05,1,7.24,2,1,3,0,unexposed,stimulus_absolute_context,train,10.0,0.0799571832321998,0.9200428167678002
DEAP:S10:T08,DEAP:S10,T08,1,5.68,2,1,3,0,unexposed,stimulus_absolute_context,train,10.0,0.009708797752077114,0.9902912022479229
DEAP:S10:T10,DEAP:S10,T10,1,5.94,2,1,3,0,unexposed,stimulus_absolute_context,train,10.0,0.2714274746181098,0.7285725253818902
DEAP:S10:T12,DEAP:S10,T12,1,5.37,2,1,3,0,unexposed,stimulus_absolute_context,train,10.0,0.0038443961986933672,0.9961556038013066
DEAP:S10:T18,DEAP:S10,T18,1,7.31,2,1,3,0,unexposed,stimulus_absolute_context,train,10.0,0.0952051421557959,0.9047948578442041
DEAP:S10:T22,DEAP:S10,T22,0,4.24,2,1,3,0,unexposed,stimulus_absolute_context,train,10.0,0.9120080454210214,0.08799195457897854
DEAP:S10:T24,DEAP:S10,T24,1,6.82,2,1,3,0,unexposed,stimulus_absolute_context,train,10.0,0.2101671424630409,0.7898328575369591
DEAP:S10:T25,DEAP:S10,T25,0,1.92,2,1,3,0,unexposed,stimulus_absolute_context,train,10.0,0.8755241756157895,0.12447582438421047
DEAP:S10:T29,DEAP:S10,T29,0,3.94,2,1,3,0,unexposed,stimulus_absolute_context,train,10.0,0.914019600878546,0.08598039912145411
DEAP:S10:T31,DEAP:S10,T31,0,4.15,2,1,3,0,unexposed,stimulus_absolute_context,train,10.0,0.9676643648931172,0.03233563510688273
DEAP:S10:T32,DEAP:S10,T32,1,5.96,2,1,3,0,unexposed,stimulus_absolute_context,train,10.0,0.1888947047144932,0.8111052952855068
DEAP:S10:T34,DEAP:S10,T34,0,3.91,2,1,3,0,unexposed,stimulus_absolute_context,train,10.0,0.8379101809474168,0.16208981905258324
DEAP:S12:T01,DEAP:S12,T01,1,7.09,2,1,3,0,unexposed,stimulus_absolute_context,train,10.0,0.2642272003867103,0.7357727996132897
DEAP:S12:T03,DEAP:S12,T03,1,7.33,2,1,3,0,unexposed,stimulus_absolute_context,train,10.0,0.011488041616132705,0.9885119583838673
DEAP:S12:T04,DEAP:S12,T04,1,6.86,2,1,3,0,unexposed,stimulus_absolute_context,train,10.0,0.0650152643547448,0.9349847356452552
DEAP:S12:T05,DEAP:S12,T05,0,4.01,2,1,3,0,unexposed,stimulus_absolute_context,train,10.0,0.5482521087865243,0.4517478912134757
DEAP:S12:T08,DEAP:S12,T08,1,5.1,2,1,3,0,unexposed,stimulus_absolute_context,train,10.0,0.22714672655215362,0.7728532734478464
DEAP:S12:T10,DEAP:S12,T10,0,4.06,2,1,3,0,unexposed,stimulus_absolute_context,train,10.0,0.8313061077136776,0.16869389228632237
DEAP:S12:T11,DEAP:S12,T11,1,7.78,2,1,3,0,unexposed,stimulus_absolute_context,train,10.0,0.1808801122634227,0.8191198877365773
DEAP:S12:T12,DEAP:S12,T12,1,6.86,2,1,3,0,unexposed,stimulus_absolute_context,train,10.0,0.13137927213259193,0.8686207278674081
DEAP:S12:T18,DEAP:S12,T18,1,7.35,2,1,3,0,unexposed,stimulus_absolute_context,train,10.0,0.16863427254223207,0.8313657274577679
DEAP:S12:T22,DEAP:S12,T22,0,3.33,2,1,3,0,unexposed,stimulus_absolute_context,train,10.0,0.9713156022410702,0.02868439775892979
DEAP:S12:T25,DEAP:S12,T25,0,2.78,2,1,3,0,unexposed,stimulus_absolute_context,train,10.0,0.9184477916317766,0.0815522083682234
DEAP:S12:T29,DEAP:S12,T29,0,1.67,2,1,3,0,unexposed,stimulus_absolute_context,train,10.0,0.979754284918103,0.020245715081896973
DEAP:S12:T31,DEAP:S12,T31,0,3.18,2,1,3,0,unexposed,stimulus_absolute_context,train,10.0,0.9536525544264021,0.0463474455735979
DEAP:S12:T32,DEAP:S12,T32,0,1.86,2,1,3,0,unexposed,stimulus_absolute_context,train,10.0,0.9941140505144249,0.005885949485575088
DEAP:S12:T34,DEAP:S12,T34,0,4.87,2,1,3,0,unexposed,stimulus_absolute_context,train,10.0,0.9941454147849582,0.00585458521504176
DEAP:S13:T01,DEAP:S13,T01,1,6.15,2,1,3,0,unexposed,stimulus_absolute_context,train,10.0,0.3588115707509293,0.6411884292490707
DEAP:S13:T03,DEAP:S13,T03,1,9.0,2,1,3,0,unexposed,stimulus_absolute_context,train,10.0,0.004934900652891705,0.9950650993471083
DEAP:S13:T05,DEAP:S13,T05,1,5.01,2,1,3,0,unexposed,stimulus_absolute_context,train,10.0,0.1381570964364297,0.8618429035635703
DEAP:S13:T08,DEAP:S13,T08,1,7.99,2,1,3,0,unexposed,stimulus_absolute_context,train,10.0,0.048426559854717444,0.9515734401452826
DEAP:S13:T10,DEAP:S13,T10,0,4.01,2,1,3,0,unexposed,stimulus_absolute_context,train,10.0,0.8441552733432722,0.15584472665672772
DEAP:S13:T11,DEAP:S13,T11,1,7.04,2,1,3,0,unexposed,stimulus_absolute_context,train,10.0,0.0006144788164449411,0.9993855211835551
DEAP:S13:T18,DEAP:S13,T18,1,7.94,2,1,3,0,unexposed,stimulus_absolute_context,train,10.0,0.007854322593831564,0.9921456774061684
DEAP:S13:T22,DEAP:S13,T22,0,4.01,2,1,3,0,unexposed,stimulus_absolute_context,train,10.0,0.9655758272055555,0.03442417279444454
DEAP:S13:T24,DEAP:S13,T24,0,2.97,2,1,3,0,unexposed,stimulus_absolute_context,train,10.0,0.9635053248073854,0.03649467519261464
DEAP:S13:T25,DEAP:S13,T25,0,3.97,2,1,3,0,unexposed,stimulus_absolute_context,train,10.0,0.8949579077980778,0.10504209220192218
DEAP:S13:T29,DEAP:S13,T29,0,4.04,2,1,3,0,unexposed,stimulus_absolute_context,train,10.0,0.8362657976144159,0.1637342023855841
DEAP:S13:T31,DEAP:S13,T31,0,1.97,2,1,3,0,unexposed,stimulus_absolute_context,train,10.0,0.9902349326876796,0.00976506731232044
DEAP:S13:T32,DEAP:S13,T32,0,4.05,2,1,3,0,unexposed,stimulus_absolute_context,train,10.0,0.9698763974665086,0.03012360253349142
DEAP:S13:T34,DEAP:S13,T34,0,2.92,2,1,3,0,unexposed,stimulus_absolute_context,train,10.0,0.8783192974470776,0.12168070255292245
DEAP:S14:T01,DEAP:S14,T01,1,8.22,2,1,3,0,unexposed,stimulus_absolute_context,train,10.0,0.17836377772213474,0.8216362222778653
DEAP:S14:T03,DEAP:S14,T03,1,7.5,2,1,3,0,unexposed,stimulus_absolute_context,train,10.0,0.012273876422201568,0.9877261235777984
DEAP:S14:T04,DEAP:S14,T04,1,7.38,2,1,3,0,unexposed,stimulus_absolute_context,train,10.0,0.0766188273093904,0.9233811726906096
DEAP:S14:T05,DEAP:S14,T05,0,3.99,2,1,3,0,unexposed,stimulus_absolute_context,train,10.0,0.8967845932265532,0.10321540677344676
DEAP:S14:T08,DEAP:S14,T08,1,7.0,2,1,3,0,unexposed,stimulus_absolute_context,train,10.0,0.10664670520381803,0.893353294796182
DEAP:S14:T10,DEAP:S14,T10,0,1.88,2,1,3,0,unexposed,stimulus_absolute_context,train,10.0,0.9851628123421732,0.014837187657826873
DEAP:S14:T11,DEAP:S14,T11,1,8.03,2,1,3,0,unexposed,stimulus_absolute_context,train,10.0,0.08862482889199397,0.911375171108006
DEAP:S14:T12,DEAP:S14,T12,1,7.63,2,1,3,0,unexposed,stimulus_absolute_context,train,10.0,0.44694013777161,0.55305986222839
DEAP:S14:T18,DEAP:S14,T18,1,8.09,2,1,3,0,unexposed,stimulus_absolute_context,train,10.0,0.1962399152076162,0.8037600847923838
DEAP:S14:T22,DEAP:S14,T22,0,4.1,2,1,3,0,unexposed,stimulus_absolute_context,train,10.0,0.9252915288006848,0.07470847119931526
DEAP:S14:T24,DEAP:S14,T24,0,2.36,2,1,3,0,unexposed,stimulus_absolute_context,train,10.0,0.986966374785568,0.013033625214431974
DEAP:S14:T25,DEAP:S14,T25,0,3.87,2,1,3,0,unexposed,stimulus_absolute_context,train,10.0,0.6798441555631773,0.3201558444368226
DEAP:S14:T29,DEAP:S14,T29,0,2.92,2,1,3,0,unexposed,stimulus_absolute_context,train,10.0,0.9246577886302259,0.07534221136977409
DEAP:S14:T32,DEAP:S14,T32,0,1.99,2,1,3,0,unexposed,stimulus_absolute_context,train,10.0,0.7845831062701658,0.2154168937298342
DEAP:S15:T01,DEAP:S15,T01,1,8.9,2,1,3,0,unexposed,stimulus_absolute_context,train,10.0,0.034421574006696654,0.9655784259933033
DEAP:S15:T03,DEAP:S15,T03,1,8.04,2,1,3,0,unexposed,stimulus_absolute_context,train,10.0,0.17642567982048984,0.8235743201795102
DEAP:S15:T04,DEAP:S15,T04,1,8.04,2,1,3,0,unexposed,stimulus_absolute_context,train,10.0,0.0030263934086011135,0.9969736065913989
DEAP:S15:T05,DEAP:S15,T05,1,9.0,2,1,3,0,unexposed,stimulus_absolute_context,train,10.0,0.002768460616446311,0.9972315393835537
DEAP:S15:T08,DEAP:S15,T08,1,9.0,2,1,3,0,unexposed,stimulus_absolute_context,train,10.0,0.10394750162939259,0.8960524983706074
DEAP:S15:T10,DEAP:S15,T10,0,4.99,2,1,3,0,unexposed,stimulus_absolute_context,train,10.0,0.9532954397209982,0.04670456027900185
DEAP:S15:T11,DEAP:S15,T11,1,8.99,2,1,3,0,unexposed,stimulus_absolute_context,train,10.0,0.008300447997894422,0.9916995520021056
DEAP:S15:T12,DEAP:S15,T12,1,7.08,2,1,3,0,unexposed,stimulus_absolute_context,train,10.0,0.05819929058901896,0.941800709410981
DEAP:S15:T18,DEAP:S15,T18,1,7.04,2,1,3,0,unexposed,stimulus_absolute_context,train,10.0,0.09843594819199242,0.9015640518080076
DEAP:S15:T22,DEAP:S15,T22,0,4.12,2,1,3,0,unexposed,stimulus_absolute_context,train,10.0,0.9993161730957121,0.0006838269042878792
DEAP:S15:T24,DEAP:S15,T24,0,1.92,2,1,3,0,unexposed,stimulus_absolute_context,train,10.0,0.9972211614249109,0.002778838575089086
DEAP:S15:T25,DEAP:S15,T25,0,2.96,2,1,3,0,unexposed,stimulus_absolute_context,train,10.0,0.9111974401071701,0.08880255989282991
DEAP:S15:T29,DEAP:S15,T29,0,4.05,2,1,3,0,unexposed,stimulus_absolute_context,train,10.0,0.9923348125145406,0.00766518748545939
DEAP:S15:T31,DEAP:S15,T31,0,2.99,2,1,3,0,unexposed,stimulus_absolute_context,train,10.0,0.9572421684922915,0.04275783150770849
DEAP:S15:T32,DEAP:S15,T32,0,3.97,2,1,3,0,unexposed,stimulus_absolute_context,train,10.0,0.8058700017694743,0.19412999823052568
DEAP:S16:T01,DEAP:S16,T01,0,2.51,2,1,3,0,unexposed,stimulus_absolute_context,train,10.0,0.7861073418867602,0.21389265811323974
DEAP:S16:T03,DEAP:S16,T03,1,6.74,2,1,3,0,unexposed,stimulus_absolute_context,train,10.0,0.0009417358693183386,0.9990582641306817
DEAP:S16:T04,DEAP:S16,T04,1,7.09,2,1,3,0,unexposed,stimulus_absolute_context,train,10.0,0.001177057783039337,0.9988229422169607
DEAP:S16:T08,DEAP:S16,T08,0,3.51,2,1,3,0,unexposed,stimulus_absolute_context,train,10.0,0.3926544243913175,0.6073455756086825
DEAP:S16:T10,DEAP:S16,T10,1,5.14,2,1,3,0,unexposed,stimulus_absolute_context,train,10.0,0.44786638618684704,0.552133613813153
DEAP:S16:T11,DEAP:S16,T11,1,7.27,2,1,3,0,unexposed,stimulus_absolute_context,train,10.0,0.09451009908024532,0.9054899009197547
DEAP:S16:T12,DEAP:S16,T12,1,5.97,2,1,3,0,unexposed,stimulus_absolute_context,train,10.0,0.1769327035696614,0.8230672964303386
DEAP:S16:T18,DEAP:S16,T18,1,6.56,2,1,3,0,unexposed,stimulus_absolute_context,train,10.0,0.1833843216683887,0.8166156783316113
DEAP:S16:T22,DEAP:S16,T22,1,6.79,2,1,3,0,unexposed,stimulus_absolute_context,train,10.0,0.44549378555996466,0.5545062144400353
DEAP:S16:T24,DEAP:S16,T24,0,2.51,2,1,3,0,unexposed,stimulus_absolute_context,train,10.0,0.9988205001117417,0.0011794998882582305
DEAP:S16:T25,DEAP:S16,T25,0,2.47,2,1,3,0,unexposed,stimulus_absolute_context,train,10.0,0.9720393977038938,0.02796060229610624
DEAP:S16:T29,DEAP:S16,T29,0,3.23,2,1,3,0,unexposed,stimulus_absolute_context,train,10.0,0.9856224543943798,0.014377545605620188
DEAP:S16:T31,DEAP:S16,T31,0,3.88,2,1,3,0,unexposed,stimulus_absolute_context,train,10.0,0.6214123422061675,0.37858765779383247
DEAP:S16:T32,DEAP:S16,T32,1,5.01,2,1,3,0,unexposed,stimulus_absolute_context,train,10.0,0.2557730340488259,0.7442269659511741
DEAP:S16:T34,DEAP:S16,T34,0,1.0,2,1,3,0,unexposed,stimulus_absolute_context,train,10.0,0.9096970883565747,0.0903029116434253
DEAP:S17:T01,DEAP:S17,T01,0,4.05,2,1,3,0,unexposed,stimulus_absolute_context,train,10.0,0.24186857453252508,0.7581314254674749
DEAP:S17:T03,DEAP:S17,T03,1,6.46,2,1,3,0,unexposed,stimulus_absolute_context,train,10.0,0.00921218416916092,0.9907878158308391
DEAP:S17:T04,DEAP:S17,T04,1,6.35,2,1,3,0,unexposed,stimulus_absolute_context,train,10.0,0.04076099466046168,0.9592390053395383
DEAP:S17:T05,DEAP:S17,T05,1,7.05,2,1,3,0,unexposed,stimulus_absolute_context,train,10.0,0.23265480621297552,0.7673451937870245
DEAP:S17:T08,DEAP:S17,T08,1,6.05,2,1,3,0,unexposed,stimulus_absolute_context,train,10.0,0.010542718530893724,0.9894572814691063
DEAP:S17:T10,DEAP:S17,T10,1,6.09,2,1,3,0,unexposed,stimulus_absolute_context,train,10.0,0.6512768182318804,0.3487231817681195
DEAP:S17:T11,DEAP:S17,T11,1,6.03,2,1,3,0,unexposed,stimulus_absolute_context,train,10.0,0.004819185937337767,0.9951808140626622
DEAP:S17:T12,DEAP:S17,T12,1,5.96,2,1,3,0,unexposed,stimulus_absolute_context,train,10.0,0.0545956739919774,0.9454043260080226
DEAP:S17:T18,DEAP:S17,T18,1,6.22,2,1,3,0,unexposed,stimulus_absolute_context,train,10.0,0.17081545590863212,0.8291845440913679
DEAP:S17:T22,DEAP:S17,T22,0,3.19,2,1,3,0,unexposed,stimulus_absolute_context,train,10.0,0.9511190894010974,0.0488809105989026
DEAP:S17:T24,DEAP:S17,T24,0,4.53,2,1,3,0,unexposed,stimulus_absolute_context,train,10.0,0.7975206285647212,0.2024793714352789
DEAP:S17:T25,DEAP:S17,T25,1,6.18,2,1,3,0,unexposed,stimulus_absolute_context,train,10.0,0.7199222517598247,0.28007774824017523
DEAP:S17:T29,DEAP:S17,T29,1,5.54,2,1,3,0,unexposed,stimulus_absolute_context,train,10.0,0.47744448332144507,0.5225555166785549
DEAP:S17:T31,DEAP:S17,T31,0,4.54,2,1,3,0,unexposed,stimulus_absolute_context,train,10.0,0.7620933527375112,0.2379066472624888
DEAP:S17:T32,DEAP:S17,T32,0,4.04,2,1,3,0,unexposed,stimulus_absolute_context,train,10.0,0.7140481111999537,0.2859518888000463
DEAP:S17:T34,DEAP:S17,T34,0,4.99,2,1,3,0,unexposed,stimulus_absolute_context,train,10.0,0.7553949712910248,0.24460502870897516
DEAP:S18:T01,DEAP:S18,T01,1,6.33,2,1,3,0,unexposed,stimulus_absolute_context,train,10.0,0.0001512584495321212,0.9998487415504679
DEAP:S18:T03,DEAP:S18,T03,1,6.36,2,1,3,0,unexposed,stimulus_absolute_context,train,10.0,0.00020584799521716768,0.9997941520047828
DEAP:S18:T04,DEAP:S18,T04,1,6.65,2,1,3,0,unexposed,stimulus_absolute_context,train,10.0,0.0019054460503391546,0.9980945539496608
DEAP:S18:T05,DEAP:S18,T05,1,6.13,2,1,3,0,unexposed,stimulus_absolute_context,train,10.0,0.013815378682954238,0.9861846213170458
DEAP:S18:T10,DEAP:S18,T10,1,6.09,2,1,3,0,unexposed,stimulus_absolute_context,train,10.0,0.11559854472805087,0.8844014552719491
DEAP:S18:T11,DEAP:S18,T11,1,6.24,2,1,3,0,unexposed,stimulus_absolute_context,train,10.0,0.0004318968876523277,0.9995681031123477
DEAP:S18:T12,DEAP:S18,T12,1,5.55,2,1,3,0,unexposed,stimulus_absolute_context,train,10.0,0.03796709898991146,0.9620329010100885
DEAP:S18:T18,DEAP:S18,T18,1,7.05,2,1,3,0,unexposed,stimulus_absolute_context,train,10.0,0.031049759475104577,0.9689502405248954
DEAP:S18:T22,DEAP:S18,T22,1,5.69,2,1,3,0,unexposed,stimulus_absolute_context,train,10.0,0.5360897986423552,0.46391020135764477
DEAP:S18:T24,DEAP:S18,T24,0,3.22,2,1,3,0,unexposed,stimulus_absolute_context,train,10.0,0.796489984756472,0.20351001524352794
DEAP:S18:T25,DEAP:S18,T25,0,4.23,2,1,3,0,unexposed,stimulus_absolute_context,train,10.0,0.956421133303565,0.04357886669643491
DEAP:S18:T32,DEAP:S18,T32,0,4.62,2,1,3,0,unexposed,stimulus_absolute_context,train,10.0,0.7453745003055636,0.2546254996944364
DEAP:S18:T34,DEAP:S18,T34,0,4.15,2,1,3,0,unexposed,stimulus_absolute_context,train,10.0,0.939187569464085,0.06081243053591495
DEAP:S20:T03,DEAP:S20,T03,1,7.18,2,1,3,0,unexposed,stimulus_absolute_context,train,10.0,0.007368490251138615,0.9926315097488614
DEAP:S20:T04,DEAP:S20,T04,1,7.05,2,1,3,0,unexposed,stimulus_absolute_context,train,10.0,0.003510324891436767,0.9964896751085632
DEAP:S20:T05,DEAP:S20,T05,1,8.82,2,1,3,0,unexposed,stimulus_absolute_context,train,10.0,0.17616508713432966,0.8238349128656703
DEAP:S20:T08,DEAP:S20,T08,1,7.63,2,1,3,0,unexposed,stimulus_absolute_context,train,10.0,0.018622496961621104,0.9813775030383789
DEAP:S20:T10,DEAP:S20,T10,1,5.13,2,1,3,0,unexposed,stimulus_absolute_context,train,10.0,0.3014595287218337,0.6985404712781663
DEAP:S20:T11,DEAP:S20,T11,1,8.18,2,1,3,0,unexposed,stimulus_absolute_context,train,10.0,0.026402236542993007,0.973597763457007
DEAP:S20:T12,DEAP:S20,T12,1,7.64,2,1,3,0,unexposed,stimulus_absolute_context,train,10.0,0.04152422462943273,0.9584757753705673
DEAP:S20:T18,DEAP:S20,T18,1,7.35,2,1,3,0,unexposed,stimulus_absolute_context,train,10.0,0.05831188103723761,0.9416881189627624
DEAP:S20:T22,DEAP:S20,T22,0,4.06,2,1,3,0,unexposed,stimulus_absolute_context,train,10.0,0.8157583190860203,0.1842416809139797
DEAP:S20:T24,DEAP:S20,T24,0,3.0,2,1,3,0,unexposed,stimulus_absolute_context,train,10.0,0.8542490195441597,0.1457509804558403
DEAP:S20:T25,DEAP:S20,T25,0,2.99,2,1,3,0,unexposed,stimulus_absolute_context,train,10.0,0.8549379860811424,0.1450620139188577
DEAP:S20:T29,DEAP:S20,T29,0,2.44,2,1,3,0,unexposed,stimulus_absolute_context,train,10.0,0.7681114147921791,0.23188858520782088
DEAP:S20:T31,DEAP:S20,T31,0,4.46,2,1,3,0,unexposed,stimulus_absolute_context,train,10.0,0.7906849317920526,0.20931506820794746
DEAP:S20:T32,DEAP:S20,T32,1,6.28,2,1,3,0,unexposed,stimulus_absolute_context,train,10.0,0.5736463844039662,0.4263536155960338
DEAP:S20:T34,DEAP:S20,T34,0,4.74,2,1,3,0,unexposed,stimulus_absolute_context,train,10.0,0.9652184325497823,0.03478156745021767
DEAP:S22:T01,DEAP:S22,T01,1,5.05,2,1,3,0,unexposed,stimulus_absolute_context,train,10.0,0.0035692438886136824,0.9964307561113863
DEAP:S22:T03,DEAP:S22,T03,1,7.05,2,1,3,0,unexposed,stimulus_absolute_context,train,10.0,0.06916748828356178,0.9308325117164382
DEAP:S22:T05,DEAP:S22,T05,1,7.1,2,1,3,0,unexposed,stimulus_absolute_context,train,10.0,0.8121889832166929,0.18781101678330717
DEAP:S22:T08,DEAP:S22,T08,1,7.09,2,1,3,0,unexposed,stimulus_absolute_context,train,10.0,0.07128459762198736,0.9287154023780126
DEAP:S22:T10,DEAP:S22,T10,0,4.0,2,1,3,0,unexposed,stimulus_absolute_context,train,10.0,0.9884592035058903,0.011540796494109709
DEAP:S22:T11,DEAP:S22,T11,1,8.05,2,1,3,0,unexposed,stimulus_absolute_context,train,10.0,0.12350184003240094,0.876498159967599
DEAP:S22:T12,DEAP:S22,T12,0,4.99,2,1,3,0,unexposed,stimulus_absolute_context,train,10.0,0.12030054249849353,0.8796994575015065
DEAP:S22:T18,DEAP:S22,T18,1,8.08,2,1,3,0,unexposed,stimulus_absolute_context,train,10.0,0.07750033707547999,0.92249966292452
DEAP:S22:T22,DEAP:S22,T22,0,4.05,2,1,3,0,unexposed,stimulus_absolute_context,train,10.0,0.5601790296895115,0.4398209703104885
DEAP:S22:T24,DEAP:S22,T24,0,1.96,2,1,3,0,unexposed,stimulus_absolute_context,train,10.0,0.9621232981944762,0.037876701805523785
DEAP:S22:T25,DEAP:S22,T25,0,2.95,2,1,3,0,unexposed,stimulus_absolute_context,train,10.0,0.9537238159073177,0.04627618409268228
DEAP:S22:T29,DEAP:S22,T29,0,2.0,2,1,3,0,unexposed,stimulus_absolute_context,train,10.0,0.9984065707009225,0.0015934292990774906
DEAP:S22:T31,DEAP:S22,T31,0,2.01,2,1,3,0,unexposed,stimulus_absolute_context,train,10.0,0.9923024160721903,0.007697583927809691
DEAP:S22:T32,DEAP:S22,T32,0,1.99,2,1,3,0,unexposed,stimulus_absolute_context,train,10.0,0.9856032221442023,0.014396777855797694
DEAP:S22:T34,DEAP:S22,T34,1,5.04,2,1,3,0,unexposed,stimulus_absolute_context,train,10.0,0.8208516715978915,0.17914832840210843
DEAP:S23:T03,DEAP:S23,T03,1,7.09,2,1,3,0,unexposed,stimulus_absolute_context,train,10.0,0.008955247047748527,0.9910447529522515
DEAP:S23:T04,DEAP:S23,T04,1,8.21,2,1,3,0,unexposed,stimulus_absolute_context,train,10.0,0.008242374989391399,0.9917576250106086
DEAP:S23:T08,DEAP:S23,T08,1,7.23,2,1,3,0,unexposed,stimulus_absolute_context,train,10.0,0.002884719022292148,0.9971152809777079
DEAP:S23:T10,DEAP:S23,T10,1,5.01,2,1,3,0,unexposed,stimulus_absolute_context,train,10.0,0.11733766060401107,0.8826623393959889
DEAP:S23:T12,DEAP:S23,T12,1,7.0,2,1,3,0,unexposed,stimulus_absolute_context,train,10.0,0.07955936581197187,0.9204406341880281
DEAP:S23:T18,DEAP:S23,T18,1,7.12,2,1,3,0,unexposed,stimulus_absolute_context,train,10.0,0.0024533531585169133,0.9975466468414831
DEAP:S23:T22,DEAP:S23,T22,0,2.97,2,1,3,0,unexposed,stimulus_absolute_context,train,10.0,0.8333296493618942,0.1666703506381057
DEAP:S23:T24,DEAP:S23,T24,1,6.53,2,1,3,0,unexposed,stimulus_absolute_context,train,10.0,0.32574527233381945,0.6742547276661806
DEAP:S23:T25,DEAP:S23,T25,0,4.97,2,1,3,0,unexposed,stimulus_absolute_context,train,10.0,0.6916704688523491,0.30832953114765094
DEAP:S23:T29,DEAP:S23,T29,0,3.72,2,1,3,0,unexposed,stimulus_absolute_context,train,10.0,0.8221657286971742,0.17783427130282584
DEAP:S23:T31,DEAP:S23,T31,0,4.86,2,1,3,0,unexposed,stimulus_absolute_context,train,10.0,0.8743274156209218,0.1256725843790783
DEAP:S23:T32,DEAP:S23,T32,1,7.97,2,1,3,0,unexposed,stimulus_absolute_context,train,10.0,0.09782659891937218,0.9021734010806278
DEAP:S23:T34,DEAP:S23,T34,1,6.72,2,1,3,0,unexposed,stimulus_absolute_context,train,10.0,0.43583610865956834,0.5641638913404317
DEAP:S24:T03,DEAP:S24,T03,1,8.96,2,1,3,0,unexposed,stimulus_absolute_context,train,10.0,0.037697738763489363,0.9623022612365106
DEAP:S24:T05,DEAP:S24,T05,1,7.06,2,1,3,0,unexposed,stimulus_absolute_context,train,10.0,0.30900301028764743,0.6909969897123526
DEAP:S24:T08,DEAP:S24,T08,1,7.03,2,1,3,0,unexposed,stimulus_absolute_context,train,10.0,0.02822716204088649,0.9717728379591135
DEAP:S24:T10,DEAP:S24,T10,1,5.01,2,1,3,0,unexposed,stimulus_absolute_context,train,10.0,0.49105524411433366,0.5089447558856663
DEAP:S24:T11,DEAP:S24,T11,1,7.03,2,1,3,0,unexposed,stimulus_absolute_context,train,10.0,0.07193457840834883,0.9280654215916512
DEAP:S24:T12,DEAP:S24,T12,1,7.04,2,1,3,0,unexposed,stimulus_absolute_context,train,10.0,0.08096627313046612,0.9190337268695339
DEAP:S24:T22,DEAP:S24,T22,0,3.03,2,1,3,0,unexposed,stimulus_absolute_context,train,10.0,0.5487207416482148,0.4512792583517852
DEAP:S24:T24,DEAP:S24,T24,0,2.99,2,1,3,0,unexposed,stimulus_absolute_context,train,10.0,0.8996337286049575,0.10036627139504252
DEAP:S24:T25,DEAP:S24,T25,0,3.12,2,1,3,0,unexposed,stimulus_absolute_context,train,10.0,0.9075517861609264,0.09244821383907365
DEAP:S24:T29,DEAP:S24,T29,0,3.97,2,1,3,0,unexposed,stimulus_absolute_context,train,10.0,0.9409235185787609,0.0590764814212391
DEAP:S24:T31,DEAP:S24,T31,0,2.94,2,1,3,0,unexposed,stimulus_absolute_context,train,10.0,0.9599287635938889,0.04007123640611111
DEAP:S24:T32,DEAP:S24,T32,0,3.0,2,1,3,0,unexposed,stimulus_absolute_context,train,10.0,0.9724885986915208,0.02751140130847915
DEAP:S24:T34,DEAP:S24,T34,0,4.05,2,1,3,0,unexposed,stimulus_absolute_context,train,10.0,0.9681093240049111,0.03189067599508889
DEAP:S26:T01,DEAP:S26,T01,1,7.97,2,1,3,0,unexposed,stimulus_absolute_context,train,10.0,0.011064139298791908,0.9889358607012081
DEAP:S26:T03,DEAP:S26,T03,1,9.0,2,1,3,0,unexposed,stimulus_absolute_context,train,10.0,0.010748146026402394,0.9892518539735976
DEAP:S26:T04,DEAP:S26,T04,1,8.03,2,1,3,0,unexposed,stimulus_absolute_context,train,10.0,0.016170196423079264,0.9838298035769207
DEAP:S26:T05,DEAP:S26,T05,0,4.0,2,1,3,0,unexposed,stimulus_absolute_context,train,10.0,0.33664168713652265,0.6633583128634774
DEAP:S26:T08,DEAP:S26,T08,1,8.01,2,1,3,0,unexposed,stimulus_absolute_context,train,10.0,0.024050507435120272,0.9759494925648797
DEAP:S26:T10,DEAP:S26,T10,0,3.08,2,1,3,0,unexposed,stimulus_absolute_context,train,10.0,0.8700179715991878,0.12998202840081224
DEAP:S26:T11,DEAP:S26,T11,1,8.04,2,1,3,0,unexposed,stimulus_absolute_context,train,10.0,0.06278967383701584,0.9372103261629842
DEAP:S26:T12,DEAP:S26,T12,1,7.04,2,1,3,0,unexposed,stimulus_absolute_context,train,10.0,0.06863262749847576,0.9313673725015242
DEAP:S26:T18,DEAP:S26,T18,1,9.0,2,1,3,0,unexposed,stimulus_absolute_context,train,10.0,0.014777107957478663,0.9852228920425213
DEAP:S26:T22,DEAP:S26,T22,1,6.97,2,1,3,0,unexposed,stimulus_absolute_context,train,10.0,0.5228537094443819,0.4771462905556181
DEAP:S26:T24,DEAP:S26,T24,1,9.0,2,1,3,0,unexposed,stimulus_absolute_context,train,10.0,0.5387363211022718,0.4612636788977283
DEAP:S26:T25,DEAP:S26,T25,1,7.14,2,1,3,0,unexposed,stimulus_absolute_context,train,10.0,0.4299397573221565,0.5700602426778435
DEAP:S26:T29,DEAP:S26,T29,1,6.09,2,1,3,0,unexposed,stimulus_absolute_context,train,10.0,0.7533476275305354,0.24665237246946461
DEAP:S26:T31,DEAP:S26,T31,0,1.97,2,1,3,0,unexposed,stimulus_absolute_context,train,10.0,0.9249121725796957,0.07508782742030425
DEAP:S26:T32,DEAP:S26,T32,0,1.96,2,1,3,0,unexposed,stimulus_absolute_context,train,10.0,0.24313068178900155,0.7568693182109985
DEAP:S26:T34,DEAP:S26,T34,0,1.0,2,1,3,0,unexposed,stimulus_absolute_context,train,10.0,0.8058252723027787,0.19417472769722133
DEAP:S28:T01,DEAP:S28,T01,1,7.03,2,1,3,0,unexposed,stimulus_absolute_context,train,10.0,0.004096218425661435,0.9959037815743386
DEAP:S28:T04,DEAP:S28,T04,1,8.08,2,1,3,0,unexposed,stimulus_absolute_context,train,10.0,0.01488179555234459,0.9851182044476554
DEAP:S28:T05,DEAP:S28,T05,1,7.04,2,1,3,0,unexposed,stimulus_absolute_context,train,10.0,0.018161387650582395,0.9818386123494176
DEAP:S28:T08,DEAP:S28,T08,1,7.01,2,1,3,0,unexposed,stimulus_absolute_context,train,10.0,0.027090694181357344,0.9729093058186427
DEAP:S28:T10,DEAP:S28,T10,1,7.99,2,1,3,0,unexposed,stimulus_absolute_context,train,10.0,0.49555914679564617,0.5044408532043538
DEAP:S28:T11,DEAP:S28,T11,1,7.01,2,1,3,0,unexposed,stimulus_absolute_context,train,10.0,0.015346565062880235,0.9846534349371198
DEAP:S28:T12,DEAP:S28,T12,1,6.06,2,1,3,0,unexposed,stimulus_absolute_context,train,10.0,0.056651052122764334,0.9433489478772357
DEAP:S28:T18,DEAP:S28,T18,1,8.08,2,1,3,0,unexposed,stimulus_absolute_context,train,10.0,0.0024888872997151923,0.9975111127002848
DEAP:S28:T22,DEAP:S28,T22,1,5.03,2,1,3,0,unexposed,stimulus_absolute_context,train,10.0,0.801504924317377,0.198495075682623
DEAP:S28:T24,DEAP:S28,T24,0,4.04,2,1,3,0,unexposed,stimulus_absolute_context,train,10.0,0.6393965156334909,0.36060348436650913
DEAP:S28:T25,DEAP:S28,T25,0,4.06,2,1,3,0,unexposed,stimulus_absolute_context,train,10.0,0.6177801345380076,0.3822198654619923
DEAP:S28:T29,DEAP:S28,T29,0,2.06,2,1,3,0,unexposed,stimulus_absolute_context,train,10.0,0.566440751026938,0.433559248973062
DEAP:S28:T31,DEAP:S28,T31,1,6.91,2,1,3,0,unexposed,stimulus_absolute_context,train,10.0,0.5014337563319746,0.4985662436680253
DEAP:S28:T32,DEAP:S28,T32,0,3.05,2,1,3,0,unexposed,stimulus_absolute_context,train,10.0,0.6894857078011011,0.3105142921988989
DEAP:S29:T01,DEAP:S29,T01,1,6.06,2,1,3,0,unexposed,stimulus_absolute_context,train,10.0,0.20641876804407533,0.7935812319559247
DEAP:S29:T03,DEAP:S29,T03,1,9.0,2,1,3,0,unexposed,stimulus_absolute_context,train,10.0,0.0008200995462230853,0.9991799004537769
DEAP:S29:T04,DEAP:S29,T04,1,7.17,2,1,3,0,unexposed,stimulus_absolute_context,train,10.0,0.00970500385951556,0.9902949961404844
DEAP:S29:T05,DEAP:S29,T05,1,6.05,2,1,3,0,unexposed,stimulus_absolute_context,train,10.0,0.28997751417412354,0.7100224858258765
DEAP:S29:T08,DEAP:S29,T08,1,7.04,2,1,3,0,unexposed,stimulus_absolute_context,train,10.0,0.00881863595784893,0.9911813640421511
DEAP:S29:T10,DEAP:S29,T10,1,7.01,2,1,3,0,unexposed,stimulus_absolute_context,train,10.0,0.24429286566130815,0.7557071343386919
DEAP:S29:T11,DEAP:S29,T11,1,8.03,2,1,3,0,unexposed,stimulus_absolute_context,train,10.0,0.01845996765964053,0.9815400323403595
DEAP:S29:T12,DEAP:S29,T12,1,6.04,2,1,3,0,unexposed,stimulus_absolute_context,train,10.0,0.024098877545355446,0.9759011224546446
DEAP:S29:T18,DEAP:S29,T18,1,7.01,2,1,3,0,unexposed,stimulus_absolute_context,train,10.0,0.09287364518203822,0.9071263548179618
DEAP:S29:T22,DEAP:S29,T22,0,3.05,2,1,3,0,unexposed,stimulus_absolute_context,train,10.0,0.8376756967422597,0.16232430325774028
DEAP:S29:T24,DEAP:S29,T24,0,4.12,2,1,3,0,unexposed,stimulus_absolute_context,train,10.0,0.9587101128923871,0.04128988710761292
DEAP:S29:T25,DEAP:S29,T25,0,3.03,2,1,3,0,unexposed,stimulus_absolute_context,train,10.0,0.8226083724613854,0.1773916275386146
DEAP:S29:T31,DEAP:S29,T31,0,1.0,2,1,3,0,unexposed,stimulus_absolute_context,train,10.0,0.7720248500981972,0.22797514990180284
DEAP:S29:T32,DEAP:S29,T32,0,4.04,2,1,3,0,unexposed,stimulus_absolute_context,train,10.0,0.9626934023338312,0.0373065976661688
DEAP:S31:T01,DEAP:S31,T01,1,6.79,2,1,3,0,unexposed,stimulus_absolute_context,train,10.0,0.007063376161887125,0.9929366238381129
DEAP:S31:T04,DEAP:S31,T04,1,6.97,2,1,3,0,unexposed,stimulus_absolute_context,train,10.0,0.016738297841190963,0.983261702158809
DEAP:S31:T05,DEAP:S31,T05,1,6.22,2,1,3,0,unexposed,stimulus_absolute_context,train,10.0,0.2565264522080932,0.7434735477919068
DEAP:S31:T10,DEAP:S31,T10,0,4.01,2,1,3,0,unexposed,stimulus_absolute_context,train,10.0,0.8304990497020511,0.16950095029794887
DEAP:S31:T11,DEAP:S31,T11,1,9.0,2,1,3,0,unexposed,stimulus_absolute_context,train,10.0,0.0027188364569654677,0.9972811635430345
DEAP:S31:T12,DEAP:S31,T12,1,7.14,2,1,3,0,unexposed,stimulus_absolute_context,train,10.0,0.009277774557185925,0.9907222254428141
DEAP:S31:T18,DEAP:S31,T18,1,7.06,2,1,3,0,unexposed,stimulus_absolute_context,train,10.0,0.055962376671279346,0.9440376233287207
DEAP:S31:T22,DEAP:S31,T22,1,5.04,2,1,3,0,unexposed,stimulus_absolute_context,train,10.0,0.5673372409632615,0.43266275903673845
DEAP:S31:T25,DEAP:S31,T25,1,6.14,2,1,3,0,unexposed,stimulus_absolute_context,train,10.0,0.12120073465213088,0.8787992653478691
DEAP:S31:T29,DEAP:S31,T29,1,5.09,2,1,3,0,unexposed,stimulus_absolute_context,train,10.0,0.5318468181024656,0.4681531818975344
DEAP:S31:T32,DEAP:S31,T32,0,1.0,2,1,3,0,unexposed,stimulus_absolute_context,train,10.0,0.7327719617948478,0.2672280382051522
DEAP:S31:T34,DEAP:S31,T34,0,1.95,2,1,3,0,unexposed,stimulus_absolute_context,train,10.0,0.6062460823177483,0.39375391768225165
DEAP:S32:T01,DEAP:S32,T01,1,8.13,2,1,3,0,unexposed,stimulus_absolute_context,train,10.0,0.15021393836052943,0.8497860616394706
DEAP:S32:T03,DEAP:S32,T03,1,8.05,2,1,3,0,unexposed,stimulus_absolute_context,train,10.0,0.01091916208959387,0.9890808379104061
DEAP:S32:T04,DEAP:S32,T04,1,6.96,2,1,3,0,unexposed,stimulus_absolute_context,train,10.0,0.0214480088542367,0.9785519911457633
DEAP:S32:T05,DEAP:S32,T05,1,7.15,2,1,3,0,unexposed,stimulus_absolute_context,train,10.0,0.5955154911868707,0.4044845088131293
DEAP:S32:T08,DEAP:S32,T08,1,7.96,2,1,3,0,unexposed,stimulus_absolute_context,train,10.0,0.06217622662199074,0.9378237733780093
DEAP:S32:T10,DEAP:S32,T10,0,4.08,2,1,3,0,unexposed,stimulus_absolute_context,train,10.0,0.9516378184428956,0.04836218155710441
DEAP:S32:T11,DEAP:S32,T11,1,8.24,2,1,3,0,unexposed,stimulus_absolute_context,train,10.0,0.13393631026219277,0.8660636897378072
DEAP:S32:T12,DEAP:S32,T12,1,7.31,2,1,3,0,unexposed,stimulus_absolute_context,train,10.0,0.05946676159508235,0.9405332384049176
DEAP:S32:T18,DEAP:S32,T18,1,8.03,2,1,3,0,unexposed,stimulus_absolute_context,train,10.0,0.11780124796857272,0.8821987520314273
DEAP:S32:T22,DEAP:S32,T22,0,4.15,2,1,3,0,unexposed,stimulus_absolute_context,train,10.0,0.9034266637825248,0.09657333621747517
DEAP:S32:T24,DEAP:S32,T24,0,1.0,2,1,3,0,unexposed,stimulus_absolute_context,train,10.0,0.7696093521934171,0.23039064780658294
DEAP:S32:T25,DEAP:S32,T25,0,4.01,2,1,3,0,unexposed,stimulus_absolute_context,train,10.0,0.9410256970616792,0.05897430293832088
DEAP:S32:T29,DEAP:S32,T29,0,4.09,2,1,3,0,unexposed,stimulus_absolute_context,train,10.0,0.923377225780239,0.07662277421976109
DEAP:S32:T31,DEAP:S32,T31,0,4.17,2,1,3,0,unexposed,stimulus_absolute_context,train,10.0,0.8889313103046147,0.11106868969538532
DEAP:S32:T32,DEAP:S32,T32,0,3.87,2,1,3,0,unexposed,stimulus_absolute_context,train,10.0,0.8941611286417225,0.10583887135827749
DEAP:S32:T34,DEAP:S32,T34,0,4.05,2,1,3,0,unexposed,stimulus_absolute_context,train,10.0,0.9209404339301868,0.07905956606981325
DEAP:S11:T02,DEAP:S11,T02,1,5.67,2,1,3,0,unexposed,stimulus_absolute_context,validation_unseen,10.0,0.014025529470316211,0.9859744705296838
DEAP:S11:T19,DEAP:S11,T19,1,5.54,2,1,3,0,unexposed,stimulus_absolute_context,validation_unseen,10.0,0.014011589558288073,0.9859884104417119
DEAP:S11:T23,DEAP:S11,T23,0,3.72,2,1,3,0,unexposed,stimulus_absolute_context,validation_unseen,10.0,0.017359536994101643,0.9826404630058984
DEAP:S11:T26,DEAP:S11,T26,1,5.49,2,1,3,0,unexposed,stimulus_absolute_context,validation_unseen,10.0,0.038078316900169495,0.9619216830998305
DEAP:S11:T28,DEAP:S11,T28,0,4.26,2,1,3,0,unexposed,stimulus_absolute_context,validation_unseen,10.0,0.024793274487201367,0.9752067255127986
DEAP:S11:T30,DEAP:S11,T30,0,4.58,2,1,3,0,unexposed,stimulus_absolute_context,validation_unseen,10.0,0.02031892267626534,0.9796810773237347
DEAP:S11:T33,DEAP:S11,T33,1,5.64,2,1,3,0,unexposed,stimulus_absolute_context,validation_unseen,10.0,0.01962208142592403,0.980377918574076
DEAP:S11:T39,DEAP:S11,T39,0,1.0,2,1,3,0,unexposed,stimulus_absolute_context,validation_unseen,10.0,0.08611305781650103,0.913886942183499
DEAP:S21:T02,DEAP:S21,T02,1,7.05,2,1,3,0,unexposed,stimulus_absolute_context,validation_unseen,10.0,0.9753883115740721,0.024611688425927827
DEAP:S21:T19,DEAP:S21,T19,1,7.26,2,1,3,0,unexposed,stimulus_absolute_context,validation_unseen,10.0,0.9998098896739568,0.00019011032604321026
DEAP:S21:T23,DEAP:S21,T23,0,4.69,2,1,3,0,unexposed,stimulus_absolute_context,validation_unseen,10.0,0.8457322843066796,0.1542677156933204
DEAP:S21:T26,DEAP:S21,T26,0,4.06,2,1,3,0,unexposed,stimulus_absolute_context,validation_unseen,10.0,0.9335683453530872,0.06643165464691285
DEAP:S21:T28,DEAP:S21,T28,0,3.04,2,1,3,0,unexposed,stimulus_absolute_context,validation_unseen,10.0,0.7977983378430784,0.20220166215692165
DEAP:S21:T30,DEAP:S21,T30,0,3.45,2,1,3,0,unexposed,stimulus_absolute_context,validation_unseen,10.0,0.8343632050951142,0.16563679490488575
DEAP:S21:T33,DEAP:S21,T33,1,7.03,2,1,3,0,unexposed,stimulus_absolute_context,validation_unseen,10.0,0.8932381963308259,0.10676180366917407
DEAP:S21:T39,DEAP:S21,T39,1,6.09,2,1,3,0,unexposed,stimulus_absolute_context,validation_unseen,10.0,0.9042641653534942,0.09573583464650577
DEAP:S25:T02,DEAP:S25,T02,0,2.99,2,1,3,0,unexposed,stimulus_absolute_context,validation_unseen,10.0,0.29440892698139065,0.7055910730186093
DEAP:S25:T19,DEAP:S25,T19,1,7.06,2,1,3,0,unexposed,stimulus_absolute_context,validation_unseen,10.0,0.27669864596270377,0.7233013540372962
DEAP:S25:T23,DEAP:S25,T23,0,2.01,2,1,3,0,unexposed,stimulus_absolute_context,validation_unseen,10.0,0.5089271098874579,0.49107289011254207
DEAP:S25:T26,DEAP:S25,T26,0,4.99,2,1,3,0,unexposed,stimulus_absolute_context,validation_unseen,10.0,0.16133867012435643,0.8386613298756436
DEAP:S25:T28,DEAP:S25,T28,1,5.01,2,1,3,0,unexposed,stimulus_absolute_context,validation_unseen,10.0,0.385319170197969,0.614680829802031
DEAP:S25:T30,DEAP:S25,T30,0,4.03,2,1,3,0,unexposed,stimulus_absolute_context,validation_unseen,10.0,0.43423304455960143,0.5657669554403986
DEAP:S25:T33,DEAP:S25,T33,0,1.94,2,1,3,0,unexposed,stimulus_absolute_context,validation_unseen,10.0,0.3586593767705968,0.6413406232294032
DEAP:S25:T39,DEAP:S25,T39,0,1.0,2,1,3,0,unexposed,stimulus_absolute_context,validation_unseen,10.0,0.20885014581757821,0.7911498541824218
DEAP:S30:T02,DEAP:S30,T02,1,7.15,2,1,3,0,unexposed,stimulus_absolute_context,validation_unseen,10.0,0.0017018472728906886,0.9982981527271093
DEAP:S30:T19,DEAP:S30,T19,1,8.27,2,1,3,0,unexposed,stimulus_absolute_context,validation_unseen,10.0,0.005904838062618767,0.9940951619373812
DEAP:S30:T23,DEAP:S30,T23,0,3.0,2,1,3,0,unexposed,stimulus_absolute_context,validation_unseen,10.0,0.010404961680043567,0.9895950383199564
DEAP:S30:T26,DEAP:S30,T26,1,5.01,2,1,3,0,unexposed,stimulus_absolute_context,validation_unseen,10.0,0.01366497706630776,0.9863350229336922
DEAP:S30:T28,DEAP:S30,T28,1,5.06,2,1,3,0,unexposed,stimulus_absolute_context,validation_unseen,10.0,0.07479975781569137,0.9252002421843086
DEAP:S30:T30,DEAP:S30,T30,0,4.04,2,1,3,0,unexposed,stimulus_absolute_context,validation_unseen,10.0,0.00018525269894265062,0.9998147473010573
DEAP:S30:T33,DEAP:S30,T33,0,3.91,2,1,3,0,unexposed,stimulus_absolute_context,validation_unseen,10.0,0.0015962687066166659,0.9984037312933833
DEAP:S30:T39,DEAP:S30,T39,0,2.97,2,1,3,0,unexposed,stimulus_absolute_context,validation_unseen,10.0,0.006394151531014081,0.9936058484689859
DEAP:S11:T01,DEAP:S11,T01,1,6.27,2,1,3,0,unexposed,stimulus_absolute_context,validation_familiar,10.0,0.004643420811873966,0.995356579188126
DEAP:S11:T03,DEAP:S11,T03,1,7.41,2,1,3,0,unexposed,stimulus_absolute_context,validation_familiar,10.0,0.00010677998216657159,0.9998932200178334
DEAP:S11:T04,DEAP:S11,T04,1,7.65,2,1,3,0,unexposed,stimulus_absolute_context,validation_familiar,10.0,0.003166231031669575,0.9968337689683304
DEAP:S11:T05,DEAP:S11,T05,1,7.41,2,1,3,0,unexposed,stimulus_absolute_context,validation_familiar,10.0,0.02949099320073445,0.9705090067992656
DEAP:S11:T08,DEAP:S11,T08,1,6.26,2,1,3,0,unexposed,stimulus_absolute_context,validation_familiar,10.0,0.0017323786327767543,0.9982676213672232
DEAP:S11:T10,DEAP:S11,T10,1,6.53,2,1,3,0,unexposed,stimulus_absolute_context,validation_familiar,10.0,0.03113274595411397,0.968867254045886
DEAP:S11:T11,DEAP:S11,T11,1,7.32,2,1,3,0,unexposed,stimulus_absolute_context,validation_familiar,10.0,0.0005667688949576588,0.9994332311050423
DEAP:S11:T12,DEAP:S11,T12,1,5.04,2,1,3,0,unexposed,stimulus_absolute_context,validation_familiar,10.0,0.0023907943007942523,0.9976092056992057
DEAP:S11:T18,DEAP:S11,T18,1,7.95,2,1,3,0,unexposed,stimulus_absolute_context,validation_familiar,10.0,0.0006361877153719941,0.999363812284628
DEAP:S11:T22,DEAP:S11,T22,1,6.15,2,1,3,0,unexposed,stimulus_absolute_context,validation_familiar,10.0,0.0771221228344191,0.9228778771655809
DEAP:S11:T24,DEAP:S11,T24,0,2.88,2,1,3,0,unexposed,stimulus_absolute_context,validation_familiar,10.0,0.08509157693974001,0.91490842306026
DEAP:S11:T25,DEAP:S11,T25,1,5.01,2,1,3,0,unexposed,stimulus_absolute_context,validation_familiar,10.0,0.051716948598907964,0.948283051401092
DEAP:S11:T29,DEAP:S11,T29,0,2.32,2,1,3,0,unexposed,stimulus_absolute_context,validation_familiar,10.0,0.10705906677082755,0.8929409332291725
DEAP:S11:T31,DEAP:S11,T31,0,1.83,2,1,3,0,unexposed,stimulus_absolute_context,validation_familiar,10.0,0.3053063914857461,0.6946936085142539
DEAP:S11:T32,DEAP:S11,T32,1,5.01,2,1,3,0,unexposed,stimulus_absolute_context,validation_familiar,10.0,0.2166400006219289,0.7833599993780711
DEAP:S11:T34,DEAP:S11,T34,0,4.88,2,1,3,0,unexposed,stimulus_absolute_context,validation_familiar,10.0,0.18792313032251828,0.8120768696774817
DEAP:S21:T01,DEAP:S21,T01,1,6.42,2,1,3,0,unexposed,stimulus_absolute_context,validation_familiar,10.0,0.9085023831783005,0.09149761682169959
DEAP:S21:T03,DEAP:S21,T03,0,4.83,2,1,3,0,unexposed,stimulus_absolute_context,validation_familiar,10.0,0.6611130179545925,0.3388869820454074
DEAP:S21:T04,DEAP:S21,T04,1,5.05,2,1,3,0,unexposed,stimulus_absolute_context,validation_familiar,10.0,0.5111984567759661,0.4888015432240339
DEAP:S21:T05,DEAP:S21,T05,1,8.09,2,1,3,0,unexposed,stimulus_absolute_context,validation_familiar,10.0,0.654517048365674,0.34548295163432596
DEAP:S21:T08,DEAP:S21,T08,1,8.81,2,1,3,0,unexposed,stimulus_absolute_context,validation_familiar,10.0,0.76677495491613,0.23322504508386996
DEAP:S21:T10,DEAP:S21,T10,1,7.05,2,1,3,0,unexposed,stimulus_absolute_context,validation_familiar,10.0,0.9732487109041188,0.026751289095881238
DEAP:S21:T11,DEAP:S21,T11,1,7.05,2,1,3,0,unexposed,stimulus_absolute_context,validation_familiar,10.0,0.14388195421508687,0.8561180457849131
DEAP:S21:T12,DEAP:S21,T12,0,4.63,2,1,3,0,unexposed,stimulus_absolute_context,validation_familiar,10.0,0.28732433349578224,0.7126756665042178
DEAP:S21:T18,DEAP:S21,T18,1,7.99,2,1,3,0,unexposed,stimulus_absolute_context,validation_familiar,10.0,0.3659190232388564,0.6340809767611436
DEAP:S21:T22,DEAP:S21,T22,0,2.09,2,1,3,0,unexposed,stimulus_absolute_context,validation_familiar,10.0,0.993288990280408,0.006711009719592016
DEAP:S21:T24,DEAP:S21,T24,0,2.99,2,1,3,0,unexposed,stimulus_absolute_context,validation_familiar,10.0,0.9862926656903049,0.013707334309695035
DEAP:S21:T25,DEAP:S21,T25,0,3.97,2,1,3,0,unexposed,stimulus_absolute_context,validation_familiar,10.0,0.9753626462566557,0.02463735374334428
DEAP:S21:T29,DEAP:S21,T29,0,3.01,2,1,3,0,unexposed,stimulus_absolute_context,validation_familiar,10.0,0.9900679053489244,0.009932094651075541
DEAP:S21:T31,DEAP:S21,T31,1,5.04,2,1,3,0,unexposed,stimulus_absolute_context,validation_familiar,10.0,0.5216651224323352,0.47833487756766474
DEAP:S21:T32,DEAP:S21,T32,1,6.27,2,1,3,0,unexposed,stimulus_absolute_context,validation_familiar,10.0,0.9519327332085092,0.04806726679149072
DEAP:S21:T34,DEAP:S21,T34,0,4.06,2,1,3,0,unexposed,stimulus_absolute_context,validation_familiar,10.0,0.9970628615772784,0.0029371384227216105
DEAP:S25:T01,DEAP:S25,T01,1,8.06,2,1,3,0,unexposed,stimulus_absolute_context,validation_familiar,10.0,0.08871760050629418,0.9112823994937058
DEAP:S25:T03,DEAP:S25,T03,1,7.12,2,1,3,0,unexposed,stimulus_absolute_context,validation_familiar,10.0,0.00046665462088246734,0.9995333453791175
DEAP:S25:T05,DEAP:S25,T05,1,5.04,2,1,3,0,unexposed,stimulus_absolute_context,validation_familiar,10.0,0.26228910774946557,0.7377108922505344
DEAP:S25:T08,DEAP:S25,T08,1,8.04,2,1,3,0,unexposed,stimulus_absolute_context,validation_familiar,10.0,0.03141911945584963,0.9685808805441504
DEAP:S25:T10,DEAP:S25,T10,0,1.0,2,1,3,0,unexposed,stimulus_absolute_context,validation_familiar,10.0,0.16825421635750948,0.8317457836424905
DEAP:S25:T11,DEAP:S25,T11,1,9.0,2,1,3,0,unexposed,stimulus_absolute_context,validation_familiar,10.0,0.003859884997061469,0.9961401150029385
DEAP:S25:T12,DEAP:S25,T12,1,8.04,2,1,3,0,unexposed,stimulus_absolute_context,validation_familiar,10.0,0.01606922524899379,0.9839307747510062
DEAP:S25:T18,DEAP:S25,T18,0,3.04,2,1,3,0,unexposed,stimulus_absolute_context,validation_familiar,10.0,0.013618436831543845,0.9863815631684562
DEAP:S25:T22,DEAP:S25,T22,1,8.03,2,1,3,0,unexposed,stimulus_absolute_context,validation_familiar,10.0,0.5184789434568983,0.48152105654310173
DEAP:S25:T24,DEAP:S25,T24,0,3.05,2,1,3,0,unexposed,stimulus_absolute_context,validation_familiar,10.0,0.5318369155121572,0.4681630844878429
DEAP:S25:T25,DEAP:S25,T25,0,4.96,2,1,3,0,unexposed,stimulus_absolute_context,validation_familiar,10.0,0.7360547217639588,0.26394527823604114
DEAP:S25:T29,DEAP:S25,T29,0,1.0,2,1,3,0,unexposed,stimulus_absolute_context,validation_familiar,10.0,0.4888028120903325,0.5111971879096675
DEAP:S25:T31,DEAP:S25,T31,0,1.01,2,1,3,0,unexposed,stimulus_absolute_context,validation_familiar,10.0,0.5123666078195028,0.4876333921804972
DEAP:S25:T32,DEAP:S25,T32,0,1.0,2,1,3,0,unexposed,stimulus_absolute_context,validation_familiar,10.0,0.2956332182677879,0.7043667817322121
DEAP:S25:T34,DEAP:S25,T34,0,4.95,2,1,3,0,unexposed,stimulus_absolute_context,validation_familiar,10.0,0.6305197730782871,0.3694802269217129
DEAP:S30:T01,DEAP:S30,T01,1,5.04,2,1,3,0,unexposed,stimulus_absolute_context,validation_familiar,10.0,0.002058359729042336,0.9979416402709577
DEAP:S30:T03,DEAP:S30,T03,1,6.15,2,1,3,0,unexposed,stimulus_absolute_context,validation_familiar,10.0,2.0805747460439505e-06,0.999997919425254
DEAP:S30:T04,DEAP:S30,T04,1,7.04,2,1,3,0,unexposed,stimulus_absolute_context,validation_familiar,10.0,4.127084509353285e-05,0.9999587291549065
DEAP:S30:T05,DEAP:S30,T05,1,6.19,2,1,3,0,unexposed,stimulus_absolute_context,validation_familiar,10.0,0.000427556666803941,0.9995724433331961
DEAP:S30:T08,DEAP:S30,T08,1,6.05,2,1,3,0,unexposed,stimulus_absolute_context,validation_familiar,10.0,4.666714381595938e-06,0.9999953332856184
DEAP:S30:T10,DEAP:S30,T10,1,5.08,2,1,3,0,unexposed,stimulus_absolute_context,validation_familiar,10.0,0.0011922638585276646,0.9988077361414723
DEAP:S30:T11,DEAP:S30,T11,1,6.06,2,1,3,0,unexposed,stimulus_absolute_context,validation_familiar,10.0,4.713772720932319e-05,0.9999528622727907
DEAP:S30:T12,DEAP:S30,T12,1,5.15,2,1,3,0,unexposed,stimulus_absolute_context,validation_familiar,10.0,0.0011738919767261269,0.9988261080232739
DEAP:S30:T18,DEAP:S30,T18,1,7.05,2,1,3,0,unexposed,stimulus_absolute_context,validation_familiar,10.0,0.0005398239805999294,0.9994601760194001
DEAP:S30:T22,DEAP:S30,T22,0,4.05,2,1,3,0,unexposed,stimulus_absolute_context,validation_familiar,10.0,0.016680379918351806,0.9833196200816482
DEAP:S30:T24,DEAP:S30,T24,1,5.99,2,1,3,0,unexposed,stimulus_absolute_context,validation_familiar,10.0,0.0029117479867786233,0.9970882520132214
DEAP:S30:T25,DEAP:S30,T25,0,3.92,2,1,3,0,unexposed,stimulus_absolute_context,validation_familiar,10.0,0.013178420445186134,0.9868215795548139
DEAP:S30:T29,DEAP:S30,T29,1,7.23,2,1,3,0,unexposed,stimulus_absolute_context,validation_familiar,10.0,0.0023155035176339878,0.997684496482366
DEAP:S30:T31,DEAP:S30,T31,0,3.86,2,1,3,0,unexposed,stimulus_absolute_context,validation_familiar,10.0,0.01690777897223439,0.9830922210277656
DEAP:S30:T32,DEAP:S30,T32,1,5.01,2,1,3,0,unexposed,stimulus_absolute_context,validation_familiar,10.0,0.006238498364734779,0.9937615016352652
DEAP:S30:T34,DEAP:S30,T34,0,4.99,2,1,3,0,unexposed,stimulus_absolute_context,validation_familiar,10.0,0.06334621193502477,0.9366537880649752
