trial_id,subject_id,material_key,label,original_label,group,source_session,material_rotation,fold,arm,model,role,C,p0,p1
DEAP:S02:T03,DEAP:S02,T03,1,9.0,1,1,4,0,unexposed,stimulus_absolute_context,train,0.01,0.251717303758327,0.748282696241673
DEAP:S02:T04,DEAP:S02,T04,1,6.05,1,1,4,0,unexposed,stimulus_absolute_context,train,0.01,0.17700353444047845,0.8229964655595216
DEAP:S02:T07,DEAP:S02,T07,0,4.96,1,1,4,0,unexposed,stimulus_absolute_context,train,0.01,0.33818061553665446,0.6618193844633455
DEAP:S02:T09,DEAP:S02,T09,1,9.0,1,1,4,0,unexposed,stimulus_absolute_context,train,0.01,0.23410611436083328,0.7658938856391667
DEAP:S02:T11,DEAP:S02,T11,1,7.08,1,1,4,0,unexposed,stimulus_absolute_context,train,0.01,0.22794551761056225,0.7720544823894377
DEAP:S02:T16,DEAP:S02,T16,1,6.0,1,1,4,0,unexposed,stimulus_absolute_context,train,0.01,0.5225586248342704,0.47744137516572965
DEAP:S02:T18,DEAP:S02,T18,1,9.0,1,1,4,0,unexposed,stimulus_absolute_context,train,0.01,0.2262673609182202,0.7737326390817798
DEAP:S02:T24,DEAP:S02,T24,1,7.08,1,1,4,0,unexposed,stimulus_absolute_context,train,0.01,0.6839169355042747,0.31608306449572526
DEAP:S02:T31,DEAP:S02,T31,0,4.06,1,1,4,0,unexposed,stimulus_absolute_context,train,0.01,0.5773069188565644,0.4226930811434356
DEAP:S02:T34,DEAP:S02,T34,0,4.87,1,1,4,0,unexposed,stimulus_absolute_context,train,0.01,0.6712812223827325,0.32871877761726753
DEAP:S02:T36,DEAP:S02,T36,1,5.04,1,1,4,0,unexposed,stimulus_absolute_context,train,0.01,0.6477098084999182,0.3522901915000818
DEAP:S02:T39,DEAP:S02,T39,0,1.0,1,1,4,0,unexposed,stimulus_absolute_context,train,0.01,0.597750947211007,0.40224905278899303
DEAP:S02:T40,DEAP:S02,T40,1,6.05,1,1,4,0,unexposed,stimulus_absolute_context,train,0.01,0.4574217359272751,0.5425782640727249
DEAP:S05:T03,DEAP:S05,T03,0,4.95,1,1,4,0,unexposed,stimulus_absolute_context,train,0.01,0.17497188901264094,0.8250281109873591
DEAP:S05:T04,DEAP:S05,T04,1,8.24,1,1,4,0,unexposed,stimulus_absolute_context,train,0.01,0.14292874488764373,0.8570712551123563
DEAP:S05:T06,DEAP:S05,T06,1,8.09,1,1,4,0,unexposed,stimulus_absolute_context,train,0.01,0.23054784165627817,0.7694521583437218
DEAP:S05:T07,DEAP:S05,T07,1,5.12,1,1,4,0,unexposed,stimulus_absolute_context,train,0.01,0.29873146855653165,0.7012685314434683
DEAP:S05:T09,DEAP:S05,T09,1,6.94,1,1,4,0,unexposed,stimulus_absolute_context,train,0.01,0.18934574773693547,0.8106542522630645
DEAP:S05:T11,DEAP:S05,T11,1,9.0,1,1,4,0,unexposed,stimulus_absolute_context,train,0.01,0.1903592249064956,0.8096407750935044
DEAP:S05:T16,DEAP:S05,T16,1,5.96,1,1,4,0,unexposed,stimulus_absolute_context,train,0.01,0.5347058581526727,0.4652941418473273
DEAP:S05:T18,DEAP:S05,T18,1,8.05,1,1,4,0,unexposed,stimulus_absolute_context,train,0.01,0.1801260341616695,0.8198739658383305
DEAP:S05:T22,DEAP:S05,T22,1,6.99,1,1,4,0,unexposed,stimulus_absolute_context,train,0.01,0.5395335711925849,0.46046642880741506
DEAP:S05:T24,DEAP:S05,T24,0,4.0,1,1,4,0,unexposed,stimulus_absolute_context,train,0.01,0.6595986270556184,0.3404013729443816
DEAP:S05:T31,DEAP:S05,T31,1,6.9,1,1,4,0,unexposed,stimulus_absolute_context,train,0.01,0.5638177855685211,0.4361822144314789
DEAP:S05:T34,DEAP:S05,T34,1,6.03,1,1,4,0,unexposed,stimulus_absolute_context,train,0.01,0.6625314424694227,0.33746855753057725
DEAP:S05:T36,DEAP:S05,T36,0,4.91,1,1,4,0,unexposed,stimulus_absolute_context,train,0.01,0.5636431460519651,0.4363568539480349
DEAP:S05:T39,DEAP:S05,T39,0,1.0,1,1,4,0,unexposed,stimulus_absolute_context,train,0.01,0.5329948908209701,0.4670051091790299
DEAP:S05:T40,DEAP:S05,T40,1,7.0,1,1,4,0,unexposed,stimulus_absolute_context,train,0.01,0.40819544450787193,0.5918045554921281
DEAP:S06:T03,DEAP:S06,T03,1,7.69,1,1,4,0,unexposed,stimulus_absolute_context,train,0.01,0.2583069893124498,0.7416930106875502
DEAP:S06:T04,DEAP:S06,T04,1,7.55,1,1,4,0,unexposed,stimulus_absolute_context,train,0.01,0.18640970328477668,0.8135902967152233
DEAP:S06:T06,DEAP:S06,T06,1,8.05,1,1,4,0,unexposed,stimulus_absolute_context,train,0.01,0.3002448328262608,0.6997551671737392
DEAP:S06:T07,DEAP:S06,T07,1,8.26,1,1,4,0,unexposed,stimulus_absolute_context,train,0.01,0.36819915876959,0.63180084123041
DEAP:S06:T09,DEAP:S06,T09,1,7.87,1,1,4,0,unexposed,stimulus_absolute_context,train,0.01,0.24449390939340632,0.7555060906065937
DEAP:S06:T11,DEAP:S06,T11,0,4.99,1,1,4,0,unexposed,stimulus_absolute_context,train,0.01,0.18236411887226522,0.8176358811277348
DEAP:S06:T13,DEAP:S06,T13,1,7.79,1,1,4,0,unexposed,stimulus_absolute_context,train,0.01,0.40054018247293943,0.5994598175270606
DEAP:S06:T16,DEAP:S06,T16,1,5.06,1,1,4,0,unexposed,stimulus_absolute_context,train,0.01,0.5536705104367636,0.4463294895632363
DEAP:S06:T22,DEAP:S06,T22,1,7.56,1,1,4,0,unexposed,stimulus_absolute_context,train,0.01,0.5732839735272196,0.4267160264727804
DEAP:S06:T24,DEAP:S06,T24,0,3.5,1,1,4,0,unexposed,stimulus_absolute_context,train,0.01,0.6794549078669794,0.3205450921330206
DEAP:S06:T31,DEAP:S06,T31,0,3.65,1,1,4,0,unexposed,stimulus_absolute_context,train,0.01,0.6041281981434157,0.39587180185658427
DEAP:S06:T34,DEAP:S06,T34,0,3.31,1,1,4,0,unexposed,stimulus_absolute_context,train,0.01,0.6827583379376831,0.3172416620623169
DEAP:S06:T36,DEAP:S06,T36,1,5.71,1,1,4,0,unexposed,stimulus_absolute_context,train,0.01,0.6572523668083767,0.3427476331916232
DEAP:S06:T39,DEAP:S06,T39,1,6.56,1,1,4,0,unexposed,stimulus_absolute_context,train,0.01,0.629251967078039,0.37074803292196107
DEAP:S06:T40,DEAP:S06,T40,0,4.85,1,1,4,0,unexposed,stimulus_absolute_context,train,0.01,0.43882242639043867,0.5611775736095613
DEAP:S07:T04,DEAP:S07,T04,1,7.08,1,1,4,0,unexposed,stimulus_absolute_context,train,0.01,0.17054137102352285,0.8294586289764772
DEAP:S07:T06,DEAP:S07,T06,1,6.97,1,1,4,0,unexposed,stimulus_absolute_context,train,0.01,0.2807184095026972,0.7192815904973028
DEAP:S07:T07,DEAP:S07,T07,1,7.08,1,1,4,0,unexposed,stimulus_absolute_context,train,0.01,0.37663381552458675,0.6233661844754133
DEAP:S07:T09,DEAP:S07,T09,1,6.99,1,1,4,0,unexposed,stimulus_absolute_context,train,0.01,0.21290541128851626,0.7870945887114837
DEAP:S07:T13,DEAP:S07,T13,1,8.0,1,1,4,0,unexposed,stimulus_absolute_context,train,0.01,0.38611311526321945,0.6138868847367805
DEAP:S07:T16,DEAP:S07,T16,0,3.03,1,1,4,0,unexposed,stimulus_absolute_context,train,0.01,0.5629914172839052,0.4370085827160947
DEAP:S07:T18,DEAP:S07,T18,1,7.03,1,1,4,0,unexposed,stimulus_absolute_context,train,0.01,0.22678532686339625,0.7732146731366037
DEAP:S07:T22,DEAP:S07,T22,0,3.05,1,1,4,0,unexposed,stimulus_absolute_context,train,0.01,0.49279418774095407,0.5072058122590459
DEAP:S07:T24,DEAP:S07,T24,0,1.97,1,1,4,0,unexposed,stimulus_absolute_context,train,0.01,0.6859076377510751,0.3140923622489249
DEAP:S07:T31,DEAP:S07,T31,1,6.96,1,1,4,0,unexposed,stimulus_absolute_context,train,0.01,0.6734483095774437,0.3265516904225562
DEAP:S07:T34,DEAP:S07,T34,0,4.01,1,1,4,0,unexposed,stimulus_absolute_context,train,0.01,0.6833240634252113,0.3166759365747886
DEAP:S07:T36,DEAP:S07,T36,1,8.1,1,1,4,0,unexposed,stimulus_absolute_context,train,0.01,0.6505679674712607,0.34943203252873933
DEAP:S07:T39,DEAP:S07,T39,1,7.01,1,1,4,0,unexposed,stimulus_absolute_context,train,0.01,0.5906963994484262,0.4093036005515737
DEAP:S07:T40,DEAP:S07,T40,1,7.01,1,1,4,0,unexposed,stimulus_absolute_context,train,0.01,0.4771462864726548,0.5228537135273452
DEAP:S08:T03,DEAP:S08,T03,1,8.15,1,1,4,0,unexposed,stimulus_absolute_context,train,0.01,0.2925462042179119,0.7074537957820881
DEAP:S08:T04,DEAP:S08,T04,1,6.82,1,1,4,0,unexposed,stimulus_absolute_context,train,0.01,0.20923287880675134,0.7907671211932487
DEAP:S08:T06,DEAP:S08,T06,1,7.4,1,1,4,0,unexposed,stimulus_absolute_context,train,0.01,0.35225668897115836,0.6477433110288416
DEAP:S08:T07,DEAP:S08,T07,1,5.04,1,1,4,0,unexposed,stimulus_absolute_context,train,0.01,0.4521429802826592,0.5478570197173408
DEAP:S08:T09,DEAP:S08,T09,1,8.78,1,1,4,0,unexposed,stimulus_absolute_context,train,0.01,0.2587821798247322,0.7412178201752678
DEAP:S08:T16,DEAP:S08,T16,0,4.21,1,1,4,0,unexposed,stimulus_absolute_context,train,0.01,0.562753269630518,0.437246730369482
DEAP:S08:T18,DEAP:S08,T18,1,7.21,1,1,4,0,unexposed,stimulus_absolute_context,train,0.01,0.3017157500143306,0.6982842499856694
DEAP:S08:T22,DEAP:S08,T22,0,4.23,1,1,4,0,unexposed,stimulus_absolute_context,train,0.01,0.6070019777273323,0.3929980222726677
DEAP:S08:T24,DEAP:S08,T24,0,4.15,1,1,4,0,unexposed,stimulus_absolute_context,train,0.01,0.7448195702386009,0.2551804297613991
DEAP:S08:T31,DEAP:S08,T31,0,1.45,1,1,4,0,unexposed,stimulus_absolute_context,train,0.01,0.6819040097451513,0.3180959902548487
DEAP:S08:T34,DEAP:S08,T34,1,5.05,1,1,4,0,unexposed,stimulus_absolute_context,train,0.01,0.7511101737512903,0.2488898262487097
DEAP:S08:T36,DEAP:S08,T36,0,1.21,1,1,4,0,unexposed,stimulus_absolute_context,train,0.01,0.6276711611969565,0.3723288388030434
DEAP:S08:T39,DEAP:S08,T39,1,5.05,1,1,4,0,unexposed,stimulus_absolute_context,train,0.01,0.634480718021697,0.36551928197830297
DEAP:S08:T40,DEAP:S08,T40,0,3.13,1,1,4,0,unexposed,stimulus_absolute_context,train,0.01,0.47678228198122297,0.523217718018777
DEAP:S09:T03,DEAP:S09,T03,1,7.08,1,1,4,0,unexposed,stimulus_absolute_context,train,0.01,0.259276982022407,0.740723017977593
DEAP:S09:T04,DEAP:S09,T04,1,5.99,1,1,4,0,unexposed,stimulus_absolute_context,train,0.01,0.19525809022446716,0.8047419097755328
DEAP:S09:T06,DEAP:S09,T06,1,7.04,1,1,4,0,unexposed,stimulus_absolute_context,train,0.01,0.2798738081902573,0.7201261918097427
DEAP:S09:T07,DEAP:S09,T07,1,5.08,1,1,4,0,unexposed,stimulus_absolute_context,train,0.01,0.38737262198780886,0.6126273780121911
DEAP:S09:T09,DEAP:S09,T09,1,5.96,1,1,4,0,unexposed,stimulus_absolute_context,train,0.01,0.21944638153780505,0.780553618462195
DEAP:S09:T11,DEAP:S09,T11,1,7.12,1,1,4,0,unexposed,stimulus_absolute_context,train,0.01,0.2258833593327051,0.7741166406672949
DEAP:S09:T13,DEAP:S09,T13,1,8.15,1,1,4,0,unexposed,stimulus_absolute_context,train,0.01,0.3527315973781078,0.6472684026218922
DEAP:S09:T16,DEAP:S09,T16,0,4.05,1,1,4,0,unexposed,stimulus_absolute_context,train,0.01,0.5138926032165252,0.48610739678347475
DEAP:S09:T22,DEAP:S09,T22,0,3.99,1,1,4,0,unexposed,stimulus_absolute_context,train,0.01,0.557919811130712,0.442080188869288
DEAP:S09:T24,DEAP:S09,T24,0,4.03,1,1,4,0,unexposed,stimulus_absolute_context,train,0.01,0.6823158030152114,0.3176841969847885
DEAP:S09:T31,DEAP:S09,T31,1,6.06,1,1,4,0,unexposed,stimulus_absolute_context,train,0.01,0.6562802053976111,0.34371979460238894
DEAP:S09:T34,DEAP:S09,T34,1,5.06,1,1,4,0,unexposed,stimulus_absolute_context,train,0.01,0.7303425277638315,0.26965747223616854
DEAP:S09:T36,DEAP:S09,T36,0,3.08,1,1,4,0,unexposed,stimulus_absolute_context,train,0.01,0.6384562884421847,0.3615437115578153
DEAP:S09:T39,DEAP:S09,T39,0,3.17,1,1,4,0,unexposed,stimulus_absolute_context,train,0.01,0.6152941010286661,0.38470589897133395
DEAP:S09:T40,DEAP:S09,T40,1,5.04,1,1,4,0,unexposed,stimulus_absolute_context,train,0.01,0.46107533392270195,0.538924666077298
DEAP:S10:T04,DEAP:S10,T04,1,7.01,1,1,4,0,unexposed,stimulus_absolute_context,train,0.01,0.18759738245335833,0.8124026175466417
DEAP:S10:T06,DEAP:S10,T06,1,7.1,1,1,4,0,unexposed,stimulus_absolute_context,train,0.01,0.30156559703062036,0.6984344029693796
DEAP:S10:T07,DEAP:S10,T07,1,8.96,1,1,4,0,unexposed,stimulus_absolute_context,train,0.01,0.33215510026651196,0.667844899733488
DEAP:S10:T09,DEAP:S10,T09,1,7.56,1,1,4,0,unexposed,stimulus_absolute_context,train,0.01,0.24654327299631562,0.7534567270036844
DEAP:S10:T11,DEAP:S10,T11,1,8.99,1,1,4,0,unexposed,stimulus_absolute_context,train,0.01,0.23447259300354373,0.7655274069964563
DEAP:S10:T16,DEAP:S10,T16,0,3.85,1,1,4,0,unexposed,stimulus_absolute_context,train,0.01,0.5656866407599115,0.43431335924008846
DEAP:S10:T18,DEAP:S10,T18,1,7.31,1,1,4,0,unexposed,stimulus_absolute_context,train,0.01,0.268892217991321,0.731107782008679
DEAP:S10:T22,DEAP:S10,T22,0,4.24,1,1,4,0,unexposed,stimulus_absolute_context,train,0.01,0.5948286333907953,0.4051713666092048
DEAP:S10:T31,DEAP:S10,T31,0,4.15,1,1,4,0,unexposed,stimulus_absolute_context,train,0.01,0.6868503936290685,0.3131496063709315
DEAP:S10:T34,DEAP:S10,T34,0,3.91,1,1,4,0,unexposed,stimulus_absolute_context,train,0.01,0.7207976249346575,0.2792023750653425
DEAP:S10:T36,DEAP:S10,T36,0,2.17,1,1,4,0,unexposed,stimulus_absolute_context,train,0.01,0.658072544017408,0.34192745598259194
DEAP:S10:T39,DEAP:S10,T39,0,2.17,1,1,4,0,unexposed,stimulus_absolute_context,train,0.01,0.6433407233905267,0.3566592766094733
DEAP:S10:T40,DEAP:S10,T40,1,5.78,1,1,4,0,unexposed,stimulus_absolute_context,train,0.01,0.48182054820257425,0.5181794517974257
DEAP:S11:T03,DEAP:S11,T03,1,7.41,1,1,4,0,unexposed,stimulus_absolute_context,train,0.01,0.2750979215878655,0.7249020784121345
DEAP:S11:T04,DEAP:S11,T04,1,7.65,1,1,4,0,unexposed,stimulus_absolute_context,train,0.01,0.22611369189629793,0.7738863081037021
DEAP:S11:T06,DEAP:S11,T06,1,5.32,1,1,4,0,unexposed,stimulus_absolute_context,train,0.01,0.34020423140440514,0.6597957685955949
DEAP:S11:T07,DEAP:S11,T07,1,6.37,1,1,4,0,unexposed,stimulus_absolute_context,train,0.01,0.4587978480199668,0.5412021519800332
DEAP:S11:T09,DEAP:S11,T09,1,7.04,1,1,4,0,unexposed,stimulus_absolute_context,train,0.01,0.2692376342522136,0.7307623657477864
DEAP:S11:T11,DEAP:S11,T11,1,7.32,1,1,4,0,unexposed,stimulus_absolute_context,train,0.01,0.2753481317155887,0.7246518682844113
DEAP:S11:T13,DEAP:S11,T13,1,8.42,1,1,4,0,unexposed,stimulus_absolute_context,train,0.01,0.4167955278350196,0.5832044721649804
DEAP:S11:T16,DEAP:S11,T16,0,4.35,1,1,4,0,unexposed,stimulus_absolute_context,train,0.01,0.5563664299810551,0.44363357001894493
DEAP:S11:T18,DEAP:S11,T18,1,7.95,1,1,4,0,unexposed,stimulus_absolute_context,train,0.01,0.2731669855074733,0.7268330144925267
DEAP:S11:T22,DEAP:S11,T22,1,6.15,1,1,4,0,unexposed,stimulus_absolute_context,train,0.01,0.5943825158587637,0.40561748414123633
DEAP:S11:T24,DEAP:S11,T24,0,2.88,1,1,4,0,unexposed,stimulus_absolute_context,train,0.01,0.7484988459172204,0.2515011540827796
DEAP:S11:T31,DEAP:S11,T31,0,1.83,1,1,4,0,unexposed,stimulus_absolute_context,train,0.01,0.6618426759635104,0.33815732403648957
DEAP:S11:T34,DEAP:S11,T34,0,4.88,1,1,4,0,unexposed,stimulus_absolute_context,train,0.01,0.7361856440166411,0.2638143559833589
DEAP:S11:T36,DEAP:S11,T36,0,3.62,1,1,4,0,unexposed,stimulus_absolute_context,train,0.01,0.6976897139467024,0.30231028605329757
DEAP:S11:T39,DEAP:S11,T39,0,1.0,1,1,4,0,unexposed,stimulus_absolute_context,train,0.01,0.6191008218026697,0.38089917819733027
DEAP:S11:T40,DEAP:S11,T40,0,4.95,1,1,4,0,unexposed,stimulus_absolute_context,train,0.01,0.4731801434841678,0.5268198565158322
DEAP:S12:T03,DEAP:S12,T03,1,7.33,1,1,4,0,unexposed,stimulus_absolute_context,train,0.01,0.2693700051915001,0.7306299948084999
DEAP:S12:T04,DEAP:S12,T04,1,6.86,1,1,4,0,unexposed,stimulus_absolute_context,train,0.01,0.1920084770970485,0.8079915229029515
DEAP:S12:T07,DEAP:S12,T07,1,6.77,1,1,4,0,unexposed,stimulus_absolute_context,train,0.01,0.4111258328002175,0.5888741671997825
DEAP:S12:T09,DEAP:S12,T09,1,7.95,1,1,4,0,unexposed,stimulus_absolute_context,train,0.01,0.2567462159449315,0.7432537840550685
DEAP:S12:T11,DEAP:S12,T11,1,7.78,1,1,4,0,unexposed,stimulus_absolute_context,train,0.01,0.26701683499379303,0.732983165006207
DEAP:S12:T13,DEAP:S12,T13,1,7.99,1,1,4,0,unexposed,stimulus_absolute_context,train,0.01,0.40616448966292895,0.593835510337071
DEAP:S12:T16,DEAP:S12,T16,1,5.04,1,1,4,0,unexposed,stimulus_absolute_context,train,0.01,0.584322679337496,0.415677320662504
DEAP:S12:T18,DEAP:S12,T18,1,7.35,1,1,4,0,unexposed,stimulus_absolute_context,train,0.01,0.2662693105607832,0.7337306894392168
DEAP:S12:T22,DEAP:S12,T22,0,3.33,1,1,4,0,unexposed,stimulus_absolute_context,train,0.01,0.5943185309001717,0.40568146909982833
DEAP:S12:T24,DEAP:S12,T24,0,2.79,1,1,4,0,unexposed,stimulus_absolute_context,train,0.01,0.6972490940597138,0.30275090594028625
DEAP:S12:T31,DEAP:S12,T31,0,3.18,1,1,4,0,unexposed,stimulus_absolute_context,train,0.01,0.6349169562630236,0.3650830437369764
DEAP:S12:T34,DEAP:S12,T34,0,4.87,1,1,4,0,unexposed,stimulus_absolute_context,train,0.01,0.7216894977714972,0.2783105022285029
DEAP:S12:T36,DEAP:S12,T36,0,2.82,1,1,4,0,unexposed,stimulus_absolute_context,train,0.01,0.6417015510733792,0.35829844892662077
DEAP:S12:T39,DEAP:S12,T39,0,3.18,1,1,4,0,unexposed,stimulus_absolute_context,train,0.01,0.6155818186503186,0.3844181813496814
DEAP:S12:T40,DEAP:S12,T40,1,6.81,1,1,4,0,unexposed,stimulus_absolute_context,train,0.01,0.49176116635668954,0.5082388336433105
DEAP:S13:T03,DEAP:S13,T03,1,9.0,1,1,4,0,unexposed,stimulus_absolute_context,train,0.01,0.3661618564153253,0.6338381435846747
DEAP:S13:T04,DEAP:S13,T04,1,7.08,1,1,4,0,unexposed,stimulus_absolute_context,train,0.01,0.25650236784215485,0.7434976321578451
DEAP:S13:T06,DEAP:S13,T06,0,4.46,1,1,4,0,unexposed,stimulus_absolute_context,train,0.01,0.4157015358767533,0.5842984641232467
DEAP:S13:T07,DEAP:S13,T07,0,2.99,1,1,4,0,unexposed,stimulus_absolute_context,train,0.01,0.52809285940763,0.47190714059237004
DEAP:S13:T09,DEAP:S13,T09,1,7.06,1,1,4,0,unexposed,stimulus_absolute_context,train,0.01,0.3416452397482239,0.6583547602517761
DEAP:S13:T11,DEAP:S13,T11,1,7.04,1,1,4,0,unexposed,stimulus_absolute_context,train,0.01,0.35812314401135836,0.6418768559886416
DEAP:S13:T13,DEAP:S13,T13,1,9.0,1,1,4,0,unexposed,stimulus_absolute_context,train,0.01,0.5149766261201747,0.48502337387982525
DEAP:S13:T18,DEAP:S13,T18,1,7.94,1,1,4,0,unexposed,stimulus_absolute_context,train,0.01,0.3279932357294818,0.6720067642705182
DEAP:S13:T22,DEAP:S13,T22,0,4.01,1,1,4,0,unexposed,stimulus_absolute_context,train,0.01,0.7122214766603966,0.2877785233396034
DEAP:S13:T24,DEAP:S13,T24,0,2.97,1,1,4,0,unexposed,stimulus_absolute_context,train,0.01,0.7997409234868221,0.2002590765131779
DEAP:S13:T31,DEAP:S13,T31,0,1.97,1,1,4,0,unexposed,stimulus_absolute_context,train,0.01,0.7722353783895779,0.22776462161042207
DEAP:S13:T34,DEAP:S13,T34,0,2.92,1,1,4,0,unexposed,stimulus_absolute_context,train,0.01,0.7973464714383909,0.20265352856160918
DEAP:S13:T36,DEAP:S13,T36,0,2.54,1,1,4,0,unexposed,stimulus_absolute_context,train,0.01,0.777968239397802,0.22203176060219798
DEAP:S13:T39,DEAP:S13,T39,0,1.97,1,1,4,0,unexposed,stimulus_absolute_context,train,0.01,0.7126514712346994,0.28734852876530065
DEAP:S13:T40,DEAP:S13,T40,0,4.08,1,1,4,0,unexposed,stimulus_absolute_context,train,0.01,0.5934346924722704,0.4065653075277295
DEAP:S14:T04,DEAP:S14,T04,1,7.38,1,1,4,0,unexposed,stimulus_absolute_context,train,0.01,0.20618094551202382,0.7938190544879762
DEAP:S14:T06,DEAP:S14,T06,1,7.19,1,1,4,0,unexposed,stimulus_absolute_context,train,0.01,0.3235478494391941,0.6764521505608059
DEAP:S14:T07,DEAP:S14,T07,1,6.85,1,1,4,0,unexposed,stimulus_absolute_context,train,0.01,0.41390209806919875,0.5860979019308012
DEAP:S14:T11,DEAP:S14,T11,1,8.03,1,1,4,0,unexposed,stimulus_absolute_context,train,0.01,0.28451772535950737,0.7154822746404926
DEAP:S14:T13,DEAP:S14,T13,1,6.79,1,1,4,0,unexposed,stimulus_absolute_context,train,0.01,0.41441326957400215,0.5855867304259978
DEAP:S14:T16,DEAP:S14,T16,0,3.96,1,1,4,0,unexposed,stimulus_absolute_context,train,0.01,0.5650084827474313,0.4349915172525687
DEAP:S14:T18,DEAP:S14,T18,1,8.09,1,1,4,0,unexposed,stimulus_absolute_context,train,0.01,0.2727736276367778,0.7272263723632222
DEAP:S14:T22,DEAP:S14,T22,0,4.1,1,1,4,0,unexposed,stimulus_absolute_context,train,0.01,0.5967100213051868,0.40328997869481314
DEAP:S14:T24,DEAP:S14,T24,0,2.36,1,1,4,0,unexposed,stimulus_absolute_context,train,0.01,0.7446007117864123,0.2553992882135877
DEAP:S14:T31,DEAP:S14,T31,0,3.26,1,1,4,0,unexposed,stimulus_absolute_context,train,0.01,0.6617774870887039,0.3382225129112962
DEAP:S14:T34,DEAP:S14,T34,0,2.5,1,1,4,0,unexposed,stimulus_absolute_context,train,0.01,0.7274732716095005,0.2725267283904995
DEAP:S14:T36,DEAP:S14,T36,0,2.01,1,1,4,0,unexposed,stimulus_absolute_context,train,0.01,0.672821921100403,0.32717807889959705
DEAP:S14:T39,DEAP:S14,T39,1,6.65,1,1,4,0,unexposed,stimulus_absolute_context,train,0.01,0.6701939798858477,0.3298060201141523
DEAP:S14:T40,DEAP:S14,T40,1,6.68,1,1,4,0,unexposed,stimulus_absolute_context,train,0.01,0.5104146090654202,0.48958539093457976
DEAP:S15:T03,DEAP:S15,T03,1,8.04,1,1,4,0,unexposed,stimulus_absolute_context,train,0.01,0.3721141794977427,0.6278858205022573
DEAP:S15:T04,DEAP:S15,T04,1,8.04,1,1,4,0,unexposed,stimulus_absolute_context,train,0.01,0.23194312389919047,0.7680568761008095
DEAP:S15:T06,DEAP:S15,T06,1,9.0,1,1,4,0,unexposed,stimulus_absolute_context,train,0.01,0.35558853390109324,0.6444114660989068
DEAP:S15:T07,DEAP:S15,T07,1,5.04,1,1,4,0,unexposed,stimulus_absolute_context,train,0.01,0.49199260122666943,0.5080073987733306
DEAP:S15:T09,DEAP:S15,T09,1,9.0,1,1,4,0,unexposed,stimulus_absolute_context,train,0.01,0.29280067153600475,0.7071993284639952
DEAP:S15:T11,DEAP:S15,T11,1,8.99,1,1,4,0,unexposed,stimulus_absolute_context,train,0.01,0.33428999829227,0.66571000170773
DEAP:S15:T16,DEAP:S15,T16,0,4.17,1,1,4,0,unexposed,stimulus_absolute_context,train,0.01,0.6621948055621348,0.33780519443786516
DEAP:S15:T18,DEAP:S15,T18,1,7.04,1,1,4,0,unexposed,stimulus_absolute_context,train,0.01,0.33195023056735407,0.6680497694326459
DEAP:S15:T22,DEAP:S15,T22,0,4.12,1,1,4,0,unexposed,stimulus_absolute_context,train,0.01,0.7011180660241012,0.2988819339758988
DEAP:S15:T24,DEAP:S15,T24,0,1.92,1,1,4,0,unexposed,stimulus_absolute_context,train,0.01,0.7726933887913332,0.2273066112086668
DEAP:S15:T31,DEAP:S15,T31,0,2.99,1,1,4,0,unexposed,stimulus_absolute_context,train,0.01,0.7360135719188989,0.2639864280811011
DEAP:S15:T34,DEAP:S15,T34,0,3.01,1,1,4,0,unexposed,stimulus_absolute_context,train,0.01,0.7797415112404349,0.22025848875956516
DEAP:S15:T36,DEAP:S15,T36,0,3.96,1,1,4,0,unexposed,stimulus_absolute_context,train,0.01,0.7248235296560774,0.27517647034392256
DEAP:S15:T39,DEAP:S15,T39,0,4.0,1,1,4,0,unexposed,stimulus_absolute_context,train,0.01,0.7397756607957524,0.2602243392042476
DEAP:S15:T40,DEAP:S15,T40,0,4.01,1,1,4,0,unexposed,stimulus_absolute_context,train,0.01,0.5711160260381766,0.42888397396182343
DEAP:S16:T04,DEAP:S16,T04,1,7.09,1,1,4,0,unexposed,stimulus_absolute_context,train,0.01,0.3353638485177697,0.6646361514822303
DEAP:S16:T06,DEAP:S16,T06,0,4.99,1,1,4,0,unexposed,stimulus_absolute_context,train,0.01,0.4289198463219397,0.5710801536780603
DEAP:S16:T09,DEAP:S16,T09,0,4.18,1,1,4,0,unexposed,stimulus_absolute_context,train,0.01,0.37537152008379415,0.6246284799162058
DEAP:S16:T11,DEAP:S16,T11,1,7.27,1,1,4,0,unexposed,stimulus_absolute_context,train,0.01,0.41912449303134114,0.5808755069686589
DEAP:S16:T13,DEAP:S16,T13,0,3.88,1,1,4,0,unexposed,stimulus_absolute_context,train,0.01,0.5207758252463159,0.4792241747536841
DEAP:S16:T16,DEAP:S16,T16,0,4.97,1,1,4,0,unexposed,stimulus_absolute_context,train,0.01,0.721342917821015,0.278657082178985
DEAP:S16:T24,DEAP:S16,T24,0,2.51,1,1,4,0,unexposed,stimulus_absolute_context,train,0.01,0.8210449375397106,0.17895506246028936
DEAP:S16:T31,DEAP:S16,T31,0,3.88,1,1,4,0,unexposed,stimulus_absolute_context,train,0.01,0.781234659044886,0.21876534095511396
DEAP:S16:T34,DEAP:S16,T34,0,1.0,1,1,4,0,unexposed,stimulus_absolute_context,train,0.01,0.8508578970108343,0.14914210298916575
DEAP:S16:T36,DEAP:S16,T36,1,5.05,1,1,4,0,unexposed,stimulus_absolute_context,train,0.01,0.8025659029255265,0.19743409707447343
DEAP:S16:T39,DEAP:S16,T39,1,6.13,1,1,4,0,unexposed,stimulus_absolute_context,train,0.01,0.7993168608026373,0.20068313919736272
DEAP:S16:T40,DEAP:S16,T40,0,3.74,1,1,4,0,unexposed,stimulus_absolute_context,train,0.01,0.6083379314259932,0.39166206857400676
DEAP:S17:T03,DEAP:S17,T03,1,6.46,1,1,4,0,unexposed,stimulus_absolute_context,train,0.01,0.3322962652854575,0.6677037347145425
DEAP:S17:T04,DEAP:S17,T04,1,6.35,1,1,4,0,unexposed,stimulus_absolute_context,train,0.01,0.23143101209031436,0.7685689879096856
DEAP:S17:T06,DEAP:S17,T06,1,6.9,1,1,4,0,unexposed,stimulus_absolute_context,train,0.01,0.3705841897564802,0.6294158102435198
DEAP:S17:T07,DEAP:S17,T07,1,7.08,1,1,4,0,unexposed,stimulus_absolute_context,train,0.01,0.4519625344869139,0.5480374655130861
DEAP:S17:T09,DEAP:S17,T09,1,6.04,1,1,4,0,unexposed,stimulus_absolute_context,train,0.01,0.32255728334329714,0.6774427166567029
DEAP:S17:T13,DEAP:S17,T13,0,4.54,1,1,4,0,unexposed,stimulus_absolute_context,train,0.01,0.44602545370512725,0.5539745462948727
DEAP:S17:T16,DEAP:S17,T16,1,5.92,1,1,4,0,unexposed,stimulus_absolute_context,train,0.01,0.6428561547817373,0.35714384521826276
DEAP:S17:T18,DEAP:S17,T18,1,6.22,1,1,4,0,unexposed,stimulus_absolute_context,train,0.01,0.32462943348592976,0.6753705665140702
DEAP:S17:T22,DEAP:S17,T22,0,3.19,1,1,4,0,unexposed,stimulus_absolute_context,train,0.01,0.6578145410230538,0.3421854589769462
DEAP:S17:T24,DEAP:S17,T24,0,4.53,1,1,4,0,unexposed,stimulus_absolute_context,train,0.01,0.7727413954520601,0.22725860454793995
DEAP:S17:T31,DEAP:S17,T31,0,4.54,1,1,4,0,unexposed,stimulus_absolute_context,train,0.01,0.7130039274532554,0.2869960725467446
DEAP:S17:T34,DEAP:S17,T34,0,4.99,1,1,4,0,unexposed,stimulus_absolute_context,train,0.01,0.770961731458141,0.22903826854185905
DEAP:S17:T36,DEAP:S17,T36,0,3.37,1,1,4,0,unexposed,stimulus_absolute_context,train,0.01,0.6986686111293633,0.3013313888706367
DEAP:S17:T39,DEAP:S17,T39,1,7.1,1,1,4,0,unexposed,stimulus_absolute_context,train,0.01,0.7203779128948742,0.2796220871051258
DEAP:S17:T40,DEAP:S17,T40,1,5.04,1,1,4,0,unexposed,stimulus_absolute_context,train,0.01,0.5488844788799786,0.4511155211200214
DEAP:S18:T03,DEAP:S18,T03,1,6.36,1,1,4,0,unexposed,stimulus_absolute_context,train,0.01,0.2509413109329619,0.7490586890670381
DEAP:S18:T04,DEAP:S18,T04,1,6.65,1,1,4,0,unexposed,stimulus_absolute_context,train,0.01,0.19669082925951664,0.8033091707404834
DEAP:S18:T07,DEAP:S18,T07,1,7.33,1,1,4,0,unexposed,stimulus_absolute_context,train,0.01,0.38444189362248404,0.615558106377516
DEAP:S18:T09,DEAP:S18,T09,1,6.55,1,1,4,0,unexposed,stimulus_absolute_context,train,0.01,0.2532444407441119,0.7467555592558881
DEAP:S18:T11,DEAP:S18,T11,1,6.24,1,1,4,0,unexposed,stimulus_absolute_context,train,0.01,0.25132751134248166,0.7486724886575183
DEAP:S18:T13,DEAP:S18,T13,1,7.33,1,1,4,0,unexposed,stimulus_absolute_context,train,0.01,0.37388453523162957,0.6261154647683704
DEAP:S18:T16,DEAP:S18,T16,0,4.38,1,1,4,0,unexposed,stimulus_absolute_context,train,0.01,0.5540527996651691,0.44594720033483093
DEAP:S18:T18,DEAP:S18,T18,1,7.05,1,1,4,0,unexposed,stimulus_absolute_context,train,0.01,0.2559704318799443,0.7440295681200557
DEAP:S18:T24,DEAP:S18,T24,0,3.22,1,1,4,0,unexposed,stimulus_absolute_context,train,0.01,0.7179447092909199,0.28205529070908014
DEAP:S18:T31,DEAP:S18,T31,0,4.44,1,1,4,0,unexposed,stimulus_absolute_context,train,0.01,0.6464518882704814,0.3535481117295186
DEAP:S18:T34,DEAP:S18,T34,0,4.15,1,1,4,0,unexposed,stimulus_absolute_context,train,0.01,0.6993317433759179,0.3006682566240821
DEAP:S18:T39,DEAP:S18,T39,0,4.06,1,1,4,0,unexposed,stimulus_absolute_context,train,0.01,0.6073174626016998,0.39268253739830017
DEAP:S19:T03,DEAP:S19,T03,1,6.82,1,1,4,0,unexposed,stimulus_absolute_context,train,0.01,0.28966496985760404,0.710335030142396
DEAP:S19:T04,DEAP:S19,T04,1,5.77,1,1,4,0,unexposed,stimulus_absolute_context,train,0.01,0.2291275514202018,0.7708724485797982
DEAP:S19:T07,DEAP:S19,T07,1,6.64,1,1,4,0,unexposed,stimulus_absolute_context,train,0.01,0.41836844308608434,0.5816315569139157
DEAP:S19:T09,DEAP:S19,T09,1,7.09,1,1,4,0,unexposed,stimulus_absolute_context,train,0.01,0.2874091533201345,0.7125908466798655
DEAP:S19:T11,DEAP:S19,T11,1,5.83,1,1,4,0,unexposed,stimulus_absolute_context,train,0.01,0.30968776156309774,0.6903122384369023
DEAP:S19:T13,DEAP:S19,T13,1,7.53,1,1,4,0,unexposed,stimulus_absolute_context,train,0.01,0.4253451002281251,0.5746548997718749
DEAP:S19:T16,DEAP:S19,T16,0,3.24,1,1,4,0,unexposed,stimulus_absolute_context,train,0.01,0.5972146258233213,0.40278537417667865
DEAP:S19:T22,DEAP:S19,T22,1,5.04,1,1,4,0,unexposed,stimulus_absolute_context,train,0.01,0.6641277956504634,0.33587220434953663
DEAP:S19:T24,DEAP:S19,T24,0,3.23,1,1,4,0,unexposed,stimulus_absolute_context,train,0.01,0.704498638486813,0.295501361513187
DEAP:S19:T31,DEAP:S19,T31,1,5.03,1,1,4,0,unexposed,stimulus_absolute_context,train,0.01,0.7322996534533711,0.2677003465466289
DEAP:S19:T34,DEAP:S19,T34,0,4.17,1,1,4,0,unexposed,stimulus_absolute_context,train,0.01,0.7385966408195438,0.2614033591804562
DEAP:S19:T36,DEAP:S19,T36,0,3.71,1,1,4,0,unexposed,stimulus_absolute_context,train,0.01,0.7239623087796374,0.27603769122036265
DEAP:S19:T40,DEAP:S19,T40,0,4.24,1,1,4,0,unexposed,stimulus_absolute_context,train,0.01,0.4925641990770744,0.5074358009229256
DEAP:S24:T03,DEAP:S24,T03,1,8.96,1,1,4,0,unexposed,stimulus_absolute_context,train,0.01,0.3271894122927741,0.6728105877072259
DEAP:S24:T04,DEAP:S24,T04,1,6.05,1,1,4,0,unexposed,stimulus_absolute_context,train,0.01,0.2560495539217146,0.7439504460782854
DEAP:S24:T06,DEAP:S24,T06,1,5.96,1,1,4,0,unexposed,stimulus_absolute_context,train,0.01,0.397552819910984,0.602447180089016
DEAP:S24:T07,DEAP:S24,T07,0,3.04,1,1,4,0,unexposed,stimulus_absolute_context,train,0.01,0.46899003193415667,0.5310099680658433
DEAP:S24:T09,DEAP:S24,T09,1,7.08,1,1,4,0,unexposed,stimulus_absolute_context,train,0.01,0.30889155133159407,0.6911084486684059
DEAP:S24:T11,DEAP:S24,T11,1,7.03,1,1,4,0,unexposed,stimulus_absolute_context,train,0.01,0.3369157039836673,0.6630842960163327
DEAP:S24:T13,DEAP:S24,T13,1,8.0,1,1,4,0,unexposed,stimulus_absolute_context,train,0.01,0.4725715140759823,0.5274284859240177
DEAP:S24:T16,DEAP:S24,T16,0,4.0,1,1,4,0,unexposed,stimulus_absolute_context,train,0.01,0.6222286390950624,0.3777713609049375
DEAP:S24:T18,DEAP:S24,T18,1,8.96,1,1,4,0,unexposed,stimulus_absolute_context,train,0.01,0.35600622796873005,0.64399377203127
DEAP:S24:T22,DEAP:S24,T22,0,3.03,1,1,4,0,unexposed,stimulus_absolute_context,train,0.01,0.6692121517138196,0.33078784828618035
DEAP:S24:T24,DEAP:S24,T24,0,2.99,1,1,4,0,unexposed,stimulus_absolute_context,train,0.01,0.7814249288811944,0.2185750711188056
DEAP:S24:T31,DEAP:S24,T31,0,2.94,1,1,4,0,unexposed,stimulus_absolute_context,train,0.01,0.7151169678635759,0.2848830321364241
DEAP:S24:T34,DEAP:S24,T34,0,4.05,1,1,4,0,unexposed,stimulus_absolute_context,train,0.01,0.7811759808976905,0.21882401910230956
DEAP:S24:T36,DEAP:S24,T36,0,4.0,1,1,4,0,unexposed,stimulus_absolute_context,train,0.01,0.7177160047003395,0.2822839952996605
DEAP:S24:T39,DEAP:S24,T39,0,2.12,1,1,4,0,unexposed,stimulus_absolute_context,train,0.01,0.6955569738859388,0.30444302611406115
DEAP:S25:T03,DEAP:S25,T03,1,7.12,1,1,4,0,unexposed,stimulus_absolute_context,train,0.01,0.29804678190353484,0.7019532180964652
DEAP:S25:T09,DEAP:S25,T09,1,8.09,1,1,4,0,unexposed,stimulus_absolute_context,train,0.01,0.34561424289550036,0.6543857571044996
DEAP:S25:T11,DEAP:S25,T11,1,9.0,1,1,4,0,unexposed,stimulus_absolute_context,train,0.01,0.30446328684931856,0.6955367131506814
DEAP:S25:T13,DEAP:S25,T13,1,7.97,1,1,4,0,unexposed,stimulus_absolute_context,train,0.01,0.4172470398346356,0.5827529601653644
DEAP:S25:T16,DEAP:S25,T16,1,6.05,1,1,4,0,unexposed,stimulus_absolute_context,train,0.01,0.6130208427079062,0.3869791572920937
DEAP:S25:T18,DEAP:S25,T18,0,3.04,1,1,4,0,unexposed,stimulus_absolute_context,train,0.01,0.2323888538684159,0.7676111461315841
DEAP:S25:T22,DEAP:S25,T22,1,8.03,1,1,4,0,unexposed,stimulus_absolute_context,train,0.01,0.6374585967707989,0.3625414032292012
DEAP:S25:T24,DEAP:S25,T24,0,3.05,1,1,4,0,unexposed,stimulus_absolute_context,train,0.01,0.733427729391637,0.26657227060836297
DEAP:S25:T31,DEAP:S25,T31,0,1.01,1,1,4,0,unexposed,stimulus_absolute_context,train,0.01,0.6757890420332211,0.32421095796677896
DEAP:S25:T34,DEAP:S25,T34,0,4.95,1,1,4,0,unexposed,stimulus_absolute_context,train,0.01,0.7602337635595648,0.23976623644043518
DEAP:S25:T36,DEAP:S25,T36,0,3.0,1,1,4,0,unexposed,stimulus_absolute_context,train,0.01,0.7239160396134878,0.2760839603865121
DEAP:S25:T39,DEAP:S25,T39,0,1.0,1,1,4,0,unexposed,stimulus_absolute_context,train,0.01,0.6801724597924388,0.31982754020756116
DEAP:S25:T40,DEAP:S25,T40,0,1.0,1,1,4,0,unexposed,stimulus_absolute_context,train,0.01,0.4989326913255556,0.5010673086744444
DEAP:S26:T03,DEAP:S26,T03,1,9.0,1,1,4,0,unexposed,stimulus_absolute_context,train,0.01,0.2578017706263276,0.7421982293736724
DEAP:S26:T04,DEAP:S26,T04,1,8.03,1,1,4,0,unexposed,stimulus_absolute_context,train,0.01,0.1897600213081686,0.8102399786918314
DEAP:S26:T06,DEAP:S26,T06,1,8.09,1,1,4,0,unexposed,stimulus_absolute_context,train,0.01,0.2995228680302455,0.7004771319697545
DEAP:S26:T07,DEAP:S26,T07,1,6.08,1,1,4,0,unexposed,stimulus_absolute_context,train,0.01,0.40717494734426685,0.5928250526557332
DEAP:S26:T11,DEAP:S26,T11,1,8.04,1,1,4,0,unexposed,stimulus_absolute_context,train,0.01,0.2601891107326064,0.7398108892673936
DEAP:S26:T13,DEAP:S26,T13,1,7.12,1,1,4,0,unexposed,stimulus_absolute_context,train,0.01,0.38405483949816244,0.6159451605018376
DEAP:S26:T18,DEAP:S26,T18,1,9.0,1,1,4,0,unexposed,stimulus_absolute_context,train,0.01,0.2552753659395427,0.7447246340604573
DEAP:S26:T22,DEAP:S26,T22,1,6.97,1,1,4,0,unexposed,stimulus_absolute_context,train,0.01,0.5844497220828286,0.41555027791717136
DEAP:S26:T24,DEAP:S26,T24,1,9.0,1,1,4,0,unexposed,stimulus_absolute_context,train,0.01,0.744531533093741,0.25546846690625896
DEAP:S26:T31,DEAP:S26,T31,0,1.97,1,1,4,0,unexposed,stimulus_absolute_context,train,0.01,0.6273811930527583,0.3726188069472417
DEAP:S26:T34,DEAP:S26,T34,0,1.0,1,1,4,0,unexposed,stimulus_absolute_context,train,0.01,0.7111704069796773,0.28882959302032274
DEAP:S26:T36,DEAP:S26,T36,0,2.92,1,1,4,0,unexposed,stimulus_absolute_context,train,0.01,0.631588981718131,0.3684110182818689
DEAP:S26:T39,DEAP:S26,T39,0,1.95,1,1,4,0,unexposed,stimulus_absolute_context,train,0.01,0.5859051849833188,0.4140948150166812
DEAP:S26:T40,DEAP:S26,T40,0,3.06,1,1,4,0,unexposed,stimulus_absolute_context,train,0.01,0.4350278690134183,0.5649721309865817
DEAP:S27:T03,DEAP:S27,T03,1,9.0,1,1,4,0,unexposed,stimulus_absolute_context,train,0.01,0.20715832444452698,0.792841675555473
DEAP:S27:T04,DEAP:S27,T04,1,7.05,1,1,4,0,unexposed,stimulus_absolute_context,train,0.01,0.12310648367552857,0.8768935163244714
DEAP:S27:T06,DEAP:S27,T06,1,7.0,1,1,4,0,unexposed,stimulus_absolute_context,train,0.01,0.22692446065958694,0.7730755393404131
DEAP:S27:T07,DEAP:S27,T07,0,4.94,1,1,4,0,unexposed,stimulus_absolute_context,train,0.01,0.297071128669517,0.702928871330483
DEAP:S27:T11,DEAP:S27,T11,1,9.0,1,1,4,0,unexposed,stimulus_absolute_context,train,0.01,0.18877026133614216,0.8112297386638578
DEAP:S27:T16,DEAP:S27,T16,1,8.06,1,1,4,0,unexposed,stimulus_absolute_context,train,0.01,0.4577701531916609,0.5422298468083391
DEAP:S27:T18,DEAP:S27,T18,1,9.0,1,1,4,0,unexposed,stimulus_absolute_context,train,0.01,0.18200188651603677,0.8179981134839632
DEAP:S27:T22,DEAP:S27,T22,1,7.29,1,1,4,0,unexposed,stimulus_absolute_context,train,0.01,0.4946050814110614,0.5053949185889386
DEAP:S27:T24,DEAP:S27,T24,1,8.9,1,1,4,0,unexposed,stimulus_absolute_context,train,0.01,0.6457525488083051,0.3542474511916948
DEAP:S27:T31,DEAP:S27,T31,1,5.08,1,1,4,0,unexposed,stimulus_absolute_context,train,0.01,0.5722387049055664,0.4277612950944336
DEAP:S27:T34,DEAP:S27,T34,0,2.85,1,1,4,0,unexposed,stimulus_absolute_context,train,0.01,0.6039087269547916,0.39609127304520847
DEAP:S27:T36,DEAP:S27,T36,1,6.13,1,1,4,0,unexposed,stimulus_absolute_context,train,0.01,0.574868745854457,0.42513125414554304
DEAP:S27:T39,DEAP:S27,T39,0,2.14,1,1,4,0,unexposed,stimulus_absolute_context,train,0.01,0.5213772808857411,0.47862271911425885
DEAP:S27:T40,DEAP:S27,T40,1,5.04,1,1,4,0,unexposed,stimulus_absolute_context,train,0.01,0.38829216039302217,0.6117078396069778
DEAP:S28:T03,DEAP:S28,T03,1,9.0,1,1,4,0,unexposed,stimulus_absolute_context,train,0.01,0.1765829519600698,0.8234170480399302
DEAP:S28:T04,DEAP:S28,T04,1,8.08,1,1,4,0,unexposed,stimulus_absolute_context,train,0.01,0.13244245954791833,0.8675575404520817
DEAP:S28:T06,DEAP:S28,T06,1,8.15,1,1,4,0,unexposed,stimulus_absolute_context,train,0.01,0.20255568177505423,0.7974443182249458
DEAP:S28:T07,DEAP:S28,T07,1,8.09,1,1,4,0,unexposed,stimulus_absolute_context,train,0.01,0.26266103494295345,0.7373389650570465
DEAP:S28:T09,DEAP:S28,T09,1,5.04,1,1,4,0,unexposed,stimulus_absolute_context,train,0.01,0.16555746244235248,0.8344425375576475
DEAP:S28:T13,DEAP:S28,T13,0,2.09,1,1,4,0,unexposed,stimulus_absolute_context,train,0.01,0.2546030843925754,0.7453969156074246
DEAP:S28:T16,DEAP:S28,T16,1,6.91,1,1,4,0,unexposed,stimulus_absolute_context,train,0.01,0.4519661160173264,0.5480338839826736
DEAP:S28:T18,DEAP:S28,T18,1,8.08,1,1,4,0,unexposed,stimulus_absolute_context,train,0.01,0.1547267489097437,0.8452732510902563
DEAP:S28:T22,DEAP:S28,T22,1,5.03,1,1,4,0,unexposed,stimulus_absolute_context,train,0.01,0.46039666621942854,0.5396033337805715
DEAP:S28:T24,DEAP:S28,T24,0,4.04,1,1,4,0,unexposed,stimulus_absolute_context,train,0.01,0.5925328148460725,0.40746718515392755
DEAP:S28:T31,DEAP:S28,T31,1,6.91,1,1,4,0,unexposed,stimulus_absolute_context,train,0.01,0.5565017533388645,0.4434982466611355
DEAP:S28:T34,DEAP:S28,T34,1,5.99,1,1,4,0,unexposed,stimulus_absolute_context,train,0.01,0.6287777658992736,0.3712222341007264
DEAP:S28:T36,DEAP:S28,T36,0,3.08,1,1,4,0,unexposed,stimulus_absolute_context,train,0.01,0.5273830211730741,0.4726169788269258
DEAP:S28:T39,DEAP:S28,T39,0,1.04,1,1,4,0,unexposed,stimulus_absolute_context,train,0.01,0.4982080536877084,0.5017919463122916
DEAP:S28:T40,DEAP:S28,T40,1,7.1,1,1,4,0,unexposed,stimulus_absolute_context,train,0.01,0.3538413519204905,0.6461586480795095
DEAP:S29:T03,DEAP:S29,T03,1,9.0,1,1,4,0,unexposed,stimulus_absolute_context,train,0.01,0.28648324261733815,0.7135167573826618
DEAP:S29:T04,DEAP:S29,T04,1,7.17,1,1,4,0,unexposed,stimulus_absolute_context,train,0.01,0.22073814938932046,0.7792618506106795
DEAP:S29:T07,DEAP:S29,T07,1,7.04,1,1,4,0,unexposed,stimulus_absolute_context,train,0.01,0.44462297968602615,0.5553770203139738
DEAP:S29:T09,DEAP:S29,T09,1,7.06,1,1,4,0,unexposed,stimulus_absolute_context,train,0.01,0.303989591074053,0.696010408925947
DEAP:S29:T11,DEAP:S29,T11,1,8.03,1,1,4,0,unexposed,stimulus_absolute_context,train,0.01,0.28751036426847765,0.7124896357315224
DEAP:S29:T13,DEAP:S29,T13,1,6.06,1,1,4,0,unexposed,stimulus_absolute_context,train,0.01,0.43207705613696756,0.5679229438630324
DEAP:S29:T16,DEAP:S29,T16,0,3.0,1,1,4,0,unexposed,stimulus_absolute_context,train,0.01,0.6055917573778302,0.3944082426221698
DEAP:S29:T18,DEAP:S29,T18,1,7.01,1,1,4,0,unexposed,stimulus_absolute_context,train,0.01,0.3020943852840724,0.6979056147159276
DEAP:S29:T22,DEAP:S29,T22,0,3.05,1,1,4,0,unexposed,stimulus_absolute_context,train,0.01,0.6039815961535924,0.39601840384640763
DEAP:S29:T24,DEAP:S29,T24,0,4.12,1,1,4,0,unexposed,stimulus_absolute_context,train,0.01,0.745511824450192,0.25448817554980796
DEAP:S29:T31,DEAP:S29,T31,0,1.0,1,1,4,0,unexposed,stimulus_absolute_context,train,0.01,0.6639059054169896,0.3360940945830104
DEAP:S29:T34,DEAP:S29,T34,0,3.95,1,1,4,0,unexposed,stimulus_absolute_context,train,0.01,0.7483150736603085,0.25168492633969153
DEAP:S29:T40,DEAP:S29,T40,1,6.01,1,1,4,0,unexposed,stimulus_absolute_context,train,0.01,0.5039567195844088,0.49604328041559115
DEAP:S30:T03,DEAP:S30,T03,1,6.15,1,1,4,0,unexposed,stimulus_absolute_context,train,0.01,0.31804409448660653,0.6819559055133935
DEAP:S30:T04,DEAP:S30,T04,1,7.04,1,1,4,0,unexposed,stimulus_absolute_context,train,0.01,0.2194085425320792,0.7805914574679208
DEAP:S30:T06,DEAP:S30,T06,1,6.22,1,1,4,0,unexposed,stimulus_absolute_context,train,0.01,0.340320613294562,0.659679386705438
DEAP:S30:T07,DEAP:S30,T07,0,4.05,1,1,4,0,unexposed,stimulus_absolute_context,train,0.01,0.41673941585375407,0.5832605841462459
DEAP:S30:T09,DEAP:S30,T09,1,7.08,1,1,4,0,unexposed,stimulus_absolute_context,train,0.01,0.28573693606014816,0.7142630639398518
DEAP:S30:T11,DEAP:S30,T11,1,6.06,1,1,4,0,unexposed,stimulus_absolute_context,train,0.01,0.2934634455484203,0.7065365544515797
DEAP:S30:T13,DEAP:S30,T13,0,4.04,1,1,4,0,unexposed,stimulus_absolute_context,train,0.01,0.3823023358430778,0.6176976641569222
DEAP:S30:T16,DEAP:S30,T16,1,5.04,1,1,4,0,unexposed,stimulus_absolute_context,train,0.01,0.5823543306042689,0.41764566939573106
DEAP:S30:T18,DEAP:S30,T18,1,7.05,1,1,4,0,unexposed,stimulus_absolute_context,train,0.01,0.29026630722827884,0.7097336927717212
DEAP:S30:T22,DEAP:S30,T22,0,4.05,1,1,4,0,unexposed,stimulus_absolute_context,train,0.01,0.5819111968474993,0.41808880315250074
DEAP:S30:T24,DEAP:S30,T24,1,5.99,1,1,4,0,unexposed,stimulus_absolute_context,train,0.01,0.7459438248882347,0.25405617511176526
DEAP:S30:T31,DEAP:S30,T31,0,3.86,1,1,4,0,unexposed,stimulus_absolute_context,train,0.01,0.6860167628903342,0.31398323710966586
DEAP:S30:T34,DEAP:S30,T34,0,4.99,1,1,4,0,unexposed,stimulus_absolute_context,train,0.01,0.7221739176318219,0.2778260823681781
DEAP:S30:T39,DEAP:S30,T39,0,2.97,1,1,4,0,unexposed,stimulus_absolute_context,train,0.01,0.6508188048661194,0.34918119513388063
DEAP:S30:T40,DEAP:S30,T40,1,5.05,1,1,4,0,unexposed,stimulus_absolute_context,train,0.01,0.5239595910685213,0.47604040893147864
DEAP:S32:T03,DEAP:S32,T03,1,8.05,1,1,4,0,unexposed,stimulus_absolute_context,train,0.01,0.30751501290665073,0.6924849870933493
DEAP:S32:T04,DEAP:S32,T04,1,6.96,1,1,4,0,unexposed,stimulus_absolute_context,train,0.01,0.2098012597439487,0.7901987402560513
DEAP:S32:T06,DEAP:S32,T06,1,5.78,1,1,4,0,unexposed,stimulus_absolute_context,train,0.01,0.40249733615798255,0.5975026638420174
DEAP:S32:T07,DEAP:S32,T07,0,4.94,1,1,4,0,unexposed,stimulus_absolute_context,train,0.01,0.4542621704535711,0.5457378295464289
DEAP:S32:T09,DEAP:S32,T09,1,7.86,1,1,4,0,unexposed,stimulus_absolute_context,train,0.01,0.2551454215753661,0.7448545784246339
DEAP:S32:T11,DEAP:S32,T11,1,8.24,1,1,4,0,unexposed,stimulus_absolute_context,train,0.01,0.2920874521689789,0.7079125478310211
DEAP:S32:T13,DEAP:S32,T13,1,7.09,1,1,4,0,unexposed,stimulus_absolute_context,train,0.01,0.37212225721571046,0.6278777427842895
DEAP:S32:T16,DEAP:S32,T16,0,3.97,1,1,4,0,unexposed,stimulus_absolute_context,train,0.01,0.557839096881688,0.44216090311831197
DEAP:S32:T18,DEAP:S32,T18,1,8.03,1,1,4,0,unexposed,stimulus_absolute_context,train,0.01,0.2959426293961618,0.7040573706038382
DEAP:S32:T22,DEAP:S32,T22,0,4.15,1,1,4,0,unexposed,stimulus_absolute_context,train,0.01,0.5966496219234314,0.4033503780765686
DEAP:S32:T24,DEAP:S32,T24,0,1.0,1,1,4,0,unexposed,stimulus_absolute_context,train,0.01,0.7447990546515229,0.2552009453484772
DEAP:S32:T31,DEAP:S32,T31,0,4.17,1,1,4,0,unexposed,stimulus_absolute_context,train,0.01,0.711036605618582,0.288963394381418
DEAP:S32:T34,DEAP:S32,T34,0,4.05,1,1,4,0,unexposed,stimulus_absolute_context,train,0.01,0.7163248264334223,0.2836751735665776
DEAP:S32:T36,DEAP:S32,T36,0,3.91,1,1,4,0,unexposed,stimulus_absolute_context,train,0.01,0.6936813278499013,0.30631867215009867
DEAP:S32:T39,DEAP:S32,T39,0,3.99,1,1,4,0,unexposed,stimulus_absolute_context,train,0.01,0.6856807237920071,0.314319276207993
DEAP:S32:T40,DEAP:S32,T40,1,7.15,1,1,4,0,unexposed,stimulus_absolute_context,train,0.01,0.5256898817512619,0.4743101182487382
DEAP:S03:T02,DEAP:S03,T02,1,7.21,1,1,4,0,unexposed,stimulus_absolute_context,validation_unseen,0.01,0.457344073269941,0.542655926730059
DEAP:S03:T10,DEAP:S03,T10,0,4.45,1,1,4,0,unexposed,stimulus_absolute_context,validation_unseen,0.01,0.43927476249386666,0.5607252375061333
DEAP:S03:T14,DEAP:S03,T14,1,7.29,1,1,4,0,unexposed,stimulus_absolute_context,validation_unseen,0.01,0.4400850389280129,0.5599149610719871
DEAP:S03:T17,DEAP:S03,T17,0,4.56,1,1,4,0,unexposed,stimulus_absolute_context,validation_unseen,0.01,0.43793646915269757,0.5620635308473024
DEAP:S03:T20,DEAP:S03,T20,1,6.26,1,1,4,0,unexposed,stimulus_absolute_context,validation_unseen,0.01,0.44021695864244337,0.5597830413575566
DEAP:S03:T21,DEAP:S03,T21,0,4.99,1,1,4,0,unexposed,stimulus_absolute_context,validation_unseen,0.01,0.43693712259364215,0.5630628774063579
DEAP:S03:T37,DEAP:S03,T37,0,4.92,1,1,4,0,unexposed,stimulus_absolute_context,validation_unseen,0.01,0.43033112008839136,0.5696688799116086
DEAP:S03:T38,DEAP:S03,T38,0,4.53,1,1,4,0,unexposed,stimulus_absolute_context,validation_unseen,0.01,0.4301211364449766,0.5698788635550234
DEAP:S04:T02,DEAP:S04,T02,0,4.06,1,1,4,0,unexposed,stimulus_absolute_context,validation_unseen,0.01,0.5173615651868914,0.48263843481310864
DEAP:S04:T10,DEAP:S04,T10,0,3.15,1,1,4,0,unexposed,stimulus_absolute_context,validation_unseen,0.01,0.5050305622654758,0.49496943773452423
DEAP:S04:T14,DEAP:S04,T14,1,6.96,1,1,4,0,unexposed,stimulus_absolute_context,validation_unseen,0.01,0.5419508339447695,0.4580491660552305
DEAP:S04:T17,DEAP:S04,T17,1,7.01,1,1,4,0,unexposed,stimulus_absolute_context,validation_unseen,0.01,0.5358889661143741,0.4641110338856259
DEAP:S04:T20,DEAP:S04,T20,1,8.17,1,1,4,0,unexposed,stimulus_absolute_context,validation_unseen,0.01,0.516016062645696,0.48398393735430395
DEAP:S04:T21,DEAP:S04,T21,0,1.77,1,1,4,0,unexposed,stimulus_absolute_context,validation_unseen,0.01,0.4807190928979682,0.5192809071020318
DEAP:S04:T37,DEAP:S04,T37,0,1.0,1,1,4,0,unexposed,stimulus_absolute_context,validation_unseen,0.01,0.4713575608721764,0.5286424391278236
DEAP:S04:T38,DEAP:S04,T38,0,1.79,1,1,4,0,unexposed,stimulus_absolute_context,validation_unseen,0.01,0.4894631946769823,0.5105368053230177
DEAP:S21:T02,DEAP:S21,T02,1,7.05,1,1,4,0,unexposed,stimulus_absolute_context,validation_unseen,0.01,0.6186350273787384,0.3813649726212615
DEAP:S21:T10,DEAP:S21,T10,1,7.05,1,1,4,0,unexposed,stimulus_absolute_context,validation_unseen,0.01,0.6281001932077466,0.3718998067922535
DEAP:S21:T14,DEAP:S21,T14,1,8.1,1,1,4,0,unexposed,stimulus_absolute_context,validation_unseen,0.01,0.6220038214717816,0.3779961785282184
DEAP:S21:T17,DEAP:S21,T17,1,5.53,1,1,4,0,unexposed,stimulus_absolute_context,validation_unseen,0.01,0.6166472264474651,0.38335277355253494
DEAP:S21:T20,DEAP:S21,T20,0,2.33,1,1,4,0,unexposed,stimulus_absolute_context,validation_unseen,0.01,0.6079454475052162,0.39205455249478377
DEAP:S21:T21,DEAP:S21,T21,0,4.08,1,1,4,0,unexposed,stimulus_absolute_context,validation_unseen,0.01,0.6245135346835726,0.3754864653164274
DEAP:S21:T37,DEAP:S21,T37,0,3.04,1,1,4,0,unexposed,stimulus_absolute_context,validation_unseen,0.01,0.6176609121783538,0.3823390878216461
DEAP:S21:T38,DEAP:S21,T38,0,3.03,1,1,4,0,unexposed,stimulus_absolute_context,validation_unseen,0.01,0.5906272867614883,0.4093727132385117
DEAP:S22:T02,DEAP:S22,T02,1,7.08,1,1,4,0,unexposed,stimulus_absolute_context,validation_unseen,0.01,0.37836901126898304,0.621630988731017
DEAP:S22:T10,DEAP:S22,T10,0,4.0,1,1,4,0,unexposed,stimulus_absolute_context,validation_unseen,0.01,0.3518689957801915,0.6481310042198085
DEAP:S22:T14,DEAP:S22,T14,1,8.05,1,1,4,0,unexposed,stimulus_absolute_context,validation_unseen,0.01,0.4006340711725759,0.5993659288274241
DEAP:S22:T17,DEAP:S22,T17,1,5.04,1,1,4,0,unexposed,stimulus_absolute_context,validation_unseen,0.01,0.3828273051318304,0.6171726948681696
DEAP:S22:T20,DEAP:S22,T20,1,7.08,1,1,4,0,unexposed,stimulus_absolute_context,validation_unseen,0.01,0.36353347383928547,0.6364665261607145
DEAP:S22:T21,DEAP:S22,T21,0,2.97,1,1,4,0,unexposed,stimulus_absolute_context,validation_unseen,0.01,0.3914805392785581,0.6085194607214419
DEAP:S22:T37,DEAP:S22,T37,0,1.0,1,1,4,0,unexposed,stimulus_absolute_context,validation_unseen,0.01,0.3558104987191585,0.6441895012808415
DEAP:S22:T38,DEAP:S22,T38,0,1.0,1,1,4,0,unexposed,stimulus_absolute_context,validation_unseen,0.01,0.35551677821299443,0.6444832217870056
DEAP:S03:T03,DEAP:S03,T03,1,7.55,1,1,4,0,unexposed,stimulus_absolute_context,validation_familiar,0.01,0.26039586811478177,0.7396041318852182
DEAP:S03:T04,DEAP:S03,T04,0,4.69,1,1,4,0,unexposed,stimulus_absolute_context,validation_familiar,0.01,0.18548305193354797,0.814516948066452
DEAP:S03:T06,DEAP:S03,T06,1,6.79,1,1,4,0,unexposed,stimulus_absolute_context,validation_familiar,0.01,0.31011591999644106,0.6898840800035589
DEAP:S03:T07,DEAP:S03,T07,1,5.45,1,1,4,0,unexposed,stimulus_absolute_context,validation_familiar,0.01,0.39026403360029505,0.609735966399705
DEAP:S03:T09,DEAP:S03,T09,1,7.33,1,1,4,0,unexposed,stimulus_absolute_context,validation_familiar,0.01,0.2578612495705058,0.7421387504294942
DEAP:S03:T11,DEAP:S03,T11,1,7.94,1,1,4,0,unexposed,stimulus_absolute_context,validation_familiar,0.01,0.2483312440063763,0.7516687559936237
DEAP:S03:T13,DEAP:S03,T13,1,7.91,1,1,4,0,unexposed,stimulus_absolute_context,validation_familiar,0.01,0.34030968253160676,0.6596903174683932
DEAP:S03:T16,DEAP:S03,T16,1,7.15,1,1,4,0,unexposed,stimulus_absolute_context,validation_familiar,0.01,0.523697776773458,0.47630222322654203
DEAP:S03:T18,DEAP:S03,T18,1,7.1,1,1,4,0,unexposed,stimulus_absolute_context,validation_familiar,0.01,0.24724832034046995,0.75275167965953
DEAP:S03:T22,DEAP:S03,T22,0,4.94,1,1,4,0,unexposed,stimulus_absolute_context,validation_familiar,0.01,0.5492473427829094,0.4507526572170906
DEAP:S03:T24,DEAP:S03,T24,0,3.31,1,1,4,0,unexposed,stimulus_absolute_context,validation_familiar,0.01,0.7055651280818851,0.29443487191811496
DEAP:S03:T31,DEAP:S03,T31,0,4.44,1,1,4,0,unexposed,stimulus_absolute_context,validation_familiar,0.01,0.6209728197555822,0.3790271802444178
DEAP:S03:T34,DEAP:S03,T34,0,4.72,1,1,4,0,unexposed,stimulus_absolute_context,validation_familiar,0.01,0.691011987199742,0.308988012800258
DEAP:S03:T36,DEAP:S03,T36,1,5.01,1,1,4,0,unexposed,stimulus_absolute_context,validation_familiar,0.01,0.6483013533413049,0.3516986466586951
DEAP:S03:T39,DEAP:S03,T39,0,4.33,1,1,4,0,unexposed,stimulus_absolute_context,validation_familiar,0.01,0.6040444216440694,0.39595557835593065
DEAP:S03:T40,DEAP:S03,T40,1,5.38,1,1,4,0,unexposed,stimulus_absolute_context,validation_familiar,0.01,0.42943096577274065,0.5705690342272594
DEAP:S04:T03,DEAP:S04,T03,1,8.95,1,1,4,0,unexposed,stimulus_absolute_context,validation_familiar,0.01,0.31806990378330047,0.6819300962166995
DEAP:S04:T04,DEAP:S04,T04,1,6.1,1,1,4,0,unexposed,stimulus_absolute_context,validation_familiar,0.01,0.2321005696210694,0.7678994303789306
DEAP:S04:T06,DEAP:S04,T06,1,5.01,1,1,4,0,unexposed,stimulus_absolute_context,validation_familiar,0.01,0.3259075189715419,0.6740924810284581
DEAP:S04:T07,DEAP:S04,T07,0,2.94,1,1,4,0,unexposed,stimulus_absolute_context,validation_familiar,0.01,0.39897350693765066,0.6010264930623493
DEAP:S04:T09,DEAP:S04,T09,1,6.05,1,1,4,0,unexposed,stimulus_absolute_context,validation_familiar,0.01,0.24318731193722265,0.7568126880627774
DEAP:S04:T11,DEAP:S04,T11,1,7.24,1,1,4,0,unexposed,stimulus_absolute_context,validation_familiar,0.01,0.2766035523845276,0.7233964476154724
DEAP:S04:T13,DEAP:S04,T13,0,4.12,1,1,4,0,unexposed,stimulus_absolute_context,validation_familiar,0.01,0.4219076008903798,0.5780923991096202
DEAP:S04:T16,DEAP:S04,T16,0,2.51,1,1,4,0,unexposed,stimulus_absolute_context,validation_familiar,0.01,0.6251314193133783,0.3748685806866217
DEAP:S04:T18,DEAP:S04,T18,0,4.9,1,1,4,0,unexposed,stimulus_absolute_context,validation_familiar,0.01,0.2897888085559436,0.7102111914440564
DEAP:S04:T22,DEAP:S04,T22,0,1.86,1,1,4,0,unexposed,stimulus_absolute_context,validation_familiar,0.01,0.6449270557855628,0.35507294421443725
DEAP:S04:T24,DEAP:S04,T24,0,2.71,1,1,4,0,unexposed,stimulus_absolute_context,validation_familiar,0.01,0.7263694999999184,0.27363050000008166
DEAP:S04:T31,DEAP:S04,T31,0,2.01,1,1,4,0,unexposed,stimulus_absolute_context,validation_familiar,0.01,0.6315789766754272,0.3684210233245728
DEAP:S04:T34,DEAP:S04,T34,0,2.17,1,1,4,0,unexposed,stimulus_absolute_context,validation_familiar,0.01,0.737394805279082,0.2626051947209181
DEAP:S04:T36,DEAP:S04,T36,0,2.72,1,1,4,0,unexposed,stimulus_absolute_context,validation_familiar,0.01,0.6363102179050268,0.36368978209497316
DEAP:S04:T39,DEAP:S04,T39,0,1.92,1,1,4,0,unexposed,stimulus_absolute_context,validation_familiar,0.01,0.6451895266439098,0.3548104733560901
DEAP:S04:T40,DEAP:S04,T40,0,1.86,1,1,4,0,unexposed,stimulus_absolute_context,validation_familiar,0.01,0.4952200344004807,0.5047799655995193
DEAP:S21:T03,DEAP:S21,T03,0,4.83,1,1,4,0,unexposed,stimulus_absolute_context,validation_familiar,0.01,0.4430239753010261,0.5569760246989739
DEAP:S21:T04,DEAP:S21,T04,1,5.05,1,1,4,0,unexposed,stimulus_absolute_context,validation_familiar,0.01,0.29993512385966037,0.7000648761403396
DEAP:S21:T06,DEAP:S21,T06,1,7.92,1,1,4,0,unexposed,stimulus_absolute_context,validation_familiar,0.01,0.448145616403435,0.551854383596565
DEAP:S21:T07,DEAP:S21,T07,1,7.05,1,1,4,0,unexposed,stimulus_absolute_context,validation_familiar,0.01,0.5472921751316007,0.4527078248683994
DEAP:S21:T09,DEAP:S21,T09,1,8.56,1,1,4,0,unexposed,stimulus_absolute_context,validation_familiar,0.01,0.40397490690922444,0.5960250930907756
DEAP:S21:T11,DEAP:S21,T11,1,7.05,1,1,4,0,unexposed,stimulus_absolute_context,validation_familiar,0.01,0.3632259524476994,0.6367740475523006
DEAP:S21:T13,DEAP:S21,T13,0,4.27,1,1,4,0,unexposed,stimulus_absolute_context,validation_familiar,0.01,0.5431943890011429,0.4568056109988571
DEAP:S21:T16,DEAP:S21,T16,1,5.99,1,1,4,0,unexposed,stimulus_absolute_context,validation_familiar,0.01,0.7332579576697056,0.26674204233029447
DEAP:S21:T18,DEAP:S21,T18,1,7.99,1,1,4,0,unexposed,stimulus_absolute_context,validation_familiar,0.01,0.3812472775721242,0.6187527224278758
DEAP:S21:T22,DEAP:S21,T22,0,2.09,1,1,4,0,unexposed,stimulus_absolute_context,validation_familiar,0.01,0.7324538588606486,0.2675461411393513
DEAP:S21:T24,DEAP:S21,T24,0,2.99,1,1,4,0,unexposed,stimulus_absolute_context,validation_familiar,0.01,0.8301156522908795,0.16988434770912053
DEAP:S21:T31,DEAP:S21,T31,1,5.04,1,1,4,0,unexposed,stimulus_absolute_context,validation_familiar,0.01,0.7589395981553183,0.2410604018446817
DEAP:S21:T34,DEAP:S21,T34,0,4.06,1,1,4,0,unexposed,stimulus_absolute_context,validation_familiar,0.01,0.8202771943061238,0.1797228056938762
DEAP:S21:T36,DEAP:S21,T36,1,6.88,1,1,4,0,unexposed,stimulus_absolute_context,validation_familiar,0.01,0.7888587095877636,0.21114129041223642
DEAP:S21:T39,DEAP:S21,T39,1,6.09,1,1,4,0,unexposed,stimulus_absolute_context,validation_familiar,0.01,0.7775013757325776,0.2224986242674224
DEAP:S21:T40,DEAP:S21,T40,0,3.99,1,1,4,0,unexposed,stimulus_absolute_context,validation_familiar,0.01,0.6243386366122006,0.37566136338779943
DEAP:S22:T03,DEAP:S22,T03,1,7.05,1,1,4,0,unexposed,stimulus_absolute_context,validation_familiar,0.01,0.17639009683952456,0.8236099031604754
DEAP:S22:T04,DEAP:S22,T04,1,7.06,1,1,4,0,unexposed,stimulus_absolute_context,validation_familiar,0.01,0.13097756455583498,0.869022435444165
DEAP:S22:T06,DEAP:S22,T06,0,4.97,1,1,4,0,unexposed,stimulus_absolute_context,validation_familiar,0.01,0.22235393932834868,0.7776460606716513
DEAP:S22:T07,DEAP:S22,T07,1,6.03,1,1,4,0,unexposed,stimulus_absolute_context,validation_familiar,0.01,0.3130334618564028,0.6869665381435972
DEAP:S22:T09,DEAP:S22,T09,1,9.0,1,1,4,0,unexposed,stimulus_absolute_context,validation_familiar,0.01,0.1902679798515281,0.8097320201484719
DEAP:S22:T11,DEAP:S22,T11,1,8.05,1,1,4,0,unexposed,stimulus_absolute_context,validation_familiar,0.01,0.20441411712952828,0.7955858828704717
DEAP:S22:T13,DEAP:S22,T13,1,7.01,1,1,4,0,unexposed,stimulus_absolute_context,validation_familiar,0.01,0.29966742329709495,0.700332576702905
DEAP:S22:T16,DEAP:S22,T16,1,6.06,1,1,4,0,unexposed,stimulus_absolute_context,validation_familiar,0.01,0.5136688690949635,0.48633113090503655
DEAP:S22:T18,DEAP:S22,T18,1,8.08,1,1,4,0,unexposed,stimulus_absolute_context,validation_familiar,0.01,0.19380788136182692,0.8061921186381731
DEAP:S22:T22,DEAP:S22,T22,0,4.05,1,1,4,0,unexposed,stimulus_absolute_context,validation_familiar,0.01,0.5138161462301649,0.48618385376983503
DEAP:S22:T24,DEAP:S22,T24,0,1.96,1,1,4,0,unexposed,stimulus_absolute_context,validation_familiar,0.01,0.6063200115676185,0.3936799884323815
DEAP:S22:T31,DEAP:S22,T31,0,2.01,1,1,4,0,unexposed,stimulus_absolute_context,validation_familiar,0.01,0.5471961669591221,0.4528038330408779
DEAP:S22:T34,DEAP:S22,T34,1,5.04,1,1,4,0,unexposed,stimulus_absolute_context,validation_familiar,0.01,0.6489215190222882,0.35107848097771177
DEAP:S22:T36,DEAP:S22,T36,0,1.96,1,1,4,0,unexposed,stimulus_absolute_context,validation_familiar,0.01,0.5678637169084141,0.4321362830915859
DEAP:S22:T39,DEAP:S22,T39,0,1.0,1,1,4,0,unexposed,stimulus_absolute_context,validation_familiar,0.01,0.5556042892448678,0.4443957107551321
DEAP:S22:T40,DEAP:S22,T40,0,2.97,1,1,4,0,unexposed,stimulus_absolute_context,validation_familiar,0.01,0.37405708549638095,0.625942914503619
DEAP:S02:T03,DEAP:S02,T03,1,9.0,1,1,4,0,unexposed,stimulus_absolute_context,train,0.1,0.130919895501467,0.869080104498533
DEAP:S02:T04,DEAP:S02,T04,1,6.05,1,1,4,0,unexposed,stimulus_absolute_context,train,0.1,0.03801849901334897,0.961981500986651
DEAP:S02:T07,DEAP:S02,T07,0,4.96,1,1,4,0,unexposed,stimulus_absolute_context,train,0.1,0.2788785992446917,0.7211214007553083
DEAP:S02:T09,DEAP:S02,T09,1,9.0,1,1,4,0,unexposed,stimulus_absolute_context,train,0.1,0.08636107374671476,0.9136389262532852
DEAP:S02:T11,DEAP:S02,T11,1,7.08,1,1,4,0,unexposed,stimulus_absolute_context,train,0.1,0.057388827647056884,0.9426111723529431
DEAP:S02:T16,DEAP:S02,T16,1,6.0,1,1,4,0,unexposed,stimulus_absolute_context,train,0.1,0.45105834165267744,0.5489416583473226
DEAP:S02:T18,DEAP:S02,T18,1,9.0,1,1,4,0,unexposed,stimulus_absolute_context,train,0.1,0.052630252098089136,0.9473697479019109
DEAP:S02:T24,DEAP:S02,T24,1,7.08,1,1,4,0,unexposed,stimulus_absolute_context,train,0.1,0.7817652020210761,0.21823479797892384
DEAP:S02:T31,DEAP:S02,T31,0,4.06,1,1,4,0,unexposed,stimulus_absolute_context,train,0.1,0.5832764646349742,0.41672353536502577
DEAP:S02:T34,DEAP:S02,T34,0,4.87,1,1,4,0,unexposed,stimulus_absolute_context,train,0.1,0.767910958824108,0.232089041175892
DEAP:S02:T36,DEAP:S02,T36,1,5.04,1,1,4,0,unexposed,stimulus_absolute_context,train,0.1,0.7672134378522217,0.2327865621477783
DEAP:S02:T39,DEAP:S02,T39,0,1.0,1,1,4,0,unexposed,stimulus_absolute_context,train,0.1,0.6452872795500547,0.3547127204499453
DEAP:S02:T40,DEAP:S02,T40,1,6.05,1,1,4,0,unexposed,stimulus_absolute_context,train,0.1,0.39693513974219885,0.6030648602578011
DEAP:S05:T03,DEAP:S05,T03,0,4.95,1,1,4,0,unexposed,stimulus_absolute_context,train,0.1,0.05460392607223452,0.9453960739277655
DEAP:S05:T04,DEAP:S05,T04,1,8.24,1,1,4,0,unexposed,stimulus_absolute_context,train,0.1,0.031068340609741396,0.9689316593902586
DEAP:S05:T06,DEAP:S05,T06,1,8.09,1,1,4,0,unexposed,stimulus_absolute_context,train,0.1,0.08259210952429474,0.9174078904757053
DEAP:S05:T07,DEAP:S05,T07,1,5.12,1,1,4,0,unexposed,stimulus_absolute_context,train,0.1,0.15820589283881192,0.8417941071611881
DEAP:S05:T09,DEAP:S05,T09,1,6.94,1,1,4,0,unexposed,stimulus_absolute_context,train,0.1,0.05926774849409966,0.9407322515059003
DEAP:S05:T11,DEAP:S05,T11,1,9.0,1,1,4,0,unexposed,stimulus_absolute_context,train,0.1,0.0490081663794264,0.9509918336205736
DEAP:S05:T16,DEAP:S05,T16,1,5.96,1,1,4,0,unexposed,stimulus_absolute_context,train,0.1,0.46462842465758636,0.5353715753424136
DEAP:S05:T18,DEAP:S05,T18,1,8.05,1,1,4,0,unexposed,stimulus_absolute_context,train,0.1,0.04838090963732833,0.9516190903626717
DEAP:S05:T22,DEAP:S05,T22,1,6.99,1,1,4,0,unexposed,stimulus_absolute_context,train,0.1,0.5308822981078588,0.4691177018921412
DEAP:S05:T24,DEAP:S05,T24,0,4.0,1,1,4,0,unexposed,stimulus_absolute_context,train,0.1,0.7409379625734698,0.2590620374265302
DEAP:S05:T31,DEAP:S05,T31,1,6.9,1,1,4,0,unexposed,stimulus_absolute_context,train,0.1,0.564231197096681,0.435768802903319
DEAP:S05:T34,DEAP:S05,T34,1,6.03,1,1,4,0,unexposed,stimulus_absolute_context,train,0.1,0.7251537561419876,0.2748462438580123
DEAP:S05:T36,DEAP:S05,T36,0,4.91,1,1,4,0,unexposed,stimulus_absolute_context,train,0.1,0.6201167747524954,0.3798832252475047
DEAP:S05:T39,DEAP:S05,T39,0,1.0,1,1,4,0,unexposed,stimulus_absolute_context,train,0.1,0.5488713077582781,0.451128692241722
DEAP:S05:T40,DEAP:S05,T40,1,7.0,1,1,4,0,unexposed,stimulus_absolute_context,train,0.1,0.32280332611185947,0.6771966738881405
DEAP:S06:T03,DEAP:S06,T03,1,7.69,1,1,4,0,unexposed,stimulus_absolute_context,train,0.1,0.11151882409460523,0.8884811759053948
DEAP:S06:T04,DEAP:S06,T04,1,7.55,1,1,4,0,unexposed,stimulus_absolute_context,train,0.1,0.057930184416639,0.942069815583361
DEAP:S06:T06,DEAP:S06,T06,1,8.05,1,1,4,0,unexposed,stimulus_absolute_context,train,0.1,0.15656074739046666,0.8434392526095333
DEAP:S06:T07,DEAP:S06,T07,1,8.26,1,1,4,0,unexposed,stimulus_absolute_context,train,0.1,0.3589019021714507,0.6410980978285493
DEAP:S06:T09,DEAP:S06,T09,1,7.87,1,1,4,0,unexposed,stimulus_absolute_context,train,0.1,0.12124276675939194,0.8787572332406081
DEAP:S06:T11,DEAP:S06,T11,0,4.99,1,1,4,0,unexposed,stimulus_absolute_context,train,0.1,0.04813395572295209,0.9518660442770479
DEAP:S06:T13,DEAP:S06,T13,1,7.79,1,1,4,0,unexposed,stimulus_absolute_context,train,0.1,0.3167489055845043,0.6832510944154957
DEAP:S06:T16,DEAP:S06,T16,1,5.06,1,1,4,0,unexposed,stimulus_absolute_context,train,0.1,0.628098221776606,0.37190177822339393
DEAP:S06:T22,DEAP:S06,T22,1,7.56,1,1,4,0,unexposed,stimulus_absolute_context,train,0.1,0.5501837734451567,0.4498162265548434
DEAP:S06:T24,DEAP:S06,T24,0,3.5,1,1,4,0,unexposed,stimulus_absolute_context,train,0.1,0.7292668174047764,0.2707331825952236
DEAP:S06:T31,DEAP:S06,T31,0,3.65,1,1,4,0,unexposed,stimulus_absolute_context,train,0.1,0.7446135409647342,0.2553864590352658
DEAP:S06:T34,DEAP:S06,T34,0,3.31,1,1,4,0,unexposed,stimulus_absolute_context,train,0.1,0.791023829189597,0.208976170810403
DEAP:S06:T36,DEAP:S06,T36,1,5.71,1,1,4,0,unexposed,stimulus_absolute_context,train,0.1,0.7162410467634961,0.28375895323650385
DEAP:S06:T39,DEAP:S06,T39,1,6.56,1,1,4,0,unexposed,stimulus_absolute_context,train,0.1,0.7212597307197397,0.27874026928026036
DEAP:S06:T40,DEAP:S06,T40,0,4.85,1,1,4,0,unexposed,stimulus_absolute_context,train,0.1,0.4266969057674893,0.5733030942325107
DEAP:S07:T04,DEAP:S07,T04,1,7.08,1,1,4,0,unexposed,stimulus_absolute_context,train,0.1,0.027714780056057986,0.972285219943942
DEAP:S07:T06,DEAP:S07,T06,1,6.97,1,1,4,0,unexposed,stimulus_absolute_context,train,0.1,0.1176440641981219,0.8823559358018781
DEAP:S07:T07,DEAP:S07,T07,1,7.08,1,1,4,0,unexposed,stimulus_absolute_context,train,0.1,0.21476065347471085,0.7852393465252892
DEAP:S07:T09,DEAP:S07,T09,1,6.99,1,1,4,0,unexposed,stimulus_absolute_context,train,0.1,0.06512203518055049,0.9348779648194495
DEAP:S07:T13,DEAP:S07,T13,1,8.0,1,1,4,0,unexposed,stimulus_absolute_context,train,0.1,0.2522733716783959,0.7477266283216041
DEAP:S07:T16,DEAP:S07,T16,0,3.03,1,1,4,0,unexposed,stimulus_absolute_context,train,0.1,0.6169459664237407,0.3830540335762594
DEAP:S07:T18,DEAP:S07,T18,1,7.03,1,1,4,0,unexposed,stimulus_absolute_context,train,0.1,0.07577107230922475,0.9242289276907752
DEAP:S07:T22,DEAP:S07,T22,0,3.05,1,1,4,0,unexposed,stimulus_absolute_context,train,0.1,0.45241392570302286,0.5475860742969771
DEAP:S07:T24,DEAP:S07,T24,0,1.97,1,1,4,0,unexposed,stimulus_absolute_context,train,0.1,0.7566789034650273,0.2433210965349727
DEAP:S07:T31,DEAP:S07,T31,1,6.96,1,1,4,0,unexposed,stimulus_absolute_context,train,0.1,0.7045372091958699,0.29546279080413007
DEAP:S07:T34,DEAP:S07,T34,0,4.01,1,1,4,0,unexposed,stimulus_absolute_context,train,0.1,0.7349773195023961,0.2650226804976039
DEAP:S07:T36,DEAP:S07,T36,1,8.1,1,1,4,0,unexposed,stimulus_absolute_context,train,0.1,0.6909709371557433,0.3090290628442567
DEAP:S07:T39,DEAP:S07,T39,1,7.01,1,1,4,0,unexposed,stimulus_absolute_context,train,0.1,0.5589650823002528,0.4410349176997473
DEAP:S07:T40,DEAP:S07,T40,1,7.01,1,1,4,0,unexposed,stimulus_absolute_context,train,0.1,0.3590477815908891,0.6409522184091109
DEAP:S08:T03,DEAP:S08,T03,1,8.15,1,1,4,0,unexposed,stimulus_absolute_context,train,0.1,0.17095519041668739,0.8290448095833126
DEAP:S08:T04,DEAP:S08,T04,1,6.82,1,1,4,0,unexposed,stimulus_absolute_context,train,0.1,0.0657334730526643,0.9342665269473357
DEAP:S08:T06,DEAP:S08,T06,1,7.4,1,1,4,0,unexposed,stimulus_absolute_context,train,0.1,0.22729911255559876,0.7727008874444012
DEAP:S08:T07,DEAP:S08,T07,1,5.04,1,1,4,0,unexposed,stimulus_absolute_context,train,0.1,0.4084784751069761,0.5915215248930239
DEAP:S08:T09,DEAP:S08,T09,1,8.78,1,1,4,0,unexposed,stimulus_absolute_context,train,0.1,0.11732983317215218,0.8826701668278478
DEAP:S08:T16,DEAP:S08,T16,0,4.21,1,1,4,0,unexposed,stimulus_absolute_context,train,0.1,0.6375277395969929,0.3624722604030071
DEAP:S08:T18,DEAP:S08,T18,1,7.21,1,1,4,0,unexposed,stimulus_absolute_context,train,0.1,0.14696579898105888,0.8530342010189411
DEAP:S08:T22,DEAP:S08,T22,0,4.23,1,1,4,0,unexposed,stimulus_absolute_context,train,0.1,0.7354428436927933,0.2645571563072066
DEAP:S08:T24,DEAP:S08,T24,0,4.15,1,1,4,0,unexposed,stimulus_absolute_context,train,0.1,0.9102707843216121,0.08972921567838789
DEAP:S08:T31,DEAP:S08,T31,0,1.45,1,1,4,0,unexposed,stimulus_absolute_context,train,0.1,0.820730103453173,0.17926989654682704
DEAP:S08:T34,DEAP:S08,T34,1,5.05,1,1,4,0,unexposed,stimulus_absolute_context,train,0.1,0.8870544460940397,0.11294555390596027
DEAP:S08:T36,DEAP:S08,T36,0,1.21,1,1,4,0,unexposed,stimulus_absolute_context,train,0.1,0.6545390935797997,0.34546090642020033
DEAP:S08:T39,DEAP:S08,T39,1,5.05,1,1,4,0,unexposed,stimulus_absolute_context,train,0.1,0.6571697368625493,0.3428302631374507
DEAP:S08:T40,DEAP:S08,T40,0,3.13,1,1,4,0,unexposed,stimulus_absolute_context,train,0.1,0.5502876109156452,0.44971238908435485
DEAP:S09:T03,DEAP:S09,T03,1,7.08,1,1,4,0,unexposed,stimulus_absolute_context,train,0.1,0.12158021460782842,0.8784197853921716
DEAP:S09:T04,DEAP:S09,T04,1,5.99,1,1,4,0,unexposed,stimulus_absolute_context,train,0.1,0.04909634737059876,0.9509036526294012
DEAP:S09:T06,DEAP:S09,T06,1,7.04,1,1,4,0,unexposed,stimulus_absolute_context,train,0.1,0.11668630636079913,0.8833136936392009
DEAP:S09:T07,DEAP:S09,T07,1,5.08,1,1,4,0,unexposed,stimulus_absolute_context,train,0.1,0.2598595489376576,0.7401404510623424
DEAP:S09:T09,DEAP:S09,T09,1,5.96,1,1,4,0,unexposed,stimulus_absolute_context,train,0.1,0.05908793377548727,0.9409120662245127
DEAP:S09:T11,DEAP:S09,T11,1,7.12,1,1,4,0,unexposed,stimulus_absolute_context,train,0.1,0.07524754759296359,0.9247524524070364
DEAP:S09:T13,DEAP:S09,T13,1,8.15,1,1,4,0,unexposed,stimulus_absolute_context,train,0.1,0.21218310094832948,0.7878168990516705
DEAP:S09:T16,DEAP:S09,T16,0,4.05,1,1,4,0,unexposed,stimulus_absolute_context,train,0.1,0.49301106035748743,0.5069889396425126
DEAP:S09:T22,DEAP:S09,T22,0,3.99,1,1,4,0,unexposed,stimulus_absolute_context,train,0.1,0.5517695132101866,0.44823048678981336
DEAP:S09:T24,DEAP:S09,T24,0,4.03,1,1,4,0,unexposed,stimulus_absolute_context,train,0.1,0.7690412910802895,0.23095870891971043
DEAP:S09:T31,DEAP:S09,T31,1,6.06,1,1,4,0,unexposed,stimulus_absolute_context,train,0.1,0.7593279812051427,0.24067201879485736
DEAP:S09:T34,DEAP:S09,T34,1,5.06,1,1,4,0,unexposed,stimulus_absolute_context,train,0.1,0.8296611924689501,0.17033880753104988
DEAP:S09:T36,DEAP:S09,T36,0,3.08,1,1,4,0,unexposed,stimulus_absolute_context,train,0.1,0.7433409294783029,0.2566590705216971
DEAP:S09:T39,DEAP:S09,T39,0,3.17,1,1,4,0,unexposed,stimulus_absolute_context,train,0.1,0.7074185218402328,0.2925814781597672
DEAP:S09:T40,DEAP:S09,T40,1,5.04,1,1,4,0,unexposed,stimulus_absolute_context,train,0.1,0.4445174148141078,0.5554825851858922
DEAP:S10:T04,DEAP:S10,T04,1,7.01,1,1,4,0,unexposed,stimulus_absolute_context,train,0.1,0.05732684279452238,0.9426731572054776
DEAP:S10:T06,DEAP:S10,T06,1,7.1,1,1,4,0,unexposed,stimulus_absolute_context,train,0.1,0.16431742725486742,0.8356825727451326
DEAP:S10:T07,DEAP:S10,T07,1,8.96,1,1,4,0,unexposed,stimulus_absolute_context,train,0.1,0.17672953657399382,0.8232704634260062
DEAP:S10:T09,DEAP:S10,T09,1,7.56,1,1,4,0,unexposed,stimulus_absolute_context,train,0.1,0.10665492826231648,0.8933450717376835
DEAP:S10:T11,DEAP:S10,T11,1,8.99,1,1,4,0,unexposed,stimulus_absolute_context,train,0.1,0.10097866553144486,0.8990213344685551
DEAP:S10:T16,DEAP:S10,T16,0,3.85,1,1,4,0,unexposed,stimulus_absolute_context,train,0.1,0.6982977368316556,0.30170226316834436
DEAP:S10:T18,DEAP:S10,T18,1,7.31,1,1,4,0,unexposed,stimulus_absolute_context,train,0.1,0.13689827134210886,0.8631017286578911
DEAP:S10:T22,DEAP:S10,T22,0,4.24,1,1,4,0,unexposed,stimulus_absolute_context,train,0.1,0.730883196887971,0.26911680311202896
DEAP:S10:T31,DEAP:S10,T31,0,4.15,1,1,4,0,unexposed,stimulus_absolute_context,train,0.1,0.8371591658085282,0.16284083419147174
DEAP:S10:T34,DEAP:S10,T34,0,3.91,1,1,4,0,unexposed,stimulus_absolute_context,train,0.1,0.8694322974180946,0.1305677025819054
DEAP:S10:T36,DEAP:S10,T36,0,2.17,1,1,4,0,unexposed,stimulus_absolute_context,train,0.1,0.8227176432315555,0.17728235676844445
DEAP:S10:T39,DEAP:S10,T39,0,2.17,1,1,4,0,unexposed,stimulus_absolute_context,train,0.1,0.804509618561225,0.1954903814387749
DEAP:S10:T40,DEAP:S10,T40,1,5.78,1,1,4,0,unexposed,stimulus_absolute_context,train,0.1,0.4992069811458518,0.5007930188541482
DEAP:S11:T03,DEAP:S11,T03,1,7.41,1,1,4,0,unexposed,stimulus_absolute_context,train,0.1,0.12891482205317562,0.8710851779468244
DEAP:S11:T04,DEAP:S11,T04,1,7.65,1,1,4,0,unexposed,stimulus_absolute_context,train,0.1,0.08397856335394227,0.9160214366460577
DEAP:S11:T06,DEAP:S11,T06,1,5.32,1,1,4,0,unexposed,stimulus_absolute_context,train,0.1,0.21933478434128661,0.7806652156587134
DEAP:S11:T07,DEAP:S11,T07,1,6.37,1,1,4,0,unexposed,stimulus_absolute_context,train,0.1,0.4450470088997128,0.5549529911002872
DEAP:S11:T09,DEAP:S11,T09,1,7.04,1,1,4,0,unexposed,stimulus_absolute_context,train,0.1,0.12884644390246636,0.8711535560975336
DEAP:S11:T11,DEAP:S11,T11,1,7.32,1,1,4,0,unexposed,stimulus_absolute_context,train,0.1,0.1341126247455432,0.8658873752544568
DEAP:S11:T13,DEAP:S11,T13,1,8.42,1,1,4,0,unexposed,stimulus_absolute_context,train,0.1,0.3162611410608722,0.6837388589391278
DEAP:S11:T16,DEAP:S11,T16,0,4.35,1,1,4,0,unexposed,stimulus_absolute_context,train,0.1,0.6495692119172862,0.35043078808271383
DEAP:S11:T18,DEAP:S11,T18,1,7.95,1,1,4,0,unexposed,stimulus_absolute_context,train,0.1,0.12688819959800202,0.873111800401998
DEAP:S11:T22,DEAP:S11,T22,1,6.15,1,1,4,0,unexposed,stimulus_absolute_context,train,0.1,0.6462871413268845,0.3537128586731155
DEAP:S11:T24,DEAP:S11,T24,0,2.88,1,1,4,0,unexposed,stimulus_absolute_context,train,0.1,0.8952464066757185,0.10475359332428144
DEAP:S11:T31,DEAP:S11,T31,0,1.83,1,1,4,0,unexposed,stimulus_absolute_context,train,0.1,0.7732663680394115,0.22673363196058852
DEAP:S11:T34,DEAP:S11,T34,0,4.88,1,1,4,0,unexposed,stimulus_absolute_context,train,0.1,0.8834165281280364,0.11658347187196362
DEAP:S11:T36,DEAP:S11,T36,0,3.62,1,1,4,0,unexposed,stimulus_absolute_context,train,0.1,0.8343960965045479,0.16560390349545204
DEAP:S11:T39,DEAP:S11,T39,0,1.0,1,1,4,0,unexposed,stimulus_absolute_context,train,0.1,0.7306084533450637,0.26939154665493625
DEAP:S11:T40,DEAP:S11,T40,0,4.95,1,1,4,0,unexposed,stimulus_absolute_context,train,0.1,0.4654828623293369,0.5345171376706631
DEAP:S12:T03,DEAP:S12,T03,1,7.33,1,1,4,0,unexposed,stimulus_absolute_context,train,0.1,0.13138137579107667,0.8686186242089233
DEAP:S12:T04,DEAP:S12,T04,1,6.86,1,1,4,0,unexposed,stimulus_absolute_context,train,0.1,0.04963703506142969,0.9503629649385703
DEAP:S12:T07,DEAP:S12,T07,1,6.77,1,1,4,0,unexposed,stimulus_absolute_context,train,0.1,0.3266410062661521,0.6733589937338479
DEAP:S12:T09,DEAP:S12,T09,1,7.95,1,1,4,0,unexposed,stimulus_absolute_context,train,0.1,0.10296618705239546,0.8970338129476045
DEAP:S12:T11,DEAP:S12,T11,1,7.78,1,1,4,0,unexposed,stimulus_absolute_context,train,0.1,0.10901115298556097,0.890988847014439
DEAP:S12:T13,DEAP:S12,T13,1,7.99,1,1,4,0,unexposed,stimulus_absolute_context,train,0.1,0.31384408551294607,0.6861559144870539
DEAP:S12:T16,DEAP:S12,T16,1,5.04,1,1,4,0,unexposed,stimulus_absolute_context,train,0.1,0.6442701501956319,0.35572984980436806
DEAP:S12:T18,DEAP:S12,T18,1,7.35,1,1,4,0,unexposed,stimulus_absolute_context,train,0.1,0.11451911867188791,0.8854808813281121
DEAP:S12:T22,DEAP:S12,T22,0,3.33,1,1,4,0,unexposed,stimulus_absolute_context,train,0.1,0.6710055158820842,0.3289944841179158
DEAP:S12:T24,DEAP:S12,T24,0,2.79,1,1,4,0,unexposed,stimulus_absolute_context,train,0.1,0.8053575388186746,0.19464246118132544
DEAP:S12:T31,DEAP:S12,T31,0,3.18,1,1,4,0,unexposed,stimulus_absolute_context,train,0.1,0.7333183539139824,0.26668164608601763
DEAP:S12:T34,DEAP:S12,T34,0,4.87,1,1,4,0,unexposed,stimulus_absolute_context,train,0.1,0.8517386183636729,0.14826138163632704
DEAP:S12:T36,DEAP:S12,T36,0,2.82,1,1,4,0,unexposed,stimulus_absolute_context,train,0.1,0.736386546683822,0.26361345331617797
DEAP:S12:T39,DEAP:S12,T39,0,3.18,1,1,4,0,unexposed,stimulus_absolute_context,train,0.1,0.673361253780443,0.32663874621955696
DEAP:S12:T40,DEAP:S12,T40,1,6.81,1,1,4,0,unexposed,stimulus_absolute_context,train,0.1,0.4981924373570781,0.5018075626429219
DEAP:S13:T03,DEAP:S13,T03,1,9.0,1,1,4,0,unexposed,stimulus_absolute_context,train,0.1,0.28079867429821503,0.719201325701785
DEAP:S13:T04,DEAP:S13,T04,1,7.08,1,1,4,0,unexposed,stimulus_absolute_context,train,0.1,0.10931446145458579,0.8906855385454142
DEAP:S13:T06,DEAP:S13,T06,0,4.46,1,1,4,0,unexposed,stimulus_absolute_context,train,0.1,0.36791762693339614,0.6320823730666039
DEAP:S13:T07,DEAP:S13,T07,0,2.99,1,1,4,0,unexposed,stimulus_absolute_context,train,0.1,0.5970457711254188,0.4029542288745812
DEAP:S13:T09,DEAP:S13,T09,1,7.06,1,1,4,0,unexposed,stimulus_absolute_context,train,0.1,0.22744958242290803,0.772550417577092
DEAP:S13:T11,DEAP:S13,T11,1,7.04,1,1,4,0,unexposed,stimulus_absolute_context,train,0.1,0.248015376701619,0.751984623298381
DEAP:S13:T13,DEAP:S13,T13,1,9.0,1,1,4,0,unexposed,stimulus_absolute_context,train,0.1,0.5691700550881318,0.43082994491186816
DEAP:S13:T18,DEAP:S13,T18,1,7.94,1,1,4,0,unexposed,stimulus_absolute_context,train,0.1,0.21035898842835055,0.7896410115716495
DEAP:S13:T22,DEAP:S13,T22,0,4.01,1,1,4,0,unexposed,stimulus_absolute_context,train,0.1,0.8792173120579138,0.12078268794208626
DEAP:S13:T24,DEAP:S13,T24,0,2.97,1,1,4,0,unexposed,stimulus_absolute_context,train,0.1,0.9442598813102502,0.05574011868974985
DEAP:S13:T31,DEAP:S13,T31,0,1.97,1,1,4,0,unexposed,stimulus_absolute_context,train,0.1,0.9313926989162891,0.06860730108371095
DEAP:S13:T34,DEAP:S13,T34,0,2.92,1,1,4,0,unexposed,stimulus_absolute_context,train,0.1,0.9379013676906197,0.06209863230938032
DEAP:S13:T36,DEAP:S13,T36,0,2.54,1,1,4,0,unexposed,stimulus_absolute_context,train,0.1,0.9292975579437086,0.07070244205629135
DEAP:S13:T39,DEAP:S13,T39,0,1.97,1,1,4,0,unexposed,stimulus_absolute_context,train,0.1,0.8646676294743955,0.13533237052560454
DEAP:S13:T40,DEAP:S13,T40,0,4.08,1,1,4,0,unexposed,stimulus_absolute_context,train,0.1,0.7429838014074375,0.25701619859256253
DEAP:S14:T04,DEAP:S14,T04,1,7.38,1,1,4,0,unexposed,stimulus_absolute_context,train,0.1,0.05126245931247253,0.9487375406875275
DEAP:S14:T06,DEAP:S14,T06,1,7.19,1,1,4,0,unexposed,stimulus_absolute_context,train,0.1,0.15483720074409146,0.8451627992559085
DEAP:S14:T07,DEAP:S14,T07,1,6.85,1,1,4,0,unexposed,stimulus_absolute_context,train,0.1,0.3002921392315042,0.6997078607684958
DEAP:S14:T11,DEAP:S14,T11,1,8.03,1,1,4,0,unexposed,stimulus_absolute_context,train,0.1,0.1321388729034073,0.8678611270965927
DEAP:S14:T13,DEAP:S14,T13,1,6.79,1,1,4,0,unexposed,stimulus_absolute_context,train,0.1,0.3061843447125312,0.6938156552874688
DEAP:S14:T16,DEAP:S14,T16,0,3.96,1,1,4,0,unexposed,stimulus_absolute_context,train,0.1,0.6218078190442546,0.3781921809557454
DEAP:S14:T18,DEAP:S14,T18,1,8.09,1,1,4,0,unexposed,stimulus_absolute_context,train,0.1,0.10474911373099827,0.8952508862690017
DEAP:S14:T22,DEAP:S14,T22,0,4.1,1,1,4,0,unexposed,stimulus_absolute_context,train,0.1,0.6310453622162483,0.3689546377837517
DEAP:S14:T24,DEAP:S14,T24,0,2.36,1,1,4,0,unexposed,stimulus_absolute_context,train,0.1,0.8518501929328347,0.1481498070671653
DEAP:S14:T31,DEAP:S14,T31,0,3.26,1,1,4,0,unexposed,stimulus_absolute_context,train,0.1,0.7453016093192231,0.25469839068077693
DEAP:S14:T34,DEAP:S14,T34,0,2.5,1,1,4,0,unexposed,stimulus_absolute_context,train,0.1,0.8453359227462592,0.15466407725374076
DEAP:S14:T36,DEAP:S14,T36,0,2.01,1,1,4,0,unexposed,stimulus_absolute_context,train,0.1,0.7651963521582075,0.23480364784179247
DEAP:S14:T39,DEAP:S14,T39,1,6.65,1,1,4,0,unexposed,stimulus_absolute_context,train,0.1,0.7534301290937854,0.2465698709062146
DEAP:S14:T40,DEAP:S14,T40,1,6.68,1,1,4,0,unexposed,stimulus_absolute_context,train,0.1,0.47229762193333436,0.5277023780666656
DEAP:S15:T03,DEAP:S15,T03,1,8.04,1,1,4,0,unexposed,stimulus_absolute_context,train,0.1,0.2686224034655309,0.7313775965344691
DEAP:S15:T04,DEAP:S15,T04,1,8.04,1,1,4,0,unexposed,stimulus_absolute_context,train,0.1,0.09063144805920675,0.9093685519407932
DEAP:S15:T06,DEAP:S15,T06,1,9.0,1,1,4,0,unexposed,stimulus_absolute_context,train,0.1,0.2631728403019368,0.7368271596980632
DEAP:S15:T07,DEAP:S15,T07,1,5.04,1,1,4,0,unexposed,stimulus_absolute_context,train,0.1,0.47571396233376717,0.5242860376662328
DEAP:S15:T09,DEAP:S15,T09,1,9.0,1,1,4,0,unexposed,stimulus_absolute_context,train,0.1,0.15562457453713407,0.8443754254628659
DEAP:S15:T11,DEAP:S15,T11,1,8.99,1,1,4,0,unexposed,stimulus_absolute_context,train,0.1,0.20273390116190926,0.7972660988380907
DEAP:S15:T16,DEAP:S15,T16,0,4.17,1,1,4,0,unexposed,stimulus_absolute_context,train,0.1,0.8243246778314012,0.17567532216859882
DEAP:S15:T18,DEAP:S15,T18,1,7.04,1,1,4,0,unexposed,stimulus_absolute_context,train,0.1,0.2105291451014748,0.7894708548985252
DEAP:S15:T22,DEAP:S15,T22,0,4.12,1,1,4,0,unexposed,stimulus_absolute_context,train,0.1,0.8381035865469089,0.1618964134530911
DEAP:S15:T24,DEAP:S15,T24,0,1.92,1,1,4,0,unexposed,stimulus_absolute_context,train,0.1,0.904047738284391,0.09595226171560894
DEAP:S15:T31,DEAP:S15,T31,0,2.99,1,1,4,0,unexposed,stimulus_absolute_context,train,0.1,0.8734303344648681,0.1265696655351319
DEAP:S15:T34,DEAP:S15,T34,0,3.01,1,1,4,0,unexposed,stimulus_absolute_context,train,0.1,0.9033567896043726,0.09664321039562736
DEAP:S15:T36,DEAP:S15,T36,0,3.96,1,1,4,0,unexposed,stimulus_absolute_context,train,0.1,0.8387580168760433,0.16124198312395668
DEAP:S15:T39,DEAP:S15,T39,0,4.0,1,1,4,0,unexposed,stimulus_absolute_context,train,0.1,0.8982263687724629,0.10177363122753709
DEAP:S15:T40,DEAP:S15,T40,0,4.01,1,1,4,0,unexposed,stimulus_absolute_context,train,0.1,0.6514115706548764,0.3485884293451235
DEAP:S16:T04,DEAP:S16,T04,1,7.09,1,1,4,0,unexposed,stimulus_absolute_context,train,0.1,0.23359654111905526,0.7664034588809447
DEAP:S16:T06,DEAP:S16,T06,0,4.99,1,1,4,0,unexposed,stimulus_absolute_context,train,0.1,0.44693586495437065,0.5530641350456293
DEAP:S16:T09,DEAP:S16,T09,0,4.18,1,1,4,0,unexposed,stimulus_absolute_context,train,0.1,0.4051513860061752,0.5948486139938248
DEAP:S16:T11,DEAP:S16,T11,1,7.27,1,1,4,0,unexposed,stimulus_absolute_context,train,0.1,0.42160312482331297,0.578396875176687
DEAP:S16:T13,DEAP:S16,T13,0,3.88,1,1,4,0,unexposed,stimulus_absolute_context,train,0.1,0.5957788670501933,0.40422113294980666
DEAP:S16:T16,DEAP:S16,T16,0,4.97,1,1,4,0,unexposed,stimulus_absolute_context,train,0.1,0.9121179403881456,0.08788205961185432
DEAP:S16:T24,DEAP:S16,T24,0,2.51,1,1,4,0,unexposed,stimulus_absolute_context,train,0.1,0.9393195196049596,0.06068048039504032
DEAP:S16:T31,DEAP:S16,T31,0,3.88,1,1,4,0,unexposed,stimulus_absolute_context,train,0.1,0.9333714923860159,0.06662850761398414
DEAP:S16:T34,DEAP:S16,T34,0,1.0,1,1,4,0,unexposed,stimulus_absolute_context,train,0.1,0.9807370067079901,0.01926299329200983
DEAP:S16:T36,DEAP:S16,T36,1,5.05,1,1,4,0,unexposed,stimulus_absolute_context,train,0.1,0.9317811875942221,0.06821881240577783
DEAP:S16:T39,DEAP:S16,T39,1,6.13,1,1,4,0,unexposed,stimulus_absolute_context,train,0.1,0.9462054000817478,0.053794599918252174
DEAP:S16:T40,DEAP:S16,T40,0,3.74,1,1,4,0,unexposed,stimulus_absolute_context,train,0.1,0.7492333816525266,0.2507666183474734
DEAP:S17:T03,DEAP:S17,T03,1,6.46,1,1,4,0,unexposed,stimulus_absolute_context,train,0.1,0.17232864085285493,0.8276713591471451
DEAP:S17:T04,DEAP:S17,T04,1,6.35,1,1,4,0,unexposed,stimulus_absolute_context,train,0.1,0.06470354322660177,0.9352964567733982
DEAP:S17:T06,DEAP:S17,T06,1,6.9,1,1,4,0,unexposed,stimulus_absolute_context,train,0.1,0.20108270994997768,0.7989172900500223
DEAP:S17:T07,DEAP:S17,T07,1,7.08,1,1,4,0,unexposed,stimulus_absolute_context,train,0.1,0.34953887989007637,0.6504611201099236
DEAP:S17:T09,DEAP:S17,T09,1,6.04,1,1,4,0,unexposed,stimulus_absolute_context,train,0.1,0.1365422105137768,0.8634577894862232
DEAP:S17:T13,DEAP:S17,T13,0,4.54,1,1,4,0,unexposed,stimulus_absolute_context,train,0.1,0.3164013278598341,0.6835986721401659
DEAP:S17:T16,DEAP:S17,T16,1,5.92,1,1,4,0,unexposed,stimulus_absolute_context,train,0.1,0.7060128828950012,0.2939871171049988
DEAP:S17:T18,DEAP:S17,T18,1,6.22,1,1,4,0,unexposed,stimulus_absolute_context,train,0.1,0.1504263952308239,0.8495736047691761
DEAP:S17:T22,DEAP:S17,T22,0,3.19,1,1,4,0,unexposed,stimulus_absolute_context,train,0.1,0.717007182190369,0.2829928178096311
DEAP:S17:T24,DEAP:S17,T24,0,4.53,1,1,4,0,unexposed,stimulus_absolute_context,train,0.1,0.85547080868273,0.14452919131727004
DEAP:S17:T31,DEAP:S17,T31,0,4.54,1,1,4,0,unexposed,stimulus_absolute_context,train,0.1,0.7915701274339639,0.2084298725660361
DEAP:S17:T34,DEAP:S17,T34,0,4.99,1,1,4,0,unexposed,stimulus_absolute_context,train,0.1,0.8776745378382661,0.12232546216173393
DEAP:S17:T36,DEAP:S17,T36,0,3.37,1,1,4,0,unexposed,stimulus_absolute_context,train,0.1,0.7697467503051836,0.23025324969481642
DEAP:S17:T39,DEAP:S17,T39,1,7.1,1,1,4,0,unexposed,stimulus_absolute_context,train,0.1,0.7925373544145684,0.20746264558543157
DEAP:S17:T40,DEAP:S17,T40,1,5.04,1,1,4,0,unexposed,stimulus_absolute_context,train,0.1,0.5312395112110175,0.4687604887889824
DEAP:S18:T03,DEAP:S18,T03,1,6.36,1,1,4,0,unexposed,stimulus_absolute_context,train,0.1,0.13247049997615246,0.8675295000238475
DEAP:S18:T04,DEAP:S18,T04,1,6.65,1,1,4,0,unexposed,stimulus_absolute_context,train,0.1,0.06726717976016572,0.9327328202398343
DEAP:S18:T07,DEAP:S18,T07,1,7.33,1,1,4,0,unexposed,stimulus_absolute_context,train,0.1,0.34379189955317824,0.6562081004468218
DEAP:S18:T09,DEAP:S18,T09,1,6.55,1,1,4,0,unexposed,stimulus_absolute_context,train,0.1,0.1281042171460569,0.8718957828539431
DEAP:S18:T11,DEAP:S18,T11,1,6.24,1,1,4,0,unexposed,stimulus_absolute_context,train,0.1,0.1243807782215407,0.8756192217784593
DEAP:S18:T13,DEAP:S18,T13,1,7.33,1,1,4,0,unexposed,stimulus_absolute_context,train,0.1,0.2921973921978057,0.7078026078021943
DEAP:S18:T16,DEAP:S18,T16,0,4.38,1,1,4,0,unexposed,stimulus_absolute_context,train,0.1,0.6390769396943001,0.36092306030569987
DEAP:S18:T18,DEAP:S18,T18,1,7.05,1,1,4,0,unexposed,stimulus_absolute_context,train,0.1,0.13080378040146845,0.8691962195985315
DEAP:S18:T24,DEAP:S18,T24,0,3.22,1,1,4,0,unexposed,stimulus_absolute_context,train,0.1,0.8564719329261251,0.14352806707387486
DEAP:S18:T31,DEAP:S18,T31,0,4.44,1,1,4,0,unexposed,stimulus_absolute_context,train,0.1,0.7951047377516041,0.20489526224839594
DEAP:S18:T34,DEAP:S18,T34,0,4.15,1,1,4,0,unexposed,stimulus_absolute_context,train,0.1,0.8490307092924992,0.1509692907075008
DEAP:S18:T39,DEAP:S18,T39,0,4.06,1,1,4,0,unexposed,stimulus_absolute_context,train,0.1,0.7246143402936187,0.27538565970638135
DEAP:S19:T03,DEAP:S19,T03,1,6.82,1,1,4,0,unexposed,stimulus_absolute_context,train,0.1,0.10809949808604002,0.89190050191396
DEAP:S19:T04,DEAP:S19,T04,1,5.77,1,1,4,0,unexposed,stimulus_absolute_context,train,0.1,0.0503509149805238,0.9496490850194762
DEAP:S19:T07,DEAP:S19,T07,1,6.64,1,1,4,0,unexposed,stimulus_absolute_context,train,0.1,0.20647509629445404,0.793524903705546
DEAP:S19:T09,DEAP:S19,T09,1,7.09,1,1,4,0,unexposed,stimulus_absolute_context,train,0.1,0.11147444619066671,0.8885255538093333
DEAP:S19:T11,DEAP:S19,T11,1,5.83,1,1,4,0,unexposed,stimulus_absolute_context,train,0.1,0.1229147667942535,0.8770852332057465
DEAP:S19:T13,DEAP:S19,T13,1,7.53,1,1,4,0,unexposed,stimulus_absolute_context,train,0.1,0.26423487324056594,0.7357651267594341
DEAP:S19:T16,DEAP:S19,T16,0,3.24,1,1,4,0,unexposed,stimulus_absolute_context,train,0.1,0.6424530257227106,0.35754697427728943
DEAP:S19:T22,DEAP:S19,T22,1,5.04,1,1,4,0,unexposed,stimulus_absolute_context,train,0.1,0.7091311651724923,0.2908688348275077
DEAP:S19:T24,DEAP:S19,T24,0,3.23,1,1,4,0,unexposed,stimulus_absolute_context,train,0.1,0.7361405831809151,0.26385941681908487
DEAP:S19:T31,DEAP:S19,T31,1,5.03,1,1,4,0,unexposed,stimulus_absolute_context,train,0.1,0.7985678377508939,0.20143216224910607
DEAP:S19:T34,DEAP:S19,T34,0,4.17,1,1,4,0,unexposed,stimulus_absolute_context,train,0.1,0.829176348086996,0.17082365191300394
DEAP:S19:T36,DEAP:S19,T36,0,3.71,1,1,4,0,unexposed,stimulus_absolute_context,train,0.1,0.7899093082224266,0.21009069177757342
DEAP:S19:T40,DEAP:S19,T40,0,4.24,1,1,4,0,unexposed,stimulus_absolute_context,train,0.1,0.4383010371440407,0.5616989628559593
DEAP:S24:T03,DEAP:S24,T03,1,8.96,1,1,4,0,unexposed,stimulus_absolute_context,train,0.1,0.24672880078585746,0.7532711992141425
DEAP:S24:T04,DEAP:S24,T04,1,6.05,1,1,4,0,unexposed,stimulus_absolute_context,train,0.1,0.10409299745981293,0.8959070025401871
DEAP:S24:T06,DEAP:S24,T06,1,5.96,1,1,4,0,unexposed,stimulus_absolute_context,train,0.1,0.33348194164968004,0.66651805835032
DEAP:S24:T07,DEAP:S24,T07,0,3.04,1,1,4,0,unexposed,stimulus_absolute_context,train,0.1,0.4906675036996768,0.5093324963003232
DEAP:S24:T09,DEAP:S24,T09,1,7.08,1,1,4,0,unexposed,stimulus_absolute_context,train,0.1,0.19367533827010397,0.806324661729896
DEAP:S24:T11,DEAP:S24,T11,1,7.03,1,1,4,0,unexposed,stimulus_absolute_context,train,0.1,0.24246868998445315,0.7575313100155469
DEAP:S24:T13,DEAP:S24,T13,1,8.0,1,1,4,0,unexposed,stimulus_absolute_context,train,0.1,0.4991819628156783,0.5008180371843217
DEAP:S24:T16,DEAP:S24,T16,0,4.0,1,1,4,0,unexposed,stimulus_absolute_context,train,0.1,0.7647793070569772,0.23522069294302284
DEAP:S24:T18,DEAP:S24,T18,1,8.96,1,1,4,0,unexposed,stimulus_absolute_context,train,0.1,0.2424042966140384,0.7575957033859616
DEAP:S24:T22,DEAP:S24,T22,0,3.03,1,1,4,0,unexposed,stimulus_absolute_context,train,0.1,0.8127010671759632,0.18729893282403676
DEAP:S24:T24,DEAP:S24,T24,0,2.99,1,1,4,0,unexposed,stimulus_absolute_context,train,0.1,0.9368198021765213,0.06318019782347875
DEAP:S24:T31,DEAP:S24,T31,0,2.94,1,1,4,0,unexposed,stimulus_absolute_context,train,0.1,0.8679872672553418,0.13201273274465816
DEAP:S24:T34,DEAP:S24,T34,0,4.05,1,1,4,0,unexposed,stimulus_absolute_context,train,0.1,0.9069237352755048,0.09307626472449511
DEAP:S24:T36,DEAP:S24,T36,0,4.0,1,1,4,0,unexposed,stimulus_absolute_context,train,0.1,0.8700003715032286,0.12999962849677138
DEAP:S24:T39,DEAP:S24,T39,0,2.12,1,1,4,0,unexposed,stimulus_absolute_context,train,0.1,0.8382306244678879,0.16176937553211213
DEAP:S25:T03,DEAP:S25,T03,1,7.12,1,1,4,0,unexposed,stimulus_absolute_context,train,0.1,0.18086703403591764,0.8191329659640824
DEAP:S25:T09,DEAP:S25,T09,1,8.09,1,1,4,0,unexposed,stimulus_absolute_context,train,0.1,0.20117104668098984,0.7988289533190102
DEAP:S25:T11,DEAP:S25,T11,1,9.0,1,1,4,0,unexposed,stimulus_absolute_context,train,0.1,0.18420617919130278,0.8157938208086972
DEAP:S25:T13,DEAP:S25,T13,1,7.97,1,1,4,0,unexposed,stimulus_absolute_context,train,0.1,0.3729031191226443,0.6270968808773557
DEAP:S25:T16,DEAP:S25,T16,1,6.05,1,1,4,0,unexposed,stimulus_absolute_context,train,0.1,0.7468754034053573,0.25312459659464276
DEAP:S25:T18,DEAP:S25,T18,0,3.04,1,1,4,0,unexposed,stimulus_absolute_context,train,0.1,0.09953543513109009,0.9004645648689099
DEAP:S25:T22,DEAP:S25,T22,1,8.03,1,1,4,0,unexposed,stimulus_absolute_context,train,0.1,0.7760986978782818,0.22390130212171822
DEAP:S25:T24,DEAP:S25,T24,0,3.05,1,1,4,0,unexposed,stimulus_absolute_context,train,0.1,0.8829521967638767,0.11704780323612334
DEAP:S25:T31,DEAP:S25,T31,0,1.01,1,1,4,0,unexposed,stimulus_absolute_context,train,0.1,0.8136787493549127,0.1863212506450873
DEAP:S25:T34,DEAP:S25,T34,0,4.95,1,1,4,0,unexposed,stimulus_absolute_context,train,0.1,0.9136880581667584,0.0863119418332416
DEAP:S25:T36,DEAP:S25,T36,0,3.0,1,1,4,0,unexposed,stimulus_absolute_context,train,0.1,0.8663210814563911,0.13367891854360894
DEAP:S25:T39,DEAP:S25,T39,0,1.0,1,1,4,0,unexposed,stimulus_absolute_context,train,0.1,0.8194786211165137,0.18052137888348632
DEAP:S25:T40,DEAP:S25,T40,0,1.0,1,1,4,0,unexposed,stimulus_absolute_context,train,0.1,0.5609810665939724,0.4390189334060276
DEAP:S26:T03,DEAP:S26,T03,1,9.0,1,1,4,0,unexposed,stimulus_absolute_context,train,0.1,0.11322169070946819,0.8867783092905318
DEAP:S26:T04,DEAP:S26,T04,1,8.03,1,1,4,0,unexposed,stimulus_absolute_context,train,0.1,0.05093120710724197,0.949068792892758
DEAP:S26:T06,DEAP:S26,T06,1,8.09,1,1,4,0,unexposed,stimulus_absolute_context,train,0.1,0.16204367994439772,0.8379563200556023
DEAP:S26:T07,DEAP:S26,T07,1,6.08,1,1,4,0,unexposed,stimulus_absolute_context,train,0.1,0.36232555581504733,0.6376744441849527
DEAP:S26:T11,DEAP:S26,T11,1,8.04,1,1,4,0,unexposed,stimulus_absolute_context,train,0.1,0.13349014230318168,0.8665098576968183
DEAP:S26:T13,DEAP:S26,T13,1,7.12,1,1,4,0,unexposed,stimulus_absolute_context,train,0.1,0.255505552938292,0.744494447061708
DEAP:S26:T18,DEAP:S26,T18,1,9.0,1,1,4,0,unexposed,stimulus_absolute_context,train,0.1,0.09046974921737239,0.9095302507826276
DEAP:S26:T22,DEAP:S26,T22,1,6.97,1,1,4,0,unexposed,stimulus_absolute_context,train,0.1,0.6625559841498562,0.33744401585014383
DEAP:S26:T24,DEAP:S26,T24,1,9.0,1,1,4,0,unexposed,stimulus_absolute_context,train,0.1,0.8530758511796874,0.14692414882031257
DEAP:S26:T31,DEAP:S26,T31,0,1.97,1,1,4,0,unexposed,stimulus_absolute_context,train,0.1,0.7955498875425495,0.20445011245745054
DEAP:S26:T34,DEAP:S26,T34,0,1.0,1,1,4,0,unexposed,stimulus_absolute_context,train,0.1,0.8520379064984988,0.14796209350150125
DEAP:S26:T36,DEAP:S26,T36,0,2.92,1,1,4,0,unexposed,stimulus_absolute_context,train,0.1,0.7531306221790003,0.24686937782099974
DEAP:S26:T39,DEAP:S26,T39,0,1.95,1,1,4,0,unexposed,stimulus_absolute_context,train,0.1,0.5909487551860568,0.4090512448139432
DEAP:S26:T40,DEAP:S26,T40,0,3.06,1,1,4,0,unexposed,stimulus_absolute_context,train,0.1,0.43616149276022886,0.5638385072397711
DEAP:S27:T03,DEAP:S27,T03,1,9.0,1,1,4,0,unexposed,stimulus_absolute_context,train,0.1,0.04813700727904047,0.9518629927209595
DEAP:S27:T04,DEAP:S27,T04,1,7.05,1,1,4,0,unexposed,stimulus_absolute_context,train,0.1,0.013220096291412853,0.9867799037085871
DEAP:S27:T06,DEAP:S27,T06,1,7.0,1,1,4,0,unexposed,stimulus_absolute_context,train,0.1,0.06674881871429195,0.933251181285708
DEAP:S27:T07,DEAP:S27,T07,0,4.94,1,1,4,0,unexposed,stimulus_absolute_context,train,0.1,0.14773824518345147,0.8522617548165485
DEAP:S27:T11,DEAP:S27,T11,1,9.0,1,1,4,0,unexposed,stimulus_absolute_context,train,0.1,0.03851823186705894,0.9614817681329411
DEAP:S27:T16,DEAP:S27,T16,1,8.06,1,1,4,0,unexposed,stimulus_absolute_context,train,0.1,0.3560365997096542,0.6439634002903458
DEAP:S27:T18,DEAP:S27,T18,1,9.0,1,1,4,0,unexposed,stimulus_absolute_context,train,0.1,0.03795976179270255,0.9620402382072974
DEAP:S27:T22,DEAP:S27,T22,1,7.29,1,1,4,0,unexposed,stimulus_absolute_context,train,0.1,0.4289684431913333,0.5710315568086667
DEAP:S27:T24,DEAP:S27,T24,1,8.9,1,1,4,0,unexposed,stimulus_absolute_context,train,0.1,0.654570296462603,0.34542970353739694
DEAP:S27:T31,DEAP:S27,T31,1,5.08,1,1,4,0,unexposed,stimulus_absolute_context,train,0.1,0.5235621909819885,0.4764378090180115
DEAP:S27:T34,DEAP:S27,T34,0,2.85,1,1,4,0,unexposed,stimulus_absolute_context,train,0.1,0.6051009895536604,0.39489901044633957
DEAP:S27:T36,DEAP:S27,T36,1,6.13,1,1,4,0,unexposed,stimulus_absolute_context,train,0.1,0.5242211536188426,0.47577884638115736
DEAP:S27:T39,DEAP:S27,T39,0,2.14,1,1,4,0,unexposed,stimulus_absolute_context,train,0.1,0.47331290454180086,0.5266870954581991
DEAP:S27:T40,DEAP:S27,T40,1,5.04,1,1,4,0,unexposed,stimulus_absolute_context,train,0.1,0.21507926167762081,0.7849207383223792
DEAP:S28:T03,DEAP:S28,T03,1,9.0,1,1,4,0,unexposed,stimulus_absolute_context,train,0.1,0.07108755363072705,0.928912446369273
DEAP:S28:T04,DEAP:S28,T04,1,8.08,1,1,4,0,unexposed,stimulus_absolute_context,train,0.1,0.0291840831051422,0.9708159168948578
DEAP:S28:T06,DEAP:S28,T06,1,8.15,1,1,4,0,unexposed,stimulus_absolute_context,train,0.1,0.0968720002789113,0.9031279997210887
DEAP:S28:T07,DEAP:S28,T07,1,8.09,1,1,4,0,unexposed,stimulus_absolute_context,train,0.1,0.1526259468116179,0.8473740531883821
DEAP:S28:T09,DEAP:S28,T09,1,5.04,1,1,4,0,unexposed,stimulus_absolute_context,train,0.1,0.05476571189470458,0.9452342881052954
DEAP:S28:T13,DEAP:S28,T13,0,2.09,1,1,4,0,unexposed,stimulus_absolute_context,train,0.1,0.1383051676343765,0.8616948323656235
DEAP:S28:T16,DEAP:S28,T16,1,6.91,1,1,4,0,unexposed,stimulus_absolute_context,train,0.1,0.4575189230901725,0.5424810769098275
DEAP:S28:T18,DEAP:S28,T18,1,8.08,1,1,4,0,unexposed,stimulus_absolute_context,train,0.1,0.05599403166552941,0.9440059683344706
DEAP:S28:T22,DEAP:S28,T22,1,5.03,1,1,4,0,unexposed,stimulus_absolute_context,train,0.1,0.464230385439804,0.535769614560196
DEAP:S28:T24,DEAP:S28,T24,0,4.04,1,1,4,0,unexposed,stimulus_absolute_context,train,0.1,0.682227279764003,0.317772720235997
DEAP:S28:T31,DEAP:S28,T31,1,6.91,1,1,4,0,unexposed,stimulus_absolute_context,train,0.1,0.6270720755817857,0.3729279244182143
DEAP:S28:T34,DEAP:S28,T34,1,5.99,1,1,4,0,unexposed,stimulus_absolute_context,train,0.1,0.6420668071561415,0.35793319284385855
DEAP:S28:T36,DEAP:S28,T36,0,3.08,1,1,4,0,unexposed,stimulus_absolute_context,train,0.1,0.596189484552104,0.40381051544789603
DEAP:S28:T39,DEAP:S28,T39,0,1.04,1,1,4,0,unexposed,stimulus_absolute_context,train,0.1,0.533448236182141,0.466551763817859
DEAP:S28:T40,DEAP:S28,T40,1,7.1,1,1,4,0,unexposed,stimulus_absolute_context,train,0.1,0.30422382094432787,0.6957761790556721
DEAP:S29:T03,DEAP:S29,T03,1,9.0,1,1,4,0,unexposed,stimulus_absolute_context,train,0.1,0.1031285594160889,0.8968714405839111
DEAP:S29:T04,DEAP:S29,T04,1,7.17,1,1,4,0,unexposed,stimulus_absolute_context,train,0.1,0.07313976749885298,0.926860232501147
DEAP:S29:T07,DEAP:S29,T07,1,7.04,1,1,4,0,unexposed,stimulus_absolute_context,train,0.1,0.3634232348890263,0.6365767651109737
DEAP:S29:T09,DEAP:S29,T09,1,7.06,1,1,4,0,unexposed,stimulus_absolute_context,train,0.1,0.14648381843005587,0.8535161815699441
DEAP:S29:T11,DEAP:S29,T11,1,8.03,1,1,4,0,unexposed,stimulus_absolute_context,train,0.1,0.13021091488993908,0.8697890851100609
DEAP:S29:T13,DEAP:S29,T13,1,6.06,1,1,4,0,unexposed,stimulus_absolute_context,train,0.1,0.3048883320520981,0.6951116679479019
DEAP:S29:T16,DEAP:S29,T16,0,3.0,1,1,4,0,unexposed,stimulus_absolute_context,train,0.1,0.699942303871411,0.30005769612858907
DEAP:S29:T18,DEAP:S29,T18,1,7.01,1,1,4,0,unexposed,stimulus_absolute_context,train,0.1,0.1801116565600176,0.8198883434399824
DEAP:S29:T22,DEAP:S29,T22,0,3.05,1,1,4,0,unexposed,stimulus_absolute_context,train,0.1,0.6453154183286096,0.3546845816713904
DEAP:S29:T24,DEAP:S29,T24,0,4.12,1,1,4,0,unexposed,stimulus_absolute_context,train,0.1,0.844971799740906,0.15502820025909406
DEAP:S29:T31,DEAP:S29,T31,0,1.0,1,1,4,0,unexposed,stimulus_absolute_context,train,0.1,0.7431930535317104,0.25680694646828955
DEAP:S29:T34,DEAP:S29,T34,0,3.95,1,1,4,0,unexposed,stimulus_absolute_context,train,0.1,0.8912761497631216,0.10872385023687842
DEAP:S29:T40,DEAP:S29,T40,1,6.01,1,1,4,0,unexposed,stimulus_absolute_context,train,0.1,0.4666860080393763,0.5333139919606237
DEAP:S30:T03,DEAP:S30,T03,1,6.15,1,1,4,0,unexposed,stimulus_absolute_context,train,0.1,0.18268111029851486,0.8173188897014851
DEAP:S30:T04,DEAP:S30,T04,1,7.04,1,1,4,0,unexposed,stimulus_absolute_context,train,0.1,0.07769542282668218,0.9223045771733178
DEAP:S30:T06,DEAP:S30,T06,1,6.22,1,1,4,0,unexposed,stimulus_absolute_context,train,0.1,0.22972853602637633,0.7702714639736237
DEAP:S30:T07,DEAP:S30,T07,0,4.05,1,1,4,0,unexposed,stimulus_absolute_context,train,0.1,0.3729865875249274,0.6270134124750726
DEAP:S30:T09,DEAP:S30,T09,1,7.08,1,1,4,0,unexposed,stimulus_absolute_context,train,0.1,0.1635567814204465,0.8364432185795535
DEAP:S30:T11,DEAP:S30,T11,1,6.06,1,1,4,0,unexposed,stimulus_absolute_context,train,0.1,0.17388980717436064,0.8261101928256394
DEAP:S30:T13,DEAP:S30,T13,0,4.04,1,1,4,0,unexposed,stimulus_absolute_context,train,0.1,0.2776052202610485,0.7223947797389515
DEAP:S30:T16,DEAP:S30,T16,1,5.04,1,1,4,0,unexposed,stimulus_absolute_context,train,0.1,0.6520484503797181,0.3479515496202819
DEAP:S30:T18,DEAP:S30,T18,1,7.05,1,1,4,0,unexposed,stimulus_absolute_context,train,0.1,0.15617944013180285,0.8438205598681972
DEAP:S30:T22,DEAP:S30,T22,0,4.05,1,1,4,0,unexposed,stimulus_absolute_context,train,0.1,0.6692565960558392,0.3307434039441608
DEAP:S30:T24,DEAP:S30,T24,1,5.99,1,1,4,0,unexposed,stimulus_absolute_context,train,0.1,0.8483695062744414,0.15163049372555862
DEAP:S30:T31,DEAP:S30,T31,0,3.86,1,1,4,0,unexposed,stimulus_absolute_context,train,0.1,0.8244164483208156,0.17558355167918435
DEAP:S30:T34,DEAP:S30,T34,0,4.99,1,1,4,0,unexposed,stimulus_absolute_context,train,0.1,0.8513312479510535,0.14866875204894653
DEAP:S30:T39,DEAP:S30,T39,0,2.97,1,1,4,0,unexposed,stimulus_absolute_context,train,0.1,0.7765076886665617,0.22349231133343825
DEAP:S30:T40,DEAP:S30,T40,1,5.05,1,1,4,0,unexposed,stimulus_absolute_context,train,0.1,0.5824621098477352,0.4175378901522648
DEAP:S32:T03,DEAP:S32,T03,1,8.05,1,1,4,0,unexposed,stimulus_absolute_context,train,0.1,0.1976850577289312,0.8023149422710688
DEAP:S32:T04,DEAP:S32,T04,1,6.96,1,1,4,0,unexposed,stimulus_absolute_context,train,0.1,0.09707327208355399,0.902926727916446
DEAP:S32:T06,DEAP:S32,T06,1,5.78,1,1,4,0,unexposed,stimulus_absolute_context,train,0.1,0.3874252229023387,0.6125747770976613
DEAP:S32:T07,DEAP:S32,T07,0,4.94,1,1,4,0,unexposed,stimulus_absolute_context,train,0.1,0.45447834038068247,0.5455216596193175
DEAP:S32:T09,DEAP:S32,T09,1,7.86,1,1,4,0,unexposed,stimulus_absolute_context,train,0.1,0.08784017862108662,0.9121598213789134
DEAP:S32:T11,DEAP:S32,T11,1,8.24,1,1,4,0,unexposed,stimulus_absolute_context,train,0.1,0.15502553192828517,0.8449744680717148
DEAP:S32:T13,DEAP:S32,T13,1,7.09,1,1,4,0,unexposed,stimulus_absolute_context,train,0.1,0.23528912628361587,0.7647108737163841
DEAP:S32:T16,DEAP:S32,T16,0,3.97,1,1,4,0,unexposed,stimulus_absolute_context,train,0.1,0.6704040758858791,0.32959592411412086
DEAP:S32:T18,DEAP:S32,T18,1,8.03,1,1,4,0,unexposed,stimulus_absolute_context,train,0.1,0.22640597434600007,0.7735940256539999
DEAP:S32:T22,DEAP:S32,T22,0,4.15,1,1,4,0,unexposed,stimulus_absolute_context,train,0.1,0.7569456976712227,0.24305430232877737
DEAP:S32:T24,DEAP:S32,T24,0,1.0,1,1,4,0,unexposed,stimulus_absolute_context,train,0.1,0.904977772112458,0.09502222788754197
DEAP:S32:T31,DEAP:S32,T31,0,4.17,1,1,4,0,unexposed,stimulus_absolute_context,train,0.1,0.8588321518774651,0.14116784812253486
DEAP:S32:T34,DEAP:S32,T34,0,4.05,1,1,4,0,unexposed,stimulus_absolute_context,train,0.1,0.8500526273265709,0.14994737267342903
DEAP:S32:T36,DEAP:S32,T36,0,3.91,1,1,4,0,unexposed,stimulus_absolute_context,train,0.1,0.7921303706696811,0.20786962933031894
DEAP:S32:T39,DEAP:S32,T39,0,3.99,1,1,4,0,unexposed,stimulus_absolute_context,train,0.1,0.8601613627917761,0.13983863720822384
DEAP:S32:T40,DEAP:S32,T40,1,7.15,1,1,4,0,unexposed,stimulus_absolute_context,train,0.1,0.47777900345377544,0.5222209965462246
DEAP:S03:T02,DEAP:S03,T02,1,7.21,1,1,4,0,unexposed,stimulus_absolute_context,validation_unseen,0.1,0.40294976632556445,0.5970502336744355
DEAP:S03:T10,DEAP:S03,T10,0,4.45,1,1,4,0,unexposed,stimulus_absolute_context,validation_unseen,0.1,0.3624917629092248,0.6375082370907752
DEAP:S03:T14,DEAP:S03,T14,1,7.29,1,1,4,0,unexposed,stimulus_absolute_context,validation_unseen,0.1,0.37732852932064664,0.6226714706793534
DEAP:S03:T17,DEAP:S03,T17,0,4.56,1,1,4,0,unexposed,stimulus_absolute_context,validation_unseen,0.1,0.3431971484042817,0.6568028515957183
DEAP:S03:T20,DEAP:S03,T20,1,6.26,1,1,4,0,unexposed,stimulus_absolute_context,validation_unseen,0.1,0.3652269507016972,0.6347730492983028
DEAP:S03:T21,DEAP:S03,T21,0,4.99,1,1,4,0,unexposed,stimulus_absolute_context,validation_unseen,0.1,0.33732385200165904,0.662676147998341
DEAP:S03:T37,DEAP:S03,T37,0,4.92,1,1,4,0,unexposed,stimulus_absolute_context,validation_unseen,0.1,0.3487196093804915,0.6512803906195085
DEAP:S03:T38,DEAP:S03,T38,0,4.53,1,1,4,0,unexposed,stimulus_absolute_context,validation_unseen,0.1,0.37207117511586885,0.6279288248841312
DEAP:S04:T02,DEAP:S04,T02,0,4.06,1,1,4,0,unexposed,stimulus_absolute_context,validation_unseen,0.1,0.6486301070433698,0.3513698929566302
DEAP:S04:T10,DEAP:S04,T10,0,3.15,1,1,4,0,unexposed,stimulus_absolute_context,validation_unseen,0.1,0.6405465032364311,0.35945349676356886
DEAP:S04:T14,DEAP:S04,T14,1,6.96,1,1,4,0,unexposed,stimulus_absolute_context,validation_unseen,0.1,0.6828142602802941,0.3171857397197059
DEAP:S04:T17,DEAP:S04,T17,1,7.01,1,1,4,0,unexposed,stimulus_absolute_context,validation_unseen,0.1,0.6713519713588345,0.32864802864116544
DEAP:S04:T20,DEAP:S04,T20,1,8.17,1,1,4,0,unexposed,stimulus_absolute_context,validation_unseen,0.1,0.6208278545906689,0.37917214540933114
DEAP:S04:T21,DEAP:S04,T21,0,1.77,1,1,4,0,unexposed,stimulus_absolute_context,validation_unseen,0.1,0.6328882456475475,0.3671117543524524
DEAP:S04:T37,DEAP:S04,T37,0,1.0,1,1,4,0,unexposed,stimulus_absolute_context,validation_unseen,0.1,0.5774527954158157,0.42254720458418427
DEAP:S04:T38,DEAP:S04,T38,0,1.79,1,1,4,0,unexposed,stimulus_absolute_context,validation_unseen,0.1,0.6197977566560504,0.38020224334394953
DEAP:S21:T02,DEAP:S21,T02,1,7.05,1,1,4,0,unexposed,stimulus_absolute_context,validation_unseen,0.1,0.8390838149508157,0.16091618504918426
DEAP:S21:T10,DEAP:S21,T10,1,7.05,1,1,4,0,unexposed,stimulus_absolute_context,validation_unseen,0.1,0.82633212410482,0.1736678758951799
DEAP:S21:T14,DEAP:S21,T14,1,8.1,1,1,4,0,unexposed,stimulus_absolute_context,validation_unseen,0.1,0.8345330235068815,0.16546697649311848
DEAP:S21:T17,DEAP:S21,T17,1,5.53,1,1,4,0,unexposed,stimulus_absolute_context,validation_unseen,0.1,0.803794681815441,0.19620531818455902
DEAP:S21:T20,DEAP:S21,T20,0,2.33,1,1,4,0,unexposed,stimulus_absolute_context,validation_unseen,0.1,0.8135561467218086,0.18644385327819135
DEAP:S21:T21,DEAP:S21,T21,0,4.08,1,1,4,0,unexposed,stimulus_absolute_context,validation_unseen,0.1,0.8558918546778802,0.14410814532211982
DEAP:S21:T37,DEAP:S21,T37,0,3.04,1,1,4,0,unexposed,stimulus_absolute_context,validation_unseen,0.1,0.8185785615004227,0.1814214384995773
DEAP:S21:T38,DEAP:S21,T38,0,3.03,1,1,4,0,unexposed,stimulus_absolute_context,validation_unseen,0.1,0.7874263693165724,0.21257363068342755
DEAP:S22:T02,DEAP:S22,T02,1,7.08,1,1,4,0,unexposed,stimulus_absolute_context,validation_unseen,0.1,0.32039070297967487,0.6796092970203251
DEAP:S22:T10,DEAP:S22,T10,0,4.0,1,1,4,0,unexposed,stimulus_absolute_context,validation_unseen,0.1,0.25698427521861533,0.7430157247813847
DEAP:S22:T14,DEAP:S22,T14,1,8.05,1,1,4,0,unexposed,stimulus_absolute_context,validation_unseen,0.1,0.3093139462488048,0.6906860537511952
DEAP:S22:T17,DEAP:S22,T17,1,5.04,1,1,4,0,unexposed,stimulus_absolute_context,validation_unseen,0.1,0.2943469953877953,0.7056530046122047
DEAP:S22:T20,DEAP:S22,T20,1,7.08,1,1,4,0,unexposed,stimulus_absolute_context,validation_unseen,0.1,0.2794236192912086,0.7205763807087914
DEAP:S22:T21,DEAP:S22,T21,0,2.97,1,1,4,0,unexposed,stimulus_absolute_context,validation_unseen,0.1,0.2872561953512478,0.7127438046487522
DEAP:S22:T37,DEAP:S22,T37,0,1.0,1,1,4,0,unexposed,stimulus_absolute_context,validation_unseen,0.1,0.2678627240782552,0.7321372759217448
DEAP:S22:T38,DEAP:S22,T38,0,1.0,1,1,4,0,unexposed,stimulus_absolute_context,validation_unseen,0.1,0.2826404505528036,0.7173595494471964
DEAP:S03:T03,DEAP:S03,T03,1,7.55,1,1,4,0,unexposed,stimulus_absolute_context,validation_familiar,0.1,0.11438932849731831,0.8856106715026817
DEAP:S03:T04,DEAP:S03,T04,0,4.69,1,1,4,0,unexposed,stimulus_absolute_context,validation_familiar,0.1,0.04510024755500808,0.9548997524449919
DEAP:S03:T06,DEAP:S03,T06,1,6.79,1,1,4,0,unexposed,stimulus_absolute_context,validation_familiar,0.1,0.1512166152303437,0.8487833847696563
DEAP:S03:T07,DEAP:S03,T07,1,5.45,1,1,4,0,unexposed,stimulus_absolute_context,validation_familiar,0.1,0.2671390404175271,0.7328609595824729
DEAP:S03:T09,DEAP:S03,T09,1,7.33,1,1,4,0,unexposed,stimulus_absolute_context,validation_familiar,0.1,0.09344223890104719,0.9065577610989528
DEAP:S03:T11,DEAP:S03,T11,1,7.94,1,1,4,0,unexposed,stimulus_absolute_context,validation_familiar,0.1,0.09141984994400743,0.9085801500559926
DEAP:S03:T13,DEAP:S03,T13,1,7.91,1,1,4,0,unexposed,stimulus_absolute_context,validation_familiar,0.1,0.1941860687551329,0.8058139312448671
DEAP:S03:T16,DEAP:S03,T16,1,7.15,1,1,4,0,unexposed,stimulus_absolute_context,validation_familiar,0.1,0.5203979159758114,0.4796020840241886
DEAP:S03:T18,DEAP:S03,T18,1,7.1,1,1,4,0,unexposed,stimulus_absolute_context,validation_familiar,0.1,0.09106397502089147,0.9089360249791085
DEAP:S03:T22,DEAP:S03,T22,0,4.94,1,1,4,0,unexposed,stimulus_absolute_context,validation_familiar,0.1,0.5456410140256696,0.4543589859743304
DEAP:S03:T24,DEAP:S03,T24,0,3.31,1,1,4,0,unexposed,stimulus_absolute_context,validation_familiar,0.1,0.8246933597762739,0.17530664022372613
DEAP:S03:T31,DEAP:S03,T31,0,4.44,1,1,4,0,unexposed,stimulus_absolute_context,validation_familiar,0.1,0.6841066300293477,0.31589336997065237
DEAP:S03:T34,DEAP:S03,T34,0,4.72,1,1,4,0,unexposed,stimulus_absolute_context,validation_familiar,0.1,0.7985390247356046,0.20146097526439544
DEAP:S03:T36,DEAP:S03,T36,1,5.01,1,1,4,0,unexposed,stimulus_absolute_context,validation_familiar,0.1,0.7236410183087696,0.27635898169123035
DEAP:S03:T39,DEAP:S03,T39,0,4.33,1,1,4,0,unexposed,stimulus_absolute_context,validation_familiar,0.1,0.6451628217742542,0.3548371782257458
DEAP:S03:T40,DEAP:S03,T40,1,5.38,1,1,4,0,unexposed,stimulus_absolute_context,validation_familiar,0.1,0.3436043988672013,0.6563956011327987
DEAP:S04:T03,DEAP:S04,T03,1,8.95,1,1,4,0,unexposed,stimulus_absolute_context,validation_familiar,0.1,0.23181371998523825,0.7681862800147617
DEAP:S04:T04,DEAP:S04,T04,1,6.1,1,1,4,0,unexposed,stimulus_absolute_context,validation_familiar,0.1,0.1028955273183455,0.8971044726816545
DEAP:S04:T06,DEAP:S04,T06,1,5.01,1,1,4,0,unexposed,stimulus_absolute_context,validation_familiar,0.1,0.3190994774114383,0.6809005225885617
DEAP:S04:T07,DEAP:S04,T07,0,2.94,1,1,4,0,unexposed,stimulus_absolute_context,validation_familiar,0.1,0.450120850798012,0.549879149201988
DEAP:S04:T09,DEAP:S04,T09,1,6.05,1,1,4,0,unexposed,stimulus_absolute_context,validation_familiar,0.1,0.18772106776471253,0.8122789322352875
DEAP:S04:T11,DEAP:S04,T11,1,7.24,1,1,4,0,unexposed,stimulus_absolute_context,validation_familiar,0.1,0.20116165440439904,0.798838345595601
DEAP:S04:T13,DEAP:S04,T13,0,4.12,1,1,4,0,unexposed,stimulus_absolute_context,validation_familiar,0.1,0.4633728884648004,0.5366271115351996
DEAP:S04:T16,DEAP:S04,T16,0,2.51,1,1,4,0,unexposed,stimulus_absolute_context,validation_familiar,0.1,0.7883846823510363,0.2116153176489637
DEAP:S04:T18,DEAP:S04,T18,0,4.9,1,1,4,0,unexposed,stimulus_absolute_context,validation_familiar,0.1,0.2092253448375163,0.7907746551624837
DEAP:S04:T22,DEAP:S04,T22,0,1.86,1,1,4,0,unexposed,stimulus_absolute_context,validation_familiar,0.1,0.8069708922736958,0.19302910772630416
DEAP:S04:T24,DEAP:S04,T24,0,2.71,1,1,4,0,unexposed,stimulus_absolute_context,validation_familiar,0.1,0.9155119090817103,0.08448809091828963
DEAP:S04:T31,DEAP:S04,T31,0,2.01,1,1,4,0,unexposed,stimulus_absolute_context,validation_familiar,0.1,0.8334720780949973,0.1665279219050027
DEAP:S04:T34,DEAP:S04,T34,0,2.17,1,1,4,0,unexposed,stimulus_absolute_context,validation_familiar,0.1,0.917895349238271,0.08210465076172899
DEAP:S04:T36,DEAP:S04,T36,0,2.72,1,1,4,0,unexposed,stimulus_absolute_context,validation_familiar,0.1,0.7832570479615993,0.2167429520384007
DEAP:S04:T39,DEAP:S04,T39,0,1.92,1,1,4,0,unexposed,stimulus_absolute_context,validation_familiar,0.1,0.8481547309483429,0.15184526905165704
DEAP:S04:T40,DEAP:S04,T40,0,1.86,1,1,4,0,unexposed,stimulus_absolute_context,validation_familiar,0.1,0.5813046414420996,0.4186953585579004
DEAP:S21:T03,DEAP:S21,T03,0,4.83,1,1,4,0,unexposed,stimulus_absolute_context,validation_familiar,0.1,0.6020089648527223,0.3979910351472778
DEAP:S21:T04,DEAP:S21,T04,1,5.05,1,1,4,0,unexposed,stimulus_absolute_context,validation_familiar,0.1,0.2580455585334984,0.7419544414665016
DEAP:S21:T06,DEAP:S21,T06,1,7.92,1,1,4,0,unexposed,stimulus_absolute_context,validation_familiar,0.1,0.5239587503735772,0.4760412496264228
DEAP:S21:T07,DEAP:S21,T07,1,7.05,1,1,4,0,unexposed,stimulus_absolute_context,validation_familiar,0.1,0.7581950044451151,0.24180499555488483
DEAP:S21:T09,DEAP:S21,T09,1,8.56,1,1,4,0,unexposed,stimulus_absolute_context,validation_familiar,0.1,0.5010523356790366,0.4989476643209634
DEAP:S21:T11,DEAP:S21,T11,1,7.05,1,1,4,0,unexposed,stimulus_absolute_context,validation_familiar,0.1,0.34921553616238465,0.6507844638376153
DEAP:S21:T13,DEAP:S21,T13,0,4.27,1,1,4,0,unexposed,stimulus_absolute_context,validation_familiar,0.1,0.738266763234988,0.2617332367650121
DEAP:S21:T16,DEAP:S21,T16,1,5.99,1,1,4,0,unexposed,stimulus_absolute_context,validation_familiar,0.1,0.9417352201904194,0.05826477980958054
DEAP:S21:T18,DEAP:S21,T18,1,7.99,1,1,4,0,unexposed,stimulus_absolute_context,validation_familiar,0.1,0.4174213118610782,0.5825786881389218
DEAP:S21:T22,DEAP:S21,T22,0,2.09,1,1,4,0,unexposed,stimulus_absolute_context,validation_familiar,0.1,0.9369475568146324,0.06305244318536761
DEAP:S21:T24,DEAP:S21,T24,0,2.99,1,1,4,0,unexposed,stimulus_absolute_context,validation_familiar,0.1,0.9752994438915128,0.02470055610848725
DEAP:S21:T31,DEAP:S21,T31,1,5.04,1,1,4,0,unexposed,stimulus_absolute_context,validation_familiar,0.1,0.9242221773915927,0.07577782260840724
DEAP:S21:T34,DEAP:S21,T34,0,4.06,1,1,4,0,unexposed,stimulus_absolute_context,validation_familiar,0.1,0.9659749571741397,0.03402504282586027
DEAP:S21:T36,DEAP:S21,T36,1,6.88,1,1,4,0,unexposed,stimulus_absolute_context,validation_familiar,0.1,0.9620401190787886,0.03795988092121136
DEAP:S21:T39,DEAP:S21,T39,1,6.09,1,1,4,0,unexposed,stimulus_absolute_context,validation_familiar,0.1,0.9581259108797885,0.04187408912021151
DEAP:S21:T40,DEAP:S21,T40,0,3.99,1,1,4,0,unexposed,stimulus_absolute_context,validation_familiar,0.1,0.8429482674669707,0.15705173253302931
DEAP:S22:T03,DEAP:S22,T03,1,7.05,1,1,4,0,unexposed,stimulus_absolute_context,validation_familiar,0.1,0.053960043609114994,0.946039956390885
DEAP:S22:T04,DEAP:S22,T04,1,7.06,1,1,4,0,unexposed,stimulus_absolute_context,validation_familiar,0.1,0.028000443551809084,0.9719995564481909
DEAP:S22:T06,DEAP:S22,T06,0,4.97,1,1,4,0,unexposed,stimulus_absolute_context,validation_familiar,0.1,0.09568467556241822,0.9043153244375818
DEAP:S22:T07,DEAP:S22,T07,1,6.03,1,1,4,0,unexposed,stimulus_absolute_context,validation_familiar,0.1,0.19485234793748418,0.8051476520625158
DEAP:S22:T09,DEAP:S22,T09,1,9.0,1,1,4,0,unexposed,stimulus_absolute_context,validation_familiar,0.1,0.06055317592332066,0.9394468240766793
DEAP:S22:T11,DEAP:S22,T11,1,8.05,1,1,4,0,unexposed,stimulus_absolute_context,validation_familiar,0.1,0.06718320178902004,0.93281679821098
DEAP:S22:T13,DEAP:S22,T13,1,7.01,1,1,4,0,unexposed,stimulus_absolute_context,validation_familiar,0.1,0.17019025922979036,0.8298097407702096
DEAP:S22:T16,DEAP:S22,T16,1,6.06,1,1,4,0,unexposed,stimulus_absolute_context,validation_familiar,0.1,0.4716152834350019,0.5283847165649981
DEAP:S22:T18,DEAP:S22,T18,1,8.08,1,1,4,0,unexposed,stimulus_absolute_context,validation_familiar,0.1,0.0659681041569311,0.9340318958430689
DEAP:S22:T22,DEAP:S22,T22,0,4.05,1,1,4,0,unexposed,stimulus_absolute_context,validation_familiar,0.1,0.4976302027866646,0.5023697972133354
DEAP:S22:T24,DEAP:S22,T24,0,1.96,1,1,4,0,unexposed,stimulus_absolute_context,validation_familiar,0.1,0.7070697626913035,0.2929302373086965
DEAP:S22:T31,DEAP:S22,T31,0,2.01,1,1,4,0,unexposed,stimulus_absolute_context,validation_familiar,0.1,0.5982612489365857,0.4017387510634142
DEAP:S22:T34,DEAP:S22,T34,1,5.04,1,1,4,0,unexposed,stimulus_absolute_context,validation_familiar,0.1,0.7384319204100358,0.26156807958996414
DEAP:S22:T36,DEAP:S22,T36,0,1.96,1,1,4,0,unexposed,stimulus_absolute_context,validation_familiar,0.1,0.6202263740414823,0.3797736259585177
DEAP:S22:T39,DEAP:S22,T39,0,1.0,1,1,4,0,unexposed,stimulus_absolute_context,validation_familiar,0.1,0.574546887147003,0.425453112852997
DEAP:S22:T40,DEAP:S22,T40,0,2.97,1,1,4,0,unexposed,stimulus_absolute_context,validation_familiar,0.1,0.2751369687045976,0.7248630312954024
DEAP:S02:T03,DEAP:S02,T03,1,9.0,1,1,4,0,unexposed,stimulus_absolute_context,train,1.0,0.09703466059710786,0.9029653394028921
DEAP:S02:T04,DEAP:S02,T04,1,6.05,1,1,4,0,unexposed,stimulus_absolute_context,train,1.0,0.01210199892850461,0.9878980010714954
DEAP:S02:T07,DEAP:S02,T07,0,4.96,1,1,4,0,unexposed,stimulus_absolute_context,train,1.0,0.4711324211920602,0.5288675788079398
DEAP:S02:T09,DEAP:S02,T09,1,9.0,1,1,4,0,unexposed,stimulus_absolute_context,train,1.0,0.04531430735161157,0.9546856926483884
DEAP:S02:T11,DEAP:S02,T11,1,7.08,1,1,4,0,unexposed,stimulus_absolute_context,train,1.0,0.016704594419876817,0.9832954055801232
DEAP:S02:T16,DEAP:S02,T16,1,6.0,1,1,4,0,unexposed,stimulus_absolute_context,train,1.0,0.24321135567660457,0.7567886443233954
DEAP:S02:T18,DEAP:S02,T18,1,9.0,1,1,4,0,unexposed,stimulus_absolute_context,train,1.0,0.018033121568685084,0.9819668784313149
DEAP:S02:T24,DEAP:S02,T24,1,7.08,1,1,4,0,unexposed,stimulus_absolute_context,train,1.0,0.7740149572433097,0.22598504275669024
DEAP:S02:T31,DEAP:S02,T31,0,4.06,1,1,4,0,unexposed,stimulus_absolute_context,train,1.0,0.5551522942237046,0.44484770577629545
DEAP:S02:T34,DEAP:S02,T34,0,4.87,1,1,4,0,unexposed,stimulus_absolute_context,train,1.0,0.7706002121873851,0.22939978781261494
DEAP:S02:T36,DEAP:S02,T36,1,5.04,1,1,4,0,unexposed,stimulus_absolute_context,train,1.0,0.7780925349141834,0.22190746508581657
DEAP:S02:T39,DEAP:S02,T39,0,1.0,1,1,4,0,unexposed,stimulus_absolute_context,train,1.0,0.6526630373936377,0.34733696260636227
DEAP:S02:T40,DEAP:S02,T40,1,6.05,1,1,4,0,unexposed,stimulus_absolute_context,train,1.0,0.3090938789841562,0.6909061210158438
DEAP:S05:T03,DEAP:S05,T03,0,4.95,1,1,4,0,unexposed,stimulus_absolute_context,train,1.0,0.10665486371442423,0.8933451362855758
DEAP:S05:T04,DEAP:S05,T04,1,8.24,1,1,4,0,unexposed,stimulus_absolute_context,train,1.0,0.02333694953912302,0.976663050460877
DEAP:S05:T06,DEAP:S05,T06,1,8.09,1,1,4,0,unexposed,stimulus_absolute_context,train,1.0,0.04727030554099665,0.9527296944590034
DEAP:S05:T07,DEAP:S05,T07,1,5.12,1,1,4,0,unexposed,stimulus_absolute_context,train,1.0,0.12358930363893639,0.8764106963610636
DEAP:S05:T09,DEAP:S05,T09,1,6.94,1,1,4,0,unexposed,stimulus_absolute_context,train,1.0,0.05700674542248474,0.9429932545775153
DEAP:S05:T11,DEAP:S05,T11,1,9.0,1,1,4,0,unexposed,stimulus_absolute_context,train,1.0,0.016773169783959596,0.9832268302160404
DEAP:S05:T16,DEAP:S05,T16,1,5.96,1,1,4,0,unexposed,stimulus_absolute_context,train,1.0,0.2667033900473076,0.7332966099526924
DEAP:S05:T18,DEAP:S05,T18,1,8.05,1,1,4,0,unexposed,stimulus_absolute_context,train,1.0,0.02597899722883923,0.9740210027711608
DEAP:S05:T22,DEAP:S05,T22,1,6.99,1,1,4,0,unexposed,stimulus_absolute_context,train,1.0,0.5272157819020609,0.4727842180979391
DEAP:S05:T24,DEAP:S05,T24,0,4.0,1,1,4,0,unexposed,stimulus_absolute_context,train,1.0,0.7821477321857888,0.21785226781421116
DEAP:S05:T31,DEAP:S05,T31,1,6.9,1,1,4,0,unexposed,stimulus_absolute_context,train,1.0,0.43799431625102414,0.5620056837489759
DEAP:S05:T34,DEAP:S05,T34,1,6.03,1,1,4,0,unexposed,stimulus_absolute_context,train,1.0,0.6187962355977028,0.3812037644022972
DEAP:S05:T36,DEAP:S05,T36,0,4.91,1,1,4,0,unexposed,stimulus_absolute_context,train,1.0,0.7553248209738241,0.2446751790261758
DEAP:S05:T39,DEAP:S05,T39,0,1.0,1,1,4,0,unexposed,stimulus_absolute_context,train,1.0,0.6127831780516106,0.38721682194838936
DEAP:S05:T40,DEAP:S05,T40,1,7.0,1,1,4,0,unexposed,stimulus_absolute_context,train,1.0,0.3499651473469937,0.6500348526530063
DEAP:S06:T03,DEAP:S06,T03,1,7.69,1,1,4,0,unexposed,stimulus_absolute_context,train,1.0,0.052610852196119606,0.9473891478038804
DEAP:S06:T04,DEAP:S06,T04,1,7.55,1,1,4,0,unexposed,stimulus_absolute_context,train,1.0,0.026040752268881473,0.9739592477311185
DEAP:S06:T06,DEAP:S06,T06,1,8.05,1,1,4,0,unexposed,stimulus_absolute_context,train,1.0,0.07632505355437025,0.9236749464456298
DEAP:S06:T07,DEAP:S06,T07,1,8.26,1,1,4,0,unexposed,stimulus_absolute_context,train,1.0,0.5375035758755631,0.462496424124437
DEAP:S06:T09,DEAP:S06,T09,1,7.87,1,1,4,0,unexposed,stimulus_absolute_context,train,1.0,0.08135268506061655,0.9186473149393835
DEAP:S06:T11,DEAP:S06,T11,0,4.99,1,1,4,0,unexposed,stimulus_absolute_context,train,1.0,0.021008848141422343,0.9789911518585777
DEAP:S06:T13,DEAP:S06,T13,1,7.79,1,1,4,0,unexposed,stimulus_absolute_context,train,1.0,0.2895557919812436,0.7104442080187564
DEAP:S06:T16,DEAP:S06,T16,1,5.06,1,1,4,0,unexposed,stimulus_absolute_context,train,1.0,0.6787642819564029,0.3212357180435971
DEAP:S06:T22,DEAP:S06,T22,1,7.56,1,1,4,0,unexposed,stimulus_absolute_context,train,1.0,0.45773949243481415,0.5422605075651858
DEAP:S06:T24,DEAP:S06,T24,0,3.5,1,1,4,0,unexposed,stimulus_absolute_context,train,1.0,0.6372647651816541,0.3627352348183459
DEAP:S06:T31,DEAP:S06,T31,0,3.65,1,1,4,0,unexposed,stimulus_absolute_context,train,1.0,0.8642794225423777,0.13572057745762237
DEAP:S06:T34,DEAP:S06,T34,0,3.31,1,1,4,0,unexposed,stimulus_absolute_context,train,1.0,0.7680892713378638,0.23191072866213627
DEAP:S06:T36,DEAP:S06,T36,1,5.71,1,1,4,0,unexposed,stimulus_absolute_context,train,1.0,0.6215150463928103,0.3784849536071897
DEAP:S06:T39,DEAP:S06,T39,1,6.56,1,1,4,0,unexposed,stimulus_absolute_context,train,1.0,0.7761031481402366,0.2238968518597634
DEAP:S06:T40,DEAP:S06,T40,0,4.85,1,1,4,0,unexposed,stimulus_absolute_context,train,1.0,0.45485366998774335,0.5451463300122567
DEAP:S07:T04,DEAP:S07,T04,1,7.08,1,1,4,0,unexposed,stimulus_absolute_context,train,1.0,0.004729775467876118,0.9952702245321239
DEAP:S07:T06,DEAP:S07,T06,1,6.97,1,1,4,0,unexposed,stimulus_absolute_context,train,1.0,0.06244422173266995,0.93755577826733
DEAP:S07:T07,DEAP:S07,T07,1,7.08,1,1,4,0,unexposed,stimulus_absolute_context,train,1.0,0.12843047636946836,0.8715695236305316
DEAP:S07:T09,DEAP:S07,T09,1,6.99,1,1,4,0,unexposed,stimulus_absolute_context,train,1.0,0.03333536326598152,0.9666646367340185
DEAP:S07:T13,DEAP:S07,T13,1,8.0,1,1,4,0,unexposed,stimulus_absolute_context,train,1.0,0.282055383198207,0.717944616801793
DEAP:S07:T16,DEAP:S07,T16,0,3.03,1,1,4,0,unexposed,stimulus_absolute_context,train,1.0,0.7360599201313892,0.2639400798686108
DEAP:S07:T18,DEAP:S07,T18,1,7.03,1,1,4,0,unexposed,stimulus_absolute_context,train,1.0,0.04279963916709473,0.9572003608329053
DEAP:S07:T22,DEAP:S07,T22,0,3.05,1,1,4,0,unexposed,stimulus_absolute_context,train,1.0,0.4751180210626208,0.5248819789373792
DEAP:S07:T24,DEAP:S07,T24,0,1.97,1,1,4,0,unexposed,stimulus_absolute_context,train,1.0,0.7716014802165417,0.22839851978345824
DEAP:S07:T31,DEAP:S07,T31,1,6.96,1,1,4,0,unexposed,stimulus_absolute_context,train,1.0,0.598023715476092,0.401976284523908
DEAP:S07:T34,DEAP:S07,T34,0,4.01,1,1,4,0,unexposed,stimulus_absolute_context,train,1.0,0.6826459607039473,0.31735403929605266
DEAP:S07:T36,DEAP:S07,T36,1,8.1,1,1,4,0,unexposed,stimulus_absolute_context,train,1.0,0.6333599082871515,0.36664009171284856
DEAP:S07:T39,DEAP:S07,T39,1,7.01,1,1,4,0,unexposed,stimulus_absolute_context,train,1.0,0.3226085090188686,0.6773914909811314
DEAP:S07:T40,DEAP:S07,T40,1,7.01,1,1,4,0,unexposed,stimulus_absolute_context,train,1.0,0.2275363877638953,0.7724636122361047
DEAP:S08:T03,DEAP:S08,T03,1,8.15,1,1,4,0,unexposed,stimulus_absolute_context,train,1.0,0.13805657150040174,0.8619434284995983
DEAP:S08:T04,DEAP:S08,T04,1,6.82,1,1,4,0,unexposed,stimulus_absolute_context,train,1.0,0.025475844513616064,0.9745241554863839
DEAP:S08:T06,DEAP:S08,T06,1,7.4,1,1,4,0,unexposed,stimulus_absolute_context,train,1.0,0.11503286624522335,0.8849671337547766
DEAP:S08:T07,DEAP:S08,T07,1,5.04,1,1,4,0,unexposed,stimulus_absolute_context,train,1.0,0.3959148624093194,0.6040851375906806
DEAP:S08:T09,DEAP:S08,T09,1,8.78,1,1,4,0,unexposed,stimulus_absolute_context,train,1.0,0.09362418195715405,0.906375818042846
DEAP:S08:T16,DEAP:S08,T16,0,4.21,1,1,4,0,unexposed,stimulus_absolute_context,train,1.0,0.5930237505630691,0.4069762494369309
DEAP:S08:T18,DEAP:S08,T18,1,7.21,1,1,4,0,unexposed,stimulus_absolute_context,train,1.0,0.08111205850115077,0.9188879414988492
DEAP:S08:T22,DEAP:S08,T22,0,4.23,1,1,4,0,unexposed,stimulus_absolute_context,train,1.0,0.782519020910899,0.21748097908910105
DEAP:S08:T24,DEAP:S08,T24,0,4.15,1,1,4,0,unexposed,stimulus_absolute_context,train,1.0,0.955319395247736,0.04468060475226397
DEAP:S08:T31,DEAP:S08,T31,0,1.45,1,1,4,0,unexposed,stimulus_absolute_context,train,1.0,0.9031694195883374,0.09683058041166262
DEAP:S08:T34,DEAP:S08,T34,1,5.05,1,1,4,0,unexposed,stimulus_absolute_context,train,1.0,0.8874944135533559,0.11250558644664412
DEAP:S08:T36,DEAP:S08,T36,0,1.21,1,1,4,0,unexposed,stimulus_absolute_context,train,1.0,0.6143228411388311,0.38567715886116893
DEAP:S08:T39,DEAP:S08,T39,1,5.05,1,1,4,0,unexposed,stimulus_absolute_context,train,1.0,0.346130662295013,0.653869337704987
DEAP:S08:T40,DEAP:S08,T40,0,3.13,1,1,4,0,unexposed,stimulus_absolute_context,train,1.0,0.7436131883052726,0.2563868116947275
DEAP:S09:T03,DEAP:S09,T03,1,7.08,1,1,4,0,unexposed,stimulus_absolute_context,train,1.0,0.0668516518201483,0.9331483481798517
DEAP:S09:T04,DEAP:S09,T04,1,5.99,1,1,4,0,unexposed,stimulus_absolute_context,train,1.0,0.020169358852085928,0.9798306411479141
DEAP:S09:T06,DEAP:S09,T06,1,7.04,1,1,4,0,unexposed,stimulus_absolute_context,train,1.0,0.05001926802104273,0.9499807319789573
DEAP:S09:T07,DEAP:S09,T07,1,5.08,1,1,4,0,unexposed,stimulus_absolute_context,train,1.0,0.22541519295519863,0.7745848070448014
DEAP:S09:T09,DEAP:S09,T09,1,5.96,1,1,4,0,unexposed,stimulus_absolute_context,train,1.0,0.014709040994497657,0.9852909590055023
DEAP:S09:T11,DEAP:S09,T11,1,7.12,1,1,4,0,unexposed,stimulus_absolute_context,train,1.0,0.02672411593571411,0.9732758840642859
DEAP:S09:T13,DEAP:S09,T13,1,8.15,1,1,4,0,unexposed,stimulus_absolute_context,train,1.0,0.16560780226923733,0.8343921977307627
DEAP:S09:T16,DEAP:S09,T16,0,4.05,1,1,4,0,unexposed,stimulus_absolute_context,train,1.0,0.5024223883245402,0.4975776116754598
DEAP:S09:T22,DEAP:S09,T22,0,3.99,1,1,4,0,unexposed,stimulus_absolute_context,train,1.0,0.5930475916419824,0.40695240835801766
DEAP:S09:T24,DEAP:S09,T24,0,4.03,1,1,4,0,unexposed,stimulus_absolute_context,train,1.0,0.7609725195546904,0.23902748044530966
DEAP:S09:T31,DEAP:S09,T31,1,6.06,1,1,4,0,unexposed,stimulus_absolute_context,train,1.0,0.7493694230167787,0.2506305769832214
DEAP:S09:T34,DEAP:S09,T34,1,5.06,1,1,4,0,unexposed,stimulus_absolute_context,train,1.0,0.8396383185165645,0.16036168148343555
DEAP:S09:T36,DEAP:S09,T36,0,3.08,1,1,4,0,unexposed,stimulus_absolute_context,train,1.0,0.8406595254563942,0.15934047454360575
DEAP:S09:T39,DEAP:S09,T39,0,3.17,1,1,4,0,unexposed,stimulus_absolute_context,train,1.0,0.762230579837645,0.237769420162355
DEAP:S09:T40,DEAP:S09,T40,1,5.04,1,1,4,0,unexposed,stimulus_absolute_context,train,1.0,0.43743311669236074,0.5625668833076393
DEAP:S10:T04,DEAP:S10,T04,1,7.01,1,1,4,0,unexposed,stimulus_absolute_context,train,1.0,0.018335027974848428,0.9816649720251516
DEAP:S10:T06,DEAP:S10,T06,1,7.1,1,1,4,0,unexposed,stimulus_absolute_context,train,1.0,0.05641074330970386,0.9435892566902961
DEAP:S10:T07,DEAP:S10,T07,1,8.96,1,1,4,0,unexposed,stimulus_absolute_context,train,1.0,0.03188468923711674,0.9681153107628833
DEAP:S10:T09,DEAP:S10,T09,1,7.56,1,1,4,0,unexposed,stimulus_absolute_context,train,1.0,0.0345437950695211,0.9654562049304789
DEAP:S10:T11,DEAP:S10,T11,1,8.99,1,1,4,0,unexposed,stimulus_absolute_context,train,1.0,0.04284298351735172,0.9571570164826483
DEAP:S10:T16,DEAP:S10,T16,0,3.85,1,1,4,0,unexposed,stimulus_absolute_context,train,1.0,0.8621465628641402,0.13785343713585982
DEAP:S10:T18,DEAP:S10,T18,1,7.31,1,1,4,0,unexposed,stimulus_absolute_context,train,1.0,0.08573254319643464,0.9142674568035654
DEAP:S10:T22,DEAP:S10,T22,0,4.24,1,1,4,0,unexposed,stimulus_absolute_context,train,1.0,0.842252538713904,0.15774746128609596
DEAP:S10:T31,DEAP:S10,T31,0,4.15,1,1,4,0,unexposed,stimulus_absolute_context,train,1.0,0.927898682252114,0.07210131774788592
DEAP:S10:T34,DEAP:S10,T34,0,3.91,1,1,4,0,unexposed,stimulus_absolute_context,train,1.0,0.9005234461218804,0.09947655387811959
DEAP:S10:T36,DEAP:S10,T36,0,2.17,1,1,4,0,unexposed,stimulus_absolute_context,train,1.0,0.9185366458058819,0.08146335419411804
DEAP:S10:T39,DEAP:S10,T39,0,2.17,1,1,4,0,unexposed,stimulus_absolute_context,train,1.0,0.9007528054309721,0.09924719456902789
DEAP:S10:T40,DEAP:S10,T40,1,5.78,1,1,4,0,unexposed,stimulus_absolute_context,train,1.0,0.473599082730087,0.526400917269913
DEAP:S11:T03,DEAP:S11,T03,1,7.41,1,1,4,0,unexposed,stimulus_absolute_context,train,1.0,0.0769652070489768,0.9230347929510232
DEAP:S11:T04,DEAP:S11,T04,1,7.65,1,1,4,0,unexposed,stimulus_absolute_context,train,1.0,0.03899229831979023,0.9610077016802098
DEAP:S11:T06,DEAP:S11,T06,1,5.32,1,1,4,0,unexposed,stimulus_absolute_context,train,1.0,0.18535708333937695,0.814642916660623
DEAP:S11:T07,DEAP:S11,T07,1,6.37,1,1,4,0,unexposed,stimulus_absolute_context,train,1.0,0.49565044783121615,0.5043495521687839
DEAP:S11:T09,DEAP:S11,T09,1,7.04,1,1,4,0,unexposed,stimulus_absolute_context,train,1.0,0.08679496093864991,0.9132050390613501
DEAP:S11:T11,DEAP:S11,T11,1,7.32,1,1,4,0,unexposed,stimulus_absolute_context,train,1.0,0.10257203903510159,0.8974279609648984
DEAP:S11:T13,DEAP:S11,T13,1,8.42,1,1,4,0,unexposed,stimulus_absolute_context,train,1.0,0.18041716738644553,0.8195828326135545
DEAP:S11:T16,DEAP:S11,T16,0,4.35,1,1,4,0,unexposed,stimulus_absolute_context,train,1.0,0.7646080167005577,0.23539198329944233
DEAP:S11:T18,DEAP:S11,T18,1,7.95,1,1,4,0,unexposed,stimulus_absolute_context,train,1.0,0.0646424823278624,0.9353575176721376
DEAP:S11:T22,DEAP:S11,T22,1,6.15,1,1,4,0,unexposed,stimulus_absolute_context,train,1.0,0.5797768395103564,0.42022316048964353
DEAP:S11:T24,DEAP:S11,T24,0,2.88,1,1,4,0,unexposed,stimulus_absolute_context,train,1.0,0.9357297681918826,0.06427023180811747
DEAP:S11:T31,DEAP:S11,T31,0,1.83,1,1,4,0,unexposed,stimulus_absolute_context,train,1.0,0.7862079586935761,0.2137920413064239
DEAP:S11:T34,DEAP:S11,T34,0,4.88,1,1,4,0,unexposed,stimulus_absolute_context,train,1.0,0.9295257654417842,0.07047423455821575
DEAP:S11:T36,DEAP:S11,T36,0,3.62,1,1,4,0,unexposed,stimulus_absolute_context,train,1.0,0.8895359200006583,0.11046407999934166
DEAP:S11:T39,DEAP:S11,T39,0,1.0,1,1,4,0,unexposed,stimulus_absolute_context,train,1.0,0.8285637022536183,0.17143629774638172
DEAP:S11:T40,DEAP:S11,T40,0,4.95,1,1,4,0,unexposed,stimulus_absolute_context,train,1.0,0.5744652210468579,0.4255347789531421
DEAP:S12:T03,DEAP:S12,T03,1,7.33,1,1,4,0,unexposed,stimulus_absolute_context,train,1.0,0.10157891534676289,0.8984210846532371
DEAP:S12:T04,DEAP:S12,T04,1,6.86,1,1,4,0,unexposed,stimulus_absolute_context,train,1.0,0.016485948213254886,0.9835140517867451
DEAP:S12:T07,DEAP:S12,T07,1,6.77,1,1,4,0,unexposed,stimulus_absolute_context,train,1.0,0.2518895027792043,0.7481104972207957
DEAP:S12:T09,DEAP:S12,T09,1,7.95,1,1,4,0,unexposed,stimulus_absolute_context,train,1.0,0.042752200519049155,0.9572477994809508
DEAP:S12:T11,DEAP:S12,T11,1,7.78,1,1,4,0,unexposed,stimulus_absolute_context,train,1.0,0.04203444964083336,0.9579655503591666
DEAP:S12:T13,DEAP:S12,T13,1,7.99,1,1,4,0,unexposed,stimulus_absolute_context,train,1.0,0.32867184892872625,0.6713281510712737
DEAP:S12:T16,DEAP:S12,T16,1,5.04,1,1,4,0,unexposed,stimulus_absolute_context,train,1.0,0.638561846053664,0.3614381539463361
DEAP:S12:T18,DEAP:S12,T18,1,7.35,1,1,4,0,unexposed,stimulus_absolute_context,train,1.0,0.06630927963389266,0.9336907203661073
DEAP:S12:T22,DEAP:S12,T22,0,3.33,1,1,4,0,unexposed,stimulus_absolute_context,train,1.0,0.6540922925126444,0.34590770748735555
DEAP:S12:T24,DEAP:S12,T24,0,2.79,1,1,4,0,unexposed,stimulus_absolute_context,train,1.0,0.8644881397361764,0.13551186026382356
DEAP:S12:T31,DEAP:S12,T31,0,3.18,1,1,4,0,unexposed,stimulus_absolute_context,train,1.0,0.7992309312402233,0.20076906875977674
DEAP:S12:T34,DEAP:S12,T34,0,4.87,1,1,4,0,unexposed,stimulus_absolute_context,train,1.0,0.8653960684419115,0.13460393155808845
DEAP:S12:T36,DEAP:S12,T36,0,2.82,1,1,4,0,unexposed,stimulus_absolute_context,train,1.0,0.7707151170738324,0.22928488292616755
DEAP:S12:T39,DEAP:S12,T39,0,3.18,1,1,4,0,unexposed,stimulus_absolute_context,train,1.0,0.6088472834268712,0.3911527165731288
DEAP:S12:T40,DEAP:S12,T40,1,6.81,1,1,4,0,unexposed,stimulus_absolute_context,train,1.0,0.5353972249501553,0.4646027750498447
DEAP:S13:T03,DEAP:S13,T03,1,9.0,1,1,4,0,unexposed,stimulus_absolute_context,train,1.0,0.2624295860026814,0.7375704139973186
DEAP:S13:T04,DEAP:S13,T04,1,7.08,1,1,4,0,unexposed,stimulus_absolute_context,train,1.0,0.03967382881135961,0.9603261711886404
DEAP:S13:T06,DEAP:S13,T06,0,4.46,1,1,4,0,unexposed,stimulus_absolute_context,train,1.0,0.3976798780776124,0.6023201219223876
DEAP:S13:T07,DEAP:S13,T07,0,2.99,1,1,4,0,unexposed,stimulus_absolute_context,train,1.0,0.6841851314030987,0.31581486859690133
DEAP:S13:T09,DEAP:S13,T09,1,7.06,1,1,4,0,unexposed,stimulus_absolute_context,train,1.0,0.14668822394156678,0.8533117760584332
DEAP:S13:T11,DEAP:S13,T11,1,7.04,1,1,4,0,unexposed,stimulus_absolute_context,train,1.0,0.1753153935270877,0.8246846064729123
DEAP:S13:T13,DEAP:S13,T13,1,9.0,1,1,4,0,unexposed,stimulus_absolute_context,train,1.0,0.6296671311341875,0.37033286886581257
DEAP:S13:T18,DEAP:S13,T18,1,7.94,1,1,4,0,unexposed,stimulus_absolute_context,train,1.0,0.1402211837066234,0.8597788162933766
DEAP:S13:T22,DEAP:S13,T22,0,4.01,1,1,4,0,unexposed,stimulus_absolute_context,train,1.0,0.9645838622074945,0.03541613779250547
DEAP:S13:T24,DEAP:S13,T24,0,2.97,1,1,4,0,unexposed,stimulus_absolute_context,train,1.0,0.986961891153336,0.013038108846664039
DEAP:S13:T31,DEAP:S13,T31,0,1.97,1,1,4,0,unexposed,stimulus_absolute_context,train,1.0,0.9820683743774422,0.017931625622557765
DEAP:S13:T34,DEAP:S13,T34,0,2.92,1,1,4,0,unexposed,stimulus_absolute_context,train,1.0,0.9732924834196819,0.026707516580318127
DEAP:S13:T36,DEAP:S13,T36,0,2.54,1,1,4,0,unexposed,stimulus_absolute_context,train,1.0,0.9807662755828427,0.019233724417157268
DEAP:S13:T39,DEAP:S13,T39,0,1.97,1,1,4,0,unexposed,stimulus_absolute_context,train,1.0,0.9317255686347534,0.06827443136524654
DEAP:S13:T40,DEAP:S13,T40,0,4.08,1,1,4,0,unexposed,stimulus_absolute_context,train,1.0,0.902883438062704,0.09711656193729601
DEAP:S14:T04,DEAP:S14,T04,1,7.38,1,1,4,0,unexposed,stimulus_absolute_context,train,1.0,0.016997147936024026,0.983002852063976
DEAP:S14:T06,DEAP:S14,T06,1,7.19,1,1,4,0,unexposed,stimulus_absolute_context,train,1.0,0.058477778236733835,0.9415222217632662
DEAP:S14:T07,DEAP:S14,T07,1,6.85,1,1,4,0,unexposed,stimulus_absolute_context,train,1.0,0.20833372228009572,0.7916662777199043
DEAP:S14:T11,DEAP:S14,T11,1,8.03,1,1,4,0,unexposed,stimulus_absolute_context,train,1.0,0.09837967012024129,0.9016203298797587
DEAP:S14:T13,DEAP:S14,T13,1,6.79,1,1,4,0,unexposed,stimulus_absolute_context,train,1.0,0.20812097592633194,0.7918790240736681
DEAP:S14:T16,DEAP:S14,T16,0,3.96,1,1,4,0,unexposed,stimulus_absolute_context,train,1.0,0.7438046943896778,0.2561953056103222
DEAP:S14:T18,DEAP:S14,T18,1,8.09,1,1,4,0,unexposed,stimulus_absolute_context,train,1.0,0.05052939074797902,0.949470609252021
DEAP:S14:T22,DEAP:S14,T22,0,4.1,1,1,4,0,unexposed,stimulus_absolute_context,train,1.0,0.6363004848476281,0.3636995151523718
DEAP:S14:T24,DEAP:S14,T24,0,2.36,1,1,4,0,unexposed,stimulus_absolute_context,train,1.0,0.8357399573270325,0.16426004267296743
DEAP:S14:T31,DEAP:S14,T31,0,3.26,1,1,4,0,unexposed,stimulus_absolute_context,train,1.0,0.8025978875284947,0.1974021124715053
DEAP:S14:T34,DEAP:S14,T34,0,2.5,1,1,4,0,unexposed,stimulus_absolute_context,train,1.0,0.8924329144657611,0.10756708553423892
DEAP:S14:T36,DEAP:S14,T36,0,2.01,1,1,4,0,unexposed,stimulus_absolute_context,train,1.0,0.8119383521934134,0.18806164780658657
DEAP:S14:T39,DEAP:S14,T39,1,6.65,1,1,4,0,unexposed,stimulus_absolute_context,train,1.0,0.7582512836691742,0.24174871633082579
DEAP:S14:T40,DEAP:S14,T40,1,6.68,1,1,4,0,unexposed,stimulus_absolute_context,train,1.0,0.4049881588743037,0.5950118411256963
DEAP:S15:T03,DEAP:S15,T03,1,8.04,1,1,4,0,unexposed,stimulus_absolute_context,train,1.0,0.21958673456789057,0.7804132654321094
DEAP:S15:T04,DEAP:S15,T04,1,8.04,1,1,4,0,unexposed,stimulus_absolute_context,train,1.0,0.026044207593765134,0.9739557924062349
DEAP:S15:T06,DEAP:S15,T06,1,9.0,1,1,4,0,unexposed,stimulus_absolute_context,train,1.0,0.1939477637368634,0.8060522362631366
DEAP:S15:T07,DEAP:S15,T07,1,5.04,1,1,4,0,unexposed,stimulus_absolute_context,train,1.0,0.3354087885095106,0.6645912114904894
DEAP:S15:T09,DEAP:S15,T09,1,9.0,1,1,4,0,unexposed,stimulus_absolute_context,train,1.0,0.09231806876937365,0.9076819312306263
DEAP:S15:T11,DEAP:S15,T11,1,8.99,1,1,4,0,unexposed,stimulus_absolute_context,train,1.0,0.10627126487286342,0.8937287351271366
DEAP:S15:T16,DEAP:S15,T16,0,4.17,1,1,4,0,unexposed,stimulus_absolute_context,train,1.0,0.9461428061533217,0.053857193846678364
DEAP:S15:T18,DEAP:S15,T18,1,7.04,1,1,4,0,unexposed,stimulus_absolute_context,train,1.0,0.214687897786635,0.785312102213365
DEAP:S15:T22,DEAP:S15,T22,0,4.12,1,1,4,0,unexposed,stimulus_absolute_context,train,1.0,0.9079343633024108,0.09206563669758913
DEAP:S15:T24,DEAP:S15,T24,0,1.92,1,1,4,0,unexposed,stimulus_absolute_context,train,1.0,0.9316308765016102,0.06836912349838978
DEAP:S15:T31,DEAP:S15,T31,0,2.99,1,1,4,0,unexposed,stimulus_absolute_context,train,1.0,0.919336179028088,0.08066382097191202
DEAP:S15:T34,DEAP:S15,T34,0,3.01,1,1,4,0,unexposed,stimulus_absolute_context,train,1.0,0.9027165235479911,0.09728347645200885
DEAP:S15:T36,DEAP:S15,T36,0,3.96,1,1,4,0,unexposed,stimulus_absolute_context,train,1.0,0.7791063298371251,0.22089367016287487
DEAP:S15:T39,DEAP:S15,T39,0,4.0,1,1,4,0,unexposed,stimulus_absolute_context,train,1.0,0.9840404752242069,0.01595952477579312
DEAP:S15:T40,DEAP:S15,T40,0,4.01,1,1,4,0,unexposed,stimulus_absolute_context,train,1.0,0.7743362523795121,0.22566374762048788
DEAP:S16:T04,DEAP:S16,T04,1,7.09,1,1,4,0,unexposed,stimulus_absolute_context,train,1.0,0.10289999488588975,0.8971000051141103
DEAP:S16:T06,DEAP:S16,T06,0,4.99,1,1,4,0,unexposed,stimulus_absolute_context,train,1.0,0.4934963462604105,0.5065036537395895
DEAP:S16:T09,DEAP:S16,T09,0,4.18,1,1,4,0,unexposed,stimulus_absolute_context,train,1.0,0.6060668571055906,0.3939331428944094
DEAP:S16:T11,DEAP:S16,T11,1,7.27,1,1,4,0,unexposed,stimulus_absolute_context,train,1.0,0.4266971401666312,0.5733028598333688
DEAP:S16:T13,DEAP:S16,T13,0,3.88,1,1,4,0,unexposed,stimulus_absolute_context,train,1.0,0.6143670962650303,0.3856329037349698
DEAP:S16:T16,DEAP:S16,T16,0,4.97,1,1,4,0,unexposed,stimulus_absolute_context,train,1.0,0.9815873481526091,0.01841265184739097
DEAP:S16:T24,DEAP:S16,T24,0,2.51,1,1,4,0,unexposed,stimulus_absolute_context,train,1.0,0.9106756991996294,0.08932430080037052
DEAP:S16:T31,DEAP:S16,T31,0,3.88,1,1,4,0,unexposed,stimulus_absolute_context,train,1.0,0.9469254074879592,0.05307459251204081
DEAP:S16:T34,DEAP:S16,T34,0,1.0,1,1,4,0,unexposed,stimulus_absolute_context,train,1.0,0.9976186079098313,0.0023813920901687114
DEAP:S16:T36,DEAP:S16,T36,1,5.05,1,1,4,0,unexposed,stimulus_absolute_context,train,1.0,0.8555460382499369,0.14445396175006306
DEAP:S16:T39,DEAP:S16,T39,1,6.13,1,1,4,0,unexposed,stimulus_absolute_context,train,1.0,0.9697916521145079,0.030208347885492065
DEAP:S16:T40,DEAP:S16,T40,0,3.74,1,1,4,0,unexposed,stimulus_absolute_context,train,1.0,0.8141318798152689,0.18586812018473112
DEAP:S17:T03,DEAP:S17,T03,1,6.46,1,1,4,0,unexposed,stimulus_absolute_context,train,1.0,0.15691796755709864,0.8430820324429014
DEAP:S17:T04,DEAP:S17,T04,1,6.35,1,1,4,0,unexposed,stimulus_absolute_context,train,1.0,0.03085302571477455,0.9691469742852254
DEAP:S17:T06,DEAP:S17,T06,1,6.9,1,1,4,0,unexposed,stimulus_absolute_context,train,1.0,0.08926225887841921,0.9107377411215808
DEAP:S17:T07,DEAP:S17,T07,1,7.08,1,1,4,0,unexposed,stimulus_absolute_context,train,1.0,0.2949769756253239,0.7050230243746761
DEAP:S17:T09,DEAP:S17,T09,1,6.04,1,1,4,0,unexposed,stimulus_absolute_context,train,1.0,0.04722270158192643,0.9527772984180736
DEAP:S17:T13,DEAP:S17,T13,0,4.54,1,1,4,0,unexposed,stimulus_absolute_context,train,1.0,0.2600302002305849,0.7399697997694151
DEAP:S17:T16,DEAP:S17,T16,1,5.92,1,1,4,0,unexposed,stimulus_absolute_context,train,1.0,0.7738824406557487,0.2261175593442513
DEAP:S17:T18,DEAP:S17,T18,1,6.22,1,1,4,0,unexposed,stimulus_absolute_context,train,1.0,0.10271308085649189,0.8972869191435081
DEAP:S17:T22,DEAP:S17,T22,0,3.19,1,1,4,0,unexposed,stimulus_absolute_context,train,1.0,0.7621729613643362,0.23782703863566373
DEAP:S17:T24,DEAP:S17,T24,0,4.53,1,1,4,0,unexposed,stimulus_absolute_context,train,1.0,0.8023239341006008,0.19767606589939923
DEAP:S17:T31,DEAP:S17,T31,0,4.54,1,1,4,0,unexposed,stimulus_absolute_context,train,1.0,0.7980994981882448,0.20190050181175526
DEAP:S17:T34,DEAP:S17,T34,0,4.99,1,1,4,0,unexposed,stimulus_absolute_context,train,1.0,0.9210644043097899,0.07893559569021011
DEAP:S17:T36,DEAP:S17,T36,0,3.37,1,1,4,0,unexposed,stimulus_absolute_context,train,1.0,0.7487914673848712,0.2512085326151288
DEAP:S17:T39,DEAP:S17,T39,1,7.1,1,1,4,0,unexposed,stimulus_absolute_context,train,1.0,0.7692778484542672,0.23072215154573283
DEAP:S17:T40,DEAP:S17,T40,1,5.04,1,1,4,0,unexposed,stimulus_absolute_context,train,1.0,0.4413400399108699,0.5586599600891301
DEAP:S18:T03,DEAP:S18,T03,1,6.36,1,1,4,0,unexposed,stimulus_absolute_context,train,1.0,0.10020279033234758,0.8997972096676524
DEAP:S18:T04,DEAP:S18,T04,1,6.65,1,1,4,0,unexposed,stimulus_absolute_context,train,1.0,0.030801680489339955,0.96919831951066
DEAP:S18:T07,DEAP:S18,T07,1,7.33,1,1,4,0,unexposed,stimulus_absolute_context,train,1.0,0.3474318716608694,0.6525681283391306
DEAP:S18:T09,DEAP:S18,T09,1,6.55,1,1,4,0,unexposed,stimulus_absolute_context,train,1.0,0.08527279954255362,0.9147272004574464
DEAP:S18:T11,DEAP:S18,T11,1,6.24,1,1,4,0,unexposed,stimulus_absolute_context,train,1.0,0.07590357641610579,0.9240964235838942
DEAP:S18:T13,DEAP:S18,T13,1,7.33,1,1,4,0,unexposed,stimulus_absolute_context,train,1.0,0.225847487691606,0.774152512308394
DEAP:S18:T16,DEAP:S18,T16,0,4.38,1,1,4,0,unexposed,stimulus_absolute_context,train,1.0,0.6823986434209526,0.3176013565790475
DEAP:S18:T18,DEAP:S18,T18,1,7.05,1,1,4,0,unexposed,stimulus_absolute_context,train,1.0,0.0886530829617852,0.9113469170382148
DEAP:S18:T24,DEAP:S18,T24,0,3.22,1,1,4,0,unexposed,stimulus_absolute_context,train,1.0,0.9072660768103167,0.09273392318968338
DEAP:S18:T31,DEAP:S18,T31,0,4.44,1,1,4,0,unexposed,stimulus_absolute_context,train,1.0,0.8861103364257407,0.1138896635742593
DEAP:S18:T34,DEAP:S18,T34,0,4.15,1,1,4,0,unexposed,stimulus_absolute_context,train,1.0,0.9044277522567334,0.09557224774326659
DEAP:S18:T39,DEAP:S18,T39,0,4.06,1,1,4,0,unexposed,stimulus_absolute_context,train,1.0,0.7636629878905614,0.2363370121094386
DEAP:S19:T03,DEAP:S19,T03,1,6.82,1,1,4,0,unexposed,stimulus_absolute_context,train,1.0,0.043875691076917356,0.9561243089230826
DEAP:S19:T04,DEAP:S19,T04,1,5.77,1,1,4,0,unexposed,stimulus_absolute_context,train,1.0,0.011339492092803272,0.9886605079071967
DEAP:S19:T07,DEAP:S19,T07,1,6.64,1,1,4,0,unexposed,stimulus_absolute_context,train,1.0,0.058942630875390756,0.9410573691246092
DEAP:S19:T09,DEAP:S19,T09,1,7.09,1,1,4,0,unexposed,stimulus_absolute_context,train,1.0,0.08722208235185458,0.9127779176481454
DEAP:S19:T11,DEAP:S19,T11,1,5.83,1,1,4,0,unexposed,stimulus_absolute_context,train,1.0,0.0672525340780975,0.9327474659219025
DEAP:S19:T13,DEAP:S19,T13,1,7.53,1,1,4,0,unexposed,stimulus_absolute_context,train,1.0,0.15645778089503093,0.8435422191049691
DEAP:S19:T16,DEAP:S19,T16,0,3.24,1,1,4,0,unexposed,stimulus_absolute_context,train,1.0,0.8132543817549451,0.1867456182450549
DEAP:S19:T22,DEAP:S19,T22,1,5.04,1,1,4,0,unexposed,stimulus_absolute_context,train,1.0,0.6923830416943302,0.3076169583056698
DEAP:S19:T24,DEAP:S19,T24,0,3.23,1,1,4,0,unexposed,stimulus_absolute_context,train,1.0,0.7405082706116457,0.2594917293883543
DEAP:S19:T31,DEAP:S19,T31,1,5.03,1,1,4,0,unexposed,stimulus_absolute_context,train,1.0,0.6591967000621342,0.34080329993786584
DEAP:S19:T34,DEAP:S19,T34,0,4.17,1,1,4,0,unexposed,stimulus_absolute_context,train,1.0,0.8672958514240742,0.13270414857592583
DEAP:S19:T36,DEAP:S19,T36,0,3.71,1,1,4,0,unexposed,stimulus_absolute_context,train,1.0,0.7089571274655657,0.2910428725344343
DEAP:S19:T40,DEAP:S19,T40,0,4.24,1,1,4,0,unexposed,stimulus_absolute_context,train,1.0,0.5713321597237856,0.4286678402762144
DEAP:S24:T03,DEAP:S24,T03,1,8.96,1,1,4,0,unexposed,stimulus_absolute_context,train,1.0,0.379727123738427,0.620272876261573
DEAP:S24:T04,DEAP:S24,T04,1,6.05,1,1,4,0,unexposed,stimulus_absolute_context,train,1.0,0.03731402585095378,0.9626859741490462
DEAP:S24:T06,DEAP:S24,T06,1,5.96,1,1,4,0,unexposed,stimulus_absolute_context,train,1.0,0.23938578373916186,0.7606142162608381
DEAP:S24:T07,DEAP:S24,T07,0,3.04,1,1,4,0,unexposed,stimulus_absolute_context,train,1.0,0.5969223056510273,0.40307769434897267
DEAP:S24:T09,DEAP:S24,T09,1,7.08,1,1,4,0,unexposed,stimulus_absolute_context,train,1.0,0.15968040029770902,0.840319599702291
DEAP:S24:T11,DEAP:S24,T11,1,7.03,1,1,4,0,unexposed,stimulus_absolute_context,train,1.0,0.2237147831516335,0.7762852168483665
DEAP:S24:T13,DEAP:S24,T13,1,8.0,1,1,4,0,unexposed,stimulus_absolute_context,train,1.0,0.5506089265469569,0.449391073453043
DEAP:S24:T16,DEAP:S24,T16,0,4.0,1,1,4,0,unexposed,stimulus_absolute_context,train,1.0,0.8510671320282349,0.14893286797176505
DEAP:S24:T18,DEAP:S24,T18,1,8.96,1,1,4,0,unexposed,stimulus_absolute_context,train,1.0,0.1422683908704503,0.8577316091295497
DEAP:S24:T22,DEAP:S24,T22,0,3.03,1,1,4,0,unexposed,stimulus_absolute_context,train,1.0,0.8591339205864553,0.1408660794135447
DEAP:S24:T24,DEAP:S24,T24,0,2.99,1,1,4,0,unexposed,stimulus_absolute_context,train,1.0,0.9696363180233756,0.030363681976624434
DEAP:S24:T31,DEAP:S24,T31,0,2.94,1,1,4,0,unexposed,stimulus_absolute_context,train,1.0,0.9013576188859422,0.09864238111405779
DEAP:S24:T34,DEAP:S24,T34,0,4.05,1,1,4,0,unexposed,stimulus_absolute_context,train,1.0,0.9347471448900436,0.06525285510995636
DEAP:S24:T36,DEAP:S24,T36,0,4.0,1,1,4,0,unexposed,stimulus_absolute_context,train,1.0,0.8981623360273839,0.1018376639726161
DEAP:S24:T39,DEAP:S24,T39,0,2.12,1,1,4,0,unexposed,stimulus_absolute_context,train,1.0,0.8264082311857708,0.17359176881422925
DEAP:S25:T03,DEAP:S25,T03,1,7.12,1,1,4,0,unexposed,stimulus_absolute_context,train,1.0,0.14002779114870811,0.8599722088512919
DEAP:S25:T09,DEAP:S25,T09,1,8.09,1,1,4,0,unexposed,stimulus_absolute_context,train,1.0,0.06957717276178332,0.9304228272382167
DEAP:S25:T11,DEAP:S25,T11,1,9.0,1,1,4,0,unexposed,stimulus_absolute_context,train,1.0,0.13122798949770687,0.8687720105022931
DEAP:S25:T13,DEAP:S25,T13,1,7.97,1,1,4,0,unexposed,stimulus_absolute_context,train,1.0,0.3125125310633319,0.6874874689366681
DEAP:S25:T16,DEAP:S25,T16,1,6.05,1,1,4,0,unexposed,stimulus_absolute_context,train,1.0,0.7544779080171885,0.24552209198281147
DEAP:S25:T18,DEAP:S25,T18,0,3.04,1,1,4,0,unexposed,stimulus_absolute_context,train,1.0,0.0653786948641304,0.9346213051358696
DEAP:S25:T22,DEAP:S25,T22,1,8.03,1,1,4,0,unexposed,stimulus_absolute_context,train,1.0,0.8438491404446207,0.15615085955537936
DEAP:S25:T24,DEAP:S25,T24,0,3.05,1,1,4,0,unexposed,stimulus_absolute_context,train,1.0,0.9337800339608728,0.06621996603912719
DEAP:S25:T31,DEAP:S25,T31,0,1.01,1,1,4,0,unexposed,stimulus_absolute_context,train,1.0,0.8597768320662365,0.14022316793376355
DEAP:S25:T34,DEAP:S25,T34,0,4.95,1,1,4,0,unexposed,stimulus_absolute_context,train,1.0,0.9530970934624945,0.04690290653750547
DEAP:S25:T36,DEAP:S25,T36,0,3.0,1,1,4,0,unexposed,stimulus_absolute_context,train,1.0,0.9257009323292451,0.0742990676707549
DEAP:S25:T39,DEAP:S25,T39,0,1.0,1,1,4,0,unexposed,stimulus_absolute_context,train,1.0,0.8928254520478992,0.10717454795210084
DEAP:S25:T40,DEAP:S25,T40,0,1.0,1,1,4,0,unexposed,stimulus_absolute_context,train,1.0,0.702856603466614,0.29714339653338595
DEAP:S26:T03,DEAP:S26,T03,1,9.0,1,1,4,0,unexposed,stimulus_absolute_context,train,1.0,0.10116330496800963,0.8988366950319904
DEAP:S26:T04,DEAP:S26,T04,1,8.03,1,1,4,0,unexposed,stimulus_absolute_context,train,1.0,0.015706364701568387,0.9842936352984316
DEAP:S26:T06,DEAP:S26,T06,1,8.09,1,1,4,0,unexposed,stimulus_absolute_context,train,1.0,0.09735405460727609,0.9026459453927239
DEAP:S26:T07,DEAP:S26,T07,1,6.08,1,1,4,0,unexposed,stimulus_absolute_context,train,1.0,0.3352616686445544,0.6647383313554456
DEAP:S26:T11,DEAP:S26,T11,1,8.04,1,1,4,0,unexposed,stimulus_absolute_context,train,1.0,0.11560594454626572,0.8843940554537343
DEAP:S26:T13,DEAP:S26,T13,1,7.12,1,1,4,0,unexposed,stimulus_absolute_context,train,1.0,0.11716870971128301,0.882831290288717
DEAP:S26:T18,DEAP:S26,T18,1,9.0,1,1,4,0,unexposed,stimulus_absolute_context,train,1.0,0.018167319714866847,0.9818326802851332
DEAP:S26:T22,DEAP:S26,T22,1,6.97,1,1,4,0,unexposed,stimulus_absolute_context,train,1.0,0.6004796239634738,0.39952037603652624
DEAP:S26:T24,DEAP:S26,T24,1,9.0,1,1,4,0,unexposed,stimulus_absolute_context,train,1.0,0.8606828634831586,0.1393171365168414
DEAP:S26:T31,DEAP:S26,T31,0,1.97,1,1,4,0,unexposed,stimulus_absolute_context,train,1.0,0.9485115077257098,0.05148849227429017
DEAP:S26:T34,DEAP:S26,T34,0,1.0,1,1,4,0,unexposed,stimulus_absolute_context,train,1.0,0.922020845976683,0.07797915402331697
DEAP:S26:T36,DEAP:S26,T36,0,2.92,1,1,4,0,unexposed,stimulus_absolute_context,train,1.0,0.7891722991400639,0.21082770085993607
DEAP:S26:T39,DEAP:S26,T39,0,1.95,1,1,4,0,unexposed,stimulus_absolute_context,train,1.0,0.46161379253299073,0.5383862074670093
DEAP:S26:T40,DEAP:S26,T40,0,3.06,1,1,4,0,unexposed,stimulus_absolute_context,train,1.0,0.5663283010110791,0.4336716989889209
DEAP:S27:T03,DEAP:S27,T03,1,9.0,1,1,4,0,unexposed,stimulus_absolute_context,train,1.0,0.02178299594403088,0.9782170040559691
DEAP:S27:T04,DEAP:S27,T04,1,7.05,1,1,4,0,unexposed,stimulus_absolute_context,train,1.0,0.0023737876325838903,0.9976262123674161
DEAP:S27:T06,DEAP:S27,T06,1,7.0,1,1,4,0,unexposed,stimulus_absolute_context,train,1.0,0.020135017104088937,0.9798649828959111
DEAP:S27:T07,DEAP:S27,T07,0,4.94,1,1,4,0,unexposed,stimulus_absolute_context,train,1.0,0.17445322913171835,0.8255467708682817
DEAP:S27:T11,DEAP:S27,T11,1,9.0,1,1,4,0,unexposed,stimulus_absolute_context,train,1.0,0.011264535483952454,0.9887354645160475
DEAP:S27:T16,DEAP:S27,T16,1,8.06,1,1,4,0,unexposed,stimulus_absolute_context,train,1.0,0.2692306138943742,0.7307693861056258
DEAP:S27:T18,DEAP:S27,T18,1,9.0,1,1,4,0,unexposed,stimulus_absolute_context,train,1.0,0.011540518601380723,0.9884594813986193
DEAP:S27:T22,DEAP:S27,T22,1,7.29,1,1,4,0,unexposed,stimulus_absolute_context,train,1.0,0.4322457917143534,0.5677542082856466
DEAP:S27:T24,DEAP:S27,T24,1,8.9,1,1,4,0,unexposed,stimulus_absolute_context,train,1.0,0.533290889981108,0.46670911001889204
DEAP:S27:T31,DEAP:S27,T31,1,5.08,1,1,4,0,unexposed,stimulus_absolute_context,train,1.0,0.39938198659977264,0.6006180134002274
DEAP:S27:T34,DEAP:S27,T34,0,2.85,1,1,4,0,unexposed,stimulus_absolute_context,train,1.0,0.6493032992931134,0.3506967007068866
DEAP:S27:T36,DEAP:S27,T36,1,6.13,1,1,4,0,unexposed,stimulus_absolute_context,train,1.0,0.4167919554468794,0.5832080445531206
DEAP:S27:T39,DEAP:S27,T39,0,2.14,1,1,4,0,unexposed,stimulus_absolute_context,train,1.0,0.49434480417274607,0.5056551958272539
DEAP:S27:T40,DEAP:S27,T40,1,5.04,1,1,4,0,unexposed,stimulus_absolute_context,train,1.0,0.11830904410832,0.88169095589168
DEAP:S28:T03,DEAP:S28,T03,1,9.0,1,1,4,0,unexposed,stimulus_absolute_context,train,1.0,0.06374922752781065,0.9362507724721894
DEAP:S28:T04,DEAP:S28,T04,1,8.08,1,1,4,0,unexposed,stimulus_absolute_context,train,1.0,0.014254132387745533,0.9857458676122545
DEAP:S28:T06,DEAP:S28,T06,1,8.15,1,1,4,0,unexposed,stimulus_absolute_context,train,1.0,0.1252647291709027,0.8747352708290973
DEAP:S28:T07,DEAP:S28,T07,1,8.09,1,1,4,0,unexposed,stimulus_absolute_context,train,1.0,0.11093205804425366,0.8890679419557463
DEAP:S28:T09,DEAP:S28,T09,1,5.04,1,1,4,0,unexposed,stimulus_absolute_context,train,1.0,0.03876274200084284,0.9612372579991572
DEAP:S28:T13,DEAP:S28,T13,0,2.09,1,1,4,0,unexposed,stimulus_absolute_context,train,1.0,0.12477505118205956,0.8752249488179404
DEAP:S28:T16,DEAP:S28,T16,1,6.91,1,1,4,0,unexposed,stimulus_absolute_context,train,1.0,0.5376320349533885,0.46236796504661154
DEAP:S28:T18,DEAP:S28,T18,1,8.08,1,1,4,0,unexposed,stimulus_absolute_context,train,1.0,0.06573068851627262,0.9342693114837274
DEAP:S28:T22,DEAP:S28,T22,1,5.03,1,1,4,0,unexposed,stimulus_absolute_context,train,1.0,0.46769998046867967,0.5323000195313203
DEAP:S28:T24,DEAP:S28,T24,0,4.04,1,1,4,0,unexposed,stimulus_absolute_context,train,1.0,0.7003065605238805,0.2996934394761194
DEAP:S28:T31,DEAP:S28,T31,1,6.91,1,1,4,0,unexposed,stimulus_absolute_context,train,1.0,0.6584315566368651,0.34156844336313485
DEAP:S28:T34,DEAP:S28,T34,1,5.99,1,1,4,0,unexposed,stimulus_absolute_context,train,1.0,0.28148213759746865,0.7185178624025313
DEAP:S28:T36,DEAP:S28,T36,0,3.08,1,1,4,0,unexposed,stimulus_absolute_context,train,1.0,0.6648174877428366,0.3351825122571635
DEAP:S28:T39,DEAP:S28,T39,0,1.04,1,1,4,0,unexposed,stimulus_absolute_context,train,1.0,0.5628469133655034,0.43715308663449653
DEAP:S28:T40,DEAP:S28,T40,1,7.1,1,1,4,0,unexposed,stimulus_absolute_context,train,1.0,0.3371221939230956,0.6628778060769044
DEAP:S29:T03,DEAP:S29,T03,1,9.0,1,1,4,0,unexposed,stimulus_absolute_context,train,1.0,0.024398572865382717,0.9756014271346173
DEAP:S29:T04,DEAP:S29,T04,1,7.17,1,1,4,0,unexposed,stimulus_absolute_context,train,1.0,0.024767380311440323,0.9752326196885597
DEAP:S29:T07,DEAP:S29,T07,1,7.04,1,1,4,0,unexposed,stimulus_absolute_context,train,1.0,0.25839477024575197,0.741605229754248
DEAP:S29:T09,DEAP:S29,T09,1,7.06,1,1,4,0,unexposed,stimulus_absolute_context,train,1.0,0.08037049188383494,0.9196295081161651
DEAP:S29:T11,DEAP:S29,T11,1,8.03,1,1,4,0,unexposed,stimulus_absolute_context,train,1.0,0.06050882911187372,0.9394911708881263
DEAP:S29:T13,DEAP:S29,T13,1,6.06,1,1,4,0,unexposed,stimulus_absolute_context,train,1.0,0.21740339626366056,0.7825966037363394
DEAP:S29:T16,DEAP:S29,T16,0,3.0,1,1,4,0,unexposed,stimulus_absolute_context,train,1.0,0.8710846372009966,0.12891536279900337
DEAP:S29:T18,DEAP:S29,T18,1,7.01,1,1,4,0,unexposed,stimulus_absolute_context,train,1.0,0.2315540878361092,0.7684459121638908
DEAP:S29:T22,DEAP:S29,T22,0,3.05,1,1,4,0,unexposed,stimulus_absolute_context,train,1.0,0.6823955872200552,0.3176044127799448
DEAP:S29:T24,DEAP:S29,T24,0,4.12,1,1,4,0,unexposed,stimulus_absolute_context,train,1.0,0.8890000735296496,0.1109999264703504
DEAP:S29:T31,DEAP:S29,T31,0,1.0,1,1,4,0,unexposed,stimulus_absolute_context,train,1.0,0.7016936060441414,0.29830639395585856
DEAP:S29:T34,DEAP:S29,T34,0,3.95,1,1,4,0,unexposed,stimulus_absolute_context,train,1.0,0.9477778045233853,0.05222219547661465
DEAP:S29:T40,DEAP:S29,T40,1,6.01,1,1,4,0,unexposed,stimulus_absolute_context,train,1.0,0.3457003219430844,0.6542996780569156
DEAP:S30:T03,DEAP:S30,T03,1,6.15,1,1,4,0,unexposed,stimulus_absolute_context,train,1.0,0.12908930496996063,0.8709106950300394
DEAP:S30:T04,DEAP:S30,T04,1,7.04,1,1,4,0,unexposed,stimulus_absolute_context,train,1.0,0.03322979815016247,0.9667702018498375
DEAP:S30:T06,DEAP:S30,T06,1,6.22,1,1,4,0,unexposed,stimulus_absolute_context,train,1.0,0.24829078609824218,0.7517092139017578
DEAP:S30:T07,DEAP:S30,T07,0,4.05,1,1,4,0,unexposed,stimulus_absolute_context,train,1.0,0.418029861388023,0.581970138611977
DEAP:S30:T09,DEAP:S30,T09,1,7.08,1,1,4,0,unexposed,stimulus_absolute_context,train,1.0,0.11935814131069233,0.8806418586893077
DEAP:S30:T11,DEAP:S30,T11,1,6.06,1,1,4,0,unexposed,stimulus_absolute_context,train,1.0,0.13576773975895973,0.8642322602410403
DEAP:S30:T13,DEAP:S30,T13,0,4.04,1,1,4,0,unexposed,stimulus_absolute_context,train,1.0,0.1848612689602004,0.8151387310397996
DEAP:S30:T16,DEAP:S30,T16,1,5.04,1,1,4,0,unexposed,stimulus_absolute_context,train,1.0,0.6610289049007015,0.33897109509929846
DEAP:S30:T18,DEAP:S30,T18,1,7.05,1,1,4,0,unexposed,stimulus_absolute_context,train,1.0,0.12783348333910705,0.872166516660893
DEAP:S30:T22,DEAP:S30,T22,0,4.05,1,1,4,0,unexposed,stimulus_absolute_context,train,1.0,0.7417615877652154,0.2582384122347846
DEAP:S30:T24,DEAP:S30,T24,1,5.99,1,1,4,0,unexposed,stimulus_absolute_context,train,1.0,0.7910515395365717,0.2089484604634283
DEAP:S30:T31,DEAP:S30,T31,0,3.86,1,1,4,0,unexposed,stimulus_absolute_context,train,1.0,0.8749652016370915,0.12503479836290857
DEAP:S30:T34,DEAP:S30,T34,0,4.99,1,1,4,0,unexposed,stimulus_absolute_context,train,1.0,0.8624761524211911,0.1375238475788089
DEAP:S30:T39,DEAP:S30,T39,0,2.97,1,1,4,0,unexposed,stimulus_absolute_context,train,1.0,0.8235552855030498,0.17644471449695023
DEAP:S30:T40,DEAP:S30,T40,1,5.05,1,1,4,0,unexposed,stimulus_absolute_context,train,1.0,0.6293157886788077,0.37068421132119234
DEAP:S32:T03,DEAP:S32,T03,1,8.05,1,1,4,0,unexposed,stimulus_absolute_context,train,1.0,0.18864012550589104,0.811359874494109
DEAP:S32:T04,DEAP:S32,T04,1,6.96,1,1,4,0,unexposed,stimulus_absolute_context,train,1.0,0.09051465599972575,0.9094853440002743
DEAP:S32:T06,DEAP:S32,T06,1,5.78,1,1,4,0,unexposed,stimulus_absolute_context,train,1.0,0.4007213822121458,0.5992786177878542
DEAP:S32:T07,DEAP:S32,T07,0,4.94,1,1,4,0,unexposed,stimulus_absolute_context,train,1.0,0.5031029167389003,0.49689708326109977
DEAP:S32:T09,DEAP:S32,T09,1,7.86,1,1,4,0,unexposed,stimulus_absolute_context,train,1.0,0.023591237930943865,0.9764087620690561
DEAP:S32:T11,DEAP:S32,T11,1,8.24,1,1,4,0,unexposed,stimulus_absolute_context,train,1.0,0.15474832836176078,0.8452516716382392
DEAP:S32:T13,DEAP:S32,T13,1,7.09,1,1,4,0,unexposed,stimulus_absolute_context,train,1.0,0.11646876626926972,0.8835312337307303
DEAP:S32:T16,DEAP:S32,T16,0,3.97,1,1,4,0,unexposed,stimulus_absolute_context,train,1.0,0.8260008182434542,0.17399918175654588
DEAP:S32:T18,DEAP:S32,T18,1,8.03,1,1,4,0,unexposed,stimulus_absolute_context,train,1.0,0.2700504931277068,0.7299495068722932
DEAP:S32:T22,DEAP:S32,T22,0,4.15,1,1,4,0,unexposed,stimulus_absolute_context,train,1.0,0.9071411628772662,0.09285883712273384
DEAP:S32:T24,DEAP:S32,T24,0,1.0,1,1,4,0,unexposed,stimulus_absolute_context,train,1.0,0.9700940797478514,0.0299059202521486
DEAP:S32:T31,DEAP:S32,T31,0,4.17,1,1,4,0,unexposed,stimulus_absolute_context,train,1.0,0.9253445619471266,0.07465543805287342
DEAP:S32:T34,DEAP:S32,T34,0,4.05,1,1,4,0,unexposed,stimulus_absolute_context,train,1.0,0.8846611542898329,0.11533884571016702
DEAP:S32:T36,DEAP:S32,T36,0,3.91,1,1,4,0,unexposed,stimulus_absolute_context,train,1.0,0.7551939853697136,0.24480601463028634
DEAP:S32:T39,DEAP:S32,T39,0,3.99,1,1,4,0,unexposed,stimulus_absolute_context,train,1.0,0.931780948308293,0.06821905169170699
DEAP:S32:T40,DEAP:S32,T40,1,7.15,1,1,4,0,unexposed,stimulus_absolute_context,train,1.0,0.2593473766630531,0.7406526233369469
DEAP:S03:T02,DEAP:S03,T02,1,7.21,1,1,4,0,unexposed,stimulus_absolute_context,validation_unseen,1.0,0.24252356508394124,0.7574764349160588
DEAP:S03:T10,DEAP:S03,T10,0,4.45,1,1,4,0,unexposed,stimulus_absolute_context,validation_unseen,1.0,0.17773569142053725,0.8222643085794628
DEAP:S03:T14,DEAP:S03,T14,1,7.29,1,1,4,0,unexposed,stimulus_absolute_context,validation_unseen,1.0,0.18882120354512,0.81117879645488
DEAP:S03:T17,DEAP:S03,T17,0,4.56,1,1,4,0,unexposed,stimulus_absolute_context,validation_unseen,1.0,0.1120150569816939,0.8879849430183061
DEAP:S03:T20,DEAP:S03,T20,1,6.26,1,1,4,0,unexposed,stimulus_absolute_context,validation_unseen,1.0,0.16680059013727966,0.8331994098627203
DEAP:S03:T21,DEAP:S03,T21,0,4.99,1,1,4,0,unexposed,stimulus_absolute_context,validation_unseen,1.0,0.09073330675494595,0.909266693245054
DEAP:S03:T37,DEAP:S03,T37,0,4.92,1,1,4,0,unexposed,stimulus_absolute_context,validation_unseen,1.0,0.15770325920836903,0.842296740791631
DEAP:S03:T38,DEAP:S03,T38,0,4.53,1,1,4,0,unexposed,stimulus_absolute_context,validation_unseen,1.0,0.2220307098866372,0.7779692901133628
DEAP:S04:T02,DEAP:S04,T02,0,4.06,1,1,4,0,unexposed,stimulus_absolute_context,validation_unseen,1.0,0.8541075272850653,0.14589247271493472
DEAP:S04:T10,DEAP:S04,T10,0,3.15,1,1,4,0,unexposed,stimulus_absolute_context,validation_unseen,1.0,0.8575930317392478,0.14240696826075216
DEAP:S04:T14,DEAP:S04,T14,1,6.96,1,1,4,0,unexposed,stimulus_absolute_context,validation_unseen,1.0,0.8812780041122609,0.11872199588773912
DEAP:S04:T17,DEAP:S04,T17,1,7.01,1,1,4,0,unexposed,stimulus_absolute_context,validation_unseen,1.0,0.8779489009479875,0.12205109905201245
DEAP:S04:T20,DEAP:S04,T20,1,8.17,1,1,4,0,unexposed,stimulus_absolute_context,validation_unseen,1.0,0.7653178408647765,0.23468215913522347
DEAP:S04:T21,DEAP:S04,T21,0,1.77,1,1,4,0,unexposed,stimulus_absolute_context,validation_unseen,1.0,0.8844345806940438,0.11556541930595624
DEAP:S04:T37,DEAP:S04,T37,0,1.0,1,1,4,0,unexposed,stimulus_absolute_context,validation_unseen,1.0,0.7260862903852779,0.27391370961472206
DEAP:S04:T38,DEAP:S04,T38,0,1.79,1,1,4,0,unexposed,stimulus_absolute_context,validation_unseen,1.0,0.8140048114240389,0.1859951885759611
DEAP:S21:T02,DEAP:S21,T02,1,7.05,1,1,4,0,unexposed,stimulus_absolute_context,validation_unseen,1.0,0.98725039546389,0.01274960453610994
DEAP:S21:T10,DEAP:S21,T10,1,7.05,1,1,4,0,unexposed,stimulus_absolute_context,validation_unseen,1.0,0.9757065211196019,0.02429347888039816
DEAP:S21:T14,DEAP:S21,T14,1,8.1,1,1,4,0,unexposed,stimulus_absolute_context,validation_unseen,1.0,0.9853011778758295,0.014698822124170553
DEAP:S21:T17,DEAP:S21,T17,1,5.53,1,1,4,0,unexposed,stimulus_absolute_context,validation_unseen,1.0,0.9763123599152206,0.02368764008477939
DEAP:S21:T20,DEAP:S21,T20,0,2.33,1,1,4,0,unexposed,stimulus_absolute_context,validation_unseen,1.0,0.9772225274589933,0.022777472541006694
DEAP:S21:T21,DEAP:S21,T21,0,4.08,1,1,4,0,unexposed,stimulus_absolute_context,validation_unseen,1.0,0.9928169526103492,0.007183047389650758
DEAP:S21:T37,DEAP:S21,T37,0,3.04,1,1,4,0,unexposed,stimulus_absolute_context,validation_unseen,1.0,0.9695065969255793,0.030493403074420704
DEAP:S21:T38,DEAP:S21,T38,0,3.03,1,1,4,0,unexposed,stimulus_absolute_context,validation_unseen,1.0,0.9698217019064177,0.030178298093582325
DEAP:S22:T02,DEAP:S22,T02,1,7.08,1,1,4,0,unexposed,stimulus_absolute_context,validation_unseen,1.0,0.6531703961263271,0.34682960387367295
DEAP:S22:T10,DEAP:S22,T10,0,4.0,1,1,4,0,unexposed,stimulus_absolute_context,validation_unseen,1.0,0.5659065445126067,0.4340934554873933
DEAP:S22:T14,DEAP:S22,T14,1,8.05,1,1,4,0,unexposed,stimulus_absolute_context,validation_unseen,1.0,0.5323880456551868,0.46761195434481323
DEAP:S22:T17,DEAP:S22,T17,1,5.04,1,1,4,0,unexposed,stimulus_absolute_context,validation_unseen,1.0,0.4831932282086161,0.5168067717913839
DEAP:S22:T20,DEAP:S22,T20,1,7.08,1,1,4,0,unexposed,stimulus_absolute_context,validation_unseen,1.0,0.5897799976945599,0.41022000230544015
DEAP:S22:T21,DEAP:S22,T21,0,2.97,1,1,4,0,unexposed,stimulus_absolute_context,validation_unseen,1.0,0.5976522580699379,0.40234774193006206
DEAP:S22:T37,DEAP:S22,T37,0,1.0,1,1,4,0,unexposed,stimulus_absolute_context,validation_unseen,1.0,0.5847948623295278,0.4152051376704721
DEAP:S22:T38,DEAP:S22,T38,0,1.0,1,1,4,0,unexposed,stimulus_absolute_context,validation_unseen,1.0,0.6459721857517395,0.3540278142482604
DEAP:S03:T03,DEAP:S03,T03,1,7.55,1,1,4,0,unexposed,stimulus_absolute_context,validation_familiar,1.0,0.04041862556305564,0.9595813744369444
DEAP:S03:T04,DEAP:S03,T04,0,4.69,1,1,4,0,unexposed,stimulus_absolute_context,validation_familiar,1.0,0.007628709122510013,0.99237129087749
DEAP:S03:T06,DEAP:S03,T06,1,6.79,1,1,4,0,unexposed,stimulus_absolute_context,validation_familiar,1.0,0.02922485739260694,0.9707751426073931
DEAP:S03:T07,DEAP:S03,T07,1,5.45,1,1,4,0,unexposed,stimulus_absolute_context,validation_familiar,1.0,0.0832988337976216,0.9167011662023784
DEAP:S03:T09,DEAP:S03,T09,1,7.33,1,1,4,0,unexposed,stimulus_absolute_context,validation_familiar,1.0,0.016661848748153907,0.9833381512518461
DEAP:S03:T11,DEAP:S03,T11,1,7.94,1,1,4,0,unexposed,stimulus_absolute_context,validation_familiar,1.0,0.02103030103262271,0.9789696989673773
DEAP:S03:T13,DEAP:S03,T13,1,7.91,1,1,4,0,unexposed,stimulus_absolute_context,validation_familiar,1.0,0.046686824613983324,0.9533131753860167
DEAP:S03:T16,DEAP:S03,T16,1,7.15,1,1,4,0,unexposed,stimulus_absolute_context,validation_familiar,1.0,0.3280024750585674,0.6719975249414326
DEAP:S03:T18,DEAP:S03,T18,1,7.1,1,1,4,0,unexposed,stimulus_absolute_context,validation_familiar,1.0,0.019611489595473097,0.9803885104045269
DEAP:S03:T22,DEAP:S03,T22,0,4.94,1,1,4,0,unexposed,stimulus_absolute_context,validation_familiar,1.0,0.2723538616293518,0.7276461383706482
DEAP:S03:T24,DEAP:S03,T24,0,3.31,1,1,4,0,unexposed,stimulus_absolute_context,validation_familiar,1.0,0.7247541515580084,0.2752458484419916
DEAP:S03:T31,DEAP:S03,T31,0,4.44,1,1,4,0,unexposed,stimulus_absolute_context,validation_familiar,1.0,0.41658607633268274,0.5834139236673173
DEAP:S03:T34,DEAP:S03,T34,0,4.72,1,1,4,0,unexposed,stimulus_absolute_context,validation_familiar,1.0,0.6310195093284642,0.3689804906715358
DEAP:S03:T36,DEAP:S03,T36,1,5.01,1,1,4,0,unexposed,stimulus_absolute_context,validation_familiar,1.0,0.54329034864685,0.45670965135315
DEAP:S03:T39,DEAP:S03,T39,0,4.33,1,1,4,0,unexposed,stimulus_absolute_context,validation_familiar,1.0,0.3376688910726243,0.6623311089273757
DEAP:S03:T40,DEAP:S03,T40,1,5.38,1,1,4,0,unexposed,stimulus_absolute_context,validation_familiar,1.0,0.12254134619118018,0.8774586538088198
DEAP:S04:T03,DEAP:S04,T03,1,8.95,1,1,4,0,unexposed,stimulus_absolute_context,validation_familiar,1.0,0.3108056452164878,0.6891943547835122
DEAP:S04:T04,DEAP:S04,T04,1,6.1,1,1,4,0,unexposed,stimulus_absolute_context,validation_familiar,1.0,0.08377503750190707,0.9162249624980929
DEAP:S04:T06,DEAP:S04,T06,1,5.01,1,1,4,0,unexposed,stimulus_absolute_context,validation_familiar,1.0,0.5210556072397166,0.4789443927602835
DEAP:S04:T07,DEAP:S04,T07,0,2.94,1,1,4,0,unexposed,stimulus_absolute_context,validation_familiar,1.0,0.580541347436653,0.41945865256334697
DEAP:S04:T09,DEAP:S04,T09,1,6.05,1,1,4,0,unexposed,stimulus_absolute_context,validation_familiar,1.0,0.356306916879772,0.643693083120228
DEAP:S04:T11,DEAP:S04,T11,1,7.24,1,1,4,0,unexposed,stimulus_absolute_context,validation_familiar,1.0,0.3024778870390481,0.6975221129609519
DEAP:S04:T13,DEAP:S04,T13,0,4.12,1,1,4,0,unexposed,stimulus_absolute_context,validation_familiar,1.0,0.6907309544853992,0.3092690455146008
DEAP:S04:T16,DEAP:S04,T16,0,2.51,1,1,4,0,unexposed,stimulus_absolute_context,validation_familiar,1.0,0.9182015094174193,0.08179849058258071
DEAP:S04:T18,DEAP:S04,T18,0,4.9,1,1,4,0,unexposed,stimulus_absolute_context,validation_familiar,1.0,0.2897486659305414,0.7102513340694586
DEAP:S04:T22,DEAP:S04,T22,0,1.86,1,1,4,0,unexposed,stimulus_absolute_context,validation_familiar,1.0,0.9235818563530495,0.07641814364695054
DEAP:S04:T24,DEAP:S04,T24,0,2.71,1,1,4,0,unexposed,stimulus_absolute_context,validation_familiar,1.0,0.9797622926849814,0.02023770731501867
DEAP:S04:T31,DEAP:S04,T31,0,2.01,1,1,4,0,unexposed,stimulus_absolute_context,validation_familiar,1.0,0.9343324631885457,0.06566753681145426
DEAP:S04:T34,DEAP:S04,T34,0,2.17,1,1,4,0,unexposed,stimulus_absolute_context,validation_familiar,1.0,0.9754512412214724,0.024548758778527628
DEAP:S04:T36,DEAP:S04,T36,0,2.72,1,1,4,0,unexposed,stimulus_absolute_context,validation_familiar,1.0,0.7908413820200693,0.2091586179799307
DEAP:S04:T39,DEAP:S04,T39,0,1.92,1,1,4,0,unexposed,stimulus_absolute_context,validation_familiar,1.0,0.9592312911707185,0.040768708829281554
DEAP:S04:T40,DEAP:S04,T40,0,1.86,1,1,4,0,unexposed,stimulus_absolute_context,validation_familiar,1.0,0.7157338789497198,0.28426612105028015
DEAP:S21:T03,DEAP:S21,T03,0,4.83,1,1,4,0,unexposed,stimulus_absolute_context,validation_familiar,1.0,0.9737961231553973,0.026203876844602625
DEAP:S21:T04,DEAP:S21,T04,1,5.05,1,1,4,0,unexposed,stimulus_absolute_context,validation_familiar,1.0,0.5819275986302648,0.41807240136973517
DEAP:S21:T06,DEAP:S21,T06,1,7.92,1,1,4,0,unexposed,stimulus_absolute_context,validation_familiar,1.0,0.8142514210791685,0.18574857892083155
DEAP:S21:T07,DEAP:S21,T07,1,7.05,1,1,4,0,unexposed,stimulus_absolute_context,validation_familiar,1.0,0.9766503342974654,0.023349665702534623
DEAP:S21:T09,DEAP:S21,T09,1,8.56,1,1,4,0,unexposed,stimulus_absolute_context,validation_familiar,1.0,0.8897531421715155,0.11024685782848455
DEAP:S21:T11,DEAP:S21,T11,1,7.05,1,1,4,0,unexposed,stimulus_absolute_context,validation_familiar,1.0,0.6237424266026499,0.37625757339735005
DEAP:S21:T13,DEAP:S21,T13,0,4.27,1,1,4,0,unexposed,stimulus_absolute_context,validation_familiar,1.0,0.9788962163095655,0.02110378369043456
DEAP:S21:T16,DEAP:S21,T16,1,5.99,1,1,4,0,unexposed,stimulus_absolute_context,validation_familiar,1.0,0.998412169771655,0.0015878302283450052
DEAP:S21:T18,DEAP:S21,T18,1,7.99,1,1,4,0,unexposed,stimulus_absolute_context,validation_familiar,1.0,0.824170867428961,0.17582913257103902
DEAP:S21:T22,DEAP:S21,T22,0,2.09,1,1,4,0,unexposed,stimulus_absolute_context,validation_familiar,1.0,0.9975201322556961,0.0024798677443038184
DEAP:S21:T24,DEAP:S21,T24,0,2.99,1,1,4,0,unexposed,stimulus_absolute_context,validation_familiar,1.0,0.9988612311719551,0.00113876882804488
DEAP:S21:T31,DEAP:S21,T31,1,5.04,1,1,4,0,unexposed,stimulus_absolute_context,validation_familiar,1.0,0.9816865458942345,0.018313454105765438
DEAP:S21:T34,DEAP:S21,T34,0,4.06,1,1,4,0,unexposed,stimulus_absolute_context,validation_familiar,1.0,0.9958120359609363,0.004187964039063739
DEAP:S21:T36,DEAP:S21,T36,1,6.88,1,1,4,0,unexposed,stimulus_absolute_context,validation_familiar,1.0,0.9987180936372313,0.001281906362768665
DEAP:S21:T39,DEAP:S21,T39,1,6.09,1,1,4,0,unexposed,stimulus_absolute_context,validation_familiar,1.0,0.9986421084422872,0.0013578915577128045
DEAP:S21:T40,DEAP:S21,T40,0,3.99,1,1,4,0,unexposed,stimulus_absolute_context,validation_familiar,1.0,0.9828694105289941,0.017130589471005927
DEAP:S22:T03,DEAP:S22,T03,1,7.05,1,1,4,0,unexposed,stimulus_absolute_context,validation_familiar,1.0,0.134071254951456,0.865928745048544
DEAP:S22:T04,DEAP:S22,T04,1,7.06,1,1,4,0,unexposed,stimulus_absolute_context,validation_familiar,1.0,0.043037836190715106,0.9569621638092849
DEAP:S22:T06,DEAP:S22,T06,0,4.97,1,1,4,0,unexposed,stimulus_absolute_context,validation_familiar,1.0,0.23630993188267047,0.7636900681173295
DEAP:S22:T07,DEAP:S22,T07,1,6.03,1,1,4,0,unexposed,stimulus_absolute_context,validation_familiar,1.0,0.41466253224045246,0.5853374677595475
DEAP:S22:T09,DEAP:S22,T09,1,9.0,1,1,4,0,unexposed,stimulus_absolute_context,validation_familiar,1.0,0.06752069498232649,0.9324793050176735
DEAP:S22:T11,DEAP:S22,T11,1,8.05,1,1,4,0,unexposed,stimulus_absolute_context,validation_familiar,1.0,0.13198271358467917,0.8680172864153208
DEAP:S22:T13,DEAP:S22,T13,1,7.01,1,1,4,0,unexposed,stimulus_absolute_context,validation_familiar,1.0,0.38527872466683655,0.6147212753331635
DEAP:S22:T16,DEAP:S22,T16,1,6.06,1,1,4,0,unexposed,stimulus_absolute_context,validation_familiar,1.0,0.6738101143682044,0.32618988563179563
DEAP:S22:T18,DEAP:S22,T18,1,8.08,1,1,4,0,unexposed,stimulus_absolute_context,validation_familiar,1.0,0.106800123350966,0.893199876649034
DEAP:S22:T22,DEAP:S22,T22,0,4.05,1,1,4,0,unexposed,stimulus_absolute_context,validation_familiar,1.0,0.726618480841865,0.2733815191581351
DEAP:S22:T24,DEAP:S22,T24,0,1.96,1,1,4,0,unexposed,stimulus_absolute_context,validation_familiar,1.0,0.9410995009041123,0.05890049909588774
DEAP:S22:T31,DEAP:S22,T31,0,2.01,1,1,4,0,unexposed,stimulus_absolute_context,validation_familiar,1.0,0.8951728027025615,0.10482719729743849
DEAP:S22:T34,DEAP:S22,T34,1,5.04,1,1,4,0,unexposed,stimulus_absolute_context,validation_familiar,1.0,0.9124504288835348,0.08754957111646518
DEAP:S22:T36,DEAP:S22,T36,0,1.96,1,1,4,0,unexposed,stimulus_absolute_context,validation_familiar,1.0,0.8268409383846852,0.17315906161531483
DEAP:S22:T39,DEAP:S22,T39,0,1.0,1,1,4,0,unexposed,stimulus_absolute_context,validation_familiar,1.0,0.8165497713540444,0.18345022864595562
DEAP:S22:T40,DEAP:S22,T40,0,2.97,1,1,4,0,unexposed,stimulus_absolute_context,validation_familiar,1.0,0.5004522916610938,0.49954770833890616
DEAP:S02:T03,DEAP:S02,T03,1,9.0,1,1,4,0,unexposed,stimulus_absolute_context,train,10.0,0.018767060390573187,0.9812329396094268
DEAP:S02:T04,DEAP:S02,T04,1,6.05,1,1,4,0,unexposed,stimulus_absolute_context,train,10.0,0.004099143009196782,0.9959008569908032
DEAP:S02:T07,DEAP:S02,T07,0,4.96,1,1,4,0,unexposed,stimulus_absolute_context,train,10.0,0.6415043688041278,0.3584956311958723
DEAP:S02:T09,DEAP:S02,T09,1,9.0,1,1,4,0,unexposed,stimulus_absolute_context,train,10.0,0.018027362561386373,0.9819726374386136
DEAP:S02:T11,DEAP:S02,T11,1,7.08,1,1,4,0,unexposed,stimulus_absolute_context,train,10.0,0.020442977040280863,0.9795570229597191
DEAP:S02:T16,DEAP:S02,T16,1,6.0,1,1,4,0,unexposed,stimulus_absolute_context,train,10.0,0.06953377860921994,0.9304662213907801
DEAP:S02:T18,DEAP:S02,T18,1,9.0,1,1,4,0,unexposed,stimulus_absolute_context,train,10.0,0.025357621330663438,0.9746423786693366
DEAP:S02:T24,DEAP:S02,T24,1,7.08,1,1,4,0,unexposed,stimulus_absolute_context,train,10.0,0.7269315424816161,0.2730684575183839
DEAP:S02:T31,DEAP:S02,T31,0,4.06,1,1,4,0,unexposed,stimulus_absolute_context,train,10.0,0.6558394188349509,0.3441605811650491
DEAP:S02:T34,DEAP:S02,T34,0,4.87,1,1,4,0,unexposed,stimulus_absolute_context,train,10.0,0.8035697070344945,0.19643029296550546
DEAP:S02:T36,DEAP:S02,T36,1,5.04,1,1,4,0,unexposed,stimulus_absolute_context,train,10.0,0.6339468257133383,0.3660531742866617
DEAP:S02:T39,DEAP:S02,T39,0,1.0,1,1,4,0,unexposed,stimulus_absolute_context,train,10.0,0.7351524548103363,0.26484754518966364
DEAP:S02:T40,DEAP:S02,T40,1,6.05,1,1,4,0,unexposed,stimulus_absolute_context,train,10.0,0.17004780336060143,0.8299521966393986
DEAP:S05:T03,DEAP:S05,T03,0,4.95,1,1,4,0,unexposed,stimulus_absolute_context,train,10.0,0.4409856490411127,0.5590143509588873
DEAP:S05:T04,DEAP:S05,T04,1,8.24,1,1,4,0,unexposed,stimulus_absolute_context,train,10.0,0.028174035854184987,0.971825964145815
DEAP:S05:T06,DEAP:S05,T06,1,8.09,1,1,4,0,unexposed,stimulus_absolute_context,train,10.0,0.02556747475249843,0.9744325252475016
DEAP:S05:T07,DEAP:S05,T07,1,5.12,1,1,4,0,unexposed,stimulus_absolute_context,train,10.0,0.10745793332189768,0.8925420666781023
DEAP:S05:T09,DEAP:S05,T09,1,6.94,1,1,4,0,unexposed,stimulus_absolute_context,train,10.0,0.07261253128762613,0.9273874687123739
DEAP:S05:T11,DEAP:S05,T11,1,9.0,1,1,4,0,unexposed,stimulus_absolute_context,train,10.0,0.005762550979772629,0.9942374490202274
DEAP:S05:T16,DEAP:S05,T16,1,5.96,1,1,4,0,unexposed,stimulus_absolute_context,train,10.0,0.10755205556229641,0.8924479444377036
DEAP:S05:T18,DEAP:S05,T18,1,8.05,1,1,4,0,unexposed,stimulus_absolute_context,train,10.0,0.0167064394761961,0.9832935605238039
DEAP:S05:T22,DEAP:S05,T22,1,6.99,1,1,4,0,unexposed,stimulus_absolute_context,train,10.0,0.42873210075896784,0.5712678992410322
DEAP:S05:T24,DEAP:S05,T24,0,4.0,1,1,4,0,unexposed,stimulus_absolute_context,train,10.0,0.8217680986623904,0.17823190133760955
DEAP:S05:T31,DEAP:S05,T31,1,6.9,1,1,4,0,unexposed,stimulus_absolute_context,train,10.0,0.13433863058917694,0.8656613694108231
DEAP:S05:T34,DEAP:S05,T34,1,6.03,1,1,4,0,unexposed,stimulus_absolute_context,train,10.0,0.4982357435993685,0.5017642564006315
DEAP:S05:T36,DEAP:S05,T36,0,4.91,1,1,4,0,unexposed,stimulus_absolute_context,train,10.0,0.8364641037824408,0.16353589621755918
DEAP:S05:T39,DEAP:S05,T39,0,1.0,1,1,4,0,unexposed,stimulus_absolute_context,train,10.0,0.7520106544396712,0.2479893455603288
DEAP:S05:T40,DEAP:S05,T40,1,7.0,1,1,4,0,unexposed,stimulus_absolute_context,train,10.0,0.23875729101266152,0.7612427089873385
DEAP:S06:T03,DEAP:S06,T03,1,7.69,1,1,4,0,unexposed,stimulus_absolute_context,train,10.0,0.012182501452267958,0.987817498547732
DEAP:S06:T04,DEAP:S06,T04,1,7.55,1,1,4,0,unexposed,stimulus_absolute_context,train,10.0,0.011924573962082463,0.9880754260379175
DEAP:S06:T06,DEAP:S06,T06,1,8.05,1,1,4,0,unexposed,stimulus_absolute_context,train,10.0,0.033459113305724264,0.9665408866942757
DEAP:S06:T07,DEAP:S06,T07,1,8.26,1,1,4,0,unexposed,stimulus_absolute_context,train,10.0,0.7229967784375175,0.27700322156248247
DEAP:S06:T09,DEAP:S06,T09,1,7.87,1,1,4,0,unexposed,stimulus_absolute_context,train,10.0,0.05496748128209894,0.9450325187179011
DEAP:S06:T11,DEAP:S06,T11,0,4.99,1,1,4,0,unexposed,stimulus_absolute_context,train,10.0,0.04307704419216629,0.9569229558078337
DEAP:S06:T13,DEAP:S06,T13,1,7.79,1,1,4,0,unexposed,stimulus_absolute_context,train,10.0,0.20500171744219808,0.7949982825578019
DEAP:S06:T16,DEAP:S06,T16,1,5.06,1,1,4,0,unexposed,stimulus_absolute_context,train,10.0,0.5190270816584674,0.48097291834153255
DEAP:S06:T22,DEAP:S06,T22,1,7.56,1,1,4,0,unexposed,stimulus_absolute_context,train,10.0,0.43530417843694635,0.5646958215630536
DEAP:S06:T24,DEAP:S06,T24,0,3.5,1,1,4,0,unexposed,stimulus_absolute_context,train,10.0,0.6994818618360519,0.3005181381639482
DEAP:S06:T31,DEAP:S06,T31,0,3.65,1,1,4,0,unexposed,stimulus_absolute_context,train,10.0,0.9751352114162662,0.024864788583733765
DEAP:S06:T34,DEAP:S06,T34,0,3.31,1,1,4,0,unexposed,stimulus_absolute_context,train,10.0,0.6460341810201777,0.35396581897982227
DEAP:S06:T36,DEAP:S06,T36,1,5.71,1,1,4,0,unexposed,stimulus_absolute_context,train,10.0,0.4803473362949281,0.5196526637050719
DEAP:S06:T39,DEAP:S06,T39,1,6.56,1,1,4,0,unexposed,stimulus_absolute_context,train,10.0,0.913928532467167,0.08607146753283304
DEAP:S06:T40,DEAP:S06,T40,0,4.85,1,1,4,0,unexposed,stimulus_absolute_context,train,10.0,0.42951826813592464,0.5704817318640754
DEAP:S07:T04,DEAP:S07,T04,1,7.08,1,1,4,0,unexposed,stimulus_absolute_context,train,10.0,0.0010982337074190163,0.998901766292581
DEAP:S07:T06,DEAP:S07,T06,1,6.97,1,1,4,0,unexposed,stimulus_absolute_context,train,10.0,0.027136609719871085,0.9728633902801289
DEAP:S07:T07,DEAP:S07,T07,1,7.08,1,1,4,0,unexposed,stimulus_absolute_context,train,10.0,0.05253871385154085,0.9474612861484591
DEAP:S07:T09,DEAP:S07,T09,1,6.99,1,1,4,0,unexposed,stimulus_absolute_context,train,10.0,0.02064728575996877,0.9793527142400312
DEAP:S07:T13,DEAP:S07,T13,1,8.0,1,1,4,0,unexposed,stimulus_absolute_context,train,10.0,0.27802824789965985,0.7219717521003401
DEAP:S07:T16,DEAP:S07,T16,0,3.03,1,1,4,0,unexposed,stimulus_absolute_context,train,10.0,0.7981991760303544,0.20180082396964566
DEAP:S07:T18,DEAP:S07,T18,1,7.03,1,1,4,0,unexposed,stimulus_absolute_context,train,10.0,0.021074612108906265,0.9789253878910937
DEAP:S07:T22,DEAP:S07,T22,0,3.05,1,1,4,0,unexposed,stimulus_absolute_context,train,10.0,0.5932047515826442,0.40679524841735587
DEAP:S07:T24,DEAP:S07,T24,0,1.97,1,1,4,0,unexposed,stimulus_absolute_context,train,10.0,0.8098551118211417,0.19014488817885836
DEAP:S07:T31,DEAP:S07,T31,1,6.96,1,1,4,0,unexposed,stimulus_absolute_context,train,10.0,0.4986246984238273,0.5013753015761727
DEAP:S07:T34,DEAP:S07,T34,0,4.01,1,1,4,0,unexposed,stimulus_absolute_context,train,10.0,0.7730901777333496,0.22690982226665035
DEAP:S07:T36,DEAP:S07,T36,1,8.1,1,1,4,0,unexposed,stimulus_absolute_context,train,10.0,0.6078758861961057,0.39212411380389434
DEAP:S07:T39,DEAP:S07,T39,1,7.01,1,1,4,0,unexposed,stimulus_absolute_context,train,10.0,0.09745711428356285,0.9025428857164371
DEAP:S07:T40,DEAP:S07,T40,1,7.01,1,1,4,0,unexposed,stimulus_absolute_context,train,10.0,0.1331594383317698,0.8668405616682302
DEAP:S08:T03,DEAP:S08,T03,1,8.15,1,1,4,0,unexposed,stimulus_absolute_context,train,10.0,0.08252565794813393,0.9174743420518661
DEAP:S08:T04,DEAP:S08,T04,1,6.82,1,1,4,0,unexposed,stimulus_absolute_context,train,10.0,0.008752691619878683,0.9912473083801213
DEAP:S08:T06,DEAP:S08,T06,1,7.4,1,1,4,0,unexposed,stimulus_absolute_context,train,10.0,0.015355368665772029,0.984644631334228
DEAP:S08:T07,DEAP:S08,T07,1,5.04,1,1,4,0,unexposed,stimulus_absolute_context,train,10.0,0.2889543580153129,0.7110456419846871
DEAP:S08:T09,DEAP:S08,T09,1,8.78,1,1,4,0,unexposed,stimulus_absolute_context,train,10.0,0.08650689600270078,0.9134931039972992
DEAP:S08:T16,DEAP:S08,T16,0,4.21,1,1,4,0,unexposed,stimulus_absolute_context,train,10.0,0.6053691849726462,0.39463081502735375
DEAP:S08:T18,DEAP:S08,T18,1,7.21,1,1,4,0,unexposed,stimulus_absolute_context,train,10.0,0.057136258143631435,0.9428637418563686
DEAP:S08:T22,DEAP:S08,T22,0,4.23,1,1,4,0,unexposed,stimulus_absolute_context,train,10.0,0.8383839252570775,0.1616160747429225
DEAP:S08:T24,DEAP:S08,T24,0,4.15,1,1,4,0,unexposed,stimulus_absolute_context,train,10.0,0.9744298924744359,0.02557010752556408
DEAP:S08:T31,DEAP:S08,T31,0,1.45,1,1,4,0,unexposed,stimulus_absolute_context,train,10.0,0.9606374063667197,0.0393625936332803
DEAP:S08:T34,DEAP:S08,T34,1,5.05,1,1,4,0,unexposed,stimulus_absolute_context,train,10.0,0.7287762145133565,0.2712237854866435
DEAP:S08:T36,DEAP:S08,T36,0,1.21,1,1,4,0,unexposed,stimulus_absolute_context,train,10.0,0.7457802778795359,0.25421972212046406
DEAP:S08:T39,DEAP:S08,T39,1,5.05,1,1,4,0,unexposed,stimulus_absolute_context,train,10.0,0.035500123781276316,0.9644998762187237
DEAP:S08:T40,DEAP:S08,T40,0,3.13,1,1,4,0,unexposed,stimulus_absolute_context,train,10.0,0.9235687381723103,0.07643126182768972
DEAP:S09:T03,DEAP:S09,T03,1,7.08,1,1,4,0,unexposed,stimulus_absolute_context,train,10.0,0.021789062273913973,0.978210937726086
DEAP:S09:T04,DEAP:S09,T04,1,5.99,1,1,4,0,unexposed,stimulus_absolute_context,train,10.0,0.014157136028062345,0.9858428639719377
DEAP:S09:T06,DEAP:S09,T06,1,7.04,1,1,4,0,unexposed,stimulus_absolute_context,train,10.0,0.017482079593109545,0.9825179204068905
DEAP:S09:T07,DEAP:S09,T07,1,5.08,1,1,4,0,unexposed,stimulus_absolute_context,train,10.0,0.2563404793288815,0.7436595206711185
DEAP:S09:T09,DEAP:S09,T09,1,5.96,1,1,4,0,unexposed,stimulus_absolute_context,train,10.0,0.0009321828974871993,0.9990678171025128
DEAP:S09:T11,DEAP:S09,T11,1,7.12,1,1,4,0,unexposed,stimulus_absolute_context,train,10.0,0.009114541853643243,0.9908854581463568
DEAP:S09:T13,DEAP:S09,T13,1,8.15,1,1,4,0,unexposed,stimulus_absolute_context,train,10.0,0.1344812240423947,0.8655187759576053
DEAP:S09:T16,DEAP:S09,T16,0,4.05,1,1,4,0,unexposed,stimulus_absolute_context,train,10.0,0.558124432849995,0.441875567150005
DEAP:S09:T22,DEAP:S09,T22,0,3.99,1,1,4,0,unexposed,stimulus_absolute_context,train,10.0,0.6348593839749321,0.3651406160250678
DEAP:S09:T24,DEAP:S09,T24,0,4.03,1,1,4,0,unexposed,stimulus_absolute_context,train,10.0,0.7721453483432008,0.22785465165679922
DEAP:S09:T31,DEAP:S09,T31,1,6.06,1,1,4,0,unexposed,stimulus_absolute_context,train,10.0,0.5728547767892043,0.4271452232107957
DEAP:S09:T34,DEAP:S09,T34,1,5.06,1,1,4,0,unexposed,stimulus_absolute_context,train,10.0,0.6965527533963337,0.3034472466036663
DEAP:S09:T36,DEAP:S09,T36,0,3.08,1,1,4,0,unexposed,stimulus_absolute_context,train,10.0,0.9626024622231248,0.037397537776875184
DEAP:S09:T39,DEAP:S09,T39,0,3.17,1,1,4,0,unexposed,stimulus_absolute_context,train,10.0,0.7985003517756479,0.201499648224352
DEAP:S09:T40,DEAP:S09,T40,1,5.04,1,1,4,0,unexposed,stimulus_absolute_context,train,10.0,0.3787782012078297,0.6212217987921703
DEAP:S10:T04,DEAP:S10,T04,1,7.01,1,1,4,0,unexposed,stimulus_absolute_context,train,10.0,0.005783441887728169,0.9942165581122718
DEAP:S10:T06,DEAP:S10,T06,1,7.1,1,1,4,0,unexposed,stimulus_absolute_context,train,10.0,0.010180540594466048,0.989819459405534
DEAP:S10:T07,DEAP:S10,T07,1,8.96,1,1,4,0,unexposed,stimulus_absolute_context,train,10.0,0.0022778102148994783,0.9977221897851005
DEAP:S10:T09,DEAP:S10,T09,1,7.56,1,1,4,0,unexposed,stimulus_absolute_context,train,10.0,0.010633300121564382,0.9893666998784356
DEAP:S10:T11,DEAP:S10,T11,1,8.99,1,1,4,0,unexposed,stimulus_absolute_context,train,10.0,0.024190383736968246,0.9758096162630318
DEAP:S10:T16,DEAP:S10,T16,0,3.85,1,1,4,0,unexposed,stimulus_absolute_context,train,10.0,0.9656897321024056,0.034310267897594365
DEAP:S10:T18,DEAP:S10,T18,1,7.31,1,1,4,0,unexposed,stimulus_absolute_context,train,10.0,0.04287027783862396,0.957129722161376
DEAP:S10:T22,DEAP:S10,T22,0,4.24,1,1,4,0,unexposed,stimulus_absolute_context,train,10.0,0.9019872426428986,0.09801275735710138
DEAP:S10:T31,DEAP:S10,T31,0,4.15,1,1,4,0,unexposed,stimulus_absolute_context,train,10.0,0.9766883517972295,0.023311648202770582
DEAP:S10:T34,DEAP:S10,T34,0,3.91,1,1,4,0,unexposed,stimulus_absolute_context,train,10.0,0.8635798618434407,0.13642013815655935
DEAP:S10:T36,DEAP:S10,T36,0,2.17,1,1,4,0,unexposed,stimulus_absolute_context,train,10.0,0.9723552083462227,0.027644791653777315
DEAP:S10:T39,DEAP:S10,T39,0,2.17,1,1,4,0,unexposed,stimulus_absolute_context,train,10.0,0.9602592652215804,0.03974073477841951
DEAP:S10:T40,DEAP:S10,T40,1,5.78,1,1,4,0,unexposed,stimulus_absolute_context,train,10.0,0.348268672697566,0.651731327302434
DEAP:S11:T03,DEAP:S11,T03,1,7.41,1,1,4,0,unexposed,stimulus_absolute_context,train,10.0,0.03955412051783869,0.9604458794821613
DEAP:S11:T04,DEAP:S11,T04,1,7.65,1,1,4,0,unexposed,stimulus_absolute_context,train,10.0,0.01407378949632887,0.9859262105036711
DEAP:S11:T06,DEAP:S11,T06,1,5.32,1,1,4,0,unexposed,stimulus_absolute_context,train,10.0,0.14202413832334138,0.8579758616766586
DEAP:S11:T07,DEAP:S11,T07,1,6.37,1,1,4,0,unexposed,stimulus_absolute_context,train,10.0,0.4824216469823964,0.5175783530176036
DEAP:S11:T09,DEAP:S11,T09,1,7.04,1,1,4,0,unexposed,stimulus_absolute_context,train,10.0,0.07401882306657193,0.9259811769334281
DEAP:S11:T11,DEAP:S11,T11,1,7.32,1,1,4,0,unexposed,stimulus_absolute_context,train,10.0,0.09803376769497063,0.9019662323050294
DEAP:S11:T13,DEAP:S11,T13,1,8.42,1,1,4,0,unexposed,stimulus_absolute_context,train,10.0,0.05671085597993797,0.943289144020062
DEAP:S11:T16,DEAP:S11,T16,0,4.35,1,1,4,0,unexposed,stimulus_absolute_context,train,10.0,0.854364604005332,0.14563539599466804
DEAP:S11:T18,DEAP:S11,T18,1,7.95,1,1,4,0,unexposed,stimulus_absolute_context,train,10.0,0.0293362283295886,0.9706637716704114
DEAP:S11:T22,DEAP:S11,T22,1,6.15,1,1,4,0,unexposed,stimulus_absolute_context,train,10.0,0.4401268685738784,0.5598731314261216
DEAP:S11:T24,DEAP:S11,T24,0,2.88,1,1,4,0,unexposed,stimulus_absolute_context,train,10.0,0.937463772747429,0.06253622725257099
DEAP:S11:T31,DEAP:S11,T31,0,1.83,1,1,4,0,unexposed,stimulus_absolute_context,train,10.0,0.7166440242605177,0.2833559757394824
DEAP:S11:T34,DEAP:S11,T34,0,4.88,1,1,4,0,unexposed,stimulus_absolute_context,train,10.0,0.945783180655311,0.05421681934468903
DEAP:S11:T36,DEAP:S11,T36,0,3.62,1,1,4,0,unexposed,stimulus_absolute_context,train,10.0,0.9157626921485498,0.08423730785145017
DEAP:S11:T39,DEAP:S11,T39,0,1.0,1,1,4,0,unexposed,stimulus_absolute_context,train,10.0,0.9285880198633114,0.0714119801366886
DEAP:S11:T40,DEAP:S11,T40,0,4.95,1,1,4,0,unexposed,stimulus_absolute_context,train,10.0,0.7525251675268174,0.24747483247318253
DEAP:S12:T03,DEAP:S12,T03,1,7.33,1,1,4,0,unexposed,stimulus_absolute_context,train,10.0,0.0817377679388318,0.9182622320611682
DEAP:S12:T04,DEAP:S12,T04,1,6.86,1,1,4,0,unexposed,stimulus_absolute_context,train,10.0,0.008846097431350008,0.99115390256865
DEAP:S12:T07,DEAP:S12,T07,1,6.77,1,1,4,0,unexposed,stimulus_absolute_context,train,10.0,0.1474165086175805,0.8525834913824195
DEAP:S12:T09,DEAP:S12,T09,1,7.95,1,1,4,0,unexposed,stimulus_absolute_context,train,10.0,0.011960659414048225,0.9880393405859518
DEAP:S12:T11,DEAP:S12,T11,1,7.78,1,1,4,0,unexposed,stimulus_absolute_context,train,10.0,0.016107447420165344,0.9838925525798347
DEAP:S12:T13,DEAP:S12,T13,1,7.99,1,1,4,0,unexposed,stimulus_absolute_context,train,10.0,0.34003018030732257,0.6599698196926774
DEAP:S12:T16,DEAP:S12,T16,1,5.04,1,1,4,0,unexposed,stimulus_absolute_context,train,10.0,0.6294617948260075,0.37053820517399244
DEAP:S12:T18,DEAP:S12,T18,1,7.35,1,1,4,0,unexposed,stimulus_absolute_context,train,10.0,0.05320492086309092,0.9467950791369091
DEAP:S12:T22,DEAP:S12,T22,0,3.33,1,1,4,0,unexposed,stimulus_absolute_context,train,10.0,0.6317055385686123,0.36829446143138767
DEAP:S12:T24,DEAP:S12,T24,0,2.79,1,1,4,0,unexposed,stimulus_absolute_context,train,10.0,0.9469203417630861,0.053079658236913886
DEAP:S12:T31,DEAP:S12,T31,0,3.18,1,1,4,0,unexposed,stimulus_absolute_context,train,10.0,0.8796253350797982,0.12037466492020182
DEAP:S12:T34,DEAP:S12,T34,0,4.87,1,1,4,0,unexposed,stimulus_absolute_context,train,10.0,0.8499493485600512,0.1500506514399488
DEAP:S12:T36,DEAP:S12,T36,0,2.82,1,1,4,0,unexposed,stimulus_absolute_context,train,10.0,0.809623983509933,0.1903760164900669
DEAP:S12:T39,DEAP:S12,T39,0,3.18,1,1,4,0,unexposed,stimulus_absolute_context,train,10.0,0.5946539301759874,0.40534606982401256
DEAP:S12:T40,DEAP:S12,T40,1,6.81,1,1,4,0,unexposed,stimulus_absolute_context,train,10.0,0.5478314914325524,0.4521685085674476
DEAP:S13:T03,DEAP:S13,T03,1,9.0,1,1,4,0,unexposed,stimulus_absolute_context,train,10.0,0.16952895368972332,0.8304710463102767
DEAP:S13:T04,DEAP:S13,T04,1,7.08,1,1,4,0,unexposed,stimulus_absolute_context,train,10.0,0.009092508570471947,0.990907491429528
DEAP:S13:T06,DEAP:S13,T06,0,4.46,1,1,4,0,unexposed,stimulus_absolute_context,train,10.0,0.5031903726191873,0.49680962738081264
DEAP:S13:T07,DEAP:S13,T07,0,2.99,1,1,4,0,unexposed,stimulus_absolute_context,train,10.0,0.7526951578539591,0.2473048421460409
DEAP:S13:T09,DEAP:S13,T09,1,7.06,1,1,4,0,unexposed,stimulus_absolute_context,train,10.0,0.056962623371638044,0.943037376628362
DEAP:S13:T11,DEAP:S13,T11,1,7.04,1,1,4,0,unexposed,stimulus_absolute_context,train,10.0,0.08437978861935047,0.9156202113806495
DEAP:S13:T13,DEAP:S13,T13,1,9.0,1,1,4,0,unexposed,stimulus_absolute_context,train,10.0,0.564194595784941,0.43580540421505903
DEAP:S13:T18,DEAP:S13,T18,1,7.94,1,1,4,0,unexposed,stimulus_absolute_context,train,10.0,0.1034863865821044,0.8965136134178956
DEAP:S13:T22,DEAP:S13,T22,0,4.01,1,1,4,0,unexposed,stimulus_absolute_context,train,10.0,0.9973421377966275,0.002657862203372485
DEAP:S13:T24,DEAP:S13,T24,0,2.97,1,1,4,0,unexposed,stimulus_absolute_context,train,10.0,0.9994884198306404,0.0005115801693596145
DEAP:S13:T31,DEAP:S13,T31,0,1.97,1,1,4,0,unexposed,stimulus_absolute_context,train,10.0,0.9969657871430336,0.0030342128569663712
DEAP:S13:T34,DEAP:S13,T34,0,2.92,1,1,4,0,unexposed,stimulus_absolute_context,train,10.0,0.9924229028652128,0.0075770971347871065
DEAP:S13:T36,DEAP:S13,T36,0,2.54,1,1,4,0,unexposed,stimulus_absolute_context,train,10.0,0.9988582151634007,0.0011417848365993352
DEAP:S13:T39,DEAP:S13,T39,0,1.97,1,1,4,0,unexposed,stimulus_absolute_context,train,10.0,0.9670166511062428,0.03298334889375716
DEAP:S13:T40,DEAP:S13,T40,0,4.08,1,1,4,0,unexposed,stimulus_absolute_context,train,10.0,0.9866239530261285,0.013376046973871533
DEAP:S14:T04,DEAP:S14,T04,1,7.38,1,1,4,0,unexposed,stimulus_absolute_context,train,10.0,0.011345042639647529,0.9886549573603525
DEAP:S14:T06,DEAP:S14,T06,1,7.19,1,1,4,0,unexposed,stimulus_absolute_context,train,10.0,0.01730281300454395,0.982697186995456
DEAP:S14:T07,DEAP:S14,T07,1,6.85,1,1,4,0,unexposed,stimulus_absolute_context,train,10.0,0.11639620342549573,0.8836037965745043
DEAP:S14:T11,DEAP:S14,T11,1,8.03,1,1,4,0,unexposed,stimulus_absolute_context,train,10.0,0.10116843412851406,0.8988315658714859
DEAP:S14:T13,DEAP:S14,T13,1,6.79,1,1,4,0,unexposed,stimulus_absolute_context,train,10.0,0.07487777232234072,0.9251222276776593
DEAP:S14:T16,DEAP:S14,T16,0,3.96,1,1,4,0,unexposed,stimulus_absolute_context,train,10.0,0.8152569283981719,0.18474307160182818
DEAP:S14:T18,DEAP:S14,T18,1,8.09,1,1,4,0,unexposed,stimulus_absolute_context,train,10.0,0.018377251724427057,0.9816227482755729
DEAP:S14:T22,DEAP:S14,T22,0,4.1,1,1,4,0,unexposed,stimulus_absolute_context,train,10.0,0.6903712833935136,0.3096287166064864
DEAP:S14:T24,DEAP:S14,T24,0,2.36,1,1,4,0,unexposed,stimulus_absolute_context,train,10.0,0.7944780263901452,0.20552197360985475
DEAP:S14:T31,DEAP:S14,T31,0,3.26,1,1,4,0,unexposed,stimulus_absolute_context,train,10.0,0.8557152768377732,0.14428472316222682
DEAP:S14:T34,DEAP:S14,T34,0,2.5,1,1,4,0,unexposed,stimulus_absolute_context,train,10.0,0.957426922337182,0.04257307766281808
DEAP:S14:T36,DEAP:S14,T36,0,2.01,1,1,4,0,unexposed,stimulus_absolute_context,train,10.0,0.8748726663139784,0.12512733368602155
DEAP:S14:T39,DEAP:S14,T39,1,6.65,1,1,4,0,unexposed,stimulus_absolute_context,train,10.0,0.7180947609132673,0.2819052390867327
DEAP:S14:T40,DEAP:S14,T40,1,6.68,1,1,4,0,unexposed,stimulus_absolute_context,train,10.0,0.35505076278868797,0.644949237211312
DEAP:S15:T03,DEAP:S15,T03,1,8.04,1,1,4,0,unexposed,stimulus_absolute_context,train,10.0,0.25227526575784065,0.7477247342421594
DEAP:S15:T04,DEAP:S15,T04,1,8.04,1,1,4,0,unexposed,stimulus_absolute_context,train,10.0,0.004152123518427864,0.9958478764815721
DEAP:S15:T06,DEAP:S15,T06,1,9.0,1,1,4,0,unexposed,stimulus_absolute_context,train,10.0,0.09960180513515893,0.9003981948648411
DEAP:S15:T07,DEAP:S15,T07,1,5.04,1,1,4,0,unexposed,stimulus_absolute_context,train,10.0,0.20579015981829074,0.7942098401817093
DEAP:S15:T09,DEAP:S15,T09,1,9.0,1,1,4,0,unexposed,stimulus_absolute_context,train,10.0,0.06350557867665108,0.9364944213233489
DEAP:S15:T11,DEAP:S15,T11,1,8.99,1,1,4,0,unexposed,stimulus_absolute_context,train,10.0,0.04773368280884127,0.9522663171911587
DEAP:S15:T16,DEAP:S15,T16,0,4.17,1,1,4,0,unexposed,stimulus_absolute_context,train,10.0,0.9884690795158078,0.011530920484192294
DEAP:S15:T18,DEAP:S15,T18,1,7.04,1,1,4,0,unexposed,stimulus_absolute_context,train,10.0,0.18504114092423596,0.814958859075764
DEAP:S15:T22,DEAP:S15,T22,0,4.12,1,1,4,0,unexposed,stimulus_absolute_context,train,10.0,0.9718266476868035,0.028173352313196457
DEAP:S15:T24,DEAP:S15,T24,0,1.92,1,1,4,0,unexposed,stimulus_absolute_context,train,10.0,0.9744478802798902,0.025552119720109814
DEAP:S15:T31,DEAP:S15,T31,0,2.99,1,1,4,0,unexposed,stimulus_absolute_context,train,10.0,0.9481571628033212,0.05184283719667882
DEAP:S15:T34,DEAP:S15,T34,0,3.01,1,1,4,0,unexposed,stimulus_absolute_context,train,10.0,0.8812213945838571,0.11877860541614296
DEAP:S15:T36,DEAP:S15,T36,0,3.96,1,1,4,0,unexposed,stimulus_absolute_context,train,10.0,0.6893867760012249,0.31061322399877506
DEAP:S15:T39,DEAP:S15,T39,0,4.0,1,1,4,0,unexposed,stimulus_absolute_context,train,10.0,0.9992403246915909,0.0007596753084091928
DEAP:S15:T40,DEAP:S15,T40,0,4.01,1,1,4,0,unexposed,stimulus_absolute_context,train,10.0,0.8876485958613131,0.11235140413868692
DEAP:S16:T04,DEAP:S16,T04,1,7.09,1,1,4,0,unexposed,stimulus_absolute_context,train,10.0,0.007259768561056923,0.9927402314389431
DEAP:S16:T06,DEAP:S16,T06,0,4.99,1,1,4,0,unexposed,stimulus_absolute_context,train,10.0,0.6026539134857334,0.39734608651426667
DEAP:S16:T09,DEAP:S16,T09,0,4.18,1,1,4,0,unexposed,stimulus_absolute_context,train,10.0,0.7167336757676928,0.2832663242323072
DEAP:S16:T11,DEAP:S16,T11,1,7.27,1,1,4,0,unexposed,stimulus_absolute_context,train,10.0,0.4338585788661158,0.5661414211338842
DEAP:S16:T13,DEAP:S16,T13,0,3.88,1,1,4,0,unexposed,stimulus_absolute_context,train,10.0,0.7107689503086483,0.28923104969135166
DEAP:S16:T16,DEAP:S16,T16,0,4.97,1,1,4,0,unexposed,stimulus_absolute_context,train,10.0,0.9939546084931946,0.006045391506805399
DEAP:S16:T24,DEAP:S16,T24,0,2.51,1,1,4,0,unexposed,stimulus_absolute_context,train,10.0,0.9312367441598728,0.06876325584012721
DEAP:S16:T31,DEAP:S16,T31,0,3.88,1,1,4,0,unexposed,stimulus_absolute_context,train,10.0,0.8396256855107785,0.16037431448922143
DEAP:S16:T34,DEAP:S16,T34,0,1.0,1,1,4,0,unexposed,stimulus_absolute_context,train,10.0,0.9996417759319933,0.00035822406800668284
DEAP:S16:T36,DEAP:S16,T36,1,5.05,1,1,4,0,unexposed,stimulus_absolute_context,train,10.0,0.6039667161206415,0.39603328387935854
DEAP:S16:T39,DEAP:S16,T39,1,6.13,1,1,4,0,unexposed,stimulus_absolute_context,train,10.0,0.9352663343012234,0.0647336656987766
DEAP:S16:T40,DEAP:S16,T40,0,3.74,1,1,4,0,unexposed,stimulus_absolute_context,train,10.0,0.8535986214535267,0.1464013785464733
DEAP:S17:T03,DEAP:S17,T03,1,6.46,1,1,4,0,unexposed,stimulus_absolute_context,train,10.0,0.2234193030461793,0.7765806969538207
DEAP:S17:T04,DEAP:S17,T04,1,6.35,1,1,4,0,unexposed,stimulus_absolute_context,train,10.0,0.04355524567366398,0.956444754326336
DEAP:S17:T06,DEAP:S17,T06,1,6.9,1,1,4,0,unexposed,stimulus_absolute_context,train,10.0,0.018540976754424787,0.9814590232455752
DEAP:S17:T07,DEAP:S17,T07,1,7.08,1,1,4,0,unexposed,stimulus_absolute_context,train,10.0,0.24524617669366877,0.7547538233063312
DEAP:S17:T09,DEAP:S17,T09,1,6.04,1,1,4,0,unexposed,stimulus_absolute_context,train,10.0,0.01214653689035039,0.9878534631096496
DEAP:S17:T13,DEAP:S17,T13,0,4.54,1,1,4,0,unexposed,stimulus_absolute_context,train,10.0,0.2763802740694412,0.7236197259305588
DEAP:S17:T16,DEAP:S17,T16,1,5.92,1,1,4,0,unexposed,stimulus_absolute_context,train,10.0,0.8432987292699385,0.15670127073006151
DEAP:S17:T18,DEAP:S17,T18,1,6.22,1,1,4,0,unexposed,stimulus_absolute_context,train,10.0,0.08339370880185137,0.9166062911981486
DEAP:S17:T22,DEAP:S17,T22,0,3.19,1,1,4,0,unexposed,stimulus_absolute_context,train,10.0,0.8315417267588631,0.16845827324113694
DEAP:S17:T24,DEAP:S17,T24,0,4.53,1,1,4,0,unexposed,stimulus_absolute_context,train,10.0,0.7530404016029635,0.24695959839703654
DEAP:S17:T31,DEAP:S17,T31,0,4.54,1,1,4,0,unexposed,stimulus_absolute_context,train,10.0,0.8824420981990466,0.11755790180095343
DEAP:S17:T34,DEAP:S17,T34,0,4.99,1,1,4,0,unexposed,stimulus_absolute_context,train,10.0,0.9659584268294129,0.03404157317058704
DEAP:S17:T36,DEAP:S17,T36,0,3.37,1,1,4,0,unexposed,stimulus_absolute_context,train,10.0,0.7140988992145043,0.28590110078549563
DEAP:S17:T39,DEAP:S17,T39,1,7.1,1,1,4,0,unexposed,stimulus_absolute_context,train,10.0,0.7180156666993529,0.28198433330064704
DEAP:S17:T40,DEAP:S17,T40,1,5.04,1,1,4,0,unexposed,stimulus_absolute_context,train,10.0,0.14485549880296567,0.8551445011970343
DEAP:S18:T03,DEAP:S18,T03,1,6.36,1,1,4,0,unexposed,stimulus_absolute_context,train,10.0,0.06893534232300236,0.9310646576769976
DEAP:S18:T04,DEAP:S18,T04,1,6.65,1,1,4,0,unexposed,stimulus_absolute_context,train,10.0,0.015543728761377551,0.9844562712386224
DEAP:S18:T07,DEAP:S18,T07,1,7.33,1,1,4,0,unexposed,stimulus_absolute_context,train,10.0,0.24502716364166466,0.7549728363583353
DEAP:S18:T09,DEAP:S18,T09,1,6.55,1,1,4,0,unexposed,stimulus_absolute_context,train,10.0,0.056807395646326975,0.943192604353673
DEAP:S18:T11,DEAP:S18,T11,1,6.24,1,1,4,0,unexposed,stimulus_absolute_context,train,10.0,0.05605826144646964,0.9439417385535304
DEAP:S18:T13,DEAP:S18,T13,1,7.33,1,1,4,0,unexposed,stimulus_absolute_context,train,10.0,0.1400532977591885,0.8599467022408115
DEAP:S18:T16,DEAP:S18,T16,0,4.38,1,1,4,0,unexposed,stimulus_absolute_context,train,10.0,0.7645275515512306,0.23547244844876936
DEAP:S18:T18,DEAP:S18,T18,1,7.05,1,1,4,0,unexposed,stimulus_absolute_context,train,10.0,0.08845687121382784,0.9115431287861722
DEAP:S18:T24,DEAP:S18,T24,0,3.22,1,1,4,0,unexposed,stimulus_absolute_context,train,10.0,0.9656381506027834,0.03436184939721661
DEAP:S18:T31,DEAP:S18,T31,0,4.44,1,1,4,0,unexposed,stimulus_absolute_context,train,10.0,0.9661015705517364,0.03389842944826363
DEAP:S18:T34,DEAP:S18,T34,0,4.15,1,1,4,0,unexposed,stimulus_absolute_context,train,10.0,0.9580587202901037,0.041941279709896216
DEAP:S18:T39,DEAP:S18,T39,0,4.06,1,1,4,0,unexposed,stimulus_absolute_context,train,10.0,0.7818412980687183,0.21815870193128176
DEAP:S19:T03,DEAP:S19,T03,1,6.82,1,1,4,0,unexposed,stimulus_absolute_context,train,10.0,0.008677976375952579,0.9913220236240474
DEAP:S19:T04,DEAP:S19,T04,1,5.77,1,1,4,0,unexposed,stimulus_absolute_context,train,10.0,0.001497022635248757,0.9985029773647512
DEAP:S19:T07,DEAP:S19,T07,1,6.64,1,1,4,0,unexposed,stimulus_absolute_context,train,10.0,0.006991016152524732,0.9930089838474753
DEAP:S19:T09,DEAP:S19,T09,1,7.09,1,1,4,0,unexposed,stimulus_absolute_context,train,10.0,0.10722369081134075,0.8927763091886592
DEAP:S19:T11,DEAP:S19,T11,1,5.83,1,1,4,0,unexposed,stimulus_absolute_context,train,10.0,0.049444008484890944,0.9505559915151091
DEAP:S19:T13,DEAP:S19,T13,1,7.53,1,1,4,0,unexposed,stimulus_absolute_context,train,10.0,0.048062605115903434,0.9519373948840966
DEAP:S19:T16,DEAP:S19,T16,0,3.24,1,1,4,0,unexposed,stimulus_absolute_context,train,10.0,0.976622028432833,0.023377971567166995
DEAP:S19:T22,DEAP:S19,T22,1,5.04,1,1,4,0,unexposed,stimulus_absolute_context,train,10.0,0.6990514256684428,0.30094857433155725
DEAP:S19:T24,DEAP:S19,T24,0,3.23,1,1,4,0,unexposed,stimulus_absolute_context,train,10.0,0.8652643404800177,0.13473565951998237
DEAP:S19:T31,DEAP:S19,T31,1,5.03,1,1,4,0,unexposed,stimulus_absolute_context,train,10.0,0.23582070813839784,0.7641792918616022
DEAP:S19:T34,DEAP:S19,T34,0,4.17,1,1,4,0,unexposed,stimulus_absolute_context,train,10.0,0.8948300962434852,0.10516990375651479
DEAP:S19:T36,DEAP:S19,T36,0,3.71,1,1,4,0,unexposed,stimulus_absolute_context,train,10.0,0.6393084633231463,0.3606915366768537
DEAP:S19:T40,DEAP:S19,T40,0,4.24,1,1,4,0,unexposed,stimulus_absolute_context,train,10.0,0.8646909566681319,0.1353090433318681
DEAP:S24:T03,DEAP:S24,T03,1,8.96,1,1,4,0,unexposed,stimulus_absolute_context,train,10.0,0.7087547855126504,0.2912452144873497
DEAP:S24:T04,DEAP:S24,T04,1,6.05,1,1,4,0,unexposed,stimulus_absolute_context,train,10.0,0.016702214961016315,0.9832977850389837
DEAP:S24:T06,DEAP:S24,T06,1,5.96,1,1,4,0,unexposed,stimulus_absolute_context,train,10.0,0.1028307652306617,0.8971692347693383
DEAP:S24:T07,DEAP:S24,T07,0,3.04,1,1,4,0,unexposed,stimulus_absolute_context,train,10.0,0.7468164116869137,0.2531835883130863
DEAP:S24:T09,DEAP:S24,T09,1,7.08,1,1,4,0,unexposed,stimulus_absolute_context,train,10.0,0.1648344592382207,0.8351655407617793
DEAP:S24:T11,DEAP:S24,T11,1,7.03,1,1,4,0,unexposed,stimulus_absolute_context,train,10.0,0.1885969946445254,0.8114030053554746
DEAP:S24:T13,DEAP:S24,T13,1,8.0,1,1,4,0,unexposed,stimulus_absolute_context,train,10.0,0.5489567625023222,0.4510432374976779
DEAP:S24:T16,DEAP:S24,T16,0,4.0,1,1,4,0,unexposed,stimulus_absolute_context,train,10.0,0.9025653713528764,0.09743462864712359
DEAP:S24:T18,DEAP:S24,T18,1,8.96,1,1,4,0,unexposed,stimulus_absolute_context,train,10.0,0.0782060089688249,0.9217939910311751
DEAP:S24:T22,DEAP:S24,T22,0,3.03,1,1,4,0,unexposed,stimulus_absolute_context,train,10.0,0.9035894475907233,0.09641055240927661
DEAP:S24:T24,DEAP:S24,T24,0,2.99,1,1,4,0,unexposed,stimulus_absolute_context,train,10.0,0.9715823702539554,0.028417629746044584
DEAP:S24:T31,DEAP:S24,T31,0,2.94,1,1,4,0,unexposed,stimulus_absolute_context,train,10.0,0.8796536861231838,0.12034631387681617
DEAP:S24:T34,DEAP:S24,T34,0,4.05,1,1,4,0,unexposed,stimulus_absolute_context,train,10.0,0.9549268606353291,0.04507313936467098
DEAP:S24:T36,DEAP:S24,T36,0,4.0,1,1,4,0,unexposed,stimulus_absolute_context,train,10.0,0.8498477546282264,0.15015224537177363
DEAP:S24:T39,DEAP:S24,T39,0,2.12,1,1,4,0,unexposed,stimulus_absolute_context,train,10.0,0.6210759362184817,0.3789240637815184
DEAP:S25:T03,DEAP:S25,T03,1,7.12,1,1,4,0,unexposed,stimulus_absolute_context,train,10.0,0.1400204702630813,0.8599795297369187
DEAP:S25:T09,DEAP:S25,T09,1,8.09,1,1,4,0,unexposed,stimulus_absolute_context,train,10.0,0.0074548717173011925,0.9925451282826988
DEAP:S25:T11,DEAP:S25,T11,1,9.0,1,1,4,0,unexposed,stimulus_absolute_context,train,10.0,0.08826470161309097,0.911735298386909
DEAP:S25:T13,DEAP:S25,T13,1,7.97,1,1,4,0,unexposed,stimulus_absolute_context,train,10.0,0.16179244750150967,0.8382075524984903
DEAP:S25:T16,DEAP:S25,T16,1,6.05,1,1,4,0,unexposed,stimulus_absolute_context,train,10.0,0.4516391997264818,0.5483608002735182
DEAP:S25:T18,DEAP:S25,T18,0,3.04,1,1,4,0,unexposed,stimulus_absolute_context,train,10.0,0.06494174482210191,0.9350582551778981
DEAP:S25:T22,DEAP:S25,T22,1,8.03,1,1,4,0,unexposed,stimulus_absolute_context,train,10.0,0.8510407406474327,0.14895925935256726
DEAP:S25:T24,DEAP:S25,T24,0,3.05,1,1,4,0,unexposed,stimulus_absolute_context,train,10.0,0.9792910523381841,0.02070894766181588
DEAP:S25:T31,DEAP:S25,T31,0,1.01,1,1,4,0,unexposed,stimulus_absolute_context,train,10.0,0.9073393297187649,0.09266067028123513
DEAP:S25:T34,DEAP:S25,T34,0,4.95,1,1,4,0,unexposed,stimulus_absolute_context,train,10.0,0.9787118533162726,0.021288146683727336
DEAP:S25:T36,DEAP:S25,T36,0,3.0,1,1,4,0,unexposed,stimulus_absolute_context,train,10.0,0.9697238443019147,0.030276155698085266
DEAP:S25:T39,DEAP:S25,T39,0,1.0,1,1,4,0,unexposed,stimulus_absolute_context,train,10.0,0.9661489987400819,0.033851001259918086
DEAP:S25:T40,DEAP:S25,T40,0,1.0,1,1,4,0,unexposed,stimulus_absolute_context,train,10.0,0.8613269727726826,0.13867302722731747
DEAP:S26:T03,DEAP:S26,T03,1,9.0,1,1,4,0,unexposed,stimulus_absolute_context,train,10.0,0.19439048932441572,0.8056095106755843
DEAP:S26:T04,DEAP:S26,T04,1,8.03,1,1,4,0,unexposed,stimulus_absolute_context,train,10.0,0.004991790861170853,0.9950082091388291
DEAP:S26:T06,DEAP:S26,T06,1,8.09,1,1,4,0,unexposed,stimulus_absolute_context,train,10.0,0.031205293742447182,0.9687947062575528
DEAP:S26:T07,DEAP:S26,T07,1,6.08,1,1,4,0,unexposed,stimulus_absolute_context,train,10.0,0.30767566071246044,0.6923243392875396
DEAP:S26:T11,DEAP:S26,T11,1,8.04,1,1,4,0,unexposed,stimulus_absolute_context,train,10.0,0.10604317961746768,0.8939568203825323
DEAP:S26:T13,DEAP:S26,T13,1,7.12,1,1,4,0,unexposed,stimulus_absolute_context,train,10.0,0.034409437939831866,0.9655905620601681
DEAP:S26:T18,DEAP:S26,T18,1,9.0,1,1,4,0,unexposed,stimulus_absolute_context,train,10.0,0.001841377734626004,0.998158622265374
DEAP:S26:T22,DEAP:S26,T22,1,6.97,1,1,4,0,unexposed,stimulus_absolute_context,train,10.0,0.4479950308045155,0.5520049691954845
DEAP:S26:T24,DEAP:S26,T24,1,9.0,1,1,4,0,unexposed,stimulus_absolute_context,train,10.0,0.8868934090567786,0.11310659094322145
DEAP:S26:T31,DEAP:S26,T31,0,1.97,1,1,4,0,unexposed,stimulus_absolute_context,train,10.0,0.9934426980565674,0.006557301943432609
DEAP:S26:T34,DEAP:S26,T34,0,1.0,1,1,4,0,unexposed,stimulus_absolute_context,train,10.0,0.9769351880122877,0.023064811987712274
DEAP:S26:T36,DEAP:S26,T36,0,2.92,1,1,4,0,unexposed,stimulus_absolute_context,train,10.0,0.802826218817507,0.19717378118249299
DEAP:S26:T39,DEAP:S26,T39,0,1.95,1,1,4,0,unexposed,stimulus_absolute_context,train,10.0,0.3347322224831305,0.6652677775168695
DEAP:S26:T40,DEAP:S26,T40,0,3.06,1,1,4,0,unexposed,stimulus_absolute_context,train,10.0,0.6283358074559338,0.3716641925440663
DEAP:S27:T03,DEAP:S27,T03,1,9.0,1,1,4,0,unexposed,stimulus_absolute_context,train,10.0,0.014635353714533728,0.9853646462854663
DEAP:S27:T04,DEAP:S27,T04,1,7.05,1,1,4,0,unexposed,stimulus_absolute_context,train,10.0,0.0006178342166893724,0.9993821657833106
DEAP:S27:T06,DEAP:S27,T06,1,7.0,1,1,4,0,unexposed,stimulus_absolute_context,train,10.0,0.001783552807995692,0.9982164471920043
DEAP:S27:T07,DEAP:S27,T07,0,4.94,1,1,4,0,unexposed,stimulus_absolute_context,train,10.0,0.30928400965088376,0.6907159903491162
DEAP:S27:T11,DEAP:S27,T11,1,9.0,1,1,4,0,unexposed,stimulus_absolute_context,train,10.0,0.0016348015408104155,0.9983651984591896
DEAP:S27:T16,DEAP:S27,T16,1,8.06,1,1,4,0,unexposed,stimulus_absolute_context,train,10.0,0.21867498640939442,0.7813250135906056
DEAP:S27:T18,DEAP:S27,T18,1,9.0,1,1,4,0,unexposed,stimulus_absolute_context,train,10.0,0.0026008839938358452,0.9973991160061642
DEAP:S27:T22,DEAP:S27,T22,1,7.29,1,1,4,0,unexposed,stimulus_absolute_context,train,10.0,0.4139495538063983,0.5860504461936017
DEAP:S27:T24,DEAP:S27,T24,1,8.9,1,1,4,0,unexposed,stimulus_absolute_context,train,10.0,0.40910420396738423,0.5908957960326158
DEAP:S27:T31,DEAP:S27,T31,1,5.08,1,1,4,0,unexposed,stimulus_absolute_context,train,10.0,0.19930712783196236,0.8006928721680376
DEAP:S27:T34,DEAP:S27,T34,0,2.85,1,1,4,0,unexposed,stimulus_absolute_context,train,10.0,0.8116788959393234,0.18832110406067656
DEAP:S27:T36,DEAP:S27,T36,1,6.13,1,1,4,0,unexposed,stimulus_absolute_context,train,10.0,0.33766531253264576,0.6623346874673542
DEAP:S27:T39,DEAP:S27,T39,0,2.14,1,1,4,0,unexposed,stimulus_absolute_context,train,10.0,0.5912201343283168,0.4087798656716833
DEAP:S27:T40,DEAP:S27,T40,1,5.04,1,1,4,0,unexposed,stimulus_absolute_context,train,10.0,0.04621068569217157,0.9537893143078284
DEAP:S28:T03,DEAP:S28,T03,1,9.0,1,1,4,0,unexposed,stimulus_absolute_context,train,10.0,0.03675467501189955,0.9632453249881004
DEAP:S28:T04,DEAP:S28,T04,1,8.08,1,1,4,0,unexposed,stimulus_absolute_context,train,10.0,0.010192593138099726,0.9898074068619003
DEAP:S28:T06,DEAP:S28,T06,1,8.15,1,1,4,0,unexposed,stimulus_absolute_context,train,10.0,0.20934120042001225,0.7906587995799877
DEAP:S28:T07,DEAP:S28,T07,1,8.09,1,1,4,0,unexposed,stimulus_absolute_context,train,10.0,0.08014868142848464,0.9198513185715154
DEAP:S28:T09,DEAP:S28,T09,1,5.04,1,1,4,0,unexposed,stimulus_absolute_context,train,10.0,0.014845336637607343,0.9851546633623927
DEAP:S28:T13,DEAP:S28,T13,0,2.09,1,1,4,0,unexposed,stimulus_absolute_context,train,10.0,0.14872449004124066,0.8512755099587593
DEAP:S28:T16,DEAP:S28,T16,1,6.91,1,1,4,0,unexposed,stimulus_absolute_context,train,10.0,0.7111059207755959,0.28889407922440413
DEAP:S28:T18,DEAP:S28,T18,1,8.08,1,1,4,0,unexposed,stimulus_absolute_context,train,10.0,0.08732092030669103,0.912679079693309
DEAP:S28:T22,DEAP:S28,T22,1,5.03,1,1,4,0,unexposed,stimulus_absolute_context,train,10.0,0.4450732312667389,0.5549267687332611
DEAP:S28:T24,DEAP:S28,T24,0,4.04,1,1,4,0,unexposed,stimulus_absolute_context,train,10.0,0.7413754260990028,0.25862457390099725
DEAP:S28:T31,DEAP:S28,T31,1,6.91,1,1,4,0,unexposed,stimulus_absolute_context,train,10.0,0.6575563947661472,0.34244360523385275
DEAP:S28:T34,DEAP:S28,T34,1,5.99,1,1,4,0,unexposed,stimulus_absolute_context,train,10.0,0.05140321676166848,0.9485967832383315
DEAP:S28:T36,DEAP:S28,T36,0,3.08,1,1,4,0,unexposed,stimulus_absolute_context,train,10.0,0.739790345508315,0.260209654491685
DEAP:S28:T39,DEAP:S28,T39,0,1.04,1,1,4,0,unexposed,stimulus_absolute_context,train,10.0,0.5620302169063461,0.43796978309365386
DEAP:S28:T40,DEAP:S28,T40,1,7.1,1,1,4,0,unexposed,stimulus_absolute_context,train,10.0,0.21273180132746172,0.7872681986725383
DEAP:S29:T03,DEAP:S29,T03,1,9.0,1,1,4,0,unexposed,stimulus_absolute_context,train,10.0,0.000726660217952424,0.9992733397820476
DEAP:S29:T04,DEAP:S29,T04,1,7.17,1,1,4,0,unexposed,stimulus_absolute_context,train,10.0,0.006788957187301992,0.993211042812698
DEAP:S29:T07,DEAP:S29,T07,1,7.04,1,1,4,0,unexposed,stimulus_absolute_context,train,10.0,0.10816126313379715,0.8918387368662029
DEAP:S29:T09,DEAP:S29,T09,1,7.06,1,1,4,0,unexposed,stimulus_absolute_context,train,10.0,0.09426754286141059,0.9057324571385894
DEAP:S29:T11,DEAP:S29,T11,1,8.03,1,1,4,0,unexposed,stimulus_absolute_context,train,10.0,0.02833930880110147,0.9716606911988985
DEAP:S29:T13,DEAP:S29,T13,1,6.06,1,1,4,0,unexposed,stimulus_absolute_context,train,10.0,0.11757968069515645,0.8824203193048435
DEAP:S29:T16,DEAP:S29,T16,0,3.0,1,1,4,0,unexposed,stimulus_absolute_context,train,10.0,0.9884352776092197,0.011564722390780298
DEAP:S29:T18,DEAP:S29,T18,1,7.01,1,1,4,0,unexposed,stimulus_absolute_context,train,10.0,0.3419768777363773,0.6580231222636227
DEAP:S29:T22,DEAP:S29,T22,0,3.05,1,1,4,0,unexposed,stimulus_absolute_context,train,10.0,0.7776453105662874,0.22235468943371262
DEAP:S29:T24,DEAP:S29,T24,0,4.12,1,1,4,0,unexposed,stimulus_absolute_context,train,10.0,0.9708184153803857,0.02918158461961426
DEAP:S29:T31,DEAP:S29,T31,0,1.0,1,1,4,0,unexposed,stimulus_absolute_context,train,10.0,0.6125355559560779,0.3874644440439221
DEAP:S29:T34,DEAP:S29,T34,0,3.95,1,1,4,0,unexposed,stimulus_absolute_context,train,10.0,0.9896252672516215,0.010374732748378537
DEAP:S29:T40,DEAP:S29,T40,1,6.01,1,1,4,0,unexposed,stimulus_absolute_context,train,10.0,0.21279216844113746,0.7872078315588625
DEAP:S30:T03,DEAP:S30,T03,1,6.15,1,1,4,0,unexposed,stimulus_absolute_context,train,10.0,0.13098039647257287,0.8690196035274271
DEAP:S30:T04,DEAP:S30,T04,1,7.04,1,1,4,0,unexposed,stimulus_absolute_context,train,10.0,0.016666781703986944,0.9833332182960131
DEAP:S30:T06,DEAP:S30,T06,1,6.22,1,1,4,0,unexposed,stimulus_absolute_context,train,10.0,0.43821129302366923,0.5617887069763308
DEAP:S30:T07,DEAP:S30,T07,0,4.05,1,1,4,0,unexposed,stimulus_absolute_context,train,10.0,0.44591314170037955,0.5540868582996205
DEAP:S30:T09,DEAP:S30,T09,1,7.08,1,1,4,0,unexposed,stimulus_absolute_context,train,10.0,0.07582106665916788,0.9241789333408321
DEAP:S30:T11,DEAP:S30,T11,1,6.06,1,1,4,0,unexposed,stimulus_absolute_context,train,10.0,0.09417249837892172,0.9058275016210783
DEAP:S30:T13,DEAP:S30,T13,0,4.04,1,1,4,0,unexposed,stimulus_absolute_context,train,10.0,0.11844998339041612,0.8815500166095839
DEAP:S30:T16,DEAP:S30,T16,1,5.04,1,1,4,0,unexposed,stimulus_absolute_context,train,10.0,0.6539102595846941,0.34608974041530594
DEAP:S30:T18,DEAP:S30,T18,1,7.05,1,1,4,0,unexposed,stimulus_absolute_context,train,10.0,0.2174843732237035,0.7825156267762965
DEAP:S30:T22,DEAP:S30,T22,0,4.05,1,1,4,0,unexposed,stimulus_absolute_context,train,10.0,0.8375848548881508,0.16241514511184918
DEAP:S30:T24,DEAP:S30,T24,1,5.99,1,1,4,0,unexposed,stimulus_absolute_context,train,10.0,0.594502712482293,0.4054972875177069
DEAP:S30:T31,DEAP:S30,T31,0,3.86,1,1,4,0,unexposed,stimulus_absolute_context,train,10.0,0.8867919768148559,0.11320802318514413
DEAP:S30:T34,DEAP:S30,T34,0,4.99,1,1,4,0,unexposed,stimulus_absolute_context,train,10.0,0.8566448303994072,0.14335516960059286
DEAP:S30:T39,DEAP:S30,T39,0,2.97,1,1,4,0,unexposed,stimulus_absolute_context,train,10.0,0.85280486594304,0.14719513405696008
DEAP:S30:T40,DEAP:S30,T40,1,5.05,1,1,4,0,unexposed,stimulus_absolute_context,train,10.0,0.6070437661661641,0.392956233833836
DEAP:S32:T03,DEAP:S32,T03,1,8.05,1,1,4,0,unexposed,stimulus_absolute_context,train,10.0,0.2691172177517117,0.7308827822482883
DEAP:S32:T04,DEAP:S32,T04,1,6.96,1,1,4,0,unexposed,stimulus_absolute_context,train,10.0,0.03338445912624699,0.966615540873753
DEAP:S32:T06,DEAP:S32,T06,1,5.78,1,1,4,0,unexposed,stimulus_absolute_context,train,10.0,0.2624137634625563,0.7375862365374437
DEAP:S32:T07,DEAP:S32,T07,0,4.94,1,1,4,0,unexposed,stimulus_absolute_context,train,10.0,0.6482046887881057,0.3517953112118944
DEAP:S32:T09,DEAP:S32,T09,1,7.86,1,1,4,0,unexposed,stimulus_absolute_context,train,10.0,0.003985603634334867,0.9960143963656651
DEAP:S32:T11,DEAP:S32,T11,1,8.24,1,1,4,0,unexposed,stimulus_absolute_context,train,10.0,0.18537946001549122,0.8146205399845088
DEAP:S32:T13,DEAP:S32,T13,1,7.09,1,1,4,0,unexposed,stimulus_absolute_context,train,10.0,0.027352208028576852,0.9726477919714231
DEAP:S32:T16,DEAP:S32,T16,0,3.97,1,1,4,0,unexposed,stimulus_absolute_context,train,10.0,0.847625175887553,0.15237482411244696
DEAP:S32:T18,DEAP:S32,T18,1,8.03,1,1,4,0,unexposed,stimulus_absolute_context,train,10.0,0.18436089430104952,0.8156391056989505
DEAP:S32:T22,DEAP:S32,T22,0,4.15,1,1,4,0,unexposed,stimulus_absolute_context,train,10.0,0.9526979665518018,0.047302033448198215
DEAP:S32:T24,DEAP:S32,T24,0,1.0,1,1,4,0,unexposed,stimulus_absolute_context,train,10.0,0.9911911064761464,0.008808893523853561
DEAP:S32:T31,DEAP:S32,T31,0,4.17,1,1,4,0,unexposed,stimulus_absolute_context,train,10.0,0.9849506536466075,0.015049346353392449
DEAP:S32:T34,DEAP:S32,T34,0,4.05,1,1,4,0,unexposed,stimulus_absolute_context,train,10.0,0.8935778396314892,0.10642216036851086
DEAP:S32:T36,DEAP:S32,T36,0,3.91,1,1,4,0,unexposed,stimulus_absolute_context,train,10.0,0.8519886147112256,0.14801138528877442
DEAP:S32:T39,DEAP:S32,T39,0,3.99,1,1,4,0,unexposed,stimulus_absolute_context,train,10.0,0.9455064122677875,0.05449358773221251
DEAP:S32:T40,DEAP:S32,T40,1,7.15,1,1,4,0,unexposed,stimulus_absolute_context,train,10.0,0.06915191356034323,0.9308480864396568
DEAP:S03:T02,DEAP:S03,T02,1,7.21,1,1,4,0,unexposed,stimulus_absolute_context,validation_unseen,10.0,0.033587472003015595,0.9664125279969844
DEAP:S03:T10,DEAP:S03,T10,0,4.45,1,1,4,0,unexposed,stimulus_absolute_context,validation_unseen,10.0,0.018712599329957058,0.9812874006700429
DEAP:S03:T14,DEAP:S03,T14,1,7.29,1,1,4,0,unexposed,stimulus_absolute_context,validation_unseen,10.0,0.023981393347560886,0.9760186066524391
DEAP:S03:T17,DEAP:S03,T17,0,4.56,1,1,4,0,unexposed,stimulus_absolute_context,validation_unseen,10.0,0.0060764475063253,0.9939235524936747
DEAP:S03:T20,DEAP:S03,T20,1,6.26,1,1,4,0,unexposed,stimulus_absolute_context,validation_unseen,10.0,0.012331321828050634,0.9876686781719494
DEAP:S03:T21,DEAP:S03,T21,0,4.99,1,1,4,0,unexposed,stimulus_absolute_context,validation_unseen,10.0,0.005151069148968457,0.9948489308510315
DEAP:S03:T37,DEAP:S03,T37,0,4.92,1,1,4,0,unexposed,stimulus_absolute_context,validation_unseen,10.0,0.01751552087360786,0.9824844791263921
DEAP:S03:T38,DEAP:S03,T38,0,4.53,1,1,4,0,unexposed,stimulus_absolute_context,validation_unseen,10.0,0.024780999905276713,0.9752190000947233
DEAP:S04:T02,DEAP:S04,T02,0,4.06,1,1,4,0,unexposed,stimulus_absolute_context,validation_unseen,10.0,0.6448485299912745,0.35515147000872543
DEAP:S04:T10,DEAP:S04,T10,0,3.15,1,1,4,0,unexposed,stimulus_absolute_context,validation_unseen,10.0,0.5366133604385583,0.4633866395614417
DEAP:S04:T14,DEAP:S04,T14,1,6.96,1,1,4,0,unexposed,stimulus_absolute_context,validation_unseen,10.0,0.6903042795425582,0.3096957204574418
DEAP:S04:T17,DEAP:S04,T17,1,7.01,1,1,4,0,unexposed,stimulus_absolute_context,validation_unseen,10.0,0.6193205485220734,0.38067945147792664
DEAP:S04:T20,DEAP:S04,T20,1,8.17,1,1,4,0,unexposed,stimulus_absolute_context,validation_unseen,10.0,0.22609631801799746,0.7739036819820025
DEAP:S04:T21,DEAP:S04,T21,0,1.77,1,1,4,0,unexposed,stimulus_absolute_context,validation_unseen,10.0,0.7411870599438789,0.2588129400561211
DEAP:S04:T37,DEAP:S04,T37,0,1.0,1,1,4,0,unexposed,stimulus_absolute_context,validation_unseen,10.0,0.0712459769717908,0.9287540230282092
DEAP:S04:T38,DEAP:S04,T38,0,1.79,1,1,4,0,unexposed,stimulus_absolute_context,validation_unseen,10.0,0.240393291488882,0.759606708511118
DEAP:S21:T02,DEAP:S21,T02,1,7.05,1,1,4,0,unexposed,stimulus_absolute_context,validation_unseen,10.0,0.9961948054144008,0.003805194585599296
DEAP:S21:T10,DEAP:S21,T10,1,7.05,1,1,4,0,unexposed,stimulus_absolute_context,validation_unseen,10.0,0.9860338320709667,0.013966167929033307
DEAP:S21:T14,DEAP:S21,T14,1,8.1,1,1,4,0,unexposed,stimulus_absolute_context,validation_unseen,10.0,0.9960872285812031,0.003912771418796862
DEAP:S21:T17,DEAP:S21,T17,1,5.53,1,1,4,0,unexposed,stimulus_absolute_context,validation_unseen,10.0,0.9933345925520036,0.0066654074479963275
DEAP:S21:T20,DEAP:S21,T20,0,2.33,1,1,4,0,unexposed,stimulus_absolute_context,validation_unseen,10.0,0.9950755408234453,0.004924459176554712
DEAP:S21:T21,DEAP:S21,T21,0,4.08,1,1,4,0,unexposed,stimulus_absolute_context,validation_unseen,10.0,0.9996798023920956,0.00032019760790440096
DEAP:S21:T37,DEAP:S21,T37,0,3.04,1,1,4,0,unexposed,stimulus_absolute_context,validation_unseen,10.0,0.9680543019095582,0.03194569809044183
DEAP:S21:T38,DEAP:S21,T38,0,3.03,1,1,4,0,unexposed,stimulus_absolute_context,validation_unseen,10.0,0.9850144450248219,0.01498555497517809
DEAP:S22:T02,DEAP:S22,T02,1,7.08,1,1,4,0,unexposed,stimulus_absolute_context,validation_unseen,10.0,0.9942478210736904,0.005752178926309603
DEAP:S22:T10,DEAP:S22,T10,0,4.0,1,1,4,0,unexposed,stimulus_absolute_context,validation_unseen,10.0,0.9956988136747283,0.00430118632527168
DEAP:S22:T14,DEAP:S22,T14,1,8.05,1,1,4,0,unexposed,stimulus_absolute_context,validation_unseen,10.0,0.9140008941166242,0.08599910588337573
DEAP:S22:T17,DEAP:S22,T17,1,5.04,1,1,4,0,unexposed,stimulus_absolute_context,validation_unseen,10.0,0.9170376146257633,0.08296238537423667
DEAP:S22:T20,DEAP:S22,T20,1,7.08,1,1,4,0,unexposed,stimulus_absolute_context,validation_unseen,10.0,0.9917257780000109,0.008274221999989092
DEAP:S22:T21,DEAP:S22,T21,0,2.97,1,1,4,0,unexposed,stimulus_absolute_context,validation_unseen,10.0,0.9821429996924405,0.017857000307559493
DEAP:S22:T37,DEAP:S22,T37,0,1.0,1,1,4,0,unexposed,stimulus_absolute_context,validation_unseen,10.0,0.9888275034152219,0.011172496584778173
DEAP:S22:T38,DEAP:S22,T38,0,1.0,1,1,4,0,unexposed,stimulus_absolute_context,validation_unseen,10.0,0.9953500203393645,0.004649979660635533
DEAP:S03:T03,DEAP:S03,T03,1,7.55,1,1,4,0,unexposed,stimulus_absolute_context,validation_familiar,10.0,0.0033550475914464473,0.9966449524085536
DEAP:S03:T04,DEAP:S03,T04,0,4.69,1,1,4,0,unexposed,stimulus_absolute_context,validation_familiar,10.0,0.0005700139959355921,0.9994299860040644
DEAP:S03:T06,DEAP:S03,T06,1,6.79,1,1,4,0,unexposed,stimulus_absolute_context,validation_familiar,10.0,0.0017939547804769473,0.998206045219523
DEAP:S03:T07,DEAP:S03,T07,1,5.45,1,1,4,0,unexposed,stimulus_absolute_context,validation_familiar,10.0,0.0028003488475943916,0.9971996511524056
DEAP:S03:T09,DEAP:S03,T09,1,7.33,1,1,4,0,unexposed,stimulus_absolute_context,validation_familiar,10.0,0.0016504924080900096,0.99834950759191
DEAP:S03:T11,DEAP:S03,T11,1,7.94,1,1,4,0,unexposed,stimulus_absolute_context,validation_familiar,10.0,0.0008354704733966045,0.9991645295266034
DEAP:S03:T13,DEAP:S03,T13,1,7.91,1,1,4,0,unexposed,stimulus_absolute_context,validation_familiar,10.0,0.001865548244534665,0.9981344517554653
DEAP:S03:T16,DEAP:S03,T16,1,7.15,1,1,4,0,unexposed,stimulus_absolute_context,validation_familiar,10.0,0.09643626468525734,0.9035637353147427
DEAP:S03:T18,DEAP:S03,T18,1,7.1,1,1,4,0,unexposed,stimulus_absolute_context,validation_familiar,10.0,0.003298054310369225,0.9967019456896308
DEAP:S03:T22,DEAP:S03,T22,0,4.94,1,1,4,0,unexposed,stimulus_absolute_context,validation_familiar,10.0,0.025575059567431446,0.9744249404325686
DEAP:S03:T24,DEAP:S03,T24,0,3.31,1,1,4,0,unexposed,stimulus_absolute_context,validation_familiar,10.0,0.22696929838100377,0.7730307016189962
DEAP:S03:T31,DEAP:S03,T31,0,4.44,1,1,4,0,unexposed,stimulus_absolute_context,validation_familiar,10.0,0.034390421655393855,0.9656095783446061
DEAP:S03:T34,DEAP:S03,T34,0,4.72,1,1,4,0,unexposed,stimulus_absolute_context,validation_familiar,10.0,0.2750871106338566,0.7249128893661434
DEAP:S03:T36,DEAP:S03,T36,1,5.01,1,1,4,0,unexposed,stimulus_absolute_context,validation_familiar,10.0,0.30726184532932843,0.6927381546706716
DEAP:S03:T39,DEAP:S03,T39,0,4.33,1,1,4,0,unexposed,stimulus_absolute_context,validation_familiar,10.0,0.019015415510997724,0.9809845844890023
DEAP:S03:T40,DEAP:S03,T40,1,5.38,1,1,4,0,unexposed,stimulus_absolute_context,validation_familiar,10.0,0.007300877148155083,0.9926991228518449
DEAP:S04:T03,DEAP:S04,T03,1,8.95,1,1,4,0,unexposed,stimulus_absolute_context,validation_familiar,10.0,0.03432353741933347,0.9656764625806665
DEAP:S04:T04,DEAP:S04,T04,1,6.1,1,1,4,0,unexposed,stimulus_absolute_context,validation_familiar,10.0,0.005139970970842511,0.9948600290291575
DEAP:S04:T06,DEAP:S04,T06,1,5.01,1,1,4,0,unexposed,stimulus_absolute_context,validation_familiar,10.0,0.17245508070357352,0.8275449192964265
DEAP:S04:T07,DEAP:S04,T07,0,2.94,1,1,4,0,unexposed,stimulus_absolute_context,validation_familiar,10.0,0.050986253843492646,0.9490137461565074
DEAP:S04:T09,DEAP:S04,T09,1,6.05,1,1,4,0,unexposed,stimulus_absolute_context,validation_familiar,10.0,0.1527864105554102,0.8472135894445898
DEAP:S04:T11,DEAP:S04,T11,1,7.24,1,1,4,0,unexposed,stimulus_absolute_context,validation_familiar,10.0,0.09259399832950332,0.9074060016704967
DEAP:S04:T13,DEAP:S04,T13,0,4.12,1,1,4,0,unexposed,stimulus_absolute_context,validation_familiar,10.0,0.476251675345864,0.523748324654136
DEAP:S04:T16,DEAP:S04,T16,0,2.51,1,1,4,0,unexposed,stimulus_absolute_context,validation_familiar,10.0,0.5653827491821015,0.4346172508178984
DEAP:S04:T18,DEAP:S04,T18,0,4.9,1,1,4,0,unexposed,stimulus_absolute_context,validation_familiar,10.0,0.10933807270296814,0.8906619272970319
DEAP:S04:T22,DEAP:S04,T22,0,1.86,1,1,4,0,unexposed,stimulus_absolute_context,validation_familiar,10.0,0.6103218544069657,0.38967814559303426
DEAP:S04:T24,DEAP:S04,T24,0,2.71,1,1,4,0,unexposed,stimulus_absolute_context,validation_familiar,10.0,0.975379702649787,0.024620297350212927
DEAP:S04:T31,DEAP:S04,T31,0,2.01,1,1,4,0,unexposed,stimulus_absolute_context,validation_familiar,10.0,0.6418397971006491,0.35816020289935085
DEAP:S04:T34,DEAP:S04,T34,0,2.17,1,1,4,0,unexposed,stimulus_absolute_context,validation_familiar,10.0,0.9400250594611522,0.05997494053884777
DEAP:S04:T36,DEAP:S04,T36,0,2.72,1,1,4,0,unexposed,stimulus_absolute_context,validation_familiar,10.0,0.23556407802296786,0.7644359219770321
DEAP:S04:T39,DEAP:S04,T39,0,1.92,1,1,4,0,unexposed,stimulus_absolute_context,validation_familiar,10.0,0.8791185207648506,0.12088147923514933
DEAP:S04:T40,DEAP:S04,T40,0,1.86,1,1,4,0,unexposed,stimulus_absolute_context,validation_familiar,10.0,0.16335388668012474,0.8366461133198753
DEAP:S21:T03,DEAP:S21,T03,0,4.83,1,1,4,0,unexposed,stimulus_absolute_context,validation_familiar,10.0,0.9987864480392638,0.0012135519607362458
DEAP:S21:T04,DEAP:S21,T04,1,5.05,1,1,4,0,unexposed,stimulus_absolute_context,validation_familiar,10.0,0.811216601819257,0.18878339818074294
DEAP:S21:T06,DEAP:S21,T06,1,7.92,1,1,4,0,unexposed,stimulus_absolute_context,validation_familiar,10.0,0.8773037197093531,0.1226962802906469
DEAP:S21:T07,DEAP:S21,T07,1,7.05,1,1,4,0,unexposed,stimulus_absolute_context,validation_familiar,10.0,0.9940697265339308,0.0059302734660692715
DEAP:S21:T09,DEAP:S21,T09,1,8.56,1,1,4,0,unexposed,stimulus_absolute_context,validation_familiar,10.0,0.9487786182277025,0.05122138177229748
DEAP:S21:T11,DEAP:S21,T11,1,7.05,1,1,4,0,unexposed,stimulus_absolute_context,validation_familiar,10.0,0.591180644253656,0.40881935574634404
DEAP:S21:T13,DEAP:S21,T13,0,4.27,1,1,4,0,unexposed,stimulus_absolute_context,validation_familiar,10.0,0.9973452666261988,0.002654733373801133
DEAP:S21:T16,DEAP:S21,T16,1,5.99,1,1,4,0,unexposed,stimulus_absolute_context,validation_familiar,10.0,0.9999480083431881,5.199165681187758e-05
DEAP:S21:T18,DEAP:S21,T18,1,7.99,1,1,4,0,unexposed,stimulus_absolute_context,validation_familiar,10.0,0.9735623710309822,0.0264376289690178
DEAP:S21:T22,DEAP:S21,T22,0,2.09,1,1,4,0,unexposed,stimulus_absolute_context,validation_familiar,10.0,0.9998544610947409,0.0001455389052591375
DEAP:S21:T24,DEAP:S21,T24,0,2.99,1,1,4,0,unexposed,stimulus_absolute_context,validation_familiar,10.0,0.9998161398657837,0.0001838601342163626
DEAP:S21:T31,DEAP:S21,T31,1,5.04,1,1,4,0,unexposed,stimulus_absolute_context,validation_familiar,10.0,0.980693777342896,0.019306222657104
DEAP:S21:T34,DEAP:S21,T34,0,4.06,1,1,4,0,unexposed,stimulus_absolute_context,validation_familiar,10.0,0.9976393328166268,0.002360667183373263
DEAP:S21:T36,DEAP:S21,T36,1,6.88,1,1,4,0,unexposed,stimulus_absolute_context,validation_familiar,10.0,0.999957664206379,4.233579362101862e-05
DEAP:S21:T39,DEAP:S21,T39,1,6.09,1,1,4,0,unexposed,stimulus_absolute_context,validation_familiar,10.0,0.9999269607703885,7.303922961149521e-05
DEAP:S21:T40,DEAP:S21,T40,0,3.99,1,1,4,0,unexposed,stimulus_absolute_context,validation_familiar,10.0,0.9925136394298409,0.007486360570159074
DEAP:S22:T03,DEAP:S22,T03,1,7.05,1,1,4,0,unexposed,stimulus_absolute_context,validation_familiar,10.0,0.9497424925836675,0.050257507416332475
DEAP:S22:T04,DEAP:S22,T04,1,7.06,1,1,4,0,unexposed,stimulus_absolute_context,validation_familiar,10.0,0.6570808262603312,0.34291917373966885
DEAP:S22:T06,DEAP:S22,T06,0,4.97,1,1,4,0,unexposed,stimulus_absolute_context,validation_familiar,10.0,0.9685271528934267,0.031472847106573325
DEAP:S22:T07,DEAP:S22,T07,1,6.03,1,1,4,0,unexposed,stimulus_absolute_context,validation_familiar,10.0,0.9568294573330404,0.0431705426669596
DEAP:S22:T09,DEAP:S22,T09,1,9.0,1,1,4,0,unexposed,stimulus_absolute_context,validation_familiar,10.0,0.2572388065458834,0.7427611934541166
DEAP:S22:T11,DEAP:S22,T11,1,8.05,1,1,4,0,unexposed,stimulus_absolute_context,validation_familiar,10.0,0.7781981985321188,0.22180180146788123
DEAP:S22:T13,DEAP:S22,T13,1,7.01,1,1,4,0,unexposed,stimulus_absolute_context,validation_familiar,10.0,0.963363806824924,0.03663619317507602
DEAP:S22:T16,DEAP:S22,T16,1,6.06,1,1,4,0,unexposed,stimulus_absolute_context,validation_familiar,10.0,0.8686209437563481,0.13137905624365187
DEAP:S22:T18,DEAP:S22,T18,1,8.08,1,1,4,0,unexposed,stimulus_absolute_context,validation_familiar,10.0,0.8071700935190533,0.19282990648094667
DEAP:S22:T22,DEAP:S22,T22,0,4.05,1,1,4,0,unexposed,stimulus_absolute_context,validation_familiar,10.0,0.9535975103506577,0.04640248964934237
DEAP:S22:T24,DEAP:S22,T24,0,1.96,1,1,4,0,unexposed,stimulus_absolute_context,validation_familiar,10.0,0.9997360615591515,0.0002639384408484973
DEAP:S22:T31,DEAP:S22,T31,0,2.01,1,1,4,0,unexposed,stimulus_absolute_context,validation_familiar,10.0,0.9995146022809354,0.0004853977190646379
DEAP:S22:T34,DEAP:S22,T34,1,5.04,1,1,4,0,unexposed,stimulus_absolute_context,validation_familiar,10.0,0.9946128849479333,0.005387115052066682
DEAP:S22:T36,DEAP:S22,T36,0,1.96,1,1,4,0,unexposed,stimulus_absolute_context,validation_familiar,10.0,0.9885308500953741,0.01146914990462593
DEAP:S22:T39,DEAP:S22,T39,0,1.0,1,1,4,0,unexposed,stimulus_absolute_context,validation_familiar,10.0,0.9884956858514125,0.011504314148587519
DEAP:S22:T40,DEAP:S22,T40,0,2.97,1,1,4,0,unexposed,stimulus_absolute_context,validation_familiar,10.0,0.9363070682477068,0.06369293175229321
