trial_id,subject_id,material_key,label,original_label,group,source_session,material_rotation,fold,arm,model,role,C,p0,p1
DEAP:S01:T06,DEAP:S01,T06,1,8.27,2,1,0,1,unexposed,stimulus_absolute,train,0.01,0.49478795322164737,0.5052120467783526
DEAP:S01:T07,DEAP:S01,T07,1,7.44,2,1,0,1,unexposed,stimulus_absolute,train,0.01,0.47680089386505853,0.5231991061349415
DEAP:S01:T09,DEAP:S01,T09,0,4.04,2,1,0,1,unexposed,stimulus_absolute,train,0.01,0.513464234779796,0.486535765220204
DEAP:S01:T13,DEAP:S01,T13,0,1.95,2,1,0,1,unexposed,stimulus_absolute,train,0.01,0.5144606389336139,0.485539361066386
DEAP:S01:T14,DEAP:S01,T14,0,4.18,2,1,0,1,unexposed,stimulus_absolute,train,0.01,0.5543520637786581,0.44564793622134197
DEAP:S01:T15,DEAP:S01,T15,0,3.17,2,1,0,1,unexposed,stimulus_absolute,train,0.01,0.5130509974689794,0.4869490025310206
DEAP:S01:T16,DEAP:S01,T16,1,6.81,2,1,0,1,unexposed,stimulus_absolute,train,0.01,0.5177481800163186,0.48225181998368144
DEAP:S01:T17,DEAP:S01,T17,0,2.46,2,1,0,1,unexposed,stimulus_absolute,train,0.01,0.5104747828266276,0.4895252171733724
DEAP:S01:T20,DEAP:S01,T20,1,8.26,2,1,0,1,unexposed,stimulus_absolute,train,0.01,0.5269141922479181,0.4730858077520819
DEAP:S01:T21,DEAP:S01,T21,1,9.0,2,1,0,1,unexposed,stimulus_absolute,train,0.01,0.5243036091092528,0.4756963908907472
DEAP:S01:T27,DEAP:S01,T27,1,7.35,2,1,0,1,unexposed,stimulus_absolute,train,0.01,0.49862149100084774,0.5013785089991523
DEAP:S01:T35,DEAP:S01,T35,0,2.06,2,1,0,1,unexposed,stimulus_absolute,train,0.01,0.5286464277298097,0.4713535722701902
DEAP:S01:T37,DEAP:S01,T37,0,2.31,2,1,0,1,unexposed,stimulus_absolute,train,0.01,0.49892517857863006,0.5010748214213699
DEAP:S01:T38,DEAP:S01,T38,0,3.33,2,1,0,1,unexposed,stimulus_absolute,train,0.01,0.46626270066200104,0.533737299337999
DEAP:S01:T40,DEAP:S01,T40,1,5.1,2,1,0,1,unexposed,stimulus_absolute,train,0.01,0.5261985891708669,0.4738014108291331
DEAP:S02:T07,DEAP:S02,T07,0,4.96,2,1,0,1,unexposed,stimulus_absolute,train,0.01,0.5610426646011782,0.43895733539882176
DEAP:S02:T09,DEAP:S02,T09,1,9.0,2,1,0,1,unexposed,stimulus_absolute,train,0.01,0.5468251179522547,0.4531748820477453
DEAP:S02:T13,DEAP:S02,T13,1,9.0,2,1,0,1,unexposed,stimulus_absolute,train,0.01,0.566897888407829,0.43310211159217105
DEAP:S02:T14,DEAP:S02,T14,1,8.94,2,1,0,1,unexposed,stimulus_absolute,train,0.01,0.5549399134061253,0.4450600865938748
DEAP:S02:T15,DEAP:S02,T15,1,9.0,2,1,0,1,unexposed,stimulus_absolute,train,0.01,0.542125940175737,0.45787405982426294
DEAP:S02:T16,DEAP:S02,T16,1,6.0,2,1,0,1,unexposed,stimulus_absolute,train,0.01,0.5798103771067974,0.4201896228932026
DEAP:S02:T17,DEAP:S02,T17,1,9.0,2,1,0,1,unexposed,stimulus_absolute,train,0.01,0.5520152959505313,0.44798470404946866
DEAP:S02:T20,DEAP:S02,T20,1,8.97,2,1,0,1,unexposed,stimulus_absolute,train,0.01,0.5578914580943836,0.44210854190561644
DEAP:S02:T21,DEAP:S02,T21,0,1.0,2,1,0,1,unexposed,stimulus_absolute,train,0.01,0.5498571227440501,0.45014287725595
DEAP:S02:T35,DEAP:S02,T35,0,1.99,2,1,0,1,unexposed,stimulus_absolute,train,0.01,0.5698213627825998,0.43017863721740024
DEAP:S02:T36,DEAP:S02,T36,1,5.04,2,1,0,1,unexposed,stimulus_absolute,train,0.01,0.5651447595928687,0.4348552404071313
DEAP:S02:T37,DEAP:S02,T37,0,1.0,2,1,0,1,unexposed,stimulus_absolute,train,0.01,0.5666390717748957,0.43336092822510425
DEAP:S02:T38,DEAP:S02,T38,0,1.0,2,1,0,1,unexposed,stimulus_absolute,train,0.01,0.5673156111031699,0.4326843888968302
DEAP:S02:T40,DEAP:S02,T40,1,6.05,2,1,0,1,unexposed,stimulus_absolute,train,0.01,0.5320443111526589,0.467955688847341
DEAP:S03:T06,DEAP:S03,T06,1,6.79,2,1,0,1,unexposed,stimulus_absolute,train,0.01,0.45773836572101656,0.5422616342789834
DEAP:S03:T09,DEAP:S03,T09,1,7.33,2,1,0,1,unexposed,stimulus_absolute,train,0.01,0.4716075393286765,0.5283924606713235
DEAP:S03:T13,DEAP:S03,T13,1,7.91,2,1,0,1,unexposed,stimulus_absolute,train,0.01,0.48025332216217076,0.5197466778378292
DEAP:S03:T14,DEAP:S03,T14,1,7.29,2,1,0,1,unexposed,stimulus_absolute,train,0.01,0.47332985608775024,0.5266701439122498
DEAP:S03:T15,DEAP:S03,T15,1,7.36,2,1,0,1,unexposed,stimulus_absolute,train,0.01,0.4748837898107473,0.5251162101892527
DEAP:S03:T16,DEAP:S03,T16,1,7.15,2,1,0,1,unexposed,stimulus_absolute,train,0.01,0.5099480439578394,0.49005195604216056
DEAP:S03:T17,DEAP:S03,T17,0,4.56,2,1,0,1,unexposed,stimulus_absolute,train,0.01,0.44903566031417386,0.5509643396858261
DEAP:S03:T20,DEAP:S03,T20,1,6.26,2,1,0,1,unexposed,stimulus_absolute,train,0.01,0.4585137110890155,0.5414862889109845
DEAP:S03:T21,DEAP:S03,T21,0,4.99,2,1,0,1,unexposed,stimulus_absolute,train,0.01,0.476422935969794,0.523577064030206
DEAP:S03:T27,DEAP:S03,T27,1,6.72,2,1,0,1,unexposed,stimulus_absolute,train,0.01,0.44699299907422707,0.5530070009257729
DEAP:S03:T35,DEAP:S03,T35,0,3.18,2,1,0,1,unexposed,stimulus_absolute,train,0.01,0.4933795973855051,0.5066204026144949
DEAP:S03:T36,DEAP:S03,T36,1,5.01,2,1,0,1,unexposed,stimulus_absolute,train,0.01,0.4645400288996021,0.5354599711003979
DEAP:S03:T37,DEAP:S03,T37,0,4.92,2,1,0,1,unexposed,stimulus_absolute,train,0.01,0.5037928309697086,0.49620716903029133
DEAP:S03:T38,DEAP:S03,T38,0,4.53,2,1,0,1,unexposed,stimulus_absolute,train,0.01,0.4936842827237389,0.5063157172762611
DEAP:S03:T40,DEAP:S03,T40,1,5.38,2,1,0,1,unexposed,stimulus_absolute,train,0.01,0.4733178493001382,0.5266821506998618
DEAP:S04:T06,DEAP:S04,T06,1,5.01,2,1,0,1,unexposed,stimulus_absolute,train,0.01,0.6004216409091141,0.39957835909088585
DEAP:S04:T09,DEAP:S04,T09,1,6.05,2,1,0,1,unexposed,stimulus_absolute,train,0.01,0.6270395251523704,0.3729604748476296
DEAP:S04:T13,DEAP:S04,T13,0,4.12,2,1,0,1,unexposed,stimulus_absolute,train,0.01,0.5888531015083671,0.41114689849163283
DEAP:S04:T14,DEAP:S04,T14,1,6.96,2,1,0,1,unexposed,stimulus_absolute,train,0.01,0.6013670290612432,0.3986329709387569
DEAP:S04:T15,DEAP:S04,T15,1,6.96,2,1,0,1,unexposed,stimulus_absolute,train,0.01,0.5809254993330879,0.4190745006669121
DEAP:S04:T16,DEAP:S04,T16,0,2.51,2,1,0,1,unexposed,stimulus_absolute,train,0.01,0.6257983435380825,0.37420165646191744
DEAP:S04:T17,DEAP:S04,T17,1,7.01,2,1,0,1,unexposed,stimulus_absolute,train,0.01,0.5922165716014312,0.40778342839856885
DEAP:S04:T20,DEAP:S04,T20,1,8.17,2,1,0,1,unexposed,stimulus_absolute,train,0.01,0.586964314780451,0.41303568521954903
DEAP:S04:T21,DEAP:S04,T21,0,1.77,2,1,0,1,unexposed,stimulus_absolute,train,0.01,0.6599529116666145,0.34004708833338554
DEAP:S04:T27,DEAP:S04,T27,1,6.14,2,1,0,1,unexposed,stimulus_absolute,train,0.01,0.5969624709996675,0.4030375290003326
DEAP:S04:T35,DEAP:S04,T35,0,2.03,2,1,0,1,unexposed,stimulus_absolute,train,0.01,0.598219195441277,0.40178080455872306
DEAP:S04:T36,DEAP:S04,T36,0,2.72,2,1,0,1,unexposed,stimulus_absolute,train,0.01,0.6074655502709738,0.3925344497290262
DEAP:S04:T37,DEAP:S04,T37,0,1.0,2,1,0,1,unexposed,stimulus_absolute,train,0.01,0.5941717652259151,0.4058282347740849
DEAP:S04:T38,DEAP:S04,T38,0,1.79,2,1,0,1,unexposed,stimulus_absolute,train,0.01,0.5899683406986631,0.41003165930133684
DEAP:S04:T40,DEAP:S04,T40,0,1.86,2,1,0,1,unexposed,stimulus_absolute,train,0.01,0.5504701768179039,0.4495298231820961
DEAP:S05:T06,DEAP:S05,T06,1,8.09,2,1,0,1,unexposed,stimulus_absolute,train,0.01,0.44390518033143656,0.5560948196685634
DEAP:S05:T07,DEAP:S05,T07,1,5.12,2,1,0,1,unexposed,stimulus_absolute,train,0.01,0.4372786971574639,0.5627213028425361
DEAP:S05:T09,DEAP:S05,T09,1,6.94,2,1,0,1,unexposed,stimulus_absolute,train,0.01,0.4462429534512865,0.5537570465487135
DEAP:S05:T13,DEAP:S05,T13,0,4.94,2,1,0,1,unexposed,stimulus_absolute,train,0.01,0.4353850879939083,0.5646149120060917
DEAP:S05:T14,DEAP:S05,T14,1,7.21,2,1,0,1,unexposed,stimulus_absolute,train,0.01,0.4425517757366487,0.5574482242633513
DEAP:S05:T15,DEAP:S05,T15,1,6.97,2,1,0,1,unexposed,stimulus_absolute,train,0.01,0.42428331534720043,0.5757166846527996
DEAP:S05:T16,DEAP:S05,T16,1,5.96,2,1,0,1,unexposed,stimulus_absolute,train,0.01,0.42666414931348884,0.5733358506865112
DEAP:S05:T17,DEAP:S05,T17,1,6.88,2,1,0,1,unexposed,stimulus_absolute,train,0.01,0.4220468633319997,0.5779531366680003
DEAP:S05:T20,DEAP:S05,T20,1,7.0,2,1,0,1,unexposed,stimulus_absolute,train,0.01,0.43975321816959734,0.5602467818304027
DEAP:S05:T21,DEAP:S05,T21,0,4.0,2,1,0,1,unexposed,stimulus_absolute,train,0.01,0.47851821486483825,0.5214817851351617
DEAP:S05:T27,DEAP:S05,T27,1,7.0,2,1,0,1,unexposed,stimulus_absolute,train,0.01,0.43045539375104214,0.5695446062489579
DEAP:S05:T35,DEAP:S05,T35,0,4.86,2,1,0,1,unexposed,stimulus_absolute,train,0.01,0.46296663691408324,0.5370333630859168
DEAP:S05:T36,DEAP:S05,T36,0,4.91,2,1,0,1,unexposed,stimulus_absolute,train,0.01,0.43234465795763233,0.5676553420423677
DEAP:S05:T38,DEAP:S05,T38,0,1.0,2,1,0,1,unexposed,stimulus_absolute,train,0.01,0.4442219111107715,0.5557780888892285
DEAP:S05:T40,DEAP:S05,T40,1,7.0,2,1,0,1,unexposed,stimulus_absolute,train,0.01,0.4538371496495155,0.5461628503504845
DEAP:S06:T06,DEAP:S06,T06,1,8.05,2,1,0,1,unexposed,stimulus_absolute,train,0.01,0.44380044954029463,0.5561995504597054
DEAP:S06:T07,DEAP:S06,T07,1,8.26,2,1,0,1,unexposed,stimulus_absolute,train,0.01,0.47016003902751724,0.5298399609724828
DEAP:S06:T09,DEAP:S06,T09,1,7.87,2,1,0,1,unexposed,stimulus_absolute,train,0.01,0.48532535187656833,0.5146746481234317
DEAP:S06:T13,DEAP:S06,T13,1,7.79,2,1,0,1,unexposed,stimulus_absolute,train,0.01,0.4532926330044724,0.5467073669955276
DEAP:S06:T14,DEAP:S06,T14,1,6.32,2,1,0,1,unexposed,stimulus_absolute,train,0.01,0.37942507195574593,0.6205749280442541
DEAP:S06:T15,DEAP:S06,T15,1,5.59,2,1,0,1,unexposed,stimulus_absolute,train,0.01,0.47139508631370863,0.5286049136862914
DEAP:S06:T16,DEAP:S06,T16,1,5.06,2,1,0,1,unexposed,stimulus_absolute,train,0.01,0.48090591609747746,0.5190940839025225
DEAP:S06:T17,DEAP:S06,T17,1,6.72,2,1,0,1,unexposed,stimulus_absolute,train,0.01,0.4545483060177934,0.5454516939822066
DEAP:S06:T20,DEAP:S06,T20,1,5.01,2,1,0,1,unexposed,stimulus_absolute,train,0.01,0.4769795255823791,0.5230204744176209
DEAP:S06:T21,DEAP:S06,T21,1,6.28,2,1,0,1,unexposed,stimulus_absolute,train,0.01,0.4710059666731704,0.5289940333268296
DEAP:S06:T27,DEAP:S06,T27,1,5.08,2,1,0,1,unexposed,stimulus_absolute,train,0.01,0.4522876044247506,0.5477123955752494
DEAP:S06:T35,DEAP:S06,T35,0,3.96,2,1,0,1,unexposed,stimulus_absolute,train,0.01,0.45042465428316825,0.5495753457168318
DEAP:S06:T36,DEAP:S06,T36,1,5.71,2,1,0,1,unexposed,stimulus_absolute,train,0.01,0.43195821420201297,0.568041785797987
DEAP:S06:T37,DEAP:S06,T37,0,4.83,2,1,0,1,unexposed,stimulus_absolute,train,0.01,0.4641531473308136,0.5358468526691864
DEAP:S06:T40,DEAP:S06,T40,0,4.85,2,1,0,1,unexposed,stimulus_absolute,train,0.01,0.4609133368226187,0.5390866631773813
DEAP:S07:T06,DEAP:S07,T06,1,6.97,2,1,0,1,unexposed,stimulus_absolute,train,0.01,0.3535311915666798,0.6464688084333202
DEAP:S07:T07,DEAP:S07,T07,1,7.08,2,1,0,1,unexposed,stimulus_absolute,train,0.01,0.38801144692977485,0.6119885530702251
DEAP:S07:T09,DEAP:S07,T09,1,6.99,2,1,0,1,unexposed,stimulus_absolute,train,0.01,0.38072362254622916,0.6192763774537708
DEAP:S07:T13,DEAP:S07,T13,1,8.0,2,1,0,1,unexposed,stimulus_absolute,train,0.01,0.37305831189114447,0.6269416881088555
DEAP:S07:T14,DEAP:S07,T14,1,7.09,2,1,0,1,unexposed,stimulus_absolute,train,0.01,0.3751296746025765,0.6248703253974235
DEAP:S07:T15,DEAP:S07,T15,1,7.99,2,1,0,1,unexposed,stimulus_absolute,train,0.01,0.3667020951525104,0.6332979048474896
DEAP:S07:T16,DEAP:S07,T16,0,3.03,2,1,0,1,unexposed,stimulus_absolute,train,0.01,0.4090641499793347,0.5909358500206653
DEAP:S07:T21,DEAP:S07,T21,0,3.12,2,1,0,1,unexposed,stimulus_absolute,train,0.01,0.42519440527505414,0.5748055947249459
DEAP:S07:T27,DEAP:S07,T27,1,6.09,2,1,0,1,unexposed,stimulus_absolute,train,0.01,0.40064582773878965,0.5993541722612103
DEAP:S07:T35,DEAP:S07,T35,1,5.01,2,1,0,1,unexposed,stimulus_absolute,train,0.01,0.40756194945217794,0.5924380505478221
DEAP:S07:T36,DEAP:S07,T36,1,8.1,2,1,0,1,unexposed,stimulus_absolute,train,0.01,0.37657951599692696,0.623420484003073
DEAP:S07:T37,DEAP:S07,T37,1,5.05,2,1,0,1,unexposed,stimulus_absolute,train,0.01,0.3945695047145198,0.6054304952854802
DEAP:S07:T40,DEAP:S07,T40,1,7.01,2,1,0,1,unexposed,stimulus_absolute,train,0.01,0.42140564154423465,0.5785943584557653
DEAP:S08:T06,DEAP:S08,T06,1,7.4,2,1,0,1,unexposed,stimulus_absolute,train,0.01,0.49394822538031946,0.5060517746196805
DEAP:S08:T07,DEAP:S08,T07,1,5.04,2,1,0,1,unexposed,stimulus_absolute,train,0.01,0.47204761524099814,0.5279523847590019
DEAP:S08:T09,DEAP:S08,T09,1,8.78,2,1,0,1,unexposed,stimulus_absolute,train,0.01,0.4392235026340281,0.5607764973659719
DEAP:S08:T13,DEAP:S08,T13,1,7.9,2,1,0,1,unexposed,stimulus_absolute,train,0.01,0.41402233783942766,0.5859776621605723
DEAP:S08:T14,DEAP:S08,T14,1,6.88,2,1,0,1,unexposed,stimulus_absolute,train,0.01,0.4779238853656632,0.5220761146343368
DEAP:S08:T15,DEAP:S08,T15,1,8.33,2,1,0,1,unexposed,stimulus_absolute,train,0.01,0.4682674516859947,0.5317325483140053
DEAP:S08:T16,DEAP:S08,T16,0,4.21,2,1,0,1,unexposed,stimulus_absolute,train,0.01,0.559230768331737,0.440769231668263
DEAP:S08:T17,DEAP:S08,T17,1,6.67,2,1,0,1,unexposed,stimulus_absolute,train,0.01,0.5287679560266779,0.4712320439733221
DEAP:S08:T20,DEAP:S08,T20,1,6.74,2,1,0,1,unexposed,stimulus_absolute,train,0.01,0.45387926660017397,0.546120733399826
DEAP:S08:T21,DEAP:S08,T21,0,4.68,2,1,0,1,unexposed,stimulus_absolute,train,0.01,0.5061333602395509,0.4938666397604491
DEAP:S08:T27,DEAP:S08,T27,0,4.46,2,1,0,1,unexposed,stimulus_absolute,train,0.01,0.4512155521419209,0.5487844478580791
DEAP:S08:T35,DEAP:S08,T35,0,3.62,2,1,0,1,unexposed,stimulus_absolute,train,0.01,0.5081748045509752,0.4918251954490248
DEAP:S08:T36,DEAP:S08,T36,0,1.21,2,1,0,1,unexposed,stimulus_absolute,train,0.01,0.42205964577706123,0.5779403542229388
DEAP:S08:T37,DEAP:S08,T37,1,5.06,2,1,0,1,unexposed,stimulus_absolute,train,0.01,0.4844074470204488,0.5155925529795512
DEAP:S08:T38,DEAP:S08,T38,0,4.72,2,1,0,1,unexposed,stimulus_absolute,train,0.01,0.4447631035128148,0.5552368964871852
DEAP:S08:T40,DEAP:S08,T40,0,3.13,2,1,0,1,unexposed,stimulus_absolute,train,0.01,0.5319228317896252,0.4680771682103748
DEAP:S09:T06,DEAP:S09,T06,1,7.04,2,1,0,1,unexposed,stimulus_absolute,train,0.01,0.4865771397620501,0.5134228602379499
DEAP:S09:T07,DEAP:S09,T07,1,5.08,2,1,0,1,unexposed,stimulus_absolute,train,0.01,0.5070466583257874,0.49295334167421256
DEAP:S09:T13,DEAP:S09,T13,1,8.15,2,1,0,1,unexposed,stimulus_absolute,train,0.01,0.5172060027698725,0.4827939972301275
DEAP:S09:T14,DEAP:S09,T14,1,7.0,2,1,0,1,unexposed,stimulus_absolute,train,0.01,0.4770951428576592,0.5229048571423408
DEAP:S09:T15,DEAP:S09,T15,1,6.21,2,1,0,1,unexposed,stimulus_absolute,train,0.01,0.5257129433008112,0.47428705669918886
DEAP:S09:T16,DEAP:S09,T16,0,4.05,2,1,0,1,unexposed,stimulus_absolute,train,0.01,0.540018493735357,0.45998150626464296
DEAP:S09:T17,DEAP:S09,T17,1,6.03,2,1,0,1,unexposed,stimulus_absolute,train,0.01,0.47990155177973737,0.5200984482202626
DEAP:S09:T20,DEAP:S09,T20,1,5.12,2,1,0,1,unexposed,stimulus_absolute,train,0.01,0.49529018296472493,0.5047098170352751
DEAP:S09:T21,DEAP:S09,T21,0,4.04,2,1,0,1,unexposed,stimulus_absolute,train,0.01,0.6045909949903768,0.39540900500962317
DEAP:S09:T27,DEAP:S09,T27,1,5.04,2,1,0,1,unexposed,stimulus_absolute,train,0.01,0.4577053535255353,0.5422946464744647
DEAP:S09:T35,DEAP:S09,T35,0,3.01,2,1,0,1,unexposed,stimulus_absolute,train,0.01,0.5004169210566571,0.4995830789433429
DEAP:S09:T36,DEAP:S09,T36,0,3.08,2,1,0,1,unexposed,stimulus_absolute,train,0.01,0.5366996454785244,0.46330035452147555
DEAP:S09:T37,DEAP:S09,T37,0,2.99,2,1,0,1,unexposed,stimulus_absolute,train,0.01,0.5359925046550542,0.46400749534494584
DEAP:S09:T38,DEAP:S09,T38,0,2.92,2,1,0,1,unexposed,stimulus_absolute,train,0.01,0.4831763432341345,0.5168236567658655
DEAP:S09:T40,DEAP:S09,T40,1,5.04,2,1,0,1,unexposed,stimulus_absolute,train,0.01,0.5427528142219682,0.45724718577803186
DEAP:S10:T06,DEAP:S10,T06,1,7.1,2,1,0,1,unexposed,stimulus_absolute,train,0.01,0.5325348432414843,0.4674651567585158
DEAP:S10:T07,DEAP:S10,T07,1,8.96,2,1,0,1,unexposed,stimulus_absolute,train,0.01,0.47615468934848415,0.5238453106515158
DEAP:S10:T09,DEAP:S10,T09,1,7.56,2,1,0,1,unexposed,stimulus_absolute,train,0.01,0.5563333694495222,0.44366663055047784
DEAP:S10:T13,DEAP:S10,T13,1,6.72,2,1,0,1,unexposed,stimulus_absolute,train,0.01,0.5616847837598729,0.43831521624012715
DEAP:S10:T14,DEAP:S10,T14,1,8.81,2,1,0,1,unexposed,stimulus_absolute,train,0.01,0.5447462682571858,0.45525373174281425
DEAP:S10:T15,DEAP:S10,T15,1,5.31,2,1,0,1,unexposed,stimulus_absolute,train,0.01,0.5691845637512779,0.4308154362487221
DEAP:S10:T16,DEAP:S10,T16,0,3.85,2,1,0,1,unexposed,stimulus_absolute,train,0.01,0.5916654203307972,0.40833457966920284
DEAP:S10:T17,DEAP:S10,T17,0,4.95,2,1,0,1,unexposed,stimulus_absolute,train,0.01,0.5563618092251145,0.44363819077488553
DEAP:S10:T20,DEAP:S10,T20,1,5.58,2,1,0,1,unexposed,stimulus_absolute,train,0.01,0.5731478083717068,0.4268521916282932
DEAP:S10:T21,DEAP:S10,T21,0,2.97,2,1,0,1,unexposed,stimulus_absolute,train,0.01,0.579170892489727,0.420829107510273
DEAP:S10:T27,DEAP:S10,T27,0,4.94,2,1,0,1,unexposed,stimulus_absolute,train,0.01,0.5662261641951096,0.4337738358048903
DEAP:S10:T35,DEAP:S10,T35,0,1.38,2,1,0,1,unexposed,stimulus_absolute,train,0.01,0.5729077279343413,0.4270922720656587
DEAP:S10:T37,DEAP:S10,T37,0,2.92,2,1,0,1,unexposed,stimulus_absolute,train,0.01,0.5734561254573252,0.4265438745426748
DEAP:S10:T38,DEAP:S10,T38,0,1.91,2,1,0,1,unexposed,stimulus_absolute,train,0.01,0.5720360865946603,0.4279639134053396
DEAP:S10:T40,DEAP:S10,T40,1,5.78,2,1,0,1,unexposed,stimulus_absolute,train,0.01,0.5721821454119513,0.42781785458804866
DEAP:S12:T06,DEAP:S12,T06,1,6.65,2,1,0,1,unexposed,stimulus_absolute,train,0.01,0.5040881048729848,0.4959118951270151
DEAP:S12:T07,DEAP:S12,T07,1,6.77,2,1,0,1,unexposed,stimulus_absolute,train,0.01,0.5186161205263364,0.48138387947366357
DEAP:S12:T09,DEAP:S12,T09,1,7.95,2,1,0,1,unexposed,stimulus_absolute,train,0.01,0.5212396110410067,0.4787603889589933
DEAP:S12:T13,DEAP:S12,T13,1,7.99,2,1,0,1,unexposed,stimulus_absolute,train,0.01,0.4776748313947037,0.5223251686052963
DEAP:S12:T14,DEAP:S12,T14,1,8.15,2,1,0,1,unexposed,stimulus_absolute,train,0.01,0.5121994914050265,0.4878005085949735
DEAP:S12:T15,DEAP:S12,T15,1,7.08,2,1,0,1,unexposed,stimulus_absolute,train,0.01,0.48502042347137275,0.5149795765286272
DEAP:S12:T16,DEAP:S12,T16,1,5.04,2,1,0,1,unexposed,stimulus_absolute,train,0.01,0.526948491245476,0.47305150875452395
DEAP:S12:T17,DEAP:S12,T17,0,4.86,2,1,0,1,unexposed,stimulus_absolute,train,0.01,0.5096207100006902,0.49037928999930985
DEAP:S12:T20,DEAP:S12,T20,1,7.35,2,1,0,1,unexposed,stimulus_absolute,train,0.01,0.5297881528347561,0.47021184716524395
DEAP:S12:T21,DEAP:S12,T21,0,2.13,2,1,0,1,unexposed,stimulus_absolute,train,0.01,0.5200918739287659,0.4799081260712341
DEAP:S12:T27,DEAP:S12,T27,1,5.05,2,1,0,1,unexposed,stimulus_absolute,train,0.01,0.46564308977849345,0.5343569102215066
DEAP:S12:T35,DEAP:S12,T35,0,1.22,2,1,0,1,unexposed,stimulus_absolute,train,0.01,0.5148242101187183,0.48517578988128174
DEAP:S12:T36,DEAP:S12,T36,0,2.82,2,1,0,1,unexposed,stimulus_absolute,train,0.01,0.5203668907945042,0.47963310920549584
DEAP:S12:T37,DEAP:S12,T37,0,1.0,2,1,0,1,unexposed,stimulus_absolute,train,0.01,0.5069078267037151,0.49309217329628485
DEAP:S12:T38,DEAP:S12,T38,0,2.85,2,1,0,1,unexposed,stimulus_absolute,train,0.01,0.5032234826099654,0.4967765173900346
DEAP:S12:T40,DEAP:S12,T40,1,6.81,2,1,0,1,unexposed,stimulus_absolute,train,0.01,0.5261437936769203,0.4738562063230797
DEAP:S13:T06,DEAP:S13,T06,0,4.46,2,1,0,1,unexposed,stimulus_absolute,train,0.01,0.5676547930621101,0.43234520693788997
DEAP:S13:T07,DEAP:S13,T07,0,2.99,2,1,0,1,unexposed,stimulus_absolute,train,0.01,0.5820476956077244,0.4179523043922756
DEAP:S13:T09,DEAP:S13,T09,1,7.06,2,1,0,1,unexposed,stimulus_absolute,train,0.01,0.5721224024322769,0.4278775975677231
DEAP:S13:T13,DEAP:S13,T13,1,9.0,2,1,0,1,unexposed,stimulus_absolute,train,0.01,0.577883771267239,0.422116228732761
DEAP:S13:T14,DEAP:S13,T14,1,7.97,2,1,0,1,unexposed,stimulus_absolute,train,0.01,0.572021466316713,0.427978533683287
DEAP:S13:T15,DEAP:S13,T15,0,4.94,2,1,0,1,unexposed,stimulus_absolute,train,0.01,0.569104216747679,0.4308957832523211
DEAP:S13:T17,DEAP:S13,T17,1,5.99,2,1,0,1,unexposed,stimulus_absolute,train,0.01,0.574695933752488,0.425304066247512
DEAP:S13:T20,DEAP:S13,T20,1,7.6,2,1,0,1,unexposed,stimulus_absolute,train,0.01,0.5624107733498669,0.43758922665013317
DEAP:S13:T21,DEAP:S13,T21,0,2.0,2,1,0,1,unexposed,stimulus_absolute,train,0.01,0.6026620012642925,0.39733799873570746
DEAP:S13:T27,DEAP:S13,T27,1,5.47,2,1,0,1,unexposed,stimulus_absolute,train,0.01,0.5700153599463837,0.4299846400536162
DEAP:S13:T36,DEAP:S13,T36,0,2.54,2,1,0,1,unexposed,stimulus_absolute,train,0.01,0.5907111451863623,0.4092888548136377
DEAP:S13:T37,DEAP:S13,T37,0,1.0,2,1,0,1,unexposed,stimulus_absolute,train,0.01,0.5677684099960782,0.4322315900039217
DEAP:S13:T38,DEAP:S13,T38,0,1.0,2,1,0,1,unexposed,stimulus_absolute,train,0.01,0.5776831421638516,0.42231685783614836
DEAP:S15:T06,DEAP:S15,T06,1,9.0,2,1,0,1,unexposed,stimulus_absolute,train,0.01,0.4719050729613379,0.5280949270386621
DEAP:S15:T07,DEAP:S15,T07,1,5.04,2,1,0,1,unexposed,stimulus_absolute,train,0.01,0.5425180708610362,0.4574819291389638
DEAP:S15:T09,DEAP:S15,T09,1,9.0,2,1,0,1,unexposed,stimulus_absolute,train,0.01,0.43862381009556206,0.5613761899044379
DEAP:S15:T14,DEAP:S15,T14,1,8.15,2,1,0,1,unexposed,stimulus_absolute,train,0.01,0.49234285176887793,0.5076571482311221
DEAP:S15:T15,DEAP:S15,T15,1,8.12,2,1,0,1,unexposed,stimulus_absolute,train,0.01,0.5309884016335537,0.46901159836644635
DEAP:S15:T16,DEAP:S15,T16,0,4.17,2,1,0,1,unexposed,stimulus_absolute,train,0.01,0.5376130859394681,0.46238691406053184
DEAP:S15:T17,DEAP:S15,T17,1,8.1,2,1,0,1,unexposed,stimulus_absolute,train,0.01,0.47283889181738237,0.5271611081826176
DEAP:S15:T20,DEAP:S15,T20,1,7.97,2,1,0,1,unexposed,stimulus_absolute,train,0.01,0.4620414485249015,0.5379585514750985
DEAP:S15:T21,DEAP:S15,T21,0,3.09,2,1,0,1,unexposed,stimulus_absolute,train,0.01,0.5403747805496872,0.45962521945031276
DEAP:S15:T27,DEAP:S15,T27,1,6.0,2,1,0,1,unexposed,stimulus_absolute,train,0.01,0.5217049240262159,0.4782950759737841
DEAP:S15:T35,DEAP:S15,T35,1,5.05,2,1,0,1,unexposed,stimulus_absolute,train,0.01,0.5389184766082573,0.4610815233917427
DEAP:S15:T36,DEAP:S15,T36,0,3.96,2,1,0,1,unexposed,stimulus_absolute,train,0.01,0.5187387054799817,0.48126129452001837
DEAP:S15:T37,DEAP:S15,T37,0,3.04,2,1,0,1,unexposed,stimulus_absolute,train,0.01,0.508651373707936,0.491348626292064
DEAP:S15:T38,DEAP:S15,T38,0,2.08,2,1,0,1,unexposed,stimulus_absolute,train,0.01,0.5397669075253435,0.46023309247465655
DEAP:S15:T40,DEAP:S15,T40,0,4.01,2,1,0,1,unexposed,stimulus_absolute,train,0.01,0.4884660870123809,0.5115339129876191
DEAP:S18:T06,DEAP:S18,T06,1,6.51,2,1,0,1,unexposed,stimulus_absolute,train,0.01,0.4454823372872475,0.5545176627127525
DEAP:S18:T07,DEAP:S18,T07,1,7.33,2,1,0,1,unexposed,stimulus_absolute,train,0.01,0.4101187684363733,0.5898812315636267
DEAP:S18:T13,DEAP:S18,T13,1,7.33,2,1,0,1,unexposed,stimulus_absolute,train,0.01,0.40559974615220373,0.5944002538477963
DEAP:S18:T14,DEAP:S18,T14,1,6.62,2,1,0,1,unexposed,stimulus_absolute,train,0.01,0.40893350977013454,0.5910664902298655
DEAP:S18:T15,DEAP:S18,T15,1,6.04,2,1,0,1,unexposed,stimulus_absolute,train,0.01,0.4455733895006534,0.5544266104993466
DEAP:S18:T16,DEAP:S18,T16,0,4.38,2,1,0,1,unexposed,stimulus_absolute,train,0.01,0.4239768491793289,0.5760231508206711
DEAP:S18:T17,DEAP:S18,T17,1,7.74,2,1,0,1,unexposed,stimulus_absolute,train,0.01,0.39821405294826684,0.6017859470517332
DEAP:S18:T21,DEAP:S18,T21,0,3.92,2,1,0,1,unexposed,stimulus_absolute,train,0.01,0.4671836024826659,0.5328163975173341
DEAP:S18:T27,DEAP:S18,T27,1,5.94,2,1,0,1,unexposed,stimulus_absolute,train,0.01,0.4214881106924576,0.5785118893075424
DEAP:S18:T35,DEAP:S18,T35,1,5.12,2,1,0,1,unexposed,stimulus_absolute,train,0.01,0.4307314956740962,0.5692685043259038
DEAP:S18:T36,DEAP:S18,T36,1,5.24,2,1,0,1,unexposed,stimulus_absolute,train,0.01,0.44350911060587883,0.5564908893941212
DEAP:S18:T37,DEAP:S18,T37,0,4.0,2,1,0,1,unexposed,stimulus_absolute,train,0.01,0.4411607711290314,0.5588392288709686
DEAP:S18:T38,DEAP:S18,T38,0,4.51,2,1,0,1,unexposed,stimulus_absolute,train,0.01,0.454673986219711,0.545326013780289
DEAP:S19:T06,DEAP:S19,T06,1,7.73,2,1,0,1,unexposed,stimulus_absolute,train,0.01,0.5342727027562683,0.46572729724373174
DEAP:S19:T07,DEAP:S19,T07,1,6.64,2,1,0,1,unexposed,stimulus_absolute,train,0.01,0.5516230830960114,0.44837691690398856
DEAP:S19:T09,DEAP:S19,T09,1,7.09,2,1,0,1,unexposed,stimulus_absolute,train,0.01,0.5684598655503745,0.4315401344496255
DEAP:S19:T13,DEAP:S19,T13,1,7.53,2,1,0,1,unexposed,stimulus_absolute,train,0.01,0.5550169698123522,0.44498303018764784
DEAP:S19:T14,DEAP:S19,T14,1,6.76,2,1,0,1,unexposed,stimulus_absolute,train,0.01,0.5825767701678739,0.4174232298321261
DEAP:S19:T15,DEAP:S19,T15,1,5.68,2,1,0,1,unexposed,stimulus_absolute,train,0.01,0.5515193497324984,0.4484806502675016
DEAP:S19:T16,DEAP:S19,T16,0,3.24,2,1,0,1,unexposed,stimulus_absolute,train,0.01,0.6272693294990965,0.3727306705009034
DEAP:S19:T17,DEAP:S19,T17,1,7.38,2,1,0,1,unexposed,stimulus_absolute,train,0.01,0.592627902223714,0.407372097776286
DEAP:S19:T20,DEAP:S19,T20,1,6.13,2,1,0,1,unexposed,stimulus_absolute,train,0.01,0.5915641163188976,0.40843588368110234
DEAP:S19:T27,DEAP:S19,T27,0,4.97,2,1,0,1,unexposed,stimulus_absolute,train,0.01,0.5519388341882103,0.4480611658117896
DEAP:S19:T35,DEAP:S19,T35,0,3.21,2,1,0,1,unexposed,stimulus_absolute,train,0.01,0.5732274395801247,0.42677256041987527
DEAP:S19:T36,DEAP:S19,T36,0,3.71,2,1,0,1,unexposed,stimulus_absolute,train,0.01,0.5951202093259567,0.40487979067404334
DEAP:S19:T37,DEAP:S19,T37,0,3.15,2,1,0,1,unexposed,stimulus_absolute,train,0.01,0.5658389561847212,0.4341610438152788
DEAP:S19:T38,DEAP:S19,T38,0,1.62,2,1,0,1,unexposed,stimulus_absolute,train,0.01,0.5766236145606365,0.4233763854393635
DEAP:S19:T40,DEAP:S19,T40,0,4.24,2,1,0,1,unexposed,stimulus_absolute,train,0.01,0.5520417828349498,0.4479582171650502
DEAP:S20:T06,DEAP:S20,T06,1,7.62,2,1,0,1,unexposed,stimulus_absolute,train,0.01,0.47392794911232317,0.5260720508876768
DEAP:S20:T07,DEAP:S20,T07,1,5.27,2,1,0,1,unexposed,stimulus_absolute,train,0.01,0.48669254970825615,0.5133074502917438
DEAP:S20:T09,DEAP:S20,T09,1,8.22,2,1,0,1,unexposed,stimulus_absolute,train,0.01,0.4381823365035594,0.5618176634964406
DEAP:S20:T13,DEAP:S20,T13,1,7.91,2,1,0,1,unexposed,stimulus_absolute,train,0.01,0.4640824586171337,0.5359175413828663
DEAP:S20:T14,DEAP:S20,T14,1,6.4,2,1,0,1,unexposed,stimulus_absolute,train,0.01,0.44856631207846,0.55143368792154
DEAP:S20:T15,DEAP:S20,T15,1,6.35,2,1,0,1,unexposed,stimulus_absolute,train,0.01,0.45726002925794973,0.5427399707420503
DEAP:S20:T16,DEAP:S20,T16,1,5.03,2,1,0,1,unexposed,stimulus_absolute,train,0.01,0.4628674212438836,0.5371325787561164
DEAP:S20:T17,DEAP:S20,T17,1,5.04,2,1,0,1,unexposed,stimulus_absolute,train,0.01,0.4515869992799997,0.5484130007200003
DEAP:S20:T20,DEAP:S20,T20,1,6.65,2,1,0,1,unexposed,stimulus_absolute,train,0.01,0.46727663808105624,0.5327233619189438
DEAP:S20:T27,DEAP:S20,T27,1,5.03,2,1,0,1,unexposed,stimulus_absolute,train,0.01,0.4620851958839899,0.5379148041160101
DEAP:S20:T35,DEAP:S20,T35,0,4.35,2,1,0,1,unexposed,stimulus_absolute,train,0.01,0.4860592649631116,0.5139407350368884
DEAP:S20:T36,DEAP:S20,T36,0,4.29,2,1,0,1,unexposed,stimulus_absolute,train,0.01,0.4869463991990879,0.5130536008009121
DEAP:S20:T37,DEAP:S20,T37,0,3.01,2,1,0,1,unexposed,stimulus_absolute,train,0.01,0.4740559551538953,0.5259440448461047
DEAP:S20:T38,DEAP:S20,T38,0,3.38,2,1,0,1,unexposed,stimulus_absolute,train,0.01,0.4702782006554054,0.5297217993445946
DEAP:S20:T40,DEAP:S20,T40,0,4.94,2,1,0,1,unexposed,stimulus_absolute,train,0.01,0.46451875629553474,0.5354812437044653
DEAP:S22:T06,DEAP:S22,T06,0,4.97,2,1,0,1,unexposed,stimulus_absolute,train,0.01,0.5118337396249278,0.48816626037507216
DEAP:S22:T07,DEAP:S22,T07,1,6.03,2,1,0,1,unexposed,stimulus_absolute,train,0.01,0.5155299977480357,0.48447000225196435
DEAP:S22:T09,DEAP:S22,T09,1,9.0,2,1,0,1,unexposed,stimulus_absolute,train,0.01,0.46580831948505563,0.5341916805149444
DEAP:S22:T13,DEAP:S22,T13,1,7.01,2,1,0,1,unexposed,stimulus_absolute,train,0.01,0.4711928106647253,0.5288071893352747
DEAP:S22:T14,DEAP:S22,T14,1,8.05,2,1,0,1,unexposed,stimulus_absolute,train,0.01,0.5036461300203374,0.4963538699796625
DEAP:S22:T16,DEAP:S22,T16,1,6.06,2,1,0,1,unexposed,stimulus_absolute,train,0.01,0.44916850967698063,0.5508314903230194
DEAP:S22:T17,DEAP:S22,T17,1,5.04,2,1,0,1,unexposed,stimulus_absolute,train,0.01,0.4776803610256162,0.5223196389743838
DEAP:S22:T20,DEAP:S22,T20,1,7.08,2,1,0,1,unexposed,stimulus_absolute,train,0.01,0.517680484658813,0.482319515341187
DEAP:S22:T21,DEAP:S22,T21,0,2.97,2,1,0,1,unexposed,stimulus_absolute,train,0.01,0.4912996329585638,0.5087003670414362
DEAP:S22:T27,DEAP:S22,T27,1,7.06,2,1,0,1,unexposed,stimulus_absolute,train,0.01,0.5131766490747147,0.48682335092528534
DEAP:S22:T35,DEAP:S22,T35,0,1.99,2,1,0,1,unexposed,stimulus_absolute,train,0.01,0.5192636929406949,0.4807363070593052
DEAP:S22:T37,DEAP:S22,T37,0,1.0,2,1,0,1,unexposed,stimulus_absolute,train,0.01,0.4891869563706498,0.5108130436293502
DEAP:S22:T38,DEAP:S22,T38,0,1.0,2,1,0,1,unexposed,stimulus_absolute,train,0.01,0.5293320266593848,0.47066797334061516
DEAP:S22:T40,DEAP:S22,T40,0,2.97,2,1,0,1,unexposed,stimulus_absolute,train,0.01,0.46797047035343176,0.5320295296465682
DEAP:S24:T06,DEAP:S24,T06,1,5.96,2,1,0,1,unexposed,stimulus_absolute,train,0.01,0.5753852320176964,0.4246147679823036
DEAP:S24:T07,DEAP:S24,T07,0,3.04,2,1,0,1,unexposed,stimulus_absolute,train,0.01,0.5688245574736832,0.43117544252631684
DEAP:S24:T09,DEAP:S24,T09,1,7.08,2,1,0,1,unexposed,stimulus_absolute,train,0.01,0.5714905536406808,0.4285094463593192
DEAP:S24:T13,DEAP:S24,T13,1,8.0,2,1,0,1,unexposed,stimulus_absolute,train,0.01,0.5689716943381975,0.43102830566180245
DEAP:S24:T14,DEAP:S24,T14,1,8.05,2,1,0,1,unexposed,stimulus_absolute,train,0.01,0.5628522980055123,0.4371477019944877
DEAP:S24:T15,DEAP:S24,T15,1,6.0,2,1,0,1,unexposed,stimulus_absolute,train,0.01,0.5823336745264505,0.4176663254735495
DEAP:S24:T16,DEAP:S24,T16,0,4.0,2,1,0,1,unexposed,stimulus_absolute,train,0.01,0.5904562113403464,0.4095437886596536
DEAP:S24:T17,DEAP:S24,T17,0,4.08,2,1,0,1,unexposed,stimulus_absolute,train,0.01,0.579357625046044,0.42064237495395596
DEAP:S24:T20,DEAP:S24,T20,0,4.03,2,1,0,1,unexposed,stimulus_absolute,train,0.01,0.5944244151998945,0.40557558480010547
DEAP:S24:T21,DEAP:S24,T21,0,1.96,2,1,0,1,unexposed,stimulus_absolute,train,0.01,0.5912188856682523,0.40878111433174774
DEAP:S24:T27,DEAP:S24,T27,1,6.08,2,1,0,1,unexposed,stimulus_absolute,train,0.01,0.6038452258800205,0.39615477411997946
DEAP:S24:T36,DEAP:S24,T36,0,4.0,2,1,0,1,unexposed,stimulus_absolute,train,0.01,0.6044588445607716,0.3955411554392284
DEAP:S24:T37,DEAP:S24,T37,0,4.0,2,1,0,1,unexposed,stimulus_absolute,train,0.01,0.5788707428804603,0.42112925711953975
DEAP:S24:T38,DEAP:S24,T38,0,2.03,2,1,0,1,unexposed,stimulus_absolute,train,0.01,0.577365226297681,0.42263477370231906
DEAP:S26:T06,DEAP:S26,T06,1,8.09,2,1,0,1,unexposed,stimulus_absolute,train,0.01,0.3581933727246668,0.6418066272753332
DEAP:S26:T07,DEAP:S26,T07,1,6.08,2,1,0,1,unexposed,stimulus_absolute,train,0.01,0.3817758735408656,0.6182241264591344
DEAP:S26:T09,DEAP:S26,T09,1,8.05,2,1,0,1,unexposed,stimulus_absolute,train,0.01,0.3793959191816417,0.6206040808183583
DEAP:S26:T13,DEAP:S26,T13,1,7.12,2,1,0,1,unexposed,stimulus_absolute,train,0.01,0.3484180110546947,0.6515819889453053
DEAP:S26:T14,DEAP:S26,T14,1,9.0,2,1,0,1,unexposed,stimulus_absolute,train,0.01,0.3642638137721125,0.6357361862278875
DEAP:S26:T15,DEAP:S26,T15,1,7.01,2,1,0,1,unexposed,stimulus_absolute,train,0.01,0.3974896113982058,0.6025103886017942
DEAP:S26:T16,DEAP:S26,T16,1,6.19,2,1,0,1,unexposed,stimulus_absolute,train,0.01,0.3873984435401048,0.6126015564598952
DEAP:S26:T17,DEAP:S26,T17,1,5.04,2,1,0,1,unexposed,stimulus_absolute,train,0.01,0.3753361325551565,0.6246638674448435
DEAP:S26:T20,DEAP:S26,T20,1,8.08,2,1,0,1,unexposed,stimulus_absolute,train,0.01,0.38322489834694795,0.616775101653052
DEAP:S26:T21,DEAP:S26,T21,1,6.06,2,1,0,1,unexposed,stimulus_absolute,train,0.01,0.36571956344455436,0.6342804365554456
DEAP:S26:T27,DEAP:S26,T27,1,6.0,2,1,0,1,unexposed,stimulus_absolute,train,0.01,0.3654258219763227,0.6345741780236773
DEAP:S26:T37,DEAP:S26,T37,0,1.0,2,1,0,1,unexposed,stimulus_absolute,train,0.01,0.38447206334383044,0.6155279366561696
DEAP:S26:T40,DEAP:S26,T40,0,3.06,2,1,0,1,unexposed,stimulus_absolute,train,0.01,0.39292136635989905,0.607078633640101
DEAP:S27:T06,DEAP:S27,T06,1,7.0,2,1,0,1,unexposed,stimulus_absolute,train,0.01,0.4886247882818916,0.5113752117181084
DEAP:S27:T09,DEAP:S27,T09,1,8.99,2,1,0,1,unexposed,stimulus_absolute,train,0.01,0.4827644237794735,0.5172355762205265
DEAP:S27:T13,DEAP:S27,T13,1,7.01,2,1,0,1,unexposed,stimulus_absolute,train,0.01,0.46835434659107933,0.5316456534089207
DEAP:S27:T14,DEAP:S27,T14,1,8.06,2,1,0,1,unexposed,stimulus_absolute,train,0.01,0.470856576282788,0.529143423717212
DEAP:S27:T15,DEAP:S27,T15,1,5.04,2,1,0,1,unexposed,stimulus_absolute,train,0.01,0.4447124993272553,0.5552875006727447
DEAP:S27:T16,DEAP:S27,T16,1,8.06,2,1,0,1,unexposed,stimulus_absolute,train,0.01,0.4848400490433077,0.5151599509566923
DEAP:S27:T17,DEAP:S27,T17,1,9.0,2,1,0,1,unexposed,stimulus_absolute,train,0.01,0.4733799924545974,0.5266200075454026
DEAP:S27:T20,DEAP:S27,T20,1,6.97,2,1,0,1,unexposed,stimulus_absolute,train,0.01,0.48045660981996063,0.5195433901800394
DEAP:S27:T21,DEAP:S27,T21,1,9.0,2,1,0,1,unexposed,stimulus_absolute,train,0.01,0.4902608535210029,0.5097391464789971
DEAP:S27:T35,DEAP:S27,T35,0,1.0,2,1,0,1,unexposed,stimulus_absolute,train,0.01,0.48161009700582136,0.5183899029941786
DEAP:S27:T36,DEAP:S27,T36,1,6.13,2,1,0,1,unexposed,stimulus_absolute,train,0.01,0.4802033779272884,0.5197966220727116
DEAP:S27:T37,DEAP:S27,T37,0,2.99,2,1,0,1,unexposed,stimulus_absolute,train,0.01,0.47960660916598885,0.5203933908340111
DEAP:S27:T38,DEAP:S27,T38,0,1.0,2,1,0,1,unexposed,stimulus_absolute,train,0.01,0.5073265678521892,0.49267343214781073
DEAP:S27:T40,DEAP:S27,T40,1,5.04,2,1,0,1,unexposed,stimulus_absolute,train,0.01,0.4749630718351785,0.5250369281648215
DEAP:S28:T06,DEAP:S28,T06,1,8.15,2,1,0,1,unexposed,stimulus_absolute,train,0.01,0.45682332426979066,0.5431766757302093
DEAP:S28:T07,DEAP:S28,T07,1,8.09,2,1,0,1,unexposed,stimulus_absolute,train,0.01,0.4608135680773495,0.5391864319226505
DEAP:S28:T09,DEAP:S28,T09,1,5.04,2,1,0,1,unexposed,stimulus_absolute,train,0.01,0.4518353910191246,0.5481646089808754
DEAP:S28:T13,DEAP:S28,T13,0,2.09,2,1,0,1,unexposed,stimulus_absolute,train,0.01,0.4652188473760044,0.5347811526239956
DEAP:S28:T14,DEAP:S28,T14,1,8.03,2,1,0,1,unexposed,stimulus_absolute,train,0.01,0.45506279088025314,0.5449372091197469
DEAP:S28:T15,DEAP:S28,T15,1,5.04,2,1,0,1,unexposed,stimulus_absolute,train,0.01,0.4634641236733057,0.5365358763266943
DEAP:S28:T16,DEAP:S28,T16,1,6.91,2,1,0,1,unexposed,stimulus_absolute,train,0.01,0.48536548095184573,0.5146345190481543
DEAP:S28:T17,DEAP:S28,T17,1,6.99,2,1,0,1,unexposed,stimulus_absolute,train,0.01,0.46611059602844884,0.5338894039715512
DEAP:S28:T20,DEAP:S28,T20,1,8.04,2,1,0,1,unexposed,stimulus_absolute,train,0.01,0.4641907412056854,0.5358092587943146
DEAP:S28:T21,DEAP:S28,T21,0,2.01,2,1,0,1,unexposed,stimulus_absolute,train,0.01,0.4824447714474027,0.5175552285525973
DEAP:S28:T27,DEAP:S28,T27,1,6.08,2,1,0,1,unexposed,stimulus_absolute,train,0.01,0.4537351344226176,0.5462648655773824
DEAP:S28:T35,DEAP:S28,T35,0,1.08,2,1,0,1,unexposed,stimulus_absolute,train,0.01,0.4632708298865206,0.5367291701134794
DEAP:S28:T36,DEAP:S28,T36,0,3.08,2,1,0,1,unexposed,stimulus_absolute,train,0.01,0.48137209602792275,0.5186279039720773
DEAP:S28:T37,DEAP:S28,T37,0,1.01,2,1,0,1,unexposed,stimulus_absolute,train,0.01,0.46148533175043793,0.5385146682495621
DEAP:S28:T38,DEAP:S28,T38,0,1.96,2,1,0,1,unexposed,stimulus_absolute,train,0.01,0.4776969622641749,0.5223030377358251
DEAP:S28:T40,DEAP:S28,T40,1,7.1,2,1,0,1,unexposed,stimulus_absolute,train,0.01,0.46371128612845935,0.5362887138715406
DEAP:S29:T06,DEAP:S29,T06,1,8.03,2,1,0,1,unexposed,stimulus_absolute,train,0.01,0.4714854703643956,0.5285145296356044
DEAP:S29:T07,DEAP:S29,T07,1,7.04,2,1,0,1,unexposed,stimulus_absolute,train,0.01,0.4800522109071327,0.5199477890928673
DEAP:S29:T09,DEAP:S29,T09,1,7.06,2,1,0,1,unexposed,stimulus_absolute,train,0.01,0.5122345217123928,0.4877654782876072
DEAP:S29:T14,DEAP:S29,T14,1,8.06,2,1,0,1,unexposed,stimulus_absolute,train,0.01,0.4565363743365526,0.5434636256634474
DEAP:S29:T15,DEAP:S29,T15,0,4.01,2,1,0,1,unexposed,stimulus_absolute,train,0.01,0.48000768592941945,0.5199923140705806
DEAP:S29:T16,DEAP:S29,T16,0,3.0,2,1,0,1,unexposed,stimulus_absolute,train,0.01,0.498695440598966,0.501304559401034
DEAP:S29:T17,DEAP:S29,T17,1,5.08,2,1,0,1,unexposed,stimulus_absolute,train,0.01,0.44575281545338585,0.5542471845466141
DEAP:S29:T20,DEAP:S29,T20,1,8.03,2,1,0,1,unexposed,stimulus_absolute,train,0.01,0.46651647343857716,0.5334835265614228
DEAP:S29:T21,DEAP:S29,T21,0,2.92,2,1,0,1,unexposed,stimulus_absolute,train,0.01,0.5226471276034637,0.47735287239653634
DEAP:S29:T35,DEAP:S29,T35,0,1.92,2,1,0,1,unexposed,stimulus_absolute,train,0.01,0.4834467083506282,0.5165532916493718
DEAP:S29:T36,DEAP:S29,T36,1,5.03,2,1,0,1,unexposed,stimulus_absolute,train,0.01,0.5084243234416328,0.49157567655836715
DEAP:S29:T38,DEAP:S29,T38,0,1.88,2,1,0,1,unexposed,stimulus_absolute,train,0.01,0.49164223074182634,0.5083577692581737
DEAP:S29:T40,DEAP:S29,T40,1,6.01,2,1,0,1,unexposed,stimulus_absolute,train,0.01,0.48056695995851195,0.519433040041488
DEAP:S31:T06,DEAP:S31,T06,0,4.99,2,1,0,1,unexposed,stimulus_absolute,train,0.01,0.34239088314710564,0.6576091168528944
DEAP:S31:T07,DEAP:S31,T07,1,6.05,2,1,0,1,unexposed,stimulus_absolute,train,0.01,0.33102214592261847,0.6689778540773815
DEAP:S31:T09,DEAP:S31,T09,1,6.06,2,1,0,1,unexposed,stimulus_absolute,train,0.01,0.33306472306498114,0.6669352769350189
DEAP:S31:T13,DEAP:S31,T13,1,8.09,2,1,0,1,unexposed,stimulus_absolute,train,0.01,0.33635153585670075,0.6636484641432993
DEAP:S31:T14,DEAP:S31,T14,1,8.06,2,1,0,1,unexposed,stimulus_absolute,train,0.01,0.32841091682650636,0.6715890831734936
DEAP:S31:T15,DEAP:S31,T15,1,6.05,2,1,0,1,unexposed,stimulus_absolute,train,0.01,0.33788013722090304,0.662119862779097
DEAP:S31:T16,DEAP:S31,T16,1,6.09,2,1,0,1,unexposed,stimulus_absolute,train,0.01,0.3456290011142581,0.6543709988857419
DEAP:S31:T20,DEAP:S31,T20,1,6.9,2,1,0,1,unexposed,stimulus_absolute,train,0.01,0.32419564433424497,0.675804355665755
DEAP:S31:T21,DEAP:S31,T21,1,5.09,2,1,0,1,unexposed,stimulus_absolute,train,0.01,0.365157255454029,0.634842744545971
DEAP:S31:T40,DEAP:S31,T40,0,3.99,2,1,0,1,unexposed,stimulus_absolute,train,0.01,0.35762324498117337,0.6423767550188266
DEAP:S32:T06,DEAP:S32,T06,1,5.78,2,1,0,1,unexposed,stimulus_absolute,train,0.01,0.5528419415233383,0.4471580584766616
DEAP:S32:T07,DEAP:S32,T07,0,4.94,2,1,0,1,unexposed,stimulus_absolute,train,0.01,0.5698795791315541,0.4301204208684459
DEAP:S32:T09,DEAP:S32,T09,1,7.86,2,1,0,1,unexposed,stimulus_absolute,train,0.01,0.5135404149549385,0.48645958504506154
DEAP:S32:T13,DEAP:S32,T13,1,7.09,2,1,0,1,unexposed,stimulus_absolute,train,0.01,0.5250193316023013,0.47498066839769865
DEAP:S32:T14,DEAP:S32,T14,1,7.1,2,1,0,1,unexposed,stimulus_absolute,train,0.01,0.5216741549998763,0.47832584500012365
DEAP:S32:T15,DEAP:S32,T15,1,5.01,2,1,0,1,unexposed,stimulus_absolute,train,0.01,0.5384750126766472,0.4615249873233528
DEAP:S32:T16,DEAP:S32,T16,0,3.97,2,1,0,1,unexposed,stimulus_absolute,train,0.01,0.5444925300678168,0.45550746993218316
DEAP:S32:T17,DEAP:S32,T17,1,6.09,2,1,0,1,unexposed,stimulus_absolute,train,0.01,0.5649850202578581,0.4350149797421419
DEAP:S32:T20,DEAP:S32,T20,1,6.03,2,1,0,1,unexposed,stimulus_absolute,train,0.01,0.5166413399408555,0.4833586600591445
DEAP:S32:T21,DEAP:S32,T21,0,4.12,2,1,0,1,unexposed,stimulus_absolute,train,0.01,0.5333357291437169,0.46666427085628315
DEAP:S32:T27,DEAP:S32,T27,1,6.0,2,1,0,1,unexposed,stimulus_absolute,train,0.01,0.5197380971010321,0.4802619028989679
DEAP:S32:T35,DEAP:S32,T35,0,3.88,2,1,0,1,unexposed,stimulus_absolute,train,0.01,0.5977482210305594,0.4022517789694406
DEAP:S32:T36,DEAP:S32,T36,0,3.91,2,1,0,1,unexposed,stimulus_absolute,train,0.01,0.5304137853819135,0.4695862146180865
DEAP:S32:T37,DEAP:S32,T37,0,2.81,2,1,0,1,unexposed,stimulus_absolute,train,0.01,0.5591016861367025,0.4408983138632975
DEAP:S32:T38,DEAP:S32,T38,0,3.05,2,1,0,1,unexposed,stimulus_absolute,train,0.01,0.5836500142502423,0.4163499857497576
DEAP:S32:T40,DEAP:S32,T40,1,7.15,2,1,0,1,unexposed,stimulus_absolute,train,0.01,0.5348234447890119,0.4651765552109881
DEAP:S14:T01,DEAP:S14,T01,1,8.22,2,1,0,1,unexposed,stimulus_absolute,validation_unseen,0.01,0.518151053632625,0.4818489463673749
DEAP:S14:T03,DEAP:S14,T03,1,7.5,2,1,0,1,unexposed,stimulus_absolute,validation_unseen,0.01,0.5247053485122751,0.4752946514877249
DEAP:S14:T05,DEAP:S14,T05,0,3.99,2,1,0,1,unexposed,stimulus_absolute,validation_unseen,0.01,0.567073888968204,0.432926111031796
DEAP:S14:T10,DEAP:S14,T10,0,1.88,2,1,0,1,unexposed,stimulus_absolute,validation_unseen,0.01,0.5523524775727611,0.44764752242723893
DEAP:S14:T12,DEAP:S14,T12,1,7.63,2,1,0,1,unexposed,stimulus_absolute,validation_unseen,0.01,0.5573588367798032,0.4426411632201967
DEAP:S14:T24,DEAP:S14,T24,0,2.36,2,1,0,1,unexposed,stimulus_absolute,validation_unseen,0.01,0.5252781735086717,0.4747218264913283
DEAP:S14:T31,DEAP:S14,T31,0,3.26,2,1,0,1,unexposed,stimulus_absolute,validation_unseen,0.01,0.5212051797018565,0.47879482029814346
DEAP:S14:T34,DEAP:S14,T34,0,2.5,2,1,0,1,unexposed,stimulus_absolute,validation_unseen,0.01,0.5241654503877158,0.47583454961228416
DEAP:S16:T01,DEAP:S16,T01,0,2.51,2,1,0,1,unexposed,stimulus_absolute,validation_unseen,0.01,0.5705130333990891,0.42948696660091096
DEAP:S16:T03,DEAP:S16,T03,1,6.74,2,1,0,1,unexposed,stimulus_absolute,validation_unseen,0.01,0.5765537910783629,0.4234462089216371
DEAP:S16:T05,DEAP:S16,T05,1,5.51,2,1,0,1,unexposed,stimulus_absolute,validation_unseen,0.01,0.5741828207719107,0.42581717922808926
DEAP:S16:T10,DEAP:S16,T10,1,5.14,2,1,0,1,unexposed,stimulus_absolute,validation_unseen,0.01,0.5505122788090135,0.4494877211909864
DEAP:S16:T12,DEAP:S16,T12,1,5.97,2,1,0,1,unexposed,stimulus_absolute,validation_unseen,0.01,0.5942413005883276,0.40575869941167236
DEAP:S16:T24,DEAP:S16,T24,0,2.51,2,1,0,1,unexposed,stimulus_absolute,validation_unseen,0.01,0.5414201286934088,0.45857987130659117
DEAP:S16:T31,DEAP:S16,T31,0,3.88,2,1,0,1,unexposed,stimulus_absolute,validation_unseen,0.01,0.5679350530782676,0.4320649469217323
DEAP:S16:T34,DEAP:S16,T34,0,1.0,2,1,0,1,unexposed,stimulus_absolute,validation_unseen,0.01,0.6059172727693534,0.3940827272306466
DEAP:S17:T01,DEAP:S17,T01,0,4.05,2,1,0,1,unexposed,stimulus_absolute,validation_unseen,0.01,0.6551927559798978,0.34480724402010227
DEAP:S17:T03,DEAP:S17,T03,1,6.46,2,1,0,1,unexposed,stimulus_absolute,validation_unseen,0.01,0.6676740672156333,0.33232593278436673
DEAP:S17:T05,DEAP:S17,T05,1,7.05,2,1,0,1,unexposed,stimulus_absolute,validation_unseen,0.01,0.6575597194581044,0.3424402805418956
DEAP:S17:T10,DEAP:S17,T10,1,6.09,2,1,0,1,unexposed,stimulus_absolute,validation_unseen,0.01,0.6534929739321522,0.3465070260678478
DEAP:S17:T12,DEAP:S17,T12,1,5.96,2,1,0,1,unexposed,stimulus_absolute,validation_unseen,0.01,0.6422237355901723,0.3577762644098277
DEAP:S17:T24,DEAP:S17,T24,0,4.53,2,1,0,1,unexposed,stimulus_absolute,validation_unseen,0.01,0.652623938705409,0.347376061294591
DEAP:S17:T31,DEAP:S17,T31,0,4.54,2,1,0,1,unexposed,stimulus_absolute,validation_unseen,0.01,0.6138778566951836,0.3861221433048164
DEAP:S17:T34,DEAP:S17,T34,0,4.99,2,1,0,1,unexposed,stimulus_absolute,validation_unseen,0.01,0.6470406142172986,0.35295938578270136
DEAP:S23:T01,DEAP:S23,T01,1,7.71,2,1,0,1,unexposed,stimulus_absolute,validation_unseen,0.01,0.3495931979371145,0.6504068020628855
DEAP:S23:T03,DEAP:S23,T03,1,7.09,2,1,0,1,unexposed,stimulus_absolute,validation_unseen,0.01,0.3259919732732507,0.6740080267267493
DEAP:S23:T05,DEAP:S23,T05,1,6.94,2,1,0,1,unexposed,stimulus_absolute,validation_unseen,0.01,0.38055114800126943,0.6194488519987306
DEAP:S23:T10,DEAP:S23,T10,1,5.01,2,1,0,1,unexposed,stimulus_absolute,validation_unseen,0.01,0.36475153622566936,0.6352484637743306
DEAP:S23:T12,DEAP:S23,T12,1,7.0,2,1,0,1,unexposed,stimulus_absolute,validation_unseen,0.01,0.45701363219450664,0.5429863678054934
DEAP:S23:T24,DEAP:S23,T24,1,6.53,2,1,0,1,unexposed,stimulus_absolute,validation_unseen,0.01,0.3522201146207853,0.6477798853792147
DEAP:S23:T31,DEAP:S23,T31,0,4.86,2,1,0,1,unexposed,stimulus_absolute,validation_unseen,0.01,0.3780343413230123,0.6219656586769877
DEAP:S23:T34,DEAP:S23,T34,1,6.72,2,1,0,1,unexposed,stimulus_absolute,validation_unseen,0.01,0.3461603466866018,0.6538396533133982
DEAP:S14:T06,DEAP:S14,T06,1,7.19,2,1,0,1,unexposed,stimulus_absolute,validation_familiar,0.01,0.514712367447016,0.48528763255298396
DEAP:S14:T07,DEAP:S14,T07,1,6.85,2,1,0,1,unexposed,stimulus_absolute,validation_familiar,0.01,0.5376368460096879,0.4623631539903122
DEAP:S14:T09,DEAP:S14,T09,1,7.69,2,1,0,1,unexposed,stimulus_absolute,validation_familiar,0.01,0.5251736146722557,0.47482638532774435
DEAP:S14:T13,DEAP:S14,T13,1,6.79,2,1,0,1,unexposed,stimulus_absolute,validation_familiar,0.01,0.5253766046162459,0.4746233953837541
DEAP:S14:T14,DEAP:S14,T14,1,8.03,2,1,0,1,unexposed,stimulus_absolute,validation_familiar,0.01,0.5389323770189858,0.4610676229810142
DEAP:S14:T15,DEAP:S14,T15,1,7.08,2,1,0,1,unexposed,stimulus_absolute,validation_familiar,0.01,0.5464353164352365,0.4535646835647636
DEAP:S14:T16,DEAP:S14,T16,0,3.96,2,1,0,1,unexposed,stimulus_absolute,validation_familiar,0.01,0.5521950325241949,0.44780496747580506
DEAP:S14:T17,DEAP:S14,T17,1,6.06,2,1,0,1,unexposed,stimulus_absolute,validation_familiar,0.01,0.5525672785215001,0.44743272147849994
DEAP:S14:T20,DEAP:S14,T20,1,7.33,2,1,0,1,unexposed,stimulus_absolute,validation_familiar,0.01,0.519757673187254,0.4802423268127461
DEAP:S14:T21,DEAP:S14,T21,0,1.03,2,1,0,1,unexposed,stimulus_absolute,validation_familiar,0.01,0.53057629634304,0.4694237036569599
DEAP:S14:T27,DEAP:S14,T27,1,5.81,2,1,0,1,unexposed,stimulus_absolute,validation_familiar,0.01,0.5464354257425469,0.4535645742574531
DEAP:S14:T35,DEAP:S14,T35,0,2.68,2,1,0,1,unexposed,stimulus_absolute,validation_familiar,0.01,0.5335850252850871,0.46641497471491283
DEAP:S14:T36,DEAP:S14,T36,0,2.01,2,1,0,1,unexposed,stimulus_absolute,validation_familiar,0.01,0.5275998694569771,0.4724001305430229
DEAP:S14:T37,DEAP:S14,T37,0,3.47,2,1,0,1,unexposed,stimulus_absolute,validation_familiar,0.01,0.5198721279855401,0.4801278720144599
DEAP:S14:T38,DEAP:S14,T38,0,2.26,2,1,0,1,unexposed,stimulus_absolute,validation_familiar,0.01,0.5382997079557991,0.46170029204420093
DEAP:S14:T40,DEAP:S14,T40,1,6.68,2,1,0,1,unexposed,stimulus_absolute,validation_familiar,0.01,0.5361876939444583,0.46381230605554175
DEAP:S16:T06,DEAP:S16,T06,0,4.99,2,1,0,1,unexposed,stimulus_absolute,validation_familiar,0.01,0.5716065111828428,0.4283934888171572
DEAP:S16:T07,DEAP:S16,T07,1,6.83,2,1,0,1,unexposed,stimulus_absolute,validation_familiar,0.01,0.620473348538304,0.379526651461696
DEAP:S16:T09,DEAP:S16,T09,0,4.18,2,1,0,1,unexposed,stimulus_absolute,validation_familiar,0.01,0.6142261400168888,0.3857738599831112
DEAP:S16:T13,DEAP:S16,T13,0,3.88,2,1,0,1,unexposed,stimulus_absolute,validation_familiar,0.01,0.5527142212131929,0.4472857787868071
DEAP:S16:T14,DEAP:S16,T14,0,3.64,2,1,0,1,unexposed,stimulus_absolute,validation_familiar,0.01,0.5669807804946405,0.43301921950535954
DEAP:S16:T15,DEAP:S16,T15,0,2.67,2,1,0,1,unexposed,stimulus_absolute,validation_familiar,0.01,0.592824728469033,0.407175271530967
DEAP:S16:T16,DEAP:S16,T16,0,4.97,2,1,0,1,unexposed,stimulus_absolute,validation_familiar,0.01,0.611594994091837,0.3884050059081629
DEAP:S16:T17,DEAP:S16,T17,0,1.21,2,1,0,1,unexposed,stimulus_absolute,validation_familiar,0.01,0.5587832412026761,0.44121675879732397
DEAP:S16:T20,DEAP:S16,T20,0,3.82,2,1,0,1,unexposed,stimulus_absolute,validation_familiar,0.01,0.568660779825932,0.431339220174068
DEAP:S16:T21,DEAP:S16,T21,0,4.42,2,1,0,1,unexposed,stimulus_absolute,validation_familiar,0.01,0.5794629934701719,0.42053700652982806
DEAP:S16:T27,DEAP:S16,T27,0,2.59,2,1,0,1,unexposed,stimulus_absolute,validation_familiar,0.01,0.5887474742483724,0.41125252575162763
DEAP:S16:T35,DEAP:S16,T35,0,1.0,2,1,0,1,unexposed,stimulus_absolute,validation_familiar,0.01,0.5818649221316619,0.41813507786833815
DEAP:S16:T36,DEAP:S16,T36,1,5.05,2,1,0,1,unexposed,stimulus_absolute,validation_familiar,0.01,0.5392757697043242,0.46072423029567583
DEAP:S16:T37,DEAP:S16,T37,1,6.09,2,1,0,1,unexposed,stimulus_absolute,validation_familiar,0.01,0.565681817341787,0.4343181826582129
DEAP:S16:T38,DEAP:S16,T38,0,4.27,2,1,0,1,unexposed,stimulus_absolute,validation_familiar,0.01,0.5551328796083365,0.44486712039166354
DEAP:S16:T40,DEAP:S16,T40,0,3.74,2,1,0,1,unexposed,stimulus_absolute,validation_familiar,0.01,0.5726355676125878,0.4273644323874121
DEAP:S17:T06,DEAP:S17,T06,1,6.9,2,1,0,1,unexposed,stimulus_absolute,validation_familiar,0.01,0.6656842214065989,0.3343157785934011
DEAP:S17:T07,DEAP:S17,T07,1,7.08,2,1,0,1,unexposed,stimulus_absolute,validation_familiar,0.01,0.6651631477880147,0.33483685221198534
DEAP:S17:T09,DEAP:S17,T09,1,6.04,2,1,0,1,unexposed,stimulus_absolute,validation_familiar,0.01,0.687776568323553,0.312223431676447
DEAP:S17:T13,DEAP:S17,T13,0,4.54,2,1,0,1,unexposed,stimulus_absolute,validation_familiar,0.01,0.6706859739593933,0.3293140260406066
DEAP:S17:T14,DEAP:S17,T14,1,6.58,2,1,0,1,unexposed,stimulus_absolute,validation_familiar,0.01,0.6295931746510474,0.37040682534895264
DEAP:S17:T15,DEAP:S17,T15,1,5.96,2,1,0,1,unexposed,stimulus_absolute,validation_familiar,0.01,0.6812984643214746,0.3187015356785254
DEAP:S17:T16,DEAP:S17,T16,1,5.92,2,1,0,1,unexposed,stimulus_absolute,validation_familiar,0.01,0.6458701637884519,0.35412983621154814
DEAP:S17:T17,DEAP:S17,T17,0,4.12,2,1,0,1,unexposed,stimulus_absolute,validation_familiar,0.01,0.6569280123204253,0.3430719876795747
DEAP:S17:T20,DEAP:S17,T20,1,7.03,2,1,0,1,unexposed,stimulus_absolute,validation_familiar,0.01,0.6636381886427503,0.3363618113572498
DEAP:S17:T21,DEAP:S17,T21,0,4.0,2,1,0,1,unexposed,stimulus_absolute,validation_familiar,0.01,0.6437433058370792,0.3562566941629209
DEAP:S17:T27,DEAP:S17,T27,0,3.96,2,1,0,1,unexposed,stimulus_absolute,validation_familiar,0.01,0.6612485435578278,0.3387514564421722
DEAP:S17:T35,DEAP:S17,T35,0,4.17,2,1,0,1,unexposed,stimulus_absolute,validation_familiar,0.01,0.6614854378056035,0.33851456219439646
DEAP:S17:T36,DEAP:S17,T36,0,3.37,2,1,0,1,unexposed,stimulus_absolute,validation_familiar,0.01,0.6339172185142377,0.36608278148576234
DEAP:S17:T37,DEAP:S17,T37,0,3.46,2,1,0,1,unexposed,stimulus_absolute,validation_familiar,0.01,0.6342570614179174,0.3657429385820826
DEAP:S17:T38,DEAP:S17,T38,0,3.6,2,1,0,1,unexposed,stimulus_absolute,validation_familiar,0.01,0.6360606949462195,0.3639393050537804
DEAP:S17:T40,DEAP:S17,T40,1,5.04,2,1,0,1,unexposed,stimulus_absolute,validation_familiar,0.01,0.6392611383097542,0.3607388616902458
DEAP:S23:T06,DEAP:S23,T06,1,5.09,2,1,0,1,unexposed,stimulus_absolute,validation_familiar,0.01,0.3371990012862046,0.6628009987137954
DEAP:S23:T07,DEAP:S23,T07,1,8.94,2,1,0,1,unexposed,stimulus_absolute,validation_familiar,0.01,0.3428703756152921,0.6571296243847079
DEAP:S23:T09,DEAP:S23,T09,1,7.03,2,1,0,1,unexposed,stimulus_absolute,validation_familiar,0.01,0.47461721153474656,0.5253827884652534
DEAP:S23:T13,DEAP:S23,T13,1,8.01,2,1,0,1,unexposed,stimulus_absolute,validation_familiar,0.01,0.445054192977303,0.554945807022697
DEAP:S23:T14,DEAP:S23,T14,1,8.01,2,1,0,1,unexposed,stimulus_absolute,validation_familiar,0.01,0.34848253096350945,0.6515174690364905
DEAP:S23:T15,DEAP:S23,T15,1,7.0,2,1,0,1,unexposed,stimulus_absolute,validation_familiar,0.01,0.41673828101189125,0.5832617189881087
DEAP:S23:T16,DEAP:S23,T16,1,5.15,2,1,0,1,unexposed,stimulus_absolute,validation_familiar,0.01,0.33170813149206,0.66829186850794
DEAP:S23:T17,DEAP:S23,T17,0,2.86,2,1,0,1,unexposed,stimulus_absolute,validation_familiar,0.01,0.3252260764544853,0.6747739235455147
DEAP:S23:T20,DEAP:S23,T20,0,3.96,2,1,0,1,unexposed,stimulus_absolute,validation_familiar,0.01,0.35898975899938546,0.6410102410006145
DEAP:S23:T21,DEAP:S23,T21,0,1.91,2,1,0,1,unexposed,stimulus_absolute,validation_familiar,0.01,0.33313885809223653,0.6668611419077635
DEAP:S23:T27,DEAP:S23,T27,1,5.06,2,1,0,1,unexposed,stimulus_absolute,validation_familiar,0.01,0.39084418932491893,0.6091558106750811
DEAP:S23:T35,DEAP:S23,T35,1,5.18,2,1,0,1,unexposed,stimulus_absolute,validation_familiar,0.01,0.45596645009400183,0.5440335499059982
DEAP:S23:T36,DEAP:S23,T36,0,4.92,2,1,0,1,unexposed,stimulus_absolute,validation_familiar,0.01,0.3842415670145265,0.6157584329854735
DEAP:S23:T37,DEAP:S23,T37,0,4.31,2,1,0,1,unexposed,stimulus_absolute,validation_familiar,0.01,0.34198040052474676,0.6580195994752532
DEAP:S23:T38,DEAP:S23,T38,0,4.97,2,1,0,1,unexposed,stimulus_absolute,validation_familiar,0.01,0.31357724200671433,0.6864227579932857
DEAP:S23:T40,DEAP:S23,T40,0,4.88,2,1,0,1,unexposed,stimulus_absolute,validation_familiar,0.01,0.4125974359444793,0.5874025640555207
DEAP:S01:T06,DEAP:S01,T06,1,8.27,2,1,0,1,unexposed,stimulus_absolute,train,0.1,0.5448028691162721,0.4551971308837279
DEAP:S01:T07,DEAP:S01,T07,1,7.44,2,1,0,1,unexposed,stimulus_absolute,train,0.1,0.47734601843093116,0.5226539815690688
DEAP:S01:T09,DEAP:S01,T09,0,4.04,2,1,0,1,unexposed,stimulus_absolute,train,0.1,0.5902068774430699,0.4097931225569301
DEAP:S01:T13,DEAP:S01,T13,0,1.95,2,1,0,1,unexposed,stimulus_absolute,train,0.1,0.5849879434935611,0.4150120565064389
DEAP:S01:T14,DEAP:S01,T14,0,4.18,2,1,0,1,unexposed,stimulus_absolute,train,0.1,0.7067944208437674,0.2932055791562326
DEAP:S01:T15,DEAP:S01,T15,0,3.17,2,1,0,1,unexposed,stimulus_absolute,train,0.1,0.6053167266521484,0.39468327334785164
DEAP:S01:T16,DEAP:S01,T16,1,6.81,2,1,0,1,unexposed,stimulus_absolute,train,0.1,0.6249520701902949,0.3750479298097052
DEAP:S01:T17,DEAP:S01,T17,0,2.46,2,1,0,1,unexposed,stimulus_absolute,train,0.1,0.5927653110241025,0.40723468897589754
DEAP:S01:T20,DEAP:S01,T20,1,8.26,2,1,0,1,unexposed,stimulus_absolute,train,0.1,0.6160565270398268,0.3839434729601732
DEAP:S01:T21,DEAP:S01,T21,1,9.0,2,1,0,1,unexposed,stimulus_absolute,train,0.1,0.5933069234220512,0.4066930765779488
DEAP:S01:T27,DEAP:S01,T27,1,7.35,2,1,0,1,unexposed,stimulus_absolute,train,0.1,0.5381217889583124,0.4618782110416876
DEAP:S01:T35,DEAP:S01,T35,0,2.06,2,1,0,1,unexposed,stimulus_absolute,train,0.1,0.6453141181757241,0.35468588182427585
DEAP:S01:T37,DEAP:S01,T37,0,2.31,2,1,0,1,unexposed,stimulus_absolute,train,0.1,0.5495714449080358,0.45042855509196417
DEAP:S01:T38,DEAP:S01,T38,0,3.33,2,1,0,1,unexposed,stimulus_absolute,train,0.1,0.43723628992615793,0.5627637100738421
DEAP:S01:T40,DEAP:S01,T40,1,5.1,2,1,0,1,unexposed,stimulus_absolute,train,0.1,0.6371219763957869,0.36287802360421306
DEAP:S02:T07,DEAP:S02,T07,0,4.96,2,1,0,1,unexposed,stimulus_absolute,train,0.1,0.6125510260444935,0.38744897395550654
DEAP:S02:T09,DEAP:S02,T09,1,9.0,2,1,0,1,unexposed,stimulus_absolute,train,0.1,0.523195940894631,0.47680405910536905
DEAP:S02:T13,DEAP:S02,T13,1,9.0,2,1,0,1,unexposed,stimulus_absolute,train,0.1,0.54784574658524,0.45215425341476
DEAP:S02:T14,DEAP:S02,T14,1,8.94,2,1,0,1,unexposed,stimulus_absolute,train,0.1,0.5365963436405288,0.46340365635947117
DEAP:S02:T15,DEAP:S02,T15,1,9.0,2,1,0,1,unexposed,stimulus_absolute,train,0.1,0.5166032402848784,0.48339675971512164
DEAP:S02:T16,DEAP:S02,T16,1,6.0,2,1,0,1,unexposed,stimulus_absolute,train,0.1,0.5353983106833503,0.4646016893166497
DEAP:S02:T17,DEAP:S02,T17,1,9.0,2,1,0,1,unexposed,stimulus_absolute,train,0.1,0.49301249857019547,0.5069875014298045
DEAP:S02:T20,DEAP:S02,T20,1,8.97,2,1,0,1,unexposed,stimulus_absolute,train,0.1,0.551283628528503,0.44871637147149696
DEAP:S02:T21,DEAP:S02,T21,0,1.0,2,1,0,1,unexposed,stimulus_absolute,train,0.1,0.5285928868741898,0.47140711312581024
DEAP:S02:T35,DEAP:S02,T35,0,1.99,2,1,0,1,unexposed,stimulus_absolute,train,0.1,0.568447346932309,0.43155265306769097
DEAP:S02:T36,DEAP:S02,T36,1,5.04,2,1,0,1,unexposed,stimulus_absolute,train,0.1,0.5940410756050709,0.40595892439492914
DEAP:S02:T37,DEAP:S02,T37,0,1.0,2,1,0,1,unexposed,stimulus_absolute,train,0.1,0.5687654023847406,0.4312345976152594
DEAP:S02:T38,DEAP:S02,T38,0,1.0,2,1,0,1,unexposed,stimulus_absolute,train,0.1,0.5507269794642944,0.44927302053570567
DEAP:S02:T40,DEAP:S02,T40,1,6.05,2,1,0,1,unexposed,stimulus_absolute,train,0.1,0.4587314281860094,0.5412685718139906
DEAP:S03:T06,DEAP:S03,T06,1,6.79,2,1,0,1,unexposed,stimulus_absolute,train,0.1,0.38711790820669234,0.6128820917933077
DEAP:S03:T09,DEAP:S03,T09,1,7.33,2,1,0,1,unexposed,stimulus_absolute,train,0.1,0.44765609886867375,0.5523439011313263
DEAP:S03:T13,DEAP:S03,T13,1,7.91,2,1,0,1,unexposed,stimulus_absolute,train,0.1,0.48692511209014433,0.5130748879098557
DEAP:S03:T14,DEAP:S03,T14,1,7.29,2,1,0,1,unexposed,stimulus_absolute,train,0.1,0.45749280116481106,0.5425071988351889
DEAP:S03:T15,DEAP:S03,T15,1,7.36,2,1,0,1,unexposed,stimulus_absolute,train,0.1,0.47953572933324096,0.520464270666759
DEAP:S03:T16,DEAP:S03,T16,1,7.15,2,1,0,1,unexposed,stimulus_absolute,train,0.1,0.6118924940318294,0.38810750596817056
DEAP:S03:T17,DEAP:S03,T17,0,4.56,2,1,0,1,unexposed,stimulus_absolute,train,0.1,0.3928962039783519,0.6071037960216481
DEAP:S03:T20,DEAP:S03,T20,1,6.26,2,1,0,1,unexposed,stimulus_absolute,train,0.1,0.41311245664873053,0.5868875433512695
DEAP:S03:T21,DEAP:S03,T21,0,4.99,2,1,0,1,unexposed,stimulus_absolute,train,0.1,0.4843904460345614,0.5156095539654386
DEAP:S03:T27,DEAP:S03,T27,1,6.72,2,1,0,1,unexposed,stimulus_absolute,train,0.1,0.35957144927412654,0.6404285507258735
DEAP:S03:T35,DEAP:S03,T35,0,3.18,2,1,0,1,unexposed,stimulus_absolute,train,0.1,0.5712184307922854,0.4287815692077146
DEAP:S03:T36,DEAP:S03,T36,1,5.01,2,1,0,1,unexposed,stimulus_absolute,train,0.1,0.4233330792201675,0.5766669207798325
DEAP:S03:T37,DEAP:S03,T37,0,4.92,2,1,0,1,unexposed,stimulus_absolute,train,0.1,0.6010387867814483,0.3989612132185517
DEAP:S03:T38,DEAP:S03,T38,0,4.53,2,1,0,1,unexposed,stimulus_absolute,train,0.1,0.5435545880299468,0.4564454119700531
DEAP:S03:T40,DEAP:S03,T40,1,5.38,2,1,0,1,unexposed,stimulus_absolute,train,0.1,0.4823047319249606,0.5176952680750394
DEAP:S04:T06,DEAP:S04,T06,1,5.01,2,1,0,1,unexposed,stimulus_absolute,train,0.1,0.6216246899833439,0.37837531001665614
DEAP:S04:T09,DEAP:S04,T09,1,6.05,2,1,0,1,unexposed,stimulus_absolute,train,0.1,0.750349359277912,0.249650640722088
DEAP:S04:T13,DEAP:S04,T13,0,4.12,2,1,0,1,unexposed,stimulus_absolute,train,0.1,0.6054911133028683,0.3945088866971317
DEAP:S04:T14,DEAP:S04,T14,1,6.96,2,1,0,1,unexposed,stimulus_absolute,train,0.1,0.5942928080815137,0.4057071919184862
DEAP:S04:T15,DEAP:S04,T15,1,6.96,2,1,0,1,unexposed,stimulus_absolute,train,0.1,0.5095088577411943,0.49049114225880575
DEAP:S04:T16,DEAP:S04,T16,0,2.51,2,1,0,1,unexposed,stimulus_absolute,train,0.1,0.6702612578316883,0.32973874216831167
DEAP:S04:T17,DEAP:S04,T17,1,7.01,2,1,0,1,unexposed,stimulus_absolute,train,0.1,0.5716631086946804,0.42833689130531954
DEAP:S04:T20,DEAP:S04,T20,1,8.17,2,1,0,1,unexposed,stimulus_absolute,train,0.1,0.5777470014881392,0.42225299851186077
DEAP:S04:T21,DEAP:S04,T21,0,1.77,2,1,0,1,unexposed,stimulus_absolute,train,0.1,0.8203246675232205,0.17967533247677941
DEAP:S04:T27,DEAP:S04,T27,1,6.14,2,1,0,1,unexposed,stimulus_absolute,train,0.1,0.6249395939823525,0.37506040601764745
DEAP:S04:T35,DEAP:S04,T35,0,2.03,2,1,0,1,unexposed,stimulus_absolute,train,0.1,0.6812069971417836,0.3187930028582165
DEAP:S04:T36,DEAP:S04,T36,0,2.72,2,1,0,1,unexposed,stimulus_absolute,train,0.1,0.7589993623217615,0.2410006376782386
DEAP:S04:T37,DEAP:S04,T37,0,1.0,2,1,0,1,unexposed,stimulus_absolute,train,0.1,0.6221439161991538,0.3778560838008463
DEAP:S04:T38,DEAP:S04,T38,0,1.79,2,1,0,1,unexposed,stimulus_absolute,train,0.1,0.5835256531266735,0.41647434687332646
DEAP:S04:T40,DEAP:S04,T40,0,1.86,2,1,0,1,unexposed,stimulus_absolute,train,0.1,0.5020745703508714,0.49792542964912856
DEAP:S05:T06,DEAP:S05,T06,1,8.09,2,1,0,1,unexposed,stimulus_absolute,train,0.1,0.4575029371695247,0.5424970628304753
DEAP:S05:T07,DEAP:S05,T07,1,5.12,2,1,0,1,unexposed,stimulus_absolute,train,0.1,0.4069355624337724,0.5930644375662276
DEAP:S05:T09,DEAP:S05,T09,1,6.94,2,1,0,1,unexposed,stimulus_absolute,train,0.1,0.4766909329659522,0.5233090670340478
DEAP:S05:T13,DEAP:S05,T13,0,4.94,2,1,0,1,unexposed,stimulus_absolute,train,0.1,0.40737466237537334,0.5926253376246267
DEAP:S05:T14,DEAP:S05,T14,1,7.21,2,1,0,1,unexposed,stimulus_absolute,train,0.1,0.4185288515639155,0.5814711484360845
DEAP:S05:T15,DEAP:S05,T15,1,6.97,2,1,0,1,unexposed,stimulus_absolute,train,0.1,0.3628005891176097,0.6371994108823903
DEAP:S05:T16,DEAP:S05,T16,1,5.96,2,1,0,1,unexposed,stimulus_absolute,train,0.1,0.33261892507121105,0.667381074928789
DEAP:S05:T17,DEAP:S05,T17,1,6.88,2,1,0,1,unexposed,stimulus_absolute,train,0.1,0.3395397556632497,0.6604602443367503
DEAP:S05:T20,DEAP:S05,T20,1,7.0,2,1,0,1,unexposed,stimulus_absolute,train,0.1,0.4146047788124324,0.5853952211875676
DEAP:S05:T21,DEAP:S05,T21,0,4.0,2,1,0,1,unexposed,stimulus_absolute,train,0.1,0.6040920075424355,0.3959079924575645
DEAP:S05:T27,DEAP:S05,T27,1,7.0,2,1,0,1,unexposed,stimulus_absolute,train,0.1,0.4002419220671868,0.5997580779328132
DEAP:S05:T35,DEAP:S05,T35,0,4.86,2,1,0,1,unexposed,stimulus_absolute,train,0.1,0.5021198699375908,0.4978801300624091
DEAP:S05:T36,DEAP:S05,T36,0,4.91,2,1,0,1,unexposed,stimulus_absolute,train,0.1,0.4479886371613705,0.5520113628386295
DEAP:S05:T38,DEAP:S05,T38,0,1.0,2,1,0,1,unexposed,stimulus_absolute,train,0.1,0.4235251263264409,0.5764748736735591
DEAP:S05:T40,DEAP:S05,T40,1,7.0,2,1,0,1,unexposed,stimulus_absolute,train,0.1,0.4639891197778654,0.5360108802221346
DEAP:S06:T06,DEAP:S06,T06,1,8.05,2,1,0,1,unexposed,stimulus_absolute,train,0.1,0.3133226855621659,0.6866773144378341
DEAP:S06:T07,DEAP:S06,T07,1,8.26,2,1,0,1,unexposed,stimulus_absolute,train,0.1,0.3623461090123731,0.6376538909876269
DEAP:S06:T09,DEAP:S06,T09,1,7.87,2,1,0,1,unexposed,stimulus_absolute,train,0.1,0.45143491878003505,0.548565081219965
DEAP:S06:T13,DEAP:S06,T13,1,7.79,2,1,0,1,unexposed,stimulus_absolute,train,0.1,0.3588268984192776,0.6411731015807224
DEAP:S06:T14,DEAP:S06,T14,1,6.32,2,1,0,1,unexposed,stimulus_absolute,train,0.1,0.16153022563617703,0.838469774363823
DEAP:S06:T15,DEAP:S06,T15,1,5.59,2,1,0,1,unexposed,stimulus_absolute,train,0.1,0.37107584745932454,0.6289241525406755
DEAP:S06:T16,DEAP:S06,T16,1,5.06,2,1,0,1,unexposed,stimulus_absolute,train,0.1,0.4383944431805894,0.5616055568194106
DEAP:S06:T17,DEAP:S06,T17,1,6.72,2,1,0,1,unexposed,stimulus_absolute,train,0.1,0.35751693016712294,0.6424830698328771
DEAP:S06:T20,DEAP:S06,T20,1,5.01,2,1,0,1,unexposed,stimulus_absolute,train,0.1,0.38972054283368407,0.6102794571663159
DEAP:S06:T21,DEAP:S06,T21,1,6.28,2,1,0,1,unexposed,stimulus_absolute,train,0.1,0.4202355793446909,0.5797644206553091
DEAP:S06:T27,DEAP:S06,T27,1,5.08,2,1,0,1,unexposed,stimulus_absolute,train,0.1,0.3513480381382824,0.6486519618617176
DEAP:S06:T35,DEAP:S06,T35,0,3.96,2,1,0,1,unexposed,stimulus_absolute,train,0.1,0.33566328013022284,0.6643367198697772
DEAP:S06:T36,DEAP:S06,T36,1,5.71,2,1,0,1,unexposed,stimulus_absolute,train,0.1,0.30105264781212404,0.698947352187876
DEAP:S06:T37,DEAP:S06,T37,0,4.83,2,1,0,1,unexposed,stimulus_absolute,train,0.1,0.36572280815886393,0.6342771918411361
DEAP:S06:T40,DEAP:S06,T40,0,4.85,2,1,0,1,unexposed,stimulus_absolute,train,0.1,0.3742883770021479,0.6257116229978521
DEAP:S07:T06,DEAP:S07,T06,1,6.97,2,1,0,1,unexposed,stimulus_absolute,train,0.1,0.12832059001326301,0.871679409986737
DEAP:S07:T07,DEAP:S07,T07,1,7.08,2,1,0,1,unexposed,stimulus_absolute,train,0.1,0.23265709869524986,0.7673429013047501
DEAP:S07:T09,DEAP:S07,T09,1,6.99,2,1,0,1,unexposed,stimulus_absolute,train,0.1,0.2061070368206951,0.7938929631793049
DEAP:S07:T13,DEAP:S07,T13,1,8.0,2,1,0,1,unexposed,stimulus_absolute,train,0.1,0.1737339153691333,0.8262660846308667
DEAP:S07:T14,DEAP:S07,T14,1,7.09,2,1,0,1,unexposed,stimulus_absolute,train,0.1,0.21948996357486883,0.7805100364251312
DEAP:S07:T15,DEAP:S07,T15,1,7.99,2,1,0,1,unexposed,stimulus_absolute,train,0.1,0.16603162550153916,0.8339683744984608
DEAP:S07:T16,DEAP:S07,T16,0,3.03,2,1,0,1,unexposed,stimulus_absolute,train,0.1,0.3575023739418721,0.6424976260581279
DEAP:S07:T21,DEAP:S07,T21,0,3.12,2,1,0,1,unexposed,stimulus_absolute,train,0.1,0.41249390816088505,0.587506091839115
DEAP:S07:T27,DEAP:S07,T27,1,6.09,2,1,0,1,unexposed,stimulus_absolute,train,0.1,0.24505855540472254,0.7549414445952775
DEAP:S07:T35,DEAP:S07,T35,1,5.01,2,1,0,1,unexposed,stimulus_absolute,train,0.1,0.3078166075174307,0.6921833924825693
DEAP:S07:T36,DEAP:S07,T36,1,8.1,2,1,0,1,unexposed,stimulus_absolute,train,0.1,0.2185679803783782,0.7814320196216218
DEAP:S07:T37,DEAP:S07,T37,1,5.05,2,1,0,1,unexposed,stimulus_absolute,train,0.1,0.2418382019025478,0.7581617980974522
DEAP:S07:T40,DEAP:S07,T40,1,7.01,2,1,0,1,unexposed,stimulus_absolute,train,0.1,0.3482374553743185,0.6517625446256815
DEAP:S08:T06,DEAP:S08,T06,1,7.4,2,1,0,1,unexposed,stimulus_absolute,train,0.1,0.5592602507147104,0.4407397492852896
DEAP:S08:T07,DEAP:S08,T07,1,5.04,2,1,0,1,unexposed,stimulus_absolute,train,0.1,0.44702405275855495,0.552975947241445
DEAP:S08:T09,DEAP:S08,T09,1,8.78,2,1,0,1,unexposed,stimulus_absolute,train,0.1,0.35223585078688646,0.6477641492131135
DEAP:S08:T13,DEAP:S08,T13,1,7.9,2,1,0,1,unexposed,stimulus_absolute,train,0.1,0.2600498481652327,0.7399501518347673
DEAP:S08:T14,DEAP:S08,T14,1,6.88,2,1,0,1,unexposed,stimulus_absolute,train,0.1,0.47066804512566285,0.5293319548743372
DEAP:S08:T15,DEAP:S08,T15,1,8.33,2,1,0,1,unexposed,stimulus_absolute,train,0.1,0.3948875715824477,0.6051124284175523
DEAP:S08:T16,DEAP:S08,T16,0,4.21,2,1,0,1,unexposed,stimulus_absolute,train,0.1,0.7573066591761041,0.2426933408238959
DEAP:S08:T17,DEAP:S08,T17,1,6.67,2,1,0,1,unexposed,stimulus_absolute,train,0.1,0.6075698458884011,0.3924301541115989
DEAP:S08:T20,DEAP:S08,T20,1,6.74,2,1,0,1,unexposed,stimulus_absolute,train,0.1,0.3558148805597797,0.6441851194402203
DEAP:S08:T21,DEAP:S08,T21,0,4.68,2,1,0,1,unexposed,stimulus_absolute,train,0.1,0.5873452413777907,0.4126547586222094
DEAP:S08:T27,DEAP:S08,T27,0,4.46,2,1,0,1,unexposed,stimulus_absolute,train,0.1,0.40204046946299754,0.5979595305370025
DEAP:S08:T35,DEAP:S08,T35,0,3.62,2,1,0,1,unexposed,stimulus_absolute,train,0.1,0.6017982168692307,0.39820178313076926
DEAP:S08:T36,DEAP:S08,T36,0,1.21,2,1,0,1,unexposed,stimulus_absolute,train,0.1,0.34053248399629565,0.6594675160037043
DEAP:S08:T37,DEAP:S08,T37,1,5.06,2,1,0,1,unexposed,stimulus_absolute,train,0.1,0.46505776013121103,0.534942239868789
DEAP:S08:T38,DEAP:S08,T38,0,4.72,2,1,0,1,unexposed,stimulus_absolute,train,0.1,0.35102265107189556,0.6489773489281044
DEAP:S08:T40,DEAP:S08,T40,0,3.13,2,1,0,1,unexposed,stimulus_absolute,train,0.1,0.6624412517819778,0.33755874821802223
DEAP:S09:T06,DEAP:S09,T06,1,7.04,2,1,0,1,unexposed,stimulus_absolute,train,0.1,0.4262241472049263,0.5737758527950737
DEAP:S09:T07,DEAP:S09,T07,1,5.08,2,1,0,1,unexposed,stimulus_absolute,train,0.1,0.4871949548477623,0.5128050451522377
DEAP:S09:T13,DEAP:S09,T13,1,8.15,2,1,0,1,unexposed,stimulus_absolute,train,0.1,0.5513714974340587,0.44862850256594133
DEAP:S09:T14,DEAP:S09,T14,1,7.0,2,1,0,1,unexposed,stimulus_absolute,train,0.1,0.3618478102275925,0.6381521897724075
DEAP:S09:T15,DEAP:S09,T15,1,6.21,2,1,0,1,unexposed,stimulus_absolute,train,0.1,0.5588819619395585,0.4411180380604415
DEAP:S09:T16,DEAP:S09,T16,0,4.05,2,1,0,1,unexposed,stimulus_absolute,train,0.1,0.5762254679222281,0.42377453207777194
DEAP:S09:T17,DEAP:S09,T17,1,6.03,2,1,0,1,unexposed,stimulus_absolute,train,0.1,0.3842490918581464,0.6157509081418536
DEAP:S09:T20,DEAP:S09,T20,1,5.12,2,1,0,1,unexposed,stimulus_absolute,train,0.1,0.4536425903844099,0.5463574096155901
DEAP:S09:T21,DEAP:S09,T21,0,4.04,2,1,0,1,unexposed,stimulus_absolute,train,0.1,0.7868234120362034,0.21317658796379657
DEAP:S09:T27,DEAP:S09,T27,1,5.04,2,1,0,1,unexposed,stimulus_absolute,train,0.1,0.3090389146840341,0.6909610853159659
DEAP:S09:T35,DEAP:S09,T35,0,3.01,2,1,0,1,unexposed,stimulus_absolute,train,0.1,0.47003624886569517,0.5299637511343048
DEAP:S09:T36,DEAP:S09,T36,0,3.08,2,1,0,1,unexposed,stimulus_absolute,train,0.1,0.6227686719002079,0.37723132809979215
DEAP:S09:T37,DEAP:S09,T37,0,2.99,2,1,0,1,unexposed,stimulus_absolute,train,0.1,0.626028264968796,0.37397173503120396
DEAP:S09:T38,DEAP:S09,T38,0,2.92,2,1,0,1,unexposed,stimulus_absolute,train,0.1,0.41886021403607776,0.5811397859639222
DEAP:S09:T40,DEAP:S09,T40,1,5.04,2,1,0,1,unexposed,stimulus_absolute,train,0.1,0.6187314742520857,0.3812685257479142
DEAP:S10:T06,DEAP:S10,T06,1,7.1,2,1,0,1,unexposed,stimulus_absolute,train,0.1,0.4350163399641501,0.5649836600358499
DEAP:S10:T07,DEAP:S10,T07,1,8.96,2,1,0,1,unexposed,stimulus_absolute,train,0.1,0.2863963651638892,0.7136036348361108
DEAP:S10:T09,DEAP:S10,T09,1,7.56,2,1,0,1,unexposed,stimulus_absolute,train,0.1,0.5394720650242335,0.4605279349757665
DEAP:S10:T13,DEAP:S10,T13,1,6.72,2,1,0,1,unexposed,stimulus_absolute,train,0.1,0.5935447755644756,0.4064552244355244
DEAP:S10:T14,DEAP:S10,T14,1,8.81,2,1,0,1,unexposed,stimulus_absolute,train,0.1,0.5226736774384,0.47732632256159996
DEAP:S10:T15,DEAP:S10,T15,1,5.31,2,1,0,1,unexposed,stimulus_absolute,train,0.1,0.607070460617343,0.39292953938265696
DEAP:S10:T16,DEAP:S10,T16,0,3.85,2,1,0,1,unexposed,stimulus_absolute,train,0.1,0.6943743116742684,0.3056256883257315
DEAP:S10:T17,DEAP:S10,T17,0,4.95,2,1,0,1,unexposed,stimulus_absolute,train,0.1,0.5937122958061751,0.4062877041938248
DEAP:S10:T20,DEAP:S10,T20,1,5.58,2,1,0,1,unexposed,stimulus_absolute,train,0.1,0.6078250923963998,0.3921749076036002
DEAP:S10:T21,DEAP:S10,T21,0,2.97,2,1,0,1,unexposed,stimulus_absolute,train,0.1,0.6376486672900048,0.36235133270999514
DEAP:S10:T27,DEAP:S10,T27,0,4.94,2,1,0,1,unexposed,stimulus_absolute,train,0.1,0.6058836394187952,0.3941163605812048
DEAP:S10:T35,DEAP:S10,T35,0,1.38,2,1,0,1,unexposed,stimulus_absolute,train,0.1,0.627177906635458,0.372822093364542
DEAP:S10:T37,DEAP:S10,T37,0,2.92,2,1,0,1,unexposed,stimulus_absolute,train,0.1,0.6066313467514272,0.39336865324857284
DEAP:S10:T38,DEAP:S10,T38,0,1.91,2,1,0,1,unexposed,stimulus_absolute,train,0.1,0.5970331402815827,0.4029668597184172
DEAP:S10:T40,DEAP:S10,T40,1,5.78,2,1,0,1,unexposed,stimulus_absolute,train,0.1,0.5909487413236494,0.40905125867635056
DEAP:S12:T06,DEAP:S12,T06,1,6.65,2,1,0,1,unexposed,stimulus_absolute,train,0.1,0.5177608354665826,0.4822391645334174
DEAP:S12:T07,DEAP:S12,T07,1,6.77,2,1,0,1,unexposed,stimulus_absolute,train,0.1,0.5593259326524167,0.44067406734758324
DEAP:S12:T09,DEAP:S12,T09,1,7.95,2,1,0,1,unexposed,stimulus_absolute,train,0.1,0.5700466149274934,0.4299533850725066
DEAP:S12:T13,DEAP:S12,T13,1,7.99,2,1,0,1,unexposed,stimulus_absolute,train,0.1,0.4127396601015596,0.5872603398984404
DEAP:S12:T14,DEAP:S12,T14,1,8.15,2,1,0,1,unexposed,stimulus_absolute,train,0.1,0.5216725701853153,0.4783274298146847
DEAP:S12:T15,DEAP:S12,T15,1,7.08,2,1,0,1,unexposed,stimulus_absolute,train,0.1,0.3787384791613151,0.6212615208386849
DEAP:S12:T16,DEAP:S12,T16,1,5.04,2,1,0,1,unexposed,stimulus_absolute,train,0.1,0.5863372629310809,0.4136627370689191
DEAP:S12:T17,DEAP:S12,T17,0,4.86,2,1,0,1,unexposed,stimulus_absolute,train,0.1,0.5038807027468035,0.4961192972531964
DEAP:S12:T20,DEAP:S12,T20,1,7.35,2,1,0,1,unexposed,stimulus_absolute,train,0.1,0.5662430327325154,0.43375696726748453
DEAP:S12:T21,DEAP:S12,T21,0,2.13,2,1,0,1,unexposed,stimulus_absolute,train,0.1,0.5645217538811518,0.43547824611884817
DEAP:S12:T27,DEAP:S12,T27,1,5.05,2,1,0,1,unexposed,stimulus_absolute,train,0.1,0.33106737592782554,0.6689326240721745
DEAP:S12:T35,DEAP:S12,T35,0,1.22,2,1,0,1,unexposed,stimulus_absolute,train,0.1,0.5658102289546425,0.43418977104535755
DEAP:S12:T36,DEAP:S12,T36,0,2.82,2,1,0,1,unexposed,stimulus_absolute,train,0.1,0.5716444425465136,0.4283555574534864
DEAP:S12:T37,DEAP:S12,T37,0,1.0,2,1,0,1,unexposed,stimulus_absolute,train,0.1,0.5112098258177833,0.48879017418221676
DEAP:S12:T38,DEAP:S12,T38,0,2.85,2,1,0,1,unexposed,stimulus_absolute,train,0.1,0.5152798446739104,0.4847201553260896
DEAP:S12:T40,DEAP:S12,T40,1,6.81,2,1,0,1,unexposed,stimulus_absolute,train,0.1,0.571584720718751,0.42841527928124906
DEAP:S13:T06,DEAP:S13,T06,0,4.46,2,1,0,1,unexposed,stimulus_absolute,train,0.1,0.5807206463697754,0.41927935363022467
DEAP:S13:T07,DEAP:S13,T07,0,2.99,2,1,0,1,unexposed,stimulus_absolute,train,0.1,0.6533543400902424,0.34664565990975765
DEAP:S13:T09,DEAP:S13,T09,1,7.06,2,1,0,1,unexposed,stimulus_absolute,train,0.1,0.5608325583872155,0.43916744161278454
DEAP:S13:T13,DEAP:S13,T13,1,9.0,2,1,0,1,unexposed,stimulus_absolute,train,0.1,0.6166174442029655,0.3833825557970345
DEAP:S13:T14,DEAP:S13,T14,1,7.97,2,1,0,1,unexposed,stimulus_absolute,train,0.1,0.5889705811778279,0.4110294188221721
DEAP:S13:T15,DEAP:S13,T15,0,4.94,2,1,0,1,unexposed,stimulus_absolute,train,0.1,0.5951674502977469,0.40483254970225313
DEAP:S13:T17,DEAP:S13,T17,1,5.99,2,1,0,1,unexposed,stimulus_absolute,train,0.1,0.647367398312084,0.35263260168791605
DEAP:S13:T20,DEAP:S13,T20,1,7.6,2,1,0,1,unexposed,stimulus_absolute,train,0.1,0.5708227276847415,0.42917727231525854
DEAP:S13:T21,DEAP:S13,T21,0,2.0,2,1,0,1,unexposed,stimulus_absolute,train,0.1,0.7669209556104966,0.23307904438950341
DEAP:S13:T27,DEAP:S13,T27,1,5.47,2,1,0,1,unexposed,stimulus_absolute,train,0.1,0.6087764460277891,0.39122355397221087
DEAP:S13:T36,DEAP:S13,T36,0,2.54,2,1,0,1,unexposed,stimulus_absolute,train,0.1,0.6908439052014393,0.30915609479856065
DEAP:S13:T37,DEAP:S13,T37,0,1.0,2,1,0,1,unexposed,stimulus_absolute,train,0.1,0.6152008810886676,0.38479911891133245
DEAP:S13:T38,DEAP:S13,T38,0,1.0,2,1,0,1,unexposed,stimulus_absolute,train,0.1,0.6518081430909977,0.34819185690900234
DEAP:S15:T06,DEAP:S15,T06,1,9.0,2,1,0,1,unexposed,stimulus_absolute,train,0.1,0.36286963806027195,0.637130361939728
DEAP:S15:T07,DEAP:S15,T07,1,5.04,2,1,0,1,unexposed,stimulus_absolute,train,0.1,0.5887400875070505,0.4112599124929495
DEAP:S15:T09,DEAP:S15,T09,1,9.0,2,1,0,1,unexposed,stimulus_absolute,train,0.1,0.29700706911370234,0.7029929308862977
DEAP:S15:T14,DEAP:S15,T14,1,8.15,2,1,0,1,unexposed,stimulus_absolute,train,0.1,0.40783678444959914,0.5921632155504009
DEAP:S15:T15,DEAP:S15,T15,1,8.12,2,1,0,1,unexposed,stimulus_absolute,train,0.1,0.558064883920498,0.4419351160795019
DEAP:S15:T16,DEAP:S15,T16,0,4.17,2,1,0,1,unexposed,stimulus_absolute,train,0.1,0.6347531215922415,0.36524687840775844
DEAP:S15:T17,DEAP:S15,T17,1,8.1,2,1,0,1,unexposed,stimulus_absolute,train,0.1,0.3787868981078534,0.6212131018921466
DEAP:S15:T20,DEAP:S15,T20,1,7.97,2,1,0,1,unexposed,stimulus_absolute,train,0.1,0.36482885814731203,0.635171141852688
DEAP:S15:T21,DEAP:S15,T21,0,3.09,2,1,0,1,unexposed,stimulus_absolute,train,0.1,0.7020454736502506,0.29795452634974934
DEAP:S15:T27,DEAP:S15,T27,1,6.0,2,1,0,1,unexposed,stimulus_absolute,train,0.1,0.5125636871383901,0.48743631286160993
DEAP:S15:T35,DEAP:S15,T35,1,5.05,2,1,0,1,unexposed,stimulus_absolute,train,0.1,0.681661736676316,0.318338263323684
DEAP:S15:T36,DEAP:S15,T36,0,3.96,2,1,0,1,unexposed,stimulus_absolute,train,0.1,0.53357675601311,0.46642324398688995
DEAP:S15:T37,DEAP:S15,T37,0,3.04,2,1,0,1,unexposed,stimulus_absolute,train,0.1,0.5295256509750961,0.47047434902490387
DEAP:S15:T38,DEAP:S15,T38,0,2.08,2,1,0,1,unexposed,stimulus_absolute,train,0.1,0.6237466649790302,0.37625333502096975
DEAP:S15:T40,DEAP:S15,T40,0,4.01,2,1,0,1,unexposed,stimulus_absolute,train,0.1,0.4473114251417494,0.5526885748582506
DEAP:S18:T06,DEAP:S18,T06,1,6.51,2,1,0,1,unexposed,stimulus_absolute,train,0.1,0.46148936857408274,0.5385106314259173
DEAP:S18:T07,DEAP:S18,T07,1,7.33,2,1,0,1,unexposed,stimulus_absolute,train,0.1,0.3357863867387464,0.6642136132612536
DEAP:S18:T13,DEAP:S18,T13,1,7.33,2,1,0,1,unexposed,stimulus_absolute,train,0.1,0.3500191180142065,0.6499808819857935
DEAP:S18:T14,DEAP:S18,T14,1,6.62,2,1,0,1,unexposed,stimulus_absolute,train,0.1,0.353961438870775,0.646038561129225
DEAP:S18:T15,DEAP:S18,T15,1,6.04,2,1,0,1,unexposed,stimulus_absolute,train,0.1,0.49118370440836023,0.5088162955916398
DEAP:S18:T16,DEAP:S18,T16,0,4.38,2,1,0,1,unexposed,stimulus_absolute,train,0.1,0.39775484205050904,0.602245157949491
DEAP:S18:T17,DEAP:S18,T17,1,7.74,2,1,0,1,unexposed,stimulus_absolute,train,0.1,0.31633320067768855,0.6836667993223114
DEAP:S18:T21,DEAP:S18,T21,0,3.92,2,1,0,1,unexposed,stimulus_absolute,train,0.1,0.5748049464283826,0.4251950535716173
DEAP:S18:T27,DEAP:S18,T27,1,5.94,2,1,0,1,unexposed,stimulus_absolute,train,0.1,0.3962616960457346,0.6037383039542654
DEAP:S18:T35,DEAP:S18,T35,1,5.12,2,1,0,1,unexposed,stimulus_absolute,train,0.1,0.43264051831968586,0.5673594816803141
DEAP:S18:T36,DEAP:S18,T36,1,5.24,2,1,0,1,unexposed,stimulus_absolute,train,0.1,0.48080829708638206,0.5191917029136179
DEAP:S18:T37,DEAP:S18,T37,0,4.0,2,1,0,1,unexposed,stimulus_absolute,train,0.1,0.47960138923839923,0.5203986107616008
DEAP:S18:T38,DEAP:S18,T38,0,4.51,2,1,0,1,unexposed,stimulus_absolute,train,0.1,0.5244117057437861,0.47558829425621385
DEAP:S19:T06,DEAP:S19,T06,1,7.73,2,1,0,1,unexposed,stimulus_absolute,train,0.1,0.4268863684671921,0.5731136315328079
DEAP:S19:T07,DEAP:S19,T07,1,6.64,2,1,0,1,unexposed,stimulus_absolute,train,0.1,0.5138950403586553,0.4861049596413447
DEAP:S19:T09,DEAP:S19,T09,1,7.09,2,1,0,1,unexposed,stimulus_absolute,train,0.1,0.6204644663577022,0.37953553364229775
DEAP:S19:T13,DEAP:S19,T13,1,7.53,2,1,0,1,unexposed,stimulus_absolute,train,0.1,0.5407547571947471,0.459245242805253
DEAP:S19:T14,DEAP:S19,T14,1,6.76,2,1,0,1,unexposed,stimulus_absolute,train,0.1,0.6314228127107324,0.36857718728926764
DEAP:S19:T15,DEAP:S19,T15,1,5.68,2,1,0,1,unexposed,stimulus_absolute,train,0.1,0.48815812753236365,0.5118418724676363
DEAP:S19:T16,DEAP:S19,T16,0,3.24,2,1,0,1,unexposed,stimulus_absolute,train,0.1,0.7935749898979828,0.20642501010201722
DEAP:S19:T17,DEAP:S19,T17,1,7.38,2,1,0,1,unexposed,stimulus_absolute,train,0.1,0.6660692392182272,0.3339307607817728
DEAP:S19:T20,DEAP:S19,T20,1,6.13,2,1,0,1,unexposed,stimulus_absolute,train,0.1,0.6275116437298334,0.37248835627016663
DEAP:S19:T27,DEAP:S19,T27,0,4.97,2,1,0,1,unexposed,stimulus_absolute,train,0.1,0.5409666289041906,0.4590333710958095
DEAP:S19:T35,DEAP:S19,T35,0,3.21,2,1,0,1,unexposed,stimulus_absolute,train,0.1,0.6183714345115262,0.3816285654884738
DEAP:S19:T36,DEAP:S19,T36,0,3.71,2,1,0,1,unexposed,stimulus_absolute,train,0.1,0.6359695925370775,0.3640304074629225
DEAP:S19:T37,DEAP:S19,T37,0,3.15,2,1,0,1,unexposed,stimulus_absolute,train,0.1,0.586471156572794,0.41352884342720597
DEAP:S19:T38,DEAP:S19,T38,0,1.62,2,1,0,1,unexposed,stimulus_absolute,train,0.1,0.5950367372528416,0.4049632627471585
DEAP:S19:T40,DEAP:S19,T40,0,4.24,2,1,0,1,unexposed,stimulus_absolute,train,0.1,0.601427643061166,0.39857235693883397
DEAP:S20:T06,DEAP:S20,T06,1,7.62,2,1,0,1,unexposed,stimulus_absolute,train,0.1,0.47006332185683775,0.5299366781431623
DEAP:S20:T07,DEAP:S20,T07,1,5.27,2,1,0,1,unexposed,stimulus_absolute,train,0.1,0.4794290902081577,0.5205709097918423
DEAP:S20:T09,DEAP:S20,T09,1,8.22,2,1,0,1,unexposed,stimulus_absolute,train,0.1,0.36094916591200865,0.6390508340879913
DEAP:S20:T13,DEAP:S20,T13,1,7.91,2,1,0,1,unexposed,stimulus_absolute,train,0.1,0.43625867949839214,0.5637413205016079
DEAP:S20:T14,DEAP:S20,T14,1,6.4,2,1,0,1,unexposed,stimulus_absolute,train,0.1,0.38369070348183587,0.6163092965181641
DEAP:S20:T15,DEAP:S20,T15,1,6.35,2,1,0,1,unexposed,stimulus_absolute,train,0.1,0.3815422258427378,0.6184577741572622
DEAP:S20:T16,DEAP:S20,T16,1,5.03,2,1,0,1,unexposed,stimulus_absolute,train,0.1,0.3906800280110556,0.6093199719889444
DEAP:S20:T17,DEAP:S20,T17,1,5.04,2,1,0,1,unexposed,stimulus_absolute,train,0.1,0.3424378334685665,0.6575621665314335
DEAP:S20:T20,DEAP:S20,T20,1,6.65,2,1,0,1,unexposed,stimulus_absolute,train,0.1,0.42893132387606736,0.5710686761239326
DEAP:S20:T27,DEAP:S20,T27,1,5.03,2,1,0,1,unexposed,stimulus_absolute,train,0.1,0.4209208203619683,0.5790791796380317
DEAP:S20:T35,DEAP:S20,T35,0,4.35,2,1,0,1,unexposed,stimulus_absolute,train,0.1,0.5086520326178354,0.49134796738216463
DEAP:S20:T36,DEAP:S20,T36,0,4.29,2,1,0,1,unexposed,stimulus_absolute,train,0.1,0.513111075649656,0.486888924350344
DEAP:S20:T37,DEAP:S20,T37,0,3.01,2,1,0,1,unexposed,stimulus_absolute,train,0.1,0.48925295286065074,0.5107470471393493
DEAP:S20:T38,DEAP:S20,T38,0,3.38,2,1,0,1,unexposed,stimulus_absolute,train,0.1,0.4270937366629438,0.5729062633370562
DEAP:S20:T40,DEAP:S20,T40,0,4.94,2,1,0,1,unexposed,stimulus_absolute,train,0.1,0.4749692339327638,0.5250307660672362
DEAP:S22:T06,DEAP:S22,T06,0,4.97,2,1,0,1,unexposed,stimulus_absolute,train,0.1,0.6475676975952784,0.3524323024047216
DEAP:S22:T07,DEAP:S22,T07,1,6.03,2,1,0,1,unexposed,stimulus_absolute,train,0.1,0.6048037310605778,0.39519626893942217
DEAP:S22:T09,DEAP:S22,T09,1,9.0,2,1,0,1,unexposed,stimulus_absolute,train,0.1,0.43298908914414147,0.5670109108558585
DEAP:S22:T13,DEAP:S22,T13,1,7.01,2,1,0,1,unexposed,stimulus_absolute,train,0.1,0.4412580599833008,0.5587419400166992
DEAP:S22:T14,DEAP:S22,T14,1,8.05,2,1,0,1,unexposed,stimulus_absolute,train,0.1,0.48011392906904293,0.5198860709309571
DEAP:S22:T16,DEAP:S22,T16,1,6.06,2,1,0,1,unexposed,stimulus_absolute,train,0.1,0.2528055200200654,0.7471944799799346
DEAP:S22:T17,DEAP:S22,T17,1,5.04,2,1,0,1,unexposed,stimulus_absolute,train,0.1,0.4300346641071451,0.5699653358928549
DEAP:S22:T20,DEAP:S22,T20,1,7.08,2,1,0,1,unexposed,stimulus_absolute,train,0.1,0.6056798332366317,0.39432016676336834
DEAP:S22:T21,DEAP:S22,T21,0,2.97,2,1,0,1,unexposed,stimulus_absolute,train,0.1,0.4803425175898318,0.5196574824101682
DEAP:S22:T27,DEAP:S22,T27,1,7.06,2,1,0,1,unexposed,stimulus_absolute,train,0.1,0.6308993220104425,0.3691006779895575
DEAP:S22:T35,DEAP:S22,T35,0,1.99,2,1,0,1,unexposed,stimulus_absolute,train,0.1,0.6723044853497778,0.3276955146502222
DEAP:S22:T37,DEAP:S22,T37,0,1.0,2,1,0,1,unexposed,stimulus_absolute,train,0.1,0.5459425135110003,0.4540574864889997
DEAP:S22:T38,DEAP:S22,T38,0,1.0,2,1,0,1,unexposed,stimulus_absolute,train,0.1,0.6862009201789179,0.3137990798210822
DEAP:S22:T40,DEAP:S22,T40,0,2.97,2,1,0,1,unexposed,stimulus_absolute,train,0.1,0.40540716036046587,0.5945928396395341
DEAP:S24:T06,DEAP:S24,T06,1,5.96,2,1,0,1,unexposed,stimulus_absolute,train,0.1,0.5851271740653124,0.41487282593468755
DEAP:S24:T07,DEAP:S24,T07,0,3.04,2,1,0,1,unexposed,stimulus_absolute,train,0.1,0.6314389222060397,0.36856107779396036
DEAP:S24:T09,DEAP:S24,T09,1,7.08,2,1,0,1,unexposed,stimulus_absolute,train,0.1,0.5935175632074983,0.4064824367925017
DEAP:S24:T13,DEAP:S24,T13,1,8.0,2,1,0,1,unexposed,stimulus_absolute,train,0.1,0.6200285688195812,0.37997143118041876
DEAP:S24:T14,DEAP:S24,T14,1,8.05,2,1,0,1,unexposed,stimulus_absolute,train,0.1,0.5907176257840301,0.40928237421596986
DEAP:S24:T15,DEAP:S24,T15,1,6.0,2,1,0,1,unexposed,stimulus_absolute,train,0.1,0.6360999193134711,0.36390008068652896
DEAP:S24:T16,DEAP:S24,T16,0,4.0,2,1,0,1,unexposed,stimulus_absolute,train,0.1,0.6654046346101254,0.33459536538987456
DEAP:S24:T17,DEAP:S24,T17,0,4.08,2,1,0,1,unexposed,stimulus_absolute,train,0.1,0.5496115709457298,0.45038842905427023
DEAP:S24:T20,DEAP:S24,T20,0,4.03,2,1,0,1,unexposed,stimulus_absolute,train,0.1,0.6314482835879354,0.3685517164120647
DEAP:S24:T21,DEAP:S24,T21,0,1.96,2,1,0,1,unexposed,stimulus_absolute,train,0.1,0.6546276662748343,0.34537233372516574
DEAP:S24:T27,DEAP:S24,T27,1,6.08,2,1,0,1,unexposed,stimulus_absolute,train,0.1,0.6448702184130424,0.3551297815869577
DEAP:S24:T36,DEAP:S24,T36,0,4.0,2,1,0,1,unexposed,stimulus_absolute,train,0.1,0.7015323067426776,0.29846769325732236
DEAP:S24:T37,DEAP:S24,T37,0,4.0,2,1,0,1,unexposed,stimulus_absolute,train,0.1,0.643250697677414,0.35674930232258595
DEAP:S24:T38,DEAP:S24,T38,0,2.03,2,1,0,1,unexposed,stimulus_absolute,train,0.1,0.6548142838419782,0.34518571615802185
DEAP:S26:T06,DEAP:S26,T06,1,8.09,2,1,0,1,unexposed,stimulus_absolute,train,0.1,0.21521024114448128,0.7847897588555187
DEAP:S26:T07,DEAP:S26,T07,1,6.08,2,1,0,1,unexposed,stimulus_absolute,train,0.1,0.26972960159255266,0.7302703984074473
DEAP:S26:T09,DEAP:S26,T09,1,8.05,2,1,0,1,unexposed,stimulus_absolute,train,0.1,0.2679390199840549,0.7320609800159451
DEAP:S26:T13,DEAP:S26,T13,1,7.12,2,1,0,1,unexposed,stimulus_absolute,train,0.1,0.18041156753813503,0.819588432461865
DEAP:S26:T14,DEAP:S26,T14,1,9.0,2,1,0,1,unexposed,stimulus_absolute,train,0.1,0.24068985548507438,0.7593101445149256
DEAP:S26:T15,DEAP:S26,T15,1,7.01,2,1,0,1,unexposed,stimulus_absolute,train,0.1,0.3133620728772005,0.6866379271227995
DEAP:S26:T16,DEAP:S26,T16,1,6.19,2,1,0,1,unexposed,stimulus_absolute,train,0.1,0.3569021554529862,0.6430978445470138
DEAP:S26:T17,DEAP:S26,T17,1,5.04,2,1,0,1,unexposed,stimulus_absolute,train,0.1,0.2218335013862237,0.7781664986137763
DEAP:S26:T20,DEAP:S26,T20,1,8.08,2,1,0,1,unexposed,stimulus_absolute,train,0.1,0.28737840889130095,0.712621591108699
DEAP:S26:T21,DEAP:S26,T21,1,6.06,2,1,0,1,unexposed,stimulus_absolute,train,0.1,0.22886323907027395,0.771136760929726
DEAP:S26:T27,DEAP:S26,T27,1,6.0,2,1,0,1,unexposed,stimulus_absolute,train,0.1,0.20429940593743678,0.7957005940625632
DEAP:S26:T37,DEAP:S26,T37,0,1.0,2,1,0,1,unexposed,stimulus_absolute,train,0.1,0.3233264279383381,0.6766735720616619
DEAP:S26:T40,DEAP:S26,T40,0,3.06,2,1,0,1,unexposed,stimulus_absolute,train,0.1,0.36303529069206986,0.6369647093079301
DEAP:S27:T06,DEAP:S27,T06,1,7.0,2,1,0,1,unexposed,stimulus_absolute,train,0.1,0.44319016613840156,0.5568098338615984
DEAP:S27:T09,DEAP:S27,T09,1,8.99,2,1,0,1,unexposed,stimulus_absolute,train,0.1,0.4107544206970295,0.5892455793029705
DEAP:S27:T13,DEAP:S27,T13,1,7.01,2,1,0,1,unexposed,stimulus_absolute,train,0.1,0.3664662689008945,0.6335337310991055
DEAP:S27:T14,DEAP:S27,T14,1,8.06,2,1,0,1,unexposed,stimulus_absolute,train,0.1,0.3642503834564431,0.6357496165435569
DEAP:S27:T15,DEAP:S27,T15,1,5.04,2,1,0,1,unexposed,stimulus_absolute,train,0.1,0.3108555555843756,0.6891444444156244
DEAP:S27:T16,DEAP:S27,T16,1,8.06,2,1,0,1,unexposed,stimulus_absolute,train,0.1,0.46583496776578825,0.5341650322342117
DEAP:S27:T17,DEAP:S27,T17,1,9.0,2,1,0,1,unexposed,stimulus_absolute,train,0.1,0.40820346108498984,0.5917965389150102
DEAP:S27:T20,DEAP:S27,T20,1,6.97,2,1,0,1,unexposed,stimulus_absolute,train,0.1,0.37623813028804276,0.6237618697119572
DEAP:S27:T21,DEAP:S27,T21,1,9.0,2,1,0,1,unexposed,stimulus_absolute,train,0.1,0.43796394442986053,0.5620360555701395
DEAP:S27:T35,DEAP:S27,T35,0,1.0,2,1,0,1,unexposed,stimulus_absolute,train,0.1,0.4024816595703349,0.5975183404296651
DEAP:S27:T36,DEAP:S27,T36,1,6.13,2,1,0,1,unexposed,stimulus_absolute,train,0.1,0.42676019844896373,0.5732398015510363
DEAP:S27:T37,DEAP:S27,T37,0,2.99,2,1,0,1,unexposed,stimulus_absolute,train,0.1,0.40418143625393643,0.5958185637460636
DEAP:S27:T38,DEAP:S27,T38,0,1.0,2,1,0,1,unexposed,stimulus_absolute,train,0.1,0.5705060180496824,0.4294939819503176
DEAP:S27:T40,DEAP:S27,T40,1,5.04,2,1,0,1,unexposed,stimulus_absolute,train,0.1,0.3561379979857674,0.6438620020142326
DEAP:S28:T06,DEAP:S28,T06,1,8.15,2,1,0,1,unexposed,stimulus_absolute,train,0.1,0.4064582819185948,0.5935417180814052
DEAP:S28:T07,DEAP:S28,T07,1,8.09,2,1,0,1,unexposed,stimulus_absolute,train,0.1,0.49149602005425086,0.5085039799457491
DEAP:S28:T09,DEAP:S28,T09,1,5.04,2,1,0,1,unexposed,stimulus_absolute,train,0.1,0.39794408195647324,0.6020559180435268
DEAP:S28:T13,DEAP:S28,T13,0,2.09,2,1,0,1,unexposed,stimulus_absolute,train,0.1,0.4696856442279652,0.5303143557720348
DEAP:S28:T14,DEAP:S28,T14,1,8.03,2,1,0,1,unexposed,stimulus_absolute,train,0.1,0.41028376368496844,0.5897162363150316
DEAP:S28:T15,DEAP:S28,T15,1,5.04,2,1,0,1,unexposed,stimulus_absolute,train,0.1,0.44463097966947374,0.5553690203305263
DEAP:S28:T16,DEAP:S28,T16,1,6.91,2,1,0,1,unexposed,stimulus_absolute,train,0.1,0.5709701738450605,0.42902982615493945
DEAP:S28:T17,DEAP:S28,T17,1,6.99,2,1,0,1,unexposed,stimulus_absolute,train,0.1,0.42927257215142356,0.5707274278485764
DEAP:S28:T20,DEAP:S28,T20,1,8.04,2,1,0,1,unexposed,stimulus_absolute,train,0.1,0.46812470527558314,0.5318752947244169
DEAP:S28:T21,DEAP:S28,T21,0,2.01,2,1,0,1,unexposed,stimulus_absolute,train,0.1,0.6220911378277705,0.3779088621722295
DEAP:S28:T27,DEAP:S28,T27,1,6.08,2,1,0,1,unexposed,stimulus_absolute,train,0.1,0.4098778908822044,0.5901221091177956
DEAP:S28:T35,DEAP:S28,T35,0,1.08,2,1,0,1,unexposed,stimulus_absolute,train,0.1,0.4458282673144248,0.5541717326855752
DEAP:S28:T36,DEAP:S28,T36,0,3.08,2,1,0,1,unexposed,stimulus_absolute,train,0.1,0.5188610355406393,0.4811389644593606
DEAP:S28:T37,DEAP:S28,T37,0,1.01,2,1,0,1,unexposed,stimulus_absolute,train,0.1,0.4380563868752493,0.5619436131247507
DEAP:S28:T38,DEAP:S28,T38,0,1.96,2,1,0,1,unexposed,stimulus_absolute,train,0.1,0.4937548495465346,0.5062451504534654
DEAP:S28:T40,DEAP:S28,T40,1,7.1,2,1,0,1,unexposed,stimulus_absolute,train,0.1,0.4463977985858891,0.5536022014141109
DEAP:S29:T06,DEAP:S29,T06,1,8.03,2,1,0,1,unexposed,stimulus_absolute,train,0.1,0.44075360724616375,0.5592463927538363
DEAP:S29:T07,DEAP:S29,T07,1,7.04,2,1,0,1,unexposed,stimulus_absolute,train,0.1,0.484769213371571,0.515230786628429
DEAP:S29:T09,DEAP:S29,T09,1,7.06,2,1,0,1,unexposed,stimulus_absolute,train,0.1,0.5927995513958779,0.4072004486041221
DEAP:S29:T14,DEAP:S29,T14,1,8.06,2,1,0,1,unexposed,stimulus_absolute,train,0.1,0.33950898376606853,0.6604910162339315
DEAP:S29:T15,DEAP:S29,T15,0,4.01,2,1,0,1,unexposed,stimulus_absolute,train,0.1,0.541417454491077,0.458582545508923
DEAP:S29:T16,DEAP:S29,T16,0,3.0,2,1,0,1,unexposed,stimulus_absolute,train,0.1,0.5849160243471594,0.41508397565284055
DEAP:S29:T17,DEAP:S29,T17,1,5.08,2,1,0,1,unexposed,stimulus_absolute,train,0.1,0.34332029951530274,0.6566797004846973
DEAP:S29:T20,DEAP:S29,T20,1,8.03,2,1,0,1,unexposed,stimulus_absolute,train,0.1,0.44821363902358324,0.5517863609764168
DEAP:S29:T21,DEAP:S29,T21,0,2.92,2,1,0,1,unexposed,stimulus_absolute,train,0.1,0.6266430225166213,0.3733569774833787
DEAP:S29:T35,DEAP:S29,T35,0,1.92,2,1,0,1,unexposed,stimulus_absolute,train,0.1,0.4541668461983326,0.5458331538016674
DEAP:S29:T36,DEAP:S29,T36,1,5.03,2,1,0,1,unexposed,stimulus_absolute,train,0.1,0.5852941918446151,0.414705808155385
DEAP:S29:T38,DEAP:S29,T38,0,1.88,2,1,0,1,unexposed,stimulus_absolute,train,0.1,0.5396416197039275,0.46035838029607246
DEAP:S29:T40,DEAP:S29,T40,1,6.01,2,1,0,1,unexposed,stimulus_absolute,train,0.1,0.46894264730466795,0.531057352695332
DEAP:S31:T06,DEAP:S31,T06,0,4.99,2,1,0,1,unexposed,stimulus_absolute,train,0.1,0.2603481612094256,0.7396518387905744
DEAP:S31:T07,DEAP:S31,T07,1,6.05,2,1,0,1,unexposed,stimulus_absolute,train,0.1,0.23229007230706988,0.7677099276929301
DEAP:S31:T09,DEAP:S31,T09,1,6.06,2,1,0,1,unexposed,stimulus_absolute,train,0.1,0.21524560948725446,0.7847543905127455
DEAP:S31:T13,DEAP:S31,T13,1,8.09,2,1,0,1,unexposed,stimulus_absolute,train,0.1,0.2401789394160807,0.7598210605839193
DEAP:S31:T14,DEAP:S31,T14,1,8.06,2,1,0,1,unexposed,stimulus_absolute,train,0.1,0.2412014459636619,0.7587985540363381
DEAP:S31:T15,DEAP:S31,T15,1,6.05,2,1,0,1,unexposed,stimulus_absolute,train,0.1,0.24009569384192275,0.7599043061580772
DEAP:S31:T16,DEAP:S31,T16,1,6.09,2,1,0,1,unexposed,stimulus_absolute,train,0.1,0.24393272376785224,0.7560672762321478
DEAP:S31:T20,DEAP:S31,T20,1,6.9,2,1,0,1,unexposed,stimulus_absolute,train,0.1,0.21273782609063152,0.7872621739093685
DEAP:S31:T21,DEAP:S31,T21,1,5.09,2,1,0,1,unexposed,stimulus_absolute,train,0.1,0.3056637494988723,0.6943362505011277
DEAP:S31:T40,DEAP:S31,T40,0,3.99,2,1,0,1,unexposed,stimulus_absolute,train,0.1,0.3003418686264644,0.6996581313735356
DEAP:S32:T06,DEAP:S32,T06,1,5.78,2,1,0,1,unexposed,stimulus_absolute,train,0.1,0.5635245370249049,0.43647546297509504
DEAP:S32:T07,DEAP:S32,T07,0,4.94,2,1,0,1,unexposed,stimulus_absolute,train,0.1,0.6134651845008827,0.3865348154991173
DEAP:S32:T09,DEAP:S32,T09,1,7.86,2,1,0,1,unexposed,stimulus_absolute,train,0.1,0.465435135607992,0.534564864392008
DEAP:S32:T13,DEAP:S32,T13,1,7.09,2,1,0,1,unexposed,stimulus_absolute,train,0.1,0.5100204431840438,0.4899795568159561
DEAP:S32:T14,DEAP:S32,T14,1,7.1,2,1,0,1,unexposed,stimulus_absolute,train,0.1,0.532046333937019,0.46795366606298106
DEAP:S32:T15,DEAP:S32,T15,1,5.01,2,1,0,1,unexposed,stimulus_absolute,train,0.1,0.5188790398075249,0.48112096019247513
DEAP:S32:T16,DEAP:S32,T16,0,3.97,2,1,0,1,unexposed,stimulus_absolute,train,0.1,0.6549923237175459,0.34500767628245405
DEAP:S32:T17,DEAP:S32,T17,1,6.09,2,1,0,1,unexposed,stimulus_absolute,train,0.1,0.6455839835327541,0.3544160164672458
DEAP:S32:T20,DEAP:S32,T20,1,6.03,2,1,0,1,unexposed,stimulus_absolute,train,0.1,0.49569152582535325,0.5043084741746467
DEAP:S32:T21,DEAP:S32,T21,0,4.12,2,1,0,1,unexposed,stimulus_absolute,train,0.1,0.5795772087684474,0.42042279123155263
DEAP:S32:T27,DEAP:S32,T27,1,6.0,2,1,0,1,unexposed,stimulus_absolute,train,0.1,0.46792666954128415,0.5320733304587159
DEAP:S32:T35,DEAP:S32,T35,0,3.88,2,1,0,1,unexposed,stimulus_absolute,train,0.1,0.7519587339147429,0.2480412660852571
DEAP:S32:T36,DEAP:S32,T36,0,3.91,2,1,0,1,unexposed,stimulus_absolute,train,0.1,0.46149909420214863,0.5385009057978514
DEAP:S32:T37,DEAP:S32,T37,0,2.81,2,1,0,1,unexposed,stimulus_absolute,train,0.1,0.6266026100368862,0.3733973899631137
DEAP:S32:T38,DEAP:S32,T38,0,3.05,2,1,0,1,unexposed,stimulus_absolute,train,0.1,0.6262305857657062,0.3737694142342937
DEAP:S32:T40,DEAP:S32,T40,1,7.15,2,1,0,1,unexposed,stimulus_absolute,train,0.1,0.5263289412546102,0.47367105874538984
DEAP:S14:T01,DEAP:S14,T01,1,8.22,2,1,0,1,unexposed,stimulus_absolute,validation_unseen,0.1,0.43624964999520466,0.5637503500047953
DEAP:S14:T03,DEAP:S14,T03,1,7.5,2,1,0,1,unexposed,stimulus_absolute,validation_unseen,0.1,0.44250785972797224,0.5574921402720278
DEAP:S14:T05,DEAP:S14,T05,0,3.99,2,1,0,1,unexposed,stimulus_absolute,validation_unseen,0.1,0.503938738946476,0.49606126105352405
DEAP:S14:T10,DEAP:S14,T10,0,1.88,2,1,0,1,unexposed,stimulus_absolute,validation_unseen,0.1,0.5053615780953982,0.4946384219046019
DEAP:S14:T12,DEAP:S14,T12,1,7.63,2,1,0,1,unexposed,stimulus_absolute,validation_unseen,0.1,0.4657663388226423,0.5342336611773577
DEAP:S14:T24,DEAP:S14,T24,0,2.36,2,1,0,1,unexposed,stimulus_absolute,validation_unseen,0.1,0.436573520203424,0.563426479796576
DEAP:S14:T31,DEAP:S14,T31,0,3.26,2,1,0,1,unexposed,stimulus_absolute,validation_unseen,0.1,0.4032028372460985,0.5967971627539015
DEAP:S14:T34,DEAP:S14,T34,0,2.5,2,1,0,1,unexposed,stimulus_absolute,validation_unseen,0.1,0.4412577241793352,0.5587422758206648
DEAP:S16:T01,DEAP:S16,T01,0,2.51,2,1,0,1,unexposed,stimulus_absolute,validation_unseen,0.1,0.8268451530049383,0.17315484699506165
DEAP:S16:T03,DEAP:S16,T03,1,6.74,2,1,0,1,unexposed,stimulus_absolute,validation_unseen,0.1,0.8111082095018163,0.18889179049818372
DEAP:S16:T05,DEAP:S16,T05,1,5.51,2,1,0,1,unexposed,stimulus_absolute,validation_unseen,0.1,0.8289890538411664,0.1710109461588336
DEAP:S16:T10,DEAP:S16,T10,1,5.14,2,1,0,1,unexposed,stimulus_absolute,validation_unseen,0.1,0.7686731852334945,0.23132681476650555
DEAP:S16:T12,DEAP:S16,T12,1,5.97,2,1,0,1,unexposed,stimulus_absolute,validation_unseen,0.1,0.7822383442335256,0.2177616557664744
DEAP:S16:T24,DEAP:S16,T24,0,2.51,2,1,0,1,unexposed,stimulus_absolute,validation_unseen,0.1,0.6801768271022726,0.3198231728977274
DEAP:S16:T31,DEAP:S16,T31,0,3.88,2,1,0,1,unexposed,stimulus_absolute,validation_unseen,0.1,0.7522320245525361,0.24776797544746385
DEAP:S16:T34,DEAP:S16,T34,0,1.0,2,1,0,1,unexposed,stimulus_absolute,validation_unseen,0.1,0.884817510658717,0.11518248934128296
DEAP:S17:T01,DEAP:S17,T01,0,4.05,2,1,0,1,unexposed,stimulus_absolute,validation_unseen,0.1,0.9461865774113848,0.05381342258861521
DEAP:S17:T03,DEAP:S17,T03,1,6.46,2,1,0,1,unexposed,stimulus_absolute,validation_unseen,0.1,0.9617944226971632,0.0382055773028368
DEAP:S17:T05,DEAP:S17,T05,1,7.05,2,1,0,1,unexposed,stimulus_absolute,validation_unseen,0.1,0.9548100535368796,0.04518994646312034
DEAP:S17:T10,DEAP:S17,T10,1,6.09,2,1,0,1,unexposed,stimulus_absolute,validation_unseen,0.1,0.9448416222126316,0.05515837778736839
DEAP:S17:T12,DEAP:S17,T12,1,5.96,2,1,0,1,unexposed,stimulus_absolute,validation_unseen,0.1,0.9472049257333077,0.05279507426669224
DEAP:S17:T24,DEAP:S17,T24,0,4.53,2,1,0,1,unexposed,stimulus_absolute,validation_unseen,0.1,0.9521767299213749,0.04782327007862513
DEAP:S17:T31,DEAP:S17,T31,0,4.54,2,1,0,1,unexposed,stimulus_absolute,validation_unseen,0.1,0.9192924705528621,0.08070752944713784
DEAP:S17:T34,DEAP:S17,T34,0,4.99,2,1,0,1,unexposed,stimulus_absolute,validation_unseen,0.1,0.9508426335198756,0.04915736648012433
DEAP:S23:T01,DEAP:S23,T01,1,7.71,2,1,0,1,unexposed,stimulus_absolute,validation_unseen,0.1,0.2505478682788139,0.7494521317211861
DEAP:S23:T03,DEAP:S23,T03,1,7.09,2,1,0,1,unexposed,stimulus_absolute,validation_unseen,0.1,0.1620450408352706,0.8379549591647294
DEAP:S23:T05,DEAP:S23,T05,1,6.94,2,1,0,1,unexposed,stimulus_absolute,validation_unseen,0.1,0.3738780202801931,0.6261219797198069
DEAP:S23:T10,DEAP:S23,T10,1,5.01,2,1,0,1,unexposed,stimulus_absolute,validation_unseen,0.1,0.3094902739261749,0.6905097260738251
DEAP:S23:T12,DEAP:S23,T12,1,7.0,2,1,0,1,unexposed,stimulus_absolute,validation_unseen,0.1,0.6559139126877633,0.3440860873122367
DEAP:S23:T24,DEAP:S23,T24,1,6.53,2,1,0,1,unexposed,stimulus_absolute,validation_unseen,0.1,0.2690764872329654,0.7309235127670346
DEAP:S23:T31,DEAP:S23,T31,0,4.86,2,1,0,1,unexposed,stimulus_absolute,validation_unseen,0.1,0.3148565710620548,0.6851434289379452
DEAP:S23:T34,DEAP:S23,T34,1,6.72,2,1,0,1,unexposed,stimulus_absolute,validation_unseen,0.1,0.2412498534573061,0.7587501465426939
DEAP:S14:T06,DEAP:S14,T06,1,7.19,2,1,0,1,unexposed,stimulus_absolute,validation_familiar,0.1,0.3974585818351384,0.6025414181648616
DEAP:S14:T07,DEAP:S14,T07,1,6.85,2,1,0,1,unexposed,stimulus_absolute,validation_familiar,0.1,0.4877634077940106,0.5122365922059894
DEAP:S14:T09,DEAP:S14,T09,1,7.69,2,1,0,1,unexposed,stimulus_absolute,validation_familiar,0.1,0.4171344667783857,0.5828655332216143
DEAP:S14:T13,DEAP:S14,T13,1,6.79,2,1,0,1,unexposed,stimulus_absolute,validation_familiar,0.1,0.4446827323436803,0.5553172676563197
DEAP:S14:T14,DEAP:S14,T14,1,8.03,2,1,0,1,unexposed,stimulus_absolute,validation_familiar,0.1,0.4767740633386871,0.5232259366613129
DEAP:S14:T15,DEAP:S14,T15,1,7.08,2,1,0,1,unexposed,stimulus_absolute,validation_familiar,0.1,0.5030712543806098,0.49692874561939016
DEAP:S14:T16,DEAP:S14,T16,0,3.96,2,1,0,1,unexposed,stimulus_absolute,validation_familiar,0.1,0.4661255605388065,0.5338744394611935
DEAP:S14:T17,DEAP:S14,T17,1,6.06,2,1,0,1,unexposed,stimulus_absolute,validation_familiar,0.1,0.42351763713766166,0.5764823628623383
DEAP:S14:T20,DEAP:S14,T20,1,7.33,2,1,0,1,unexposed,stimulus_absolute,validation_familiar,0.1,0.38349623648968856,0.6165037635103114
DEAP:S14:T21,DEAP:S14,T21,0,1.03,2,1,0,1,unexposed,stimulus_absolute,validation_familiar,0.1,0.4390563933034115,0.5609436066965885
DEAP:S14:T27,DEAP:S14,T27,1,5.81,2,1,0,1,unexposed,stimulus_absolute,validation_familiar,0.1,0.45930084804936067,0.5406991519506393
DEAP:S14:T35,DEAP:S14,T35,0,2.68,2,1,0,1,unexposed,stimulus_absolute,validation_familiar,0.1,0.4303171968271985,0.5696828031728015
DEAP:S14:T36,DEAP:S14,T36,0,2.01,2,1,0,1,unexposed,stimulus_absolute,validation_familiar,0.1,0.4289705983123807,0.5710294016876193
DEAP:S14:T37,DEAP:S14,T37,0,3.47,2,1,0,1,unexposed,stimulus_absolute,validation_familiar,0.1,0.4013048982754338,0.5986951017245662
DEAP:S14:T38,DEAP:S14,T38,0,2.26,2,1,0,1,unexposed,stimulus_absolute,validation_familiar,0.1,0.45767086850233973,0.5423291314976603
DEAP:S14:T40,DEAP:S14,T40,1,6.68,2,1,0,1,unexposed,stimulus_absolute,validation_familiar,0.1,0.47659261725009705,0.523407382749903
DEAP:S16:T06,DEAP:S16,T06,0,4.99,2,1,0,1,unexposed,stimulus_absolute,validation_familiar,0.1,0.8122140862639297,0.18778591373607034
DEAP:S16:T07,DEAP:S16,T07,1,6.83,2,1,0,1,unexposed,stimulus_absolute,validation_familiar,0.1,0.8625344688737825,0.1374655311262175
DEAP:S16:T09,DEAP:S16,T09,0,4.18,2,1,0,1,unexposed,stimulus_absolute,validation_familiar,0.1,0.8865903366328927,0.11340966336710728
DEAP:S16:T13,DEAP:S16,T13,0,3.88,2,1,0,1,unexposed,stimulus_absolute,validation_familiar,0.1,0.7142625530840772,0.2857374469159228
DEAP:S16:T14,DEAP:S16,T14,0,3.64,2,1,0,1,unexposed,stimulus_absolute,validation_familiar,0.1,0.7656412843972372,0.2343587156027628
DEAP:S16:T15,DEAP:S16,T15,0,2.67,2,1,0,1,unexposed,stimulus_absolute,validation_familiar,0.1,0.827153984852117,0.17284601514788303
DEAP:S16:T16,DEAP:S16,T16,0,4.97,2,1,0,1,unexposed,stimulus_absolute,validation_familiar,0.1,0.8398224954348898,0.16017750456511012
DEAP:S16:T17,DEAP:S16,T17,0,1.21,2,1,0,1,unexposed,stimulus_absolute,validation_familiar,0.1,0.7284636551788433,0.2715363448211567
DEAP:S16:T20,DEAP:S16,T20,0,3.82,2,1,0,1,unexposed,stimulus_absolute,validation_familiar,0.1,0.7302603660901607,0.26973963390983935
DEAP:S16:T21,DEAP:S16,T21,0,4.42,2,1,0,1,unexposed,stimulus_absolute,validation_familiar,0.1,0.7988233327274215,0.20117666727257857
DEAP:S16:T27,DEAP:S16,T27,0,2.59,2,1,0,1,unexposed,stimulus_absolute,validation_familiar,0.1,0.7971296046424134,0.20287039535758655
DEAP:S16:T35,DEAP:S16,T35,0,1.0,2,1,0,1,unexposed,stimulus_absolute,validation_familiar,0.1,0.8161298286201755,0.1838701713798246
DEAP:S16:T36,DEAP:S16,T36,1,5.05,2,1,0,1,unexposed,stimulus_absolute,validation_familiar,0.1,0.6908718883833815,0.3091281116166185
DEAP:S16:T37,DEAP:S16,T37,1,6.09,2,1,0,1,unexposed,stimulus_absolute,validation_familiar,0.1,0.7496796755848434,0.2503203244151566
DEAP:S16:T38,DEAP:S16,T38,0,4.27,2,1,0,1,unexposed,stimulus_absolute,validation_familiar,0.1,0.7557203431384782,0.2442796568615217
DEAP:S16:T40,DEAP:S16,T40,0,3.74,2,1,0,1,unexposed,stimulus_absolute,validation_familiar,0.1,0.8023827946240654,0.1976172053759347
DEAP:S17:T06,DEAP:S17,T06,1,6.9,2,1,0,1,unexposed,stimulus_absolute,validation_familiar,0.1,0.9527002979058047,0.047299702094195324
DEAP:S17:T07,DEAP:S17,T07,1,7.08,2,1,0,1,unexposed,stimulus_absolute,validation_familiar,0.1,0.9451884133011065,0.05481158669889356
DEAP:S17:T09,DEAP:S17,T09,1,6.04,2,1,0,1,unexposed,stimulus_absolute,validation_familiar,0.1,0.9692434225553734,0.030756577444626603
DEAP:S17:T13,DEAP:S17,T13,0,4.54,2,1,0,1,unexposed,stimulus_absolute,validation_familiar,0.1,0.9600685710911402,0.03993142890885979
DEAP:S17:T14,DEAP:S17,T14,1,6.58,2,1,0,1,unexposed,stimulus_absolute,validation_familiar,0.1,0.9405489719874034,0.05945102801259665
DEAP:S17:T15,DEAP:S17,T15,1,5.96,2,1,0,1,unexposed,stimulus_absolute,validation_familiar,0.1,0.9694399753608326,0.030560024639167377
DEAP:S17:T16,DEAP:S17,T16,1,5.92,2,1,0,1,unexposed,stimulus_absolute,validation_familiar,0.1,0.9534015908765566,0.04659840912344337
DEAP:S17:T17,DEAP:S17,T17,0,4.12,2,1,0,1,unexposed,stimulus_absolute,validation_familiar,0.1,0.9577417650799868,0.0422582349200132
DEAP:S17:T20,DEAP:S17,T20,1,7.03,2,1,0,1,unexposed,stimulus_absolute,validation_familiar,0.1,0.952337976924871,0.047662023075128984
DEAP:S17:T21,DEAP:S17,T21,0,4.0,2,1,0,1,unexposed,stimulus_absolute,validation_familiar,0.1,0.9475907581469798,0.05240924185302017
DEAP:S17:T27,DEAP:S17,T27,0,3.96,2,1,0,1,unexposed,stimulus_absolute,validation_familiar,0.1,0.9599542861573471,0.04004571384265287
DEAP:S17:T35,DEAP:S17,T35,0,4.17,2,1,0,1,unexposed,stimulus_absolute,validation_familiar,0.1,0.9536125053079513,0.046387494692048746
DEAP:S17:T36,DEAP:S17,T36,0,3.37,2,1,0,1,unexposed,stimulus_absolute,validation_familiar,0.1,0.9216102848432559,0.07838971515674406
DEAP:S17:T37,DEAP:S17,T37,0,3.46,2,1,0,1,unexposed,stimulus_absolute,validation_familiar,0.1,0.93572296716286,0.06427703283714005
DEAP:S17:T38,DEAP:S17,T38,0,3.6,2,1,0,1,unexposed,stimulus_absolute,validation_familiar,0.1,0.943491933022726,0.05650806697727392
DEAP:S17:T40,DEAP:S17,T40,1,5.04,2,1,0,1,unexposed,stimulus_absolute,validation_familiar,0.1,0.928445132951335,0.07155486704866502
DEAP:S23:T06,DEAP:S23,T06,1,5.09,2,1,0,1,unexposed,stimulus_absolute,validation_familiar,0.1,0.1873543650073779,0.8126456349926221
DEAP:S23:T07,DEAP:S23,T07,1,8.94,2,1,0,1,unexposed,stimulus_absolute,validation_familiar,0.1,0.21656560042157635,0.7834343995784236
DEAP:S23:T09,DEAP:S23,T09,1,7.03,2,1,0,1,unexposed,stimulus_absolute,validation_familiar,0.1,0.6782836799982738,0.32171632000172623
DEAP:S23:T13,DEAP:S23,T13,1,8.01,2,1,0,1,unexposed,stimulus_absolute,validation_familiar,0.1,0.618437328309807,0.381562671690193
DEAP:S23:T14,DEAP:S23,T14,1,8.01,2,1,0,1,unexposed,stimulus_absolute,validation_familiar,0.1,0.24749412856536535,0.7525058714346347
DEAP:S23:T15,DEAP:S23,T15,1,7.0,2,1,0,1,unexposed,stimulus_absolute,validation_familiar,0.1,0.548679548794154,0.451320451205846
DEAP:S23:T16,DEAP:S23,T16,1,5.15,2,1,0,1,unexposed,stimulus_absolute,validation_familiar,0.1,0.18657499654275178,0.8134250034572482
DEAP:S23:T17,DEAP:S23,T17,0,2.86,2,1,0,1,unexposed,stimulus_absolute,validation_familiar,0.1,0.1452688691003131,0.8547311308996869
DEAP:S23:T20,DEAP:S23,T20,0,3.96,2,1,0,1,unexposed,stimulus_absolute,validation_familiar,0.1,0.27232144517100576,0.7276785548289942
DEAP:S23:T21,DEAP:S23,T21,0,1.91,2,1,0,1,unexposed,stimulus_absolute,validation_familiar,0.1,0.20664545917132904,0.793354540828671
DEAP:S23:T27,DEAP:S23,T27,1,5.06,2,1,0,1,unexposed,stimulus_absolute,validation_familiar,0.1,0.3477577832571792,0.6522422167428208
DEAP:S23:T35,DEAP:S23,T35,1,5.18,2,1,0,1,unexposed,stimulus_absolute,validation_familiar,0.1,0.6024069107678645,0.3975930892321355
DEAP:S23:T36,DEAP:S23,T36,0,4.92,2,1,0,1,unexposed,stimulus_absolute,validation_familiar,0.1,0.35339752578144,0.64660247421856
DEAP:S23:T37,DEAP:S23,T37,0,4.31,2,1,0,1,unexposed,stimulus_absolute,validation_familiar,0.1,0.2286327002528069,0.7713672997471931
DEAP:S23:T38,DEAP:S23,T38,0,4.97,2,1,0,1,unexposed,stimulus_absolute,validation_familiar,0.1,0.1582924271290903,0.8417075728709097
DEAP:S23:T40,DEAP:S23,T40,0,4.88,2,1,0,1,unexposed,stimulus_absolute,validation_familiar,0.1,0.4926862476620957,0.5073137523379043
DEAP:S01:T06,DEAP:S01,T06,1,8.27,2,1,0,1,unexposed,stimulus_absolute,train,1.0,0.512367502368493,0.48763249763150696
DEAP:S01:T07,DEAP:S01,T07,1,7.44,2,1,0,1,unexposed,stimulus_absolute,train,1.0,0.3880710858055424,0.6119289141944576
DEAP:S01:T09,DEAP:S01,T09,0,4.04,2,1,0,1,unexposed,stimulus_absolute,train,1.0,0.67755768650124,0.3224423134987599
DEAP:S01:T13,DEAP:S01,T13,0,1.95,2,1,0,1,unexposed,stimulus_absolute,train,1.0,0.6180091996629588,0.38199080033704125
DEAP:S01:T14,DEAP:S01,T14,0,4.18,2,1,0,1,unexposed,stimulus_absolute,train,1.0,0.8541841248319841,0.14581587516801586
DEAP:S01:T15,DEAP:S01,T15,0,3.17,2,1,0,1,unexposed,stimulus_absolute,train,1.0,0.7364189557413086,0.26358104425869144
DEAP:S01:T16,DEAP:S01,T16,1,6.81,2,1,0,1,unexposed,stimulus_absolute,train,1.0,0.6718967287585866,0.3281032712414134
DEAP:S01:T17,DEAP:S01,T17,0,2.46,2,1,0,1,unexposed,stimulus_absolute,train,1.0,0.6698915149445639,0.3301084850554361
DEAP:S01:T20,DEAP:S01,T20,1,8.26,2,1,0,1,unexposed,stimulus_absolute,train,1.0,0.6751877240437367,0.3248122759562632
DEAP:S01:T21,DEAP:S01,T21,1,9.0,2,1,0,1,unexposed,stimulus_absolute,train,1.0,0.6174529984823273,0.38254700151767274
DEAP:S01:T27,DEAP:S01,T27,1,7.35,2,1,0,1,unexposed,stimulus_absolute,train,1.0,0.46880287823388833,0.5311971217661117
DEAP:S01:T35,DEAP:S01,T35,0,2.06,2,1,0,1,unexposed,stimulus_absolute,train,1.0,0.7657529382660807,0.23424706173391932
DEAP:S01:T37,DEAP:S01,T37,0,2.31,2,1,0,1,unexposed,stimulus_absolute,train,1.0,0.5902520825595741,0.4097479174404259
DEAP:S01:T38,DEAP:S01,T38,0,3.33,2,1,0,1,unexposed,stimulus_absolute,train,1.0,0.3241182347653504,0.6758817652346496
DEAP:S01:T40,DEAP:S01,T40,1,5.1,2,1,0,1,unexposed,stimulus_absolute,train,1.0,0.7232372435074852,0.27676275649251486
DEAP:S02:T07,DEAP:S02,T07,0,4.96,2,1,0,1,unexposed,stimulus_absolute,train,1.0,0.7673572402415689,0.2326427597584311
DEAP:S02:T09,DEAP:S02,T09,1,9.0,2,1,0,1,unexposed,stimulus_absolute,train,1.0,0.4299444725311191,0.5700555274688809
DEAP:S02:T13,DEAP:S02,T13,1,9.0,2,1,0,1,unexposed,stimulus_absolute,train,1.0,0.4146439174132549,0.5853560825867451
DEAP:S02:T14,DEAP:S02,T14,1,8.94,2,1,0,1,unexposed,stimulus_absolute,train,1.0,0.4928666531972036,0.5071333468027964
DEAP:S02:T15,DEAP:S02,T15,1,9.0,2,1,0,1,unexposed,stimulus_absolute,train,1.0,0.39203682267707896,0.607963177322921
DEAP:S02:T16,DEAP:S02,T16,1,6.0,2,1,0,1,unexposed,stimulus_absolute,train,1.0,0.27809966281286935,0.7219003371871306
DEAP:S02:T17,DEAP:S02,T17,1,9.0,2,1,0,1,unexposed,stimulus_absolute,train,1.0,0.5181143767652814,0.4818856232347187
DEAP:S02:T20,DEAP:S02,T20,1,8.97,2,1,0,1,unexposed,stimulus_absolute,train,1.0,0.56180159924641,0.43819840075358996
DEAP:S02:T21,DEAP:S02,T21,0,1.0,2,1,0,1,unexposed,stimulus_absolute,train,1.0,0.4260151104499348,0.5739848895500652
DEAP:S02:T35,DEAP:S02,T35,0,1.99,2,1,0,1,unexposed,stimulus_absolute,train,1.0,0.6920353934708949,0.30796460652910507
DEAP:S02:T36,DEAP:S02,T36,1,5.04,2,1,0,1,unexposed,stimulus_absolute,train,1.0,0.451892561592775,0.548107438407225
DEAP:S02:T37,DEAP:S02,T37,0,1.0,2,1,0,1,unexposed,stimulus_absolute,train,1.0,0.6980239923943388,0.3019760076056612
DEAP:S02:T38,DEAP:S02,T38,0,1.0,2,1,0,1,unexposed,stimulus_absolute,train,1.0,0.6623753122601649,0.3376246877398351
DEAP:S02:T40,DEAP:S02,T40,1,6.05,2,1,0,1,unexposed,stimulus_absolute,train,1.0,0.2124162423222452,0.7875837576777548
DEAP:S03:T06,DEAP:S03,T06,1,6.79,2,1,0,1,unexposed,stimulus_absolute,train,1.0,0.25999234956478523,0.7400076504352148
DEAP:S03:T09,DEAP:S03,T09,1,7.33,2,1,0,1,unexposed,stimulus_absolute,train,1.0,0.40906218871430144,0.5909378112856986
DEAP:S03:T13,DEAP:S03,T13,1,7.91,2,1,0,1,unexposed,stimulus_absolute,train,1.0,0.405831566603164,0.594168433396836
DEAP:S03:T14,DEAP:S03,T14,1,7.29,2,1,0,1,unexposed,stimulus_absolute,train,1.0,0.3971859571807087,0.6028140428192913
DEAP:S03:T15,DEAP:S03,T15,1,7.36,2,1,0,1,unexposed,stimulus_absolute,train,1.0,0.47646177467532125,0.5235382253246788
DEAP:S03:T16,DEAP:S03,T16,1,7.15,2,1,0,1,unexposed,stimulus_absolute,train,1.0,0.7252450603430078,0.27475493965699216
DEAP:S03:T17,DEAP:S03,T17,0,4.56,2,1,0,1,unexposed,stimulus_absolute,train,1.0,0.3058585067186699,0.6941414932813301
DEAP:S03:T20,DEAP:S03,T20,1,6.26,2,1,0,1,unexposed,stimulus_absolute,train,1.0,0.2779514128053556,0.7220485871946444
DEAP:S03:T21,DEAP:S03,T21,0,4.99,2,1,0,1,unexposed,stimulus_absolute,train,1.0,0.4495751285655887,0.5504248714344113
DEAP:S03:T27,DEAP:S03,T27,1,6.72,2,1,0,1,unexposed,stimulus_absolute,train,1.0,0.2241085586090199,0.7758914413909801
DEAP:S03:T35,DEAP:S03,T35,0,3.18,2,1,0,1,unexposed,stimulus_absolute,train,1.0,0.7834596990106959,0.2165403009893041
DEAP:S03:T36,DEAP:S03,T36,1,5.01,2,1,0,1,unexposed,stimulus_absolute,train,1.0,0.3506433117101291,0.6493566882898709
DEAP:S03:T37,DEAP:S03,T37,0,4.92,2,1,0,1,unexposed,stimulus_absolute,train,1.0,0.7168089986987354,0.28319100130126457
DEAP:S03:T38,DEAP:S03,T38,0,4.53,2,1,0,1,unexposed,stimulus_absolute,train,1.0,0.540214142791503,0.4597858572084969
DEAP:S03:T40,DEAP:S03,T40,1,5.38,2,1,0,1,unexposed,stimulus_absolute,train,1.0,0.4954697785791524,0.5045302214208476
DEAP:S04:T06,DEAP:S04,T06,1,5.01,2,1,0,1,unexposed,stimulus_absolute,train,1.0,0.38170646307413447,0.6182935369258655
DEAP:S04:T09,DEAP:S04,T09,1,6.05,2,1,0,1,unexposed,stimulus_absolute,train,1.0,0.7946762138583312,0.20532378614166877
DEAP:S04:T13,DEAP:S04,T13,0,4.12,2,1,0,1,unexposed,stimulus_absolute,train,1.0,0.5402118405245319,0.45978815947546814
DEAP:S04:T14,DEAP:S04,T14,1,6.96,2,1,0,1,unexposed,stimulus_absolute,train,1.0,0.497654695638843,0.502345304361157
DEAP:S04:T15,DEAP:S04,T15,1,6.96,2,1,0,1,unexposed,stimulus_absolute,train,1.0,0.34016970116028833,0.6598302988397117
DEAP:S04:T16,DEAP:S04,T16,0,2.51,2,1,0,1,unexposed,stimulus_absolute,train,1.0,0.753633000557453,0.24636699944254706
DEAP:S04:T17,DEAP:S04,T17,1,7.01,2,1,0,1,unexposed,stimulus_absolute,train,1.0,0.5396081868716975,0.4603918131283024
DEAP:S04:T20,DEAP:S04,T20,1,8.17,2,1,0,1,unexposed,stimulus_absolute,train,1.0,0.4551188067443036,0.5448811932556964
DEAP:S04:T21,DEAP:S04,T21,0,1.77,2,1,0,1,unexposed,stimulus_absolute,train,1.0,0.9442225448038777,0.05577745519612229
DEAP:S04:T27,DEAP:S04,T27,1,6.14,2,1,0,1,unexposed,stimulus_absolute,train,1.0,0.3996720680382846,0.6003279319617154
DEAP:S04:T35,DEAP:S04,T35,0,2.03,2,1,0,1,unexposed,stimulus_absolute,train,1.0,0.7667411106692118,0.23325888933078817
DEAP:S04:T36,DEAP:S04,T36,0,2.72,2,1,0,1,unexposed,stimulus_absolute,train,1.0,0.9483916711108583,0.05160832888914165
DEAP:S04:T37,DEAP:S04,T37,0,1.0,2,1,0,1,unexposed,stimulus_absolute,train,1.0,0.6822753462421848,0.3177246537578152
DEAP:S04:T38,DEAP:S04,T38,0,1.79,2,1,0,1,unexposed,stimulus_absolute,train,1.0,0.4316070305197496,0.5683929694802504
DEAP:S04:T40,DEAP:S04,T40,0,1.86,2,1,0,1,unexposed,stimulus_absolute,train,1.0,0.690243477516576,0.309756522483424
DEAP:S05:T06,DEAP:S05,T06,1,8.09,2,1,0,1,unexposed,stimulus_absolute,train,1.0,0.4777619715380934,0.5222380284619066
DEAP:S05:T07,DEAP:S05,T07,1,5.12,2,1,0,1,unexposed,stimulus_absolute,train,1.0,0.30751465508085085,0.6924853449191491
DEAP:S05:T09,DEAP:S05,T09,1,6.94,2,1,0,1,unexposed,stimulus_absolute,train,1.0,0.6214151523821554,0.37858484761784467
DEAP:S05:T13,DEAP:S05,T13,0,4.94,2,1,0,1,unexposed,stimulus_absolute,train,1.0,0.397805298717395,0.602194701282605
DEAP:S05:T14,DEAP:S05,T14,1,7.21,2,1,0,1,unexposed,stimulus_absolute,train,1.0,0.35925425181837234,0.6407457481816277
DEAP:S05:T15,DEAP:S05,T15,1,6.97,2,1,0,1,unexposed,stimulus_absolute,train,1.0,0.2993251445290992,0.7006748554709008
DEAP:S05:T16,DEAP:S05,T16,1,5.96,2,1,0,1,unexposed,stimulus_absolute,train,1.0,0.16512244249957087,0.8348775575004291
DEAP:S05:T17,DEAP:S05,T17,1,6.88,2,1,0,1,unexposed,stimulus_absolute,train,1.0,0.2395906822597874,0.7604093177402126
DEAP:S05:T20,DEAP:S05,T20,1,7.0,2,1,0,1,unexposed,stimulus_absolute,train,1.0,0.32696184871392386,0.6730381512860761
DEAP:S05:T21,DEAP:S05,T21,0,4.0,2,1,0,1,unexposed,stimulus_absolute,train,1.0,0.8329151040314798,0.16708489596852014
DEAP:S05:T27,DEAP:S05,T27,1,7.0,2,1,0,1,unexposed,stimulus_absolute,train,1.0,0.35840050809609725,0.6415994919039028
DEAP:S05:T35,DEAP:S05,T35,0,4.86,2,1,0,1,unexposed,stimulus_absolute,train,1.0,0.5610342635131078,0.43896573648689224
DEAP:S05:T36,DEAP:S05,T36,0,4.91,2,1,0,1,unexposed,stimulus_absolute,train,1.0,0.5890713675760186,0.4109286324239813
DEAP:S05:T38,DEAP:S05,T38,0,1.0,2,1,0,1,unexposed,stimulus_absolute,train,1.0,0.3535707096844367,0.6464292903155633
DEAP:S05:T40,DEAP:S05,T40,1,7.0,2,1,0,1,unexposed,stimulus_absolute,train,1.0,0.422867015463844,0.577132984536156
DEAP:S06:T06,DEAP:S06,T06,1,8.05,2,1,0,1,unexposed,stimulus_absolute,train,1.0,0.18725624968733678,0.8127437503126632
DEAP:S06:T07,DEAP:S06,T07,1,8.26,2,1,0,1,unexposed,stimulus_absolute,train,1.0,0.2092350541966147,0.7907649458033853
DEAP:S06:T09,DEAP:S06,T09,1,7.87,2,1,0,1,unexposed,stimulus_absolute,train,1.0,0.4647019483104947,0.5352980516895053
DEAP:S06:T13,DEAP:S06,T13,1,7.79,2,1,0,1,unexposed,stimulus_absolute,train,1.0,0.4164670423328424,0.5835329576671576
DEAP:S06:T14,DEAP:S06,T14,1,6.32,2,1,0,1,unexposed,stimulus_absolute,train,1.0,0.02909243329083433,0.9709075667091657
DEAP:S06:T15,DEAP:S06,T15,1,5.59,2,1,0,1,unexposed,stimulus_absolute,train,1.0,0.2929552212466223,0.7070447787533777
DEAP:S06:T16,DEAP:S06,T16,1,5.06,2,1,0,1,unexposed,stimulus_absolute,train,1.0,0.41991714653851875,0.5800828534614813
DEAP:S06:T17,DEAP:S06,T17,1,6.72,2,1,0,1,unexposed,stimulus_absolute,train,1.0,0.3882403833310155,0.6117596166689845
DEAP:S06:T20,DEAP:S06,T20,1,5.01,2,1,0,1,unexposed,stimulus_absolute,train,1.0,0.24141837609926853,0.7585816239007315
DEAP:S06:T21,DEAP:S06,T21,1,6.28,2,1,0,1,unexposed,stimulus_absolute,train,1.0,0.42022340585877294,0.5797765941412271
DEAP:S06:T27,DEAP:S06,T27,1,5.08,2,1,0,1,unexposed,stimulus_absolute,train,1.0,0.3120012008390989,0.6879987991609011
DEAP:S06:T35,DEAP:S06,T35,0,3.96,2,1,0,1,unexposed,stimulus_absolute,train,1.0,0.2369835132586019,0.7630164867413981
DEAP:S06:T36,DEAP:S06,T36,1,5.71,2,1,0,1,unexposed,stimulus_absolute,train,1.0,0.23009165480866156,0.7699083451913384
DEAP:S06:T37,DEAP:S06,T37,0,4.83,2,1,0,1,unexposed,stimulus_absolute,train,1.0,0.3830290073523577,0.6169709926476423
DEAP:S06:T40,DEAP:S06,T40,0,4.85,2,1,0,1,unexposed,stimulus_absolute,train,1.0,0.3281508408468605,0.6718491591531395
DEAP:S07:T06,DEAP:S07,T06,1,6.97,2,1,0,1,unexposed,stimulus_absolute,train,1.0,0.01852140778415401,0.981478592215846
DEAP:S07:T07,DEAP:S07,T07,1,7.08,2,1,0,1,unexposed,stimulus_absolute,train,1.0,0.17219768958731718,0.8278023104126828
DEAP:S07:T09,DEAP:S07,T09,1,6.99,2,1,0,1,unexposed,stimulus_absolute,train,1.0,0.1372550545620682,0.8627449454379318
DEAP:S07:T13,DEAP:S07,T13,1,8.0,2,1,0,1,unexposed,stimulus_absolute,train,1.0,0.059583363114460774,0.9404166368855392
DEAP:S07:T14,DEAP:S07,T14,1,7.09,2,1,0,1,unexposed,stimulus_absolute,train,1.0,0.14930811774031605,0.850691882259684
DEAP:S07:T15,DEAP:S07,T15,1,7.99,2,1,0,1,unexposed,stimulus_absolute,train,1.0,0.05339528744356403,0.946604712556436
DEAP:S07:T16,DEAP:S07,T16,0,3.03,2,1,0,1,unexposed,stimulus_absolute,train,1.0,0.5606198416073718,0.4393801583926282
DEAP:S07:T21,DEAP:S07,T21,0,3.12,2,1,0,1,unexposed,stimulus_absolute,train,1.0,0.6481737603957216,0.35182623960427833
DEAP:S07:T27,DEAP:S07,T27,1,6.09,2,1,0,1,unexposed,stimulus_absolute,train,1.0,0.11002618007323794,0.889973819926762
DEAP:S07:T35,DEAP:S07,T35,1,5.01,2,1,0,1,unexposed,stimulus_absolute,train,1.0,0.1857046842259229,0.8142953157740771
DEAP:S07:T36,DEAP:S07,T36,1,8.1,2,1,0,1,unexposed,stimulus_absolute,train,1.0,0.13048580971730883,0.8695141902826912
DEAP:S07:T37,DEAP:S07,T37,1,5.05,2,1,0,1,unexposed,stimulus_absolute,train,1.0,0.13406820435679634,0.8659317956432037
DEAP:S07:T40,DEAP:S07,T40,1,7.01,2,1,0,1,unexposed,stimulus_absolute,train,1.0,0.35754629083095746,0.6424537091690425
DEAP:S08:T06,DEAP:S08,T06,1,7.4,2,1,0,1,unexposed,stimulus_absolute,train,1.0,0.5711240766526553,0.4288759233473447
DEAP:S08:T07,DEAP:S08,T07,1,5.04,2,1,0,1,unexposed,stimulus_absolute,train,1.0,0.38627507537448036,0.6137249246255196
DEAP:S08:T09,DEAP:S08,T09,1,8.78,2,1,0,1,unexposed,stimulus_absolute,train,1.0,0.2816516815646669,0.7183483184353331
DEAP:S08:T13,DEAP:S08,T13,1,7.9,2,1,0,1,unexposed,stimulus_absolute,train,1.0,0.15323092959886464,0.8467690704011354
DEAP:S08:T14,DEAP:S08,T14,1,6.88,2,1,0,1,unexposed,stimulus_absolute,train,1.0,0.501121233882859,0.49887876611714105
DEAP:S08:T15,DEAP:S08,T15,1,8.33,2,1,0,1,unexposed,stimulus_absolute,train,1.0,0.23628813223438627,0.7637118677656137
DEAP:S08:T16,DEAP:S08,T16,0,4.21,2,1,0,1,unexposed,stimulus_absolute,train,1.0,0.9106190067624677,0.08938099323753232
DEAP:S08:T17,DEAP:S08,T17,1,6.67,2,1,0,1,unexposed,stimulus_absolute,train,1.0,0.5082970913897498,0.4917029086102502
DEAP:S08:T20,DEAP:S08,T20,1,6.74,2,1,0,1,unexposed,stimulus_absolute,train,1.0,0.20014206185647154,0.7998579381435285
DEAP:S08:T21,DEAP:S08,T21,0,4.68,2,1,0,1,unexposed,stimulus_absolute,train,1.0,0.6702139464460914,0.3297860535539085
DEAP:S08:T27,DEAP:S08,T27,0,4.46,2,1,0,1,unexposed,stimulus_absolute,train,1.0,0.45210476260536514,0.5478952373946349
DEAP:S08:T35,DEAP:S08,T35,0,3.62,2,1,0,1,unexposed,stimulus_absolute,train,1.0,0.8054004983613505,0.19459950163864947
DEAP:S08:T36,DEAP:S08,T36,0,1.21,2,1,0,1,unexposed,stimulus_absolute,train,1.0,0.5746836298382002,0.4253163701617998
DEAP:S08:T37,DEAP:S08,T37,1,5.06,2,1,0,1,unexposed,stimulus_absolute,train,1.0,0.2379467655711469,0.7620532344288531
DEAP:S08:T38,DEAP:S08,T38,0,4.72,2,1,0,1,unexposed,stimulus_absolute,train,1.0,0.4145320633445285,0.5854679366554715
DEAP:S08:T40,DEAP:S08,T40,0,3.13,2,1,0,1,unexposed,stimulus_absolute,train,1.0,0.8111774132918175,0.18882258670818247
DEAP:S09:T06,DEAP:S09,T06,1,7.04,2,1,0,1,unexposed,stimulus_absolute,train,1.0,0.2565988758262009,0.7434011241737991
DEAP:S09:T07,DEAP:S09,T07,1,5.08,2,1,0,1,unexposed,stimulus_absolute,train,1.0,0.4511077178536861,0.5488922821463139
DEAP:S09:T13,DEAP:S09,T13,1,8.15,2,1,0,1,unexposed,stimulus_absolute,train,1.0,0.6198325634991393,0.3801674365008607
DEAP:S09:T14,DEAP:S09,T14,1,7.0,2,1,0,1,unexposed,stimulus_absolute,train,1.0,0.1879574918124005,0.8120425081875995
DEAP:S09:T15,DEAP:S09,T15,1,6.21,2,1,0,1,unexposed,stimulus_absolute,train,1.0,0.6260022832024645,0.3739977167975355
DEAP:S09:T16,DEAP:S09,T16,0,4.05,2,1,0,1,unexposed,stimulus_absolute,train,1.0,0.7046439889491616,0.29535601105083836
DEAP:S09:T17,DEAP:S09,T17,1,6.03,2,1,0,1,unexposed,stimulus_absolute,train,1.0,0.18466105401000377,0.8153389459899962
DEAP:S09:T20,DEAP:S09,T20,1,5.12,2,1,0,1,unexposed,stimulus_absolute,train,1.0,0.3925893642719296,0.6074106357280704
DEAP:S09:T21,DEAP:S09,T21,0,4.04,2,1,0,1,unexposed,stimulus_absolute,train,1.0,0.9212351796663285,0.07876482033367153
DEAP:S09:T27,DEAP:S09,T27,1,5.04,2,1,0,1,unexposed,stimulus_absolute,train,1.0,0.16445417681188368,0.8355458231881163
DEAP:S09:T35,DEAP:S09,T35,0,3.01,2,1,0,1,unexposed,stimulus_absolute,train,1.0,0.44477614619625805,0.555223853803742
DEAP:S09:T36,DEAP:S09,T36,0,3.08,2,1,0,1,unexposed,stimulus_absolute,train,1.0,0.7265548568805049,0.2734451431194951
DEAP:S09:T37,DEAP:S09,T37,0,2.99,2,1,0,1,unexposed,stimulus_absolute,train,1.0,0.8028087624072349,0.19719123759276513
DEAP:S09:T38,DEAP:S09,T38,0,2.92,2,1,0,1,unexposed,stimulus_absolute,train,1.0,0.41871293294070444,0.5812870670592956
DEAP:S09:T40,DEAP:S09,T40,1,5.04,2,1,0,1,unexposed,stimulus_absolute,train,1.0,0.5664302606960299,0.4335697393039702
DEAP:S10:T06,DEAP:S10,T06,1,7.1,2,1,0,1,unexposed,stimulus_absolute,train,1.0,0.19390951552541347,0.8060904844745865
DEAP:S10:T07,DEAP:S10,T07,1,8.96,2,1,0,1,unexposed,stimulus_absolute,train,1.0,0.06414931149947023,0.9358506885005298
DEAP:S10:T09,DEAP:S10,T09,1,7.56,2,1,0,1,unexposed,stimulus_absolute,train,1.0,0.385556653683197,0.614443346316803
DEAP:S10:T13,DEAP:S10,T13,1,6.72,2,1,0,1,unexposed,stimulus_absolute,train,1.0,0.5608237282562791,0.4391762717437209
DEAP:S10:T14,DEAP:S10,T14,1,8.81,2,1,0,1,unexposed,stimulus_absolute,train,1.0,0.5098816653879845,0.4901183346120154
DEAP:S10:T15,DEAP:S10,T15,1,5.31,2,1,0,1,unexposed,stimulus_absolute,train,1.0,0.5688765571377525,0.43112344286224746
DEAP:S10:T16,DEAP:S10,T16,0,3.85,2,1,0,1,unexposed,stimulus_absolute,train,1.0,0.8389752746541504,0.16102472534584958
DEAP:S10:T17,DEAP:S10,T17,0,4.95,2,1,0,1,unexposed,stimulus_absolute,train,1.0,0.7521977428931218,0.24780225710687817
DEAP:S10:T20,DEAP:S10,T20,1,5.58,2,1,0,1,unexposed,stimulus_absolute,train,1.0,0.5261621650107049,0.4738378349892951
DEAP:S10:T21,DEAP:S10,T21,0,2.97,2,1,0,1,unexposed,stimulus_absolute,train,1.0,0.65909672001546,0.34090327998454
DEAP:S10:T27,DEAP:S10,T27,0,4.94,2,1,0,1,unexposed,stimulus_absolute,train,1.0,0.6523744668613305,0.34762553313866945
DEAP:S10:T35,DEAP:S10,T35,0,1.38,2,1,0,1,unexposed,stimulus_absolute,train,1.0,0.7003835962699032,0.29961640373009674
DEAP:S10:T37,DEAP:S10,T37,0,2.92,2,1,0,1,unexposed,stimulus_absolute,train,1.0,0.6731668778368906,0.32683312216310945
DEAP:S10:T38,DEAP:S10,T38,0,1.91,2,1,0,1,unexposed,stimulus_absolute,train,1.0,0.6495291163537875,0.3504708836462125
DEAP:S10:T40,DEAP:S10,T40,1,5.78,2,1,0,1,unexposed,stimulus_absolute,train,1.0,0.6224618829570989,0.37753811704290113
DEAP:S12:T06,DEAP:S12,T06,1,6.65,2,1,0,1,unexposed,stimulus_absolute,train,1.0,0.5096317405308974,0.49036825946910256
DEAP:S12:T07,DEAP:S12,T07,1,6.77,2,1,0,1,unexposed,stimulus_absolute,train,1.0,0.5869107729234739,0.413089227076526
DEAP:S12:T09,DEAP:S12,T09,1,7.95,2,1,0,1,unexposed,stimulus_absolute,train,1.0,0.5552505487064959,0.4447494512935041
DEAP:S12:T13,DEAP:S12,T13,1,7.99,2,1,0,1,unexposed,stimulus_absolute,train,1.0,0.3538291769063111,0.6461708230936889
DEAP:S12:T14,DEAP:S12,T14,1,8.15,2,1,0,1,unexposed,stimulus_absolute,train,1.0,0.5633876894832559,0.43661231051674415
DEAP:S12:T15,DEAP:S12,T15,1,7.08,2,1,0,1,unexposed,stimulus_absolute,train,1.0,0.1693830016657618,0.8306169983342382
DEAP:S12:T16,DEAP:S12,T16,1,5.04,2,1,0,1,unexposed,stimulus_absolute,train,1.0,0.5696534153126847,0.43034658468731535
DEAP:S12:T17,DEAP:S12,T17,0,4.86,2,1,0,1,unexposed,stimulus_absolute,train,1.0,0.4830086605956425,0.5169913394043575
DEAP:S12:T20,DEAP:S12,T20,1,7.35,2,1,0,1,unexposed,stimulus_absolute,train,1.0,0.5380369115536952,0.4619630884463048
DEAP:S12:T21,DEAP:S12,T21,0,2.13,2,1,0,1,unexposed,stimulus_absolute,train,1.0,0.6300345198190971,0.36996548018090286
DEAP:S12:T27,DEAP:S12,T27,1,5.05,2,1,0,1,unexposed,stimulus_absolute,train,1.0,0.11176386606572675,0.8882361339342733
DEAP:S12:T35,DEAP:S12,T35,0,1.22,2,1,0,1,unexposed,stimulus_absolute,train,1.0,0.6049433439882572,0.3950566560117428
DEAP:S12:T36,DEAP:S12,T36,0,2.82,2,1,0,1,unexposed,stimulus_absolute,train,1.0,0.6115149905327408,0.38848500946725917
DEAP:S12:T37,DEAP:S12,T37,0,1.0,2,1,0,1,unexposed,stimulus_absolute,train,1.0,0.5116984815204308,0.4883015184795691
DEAP:S12:T38,DEAP:S12,T38,0,2.85,2,1,0,1,unexposed,stimulus_absolute,train,1.0,0.6023295993561537,0.39767040064384623
DEAP:S12:T40,DEAP:S12,T40,1,6.81,2,1,0,1,unexposed,stimulus_absolute,train,1.0,0.6045049893052775,0.3954950106947225
DEAP:S13:T06,DEAP:S13,T06,0,4.46,2,1,0,1,unexposed,stimulus_absolute,train,1.0,0.4525943145596696,0.5474056854403304
DEAP:S13:T07,DEAP:S13,T07,0,2.99,2,1,0,1,unexposed,stimulus_absolute,train,1.0,0.7048242094122356,0.29517579058776444
DEAP:S13:T09,DEAP:S13,T09,1,7.06,2,1,0,1,unexposed,stimulus_absolute,train,1.0,0.328478779197913,0.671521220802087
DEAP:S13:T13,DEAP:S13,T13,1,9.0,2,1,0,1,unexposed,stimulus_absolute,train,1.0,0.5261682723118818,0.4738317276881182
DEAP:S13:T14,DEAP:S13,T14,1,7.97,2,1,0,1,unexposed,stimulus_absolute,train,1.0,0.44735592477209474,0.5526440752279053
DEAP:S13:T15,DEAP:S13,T15,0,4.94,2,1,0,1,unexposed,stimulus_absolute,train,1.0,0.6254596331519477,0.3745403668480523
DEAP:S13:T17,DEAP:S13,T17,1,5.99,2,1,0,1,unexposed,stimulus_absolute,train,1.0,0.7217412957443041,0.27825870425569593
DEAP:S13:T20,DEAP:S13,T20,1,7.6,2,1,0,1,unexposed,stimulus_absolute,train,1.0,0.53486994009824,0.4651300599017601
DEAP:S13:T21,DEAP:S13,T21,0,2.0,2,1,0,1,unexposed,stimulus_absolute,train,1.0,0.905486476496084,0.09451352350391595
DEAP:S13:T27,DEAP:S13,T27,1,5.47,2,1,0,1,unexposed,stimulus_absolute,train,1.0,0.6396278690452027,0.36037213095479725
DEAP:S13:T36,DEAP:S13,T36,0,2.54,2,1,0,1,unexposed,stimulus_absolute,train,1.0,0.831658078532884,0.168341921467116
DEAP:S13:T37,DEAP:S13,T37,0,1.0,2,1,0,1,unexposed,stimulus_absolute,train,1.0,0.6803411680486651,0.31965883195133493
DEAP:S13:T38,DEAP:S13,T38,0,1.0,2,1,0,1,unexposed,stimulus_absolute,train,1.0,0.6929814145499598,0.3070185854500402
DEAP:S15:T06,DEAP:S15,T06,1,9.0,2,1,0,1,unexposed,stimulus_absolute,train,1.0,0.20601837996015726,0.7939816200398427
DEAP:S15:T07,DEAP:S15,T07,1,5.04,2,1,0,1,unexposed,stimulus_absolute,train,1.0,0.49845079859084807,0.5015492014091519
DEAP:S15:T09,DEAP:S15,T09,1,9.0,2,1,0,1,unexposed,stimulus_absolute,train,1.0,0.17473096920742837,0.8252690307925716
DEAP:S15:T14,DEAP:S15,T14,1,8.15,2,1,0,1,unexposed,stimulus_absolute,train,1.0,0.19784447620079315,0.8021555237992068
DEAP:S15:T15,DEAP:S15,T15,1,8.12,2,1,0,1,unexposed,stimulus_absolute,train,1.0,0.5403074032189947,0.4596925967810053
DEAP:S15:T16,DEAP:S15,T16,0,4.17,2,1,0,1,unexposed,stimulus_absolute,train,1.0,0.8178623253637326,0.18213767463626737
DEAP:S15:T17,DEAP:S15,T17,1,8.1,2,1,0,1,unexposed,stimulus_absolute,train,1.0,0.25035131472076144,0.7496486852792386
DEAP:S15:T20,DEAP:S15,T20,1,7.97,2,1,0,1,unexposed,stimulus_absolute,train,1.0,0.26813583121706563,0.7318641687829344
DEAP:S15:T21,DEAP:S15,T21,0,3.09,2,1,0,1,unexposed,stimulus_absolute,train,1.0,0.8620658927041263,0.1379341072958737
DEAP:S15:T27,DEAP:S15,T27,1,6.0,2,1,0,1,unexposed,stimulus_absolute,train,1.0,0.3458561379018801,0.6541438620981199
DEAP:S15:T35,DEAP:S15,T35,1,5.05,2,1,0,1,unexposed,stimulus_absolute,train,1.0,0.8437516289765088,0.15624837102349115
DEAP:S15:T36,DEAP:S15,T36,0,3.96,2,1,0,1,unexposed,stimulus_absolute,train,1.0,0.5157148120679929,0.4842851879320071
DEAP:S15:T37,DEAP:S15,T37,0,3.04,2,1,0,1,unexposed,stimulus_absolute,train,1.0,0.6234765878651098,0.3765234121348902
DEAP:S15:T38,DEAP:S15,T38,0,2.08,2,1,0,1,unexposed,stimulus_absolute,train,1.0,0.6403540336946161,0.35964596630538387
DEAP:S15:T40,DEAP:S15,T40,0,4.01,2,1,0,1,unexposed,stimulus_absolute,train,1.0,0.38707650164912544,0.6129234983508746
DEAP:S18:T06,DEAP:S18,T06,1,6.51,2,1,0,1,unexposed,stimulus_absolute,train,1.0,0.46166085594189576,0.5383391440581042
DEAP:S18:T07,DEAP:S18,T07,1,7.33,2,1,0,1,unexposed,stimulus_absolute,train,1.0,0.20087480650801248,0.7991251934919875
DEAP:S18:T13,DEAP:S18,T13,1,7.33,2,1,0,1,unexposed,stimulus_absolute,train,1.0,0.2532245251894969,0.7467754748105031
DEAP:S18:T14,DEAP:S18,T14,1,6.62,2,1,0,1,unexposed,stimulus_absolute,train,1.0,0.3533541691671682,0.6466458308328318
DEAP:S18:T15,DEAP:S18,T15,1,6.04,2,1,0,1,unexposed,stimulus_absolute,train,1.0,0.533928859296662,0.46607114070333805
DEAP:S18:T16,DEAP:S18,T16,0,4.38,2,1,0,1,unexposed,stimulus_absolute,train,1.0,0.43632976721550676,0.5636702327844932
DEAP:S18:T17,DEAP:S18,T17,1,7.74,2,1,0,1,unexposed,stimulus_absolute,train,1.0,0.2889454875412075,0.7110545124587925
DEAP:S18:T21,DEAP:S18,T21,0,3.92,2,1,0,1,unexposed,stimulus_absolute,train,1.0,0.6658437029071378,0.3341562970928622
DEAP:S18:T27,DEAP:S18,T27,1,5.94,2,1,0,1,unexposed,stimulus_absolute,train,1.0,0.3506144294565329,0.6493855705434671
DEAP:S18:T35,DEAP:S18,T35,1,5.12,2,1,0,1,unexposed,stimulus_absolute,train,1.0,0.4136103780185617,0.5863896219814383
DEAP:S18:T36,DEAP:S18,T36,1,5.24,2,1,0,1,unexposed,stimulus_absolute,train,1.0,0.4889395644157605,0.5110604355842395
DEAP:S18:T37,DEAP:S18,T37,0,4.0,2,1,0,1,unexposed,stimulus_absolute,train,1.0,0.5201287686249002,0.4798712313750998
DEAP:S18:T38,DEAP:S18,T38,0,4.51,2,1,0,1,unexposed,stimulus_absolute,train,1.0,0.6365196532331168,0.3634803467668833
DEAP:S19:T06,DEAP:S19,T06,1,7.73,2,1,0,1,unexposed,stimulus_absolute,train,1.0,0.21819682831373433,0.7818031716862657
DEAP:S19:T07,DEAP:S19,T07,1,6.64,2,1,0,1,unexposed,stimulus_absolute,train,1.0,0.4291738079757791,0.5708261920242209
DEAP:S19:T09,DEAP:S19,T09,1,7.09,2,1,0,1,unexposed,stimulus_absolute,train,1.0,0.6526200183508746,0.3473799816491254
DEAP:S19:T13,DEAP:S19,T13,1,7.53,2,1,0,1,unexposed,stimulus_absolute,train,1.0,0.47991835198039545,0.5200816480196045
DEAP:S19:T14,DEAP:S19,T14,1,6.76,2,1,0,1,unexposed,stimulus_absolute,train,1.0,0.7258600288348439,0.2741399711651561
DEAP:S19:T15,DEAP:S19,T15,1,5.68,2,1,0,1,unexposed,stimulus_absolute,train,1.0,0.2890689039544003,0.7109310960455997
DEAP:S19:T16,DEAP:S19,T16,0,3.24,2,1,0,1,unexposed,stimulus_absolute,train,1.0,0.9439884110726986,0.05601158892730136
DEAP:S19:T17,DEAP:S19,T17,1,7.38,2,1,0,1,unexposed,stimulus_absolute,train,1.0,0.6817248459580683,0.31827515404193174
DEAP:S19:T20,DEAP:S19,T20,1,6.13,2,1,0,1,unexposed,stimulus_absolute,train,1.0,0.6529482298449288,0.34705177015507116
DEAP:S19:T27,DEAP:S19,T27,0,4.97,2,1,0,1,unexposed,stimulus_absolute,train,1.0,0.556559156734822,0.4434408432651779
DEAP:S19:T35,DEAP:S19,T35,0,3.21,2,1,0,1,unexposed,stimulus_absolute,train,1.0,0.6916633006900341,0.30833669930996593
DEAP:S19:T36,DEAP:S19,T36,0,3.71,2,1,0,1,unexposed,stimulus_absolute,train,1.0,0.597576654065058,0.402423345934942
DEAP:S19:T37,DEAP:S19,T37,0,3.15,2,1,0,1,unexposed,stimulus_absolute,train,1.0,0.5735559622841306,0.42644403771586936
DEAP:S19:T38,DEAP:S19,T38,0,1.62,2,1,0,1,unexposed,stimulus_absolute,train,1.0,0.6014104493435534,0.39858955065644663
DEAP:S19:T40,DEAP:S19,T40,0,4.24,2,1,0,1,unexposed,stimulus_absolute,train,1.0,0.6751554669607677,0.32484453303923233
DEAP:S20:T06,DEAP:S20,T06,1,7.62,2,1,0,1,unexposed,stimulus_absolute,train,1.0,0.4678358303079735,0.5321641696920265
DEAP:S20:T07,DEAP:S20,T07,1,5.27,2,1,0,1,unexposed,stimulus_absolute,train,1.0,0.49816101675239033,0.5018389832476097
DEAP:S20:T09,DEAP:S20,T09,1,8.22,2,1,0,1,unexposed,stimulus_absolute,train,1.0,0.3687236072631662,0.6312763927368338
DEAP:S20:T13,DEAP:S20,T13,1,7.91,2,1,0,1,unexposed,stimulus_absolute,train,1.0,0.4660130371971136,0.5339869628028864
DEAP:S20:T14,DEAP:S20,T14,1,6.4,2,1,0,1,unexposed,stimulus_absolute,train,1.0,0.33062793183095796,0.669372068169042
DEAP:S20:T15,DEAP:S20,T15,1,6.35,2,1,0,1,unexposed,stimulus_absolute,train,1.0,0.29417188301358843,0.7058281169864116
DEAP:S20:T16,DEAP:S20,T16,1,5.03,2,1,0,1,unexposed,stimulus_absolute,train,1.0,0.2953621537430363,0.7046378462569637
DEAP:S20:T17,DEAP:S20,T17,1,5.04,2,1,0,1,unexposed,stimulus_absolute,train,1.0,0.17389540604786557,0.8261045939521344
DEAP:S20:T20,DEAP:S20,T20,1,6.65,2,1,0,1,unexposed,stimulus_absolute,train,1.0,0.4021248737085641,0.5978751262914359
DEAP:S20:T27,DEAP:S20,T27,1,5.03,2,1,0,1,unexposed,stimulus_absolute,train,1.0,0.37870253045533653,0.6212974695446635
DEAP:S20:T35,DEAP:S20,T35,0,4.35,2,1,0,1,unexposed,stimulus_absolute,train,1.0,0.6452932174746988,0.35470678252530113
DEAP:S20:T36,DEAP:S20,T36,0,4.29,2,1,0,1,unexposed,stimulus_absolute,train,1.0,0.5948571717749924,0.40514282822500763
DEAP:S20:T37,DEAP:S20,T37,0,3.01,2,1,0,1,unexposed,stimulus_absolute,train,1.0,0.5560694979868253,0.4439305020131748
DEAP:S20:T38,DEAP:S20,T38,0,3.38,2,1,0,1,unexposed,stimulus_absolute,train,1.0,0.4440426362628621,0.5559573637371379
DEAP:S20:T40,DEAP:S20,T40,0,4.94,2,1,0,1,unexposed,stimulus_absolute,train,1.0,0.5693374243842647,0.4306625756157353
DEAP:S22:T06,DEAP:S22,T06,0,4.97,2,1,0,1,unexposed,stimulus_absolute,train,1.0,0.7743455481830698,0.22565445181693025
DEAP:S22:T07,DEAP:S22,T07,1,6.03,2,1,0,1,unexposed,stimulus_absolute,train,1.0,0.65360674376226,0.34639325623774
DEAP:S22:T09,DEAP:S22,T09,1,9.0,2,1,0,1,unexposed,stimulus_absolute,train,1.0,0.309342122069279,0.690657877930721
DEAP:S22:T13,DEAP:S22,T13,1,7.01,2,1,0,1,unexposed,stimulus_absolute,train,1.0,0.4206337352669114,0.5793662647330886
DEAP:S22:T14,DEAP:S22,T14,1,8.05,2,1,0,1,unexposed,stimulus_absolute,train,1.0,0.3523304640603412,0.6476695359396588
DEAP:S22:T16,DEAP:S22,T16,1,6.06,2,1,0,1,unexposed,stimulus_absolute,train,1.0,0.09709938678057517,0.9029006132194248
DEAP:S22:T17,DEAP:S22,T17,1,5.04,2,1,0,1,unexposed,stimulus_absolute,train,1.0,0.31334584594788506,0.6866541540521149
DEAP:S22:T20,DEAP:S22,T20,1,7.08,2,1,0,1,unexposed,stimulus_absolute,train,1.0,0.6175651076203872,0.38243489237961276
DEAP:S22:T21,DEAP:S22,T21,0,2.97,2,1,0,1,unexposed,stimulus_absolute,train,1.0,0.477218994714515,0.522781005285485
DEAP:S22:T27,DEAP:S22,T27,1,7.06,2,1,0,1,unexposed,stimulus_absolute,train,1.0,0.7260868660824602,0.27391313391753974
DEAP:S22:T35,DEAP:S22,T35,0,1.99,2,1,0,1,unexposed,stimulus_absolute,train,1.0,0.8359476657875866,0.16405233421241344
DEAP:S22:T37,DEAP:S22,T37,0,1.0,2,1,0,1,unexposed,stimulus_absolute,train,1.0,0.632955269289587,0.36704473071041305
DEAP:S22:T38,DEAP:S22,T38,0,1.0,2,1,0,1,unexposed,stimulus_absolute,train,1.0,0.8385224907954446,0.16147750920455542
DEAP:S22:T40,DEAP:S22,T40,0,2.97,2,1,0,1,unexposed,stimulus_absolute,train,1.0,0.29675182431967095,0.703248175680329
DEAP:S24:T06,DEAP:S24,T06,1,5.96,2,1,0,1,unexposed,stimulus_absolute,train,1.0,0.5039348589155921,0.4960651410844079
DEAP:S24:T07,DEAP:S24,T07,0,3.04,2,1,0,1,unexposed,stimulus_absolute,train,1.0,0.7116419720820548,0.2883580279179451
DEAP:S24:T09,DEAP:S24,T09,1,7.08,2,1,0,1,unexposed,stimulus_absolute,train,1.0,0.5668021354523063,0.43319786454769377
DEAP:S24:T13,DEAP:S24,T13,1,8.0,2,1,0,1,unexposed,stimulus_absolute,train,1.0,0.6957399441989112,0.30426005580108884
DEAP:S24:T14,DEAP:S24,T14,1,8.05,2,1,0,1,unexposed,stimulus_absolute,train,1.0,0.6206380684829713,0.3793619315170286
DEAP:S24:T15,DEAP:S24,T15,1,6.0,2,1,0,1,unexposed,stimulus_absolute,train,1.0,0.6873347064832007,0.3126652935167992
DEAP:S24:T16,DEAP:S24,T16,0,4.0,2,1,0,1,unexposed,stimulus_absolute,train,1.0,0.7131523191219743,0.2868476808780257
DEAP:S24:T17,DEAP:S24,T17,0,4.08,2,1,0,1,unexposed,stimulus_absolute,train,1.0,0.44969313656192433,0.5503068634380757
DEAP:S24:T20,DEAP:S24,T20,0,4.03,2,1,0,1,unexposed,stimulus_absolute,train,1.0,0.6776498298510787,0.32235017014892137
DEAP:S24:T21,DEAP:S24,T21,0,1.96,2,1,0,1,unexposed,stimulus_absolute,train,1.0,0.6887321828189765,0.3112678171810235
DEAP:S24:T27,DEAP:S24,T27,1,6.08,2,1,0,1,unexposed,stimulus_absolute,train,1.0,0.6652097024624664,0.3347902975375337
DEAP:S24:T36,DEAP:S24,T36,0,4.0,2,1,0,1,unexposed,stimulus_absolute,train,1.0,0.8177618023297745,0.1822381976702255
DEAP:S24:T37,DEAP:S24,T37,0,4.0,2,1,0,1,unexposed,stimulus_absolute,train,1.0,0.69208395774254,0.3079160422574601
DEAP:S24:T38,DEAP:S24,T38,0,2.03,2,1,0,1,unexposed,stimulus_absolute,train,1.0,0.7730912576256084,0.22690874237439157
DEAP:S26:T06,DEAP:S26,T06,1,8.09,2,1,0,1,unexposed,stimulus_absolute,train,1.0,0.1398398593157173,0.8601601406842827
DEAP:S26:T07,DEAP:S26,T07,1,6.08,2,1,0,1,unexposed,stimulus_absolute,train,1.0,0.1662695688572038,0.8337304311427962
DEAP:S26:T09,DEAP:S26,T09,1,8.05,2,1,0,1,unexposed,stimulus_absolute,train,1.0,0.16665728054911788,0.8333427194508821
DEAP:S26:T13,DEAP:S26,T13,1,7.12,2,1,0,1,unexposed,stimulus_absolute,train,1.0,0.09560044539419787,0.9043995546058021
DEAP:S26:T14,DEAP:S26,T14,1,9.0,2,1,0,1,unexposed,stimulus_absolute,train,1.0,0.18106338631403718,0.8189366136859628
DEAP:S26:T15,DEAP:S26,T15,1,7.01,2,1,0,1,unexposed,stimulus_absolute,train,1.0,0.26903651561541864,0.7309634843845814
DEAP:S26:T16,DEAP:S26,T16,1,6.19,2,1,0,1,unexposed,stimulus_absolute,train,1.0,0.4445553925269945,0.5554446074730055
DEAP:S26:T17,DEAP:S26,T17,1,5.04,2,1,0,1,unexposed,stimulus_absolute,train,1.0,0.10367484219530321,0.8963251578046968
DEAP:S26:T20,DEAP:S26,T20,1,8.08,2,1,0,1,unexposed,stimulus_absolute,train,1.0,0.2535044952217397,0.7464955047782603
DEAP:S26:T21,DEAP:S26,T21,1,6.06,2,1,0,1,unexposed,stimulus_absolute,train,1.0,0.1448659657690302,0.8551340342309698
DEAP:S26:T27,DEAP:S26,T27,1,6.0,2,1,0,1,unexposed,stimulus_absolute,train,1.0,0.08515292377431782,0.9148470762256822
DEAP:S26:T37,DEAP:S26,T37,0,1.0,2,1,0,1,unexposed,stimulus_absolute,train,1.0,0.4151388205029789,0.5848611794970211
DEAP:S26:T40,DEAP:S26,T40,0,3.06,2,1,0,1,unexposed,stimulus_absolute,train,1.0,0.42090236197522846,0.5790976380247715
DEAP:S27:T06,DEAP:S27,T06,1,7.0,2,1,0,1,unexposed,stimulus_absolute,train,1.0,0.3382209963313403,0.6617790036686597
DEAP:S27:T09,DEAP:S27,T09,1,8.99,2,1,0,1,unexposed,stimulus_absolute,train,1.0,0.25194968789350847,0.7480503121064915
DEAP:S27:T13,DEAP:S27,T13,1,7.01,2,1,0,1,unexposed,stimulus_absolute,train,1.0,0.19726229939211082,0.8027377006078892
DEAP:S27:T14,DEAP:S27,T14,1,8.06,2,1,0,1,unexposed,stimulus_absolute,train,1.0,0.22547655161466384,0.7745234483853362
DEAP:S27:T15,DEAP:S27,T15,1,5.04,2,1,0,1,unexposed,stimulus_absolute,train,1.0,0.14805852767512684,0.8519414723248732
DEAP:S27:T16,DEAP:S27,T16,1,8.06,2,1,0,1,unexposed,stimulus_absolute,train,1.0,0.47742584761721707,0.5225741523827829
DEAP:S27:T17,DEAP:S27,T17,1,9.0,2,1,0,1,unexposed,stimulus_absolute,train,1.0,0.3206176807521065,0.6793823192478935
DEAP:S27:T20,DEAP:S27,T20,1,6.97,2,1,0,1,unexposed,stimulus_absolute,train,1.0,0.1706248725897248,0.8293751274102752
DEAP:S27:T21,DEAP:S27,T21,1,9.0,2,1,0,1,unexposed,stimulus_absolute,train,1.0,0.34762127574008517,0.6523787242599148
DEAP:S27:T35,DEAP:S27,T35,0,1.0,2,1,0,1,unexposed,stimulus_absolute,train,1.0,0.29801360892870354,0.7019863910712965
DEAP:S27:T36,DEAP:S27,T36,1,6.13,2,1,0,1,unexposed,stimulus_absolute,train,1.0,0.3154744094201869,0.6845255905798131
DEAP:S27:T37,DEAP:S27,T37,0,2.99,2,1,0,1,unexposed,stimulus_absolute,train,1.0,0.25241246346292123,0.7475875365370788
DEAP:S27:T38,DEAP:S27,T38,0,1.0,2,1,0,1,unexposed,stimulus_absolute,train,1.0,0.7507292575696436,0.24927074243035643
DEAP:S27:T40,DEAP:S27,T40,1,5.04,2,1,0,1,unexposed,stimulus_absolute,train,1.0,0.18422938770704445,0.8157706122929556
DEAP:S28:T06,DEAP:S28,T06,1,8.15,2,1,0,1,unexposed,stimulus_absolute,train,1.0,0.3759111600951389,0.6240888399048611
DEAP:S28:T07,DEAP:S28,T07,1,8.09,2,1,0,1,unexposed,stimulus_absolute,train,1.0,0.5693423943024514,0.4306576056975487
DEAP:S28:T09,DEAP:S28,T09,1,5.04,2,1,0,1,unexposed,stimulus_absolute,train,1.0,0.2990878382160399,0.7009121617839601
DEAP:S28:T13,DEAP:S28,T13,0,2.09,2,1,0,1,unexposed,stimulus_absolute,train,1.0,0.469040055485747,0.530959944514253
DEAP:S28:T14,DEAP:S28,T14,1,8.03,2,1,0,1,unexposed,stimulus_absolute,train,1.0,0.3562637021985102,0.6437362978014898
DEAP:S28:T15,DEAP:S28,T15,1,5.04,2,1,0,1,unexposed,stimulus_absolute,train,1.0,0.42230334633746613,0.5776966536625339
DEAP:S28:T16,DEAP:S28,T16,1,6.91,2,1,0,1,unexposed,stimulus_absolute,train,1.0,0.6648532997587682,0.3351467002412318
DEAP:S28:T17,DEAP:S28,T17,1,6.99,2,1,0,1,unexposed,stimulus_absolute,train,1.0,0.45086433741740717,0.5491356625825928
DEAP:S28:T20,DEAP:S28,T20,1,8.04,2,1,0,1,unexposed,stimulus_absolute,train,1.0,0.4659454978940354,0.5340545021059646
DEAP:S28:T21,DEAP:S28,T21,0,2.01,2,1,0,1,unexposed,stimulus_absolute,train,1.0,0.8225565164851143,0.17744348351488576
DEAP:S28:T27,DEAP:S28,T27,1,6.08,2,1,0,1,unexposed,stimulus_absolute,train,1.0,0.34270040097178356,0.6572995990282164
DEAP:S28:T35,DEAP:S28,T35,0,1.08,2,1,0,1,unexposed,stimulus_absolute,train,1.0,0.4043070718350795,0.5956929281649205
DEAP:S28:T36,DEAP:S28,T36,0,3.08,2,1,0,1,unexposed,stimulus_absolute,train,1.0,0.5797672024482401,0.42023279755175996
DEAP:S28:T37,DEAP:S28,T37,0,1.01,2,1,0,1,unexposed,stimulus_absolute,train,1.0,0.41532294277176063,0.5846770572282394
DEAP:S28:T38,DEAP:S28,T38,0,1.96,2,1,0,1,unexposed,stimulus_absolute,train,1.0,0.5021753951292255,0.4978246048707745
DEAP:S28:T40,DEAP:S28,T40,1,7.1,2,1,0,1,unexposed,stimulus_absolute,train,1.0,0.3428908997977228,0.6571091002022772
DEAP:S29:T06,DEAP:S29,T06,1,8.03,2,1,0,1,unexposed,stimulus_absolute,train,1.0,0.37977866139029937,0.6202213386097006
DEAP:S29:T07,DEAP:S29,T07,1,7.04,2,1,0,1,unexposed,stimulus_absolute,train,1.0,0.48939705881584705,0.510602941184153
DEAP:S29:T09,DEAP:S29,T09,1,7.06,2,1,0,1,unexposed,stimulus_absolute,train,1.0,0.6804083631955555,0.3195916368044445
DEAP:S29:T14,DEAP:S29,T14,1,8.06,2,1,0,1,unexposed,stimulus_absolute,train,1.0,0.1752603071804648,0.8247396928195352
DEAP:S29:T15,DEAP:S29,T15,0,4.01,2,1,0,1,unexposed,stimulus_absolute,train,1.0,0.6406536720789928,0.35934632792100724
DEAP:S29:T16,DEAP:S29,T16,0,3.0,2,1,0,1,unexposed,stimulus_absolute,train,1.0,0.6861970592024188,0.3138029407975812
DEAP:S29:T17,DEAP:S29,T17,1,5.08,2,1,0,1,unexposed,stimulus_absolute,train,1.0,0.17654162635894732,0.8234583736410527
DEAP:S29:T20,DEAP:S29,T20,1,8.03,2,1,0,1,unexposed,stimulus_absolute,train,1.0,0.2971155075935573,0.7028844924064427
DEAP:S29:T21,DEAP:S29,T21,0,2.92,2,1,0,1,unexposed,stimulus_absolute,train,1.0,0.7004494621928705,0.2995505378071295
DEAP:S29:T35,DEAP:S29,T35,0,1.92,2,1,0,1,unexposed,stimulus_absolute,train,1.0,0.4136018213726562,0.5863981786273438
DEAP:S29:T36,DEAP:S29,T36,1,5.03,2,1,0,1,unexposed,stimulus_absolute,train,1.0,0.6080548672856159,0.3919451327143842
DEAP:S29:T38,DEAP:S29,T38,0,1.88,2,1,0,1,unexposed,stimulus_absolute,train,1.0,0.5971565132983283,0.40284348670167175
DEAP:S29:T40,DEAP:S29,T40,1,6.01,2,1,0,1,unexposed,stimulus_absolute,train,1.0,0.4478808238914449,0.5521191761085551
DEAP:S31:T06,DEAP:S31,T06,0,4.99,2,1,0,1,unexposed,stimulus_absolute,train,1.0,0.29779260919200845,0.7022073908079915
DEAP:S31:T07,DEAP:S31,T07,1,6.05,2,1,0,1,unexposed,stimulus_absolute,train,1.0,0.250624890791988,0.749375109208012
DEAP:S31:T09,DEAP:S31,T09,1,6.06,2,1,0,1,unexposed,stimulus_absolute,train,1.0,0.21768453491788908,0.7823154650821109
DEAP:S31:T13,DEAP:S31,T13,1,8.09,2,1,0,1,unexposed,stimulus_absolute,train,1.0,0.19187425281779835,0.8081257471822016
DEAP:S31:T14,DEAP:S31,T14,1,8.06,2,1,0,1,unexposed,stimulus_absolute,train,1.0,0.2630580836512574,0.7369419163487426
DEAP:S31:T15,DEAP:S31,T15,1,6.05,2,1,0,1,unexposed,stimulus_absolute,train,1.0,0.2100552007223382,0.7899447992776618
DEAP:S31:T16,DEAP:S31,T16,1,6.09,2,1,0,1,unexposed,stimulus_absolute,train,1.0,0.2536032393255001,0.7463967606744999
DEAP:S31:T20,DEAP:S31,T20,1,6.9,2,1,0,1,unexposed,stimulus_absolute,train,1.0,0.16805507135587627,0.8319449286441237
DEAP:S31:T21,DEAP:S31,T21,1,5.09,2,1,0,1,unexposed,stimulus_absolute,train,1.0,0.4030964247727318,0.5969035752272682
DEAP:S31:T40,DEAP:S31,T40,0,3.99,2,1,0,1,unexposed,stimulus_absolute,train,1.0,0.3605941969025591,0.6394058030974409
DEAP:S32:T06,DEAP:S32,T06,1,5.78,2,1,0,1,unexposed,stimulus_absolute,train,1.0,0.41703244242889403,0.582967557571106
DEAP:S32:T07,DEAP:S32,T07,0,4.94,2,1,0,1,unexposed,stimulus_absolute,train,1.0,0.6658104932119572,0.3341895067880428
DEAP:S32:T09,DEAP:S32,T09,1,7.86,2,1,0,1,unexposed,stimulus_absolute,train,1.0,0.3246551228845156,0.6753448771154844
DEAP:S32:T13,DEAP:S32,T13,1,7.09,2,1,0,1,unexposed,stimulus_absolute,train,1.0,0.3702006381542907,0.6297993618457093
DEAP:S32:T14,DEAP:S32,T14,1,7.1,2,1,0,1,unexposed,stimulus_absolute,train,1.0,0.48538026105587173,0.5146197389441283
DEAP:S32:T15,DEAP:S32,T15,1,5.01,2,1,0,1,unexposed,stimulus_absolute,train,1.0,0.4632007268246202,0.5367992731753798
DEAP:S32:T16,DEAP:S32,T16,0,3.97,2,1,0,1,unexposed,stimulus_absolute,train,1.0,0.7810214138486935,0.21897858615130647
DEAP:S32:T17,DEAP:S32,T17,1,6.09,2,1,0,1,unexposed,stimulus_absolute,train,1.0,0.6594895816731233,0.3405104183268767
DEAP:S32:T20,DEAP:S32,T20,1,6.03,2,1,0,1,unexposed,stimulus_absolute,train,1.0,0.3217763776076267,0.6782236223923733
DEAP:S32:T21,DEAP:S32,T21,0,4.12,2,1,0,1,unexposed,stimulus_absolute,train,1.0,0.6116232942295039,0.38837670577049604
DEAP:S32:T27,DEAP:S32,T27,1,6.0,2,1,0,1,unexposed,stimulus_absolute,train,1.0,0.3173281483799416,0.6826718516200584
DEAP:S32:T35,DEAP:S32,T35,0,3.88,2,1,0,1,unexposed,stimulus_absolute,train,1.0,0.8367627986485271,0.1632372013514729
DEAP:S32:T36,DEAP:S32,T36,0,3.91,2,1,0,1,unexposed,stimulus_absolute,train,1.0,0.3895134911578141,0.6104865088421859
DEAP:S32:T37,DEAP:S32,T37,0,2.81,2,1,0,1,unexposed,stimulus_absolute,train,1.0,0.808974802784045,0.19102519721595498
DEAP:S32:T38,DEAP:S32,T38,0,3.05,2,1,0,1,unexposed,stimulus_absolute,train,1.0,0.6836953664238709,0.31630463357612915
DEAP:S32:T40,DEAP:S32,T40,1,7.15,2,1,0,1,unexposed,stimulus_absolute,train,1.0,0.474885059504928,0.525114940495072
DEAP:S14:T01,DEAP:S14,T01,1,8.22,2,1,0,1,unexposed,stimulus_absolute,validation_unseen,1.0,0.007680410754871914,0.9923195892451281
DEAP:S14:T03,DEAP:S14,T03,1,7.5,2,1,0,1,unexposed,stimulus_absolute,validation_unseen,1.0,0.005492621451479107,0.9945073785485209
DEAP:S14:T05,DEAP:S14,T05,0,3.99,2,1,0,1,unexposed,stimulus_absolute,validation_unseen,1.0,0.002349041843914046,0.997650958156086
DEAP:S14:T10,DEAP:S14,T10,0,1.88,2,1,0,1,unexposed,stimulus_absolute,validation_unseen,1.0,0.006698483698540758,0.9933015163014592
DEAP:S14:T12,DEAP:S14,T12,1,7.63,2,1,0,1,unexposed,stimulus_absolute,validation_unseen,1.0,0.0016106227801760964,0.9983893772198239
DEAP:S14:T24,DEAP:S14,T24,0,2.36,2,1,0,1,unexposed,stimulus_absolute,validation_unseen,1.0,0.005277335861784249,0.9947226641382158
DEAP:S14:T31,DEAP:S14,T31,0,3.26,2,1,0,1,unexposed,stimulus_absolute,validation_unseen,1.0,0.003216317252665357,0.9967836827473346
DEAP:S14:T34,DEAP:S14,T34,0,2.5,2,1,0,1,unexposed,stimulus_absolute,validation_unseen,1.0,0.007176546980544707,0.9928234530194553
DEAP:S16:T01,DEAP:S16,T01,0,2.51,2,1,0,1,unexposed,stimulus_absolute,validation_unseen,1.0,0.9630460783415437,0.03695392165845639
DEAP:S16:T03,DEAP:S16,T03,1,6.74,2,1,0,1,unexposed,stimulus_absolute,validation_unseen,1.0,0.9512735597129316,0.04872644028706844
DEAP:S16:T05,DEAP:S16,T05,1,5.51,2,1,0,1,unexposed,stimulus_absolute,validation_unseen,1.0,0.9708435167657589,0.029156483234241172
DEAP:S16:T10,DEAP:S16,T10,1,5.14,2,1,0,1,unexposed,stimulus_absolute,validation_unseen,1.0,0.9472033137229835,0.05279668627701648
DEAP:S16:T12,DEAP:S16,T12,1,5.97,2,1,0,1,unexposed,stimulus_absolute,validation_unseen,1.0,0.7001281686024408,0.2998718313975593
DEAP:S16:T24,DEAP:S16,T24,0,2.51,2,1,0,1,unexposed,stimulus_absolute,validation_unseen,1.0,0.6431207064468176,0.3568792935531824
DEAP:S16:T31,DEAP:S16,T31,0,3.88,2,1,0,1,unexposed,stimulus_absolute,validation_unseen,1.0,0.8555995764572388,0.14440042354276122
DEAP:S16:T34,DEAP:S16,T34,0,1.0,2,1,0,1,unexposed,stimulus_absolute,validation_unseen,1.0,0.9902841267519945,0.009715873248005442
DEAP:S17:T01,DEAP:S17,T01,0,4.05,2,1,0,1,unexposed,stimulus_absolute,validation_unseen,1.0,0.9997105576993253,0.0002894423006747692
DEAP:S17:T03,DEAP:S17,T03,1,6.46,2,1,0,1,unexposed,stimulus_absolute,validation_unseen,1.0,0.9999207412151581,7.925878484190207e-05
DEAP:S17:T05,DEAP:S17,T05,1,7.05,2,1,0,1,unexposed,stimulus_absolute,validation_unseen,1.0,0.9998908724935514,0.0001091275064486495
DEAP:S17:T10,DEAP:S17,T10,1,6.09,2,1,0,1,unexposed,stimulus_absolute,validation_unseen,1.0,0.9997830900680394,0.00021690993196052502
DEAP:S17:T12,DEAP:S17,T12,1,5.96,2,1,0,1,unexposed,stimulus_absolute,validation_unseen,1.0,0.9998465319459943,0.00015346805400569543
DEAP:S17:T24,DEAP:S17,T24,0,4.53,2,1,0,1,unexposed,stimulus_absolute,validation_unseen,1.0,0.9998698047403193,0.000130195259680705
DEAP:S17:T31,DEAP:S17,T31,0,4.54,2,1,0,1,unexposed,stimulus_absolute,validation_unseen,1.0,0.999649869542822,0.0003501304571779764
DEAP:S17:T34,DEAP:S17,T34,0,4.99,2,1,0,1,unexposed,stimulus_absolute,validation_unseen,1.0,0.9998534248134902,0.0001465751865098033
DEAP:S23:T01,DEAP:S23,T01,1,7.71,2,1,0,1,unexposed,stimulus_absolute,validation_unseen,1.0,0.7865958602981868,0.21340413970181316
DEAP:S23:T03,DEAP:S23,T03,1,7.09,2,1,0,1,unexposed,stimulus_absolute,validation_unseen,1.0,0.4373619628794564,0.5626380371205436
DEAP:S23:T05,DEAP:S23,T05,1,6.94,2,1,0,1,unexposed,stimulus_absolute,validation_unseen,1.0,0.9462655743199684,0.05373442568003158
DEAP:S23:T10,DEAP:S23,T10,1,5.01,2,1,0,1,unexposed,stimulus_absolute,validation_unseen,1.0,0.9244173912216818,0.0755826087783182
DEAP:S23:T12,DEAP:S23,T12,1,7.0,2,1,0,1,unexposed,stimulus_absolute,validation_unseen,1.0,0.9912682055865365,0.008731794413463482
DEAP:S23:T24,DEAP:S23,T24,1,6.53,2,1,0,1,unexposed,stimulus_absolute,validation_unseen,1.0,0.878918524254471,0.12108147574552901
DEAP:S23:T31,DEAP:S23,T31,0,4.86,2,1,0,1,unexposed,stimulus_absolute,validation_unseen,1.0,0.8469129979413752,0.15308700205862483
DEAP:S23:T34,DEAP:S23,T34,1,6.72,2,1,0,1,unexposed,stimulus_absolute,validation_unseen,1.0,0.7534299835868672,0.24657001641313278
DEAP:S14:T06,DEAP:S14,T06,1,7.19,2,1,0,1,unexposed,stimulus_absolute,validation_familiar,1.0,0.003240816119228107,0.9967591838807719
DEAP:S14:T07,DEAP:S14,T07,1,6.85,2,1,0,1,unexposed,stimulus_absolute,validation_familiar,1.0,0.006430307847056227,0.9935696921529438
DEAP:S14:T09,DEAP:S14,T09,1,7.69,2,1,0,1,unexposed,stimulus_absolute,validation_familiar,1.0,0.0026083039216691084,0.9973916960783309
DEAP:S14:T13,DEAP:S14,T13,1,6.79,2,1,0,1,unexposed,stimulus_absolute,validation_familiar,1.0,0.0065547620341706025,0.9934452379658294
DEAP:S14:T14,DEAP:S14,T14,1,8.03,2,1,0,1,unexposed,stimulus_absolute,validation_familiar,1.0,0.00699062896895275,0.9930093710310472
DEAP:S14:T15,DEAP:S14,T15,1,7.08,2,1,0,1,unexposed,stimulus_absolute,validation_familiar,1.0,0.009037549303177905,0.9909624506968221
DEAP:S14:T16,DEAP:S14,T16,0,3.96,2,1,0,1,unexposed,stimulus_absolute,validation_familiar,1.0,0.0017150574886088954,0.9982849425113911
DEAP:S14:T17,DEAP:S14,T17,1,6.06,2,1,0,1,unexposed,stimulus_absolute,validation_familiar,1.0,0.0010170322110162333,0.9989829677889838
DEAP:S14:T20,DEAP:S14,T20,1,7.33,2,1,0,1,unexposed,stimulus_absolute,validation_familiar,1.0,0.0015363757377385712,0.9984636242622614
DEAP:S14:T21,DEAP:S14,T21,0,1.03,2,1,0,1,unexposed,stimulus_absolute,validation_familiar,1.0,0.003482126934599261,0.9965178730654007
DEAP:S14:T27,DEAP:S14,T27,1,5.81,2,1,0,1,unexposed,stimulus_absolute,validation_familiar,1.0,0.003039213522159301,0.9969607864778407
DEAP:S14:T35,DEAP:S14,T35,0,2.68,2,1,0,1,unexposed,stimulus_absolute,validation_familiar,1.0,0.0034318510295918703,0.9965681489704081
DEAP:S14:T36,DEAP:S14,T36,0,2.01,2,1,0,1,unexposed,stimulus_absolute,validation_familiar,1.0,0.004358587637005473,0.9956414123629945
DEAP:S14:T37,DEAP:S14,T37,0,3.47,2,1,0,1,unexposed,stimulus_absolute,validation_familiar,1.0,0.002556038305111974,0.997443961694888
DEAP:S14:T38,DEAP:S14,T38,0,2.26,2,1,0,1,unexposed,stimulus_absolute,validation_familiar,1.0,0.006319139956018849,0.9936808600439812
DEAP:S14:T40,DEAP:S14,T40,1,6.68,2,1,0,1,unexposed,stimulus_absolute,validation_familiar,1.0,0.008019472498796643,0.9919805275012034
DEAP:S16:T06,DEAP:S16,T06,0,4.99,2,1,0,1,unexposed,stimulus_absolute,validation_familiar,1.0,0.9516627742801338,0.04833722571986621
DEAP:S16:T07,DEAP:S16,T07,1,6.83,2,1,0,1,unexposed,stimulus_absolute,validation_familiar,1.0,0.9471619836085777,0.05283801639142226
DEAP:S16:T09,DEAP:S16,T09,0,4.18,2,1,0,1,unexposed,stimulus_absolute,validation_familiar,1.0,0.9828475859165365,0.017152414083463425
DEAP:S16:T13,DEAP:S16,T13,0,3.88,2,1,0,1,unexposed,stimulus_absolute,validation_familiar,1.0,0.751835665988211,0.2481643340117889
DEAP:S16:T14,DEAP:S16,T14,0,3.64,2,1,0,1,unexposed,stimulus_absolute,validation_familiar,1.0,0.7848176876080517,0.21518231239194832
DEAP:S16:T15,DEAP:S16,T15,0,2.67,2,1,0,1,unexposed,stimulus_absolute,validation_familiar,1.0,0.942747604881715,0.05725239511828494
DEAP:S16:T16,DEAP:S16,T16,0,4.97,2,1,0,1,unexposed,stimulus_absolute,validation_familiar,1.0,0.9012984443876643,0.09870155561233575
DEAP:S16:T17,DEAP:S16,T17,0,1.21,2,1,0,1,unexposed,stimulus_absolute,validation_familiar,1.0,0.7766363976572109,0.22336360234278904
DEAP:S16:T20,DEAP:S16,T20,0,3.82,2,1,0,1,unexposed,stimulus_absolute,validation_familiar,1.0,0.7458305201146644,0.2541694798853356
DEAP:S16:T21,DEAP:S16,T21,0,4.42,2,1,0,1,unexposed,stimulus_absolute,validation_familiar,1.0,0.9338016405357903,0.06619835946420967
DEAP:S16:T27,DEAP:S16,T27,0,2.59,2,1,0,1,unexposed,stimulus_absolute,validation_familiar,1.0,0.8915676176706204,0.10843238232937956
DEAP:S16:T35,DEAP:S16,T35,0,1.0,2,1,0,1,unexposed,stimulus_absolute,validation_familiar,1.0,0.9229428492631286,0.07705715073687139
DEAP:S16:T36,DEAP:S16,T36,1,5.05,2,1,0,1,unexposed,stimulus_absolute,validation_familiar,1.0,0.6455135429185503,0.3544864570814497
DEAP:S16:T37,DEAP:S16,T37,1,6.09,2,1,0,1,unexposed,stimulus_absolute,validation_familiar,1.0,0.8510714652899178,0.14892853471008222
DEAP:S16:T38,DEAP:S16,T38,0,4.27,2,1,0,1,unexposed,stimulus_absolute,validation_familiar,1.0,0.8518673638108116,0.14813263618918843
DEAP:S16:T40,DEAP:S16,T40,0,3.74,2,1,0,1,unexposed,stimulus_absolute,validation_familiar,1.0,0.9208717212462396,0.07912827875376038
DEAP:S17:T06,DEAP:S17,T06,1,6.9,2,1,0,1,unexposed,stimulus_absolute,validation_familiar,1.0,0.9998100433862052,0.00018995661379484342
DEAP:S17:T07,DEAP:S17,T07,1,7.08,2,1,0,1,unexposed,stimulus_absolute,validation_familiar,1.0,0.9994424573152281,0.000557542684771909
DEAP:S17:T09,DEAP:S17,T09,1,6.04,2,1,0,1,unexposed,stimulus_absolute,validation_familiar,1.0,0.9999237275575878,7.627244241211206e-05
DEAP:S17:T13,DEAP:S17,T13,0,4.54,2,1,0,1,unexposed,stimulus_absolute,validation_familiar,1.0,0.9998921669535465,0.00010783304645342446
DEAP:S17:T14,DEAP:S17,T14,1,6.58,2,1,0,1,unexposed,stimulus_absolute,validation_familiar,1.0,0.9998820256946422,0.0001179743053577809
DEAP:S17:T15,DEAP:S17,T15,1,5.96,2,1,0,1,unexposed,stimulus_absolute,validation_familiar,1.0,0.999963998441559,3.600155844095815e-05
DEAP:S17:T16,DEAP:S17,T16,1,5.92,2,1,0,1,unexposed,stimulus_absolute,validation_familiar,1.0,0.9999139663951544,8.603360484555212e-05
DEAP:S17:T17,DEAP:S17,T17,0,4.12,2,1,0,1,unexposed,stimulus_absolute,validation_familiar,1.0,0.9999261632928615,7.383670713846938e-05
DEAP:S17:T20,DEAP:S17,T20,1,7.03,2,1,0,1,unexposed,stimulus_absolute,validation_familiar,1.0,0.999805190977127,0.00019480902287303753
DEAP:S17:T21,DEAP:S17,T21,0,4.0,2,1,0,1,unexposed,stimulus_absolute,validation_familiar,1.0,0.9998072525538425,0.00019274744615750873
DEAP:S17:T27,DEAP:S17,T27,0,3.96,2,1,0,1,unexposed,stimulus_absolute,validation_familiar,1.0,0.9999359615860217,6.403841397824647e-05
DEAP:S17:T35,DEAP:S17,T35,0,4.17,2,1,0,1,unexposed,stimulus_absolute,validation_familiar,1.0,0.9998170282486896,0.00018297175131038918
DEAP:S17:T36,DEAP:S17,T36,0,3.37,2,1,0,1,unexposed,stimulus_absolute,validation_familiar,1.0,0.999133457803808,0.0008665421961919366
DEAP:S17:T37,DEAP:S17,T37,0,3.46,2,1,0,1,unexposed,stimulus_absolute,validation_familiar,1.0,0.9997129609320046,0.00028703906799544424
DEAP:S17:T38,DEAP:S17,T38,0,3.6,2,1,0,1,unexposed,stimulus_absolute,validation_familiar,1.0,0.999837365551486,0.00016263444851406312
DEAP:S17:T40,DEAP:S17,T40,1,5.04,2,1,0,1,unexposed,stimulus_absolute,validation_familiar,1.0,0.9996162491835657,0.00038375081643432003
DEAP:S23:T06,DEAP:S23,T06,1,5.09,2,1,0,1,unexposed,stimulus_absolute,validation_familiar,1.0,0.5309741767462063,0.4690258232537937
DEAP:S23:T07,DEAP:S23,T07,1,8.94,2,1,0,1,unexposed,stimulus_absolute,validation_familiar,1.0,0.6963641611279126,0.3036358388720875
DEAP:S23:T09,DEAP:S23,T09,1,7.03,2,1,0,1,unexposed,stimulus_absolute,validation_familiar,1.0,0.9941739821996203,0.005826017800379774
DEAP:S23:T13,DEAP:S23,T13,1,8.01,2,1,0,1,unexposed,stimulus_absolute,validation_familiar,1.0,0.9918043718154506,0.008195628184549492
DEAP:S23:T14,DEAP:S23,T14,1,8.01,2,1,0,1,unexposed,stimulus_absolute,validation_familiar,1.0,0.7466075583569417,0.2533924416430583
DEAP:S23:T15,DEAP:S23,T15,1,7.0,2,1,0,1,unexposed,stimulus_absolute,validation_familiar,1.0,0.9881159402515952,0.011884059748404749
DEAP:S23:T16,DEAP:S23,T16,1,5.15,2,1,0,1,unexposed,stimulus_absolute,validation_familiar,1.0,0.6154156397169042,0.3845843602830958
DEAP:S23:T17,DEAP:S23,T17,0,2.86,2,1,0,1,unexposed,stimulus_absolute,validation_familiar,1.0,0.4570400662921851,0.5429599337078149
DEAP:S23:T20,DEAP:S23,T20,0,3.96,2,1,0,1,unexposed,stimulus_absolute,validation_familiar,1.0,0.8284189280754155,0.17158107192458444
DEAP:S23:T21,DEAP:S23,T21,0,1.91,2,1,0,1,unexposed,stimulus_absolute,validation_familiar,1.0,0.6785326391906543,0.3214673608093457
DEAP:S23:T27,DEAP:S23,T27,1,5.06,2,1,0,1,unexposed,stimulus_absolute,validation_familiar,1.0,0.8534849170240718,0.14651508297592816
DEAP:S23:T35,DEAP:S23,T35,1,5.18,2,1,0,1,unexposed,stimulus_absolute,validation_familiar,1.0,0.9857190895456927,0.014280910454307297
DEAP:S23:T36,DEAP:S23,T36,0,4.92,2,1,0,1,unexposed,stimulus_absolute,validation_familiar,1.0,0.9073848155961842,0.09261518440381582
DEAP:S23:T37,DEAP:S23,T37,0,4.31,2,1,0,1,unexposed,stimulus_absolute,validation_familiar,1.0,0.7228471516438394,0.2771528483561606
DEAP:S23:T38,DEAP:S23,T38,0,4.97,2,1,0,1,unexposed,stimulus_absolute,validation_familiar,1.0,0.4950476235194752,0.5049523764805248
DEAP:S23:T40,DEAP:S23,T40,0,4.88,2,1,0,1,unexposed,stimulus_absolute,validation_familiar,1.0,0.975647457580302,0.02435254241969799
DEAP:S01:T06,DEAP:S01,T06,1,8.27,2,1,0,1,unexposed,stimulus_absolute,train,10.0,0.31324913979018665,0.6867508602098134
DEAP:S01:T07,DEAP:S01,T07,1,7.44,2,1,0,1,unexposed,stimulus_absolute,train,10.0,0.22429134079888535,0.7757086592011146
DEAP:S01:T09,DEAP:S01,T09,0,4.04,2,1,0,1,unexposed,stimulus_absolute,train,10.0,0.7038595970057677,0.2961404029942323
DEAP:S01:T13,DEAP:S01,T13,0,1.95,2,1,0,1,unexposed,stimulus_absolute,train,10.0,0.6258159415184359,0.3741840584815641
DEAP:S01:T14,DEAP:S01,T14,0,4.18,2,1,0,1,unexposed,stimulus_absolute,train,10.0,0.9147278312799849,0.08527216872001504
DEAP:S01:T15,DEAP:S01,T15,0,3.17,2,1,0,1,unexposed,stimulus_absolute,train,10.0,0.84248311574296,0.15751688425704008
DEAP:S01:T16,DEAP:S01,T16,1,6.81,2,1,0,1,unexposed,stimulus_absolute,train,10.0,0.5771315630585394,0.4228684369414606
DEAP:S01:T17,DEAP:S01,T17,0,2.46,2,1,0,1,unexposed,stimulus_absolute,train,10.0,0.8075272368171673,0.19247276318283268
DEAP:S01:T20,DEAP:S01,T20,1,8.26,2,1,0,1,unexposed,stimulus_absolute,train,10.0,0.6674728873088192,0.3325271126911809
DEAP:S01:T21,DEAP:S01,T21,1,9.0,2,1,0,1,unexposed,stimulus_absolute,train,10.0,0.5813658246815119,0.4186341753184881
DEAP:S01:T27,DEAP:S01,T27,1,7.35,2,1,0,1,unexposed,stimulus_absolute,train,10.0,0.29251127482007755,0.7074887251799225
DEAP:S01:T35,DEAP:S01,T35,0,2.06,2,1,0,1,unexposed,stimulus_absolute,train,10.0,0.8651372459832312,0.13486275401676884
DEAP:S01:T37,DEAP:S01,T37,0,2.31,2,1,0,1,unexposed,stimulus_absolute,train,10.0,0.6920010312753404,0.30799896872465954
DEAP:S01:T38,DEAP:S01,T38,0,3.33,2,1,0,1,unexposed,stimulus_absolute,train,10.0,0.21464509151772637,0.7853549084822736
DEAP:S01:T40,DEAP:S01,T40,1,5.1,2,1,0,1,unexposed,stimulus_absolute,train,10.0,0.7527976251656594,0.24720237483434057
DEAP:S02:T07,DEAP:S02,T07,0,4.96,2,1,0,1,unexposed,stimulus_absolute,train,10.0,0.8950974248844022,0.1049025751155978
DEAP:S02:T09,DEAP:S02,T09,1,9.0,2,1,0,1,unexposed,stimulus_absolute,train,10.0,0.26691736792583065,0.7330826320741693
DEAP:S02:T13,DEAP:S02,T13,1,9.0,2,1,0,1,unexposed,stimulus_absolute,train,10.0,0.10822243786670938,0.8917775621332906
DEAP:S02:T14,DEAP:S02,T14,1,8.94,2,1,0,1,unexposed,stimulus_absolute,train,10.0,0.39527986636157575,0.6047201336384243
DEAP:S02:T15,DEAP:S02,T15,1,9.0,2,1,0,1,unexposed,stimulus_absolute,train,10.0,0.3617703292374317,0.6382296707625683
DEAP:S02:T16,DEAP:S02,T16,1,6.0,2,1,0,1,unexposed,stimulus_absolute,train,10.0,0.06359654938351544,0.9364034506164846
DEAP:S02:T17,DEAP:S02,T17,1,9.0,2,1,0,1,unexposed,stimulus_absolute,train,10.0,0.5036491932412226,0.49635080675877746
DEAP:S02:T20,DEAP:S02,T20,1,8.97,2,1,0,1,unexposed,stimulus_absolute,train,10.0,0.5091557838506517,0.4908442161493483
DEAP:S02:T21,DEAP:S02,T21,0,1.0,2,1,0,1,unexposed,stimulus_absolute,train,10.0,0.4739744621324169,0.5260255378675831
DEAP:S02:T35,DEAP:S02,T35,0,1.99,2,1,0,1,unexposed,stimulus_absolute,train,10.0,0.8333318017067689,0.16666819829323107
DEAP:S02:T36,DEAP:S02,T36,1,5.04,2,1,0,1,unexposed,stimulus_absolute,train,10.0,0.31494037055556834,0.6850596294444317
DEAP:S02:T37,DEAP:S02,T37,0,1.0,2,1,0,1,unexposed,stimulus_absolute,train,10.0,0.8742838892283054,0.12571611077169464
DEAP:S02:T38,DEAP:S02,T38,0,1.0,2,1,0,1,unexposed,stimulus_absolute,train,10.0,0.7811972227927158,0.21880277720728428
DEAP:S02:T40,DEAP:S02,T40,1,6.05,2,1,0,1,unexposed,stimulus_absolute,train,10.0,0.028631448103619173,0.9713685518963808
DEAP:S03:T06,DEAP:S03,T06,1,6.79,2,1,0,1,unexposed,stimulus_absolute,train,10.0,0.13787222420804213,0.8621277757919579
DEAP:S03:T09,DEAP:S03,T09,1,7.33,2,1,0,1,unexposed,stimulus_absolute,train,10.0,0.34166725073334603,0.658332749266654
DEAP:S03:T13,DEAP:S03,T13,1,7.91,2,1,0,1,unexposed,stimulus_absolute,train,10.0,0.3436313640601846,0.6563686359398154
DEAP:S03:T14,DEAP:S03,T14,1,7.29,2,1,0,1,unexposed,stimulus_absolute,train,10.0,0.33138764047751557,0.6686123595224844
DEAP:S03:T15,DEAP:S03,T15,1,7.36,2,1,0,1,unexposed,stimulus_absolute,train,10.0,0.5514986308860506,0.44850136911394944
DEAP:S03:T16,DEAP:S03,T16,1,7.15,2,1,0,1,unexposed,stimulus_absolute,train,10.0,0.712034141879602,0.287965858120398
DEAP:S03:T17,DEAP:S03,T17,0,4.56,2,1,0,1,unexposed,stimulus_absolute,train,10.0,0.30368123128703384,0.6963187687129662
DEAP:S03:T20,DEAP:S03,T20,1,6.26,2,1,0,1,unexposed,stimulus_absolute,train,10.0,0.09934235567716843,0.9006576443228316
DEAP:S03:T21,DEAP:S03,T21,0,4.99,2,1,0,1,unexposed,stimulus_absolute,train,10.0,0.39419640961787783,0.6058035903821222
DEAP:S03:T27,DEAP:S03,T27,1,6.72,2,1,0,1,unexposed,stimulus_absolute,train,10.0,0.13407443738926828,0.8659255626107317
DEAP:S03:T35,DEAP:S03,T35,0,3.18,2,1,0,1,unexposed,stimulus_absolute,train,10.0,0.9752189619491751,0.02478103805082491
DEAP:S03:T36,DEAP:S03,T36,1,5.01,2,1,0,1,unexposed,stimulus_absolute,train,10.0,0.3369783030346474,0.6630216969653526
DEAP:S03:T37,DEAP:S03,T37,0,4.92,2,1,0,1,unexposed,stimulus_absolute,train,10.0,0.8816086843410684,0.11839131565893156
DEAP:S03:T38,DEAP:S03,T38,0,4.53,2,1,0,1,unexposed,stimulus_absolute,train,10.0,0.3868040268169488,0.6131959731830512
DEAP:S03:T40,DEAP:S03,T40,1,5.38,2,1,0,1,unexposed,stimulus_absolute,train,10.0,0.7195704124272368,0.2804295875727632
DEAP:S04:T06,DEAP:S04,T06,1,5.01,2,1,0,1,unexposed,stimulus_absolute,train,10.0,0.11744478079844067,0.8825552192015593
DEAP:S04:T09,DEAP:S04,T09,1,6.05,2,1,0,1,unexposed,stimulus_absolute,train,10.0,0.8033659044732209,0.19663409552677916
DEAP:S04:T13,DEAP:S04,T13,0,4.12,2,1,0,1,unexposed,stimulus_absolute,train,10.0,0.5120881500459393,0.48791184995406073
DEAP:S04:T14,DEAP:S04,T14,1,6.96,2,1,0,1,unexposed,stimulus_absolute,train,10.0,0.3366830972126894,0.6633169027873106
DEAP:S04:T15,DEAP:S04,T15,1,6.96,2,1,0,1,unexposed,stimulus_absolute,train,10.0,0.19267712283110572,0.8073228771688943
DEAP:S04:T16,DEAP:S04,T16,0,2.51,2,1,0,1,unexposed,stimulus_absolute,train,10.0,0.8486430329438113,0.1513569670561887
DEAP:S04:T17,DEAP:S04,T17,1,7.01,2,1,0,1,unexposed,stimulus_absolute,train,10.0,0.5182422331493586,0.4817577668506415
DEAP:S04:T20,DEAP:S04,T20,1,8.17,2,1,0,1,unexposed,stimulus_absolute,train,10.0,0.35417728037162155,0.6458227196283784
DEAP:S04:T21,DEAP:S04,T21,0,1.77,2,1,0,1,unexposed,stimulus_absolute,train,10.0,0.9867391906938081,0.013260809306191924
DEAP:S04:T27,DEAP:S04,T27,1,6.14,2,1,0,1,unexposed,stimulus_absolute,train,10.0,0.15334738841523632,0.8466526115847637
DEAP:S04:T35,DEAP:S04,T35,0,2.03,2,1,0,1,unexposed,stimulus_absolute,train,10.0,0.8574563143402786,0.14254368565972142
DEAP:S04:T36,DEAP:S04,T36,0,2.72,2,1,0,1,unexposed,stimulus_absolute,train,10.0,0.9988811857435533,0.0011188142564466776
DEAP:S04:T37,DEAP:S04,T37,0,1.0,2,1,0,1,unexposed,stimulus_absolute,train,10.0,0.8189364315347099,0.1810635684652902
DEAP:S04:T38,DEAP:S04,T38,0,1.79,2,1,0,1,unexposed,stimulus_absolute,train,10.0,0.31409879836043864,0.6859012016395614
DEAP:S04:T40,DEAP:S04,T40,0,1.86,2,1,0,1,unexposed,stimulus_absolute,train,10.0,0.9271818383580475,0.07281816164195253
DEAP:S05:T06,DEAP:S05,T06,1,8.09,2,1,0,1,unexposed,stimulus_absolute,train,10.0,0.5559686756429828,0.4440313243570172
DEAP:S05:T07,DEAP:S05,T07,1,5.12,2,1,0,1,unexposed,stimulus_absolute,train,10.0,0.21449763326056692,0.7855023667394331
DEAP:S05:T09,DEAP:S05,T09,1,6.94,2,1,0,1,unexposed,stimulus_absolute,train,10.0,0.7547979872814823,0.24520201271851771
DEAP:S05:T13,DEAP:S05,T13,0,4.94,2,1,0,1,unexposed,stimulus_absolute,train,10.0,0.5184214634811822,0.48157853651881777
DEAP:S05:T14,DEAP:S05,T14,1,7.21,2,1,0,1,unexposed,stimulus_absolute,train,10.0,0.22716394305162524,0.7728360569483748
DEAP:S05:T15,DEAP:S05,T15,1,6.97,2,1,0,1,unexposed,stimulus_absolute,train,10.0,0.18490624876873207,0.8150937512312679
DEAP:S05:T16,DEAP:S05,T16,1,5.96,2,1,0,1,unexposed,stimulus_absolute,train,10.0,0.01692910209395937,0.9830708979060406
DEAP:S05:T17,DEAP:S05,T17,1,6.88,2,1,0,1,unexposed,stimulus_absolute,train,10.0,0.14292359567096125,0.8570764043290388
DEAP:S05:T20,DEAP:S05,T20,1,7.0,2,1,0,1,unexposed,stimulus_absolute,train,10.0,0.20233294413784786,0.7976670558621521
DEAP:S05:T21,DEAP:S05,T21,0,4.0,2,1,0,1,unexposed,stimulus_absolute,train,10.0,0.9677353646544795,0.03226463534552045
DEAP:S05:T27,DEAP:S05,T27,1,7.0,2,1,0,1,unexposed,stimulus_absolute,train,10.0,0.3155854730677494,0.6844145269322506
DEAP:S05:T35,DEAP:S05,T35,0,4.86,2,1,0,1,unexposed,stimulus_absolute,train,10.0,0.5624903342421267,0.4375096657578733
DEAP:S05:T36,DEAP:S05,T36,0,4.91,2,1,0,1,unexposed,stimulus_absolute,train,10.0,0.7799230503011269,0.22007694969887315
DEAP:S05:T38,DEAP:S05,T38,0,1.0,2,1,0,1,unexposed,stimulus_absolute,train,10.0,0.30623906488742336,0.6937609351125766
DEAP:S05:T40,DEAP:S05,T40,1,7.0,2,1,0,1,unexposed,stimulus_absolute,train,10.0,0.2839478520970441,0.7160521479029559
DEAP:S06:T06,DEAP:S06,T06,1,8.05,2,1,0,1,unexposed,stimulus_absolute,train,10.0,0.10485322063745839,0.8951467793625416
DEAP:S06:T07,DEAP:S06,T07,1,8.26,2,1,0,1,unexposed,stimulus_absolute,train,10.0,0.06500371602830712,0.9349962839716929
DEAP:S06:T09,DEAP:S06,T09,1,7.87,2,1,0,1,unexposed,stimulus_absolute,train,10.0,0.38581255640058465,0.6141874435994154
DEAP:S06:T13,DEAP:S06,T13,1,7.79,2,1,0,1,unexposed,stimulus_absolute,train,10.0,0.5311347079252974,0.4688652920747026
DEAP:S06:T14,DEAP:S06,T14,1,6.32,2,1,0,1,unexposed,stimulus_absolute,train,10.0,0.007911406406179933,0.9920885935938201
DEAP:S06:T15,DEAP:S06,T15,1,5.59,2,1,0,1,unexposed,stimulus_absolute,train,10.0,0.2384427213003909,0.7615572786996091
DEAP:S06:T16,DEAP:S06,T16,1,5.06,2,1,0,1,unexposed,stimulus_absolute,train,10.0,0.38916192630691426,0.6108380736930857
DEAP:S06:T17,DEAP:S06,T17,1,6.72,2,1,0,1,unexposed,stimulus_absolute,train,10.0,0.46824928685970557,0.5317507131402944
DEAP:S06:T20,DEAP:S06,T20,1,5.01,2,1,0,1,unexposed,stimulus_absolute,train,10.0,0.13161078317671449,0.8683892168232855
DEAP:S06:T21,DEAP:S06,T21,1,6.28,2,1,0,1,unexposed,stimulus_absolute,train,10.0,0.3827160220655066,0.6172839779344934
DEAP:S06:T27,DEAP:S06,T27,1,5.08,2,1,0,1,unexposed,stimulus_absolute,train,10.0,0.22625750888336837,0.7737424911166316
DEAP:S06:T35,DEAP:S06,T35,0,3.96,2,1,0,1,unexposed,stimulus_absolute,train,10.0,0.26748863759908337,0.7325113624009166
DEAP:S06:T36,DEAP:S06,T36,1,5.71,2,1,0,1,unexposed,stimulus_absolute,train,10.0,0.27928322010744555,0.7207167798925544
DEAP:S06:T37,DEAP:S06,T37,0,4.83,2,1,0,1,unexposed,stimulus_absolute,train,10.0,0.640864484313078,0.359135515686922
DEAP:S06:T40,DEAP:S06,T40,0,4.85,2,1,0,1,unexposed,stimulus_absolute,train,10.0,0.286529426034278,0.713470573965722
DEAP:S07:T06,DEAP:S07,T06,1,6.97,2,1,0,1,unexposed,stimulus_absolute,train,10.0,0.0011725938357841637,0.9988274061642158
DEAP:S07:T07,DEAP:S07,T07,1,7.08,2,1,0,1,unexposed,stimulus_absolute,train,10.0,0.055088441482945116,0.9449115585170549
DEAP:S07:T09,DEAP:S07,T09,1,6.99,2,1,0,1,unexposed,stimulus_absolute,train,10.0,0.11951225981566327,0.8804877401843367
DEAP:S07:T13,DEAP:S07,T13,1,8.0,2,1,0,1,unexposed,stimulus_absolute,train,10.0,0.013714533669386686,0.9862854663306133
DEAP:S07:T14,DEAP:S07,T14,1,7.09,2,1,0,1,unexposed,stimulus_absolute,train,10.0,0.22665109294119745,0.7733489070588025
DEAP:S07:T15,DEAP:S07,T15,1,7.99,2,1,0,1,unexposed,stimulus_absolute,train,10.0,0.0059727548841695954,0.9940272451158304
DEAP:S07:T16,DEAP:S07,T16,0,3.03,2,1,0,1,unexposed,stimulus_absolute,train,10.0,0.7018093793659085,0.2981906206340915
DEAP:S07:T21,DEAP:S07,T21,0,3.12,2,1,0,1,unexposed,stimulus_absolute,train,10.0,0.9181816315572576,0.0818183684427424
DEAP:S07:T27,DEAP:S07,T27,1,6.09,2,1,0,1,unexposed,stimulus_absolute,train,10.0,0.009701266317007406,0.9902987336829926
DEAP:S07:T35,DEAP:S07,T35,1,5.01,2,1,0,1,unexposed,stimulus_absolute,train,10.0,0.08718456725809354,0.9128154327419065
DEAP:S07:T36,DEAP:S07,T36,1,8.1,2,1,0,1,unexposed,stimulus_absolute,train,10.0,0.11949447967547833,0.8805055203245217
DEAP:S07:T37,DEAP:S07,T37,1,5.05,2,1,0,1,unexposed,stimulus_absolute,train,10.0,0.03362174044721555,0.9663782595527844
DEAP:S07:T40,DEAP:S07,T40,1,7.01,2,1,0,1,unexposed,stimulus_absolute,train,10.0,0.36906581987900433,0.6309341801209957
DEAP:S08:T06,DEAP:S08,T06,1,7.4,2,1,0,1,unexposed,stimulus_absolute,train,10.0,0.5190429531085711,0.48095704689142893
DEAP:S08:T07,DEAP:S08,T07,1,5.04,2,1,0,1,unexposed,stimulus_absolute,train,10.0,0.21639409718582803,0.783605902814172
DEAP:S08:T09,DEAP:S08,T09,1,8.78,2,1,0,1,unexposed,stimulus_absolute,train,10.0,0.1040570264839017,0.8959429735160983
DEAP:S08:T13,DEAP:S08,T13,1,7.9,2,1,0,1,unexposed,stimulus_absolute,train,10.0,0.11890080171364625,0.8810991982863537
DEAP:S08:T14,DEAP:S08,T14,1,6.88,2,1,0,1,unexposed,stimulus_absolute,train,10.0,0.5094622351614643,0.49053776483853573
DEAP:S08:T15,DEAP:S08,T15,1,8.33,2,1,0,1,unexposed,stimulus_absolute,train,10.0,0.06384345845663397,0.936156541543366
DEAP:S08:T16,DEAP:S08,T16,0,4.21,2,1,0,1,unexposed,stimulus_absolute,train,10.0,0.9819301709164681,0.018069829083531903
DEAP:S08:T17,DEAP:S08,T17,1,6.67,2,1,0,1,unexposed,stimulus_absolute,train,10.0,0.4011648698628676,0.5988351301371324
DEAP:S08:T20,DEAP:S08,T20,1,6.74,2,1,0,1,unexposed,stimulus_absolute,train,10.0,0.10171103005663618,0.8982889699433638
DEAP:S08:T21,DEAP:S08,T21,0,4.68,2,1,0,1,unexposed,stimulus_absolute,train,10.0,0.6462793063445479,0.3537206936554521
DEAP:S08:T27,DEAP:S08,T27,0,4.46,2,1,0,1,unexposed,stimulus_absolute,train,10.0,0.5017380994682293,0.49826190053177066
DEAP:S08:T35,DEAP:S08,T35,0,3.62,2,1,0,1,unexposed,stimulus_absolute,train,10.0,0.9734224304686786,0.026577569531321364
DEAP:S08:T36,DEAP:S08,T36,0,1.21,2,1,0,1,unexposed,stimulus_absolute,train,10.0,0.8109158132431376,0.1890841867568624
DEAP:S08:T37,DEAP:S08,T37,1,5.06,2,1,0,1,unexposed,stimulus_absolute,train,10.0,0.018114832656408897,0.9818851673435911
DEAP:S08:T38,DEAP:S08,T38,0,4.72,2,1,0,1,unexposed,stimulus_absolute,train,10.0,0.5911865397377538,0.40881346026224613
DEAP:S08:T40,DEAP:S08,T40,0,3.13,2,1,0,1,unexposed,stimulus_absolute,train,10.0,0.9362404648059199,0.06375953519408002
DEAP:S09:T06,DEAP:S09,T06,1,7.04,2,1,0,1,unexposed,stimulus_absolute,train,10.0,0.07066726045663108,0.9293327395433689
DEAP:S09:T07,DEAP:S09,T07,1,5.08,2,1,0,1,unexposed,stimulus_absolute,train,10.0,0.2927147636527232,0.7072852363472768
DEAP:S09:T13,DEAP:S09,T13,1,8.15,2,1,0,1,unexposed,stimulus_absolute,train,10.0,0.7100503576640338,0.2899496423359662
DEAP:S09:T14,DEAP:S09,T14,1,7.0,2,1,0,1,unexposed,stimulus_absolute,train,10.0,0.06989815273894007,0.9301018472610599
DEAP:S09:T15,DEAP:S09,T15,1,6.21,2,1,0,1,unexposed,stimulus_absolute,train,10.0,0.6836352516223719,0.31636474837762807
DEAP:S09:T16,DEAP:S09,T16,0,4.05,2,1,0,1,unexposed,stimulus_absolute,train,10.0,0.8639671001704372,0.13603289982956274
DEAP:S09:T17,DEAP:S09,T17,1,6.03,2,1,0,1,unexposed,stimulus_absolute,train,10.0,0.02610396753710864,0.9738960324628914
DEAP:S09:T20,DEAP:S09,T20,1,5.12,2,1,0,1,unexposed,stimulus_absolute,train,10.0,0.2691722419177236,0.7308277580822764
DEAP:S09:T21,DEAP:S09,T21,0,4.04,2,1,0,1,unexposed,stimulus_absolute,train,10.0,0.9826232396151833,0.01737676038481676
DEAP:S09:T27,DEAP:S09,T27,1,5.04,2,1,0,1,unexposed,stimulus_absolute,train,10.0,0.04672292547363999,0.95327707452636
DEAP:S09:T35,DEAP:S09,T35,0,3.01,2,1,0,1,unexposed,stimulus_absolute,train,10.0,0.43396968013869774,0.5660303198613023
DEAP:S09:T36,DEAP:S09,T36,0,3.08,2,1,0,1,unexposed,stimulus_absolute,train,10.0,0.8687571555450962,0.13124284445490378
DEAP:S09:T37,DEAP:S09,T37,0,2.99,2,1,0,1,unexposed,stimulus_absolute,train,10.0,0.9541086549891186,0.04589134501088139
DEAP:S09:T38,DEAP:S09,T38,0,2.92,2,1,0,1,unexposed,stimulus_absolute,train,10.0,0.45935158787716124,0.5406484121228388
DEAP:S09:T40,DEAP:S09,T40,1,5.04,2,1,0,1,unexposed,stimulus_absolute,train,10.0,0.3593732321292993,0.6406267678707007
DEAP:S10:T06,DEAP:S10,T06,1,7.1,2,1,0,1,unexposed,stimulus_absolute,train,10.0,0.04509722213567657,0.9549027778643234
DEAP:S10:T07,DEAP:S10,T07,1,8.96,2,1,0,1,unexposed,stimulus_absolute,train,10.0,0.018795668986779535,0.9812043310132205
DEAP:S10:T09,DEAP:S10,T09,1,7.56,2,1,0,1,unexposed,stimulus_absolute,train,10.0,0.22002292906515453,0.7799770709348455
DEAP:S10:T13,DEAP:S10,T13,1,6.72,2,1,0,1,unexposed,stimulus_absolute,train,10.0,0.3722115686731188,0.6277884313268812
DEAP:S10:T14,DEAP:S10,T14,1,8.81,2,1,0,1,unexposed,stimulus_absolute,train,10.0,0.599358735757458,0.400641264242542
DEAP:S10:T15,DEAP:S10,T15,1,5.31,2,1,0,1,unexposed,stimulus_absolute,train,10.0,0.30058886587898503,0.699411134121015
DEAP:S10:T16,DEAP:S10,T16,0,3.85,2,1,0,1,unexposed,stimulus_absolute,train,10.0,0.9424959915917822,0.0575040084082178
DEAP:S10:T17,DEAP:S10,T17,0,4.95,2,1,0,1,unexposed,stimulus_absolute,train,10.0,0.9025376566886547,0.09746234331134535
DEAP:S10:T20,DEAP:S10,T20,1,5.58,2,1,0,1,unexposed,stimulus_absolute,train,10.0,0.2402812263499201,0.7597187736500799
DEAP:S10:T21,DEAP:S10,T21,0,2.97,2,1,0,1,unexposed,stimulus_absolute,train,10.0,0.6191401544555064,0.3808598455444936
DEAP:S10:T27,DEAP:S10,T27,0,4.94,2,1,0,1,unexposed,stimulus_absolute,train,10.0,0.6218397684892554,0.3781602315107446
DEAP:S10:T35,DEAP:S10,T35,0,1.38,2,1,0,1,unexposed,stimulus_absolute,train,10.0,0.7693122731823309,0.23068772681766916
DEAP:S10:T37,DEAP:S10,T37,0,2.92,2,1,0,1,unexposed,stimulus_absolute,train,10.0,0.8561622411400223,0.14383775885997774
DEAP:S10:T38,DEAP:S10,T38,0,1.91,2,1,0,1,unexposed,stimulus_absolute,train,10.0,0.7562401154066622,0.2437598845933377
DEAP:S10:T40,DEAP:S10,T40,1,5.78,2,1,0,1,unexposed,stimulus_absolute,train,10.0,0.687105590123409,0.312894409876591
DEAP:S12:T06,DEAP:S12,T06,1,6.65,2,1,0,1,unexposed,stimulus_absolute,train,10.0,0.41834116806363375,0.5816588319363662
DEAP:S12:T07,DEAP:S12,T07,1,6.77,2,1,0,1,unexposed,stimulus_absolute,train,10.0,0.5814692972212283,0.4185307027787717
DEAP:S12:T09,DEAP:S12,T09,1,7.95,2,1,0,1,unexposed,stimulus_absolute,train,10.0,0.29878719599943804,0.701212804000562
DEAP:S12:T13,DEAP:S12,T13,1,7.99,2,1,0,1,unexposed,stimulus_absolute,train,10.0,0.29495261587453236,0.7050473841254676
DEAP:S12:T14,DEAP:S12,T14,1,8.15,2,1,0,1,unexposed,stimulus_absolute,train,10.0,0.7034794848943765,0.2965205151056235
DEAP:S12:T15,DEAP:S12,T15,1,7.08,2,1,0,1,unexposed,stimulus_absolute,train,10.0,0.04466840215911727,0.9553315978408827
DEAP:S12:T16,DEAP:S12,T16,1,5.04,2,1,0,1,unexposed,stimulus_absolute,train,10.0,0.42379219405454793,0.5762078059454521
DEAP:S12:T17,DEAP:S12,T17,0,4.86,2,1,0,1,unexposed,stimulus_absolute,train,10.0,0.5284167277436411,0.47158327225635893
DEAP:S12:T20,DEAP:S12,T20,1,7.35,2,1,0,1,unexposed,stimulus_absolute,train,10.0,0.40808933325293073,0.5919106667470693
DEAP:S12:T21,DEAP:S12,T21,0,2.13,2,1,0,1,unexposed,stimulus_absolute,train,10.0,0.605884891645029,0.39411510835497104
DEAP:S12:T27,DEAP:S12,T27,1,5.05,2,1,0,1,unexposed,stimulus_absolute,train,10.0,0.007717358931970564,0.9922826410680294
DEAP:S12:T35,DEAP:S12,T35,0,1.22,2,1,0,1,unexposed,stimulus_absolute,train,10.0,0.5668502523628334,0.43314974763716657
DEAP:S12:T36,DEAP:S12,T36,0,2.82,2,1,0,1,unexposed,stimulus_absolute,train,10.0,0.6523760079282431,0.34762399207175687
DEAP:S12:T37,DEAP:S12,T37,0,1.0,2,1,0,1,unexposed,stimulus_absolute,train,10.0,0.6383386883870449,0.3616613116129551
DEAP:S12:T38,DEAP:S12,T38,0,2.85,2,1,0,1,unexposed,stimulus_absolute,train,10.0,0.7923253922464643,0.20767460775353572
DEAP:S12:T40,DEAP:S12,T40,1,6.81,2,1,0,1,unexposed,stimulus_absolute,train,10.0,0.6689608188408638,0.3310391811591362
DEAP:S13:T06,DEAP:S13,T06,0,4.46,2,1,0,1,unexposed,stimulus_absolute,train,10.0,0.3053993574116841,0.6946006425883159
DEAP:S13:T07,DEAP:S13,T07,0,2.99,2,1,0,1,unexposed,stimulus_absolute,train,10.0,0.7275509945225829,0.27244900547741707
DEAP:S13:T09,DEAP:S13,T09,1,7.06,2,1,0,1,unexposed,stimulus_absolute,train,10.0,0.12578863292713316,0.8742113670728668
DEAP:S13:T13,DEAP:S13,T13,1,9.0,2,1,0,1,unexposed,stimulus_absolute,train,10.0,0.3625862530780751,0.6374137469219249
DEAP:S13:T14,DEAP:S13,T14,1,7.97,2,1,0,1,unexposed,stimulus_absolute,train,10.0,0.29991357409831,0.70008642590169
DEAP:S13:T15,DEAP:S13,T15,0,4.94,2,1,0,1,unexposed,stimulus_absolute,train,10.0,0.6778695868791651,0.32213041312083496
DEAP:S13:T17,DEAP:S13,T17,1,5.99,2,1,0,1,unexposed,stimulus_absolute,train,10.0,0.7766606796123776,0.22333932038762233
DEAP:S13:T20,DEAP:S13,T20,1,7.6,2,1,0,1,unexposed,stimulus_absolute,train,10.0,0.4511889859444411,0.5488110140555589
DEAP:S13:T21,DEAP:S13,T21,0,2.0,2,1,0,1,unexposed,stimulus_absolute,train,10.0,0.9665470838296107,0.0334529161703893
DEAP:S13:T27,DEAP:S13,T27,1,5.47,2,1,0,1,unexposed,stimulus_absolute,train,10.0,0.7333781400347303,0.2666218599652696
DEAP:S13:T36,DEAP:S13,T36,0,2.54,2,1,0,1,unexposed,stimulus_absolute,train,10.0,0.9581308148746408,0.041869185125359226
DEAP:S13:T37,DEAP:S13,T37,0,1.0,2,1,0,1,unexposed,stimulus_absolute,train,10.0,0.8438271520709383,0.15617284792906175
DEAP:S13:T38,DEAP:S13,T38,0,1.0,2,1,0,1,unexposed,stimulus_absolute,train,10.0,0.7181701380314839,0.2818298619685161
DEAP:S15:T06,DEAP:S15,T06,1,9.0,2,1,0,1,unexposed,stimulus_absolute,train,10.0,0.19753379743842348,0.8024662025615765
DEAP:S15:T07,DEAP:S15,T07,1,5.04,2,1,0,1,unexposed,stimulus_absolute,train,10.0,0.2888554850284285,0.7111445149715715
DEAP:S15:T09,DEAP:S15,T09,1,9.0,2,1,0,1,unexposed,stimulus_absolute,train,10.0,0.17054359105843375,0.8294564089415662
DEAP:S15:T14,DEAP:S15,T14,1,8.15,2,1,0,1,unexposed,stimulus_absolute,train,10.0,0.07325117922118429,0.9267488207788157
DEAP:S15:T15,DEAP:S15,T15,1,8.12,2,1,0,1,unexposed,stimulus_absolute,train,10.0,0.5024032330878627,0.4975967669121372
DEAP:S15:T16,DEAP:S15,T16,0,4.17,2,1,0,1,unexposed,stimulus_absolute,train,10.0,0.9175235759297828,0.08247642407021719
DEAP:S15:T17,DEAP:S15,T17,1,8.1,2,1,0,1,unexposed,stimulus_absolute,train,10.0,0.06994698957530554,0.9300530104246945
DEAP:S15:T20,DEAP:S15,T20,1,7.97,2,1,0,1,unexposed,stimulus_absolute,train,10.0,0.24090187434148402,0.759098125658516
DEAP:S15:T21,DEAP:S15,T21,0,3.09,2,1,0,1,unexposed,stimulus_absolute,train,10.0,0.9249084027303301,0.0750915972696699
DEAP:S15:T27,DEAP:S15,T27,1,6.0,2,1,0,1,unexposed,stimulus_absolute,train,10.0,0.1182014634654629,0.8817985365345371
DEAP:S15:T35,DEAP:S15,T35,1,5.05,2,1,0,1,unexposed,stimulus_absolute,train,10.0,0.9196944895314737,0.08030551046852631
DEAP:S15:T36,DEAP:S15,T36,0,3.96,2,1,0,1,unexposed,stimulus_absolute,train,10.0,0.6281689245283715,0.3718310754716285
DEAP:S15:T37,DEAP:S15,T37,0,3.04,2,1,0,1,unexposed,stimulus_absolute,train,10.0,0.8050929208333675,0.19490707916663255
DEAP:S15:T38,DEAP:S15,T38,0,2.08,2,1,0,1,unexposed,stimulus_absolute,train,10.0,0.6585554082943541,0.34144459170564595
DEAP:S15:T40,DEAP:S15,T40,0,4.01,2,1,0,1,unexposed,stimulus_absolute,train,10.0,0.3694518023916131,0.6305481976083869
DEAP:S18:T06,DEAP:S18,T06,1,6.51,2,1,0,1,unexposed,stimulus_absolute,train,10.0,0.3449938320196321,0.6550061679803679
DEAP:S18:T07,DEAP:S18,T07,1,7.33,2,1,0,1,unexposed,stimulus_absolute,train,10.0,0.03753532173342433,0.9624646782665757
DEAP:S18:T13,DEAP:S18,T13,1,7.33,2,1,0,1,unexposed,stimulus_absolute,train,10.0,0.18806553868413012,0.8119344613158699
DEAP:S18:T14,DEAP:S18,T14,1,6.62,2,1,0,1,unexposed,stimulus_absolute,train,10.0,0.4572595920341175,0.5427404079658825
DEAP:S18:T15,DEAP:S18,T15,1,6.04,2,1,0,1,unexposed,stimulus_absolute,train,10.0,0.5543358512578409,0.4456641487421591
DEAP:S18:T16,DEAP:S18,T16,0,4.38,2,1,0,1,unexposed,stimulus_absolute,train,10.0,0.638443084603076,0.3615569153969241
DEAP:S18:T17,DEAP:S18,T17,1,7.74,2,1,0,1,unexposed,stimulus_absolute,train,10.0,0.22841679438162865,0.7715832056183713
DEAP:S18:T21,DEAP:S18,T21,0,3.92,2,1,0,1,unexposed,stimulus_absolute,train,10.0,0.649376480758263,0.35062351924173696
DEAP:S18:T27,DEAP:S18,T27,1,5.94,2,1,0,1,unexposed,stimulus_absolute,train,10.0,0.2920071451906866,0.7079928548093134
DEAP:S18:T35,DEAP:S18,T35,1,5.12,2,1,0,1,unexposed,stimulus_absolute,train,10.0,0.2587851159313136,0.7412148840686864
DEAP:S18:T36,DEAP:S18,T36,1,5.24,2,1,0,1,unexposed,stimulus_absolute,train,10.0,0.39328881678231054,0.6067111832176895
DEAP:S18:T37,DEAP:S18,T37,0,4.0,2,1,0,1,unexposed,stimulus_absolute,train,10.0,0.5442064027256514,0.45579359727434865
DEAP:S18:T38,DEAP:S18,T38,0,4.51,2,1,0,1,unexposed,stimulus_absolute,train,10.0,0.757958066461918,0.24204193353808198
DEAP:S19:T06,DEAP:S19,T06,1,7.73,2,1,0,1,unexposed,stimulus_absolute,train,10.0,0.09757863139145406,0.9024213686085459
DEAP:S19:T07,DEAP:S19,T07,1,6.64,2,1,0,1,unexposed,stimulus_absolute,train,10.0,0.43417215385765995,0.56582784614234
DEAP:S19:T09,DEAP:S19,T09,1,7.09,2,1,0,1,unexposed,stimulus_absolute,train,10.0,0.5139833728323289,0.4860166271676711
DEAP:S19:T13,DEAP:S19,T13,1,7.53,2,1,0,1,unexposed,stimulus_absolute,train,10.0,0.4317604899674453,0.5682395100325547
DEAP:S19:T14,DEAP:S19,T14,1,6.76,2,1,0,1,unexposed,stimulus_absolute,train,10.0,0.7367161490196725,0.2632838509803274
DEAP:S19:T15,DEAP:S19,T15,1,5.68,2,1,0,1,unexposed,stimulus_absolute,train,10.0,0.08338701505078039,0.9166129849492196
DEAP:S19:T16,DEAP:S19,T16,0,3.24,2,1,0,1,unexposed,stimulus_absolute,train,10.0,0.9844734506712102,0.01552654932878983
DEAP:S19:T17,DEAP:S19,T17,1,7.38,2,1,0,1,unexposed,stimulus_absolute,train,10.0,0.4211004024922955,0.5788995975077045
DEAP:S19:T20,DEAP:S19,T20,1,6.13,2,1,0,1,unexposed,stimulus_absolute,train,10.0,0.6273666361258046,0.3726333638741954
DEAP:S19:T27,DEAP:S19,T27,0,4.97,2,1,0,1,unexposed,stimulus_absolute,train,10.0,0.8314531677949644,0.16854683220503563
DEAP:S19:T35,DEAP:S19,T35,0,3.21,2,1,0,1,unexposed,stimulus_absolute,train,10.0,0.7956508869272517,0.20434911307274828
DEAP:S19:T36,DEAP:S19,T36,0,3.71,2,1,0,1,unexposed,stimulus_absolute,train,10.0,0.5763343099753684,0.42366569002463156
DEAP:S19:T37,DEAP:S19,T37,0,3.15,2,1,0,1,unexposed,stimulus_absolute,train,10.0,0.46138395771208507,0.5386160422879149
DEAP:S19:T38,DEAP:S19,T38,0,1.62,2,1,0,1,unexposed,stimulus_absolute,train,10.0,0.7475205491592827,0.2524794508407174
DEAP:S19:T40,DEAP:S19,T40,0,4.24,2,1,0,1,unexposed,stimulus_absolute,train,10.0,0.7466075967077179,0.253392403292282
DEAP:S20:T06,DEAP:S20,T06,1,7.62,2,1,0,1,unexposed,stimulus_absolute,train,10.0,0.306315273534988,0.693684726465012
DEAP:S20:T07,DEAP:S20,T07,1,5.27,2,1,0,1,unexposed,stimulus_absolute,train,10.0,0.48387665717304873,0.5161233428269513
DEAP:S20:T09,DEAP:S20,T09,1,8.22,2,1,0,1,unexposed,stimulus_absolute,train,10.0,0.3182376511930237,0.6817623488069763
DEAP:S20:T13,DEAP:S20,T13,1,7.91,2,1,0,1,unexposed,stimulus_absolute,train,10.0,0.5119796525332285,0.4880203474667714
DEAP:S20:T14,DEAP:S20,T14,1,6.4,2,1,0,1,unexposed,stimulus_absolute,train,10.0,0.2698739604933156,0.7301260395066844
DEAP:S20:T15,DEAP:S20,T15,1,6.35,2,1,0,1,unexposed,stimulus_absolute,train,10.0,0.12679240273103387,0.8732075972689661
DEAP:S20:T16,DEAP:S20,T16,1,5.03,2,1,0,1,unexposed,stimulus_absolute,train,10.0,0.16071954635937036,0.8392804536406296
DEAP:S20:T17,DEAP:S20,T17,1,5.04,2,1,0,1,unexposed,stimulus_absolute,train,10.0,0.0339673406081743,0.9660326593918257
DEAP:S20:T20,DEAP:S20,T20,1,6.65,2,1,0,1,unexposed,stimulus_absolute,train,10.0,0.43516874188625865,0.5648312581137414
DEAP:S20:T27,DEAP:S20,T27,1,5.03,2,1,0,1,unexposed,stimulus_absolute,train,10.0,0.26935933477705043,0.7306406652229496
DEAP:S20:T35,DEAP:S20,T35,0,4.35,2,1,0,1,unexposed,stimulus_absolute,train,10.0,0.7910799444662318,0.2089200555337682
DEAP:S20:T36,DEAP:S20,T36,0,4.29,2,1,0,1,unexposed,stimulus_absolute,train,10.0,0.715429276300972,0.2845707236990281
DEAP:S20:T37,DEAP:S20,T37,0,3.01,2,1,0,1,unexposed,stimulus_absolute,train,10.0,0.6302042459179003,0.3697957540820998
DEAP:S20:T38,DEAP:S20,T38,0,3.38,2,1,0,1,unexposed,stimulus_absolute,train,10.0,0.5832917603528032,0.41670823964719683
DEAP:S20:T40,DEAP:S20,T40,0,4.94,2,1,0,1,unexposed,stimulus_absolute,train,10.0,0.6586769507097168,0.34132304929028323
DEAP:S22:T06,DEAP:S22,T06,0,4.97,2,1,0,1,unexposed,stimulus_absolute,train,10.0,0.8249691727724303,0.17503082722756966
DEAP:S22:T07,DEAP:S22,T07,1,6.03,2,1,0,1,unexposed,stimulus_absolute,train,10.0,0.5966031402272969,0.4033968597727032
DEAP:S22:T09,DEAP:S22,T09,1,9.0,2,1,0,1,unexposed,stimulus_absolute,train,10.0,0.16093230237182965,0.8390676976281704
DEAP:S22:T13,DEAP:S22,T13,1,7.01,2,1,0,1,unexposed,stimulus_absolute,train,10.0,0.5399556522605751,0.4600443477394249
DEAP:S22:T14,DEAP:S22,T14,1,8.05,2,1,0,1,unexposed,stimulus_absolute,train,10.0,0.19576152967682559,0.8042384703231744
DEAP:S22:T16,DEAP:S22,T16,1,6.06,2,1,0,1,unexposed,stimulus_absolute,train,10.0,0.06939825211984096,0.930601747880159
DEAP:S22:T17,DEAP:S22,T17,1,5.04,2,1,0,1,unexposed,stimulus_absolute,train,10.0,0.18306916444470756,0.8169308355552924
DEAP:S22:T20,DEAP:S22,T20,1,7.08,2,1,0,1,unexposed,stimulus_absolute,train,10.0,0.4590023345016828,0.5409976654983172
DEAP:S22:T21,DEAP:S22,T21,0,2.97,2,1,0,1,unexposed,stimulus_absolute,train,10.0,0.4764671668502657,0.5235328331497343
DEAP:S22:T27,DEAP:S22,T27,1,7.06,2,1,0,1,unexposed,stimulus_absolute,train,10.0,0.7031418632843748,0.2968581367156252
DEAP:S22:T35,DEAP:S22,T35,0,1.99,2,1,0,1,unexposed,stimulus_absolute,train,10.0,0.9202549148132233,0.07974508518677675
DEAP:S22:T37,DEAP:S22,T37,0,1.0,2,1,0,1,unexposed,stimulus_absolute,train,10.0,0.7738889661160618,0.22611103388393813
DEAP:S22:T38,DEAP:S22,T38,0,1.0,2,1,0,1,unexposed,stimulus_absolute,train,10.0,0.8988576768727017,0.10114232312729828
DEAP:S22:T40,DEAP:S22,T40,0,2.97,2,1,0,1,unexposed,stimulus_absolute,train,10.0,0.271888196366322,0.728111803633678
DEAP:S24:T06,DEAP:S24,T06,1,5.96,2,1,0,1,unexposed,stimulus_absolute,train,10.0,0.27067691779693026,0.7293230822030697
DEAP:S24:T07,DEAP:S24,T07,0,3.04,2,1,0,1,unexposed,stimulus_absolute,train,10.0,0.7796675569166228,0.22033244308337716
DEAP:S24:T09,DEAP:S24,T09,1,7.08,2,1,0,1,unexposed,stimulus_absolute,train,10.0,0.5006187587061386,0.49938124129386147
DEAP:S24:T13,DEAP:S24,T13,1,8.0,2,1,0,1,unexposed,stimulus_absolute,train,10.0,0.735936750523652,0.264063249476348
DEAP:S24:T14,DEAP:S24,T14,1,8.05,2,1,0,1,unexposed,stimulus_absolute,train,10.0,0.581869442383378,0.418130557616622
DEAP:S24:T15,DEAP:S24,T15,1,6.0,2,1,0,1,unexposed,stimulus_absolute,train,10.0,0.7156068466265162,0.28439315337348386
DEAP:S24:T16,DEAP:S24,T16,0,4.0,2,1,0,1,unexposed,stimulus_absolute,train,10.0,0.7139943134467283,0.28600568655327174
DEAP:S24:T17,DEAP:S24,T17,0,4.08,2,1,0,1,unexposed,stimulus_absolute,train,10.0,0.41979623551729606,0.5802037644827039
DEAP:S24:T20,DEAP:S24,T20,0,4.03,2,1,0,1,unexposed,stimulus_absolute,train,10.0,0.7620477323393201,0.23795226766067992
DEAP:S24:T21,DEAP:S24,T21,0,1.96,2,1,0,1,unexposed,stimulus_absolute,train,10.0,0.6563957383410994,0.34360426165890057
DEAP:S24:T27,DEAP:S24,T27,1,6.08,2,1,0,1,unexposed,stimulus_absolute,train,10.0,0.6057579095650967,0.3942420904349034
DEAP:S24:T36,DEAP:S24,T36,0,4.0,2,1,0,1,unexposed,stimulus_absolute,train,10.0,0.9185508355127939,0.08144916448720604
DEAP:S24:T37,DEAP:S24,T37,0,4.0,2,1,0,1,unexposed,stimulus_absolute,train,10.0,0.7591116241032086,0.24088837589679135
DEAP:S24:T38,DEAP:S24,T38,0,2.03,2,1,0,1,unexposed,stimulus_absolute,train,10.0,0.8978425255964608,0.10215747440353914
DEAP:S26:T06,DEAP:S26,T06,1,8.09,2,1,0,1,unexposed,stimulus_absolute,train,10.0,0.13898803488321088,0.8610119651167891
DEAP:S26:T07,DEAP:S26,T07,1,6.08,2,1,0,1,unexposed,stimulus_absolute,train,10.0,0.05808231816699905,0.941917681833001
DEAP:S26:T09,DEAP:S26,T09,1,8.05,2,1,0,1,unexposed,stimulus_absolute,train,10.0,0.07467506637814414,0.9253249336218559
DEAP:S26:T13,DEAP:S26,T13,1,7.12,2,1,0,1,unexposed,stimulus_absolute,train,10.0,0.05221948106406249,0.9477805189359375
DEAP:S26:T14,DEAP:S26,T14,1,9.0,2,1,0,1,unexposed,stimulus_absolute,train,10.0,0.2993205855358837,0.7006794144641163
DEAP:S26:T15,DEAP:S26,T15,1,7.01,2,1,0,1,unexposed,stimulus_absolute,train,10.0,0.16697292120096896,0.833027078799031
DEAP:S26:T16,DEAP:S26,T16,1,6.19,2,1,0,1,unexposed,stimulus_absolute,train,10.0,0.541637683731625,0.45836231626837504
DEAP:S26:T17,DEAP:S26,T17,1,5.04,2,1,0,1,unexposed,stimulus_absolute,train,10.0,0.019648382681625054,0.980351617318375
DEAP:S26:T20,DEAP:S26,T20,1,8.08,2,1,0,1,unexposed,stimulus_absolute,train,10.0,0.25946005236067904,0.740539947639321
DEAP:S26:T21,DEAP:S26,T21,1,6.06,2,1,0,1,unexposed,stimulus_absolute,train,10.0,0.11451346668608442,0.8854865333139156
DEAP:S26:T27,DEAP:S26,T27,1,6.0,2,1,0,1,unexposed,stimulus_absolute,train,10.0,0.027394141948978712,0.9726058580510213
DEAP:S26:T37,DEAP:S26,T37,0,1.0,2,1,0,1,unexposed,stimulus_absolute,train,10.0,0.5852491004250524,0.4147508995749476
DEAP:S26:T40,DEAP:S26,T40,0,3.06,2,1,0,1,unexposed,stimulus_absolute,train,10.0,0.38393177611051976,0.6160682238894802
DEAP:S27:T06,DEAP:S27,T06,1,7.0,2,1,0,1,unexposed,stimulus_absolute,train,10.0,0.2987745895039291,0.7012254104960709
DEAP:S27:T09,DEAP:S27,T09,1,8.99,2,1,0,1,unexposed,stimulus_absolute,train,10.0,0.09216000772824151,0.9078399922717585
DEAP:S27:T13,DEAP:S27,T13,1,7.01,2,1,0,1,unexposed,stimulus_absolute,train,10.0,0.08239575086929296,0.917604249130707
DEAP:S27:T14,DEAP:S27,T14,1,8.06,2,1,0,1,unexposed,stimulus_absolute,train,10.0,0.17817176415752978,0.8218282358424702
DEAP:S27:T15,DEAP:S27,T15,1,5.04,2,1,0,1,unexposed,stimulus_absolute,train,10.0,0.1308538821125752,0.8691461178874248
DEAP:S27:T16,DEAP:S27,T16,1,8.06,2,1,0,1,unexposed,stimulus_absolute,train,10.0,0.4406458733357381,0.5593541266642619
DEAP:S27:T17,DEAP:S27,T17,1,9.0,2,1,0,1,unexposed,stimulus_absolute,train,10.0,0.3899033004804925,0.6100966995195075
DEAP:S27:T20,DEAP:S27,T20,1,6.97,2,1,0,1,unexposed,stimulus_absolute,train,10.0,0.08272669414157863,0.9172733058584214
DEAP:S27:T21,DEAP:S27,T21,1,9.0,2,1,0,1,unexposed,stimulus_absolute,train,10.0,0.23661558827424434,0.7633844117257557
DEAP:S27:T35,DEAP:S27,T35,0,1.0,2,1,0,1,unexposed,stimulus_absolute,train,10.0,0.40390490767045517,0.5960950923295448
DEAP:S27:T36,DEAP:S27,T36,1,6.13,2,1,0,1,unexposed,stimulus_absolute,train,10.0,0.20743003750673383,0.7925699624932662
DEAP:S27:T37,DEAP:S27,T37,0,2.99,2,1,0,1,unexposed,stimulus_absolute,train,10.0,0.24686763086163854,0.7531323691383615
DEAP:S27:T38,DEAP:S27,T38,0,1.0,2,1,0,1,unexposed,stimulus_absolute,train,10.0,0.84491767051666,0.15508232948334
DEAP:S27:T40,DEAP:S27,T40,1,5.04,2,1,0,1,unexposed,stimulus_absolute,train,10.0,0.14296234302514488,0.8570376569748551
DEAP:S28:T06,DEAP:S28,T06,1,8.15,2,1,0,1,unexposed,stimulus_absolute,train,10.0,0.4284289676610754,0.5715710323389246
DEAP:S28:T07,DEAP:S28,T07,1,8.09,2,1,0,1,unexposed,stimulus_absolute,train,10.0,0.6239503530787054,0.3760496469212946
DEAP:S28:T09,DEAP:S28,T09,1,5.04,2,1,0,1,unexposed,stimulus_absolute,train,10.0,0.15819604733068027,0.8418039526693197
DEAP:S28:T13,DEAP:S28,T13,0,2.09,2,1,0,1,unexposed,stimulus_absolute,train,10.0,0.49915750053747954,0.5008424994625205
DEAP:S28:T14,DEAP:S28,T14,1,8.03,2,1,0,1,unexposed,stimulus_absolute,train,10.0,0.29692043058054673,0.7030795694194533
DEAP:S28:T15,DEAP:S28,T15,1,5.04,2,1,0,1,unexposed,stimulus_absolute,train,10.0,0.45252860381959614,0.5474713961804039
DEAP:S28:T16,DEAP:S28,T16,1,6.91,2,1,0,1,unexposed,stimulus_absolute,train,10.0,0.6096183076180993,0.3903816923819007
DEAP:S28:T17,DEAP:S28,T17,1,6.99,2,1,0,1,unexposed,stimulus_absolute,train,10.0,0.5901954391184026,0.4098045608815974
DEAP:S28:T20,DEAP:S28,T20,1,8.04,2,1,0,1,unexposed,stimulus_absolute,train,10.0,0.4740807329446882,0.5259192670553118
DEAP:S28:T21,DEAP:S28,T21,0,2.01,2,1,0,1,unexposed,stimulus_absolute,train,10.0,0.9152819271205597,0.08471807287944028
DEAP:S28:T27,DEAP:S28,T27,1,6.08,2,1,0,1,unexposed,stimulus_absolute,train,10.0,0.25258848727439487,0.7474115127256051
DEAP:S28:T35,DEAP:S28,T35,0,1.08,2,1,0,1,unexposed,stimulus_absolute,train,10.0,0.43424979467125335,0.5657502053287466
DEAP:S28:T36,DEAP:S28,T36,0,3.08,2,1,0,1,unexposed,stimulus_absolute,train,10.0,0.6183436876817026,0.3816563123182975
DEAP:S28:T37,DEAP:S28,T37,0,1.01,2,1,0,1,unexposed,stimulus_absolute,train,10.0,0.41874361029900664,0.5812563897009934
DEAP:S28:T38,DEAP:S28,T38,0,1.96,2,1,0,1,unexposed,stimulus_absolute,train,10.0,0.5272220365538499,0.4727779634461501
DEAP:S28:T40,DEAP:S28,T40,1,7.1,2,1,0,1,unexposed,stimulus_absolute,train,10.0,0.1494440711170537,0.8505559288829463
DEAP:S29:T06,DEAP:S29,T06,1,8.03,2,1,0,1,unexposed,stimulus_absolute,train,10.0,0.21285067121576384,0.7871493287842362
DEAP:S29:T07,DEAP:S29,T07,1,7.04,2,1,0,1,unexposed,stimulus_absolute,train,10.0,0.3711600491176372,0.6288399508823628
DEAP:S29:T09,DEAP:S29,T09,1,7.06,2,1,0,1,unexposed,stimulus_absolute,train,10.0,0.7077213938696425,0.2922786061303575
DEAP:S29:T14,DEAP:S29,T14,1,8.06,2,1,0,1,unexposed,stimulus_absolute,train,10.0,0.11831916703281897,0.881680832967181
DEAP:S29:T15,DEAP:S29,T15,0,4.01,2,1,0,1,unexposed,stimulus_absolute,train,10.0,0.8286212790270323,0.1713787209729677
DEAP:S29:T16,DEAP:S29,T16,0,3.0,2,1,0,1,unexposed,stimulus_absolute,train,10.0,0.777727141742918,0.22227285825708196
DEAP:S29:T17,DEAP:S29,T17,1,5.08,2,1,0,1,unexposed,stimulus_absolute,train,10.0,0.11369794621845841,0.8863020537815416
DEAP:S29:T20,DEAP:S29,T20,1,8.03,2,1,0,1,unexposed,stimulus_absolute,train,10.0,0.10228063022233758,0.8977193697776624
DEAP:S29:T21,DEAP:S29,T21,0,2.92,2,1,0,1,unexposed,stimulus_absolute,train,10.0,0.7657492024787209,0.2342507975212791
DEAP:S29:T35,DEAP:S29,T35,0,1.92,2,1,0,1,unexposed,stimulus_absolute,train,10.0,0.5602865441895144,0.43971345581048565
DEAP:S29:T36,DEAP:S29,T36,1,5.03,2,1,0,1,unexposed,stimulus_absolute,train,10.0,0.45195726204734354,0.5480427379526565
DEAP:S29:T38,DEAP:S29,T38,0,1.88,2,1,0,1,unexposed,stimulus_absolute,train,10.0,0.6416742688319682,0.3583257311680318
DEAP:S29:T40,DEAP:S29,T40,1,6.01,2,1,0,1,unexposed,stimulus_absolute,train,10.0,0.30896090497966633,0.6910390950203337
DEAP:S31:T06,DEAP:S31,T06,0,4.99,2,1,0,1,unexposed,stimulus_absolute,train,10.0,0.410828397528212,0.589171602471788
DEAP:S31:T07,DEAP:S31,T07,1,6.05,2,1,0,1,unexposed,stimulus_absolute,train,10.0,0.21506974449023097,0.784930255509769
DEAP:S31:T09,DEAP:S31,T09,1,6.06,2,1,0,1,unexposed,stimulus_absolute,train,10.0,0.2678595807648305,0.7321404192351695
DEAP:S31:T13,DEAP:S31,T13,1,8.09,2,1,0,1,unexposed,stimulus_absolute,train,10.0,0.11937668526288048,0.8806233147371195
DEAP:S31:T14,DEAP:S31,T14,1,8.06,2,1,0,1,unexposed,stimulus_absolute,train,10.0,0.14682561909286418,0.8531743809071358
DEAP:S31:T15,DEAP:S31,T15,1,6.05,2,1,0,1,unexposed,stimulus_absolute,train,10.0,0.0931692889167206,0.9068307110832794
DEAP:S31:T16,DEAP:S31,T16,1,6.09,2,1,0,1,unexposed,stimulus_absolute,train,10.0,0.34195217422652635,0.6580478257734736
DEAP:S31:T20,DEAP:S31,T20,1,6.9,2,1,0,1,unexposed,stimulus_absolute,train,10.0,0.04834449039270783,0.9516555096072922
DEAP:S31:T21,DEAP:S31,T21,1,5.09,2,1,0,1,unexposed,stimulus_absolute,train,10.0,0.5892443545404538,0.4107556454595462
DEAP:S31:T40,DEAP:S31,T40,0,3.99,2,1,0,1,unexposed,stimulus_absolute,train,10.0,0.3621212650531346,0.6378787349468654
DEAP:S32:T06,DEAP:S32,T06,1,5.78,2,1,0,1,unexposed,stimulus_absolute,train,10.0,0.2532717516479859,0.7467282483520141
DEAP:S32:T07,DEAP:S32,T07,0,4.94,2,1,0,1,unexposed,stimulus_absolute,train,10.0,0.7425970214353194,0.25740297856468064
DEAP:S32:T09,DEAP:S32,T09,1,7.86,2,1,0,1,unexposed,stimulus_absolute,train,10.0,0.2519380324189301,0.7480619675810699
DEAP:S32:T13,DEAP:S32,T13,1,7.09,2,1,0,1,unexposed,stimulus_absolute,train,10.0,0.11901205159767525,0.8809879484023247
DEAP:S32:T14,DEAP:S32,T14,1,7.1,2,1,0,1,unexposed,stimulus_absolute,train,10.0,0.43097404246451554,0.5690259575354845
DEAP:S32:T15,DEAP:S32,T15,1,5.01,2,1,0,1,unexposed,stimulus_absolute,train,10.0,0.44649266367338614,0.5535073363266139
DEAP:S32:T16,DEAP:S32,T16,0,3.97,2,1,0,1,unexposed,stimulus_absolute,train,10.0,0.8771904763208198,0.12280952367918015
DEAP:S32:T17,DEAP:S32,T17,1,6.09,2,1,0,1,unexposed,stimulus_absolute,train,10.0,0.3872409996185574,0.6127590003814426
DEAP:S32:T20,DEAP:S32,T20,1,6.03,2,1,0,1,unexposed,stimulus_absolute,train,10.0,0.0768080378599394,0.9231919621400606
DEAP:S32:T21,DEAP:S32,T21,0,4.12,2,1,0,1,unexposed,stimulus_absolute,train,10.0,0.6754744237198597,0.32452557628014034
DEAP:S32:T27,DEAP:S32,T27,1,6.0,2,1,0,1,unexposed,stimulus_absolute,train,10.0,0.1382099146164344,0.8617900853835656
DEAP:S32:T35,DEAP:S32,T35,0,3.88,2,1,0,1,unexposed,stimulus_absolute,train,10.0,0.8674399578574528,0.1325600421425473
DEAP:S32:T36,DEAP:S32,T36,0,3.91,2,1,0,1,unexposed,stimulus_absolute,train,10.0,0.5823551699819011,0.41764483001809893
DEAP:S32:T37,DEAP:S32,T37,0,2.81,2,1,0,1,unexposed,stimulus_absolute,train,10.0,0.940148018227814,0.05985198177218596
DEAP:S32:T38,DEAP:S32,T38,0,3.05,2,1,0,1,unexposed,stimulus_absolute,train,10.0,0.7876210936278094,0.21237890637219053
DEAP:S32:T40,DEAP:S32,T40,1,7.15,2,1,0,1,unexposed,stimulus_absolute,train,10.0,0.36275221011872105,0.637247789881279
DEAP:S14:T01,DEAP:S14,T01,1,8.22,2,1,0,1,unexposed,stimulus_absolute,validation_unseen,10.0,4.386838808878579e-07,0.9999995613161191
DEAP:S14:T03,DEAP:S14,T03,1,7.5,2,1,0,1,unexposed,stimulus_absolute,validation_unseen,10.0,8.249588379083406e-08,0.9999999175041162
DEAP:S14:T05,DEAP:S14,T05,0,3.99,2,1,0,1,unexposed,stimulus_absolute,validation_unseen,10.0,1.0744787282135349e-09,0.9999999989255213
DEAP:S14:T10,DEAP:S14,T10,0,1.88,2,1,0,1,unexposed,stimulus_absolute,validation_unseen,10.0,3.5002279630269584e-08,0.9999999649977204
DEAP:S14:T12,DEAP:S14,T12,1,7.63,2,1,0,1,unexposed,stimulus_absolute,validation_unseen,10.0,5.946867442929715e-10,0.9999999994053133
DEAP:S14:T24,DEAP:S14,T24,0,2.36,2,1,0,1,unexposed,stimulus_absolute,validation_unseen,10.0,1.5411139120402595e-07,0.9999998458886088
DEAP:S14:T31,DEAP:S14,T31,0,3.26,2,1,0,1,unexposed,stimulus_absolute,validation_unseen,10.0,4.781234974604587e-08,0.9999999521876503
DEAP:S14:T34,DEAP:S14,T34,0,2.5,2,1,0,1,unexposed,stimulus_absolute,validation_unseen,10.0,5.160550681226894e-07,0.9999994839449319
DEAP:S16:T01,DEAP:S16,T01,0,2.51,2,1,0,1,unexposed,stimulus_absolute,validation_unseen,10.0,0.98317072130303,0.016829278696970016
DEAP:S16:T03,DEAP:S16,T03,1,6.74,2,1,0,1,unexposed,stimulus_absolute,validation_unseen,10.0,0.9926058596126484,0.007394140387351651
DEAP:S16:T05,DEAP:S16,T05,1,5.51,2,1,0,1,unexposed,stimulus_absolute,validation_unseen,10.0,0.9961822558623634,0.0038177441376365763
DEAP:S16:T10,DEAP:S16,T10,1,5.14,2,1,0,1,unexposed,stimulus_absolute,validation_unseen,10.0,0.9958497893231526,0.004150210676847424
DEAP:S16:T12,DEAP:S16,T12,1,5.97,2,1,0,1,unexposed,stimulus_absolute,validation_unseen,10.0,0.17251275584324732,0.8274872441567527
DEAP:S16:T24,DEAP:S16,T24,0,2.51,2,1,0,1,unexposed,stimulus_absolute,validation_unseen,10.0,0.17918331724196324,0.8208166827580368
DEAP:S16:T31,DEAP:S16,T31,0,3.88,2,1,0,1,unexposed,stimulus_absolute,validation_unseen,10.0,0.8622264165207766,0.13777358347922344
DEAP:S16:T34,DEAP:S16,T34,0,1.0,2,1,0,1,unexposed,stimulus_absolute,validation_unseen,10.0,0.999571029895868,0.00042897010413201625
DEAP:S17:T01,DEAP:S17,T01,0,4.05,2,1,0,1,unexposed,stimulus_absolute,validation_unseen,10.0,0.9999873831378672,1.2616862132869922e-05
DEAP:S17:T03,DEAP:S17,T03,1,6.46,2,1,0,1,unexposed,stimulus_absolute,validation_unseen,10.0,0.9999987744583514,1.225541648640168e-06
DEAP:S17:T05,DEAP:S17,T05,1,7.05,2,1,0,1,unexposed,stimulus_absolute,validation_unseen,10.0,0.9999987943435645,1.2056564354461481e-06
DEAP:S17:T10,DEAP:S17,T10,1,6.09,2,1,0,1,unexposed,stimulus_absolute,validation_unseen,10.0,0.9999950974363214,4.90256367853039e-06
DEAP:S17:T12,DEAP:S17,T12,1,5.96,2,1,0,1,unexposed,stimulus_absolute,validation_unseen,10.0,0.999998275598767,1.7244012330000261e-06
DEAP:S17:T24,DEAP:S17,T24,0,4.53,2,1,0,1,unexposed,stimulus_absolute,validation_unseen,10.0,0.9999987903708777,1.2096291223044516e-06
DEAP:S17:T31,DEAP:S17,T31,0,4.54,2,1,0,1,unexposed,stimulus_absolute,validation_unseen,10.0,0.9999976845121576,2.3154878423340057e-06
DEAP:S17:T34,DEAP:S17,T34,0,4.99,2,1,0,1,unexposed,stimulus_absolute,validation_unseen,10.0,0.9999958610077422,4.138992257788186e-06
DEAP:S23:T01,DEAP:S23,T01,1,7.71,2,1,0,1,unexposed,stimulus_absolute,validation_unseen,10.0,0.9997076541314361,0.00029234586856383366
DEAP:S23:T03,DEAP:S23,T03,1,7.09,2,1,0,1,unexposed,stimulus_absolute,validation_unseen,10.0,0.9965361697775909,0.0034638302224091577
DEAP:S23:T05,DEAP:S23,T05,1,6.94,2,1,0,1,unexposed,stimulus_absolute,validation_unseen,10.0,0.9999839100213674,1.6089978632528616e-05
DEAP:S23:T10,DEAP:S23,T10,1,5.01,2,1,0,1,unexposed,stimulus_absolute,validation_unseen,10.0,0.9999850814339677,1.4918566032327458e-05
DEAP:S23:T12,DEAP:S23,T12,1,7.0,2,1,0,1,unexposed,stimulus_absolute,validation_unseen,10.0,0.9999976197284816,2.3802715184614755e-06
DEAP:S23:T24,DEAP:S23,T24,1,6.53,2,1,0,1,unexposed,stimulus_absolute,validation_unseen,10.0,0.9999495706712354,5.0429328764599055e-05
DEAP:S23:T31,DEAP:S23,T31,0,4.86,2,1,0,1,unexposed,stimulus_absolute,validation_unseen,10.0,0.9998394210192768,0.00016057898072314466
DEAP:S23:T34,DEAP:S23,T34,1,6.72,2,1,0,1,unexposed,stimulus_absolute,validation_unseen,10.0,0.9996810234683933,0.000318976531606756
DEAP:S14:T06,DEAP:S14,T06,1,7.19,2,1,0,1,unexposed,stimulus_absolute,validation_familiar,10.0,4.7092000521331556e-08,0.9999999529079995
DEAP:S14:T07,DEAP:S14,T07,1,6.85,2,1,0,1,unexposed,stimulus_absolute,validation_familiar,10.0,1.0713947606877383e-07,0.9999998928605239
DEAP:S14:T09,DEAP:S14,T09,1,7.69,2,1,0,1,unexposed,stimulus_absolute,validation_familiar,10.0,1.3573263402122393e-08,0.9999999864267366
DEAP:S14:T13,DEAP:S14,T13,1,6.79,2,1,0,1,unexposed,stimulus_absolute,validation_familiar,10.0,2.551756624891155e-07,0.9999997448243375
DEAP:S14:T14,DEAP:S14,T14,1,8.03,2,1,0,1,unexposed,stimulus_absolute,validation_familiar,10.0,2.3449952679666097e-07,0.9999997655004732
DEAP:S14:T15,DEAP:S14,T15,1,7.08,2,1,0,1,unexposed,stimulus_absolute,validation_familiar,10.0,2.201914383048731e-07,0.9999997798085617
DEAP:S14:T16,DEAP:S14,T16,0,3.96,2,1,0,1,unexposed,stimulus_absolute,validation_familiar,10.0,8.78544126337033e-10,0.9999999991214559
DEAP:S14:T17,DEAP:S14,T17,1,6.06,2,1,0,1,unexposed,stimulus_absolute,validation_familiar,10.0,3.155833372403549e-10,0.9999999996844167
DEAP:S14:T20,DEAP:S14,T20,1,7.33,2,1,0,1,unexposed,stimulus_absolute,validation_familiar,10.0,2.0217298946079154e-09,0.9999999979782701
DEAP:S14:T21,DEAP:S14,T21,0,1.03,2,1,0,1,unexposed,stimulus_absolute,validation_familiar,10.0,3.651280033878379e-08,0.9999999634871997
DEAP:S14:T27,DEAP:S14,T27,1,5.81,2,1,0,1,unexposed,stimulus_absolute,validation_familiar,10.0,1.5228543093215308e-08,0.9999999847714569
DEAP:S14:T35,DEAP:S14,T35,0,2.68,2,1,0,1,unexposed,stimulus_absolute,validation_familiar,10.0,4.457794733347953e-08,0.9999999554220527
DEAP:S14:T36,DEAP:S14,T36,0,2.01,2,1,0,1,unexposed,stimulus_absolute,validation_familiar,10.0,1.05633557345719e-07,0.9999998943664427
DEAP:S14:T37,DEAP:S14,T37,0,3.47,2,1,0,1,unexposed,stimulus_absolute,validation_familiar,10.0,8.886943958508198e-09,0.999999991113056
DEAP:S14:T38,DEAP:S14,T38,0,2.26,2,1,0,1,unexposed,stimulus_absolute,validation_familiar,10.0,2.0312601334282476e-07,0.9999997968739867
DEAP:S14:T40,DEAP:S14,T40,1,6.68,2,1,0,1,unexposed,stimulus_absolute,validation_familiar,10.0,2.2916683806162297e-07,0.9999997708331619
DEAP:S16:T06,DEAP:S16,T06,0,4.99,2,1,0,1,unexposed,stimulus_absolute,validation_familiar,10.0,0.9768577042810276,0.02314229571897239
DEAP:S16:T07,DEAP:S16,T07,1,6.83,2,1,0,1,unexposed,stimulus_absolute,validation_familiar,10.0,0.9231880073648536,0.07681199263514636
DEAP:S16:T09,DEAP:S16,T09,0,4.18,2,1,0,1,unexposed,stimulus_absolute,validation_familiar,10.0,0.9924350527902391,0.007564947209760834
DEAP:S16:T13,DEAP:S16,T13,0,3.88,2,1,0,1,unexposed,stimulus_absolute,validation_familiar,10.0,0.5472617817099561,0.4527382182900439
DEAP:S16:T14,DEAP:S16,T14,0,3.64,2,1,0,1,unexposed,stimulus_absolute,validation_familiar,10.0,0.33582250415357373,0.6641774958464263
DEAP:S16:T15,DEAP:S16,T15,0,2.67,2,1,0,1,unexposed,stimulus_absolute,validation_familiar,10.0,0.9797144627056104,0.02028553729438966
DEAP:S16:T16,DEAP:S16,T16,0,4.97,2,1,0,1,unexposed,stimulus_absolute,validation_familiar,10.0,0.6784693261642847,0.32153067383571526
DEAP:S16:T17,DEAP:S16,T17,0,1.21,2,1,0,1,unexposed,stimulus_absolute,validation_familiar,10.0,0.4802323115642516,0.5197676884357484
DEAP:S16:T20,DEAP:S16,T20,0,3.82,2,1,0,1,unexposed,stimulus_absolute,validation_familiar,10.0,0.3877633501990069,0.6122366498009931
DEAP:S16:T21,DEAP:S16,T21,0,4.42,2,1,0,1,unexposed,stimulus_absolute,validation_familiar,10.0,0.9360817022084063,0.0639182977915938
DEAP:S16:T27,DEAP:S16,T27,0,2.59,2,1,0,1,unexposed,stimulus_absolute,validation_familiar,10.0,0.8517890233073783,0.14821097669262173
DEAP:S16:T35,DEAP:S16,T35,0,1.0,2,1,0,1,unexposed,stimulus_absolute,validation_familiar,10.0,0.8501769305392168,0.14982306946078322
DEAP:S16:T36,DEAP:S16,T36,1,5.05,2,1,0,1,unexposed,stimulus_absolute,validation_familiar,10.0,0.13788541588187064,0.8621145841181294
DEAP:S16:T37,DEAP:S16,T37,1,6.09,2,1,0,1,unexposed,stimulus_absolute,validation_familiar,10.0,0.8144769808733043,0.18552301912669572
DEAP:S16:T38,DEAP:S16,T38,0,4.27,2,1,0,1,unexposed,stimulus_absolute,validation_familiar,10.0,0.7092230656811285,0.2907769343188716
DEAP:S16:T40,DEAP:S16,T40,0,3.74,2,1,0,1,unexposed,stimulus_absolute,validation_familiar,10.0,0.8833552735994739,0.11664472640052613
DEAP:S17:T06,DEAP:S17,T06,1,6.9,2,1,0,1,unexposed,stimulus_absolute,validation_familiar,10.0,0.9999898691921767,1.0130807823332378e-05
DEAP:S17:T07,DEAP:S17,T07,1,7.08,2,1,0,1,unexposed,stimulus_absolute,validation_familiar,10.0,0.9999012081759048,9.879182409527035e-05
DEAP:S17:T09,DEAP:S17,T09,1,6.04,2,1,0,1,unexposed,stimulus_absolute,validation_familiar,10.0,0.9999967701809199,3.2298190800379095e-06
DEAP:S17:T13,DEAP:S17,T13,0,4.54,2,1,0,1,unexposed,stimulus_absolute,validation_familiar,10.0,0.9999962183745276,3.781625472423354e-06
DEAP:S17:T14,DEAP:S17,T14,1,6.58,2,1,0,1,unexposed,stimulus_absolute,validation_familiar,10.0,0.999999649334811,3.506651890023415e-07
DEAP:S17:T15,DEAP:S17,T15,1,5.96,2,1,0,1,unexposed,stimulus_absolute,validation_familiar,10.0,0.9999996627777862,3.372222138305175e-07
DEAP:S17:T16,DEAP:S17,T16,1,5.92,2,1,0,1,unexposed,stimulus_absolute,validation_familiar,10.0,0.9999993292390547,6.707609453905362e-07
DEAP:S17:T17,DEAP:S17,T17,0,4.12,2,1,0,1,unexposed,stimulus_absolute,validation_familiar,10.0,0.9999994939583167,5.06041683329505e-07
DEAP:S17:T20,DEAP:S17,T20,1,7.03,2,1,0,1,unexposed,stimulus_absolute,validation_familiar,10.0,0.999995250005806,4.7499941939475544e-06
DEAP:S17:T21,DEAP:S17,T21,0,4.0,2,1,0,1,unexposed,stimulus_absolute,validation_familiar,10.0,0.9999957340451385,4.265954861484771e-06
DEAP:S17:T27,DEAP:S17,T27,0,3.96,2,1,0,1,unexposed,stimulus_absolute,validation_familiar,10.0,0.9999997403993874,2.596006125570057e-07
DEAP:S17:T35,DEAP:S17,T35,0,4.17,2,1,0,1,unexposed,stimulus_absolute,validation_familiar,10.0,0.9999951642466038,4.835753396172103e-06
DEAP:S17:T36,DEAP:S17,T36,0,3.37,2,1,0,1,unexposed,stimulus_absolute,validation_familiar,10.0,0.9999832142200817,1.6785779918272156e-05
DEAP:S17:T37,DEAP:S17,T37,0,3.46,2,1,0,1,unexposed,stimulus_absolute,validation_familiar,10.0,0.9999956420463704,4.357953629661472e-06
DEAP:S17:T38,DEAP:S17,T38,0,3.6,2,1,0,1,unexposed,stimulus_absolute,validation_familiar,10.0,0.999999238275366,7.617246339915867e-07
DEAP:S17:T40,DEAP:S17,T40,1,5.04,2,1,0,1,unexposed,stimulus_absolute,validation_familiar,10.0,0.9999875652257556,1.2434774244368823e-05
DEAP:S23:T06,DEAP:S23,T06,1,5.09,2,1,0,1,unexposed,stimulus_absolute,validation_familiar,10.0,0.9980098831361689,0.001990116863831112
DEAP:S23:T07,DEAP:S23,T07,1,8.94,2,1,0,1,unexposed,stimulus_absolute,validation_familiar,10.0,0.9997508003135821,0.0002491996864178896
DEAP:S23:T09,DEAP:S23,T09,1,7.03,2,1,0,1,unexposed,stimulus_absolute,validation_familiar,10.0,0.9999994079258224,5.920741775784285e-07
DEAP:S23:T13,DEAP:S23,T13,1,8.01,2,1,0,1,unexposed,stimulus_absolute,validation_familiar,10.0,0.9999986406075885,1.3593924115232482e-06
DEAP:S23:T14,DEAP:S23,T14,1,8.01,2,1,0,1,unexposed,stimulus_absolute,validation_familiar,10.0,0.9996177677854071,0.00038223221459282786
DEAP:S23:T15,DEAP:S23,T15,1,7.0,2,1,0,1,unexposed,stimulus_absolute,validation_familiar,10.0,0.9999970945942771,2.9054057229043605e-06
DEAP:S23:T16,DEAP:S23,T16,1,5.15,2,1,0,1,unexposed,stimulus_absolute,validation_familiar,10.0,0.999596634804117,0.0004033651958830509
DEAP:S23:T17,DEAP:S23,T17,0,2.86,2,1,0,1,unexposed,stimulus_absolute,validation_familiar,10.0,0.9989667164092824,0.0010332835907176452
DEAP:S23:T20,DEAP:S23,T20,0,3.96,2,1,0,1,unexposed,stimulus_absolute,validation_familiar,10.0,0.9998868675139633,0.00011313248603669573
DEAP:S23:T21,DEAP:S23,T21,0,1.91,2,1,0,1,unexposed,stimulus_absolute,validation_familiar,10.0,0.9996035997358862,0.00039640026411377814
DEAP:S23:T27,DEAP:S23,T27,1,5.06,2,1,0,1,unexposed,stimulus_absolute,validation_familiar,10.0,0.9998223964709684,0.00017760352903163344
DEAP:S23:T35,DEAP:S23,T35,1,5.18,2,1,0,1,unexposed,stimulus_absolute,validation_familiar,10.0,0.9999966648968575,3.3351031425209013e-06
DEAP:S23:T36,DEAP:S23,T36,0,4.92,2,1,0,1,unexposed,stimulus_absolute,validation_familiar,10.0,0.9999062318249474,9.376817505261006e-05
DEAP:S23:T37,DEAP:S23,T37,0,4.31,2,1,0,1,unexposed,stimulus_absolute,validation_familiar,10.0,0.9995825250938234,0.0004174749061765837
DEAP:S23:T38,DEAP:S23,T38,0,4.97,2,1,0,1,unexposed,stimulus_absolute,validation_familiar,10.0,0.9985649063929138,0.0014350936070861042
DEAP:S23:T40,DEAP:S23,T40,0,4.88,2,1,0,1,unexposed,stimulus_absolute,validation_familiar,10.0,0.9999927345150117,7.265484988284295e-06
