trial_id,subject_id,material_key,label,original_label,group,source_session,material_rotation,fold,arm,model,role,C,p0,p1
DEAP:S02:T01,DEAP:S02,T01,1,9.0,1,1,2,0,exposed,stimulus_relative_context,train,0.01,0.19814519692794907,0.8018548030720509
DEAP:S02:T04,DEAP:S02,T04,1,6.05,1,1,2,0,exposed,stimulus_relative_context,train,0.01,0.14701327119854934,0.8529867288014507
DEAP:S02:T07,DEAP:S02,T07,0,4.96,1,1,2,0,exposed,stimulus_relative_context,train,0.01,0.3540944619288362,0.6459055380711638
DEAP:S02:T08,DEAP:S02,T08,1,9.0,1,1,2,0,exposed,stimulus_relative_context,train,0.01,0.15779660197510414,0.8422033980248959
DEAP:S02:T12,DEAP:S02,T12,1,8.01,1,1,2,0,exposed,stimulus_relative_context,train,0.01,0.14625098685056614,0.8537490131494339
DEAP:S02:T13,DEAP:S02,T13,1,9.0,1,1,2,0,exposed,stimulus_relative_context,train,0.01,0.3027152526780065,0.6972847473219935
DEAP:S02:T18,DEAP:S02,T18,1,9.0,1,1,2,0,exposed,stimulus_relative_context,train,0.01,0.17189950933560527,0.8281004906643947
DEAP:S02:T23,DEAP:S02,T23,0,1.0,1,1,2,0,exposed,stimulus_relative_context,train,0.01,0.729819194973319,0.270180805026681
DEAP:S02:T24,DEAP:S02,T24,1,7.08,1,1,2,0,exposed,stimulus_relative_context,train,0.01,0.608220402714383,0.39177959728561695
DEAP:S02:T25,DEAP:S02,T25,1,9.0,1,1,2,0,exposed,stimulus_relative_context,train,0.01,0.4667813587902123,0.5332186412097877
DEAP:S02:T35,DEAP:S02,T35,0,1.99,1,1,2,0,exposed,stimulus_relative_context,train,0.01,0.5935893175759993,0.4064106824240007
DEAP:S02:T36,DEAP:S02,T36,1,5.04,1,1,2,0,exposed,stimulus_relative_context,train,0.01,0.5361625488581394,0.4638374511418606
DEAP:S05:T01,DEAP:S05,T01,1,6.97,1,1,2,0,exposed,stimulus_relative_context,train,0.01,0.22279893346947022,0.7772010665305298
DEAP:S05:T04,DEAP:S05,T04,1,8.24,1,1,2,0,exposed,stimulus_relative_context,train,0.01,0.15546727243344682,0.8445327275665532
DEAP:S05:T07,DEAP:S05,T07,1,5.12,1,1,2,0,exposed,stimulus_relative_context,train,0.01,0.32719032362564326,0.6728096763743567
DEAP:S05:T08,DEAP:S05,T08,1,8.17,1,1,2,0,exposed,stimulus_relative_context,train,0.01,0.2281817584153084,0.7718182415846916
DEAP:S05:T12,DEAP:S05,T12,1,7.08,1,1,2,0,exposed,stimulus_relative_context,train,0.01,0.18129123469573727,0.8187087653042627
DEAP:S05:T13,DEAP:S05,T13,0,4.94,1,1,2,0,exposed,stimulus_relative_context,train,0.01,0.29950343372226607,0.7004965662777339
DEAP:S05:T18,DEAP:S05,T18,1,8.05,1,1,2,0,exposed,stimulus_relative_context,train,0.01,0.21784905572817903,0.782150944271821
DEAP:S05:T22,DEAP:S05,T22,1,6.99,1,1,2,0,exposed,stimulus_relative_context,train,0.01,0.5937466225928494,0.40625337740715056
DEAP:S05:T23,DEAP:S05,T23,0,1.0,1,1,2,0,exposed,stimulus_relative_context,train,0.01,0.7473550691839186,0.25264493081608147
DEAP:S05:T24,DEAP:S05,T24,0,4.0,1,1,2,0,exposed,stimulus_relative_context,train,0.01,0.6018028672579173,0.3981971327420827
DEAP:S05:T25,DEAP:S05,T25,1,5.96,1,1,2,0,exposed,stimulus_relative_context,train,0.01,0.5452283284484927,0.4547716715515073
DEAP:S05:T26,DEAP:S05,T26,1,7.96,1,1,2,0,exposed,stimulus_relative_context,train,0.01,0.508138858421846,0.491861141578154
DEAP:S05:T33,DEAP:S05,T33,1,5.17,1,1,2,0,exposed,stimulus_relative_context,train,0.01,0.5291382973763656,0.4708617026236343
DEAP:S05:T35,DEAP:S05,T35,0,4.86,1,1,2,0,exposed,stimulus_relative_context,train,0.01,0.645156912180772,0.354843087819228
DEAP:S05:T36,DEAP:S05,T36,0,4.91,1,1,2,0,exposed,stimulus_relative_context,train,0.01,0.5360832125186901,0.46391678748131
DEAP:S06:T01,DEAP:S06,T01,1,8.19,1,1,2,0,exposed,stimulus_relative_context,train,0.01,0.19383058782277707,0.8061694121772229
DEAP:S06:T07,DEAP:S06,T07,1,8.26,1,1,2,0,exposed,stimulus_relative_context,train,0.01,0.2920371452172875,0.7079628547827125
DEAP:S06:T08,DEAP:S06,T08,1,7.05,1,1,2,0,exposed,stimulus_relative_context,train,0.01,0.1691467255132275,0.8308532744867725
DEAP:S06:T09,DEAP:S06,T09,1,7.87,1,1,2,0,exposed,stimulus_relative_context,train,0.01,0.19718408139850818,0.8028159186014918
DEAP:S06:T12,DEAP:S06,T12,1,7.17,1,1,2,0,exposed,stimulus_relative_context,train,0.01,0.16535648643316525,0.8346435135668347
DEAP:S06:T13,DEAP:S06,T13,1,7.79,1,1,2,0,exposed,stimulus_relative_context,train,0.01,0.29068990616261614,0.7093100938373839
DEAP:S06:T18,DEAP:S06,T18,1,7.59,1,1,2,0,exposed,stimulus_relative_context,train,0.01,0.20386971921322783,0.7961302807867722
DEAP:S06:T22,DEAP:S06,T22,1,7.56,1,1,2,0,exposed,stimulus_relative_context,train,0.01,0.41270282381731815,0.5872971761826818
DEAP:S06:T23,DEAP:S06,T23,0,3.47,1,1,2,0,exposed,stimulus_relative_context,train,0.01,0.6883896323841849,0.3116103676158151
DEAP:S06:T24,DEAP:S06,T24,0,3.5,1,1,2,0,exposed,stimulus_relative_context,train,0.01,0.4979053344242972,0.5020946655757028
DEAP:S06:T25,DEAP:S06,T25,1,7.09,1,1,2,0,exposed,stimulus_relative_context,train,0.01,0.4843683728307965,0.5156316271692035
DEAP:S06:T26,DEAP:S06,T26,1,5.08,1,1,2,0,exposed,stimulus_relative_context,train,0.01,0.37856751256160837,0.6214324874383916
DEAP:S06:T33,DEAP:S06,T33,1,6.68,1,1,2,0,exposed,stimulus_relative_context,train,0.01,0.54018328427569,0.45981671572431004
DEAP:S06:T35,DEAP:S06,T35,0,3.96,1,1,2,0,exposed,stimulus_relative_context,train,0.01,0.5648280026653648,0.4351719973346352
DEAP:S06:T36,DEAP:S06,T36,1,5.71,1,1,2,0,exposed,stimulus_relative_context,train,0.01,0.47167112382119136,0.5283288761788086
DEAP:S07:T01,DEAP:S07,T01,1,8.1,1,1,2,0,exposed,stimulus_relative_context,train,0.01,0.20504262374262372,0.7949573762573763
DEAP:S07:T04,DEAP:S07,T04,1,7.08,1,1,2,0,exposed,stimulus_relative_context,train,0.01,0.1306253039350158,0.8693746960649842
DEAP:S07:T07,DEAP:S07,T07,1,7.08,1,1,2,0,exposed,stimulus_relative_context,train,0.01,0.27143719396972354,0.7285628060302765
DEAP:S07:T08,DEAP:S07,T08,1,7.0,1,1,2,0,exposed,stimulus_relative_context,train,0.01,0.17031019979052242,0.8296898002094776
DEAP:S07:T09,DEAP:S07,T09,1,6.99,1,1,2,0,exposed,stimulus_relative_context,train,0.01,0.15907954804495206,0.8409204519550479
DEAP:S07:T12,DEAP:S07,T12,1,6.99,1,1,2,0,exposed,stimulus_relative_context,train,0.01,0.1519410091748623,0.8480589908251377
DEAP:S07:T13,DEAP:S07,T13,1,8.0,1,1,2,0,exposed,stimulus_relative_context,train,0.01,0.28743629225936296,0.712563707740637
DEAP:S07:T18,DEAP:S07,T18,1,7.03,1,1,2,0,exposed,stimulus_relative_context,train,0.01,0.18417830784492384,0.8158216921550762
DEAP:S07:T22,DEAP:S07,T22,0,3.05,1,1,2,0,exposed,stimulus_relative_context,train,0.01,0.3859334163008957,0.6140665836991043
DEAP:S07:T24,DEAP:S07,T24,0,1.97,1,1,2,0,exposed,stimulus_relative_context,train,0.01,0.5431130857160364,0.4568869142839636
DEAP:S07:T25,DEAP:S07,T25,0,2.99,1,1,2,0,exposed,stimulus_relative_context,train,0.01,0.5273638183412006,0.4726361816587994
DEAP:S07:T26,DEAP:S07,T26,0,2.0,1,1,2,0,exposed,stimulus_relative_context,train,0.01,0.40054803595430466,0.5994519640456953
DEAP:S07:T33,DEAP:S07,T33,0,4.97,1,1,2,0,exposed,stimulus_relative_context,train,0.01,0.4656044052265724,0.5343955947734276
DEAP:S07:T35,DEAP:S07,T35,1,5.01,1,1,2,0,exposed,stimulus_relative_context,train,0.01,0.6202329103748692,0.3797670896251308
DEAP:S07:T36,DEAP:S07,T36,1,8.1,1,1,2,0,exposed,stimulus_relative_context,train,0.01,0.44150915756797016,0.5584908424320298
DEAP:S08:T01,DEAP:S08,T01,1,7.6,1,1,2,0,exposed,stimulus_relative_context,train,0.01,0.3401342591010643,0.6598657408989357
DEAP:S08:T04,DEAP:S08,T04,1,6.82,1,1,2,0,exposed,stimulus_relative_context,train,0.01,0.24051315302205123,0.7594868469779488
DEAP:S08:T07,DEAP:S08,T07,1,5.04,1,1,2,0,exposed,stimulus_relative_context,train,0.01,0.5046506967862665,0.49534930321373355
DEAP:S08:T08,DEAP:S08,T08,1,8.82,1,1,2,0,exposed,stimulus_relative_context,train,0.01,0.28408633954253815,0.7159136604574619
DEAP:S08:T09,DEAP:S08,T09,1,8.78,1,1,2,0,exposed,stimulus_relative_context,train,0.01,0.24633429118891081,0.7536657088110892
DEAP:S08:T12,DEAP:S08,T12,1,8.47,1,1,2,0,exposed,stimulus_relative_context,train,0.01,0.3355659368096182,0.6644340631903818
DEAP:S08:T13,DEAP:S08,T13,1,7.9,1,1,2,0,exposed,stimulus_relative_context,train,0.01,0.4207722933294775,0.5792277066705225
DEAP:S08:T18,DEAP:S08,T18,1,7.21,1,1,2,0,exposed,stimulus_relative_context,train,0.01,0.35742905874443676,0.6425709412555632
DEAP:S08:T22,DEAP:S08,T22,0,4.23,1,1,2,0,exposed,stimulus_relative_context,train,0.01,0.7063210910707285,0.29367890892927156
DEAP:S08:T23,DEAP:S08,T23,0,3.59,1,1,2,0,exposed,stimulus_relative_context,train,0.01,0.865569488908694,0.134430511091306
DEAP:S08:T24,DEAP:S08,T24,0,4.15,1,1,2,0,exposed,stimulus_relative_context,train,0.01,0.8098013708512338,0.19019862914876617
DEAP:S08:T25,DEAP:S08,T25,0,3.72,1,1,2,0,exposed,stimulus_relative_context,train,0.01,0.747975927745494,0.25202407225450596
DEAP:S08:T26,DEAP:S08,T26,0,4.99,1,1,2,0,exposed,stimulus_relative_context,train,0.01,0.6988263790644226,0.3011736209355774
DEAP:S08:T33,DEAP:S08,T33,0,4.44,1,1,2,0,exposed,stimulus_relative_context,train,0.01,0.7020725765115601,0.2979274234884399
DEAP:S08:T35,DEAP:S08,T35,0,3.62,1,1,2,0,exposed,stimulus_relative_context,train,0.01,0.7462171968170553,0.25378280318294466
DEAP:S08:T36,DEAP:S08,T36,0,1.21,1,1,2,0,exposed,stimulus_relative_context,train,0.01,0.5911779317773069,0.40882206822269307
DEAP:S09:T01,DEAP:S09,T01,1,5.05,1,1,2,0,exposed,stimulus_relative_context,train,0.01,0.28550935611897255,0.7144906438810275
DEAP:S09:T04,DEAP:S09,T04,1,5.99,1,1,2,0,exposed,stimulus_relative_context,train,0.01,0.29369926856535145,0.7063007314346486
DEAP:S09:T07,DEAP:S09,T07,1,5.08,1,1,2,0,exposed,stimulus_relative_context,train,0.01,0.4490672885208842,0.5509327114791158
DEAP:S09:T08,DEAP:S09,T08,1,6.15,1,1,2,0,exposed,stimulus_relative_context,train,0.01,0.34987209739233316,0.6501279026076668
DEAP:S09:T09,DEAP:S09,T09,1,5.96,1,1,2,0,exposed,stimulus_relative_context,train,0.01,0.25811839844032114,0.7418816015596789
DEAP:S09:T12,DEAP:S09,T12,1,7.08,1,1,2,0,exposed,stimulus_relative_context,train,0.01,0.23308845646709342,0.7669115435329066
DEAP:S09:T13,DEAP:S09,T13,1,8.15,1,1,2,0,exposed,stimulus_relative_context,train,0.01,0.51881434491889,0.48118565508111005
DEAP:S09:T18,DEAP:S09,T18,0,4.9,1,1,2,0,exposed,stimulus_relative_context,train,0.01,0.371858349287543,0.628141650712457
DEAP:S09:T22,DEAP:S09,T22,0,3.99,1,1,2,0,exposed,stimulus_relative_context,train,0.01,0.6622756420153423,0.3377243579846577
DEAP:S09:T24,DEAP:S09,T24,0,4.03,1,1,2,0,exposed,stimulus_relative_context,train,0.01,0.7460357695154518,0.25396423048454814
DEAP:S09:T25,DEAP:S09,T25,1,5.04,1,1,2,0,exposed,stimulus_relative_context,train,0.01,0.6794812140108453,0.32051878598915473
DEAP:S09:T26,DEAP:S09,T26,0,4.1,1,1,2,0,exposed,stimulus_relative_context,train,0.01,0.7427316435329576,0.25726835646704244
DEAP:S09:T33,DEAP:S09,T33,0,3.08,1,1,2,0,exposed,stimulus_relative_context,train,0.01,0.7891267573307998,0.21087324266920018
DEAP:S09:T35,DEAP:S09,T35,0,3.01,1,1,2,0,exposed,stimulus_relative_context,train,0.01,0.7198879899102255,0.2801120100897745
DEAP:S09:T36,DEAP:S09,T36,0,3.08,1,1,2,0,exposed,stimulus_relative_context,train,0.01,0.739664471785136,0.2603355282148641
DEAP:S10:T01,DEAP:S10,T01,1,7.91,1,1,2,0,exposed,stimulus_relative_context,train,0.01,0.28608479199171577,0.7139152080082842
DEAP:S10:T04,DEAP:S10,T04,1,7.01,1,1,2,0,exposed,stimulus_relative_context,train,0.01,0.20133042130268985,0.7986695786973101
DEAP:S10:T07,DEAP:S10,T07,1,8.96,1,1,2,0,exposed,stimulus_relative_context,train,0.01,0.24565553655679184,0.7543444634432082
DEAP:S10:T08,DEAP:S10,T08,1,5.68,1,1,2,0,exposed,stimulus_relative_context,train,0.01,0.31598652442118713,0.6840134755788129
DEAP:S10:T09,DEAP:S10,T09,1,7.56,1,1,2,0,exposed,stimulus_relative_context,train,0.01,0.2606463342790364,0.7393536657209636
DEAP:S10:T22,DEAP:S10,T22,0,4.24,1,1,2,0,exposed,stimulus_relative_context,train,0.01,0.6924014996564389,0.3075985003435611
DEAP:S10:T23,DEAP:S10,T23,0,2.87,1,1,2,0,exposed,stimulus_relative_context,train,0.01,0.8526240534484228,0.14737594655157712
DEAP:S10:T24,DEAP:S10,T24,1,6.82,1,1,2,0,exposed,stimulus_relative_context,train,0.01,0.5632066240793794,0.4367933759206206
DEAP:S10:T25,DEAP:S10,T25,0,1.92,1,1,2,0,exposed,stimulus_relative_context,train,0.01,0.7359294205433948,0.2640705794566051
DEAP:S10:T26,DEAP:S10,T26,0,4.95,1,1,2,0,exposed,stimulus_relative_context,train,0.01,0.7581376944516248,0.2418623055483752
DEAP:S10:T33,DEAP:S10,T33,0,4.94,1,1,2,0,exposed,stimulus_relative_context,train,0.01,0.7292561490248741,0.2707438509751259
DEAP:S10:T35,DEAP:S10,T35,0,1.38,1,1,2,0,exposed,stimulus_relative_context,train,0.01,0.7669892062098379,0.23301079379016207
DEAP:S10:T36,DEAP:S10,T36,0,2.17,1,1,2,0,exposed,stimulus_relative_context,train,0.01,0.7115406839737051,0.2884593160262949
DEAP:S11:T01,DEAP:S11,T01,1,6.27,1,1,2,0,exposed,stimulus_relative_context,train,0.01,0.3128426620000252,0.6871573379999748
DEAP:S11:T04,DEAP:S11,T04,1,7.65,1,1,2,0,exposed,stimulus_relative_context,train,0.01,0.2167276475361365,0.7832723524638635
DEAP:S11:T07,DEAP:S11,T07,1,6.37,1,1,2,0,exposed,stimulus_relative_context,train,0.01,0.4421835586670939,0.5578164413329061
DEAP:S11:T08,DEAP:S11,T08,1,6.26,1,1,2,0,exposed,stimulus_relative_context,train,0.01,0.291314556936923,0.708685443063077
DEAP:S11:T09,DEAP:S11,T09,1,7.04,1,1,2,0,exposed,stimulus_relative_context,train,0.01,0.2345440437071159,0.7654559562928841
DEAP:S11:T13,DEAP:S11,T13,1,8.42,1,1,2,0,exposed,stimulus_relative_context,train,0.01,0.34970194743064176,0.6502980525693582
DEAP:S11:T18,DEAP:S11,T18,1,7.95,1,1,2,0,exposed,stimulus_relative_context,train,0.01,0.24451455618797613,0.7554854438120239
DEAP:S11:T22,DEAP:S11,T22,1,6.15,1,1,2,0,exposed,stimulus_relative_context,train,0.01,0.4947850818160805,0.5052149181839195
DEAP:S11:T23,DEAP:S11,T23,0,3.72,1,1,2,0,exposed,stimulus_relative_context,train,0.01,0.7900413690279634,0.20995863097203663
DEAP:S11:T24,DEAP:S11,T24,0,2.88,1,1,2,0,exposed,stimulus_relative_context,train,0.01,0.6951174766089449,0.30488252339105515
DEAP:S11:T25,DEAP:S11,T25,1,5.01,1,1,2,0,exposed,stimulus_relative_context,train,0.01,0.6243856497744635,0.3756143502255365
DEAP:S11:T26,DEAP:S11,T26,1,5.49,1,1,2,0,exposed,stimulus_relative_context,train,0.01,0.6153263858888345,0.3846736141111655
DEAP:S11:T33,DEAP:S11,T33,1,5.64,1,1,2,0,exposed,stimulus_relative_context,train,0.01,0.6880558519718409,0.311944148028159
DEAP:S11:T35,DEAP:S11,T35,0,1.23,1,1,2,0,exposed,stimulus_relative_context,train,0.01,0.6803890855959887,0.31961091440401135
DEAP:S11:T36,DEAP:S11,T36,0,3.62,1,1,2,0,exposed,stimulus_relative_context,train,0.01,0.6429012963121744,0.3570987036878256
DEAP:S12:T01,DEAP:S12,T01,1,7.09,1,1,2,0,exposed,stimulus_relative_context,train,0.01,0.2979773175379473,0.7020226824620527
DEAP:S12:T04,DEAP:S12,T04,1,6.86,1,1,2,0,exposed,stimulus_relative_context,train,0.01,0.18839232161066544,0.8116076783893346
DEAP:S12:T07,DEAP:S12,T07,1,6.77,1,1,2,0,exposed,stimulus_relative_context,train,0.01,0.3980243120951312,0.6019756879048688
DEAP:S12:T09,DEAP:S12,T09,1,7.95,1,1,2,0,exposed,stimulus_relative_context,train,0.01,0.2447260527502707,0.7552739472497293
DEAP:S12:T12,DEAP:S12,T12,1,6.86,1,1,2,0,exposed,stimulus_relative_context,train,0.01,0.30016680152824726,0.6998331984717527
DEAP:S12:T18,DEAP:S12,T18,1,7.35,1,1,2,0,exposed,stimulus_relative_context,train,0.01,0.3281913105459956,0.6718086894540044
DEAP:S12:T22,DEAP:S12,T22,0,3.33,1,1,2,0,exposed,stimulus_relative_context,train,0.01,0.6066938117733793,0.3933061882266206
DEAP:S12:T23,DEAP:S12,T23,0,1.74,1,1,2,0,exposed,stimulus_relative_context,train,0.01,0.7727341203284458,0.2272658796715542
DEAP:S12:T24,DEAP:S12,T24,0,2.79,1,1,2,0,exposed,stimulus_relative_context,train,0.01,0.6470450613207983,0.3529549386792017
DEAP:S12:T25,DEAP:S12,T25,0,2.78,1,1,2,0,exposed,stimulus_relative_context,train,0.01,0.6683058321557929,0.33169416784420713
DEAP:S12:T26,DEAP:S12,T26,1,6.08,1,1,2,0,exposed,stimulus_relative_context,train,0.01,0.655189590090287,0.344810409909713
DEAP:S12:T33,DEAP:S12,T33,0,1.9,1,1,2,0,exposed,stimulus_relative_context,train,0.01,0.612667187917291,0.387332812082709
DEAP:S12:T35,DEAP:S12,T35,0,1.22,1,1,2,0,exposed,stimulus_relative_context,train,0.01,0.6797988083268438,0.3202011916731562
DEAP:S12:T36,DEAP:S12,T36,0,2.82,1,1,2,0,exposed,stimulus_relative_context,train,0.01,0.5734756716951219,0.42652432830487813
DEAP:S13:T01,DEAP:S13,T01,1,6.15,1,1,2,0,exposed,stimulus_relative_context,train,0.01,0.33920814943940625,0.6607918505605938
DEAP:S13:T04,DEAP:S13,T04,1,7.08,1,1,2,0,exposed,stimulus_relative_context,train,0.01,0.1372393928609308,0.8627606071390692
DEAP:S13:T07,DEAP:S13,T07,0,2.99,1,1,2,0,exposed,stimulus_relative_context,train,0.01,0.42450811909195496,0.575491880908045
DEAP:S13:T08,DEAP:S13,T08,1,7.99,1,1,2,0,exposed,stimulus_relative_context,train,0.01,0.28944029959299455,0.7105597004070054
DEAP:S13:T09,DEAP:S13,T09,1,7.06,1,1,2,0,exposed,stimulus_relative_context,train,0.01,0.2157110504617804,0.7842889495382196
DEAP:S13:T12,DEAP:S13,T12,1,5.08,1,1,2,0,exposed,stimulus_relative_context,train,0.01,0.24491118807655488,0.7550888119234451
DEAP:S13:T13,DEAP:S13,T13,1,9.0,1,1,2,0,exposed,stimulus_relative_context,train,0.01,0.38424770929342444,0.6157522907065756
DEAP:S13:T18,DEAP:S13,T18,1,7.94,1,1,2,0,exposed,stimulus_relative_context,train,0.01,0.22080061552423502,0.779199384475765
DEAP:S13:T22,DEAP:S13,T22,0,4.01,1,1,2,0,exposed,stimulus_relative_context,train,0.01,0.6342896313570207,0.36571036864297934
DEAP:S13:T23,DEAP:S13,T23,0,1.0,1,1,2,0,exposed,stimulus_relative_context,train,0.01,0.8028058776839656,0.19719412231603442
DEAP:S13:T24,DEAP:S13,T24,0,2.97,1,1,2,0,exposed,stimulus_relative_context,train,0.01,0.7135733092319321,0.286426690768068
DEAP:S13:T25,DEAP:S13,T25,0,3.97,1,1,2,0,exposed,stimulus_relative_context,train,0.01,0.6309855098167539,0.36901449018324606
DEAP:S13:T33,DEAP:S13,T33,0,4.55,1,1,2,0,exposed,stimulus_relative_context,train,0.01,0.6742553657969783,0.32574463420302163
DEAP:S13:T35,DEAP:S13,T35,0,1.0,1,1,2,0,exposed,stimulus_relative_context,train,0.01,0.7373792950541895,0.26262070494581047
DEAP:S13:T36,DEAP:S13,T36,0,2.54,1,1,2,0,exposed,stimulus_relative_context,train,0.01,0.6636224354895521,0.3363775645104479
DEAP:S14:T01,DEAP:S14,T01,1,8.22,1,1,2,0,exposed,stimulus_relative_context,train,0.01,0.31014493923569064,0.6898550607643094
DEAP:S14:T04,DEAP:S14,T04,1,7.38,1,1,2,0,exposed,stimulus_relative_context,train,0.01,0.22854338276786712,0.7714566172321329
DEAP:S14:T07,DEAP:S14,T07,1,6.85,1,1,2,0,exposed,stimulus_relative_context,train,0.01,0.4452215689674509,0.5547784310325491
DEAP:S14:T08,DEAP:S14,T08,1,7.0,1,1,2,0,exposed,stimulus_relative_context,train,0.01,0.2858513264713519,0.7141486735286481
DEAP:S14:T12,DEAP:S14,T12,1,7.63,1,1,2,0,exposed,stimulus_relative_context,train,0.01,0.31353847940813684,0.6864615205918632
DEAP:S14:T13,DEAP:S14,T13,1,6.79,1,1,2,0,exposed,stimulus_relative_context,train,0.01,0.4516234841405332,0.5483765158594668
DEAP:S14:T18,DEAP:S14,T18,1,8.09,1,1,2,0,exposed,stimulus_relative_context,train,0.01,0.34055862887158217,0.6594413711284178
DEAP:S14:T22,DEAP:S14,T22,0,4.1,1,1,2,0,exposed,stimulus_relative_context,train,0.01,0.6133763003420236,0.38662369965797644
DEAP:S14:T23,DEAP:S14,T23,0,2.41,1,1,2,0,exposed,stimulus_relative_context,train,0.01,0.8419492556082044,0.1580507443917955
DEAP:S14:T24,DEAP:S14,T24,0,2.36,1,1,2,0,exposed,stimulus_relative_context,train,0.01,0.7297121396602466,0.2702878603397533
DEAP:S14:T25,DEAP:S14,T25,0,3.87,1,1,2,0,exposed,stimulus_relative_context,train,0.01,0.6449778044838234,0.35502219551617664
DEAP:S14:T26,DEAP:S14,T26,0,3.28,1,1,2,0,exposed,stimulus_relative_context,train,0.01,0.6496874682792426,0.35031253172075744
DEAP:S14:T33,DEAP:S14,T33,0,3.18,1,1,2,0,exposed,stimulus_relative_context,train,0.01,0.6788884266129072,0.3211115733870929
DEAP:S14:T35,DEAP:S14,T35,0,2.68,1,1,2,0,exposed,stimulus_relative_context,train,0.01,0.7568780230594703,0.2431219769405297
DEAP:S14:T36,DEAP:S14,T36,0,2.01,1,1,2,0,exposed,stimulus_relative_context,train,0.01,0.6770492344788285,0.3229507655211715
DEAP:S15:T01,DEAP:S15,T01,1,8.9,1,1,2,0,exposed,stimulus_relative_context,train,0.01,0.2569387466808588,0.7430612533191412
DEAP:S15:T07,DEAP:S15,T07,1,5.04,1,1,2,0,exposed,stimulus_relative_context,train,0.01,0.3662895535293845,0.6337104464706155
DEAP:S15:T08,DEAP:S15,T08,1,9.0,1,1,2,0,exposed,stimulus_relative_context,train,0.01,0.2949580808840405,0.7050419191159595
DEAP:S15:T09,DEAP:S15,T09,1,9.0,1,1,2,0,exposed,stimulus_relative_context,train,0.01,0.2362228982993715,0.7637771017006285
DEAP:S15:T12,DEAP:S15,T12,1,7.08,1,1,2,0,exposed,stimulus_relative_context,train,0.01,0.2802433086486258,0.7197566913513742
DEAP:S15:T13,DEAP:S15,T13,1,7.06,1,1,2,0,exposed,stimulus_relative_context,train,0.01,0.39904868693462225,0.6009513130653777
DEAP:S15:T18,DEAP:S15,T18,1,7.04,1,1,2,0,exposed,stimulus_relative_context,train,0.01,0.3148121309793055,0.6851878690206945
DEAP:S15:T22,DEAP:S15,T22,0,4.12,1,1,2,0,exposed,stimulus_relative_context,train,0.01,0.6584187839964701,0.34158121600352986
DEAP:S15:T23,DEAP:S15,T23,0,3.05,1,1,2,0,exposed,stimulus_relative_context,train,0.01,0.8371986309914703,0.16280136900852973
DEAP:S15:T24,DEAP:S15,T24,0,1.92,1,1,2,0,exposed,stimulus_relative_context,train,0.01,0.7059133162421626,0.2940866837578374
DEAP:S15:T25,DEAP:S15,T25,0,2.96,1,1,2,0,exposed,stimulus_relative_context,train,0.01,0.6290445798337168,0.37095542016628325
DEAP:S15:T26,DEAP:S15,T26,0,4.96,1,1,2,0,exposed,stimulus_relative_context,train,0.01,0.6773959740447,0.3226040259553001
DEAP:S15:T33,DEAP:S15,T33,0,3.01,1,1,2,0,exposed,stimulus_relative_context,train,0.01,0.7172059667937343,0.28279403320626567
DEAP:S15:T35,DEAP:S15,T35,1,5.05,1,1,2,0,exposed,stimulus_relative_context,train,0.01,0.6907797858244009,0.30922021417559903
DEAP:S15:T36,DEAP:S15,T36,0,3.96,1,1,2,0,exposed,stimulus_relative_context,train,0.01,0.6102645563602933,0.38973544363970675
DEAP:S16:T01,DEAP:S16,T01,0,2.51,1,1,2,0,exposed,stimulus_relative_context,train,0.01,0.40621622402561797,0.593783775974382
DEAP:S16:T04,DEAP:S16,T04,1,7.09,1,1,2,0,exposed,stimulus_relative_context,train,0.01,0.22788070835703678,0.7721192916429632
DEAP:S16:T07,DEAP:S16,T07,1,6.83,1,1,2,0,exposed,stimulus_relative_context,train,0.01,0.4663478010248715,0.5336521989751285
DEAP:S16:T08,DEAP:S16,T08,0,3.51,1,1,2,0,exposed,stimulus_relative_context,train,0.01,0.300306824197654,0.699693175802346
DEAP:S16:T09,DEAP:S16,T09,0,4.18,1,1,2,0,exposed,stimulus_relative_context,train,0.01,0.29004512885005507,0.7099548711499449
DEAP:S16:T12,DEAP:S16,T12,1,5.97,1,1,2,0,exposed,stimulus_relative_context,train,0.01,0.4277396910149952,0.5722603089850048
DEAP:S16:T13,DEAP:S16,T13,0,3.88,1,1,2,0,exposed,stimulus_relative_context,train,0.01,0.4628997567442833,0.5371002432557167
DEAP:S16:T23,DEAP:S16,T23,0,3.9,1,1,2,0,exposed,stimulus_relative_context,train,0.01,0.8738782947564994,0.1261217052435007
DEAP:S16:T24,DEAP:S16,T24,0,2.51,1,1,2,0,exposed,stimulus_relative_context,train,0.01,0.807468621865013,0.19253137813498697
DEAP:S16:T25,DEAP:S16,T25,0,2.47,1,1,2,0,exposed,stimulus_relative_context,train,0.01,0.7648128926659084,0.2351871073340917
DEAP:S16:T26,DEAP:S16,T26,0,1.82,1,1,2,0,exposed,stimulus_relative_context,train,0.01,0.6859826899168662,0.3140173100831338
DEAP:S16:T33,DEAP:S16,T33,0,1.0,1,1,2,0,exposed,stimulus_relative_context,train,0.01,0.768446641125917,0.23155335887408307
DEAP:S16:T35,DEAP:S16,T35,0,1.0,1,1,2,0,exposed,stimulus_relative_context,train,0.01,0.7895922393141324,0.21040776068586764
DEAP:S16:T36,DEAP:S16,T36,1,5.05,1,1,2,0,exposed,stimulus_relative_context,train,0.01,0.7542428637252118,0.2457571362747882
DEAP:S17:T01,DEAP:S17,T01,0,4.05,1,1,2,0,exposed,stimulus_relative_context,train,0.01,0.38233943915703283,0.6176605608429672
DEAP:S17:T04,DEAP:S17,T04,1,6.35,1,1,2,0,exposed,stimulus_relative_context,train,0.01,0.3012328205566891,0.6987671794433109
DEAP:S17:T07,DEAP:S17,T07,1,7.08,1,1,2,0,exposed,stimulus_relative_context,train,0.01,0.5180249586343544,0.4819750413656456
DEAP:S17:T08,DEAP:S17,T08,1,6.05,1,1,2,0,exposed,stimulus_relative_context,train,0.01,0.45009783424047234,0.5499021657595277
DEAP:S17:T09,DEAP:S17,T09,1,6.04,1,1,2,0,exposed,stimulus_relative_context,train,0.01,0.4255688870370624,0.5744311129629376
DEAP:S17:T12,DEAP:S17,T12,1,5.96,1,1,2,0,exposed,stimulus_relative_context,train,0.01,0.4134183308181689,0.5865816691818311
DEAP:S17:T13,DEAP:S17,T13,0,4.54,1,1,2,0,exposed,stimulus_relative_context,train,0.01,0.5715929199767733,0.4284070800232267
DEAP:S17:T18,DEAP:S17,T18,1,6.22,1,1,2,0,exposed,stimulus_relative_context,train,0.01,0.4669917451689598,0.5330082548310402
DEAP:S17:T22,DEAP:S17,T22,0,3.19,1,1,2,0,exposed,stimulus_relative_context,train,0.01,0.750571826018183,0.24942817398181702
DEAP:S17:T23,DEAP:S17,T23,0,3.62,1,1,2,0,exposed,stimulus_relative_context,train,0.01,0.8937573458595126,0.10624265414048738
DEAP:S17:T24,DEAP:S17,T24,0,4.53,1,1,2,0,exposed,stimulus_relative_context,train,0.01,0.8094851152546955,0.1905148847453045
DEAP:S17:T25,DEAP:S17,T25,1,6.18,1,1,2,0,exposed,stimulus_relative_context,train,0.01,0.799248939862466,0.20075106013753394
DEAP:S17:T26,DEAP:S17,T26,0,3.73,1,1,2,0,exposed,stimulus_relative_context,train,0.01,0.7592809432897397,0.24071905671026028
DEAP:S17:T33,DEAP:S17,T33,0,3.83,1,1,2,0,exposed,stimulus_relative_context,train,0.01,0.7909707552205549,0.209029244779445
DEAP:S17:T35,DEAP:S17,T35,0,4.17,1,1,2,0,exposed,stimulus_relative_context,train,0.01,0.8049260298050722,0.19507397019492784
DEAP:S17:T36,DEAP:S17,T36,0,3.37,1,1,2,0,exposed,stimulus_relative_context,train,0.01,0.72107837251151,0.27892162748849
DEAP:S18:T04,DEAP:S18,T04,1,6.65,1,1,2,0,exposed,stimulus_relative_context,train,0.01,0.16404461583447416,0.8359553841655258
DEAP:S18:T07,DEAP:S18,T07,1,7.33,1,1,2,0,exposed,stimulus_relative_context,train,0.01,0.309622729946591,0.690377270053409
DEAP:S18:T09,DEAP:S18,T09,1,6.55,1,1,2,0,exposed,stimulus_relative_context,train,0.01,0.2208837651065365,0.7791162348934635
DEAP:S18:T12,DEAP:S18,T12,1,5.55,1,1,2,0,exposed,stimulus_relative_context,train,0.01,0.1953820631974167,0.8046179368025833
DEAP:S18:T13,DEAP:S18,T13,1,7.33,1,1,2,0,exposed,stimulus_relative_context,train,0.01,0.34295171797326096,0.657048282026739
DEAP:S18:T18,DEAP:S18,T18,1,7.05,1,1,2,0,exposed,stimulus_relative_context,train,0.01,0.2211397181331819,0.7788602818668181
DEAP:S18:T22,DEAP:S18,T22,1,5.69,1,1,2,0,exposed,stimulus_relative_context,train,0.01,0.5742085029015698,0.42579149709843017
DEAP:S18:T23,DEAP:S18,T23,0,3.71,1,1,2,0,exposed,stimulus_relative_context,train,0.01,0.7786697575542676,0.22133024244573238
DEAP:S18:T24,DEAP:S18,T24,0,3.22,1,1,2,0,exposed,stimulus_relative_context,train,0.01,0.6441752399378282,0.3558247600621718
DEAP:S18:T25,DEAP:S18,T25,0,4.23,1,1,2,0,exposed,stimulus_relative_context,train,0.01,0.5851163650412128,0.41488363495878716
DEAP:S18:T33,DEAP:S18,T33,0,4.56,1,1,2,0,exposed,stimulus_relative_context,train,0.01,0.5599962489977539,0.44000375100224615
DEAP:S18:T35,DEAP:S18,T35,1,5.12,1,1,2,0,exposed,stimulus_relative_context,train,0.01,0.6616099692431415,0.3383900307568585
DEAP:S18:T36,DEAP:S18,T36,1,5.24,1,1,2,0,exposed,stimulus_relative_context,train,0.01,0.5785717258765994,0.42142827412340056
DEAP:S19:T01,DEAP:S19,T01,1,7.44,1,1,2,0,exposed,stimulus_relative_context,train,0.01,0.352002418528783,0.647997581471217
DEAP:S19:T04,DEAP:S19,T04,1,5.77,1,1,2,0,exposed,stimulus_relative_context,train,0.01,0.22669237716899238,0.7733076228310076
DEAP:S19:T07,DEAP:S19,T07,1,6.64,1,1,2,0,exposed,stimulus_relative_context,train,0.01,0.4049314305454368,0.5950685694545632
DEAP:S19:T08,DEAP:S19,T08,1,7.44,1,1,2,0,exposed,stimulus_relative_context,train,0.01,0.2525545975451958,0.7474454024548042
DEAP:S19:T12,DEAP:S19,T12,1,6.26,1,1,2,0,exposed,stimulus_relative_context,train,0.01,0.2777970277170433,0.7222029722829567
DEAP:S19:T13,DEAP:S19,T13,1,7.53,1,1,2,0,exposed,stimulus_relative_context,train,0.01,0.43198440145245753,0.5680155985475425
DEAP:S19:T18,DEAP:S19,T18,1,7.77,1,1,2,0,exposed,stimulus_relative_context,train,0.01,0.3285372967524609,0.6714627032475391
DEAP:S19:T22,DEAP:S19,T22,1,5.04,1,1,2,0,exposed,stimulus_relative_context,train,0.01,0.6841797962970058,0.3158202037029943
DEAP:S19:T23,DEAP:S19,T23,0,3.77,1,1,2,0,exposed,stimulus_relative_context,train,0.01,0.8558167393466123,0.1441832606533877
DEAP:S19:T24,DEAP:S19,T24,0,3.23,1,1,2,0,exposed,stimulus_relative_context,train,0.01,0.6813421121499119,0.31865788785008803
DEAP:S19:T25,DEAP:S19,T25,0,2.19,1,1,2,0,exposed,stimulus_relative_context,train,0.01,0.6680761179833818,0.3319238820166182
DEAP:S19:T26,DEAP:S19,T26,0,4.95,1,1,2,0,exposed,stimulus_relative_context,train,0.01,0.6633067269608797,0.3366932730391204
DEAP:S19:T33,DEAP:S19,T33,0,3.4,1,1,2,0,exposed,stimulus_relative_context,train,0.01,0.6547767782011569,0.3452232217988432
DEAP:S19:T35,DEAP:S19,T35,0,3.21,1,1,2,0,exposed,stimulus_relative_context,train,0.01,0.7342802566876006,0.26571974331239945
DEAP:S19:T36,DEAP:S19,T36,0,3.71,1,1,2,0,exposed,stimulus_relative_context,train,0.01,0.6959002875498094,0.30409971245019063
DEAP:S24:T01,DEAP:S24,T01,1,7.06,1,1,2,0,exposed,stimulus_relative_context,train,0.01,0.3413477195797655,0.6586522804202345
DEAP:S24:T04,DEAP:S24,T04,1,6.05,1,1,2,0,exposed,stimulus_relative_context,train,0.01,0.25441185549269196,0.745588144507308
DEAP:S24:T07,DEAP:S24,T07,0,3.04,1,1,2,0,exposed,stimulus_relative_context,train,0.01,0.4707248043520996,0.5292751956479004
DEAP:S24:T08,DEAP:S24,T08,1,7.03,1,1,2,0,exposed,stimulus_relative_context,train,0.01,0.31963327151740395,0.680366728482596
DEAP:S24:T12,DEAP:S24,T12,1,7.04,1,1,2,0,exposed,stimulus_relative_context,train,0.01,0.3222616495444378,0.6777383504555622
DEAP:S24:T13,DEAP:S24,T13,1,8.0,1,1,2,0,exposed,stimulus_relative_context,train,0.01,0.4713232814039625,0.5286767185960375
DEAP:S24:T18,DEAP:S24,T18,1,8.96,1,1,2,0,exposed,stimulus_relative_context,train,0.01,0.34885739219910605,0.651142607800894
DEAP:S24:T22,DEAP:S24,T22,0,3.03,1,1,2,0,exposed,stimulus_relative_context,train,0.01,0.6597640442344308,0.3402359557655692
DEAP:S24:T23,DEAP:S24,T23,0,1.0,1,1,2,0,exposed,stimulus_relative_context,train,0.01,0.8404541525417042,0.15954584745829578
DEAP:S24:T24,DEAP:S24,T24,0,2.99,1,1,2,0,exposed,stimulus_relative_context,train,0.01,0.7778896877554069,0.22211031224459313
DEAP:S24:T25,DEAP:S24,T25,0,3.12,1,1,2,0,exposed,stimulus_relative_context,train,0.01,0.6991364010034293,0.3008635989965706
DEAP:S24:T26,DEAP:S24,T26,0,4.05,1,1,2,0,exposed,stimulus_relative_context,train,0.01,0.6617588124194416,0.3382411875805584
DEAP:S24:T33,DEAP:S24,T33,1,5.01,1,1,2,0,exposed,stimulus_relative_context,train,0.01,0.735290282931411,0.26470971706858903
DEAP:S24:T35,DEAP:S24,T35,0,4.05,1,1,2,0,exposed,stimulus_relative_context,train,0.01,0.7282320144863903,0.27176798551360976
DEAP:S24:T36,DEAP:S24,T36,0,4.0,1,1,2,0,exposed,stimulus_relative_context,train,0.01,0.7092450389870291,0.290754961012971
DEAP:S25:T01,DEAP:S25,T01,1,8.06,1,1,2,0,exposed,stimulus_relative_context,train,0.01,0.3367657344057854,0.6632342655942146
DEAP:S25:T07,DEAP:S25,T07,1,6.08,1,1,2,0,exposed,stimulus_relative_context,train,0.01,0.44061648626627803,0.559383513733722
DEAP:S25:T08,DEAP:S25,T08,1,8.04,1,1,2,0,exposed,stimulus_relative_context,train,0.01,0.2846156738295663,0.7153843261704337
DEAP:S25:T09,DEAP:S25,T09,1,8.09,1,1,2,0,exposed,stimulus_relative_context,train,0.01,0.3069312254239237,0.6930687745760763
DEAP:S25:T12,DEAP:S25,T12,1,8.04,1,1,2,0,exposed,stimulus_relative_context,train,0.01,0.27309108904340285,0.7269089109565972
DEAP:S25:T13,DEAP:S25,T13,1,7.97,1,1,2,0,exposed,stimulus_relative_context,train,0.01,0.3917934675548561,0.6082065324451439
DEAP:S25:T18,DEAP:S25,T18,0,3.04,1,1,2,0,exposed,stimulus_relative_context,train,0.01,0.2614810719759285,0.7385189280240715
DEAP:S25:T22,DEAP:S25,T22,1,8.03,1,1,2,0,exposed,stimulus_relative_context,train,0.01,0.6001220588068427,0.39987794119315734
DEAP:S25:T23,DEAP:S25,T23,0,2.01,1,1,2,0,exposed,stimulus_relative_context,train,0.01,0.827402582464735,0.17259741753526506
DEAP:S25:T24,DEAP:S25,T24,0,3.05,1,1,2,0,exposed,stimulus_relative_context,train,0.01,0.7057072211332078,0.2942927788667921
DEAP:S25:T25,DEAP:S25,T25,0,4.96,1,1,2,0,exposed,stimulus_relative_context,train,0.01,0.6379705594922154,0.3620294405077847
DEAP:S25:T26,DEAP:S25,T26,0,4.99,1,1,2,0,exposed,stimulus_relative_context,train,0.01,0.607005664478962,0.392994335521038
DEAP:S25:T33,DEAP:S25,T33,0,1.94,1,1,2,0,exposed,stimulus_relative_context,train,0.01,0.6742836908412462,0.32571630915875377
DEAP:S25:T35,DEAP:S25,T35,0,3.03,1,1,2,0,exposed,stimulus_relative_context,train,0.01,0.6685393677777411,0.33146063222225886
DEAP:S25:T36,DEAP:S25,T36,0,3.0,1,1,2,0,exposed,stimulus_relative_context,train,0.01,0.6507185601773295,0.3492814398226705
DEAP:S26:T01,DEAP:S26,T01,1,7.97,1,1,2,0,exposed,stimulus_relative_context,train,0.01,0.2608433057245769,0.7391566942754231
DEAP:S26:T04,DEAP:S26,T04,1,8.03,1,1,2,0,exposed,stimulus_relative_context,train,0.01,0.16324649108404043,0.8367535089159596
DEAP:S26:T08,DEAP:S26,T08,1,8.01,1,1,2,0,exposed,stimulus_relative_context,train,0.01,0.19606179090202247,0.8039382090979775
DEAP:S26:T09,DEAP:S26,T09,1,8.05,1,1,2,0,exposed,stimulus_relative_context,train,0.01,0.2137816436173361,0.7862183563826639
DEAP:S26:T12,DEAP:S26,T12,1,7.04,1,1,2,0,exposed,stimulus_relative_context,train,0.01,0.2273892437096492,0.7726107562903508
DEAP:S26:T13,DEAP:S26,T13,1,7.12,1,1,2,0,exposed,stimulus_relative_context,train,0.01,0.31150099811482035,0.6884990018851797
DEAP:S26:T18,DEAP:S26,T18,1,9.0,1,1,2,0,exposed,stimulus_relative_context,train,0.01,0.20431030329044642,0.7956896967095536
DEAP:S26:T23,DEAP:S26,T23,0,2.28,1,1,2,0,exposed,stimulus_relative_context,train,0.01,0.7605891905738322,0.23941080942616771
DEAP:S26:T24,DEAP:S26,T24,1,9.0,1,1,2,0,exposed,stimulus_relative_context,train,0.01,0.6463122033374664,0.35368779666253364
DEAP:S26:T25,DEAP:S26,T25,1,7.14,1,1,2,0,exposed,stimulus_relative_context,train,0.01,0.5587197099749507,0.4412802900250493
DEAP:S26:T26,DEAP:S26,T26,1,5.05,1,1,2,0,exposed,stimulus_relative_context,train,0.01,0.4830132620090656,0.5169867379909344
DEAP:S26:T33,DEAP:S26,T33,0,1.0,1,1,2,0,exposed,stimulus_relative_context,train,0.01,0.5596260830501314,0.44037391694986855
DEAP:S26:T35,DEAP:S26,T35,0,2.97,1,1,2,0,exposed,stimulus_relative_context,train,0.01,0.5966552030222776,0.4033447969777224
DEAP:S26:T36,DEAP:S26,T36,0,2.92,1,1,2,0,exposed,stimulus_relative_context,train,0.01,0.5356487200230446,0.4643512799769553
DEAP:S27:T01,DEAP:S27,T01,1,6.03,1,1,2,0,exposed,stimulus_relative_context,train,0.01,0.20723268785198157,0.7927673121480184
DEAP:S27:T07,DEAP:S27,T07,0,4.94,1,1,2,0,exposed,stimulus_relative_context,train,0.01,0.2841215614633166,0.7158784385366834
DEAP:S27:T08,DEAP:S27,T08,1,8.24,1,1,2,0,exposed,stimulus_relative_context,train,0.01,0.18040261792269763,0.8195973820773024
DEAP:S27:T09,DEAP:S27,T09,1,8.99,1,1,2,0,exposed,stimulus_relative_context,train,0.01,0.21699853612277042,0.7830014638772296
DEAP:S27:T12,DEAP:S27,T12,0,4.18,1,1,2,0,exposed,stimulus_relative_context,train,0.01,0.14869313704727938,0.8513068629527206
DEAP:S27:T13,DEAP:S27,T13,1,7.01,1,1,2,0,exposed,stimulus_relative_context,train,0.01,0.2802681168576586,0.7197318831423414
DEAP:S27:T18,DEAP:S27,T18,1,9.0,1,1,2,0,exposed,stimulus_relative_context,train,0.01,0.22468361457647257,0.7753163854235274
DEAP:S27:T22,DEAP:S27,T22,1,7.29,1,1,2,0,exposed,stimulus_relative_context,train,0.01,0.4812860376772321,0.5187139623227679
DEAP:S27:T23,DEAP:S27,T23,1,8.0,1,1,2,0,exposed,stimulus_relative_context,train,0.01,0.7926893106885521,0.20731068931144792
DEAP:S27:T24,DEAP:S27,T24,1,8.9,1,1,2,0,exposed,stimulus_relative_context,train,0.01,0.5941380396663387,0.4058619603336613
DEAP:S27:T25,DEAP:S27,T25,0,4.0,1,1,2,0,exposed,stimulus_relative_context,train,0.01,0.44303793941712744,0.5569620605828726
DEAP:S27:T26,DEAP:S27,T26,1,5.04,1,1,2,0,exposed,stimulus_relative_context,train,0.01,0.47656004872209745,0.5234399512779025
DEAP:S27:T33,DEAP:S27,T33,1,5.04,1,1,2,0,exposed,stimulus_relative_context,train,0.01,0.5270537635622066,0.4729462364377935
DEAP:S27:T35,DEAP:S27,T35,0,1.0,1,1,2,0,exposed,stimulus_relative_context,train,0.01,0.5711723974053033,0.4288276025946966
DEAP:S27:T36,DEAP:S27,T36,1,6.13,1,1,2,0,exposed,stimulus_relative_context,train,0.01,0.5314477226573779,0.468552277342622
DEAP:S28:T01,DEAP:S28,T01,1,7.03,1,1,2,0,exposed,stimulus_relative_context,train,0.01,0.2144386641885775,0.7855613358114225
DEAP:S28:T04,DEAP:S28,T04,1,8.08,1,1,2,0,exposed,stimulus_relative_context,train,0.01,0.1760255306637183,0.8239744693362817
DEAP:S28:T07,DEAP:S28,T07,1,8.09,1,1,2,0,exposed,stimulus_relative_context,train,0.01,0.3224817095572827,0.6775182904427173
DEAP:S28:T08,DEAP:S28,T08,1,7.01,1,1,2,0,exposed,stimulus_relative_context,train,0.01,0.20425880795680085,0.7957411920431992
DEAP:S28:T09,DEAP:S28,T09,1,5.04,1,1,2,0,exposed,stimulus_relative_context,train,0.01,0.20523223850152628,0.7947677614984737
DEAP:S28:T12,DEAP:S28,T12,1,6.06,1,1,2,0,exposed,stimulus_relative_context,train,0.01,0.22956795585717582,0.7704320441428242
DEAP:S28:T13,DEAP:S28,T13,0,2.09,1,1,2,0,exposed,stimulus_relative_context,train,0.01,0.3598590541104275,0.6401409458895725
DEAP:S28:T18,DEAP:S28,T18,1,8.08,1,1,2,0,exposed,stimulus_relative_context,train,0.01,0.21551939539025544,0.7844806046097446
DEAP:S28:T22,DEAP:S28,T22,1,5.03,1,1,2,0,exposed,stimulus_relative_context,train,0.01,0.5526063980595,0.4473936019405
DEAP:S28:T23,DEAP:S28,T23,0,2.03,1,1,2,0,exposed,stimulus_relative_context,train,0.01,0.7857541240304596,0.2142458759695404
DEAP:S28:T24,DEAP:S28,T24,0,4.04,1,1,2,0,exposed,stimulus_relative_context,train,0.01,0.6318048682361384,0.3681951317638617
DEAP:S28:T25,DEAP:S28,T25,0,4.06,1,1,2,0,exposed,stimulus_relative_context,train,0.01,0.5672350956091444,0.4327649043908556
DEAP:S28:T26,DEAP:S28,T26,0,1.99,1,1,2,0,exposed,stimulus_relative_context,train,0.01,0.5579445078765692,0.44205549212343076
DEAP:S28:T33,DEAP:S28,T33,1,7.01,1,1,2,0,exposed,stimulus_relative_context,train,0.01,0.5774498178998635,0.42255018210013656
DEAP:S28:T35,DEAP:S28,T35,0,1.08,1,1,2,0,exposed,stimulus_relative_context,train,0.01,0.6593504399761829,0.3406495600238171
DEAP:S28:T36,DEAP:S28,T36,0,3.08,1,1,2,0,exposed,stimulus_relative_context,train,0.01,0.615622547960514,0.384377452039486
DEAP:S29:T01,DEAP:S29,T01,1,6.06,1,1,2,0,exposed,stimulus_relative_context,train,0.01,0.31520289760747766,0.6847971023925223
DEAP:S29:T04,DEAP:S29,T04,1,7.17,1,1,2,0,exposed,stimulus_relative_context,train,0.01,0.23184255536246523,0.7681574446375348
DEAP:S29:T07,DEAP:S29,T07,1,7.04,1,1,2,0,exposed,stimulus_relative_context,train,0.01,0.48820817283625395,0.511791827163746
DEAP:S29:T08,DEAP:S29,T08,1,7.04,1,1,2,0,exposed,stimulus_relative_context,train,0.01,0.343138532502116,0.656861467497884
DEAP:S29:T09,DEAP:S29,T09,1,7.06,1,1,2,0,exposed,stimulus_relative_context,train,0.01,0.3457946499867087,0.6542053500132913
DEAP:S29:T12,DEAP:S29,T12,1,6.04,1,1,2,0,exposed,stimulus_relative_context,train,0.01,0.2838788384742785,0.7161211615257215
DEAP:S29:T13,DEAP:S29,T13,1,6.06,1,1,2,0,exposed,stimulus_relative_context,train,0.01,0.3914567798296773,0.6085432201703227
DEAP:S29:T18,DEAP:S29,T18,1,7.01,1,1,2,0,exposed,stimulus_relative_context,train,0.01,0.32549113540460517,0.6745088645953948
DEAP:S29:T22,DEAP:S29,T22,0,3.05,1,1,2,0,exposed,stimulus_relative_context,train,0.01,0.6105145769154113,0.38948542308458867
DEAP:S29:T23,DEAP:S29,T23,0,2.05,1,1,2,0,exposed,stimulus_relative_context,train,0.01,0.8194362256544685,0.18056377434553145
DEAP:S29:T24,DEAP:S29,T24,0,4.12,1,1,2,0,exposed,stimulus_relative_context,train,0.01,0.6873157934203781,0.3126842065796219
DEAP:S29:T25,DEAP:S29,T25,0,3.03,1,1,2,0,exposed,stimulus_relative_context,train,0.01,0.6546503051289099,0.3453496948710901
DEAP:S29:T26,DEAP:S29,T26,0,3.0,1,1,2,0,exposed,stimulus_relative_context,train,0.01,0.5981250851266818,0.40187491487331817
DEAP:S29:T33,DEAP:S29,T33,0,1.99,1,1,2,0,exposed,stimulus_relative_context,train,0.01,0.6626168787731195,0.3373831212268806
DEAP:S29:T35,DEAP:S29,T35,0,1.92,1,1,2,0,exposed,stimulus_relative_context,train,0.01,0.7132130107236199,0.28678698927638013
DEAP:S29:T36,DEAP:S29,T36,1,5.03,1,1,2,0,exposed,stimulus_relative_context,train,0.01,0.6803330205760405,0.31966697942395944
DEAP:S30:T01,DEAP:S30,T01,1,5.04,1,1,2,0,exposed,stimulus_relative_context,train,0.01,0.2406748244499185,0.7593251755500815
DEAP:S30:T04,DEAP:S30,T04,1,7.04,1,1,2,0,exposed,stimulus_relative_context,train,0.01,0.185969412264954,0.814030587735046
DEAP:S30:T07,DEAP:S30,T07,0,4.05,1,1,2,0,exposed,stimulus_relative_context,train,0.01,0.3665311946175255,0.6334688053824745
DEAP:S30:T08,DEAP:S30,T08,1,6.05,1,1,2,0,exposed,stimulus_relative_context,train,0.01,0.232466480989721,0.767533519010279
DEAP:S30:T09,DEAP:S30,T09,1,7.08,1,1,2,0,exposed,stimulus_relative_context,train,0.01,0.22461592543777387,0.7753840745622261
DEAP:S30:T12,DEAP:S30,T12,1,5.15,1,1,2,0,exposed,stimulus_relative_context,train,0.01,0.2140034171440297,0.7859965828559703
DEAP:S30:T13,DEAP:S30,T13,0,4.04,1,1,2,0,exposed,stimulus_relative_context,train,0.01,0.3544084588969777,0.6455915411030223
DEAP:S30:T18,DEAP:S30,T18,1,7.05,1,1,2,0,exposed,stimulus_relative_context,train,0.01,0.2507802042753323,0.7492197957246677
DEAP:S30:T22,DEAP:S30,T22,0,4.05,1,1,2,0,exposed,stimulus_relative_context,train,0.01,0.49818412242034904,0.501815877579651
DEAP:S30:T24,DEAP:S30,T24,1,5.99,1,1,2,0,exposed,stimulus_relative_context,train,0.01,0.6388965217863127,0.3611034782136873
DEAP:S30:T26,DEAP:S30,T26,1,5.01,1,1,2,0,exposed,stimulus_relative_context,train,0.01,0.5877961226044688,0.41220387739553127
DEAP:S30:T33,DEAP:S30,T33,0,3.91,1,1,2,0,exposed,stimulus_relative_context,train,0.01,0.5871219222885808,0.4128780777114192
DEAP:S30:T35,DEAP:S30,T35,1,5.04,1,1,2,0,exposed,stimulus_relative_context,train,0.01,0.7494272712467467,0.25057272875325326
DEAP:S30:T36,DEAP:S30,T36,0,4.03,1,1,2,0,exposed,stimulus_relative_context,train,0.01,0.5439289209991234,0.4560710790008767
DEAP:S32:T01,DEAP:S32,T01,1,8.13,1,1,2,0,exposed,stimulus_relative_context,train,0.01,0.37565880935381424,0.6243411906461858
DEAP:S32:T04,DEAP:S32,T04,1,6.96,1,1,2,0,exposed,stimulus_relative_context,train,0.01,0.21745925093991425,0.7825407490600857
DEAP:S32:T07,DEAP:S32,T07,0,4.94,1,1,2,0,exposed,stimulus_relative_context,train,0.01,0.5576681367815399,0.4423318632184601
DEAP:S32:T08,DEAP:S32,T08,1,7.96,1,1,2,0,exposed,stimulus_relative_context,train,0.01,0.2690494193257742,0.7309505806742258
DEAP:S32:T09,DEAP:S32,T09,1,7.86,1,1,2,0,exposed,stimulus_relative_context,train,0.01,0.23505485786612568,0.7649451421338743
DEAP:S32:T12,DEAP:S32,T12,1,7.31,1,1,2,0,exposed,stimulus_relative_context,train,0.01,0.30606931692458583,0.6939306830754142
DEAP:S32:T13,DEAP:S32,T13,1,7.09,1,1,2,0,exposed,stimulus_relative_context,train,0.01,0.35415944558707346,0.6458405544129265
DEAP:S32:T18,DEAP:S32,T18,1,8.03,1,1,2,0,exposed,stimulus_relative_context,train,0.01,0.396067306419857,0.603932693580143
DEAP:S32:T22,DEAP:S32,T22,0,4.15,1,1,2,0,exposed,stimulus_relative_context,train,0.01,0.6161340721951348,0.38386592780486517
DEAP:S32:T23,DEAP:S32,T23,0,3.01,1,1,2,0,exposed,stimulus_relative_context,train,0.01,0.8694555571285244,0.1305444428714756
DEAP:S32:T24,DEAP:S32,T24,0,1.0,1,1,2,0,exposed,stimulus_relative_context,train,0.01,0.752624754863517,0.24737524513648304
DEAP:S32:T25,DEAP:S32,T25,0,4.01,1,1,2,0,exposed,stimulus_relative_context,train,0.01,0.6372946980194456,0.36270530198055434
DEAP:S32:T33,DEAP:S32,T33,0,4.06,1,1,2,0,exposed,stimulus_relative_context,train,0.01,0.6846503271879951,0.3153496728120049
DEAP:S32:T35,DEAP:S32,T35,0,3.88,1,1,2,0,exposed,stimulus_relative_context,train,0.01,0.7600592995404052,0.23994070045959487
DEAP:S32:T36,DEAP:S32,T36,0,3.91,1,1,2,0,exposed,stimulus_relative_context,train,0.01,0.679183684649926,0.320816315350074
DEAP:S03:T05,DEAP:S03,T05,1,6.92,1,1,2,0,exposed,stimulus_relative_context,validation_unseen,0.01,0.49274989980421646,0.5072501001957835
DEAP:S03:T15,DEAP:S03,T15,1,7.36,1,1,2,0,exposed,stimulus_relative_context,validation_unseen,0.01,0.4828900048985787,0.5171099951014213
DEAP:S03:T19,DEAP:S03,T19,1,8.14,1,1,2,0,exposed,stimulus_relative_context,validation_unseen,0.01,0.5404215940090508,0.45957840599094923
DEAP:S03:T27,DEAP:S03,T27,1,6.72,1,1,2,0,exposed,stimulus_relative_context,validation_unseen,0.01,0.524968757421757,0.475031242578243
DEAP:S03:T28,DEAP:S03,T28,1,5.59,1,1,2,0,exposed,stimulus_relative_context,validation_unseen,0.01,0.37922853629831066,0.6207714637016893
DEAP:S03:T29,DEAP:S03,T29,0,4.47,1,1,2,0,exposed,stimulus_relative_context,validation_unseen,0.01,0.5326769041246131,0.46732309587538684
DEAP:S03:T30,DEAP:S03,T30,0,3.87,1,1,2,0,exposed,stimulus_relative_context,validation_unseen,0.01,0.4742723195995817,0.5257276804004183
DEAP:S03:T32,DEAP:S03,T32,1,5.17,1,1,2,0,exposed,stimulus_relative_context,validation_unseen,0.01,0.49839196505983996,0.50160803494016
DEAP:S04:T05,DEAP:S04,T05,0,4.06,1,1,2,0,exposed,stimulus_relative_context,validation_unseen,0.01,0.5099301469275422,0.49006985307245776
DEAP:S04:T15,DEAP:S04,T15,1,6.96,1,1,2,0,exposed,stimulus_relative_context,validation_unseen,0.01,0.5628435783429524,0.43715642165704754
DEAP:S04:T19,DEAP:S04,T19,1,7.09,1,1,2,0,exposed,stimulus_relative_context,validation_unseen,0.01,0.45636487493247757,0.5436351250675224
DEAP:S04:T27,DEAP:S04,T27,1,6.14,1,1,2,0,exposed,stimulus_relative_context,validation_unseen,0.01,0.4920404793971427,0.5079595206028573
DEAP:S04:T28,DEAP:S04,T28,0,2.17,1,1,2,0,exposed,stimulus_relative_context,validation_unseen,0.01,0.4644020999787182,0.5355979000212818
DEAP:S04:T29,DEAP:S04,T29,0,1.85,1,1,2,0,exposed,stimulus_relative_context,validation_unseen,0.01,0.46866853787000085,0.5313314621299992
DEAP:S04:T30,DEAP:S04,T30,0,3.1,1,1,2,0,exposed,stimulus_relative_context,validation_unseen,0.01,0.48545225954337423,0.5145477404566258
DEAP:S04:T32,DEAP:S04,T32,0,1.01,1,1,2,0,exposed,stimulus_relative_context,validation_unseen,0.01,0.4773356660403163,0.5226643339596837
DEAP:S21:T05,DEAP:S21,T05,1,8.09,1,1,2,0,exposed,stimulus_relative_context,validation_unseen,0.01,0.42905127818451816,0.5709487218154818
DEAP:S21:T15,DEAP:S21,T15,1,6.92,1,1,2,0,exposed,stimulus_relative_context,validation_unseen,0.01,0.43695870900202716,0.5630412909979728
DEAP:S21:T19,DEAP:S21,T19,1,7.26,1,1,2,0,exposed,stimulus_relative_context,validation_unseen,0.01,0.5455043857983553,0.4544956142016448
DEAP:S21:T27,DEAP:S21,T27,0,4.01,1,1,2,0,exposed,stimulus_relative_context,validation_unseen,0.01,0.4133089473616465,0.5866910526383535
DEAP:S21:T28,DEAP:S21,T28,0,3.04,1,1,2,0,exposed,stimulus_relative_context,validation_unseen,0.01,0.3646050052127605,0.6353949947872395
DEAP:S21:T29,DEAP:S21,T29,0,3.01,1,1,2,0,exposed,stimulus_relative_context,validation_unseen,0.01,0.499490833899071,0.500509166100929
DEAP:S21:T30,DEAP:S21,T30,0,3.45,1,1,2,0,exposed,stimulus_relative_context,validation_unseen,0.01,0.41586624625218593,0.5841337537478141
DEAP:S21:T32,DEAP:S21,T32,1,6.27,1,1,2,0,exposed,stimulus_relative_context,validation_unseen,0.01,0.41713086261395715,0.5828691373860428
DEAP:S22:T05,DEAP:S22,T05,1,7.1,1,1,2,0,exposed,stimulus_relative_context,validation_unseen,0.01,0.38777657098589724,0.6122234290141028
DEAP:S22:T19,DEAP:S22,T19,1,9.0,1,1,2,0,exposed,stimulus_relative_context,validation_unseen,0.01,0.3413978934551213,0.6586021065448787
DEAP:S22:T27,DEAP:S22,T27,1,7.06,1,1,2,0,exposed,stimulus_relative_context,validation_unseen,0.01,0.3587946407110698,0.6412053592889302
DEAP:S22:T28,DEAP:S22,T28,0,4.03,1,1,2,0,exposed,stimulus_relative_context,validation_unseen,0.01,0.3488812232237858,0.6511187767762142
DEAP:S22:T29,DEAP:S22,T29,0,2.0,1,1,2,0,exposed,stimulus_relative_context,validation_unseen,0.01,0.37369095227599747,0.6263090477240025
DEAP:S22:T30,DEAP:S22,T30,0,1.0,1,1,2,0,exposed,stimulus_relative_context,validation_unseen,0.01,0.3852259855382061,0.6147740144617939
DEAP:S22:T32,DEAP:S22,T32,0,1.99,1,1,2,0,exposed,stimulus_relative_context,validation_unseen,0.01,0.3705305712012402,0.6294694287987598
DEAP:S03:T01,DEAP:S03,T01,1,5.33,1,1,2,0,exposed,stimulus_relative_context,validation_familiar,0.01,0.28301270285212443,0.7169872971478756
DEAP:S03:T04,DEAP:S03,T04,0,4.69,1,1,2,0,exposed,stimulus_relative_context,validation_familiar,0.01,0.2251108344404702,0.7748891655595298
DEAP:S03:T07,DEAP:S03,T07,1,5.45,1,1,2,0,exposed,stimulus_relative_context,validation_familiar,0.01,0.4179161659772904,0.5820838340227096
DEAP:S03:T08,DEAP:S03,T08,1,7.14,1,1,2,0,exposed,stimulus_relative_context,validation_familiar,0.01,0.27045079842977326,0.7295492015702267
DEAP:S03:T09,DEAP:S03,T09,1,7.33,1,1,2,0,exposed,stimulus_relative_context,validation_familiar,0.01,0.28368106341622257,0.7163189365837774
DEAP:S03:T12,DEAP:S03,T12,1,6.36,1,1,2,0,exposed,stimulus_relative_context,validation_familiar,0.01,0.2635037639564721,0.7364962360435279
DEAP:S03:T13,DEAP:S03,T13,1,7.91,1,1,2,0,exposed,stimulus_relative_context,validation_familiar,0.01,0.32900212236340287,0.6709978776365971
DEAP:S03:T18,DEAP:S03,T18,1,7.1,1,1,2,0,exposed,stimulus_relative_context,validation_familiar,0.01,0.3222689786689792,0.6777310213310208
DEAP:S03:T22,DEAP:S03,T22,0,4.94,1,1,2,0,exposed,stimulus_relative_context,validation_familiar,0.01,0.5981460749586051,0.40185392504139494
DEAP:S03:T23,DEAP:S03,T23,0,3.65,1,1,2,0,exposed,stimulus_relative_context,validation_familiar,0.01,0.8037909006345048,0.1962090993654953
DEAP:S03:T24,DEAP:S03,T24,0,3.31,1,1,2,0,exposed,stimulus_relative_context,validation_familiar,0.01,0.7116052036021697,0.2883947963978303
DEAP:S03:T25,DEAP:S03,T25,0,3.45,1,1,2,0,exposed,stimulus_relative_context,validation_familiar,0.01,0.6260504264655942,0.3739495735344058
DEAP:S03:T26,DEAP:S03,T26,0,4.67,1,1,2,0,exposed,stimulus_relative_context,validation_familiar,0.01,0.6044314201209364,0.3955685798790635
DEAP:S03:T33,DEAP:S03,T33,0,4.05,1,1,2,0,exposed,stimulus_relative_context,validation_familiar,0.01,0.6035901599496108,0.39640984005038915
DEAP:S03:T35,DEAP:S03,T35,0,3.18,1,1,2,0,exposed,stimulus_relative_context,validation_familiar,0.01,0.7140797273435892,0.28592027265641085
DEAP:S03:T36,DEAP:S03,T36,1,5.01,1,1,2,0,exposed,stimulus_relative_context,validation_familiar,0.01,0.6795603027305129,0.32043969726948707
DEAP:S04:T01,DEAP:S04,T01,1,6.68,1,1,2,0,exposed,stimulus_relative_context,validation_familiar,0.01,0.34203793673671,0.65796206326329
DEAP:S04:T04,DEAP:S04,T04,1,6.1,1,1,2,0,exposed,stimulus_relative_context,validation_familiar,0.01,0.22948785830709473,0.7705121416929053
DEAP:S04:T07,DEAP:S04,T07,0,2.94,1,1,2,0,exposed,stimulus_relative_context,validation_familiar,0.01,0.34769405209473947,0.6523059479052605
DEAP:S04:T08,DEAP:S04,T08,1,5.97,1,1,2,0,exposed,stimulus_relative_context,validation_familiar,0.01,0.24522041298594577,0.7547795870140542
DEAP:S04:T09,DEAP:S04,T09,1,6.05,1,1,2,0,exposed,stimulus_relative_context,validation_familiar,0.01,0.2193925753590078,0.7806074246409922
DEAP:S04:T12,DEAP:S04,T12,1,5.04,1,1,2,0,exposed,stimulus_relative_context,validation_familiar,0.01,0.2854160675635721,0.7145839324364279
DEAP:S04:T13,DEAP:S04,T13,0,4.12,1,1,2,0,exposed,stimulus_relative_context,validation_familiar,0.01,0.3848749718802561,0.6151250281197439
DEAP:S04:T18,DEAP:S04,T18,0,4.9,1,1,2,0,exposed,stimulus_relative_context,validation_familiar,0.01,0.28136539548004436,0.7186346045199556
DEAP:S04:T22,DEAP:S04,T22,0,1.86,1,1,2,0,exposed,stimulus_relative_context,validation_familiar,0.01,0.6160138744632004,0.3839861255367996
DEAP:S04:T23,DEAP:S04,T23,0,1.86,1,1,2,0,exposed,stimulus_relative_context,validation_familiar,0.01,0.8045322302286533,0.19546776977134675
DEAP:S04:T24,DEAP:S04,T24,0,2.71,1,1,2,0,exposed,stimulus_relative_context,validation_familiar,0.01,0.6791172353996215,0.3208827646003784
DEAP:S04:T25,DEAP:S04,T25,1,7.0,1,1,2,0,exposed,stimulus_relative_context,validation_familiar,0.01,0.630131479277285,0.36986852072271503
DEAP:S04:T26,DEAP:S04,T26,1,6.0,1,1,2,0,exposed,stimulus_relative_context,validation_familiar,0.01,0.6224497642294011,0.37755023577059893
DEAP:S04:T33,DEAP:S04,T33,0,1.0,1,1,2,0,exposed,stimulus_relative_context,validation_familiar,0.01,0.6995823424176537,0.30041765758234634
DEAP:S04:T35,DEAP:S04,T35,0,2.03,1,1,2,0,exposed,stimulus_relative_context,validation_familiar,0.01,0.6957896204511361,0.3042103795488639
DEAP:S04:T36,DEAP:S04,T36,0,2.72,1,1,2,0,exposed,stimulus_relative_context,validation_familiar,0.01,0.5258033307876451,0.47419666921235487
DEAP:S21:T01,DEAP:S21,T01,1,6.42,1,1,2,0,exposed,stimulus_relative_context,validation_familiar,0.01,0.31153424905740135,0.6884657509425987
DEAP:S21:T04,DEAP:S21,T04,1,5.05,1,1,2,0,exposed,stimulus_relative_context,validation_familiar,0.01,0.16298586596981657,0.8370141340301834
DEAP:S21:T07,DEAP:S21,T07,1,7.05,1,1,2,0,exposed,stimulus_relative_context,validation_familiar,0.01,0.33152285924710023,0.6684771407528998
DEAP:S21:T08,DEAP:S21,T08,1,8.81,1,1,2,0,exposed,stimulus_relative_context,validation_familiar,0.01,0.2640071886010088,0.7359928113989912
DEAP:S21:T09,DEAP:S21,T09,1,8.56,1,1,2,0,exposed,stimulus_relative_context,validation_familiar,0.01,0.24043864781687274,0.7595613521831273
DEAP:S21:T12,DEAP:S21,T12,0,4.63,1,1,2,0,exposed,stimulus_relative_context,validation_familiar,0.01,0.2552183348589322,0.7447816651410678
DEAP:S21:T13,DEAP:S21,T13,0,4.27,1,1,2,0,exposed,stimulus_relative_context,validation_familiar,0.01,0.36074381381596354,0.6392561861840365
DEAP:S21:T18,DEAP:S21,T18,1,7.99,1,1,2,0,exposed,stimulus_relative_context,validation_familiar,0.01,0.2515605926517539,0.7484394073482461
DEAP:S21:T22,DEAP:S21,T22,0,2.09,1,1,2,0,exposed,stimulus_relative_context,validation_familiar,0.01,0.5639841587945855,0.4360158412054144
DEAP:S21:T23,DEAP:S21,T23,0,4.69,1,1,2,0,exposed,stimulus_relative_context,validation_familiar,0.01,0.7398031668493745,0.2601968331506254
DEAP:S21:T24,DEAP:S21,T24,0,2.99,1,1,2,0,exposed,stimulus_relative_context,validation_familiar,0.01,0.687701560050747,0.31229843994925294
DEAP:S21:T25,DEAP:S21,T25,0,3.97,1,1,2,0,exposed,stimulus_relative_context,validation_familiar,0.01,0.5178544841906636,0.48214551580933646
DEAP:S21:T26,DEAP:S21,T26,0,4.06,1,1,2,0,exposed,stimulus_relative_context,validation_familiar,0.01,0.5239415854871551,0.4760584145128449
DEAP:S21:T33,DEAP:S21,T33,1,7.03,1,1,2,0,exposed,stimulus_relative_context,validation_familiar,0.01,0.5695957433465325,0.4304042566534675
DEAP:S21:T35,DEAP:S21,T35,0,4.92,1,1,2,0,exposed,stimulus_relative_context,validation_familiar,0.01,0.5798190590488894,0.42018094095111064
DEAP:S21:T36,DEAP:S21,T36,1,6.88,1,1,2,0,exposed,stimulus_relative_context,validation_familiar,0.01,0.5935881694243177,0.40641183057568225
DEAP:S22:T01,DEAP:S22,T01,1,5.05,1,1,2,0,exposed,stimulus_relative_context,validation_familiar,0.01,0.24348779324905823,0.7565122067509418
DEAP:S22:T04,DEAP:S22,T04,1,7.06,1,1,2,0,exposed,stimulus_relative_context,validation_familiar,0.01,0.12577047261958996,0.87422952738041
DEAP:S22:T07,DEAP:S22,T07,1,6.03,1,1,2,0,exposed,stimulus_relative_context,validation_familiar,0.01,0.3207079724032048,0.6792920275967952
DEAP:S22:T08,DEAP:S22,T08,1,7.09,1,1,2,0,exposed,stimulus_relative_context,validation_familiar,0.01,0.20015022058700682,0.7998497794129932
DEAP:S22:T09,DEAP:S22,T09,1,9.0,1,1,2,0,exposed,stimulus_relative_context,validation_familiar,0.01,0.15423886466196102,0.845761135338039
DEAP:S22:T12,DEAP:S22,T12,0,4.99,1,1,2,0,exposed,stimulus_relative_context,validation_familiar,0.01,0.17611309553319376,0.8238869044668062
DEAP:S22:T13,DEAP:S22,T13,1,7.01,1,1,2,0,exposed,stimulus_relative_context,validation_familiar,0.01,0.2990831746954138,0.7009168253045862
DEAP:S22:T18,DEAP:S22,T18,1,8.08,1,1,2,0,exposed,stimulus_relative_context,validation_familiar,0.01,0.21112924975372682,0.7888707502462732
DEAP:S22:T22,DEAP:S22,T22,0,4.05,1,1,2,0,exposed,stimulus_relative_context,validation_familiar,0.01,0.5010024691405413,0.4989975308594587
DEAP:S22:T23,DEAP:S22,T23,0,2.99,1,1,2,0,exposed,stimulus_relative_context,validation_familiar,0.01,0.7123948403874876,0.28760515961251243
DEAP:S22:T24,DEAP:S22,T24,0,1.96,1,1,2,0,exposed,stimulus_relative_context,validation_familiar,0.01,0.6010314143904314,0.3989685856095686
DEAP:S22:T25,DEAP:S22,T25,0,2.95,1,1,2,0,exposed,stimulus_relative_context,validation_familiar,0.01,0.5753530982281726,0.4246469017718274
DEAP:S22:T33,DEAP:S22,T33,0,1.96,1,1,2,0,exposed,stimulus_relative_context,validation_familiar,0.01,0.5382122760775216,0.4617877239224783
DEAP:S22:T35,DEAP:S22,T35,0,1.99,1,1,2,0,exposed,stimulus_relative_context,validation_familiar,0.01,0.5740886701422652,0.4259113298577348
DEAP:S22:T36,DEAP:S22,T36,0,1.96,1,1,2,0,exposed,stimulus_relative_context,validation_familiar,0.01,0.4693346293812084,0.5306653706187916
DEAP:S02:T01,DEAP:S02,T01,1,9.0,1,1,2,0,exposed,stimulus_relative_context,train,0.1,0.05305886552159822,0.9469411344784018
DEAP:S02:T04,DEAP:S02,T04,1,6.05,1,1,2,0,exposed,stimulus_relative_context,train,0.1,0.030416050505429948,0.96958394949457
DEAP:S02:T07,DEAP:S02,T07,0,4.96,1,1,2,0,exposed,stimulus_relative_context,train,0.1,0.2530660265136454,0.7469339734863546
DEAP:S02:T08,DEAP:S02,T08,1,9.0,1,1,2,0,exposed,stimulus_relative_context,train,0.1,0.022057988202945022,0.977942011797055
DEAP:S02:T12,DEAP:S02,T12,1,8.01,1,1,2,0,exposed,stimulus_relative_context,train,0.1,0.01732447647681412,0.9826755235231859
DEAP:S02:T13,DEAP:S02,T13,1,9.0,1,1,2,0,exposed,stimulus_relative_context,train,0.1,0.16463284738904005,0.83536715261096
DEAP:S02:T18,DEAP:S02,T18,1,9.0,1,1,2,0,exposed,stimulus_relative_context,train,0.1,0.020550132632634166,0.9794498673673658
DEAP:S02:T23,DEAP:S02,T23,0,1.0,1,1,2,0,exposed,stimulus_relative_context,train,0.1,0.8384519069841313,0.1615480930158687
DEAP:S02:T24,DEAP:S02,T24,1,7.08,1,1,2,0,exposed,stimulus_relative_context,train,0.1,0.6623052524647461,0.3376947475352539
DEAP:S02:T25,DEAP:S02,T25,1,9.0,1,1,2,0,exposed,stimulus_relative_context,train,0.1,0.3485595248946829,0.6514404751053171
DEAP:S02:T35,DEAP:S02,T35,0,1.99,1,1,2,0,exposed,stimulus_relative_context,train,0.1,0.5777645302680618,0.42223546973193815
DEAP:S02:T36,DEAP:S02,T36,1,5.04,1,1,2,0,exposed,stimulus_relative_context,train,0.1,0.5688984909333039,0.43110150906669603
DEAP:S05:T01,DEAP:S05,T01,1,6.97,1,1,2,0,exposed,stimulus_relative_context,train,0.1,0.10290769840523672,0.8970923015947633
DEAP:S05:T04,DEAP:S05,T04,1,8.24,1,1,2,0,exposed,stimulus_relative_context,train,0.1,0.03166870726283333,0.9683312927371667
DEAP:S05:T07,DEAP:S05,T07,1,5.12,1,1,2,0,exposed,stimulus_relative_context,train,0.1,0.15425203230332096,0.845747967696679
DEAP:S05:T08,DEAP:S05,T08,1,8.17,1,1,2,0,exposed,stimulus_relative_context,train,0.1,0.0848849265576066,0.9151150734423934
DEAP:S05:T12,DEAP:S05,T12,1,7.08,1,1,2,0,exposed,stimulus_relative_context,train,0.1,0.03157097783821572,0.9684290221617843
DEAP:S05:T13,DEAP:S05,T13,0,4.94,1,1,2,0,exposed,stimulus_relative_context,train,0.1,0.15996790037615127,0.8400320996238487
DEAP:S05:T18,DEAP:S05,T18,1,8.05,1,1,2,0,exposed,stimulus_relative_context,train,0.1,0.0771860405957352,0.9228139594042648
DEAP:S05:T22,DEAP:S05,T22,1,6.99,1,1,2,0,exposed,stimulus_relative_context,train,0.1,0.6375807875488939,0.3624192124511061
DEAP:S05:T23,DEAP:S05,T23,0,1.0,1,1,2,0,exposed,stimulus_relative_context,train,0.1,0.8813917404901807,0.11860825950981939
DEAP:S05:T24,DEAP:S05,T24,0,4.0,1,1,2,0,exposed,stimulus_relative_context,train,0.1,0.6512507083347803,0.3487492916652198
DEAP:S05:T25,DEAP:S05,T25,1,5.96,1,1,2,0,exposed,stimulus_relative_context,train,0.1,0.5460483002041339,0.45395169979586614
DEAP:S05:T26,DEAP:S05,T26,1,7.96,1,1,2,0,exposed,stimulus_relative_context,train,0.1,0.4989780386220186,0.5010219613779814
DEAP:S05:T33,DEAP:S05,T33,1,5.17,1,1,2,0,exposed,stimulus_relative_context,train,0.1,0.5321553838295328,0.4678446161704672
DEAP:S05:T35,DEAP:S05,T35,0,4.86,1,1,2,0,exposed,stimulus_relative_context,train,0.1,0.7508947973661145,0.2491052026338855
DEAP:S05:T36,DEAP:S05,T36,0,4.91,1,1,2,0,exposed,stimulus_relative_context,train,0.1,0.6250911740217504,0.37490882597824954
DEAP:S06:T01,DEAP:S06,T01,1,8.19,1,1,2,0,exposed,stimulus_relative_context,train,0.1,0.0351112884512923,0.9648887115487077
DEAP:S06:T07,DEAP:S06,T07,1,8.26,1,1,2,0,exposed,stimulus_relative_context,train,0.1,0.16336348509362186,0.8366365149063781
DEAP:S06:T08,DEAP:S06,T08,1,7.05,1,1,2,0,exposed,stimulus_relative_context,train,0.1,0.02863662408695955,0.9713633759130404
DEAP:S06:T09,DEAP:S06,T09,1,7.87,1,1,2,0,exposed,stimulus_relative_context,train,0.1,0.046702876589973075,0.9532971234100269
DEAP:S06:T12,DEAP:S06,T12,1,7.17,1,1,2,0,exposed,stimulus_relative_context,train,0.1,0.025258900551764385,0.9747410994482356
DEAP:S06:T13,DEAP:S06,T13,1,7.79,1,1,2,0,exposed,stimulus_relative_context,train,0.1,0.10309973894057756,0.8969002610594224
DEAP:S06:T18,DEAP:S06,T18,1,7.59,1,1,2,0,exposed,stimulus_relative_context,train,0.1,0.054643913500795005,0.945356086499205
DEAP:S06:T22,DEAP:S06,T22,1,7.56,1,1,2,0,exposed,stimulus_relative_context,train,0.1,0.2692046433839822,0.7307953566160178
DEAP:S06:T23,DEAP:S06,T23,0,3.47,1,1,2,0,exposed,stimulus_relative_context,train,0.1,0.8018089730392021,0.19819102696079793
DEAP:S06:T24,DEAP:S06,T24,0,3.5,1,1,2,0,exposed,stimulus_relative_context,train,0.1,0.42058652862986545,0.5794134713701345
DEAP:S06:T25,DEAP:S06,T25,1,7.09,1,1,2,0,exposed,stimulus_relative_context,train,0.1,0.48333555488337776,0.5166644451166222
DEAP:S06:T26,DEAP:S06,T26,1,5.08,1,1,2,0,exposed,stimulus_relative_context,train,0.1,0.2358526243915634,0.7641473756084366
DEAP:S06:T33,DEAP:S06,T33,1,6.68,1,1,2,0,exposed,stimulus_relative_context,train,0.1,0.4544484243235051,0.5455515756764949
DEAP:S06:T35,DEAP:S06,T35,0,3.96,1,1,2,0,exposed,stimulus_relative_context,train,0.1,0.599312446373883,0.400687553626117
DEAP:S06:T36,DEAP:S06,T36,1,5.71,1,1,2,0,exposed,stimulus_relative_context,train,0.1,0.3556789713705961,0.6443210286294039
DEAP:S07:T01,DEAP:S07,T01,1,8.1,1,1,2,0,exposed,stimulus_relative_context,train,0.1,0.09081242817090585,0.9091875718290942
DEAP:S07:T04,DEAP:S07,T04,1,7.08,1,1,2,0,exposed,stimulus_relative_context,train,0.1,0.038849061955862574,0.9611509380441374
DEAP:S07:T07,DEAP:S07,T07,1,7.08,1,1,2,0,exposed,stimulus_relative_context,train,0.1,0.2653811582850346,0.7346188417149654
DEAP:S07:T08,DEAP:S07,T08,1,7.0,1,1,2,0,exposed,stimulus_relative_context,train,0.1,0.05020420683199811,0.9497957931680019
DEAP:S07:T09,DEAP:S07,T09,1,6.99,1,1,2,0,exposed,stimulus_relative_context,train,0.1,0.07408947500653185,0.9259105249934682
DEAP:S07:T12,DEAP:S07,T12,1,6.99,1,1,2,0,exposed,stimulus_relative_context,train,0.1,0.05629496510579812,0.9437050348942019
DEAP:S07:T13,DEAP:S07,T13,1,8.0,1,1,2,0,exposed,stimulus_relative_context,train,0.1,0.176543194815295,0.823456805184705
DEAP:S07:T18,DEAP:S07,T18,1,7.03,1,1,2,0,exposed,stimulus_relative_context,train,0.1,0.10541837583085278,0.8945816241691472
DEAP:S07:T22,DEAP:S07,T22,0,3.05,1,1,2,0,exposed,stimulus_relative_context,train,0.1,0.5025464159864237,0.49745358401357626
DEAP:S07:T24,DEAP:S07,T24,0,1.97,1,1,2,0,exposed,stimulus_relative_context,train,0.1,0.70482324094742,0.29517675905258006
DEAP:S07:T25,DEAP:S07,T25,0,2.99,1,1,2,0,exposed,stimulus_relative_context,train,0.1,0.6569940097237343,0.3430059902762656
DEAP:S07:T26,DEAP:S07,T26,0,2.0,1,1,2,0,exposed,stimulus_relative_context,train,0.1,0.5043804694909964,0.49561953050900365
DEAP:S07:T33,DEAP:S07,T33,0,4.97,1,1,2,0,exposed,stimulus_relative_context,train,0.1,0.5289431056370355,0.4710568943629645
DEAP:S07:T35,DEAP:S07,T35,1,5.01,1,1,2,0,exposed,stimulus_relative_context,train,0.1,0.6711538409780589,0.3288461590219412
DEAP:S07:T36,DEAP:S07,T36,1,8.1,1,1,2,0,exposed,stimulus_relative_context,train,0.1,0.48280076207537603,0.517199237924624
DEAP:S08:T01,DEAP:S08,T01,1,7.6,1,1,2,0,exposed,stimulus_relative_context,train,0.1,0.17908331205957861,0.8209166879404214
DEAP:S08:T04,DEAP:S08,T04,1,6.82,1,1,2,0,exposed,stimulus_relative_context,train,0.1,0.07986707567478413,0.9201329243252159
DEAP:S08:T07,DEAP:S08,T07,1,5.04,1,1,2,0,exposed,stimulus_relative_context,train,0.1,0.48264483759671095,0.517355162403289
DEAP:S08:T08,DEAP:S08,T08,1,8.82,1,1,2,0,exposed,stimulus_relative_context,train,0.1,0.14588160251604643,0.8541183974839536
DEAP:S08:T09,DEAP:S08,T09,1,8.78,1,1,2,0,exposed,stimulus_relative_context,train,0.1,0.1154008800470323,0.8845991199529677
DEAP:S08:T12,DEAP:S08,T12,1,8.47,1,1,2,0,exposed,stimulus_relative_context,train,0.1,0.16098070291586786,0.8390192970841321
DEAP:S08:T13,DEAP:S08,T13,1,7.9,1,1,2,0,exposed,stimulus_relative_context,train,0.1,0.32187781030455864,0.6781221896954414
DEAP:S08:T18,DEAP:S08,T18,1,7.21,1,1,2,0,exposed,stimulus_relative_context,train,0.1,0.20135908405686498,0.798640915943135
DEAP:S08:T22,DEAP:S08,T22,0,4.23,1,1,2,0,exposed,stimulus_relative_context,train,0.1,0.8497582429630647,0.15024175703693535
DEAP:S08:T23,DEAP:S08,T23,0,3.59,1,1,2,0,exposed,stimulus_relative_context,train,0.1,0.9620092120762229,0.037990787923777095
DEAP:S08:T24,DEAP:S08,T24,0,4.15,1,1,2,0,exposed,stimulus_relative_context,train,0.1,0.9255482641139564,0.07445173588604355
DEAP:S08:T25,DEAP:S08,T25,0,3.72,1,1,2,0,exposed,stimulus_relative_context,train,0.1,0.8636561214219369,0.13634387857806302
DEAP:S08:T26,DEAP:S08,T26,0,4.99,1,1,2,0,exposed,stimulus_relative_context,train,0.1,0.7938920643948666,0.20610793560513335
DEAP:S08:T33,DEAP:S08,T33,0,4.44,1,1,2,0,exposed,stimulus_relative_context,train,0.1,0.8022747188836067,0.19772528111639331
DEAP:S08:T35,DEAP:S08,T35,0,3.62,1,1,2,0,exposed,stimulus_relative_context,train,0.1,0.9002350839595746,0.09976491604042537
DEAP:S08:T36,DEAP:S08,T36,0,1.21,1,1,2,0,exposed,stimulus_relative_context,train,0.1,0.7053177164903786,0.29468228350962145
DEAP:S09:T01,DEAP:S09,T01,1,5.05,1,1,2,0,exposed,stimulus_relative_context,train,0.1,0.08407166877739347,0.9159283312226065
DEAP:S09:T04,DEAP:S09,T04,1,5.99,1,1,2,0,exposed,stimulus_relative_context,train,0.1,0.11965870147513946,0.8803412985248605
DEAP:S09:T07,DEAP:S09,T07,1,5.08,1,1,2,0,exposed,stimulus_relative_context,train,0.1,0.29664258941200594,0.7033574105879941
DEAP:S09:T08,DEAP:S09,T08,1,6.15,1,1,2,0,exposed,stimulus_relative_context,train,0.1,0.1610214443333604,0.8389785556666396
DEAP:S09:T09,DEAP:S09,T09,1,5.96,1,1,2,0,exposed,stimulus_relative_context,train,0.1,0.09900233217234411,0.9009976678276559
DEAP:S09:T12,DEAP:S09,T12,1,7.08,1,1,2,0,exposed,stimulus_relative_context,train,0.1,0.05913774355280599,0.940862256447194
DEAP:S09:T13,DEAP:S09,T13,1,8.15,1,1,2,0,exposed,stimulus_relative_context,train,0.1,0.48228938980950653,0.5177106101904935
DEAP:S09:T18,DEAP:S09,T18,0,4.9,1,1,2,0,exposed,stimulus_relative_context,train,0.1,0.3821806604619066,0.6178193395380934
DEAP:S09:T22,DEAP:S09,T22,0,3.99,1,1,2,0,exposed,stimulus_relative_context,train,0.1,0.7363465325025226,0.2636534674974774
DEAP:S09:T24,DEAP:S09,T24,0,4.03,1,1,2,0,exposed,stimulus_relative_context,train,0.1,0.859021128131423,0.14097887186857708
DEAP:S09:T25,DEAP:S09,T25,1,5.04,1,1,2,0,exposed,stimulus_relative_context,train,0.1,0.7602359051880423,0.23976409481195768
DEAP:S09:T26,DEAP:S09,T26,0,4.1,1,1,2,0,exposed,stimulus_relative_context,train,0.1,0.9091683109960427,0.09083168900395731
DEAP:S09:T33,DEAP:S09,T33,0,3.08,1,1,2,0,exposed,stimulus_relative_context,train,0.1,0.9409833929574434,0.05901660704255659
DEAP:S09:T35,DEAP:S09,T35,0,3.01,1,1,2,0,exposed,stimulus_relative_context,train,0.1,0.7773168965581191,0.22268310344188094
DEAP:S09:T36,DEAP:S09,T36,0,3.08,1,1,2,0,exposed,stimulus_relative_context,train,0.1,0.8614197192555083,0.13858028074449166
DEAP:S10:T01,DEAP:S10,T01,1,7.91,1,1,2,0,exposed,stimulus_relative_context,train,0.1,0.14094872550783644,0.8590512744921636
DEAP:S10:T04,DEAP:S10,T04,1,7.01,1,1,2,0,exposed,stimulus_relative_context,train,0.1,0.06056539389793536,0.9394346061020646
DEAP:S10:T07,DEAP:S10,T07,1,8.96,1,1,2,0,exposed,stimulus_relative_context,train,0.1,0.07371797589775719,0.9262820241022428
DEAP:S10:T08,DEAP:S10,T08,1,5.68,1,1,2,0,exposed,stimulus_relative_context,train,0.1,0.24534001212994228,0.7546599878700577
DEAP:S10:T09,DEAP:S10,T09,1,7.56,1,1,2,0,exposed,stimulus_relative_context,train,0.1,0.10700796107403787,0.8929920389259621
DEAP:S10:T22,DEAP:S10,T22,0,4.24,1,1,2,0,exposed,stimulus_relative_context,train,0.1,0.8319912952291586,0.16800870477084143
DEAP:S10:T23,DEAP:S10,T23,0,2.87,1,1,2,0,exposed,stimulus_relative_context,train,0.1,0.9660520970652122,0.03394790293478782
DEAP:S10:T24,DEAP:S10,T24,1,6.82,1,1,2,0,exposed,stimulus_relative_context,train,0.1,0.5881520282962847,0.41184797170371534
DEAP:S10:T25,DEAP:S10,T25,0,1.92,1,1,2,0,exposed,stimulus_relative_context,train,0.1,0.903793490572461,0.09620650942753907
DEAP:S10:T26,DEAP:S10,T26,0,4.95,1,1,2,0,exposed,stimulus_relative_context,train,0.1,0.9282403654619162,0.0717596345380838
DEAP:S10:T33,DEAP:S10,T33,0,4.94,1,1,2,0,exposed,stimulus_relative_context,train,0.1,0.8963796460947722,0.10362035390522785
DEAP:S10:T35,DEAP:S10,T35,0,1.38,1,1,2,0,exposed,stimulus_relative_context,train,0.1,0.9202686098685051,0.07973139013149494
DEAP:S10:T36,DEAP:S10,T36,0,2.17,1,1,2,0,exposed,stimulus_relative_context,train,0.1,0.881241281126335,0.11875871887366501
DEAP:S11:T01,DEAP:S11,T01,1,6.27,1,1,2,0,exposed,stimulus_relative_context,train,0.1,0.11722683248133037,0.8827731675186696
DEAP:S11:T04,DEAP:S11,T04,1,7.65,1,1,2,0,exposed,stimulus_relative_context,train,0.1,0.05621855947367782,0.9437814405263222
DEAP:S11:T07,DEAP:S11,T07,1,6.37,1,1,2,0,exposed,stimulus_relative_context,train,0.1,0.28477263893222193,0.7152273610677781
DEAP:S11:T08,DEAP:S11,T08,1,6.26,1,1,2,0,exposed,stimulus_relative_context,train,0.1,0.11284594102926615,0.8871540589707338
DEAP:S11:T09,DEAP:S11,T09,1,7.04,1,1,2,0,exposed,stimulus_relative_context,train,0.1,0.044301871861472275,0.9556981281385277
DEAP:S11:T13,DEAP:S11,T13,1,8.42,1,1,2,0,exposed,stimulus_relative_context,train,0.1,0.16768829909285077,0.8323117009071492
DEAP:S11:T18,DEAP:S11,T18,1,7.95,1,1,2,0,exposed,stimulus_relative_context,train,0.1,0.04703185444949998,0.9529681455505
DEAP:S11:T22,DEAP:S11,T22,1,6.15,1,1,2,0,exposed,stimulus_relative_context,train,0.1,0.33686229672064927,0.6631377032793507
DEAP:S11:T23,DEAP:S11,T23,0,3.72,1,1,2,0,exposed,stimulus_relative_context,train,0.1,0.859765220433478,0.140234779566522
DEAP:S11:T24,DEAP:S11,T24,0,2.88,1,1,2,0,exposed,stimulus_relative_context,train,0.1,0.7856434451725149,0.21435655482748506
DEAP:S11:T25,DEAP:S11,T25,1,5.01,1,1,2,0,exposed,stimulus_relative_context,train,0.1,0.6120271981427543,0.38797280185724575
DEAP:S11:T26,DEAP:S11,T26,1,5.49,1,1,2,0,exposed,stimulus_relative_context,train,0.1,0.5381412590088586,0.46185874099114144
DEAP:S11:T33,DEAP:S11,T33,1,5.64,1,1,2,0,exposed,stimulus_relative_context,train,0.1,0.766167149137105,0.233832850862895
DEAP:S11:T35,DEAP:S11,T35,0,1.23,1,1,2,0,exposed,stimulus_relative_context,train,0.1,0.697333713749426,0.30266628625057407
DEAP:S11:T36,DEAP:S11,T36,0,3.62,1,1,2,0,exposed,stimulus_relative_context,train,0.1,0.7329946683460933,0.2670053316539068
DEAP:S12:T01,DEAP:S12,T01,1,7.09,1,1,2,0,exposed,stimulus_relative_context,train,0.1,0.14948962517935716,0.8505103748206428
DEAP:S12:T04,DEAP:S12,T04,1,6.86,1,1,2,0,exposed,stimulus_relative_context,train,0.1,0.061074566715816014,0.938925433284184
DEAP:S12:T07,DEAP:S12,T07,1,6.77,1,1,2,0,exposed,stimulus_relative_context,train,0.1,0.3612838804711793,0.6387161195288207
DEAP:S12:T09,DEAP:S12,T09,1,7.95,1,1,2,0,exposed,stimulus_relative_context,train,0.1,0.10124388542058016,0.8987561145794198
DEAP:S12:T12,DEAP:S12,T12,1,6.86,1,1,2,0,exposed,stimulus_relative_context,train,0.1,0.14763089882164648,0.8523691011783535
DEAP:S12:T18,DEAP:S12,T18,1,7.35,1,1,2,0,exposed,stimulus_relative_context,train,0.1,0.255953866373565,0.744046133626435
DEAP:S12:T22,DEAP:S12,T22,0,3.33,1,1,2,0,exposed,stimulus_relative_context,train,0.1,0.7027196735432126,0.2972803264567874
DEAP:S12:T23,DEAP:S12,T23,0,1.74,1,1,2,0,exposed,stimulus_relative_context,train,0.1,0.9239560954572711,0.07604390454272891
DEAP:S12:T24,DEAP:S12,T24,0,2.79,1,1,2,0,exposed,stimulus_relative_context,train,0.1,0.7999224766987388,0.2000775233012612
DEAP:S12:T25,DEAP:S12,T25,0,2.78,1,1,2,0,exposed,stimulus_relative_context,train,0.1,0.7556144706204238,0.24438552937957625
DEAP:S12:T26,DEAP:S12,T26,1,6.08,1,1,2,0,exposed,stimulus_relative_context,train,0.1,0.7199140393338301,0.2800859606661698
DEAP:S12:T33,DEAP:S12,T33,0,1.9,1,1,2,0,exposed,stimulus_relative_context,train,0.1,0.6842655594685063,0.3157344405314937
DEAP:S12:T35,DEAP:S12,T35,0,1.22,1,1,2,0,exposed,stimulus_relative_context,train,0.1,0.8419129759909847,0.15808702400901536
DEAP:S12:T36,DEAP:S12,T36,0,2.82,1,1,2,0,exposed,stimulus_relative_context,train,0.1,0.7362025473715685,0.26379745262843146
DEAP:S13:T01,DEAP:S13,T01,1,6.15,1,1,2,0,exposed,stimulus_relative_context,train,0.1,0.280468277485006,0.719531722514994
DEAP:S13:T04,DEAP:S13,T04,1,7.08,1,1,2,0,exposed,stimulus_relative_context,train,0.1,0.018761984780286345,0.9812380152197137
DEAP:S13:T07,DEAP:S13,T07,0,2.99,1,1,2,0,exposed,stimulus_relative_context,train,0.1,0.39247154911466364,0.6075284508853364
DEAP:S13:T08,DEAP:S13,T08,1,7.99,1,1,2,0,exposed,stimulus_relative_context,train,0.1,0.15866601863435903,0.841333981365641
DEAP:S13:T09,DEAP:S13,T09,1,7.06,1,1,2,0,exposed,stimulus_relative_context,train,0.1,0.05793079587245609,0.9420692041275439
DEAP:S13:T12,DEAP:S13,T12,1,5.08,1,1,2,0,exposed,stimulus_relative_context,train,0.1,0.1158784871950127,0.8841215128049873
DEAP:S13:T13,DEAP:S13,T13,1,9.0,1,1,2,0,exposed,stimulus_relative_context,train,0.1,0.29120019295953914,0.7087998070404609
DEAP:S13:T18,DEAP:S13,T18,1,7.94,1,1,2,0,exposed,stimulus_relative_context,train,0.1,0.07981547351826757,0.9201845264817324
DEAP:S13:T22,DEAP:S13,T22,0,4.01,1,1,2,0,exposed,stimulus_relative_context,train,0.1,0.7979970484849267,0.2020029515150733
DEAP:S13:T23,DEAP:S13,T23,0,1.0,1,1,2,0,exposed,stimulus_relative_context,train,0.1,0.9430410184992652,0.056958981500734716
DEAP:S13:T24,DEAP:S13,T24,0,2.97,1,1,2,0,exposed,stimulus_relative_context,train,0.1,0.8833606766937481,0.11663932330625187
DEAP:S13:T25,DEAP:S13,T25,0,3.97,1,1,2,0,exposed,stimulus_relative_context,train,0.1,0.7652133569183972,0.23478664308160282
DEAP:S13:T33,DEAP:S13,T33,0,4.55,1,1,2,0,exposed,stimulus_relative_context,train,0.1,0.8302175858059336,0.1697824141940664
DEAP:S13:T35,DEAP:S13,T35,0,1.0,1,1,2,0,exposed,stimulus_relative_context,train,0.1,0.8990288949318218,0.1009711050681782
DEAP:S13:T36,DEAP:S13,T36,0,2.54,1,1,2,0,exposed,stimulus_relative_context,train,0.1,0.8247987989672663,0.17520120103273373
DEAP:S14:T01,DEAP:S14,T01,1,8.22,1,1,2,0,exposed,stimulus_relative_context,train,0.1,0.20996221874107102,0.790037781258929
DEAP:S14:T04,DEAP:S14,T04,1,7.38,1,1,2,0,exposed,stimulus_relative_context,train,0.1,0.08750312276120398,0.912496877238796
DEAP:S14:T07,DEAP:S14,T07,1,6.85,1,1,2,0,exposed,stimulus_relative_context,train,0.1,0.43569517283419823,0.5643048271658018
DEAP:S14:T08,DEAP:S14,T08,1,7.0,1,1,2,0,exposed,stimulus_relative_context,train,0.1,0.12972965446111695,0.870270345538883
DEAP:S14:T12,DEAP:S14,T12,1,7.63,1,1,2,0,exposed,stimulus_relative_context,train,0.1,0.15116246686807577,0.8488375331319242
DEAP:S14:T13,DEAP:S14,T13,1,6.79,1,1,2,0,exposed,stimulus_relative_context,train,0.1,0.4542946568433872,0.5457053431566128
DEAP:S14:T18,DEAP:S14,T18,1,8.09,1,1,2,0,exposed,stimulus_relative_context,train,0.1,0.23165347365897615,0.7683465263410238
DEAP:S14:T22,DEAP:S14,T22,0,4.1,1,1,2,0,exposed,stimulus_relative_context,train,0.1,0.7200180635636577,0.2799819364363422
DEAP:S14:T23,DEAP:S14,T23,0,2.41,1,1,2,0,exposed,stimulus_relative_context,train,0.1,0.9740887287796428,0.025911271220357236
DEAP:S14:T24,DEAP:S14,T24,0,2.36,1,1,2,0,exposed,stimulus_relative_context,train,0.1,0.8922802720553694,0.10771972794463056
DEAP:S14:T25,DEAP:S14,T25,0,3.87,1,1,2,0,exposed,stimulus_relative_context,train,0.1,0.7992764139040271,0.2007235860959729
DEAP:S14:T26,DEAP:S14,T26,0,3.28,1,1,2,0,exposed,stimulus_relative_context,train,0.1,0.8055211694871258,0.19447883051287418
DEAP:S14:T33,DEAP:S14,T33,0,3.18,1,1,2,0,exposed,stimulus_relative_context,train,0.1,0.8394220416175754,0.1605779583824246
DEAP:S14:T35,DEAP:S14,T35,0,2.68,1,1,2,0,exposed,stimulus_relative_context,train,0.1,0.9250054623268285,0.07499453767317149
DEAP:S14:T36,DEAP:S14,T36,0,2.01,1,1,2,0,exposed,stimulus_relative_context,train,0.1,0.8534916126480727,0.14650838735192728
DEAP:S15:T01,DEAP:S15,T01,1,8.9,1,1,2,0,exposed,stimulus_relative_context,train,0.1,0.13942354966321757,0.8605764503367824
DEAP:S15:T07,DEAP:S15,T07,1,5.04,1,1,2,0,exposed,stimulus_relative_context,train,0.1,0.2275641215182761,0.7724358784817239
DEAP:S15:T08,DEAP:S15,T08,1,9.0,1,1,2,0,exposed,stimulus_relative_context,train,0.1,0.15201530518003648,0.8479846948199635
DEAP:S15:T09,DEAP:S15,T09,1,9.0,1,1,2,0,exposed,stimulus_relative_context,train,0.1,0.1461668848369364,0.8538331151630636
DEAP:S15:T12,DEAP:S15,T12,1,7.08,1,1,2,0,exposed,stimulus_relative_context,train,0.1,0.1719386018008865,0.8280613981991135
DEAP:S15:T13,DEAP:S15,T13,1,7.06,1,1,2,0,exposed,stimulus_relative_context,train,0.1,0.4193584506902698,0.5806415493097302
DEAP:S15:T18,DEAP:S15,T18,1,7.04,1,1,2,0,exposed,stimulus_relative_context,train,0.1,0.15869162627956468,0.8413083737204353
DEAP:S15:T22,DEAP:S15,T22,0,4.12,1,1,2,0,exposed,stimulus_relative_context,train,0.1,0.7541481020884147,0.24585189791158538
DEAP:S15:T23,DEAP:S15,T23,0,3.05,1,1,2,0,exposed,stimulus_relative_context,train,0.1,0.960308121060249,0.039691878939751055
DEAP:S15:T24,DEAP:S15,T24,0,1.92,1,1,2,0,exposed,stimulus_relative_context,train,0.1,0.7911962578852841,0.20880374211471586
DEAP:S15:T25,DEAP:S15,T25,0,2.96,1,1,2,0,exposed,stimulus_relative_context,train,0.1,0.6460259548495156,0.35397404515048436
DEAP:S15:T26,DEAP:S15,T26,0,4.96,1,1,2,0,exposed,stimulus_relative_context,train,0.1,0.8003629015246758,0.19963709847532415
DEAP:S15:T33,DEAP:S15,T33,0,3.01,1,1,2,0,exposed,stimulus_relative_context,train,0.1,0.9091602364331975,0.09083976356680248
DEAP:S15:T35,DEAP:S15,T35,1,5.05,1,1,2,0,exposed,stimulus_relative_context,train,0.1,0.6983218426497221,0.3016781573502779
DEAP:S15:T36,DEAP:S15,T36,0,3.96,1,1,2,0,exposed,stimulus_relative_context,train,0.1,0.7130849691293224,0.28691503087067766
DEAP:S16:T01,DEAP:S16,T01,0,2.51,1,1,2,0,exposed,stimulus_relative_context,train,0.1,0.550325481423902,0.4496745185760979
DEAP:S16:T04,DEAP:S16,T04,1,7.09,1,1,2,0,exposed,stimulus_relative_context,train,0.1,0.242220595234236,0.757779404765764
DEAP:S16:T07,DEAP:S16,T07,1,6.83,1,1,2,0,exposed,stimulus_relative_context,train,0.1,0.5211103986324934,0.4788896013675066
DEAP:S16:T08,DEAP:S16,T08,0,3.51,1,1,2,0,exposed,stimulus_relative_context,train,0.1,0.28294622173698203,0.717053778263018
DEAP:S16:T09,DEAP:S16,T09,0,4.18,1,1,2,0,exposed,stimulus_relative_context,train,0.1,0.3217625611260221,0.6782374388739779
DEAP:S16:T12,DEAP:S16,T12,1,5.97,1,1,2,0,exposed,stimulus_relative_context,train,0.1,0.3891648048932712,0.6108351951067288
DEAP:S16:T13,DEAP:S16,T13,0,3.88,1,1,2,0,exposed,stimulus_relative_context,train,0.1,0.6522865961921511,0.3477134038078488
DEAP:S16:T23,DEAP:S16,T23,0,3.9,1,1,2,0,exposed,stimulus_relative_context,train,0.1,0.9838881958485098,0.0161118041514902
DEAP:S16:T24,DEAP:S16,T24,0,2.51,1,1,2,0,exposed,stimulus_relative_context,train,0.1,0.9707811008746586,0.02921889912534134
DEAP:S16:T25,DEAP:S16,T25,0,2.47,1,1,2,0,exposed,stimulus_relative_context,train,0.1,0.9477024531738134,0.05229754682618655
DEAP:S16:T26,DEAP:S16,T26,0,1.82,1,1,2,0,exposed,stimulus_relative_context,train,0.1,0.9001438056905626,0.09985619430943743
DEAP:S16:T33,DEAP:S16,T33,0,1.0,1,1,2,0,exposed,stimulus_relative_context,train,0.1,0.9433704034087226,0.05662959659127745
DEAP:S16:T35,DEAP:S16,T35,0,1.0,1,1,2,0,exposed,stimulus_relative_context,train,0.1,0.9646771592167076,0.03532284078329242
DEAP:S16:T36,DEAP:S16,T36,1,5.05,1,1,2,0,exposed,stimulus_relative_context,train,0.1,0.9312350452607776,0.06876495473922241
DEAP:S17:T01,DEAP:S17,T01,0,4.05,1,1,2,0,exposed,stimulus_relative_context,train,0.1,0.27533108992974975,0.7246689100702502
DEAP:S17:T04,DEAP:S17,T04,1,6.35,1,1,2,0,exposed,stimulus_relative_context,train,0.1,0.11900051642163811,0.8809994835783619
DEAP:S17:T07,DEAP:S17,T07,1,7.08,1,1,2,0,exposed,stimulus_relative_context,train,0.1,0.4268814644807051,0.5731185355192949
DEAP:S17:T08,DEAP:S17,T08,1,6.05,1,1,2,0,exposed,stimulus_relative_context,train,0.1,0.3539065745895502,0.6460934254104498
DEAP:S17:T09,DEAP:S17,T09,1,6.04,1,1,2,0,exposed,stimulus_relative_context,train,0.1,0.25961248471448484,0.7403875152855152
DEAP:S17:T12,DEAP:S17,T12,1,5.96,1,1,2,0,exposed,stimulus_relative_context,train,0.1,0.19715537579621123,0.8028446242037888
DEAP:S17:T13,DEAP:S17,T13,0,4.54,1,1,2,0,exposed,stimulus_relative_context,train,0.1,0.6073896457362501,0.3926103542637499
DEAP:S17:T18,DEAP:S17,T18,1,6.22,1,1,2,0,exposed,stimulus_relative_context,train,0.1,0.2967899932013067,0.7032100067986933
DEAP:S17:T22,DEAP:S17,T22,0,3.19,1,1,2,0,exposed,stimulus_relative_context,train,0.1,0.8590415386435839,0.14095846135641604
DEAP:S17:T23,DEAP:S17,T23,0,3.62,1,1,2,0,exposed,stimulus_relative_context,train,0.1,0.9765246986443509,0.02347530135564908
DEAP:S17:T24,DEAP:S17,T24,0,4.53,1,1,2,0,exposed,stimulus_relative_context,train,0.1,0.9022405261075411,0.09775947389245884
DEAP:S17:T25,DEAP:S17,T25,1,6.18,1,1,2,0,exposed,stimulus_relative_context,train,0.1,0.9148559076474744,0.08514409235252558
DEAP:S17:T26,DEAP:S17,T26,0,3.73,1,1,2,0,exposed,stimulus_relative_context,train,0.1,0.8574610187301434,0.14253898126985665
DEAP:S17:T33,DEAP:S17,T33,0,3.83,1,1,2,0,exposed,stimulus_relative_context,train,0.1,0.8896414039733243,0.11035859602667579
DEAP:S17:T35,DEAP:S17,T35,0,4.17,1,1,2,0,exposed,stimulus_relative_context,train,0.1,0.903296017755637,0.09670398224436304
DEAP:S17:T36,DEAP:S17,T36,0,3.37,1,1,2,0,exposed,stimulus_relative_context,train,0.1,0.7856069402339174,0.21439305976608256
DEAP:S18:T04,DEAP:S18,T04,1,6.65,1,1,2,0,exposed,stimulus_relative_context,train,0.1,0.02775492874491603,0.972245071255084
DEAP:S18:T07,DEAP:S18,T07,1,7.33,1,1,2,0,exposed,stimulus_relative_context,train,0.1,0.1448653418478444,0.8551346581521556
DEAP:S18:T09,DEAP:S18,T09,1,6.55,1,1,2,0,exposed,stimulus_relative_context,train,0.1,0.04946255785054354,0.9505374421494565
DEAP:S18:T12,DEAP:S18,T12,1,5.55,1,1,2,0,exposed,stimulus_relative_context,train,0.1,0.06829058653860964,0.9317094134613904
DEAP:S18:T13,DEAP:S18,T13,1,7.33,1,1,2,0,exposed,stimulus_relative_context,train,0.1,0.2056724370417622,0.7943275629582378
DEAP:S18:T18,DEAP:S18,T18,1,7.05,1,1,2,0,exposed,stimulus_relative_context,train,0.1,0.04753121143181782,0.9524687885681822
DEAP:S18:T22,DEAP:S18,T22,1,5.69,1,1,2,0,exposed,stimulus_relative_context,train,0.1,0.5830465901223141,0.416953409877686
DEAP:S18:T23,DEAP:S18,T23,0,3.71,1,1,2,0,exposed,stimulus_relative_context,train,0.1,0.877089124361226,0.12291087563877406
DEAP:S18:T24,DEAP:S18,T24,0,3.22,1,1,2,0,exposed,stimulus_relative_context,train,0.1,0.7306664579797856,0.2693335420202144
DEAP:S18:T25,DEAP:S18,T25,0,4.23,1,1,2,0,exposed,stimulus_relative_context,train,0.1,0.6360548100651753,0.3639451899348247
DEAP:S18:T33,DEAP:S18,T33,0,4.56,1,1,2,0,exposed,stimulus_relative_context,train,0.1,0.5693854463504662,0.4306145536495339
DEAP:S18:T35,DEAP:S18,T35,1,5.12,1,1,2,0,exposed,stimulus_relative_context,train,0.1,0.7146287575348349,0.28537124246516515
DEAP:S18:T36,DEAP:S18,T36,1,5.24,1,1,2,0,exposed,stimulus_relative_context,train,0.1,0.55867950822069,0.44132049177931
DEAP:S19:T01,DEAP:S19,T01,1,7.44,1,1,2,0,exposed,stimulus_relative_context,train,0.1,0.18217194415628923,0.8178280558437108
DEAP:S19:T04,DEAP:S19,T04,1,5.77,1,1,2,0,exposed,stimulus_relative_context,train,0.1,0.06881466050656881,0.9311853394934312
DEAP:S19:T07,DEAP:S19,T07,1,6.64,1,1,2,0,exposed,stimulus_relative_context,train,0.1,0.24343326092947437,0.7565667390705256
DEAP:S19:T08,DEAP:S19,T08,1,7.44,1,1,2,0,exposed,stimulus_relative_context,train,0.1,0.07619280565311115,0.9238071943468888
DEAP:S19:T12,DEAP:S19,T12,1,6.26,1,1,2,0,exposed,stimulus_relative_context,train,0.1,0.10162566591407374,0.8983743340859263
DEAP:S19:T13,DEAP:S19,T13,1,7.53,1,1,2,0,exposed,stimulus_relative_context,train,0.1,0.326570906058279,0.673429093941721
DEAP:S19:T18,DEAP:S19,T18,1,7.77,1,1,2,0,exposed,stimulus_relative_context,train,0.1,0.191120288012381,0.808879711987619
DEAP:S19:T22,DEAP:S19,T22,1,5.04,1,1,2,0,exposed,stimulus_relative_context,train,0.1,0.8115214893881992,0.18847851061180082
DEAP:S19:T23,DEAP:S19,T23,0,3.77,1,1,2,0,exposed,stimulus_relative_context,train,0.1,0.9697732415729305,0.03022675842706942
DEAP:S19:T24,DEAP:S19,T24,0,3.23,1,1,2,0,exposed,stimulus_relative_context,train,0.1,0.7879989350808816,0.21200106491911846
DEAP:S19:T25,DEAP:S19,T25,0,2.19,1,1,2,0,exposed,stimulus_relative_context,train,0.1,0.7799682485363336,0.22003175146366635
DEAP:S19:T26,DEAP:S19,T26,0,4.95,1,1,2,0,exposed,stimulus_relative_context,train,0.1,0.745848933538307,0.254151066461693
DEAP:S19:T33,DEAP:S19,T33,0,3.4,1,1,2,0,exposed,stimulus_relative_context,train,0.1,0.7091403330482202,0.2908596669517797
DEAP:S19:T35,DEAP:S19,T35,0,3.21,1,1,2,0,exposed,stimulus_relative_context,train,0.1,0.8417554256214096,0.1582445743785904
DEAP:S19:T36,DEAP:S19,T36,0,3.71,1,1,2,0,exposed,stimulus_relative_context,train,0.1,0.8200085620726607,0.17999143792733927
DEAP:S24:T01,DEAP:S24,T01,1,7.06,1,1,2,0,exposed,stimulus_relative_context,train,0.1,0.2153810945409309,0.7846189054590691
DEAP:S24:T04,DEAP:S24,T04,1,6.05,1,1,2,0,exposed,stimulus_relative_context,train,0.1,0.07751499335512446,0.9224850066448755
DEAP:S24:T07,DEAP:S24,T07,0,3.04,1,1,2,0,exposed,stimulus_relative_context,train,0.1,0.486152456582863,0.513847543417137
DEAP:S24:T08,DEAP:S24,T08,1,7.03,1,1,2,0,exposed,stimulus_relative_context,train,0.1,0.16665566602653548,0.8333443339734645
DEAP:S24:T12,DEAP:S24,T12,1,7.04,1,1,2,0,exposed,stimulus_relative_context,train,0.1,0.18140820487819165,0.8185917951218084
DEAP:S24:T13,DEAP:S24,T13,1,8.0,1,1,2,0,exposed,stimulus_relative_context,train,0.1,0.3780159135856621,0.6219840864143379
DEAP:S24:T18,DEAP:S24,T18,1,8.96,1,1,2,0,exposed,stimulus_relative_context,train,0.1,0.13543784060612485,0.8645621593938752
DEAP:S24:T22,DEAP:S24,T22,0,3.03,1,1,2,0,exposed,stimulus_relative_context,train,0.1,0.70563777603641,0.29436222396359
DEAP:S24:T23,DEAP:S24,T23,0,1.0,1,1,2,0,exposed,stimulus_relative_context,train,0.1,0.9188620414010708,0.08113795859892925
DEAP:S24:T24,DEAP:S24,T24,0,2.99,1,1,2,0,exposed,stimulus_relative_context,train,0.1,0.9084111532979788,0.09158884670202116
DEAP:S24:T25,DEAP:S24,T25,0,3.12,1,1,2,0,exposed,stimulus_relative_context,train,0.1,0.8725097223685422,0.12749027763145784
DEAP:S24:T26,DEAP:S24,T26,0,4.05,1,1,2,0,exposed,stimulus_relative_context,train,0.1,0.7749287975445269,0.2250712024554731
DEAP:S24:T33,DEAP:S24,T33,1,5.01,1,1,2,0,exposed,stimulus_relative_context,train,0.1,0.8347120175858971,0.16528798241410297
DEAP:S24:T35,DEAP:S24,T35,0,4.05,1,1,2,0,exposed,stimulus_relative_context,train,0.1,0.9232824868638536,0.07671751313614639
DEAP:S24:T36,DEAP:S24,T36,0,4.0,1,1,2,0,exposed,stimulus_relative_context,train,0.1,0.8186198912494567,0.1813801087505433
DEAP:S25:T01,DEAP:S25,T01,1,8.06,1,1,2,0,exposed,stimulus_relative_context,train,0.1,0.29350188742848726,0.7064981125715127
DEAP:S25:T07,DEAP:S25,T07,1,6.08,1,1,2,0,exposed,stimulus_relative_context,train,0.1,0.36682745265583083,0.6331725473441692
DEAP:S25:T08,DEAP:S25,T08,1,8.04,1,1,2,0,exposed,stimulus_relative_context,train,0.1,0.13806141630474567,0.8619385836952543
DEAP:S25:T09,DEAP:S25,T09,1,8.09,1,1,2,0,exposed,stimulus_relative_context,train,0.1,0.14828450422363593,0.8517154957763641
DEAP:S25:T12,DEAP:S25,T12,1,8.04,1,1,2,0,exposed,stimulus_relative_context,train,0.1,0.12049527757697842,0.8795047224230216
DEAP:S25:T13,DEAP:S25,T13,1,7.97,1,1,2,0,exposed,stimulus_relative_context,train,0.1,0.37601618308423,0.62398381691577
DEAP:S25:T18,DEAP:S25,T18,0,3.04,1,1,2,0,exposed,stimulus_relative_context,train,0.1,0.16189658116300587,0.8381034188369941
DEAP:S25:T22,DEAP:S25,T22,1,8.03,1,1,2,0,exposed,stimulus_relative_context,train,0.1,0.7072147756054694,0.29278522439453053
DEAP:S25:T23,DEAP:S25,T23,0,2.01,1,1,2,0,exposed,stimulus_relative_context,train,0.1,0.9679280031121912,0.032071996887808846
DEAP:S25:T24,DEAP:S25,T24,0,3.05,1,1,2,0,exposed,stimulus_relative_context,train,0.1,0.8482731990877802,0.1517268009122198
DEAP:S25:T25,DEAP:S25,T25,0,4.96,1,1,2,0,exposed,stimulus_relative_context,train,0.1,0.792007966162665,0.207992033837335
DEAP:S25:T26,DEAP:S25,T26,0,4.99,1,1,2,0,exposed,stimulus_relative_context,train,0.1,0.7028047782045265,0.29719522179547353
DEAP:S25:T33,DEAP:S25,T33,0,1.94,1,1,2,0,exposed,stimulus_relative_context,train,0.1,0.8162808507278212,0.1837191492721788
DEAP:S25:T35,DEAP:S25,T35,0,3.03,1,1,2,0,exposed,stimulus_relative_context,train,0.1,0.8000811276832988,0.19991887231670125
DEAP:S25:T36,DEAP:S25,T36,0,3.0,1,1,2,0,exposed,stimulus_relative_context,train,0.1,0.7771893713632335,0.22281062863676648
DEAP:S26:T01,DEAP:S26,T01,1,7.97,1,1,2,0,exposed,stimulus_relative_context,train,0.1,0.13319713504486885,0.8668028649551311
DEAP:S26:T04,DEAP:S26,T04,1,8.03,1,1,2,0,exposed,stimulus_relative_context,train,0.1,0.025375516125735187,0.9746244838742648
DEAP:S26:T08,DEAP:S26,T08,1,8.01,1,1,2,0,exposed,stimulus_relative_context,train,0.1,0.02133963480937584,0.9786603651906242
DEAP:S26:T09,DEAP:S26,T09,1,8.05,1,1,2,0,exposed,stimulus_relative_context,train,0.1,0.0403661354618271,0.9596338645381729
DEAP:S26:T12,DEAP:S26,T12,1,7.04,1,1,2,0,exposed,stimulus_relative_context,train,0.1,0.049854205474673674,0.9501457945253263
DEAP:S26:T13,DEAP:S26,T13,1,7.12,1,1,2,0,exposed,stimulus_relative_context,train,0.1,0.102988309629365,0.897011690370635
DEAP:S26:T18,DEAP:S26,T18,1,9.0,1,1,2,0,exposed,stimulus_relative_context,train,0.1,0.03129095833769657,0.9687090416623034
DEAP:S26:T23,DEAP:S26,T23,0,2.28,1,1,2,0,exposed,stimulus_relative_context,train,0.1,0.85180585133618,0.14819414866382
DEAP:S26:T24,DEAP:S26,T24,1,9.0,1,1,2,0,exposed,stimulus_relative_context,train,0.1,0.6688856577045372,0.3311143422954628
DEAP:S26:T25,DEAP:S26,T25,1,7.14,1,1,2,0,exposed,stimulus_relative_context,train,0.1,0.5912762679827345,0.40872373201726553
DEAP:S26:T26,DEAP:S26,T26,1,5.05,1,1,2,0,exposed,stimulus_relative_context,train,0.1,0.28040674314527647,0.7195932568547235
DEAP:S26:T33,DEAP:S26,T33,0,1.0,1,1,2,0,exposed,stimulus_relative_context,train,0.1,0.5708602816464365,0.4291397183535635
DEAP:S26:T35,DEAP:S26,T35,0,2.97,1,1,2,0,exposed,stimulus_relative_context,train,0.1,0.6126883668323639,0.3873116331676361
DEAP:S26:T36,DEAP:S26,T36,0,2.92,1,1,2,0,exposed,stimulus_relative_context,train,0.1,0.4870262373406766,0.5129737626593234
DEAP:S27:T01,DEAP:S27,T01,1,6.03,1,1,2,0,exposed,stimulus_relative_context,train,0.1,0.06831215642175381,0.9316878435782462
DEAP:S27:T07,DEAP:S27,T07,0,4.94,1,1,2,0,exposed,stimulus_relative_context,train,0.1,0.14626356592944856,0.8537364340705514
DEAP:S27:T08,DEAP:S27,T08,1,8.24,1,1,2,0,exposed,stimulus_relative_context,train,0.1,0.041086281451466866,0.9589137185485331
DEAP:S27:T09,DEAP:S27,T09,1,8.99,1,1,2,0,exposed,stimulus_relative_context,train,0.1,0.06278813759465462,0.9372118624053454
DEAP:S27:T12,DEAP:S27,T12,0,4.18,1,1,2,0,exposed,stimulus_relative_context,train,0.1,0.042789765074867314,0.9572102349251327
DEAP:S27:T13,DEAP:S27,T13,1,7.01,1,1,2,0,exposed,stimulus_relative_context,train,0.1,0.15374588149394375,0.8462541185060563
DEAP:S27:T18,DEAP:S27,T18,1,9.0,1,1,2,0,exposed,stimulus_relative_context,train,0.1,0.05840377386159257,0.9415962261384074
DEAP:S27:T22,DEAP:S27,T22,1,7.29,1,1,2,0,exposed,stimulus_relative_context,train,0.1,0.43673426084513634,0.5632657391548637
DEAP:S27:T23,DEAP:S27,T23,1,8.0,1,1,2,0,exposed,stimulus_relative_context,train,0.1,0.9059582210005805,0.09404177899941943
DEAP:S27:T24,DEAP:S27,T24,1,8.9,1,1,2,0,exposed,stimulus_relative_context,train,0.1,0.5501412946697405,0.4498587053302595
DEAP:S27:T25,DEAP:S27,T25,0,4.0,1,1,2,0,exposed,stimulus_relative_context,train,0.1,0.517604309671013,0.482395690328987
DEAP:S27:T26,DEAP:S27,T26,1,5.04,1,1,2,0,exposed,stimulus_relative_context,train,0.1,0.45127885831334713,0.5487211416866529
DEAP:S27:T33,DEAP:S27,T33,1,5.04,1,1,2,0,exposed,stimulus_relative_context,train,0.1,0.5237479234503234,0.4762520765496766
DEAP:S27:T35,DEAP:S27,T35,0,1.0,1,1,2,0,exposed,stimulus_relative_context,train,0.1,0.5980600577527806,0.40193994224721935
DEAP:S27:T36,DEAP:S27,T36,1,6.13,1,1,2,0,exposed,stimulus_relative_context,train,0.1,0.507515768920487,0.49248423107951295
DEAP:S28:T01,DEAP:S28,T01,1,7.03,1,1,2,0,exposed,stimulus_relative_context,train,0.1,0.09606475602616793,0.9039352439738321
DEAP:S28:T04,DEAP:S28,T04,1,8.08,1,1,2,0,exposed,stimulus_relative_context,train,0.1,0.06100061886051866,0.9389993811394813
DEAP:S28:T07,DEAP:S28,T07,1,8.09,1,1,2,0,exposed,stimulus_relative_context,train,0.1,0.18542196862811655,0.8145780313718834
DEAP:S28:T08,DEAP:S28,T08,1,7.01,1,1,2,0,exposed,stimulus_relative_context,train,0.1,0.06647015488849706,0.9335298451115029
DEAP:S28:T09,DEAP:S28,T09,1,5.04,1,1,2,0,exposed,stimulus_relative_context,train,0.1,0.0727787397010432,0.9272212602989568
DEAP:S28:T12,DEAP:S28,T12,1,6.06,1,1,2,0,exposed,stimulus_relative_context,train,0.1,0.09984407091196601,0.900155929088034
DEAP:S28:T13,DEAP:S28,T13,0,2.09,1,1,2,0,exposed,stimulus_relative_context,train,0.1,0.32206049767210787,0.6779395023278921
DEAP:S28:T18,DEAP:S28,T18,1,8.08,1,1,2,0,exposed,stimulus_relative_context,train,0.1,0.10669229650959233,0.8933077034904077
DEAP:S28:T22,DEAP:S28,T22,1,5.03,1,1,2,0,exposed,stimulus_relative_context,train,0.1,0.6701492327602838,0.3298507672397161
DEAP:S28:T23,DEAP:S28,T23,0,2.03,1,1,2,0,exposed,stimulus_relative_context,train,0.1,0.9428449832338488,0.05715501676615116
DEAP:S28:T24,DEAP:S28,T24,0,4.04,1,1,2,0,exposed,stimulus_relative_context,train,0.1,0.8214673690254712,0.17853263097452876
DEAP:S28:T25,DEAP:S28,T25,0,4.06,1,1,2,0,exposed,stimulus_relative_context,train,0.1,0.7242286166628051,0.2757713833371948
DEAP:S28:T26,DEAP:S28,T26,0,1.99,1,1,2,0,exposed,stimulus_relative_context,train,0.1,0.7095664588659365,0.2904335411340635
DEAP:S28:T33,DEAP:S28,T33,1,7.01,1,1,2,0,exposed,stimulus_relative_context,train,0.1,0.7050863981873667,0.29491360181263326
DEAP:S28:T35,DEAP:S28,T35,0,1.08,1,1,2,0,exposed,stimulus_relative_context,train,0.1,0.8196264503092368,0.18037354969076325
DEAP:S28:T36,DEAP:S28,T36,0,3.08,1,1,2,0,exposed,stimulus_relative_context,train,0.1,0.7928538910916678,0.2071461089083322
DEAP:S29:T01,DEAP:S29,T01,1,6.06,1,1,2,0,exposed,stimulus_relative_context,train,0.1,0.1612429213697848,0.8387570786302152
DEAP:S29:T04,DEAP:S29,T04,1,7.17,1,1,2,0,exposed,stimulus_relative_context,train,0.1,0.05957982974257203,0.940420170257428
DEAP:S29:T07,DEAP:S29,T07,1,7.04,1,1,2,0,exposed,stimulus_relative_context,train,0.1,0.4136836665837228,0.5863163334162772
DEAP:S29:T08,DEAP:S29,T08,1,7.04,1,1,2,0,exposed,stimulus_relative_context,train,0.1,0.20144413419911433,0.7985558658008857
DEAP:S29:T09,DEAP:S29,T09,1,7.06,1,1,2,0,exposed,stimulus_relative_context,train,0.1,0.17365285522796103,0.826347144772039
DEAP:S29:T12,DEAP:S29,T12,1,6.04,1,1,2,0,exposed,stimulus_relative_context,train,0.1,0.1486426521691533,0.8513573478308467
DEAP:S29:T13,DEAP:S29,T13,1,6.06,1,1,2,0,exposed,stimulus_relative_context,train,0.1,0.2507640262682953,0.7492359737317047
DEAP:S29:T18,DEAP:S29,T18,1,7.01,1,1,2,0,exposed,stimulus_relative_context,train,0.1,0.16139091890183144,0.8386090810981686
DEAP:S29:T22,DEAP:S29,T22,0,3.05,1,1,2,0,exposed,stimulus_relative_context,train,0.1,0.7002043421536526,0.2997956578463475
DEAP:S29:T23,DEAP:S29,T23,0,2.05,1,1,2,0,exposed,stimulus_relative_context,train,0.1,0.947814366466905,0.05218563353309504
DEAP:S29:T24,DEAP:S29,T24,0,4.12,1,1,2,0,exposed,stimulus_relative_context,train,0.1,0.8036378385121796,0.19636216148782043
DEAP:S29:T25,DEAP:S29,T25,0,3.03,1,1,2,0,exposed,stimulus_relative_context,train,0.1,0.7833581075836764,0.21664189241632362
DEAP:S29:T26,DEAP:S29,T26,0,3.0,1,1,2,0,exposed,stimulus_relative_context,train,0.1,0.6817901166789084,0.31820988332109157
DEAP:S29:T33,DEAP:S29,T33,0,1.99,1,1,2,0,exposed,stimulus_relative_context,train,0.1,0.6770156385869883,0.3229843614130116
DEAP:S29:T35,DEAP:S29,T35,0,1.92,1,1,2,0,exposed,stimulus_relative_context,train,0.1,0.8085232851516372,0.1914767148483628
DEAP:S29:T36,DEAP:S29,T36,1,5.03,1,1,2,0,exposed,stimulus_relative_context,train,0.1,0.7434600778889031,0.2565399221110969
DEAP:S30:T01,DEAP:S30,T01,1,5.04,1,1,2,0,exposed,stimulus_relative_context,train,0.1,0.10747736967244947,0.8925226303275505
DEAP:S30:T04,DEAP:S30,T04,1,7.04,1,1,2,0,exposed,stimulus_relative_context,train,0.1,0.04744164434881781,0.9525583556511822
DEAP:S30:T07,DEAP:S30,T07,0,4.05,1,1,2,0,exposed,stimulus_relative_context,train,0.1,0.3174636118590224,0.6825363881409776
DEAP:S30:T08,DEAP:S30,T08,1,6.05,1,1,2,0,exposed,stimulus_relative_context,train,0.1,0.08077676935186329,0.9192232306481367
DEAP:S30:T09,DEAP:S30,T09,1,7.08,1,1,2,0,exposed,stimulus_relative_context,train,0.1,0.09045813798313385,0.9095418620168662
DEAP:S30:T12,DEAP:S30,T12,1,5.15,1,1,2,0,exposed,stimulus_relative_context,train,0.1,0.08554696390480487,0.9144530360951951
DEAP:S30:T13,DEAP:S30,T13,0,4.04,1,1,2,0,exposed,stimulus_relative_context,train,0.1,0.2586706445364534,0.7413293554635466
DEAP:S30:T18,DEAP:S30,T18,1,7.05,1,1,2,0,exposed,stimulus_relative_context,train,0.1,0.08970661511856837,0.9102933848814316
DEAP:S30:T22,DEAP:S30,T22,0,4.05,1,1,2,0,exposed,stimulus_relative_context,train,0.1,0.533328813236585,0.46667118676341496
DEAP:S30:T24,DEAP:S30,T24,1,5.99,1,1,2,0,exposed,stimulus_relative_context,train,0.1,0.7343959804489942,0.26560401955100577
DEAP:S30:T26,DEAP:S30,T26,1,5.01,1,1,2,0,exposed,stimulus_relative_context,train,0.1,0.6699512536853006,0.3300487463146994
DEAP:S30:T33,DEAP:S30,T33,0,3.91,1,1,2,0,exposed,stimulus_relative_context,train,0.1,0.6644226393955741,0.33557736060442583
DEAP:S30:T35,DEAP:S30,T35,1,5.04,1,1,2,0,exposed,stimulus_relative_context,train,0.1,0.9111635299476571,0.08883647005234281
DEAP:S30:T36,DEAP:S30,T36,0,4.03,1,1,2,0,exposed,stimulus_relative_context,train,0.1,0.610560811089278,0.38943918891072205
DEAP:S32:T01,DEAP:S32,T01,1,8.13,1,1,2,0,exposed,stimulus_relative_context,train,0.1,0.2285467562906014,0.7714532437093986
DEAP:S32:T04,DEAP:S32,T04,1,6.96,1,1,2,0,exposed,stimulus_relative_context,train,0.1,0.05653338262493335,0.9434666173750667
DEAP:S32:T07,DEAP:S32,T07,0,4.94,1,1,2,0,exposed,stimulus_relative_context,train,0.1,0.725634908659604,0.274365091340396
DEAP:S32:T08,DEAP:S32,T08,1,7.96,1,1,2,0,exposed,stimulus_relative_context,train,0.1,0.127172885488673,0.872827114511327
DEAP:S32:T09,DEAP:S32,T09,1,7.86,1,1,2,0,exposed,stimulus_relative_context,train,0.1,0.08356078488967811,0.9164392151103219
DEAP:S32:T12,DEAP:S32,T12,1,7.31,1,1,2,0,exposed,stimulus_relative_context,train,0.1,0.1750640586536455,0.8249359413463545
DEAP:S32:T13,DEAP:S32,T13,1,7.09,1,1,2,0,exposed,stimulus_relative_context,train,0.1,0.28705000290935123,0.7129499970906488
DEAP:S32:T18,DEAP:S32,T18,1,8.03,1,1,2,0,exposed,stimulus_relative_context,train,0.1,0.3134199250032954,0.6865800749967046
DEAP:S32:T22,DEAP:S32,T22,0,4.15,1,1,2,0,exposed,stimulus_relative_context,train,0.1,0.7679416893349011,0.23205831066509883
DEAP:S32:T23,DEAP:S32,T23,0,3.01,1,1,2,0,exposed,stimulus_relative_context,train,0.1,0.9678285052882808,0.032171494711719234
DEAP:S32:T24,DEAP:S32,T24,0,1.0,1,1,2,0,exposed,stimulus_relative_context,train,0.1,0.9295989207386293,0.07040107926137074
DEAP:S32:T25,DEAP:S32,T25,0,4.01,1,1,2,0,exposed,stimulus_relative_context,train,0.1,0.7615995961270661,0.23840040387293387
DEAP:S32:T33,DEAP:S32,T33,0,4.06,1,1,2,0,exposed,stimulus_relative_context,train,0.1,0.8187699612099091,0.18123003879009092
DEAP:S32:T35,DEAP:S32,T35,0,3.88,1,1,2,0,exposed,stimulus_relative_context,train,0.1,0.9194511494098527,0.08054885059014727
DEAP:S32:T36,DEAP:S32,T36,0,3.91,1,1,2,0,exposed,stimulus_relative_context,train,0.1,0.8311749191099339,0.1688250808900661
DEAP:S03:T05,DEAP:S03,T05,1,6.92,1,1,2,0,exposed,stimulus_relative_context,validation_unseen,0.1,0.4571544352785729,0.5428455647214271
DEAP:S03:T15,DEAP:S03,T15,1,7.36,1,1,2,0,exposed,stimulus_relative_context,validation_unseen,0.1,0.4632557272038601,0.5367442727961399
DEAP:S03:T19,DEAP:S03,T19,1,8.14,1,1,2,0,exposed,stimulus_relative_context,validation_unseen,0.1,0.5621558830802985,0.4378441169197015
DEAP:S03:T27,DEAP:S03,T27,1,6.72,1,1,2,0,exposed,stimulus_relative_context,validation_unseen,0.1,0.5117589499545298,0.48824105004547025
DEAP:S03:T28,DEAP:S03,T28,1,5.59,1,1,2,0,exposed,stimulus_relative_context,validation_unseen,0.1,0.23133589127353138,0.7686641087264686
DEAP:S03:T29,DEAP:S03,T29,0,4.47,1,1,2,0,exposed,stimulus_relative_context,validation_unseen,0.1,0.5356724414728902,0.46432755852710983
DEAP:S03:T30,DEAP:S03,T30,0,3.87,1,1,2,0,exposed,stimulus_relative_context,validation_unseen,0.1,0.4541256907509854,0.5458743092490146
DEAP:S03:T32,DEAP:S03,T32,1,5.17,1,1,2,0,exposed,stimulus_relative_context,validation_unseen,0.1,0.42084930524215514,0.5791506947578449
DEAP:S04:T05,DEAP:S04,T05,0,4.06,1,1,2,0,exposed,stimulus_relative_context,validation_unseen,0.1,0.3529491730226938,0.6470508269773062
DEAP:S04:T15,DEAP:S04,T15,1,6.96,1,1,2,0,exposed,stimulus_relative_context,validation_unseen,0.1,0.41514803422872926,0.5848519657712707
DEAP:S04:T19,DEAP:S04,T19,1,7.09,1,1,2,0,exposed,stimulus_relative_context,validation_unseen,0.1,0.4754528089215505,0.5245471910784495
DEAP:S04:T27,DEAP:S04,T27,1,6.14,1,1,2,0,exposed,stimulus_relative_context,validation_unseen,0.1,0.36945522467238,0.63054477532762
DEAP:S04:T28,DEAP:S04,T28,0,2.17,1,1,2,0,exposed,stimulus_relative_context,validation_unseen,0.1,0.48811168305920727,0.5118883169407927
DEAP:S04:T29,DEAP:S04,T29,0,1.85,1,1,2,0,exposed,stimulus_relative_context,validation_unseen,0.1,0.36720089741600415,0.6327991025839959
DEAP:S04:T30,DEAP:S04,T30,0,3.1,1,1,2,0,exposed,stimulus_relative_context,validation_unseen,0.1,0.27785412017525046,0.7221458798247495
DEAP:S04:T32,DEAP:S04,T32,0,1.01,1,1,2,0,exposed,stimulus_relative_context,validation_unseen,0.1,0.2307497184872025,0.7692502815127975
DEAP:S21:T05,DEAP:S21,T05,1,8.09,1,1,2,0,exposed,stimulus_relative_context,validation_unseen,0.1,0.3381669785557876,0.6618330214442124
DEAP:S21:T15,DEAP:S21,T15,1,6.92,1,1,2,0,exposed,stimulus_relative_context,validation_unseen,0.1,0.3515180801554434,0.6484819198445566
DEAP:S21:T19,DEAP:S21,T19,1,7.26,1,1,2,0,exposed,stimulus_relative_context,validation_unseen,0.1,0.5673689933066037,0.4326310066933962
DEAP:S21:T27,DEAP:S21,T27,0,4.01,1,1,2,0,exposed,stimulus_relative_context,validation_unseen,0.1,0.3471607800122112,0.6528392199877888
DEAP:S21:T28,DEAP:S21,T28,0,3.04,1,1,2,0,exposed,stimulus_relative_context,validation_unseen,0.1,0.25303537775726137,0.7469646222427386
DEAP:S21:T29,DEAP:S21,T29,0,3.01,1,1,2,0,exposed,stimulus_relative_context,validation_unseen,0.1,0.40619850125025125,0.5938014987497487
DEAP:S21:T30,DEAP:S21,T30,0,3.45,1,1,2,0,exposed,stimulus_relative_context,validation_unseen,0.1,0.32738004130496423,0.6726199586950358
DEAP:S21:T32,DEAP:S21,T32,1,6.27,1,1,2,0,exposed,stimulus_relative_context,validation_unseen,0.1,0.3099373655335581,0.6900626344664419
DEAP:S22:T05,DEAP:S22,T05,1,7.1,1,1,2,0,exposed,stimulus_relative_context,validation_unseen,0.1,0.29301039944254137,0.7069896005574586
DEAP:S22:T19,DEAP:S22,T19,1,9.0,1,1,2,0,exposed,stimulus_relative_context,validation_unseen,0.1,0.1721767582883511,0.8278232417116489
DEAP:S22:T27,DEAP:S22,T27,1,7.06,1,1,2,0,exposed,stimulus_relative_context,validation_unseen,0.1,0.2491358710382814,0.7508641289617186
DEAP:S22:T28,DEAP:S22,T28,0,4.03,1,1,2,0,exposed,stimulus_relative_context,validation_unseen,0.1,0.2161826483882131,0.7838173516117869
DEAP:S22:T29,DEAP:S22,T29,0,2.0,1,1,2,0,exposed,stimulus_relative_context,validation_unseen,0.1,0.2733817285027974,0.7266182714972026
DEAP:S22:T30,DEAP:S22,T30,0,1.0,1,1,2,0,exposed,stimulus_relative_context,validation_unseen,0.1,0.23462509436240697,0.765374905637593
DEAP:S22:T32,DEAP:S22,T32,0,1.99,1,1,2,0,exposed,stimulus_relative_context,validation_unseen,0.1,0.3059641924423635,0.6940358075576365
DEAP:S03:T01,DEAP:S03,T01,1,5.33,1,1,2,0,exposed,stimulus_relative_context,validation_familiar,0.1,0.11427720615659287,0.8857227938434071
DEAP:S03:T04,DEAP:S03,T04,0,4.69,1,1,2,0,exposed,stimulus_relative_context,validation_familiar,0.1,0.08483710344611217,0.9151628965538878
DEAP:S03:T07,DEAP:S03,T07,1,5.45,1,1,2,0,exposed,stimulus_relative_context,validation_familiar,0.1,0.3826248857219373,0.6173751142780627
DEAP:S03:T08,DEAP:S03,T08,1,7.14,1,1,2,0,exposed,stimulus_relative_context,validation_familiar,0.1,0.10544155185497817,0.8945584481450218
DEAP:S03:T09,DEAP:S03,T09,1,7.33,1,1,2,0,exposed,stimulus_relative_context,validation_familiar,0.1,0.12086031102768358,0.8791396889723164
DEAP:S03:T12,DEAP:S03,T12,1,6.36,1,1,2,0,exposed,stimulus_relative_context,validation_familiar,0.1,0.1226770038652053,0.8773229961347947
DEAP:S03:T13,DEAP:S03,T13,1,7.91,1,1,2,0,exposed,stimulus_relative_context,validation_familiar,0.1,0.14420556330345236,0.8557944366965476
DEAP:S03:T18,DEAP:S03,T18,1,7.1,1,1,2,0,exposed,stimulus_relative_context,validation_familiar,0.1,0.13881698956935862,0.8611830104306414
DEAP:S03:T22,DEAP:S03,T22,0,4.94,1,1,2,0,exposed,stimulus_relative_context,validation_familiar,0.1,0.6915835088517202,0.3084164911482798
DEAP:S03:T23,DEAP:S03,T23,0,3.65,1,1,2,0,exposed,stimulus_relative_context,validation_familiar,0.1,0.9327506599657709,0.06724934003422907
DEAP:S03:T24,DEAP:S03,T24,0,3.31,1,1,2,0,exposed,stimulus_relative_context,validation_familiar,0.1,0.8444657369788924,0.15553426302110762
DEAP:S03:T25,DEAP:S03,T25,0,3.45,1,1,2,0,exposed,stimulus_relative_context,validation_familiar,0.1,0.72716604490569,0.27283395509430997
DEAP:S03:T26,DEAP:S03,T26,0,4.67,1,1,2,0,exposed,stimulus_relative_context,validation_familiar,0.1,0.6770494081130412,0.3229505918869589
DEAP:S03:T33,DEAP:S03,T33,0,4.05,1,1,2,0,exposed,stimulus_relative_context,validation_familiar,0.1,0.6676212721401907,0.33237872785980926
DEAP:S03:T35,DEAP:S03,T35,0,3.18,1,1,2,0,exposed,stimulus_relative_context,validation_familiar,0.1,0.8575677228792534,0.1424322771207466
DEAP:S03:T36,DEAP:S03,T36,1,5.01,1,1,2,0,exposed,stimulus_relative_context,validation_familiar,0.1,0.8145560278260806,0.1854439721739194
DEAP:S04:T01,DEAP:S04,T01,1,6.68,1,1,2,0,exposed,stimulus_relative_context,validation_familiar,0.1,0.1659362148724841,0.8340637851275159
DEAP:S04:T04,DEAP:S04,T04,1,6.1,1,1,2,0,exposed,stimulus_relative_context,validation_familiar,0.1,0.03790759842543978,0.9620924015745602
DEAP:S04:T07,DEAP:S04,T07,0,2.94,1,1,2,0,exposed,stimulus_relative_context,validation_familiar,0.1,0.13621450632334642,0.8637854936766536
DEAP:S04:T08,DEAP:S04,T08,1,5.97,1,1,2,0,exposed,stimulus_relative_context,validation_familiar,0.1,0.06270684876975574,0.9372931512302443
DEAP:S04:T09,DEAP:S04,T09,1,6.05,1,1,2,0,exposed,stimulus_relative_context,validation_familiar,0.1,0.06729498436418035,0.9327050156358196
DEAP:S04:T12,DEAP:S04,T12,1,5.04,1,1,2,0,exposed,stimulus_relative_context,validation_familiar,0.1,0.06156445043838843,0.9384355495616116
DEAP:S04:T13,DEAP:S04,T13,0,4.12,1,1,2,0,exposed,stimulus_relative_context,validation_familiar,0.1,0.1987210322778704,0.8012789677221296
DEAP:S04:T18,DEAP:S04,T18,0,4.9,1,1,2,0,exposed,stimulus_relative_context,validation_familiar,0.1,0.09671967360757294,0.9032803263924271
DEAP:S04:T22,DEAP:S04,T22,0,1.86,1,1,2,0,exposed,stimulus_relative_context,validation_familiar,0.1,0.4966674709668979,0.5033325290331021
DEAP:S04:T23,DEAP:S04,T23,0,1.86,1,1,2,0,exposed,stimulus_relative_context,validation_familiar,0.1,0.911144927638825,0.08885507236117493
DEAP:S04:T24,DEAP:S04,T24,0,2.71,1,1,2,0,exposed,stimulus_relative_context,validation_familiar,0.1,0.7364062357629781,0.2635937642370219
DEAP:S04:T25,DEAP:S04,T25,1,7.0,1,1,2,0,exposed,stimulus_relative_context,validation_familiar,0.1,0.6165302875575969,0.38346971244240313
DEAP:S04:T26,DEAP:S04,T26,1,6.0,1,1,2,0,exposed,stimulus_relative_context,validation_familiar,0.1,0.5318686294298012,0.46813137057019877
DEAP:S04:T33,DEAP:S04,T33,0,1.0,1,1,2,0,exposed,stimulus_relative_context,validation_familiar,0.1,0.6626399319044023,0.33736006809559776
DEAP:S04:T35,DEAP:S04,T35,0,2.03,1,1,2,0,exposed,stimulus_relative_context,validation_familiar,0.1,0.8296567307661913,0.17034326923380871
DEAP:S04:T36,DEAP:S04,T36,0,2.72,1,1,2,0,exposed,stimulus_relative_context,validation_familiar,0.1,0.4778742607791061,0.5221257392208939
DEAP:S21:T01,DEAP:S21,T01,1,6.42,1,1,2,0,exposed,stimulus_relative_context,validation_familiar,0.1,0.1600360205061533,0.8399639794938467
DEAP:S21:T04,DEAP:S21,T04,1,5.05,1,1,2,0,exposed,stimulus_relative_context,validation_familiar,0.1,0.031517476740529515,0.9684825232594705
DEAP:S21:T07,DEAP:S21,T07,1,7.05,1,1,2,0,exposed,stimulus_relative_context,validation_familiar,0.1,0.21235408773723474,0.7876459122627653
DEAP:S21:T08,DEAP:S21,T08,1,8.81,1,1,2,0,exposed,stimulus_relative_context,validation_familiar,0.1,0.10550182444929446,0.8944981755507055
DEAP:S21:T09,DEAP:S21,T09,1,8.56,1,1,2,0,exposed,stimulus_relative_context,validation_familiar,0.1,0.07262828032608748,0.9273717196739125
DEAP:S21:T12,DEAP:S21,T12,0,4.63,1,1,2,0,exposed,stimulus_relative_context,validation_familiar,0.1,0.08432652832066412,0.9156734716793359
DEAP:S21:T13,DEAP:S21,T13,0,4.27,1,1,2,0,exposed,stimulus_relative_context,validation_familiar,0.1,0.251782710682778,0.748217289317222
DEAP:S21:T18,DEAP:S21,T18,1,7.99,1,1,2,0,exposed,stimulus_relative_context,validation_familiar,0.1,0.0979579835226485,0.9020420164773515
DEAP:S21:T22,DEAP:S21,T22,0,2.09,1,1,2,0,exposed,stimulus_relative_context,validation_familiar,0.1,0.5822083127034441,0.41779168729655597
DEAP:S21:T23,DEAP:S21,T23,0,4.69,1,1,2,0,exposed,stimulus_relative_context,validation_familiar,0.1,0.8437161681900295,0.1562838318099705
DEAP:S21:T24,DEAP:S21,T24,0,2.99,1,1,2,0,exposed,stimulus_relative_context,validation_familiar,0.1,0.8032958934305696,0.1967041065694304
DEAP:S21:T25,DEAP:S21,T25,0,3.97,1,1,2,0,exposed,stimulus_relative_context,validation_familiar,0.1,0.5166005010220545,0.48339949897794554
DEAP:S21:T26,DEAP:S21,T26,0,4.06,1,1,2,0,exposed,stimulus_relative_context,validation_familiar,0.1,0.54185192781961,0.45814807218039
DEAP:S21:T33,DEAP:S21,T33,1,7.03,1,1,2,0,exposed,stimulus_relative_context,validation_familiar,0.1,0.6134118518589726,0.38658814814102743
DEAP:S21:T35,DEAP:S21,T35,0,4.92,1,1,2,0,exposed,stimulus_relative_context,validation_familiar,0.1,0.6373433423669004,0.36265665763309957
DEAP:S21:T36,DEAP:S21,T36,1,6.88,1,1,2,0,exposed,stimulus_relative_context,validation_familiar,0.1,0.6332467712722278,0.3667532287277722
DEAP:S22:T01,DEAP:S22,T01,1,5.05,1,1,2,0,exposed,stimulus_relative_context,validation_familiar,0.1,0.043739520110640084,0.9562604798893599
DEAP:S22:T04,DEAP:S22,T04,1,7.06,1,1,2,0,exposed,stimulus_relative_context,validation_familiar,0.1,0.023354671775808855,0.9766453282241911
DEAP:S22:T07,DEAP:S22,T07,1,6.03,1,1,2,0,exposed,stimulus_relative_context,validation_familiar,0.1,0.1486487130230273,0.8513512869769727
DEAP:S22:T08,DEAP:S22,T08,1,7.09,1,1,2,0,exposed,stimulus_relative_context,validation_familiar,0.1,0.038483933158225625,0.9615160668417744
DEAP:S22:T09,DEAP:S22,T09,1,9.0,1,1,2,0,exposed,stimulus_relative_context,validation_familiar,0.1,0.022052868991755736,0.9779471310082443
DEAP:S22:T12,DEAP:S22,T12,0,4.99,1,1,2,0,exposed,stimulus_relative_context,validation_familiar,0.1,0.04543437375864401,0.954565626241356
DEAP:S22:T13,DEAP:S22,T13,1,7.01,1,1,2,0,exposed,stimulus_relative_context,validation_familiar,0.1,0.17286577820042426,0.8271342217995757
DEAP:S22:T18,DEAP:S22,T18,1,8.08,1,1,2,0,exposed,stimulus_relative_context,validation_familiar,0.1,0.05791808073312421,0.9420819192668758
DEAP:S22:T22,DEAP:S22,T22,0,4.05,1,1,2,0,exposed,stimulus_relative_context,validation_familiar,0.1,0.33224013505343386,0.6677598649465661
DEAP:S22:T23,DEAP:S22,T23,0,2.99,1,1,2,0,exposed,stimulus_relative_context,validation_familiar,0.1,0.8678941521922493,0.1321058478077507
DEAP:S22:T24,DEAP:S22,T24,0,1.96,1,1,2,0,exposed,stimulus_relative_context,validation_familiar,0.1,0.6555064286009524,0.3444935713990476
DEAP:S22:T25,DEAP:S22,T25,0,2.95,1,1,2,0,exposed,stimulus_relative_context,validation_familiar,0.1,0.5542774320347226,0.4457225679652775
DEAP:S22:T33,DEAP:S22,T33,0,1.96,1,1,2,0,exposed,stimulus_relative_context,validation_familiar,0.1,0.5410830412500997,0.45891695874990035
DEAP:S22:T35,DEAP:S22,T35,0,1.99,1,1,2,0,exposed,stimulus_relative_context,validation_familiar,0.1,0.6625048134698769,0.3374951865301231
DEAP:S22:T36,DEAP:S22,T36,0,1.96,1,1,2,0,exposed,stimulus_relative_context,validation_familiar,0.1,0.4106805596268701,0.5893194403731299
DEAP:S02:T01,DEAP:S02,T01,1,9.0,1,1,2,0,exposed,stimulus_relative_context,train,1.0,0.0256287290347067,0.9743712709652933
DEAP:S02:T04,DEAP:S02,T04,1,6.05,1,1,2,0,exposed,stimulus_relative_context,train,1.0,0.023298295978376515,0.9767017040216235
DEAP:S02:T07,DEAP:S02,T07,0,4.96,1,1,2,0,exposed,stimulus_relative_context,train,1.0,0.3141377885306008,0.6858622114693992
DEAP:S02:T08,DEAP:S02,T08,1,9.0,1,1,2,0,exposed,stimulus_relative_context,train,1.0,0.0022081742351157674,0.9977918257648842
DEAP:S02:T12,DEAP:S02,T12,1,8.01,1,1,2,0,exposed,stimulus_relative_context,train,1.0,0.0009058713775514926,0.9990941286224485
DEAP:S02:T13,DEAP:S02,T13,1,9.0,1,1,2,0,exposed,stimulus_relative_context,train,1.0,0.1589656583027499,0.8410343416972501
DEAP:S02:T18,DEAP:S02,T18,1,9.0,1,1,2,0,exposed,stimulus_relative_context,train,1.0,0.002122912950926703,0.9978770870490733
DEAP:S02:T23,DEAP:S02,T23,0,1.0,1,1,2,0,exposed,stimulus_relative_context,train,1.0,0.7812016557614386,0.21879834423856134
DEAP:S02:T24,DEAP:S02,T24,1,7.08,1,1,2,0,exposed,stimulus_relative_context,train,1.0,0.6736012881092075,0.32639871189079256
DEAP:S02:T25,DEAP:S02,T25,1,9.0,1,1,2,0,exposed,stimulus_relative_context,train,1.0,0.25678112148521626,0.7432188785147837
DEAP:S02:T35,DEAP:S02,T35,0,1.99,1,1,2,0,exposed,stimulus_relative_context,train,1.0,0.47615236546191764,0.5238476345380824
DEAP:S02:T36,DEAP:S02,T36,1,5.04,1,1,2,0,exposed,stimulus_relative_context,train,1.0,0.5625817451993782,0.43741825480062185
DEAP:S05:T01,DEAP:S05,T01,1,6.97,1,1,2,0,exposed,stimulus_relative_context,train,1.0,0.14565950309875964,0.8543404969012404
DEAP:S05:T04,DEAP:S05,T04,1,8.24,1,1,2,0,exposed,stimulus_relative_context,train,1.0,0.006478920063151539,0.9935210799368485
DEAP:S05:T07,DEAP:S05,T07,1,5.12,1,1,2,0,exposed,stimulus_relative_context,train,1.0,0.06651308967153091,0.9334869103284691
DEAP:S05:T08,DEAP:S05,T08,1,8.17,1,1,2,0,exposed,stimulus_relative_context,train,1.0,0.070793240852698,0.929206759147302
DEAP:S05:T12,DEAP:S05,T12,1,7.08,1,1,2,0,exposed,stimulus_relative_context,train,1.0,0.0027467101861012866,0.9972532898138987
DEAP:S05:T13,DEAP:S05,T13,0,4.94,1,1,2,0,exposed,stimulus_relative_context,train,1.0,0.16401478858226815,0.8359852114177319
DEAP:S05:T18,DEAP:S05,T18,1,8.05,1,1,2,0,exposed,stimulus_relative_context,train,1.0,0.05608012540756724,0.9439198745924328
DEAP:S05:T22,DEAP:S05,T22,1,6.99,1,1,2,0,exposed,stimulus_relative_context,train,1.0,0.6264808513203677,0.3735191486796324
DEAP:S05:T23,DEAP:S05,T23,0,1.0,1,1,2,0,exposed,stimulus_relative_context,train,1.0,0.9413450288543783,0.05865497114562169
DEAP:S05:T24,DEAP:S05,T24,0,4.0,1,1,2,0,exposed,stimulus_relative_context,train,1.0,0.6469464049175486,0.3530535950824514
DEAP:S05:T25,DEAP:S05,T25,1,5.96,1,1,2,0,exposed,stimulus_relative_context,train,1.0,0.5463364155939504,0.4536635844060496
DEAP:S05:T26,DEAP:S05,T26,1,7.96,1,1,2,0,exposed,stimulus_relative_context,train,1.0,0.38966704801603924,0.6103329519839608
DEAP:S05:T33,DEAP:S05,T33,1,5.17,1,1,2,0,exposed,stimulus_relative_context,train,1.0,0.47680878870668353,0.5231912112933165
DEAP:S05:T35,DEAP:S05,T35,0,4.86,1,1,2,0,exposed,stimulus_relative_context,train,1.0,0.8604813360116659,0.13951866398833418
DEAP:S05:T36,DEAP:S05,T36,0,4.91,1,1,2,0,exposed,stimulus_relative_context,train,1.0,0.7789960129559981,0.22100398704400193
DEAP:S06:T01,DEAP:S06,T01,1,8.19,1,1,2,0,exposed,stimulus_relative_context,train,1.0,0.003326605038331043,0.996673394961669
DEAP:S06:T07,DEAP:S06,T07,1,8.26,1,1,2,0,exposed,stimulus_relative_context,train,1.0,0.012173818999732355,0.9878261810002676
DEAP:S06:T08,DEAP:S06,T08,1,7.05,1,1,2,0,exposed,stimulus_relative_context,train,1.0,0.0030406783482093136,0.9969593216517907
DEAP:S06:T09,DEAP:S06,T09,1,7.87,1,1,2,0,exposed,stimulus_relative_context,train,1.0,0.004831196585737163,0.9951688034142628
DEAP:S06:T12,DEAP:S06,T12,1,7.17,1,1,2,0,exposed,stimulus_relative_context,train,1.0,0.003013449559215564,0.9969865504407844
DEAP:S06:T13,DEAP:S06,T13,1,7.79,1,1,2,0,exposed,stimulus_relative_context,train,1.0,0.02045087785947952,0.9795491221405205
DEAP:S06:T18,DEAP:S06,T18,1,7.59,1,1,2,0,exposed,stimulus_relative_context,train,1.0,0.004677365161968816,0.9953226348380312
DEAP:S06:T22,DEAP:S06,T22,1,7.56,1,1,2,0,exposed,stimulus_relative_context,train,1.0,0.15024669697077297,0.849753303029227
DEAP:S06:T23,DEAP:S06,T23,0,3.47,1,1,2,0,exposed,stimulus_relative_context,train,1.0,0.8680087255138123,0.1319912744861878
DEAP:S06:T24,DEAP:S06,T24,0,3.5,1,1,2,0,exposed,stimulus_relative_context,train,1.0,0.5025163890802444,0.4974836109197556
DEAP:S06:T25,DEAP:S06,T25,1,7.09,1,1,2,0,exposed,stimulus_relative_context,train,1.0,0.5208499272570978,0.4791500727429022
DEAP:S06:T26,DEAP:S06,T26,1,5.08,1,1,2,0,exposed,stimulus_relative_context,train,1.0,0.13287033273403825,0.8671296672659617
DEAP:S06:T33,DEAP:S06,T33,1,6.68,1,1,2,0,exposed,stimulus_relative_context,train,1.0,0.19005258674974257,0.8099474132502574
DEAP:S06:T35,DEAP:S06,T35,0,3.96,1,1,2,0,exposed,stimulus_relative_context,train,1.0,0.6437687784655335,0.35623122153446646
DEAP:S06:T36,DEAP:S06,T36,1,5.71,1,1,2,0,exposed,stimulus_relative_context,train,1.0,0.22231922768631618,0.7776807723136838
DEAP:S07:T01,DEAP:S07,T01,1,8.1,1,1,2,0,exposed,stimulus_relative_context,train,1.0,0.08695220861234176,0.9130477913876582
DEAP:S07:T04,DEAP:S07,T04,1,7.08,1,1,2,0,exposed,stimulus_relative_context,train,1.0,0.02366466695794678,0.9763353330420532
DEAP:S07:T07,DEAP:S07,T07,1,7.08,1,1,2,0,exposed,stimulus_relative_context,train,1.0,0.40511956848319464,0.5948804315168054
DEAP:S07:T08,DEAP:S07,T08,1,7.0,1,1,2,0,exposed,stimulus_relative_context,train,1.0,0.010748421841353162,0.9892515781586468
DEAP:S07:T09,DEAP:S07,T09,1,6.99,1,1,2,0,exposed,stimulus_relative_context,train,1.0,0.05743426055890377,0.9425657394410962
DEAP:S07:T12,DEAP:S07,T12,1,6.99,1,1,2,0,exposed,stimulus_relative_context,train,1.0,0.037962323160948164,0.9620376768390518
DEAP:S07:T13,DEAP:S07,T13,1,8.0,1,1,2,0,exposed,stimulus_relative_context,train,1.0,0.15381843368107295,0.846181566318927
DEAP:S07:T18,DEAP:S07,T18,1,7.03,1,1,2,0,exposed,stimulus_relative_context,train,1.0,0.07995313846378105,0.920046861536219
DEAP:S07:T22,DEAP:S07,T22,0,3.05,1,1,2,0,exposed,stimulus_relative_context,train,1.0,0.7380772437964447,0.2619227562035553
DEAP:S07:T24,DEAP:S07,T24,0,1.97,1,1,2,0,exposed,stimulus_relative_context,train,1.0,0.7930992773969612,0.20690072260303877
DEAP:S07:T25,DEAP:S07,T25,0,2.99,1,1,2,0,exposed,stimulus_relative_context,train,1.0,0.7747809229691864,0.22521907703081356
DEAP:S07:T26,DEAP:S07,T26,0,2.0,1,1,2,0,exposed,stimulus_relative_context,train,1.0,0.6495391047419642,0.3504608952580358
DEAP:S07:T33,DEAP:S07,T33,0,4.97,1,1,2,0,exposed,stimulus_relative_context,train,1.0,0.47492162589206544,0.5250783741079346
DEAP:S07:T35,DEAP:S07,T35,1,5.01,1,1,2,0,exposed,stimulus_relative_context,train,1.0,0.45102971734236275,0.5489702826576373
DEAP:S07:T36,DEAP:S07,T36,1,8.1,1,1,2,0,exposed,stimulus_relative_context,train,1.0,0.4533887594569731,0.5466112405430269
DEAP:S08:T01,DEAP:S08,T01,1,7.6,1,1,2,0,exposed,stimulus_relative_context,train,1.0,0.06884557494414767,0.9311544250558523
DEAP:S08:T04,DEAP:S08,T04,1,6.82,1,1,2,0,exposed,stimulus_relative_context,train,1.0,0.037382545378077614,0.9626174546219224
DEAP:S08:T07,DEAP:S08,T07,1,5.04,1,1,2,0,exposed,stimulus_relative_context,train,1.0,0.40273546650962355,0.5972645334903764
DEAP:S08:T08,DEAP:S08,T08,1,8.82,1,1,2,0,exposed,stimulus_relative_context,train,1.0,0.09417127812197479,0.9058287218780252
DEAP:S08:T09,DEAP:S08,T09,1,8.78,1,1,2,0,exposed,stimulus_relative_context,train,1.0,0.06171027358448544,0.9382897264155146
DEAP:S08:T12,DEAP:S08,T12,1,8.47,1,1,2,0,exposed,stimulus_relative_context,train,1.0,0.022756201145086252,0.9772437988549137
DEAP:S08:T13,DEAP:S08,T13,1,7.9,1,1,2,0,exposed,stimulus_relative_context,train,1.0,0.19174202187927658,0.8082579781207234
DEAP:S08:T18,DEAP:S08,T18,1,7.21,1,1,2,0,exposed,stimulus_relative_context,train,1.0,0.08840803527777896,0.911591964722221
DEAP:S08:T22,DEAP:S08,T22,0,4.23,1,1,2,0,exposed,stimulus_relative_context,train,1.0,0.9342350542230077,0.06576494577699228
DEAP:S08:T23,DEAP:S08,T23,0,3.59,1,1,2,0,exposed,stimulus_relative_context,train,1.0,0.9804323122204833,0.01956768777951669
DEAP:S08:T24,DEAP:S08,T24,0,4.15,1,1,2,0,exposed,stimulus_relative_context,train,1.0,0.9609245490271169,0.039075450972883084
DEAP:S08:T25,DEAP:S08,T25,0,3.72,1,1,2,0,exposed,stimulus_relative_context,train,1.0,0.8782311195450602,0.12176888045493987
DEAP:S08:T26,DEAP:S08,T26,0,4.99,1,1,2,0,exposed,stimulus_relative_context,train,1.0,0.8088503135140379,0.1911496864859621
DEAP:S08:T33,DEAP:S08,T33,0,4.44,1,1,2,0,exposed,stimulus_relative_context,train,1.0,0.8436352526671586,0.15636474733284145
DEAP:S08:T35,DEAP:S08,T35,0,3.62,1,1,2,0,exposed,stimulus_relative_context,train,1.0,0.9942634951499665,0.00573650485003348
DEAP:S08:T36,DEAP:S08,T36,0,1.21,1,1,2,0,exposed,stimulus_relative_context,train,1.0,0.7763421258298153,0.22365787417018468
DEAP:S09:T01,DEAP:S09,T01,1,5.05,1,1,2,0,exposed,stimulus_relative_context,train,1.0,0.02663229380539056,0.9733677061946094
DEAP:S09:T04,DEAP:S09,T04,1,5.99,1,1,2,0,exposed,stimulus_relative_context,train,1.0,0.042898602956194076,0.9571013970438059
DEAP:S09:T07,DEAP:S09,T07,1,5.08,1,1,2,0,exposed,stimulus_relative_context,train,1.0,0.13180751758743348,0.8681924824125665
DEAP:S09:T08,DEAP:S09,T08,1,6.15,1,1,2,0,exposed,stimulus_relative_context,train,1.0,0.049605236200701563,0.9503947637992984
DEAP:S09:T09,DEAP:S09,T09,1,5.96,1,1,2,0,exposed,stimulus_relative_context,train,1.0,0.03895657761285365,0.9610434223871464
DEAP:S09:T12,DEAP:S09,T12,1,7.08,1,1,2,0,exposed,stimulus_relative_context,train,1.0,0.014016299910232122,0.9859837000897679
DEAP:S09:T13,DEAP:S09,T13,1,8.15,1,1,2,0,exposed,stimulus_relative_context,train,1.0,0.3191328604279875,0.6808671395720125
DEAP:S09:T18,DEAP:S09,T18,0,4.9,1,1,2,0,exposed,stimulus_relative_context,train,1.0,0.7743063005198219,0.2256936994801782
DEAP:S09:T22,DEAP:S09,T22,0,3.99,1,1,2,0,exposed,stimulus_relative_context,train,1.0,0.7689791614344549,0.23102083856554514
DEAP:S09:T24,DEAP:S09,T24,0,4.03,1,1,2,0,exposed,stimulus_relative_context,train,1.0,0.9060921675549582,0.09390783244504175
DEAP:S09:T25,DEAP:S09,T25,1,5.04,1,1,2,0,exposed,stimulus_relative_context,train,1.0,0.7196693343814891,0.28033066561851094
DEAP:S09:T26,DEAP:S09,T26,0,4.1,1,1,2,0,exposed,stimulus_relative_context,train,1.0,0.9849384036171365,0.015061596382863477
DEAP:S09:T33,DEAP:S09,T33,0,3.08,1,1,2,0,exposed,stimulus_relative_context,train,1.0,0.992071289295799,0.007928710704201015
DEAP:S09:T35,DEAP:S09,T35,0,3.01,1,1,2,0,exposed,stimulus_relative_context,train,1.0,0.6887414929275921,0.31125850707240793
DEAP:S09:T36,DEAP:S09,T36,0,3.08,1,1,2,0,exposed,stimulus_relative_context,train,1.0,0.899850895521618,0.10014910447838193
DEAP:S10:T01,DEAP:S10,T01,1,7.91,1,1,2,0,exposed,stimulus_relative_context,train,1.0,0.07036924458330274,0.9296307554166973
DEAP:S10:T04,DEAP:S10,T04,1,7.01,1,1,2,0,exposed,stimulus_relative_context,train,1.0,0.013528060153070176,0.9864719398469298
DEAP:S10:T07,DEAP:S10,T07,1,8.96,1,1,2,0,exposed,stimulus_relative_context,train,1.0,0.006734697843749249,0.9932653021562508
DEAP:S10:T08,DEAP:S10,T08,1,5.68,1,1,2,0,exposed,stimulus_relative_context,train,1.0,0.3558687870647448,0.6441312129352552
DEAP:S10:T09,DEAP:S10,T09,1,7.56,1,1,2,0,exposed,stimulus_relative_context,train,1.0,0.03448835833391761,0.9655116416660824
DEAP:S10:T22,DEAP:S10,T22,0,4.24,1,1,2,0,exposed,stimulus_relative_context,train,1.0,0.8458444346652856,0.1541555653347144
DEAP:S10:T23,DEAP:S10,T23,0,2.87,1,1,2,0,exposed,stimulus_relative_context,train,1.0,0.9892090488552883,0.010790951144711779
DEAP:S10:T24,DEAP:S10,T24,1,6.82,1,1,2,0,exposed,stimulus_relative_context,train,1.0,0.47832187919553626,0.5216781208044637
DEAP:S10:T25,DEAP:S10,T25,0,1.92,1,1,2,0,exposed,stimulus_relative_context,train,1.0,0.9761511535294576,0.023848846470542383
DEAP:S10:T26,DEAP:S10,T26,0,4.95,1,1,2,0,exposed,stimulus_relative_context,train,1.0,0.987692518340293,0.01230748165970693
DEAP:S10:T33,DEAP:S10,T33,0,4.94,1,1,2,0,exposed,stimulus_relative_context,train,1.0,0.9650322048347226,0.03496779516527732
DEAP:S10:T35,DEAP:S10,T35,0,1.38,1,1,2,0,exposed,stimulus_relative_context,train,1.0,0.9648077155374145,0.035192284462585495
DEAP:S10:T36,DEAP:S10,T36,0,2.17,1,1,2,0,exposed,stimulus_relative_context,train,1.0,0.9501606756606122,0.049839324339387744
DEAP:S11:T01,DEAP:S11,T01,1,6.27,1,1,2,0,exposed,stimulus_relative_context,train,1.0,0.03568987087386788,0.9643101291261321
DEAP:S11:T04,DEAP:S11,T04,1,7.65,1,1,2,0,exposed,stimulus_relative_context,train,1.0,0.017709329760149384,0.9822906702398506
DEAP:S11:T07,DEAP:S11,T07,1,6.37,1,1,2,0,exposed,stimulus_relative_context,train,1.0,0.17349241160729334,0.8265075883927067
DEAP:S11:T08,DEAP:S11,T08,1,6.26,1,1,2,0,exposed,stimulus_relative_context,train,1.0,0.061102581516417676,0.9388974184835823
DEAP:S11:T09,DEAP:S11,T09,1,7.04,1,1,2,0,exposed,stimulus_relative_context,train,1.0,0.004537280469833926,0.9954627195301661
DEAP:S11:T13,DEAP:S11,T13,1,8.42,1,1,2,0,exposed,stimulus_relative_context,train,1.0,0.122397262848421,0.877602737151579
DEAP:S11:T18,DEAP:S11,T18,1,7.95,1,1,2,0,exposed,stimulus_relative_context,train,1.0,0.011417109009029258,0.9885828909909707
DEAP:S11:T22,DEAP:S11,T22,1,6.15,1,1,2,0,exposed,stimulus_relative_context,train,1.0,0.2227532156144032,0.7772467843855968
DEAP:S11:T23,DEAP:S11,T23,0,3.72,1,1,2,0,exposed,stimulus_relative_context,train,1.0,0.79640535358938,0.20359464641062003
DEAP:S11:T24,DEAP:S11,T24,0,2.88,1,1,2,0,exposed,stimulus_relative_context,train,1.0,0.9017593146725911,0.09824068532740893
DEAP:S11:T25,DEAP:S11,T25,1,5.01,1,1,2,0,exposed,stimulus_relative_context,train,1.0,0.5113389149854671,0.48866108501453287
DEAP:S11:T26,DEAP:S11,T26,1,5.49,1,1,2,0,exposed,stimulus_relative_context,train,1.0,0.27006122503753993,0.7299387749624601
DEAP:S11:T33,DEAP:S11,T33,1,5.64,1,1,2,0,exposed,stimulus_relative_context,train,1.0,0.7728183992717409,0.2271816007282591
DEAP:S11:T35,DEAP:S11,T35,0,1.23,1,1,2,0,exposed,stimulus_relative_context,train,1.0,0.6487862645250984,0.3512137354749017
DEAP:S11:T36,DEAP:S11,T36,0,3.62,1,1,2,0,exposed,stimulus_relative_context,train,1.0,0.8819368928690823,0.1180631071309177
DEAP:S12:T01,DEAP:S12,T01,1,7.09,1,1,2,0,exposed,stimulus_relative_context,train,1.0,0.06733384041500357,0.9326661595849964
DEAP:S12:T04,DEAP:S12,T04,1,6.86,1,1,2,0,exposed,stimulus_relative_context,train,1.0,0.04042547961916376,0.9595745203808362
DEAP:S12:T07,DEAP:S12,T07,1,6.77,1,1,2,0,exposed,stimulus_relative_context,train,1.0,0.2476680337520064,0.7523319662479936
DEAP:S12:T09,DEAP:S12,T09,1,7.95,1,1,2,0,exposed,stimulus_relative_context,train,1.0,0.03362712220707209,0.9663728777929279
DEAP:S12:T12,DEAP:S12,T12,1,6.86,1,1,2,0,exposed,stimulus_relative_context,train,1.0,0.09092400547584678,0.9090759945241532
DEAP:S12:T18,DEAP:S12,T18,1,7.35,1,1,2,0,exposed,stimulus_relative_context,train,1.0,0.37008049647287533,0.6299195035271247
DEAP:S12:T22,DEAP:S12,T22,0,3.33,1,1,2,0,exposed,stimulus_relative_context,train,1.0,0.6772471536449307,0.3227528463550693
DEAP:S12:T23,DEAP:S12,T23,0,1.74,1,1,2,0,exposed,stimulus_relative_context,train,1.0,0.9495225802143344,0.05047741978566554
DEAP:S12:T24,DEAP:S12,T24,0,2.79,1,1,2,0,exposed,stimulus_relative_context,train,1.0,0.9240836608512979,0.07591633914870212
DEAP:S12:T25,DEAP:S12,T25,0,2.78,1,1,2,0,exposed,stimulus_relative_context,train,1.0,0.8529211088998236,0.1470788911001763
DEAP:S12:T26,DEAP:S12,T26,1,6.08,1,1,2,0,exposed,stimulus_relative_context,train,1.0,0.5312003226223574,0.46879967737764255
DEAP:S12:T33,DEAP:S12,T33,0,1.9,1,1,2,0,exposed,stimulus_relative_context,train,1.0,0.6321186843475719,0.36788131565242815
DEAP:S12:T35,DEAP:S12,T35,0,1.22,1,1,2,0,exposed,stimulus_relative_context,train,1.0,0.9247511525323736,0.07524884746762638
DEAP:S12:T36,DEAP:S12,T36,0,2.82,1,1,2,0,exposed,stimulus_relative_context,train,1.0,0.9359329813204588,0.06406701867954126
DEAP:S13:T01,DEAP:S13,T01,1,6.15,1,1,2,0,exposed,stimulus_relative_context,train,1.0,0.343795702766336,0.656204297233664
DEAP:S13:T04,DEAP:S13,T04,1,7.08,1,1,2,0,exposed,stimulus_relative_context,train,1.0,0.0009005834550611658,0.9990994165449388
DEAP:S13:T07,DEAP:S13,T07,0,2.99,1,1,2,0,exposed,stimulus_relative_context,train,1.0,0.4477737896464089,0.5522262103535911
DEAP:S13:T08,DEAP:S13,T08,1,7.99,1,1,2,0,exposed,stimulus_relative_context,train,1.0,0.1194657673108348,0.8805342326891652
DEAP:S13:T09,DEAP:S13,T09,1,7.06,1,1,2,0,exposed,stimulus_relative_context,train,1.0,0.00780905520428965,0.9921909447957104
DEAP:S13:T12,DEAP:S13,T12,1,5.08,1,1,2,0,exposed,stimulus_relative_context,train,1.0,0.13228708897051222,0.8677129110294878
DEAP:S13:T13,DEAP:S13,T13,1,9.0,1,1,2,0,exposed,stimulus_relative_context,train,1.0,0.19094066809525767,0.8090593319047423
DEAP:S13:T18,DEAP:S13,T18,1,7.94,1,1,2,0,exposed,stimulus_relative_context,train,1.0,0.013867851750628102,0.9861321482493719
DEAP:S13:T22,DEAP:S13,T22,0,4.01,1,1,2,0,exposed,stimulus_relative_context,train,1.0,0.9134507549444398,0.08654924505556015
DEAP:S13:T23,DEAP:S13,T23,0,1.0,1,1,2,0,exposed,stimulus_relative_context,train,1.0,0.9679798405059568,0.03202015949404323
DEAP:S13:T24,DEAP:S13,T24,0,2.97,1,1,2,0,exposed,stimulus_relative_context,train,1.0,0.956842923828775,0.043157076171224946
DEAP:S13:T25,DEAP:S13,T25,0,3.97,1,1,2,0,exposed,stimulus_relative_context,train,1.0,0.7455335505950679,0.2544664494049321
DEAP:S13:T33,DEAP:S13,T33,0,4.55,1,1,2,0,exposed,stimulus_relative_context,train,1.0,0.9411614037432553,0.05883859625674475
DEAP:S13:T35,DEAP:S13,T35,0,1.0,1,1,2,0,exposed,stimulus_relative_context,train,1.0,0.9541061052117666,0.04589389478823336
DEAP:S13:T36,DEAP:S13,T36,0,2.54,1,1,2,0,exposed,stimulus_relative_context,train,1.0,0.9319845780823045,0.0680154219176955
DEAP:S14:T01,DEAP:S14,T01,1,8.22,1,1,2,0,exposed,stimulus_relative_context,train,1.0,0.15434458124611494,0.8456554187538851
DEAP:S14:T04,DEAP:S14,T04,1,7.38,1,1,2,0,exposed,stimulus_relative_context,train,1.0,0.04982983667841934,0.9501701633215807
DEAP:S14:T07,DEAP:S14,T07,1,6.85,1,1,2,0,exposed,stimulus_relative_context,train,1.0,0.31978046124314263,0.6802195387568574
DEAP:S14:T08,DEAP:S14,T08,1,7.0,1,1,2,0,exposed,stimulus_relative_context,train,1.0,0.05556626375121343,0.9444337362487866
DEAP:S14:T12,DEAP:S14,T12,1,7.63,1,1,2,0,exposed,stimulus_relative_context,train,1.0,0.04109382959119667,0.9589061704088033
DEAP:S14:T13,DEAP:S14,T13,1,6.79,1,1,2,0,exposed,stimulus_relative_context,train,1.0,0.40161577078205046,0.5983842292179495
DEAP:S14:T18,DEAP:S14,T18,1,8.09,1,1,2,0,exposed,stimulus_relative_context,train,1.0,0.1460921447044864,0.8539078552955136
DEAP:S14:T22,DEAP:S14,T22,0,4.1,1,1,2,0,exposed,stimulus_relative_context,train,1.0,0.7900593411562559,0.20994065884374413
DEAP:S14:T23,DEAP:S14,T23,0,2.41,1,1,2,0,exposed,stimulus_relative_context,train,1.0,0.9919290812855135,0.008070918714486543
DEAP:S14:T24,DEAP:S14,T24,0,2.36,1,1,2,0,exposed,stimulus_relative_context,train,1.0,0.9542476897362395,0.04575231026376047
DEAP:S14:T25,DEAP:S14,T25,0,3.87,1,1,2,0,exposed,stimulus_relative_context,train,1.0,0.8519108203036351,0.14808917969636495
DEAP:S14:T26,DEAP:S14,T26,0,3.28,1,1,2,0,exposed,stimulus_relative_context,train,1.0,0.8563287551519345,0.14367124484806548
DEAP:S14:T33,DEAP:S14,T33,0,3.18,1,1,2,0,exposed,stimulus_relative_context,train,1.0,0.9376327275797102,0.06236727242028986
DEAP:S14:T35,DEAP:S14,T35,0,2.68,1,1,2,0,exposed,stimulus_relative_context,train,1.0,0.9760748958131066,0.023925104186893406
DEAP:S14:T36,DEAP:S14,T36,0,2.01,1,1,2,0,exposed,stimulus_relative_context,train,1.0,0.9493113761049807,0.05068862389501928
DEAP:S15:T01,DEAP:S15,T01,1,8.9,1,1,2,0,exposed,stimulus_relative_context,train,1.0,0.03222676013522463,0.9677732398647754
DEAP:S15:T07,DEAP:S15,T07,1,5.04,1,1,2,0,exposed,stimulus_relative_context,train,1.0,0.2176873024352144,0.7823126975647856
DEAP:S15:T08,DEAP:S15,T08,1,9.0,1,1,2,0,exposed,stimulus_relative_context,train,1.0,0.09021249450039337,0.9097875054996066
DEAP:S15:T09,DEAP:S15,T09,1,9.0,1,1,2,0,exposed,stimulus_relative_context,train,1.0,0.09048782506459097,0.909512174935409
DEAP:S15:T12,DEAP:S15,T12,1,7.08,1,1,2,0,exposed,stimulus_relative_context,train,1.0,0.1036479890243176,0.8963520109756824
DEAP:S15:T13,DEAP:S15,T13,1,7.06,1,1,2,0,exposed,stimulus_relative_context,train,1.0,0.3941974252520488,0.6058025747479512
DEAP:S15:T18,DEAP:S15,T18,1,7.04,1,1,2,0,exposed,stimulus_relative_context,train,1.0,0.07891548191413189,0.9210845180858681
DEAP:S15:T22,DEAP:S15,T22,0,4.12,1,1,2,0,exposed,stimulus_relative_context,train,1.0,0.8669818045994132,0.13301819540058682
DEAP:S15:T23,DEAP:S15,T23,0,3.05,1,1,2,0,exposed,stimulus_relative_context,train,1.0,0.9825645849010525,0.01743541509894754
DEAP:S15:T24,DEAP:S15,T24,0,1.92,1,1,2,0,exposed,stimulus_relative_context,train,1.0,0.8308353429865106,0.1691646570134894
DEAP:S15:T25,DEAP:S15,T25,0,2.96,1,1,2,0,exposed,stimulus_relative_context,train,1.0,0.5801933557823231,0.4198066442176768
DEAP:S15:T26,DEAP:S15,T26,0,4.96,1,1,2,0,exposed,stimulus_relative_context,train,1.0,0.9291876341202066,0.07081236587979345
DEAP:S15:T33,DEAP:S15,T33,0,3.01,1,1,2,0,exposed,stimulus_relative_context,train,1.0,0.9765237945669264,0.02347620543307362
DEAP:S15:T35,DEAP:S15,T35,1,5.05,1,1,2,0,exposed,stimulus_relative_context,train,1.0,0.45594928677557756,0.5440507132244224
DEAP:S15:T36,DEAP:S15,T36,0,3.96,1,1,2,0,exposed,stimulus_relative_context,train,1.0,0.8211158983050367,0.17888410169496327
DEAP:S16:T01,DEAP:S16,T01,0,2.51,1,1,2,0,exposed,stimulus_relative_context,train,1.0,0.7483351463928145,0.25166485360718555
DEAP:S16:T04,DEAP:S16,T04,1,7.09,1,1,2,0,exposed,stimulus_relative_context,train,1.0,0.31349078115977924,0.6865092188402208
DEAP:S16:T07,DEAP:S16,T07,1,6.83,1,1,2,0,exposed,stimulus_relative_context,train,1.0,0.5154461656603986,0.4845538343396014
DEAP:S16:T08,DEAP:S16,T08,0,3.51,1,1,2,0,exposed,stimulus_relative_context,train,1.0,0.472416214768564,0.527583785231436
DEAP:S16:T09,DEAP:S16,T09,0,4.18,1,1,2,0,exposed,stimulus_relative_context,train,1.0,0.5180130449009719,0.48198695509902806
DEAP:S16:T12,DEAP:S16,T12,1,5.97,1,1,2,0,exposed,stimulus_relative_context,train,1.0,0.1852694132028916,0.8147305867971084
DEAP:S16:T13,DEAP:S16,T13,0,3.88,1,1,2,0,exposed,stimulus_relative_context,train,1.0,0.8595332972476082,0.14046670275239187
DEAP:S16:T23,DEAP:S16,T23,0,3.9,1,1,2,0,exposed,stimulus_relative_context,train,1.0,0.9973911486641353,0.002608851335864766
DEAP:S16:T24,DEAP:S16,T24,0,2.51,1,1,2,0,exposed,stimulus_relative_context,train,1.0,0.9965970477714079,0.0034029522285921026
DEAP:S16:T25,DEAP:S16,T25,0,2.47,1,1,2,0,exposed,stimulus_relative_context,train,1.0,0.9847425887064679,0.015257411293532072
DEAP:S16:T26,DEAP:S16,T26,0,1.82,1,1,2,0,exposed,stimulus_relative_context,train,1.0,0.9640946845314067,0.03590531546859338
DEAP:S16:T33,DEAP:S16,T33,0,1.0,1,1,2,0,exposed,stimulus_relative_context,train,1.0,0.9801984489665502,0.019801551033449792
DEAP:S16:T35,DEAP:S16,T35,0,1.0,1,1,2,0,exposed,stimulus_relative_context,train,1.0,0.9872648476764453,0.01273515232355466
DEAP:S16:T36,DEAP:S16,T36,1,5.05,1,1,2,0,exposed,stimulus_relative_context,train,1.0,0.9229356853287946,0.07706431467120549
DEAP:S17:T01,DEAP:S17,T01,0,4.05,1,1,2,0,exposed,stimulus_relative_context,train,1.0,0.3803284564517636,0.6196715435482364
DEAP:S17:T04,DEAP:S17,T04,1,6.35,1,1,2,0,exposed,stimulus_relative_context,train,1.0,0.03202088995729002,0.96797911004271
DEAP:S17:T07,DEAP:S17,T07,1,7.08,1,1,2,0,exposed,stimulus_relative_context,train,1.0,0.2686164141757068,0.7313835858242932
DEAP:S17:T08,DEAP:S17,T08,1,6.05,1,1,2,0,exposed,stimulus_relative_context,train,1.0,0.3169884451447855,0.6830115548552145
DEAP:S17:T09,DEAP:S17,T09,1,6.04,1,1,2,0,exposed,stimulus_relative_context,train,1.0,0.1536445512334812,0.8463554487665188
DEAP:S17:T12,DEAP:S17,T12,1,5.96,1,1,2,0,exposed,stimulus_relative_context,train,1.0,0.07528662565681421,0.9247133743431858
DEAP:S17:T13,DEAP:S17,T13,0,4.54,1,1,2,0,exposed,stimulus_relative_context,train,1.0,0.6963173184234528,0.30368268157654715
DEAP:S17:T18,DEAP:S17,T18,1,6.22,1,1,2,0,exposed,stimulus_relative_context,train,1.0,0.15374365698208448,0.8462563430179155
DEAP:S17:T22,DEAP:S17,T22,0,3.19,1,1,2,0,exposed,stimulus_relative_context,train,1.0,0.9494538940843139,0.050546105915686056
DEAP:S17:T23,DEAP:S17,T23,0,3.62,1,1,2,0,exposed,stimulus_relative_context,train,1.0,0.994288501245547,0.005711498754453022
DEAP:S17:T24,DEAP:S17,T24,0,4.53,1,1,2,0,exposed,stimulus_relative_context,train,1.0,0.940018415151357,0.059981584848643035
DEAP:S17:T25,DEAP:S17,T25,1,6.18,1,1,2,0,exposed,stimulus_relative_context,train,1.0,0.9455259985758483,0.054474001424151666
DEAP:S17:T26,DEAP:S17,T26,0,3.73,1,1,2,0,exposed,stimulus_relative_context,train,1.0,0.9130125698586209,0.08698743014137911
DEAP:S17:T33,DEAP:S17,T33,0,3.83,1,1,2,0,exposed,stimulus_relative_context,train,1.0,0.898084580418071,0.10191541958192896
DEAP:S17:T35,DEAP:S17,T35,0,4.17,1,1,2,0,exposed,stimulus_relative_context,train,1.0,0.9314633756269622,0.0685366243730378
DEAP:S17:T36,DEAP:S17,T36,0,3.37,1,1,2,0,exposed,stimulus_relative_context,train,1.0,0.77096553668683,0.22903446331317007
DEAP:S18:T04,DEAP:S18,T04,1,6.65,1,1,2,0,exposed,stimulus_relative_context,train,1.0,0.003273784802154567,0.9967262151978454
DEAP:S18:T07,DEAP:S18,T07,1,7.33,1,1,2,0,exposed,stimulus_relative_context,train,1.0,0.048154107659499235,0.9518458923405008
DEAP:S18:T09,DEAP:S18,T09,1,6.55,1,1,2,0,exposed,stimulus_relative_context,train,1.0,0.004830940438174447,0.9951690595618256
DEAP:S18:T12,DEAP:S18,T12,1,5.55,1,1,2,0,exposed,stimulus_relative_context,train,1.0,0.03468951403821752,0.9653104859617825
DEAP:S18:T13,DEAP:S18,T13,1,7.33,1,1,2,0,exposed,stimulus_relative_context,train,1.0,0.10540642326991256,0.8945935767300874
DEAP:S18:T18,DEAP:S18,T18,1,7.05,1,1,2,0,exposed,stimulus_relative_context,train,1.0,0.005302168154848741,0.9946978318451513
DEAP:S18:T22,DEAP:S18,T22,1,5.69,1,1,2,0,exposed,stimulus_relative_context,train,1.0,0.471113863226425,0.528886136773575
DEAP:S18:T23,DEAP:S18,T23,0,3.71,1,1,2,0,exposed,stimulus_relative_context,train,1.0,0.7804007177996563,0.21959928220034378
DEAP:S18:T24,DEAP:S18,T24,0,3.22,1,1,2,0,exposed,stimulus_relative_context,train,1.0,0.8073666166704591,0.19263338332954094
DEAP:S18:T25,DEAP:S18,T25,0,4.23,1,1,2,0,exposed,stimulus_relative_context,train,1.0,0.793421314943479,0.20657868505652094
DEAP:S18:T33,DEAP:S18,T33,0,4.56,1,1,2,0,exposed,stimulus_relative_context,train,1.0,0.5054387741003122,0.49456122589968776
DEAP:S18:T35,DEAP:S18,T35,1,5.12,1,1,2,0,exposed,stimulus_relative_context,train,1.0,0.50332874473176,0.4966712552682399
DEAP:S18:T36,DEAP:S18,T36,1,5.24,1,1,2,0,exposed,stimulus_relative_context,train,1.0,0.4014744401629533,0.5985255598370467
DEAP:S19:T01,DEAP:S19,T01,1,7.44,1,1,2,0,exposed,stimulus_relative_context,train,1.0,0.07608986681902796,0.923910133180972
DEAP:S19:T04,DEAP:S19,T04,1,5.77,1,1,2,0,exposed,stimulus_relative_context,train,1.0,0.04053983038624143,0.9594601696137586
DEAP:S19:T07,DEAP:S19,T07,1,6.64,1,1,2,0,exposed,stimulus_relative_context,train,1.0,0.20454668157476086,0.7954533184252391
DEAP:S19:T08,DEAP:S19,T08,1,7.44,1,1,2,0,exposed,stimulus_relative_context,train,1.0,0.04140749012794631,0.9585925098720537
DEAP:S19:T12,DEAP:S19,T12,1,6.26,1,1,2,0,exposed,stimulus_relative_context,train,1.0,0.04213833687603319,0.9578616631239668
DEAP:S19:T13,DEAP:S19,T13,1,7.53,1,1,2,0,exposed,stimulus_relative_context,train,1.0,0.20467917379780753,0.7953208262021925
DEAP:S19:T18,DEAP:S19,T18,1,7.77,1,1,2,0,exposed,stimulus_relative_context,train,1.0,0.11117285705800262,0.8888271429419974
DEAP:S19:T22,DEAP:S19,T22,1,5.04,1,1,2,0,exposed,stimulus_relative_context,train,1.0,0.8782415086617985,0.12175849133820152
DEAP:S19:T23,DEAP:S19,T23,0,3.77,1,1,2,0,exposed,stimulus_relative_context,train,1.0,0.9845494134802835,0.015450586519716536
DEAP:S19:T24,DEAP:S19,T24,0,3.23,1,1,2,0,exposed,stimulus_relative_context,train,1.0,0.8789752000533565,0.12102479994664349
DEAP:S19:T25,DEAP:S19,T25,0,2.19,1,1,2,0,exposed,stimulus_relative_context,train,1.0,0.8073644916874418,0.1926355083125581
DEAP:S19:T26,DEAP:S19,T26,0,4.95,1,1,2,0,exposed,stimulus_relative_context,train,1.0,0.7569985571012016,0.24300144289879846
DEAP:S19:T33,DEAP:S19,T33,0,3.4,1,1,2,0,exposed,stimulus_relative_context,train,1.0,0.7297684595778324,0.27023154042216757
DEAP:S19:T35,DEAP:S19,T35,0,3.21,1,1,2,0,exposed,stimulus_relative_context,train,1.0,0.8908381709596326,0.10916182904036746
DEAP:S19:T36,DEAP:S19,T36,0,3.71,1,1,2,0,exposed,stimulus_relative_context,train,1.0,0.8343825864348685,0.1656174135651315
DEAP:S24:T01,DEAP:S24,T01,1,7.06,1,1,2,0,exposed,stimulus_relative_context,train,1.0,0.17962512052011104,0.820374879479889
DEAP:S24:T04,DEAP:S24,T04,1,6.05,1,1,2,0,exposed,stimulus_relative_context,train,1.0,0.018808644030537502,0.9811913559694625
DEAP:S24:T07,DEAP:S24,T07,0,3.04,1,1,2,0,exposed,stimulus_relative_context,train,1.0,0.6458137940865565,0.35418620591344346
DEAP:S24:T08,DEAP:S24,T08,1,7.03,1,1,2,0,exposed,stimulus_relative_context,train,1.0,0.10230610418534924,0.8976938958146508
DEAP:S24:T12,DEAP:S24,T12,1,7.04,1,1,2,0,exposed,stimulus_relative_context,train,1.0,0.10203190144429586,0.8979680985557041
DEAP:S24:T13,DEAP:S24,T13,1,8.0,1,1,2,0,exposed,stimulus_relative_context,train,1.0,0.16222753539291135,0.8377724646070887
DEAP:S24:T18,DEAP:S24,T18,1,8.96,1,1,2,0,exposed,stimulus_relative_context,train,1.0,0.052304705829061215,0.9476952941709388
DEAP:S24:T22,DEAP:S24,T22,0,3.03,1,1,2,0,exposed,stimulus_relative_context,train,1.0,0.7889266579299241,0.2110733420700759
DEAP:S24:T23,DEAP:S24,T23,0,1.0,1,1,2,0,exposed,stimulus_relative_context,train,1.0,0.8977281567364194,0.10227184326358062
DEAP:S24:T24,DEAP:S24,T24,0,2.99,1,1,2,0,exposed,stimulus_relative_context,train,1.0,0.9371586354058394,0.06284136459416054
DEAP:S24:T25,DEAP:S24,T25,0,3.12,1,1,2,0,exposed,stimulus_relative_context,train,1.0,0.9781996766100306,0.021800323389969407
DEAP:S24:T26,DEAP:S24,T26,0,4.05,1,1,2,0,exposed,stimulus_relative_context,train,1.0,0.8901380880663479,0.10986191193365213
DEAP:S24:T33,DEAP:S24,T33,1,5.01,1,1,2,0,exposed,stimulus_relative_context,train,1.0,0.7414078177412848,0.25859218225871516
DEAP:S24:T35,DEAP:S24,T35,0,4.05,1,1,2,0,exposed,stimulus_relative_context,train,1.0,0.9857388145896753,0.014261185410324761
DEAP:S24:T36,DEAP:S24,T36,0,4.0,1,1,2,0,exposed,stimulus_relative_context,train,1.0,0.8202814542545711,0.17971854574542892
DEAP:S25:T01,DEAP:S25,T01,1,8.06,1,1,2,0,exposed,stimulus_relative_context,train,1.0,0.47881361422331636,0.5211863857766836
DEAP:S25:T07,DEAP:S25,T07,1,6.08,1,1,2,0,exposed,stimulus_relative_context,train,1.0,0.22312206961748804,0.776877930382512
DEAP:S25:T08,DEAP:S25,T08,1,8.04,1,1,2,0,exposed,stimulus_relative_context,train,1.0,0.06740414661929461,0.9325958533807054
DEAP:S25:T09,DEAP:S25,T09,1,8.09,1,1,2,0,exposed,stimulus_relative_context,train,1.0,0.09030796197928126,0.9096920380207187
DEAP:S25:T12,DEAP:S25,T12,1,8.04,1,1,2,0,exposed,stimulus_relative_context,train,1.0,0.04774345488723064,0.9522565451127694
DEAP:S25:T13,DEAP:S25,T13,1,7.97,1,1,2,0,exposed,stimulus_relative_context,train,1.0,0.37167849213565907,0.6283215078643409
DEAP:S25:T18,DEAP:S25,T18,0,3.04,1,1,2,0,exposed,stimulus_relative_context,train,1.0,0.3154406332351837,0.6845593667648163
DEAP:S25:T22,DEAP:S25,T22,1,8.03,1,1,2,0,exposed,stimulus_relative_context,train,1.0,0.7122267008860284,0.2877732991139716
DEAP:S25:T23,DEAP:S25,T23,0,2.01,1,1,2,0,exposed,stimulus_relative_context,train,1.0,0.9958532490213113,0.00414675097868869
DEAP:S25:T24,DEAP:S25,T24,0,3.05,1,1,2,0,exposed,stimulus_relative_context,train,1.0,0.8664439213831066,0.1335560786168934
DEAP:S25:T25,DEAP:S25,T25,0,4.96,1,1,2,0,exposed,stimulus_relative_context,train,1.0,0.9204488781847082,0.07955112181529181
DEAP:S25:T26,DEAP:S25,T26,0,4.99,1,1,2,0,exposed,stimulus_relative_context,train,1.0,0.7976393211683618,0.2023606788316382
DEAP:S25:T33,DEAP:S25,T33,0,1.94,1,1,2,0,exposed,stimulus_relative_context,train,1.0,0.8945601031115659,0.10543989688843415
DEAP:S25:T35,DEAP:S25,T35,0,3.03,1,1,2,0,exposed,stimulus_relative_context,train,1.0,0.7927591035404519,0.2072408964595481
DEAP:S25:T36,DEAP:S25,T36,0,3.0,1,1,2,0,exposed,stimulus_relative_context,train,1.0,0.8758711702758972,0.12412882972410275
DEAP:S26:T01,DEAP:S26,T01,1,7.97,1,1,2,0,exposed,stimulus_relative_context,train,1.0,0.14533179243153238,0.8546682075684676
DEAP:S26:T04,DEAP:S26,T04,1,8.03,1,1,2,0,exposed,stimulus_relative_context,train,1.0,0.00651767740063014,0.9934823225993699
DEAP:S26:T08,DEAP:S26,T08,1,8.01,1,1,2,0,exposed,stimulus_relative_context,train,1.0,0.001336567154457402,0.9986634328455426
DEAP:S26:T09,DEAP:S26,T09,1,8.05,1,1,2,0,exposed,stimulus_relative_context,train,1.0,0.005658802163315935,0.9943411978366841
DEAP:S26:T12,DEAP:S26,T12,1,7.04,1,1,2,0,exposed,stimulus_relative_context,train,1.0,0.01118397299453866,0.9888160270054613
DEAP:S26:T13,DEAP:S26,T13,1,7.12,1,1,2,0,exposed,stimulus_relative_context,train,1.0,0.026929441361046358,0.9730705586389536
DEAP:S26:T18,DEAP:S26,T18,1,9.0,1,1,2,0,exposed,stimulus_relative_context,train,1.0,0.0034626967060229497,0.996537303293977
DEAP:S26:T23,DEAP:S26,T23,0,2.28,1,1,2,0,exposed,stimulus_relative_context,train,1.0,0.8733871496185859,0.12661285038141418
DEAP:S26:T24,DEAP:S26,T24,1,9.0,1,1,2,0,exposed,stimulus_relative_context,train,1.0,0.6135145006912381,0.38648549930876186
DEAP:S26:T25,DEAP:S26,T25,1,7.14,1,1,2,0,exposed,stimulus_relative_context,train,1.0,0.6073330910955194,0.39266690890448064
DEAP:S26:T26,DEAP:S26,T26,1,5.05,1,1,2,0,exposed,stimulus_relative_context,train,1.0,0.10641188420963521,0.8935881157903648
DEAP:S26:T33,DEAP:S26,T33,0,1.0,1,1,2,0,exposed,stimulus_relative_context,train,1.0,0.5813551539587195,0.4186448460412805
DEAP:S26:T35,DEAP:S26,T35,0,2.97,1,1,2,0,exposed,stimulus_relative_context,train,1.0,0.601271035276677,0.39872896472332303
DEAP:S26:T36,DEAP:S26,T36,0,2.92,1,1,2,0,exposed,stimulus_relative_context,train,1.0,0.4904671629444619,0.5095328370555381
DEAP:S27:T01,DEAP:S27,T01,1,6.03,1,1,2,0,exposed,stimulus_relative_context,train,1.0,0.02998528959978608,0.9700147104002139
DEAP:S27:T07,DEAP:S27,T07,0,4.94,1,1,2,0,exposed,stimulus_relative_context,train,1.0,0.11546658876715177,0.8845334112328482
DEAP:S27:T08,DEAP:S27,T08,1,8.24,1,1,2,0,exposed,stimulus_relative_context,train,1.0,0.004638793971294852,0.9953612060287051
DEAP:S27:T09,DEAP:S27,T09,1,8.99,1,1,2,0,exposed,stimulus_relative_context,train,1.0,0.021482004308674307,0.9785179956913257
DEAP:S27:T12,DEAP:S27,T12,0,4.18,1,1,2,0,exposed,stimulus_relative_context,train,1.0,0.05431936510820157,0.9456806348917984
DEAP:S27:T13,DEAP:S27,T13,1,7.01,1,1,2,0,exposed,stimulus_relative_context,train,1.0,0.12551030856744905,0.874489691432551
DEAP:S27:T18,DEAP:S27,T18,1,9.0,1,1,2,0,exposed,stimulus_relative_context,train,1.0,0.01270535211406243,0.9872946478859376
DEAP:S27:T22,DEAP:S27,T22,1,7.29,1,1,2,0,exposed,stimulus_relative_context,train,1.0,0.4672713548348528,0.5327286451651472
DEAP:S27:T23,DEAP:S27,T23,1,8.0,1,1,2,0,exposed,stimulus_relative_context,train,1.0,0.8856356835536261,0.11436431644637395
DEAP:S27:T24,DEAP:S27,T24,1,8.9,1,1,2,0,exposed,stimulus_relative_context,train,1.0,0.24844446906417694,0.7515555309358231
DEAP:S27:T25,DEAP:S27,T25,0,4.0,1,1,2,0,exposed,stimulus_relative_context,train,1.0,0.6250472671251344,0.3749527328748657
DEAP:S27:T26,DEAP:S27,T26,1,5.04,1,1,2,0,exposed,stimulus_relative_context,train,1.0,0.43333255265477366,0.5666674473452263
DEAP:S27:T33,DEAP:S27,T33,1,5.04,1,1,2,0,exposed,stimulus_relative_context,train,1.0,0.5439828246429637,0.4560171753570363
DEAP:S27:T35,DEAP:S27,T35,0,1.0,1,1,2,0,exposed,stimulus_relative_context,train,1.0,0.5704741471718988,0.4295258528281012
DEAP:S27:T36,DEAP:S27,T36,1,6.13,1,1,2,0,exposed,stimulus_relative_context,train,1.0,0.49985902906560375,0.5001409709343962
DEAP:S28:T01,DEAP:S28,T01,1,7.03,1,1,2,0,exposed,stimulus_relative_context,train,1.0,0.031342637632493564,0.9686573623675064
DEAP:S28:T04,DEAP:S28,T04,1,8.08,1,1,2,0,exposed,stimulus_relative_context,train,1.0,0.031591780920168566,0.9684082190798314
DEAP:S28:T07,DEAP:S28,T07,1,8.09,1,1,2,0,exposed,stimulus_relative_context,train,1.0,0.05153852188987118,0.9484614781101288
DEAP:S28:T08,DEAP:S28,T08,1,7.01,1,1,2,0,exposed,stimulus_relative_context,train,1.0,0.015224986338351565,0.9847750136616484
DEAP:S28:T09,DEAP:S28,T09,1,5.04,1,1,2,0,exposed,stimulus_relative_context,train,1.0,0.012930097603177981,0.987069902396822
DEAP:S28:T12,DEAP:S28,T12,1,6.06,1,1,2,0,exposed,stimulus_relative_context,train,1.0,0.03587241139361064,0.9641275886063894
DEAP:S28:T13,DEAP:S28,T13,0,2.09,1,1,2,0,exposed,stimulus_relative_context,train,1.0,0.39005127443448806,0.6099487255655119
DEAP:S28:T18,DEAP:S28,T18,1,8.08,1,1,2,0,exposed,stimulus_relative_context,train,1.0,0.04319854683750557,0.9568014531624944
DEAP:S28:T22,DEAP:S28,T22,1,5.03,1,1,2,0,exposed,stimulus_relative_context,train,1.0,0.6547484263281286,0.3452515736718714
DEAP:S28:T23,DEAP:S28,T23,0,2.03,1,1,2,0,exposed,stimulus_relative_context,train,1.0,0.9806667650410633,0.0193332349589367
DEAP:S28:T24,DEAP:S28,T24,0,4.04,1,1,2,0,exposed,stimulus_relative_context,train,1.0,0.943254560430356,0.05674543956964398
DEAP:S28:T25,DEAP:S28,T25,0,4.06,1,1,2,0,exposed,stimulus_relative_context,train,1.0,0.8146475655065432,0.18535243449345684
DEAP:S28:T26,DEAP:S28,T26,0,1.99,1,1,2,0,exposed,stimulus_relative_context,train,1.0,0.8467350646001071,0.15326493539989294
DEAP:S28:T33,DEAP:S28,T33,1,7.01,1,1,2,0,exposed,stimulus_relative_context,train,1.0,0.7305049933481247,0.2694950066518753
DEAP:S28:T35,DEAP:S28,T35,0,1.08,1,1,2,0,exposed,stimulus_relative_context,train,1.0,0.8820590108660761,0.11794098913392388
DEAP:S28:T36,DEAP:S28,T36,0,3.08,1,1,2,0,exposed,stimulus_relative_context,train,1.0,0.9272902461197167,0.07270975388028333
DEAP:S29:T01,DEAP:S29,T01,1,6.06,1,1,2,0,exposed,stimulus_relative_context,train,1.0,0.12306603759956869,0.8769339624004313
DEAP:S29:T04,DEAP:S29,T04,1,7.17,1,1,2,0,exposed,stimulus_relative_context,train,1.0,0.015839731063953866,0.9841602689360461
DEAP:S29:T07,DEAP:S29,T07,1,7.04,1,1,2,0,exposed,stimulus_relative_context,train,1.0,0.33070255370651935,0.6692974462934806
DEAP:S29:T08,DEAP:S29,T08,1,7.04,1,1,2,0,exposed,stimulus_relative_context,train,1.0,0.09194331115525312,0.9080566888447469
DEAP:S29:T09,DEAP:S29,T09,1,7.06,1,1,2,0,exposed,stimulus_relative_context,train,1.0,0.09047121736574493,0.9095287826342551
DEAP:S29:T12,DEAP:S29,T12,1,6.04,1,1,2,0,exposed,stimulus_relative_context,train,1.0,0.12701944770058116,0.8729805522994188
DEAP:S29:T13,DEAP:S29,T13,1,6.06,1,1,2,0,exposed,stimulus_relative_context,train,1.0,0.11825512776340263,0.8817448722365974
DEAP:S29:T18,DEAP:S29,T18,1,7.01,1,1,2,0,exposed,stimulus_relative_context,train,1.0,0.07940761839853427,0.9205923816014657
DEAP:S29:T22,DEAP:S29,T22,0,3.05,1,1,2,0,exposed,stimulus_relative_context,train,1.0,0.7474100010429006,0.25258999895709944
DEAP:S29:T23,DEAP:S29,T23,0,2.05,1,1,2,0,exposed,stimulus_relative_context,train,1.0,0.9792294229148786,0.020770577085121394
DEAP:S29:T24,DEAP:S29,T24,0,4.12,1,1,2,0,exposed,stimulus_relative_context,train,1.0,0.8692955140626923,0.13070448593730769
DEAP:S29:T25,DEAP:S29,T25,0,3.03,1,1,2,0,exposed,stimulus_relative_context,train,1.0,0.90260905532664,0.09739094467335994
DEAP:S29:T26,DEAP:S29,T26,0,3.0,1,1,2,0,exposed,stimulus_relative_context,train,1.0,0.8112530571981247,0.18874694280187532
DEAP:S29:T33,DEAP:S29,T33,0,1.99,1,1,2,0,exposed,stimulus_relative_context,train,1.0,0.5309182109111947,0.46908178908880527
DEAP:S29:T35,DEAP:S29,T35,0,1.92,1,1,2,0,exposed,stimulus_relative_context,train,1.0,0.8552889975464459,0.14471100245355403
DEAP:S29:T36,DEAP:S29,T36,1,5.03,1,1,2,0,exposed,stimulus_relative_context,train,1.0,0.6786928602113698,0.32130713978863024
DEAP:S30:T01,DEAP:S30,T01,1,5.04,1,1,2,0,exposed,stimulus_relative_context,train,1.0,0.04147679236873525,0.9585232076312648
DEAP:S30:T04,DEAP:S30,T04,1,7.04,1,1,2,0,exposed,stimulus_relative_context,train,1.0,0.010995228626844766,0.9890047713731552
DEAP:S30:T07,DEAP:S30,T07,0,4.05,1,1,2,0,exposed,stimulus_relative_context,train,1.0,0.45597172709496725,0.5440282729050328
DEAP:S30:T08,DEAP:S30,T08,1,6.05,1,1,2,0,exposed,stimulus_relative_context,train,1.0,0.025269351898169035,0.974730648101831
DEAP:S30:T09,DEAP:S30,T09,1,7.08,1,1,2,0,exposed,stimulus_relative_context,train,1.0,0.06460239707263848,0.9353976029273615
DEAP:S30:T12,DEAP:S30,T12,1,5.15,1,1,2,0,exposed,stimulus_relative_context,train,1.0,0.021312100677470802,0.9786878993225292
DEAP:S30:T13,DEAP:S30,T13,0,4.04,1,1,2,0,exposed,stimulus_relative_context,train,1.0,0.27376153468111186,0.7262384653188881
DEAP:S30:T18,DEAP:S30,T18,1,7.05,1,1,2,0,exposed,stimulus_relative_context,train,1.0,0.03803159874132622,0.9619684012586738
DEAP:S30:T22,DEAP:S30,T22,0,4.05,1,1,2,0,exposed,stimulus_relative_context,train,1.0,0.5257674616858361,0.47423253831416395
DEAP:S30:T24,DEAP:S30,T24,1,5.99,1,1,2,0,exposed,stimulus_relative_context,train,1.0,0.7456968938035032,0.25430310619649676
DEAP:S30:T26,DEAP:S30,T26,1,5.01,1,1,2,0,exposed,stimulus_relative_context,train,1.0,0.6901008058213121,0.309899194178688
DEAP:S30:T33,DEAP:S30,T33,0,3.91,1,1,2,0,exposed,stimulus_relative_context,train,1.0,0.6597923136017663,0.3402076863982338
DEAP:S30:T35,DEAP:S30,T35,1,5.04,1,1,2,0,exposed,stimulus_relative_context,train,1.0,0.9546506786867694,0.04534932131323053
DEAP:S30:T36,DEAP:S30,T36,0,4.03,1,1,2,0,exposed,stimulus_relative_context,train,1.0,0.6947972583232258,0.30520274167677414
DEAP:S32:T01,DEAP:S32,T01,1,8.13,1,1,2,0,exposed,stimulus_relative_context,train,1.0,0.06583782423015294,0.9341621757698471
DEAP:S32:T04,DEAP:S32,T04,1,6.96,1,1,2,0,exposed,stimulus_relative_context,train,1.0,0.004557028355566373,0.9954429716444336
DEAP:S32:T07,DEAP:S32,T07,0,4.94,1,1,2,0,exposed,stimulus_relative_context,train,1.0,0.9608740453224336,0.03912595467756639
DEAP:S32:T08,DEAP:S32,T08,1,7.96,1,1,2,0,exposed,stimulus_relative_context,train,1.0,0.03019717377932052,0.9698028262206795
DEAP:S32:T09,DEAP:S32,T09,1,7.86,1,1,2,0,exposed,stimulus_relative_context,train,1.0,0.018247151734469003,0.981752848265531
DEAP:S32:T12,DEAP:S32,T12,1,7.31,1,1,2,0,exposed,stimulus_relative_context,train,1.0,0.06789610774339916,0.9321038922566008
DEAP:S32:T13,DEAP:S32,T13,1,7.09,1,1,2,0,exposed,stimulus_relative_context,train,1.0,0.27823933583384786,0.7217606641661521
DEAP:S32:T18,DEAP:S32,T18,1,8.03,1,1,2,0,exposed,stimulus_relative_context,train,1.0,0.1687824910049912,0.8312175089950088
DEAP:S32:T22,DEAP:S32,T22,0,4.15,1,1,2,0,exposed,stimulus_relative_context,train,1.0,0.827347679300988,0.172652320699012
DEAP:S32:T23,DEAP:S32,T23,0,3.01,1,1,2,0,exposed,stimulus_relative_context,train,1.0,0.9746365691524992,0.025363430847500854
DEAP:S32:T24,DEAP:S32,T24,0,1.0,1,1,2,0,exposed,stimulus_relative_context,train,1.0,0.9902933213333805,0.009706678666619444
DEAP:S32:T25,DEAP:S32,T25,0,4.01,1,1,2,0,exposed,stimulus_relative_context,train,1.0,0.8358982242575725,0.16410177574242749
DEAP:S32:T33,DEAP:S32,T33,0,4.06,1,1,2,0,exposed,stimulus_relative_context,train,1.0,0.8770357933214488,0.1229642066785512
DEAP:S32:T35,DEAP:S32,T35,0,3.88,1,1,2,0,exposed,stimulus_relative_context,train,1.0,0.9617271428998199,0.03827285710018016
DEAP:S32:T36,DEAP:S32,T36,0,3.91,1,1,2,0,exposed,stimulus_relative_context,train,1.0,0.9337099853176489,0.06629001468235104
DEAP:S03:T05,DEAP:S03,T05,1,6.92,1,1,2,0,exposed,stimulus_relative_context,validation_unseen,1.0,0.1553496200698965,0.8446503799301035
DEAP:S03:T15,DEAP:S03,T15,1,7.36,1,1,2,0,exposed,stimulus_relative_context,validation_unseen,1.0,0.25666057952597343,0.7433394204740266
DEAP:S03:T19,DEAP:S03,T19,1,8.14,1,1,2,0,exposed,stimulus_relative_context,validation_unseen,1.0,0.2609723530157221,0.7390276469842779
DEAP:S03:T27,DEAP:S03,T27,1,6.72,1,1,2,0,exposed,stimulus_relative_context,validation_unseen,1.0,0.2799793978918146,0.7200206021081854
DEAP:S03:T28,DEAP:S03,T28,1,5.59,1,1,2,0,exposed,stimulus_relative_context,validation_unseen,1.0,0.02541896913735109,0.9745810308626489
DEAP:S03:T29,DEAP:S03,T29,0,4.47,1,1,2,0,exposed,stimulus_relative_context,validation_unseen,1.0,0.3329883123289885,0.6670116876710115
DEAP:S03:T30,DEAP:S03,T30,0,3.87,1,1,2,0,exposed,stimulus_relative_context,validation_unseen,1.0,0.1745473543068734,0.8254526456931266
DEAP:S03:T32,DEAP:S03,T32,1,5.17,1,1,2,0,exposed,stimulus_relative_context,validation_unseen,1.0,0.07844124508040984,0.9215587549195902
DEAP:S04:T05,DEAP:S04,T05,0,4.06,1,1,2,0,exposed,stimulus_relative_context,validation_unseen,1.0,0.17956801644498566,0.8204319835550143
DEAP:S04:T15,DEAP:S04,T15,1,6.96,1,1,2,0,exposed,stimulus_relative_context,validation_unseen,1.0,0.44313544491253054,0.5568645550874695
DEAP:S04:T19,DEAP:S04,T19,1,7.09,1,1,2,0,exposed,stimulus_relative_context,validation_unseen,1.0,0.41973771064511023,0.5802622893548898
DEAP:S04:T27,DEAP:S04,T27,1,6.14,1,1,2,0,exposed,stimulus_relative_context,validation_unseen,1.0,0.13236844916786672,0.8676315508321333
DEAP:S04:T28,DEAP:S04,T28,0,2.17,1,1,2,0,exposed,stimulus_relative_context,validation_unseen,1.0,0.5996720711601795,0.40032792883982055
DEAP:S04:T29,DEAP:S04,T29,0,1.85,1,1,2,0,exposed,stimulus_relative_context,validation_unseen,1.0,0.19653237961802827,0.8034676203819717
DEAP:S04:T30,DEAP:S04,T30,0,3.1,1,1,2,0,exposed,stimulus_relative_context,validation_unseen,1.0,0.11628250334747503,0.883717496652525
DEAP:S04:T32,DEAP:S04,T32,0,1.01,1,1,2,0,exposed,stimulus_relative_context,validation_unseen,1.0,0.05395701862602198,0.946042981373978
DEAP:S21:T05,DEAP:S21,T05,1,8.09,1,1,2,0,exposed,stimulus_relative_context,validation_unseen,1.0,0.2173967666756076,0.7826032333243924
DEAP:S21:T15,DEAP:S21,T15,1,6.92,1,1,2,0,exposed,stimulus_relative_context,validation_unseen,1.0,0.20045398186268526,0.7995460181373147
DEAP:S21:T19,DEAP:S21,T19,1,7.26,1,1,2,0,exposed,stimulus_relative_context,validation_unseen,1.0,0.7066941587095465,0.29330584129045345
DEAP:S21:T27,DEAP:S21,T27,0,4.01,1,1,2,0,exposed,stimulus_relative_context,validation_unseen,1.0,0.3159333825755568,0.6840666174244432
DEAP:S21:T28,DEAP:S21,T28,0,3.04,1,1,2,0,exposed,stimulus_relative_context,validation_unseen,1.0,0.2128027534997763,0.7871972465002237
DEAP:S21:T29,DEAP:S21,T29,0,3.01,1,1,2,0,exposed,stimulus_relative_context,validation_unseen,1.0,0.2867541112710894,0.7132458887289106
DEAP:S21:T30,DEAP:S21,T30,0,3.45,1,1,2,0,exposed,stimulus_relative_context,validation_unseen,1.0,0.27132397134719644,0.7286760286528036
DEAP:S21:T32,DEAP:S21,T32,1,6.27,1,1,2,0,exposed,stimulus_relative_context,validation_unseen,1.0,0.2000464307586287,0.7999535692413713
DEAP:S22:T05,DEAP:S22,T05,1,7.1,1,1,2,0,exposed,stimulus_relative_context,validation_unseen,1.0,0.10024097594693326,0.8997590240530667
DEAP:S22:T19,DEAP:S22,T19,1,9.0,1,1,2,0,exposed,stimulus_relative_context,validation_unseen,1.0,0.02301071251965625,0.9769892874803437
DEAP:S22:T27,DEAP:S22,T27,1,7.06,1,1,2,0,exposed,stimulus_relative_context,validation_unseen,1.0,0.08655831292188243,0.9134416870781176
DEAP:S22:T28,DEAP:S22,T28,0,4.03,1,1,2,0,exposed,stimulus_relative_context,validation_unseen,1.0,0.043290839144474624,0.9567091608555254
DEAP:S22:T29,DEAP:S22,T29,0,2.0,1,1,2,0,exposed,stimulus_relative_context,validation_unseen,1.0,0.055688321240901506,0.9443116787590985
DEAP:S22:T30,DEAP:S22,T30,0,1.0,1,1,2,0,exposed,stimulus_relative_context,validation_unseen,1.0,0.06905623797792937,0.9309437620220706
DEAP:S22:T32,DEAP:S22,T32,0,1.99,1,1,2,0,exposed,stimulus_relative_context,validation_unseen,1.0,0.10452816384882357,0.8954718361511764
DEAP:S03:T01,DEAP:S03,T01,1,5.33,1,1,2,0,exposed,stimulus_relative_context,validation_familiar,1.0,0.008438452267522711,0.9915615477324773
DEAP:S03:T04,DEAP:S03,T04,0,4.69,1,1,2,0,exposed,stimulus_relative_context,validation_familiar,1.0,0.02595612992302787,0.9740438700769721
DEAP:S03:T07,DEAP:S03,T07,1,5.45,1,1,2,0,exposed,stimulus_relative_context,validation_familiar,1.0,0.4342814263056438,0.5657185736943562
DEAP:S03:T08,DEAP:S03,T08,1,7.14,1,1,2,0,exposed,stimulus_relative_context,validation_familiar,1.0,0.010915766732276788,0.9890842332677232
DEAP:S03:T09,DEAP:S03,T09,1,7.33,1,1,2,0,exposed,stimulus_relative_context,validation_familiar,1.0,0.023850909748078908,0.9761490902519211
DEAP:S03:T12,DEAP:S03,T12,1,6.36,1,1,2,0,exposed,stimulus_relative_context,validation_familiar,1.0,0.022830137189429278,0.9771698628105707
DEAP:S03:T13,DEAP:S03,T13,1,7.91,1,1,2,0,exposed,stimulus_relative_context,validation_familiar,1.0,0.007888217182145052,0.992111782817855
DEAP:S03:T18,DEAP:S03,T18,1,7.1,1,1,2,0,exposed,stimulus_relative_context,validation_familiar,1.0,0.007756816471437555,0.9922431835285624
DEAP:S03:T22,DEAP:S03,T22,0,4.94,1,1,2,0,exposed,stimulus_relative_context,validation_familiar,1.0,0.70233579773781,0.29766420226219
DEAP:S03:T23,DEAP:S03,T23,0,3.65,1,1,2,0,exposed,stimulus_relative_context,validation_familiar,1.0,0.8914144148443329,0.10858558515566707
DEAP:S03:T24,DEAP:S03,T24,0,3.31,1,1,2,0,exposed,stimulus_relative_context,validation_familiar,1.0,0.7181763724690012,0.28182362753099877
DEAP:S03:T25,DEAP:S03,T25,0,3.45,1,1,2,0,exposed,stimulus_relative_context,validation_familiar,1.0,0.6995702066312912,0.3004297933687088
DEAP:S03:T26,DEAP:S03,T26,0,4.67,1,1,2,0,exposed,stimulus_relative_context,validation_familiar,1.0,0.5218698843695337,0.4781301156304662
DEAP:S03:T33,DEAP:S03,T33,0,4.05,1,1,2,0,exposed,stimulus_relative_context,validation_familiar,1.0,0.369455195319204,0.630544804680796
DEAP:S03:T35,DEAP:S03,T35,0,3.18,1,1,2,0,exposed,stimulus_relative_context,validation_familiar,1.0,0.7805282770748445,0.21947172292515554
DEAP:S03:T36,DEAP:S03,T36,1,5.01,1,1,2,0,exposed,stimulus_relative_context,validation_familiar,1.0,0.8132891066112186,0.18671089338878144
DEAP:S04:T01,DEAP:S04,T01,1,6.68,1,1,2,0,exposed,stimulus_relative_context,validation_familiar,1.0,0.09780247669399478,0.9021975233060052
DEAP:S04:T04,DEAP:S04,T04,1,6.1,1,1,2,0,exposed,stimulus_relative_context,validation_familiar,1.0,0.011252711918023572,0.9887472880819764
DEAP:S04:T07,DEAP:S04,T07,0,2.94,1,1,2,0,exposed,stimulus_relative_context,validation_familiar,1.0,0.022007728133153326,0.9779922718668467
DEAP:S04:T08,DEAP:S04,T08,1,5.97,1,1,2,0,exposed,stimulus_relative_context,validation_familiar,1.0,0.011818536950154668,0.9881814630498453
DEAP:S04:T09,DEAP:S04,T09,1,6.05,1,1,2,0,exposed,stimulus_relative_context,validation_familiar,1.0,0.015525558909998183,0.9844744410900018
DEAP:S04:T12,DEAP:S04,T12,1,5.04,1,1,2,0,exposed,stimulus_relative_context,validation_familiar,1.0,0.01300564679089744,0.9869943532091026
DEAP:S04:T13,DEAP:S04,T13,0,4.12,1,1,2,0,exposed,stimulus_relative_context,validation_familiar,1.0,0.06049618242000898,0.939503817579991
DEAP:S04:T18,DEAP:S04,T18,0,4.9,1,1,2,0,exposed,stimulus_relative_context,validation_familiar,1.0,0.03234197495439306,0.9676580250456069
DEAP:S04:T22,DEAP:S04,T22,0,1.86,1,1,2,0,exposed,stimulus_relative_context,validation_familiar,1.0,0.4008265740413872,0.5991734259586128
DEAP:S04:T23,DEAP:S04,T23,0,1.86,1,1,2,0,exposed,stimulus_relative_context,validation_familiar,1.0,0.9143269998412126,0.08567300015878747
DEAP:S04:T24,DEAP:S04,T24,0,2.71,1,1,2,0,exposed,stimulus_relative_context,validation_familiar,1.0,0.6075934196729694,0.3924065803270306
DEAP:S04:T25,DEAP:S04,T25,1,7.0,1,1,2,0,exposed,stimulus_relative_context,validation_familiar,1.0,0.4493804827739466,0.5506195172260534
DEAP:S04:T26,DEAP:S04,T26,1,6.0,1,1,2,0,exposed,stimulus_relative_context,validation_familiar,1.0,0.3245838068743211,0.6754161931256789
DEAP:S04:T33,DEAP:S04,T33,0,1.0,1,1,2,0,exposed,stimulus_relative_context,validation_familiar,1.0,0.6868837981726555,0.31311620182734445
DEAP:S04:T35,DEAP:S04,T35,0,2.03,1,1,2,0,exposed,stimulus_relative_context,validation_familiar,1.0,0.8780373626005283,0.12196263739947166
DEAP:S04:T36,DEAP:S04,T36,0,2.72,1,1,2,0,exposed,stimulus_relative_context,validation_familiar,1.0,0.4068983222400351,0.5931016777599649
DEAP:S21:T01,DEAP:S21,T01,1,6.42,1,1,2,0,exposed,stimulus_relative_context,validation_familiar,1.0,0.10649938724477737,0.8935006127552226
DEAP:S21:T04,DEAP:S21,T04,1,5.05,1,1,2,0,exposed,stimulus_relative_context,validation_familiar,1.0,0.004512995232755723,0.9954870047672443
DEAP:S21:T07,DEAP:S21,T07,1,7.05,1,1,2,0,exposed,stimulus_relative_context,validation_familiar,1.0,0.10719229809551589,0.8928077019044841
DEAP:S21:T08,DEAP:S21,T08,1,8.81,1,1,2,0,exposed,stimulus_relative_context,validation_familiar,1.0,0.0507607829740947,0.9492392170259053
DEAP:S21:T09,DEAP:S21,T09,1,8.56,1,1,2,0,exposed,stimulus_relative_context,validation_familiar,1.0,0.014064205919941064,0.9859357940800589
DEAP:S21:T12,DEAP:S21,T12,0,4.63,1,1,2,0,exposed,stimulus_relative_context,validation_familiar,1.0,0.020760524700023097,0.9792394752999769
DEAP:S21:T13,DEAP:S21,T13,0,4.27,1,1,2,0,exposed,stimulus_relative_context,validation_familiar,1.0,0.21463908597993875,0.7853609140200613
DEAP:S21:T18,DEAP:S21,T18,1,7.99,1,1,2,0,exposed,stimulus_relative_context,validation_familiar,1.0,0.02691100892188647,0.9730889910781135
DEAP:S21:T22,DEAP:S21,T22,0,2.09,1,1,2,0,exposed,stimulus_relative_context,validation_familiar,1.0,0.5480186807352221,0.4519813192647779
DEAP:S21:T23,DEAP:S21,T23,0,4.69,1,1,2,0,exposed,stimulus_relative_context,validation_familiar,1.0,0.771952089522708,0.22804791047729198
DEAP:S21:T24,DEAP:S21,T24,0,2.99,1,1,2,0,exposed,stimulus_relative_context,validation_familiar,1.0,0.8013110354601621,0.19868896453983786
DEAP:S21:T25,DEAP:S21,T25,0,3.97,1,1,2,0,exposed,stimulus_relative_context,validation_familiar,1.0,0.3341579607733155,0.6658420392266845
DEAP:S21:T26,DEAP:S21,T26,0,4.06,1,1,2,0,exposed,stimulus_relative_context,validation_familiar,1.0,0.43765913588127126,0.5623408641187287
DEAP:S21:T33,DEAP:S21,T33,1,7.03,1,1,2,0,exposed,stimulus_relative_context,validation_familiar,1.0,0.5937481629988777,0.40625183700112233
DEAP:S21:T35,DEAP:S21,T35,0,4.92,1,1,2,0,exposed,stimulus_relative_context,validation_familiar,1.0,0.530456651725209,0.4695433482747911
DEAP:S21:T36,DEAP:S21,T36,1,6.88,1,1,2,0,exposed,stimulus_relative_context,validation_familiar,1.0,0.6396316474802877,0.3603683525197124
DEAP:S22:T01,DEAP:S22,T01,1,5.05,1,1,2,0,exposed,stimulus_relative_context,validation_familiar,1.0,0.008161051735414815,0.9918389482645852
DEAP:S22:T04,DEAP:S22,T04,1,7.06,1,1,2,0,exposed,stimulus_relative_context,validation_familiar,1.0,0.0022578505865662457,0.9977421494134338
DEAP:S22:T07,DEAP:S22,T07,1,6.03,1,1,2,0,exposed,stimulus_relative_context,validation_familiar,1.0,0.023090293807193185,0.9769097061928068
DEAP:S22:T08,DEAP:S22,T08,1,7.09,1,1,2,0,exposed,stimulus_relative_context,validation_familiar,1.0,0.003432451932146252,0.9965675480678537
DEAP:S22:T09,DEAP:S22,T09,1,9.0,1,1,2,0,exposed,stimulus_relative_context,validation_familiar,1.0,0.000732381203861765,0.9992676187961382
DEAP:S22:T12,DEAP:S22,T12,0,4.99,1,1,2,0,exposed,stimulus_relative_context,validation_familiar,1.0,0.008376809651139627,0.9916231903488604
DEAP:S22:T13,DEAP:S22,T13,1,7.01,1,1,2,0,exposed,stimulus_relative_context,validation_familiar,1.0,0.09951692328950668,0.9004830767104933
DEAP:S22:T18,DEAP:S22,T18,1,8.08,1,1,2,0,exposed,stimulus_relative_context,validation_familiar,1.0,0.007712626935936218,0.9922873730640638
DEAP:S22:T22,DEAP:S22,T22,0,4.05,1,1,2,0,exposed,stimulus_relative_context,validation_familiar,1.0,0.09969031054889987,0.9003096894511001
DEAP:S22:T23,DEAP:S22,T23,0,2.99,1,1,2,0,exposed,stimulus_relative_context,validation_familiar,1.0,0.8964516964022493,0.10354830359775075
DEAP:S22:T24,DEAP:S22,T24,0,1.96,1,1,2,0,exposed,stimulus_relative_context,validation_familiar,1.0,0.46993695045173767,0.5300630495482623
DEAP:S22:T25,DEAP:S22,T25,0,2.95,1,1,2,0,exposed,stimulus_relative_context,validation_familiar,1.0,0.30927211966113344,0.6907278803388666
DEAP:S22:T33,DEAP:S22,T33,0,1.96,1,1,2,0,exposed,stimulus_relative_context,validation_familiar,1.0,0.3351482630835728,0.6648517369164272
DEAP:S22:T35,DEAP:S22,T35,0,1.99,1,1,2,0,exposed,stimulus_relative_context,validation_familiar,1.0,0.4771268544534889,0.5228731455465111
DEAP:S22:T36,DEAP:S22,T36,0,1.96,1,1,2,0,exposed,stimulus_relative_context,validation_familiar,1.0,0.17265515463338776,0.8273448453666122
DEAP:S02:T01,DEAP:S02,T01,1,9.0,1,1,2,0,exposed,stimulus_relative_context,train,10.0,0.024512688393020454,0.9754873116069795
DEAP:S02:T04,DEAP:S02,T04,1,6.05,1,1,2,0,exposed,stimulus_relative_context,train,10.0,0.08517299513333265,0.9148270048666673
DEAP:S02:T07,DEAP:S02,T07,0,4.96,1,1,2,0,exposed,stimulus_relative_context,train,10.0,0.5554663580967294,0.44453364190327055
DEAP:S02:T08,DEAP:S02,T08,1,9.0,1,1,2,0,exposed,stimulus_relative_context,train,10.0,2.206549113281664e-05,0.9999779345088672
DEAP:S02:T12,DEAP:S02,T12,1,8.01,1,1,2,0,exposed,stimulus_relative_context,train,10.0,1.7872339320712527e-06,0.9999982127660679
DEAP:S02:T13,DEAP:S02,T13,1,9.0,1,1,2,0,exposed,stimulus_relative_context,train,10.0,0.18402774970923608,0.8159722502907639
DEAP:S02:T18,DEAP:S02,T18,1,9.0,1,1,2,0,exposed,stimulus_relative_context,train,10.0,5.1749389325728146e-05,0.9999482506106743
DEAP:S02:T23,DEAP:S02,T23,0,1.0,1,1,2,0,exposed,stimulus_relative_context,train,10.0,0.7047632553281273,0.29523674467187266
DEAP:S02:T24,DEAP:S02,T24,1,7.08,1,1,2,0,exposed,stimulus_relative_context,train,10.0,0.6942286310467789,0.30577136895322105
DEAP:S02:T25,DEAP:S02,T25,1,9.0,1,1,2,0,exposed,stimulus_relative_context,train,10.0,0.14038738517156246,0.8596126148284375
DEAP:S02:T35,DEAP:S02,T35,0,1.99,1,1,2,0,exposed,stimulus_relative_context,train,10.0,0.4297367043917366,0.5702632956082634
DEAP:S02:T36,DEAP:S02,T36,1,5.04,1,1,2,0,exposed,stimulus_relative_context,train,10.0,0.35753609775707473,0.6424639022429253
DEAP:S05:T01,DEAP:S05,T01,1,6.97,1,1,2,0,exposed,stimulus_relative_context,train,10.0,0.19702607139128225,0.8029739286087177
DEAP:S05:T04,DEAP:S05,T04,1,8.24,1,1,2,0,exposed,stimulus_relative_context,train,10.0,0.000423935617370752,0.9995760643826292
DEAP:S05:T07,DEAP:S05,T07,1,5.12,1,1,2,0,exposed,stimulus_relative_context,train,10.0,0.024779465721083138,0.9752205342789169
DEAP:S05:T08,DEAP:S05,T08,1,8.17,1,1,2,0,exposed,stimulus_relative_context,train,10.0,0.06543725857802174,0.9345627414219783
DEAP:S05:T12,DEAP:S05,T12,1,7.08,1,1,2,0,exposed,stimulus_relative_context,train,10.0,2.87203899150823e-05,0.9999712796100849
DEAP:S05:T13,DEAP:S05,T13,0,4.94,1,1,2,0,exposed,stimulus_relative_context,train,10.0,0.32885056015191594,0.6711494398480841
DEAP:S05:T18,DEAP:S05,T18,1,8.05,1,1,2,0,exposed,stimulus_relative_context,train,10.0,0.08854543722919839,0.9114545627708016
DEAP:S05:T22,DEAP:S05,T22,1,6.99,1,1,2,0,exposed,stimulus_relative_context,train,10.0,0.356138015332221,0.643861984667779
DEAP:S05:T23,DEAP:S05,T23,0,1.0,1,1,2,0,exposed,stimulus_relative_context,train,10.0,0.9779648298208052,0.02203517017919471
DEAP:S05:T24,DEAP:S05,T24,0,4.0,1,1,2,0,exposed,stimulus_relative_context,train,10.0,0.6321504770998247,0.36784952290017525
DEAP:S05:T25,DEAP:S05,T25,1,5.96,1,1,2,0,exposed,stimulus_relative_context,train,10.0,0.5139926684421101,0.4860073315578899
DEAP:S05:T26,DEAP:S05,T26,1,7.96,1,1,2,0,exposed,stimulus_relative_context,train,10.0,0.25211873116524275,0.7478812688347573
DEAP:S05:T33,DEAP:S05,T33,1,5.17,1,1,2,0,exposed,stimulus_relative_context,train,10.0,0.3889460770640256,0.6110539229359744
DEAP:S05:T35,DEAP:S05,T35,0,4.86,1,1,2,0,exposed,stimulus_relative_context,train,10.0,0.9446310815684549,0.05536891843154517
DEAP:S05:T36,DEAP:S05,T36,0,4.91,1,1,2,0,exposed,stimulus_relative_context,train,10.0,0.9161953089296544,0.08380469107034555
DEAP:S06:T01,DEAP:S06,T01,1,8.19,1,1,2,0,exposed,stimulus_relative_context,train,10.0,3.638573200126505e-05,0.9999636142679987
DEAP:S06:T07,DEAP:S06,T07,1,8.26,1,1,2,0,exposed,stimulus_relative_context,train,10.0,1.216633422007618e-06,0.999998783366578
DEAP:S06:T08,DEAP:S06,T08,1,7.05,1,1,2,0,exposed,stimulus_relative_context,train,10.0,3.656321633194182e-05,0.9999634367836681
DEAP:S06:T09,DEAP:S06,T09,1,7.87,1,1,2,0,exposed,stimulus_relative_context,train,10.0,1.7427971082284444e-05,0.9999825720289177
DEAP:S06:T12,DEAP:S06,T12,1,7.17,1,1,2,0,exposed,stimulus_relative_context,train,10.0,0.0002242782026831147,0.9997757217973169
DEAP:S06:T13,DEAP:S06,T13,1,7.79,1,1,2,0,exposed,stimulus_relative_context,train,10.0,0.0012676673482893142,0.9987323326517107
DEAP:S06:T18,DEAP:S06,T18,1,7.59,1,1,2,0,exposed,stimulus_relative_context,train,10.0,8.149262653245337e-06,0.9999918507373468
DEAP:S06:T22,DEAP:S06,T22,1,7.56,1,1,2,0,exposed,stimulus_relative_context,train,10.0,0.04698808948550415,0.9530119105144959
DEAP:S06:T23,DEAP:S06,T23,0,3.47,1,1,2,0,exposed,stimulus_relative_context,train,10.0,0.9079508566530355,0.09204914334696444
DEAP:S06:T24,DEAP:S06,T24,0,3.5,1,1,2,0,exposed,stimulus_relative_context,train,10.0,0.7688402637281073,0.2311597362718927
DEAP:S06:T25,DEAP:S06,T25,1,7.09,1,1,2,0,exposed,stimulus_relative_context,train,10.0,0.4227227570326253,0.5772772429673747
DEAP:S06:T26,DEAP:S06,T26,1,5.08,1,1,2,0,exposed,stimulus_relative_context,train,10.0,0.023733080625926162,0.9762669193740738
DEAP:S06:T33,DEAP:S06,T33,1,6.68,1,1,2,0,exposed,stimulus_relative_context,train,10.0,0.03508751668402532,0.9649124833159747
DEAP:S06:T35,DEAP:S06,T35,0,3.96,1,1,2,0,exposed,stimulus_relative_context,train,10.0,0.6627175589846401,0.3372824410153598
DEAP:S06:T36,DEAP:S06,T36,1,5.71,1,1,2,0,exposed,stimulus_relative_context,train,10.0,0.1892600150227849,0.8107399849772151
DEAP:S07:T01,DEAP:S07,T01,1,8.1,1,1,2,0,exposed,stimulus_relative_context,train,10.0,0.16625012571484765,0.8337498742851523
DEAP:S07:T04,DEAP:S07,T04,1,7.08,1,1,2,0,exposed,stimulus_relative_context,train,10.0,0.012105718009044364,0.9878942819909556
DEAP:S07:T07,DEAP:S07,T07,1,7.08,1,1,2,0,exposed,stimulus_relative_context,train,10.0,0.3793877652364922,0.6206122347635078
DEAP:S07:T08,DEAP:S07,T08,1,7.0,1,1,2,0,exposed,stimulus_relative_context,train,10.0,0.0009443746610541259,0.9990556253389459
DEAP:S07:T09,DEAP:S07,T09,1,6.99,1,1,2,0,exposed,stimulus_relative_context,train,10.0,0.03314013579234798,0.966859864207652
DEAP:S07:T12,DEAP:S07,T12,1,6.99,1,1,2,0,exposed,stimulus_relative_context,train,10.0,0.012645923360268041,0.987354076639732
DEAP:S07:T13,DEAP:S07,T13,1,8.0,1,1,2,0,exposed,stimulus_relative_context,train,10.0,0.10273924657978728,0.8972607534202127
DEAP:S07:T18,DEAP:S07,T18,1,7.03,1,1,2,0,exposed,stimulus_relative_context,train,10.0,0.014399470927698221,0.9856005290723018
DEAP:S07:T22,DEAP:S07,T22,0,3.05,1,1,2,0,exposed,stimulus_relative_context,train,10.0,0.8483778031333002,0.1516221968666998
DEAP:S07:T24,DEAP:S07,T24,0,1.97,1,1,2,0,exposed,stimulus_relative_context,train,10.0,0.8348142949272868,0.1651857050727133
DEAP:S07:T25,DEAP:S07,T25,0,2.99,1,1,2,0,exposed,stimulus_relative_context,train,10.0,0.8635480374236677,0.13645196257633235
DEAP:S07:T26,DEAP:S07,T26,0,2.0,1,1,2,0,exposed,stimulus_relative_context,train,10.0,0.7601565893628762,0.2398434106371238
DEAP:S07:T33,DEAP:S07,T33,0,4.97,1,1,2,0,exposed,stimulus_relative_context,train,10.0,0.5422508980510392,0.4577491019489608
DEAP:S07:T35,DEAP:S07,T35,1,5.01,1,1,2,0,exposed,stimulus_relative_context,train,10.0,0.34100218226946666,0.6589978177305333
DEAP:S07:T36,DEAP:S07,T36,1,8.1,1,1,2,0,exposed,stimulus_relative_context,train,10.0,0.3928498940588525,0.6071501059411475
DEAP:S08:T01,DEAP:S08,T01,1,7.6,1,1,2,0,exposed,stimulus_relative_context,train,10.0,0.051605109411348105,0.9483948905886519
DEAP:S08:T04,DEAP:S08,T04,1,6.82,1,1,2,0,exposed,stimulus_relative_context,train,10.0,0.05261704576059045,0.9473829542394095
DEAP:S08:T07,DEAP:S08,T07,1,5.04,1,1,2,0,exposed,stimulus_relative_context,train,10.0,0.1933913063106243,0.8066086936893757
DEAP:S08:T08,DEAP:S08,T08,1,8.82,1,1,2,0,exposed,stimulus_relative_context,train,10.0,0.09314892342790415,0.9068510765720958
DEAP:S08:T09,DEAP:S08,T09,1,8.78,1,1,2,0,exposed,stimulus_relative_context,train,10.0,0.024760357422957457,0.9752396425770425
DEAP:S08:T12,DEAP:S08,T12,1,8.47,1,1,2,0,exposed,stimulus_relative_context,train,10.0,9.573856058975316e-05,0.9999042614394102
DEAP:S08:T13,DEAP:S08,T13,1,7.9,1,1,2,0,exposed,stimulus_relative_context,train,10.0,0.12727078970799766,0.8727292102920023
DEAP:S08:T18,DEAP:S08,T18,1,7.21,1,1,2,0,exposed,stimulus_relative_context,train,10.0,0.0389896636519077,0.9610103363480923
DEAP:S08:T22,DEAP:S08,T22,0,4.23,1,1,2,0,exposed,stimulus_relative_context,train,10.0,0.9793691058643372,0.020630894135662797
DEAP:S08:T23,DEAP:S08,T23,0,3.59,1,1,2,0,exposed,stimulus_relative_context,train,10.0,0.9957114806314181,0.004288519368581847
DEAP:S08:T24,DEAP:S08,T24,0,4.15,1,1,2,0,exposed,stimulus_relative_context,train,10.0,0.990611079290782,0.009388920709218035
DEAP:S08:T25,DEAP:S08,T25,0,3.72,1,1,2,0,exposed,stimulus_relative_context,train,10.0,0.8814791090051545,0.11852089099484552
DEAP:S08:T26,DEAP:S08,T26,0,4.99,1,1,2,0,exposed,stimulus_relative_context,train,10.0,0.8266875462923866,0.17331245370761333
DEAP:S08:T33,DEAP:S08,T33,0,4.44,1,1,2,0,exposed,stimulus_relative_context,train,10.0,0.9192932113944272,0.08070678860557273
DEAP:S08:T35,DEAP:S08,T35,0,3.62,1,1,2,0,exposed,stimulus_relative_context,train,10.0,0.9999981620672007,1.8379327992598166e-06
DEAP:S08:T36,DEAP:S08,T36,0,1.21,1,1,2,0,exposed,stimulus_relative_context,train,10.0,0.8294078552888178,0.17059214471118223
DEAP:S09:T01,DEAP:S09,T01,1,5.05,1,1,2,0,exposed,stimulus_relative_context,train,10.0,0.017732329366314303,0.9822676706336857
DEAP:S09:T04,DEAP:S09,T04,1,5.99,1,1,2,0,exposed,stimulus_relative_context,train,10.0,0.003736388299297344,0.9962636117007027
DEAP:S09:T07,DEAP:S09,T07,1,5.08,1,1,2,0,exposed,stimulus_relative_context,train,10.0,0.030437677267515006,0.969562322732485
DEAP:S09:T08,DEAP:S09,T08,1,6.15,1,1,2,0,exposed,stimulus_relative_context,train,10.0,0.004966682745402129,0.9950333172545979
DEAP:S09:T09,DEAP:S09,T09,1,5.96,1,1,2,0,exposed,stimulus_relative_context,train,10.0,0.007477518775707681,0.9925224812242923
DEAP:S09:T12,DEAP:S09,T12,1,7.08,1,1,2,0,exposed,stimulus_relative_context,train,10.0,0.0018344982395371856,0.9981655017604628
DEAP:S09:T13,DEAP:S09,T13,1,8.15,1,1,2,0,exposed,stimulus_relative_context,train,10.0,0.057724819080310685,0.9422751809196893
DEAP:S09:T18,DEAP:S09,T18,0,4.9,1,1,2,0,exposed,stimulus_relative_context,train,10.0,0.9916674928047643,0.008332507195235723
DEAP:S09:T22,DEAP:S09,T22,0,3.99,1,1,2,0,exposed,stimulus_relative_context,train,10.0,0.8516455140949494,0.1483544859050506
DEAP:S09:T24,DEAP:S09,T24,0,4.03,1,1,2,0,exposed,stimulus_relative_context,train,10.0,0.9491539911277973,0.05084600887220265
DEAP:S09:T25,DEAP:S09,T25,1,5.04,1,1,2,0,exposed,stimulus_relative_context,train,10.0,0.5617182808490478,0.43828171915095215
DEAP:S09:T26,DEAP:S09,T26,0,4.1,1,1,2,0,exposed,stimulus_relative_context,train,10.0,0.9998065459562662,0.00019345404373384984
DEAP:S09:T33,DEAP:S09,T33,0,3.08,1,1,2,0,exposed,stimulus_relative_context,train,10.0,0.9999556265266862,4.437347331373636e-05
DEAP:S09:T35,DEAP:S09,T35,0,3.01,1,1,2,0,exposed,stimulus_relative_context,train,10.0,0.766521253933131,0.23347874606686908
DEAP:S09:T36,DEAP:S09,T36,0,3.08,1,1,2,0,exposed,stimulus_relative_context,train,10.0,0.9830652051509161,0.016934794849083924
DEAP:S10:T01,DEAP:S10,T01,1,7.91,1,1,2,0,exposed,stimulus_relative_context,train,10.0,0.02910312146901306,0.9708968785309869
DEAP:S10:T04,DEAP:S10,T04,1,7.01,1,1,2,0,exposed,stimulus_relative_context,train,10.0,0.0011326009593738418,0.9988673990406262
DEAP:S10:T07,DEAP:S10,T07,1,8.96,1,1,2,0,exposed,stimulus_relative_context,train,10.0,5.0027014207087994e-05,0.9999499729857929
DEAP:S10:T08,DEAP:S10,T08,1,5.68,1,1,2,0,exposed,stimulus_relative_context,train,10.0,0.5333084875051537,0.46669151249484636
DEAP:S10:T09,DEAP:S10,T09,1,7.56,1,1,2,0,exposed,stimulus_relative_context,train,10.0,0.0019096416648615167,0.9980903583351385
DEAP:S10:T22,DEAP:S10,T22,0,4.24,1,1,2,0,exposed,stimulus_relative_context,train,10.0,0.8024037648095703,0.19759623519042974
DEAP:S10:T23,DEAP:S10,T23,0,2.87,1,1,2,0,exposed,stimulus_relative_context,train,10.0,0.9995052932906883,0.0004947067093116764
DEAP:S10:T24,DEAP:S10,T24,1,6.82,1,1,2,0,exposed,stimulus_relative_context,train,10.0,0.3689378404562951,0.6310621595437049
DEAP:S10:T25,DEAP:S10,T25,0,1.92,1,1,2,0,exposed,stimulus_relative_context,train,10.0,0.9997173044104096,0.0002826955895903479
DEAP:S10:T26,DEAP:S10,T26,0,4.95,1,1,2,0,exposed,stimulus_relative_context,train,10.0,0.9999135945262639,8.640547373610056e-05
DEAP:S10:T33,DEAP:S10,T33,0,4.94,1,1,2,0,exposed,stimulus_relative_context,train,10.0,0.9968617364470823,0.003138263552917675
DEAP:S10:T35,DEAP:S10,T35,0,1.38,1,1,2,0,exposed,stimulus_relative_context,train,10.0,0.9888109109563386,0.011189089043661444
DEAP:S10:T36,DEAP:S10,T36,0,2.17,1,1,2,0,exposed,stimulus_relative_context,train,10.0,0.9939322488711012,0.006067751128898838
DEAP:S11:T01,DEAP:S11,T01,1,6.27,1,1,2,0,exposed,stimulus_relative_context,train,10.0,0.003161620885151595,0.9968383791148484
DEAP:S11:T04,DEAP:S11,T04,1,7.65,1,1,2,0,exposed,stimulus_relative_context,train,10.0,0.0007834023983875893,0.9992165976016124
DEAP:S11:T07,DEAP:S11,T07,1,6.37,1,1,2,0,exposed,stimulus_relative_context,train,10.0,0.05332626786423966,0.9466737321357603
DEAP:S11:T08,DEAP:S11,T08,1,6.26,1,1,2,0,exposed,stimulus_relative_context,train,10.0,0.015224461693824076,0.9847755383061759
DEAP:S11:T09,DEAP:S11,T09,1,7.04,1,1,2,0,exposed,stimulus_relative_context,train,10.0,0.00012593876043454078,0.9998740612395655
DEAP:S11:T13,DEAP:S11,T13,1,8.42,1,1,2,0,exposed,stimulus_relative_context,train,10.0,0.06755055839886348,0.9324494416011365
DEAP:S11:T18,DEAP:S11,T18,1,7.95,1,1,2,0,exposed,stimulus_relative_context,train,10.0,0.006213798549307259,0.9937862014506927
DEAP:S11:T22,DEAP:S11,T22,1,6.15,1,1,2,0,exposed,stimulus_relative_context,train,10.0,0.3643359494164937,0.6356640505835063
DEAP:S11:T23,DEAP:S11,T23,0,3.72,1,1,2,0,exposed,stimulus_relative_context,train,10.0,0.7179039653767088,0.28209603462329125
DEAP:S11:T24,DEAP:S11,T24,0,2.88,1,1,2,0,exposed,stimulus_relative_context,train,10.0,0.9825993701705796,0.017400629829420415
DEAP:S11:T25,DEAP:S11,T25,1,5.01,1,1,2,0,exposed,stimulus_relative_context,train,10.0,0.45111156598173274,0.5488884340182673
DEAP:S11:T26,DEAP:S11,T26,1,5.49,1,1,2,0,exposed,stimulus_relative_context,train,10.0,0.028529210807603844,0.9714707891923962
DEAP:S11:T33,DEAP:S11,T33,1,5.64,1,1,2,0,exposed,stimulus_relative_context,train,10.0,0.6330366201259221,0.36696337987407796
DEAP:S11:T35,DEAP:S11,T35,0,1.23,1,1,2,0,exposed,stimulus_relative_context,train,10.0,0.742517001474754,0.2574829985252461
DEAP:S11:T36,DEAP:S11,T36,0,3.62,1,1,2,0,exposed,stimulus_relative_context,train,10.0,0.9764083439479103,0.023591656052089644
DEAP:S12:T01,DEAP:S12,T01,1,7.09,1,1,2,0,exposed,stimulus_relative_context,train,10.0,0.010018179258144189,0.9899818207418558
DEAP:S12:T04,DEAP:S12,T04,1,6.86,1,1,2,0,exposed,stimulus_relative_context,train,10.0,0.030355984095064237,0.9696440159049358
DEAP:S12:T07,DEAP:S12,T07,1,6.77,1,1,2,0,exposed,stimulus_relative_context,train,10.0,0.03647073993303396,0.963529260066966
DEAP:S12:T09,DEAP:S12,T09,1,7.95,1,1,2,0,exposed,stimulus_relative_context,train,10.0,0.003094953396739486,0.9969050466032605
DEAP:S12:T12,DEAP:S12,T12,1,6.86,1,1,2,0,exposed,stimulus_relative_context,train,10.0,0.06898964238610306,0.9310103576138969
DEAP:S12:T18,DEAP:S12,T18,1,7.35,1,1,2,0,exposed,stimulus_relative_context,train,10.0,0.44760795126029596,0.552392048739704
DEAP:S12:T22,DEAP:S12,T22,0,3.33,1,1,2,0,exposed,stimulus_relative_context,train,10.0,0.6424673751006762,0.35753262489932375
DEAP:S12:T23,DEAP:S12,T23,0,1.74,1,1,2,0,exposed,stimulus_relative_context,train,10.0,0.9489758490993611,0.051024150900638936
DEAP:S12:T24,DEAP:S12,T24,0,2.79,1,1,2,0,exposed,stimulus_relative_context,train,10.0,0.9790701611267663,0.020929838873233724
DEAP:S12:T25,DEAP:S12,T25,0,2.78,1,1,2,0,exposed,stimulus_relative_context,train,10.0,0.9589950288785107,0.041004971121489264
DEAP:S12:T26,DEAP:S12,T26,1,6.08,1,1,2,0,exposed,stimulus_relative_context,train,10.0,0.23034041765415525,0.7696595823458448
DEAP:S12:T33,DEAP:S12,T33,0,1.9,1,1,2,0,exposed,stimulus_relative_context,train,10.0,0.7767912439252375,0.22320875607476257
DEAP:S12:T35,DEAP:S12,T35,0,1.22,1,1,2,0,exposed,stimulus_relative_context,train,10.0,0.9845582754248596,0.01544172457514033
DEAP:S12:T36,DEAP:S12,T36,0,2.82,1,1,2,0,exposed,stimulus_relative_context,train,10.0,0.9986411408429762,0.0013588591570238824
DEAP:S13:T01,DEAP:S13,T01,1,6.15,1,1,2,0,exposed,stimulus_relative_context,train,10.0,0.27162185945078976,0.7283781405492102
DEAP:S13:T04,DEAP:S13,T04,1,7.08,1,1,2,0,exposed,stimulus_relative_context,train,10.0,2.725634121403253e-06,0.9999972743658786
DEAP:S13:T07,DEAP:S13,T07,0,2.99,1,1,2,0,exposed,stimulus_relative_context,train,10.0,0.5526922008872083,0.4473077991127917
DEAP:S13:T08,DEAP:S13,T08,1,7.99,1,1,2,0,exposed,stimulus_relative_context,train,10.0,0.15281613945885253,0.8471838605411475
DEAP:S13:T09,DEAP:S13,T09,1,7.06,1,1,2,0,exposed,stimulus_relative_context,train,10.0,0.00012520627820333807,0.9998747937217967
DEAP:S13:T12,DEAP:S13,T12,1,5.08,1,1,2,0,exposed,stimulus_relative_context,train,10.0,0.1855983649562598,0.8144016350437402
DEAP:S13:T13,DEAP:S13,T13,1,9.0,1,1,2,0,exposed,stimulus_relative_context,train,10.0,0.04186298010950862,0.9581370198904914
DEAP:S13:T18,DEAP:S13,T18,1,7.94,1,1,2,0,exposed,stimulus_relative_context,train,10.0,0.0002825442031936243,0.9997174557968064
DEAP:S13:T22,DEAP:S13,T22,0,4.01,1,1,2,0,exposed,stimulus_relative_context,train,10.0,0.93827091963069,0.06172908036931007
DEAP:S13:T23,DEAP:S13,T23,0,1.0,1,1,2,0,exposed,stimulus_relative_context,train,10.0,0.9577813794498184,0.04221862055018159
DEAP:S13:T24,DEAP:S13,T24,0,2.97,1,1,2,0,exposed,stimulus_relative_context,train,10.0,0.987661659101654,0.012338340898345984
DEAP:S13:T25,DEAP:S13,T25,0,3.97,1,1,2,0,exposed,stimulus_relative_context,train,10.0,0.7405586342942994,0.2594413657057006
DEAP:S13:T33,DEAP:S13,T33,0,4.55,1,1,2,0,exposed,stimulus_relative_context,train,10.0,0.9941375631003273,0.005862436899672685
DEAP:S13:T35,DEAP:S13,T35,0,1.0,1,1,2,0,exposed,stimulus_relative_context,train,10.0,0.9747565997160832,0.025243400283916806
DEAP:S13:T36,DEAP:S13,T36,0,2.54,1,1,2,0,exposed,stimulus_relative_context,train,10.0,0.9860529783396159,0.013947021660384137
DEAP:S14:T01,DEAP:S14,T01,1,8.22,1,1,2,0,exposed,stimulus_relative_context,train,10.0,0.1186832186332546,0.8813167813667454
DEAP:S14:T04,DEAP:S14,T04,1,7.38,1,1,2,0,exposed,stimulus_relative_context,train,10.0,0.053852375944942854,0.9461476240550571
DEAP:S14:T07,DEAP:S14,T07,1,6.85,1,1,2,0,exposed,stimulus_relative_context,train,10.0,0.1663991474646358,0.8336008525353642
DEAP:S14:T08,DEAP:S14,T08,1,7.0,1,1,2,0,exposed,stimulus_relative_context,train,10.0,0.009691280271571845,0.9903087197284282
DEAP:S14:T12,DEAP:S14,T12,1,7.63,1,1,2,0,exposed,stimulus_relative_context,train,10.0,0.00026222128493313956,0.9997377787150669
DEAP:S14:T13,DEAP:S14,T13,1,6.79,1,1,2,0,exposed,stimulus_relative_context,train,10.0,0.1839257229856317,0.8160742770143683
DEAP:S14:T18,DEAP:S14,T18,1,8.09,1,1,2,0,exposed,stimulus_relative_context,train,10.0,0.05573060619790615,0.9442693938020938
DEAP:S14:T22,DEAP:S14,T22,0,4.1,1,1,2,0,exposed,stimulus_relative_context,train,10.0,0.834425744656079,0.165574255343921
DEAP:S14:T23,DEAP:S14,T23,0,2.41,1,1,2,0,exposed,stimulus_relative_context,train,10.0,0.9986294591374285,0.0013705408625714417
DEAP:S14:T24,DEAP:S14,T24,0,2.36,1,1,2,0,exposed,stimulus_relative_context,train,10.0,0.9765857308511326,0.023414269148867375
DEAP:S14:T25,DEAP:S14,T25,0,3.87,1,1,2,0,exposed,stimulus_relative_context,train,10.0,0.9329063135599367,0.06709368644006325
DEAP:S14:T26,DEAP:S14,T26,0,3.28,1,1,2,0,exposed,stimulus_relative_context,train,10.0,0.8441873073158512,0.15581269268414877
DEAP:S14:T33,DEAP:S14,T33,0,3.18,1,1,2,0,exposed,stimulus_relative_context,train,10.0,0.9945648124807629,0.005435187519237109
DEAP:S14:T35,DEAP:S14,T35,0,2.68,1,1,2,0,exposed,stimulus_relative_context,train,10.0,0.9987627383210936,0.0012372616789063768
DEAP:S14:T36,DEAP:S14,T36,0,2.01,1,1,2,0,exposed,stimulus_relative_context,train,10.0,0.9950509099895938,0.004949090010406243
DEAP:S15:T01,DEAP:S15,T01,1,8.9,1,1,2,0,exposed,stimulus_relative_context,train,10.0,0.0006392152521419447,0.999360784747858
DEAP:S15:T07,DEAP:S15,T07,1,5.04,1,1,2,0,exposed,stimulus_relative_context,train,10.0,0.22061018206144856,0.7793898179385514
DEAP:S15:T08,DEAP:S15,T08,1,9.0,1,1,2,0,exposed,stimulus_relative_context,train,10.0,0.07622746478300446,0.9237725352169955
DEAP:S15:T09,DEAP:S15,T09,1,9.0,1,1,2,0,exposed,stimulus_relative_context,train,10.0,0.013265804504757117,0.9867341954952429
DEAP:S15:T12,DEAP:S15,T12,1,7.08,1,1,2,0,exposed,stimulus_relative_context,train,10.0,0.023678546351916574,0.9763214536480834
DEAP:S15:T13,DEAP:S15,T13,1,7.06,1,1,2,0,exposed,stimulus_relative_context,train,10.0,0.1640905636252723,0.8359094363747277
DEAP:S15:T18,DEAP:S15,T18,1,7.04,1,1,2,0,exposed,stimulus_relative_context,train,10.0,0.07153573098165811,0.9284642690183419
DEAP:S15:T22,DEAP:S15,T22,0,4.12,1,1,2,0,exposed,stimulus_relative_context,train,10.0,0.9522104968707159,0.04778950312928407
DEAP:S15:T23,DEAP:S15,T23,0,3.05,1,1,2,0,exposed,stimulus_relative_context,train,10.0,0.9988425464567325,0.0011574535432674208
DEAP:S15:T24,DEAP:S15,T24,0,1.92,1,1,2,0,exposed,stimulus_relative_context,train,10.0,0.8983412976348024,0.10165870236519761
DEAP:S15:T25,DEAP:S15,T25,0,2.96,1,1,2,0,exposed,stimulus_relative_context,train,10.0,0.6945617020531574,0.3054382979468426
DEAP:S15:T26,DEAP:S15,T26,0,4.96,1,1,2,0,exposed,stimulus_relative_context,train,10.0,0.9894230018337506,0.010576998166249331
DEAP:S15:T33,DEAP:S15,T33,0,3.01,1,1,2,0,exposed,stimulus_relative_context,train,10.0,0.995522079786704,0.004477920213295911
DEAP:S15:T35,DEAP:S15,T35,1,5.05,1,1,2,0,exposed,stimulus_relative_context,train,10.0,0.17099688561809068,0.8290031143819093
DEAP:S15:T36,DEAP:S15,T36,0,3.96,1,1,2,0,exposed,stimulus_relative_context,train,10.0,0.9230585037981319,0.07694149620186809
DEAP:S16:T01,DEAP:S16,T01,0,2.51,1,1,2,0,exposed,stimulus_relative_context,train,10.0,0.85280200006764,0.14719799993236002
DEAP:S16:T04,DEAP:S16,T04,1,7.09,1,1,2,0,exposed,stimulus_relative_context,train,10.0,0.1825857339267446,0.8174142660732554
DEAP:S16:T07,DEAP:S16,T07,1,6.83,1,1,2,0,exposed,stimulus_relative_context,train,10.0,0.3770148887181165,0.6229851112818835
DEAP:S16:T08,DEAP:S16,T08,0,3.51,1,1,2,0,exposed,stimulus_relative_context,train,10.0,0.6763085586618298,0.32369144133817024
DEAP:S16:T09,DEAP:S16,T09,0,4.18,1,1,2,0,exposed,stimulus_relative_context,train,10.0,0.7780783147779115,0.22192168522208858
DEAP:S16:T12,DEAP:S16,T12,1,5.97,1,1,2,0,exposed,stimulus_relative_context,train,10.0,0.0048026246167924835,0.9951973753832075
DEAP:S16:T13,DEAP:S16,T13,0,3.88,1,1,2,0,exposed,stimulus_relative_context,train,10.0,0.9208546128536168,0.07914538714638324
DEAP:S16:T23,DEAP:S16,T23,0,3.9,1,1,2,0,exposed,stimulus_relative_context,train,10.0,0.9999107973776669,8.920262233314845e-05
DEAP:S16:T24,DEAP:S16,T24,0,2.51,1,1,2,0,exposed,stimulus_relative_context,train,10.0,0.9997143642223972,0.0002856357776027468
DEAP:S16:T25,DEAP:S16,T25,0,2.47,1,1,2,0,exposed,stimulus_relative_context,train,10.0,0.9836788505924454,0.016321149407554525
DEAP:S16:T26,DEAP:S16,T26,0,1.82,1,1,2,0,exposed,stimulus_relative_context,train,10.0,0.9978996257863842,0.002100374213615729
DEAP:S16:T33,DEAP:S16,T33,0,1.0,1,1,2,0,exposed,stimulus_relative_context,train,10.0,0.9812269202947089,0.018773079705291056
DEAP:S16:T35,DEAP:S16,T35,0,1.0,1,1,2,0,exposed,stimulus_relative_context,train,10.0,0.9891269561864291,0.010873043813570852
DEAP:S16:T36,DEAP:S16,T36,1,5.05,1,1,2,0,exposed,stimulus_relative_context,train,10.0,0.7479858772682355,0.25201412273176454
DEAP:S17:T01,DEAP:S17,T01,0,4.05,1,1,2,0,exposed,stimulus_relative_context,train,10.0,0.6284629908714212,0.37153700912857884
DEAP:S17:T04,DEAP:S17,T04,1,6.35,1,1,2,0,exposed,stimulus_relative_context,train,10.0,0.0014808995644575162,0.9985191004355425
DEAP:S17:T07,DEAP:S17,T07,1,7.08,1,1,2,0,exposed,stimulus_relative_context,train,10.0,0.10294561248212764,0.8970543875178724
DEAP:S17:T08,DEAP:S17,T08,1,6.05,1,1,2,0,exposed,stimulus_relative_context,train,10.0,0.1485166549895247,0.8514833450104753
DEAP:S17:T09,DEAP:S17,T09,1,6.04,1,1,2,0,exposed,stimulus_relative_context,train,10.0,0.05418945279916476,0.9458105472008352
DEAP:S17:T12,DEAP:S17,T12,1,5.96,1,1,2,0,exposed,stimulus_relative_context,train,10.0,0.012735413968257059,0.9872645860317429
DEAP:S17:T13,DEAP:S17,T13,0,4.54,1,1,2,0,exposed,stimulus_relative_context,train,10.0,0.7249620661153797,0.2750379338846203
DEAP:S17:T18,DEAP:S17,T18,1,6.22,1,1,2,0,exposed,stimulus_relative_context,train,10.0,0.04311930850198664,0.9568806914980134
DEAP:S17:T22,DEAP:S17,T22,0,3.19,1,1,2,0,exposed,stimulus_relative_context,train,10.0,0.9987303365559979,0.0012696634440021953
DEAP:S17:T23,DEAP:S17,T23,0,3.62,1,1,2,0,exposed,stimulus_relative_context,train,10.0,0.9998147344254638,0.00018526557453629622
DEAP:S17:T24,DEAP:S17,T24,0,4.53,1,1,2,0,exposed,stimulus_relative_context,train,10.0,0.9892508204109539,0.010749179589046035
DEAP:S17:T25,DEAP:S17,T25,1,6.18,1,1,2,0,exposed,stimulus_relative_context,train,10.0,0.9525059129299909,0.047494087070009135
DEAP:S17:T26,DEAP:S17,T26,0,3.73,1,1,2,0,exposed,stimulus_relative_context,train,10.0,0.9770879218746393,0.02291207812536069
DEAP:S17:T33,DEAP:S17,T33,0,3.83,1,1,2,0,exposed,stimulus_relative_context,train,10.0,0.8259582504049131,0.17404174959508692
DEAP:S17:T35,DEAP:S17,T35,0,4.17,1,1,2,0,exposed,stimulus_relative_context,train,10.0,0.9628034073724824,0.037196592627517656
DEAP:S17:T36,DEAP:S17,T36,0,3.37,1,1,2,0,exposed,stimulus_relative_context,train,10.0,0.8680614993788713,0.13193850062112872
DEAP:S18:T04,DEAP:S18,T04,1,6.65,1,1,2,0,exposed,stimulus_relative_context,train,10.0,0.0006137558258670905,0.9993862441741329
DEAP:S18:T07,DEAP:S18,T07,1,7.33,1,1,2,0,exposed,stimulus_relative_context,train,10.0,0.01729891184166832,0.9827010881583317
DEAP:S18:T09,DEAP:S18,T09,1,6.55,1,1,2,0,exposed,stimulus_relative_context,train,10.0,0.00018074995285233264,0.9998192500471477
DEAP:S18:T12,DEAP:S18,T12,1,5.55,1,1,2,0,exposed,stimulus_relative_context,train,10.0,0.0134796886414279,0.9865203113585721
DEAP:S18:T13,DEAP:S18,T13,1,7.33,1,1,2,0,exposed,stimulus_relative_context,train,10.0,0.010839149696248773,0.9891608503037512
DEAP:S18:T18,DEAP:S18,T18,1,7.05,1,1,2,0,exposed,stimulus_relative_context,train,10.0,0.0013230324076615174,0.9986769675923385
DEAP:S18:T22,DEAP:S18,T22,1,5.69,1,1,2,0,exposed,stimulus_relative_context,train,10.0,0.46156298464114986,0.5384370153588501
DEAP:S18:T23,DEAP:S18,T23,0,3.71,1,1,2,0,exposed,stimulus_relative_context,train,10.0,0.5886745117522164,0.4113254882477836
DEAP:S18:T24,DEAP:S18,T24,0,3.22,1,1,2,0,exposed,stimulus_relative_context,train,10.0,0.946843290133164,0.05315670986683594
DEAP:S18:T25,DEAP:S18,T25,0,4.23,1,1,2,0,exposed,stimulus_relative_context,train,10.0,0.9261767310140688,0.07382326898593115
DEAP:S18:T33,DEAP:S18,T33,0,4.56,1,1,2,0,exposed,stimulus_relative_context,train,10.0,0.5473571722373852,0.4526428277626148
DEAP:S18:T35,DEAP:S18,T35,1,5.12,1,1,2,0,exposed,stimulus_relative_context,train,10.0,0.26540249849336683,0.7345975015066332
DEAP:S18:T36,DEAP:S18,T36,1,5.24,1,1,2,0,exposed,stimulus_relative_context,train,10.0,0.2855002121305076,0.7144997878694924
DEAP:S19:T01,DEAP:S19,T01,1,7.44,1,1,2,0,exposed,stimulus_relative_context,train,10.0,0.010930110617385358,0.9890698893826146
DEAP:S19:T04,DEAP:S19,T04,1,5.77,1,1,2,0,exposed,stimulus_relative_context,train,10.0,0.06751787496686501,0.932482125033135
DEAP:S19:T07,DEAP:S19,T07,1,6.64,1,1,2,0,exposed,stimulus_relative_context,train,10.0,0.4024050144049858,0.5975949855950142
DEAP:S19:T08,DEAP:S19,T08,1,7.44,1,1,2,0,exposed,stimulus_relative_context,train,10.0,0.027889150667178786,0.9721108493328212
DEAP:S19:T12,DEAP:S19,T12,1,6.26,1,1,2,0,exposed,stimulus_relative_context,train,10.0,0.005077654551363775,0.9949223454486362
DEAP:S19:T13,DEAP:S19,T13,1,7.53,1,1,2,0,exposed,stimulus_relative_context,train,10.0,0.08016264456375188,0.9198373554362481
DEAP:S19:T18,DEAP:S19,T18,1,7.77,1,1,2,0,exposed,stimulus_relative_context,train,10.0,0.018272566547750446,0.9817274334522496
DEAP:S19:T22,DEAP:S19,T22,1,5.04,1,1,2,0,exposed,stimulus_relative_context,train,10.0,0.9147983888005744,0.08520161119942556
DEAP:S19:T23,DEAP:S19,T23,0,3.77,1,1,2,0,exposed,stimulus_relative_context,train,10.0,0.9825633215123288,0.017436678487671123
DEAP:S19:T24,DEAP:S19,T24,0,3.23,1,1,2,0,exposed,stimulus_relative_context,train,10.0,0.9517888453995913,0.04821115460040876
DEAP:S19:T25,DEAP:S19,T25,0,2.19,1,1,2,0,exposed,stimulus_relative_context,train,10.0,0.738269951154665,0.261730048845335
DEAP:S19:T26,DEAP:S19,T26,0,4.95,1,1,2,0,exposed,stimulus_relative_context,train,10.0,0.8428325144364348,0.15716748556356522
DEAP:S19:T33,DEAP:S19,T33,0,3.4,1,1,2,0,exposed,stimulus_relative_context,train,10.0,0.6923715482285946,0.3076284517714054
DEAP:S19:T35,DEAP:S19,T35,0,3.21,1,1,2,0,exposed,stimulus_relative_context,train,10.0,0.9603678850088351,0.03963211499116487
DEAP:S19:T36,DEAP:S19,T36,0,3.71,1,1,2,0,exposed,stimulus_relative_context,train,10.0,0.7053909255535356,0.2946090744464645
DEAP:S24:T01,DEAP:S24,T01,1,7.06,1,1,2,0,exposed,stimulus_relative_context,train,10.0,0.1941122189113994,0.8058877810886006
DEAP:S24:T04,DEAP:S24,T04,1,6.05,1,1,2,0,exposed,stimulus_relative_context,train,10.0,0.002159220193364342,0.9978407798066357
DEAP:S24:T07,DEAP:S24,T07,0,3.04,1,1,2,0,exposed,stimulus_relative_context,train,10.0,0.8000433157850053,0.19995668421499468
DEAP:S24:T08,DEAP:S24,T08,1,7.03,1,1,2,0,exposed,stimulus_relative_context,train,10.0,0.05390267780093572,0.9460973221990643
DEAP:S24:T12,DEAP:S24,T12,1,7.04,1,1,2,0,exposed,stimulus_relative_context,train,10.0,0.052960485809396385,0.9470395141906036
DEAP:S24:T13,DEAP:S24,T13,1,8.0,1,1,2,0,exposed,stimulus_relative_context,train,10.0,0.017691478854285014,0.982308521145715
DEAP:S24:T18,DEAP:S24,T18,1,8.96,1,1,2,0,exposed,stimulus_relative_context,train,10.0,0.03426845924485944,0.9657315407551406
DEAP:S24:T22,DEAP:S24,T22,0,3.03,1,1,2,0,exposed,stimulus_relative_context,train,10.0,0.9611677587621955,0.038832241237804474
DEAP:S24:T23,DEAP:S24,T23,0,1.0,1,1,2,0,exposed,stimulus_relative_context,train,10.0,0.9404641021698895,0.05953589783011045
DEAP:S24:T24,DEAP:S24,T24,0,2.99,1,1,2,0,exposed,stimulus_relative_context,train,10.0,0.900888927826085,0.09911107217391507
DEAP:S24:T25,DEAP:S24,T25,0,3.12,1,1,2,0,exposed,stimulus_relative_context,train,10.0,0.9987170817825707,0.0012829182174293728
DEAP:S24:T26,DEAP:S24,T26,0,4.05,1,1,2,0,exposed,stimulus_relative_context,train,10.0,0.9628936263125047,0.03710637368749526
DEAP:S24:T33,DEAP:S24,T33,1,5.01,1,1,2,0,exposed,stimulus_relative_context,train,10.0,0.48945765072782776,0.5105423492721722
DEAP:S24:T35,DEAP:S24,T35,0,4.05,1,1,2,0,exposed,stimulus_relative_context,train,10.0,0.9978525119053318,0.0021474880946682107
DEAP:S24:T36,DEAP:S24,T36,0,4.0,1,1,2,0,exposed,stimulus_relative_context,train,10.0,0.8361913086185575,0.16380869138144244
DEAP:S25:T01,DEAP:S25,T01,1,8.06,1,1,2,0,exposed,stimulus_relative_context,train,10.0,0.5689770084675418,0.43102299153245816
DEAP:S25:T07,DEAP:S25,T07,1,6.08,1,1,2,0,exposed,stimulus_relative_context,train,10.0,0.05321730234841371,0.9467826976515863
DEAP:S25:T08,DEAP:S25,T08,1,8.04,1,1,2,0,exposed,stimulus_relative_context,train,10.0,0.014994416507723707,0.9850055834922763
DEAP:S25:T09,DEAP:S25,T09,1,8.09,1,1,2,0,exposed,stimulus_relative_context,train,10.0,0.02455105669600599,0.975448943303994
DEAP:S25:T12,DEAP:S25,T12,1,8.04,1,1,2,0,exposed,stimulus_relative_context,train,10.0,0.008112376451641534,0.9918876235483585
DEAP:S25:T13,DEAP:S25,T13,1,7.97,1,1,2,0,exposed,stimulus_relative_context,train,10.0,0.11402786661789899,0.885972133382101
DEAP:S25:T18,DEAP:S25,T18,0,3.04,1,1,2,0,exposed,stimulus_relative_context,train,10.0,0.7227420913563065,0.2772579086436935
DEAP:S25:T22,DEAP:S25,T22,1,8.03,1,1,2,0,exposed,stimulus_relative_context,train,10.0,0.5432530808878766,0.45674691911212334
DEAP:S25:T23,DEAP:S25,T23,0,2.01,1,1,2,0,exposed,stimulus_relative_context,train,10.0,0.9994951969938101,0.00050480300618995
DEAP:S25:T24,DEAP:S25,T24,0,3.05,1,1,2,0,exposed,stimulus_relative_context,train,10.0,0.8409442231494374,0.1590557768505626
DEAP:S25:T25,DEAP:S25,T25,0,4.96,1,1,2,0,exposed,stimulus_relative_context,train,10.0,0.9701345593292181,0.029865440670781934
DEAP:S25:T26,DEAP:S25,T26,0,4.99,1,1,2,0,exposed,stimulus_relative_context,train,10.0,0.9308347247206685,0.06916527527933142
DEAP:S25:T33,DEAP:S25,T33,0,1.94,1,1,2,0,exposed,stimulus_relative_context,train,10.0,0.961011390847907,0.03898860915209302
DEAP:S25:T35,DEAP:S25,T35,0,3.03,1,1,2,0,exposed,stimulus_relative_context,train,10.0,0.7284768729181692,0.27152312708183074
DEAP:S25:T36,DEAP:S25,T36,0,3.0,1,1,2,0,exposed,stimulus_relative_context,train,10.0,0.9410741666473887,0.05892583335261124
DEAP:S26:T01,DEAP:S26,T01,1,7.97,1,1,2,0,exposed,stimulus_relative_context,train,10.0,0.08514186086058906,0.9148581391394109
DEAP:S26:T04,DEAP:S26,T04,1,8.03,1,1,2,0,exposed,stimulus_relative_context,train,10.0,0.000718616897422919,0.9992813831025771
DEAP:S26:T08,DEAP:S26,T08,1,8.01,1,1,2,0,exposed,stimulus_relative_context,train,10.0,4.3219750713974214e-05,0.999956780249286
DEAP:S26:T09,DEAP:S26,T09,1,8.05,1,1,2,0,exposed,stimulus_relative_context,train,10.0,0.0002777889650052989,0.9997222110349947
DEAP:S26:T12,DEAP:S26,T12,1,7.04,1,1,2,0,exposed,stimulus_relative_context,train,10.0,0.0012854187434720998,0.9987145812565279
DEAP:S26:T13,DEAP:S26,T13,1,7.12,1,1,2,0,exposed,stimulus_relative_context,train,10.0,0.001636534518619004,0.998363465481381
DEAP:S26:T18,DEAP:S26,T18,1,9.0,1,1,2,0,exposed,stimulus_relative_context,train,10.0,0.00012067168586615828,0.9998793283141338
DEAP:S26:T23,DEAP:S26,T23,0,2.28,1,1,2,0,exposed,stimulus_relative_context,train,10.0,0.8654797534078073,0.13452024659219275
DEAP:S26:T24,DEAP:S26,T24,1,9.0,1,1,2,0,exposed,stimulus_relative_context,train,10.0,0.4422191269088197,0.5577808730911803
DEAP:S26:T25,DEAP:S26,T25,1,7.14,1,1,2,0,exposed,stimulus_relative_context,train,10.0,0.4986438688507011,0.5013561311492989
DEAP:S26:T26,DEAP:S26,T26,1,5.05,1,1,2,0,exposed,stimulus_relative_context,train,10.0,0.01942580003773764,0.9805741999622624
DEAP:S26:T33,DEAP:S26,T33,0,1.0,1,1,2,0,exposed,stimulus_relative_context,train,10.0,0.6856794287452886,0.31432057125471136
DEAP:S26:T35,DEAP:S26,T35,0,2.97,1,1,2,0,exposed,stimulus_relative_context,train,10.0,0.6553489153890529,0.34465108461094707
DEAP:S26:T36,DEAP:S26,T36,0,2.92,1,1,2,0,exposed,stimulus_relative_context,train,10.0,0.7300798376117896,0.26992016238821037
DEAP:S27:T01,DEAP:S27,T01,1,6.03,1,1,2,0,exposed,stimulus_relative_context,train,10.0,0.017205844738346854,0.9827941552616531
DEAP:S27:T07,DEAP:S27,T07,0,4.94,1,1,2,0,exposed,stimulus_relative_context,train,10.0,0.2122101550150901,0.7877898449849099
DEAP:S27:T08,DEAP:S27,T08,1,8.24,1,1,2,0,exposed,stimulus_relative_context,train,10.0,4.202023950961031e-05,0.9999579797604904
DEAP:S27:T09,DEAP:S27,T09,1,8.99,1,1,2,0,exposed,stimulus_relative_context,train,10.0,0.001223643793933249,0.9987763562060668
DEAP:S27:T12,DEAP:S27,T12,0,4.18,1,1,2,0,exposed,stimulus_relative_context,train,10.0,0.21961961839100674,0.7803803816089933
DEAP:S27:T13,DEAP:S27,T13,1,7.01,1,1,2,0,exposed,stimulus_relative_context,train,10.0,0.04322937203503874,0.9567706279649613
DEAP:S27:T18,DEAP:S27,T18,1,9.0,1,1,2,0,exposed,stimulus_relative_context,train,10.0,0.0018776054882712057,0.9981223945117288
DEAP:S27:T22,DEAP:S27,T22,1,7.29,1,1,2,0,exposed,stimulus_relative_context,train,10.0,0.5660097356959779,0.43399026430402216
DEAP:S27:T23,DEAP:S27,T23,1,8.0,1,1,2,0,exposed,stimulus_relative_context,train,10.0,0.6993013740283525,0.3006986259716476
DEAP:S27:T24,DEAP:S27,T24,1,8.9,1,1,2,0,exposed,stimulus_relative_context,train,10.0,0.03548318095299563,0.9645168190470044
DEAP:S27:T25,DEAP:S27,T25,0,4.0,1,1,2,0,exposed,stimulus_relative_context,train,10.0,0.7823412617436123,0.21765873825638765
DEAP:S27:T26,DEAP:S27,T26,1,5.04,1,1,2,0,exposed,stimulus_relative_context,train,10.0,0.22019304250389438,0.7798069574961056
DEAP:S27:T33,DEAP:S27,T33,1,5.04,1,1,2,0,exposed,stimulus_relative_context,train,10.0,0.4582755432631995,0.5417244567368005
DEAP:S27:T35,DEAP:S27,T35,0,1.0,1,1,2,0,exposed,stimulus_relative_context,train,10.0,0.6119040642622586,0.38809593573774137
DEAP:S27:T36,DEAP:S27,T36,1,6.13,1,1,2,0,exposed,stimulus_relative_context,train,10.0,0.47734657561937066,0.5226534243806293
DEAP:S28:T01,DEAP:S28,T01,1,7.03,1,1,2,0,exposed,stimulus_relative_context,train,10.0,0.00468842303163941,0.9953115769683606
DEAP:S28:T04,DEAP:S28,T04,1,8.08,1,1,2,0,exposed,stimulus_relative_context,train,10.0,0.006078783180680447,0.9939212168193196
DEAP:S28:T07,DEAP:S28,T07,1,8.09,1,1,2,0,exposed,stimulus_relative_context,train,10.0,0.0021757559754937983,0.9978242440245062
DEAP:S28:T08,DEAP:S28,T08,1,7.01,1,1,2,0,exposed,stimulus_relative_context,train,10.0,0.0007816379815049901,0.999218362018495
DEAP:S28:T09,DEAP:S28,T09,1,5.04,1,1,2,0,exposed,stimulus_relative_context,train,10.0,7.79255369635079e-05,0.9999220744630365
DEAP:S28:T12,DEAP:S28,T12,1,6.06,1,1,2,0,exposed,stimulus_relative_context,train,10.0,0.0011219811532768853,0.9988780188467231
DEAP:S28:T13,DEAP:S28,T13,0,2.09,1,1,2,0,exposed,stimulus_relative_context,train,10.0,0.5420453750937989,0.4579546249062011
DEAP:S28:T18,DEAP:S28,T18,1,8.08,1,1,2,0,exposed,stimulus_relative_context,train,10.0,0.002572221216914028,0.997427778783086
DEAP:S28:T22,DEAP:S28,T22,1,5.03,1,1,2,0,exposed,stimulus_relative_context,train,10.0,0.4480314047676769,0.5519685952323231
DEAP:S28:T23,DEAP:S28,T23,0,2.03,1,1,2,0,exposed,stimulus_relative_context,train,10.0,0.9969525935660449,0.0030474064339550406
DEAP:S28:T24,DEAP:S28,T24,0,4.04,1,1,2,0,exposed,stimulus_relative_context,train,10.0,0.9897620493941046,0.01023795060589544
DEAP:S28:T25,DEAP:S28,T25,0,4.06,1,1,2,0,exposed,stimulus_relative_context,train,10.0,0.8682435660763087,0.1317564339236913
DEAP:S28:T26,DEAP:S28,T26,0,1.99,1,1,2,0,exposed,stimulus_relative_context,train,10.0,0.9047231366105142,0.0952768633894858
DEAP:S28:T33,DEAP:S28,T33,1,7.01,1,1,2,0,exposed,stimulus_relative_context,train,10.0,0.6581125165474138,0.3418874834525863
DEAP:S28:T35,DEAP:S28,T35,0,1.08,1,1,2,0,exposed,stimulus_relative_context,train,10.0,0.9151036543248768,0.08489634567512319
DEAP:S28:T36,DEAP:S28,T36,0,3.08,1,1,2,0,exposed,stimulus_relative_context,train,10.0,0.9915549528707374,0.008445047129262617
DEAP:S29:T01,DEAP:S29,T01,1,6.06,1,1,2,0,exposed,stimulus_relative_context,train,10.0,0.08717478760696495,0.912825212393035
DEAP:S29:T04,DEAP:S29,T04,1,7.17,1,1,2,0,exposed,stimulus_relative_context,train,10.0,0.0027246744505424747,0.9972753255494575
DEAP:S29:T07,DEAP:S29,T07,1,7.04,1,1,2,0,exposed,stimulus_relative_context,train,10.0,0.3837841160638692,0.6162158839361308
DEAP:S29:T08,DEAP:S29,T08,1,7.04,1,1,2,0,exposed,stimulus_relative_context,train,10.0,0.029763770639337883,0.9702362293606621
DEAP:S29:T09,DEAP:S29,T09,1,7.06,1,1,2,0,exposed,stimulus_relative_context,train,10.0,0.06752919174837713,0.9324708082516229
DEAP:S29:T12,DEAP:S29,T12,1,6.04,1,1,2,0,exposed,stimulus_relative_context,train,10.0,0.1109786530863156,0.8890213469136844
DEAP:S29:T13,DEAP:S29,T13,1,6.06,1,1,2,0,exposed,stimulus_relative_context,train,10.0,0.011308348611607566,0.9886916513883924
DEAP:S29:T18,DEAP:S29,T18,1,7.01,1,1,2,0,exposed,stimulus_relative_context,train,10.0,0.010891918842372172,0.9891080811576278
DEAP:S29:T22,DEAP:S29,T22,0,3.05,1,1,2,0,exposed,stimulus_relative_context,train,10.0,0.7455548000056964,0.25444519999430365
DEAP:S29:T23,DEAP:S29,T23,0,2.05,1,1,2,0,exposed,stimulus_relative_context,train,10.0,0.99397431168954,0.006025688310459969
DEAP:S29:T24,DEAP:S29,T24,0,4.12,1,1,2,0,exposed,stimulus_relative_context,train,10.0,0.9185799406094878,0.08142005939051225
DEAP:S29:T25,DEAP:S29,T25,0,3.03,1,1,2,0,exposed,stimulus_relative_context,train,10.0,0.9740396302376974,0.025960369762302635
DEAP:S29:T26,DEAP:S29,T26,0,3.0,1,1,2,0,exposed,stimulus_relative_context,train,10.0,0.8875661095462609,0.1124338904537391
DEAP:S29:T33,DEAP:S29,T33,0,1.99,1,1,2,0,exposed,stimulus_relative_context,train,10.0,0.42951325402544216,0.5704867459745578
DEAP:S29:T35,DEAP:S29,T35,0,1.92,1,1,2,0,exposed,stimulus_relative_context,train,10.0,0.9280684373300472,0.0719315626699528
DEAP:S29:T36,DEAP:S29,T36,1,5.03,1,1,2,0,exposed,stimulus_relative_context,train,10.0,0.6156228458379369,0.38437715416206303
DEAP:S30:T01,DEAP:S30,T01,1,5.04,1,1,2,0,exposed,stimulus_relative_context,train,10.0,0.00828278323896281,0.9917172167610372
DEAP:S30:T04,DEAP:S30,T04,1,7.04,1,1,2,0,exposed,stimulus_relative_context,train,10.0,0.0008073173927345412,0.9991926826072655
DEAP:S30:T07,DEAP:S30,T07,0,4.05,1,1,2,0,exposed,stimulus_relative_context,train,10.0,0.6063494991960947,0.39365050080390523
DEAP:S30:T08,DEAP:S30,T08,1,6.05,1,1,2,0,exposed,stimulus_relative_context,train,10.0,0.002087565333741326,0.9979124346662587
DEAP:S30:T09,DEAP:S30,T09,1,7.08,1,1,2,0,exposed,stimulus_relative_context,train,10.0,0.03608325058822892,0.9639167494117711
DEAP:S30:T12,DEAP:S30,T12,1,5.15,1,1,2,0,exposed,stimulus_relative_context,train,10.0,0.0012995570619112051,0.9987004429380888
DEAP:S30:T13,DEAP:S30,T13,0,4.04,1,1,2,0,exposed,stimulus_relative_context,train,10.0,0.3363643075067063,0.6636356924932937
DEAP:S30:T18,DEAP:S30,T18,1,7.05,1,1,2,0,exposed,stimulus_relative_context,train,10.0,0.0039261683713455175,0.9960738316286545
DEAP:S30:T22,DEAP:S30,T22,0,4.05,1,1,2,0,exposed,stimulus_relative_context,train,10.0,0.5568692558489096,0.44313074415109044
DEAP:S30:T24,DEAP:S30,T24,1,5.99,1,1,2,0,exposed,stimulus_relative_context,train,10.0,0.6841654639340191,0.31583453606598083
DEAP:S30:T26,DEAP:S30,T26,1,5.01,1,1,2,0,exposed,stimulus_relative_context,train,10.0,0.5775850607664212,0.4224149392335787
DEAP:S30:T33,DEAP:S30,T33,0,3.91,1,1,2,0,exposed,stimulus_relative_context,train,10.0,0.7370985650273387,0.26290143497266133
DEAP:S30:T35,DEAP:S30,T35,1,5.04,1,1,2,0,exposed,stimulus_relative_context,train,10.0,0.9476494632566418,0.05235053674335823
DEAP:S30:T36,DEAP:S30,T36,0,4.03,1,1,2,0,exposed,stimulus_relative_context,train,10.0,0.8154402786010411,0.1845597213989589
DEAP:S32:T01,DEAP:S32,T01,1,8.13,1,1,2,0,exposed,stimulus_relative_context,train,10.0,0.010552304851367822,0.9894476951486322
DEAP:S32:T04,DEAP:S32,T04,1,6.96,1,1,2,0,exposed,stimulus_relative_context,train,10.0,1.6618511766264277e-05,0.9999833814882337
DEAP:S32:T07,DEAP:S32,T07,0,4.94,1,1,2,0,exposed,stimulus_relative_context,train,10.0,0.9999113352347891,8.866476521084678e-05
DEAP:S32:T08,DEAP:S32,T08,1,7.96,1,1,2,0,exposed,stimulus_relative_context,train,10.0,0.0006006407164046434,0.9993993592835954
DEAP:S32:T09,DEAP:S32,T09,1,7.86,1,1,2,0,exposed,stimulus_relative_context,train,10.0,0.0008657157945947125,0.9991342842054053
DEAP:S32:T12,DEAP:S32,T12,1,7.31,1,1,2,0,exposed,stimulus_relative_context,train,10.0,0.010382597940841731,0.9896174020591583
DEAP:S32:T13,DEAP:S32,T13,1,7.09,1,1,2,0,exposed,stimulus_relative_context,train,10.0,0.23462994684271588,0.7653700531572841
DEAP:S32:T18,DEAP:S32,T18,1,8.03,1,1,2,0,exposed,stimulus_relative_context,train,10.0,0.08849668082692508,0.9115033191730749
DEAP:S32:T22,DEAP:S32,T22,0,4.15,1,1,2,0,exposed,stimulus_relative_context,train,10.0,0.8935207404911066,0.10647925950889338
DEAP:S32:T23,DEAP:S32,T23,0,3.01,1,1,2,0,exposed,stimulus_relative_context,train,10.0,0.9960348924131955,0.003965107586804413
DEAP:S32:T24,DEAP:S32,T24,0,1.0,1,1,2,0,exposed,stimulus_relative_context,train,10.0,0.999855996194273,0.00014400380572695374
DEAP:S32:T25,DEAP:S32,T25,0,4.01,1,1,2,0,exposed,stimulus_relative_context,train,10.0,0.9392049697214768,0.06079503027852323
DEAP:S32:T33,DEAP:S32,T33,0,4.06,1,1,2,0,exposed,stimulus_relative_context,train,10.0,0.9029783696767492,0.09702163032325084
DEAP:S32:T35,DEAP:S32,T35,0,3.88,1,1,2,0,exposed,stimulus_relative_context,train,10.0,0.9896925140902455,0.010307485909754539
DEAP:S32:T36,DEAP:S32,T36,0,3.91,1,1,2,0,exposed,stimulus_relative_context,train,10.0,0.9938754095512898,0.006124590448710212
DEAP:S03:T05,DEAP:S03,T05,1,6.92,1,1,2,0,exposed,stimulus_relative_context,validation_unseen,10.0,0.006955730162398033,0.993044269837602
DEAP:S03:T15,DEAP:S03,T15,1,7.36,1,1,2,0,exposed,stimulus_relative_context,validation_unseen,10.0,0.04161774564938159,0.9583822543506184
DEAP:S03:T19,DEAP:S03,T19,1,8.14,1,1,2,0,exposed,stimulus_relative_context,validation_unseen,10.0,0.012618032034210858,0.9873819679657891
DEAP:S03:T27,DEAP:S03,T27,1,6.72,1,1,2,0,exposed,stimulus_relative_context,validation_unseen,10.0,0.05531141945953999,0.94468858054046
DEAP:S03:T28,DEAP:S03,T28,1,5.59,1,1,2,0,exposed,stimulus_relative_context,validation_unseen,10.0,0.003325656110129138,0.9966743438898709
DEAP:S03:T29,DEAP:S03,T29,0,4.47,1,1,2,0,exposed,stimulus_relative_context,validation_unseen,10.0,0.26353599121306426,0.7364640087869357
DEAP:S03:T30,DEAP:S03,T30,0,3.87,1,1,2,0,exposed,stimulus_relative_context,validation_unseen,10.0,0.005987573622815767,0.9940124263771842
DEAP:S03:T32,DEAP:S03,T32,1,5.17,1,1,2,0,exposed,stimulus_relative_context,validation_unseen,10.0,0.0016914806808069338,0.9983085193191931
DEAP:S04:T05,DEAP:S04,T05,0,4.06,1,1,2,0,exposed,stimulus_relative_context,validation_unseen,10.0,0.2280562198916377,0.7719437801083623
DEAP:S04:T15,DEAP:S04,T15,1,6.96,1,1,2,0,exposed,stimulus_relative_context,validation_unseen,10.0,0.9697923620822895,0.030207637917710552
DEAP:S04:T19,DEAP:S04,T19,1,7.09,1,1,2,0,exposed,stimulus_relative_context,validation_unseen,10.0,0.2713874807967823,0.7286125192032177
DEAP:S04:T27,DEAP:S04,T27,1,6.14,1,1,2,0,exposed,stimulus_relative_context,validation_unseen,10.0,0.012519336445632967,0.987480663554367
DEAP:S04:T28,DEAP:S04,T28,0,2.17,1,1,2,0,exposed,stimulus_relative_context,validation_unseen,10.0,0.8187946676866601,0.18120533231333993
DEAP:S04:T29,DEAP:S04,T29,0,1.85,1,1,2,0,exposed,stimulus_relative_context,validation_unseen,10.0,0.022069405764128525,0.9779305942358715
DEAP:S04:T30,DEAP:S04,T30,0,3.1,1,1,2,0,exposed,stimulus_relative_context,validation_unseen,10.0,0.2907150079888454,0.7092849920111546
DEAP:S04:T32,DEAP:S04,T32,0,1.01,1,1,2,0,exposed,stimulus_relative_context,validation_unseen,10.0,0.03238566687118205,0.967614333128818
DEAP:S21:T05,DEAP:S21,T05,1,8.09,1,1,2,0,exposed,stimulus_relative_context,validation_unseen,10.0,0.030004895795431863,0.9699951042045681
DEAP:S21:T15,DEAP:S21,T15,1,6.92,1,1,2,0,exposed,stimulus_relative_context,validation_unseen,10.0,0.016811934531626993,0.983188065468373
DEAP:S21:T19,DEAP:S21,T19,1,7.26,1,1,2,0,exposed,stimulus_relative_context,validation_unseen,10.0,0.9822930376462509,0.017706962353749175
DEAP:S21:T27,DEAP:S21,T27,0,4.01,1,1,2,0,exposed,stimulus_relative_context,validation_unseen,10.0,0.07469282745756878,0.9253071725424312
DEAP:S21:T28,DEAP:S21,T28,0,3.04,1,1,2,0,exposed,stimulus_relative_context,validation_unseen,10.0,0.23120299850718262,0.7687970014928174
DEAP:S21:T29,DEAP:S21,T29,0,3.01,1,1,2,0,exposed,stimulus_relative_context,validation_unseen,10.0,0.7601708646528211,0.23982913534717887
DEAP:S21:T30,DEAP:S21,T30,0,3.45,1,1,2,0,exposed,stimulus_relative_context,validation_unseen,10.0,0.1829925001392244,0.8170074998607756
DEAP:S21:T32,DEAP:S21,T32,1,6.27,1,1,2,0,exposed,stimulus_relative_context,validation_unseen,10.0,0.0964481144975674,0.9035518855024326
DEAP:S22:T05,DEAP:S22,T05,1,7.1,1,1,2,0,exposed,stimulus_relative_context,validation_unseen,10.0,0.0015851306882824767,0.9984148693117175
DEAP:S22:T19,DEAP:S22,T19,1,9.0,1,1,2,0,exposed,stimulus_relative_context,validation_unseen,10.0,0.00028101396935475975,0.9997189860306452
DEAP:S22:T27,DEAP:S22,T27,1,7.06,1,1,2,0,exposed,stimulus_relative_context,validation_unseen,10.0,0.001388743089631217,0.9986112569103688
DEAP:S22:T28,DEAP:S22,T28,0,4.03,1,1,2,0,exposed,stimulus_relative_context,validation_unseen,10.0,0.00035805719245385337,0.9996419428075461
DEAP:S22:T29,DEAP:S22,T29,0,2.0,1,1,2,0,exposed,stimulus_relative_context,validation_unseen,10.0,0.0001540102731886206,0.9998459897268114
DEAP:S22:T30,DEAP:S22,T30,0,1.0,1,1,2,0,exposed,stimulus_relative_context,validation_unseen,10.0,0.0030189348622008394,0.9969810651377992
DEAP:S22:T32,DEAP:S22,T32,0,1.99,1,1,2,0,exposed,stimulus_relative_context,validation_unseen,10.0,0.0006236609519969516,0.999376339048003
DEAP:S03:T01,DEAP:S03,T01,1,5.33,1,1,2,0,exposed,stimulus_relative_context,validation_familiar,10.0,6.05537949248669e-05,0.9999394462050751
DEAP:S03:T04,DEAP:S03,T04,0,4.69,1,1,2,0,exposed,stimulus_relative_context,validation_familiar,10.0,0.0008877130221436325,0.9991122869778564
DEAP:S03:T07,DEAP:S03,T07,1,5.45,1,1,2,0,exposed,stimulus_relative_context,validation_familiar,10.0,0.6357272412115209,0.36427275878847903
DEAP:S03:T08,DEAP:S03,T08,1,7.14,1,1,2,0,exposed,stimulus_relative_context,validation_familiar,10.0,0.00016537072490308002,0.9998346292750969
DEAP:S03:T09,DEAP:S03,T09,1,7.33,1,1,2,0,exposed,stimulus_relative_context,validation_familiar,10.0,0.0023741217807682347,0.9976258782192318
DEAP:S03:T12,DEAP:S03,T12,1,6.36,1,1,2,0,exposed,stimulus_relative_context,validation_familiar,10.0,0.00037205793881267546,0.9996279420611873
DEAP:S03:T13,DEAP:S03,T13,1,7.91,1,1,2,0,exposed,stimulus_relative_context,validation_familiar,10.0,4.7665119644713094e-05,0.9999523348803553
DEAP:S03:T18,DEAP:S03,T18,1,7.1,1,1,2,0,exposed,stimulus_relative_context,validation_familiar,10.0,5.744543603514174e-05,0.9999425545639649
DEAP:S03:T22,DEAP:S03,T22,0,4.94,1,1,2,0,exposed,stimulus_relative_context,validation_familiar,10.0,0.8749940839872175,0.1250059160127825
DEAP:S03:T23,DEAP:S03,T23,0,3.65,1,1,2,0,exposed,stimulus_relative_context,validation_familiar,10.0,0.7072518206578424,0.2927481793421576
DEAP:S03:T24,DEAP:S03,T24,0,3.31,1,1,2,0,exposed,stimulus_relative_context,validation_familiar,10.0,0.1382534422624816,0.8617465577375184
DEAP:S03:T25,DEAP:S03,T25,0,3.45,1,1,2,0,exposed,stimulus_relative_context,validation_familiar,10.0,0.8065964030372064,0.1934035969627937
DEAP:S03:T26,DEAP:S03,T26,0,4.67,1,1,2,0,exposed,stimulus_relative_context,validation_familiar,10.0,0.27393953753335754,0.7260604624666425
DEAP:S03:T33,DEAP:S03,T33,0,4.05,1,1,2,0,exposed,stimulus_relative_context,validation_familiar,10.0,0.03059690092563505,0.969403099074365
DEAP:S03:T35,DEAP:S03,T35,0,3.18,1,1,2,0,exposed,stimulus_relative_context,validation_familiar,10.0,0.2827360871942992,0.7172639128057008
DEAP:S03:T36,DEAP:S03,T36,1,5.01,1,1,2,0,exposed,stimulus_relative_context,validation_familiar,10.0,0.6933014449052906,0.30669855509470945
DEAP:S04:T01,DEAP:S04,T01,1,6.68,1,1,2,0,exposed,stimulus_relative_context,validation_familiar,10.0,0.0438120257225002,0.9561879742774998
DEAP:S04:T04,DEAP:S04,T04,1,6.1,1,1,2,0,exposed,stimulus_relative_context,validation_familiar,10.0,0.06742231307111168,0.9325776869288883
DEAP:S04:T07,DEAP:S04,T07,0,2.94,1,1,2,0,exposed,stimulus_relative_context,validation_familiar,10.0,0.004251277000455245,0.9957487229995448
DEAP:S04:T08,DEAP:S04,T08,1,5.97,1,1,2,0,exposed,stimulus_relative_context,validation_familiar,10.0,0.0014429475572609318,0.9985570524427391
DEAP:S04:T09,DEAP:S04,T09,1,6.05,1,1,2,0,exposed,stimulus_relative_context,validation_familiar,10.0,0.001537497242697139,0.9984625027573029
DEAP:S04:T12,DEAP:S04,T12,1,5.04,1,1,2,0,exposed,stimulus_relative_context,validation_familiar,10.0,0.010063078840590323,0.9899369211594097
DEAP:S04:T13,DEAP:S04,T13,0,4.12,1,1,2,0,exposed,stimulus_relative_context,validation_familiar,10.0,0.019162034863690502,0.9808379651363095
DEAP:S04:T18,DEAP:S04,T18,0,4.9,1,1,2,0,exposed,stimulus_relative_context,validation_familiar,10.0,0.029907472133965607,0.9700925278660344
DEAP:S04:T22,DEAP:S04,T22,0,1.86,1,1,2,0,exposed,stimulus_relative_context,validation_familiar,10.0,0.9210545849446895,0.0789454150553105
DEAP:S04:T23,DEAP:S04,T23,0,1.86,1,1,2,0,exposed,stimulus_relative_context,validation_familiar,10.0,0.936418456433204,0.063581543566796
DEAP:S04:T24,DEAP:S04,T24,0,2.71,1,1,2,0,exposed,stimulus_relative_context,validation_familiar,10.0,0.5488158908263722,0.45118410917362783
DEAP:S04:T25,DEAP:S04,T25,1,7.0,1,1,2,0,exposed,stimulus_relative_context,validation_familiar,10.0,0.4420130463420142,0.5579869536579858
DEAP:S04:T26,DEAP:S04,T26,1,6.0,1,1,2,0,exposed,stimulus_relative_context,validation_familiar,10.0,0.41734266321305047,0.5826573367869495
DEAP:S04:T33,DEAP:S04,T33,0,1.0,1,1,2,0,exposed,stimulus_relative_context,validation_familiar,10.0,0.9899095114006626,0.010090488599337418
DEAP:S04:T35,DEAP:S04,T35,0,2.03,1,1,2,0,exposed,stimulus_relative_context,validation_familiar,10.0,0.9485015400349621,0.05149845996503792
DEAP:S04:T36,DEAP:S04,T36,0,2.72,1,1,2,0,exposed,stimulus_relative_context,validation_familiar,10.0,0.9678676905608958,0.03213230943910421
DEAP:S21:T01,DEAP:S21,T01,1,6.42,1,1,2,0,exposed,stimulus_relative_context,validation_familiar,10.0,0.3162513015779089,0.6837486984220911
DEAP:S21:T04,DEAP:S21,T04,1,5.05,1,1,2,0,exposed,stimulus_relative_context,validation_familiar,10.0,5.3465707780420146e-05,0.9999465342922196
DEAP:S21:T07,DEAP:S21,T07,1,7.05,1,1,2,0,exposed,stimulus_relative_context,validation_familiar,10.0,0.023975930271858736,0.9760240697281413
DEAP:S21:T08,DEAP:S21,T08,1,8.81,1,1,2,0,exposed,stimulus_relative_context,validation_familiar,10.0,0.015895261974259167,0.9841047380257408
DEAP:S21:T09,DEAP:S21,T09,1,8.56,1,1,2,0,exposed,stimulus_relative_context,validation_familiar,10.0,0.0011537054095714927,0.9988462945904285
DEAP:S21:T12,DEAP:S21,T12,0,4.63,1,1,2,0,exposed,stimulus_relative_context,validation_familiar,10.0,0.0023765672091597967,0.9976234327908402
DEAP:S21:T13,DEAP:S21,T13,0,4.27,1,1,2,0,exposed,stimulus_relative_context,validation_familiar,10.0,0.274307962272217,0.725692037727783
DEAP:S21:T18,DEAP:S21,T18,1,7.99,1,1,2,0,exposed,stimulus_relative_context,validation_familiar,10.0,0.0001970190884104106,0.9998029809115896
DEAP:S21:T22,DEAP:S21,T22,0,2.09,1,1,2,0,exposed,stimulus_relative_context,validation_familiar,10.0,0.5578790466344198,0.4421209533655802
DEAP:S21:T23,DEAP:S21,T23,0,4.69,1,1,2,0,exposed,stimulus_relative_context,validation_familiar,10.0,0.573724649273962,0.42627535072603795
DEAP:S21:T24,DEAP:S21,T24,0,2.99,1,1,2,0,exposed,stimulus_relative_context,validation_familiar,10.0,0.7792214598316108,0.2207785401683892
DEAP:S21:T25,DEAP:S21,T25,0,3.97,1,1,2,0,exposed,stimulus_relative_context,validation_familiar,10.0,0.04730678167256874,0.9526932183274313
DEAP:S21:T26,DEAP:S21,T26,0,4.06,1,1,2,0,exposed,stimulus_relative_context,validation_familiar,10.0,0.11872008177294713,0.8812799182270529
DEAP:S21:T33,DEAP:S21,T33,1,7.03,1,1,2,0,exposed,stimulus_relative_context,validation_familiar,10.0,0.8202489528658639,0.1797510471341361
DEAP:S21:T35,DEAP:S21,T35,0,4.92,1,1,2,0,exposed,stimulus_relative_context,validation_familiar,10.0,0.3379146033367564,0.6620853966632436
DEAP:S21:T36,DEAP:S21,T36,1,6.88,1,1,2,0,exposed,stimulus_relative_context,validation_familiar,10.0,0.840925267164324,0.159074732835676
DEAP:S22:T01,DEAP:S22,T01,1,5.05,1,1,2,0,exposed,stimulus_relative_context,validation_familiar,10.0,0.013499400637564496,0.9865005993624355
DEAP:S22:T04,DEAP:S22,T04,1,7.06,1,1,2,0,exposed,stimulus_relative_context,validation_familiar,10.0,1.7278348494187412e-05,0.9999827216515058
DEAP:S22:T07,DEAP:S22,T07,1,6.03,1,1,2,0,exposed,stimulus_relative_context,validation_familiar,10.0,0.00022980088755164552,0.9997701991124484
DEAP:S22:T08,DEAP:S22,T08,1,7.09,1,1,2,0,exposed,stimulus_relative_context,validation_familiar,10.0,7.491598187847615e-05,0.9999250840181215
DEAP:S22:T09,DEAP:S22,T09,1,9.0,1,1,2,0,exposed,stimulus_relative_context,validation_familiar,10.0,3.1961289707060914e-06,0.9999968038710293
DEAP:S22:T12,DEAP:S22,T12,0,4.99,1,1,2,0,exposed,stimulus_relative_context,validation_familiar,10.0,0.00013556333191322434,0.9998644366680868
DEAP:S22:T13,DEAP:S22,T13,1,7.01,1,1,2,0,exposed,stimulus_relative_context,validation_familiar,10.0,0.012916718068770705,0.9870832819312293
DEAP:S22:T18,DEAP:S22,T18,1,8.08,1,1,2,0,exposed,stimulus_relative_context,validation_familiar,10.0,0.00013201763561898616,0.999867982364381
DEAP:S22:T22,DEAP:S22,T22,0,4.05,1,1,2,0,exposed,stimulus_relative_context,validation_familiar,10.0,0.023186755321008556,0.9768132446789914
DEAP:S22:T23,DEAP:S22,T23,0,2.99,1,1,2,0,exposed,stimulus_relative_context,validation_familiar,10.0,0.8121173341879966,0.18788266581200339
DEAP:S22:T24,DEAP:S22,T24,0,1.96,1,1,2,0,exposed,stimulus_relative_context,validation_familiar,10.0,0.0771698923098636,0.9228301076901364
DEAP:S22:T25,DEAP:S22,T25,0,2.95,1,1,2,0,exposed,stimulus_relative_context,validation_familiar,10.0,0.08650963422112012,0.9134903657788799
DEAP:S22:T33,DEAP:S22,T33,0,1.96,1,1,2,0,exposed,stimulus_relative_context,validation_familiar,10.0,0.0246633309212122,0.9753366690787878
DEAP:S22:T35,DEAP:S22,T35,0,1.99,1,1,2,0,exposed,stimulus_relative_context,validation_familiar,10.0,0.014494434478106721,0.9855055655218933
DEAP:S22:T36,DEAP:S22,T36,0,1.96,1,1,2,0,exposed,stimulus_relative_context,validation_familiar,10.0,0.011931654100570954,0.988068345899429
