trial_id,subject_id,material_key,label,original_label,group,source_session,material_rotation,fold,arm,model,role,C,p0,p1
DEAP:S01:T01,DEAP:S01,T01,1,7.71,1,1,4,6,exposed,baseline_only,train,0.01,0.507688412613149,0.492311587386851
DEAP:S01:T03,DEAP:S01,T03,1,8.58,1,1,4,6,exposed,baseline_only,train,0.01,0.5241012226124797,0.4758987773875203
DEAP:S01:T06,DEAP:S01,T06,1,8.27,1,1,4,6,exposed,baseline_only,train,0.01,0.5298404527125248,0.4701595472874752
DEAP:S01:T08,DEAP:S01,T08,1,7.32,1,1,4,6,exposed,baseline_only,train,0.01,0.5772494476781064,0.4227505523218936
DEAP:S01:T11,DEAP:S01,T11,0,2.99,1,1,4,6,exposed,baseline_only,train,0.01,0.6011455427945733,0.39885445720542667
DEAP:S01:T12,DEAP:S01,T12,0,2.71,1,1,4,6,exposed,baseline_only,train,0.01,0.5403647564678022,0.4596352435321978
DEAP:S01:T16,DEAP:S01,T16,1,6.81,1,1,4,6,exposed,baseline_only,train,0.01,0.5476573185056134,0.4523426814943866
DEAP:S01:T23,DEAP:S01,T23,1,8.15,1,1,4,6,exposed,baseline_only,train,0.01,0.5999070333023186,0.4000929666976813
DEAP:S01:T25,DEAP:S01,T25,1,8.86,1,1,4,6,exposed,baseline_only,train,0.01,0.5611491794683918,0.43885082053160823
DEAP:S01:T31,DEAP:S01,T31,0,3.03,1,1,4,6,exposed,baseline_only,train,0.01,0.5763460230544535,0.4236539769455465
DEAP:S01:T33,DEAP:S01,T33,0,3.81,1,1,4,6,exposed,baseline_only,train,0.01,0.517033071606088,0.48296692839391203
DEAP:S01:T34,DEAP:S01,T34,0,2.28,1,1,4,6,exposed,baseline_only,train,0.01,0.5583260940234847,0.4416739059765154
DEAP:S01:T35,DEAP:S01,T35,0,2.06,1,1,4,6,exposed,baseline_only,train,0.01,0.5388022021460206,0.46119779785397935
DEAP:S01:T39,DEAP:S01,T39,0,3.24,1,1,4,6,exposed,baseline_only,train,0.01,0.6102431482038904,0.38975685179610964
DEAP:S01:T40,DEAP:S01,T40,1,5.1,1,1,4,6,exposed,baseline_only,train,0.01,0.5620524833809908,0.43794751661900916
DEAP:S03:T01,DEAP:S03,T01,1,5.33,1,1,4,6,exposed,baseline_only,train,0.01,0.43800170344559286,0.5619982965544071
DEAP:S03:T03,DEAP:S03,T03,1,7.55,1,1,4,6,exposed,baseline_only,train,0.01,0.4984829521722668,0.5015170478277332
DEAP:S03:T06,DEAP:S03,T06,1,6.79,1,1,4,6,exposed,baseline_only,train,0.01,0.5109306100871045,0.48906938991289545
DEAP:S03:T08,DEAP:S03,T08,1,7.14,1,1,4,6,exposed,baseline_only,train,0.01,0.4359593463049324,0.5640406536950676
DEAP:S03:T11,DEAP:S03,T11,1,7.94,1,1,4,6,exposed,baseline_only,train,0.01,0.453147638126162,0.546852361873838
DEAP:S03:T12,DEAP:S03,T12,1,6.36,1,1,4,6,exposed,baseline_only,train,0.01,0.4819118859933683,0.5180881140066317
DEAP:S03:T16,DEAP:S03,T16,1,7.15,1,1,4,6,exposed,baseline_only,train,0.01,0.4145455676167429,0.5854544323832571
DEAP:S03:T23,DEAP:S03,T23,0,3.65,1,1,4,6,exposed,baseline_only,train,0.01,0.5362144471384569,0.46378555286154316
DEAP:S03:T31,DEAP:S03,T31,0,4.44,1,1,4,6,exposed,baseline_only,train,0.01,0.44101290832856965,0.5589870916714303
DEAP:S03:T33,DEAP:S03,T33,0,4.05,1,1,4,6,exposed,baseline_only,train,0.01,0.5094195205542358,0.49058047944576416
DEAP:S03:T34,DEAP:S03,T34,0,4.72,1,1,4,6,exposed,baseline_only,train,0.01,0.5260393029462677,0.47396069705373234
DEAP:S03:T35,DEAP:S03,T35,0,3.18,1,1,4,6,exposed,baseline_only,train,0.01,0.5032165087858858,0.4967834912141142
DEAP:S03:T39,DEAP:S03,T39,0,4.33,1,1,4,6,exposed,baseline_only,train,0.01,0.49610831672069156,0.5038916832793084
DEAP:S03:T40,DEAP:S03,T40,1,5.38,1,1,4,6,exposed,baseline_only,train,0.01,0.45741426832570387,0.5425857316742961
DEAP:S04:T01,DEAP:S04,T01,1,6.68,1,1,4,6,exposed,baseline_only,train,0.01,0.5649189087988776,0.43508109120112237
DEAP:S04:T03,DEAP:S04,T03,1,8.95,1,1,4,6,exposed,baseline_only,train,0.01,0.6787386290260355,0.3212613709739644
DEAP:S04:T06,DEAP:S04,T06,1,5.01,1,1,4,6,exposed,baseline_only,train,0.01,0.6086136493329677,0.3913863506670323
DEAP:S04:T12,DEAP:S04,T12,1,5.04,1,1,4,6,exposed,baseline_only,train,0.01,0.6042844979415014,0.3957155020584986
DEAP:S04:T16,DEAP:S04,T16,0,2.51,1,1,4,6,exposed,baseline_only,train,0.01,0.6933136538163962,0.30668634618360385
DEAP:S04:T23,DEAP:S04,T23,0,1.86,1,1,4,6,exposed,baseline_only,train,0.01,0.5731224458579696,0.4268775541420304
DEAP:S04:T26,DEAP:S04,T26,1,6.0,1,1,4,6,exposed,baseline_only,train,0.01,0.6916985520147809,0.3083014479852191
DEAP:S04:T31,DEAP:S04,T31,0,2.01,1,1,4,6,exposed,baseline_only,train,0.01,0.6227442765362098,0.3772557234637902
DEAP:S04:T33,DEAP:S04,T33,0,1.0,1,1,4,6,exposed,baseline_only,train,0.01,0.7109924265937444,0.28900757340625555
DEAP:S04:T34,DEAP:S04,T34,0,2.17,1,1,4,6,exposed,baseline_only,train,0.01,0.6641441916853722,0.3358558083146278
DEAP:S04:T35,DEAP:S04,T35,0,2.03,1,1,4,6,exposed,baseline_only,train,0.01,0.5760729325273051,0.42392706747269493
DEAP:S04:T39,DEAP:S04,T39,0,1.92,1,1,4,6,exposed,baseline_only,train,0.01,0.578388366448386,0.42161163355161396
DEAP:S04:T40,DEAP:S04,T40,0,1.86,1,1,4,6,exposed,baseline_only,train,0.01,0.6900331913678729,0.3099668086321271
DEAP:S07:T01,DEAP:S07,T01,1,8.1,1,1,4,6,exposed,baseline_only,train,0.01,0.4450833318487931,0.5549166681512069
DEAP:S07:T03,DEAP:S07,T03,1,7.1,1,1,4,6,exposed,baseline_only,train,0.01,0.5120498083868493,0.4879501916131507
DEAP:S07:T06,DEAP:S07,T06,1,6.97,1,1,4,6,exposed,baseline_only,train,0.01,0.46646511127648327,0.5335348887235167
DEAP:S07:T08,DEAP:S07,T08,1,7.0,1,1,4,6,exposed,baseline_only,train,0.01,0.4205381059352914,0.5794618940647086
DEAP:S07:T11,DEAP:S07,T11,1,7.03,1,1,4,6,exposed,baseline_only,train,0.01,0.48572843013472056,0.5142715698652794
DEAP:S07:T12,DEAP:S07,T12,1,6.99,1,1,4,6,exposed,baseline_only,train,0.01,0.4766722311254732,0.5233277688745268
DEAP:S07:T16,DEAP:S07,T16,0,3.03,1,1,4,6,exposed,baseline_only,train,0.01,0.4882096781377341,0.5117903218622659
DEAP:S07:T23,DEAP:S07,T23,0,3.01,1,1,4,6,exposed,baseline_only,train,0.01,0.519651168376311,0.480348831623689
DEAP:S07:T26,DEAP:S07,T26,0,2.0,1,1,4,6,exposed,baseline_only,train,0.01,0.4953590680885702,0.5046409319114298
DEAP:S07:T31,DEAP:S07,T31,1,6.96,1,1,4,6,exposed,baseline_only,train,0.01,0.47346873002755585,0.5265312699724441
DEAP:S07:T33,DEAP:S07,T33,0,4.97,1,1,4,6,exposed,baseline_only,train,0.01,0.5208198146945933,0.4791801853054068
DEAP:S07:T35,DEAP:S07,T35,1,5.01,1,1,4,6,exposed,baseline_only,train,0.01,0.5329634980528781,0.4670365019471219
DEAP:S07:T39,DEAP:S07,T39,1,7.01,1,1,4,6,exposed,baseline_only,train,0.01,0.45052686109684126,0.5494731389031587
DEAP:S07:T40,DEAP:S07,T40,1,7.01,1,1,4,6,exposed,baseline_only,train,0.01,0.4816473614217385,0.5183526385782615
DEAP:S08:T01,DEAP:S08,T01,1,7.6,1,1,4,6,exposed,baseline_only,train,0.01,0.4767704166211302,0.5232295833788698
DEAP:S08:T03,DEAP:S08,T03,1,8.15,1,1,4,6,exposed,baseline_only,train,0.01,0.5359533950163042,0.4640466049836957
DEAP:S08:T06,DEAP:S08,T06,1,7.4,1,1,4,6,exposed,baseline_only,train,0.01,0.48247133864836,0.51752866135164
DEAP:S08:T08,DEAP:S08,T08,1,8.82,1,1,4,6,exposed,baseline_only,train,0.01,0.5179871736904571,0.4820128263095429
DEAP:S08:T11,DEAP:S08,T11,1,8.41,1,1,4,6,exposed,baseline_only,train,0.01,0.5021640003597752,0.4978359996402249
DEAP:S08:T12,DEAP:S08,T12,1,8.47,1,1,4,6,exposed,baseline_only,train,0.01,0.4921071611614316,0.5078928388385684
DEAP:S08:T16,DEAP:S08,T16,0,4.21,1,1,4,6,exposed,baseline_only,train,0.01,0.49686727535080066,0.5031327246491993
DEAP:S08:T25,DEAP:S08,T25,0,3.72,1,1,4,6,exposed,baseline_only,train,0.01,0.5274604956499809,0.4725395043500192
DEAP:S08:T31,DEAP:S08,T31,0,1.45,1,1,4,6,exposed,baseline_only,train,0.01,0.49932539642555784,0.5006746035744422
DEAP:S08:T33,DEAP:S08,T33,0,4.44,1,1,4,6,exposed,baseline_only,train,0.01,0.5035890335729398,0.49641096642706023
DEAP:S08:T34,DEAP:S08,T34,1,5.05,1,1,4,6,exposed,baseline_only,train,0.01,0.5124331679450458,0.4875668320549542
DEAP:S08:T35,DEAP:S08,T35,0,3.62,1,1,4,6,exposed,baseline_only,train,0.01,0.4962726022010404,0.5037273977989596
DEAP:S08:T39,DEAP:S08,T39,1,5.05,1,1,4,6,exposed,baseline_only,train,0.01,0.4692426098231236,0.5307573901768764
DEAP:S08:T40,DEAP:S08,T40,0,3.13,1,1,4,6,exposed,baseline_only,train,0.01,0.483227069745196,0.516772930254804
DEAP:S09:T01,DEAP:S09,T01,1,5.05,1,1,4,6,exposed,baseline_only,train,0.01,0.45052735738155825,0.5494726426184418
DEAP:S09:T03,DEAP:S09,T03,1,7.08,1,1,4,6,exposed,baseline_only,train,0.01,0.43687024487253,0.56312975512747
DEAP:S09:T06,DEAP:S09,T06,1,7.04,1,1,4,6,exposed,baseline_only,train,0.01,0.47666979804624443,0.5233302019537556
DEAP:S09:T08,DEAP:S09,T08,1,6.15,1,1,4,6,exposed,baseline_only,train,0.01,0.34020782497133517,0.6597921750286648
DEAP:S09:T11,DEAP:S09,T11,1,7.12,1,1,4,6,exposed,baseline_only,train,0.01,0.46593670032097645,0.5340632996790236
DEAP:S09:T12,DEAP:S09,T12,1,7.08,1,1,4,6,exposed,baseline_only,train,0.01,0.4400056506816542,0.5599943493183458
DEAP:S09:T16,DEAP:S09,T16,0,4.05,1,1,4,6,exposed,baseline_only,train,0.01,0.44152285864219465,0.5584771413578054
DEAP:S09:T25,DEAP:S09,T25,1,5.04,1,1,4,6,exposed,baseline_only,train,0.01,0.4629038565885275,0.5370961434114725
DEAP:S09:T26,DEAP:S09,T26,0,4.1,1,1,4,6,exposed,baseline_only,train,0.01,0.47710836094472764,0.5228916390552724
DEAP:S09:T31,DEAP:S09,T31,1,6.06,1,1,4,6,exposed,baseline_only,train,0.01,0.5007015701279514,0.4992984298720487
DEAP:S09:T33,DEAP:S09,T33,0,3.08,1,1,4,6,exposed,baseline_only,train,0.01,0.4966430384186288,0.5033569615813712
DEAP:S09:T34,DEAP:S09,T34,1,5.06,1,1,4,6,exposed,baseline_only,train,0.01,0.4536395976296502,0.5463604023703498
DEAP:S09:T35,DEAP:S09,T35,0,3.01,1,1,4,6,exposed,baseline_only,train,0.01,0.38162032546520797,0.618379674534792
DEAP:S09:T39,DEAP:S09,T39,0,3.17,1,1,4,6,exposed,baseline_only,train,0.01,0.5011816857813773,0.4988183142186227
DEAP:S09:T40,DEAP:S09,T40,1,5.04,1,1,4,6,exposed,baseline_only,train,0.01,0.40438289590892507,0.5956171040910749
DEAP:S10:T01,DEAP:S10,T01,1,7.91,1,1,4,6,exposed,baseline_only,train,0.01,0.43312093752665115,0.5668790624733488
DEAP:S10:T03,DEAP:S10,T03,1,5.86,1,1,4,6,exposed,baseline_only,train,0.01,0.47913681696004684,0.5208631830399532
DEAP:S10:T06,DEAP:S10,T06,1,7.1,1,1,4,6,exposed,baseline_only,train,0.01,0.4997059843523396,0.5002940156476604
DEAP:S10:T08,DEAP:S10,T08,1,5.68,1,1,4,6,exposed,baseline_only,train,0.01,0.4639919080131454,0.5360080919868546
DEAP:S10:T11,DEAP:S10,T11,1,8.99,1,1,4,6,exposed,baseline_only,train,0.01,0.4113327179386379,0.5886672820613621
DEAP:S10:T12,DEAP:S10,T12,1,5.37,1,1,4,6,exposed,baseline_only,train,0.01,0.41499097561908227,0.5850090243809177
DEAP:S10:T16,DEAP:S10,T16,0,3.85,1,1,4,6,exposed,baseline_only,train,0.01,0.4354836346646632,0.5645163653353368
DEAP:S10:T23,DEAP:S10,T23,0,2.87,1,1,4,6,exposed,baseline_only,train,0.01,0.5569858761208006,0.4430141238791994
DEAP:S10:T25,DEAP:S10,T25,0,1.92,1,1,4,6,exposed,baseline_only,train,0.01,0.5224684797826816,0.4775315202173184
DEAP:S10:T31,DEAP:S10,T31,0,4.15,1,1,4,6,exposed,baseline_only,train,0.01,0.5289590766515758,0.4710409233484242
DEAP:S10:T33,DEAP:S10,T33,0,4.94,1,1,4,6,exposed,baseline_only,train,0.01,0.5327690735253868,0.4672309264746132
DEAP:S10:T35,DEAP:S10,T35,0,1.38,1,1,4,6,exposed,baseline_only,train,0.01,0.5158098053953858,0.4841901946046142
DEAP:S10:T40,DEAP:S10,T40,1,5.78,1,1,4,6,exposed,baseline_only,train,0.01,0.5212562737357616,0.47874372626423845
DEAP:S11:T01,DEAP:S11,T01,1,6.27,1,1,4,6,exposed,baseline_only,train,0.01,0.5468198331921437,0.45318016680785633
DEAP:S11:T03,DEAP:S11,T03,1,7.41,1,1,4,6,exposed,baseline_only,train,0.01,0.43949425458887403,0.560505745411126
DEAP:S11:T06,DEAP:S11,T06,1,5.32,1,1,4,6,exposed,baseline_only,train,0.01,0.4457882915242446,0.5542117084757554
DEAP:S11:T08,DEAP:S11,T08,1,6.26,1,1,4,6,exposed,baseline_only,train,0.01,0.5274687250024517,0.47253127499754827
DEAP:S11:T11,DEAP:S11,T11,1,7.32,1,1,4,6,exposed,baseline_only,train,0.01,0.4866411325024598,0.5133588674975402
DEAP:S11:T12,DEAP:S11,T12,1,5.04,1,1,4,6,exposed,baseline_only,train,0.01,0.5036589185497579,0.49634108145024214
DEAP:S11:T16,DEAP:S11,T16,0,4.35,1,1,4,6,exposed,baseline_only,train,0.01,0.5210125300284749,0.47898746997152514
DEAP:S11:T23,DEAP:S11,T23,0,3.72,1,1,4,6,exposed,baseline_only,train,0.01,0.4856934577856642,0.5143065422143358
DEAP:S11:T25,DEAP:S11,T25,1,5.01,1,1,4,6,exposed,baseline_only,train,0.01,0.5282829122221215,0.4717170877778784
DEAP:S11:T26,DEAP:S11,T26,1,5.49,1,1,4,6,exposed,baseline_only,train,0.01,0.4654397731500943,0.5345602268499057
DEAP:S11:T31,DEAP:S11,T31,0,1.83,1,1,4,6,exposed,baseline_only,train,0.01,0.4516807671864581,0.5483192328135419
DEAP:S11:T33,DEAP:S11,T33,1,5.64,1,1,4,6,exposed,baseline_only,train,0.01,0.49217228577671257,0.5078277142232874
DEAP:S11:T34,DEAP:S11,T34,0,4.88,1,1,4,6,exposed,baseline_only,train,0.01,0.5138304321477328,0.48616956785226717
DEAP:S11:T35,DEAP:S11,T35,0,1.23,1,1,4,6,exposed,baseline_only,train,0.01,0.4925803684048501,0.5074196315951499
DEAP:S11:T39,DEAP:S11,T39,0,1.0,1,1,4,6,exposed,baseline_only,train,0.01,0.5427097245177255,0.4572902754822746
DEAP:S11:T40,DEAP:S11,T40,0,4.95,1,1,4,6,exposed,baseline_only,train,0.01,0.43079943543261556,0.5692005645673844
DEAP:S12:T01,DEAP:S12,T01,1,7.09,1,1,4,6,exposed,baseline_only,train,0.01,0.49185747074707287,0.5081425292529271
DEAP:S12:T03,DEAP:S12,T03,1,7.33,1,1,4,6,exposed,baseline_only,train,0.01,0.5107684235025586,0.4892315764974414
DEAP:S12:T06,DEAP:S12,T06,1,6.65,1,1,4,6,exposed,baseline_only,train,0.01,0.4949859361904062,0.5050140638095938
DEAP:S12:T08,DEAP:S12,T08,1,5.1,1,1,4,6,exposed,baseline_only,train,0.01,0.5099278486782204,0.49007215132177967
DEAP:S12:T11,DEAP:S12,T11,1,7.78,1,1,4,6,exposed,baseline_only,train,0.01,0.47497901415932453,0.5250209858406755
DEAP:S12:T12,DEAP:S12,T12,1,6.86,1,1,4,6,exposed,baseline_only,train,0.01,0.5046309037549208,0.49536909624507924
DEAP:S12:T16,DEAP:S12,T16,1,5.04,1,1,4,6,exposed,baseline_only,train,0.01,0.5027977052862493,0.4972022947137506
DEAP:S12:T23,DEAP:S12,T23,0,1.74,1,1,4,6,exposed,baseline_only,train,0.01,0.4951705068784842,0.5048294931215158
DEAP:S12:T25,DEAP:S12,T25,0,2.78,1,1,4,6,exposed,baseline_only,train,0.01,0.5060447043756746,0.49395529562432544
DEAP:S12:T26,DEAP:S12,T26,1,6.08,1,1,4,6,exposed,baseline_only,train,0.01,0.4885719873390775,0.5114280126609225
DEAP:S12:T31,DEAP:S12,T31,0,3.18,1,1,4,6,exposed,baseline_only,train,0.01,0.5044564642469871,0.49554353575301285
DEAP:S12:T33,DEAP:S12,T33,0,1.9,1,1,4,6,exposed,baseline_only,train,0.01,0.47604648749134526,0.5239535125086547
DEAP:S12:T35,DEAP:S12,T35,0,1.22,1,1,4,6,exposed,baseline_only,train,0.01,0.4878231813182683,0.5121768186817317
DEAP:S12:T39,DEAP:S12,T39,0,3.18,1,1,4,6,exposed,baseline_only,train,0.01,0.5111756389463182,0.4888243610536817
DEAP:S12:T40,DEAP:S12,T40,1,6.81,1,1,4,6,exposed,baseline_only,train,0.01,0.48646323776839395,0.513536762231606
DEAP:S14:T01,DEAP:S14,T01,1,8.22,1,1,4,6,exposed,baseline_only,train,0.01,0.4822105414232214,0.5177894585767786
DEAP:S14:T03,DEAP:S14,T03,1,7.5,1,1,4,6,exposed,baseline_only,train,0.01,0.5064146319551572,0.4935853680448428
DEAP:S14:T06,DEAP:S14,T06,1,7.19,1,1,4,6,exposed,baseline_only,train,0.01,0.47098611010735425,0.5290138898926458
DEAP:S14:T08,DEAP:S14,T08,1,7.0,1,1,4,6,exposed,baseline_only,train,0.01,0.47573338283812805,0.524266617161872
DEAP:S14:T11,DEAP:S14,T11,1,8.03,1,1,4,6,exposed,baseline_only,train,0.01,0.4917045251318134,0.5082954748681866
DEAP:S14:T12,DEAP:S14,T12,1,7.63,1,1,4,6,exposed,baseline_only,train,0.01,0.4962981891556182,0.5037018108443818
DEAP:S14:T16,DEAP:S14,T16,0,3.96,1,1,4,6,exposed,baseline_only,train,0.01,0.5058649064547579,0.4941350935452421
DEAP:S14:T25,DEAP:S14,T25,0,3.87,1,1,4,6,exposed,baseline_only,train,0.01,0.5037951739002619,0.49620482609973815
DEAP:S14:T26,DEAP:S14,T26,0,3.28,1,1,4,6,exposed,baseline_only,train,0.01,0.4924907893325069,0.5075092106674931
DEAP:S14:T31,DEAP:S14,T31,0,3.26,1,1,4,6,exposed,baseline_only,train,0.01,0.5083273184763809,0.4916726815236191
DEAP:S14:T34,DEAP:S14,T34,0,2.5,1,1,4,6,exposed,baseline_only,train,0.01,0.5034427340376397,0.4965572659623602
DEAP:S14:T35,DEAP:S14,T35,0,2.68,1,1,4,6,exposed,baseline_only,train,0.01,0.5258512077689204,0.4741487922310797
DEAP:S14:T39,DEAP:S14,T39,1,6.65,1,1,4,6,exposed,baseline_only,train,0.01,0.4894908270819397,0.5105091729180603
DEAP:S14:T40,DEAP:S14,T40,1,6.68,1,1,4,6,exposed,baseline_only,train,0.01,0.5001897373838541,0.4998102626161459
DEAP:S16:T01,DEAP:S16,T01,0,2.51,1,1,4,6,exposed,baseline_only,train,0.01,0.6448858421779539,0.35511415782204614
DEAP:S16:T03,DEAP:S16,T03,1,6.74,1,1,4,6,exposed,baseline_only,train,0.01,0.6271114733621378,0.3728885266378622
DEAP:S16:T11,DEAP:S16,T11,1,7.27,1,1,4,6,exposed,baseline_only,train,0.01,0.6445739172360052,0.35542608276399473
DEAP:S16:T12,DEAP:S16,T12,1,5.97,1,1,4,6,exposed,baseline_only,train,0.01,0.5858250007279716,0.4141749992720284
DEAP:S16:T23,DEAP:S16,T23,0,3.9,1,1,4,6,exposed,baseline_only,train,0.01,0.6155183289017863,0.3844816710982137
DEAP:S16:T25,DEAP:S16,T25,0,2.47,1,1,4,6,exposed,baseline_only,train,0.01,0.6147688630017467,0.3852311369982533
DEAP:S16:T26,DEAP:S16,T26,0,1.82,1,1,4,6,exposed,baseline_only,train,0.01,0.5987919538528723,0.4012080461471277
DEAP:S16:T31,DEAP:S16,T31,0,3.88,1,1,4,6,exposed,baseline_only,train,0.01,0.6123433314535888,0.38765666854641123
DEAP:S16:T33,DEAP:S16,T33,0,1.0,1,1,4,6,exposed,baseline_only,train,0.01,0.7128188832863834,0.28718111671361657
DEAP:S16:T34,DEAP:S16,T34,0,1.0,1,1,4,6,exposed,baseline_only,train,0.01,0.6508871039186468,0.3491128960813532
DEAP:S16:T39,DEAP:S16,T39,1,6.13,1,1,4,6,exposed,baseline_only,train,0.01,0.630307554631746,0.36969244536825396
DEAP:S16:T40,DEAP:S16,T40,0,3.74,1,1,4,6,exposed,baseline_only,train,0.01,0.6390998313441,0.3609001686559
DEAP:S17:T01,DEAP:S17,T01,0,4.05,1,1,4,6,exposed,baseline_only,train,0.01,0.4907637507132042,0.5092362492867958
DEAP:S17:T03,DEAP:S17,T03,1,6.46,1,1,4,6,exposed,baseline_only,train,0.01,0.5082398469934566,0.49176015300654335
DEAP:S17:T06,DEAP:S17,T06,1,6.9,1,1,4,6,exposed,baseline_only,train,0.01,0.4462321493192104,0.5537678506807896
DEAP:S17:T08,DEAP:S17,T08,1,6.05,1,1,4,6,exposed,baseline_only,train,0.01,0.4705780273349407,0.5294219726650593
DEAP:S17:T11,DEAP:S17,T11,1,6.03,1,1,4,6,exposed,baseline_only,train,0.01,0.496849994586523,0.503150005413477
DEAP:S17:T12,DEAP:S17,T12,1,5.96,1,1,4,6,exposed,baseline_only,train,0.01,0.5294018026702771,0.4705981973297228
DEAP:S17:T16,DEAP:S17,T16,1,5.92,1,1,4,6,exposed,baseline_only,train,0.01,0.5079295069367271,0.49207049306327294
DEAP:S17:T23,DEAP:S17,T23,0,3.62,1,1,4,6,exposed,baseline_only,train,0.01,0.4613025783940907,0.5386974216059093
DEAP:S17:T25,DEAP:S17,T25,1,6.18,1,1,4,6,exposed,baseline_only,train,0.01,0.4826928723771182,0.5173071276228818
DEAP:S17:T26,DEAP:S17,T26,0,3.73,1,1,4,6,exposed,baseline_only,train,0.01,0.49616082834526176,0.5038391716547382
DEAP:S17:T33,DEAP:S17,T33,0,3.83,1,1,4,6,exposed,baseline_only,train,0.01,0.5054318449461861,0.49456815505381396
DEAP:S17:T34,DEAP:S17,T34,0,4.99,1,1,4,6,exposed,baseline_only,train,0.01,0.47309803130501005,0.52690196869499
DEAP:S17:T35,DEAP:S17,T35,0,4.17,1,1,4,6,exposed,baseline_only,train,0.01,0.47641016745789433,0.5235898325421057
DEAP:S17:T39,DEAP:S17,T39,1,7.1,1,1,4,6,exposed,baseline_only,train,0.01,0.4795966551866151,0.5204033448133849
DEAP:S17:T40,DEAP:S17,T40,1,5.04,1,1,4,6,exposed,baseline_only,train,0.01,0.5025669682882052,0.4974330317117948
DEAP:S18:T01,DEAP:S18,T01,1,6.33,1,1,4,6,exposed,baseline_only,train,0.01,0.4660542534204677,0.5339457465795323
DEAP:S18:T03,DEAP:S18,T03,1,6.36,1,1,4,6,exposed,baseline_only,train,0.01,0.503411997424503,0.4965880025754969
DEAP:S18:T06,DEAP:S18,T06,1,6.51,1,1,4,6,exposed,baseline_only,train,0.01,0.41750623350909744,0.5824937664909026
DEAP:S18:T11,DEAP:S18,T11,1,6.24,1,1,4,6,exposed,baseline_only,train,0.01,0.464273784737522,0.535726215262478
DEAP:S18:T12,DEAP:S18,T12,1,5.55,1,1,4,6,exposed,baseline_only,train,0.01,0.4229494587254695,0.5770505412745305
DEAP:S18:T16,DEAP:S18,T16,0,4.38,1,1,4,6,exposed,baseline_only,train,0.01,0.47492017218413485,0.5250798278158652
DEAP:S18:T23,DEAP:S18,T23,0,3.71,1,1,4,6,exposed,baseline_only,train,0.01,0.5177420652883,0.4822579347117
DEAP:S18:T25,DEAP:S18,T25,0,4.23,1,1,4,6,exposed,baseline_only,train,0.01,0.4450866347851592,0.5549133652148408
DEAP:S18:T26,DEAP:S18,T26,1,5.44,1,1,4,6,exposed,baseline_only,train,0.01,0.47493967559331784,0.5250603244066822
DEAP:S18:T34,DEAP:S18,T34,0,4.15,1,1,4,6,exposed,baseline_only,train,0.01,0.5024467991814622,0.4975532008185378
DEAP:S18:T35,DEAP:S18,T35,1,5.12,1,1,4,6,exposed,baseline_only,train,0.01,0.42137307819220393,0.5786269218077961
DEAP:S18:T39,DEAP:S18,T39,0,4.06,1,1,4,6,exposed,baseline_only,train,0.01,0.4281401525653815,0.5718598474346185
DEAP:S20:T01,DEAP:S20,T01,1,5.76,1,1,4,6,exposed,baseline_only,train,0.01,0.5649127862362995,0.4350872137637005
DEAP:S20:T03,DEAP:S20,T03,1,7.18,1,1,4,6,exposed,baseline_only,train,0.01,0.5440147844787346,0.4559852155212653
DEAP:S20:T06,DEAP:S20,T06,1,7.62,1,1,4,6,exposed,baseline_only,train,0.01,0.5578874278141743,0.4421125721858256
DEAP:S20:T08,DEAP:S20,T08,1,7.63,1,1,4,6,exposed,baseline_only,train,0.01,0.559219789541991,0.4407802104580089
DEAP:S20:T11,DEAP:S20,T11,1,8.18,1,1,4,6,exposed,baseline_only,train,0.01,0.5872130600685801,0.41278693993141996
DEAP:S20:T12,DEAP:S20,T12,1,7.64,1,1,4,6,exposed,baseline_only,train,0.01,0.5672062131102579,0.4327937868897421
DEAP:S20:T16,DEAP:S20,T16,1,5.03,1,1,4,6,exposed,baseline_only,train,0.01,0.575936581384954,0.42406341861504604
DEAP:S20:T23,DEAP:S20,T23,0,2.82,1,1,4,6,exposed,baseline_only,train,0.01,0.6044816306117258,0.3955183693882742
DEAP:S20:T26,DEAP:S20,T26,0,4.31,1,1,4,6,exposed,baseline_only,train,0.01,0.5707984001935718,0.42920159980642825
DEAP:S20:T31,DEAP:S20,T31,0,4.46,1,1,4,6,exposed,baseline_only,train,0.01,0.573973282175376,0.426026717824624
DEAP:S20:T33,DEAP:S20,T33,0,4.64,1,1,4,6,exposed,baseline_only,train,0.01,0.6156893965672326,0.38431060343276735
DEAP:S20:T34,DEAP:S20,T34,0,4.74,1,1,4,6,exposed,baseline_only,train,0.01,0.5984926298082904,0.4015073701917095
DEAP:S20:T35,DEAP:S20,T35,0,4.35,1,1,4,6,exposed,baseline_only,train,0.01,0.5573058830703426,0.4426941169296574
DEAP:S20:T40,DEAP:S20,T40,0,4.94,1,1,4,6,exposed,baseline_only,train,0.01,0.5587067305998719,0.4412932694001282
DEAP:S21:T01,DEAP:S21,T01,1,6.42,1,1,4,6,exposed,baseline_only,train,0.01,0.5075688287452917,0.4924311712547082
DEAP:S21:T06,DEAP:S21,T06,1,7.92,1,1,4,6,exposed,baseline_only,train,0.01,0.5000558947377267,0.4999441052622733
DEAP:S21:T08,DEAP:S21,T08,1,8.81,1,1,4,6,exposed,baseline_only,train,0.01,0.47999470773251307,0.5200052922674869
DEAP:S21:T11,DEAP:S21,T11,1,7.05,1,1,4,6,exposed,baseline_only,train,0.01,0.5082165354366102,0.4917834645633898
DEAP:S21:T12,DEAP:S21,T12,0,4.63,1,1,4,6,exposed,baseline_only,train,0.01,0.48079021086287865,0.5192097891371213
DEAP:S21:T16,DEAP:S21,T16,1,5.99,1,1,4,6,exposed,baseline_only,train,0.01,0.4951239452060784,0.5048760547939216
DEAP:S21:T23,DEAP:S21,T23,0,4.69,1,1,4,6,exposed,baseline_only,train,0.01,0.529732014884468,0.4702679851155321
DEAP:S21:T26,DEAP:S21,T26,0,4.06,1,1,4,6,exposed,baseline_only,train,0.01,0.5022026248579978,0.49779737514200223
DEAP:S21:T31,DEAP:S21,T31,1,5.04,1,1,4,6,exposed,baseline_only,train,0.01,0.4804765309645034,0.5195234690354966
DEAP:S21:T33,DEAP:S21,T33,1,7.03,1,1,4,6,exposed,baseline_only,train,0.01,0.43025933573496944,0.5697406642650306
DEAP:S21:T34,DEAP:S21,T34,0,4.06,1,1,4,6,exposed,baseline_only,train,0.01,0.5060297407405563,0.49397025925944377
DEAP:S21:T35,DEAP:S21,T35,0,4.92,1,1,4,6,exposed,baseline_only,train,0.01,0.4764415386532399,0.5235584613467601
DEAP:S21:T39,DEAP:S21,T39,1,6.09,1,1,4,6,exposed,baseline_only,train,0.01,0.4644701021478994,0.5355298978521006
DEAP:S21:T40,DEAP:S21,T40,0,3.99,1,1,4,6,exposed,baseline_only,train,0.01,0.5093142989156785,0.4906857010843215
DEAP:S22:T01,DEAP:S22,T01,1,5.05,1,1,4,6,exposed,baseline_only,train,0.01,0.6606955834868211,0.33930441651317883
DEAP:S22:T03,DEAP:S22,T03,1,7.05,1,1,4,6,exposed,baseline_only,train,0.01,0.5092369768823521,0.4907630231176479
DEAP:S22:T06,DEAP:S22,T06,0,4.97,1,1,4,6,exposed,baseline_only,train,0.01,0.6405834751487696,0.3594165248512304
DEAP:S22:T08,DEAP:S22,T08,1,7.09,1,1,4,6,exposed,baseline_only,train,0.01,0.6270162131344401,0.37298378686555983
DEAP:S22:T11,DEAP:S22,T11,1,8.05,1,1,4,6,exposed,baseline_only,train,0.01,0.5760345274216538,0.4239654725783461
DEAP:S22:T12,DEAP:S22,T12,0,4.99,1,1,4,6,exposed,baseline_only,train,0.01,0.6415887320929643,0.35841126790703565
DEAP:S22:T16,DEAP:S22,T16,1,6.06,1,1,4,6,exposed,baseline_only,train,0.01,0.5300509000988001,0.46994909990119993
DEAP:S22:T23,DEAP:S22,T23,0,2.99,1,1,4,6,exposed,baseline_only,train,0.01,0.6324613907674467,0.3675386092325533
DEAP:S22:T31,DEAP:S22,T31,0,2.01,1,1,4,6,exposed,baseline_only,train,0.01,0.5983016017672095,0.4016983982327905
DEAP:S22:T33,DEAP:S22,T33,0,1.96,1,1,4,6,exposed,baseline_only,train,0.01,0.6578054707514136,0.3421945292485864
DEAP:S22:T34,DEAP:S22,T34,1,5.04,1,1,4,6,exposed,baseline_only,train,0.01,0.6320257796024588,0.36797422039754124
DEAP:S22:T39,DEAP:S22,T39,0,1.0,1,1,4,6,exposed,baseline_only,train,0.01,0.6024529175271818,0.3975470824728183
DEAP:S22:T40,DEAP:S22,T40,0,2.97,1,1,4,6,exposed,baseline_only,train,0.01,0.6347484063065925,0.3652515936934075
DEAP:S23:T01,DEAP:S23,T01,1,7.71,1,1,4,6,exposed,baseline_only,train,0.01,0.36048055803021606,0.6395194419697839
DEAP:S23:T03,DEAP:S23,T03,1,7.09,1,1,4,6,exposed,baseline_only,train,0.01,0.3583734607664659,0.6416265392335341
DEAP:S23:T06,DEAP:S23,T06,1,5.09,1,1,4,6,exposed,baseline_only,train,0.01,0.36728177766452774,0.6327182223354723
DEAP:S23:T08,DEAP:S23,T08,1,7.23,1,1,4,6,exposed,baseline_only,train,0.01,0.4180030572074487,0.5819969427925513
DEAP:S23:T11,DEAP:S23,T11,1,7.0,1,1,4,6,exposed,baseline_only,train,0.01,0.366239241799299,0.633760758200701
DEAP:S23:T12,DEAP:S23,T12,1,7.0,1,1,4,6,exposed,baseline_only,train,0.01,0.44378815821977124,0.5562118417802288
DEAP:S23:T16,DEAP:S23,T16,1,5.15,1,1,4,6,exposed,baseline_only,train,0.01,0.28317254223481925,0.7168274577651808
DEAP:S23:T23,DEAP:S23,T23,0,4.17,1,1,4,6,exposed,baseline_only,train,0.01,0.4860957807984335,0.5139042192015665
DEAP:S23:T25,DEAP:S23,T25,0,4.97,1,1,4,6,exposed,baseline_only,train,0.01,0.38652816843021176,0.6134718315697882
DEAP:S23:T26,DEAP:S23,T26,1,8.27,1,1,4,6,exposed,baseline_only,train,0.01,0.46936033545413325,0.5306396645458668
DEAP:S23:T31,DEAP:S23,T31,0,4.86,1,1,4,6,exposed,baseline_only,train,0.01,0.358282278544403,0.641717721455597
DEAP:S23:T33,DEAP:S23,T33,1,5.04,1,1,4,6,exposed,baseline_only,train,0.01,0.3880894669432464,0.6119105330567536
DEAP:S23:T34,DEAP:S23,T34,1,6.72,1,1,4,6,exposed,baseline_only,train,0.01,0.37874109606698014,0.6212589039330199
DEAP:S23:T35,DEAP:S23,T35,1,5.18,1,1,4,6,exposed,baseline_only,train,0.01,0.42924118530750544,0.5707588146924946
DEAP:S23:T40,DEAP:S23,T40,0,4.88,1,1,4,6,exposed,baseline_only,train,0.01,0.39588228625079114,0.6041177137492089
DEAP:S25:T01,DEAP:S25,T01,1,8.06,1,1,4,6,exposed,baseline_only,train,0.01,0.558676860502976,0.44132313949702395
DEAP:S25:T03,DEAP:S25,T03,1,7.12,1,1,4,6,exposed,baseline_only,train,0.01,0.5082607790328406,0.4917392209671594
DEAP:S25:T08,DEAP:S25,T08,1,8.04,1,1,4,6,exposed,baseline_only,train,0.01,0.418392219137835,0.581607780862165
DEAP:S25:T11,DEAP:S25,T11,1,9.0,1,1,4,6,exposed,baseline_only,train,0.01,0.5094333887530256,0.4905666112469745
DEAP:S25:T12,DEAP:S25,T12,1,8.04,1,1,4,6,exposed,baseline_only,train,0.01,0.5695854156523878,0.43041458434761215
DEAP:S25:T16,DEAP:S25,T16,1,6.05,1,1,4,6,exposed,baseline_only,train,0.01,0.5540456706081693,0.4459543293918306
DEAP:S25:T23,DEAP:S25,T23,0,2.01,1,1,4,6,exposed,baseline_only,train,0.01,0.5274038280831854,0.4725961719168146
DEAP:S25:T26,DEAP:S25,T26,0,4.99,1,1,4,6,exposed,baseline_only,train,0.01,0.5007000121918623,0.4992999878081376
DEAP:S25:T31,DEAP:S25,T31,0,1.01,1,1,4,6,exposed,baseline_only,train,0.01,0.5235812128439059,0.47641878715609415
DEAP:S25:T33,DEAP:S25,T33,0,1.94,1,1,4,6,exposed,baseline_only,train,0.01,0.4642529141535702,0.5357470858464298
DEAP:S25:T34,DEAP:S25,T34,0,4.95,1,1,4,6,exposed,baseline_only,train,0.01,0.5605729186530591,0.43942708134694086
DEAP:S25:T39,DEAP:S25,T39,0,1.0,1,1,4,6,exposed,baseline_only,train,0.01,0.5048036079860623,0.4951963920139377
DEAP:S25:T40,DEAP:S25,T40,0,1.0,1,1,4,6,exposed,baseline_only,train,0.01,0.5645158542924431,0.43548414570755695
DEAP:S26:T01,DEAP:S26,T01,1,7.97,1,1,4,6,exposed,baseline_only,train,0.01,0.48938765634799875,0.5106123436520013
DEAP:S26:T03,DEAP:S26,T03,1,9.0,1,1,4,6,exposed,baseline_only,train,0.01,0.479372166888953,0.520627833111047
DEAP:S26:T06,DEAP:S26,T06,1,8.09,1,1,4,6,exposed,baseline_only,train,0.01,0.4795025989682091,0.5204974010317909
DEAP:S26:T08,DEAP:S26,T08,1,8.01,1,1,4,6,exposed,baseline_only,train,0.01,0.5068876903317525,0.49311230966824754
DEAP:S26:T11,DEAP:S26,T11,1,8.04,1,1,4,6,exposed,baseline_only,train,0.01,0.5168257303259218,0.48317426967407817
DEAP:S26:T12,DEAP:S26,T12,1,7.04,1,1,4,6,exposed,baseline_only,train,0.01,0.49854104185728965,0.5014589581427104
DEAP:S26:T16,DEAP:S26,T16,1,6.19,1,1,4,6,exposed,baseline_only,train,0.01,0.5052217260037397,0.49477827399626023
DEAP:S26:T23,DEAP:S26,T23,0,2.28,1,1,4,6,exposed,baseline_only,train,0.01,0.49310403255474544,0.5068959674452546
DEAP:S26:T25,DEAP:S26,T25,1,7.14,1,1,4,6,exposed,baseline_only,train,0.01,0.4417065776447109,0.5582934223552891
DEAP:S26:T26,DEAP:S26,T26,1,5.05,1,1,4,6,exposed,baseline_only,train,0.01,0.513724412123448,0.486275587876552
DEAP:S26:T31,DEAP:S26,T31,0,1.97,1,1,4,6,exposed,baseline_only,train,0.01,0.49924801900695726,0.5007519809930427
DEAP:S26:T34,DEAP:S26,T34,0,1.0,1,1,4,6,exposed,baseline_only,train,0.01,0.5299595843134584,0.4700404156865416
DEAP:S26:T39,DEAP:S26,T39,0,1.95,1,1,4,6,exposed,baseline_only,train,0.01,0.512584175171011,0.48741582482898904
DEAP:S26:T40,DEAP:S26,T40,0,3.06,1,1,4,6,exposed,baseline_only,train,0.01,0.457232962303992,0.542767037696008
DEAP:S27:T01,DEAP:S27,T01,1,6.03,1,1,4,6,exposed,baseline_only,train,0.01,0.39328302494675327,0.6067169750532467
DEAP:S27:T03,DEAP:S27,T03,1,9.0,1,1,4,6,exposed,baseline_only,train,0.01,0.4346750242427885,0.5653249757572115
DEAP:S27:T06,DEAP:S27,T06,1,7.0,1,1,4,6,exposed,baseline_only,train,0.01,0.3502176580852977,0.6497823419147023
DEAP:S27:T08,DEAP:S27,T08,1,8.24,1,1,4,6,exposed,baseline_only,train,0.01,0.40053531679245,0.59946468320755
DEAP:S27:T11,DEAP:S27,T11,1,9.0,1,1,4,6,exposed,baseline_only,train,0.01,0.4192421285932818,0.5807578714067182
DEAP:S27:T12,DEAP:S27,T12,0,4.18,1,1,4,6,exposed,baseline_only,train,0.01,0.4856822370129317,0.5143177629870683
DEAP:S27:T16,DEAP:S27,T16,1,8.06,1,1,4,6,exposed,baseline_only,train,0.01,0.4053459782954534,0.5946540217045466
DEAP:S27:T23,DEAP:S27,T23,1,8.0,1,1,4,6,exposed,baseline_only,train,0.01,0.4210805298311113,0.5789194701688887
DEAP:S27:T26,DEAP:S27,T26,1,5.04,1,1,4,6,exposed,baseline_only,train,0.01,0.4140920677898603,0.5859079322101397
DEAP:S27:T31,DEAP:S27,T31,1,5.08,1,1,4,6,exposed,baseline_only,train,0.01,0.38122426935057174,0.6187757306494283
DEAP:S27:T33,DEAP:S27,T33,1,5.04,1,1,4,6,exposed,baseline_only,train,0.01,0.4225786689896397,0.5774213310103603
DEAP:S27:T34,DEAP:S27,T34,0,2.85,1,1,4,6,exposed,baseline_only,train,0.01,0.4074593639041777,0.5925406360958223
DEAP:S27:T39,DEAP:S27,T39,0,2.14,1,1,4,6,exposed,baseline_only,train,0.01,0.44485156328173314,0.5551484367182669
DEAP:S27:T40,DEAP:S27,T40,1,5.04,1,1,4,6,exposed,baseline_only,train,0.01,0.4326469145823363,0.5673530854176637
DEAP:S28:T01,DEAP:S28,T01,1,7.03,1,1,4,6,exposed,baseline_only,train,0.01,0.34639898326429674,0.6536010167357033
DEAP:S28:T03,DEAP:S28,T03,1,9.0,1,1,4,6,exposed,baseline_only,train,0.01,0.3592893835117992,0.6407106164882008
DEAP:S28:T06,DEAP:S28,T06,1,8.15,1,1,4,6,exposed,baseline_only,train,0.01,0.40986077858240966,0.5901392214175903
DEAP:S28:T08,DEAP:S28,T08,1,7.01,1,1,4,6,exposed,baseline_only,train,0.01,0.3562221830924195,0.6437778169075805
DEAP:S28:T11,DEAP:S28,T11,1,7.01,1,1,4,6,exposed,baseline_only,train,0.01,0.37259353457101907,0.6274064654289809
DEAP:S28:T12,DEAP:S28,T12,1,6.06,1,1,4,6,exposed,baseline_only,train,0.01,0.4102912793832365,0.5897087206167635
DEAP:S28:T16,DEAP:S28,T16,1,6.91,1,1,4,6,exposed,baseline_only,train,0.01,0.3576886025769004,0.6423113974230996
DEAP:S28:T25,DEAP:S28,T25,0,4.06,1,1,4,6,exposed,baseline_only,train,0.01,0.4043310468036577,0.5956689531963423
DEAP:S28:T26,DEAP:S28,T26,0,1.99,1,1,4,6,exposed,baseline_only,train,0.01,0.41435718689413137,0.5856428131058686
DEAP:S28:T31,DEAP:S28,T31,1,6.91,1,1,4,6,exposed,baseline_only,train,0.01,0.39327816353030387,0.6067218364696961
DEAP:S28:T33,DEAP:S28,T33,1,7.01,1,1,4,6,exposed,baseline_only,train,0.01,0.3668430972761084,0.6331569027238916
DEAP:S28:T34,DEAP:S28,T34,1,5.99,1,1,4,6,exposed,baseline_only,train,0.01,0.3706865173618231,0.6293134826381769
DEAP:S28:T35,DEAP:S28,T35,0,1.08,1,1,4,6,exposed,baseline_only,train,0.01,0.35091406352475785,0.6490859364752422
DEAP:S28:T39,DEAP:S28,T39,0,1.04,1,1,4,6,exposed,baseline_only,train,0.01,0.3966608341817378,0.6033391658182622
DEAP:S28:T40,DEAP:S28,T40,1,7.1,1,1,4,6,exposed,baseline_only,train,0.01,0.3856251335893637,0.6143748664106363
DEAP:S29:T01,DEAP:S29,T01,1,6.06,1,1,4,6,exposed,baseline_only,train,0.01,0.3934947464204198,0.6065052535795802
DEAP:S29:T03,DEAP:S29,T03,1,9.0,1,1,4,6,exposed,baseline_only,train,0.01,0.44468245807329176,0.5553175419267082
DEAP:S29:T06,DEAP:S29,T06,1,8.03,1,1,4,6,exposed,baseline_only,train,0.01,0.50975647081443,0.49024352918556996
DEAP:S29:T08,DEAP:S29,T08,1,7.04,1,1,4,6,exposed,baseline_only,train,0.01,0.4874433560802971,0.5125566439197029
DEAP:S29:T11,DEAP:S29,T11,1,8.03,1,1,4,6,exposed,baseline_only,train,0.01,0.5284914608057998,0.4715085391942002
DEAP:S29:T12,DEAP:S29,T12,1,6.04,1,1,4,6,exposed,baseline_only,train,0.01,0.5041901128864474,0.4958098871135526
DEAP:S29:T16,DEAP:S29,T16,0,3.0,1,1,4,6,exposed,baseline_only,train,0.01,0.4978707653820549,0.5021292346179451
DEAP:S29:T23,DEAP:S29,T23,0,2.05,1,1,4,6,exposed,baseline_only,train,0.01,0.5826320324883371,0.41736796751166294
DEAP:S29:T31,DEAP:S29,T31,0,1.0,1,1,4,6,exposed,baseline_only,train,0.01,0.5348800581442164,0.4651199418557836
DEAP:S29:T34,DEAP:S29,T34,0,3.95,1,1,4,6,exposed,baseline_only,train,0.01,0.6179055162350768,0.3820944837649232
DEAP:S29:T35,DEAP:S29,T35,0,1.92,1,1,4,6,exposed,baseline_only,train,0.01,0.5444052617320654,0.45559473826793456
DEAP:S29:T39,DEAP:S29,T39,1,6.05,1,1,4,6,exposed,baseline_only,train,0.01,0.47197398843782723,0.5280260115621728
DEAP:S29:T40,DEAP:S29,T40,1,6.01,1,1,4,6,exposed,baseline_only,train,0.01,0.4991833770781362,0.5008166229218638
DEAP:S30:T01,DEAP:S30,T01,1,5.04,1,1,4,6,exposed,baseline_only,train,0.01,0.46271764829946294,0.5372823517005371
DEAP:S30:T03,DEAP:S30,T03,1,6.15,1,1,4,6,exposed,baseline_only,train,0.01,0.47189351251796163,0.5281064874820384
DEAP:S30:T06,DEAP:S30,T06,1,6.22,1,1,4,6,exposed,baseline_only,train,0.01,0.4553719452978684,0.5446280547021316
DEAP:S30:T08,DEAP:S30,T08,1,6.05,1,1,4,6,exposed,baseline_only,train,0.01,0.4257505817056546,0.5742494182943454
DEAP:S30:T11,DEAP:S30,T11,1,6.06,1,1,4,6,exposed,baseline_only,train,0.01,0.45018529181576317,0.5498147081842368
DEAP:S30:T12,DEAP:S30,T12,1,5.15,1,1,4,6,exposed,baseline_only,train,0.01,0.47007100160945126,0.5299289983905487
DEAP:S30:T16,DEAP:S30,T16,1,5.04,1,1,4,6,exposed,baseline_only,train,0.01,0.45062334435559803,0.549376655644402
DEAP:S30:T23,DEAP:S30,T23,0,3.0,1,1,4,6,exposed,baseline_only,train,0.01,0.4253425550398775,0.5746574449601225
DEAP:S30:T25,DEAP:S30,T25,0,3.92,1,1,4,6,exposed,baseline_only,train,0.01,0.4552932689388134,0.5447067310611866
DEAP:S30:T26,DEAP:S30,T26,1,5.01,1,1,4,6,exposed,baseline_only,train,0.01,0.4817114922713829,0.5182885077286171
DEAP:S30:T31,DEAP:S30,T31,0,3.86,1,1,4,6,exposed,baseline_only,train,0.01,0.4641210287130173,0.5358789712869827
DEAP:S30:T33,DEAP:S30,T33,0,3.91,1,1,4,6,exposed,baseline_only,train,0.01,0.4444145553673835,0.5555854446326165
DEAP:S30:T34,DEAP:S30,T34,0,4.99,1,1,4,6,exposed,baseline_only,train,0.01,0.46343763548744954,0.5365623645125505
DEAP:S30:T35,DEAP:S30,T35,1,5.04,1,1,4,6,exposed,baseline_only,train,0.01,0.4965314128313548,0.5034685871686452
DEAP:S30:T39,DEAP:S30,T39,0,2.97,1,1,4,6,exposed,baseline_only,train,0.01,0.45944551986878934,0.5405544801312107
DEAP:S31:T01,DEAP:S31,T01,1,6.79,1,1,4,6,exposed,baseline_only,train,0.01,0.48851935052715767,0.5114806494728423
DEAP:S31:T03,DEAP:S31,T03,1,8.04,1,1,4,6,exposed,baseline_only,train,0.01,0.37150042213069845,0.6284995778693016
DEAP:S31:T06,DEAP:S31,T06,0,4.99,1,1,4,6,exposed,baseline_only,train,0.01,0.4666709035944058,0.5333290964055942
DEAP:S31:T08,DEAP:S31,T08,1,6.03,1,1,4,6,exposed,baseline_only,train,0.01,0.44824900354677366,0.5517509964532263
DEAP:S31:T11,DEAP:S31,T11,1,9.0,1,1,4,6,exposed,baseline_only,train,0.01,0.4700658910892489,0.5299341089107511
DEAP:S31:T12,DEAP:S31,T12,1,7.14,1,1,4,6,exposed,baseline_only,train,0.01,0.4545900199104541,0.5454099800895459
DEAP:S31:T16,DEAP:S31,T16,1,6.09,1,1,4,6,exposed,baseline_only,train,0.01,0.43115099524811673,0.5688490047518833
DEAP:S31:T23,DEAP:S31,T23,0,1.0,1,1,4,6,exposed,baseline_only,train,0.01,0.47336822277588864,0.5266317772241114
DEAP:S31:T25,DEAP:S31,T25,1,6.14,1,1,4,6,exposed,baseline_only,train,0.01,0.4723893268961289,0.5276106731038711
DEAP:S31:T26,DEAP:S31,T26,1,7.08,1,1,4,6,exposed,baseline_only,train,0.01,0.4726146463714175,0.5273853536285825
DEAP:S31:T33,DEAP:S31,T33,0,4.18,1,1,4,6,exposed,baseline_only,train,0.01,0.4377029631521292,0.5622970368478708
DEAP:S31:T34,DEAP:S31,T34,0,1.95,1,1,4,6,exposed,baseline_only,train,0.01,0.4756249801772575,0.5243750198227425
DEAP:S31:T40,DEAP:S31,T40,0,3.99,1,1,4,6,exposed,baseline_only,train,0.01,0.5849086728791553,0.4150913271208447
DEAP:S13:T02,DEAP:S13,T02,0,4.03,1,1,4,6,exposed,baseline_only,validation_unseen,0.01,0.4186638754550739,0.5813361245449261
DEAP:S13:T10,DEAP:S13,T10,0,4.01,1,1,4,6,exposed,baseline_only,validation_unseen,0.01,0.4674456783774784,0.5325543216225216
DEAP:S13:T14,DEAP:S13,T14,1,7.97,1,1,4,6,exposed,baseline_only,validation_unseen,0.01,0.39219562531159013,0.6078043746884099
DEAP:S13:T17,DEAP:S13,T17,1,5.99,1,1,4,6,exposed,baseline_only,validation_unseen,0.01,0.46286306226454743,0.5371369377354526
DEAP:S13:T20,DEAP:S13,T20,1,7.6,1,1,4,6,exposed,baseline_only,validation_unseen,0.01,0.4181392743969292,0.5818607256030708
DEAP:S13:T21,DEAP:S13,T21,0,2.0,1,1,4,6,exposed,baseline_only,validation_unseen,0.01,0.4324899511388569,0.5675100488611431
DEAP:S13:T37,DEAP:S13,T37,0,1.0,1,1,4,6,exposed,baseline_only,validation_unseen,0.01,0.4836170280555706,0.5163829719444294
DEAP:S13:T38,DEAP:S13,T38,0,1.0,1,1,4,6,exposed,baseline_only,validation_unseen,0.01,0.39381327394902843,0.6061867260509716
DEAP:S15:T02,DEAP:S15,T02,1,5.04,1,1,4,6,exposed,baseline_only,validation_unseen,0.01,0.43028289101012207,0.5697171089898779
DEAP:S15:T10,DEAP:S15,T10,0,4.99,1,1,4,6,exposed,baseline_only,validation_unseen,0.01,0.43678905224592113,0.5632109477540789
DEAP:S15:T14,DEAP:S15,T14,1,8.15,1,1,4,6,exposed,baseline_only,validation_unseen,0.01,0.4036019487949296,0.5963980512050704
DEAP:S15:T17,DEAP:S15,T17,1,8.1,1,1,4,6,exposed,baseline_only,validation_unseen,0.01,0.3858374280844977,0.6141625719155023
DEAP:S15:T20,DEAP:S15,T20,1,7.97,1,1,4,6,exposed,baseline_only,validation_unseen,0.01,0.4194472948209169,0.5805527051790831
DEAP:S15:T21,DEAP:S15,T21,0,3.09,1,1,4,6,exposed,baseline_only,validation_unseen,0.01,0.39129030525029196,0.608709694749708
DEAP:S15:T37,DEAP:S15,T37,0,3.04,1,1,4,6,exposed,baseline_only,validation_unseen,0.01,0.4402222001750088,0.5597777998249912
DEAP:S15:T38,DEAP:S15,T38,0,2.08,1,1,4,6,exposed,baseline_only,validation_unseen,0.01,0.39479175662245014,0.6052082433775499
DEAP:S24:T02,DEAP:S24,T02,1,6.04,1,1,4,6,exposed,baseline_only,validation_unseen,0.01,0.6429105695804356,0.3570894304195644
DEAP:S24:T10,DEAP:S24,T10,1,5.01,1,1,4,6,exposed,baseline_only,validation_unseen,0.01,0.6264694320839963,0.3735305679160037
DEAP:S24:T14,DEAP:S24,T14,1,8.05,1,1,4,6,exposed,baseline_only,validation_unseen,0.01,0.6072794711478131,0.39272052885218695
DEAP:S24:T17,DEAP:S24,T17,0,4.08,1,1,4,6,exposed,baseline_only,validation_unseen,0.01,0.6088906415064546,0.39110935849354544
DEAP:S24:T20,DEAP:S24,T20,0,4.03,1,1,4,6,exposed,baseline_only,validation_unseen,0.01,0.6256733176480458,0.37432668235195427
DEAP:S24:T21,DEAP:S24,T21,0,1.96,1,1,4,6,exposed,baseline_only,validation_unseen,0.01,0.6459074774840383,0.35409252251596174
DEAP:S24:T37,DEAP:S24,T37,0,4.0,1,1,4,6,exposed,baseline_only,validation_unseen,0.01,0.5896989395883827,0.41030106041161724
DEAP:S24:T38,DEAP:S24,T38,0,2.03,1,1,4,6,exposed,baseline_only,validation_unseen,0.01,0.5989935767851802,0.4010064232148198
DEAP:S32:T02,DEAP:S32,T02,0,4.99,1,1,4,6,exposed,baseline_only,validation_unseen,0.01,0.41095397847511206,0.5890460215248879
DEAP:S32:T10,DEAP:S32,T10,0,4.08,1,1,4,6,exposed,baseline_only,validation_unseen,0.01,0.4388621484838947,0.5611378515161053
DEAP:S32:T14,DEAP:S32,T14,1,7.1,1,1,4,6,exposed,baseline_only,validation_unseen,0.01,0.3818300468568072,0.6181699531431928
DEAP:S32:T17,DEAP:S32,T17,1,6.09,1,1,4,6,exposed,baseline_only,validation_unseen,0.01,0.40536272210339275,0.5946372778966073
DEAP:S32:T20,DEAP:S32,T20,1,6.03,1,1,4,6,exposed,baseline_only,validation_unseen,0.01,0.45162922509276415,0.5483707749072358
DEAP:S32:T21,DEAP:S32,T21,0,4.12,1,1,4,6,exposed,baseline_only,validation_unseen,0.01,0.41010675898704285,0.5898932410129571
DEAP:S32:T37,DEAP:S32,T37,0,2.81,1,1,4,6,exposed,baseline_only,validation_unseen,0.01,0.4299624061688839,0.5700375938311161
DEAP:S32:T38,DEAP:S32,T38,0,3.05,1,1,4,6,exposed,baseline_only,validation_unseen,0.01,0.4329107500525978,0.5670892499474022
DEAP:S13:T01,DEAP:S13,T01,1,6.15,1,1,4,6,exposed,baseline_only,validation_familiar,0.01,0.4367211589887653,0.5632788410112347
DEAP:S13:T03,DEAP:S13,T03,1,9.0,1,1,4,6,exposed,baseline_only,validation_familiar,0.01,0.4545948358301929,0.5454051641698071
DEAP:S13:T06,DEAP:S13,T06,0,4.46,1,1,4,6,exposed,baseline_only,validation_familiar,0.01,0.4283458308103154,0.5716541691896846
DEAP:S13:T08,DEAP:S13,T08,1,7.99,1,1,4,6,exposed,baseline_only,validation_familiar,0.01,0.39883646046781096,0.601163539532189
DEAP:S13:T11,DEAP:S13,T11,1,7.04,1,1,4,6,exposed,baseline_only,validation_familiar,0.01,0.4249095573276611,0.5750904426723389
DEAP:S13:T12,DEAP:S13,T12,1,5.08,1,1,4,6,exposed,baseline_only,validation_familiar,0.01,0.4079184361532584,0.5920815638467416
DEAP:S13:T23,DEAP:S13,T23,0,1.0,1,1,4,6,exposed,baseline_only,validation_familiar,0.01,0.3773066556325271,0.6226933443674729
DEAP:S13:T25,DEAP:S13,T25,0,3.97,1,1,4,6,exposed,baseline_only,validation_familiar,0.01,0.36496912970295836,0.6350308702970416
DEAP:S13:T26,DEAP:S13,T26,1,5.04,1,1,4,6,exposed,baseline_only,validation_familiar,0.01,0.4359689010522868,0.5640310989477132
DEAP:S13:T31,DEAP:S13,T31,0,1.97,1,1,4,6,exposed,baseline_only,validation_familiar,0.01,0.43465574654446515,0.5653442534555349
DEAP:S13:T33,DEAP:S13,T33,0,4.55,1,1,4,6,exposed,baseline_only,validation_familiar,0.01,0.44070636851813483,0.5592936314818652
DEAP:S13:T34,DEAP:S13,T34,0,2.92,1,1,4,6,exposed,baseline_only,validation_familiar,0.01,0.3956173519968902,0.6043826480031098
DEAP:S13:T35,DEAP:S13,T35,0,1.0,1,1,4,6,exposed,baseline_only,validation_familiar,0.01,0.4420421261686709,0.5579578738313291
DEAP:S13:T39,DEAP:S13,T39,0,1.97,1,1,4,6,exposed,baseline_only,validation_familiar,0.01,0.41480123245325495,0.585198767546745
DEAP:S13:T40,DEAP:S13,T40,0,4.08,1,1,4,6,exposed,baseline_only,validation_familiar,0.01,0.40949870753220186,0.5905012924677981
DEAP:S15:T01,DEAP:S15,T01,1,8.9,1,1,4,6,exposed,baseline_only,validation_familiar,0.01,0.502620695599329,0.497379304400671
DEAP:S15:T03,DEAP:S15,T03,1,8.04,1,1,4,6,exposed,baseline_only,validation_familiar,0.01,0.43119333990662323,0.5688066600933768
DEAP:S15:T06,DEAP:S15,T06,1,9.0,1,1,4,6,exposed,baseline_only,validation_familiar,0.01,0.37882658614279907,0.6211734138572009
DEAP:S15:T08,DEAP:S15,T08,1,9.0,1,1,4,6,exposed,baseline_only,validation_familiar,0.01,0.4500595839498295,0.5499404160501705
DEAP:S15:T11,DEAP:S15,T11,1,8.99,1,1,4,6,exposed,baseline_only,validation_familiar,0.01,0.39131393880817256,0.6086860611918274
DEAP:S15:T12,DEAP:S15,T12,1,7.08,1,1,4,6,exposed,baseline_only,validation_familiar,0.01,0.38321284631704355,0.6167871536829564
DEAP:S15:T16,DEAP:S15,T16,0,4.17,1,1,4,6,exposed,baseline_only,validation_familiar,0.01,0.4115866906539456,0.5884133093460544
DEAP:S15:T23,DEAP:S15,T23,0,3.05,1,1,4,6,exposed,baseline_only,validation_familiar,0.01,0.3386853513414776,0.6613146486585224
DEAP:S15:T25,DEAP:S15,T25,0,2.96,1,1,4,6,exposed,baseline_only,validation_familiar,0.01,0.3476598938502786,0.6523401061497214
DEAP:S15:T26,DEAP:S15,T26,0,4.96,1,1,4,6,exposed,baseline_only,validation_familiar,0.01,0.40362059731594235,0.5963794026840576
DEAP:S15:T31,DEAP:S15,T31,0,2.99,1,1,4,6,exposed,baseline_only,validation_familiar,0.01,0.39017486119093714,0.6098251388090629
DEAP:S15:T33,DEAP:S15,T33,0,3.01,1,1,4,6,exposed,baseline_only,validation_familiar,0.01,0.40801749146203525,0.5919825085379647
DEAP:S15:T34,DEAP:S15,T34,0,3.01,1,1,4,6,exposed,baseline_only,validation_familiar,0.01,0.4333232223258646,0.5666767776741354
DEAP:S15:T35,DEAP:S15,T35,1,5.05,1,1,4,6,exposed,baseline_only,validation_familiar,0.01,0.41403386069759884,0.5859661393024012
DEAP:S15:T39,DEAP:S15,T39,0,4.0,1,1,4,6,exposed,baseline_only,validation_familiar,0.01,0.39832302566819344,0.6016769743318066
DEAP:S15:T40,DEAP:S15,T40,0,4.01,1,1,4,6,exposed,baseline_only,validation_familiar,0.01,0.3923965418925427,0.6076034581074573
DEAP:S24:T01,DEAP:S24,T01,1,7.06,1,1,4,6,exposed,baseline_only,validation_familiar,0.01,0.6159189972328797,0.3840810027671203
DEAP:S24:T03,DEAP:S24,T03,1,8.96,1,1,4,6,exposed,baseline_only,validation_familiar,0.01,0.6163732112395732,0.38362678876042683
DEAP:S24:T06,DEAP:S24,T06,1,5.96,1,1,4,6,exposed,baseline_only,validation_familiar,0.01,0.6264903754593916,0.3735096245406084
DEAP:S24:T08,DEAP:S24,T08,1,7.03,1,1,4,6,exposed,baseline_only,validation_familiar,0.01,0.6155584601075175,0.38444153989248253
DEAP:S24:T11,DEAP:S24,T11,1,7.03,1,1,4,6,exposed,baseline_only,validation_familiar,0.01,0.6097117402456421,0.3902882597543579
DEAP:S24:T12,DEAP:S24,T12,1,7.04,1,1,4,6,exposed,baseline_only,validation_familiar,0.01,0.592542426789994,0.407457573210006
DEAP:S24:T16,DEAP:S24,T16,0,4.0,1,1,4,6,exposed,baseline_only,validation_familiar,0.01,0.5823373417890548,0.41766265821094517
DEAP:S24:T23,DEAP:S24,T23,0,1.0,1,1,4,6,exposed,baseline_only,validation_familiar,0.01,0.6236595513394656,0.37634044866053434
DEAP:S24:T25,DEAP:S24,T25,0,3.12,1,1,4,6,exposed,baseline_only,validation_familiar,0.01,0.5797046251975365,0.4202953748024635
DEAP:S24:T26,DEAP:S24,T26,0,4.05,1,1,4,6,exposed,baseline_only,validation_familiar,0.01,0.6449608368623945,0.3550391631376056
DEAP:S24:T31,DEAP:S24,T31,0,2.94,1,1,4,6,exposed,baseline_only,validation_familiar,0.01,0.6327823555972656,0.3672176444027344
DEAP:S24:T33,DEAP:S24,T33,1,5.01,1,1,4,6,exposed,baseline_only,validation_familiar,0.01,0.6310730320661366,0.3689269679338634
DEAP:S24:T34,DEAP:S24,T34,0,4.05,1,1,4,6,exposed,baseline_only,validation_familiar,0.01,0.6244161921008451,0.3755838078991549
DEAP:S24:T35,DEAP:S24,T35,0,4.05,1,1,4,6,exposed,baseline_only,validation_familiar,0.01,0.5940497259415206,0.4059502740584794
DEAP:S24:T39,DEAP:S24,T39,0,2.12,1,1,4,6,exposed,baseline_only,validation_familiar,0.01,0.6058825217303668,0.39411747826963317
DEAP:S32:T01,DEAP:S32,T01,1,8.13,1,1,4,6,exposed,baseline_only,validation_familiar,0.01,0.4037358669099993,0.5962641330900007
DEAP:S32:T03,DEAP:S32,T03,1,8.05,1,1,4,6,exposed,baseline_only,validation_familiar,0.01,0.4413963039088793,0.5586036960911207
DEAP:S32:T06,DEAP:S32,T06,1,5.78,1,1,4,6,exposed,baseline_only,validation_familiar,0.01,0.43835074634727367,0.5616492536527263
DEAP:S32:T08,DEAP:S32,T08,1,7.96,1,1,4,6,exposed,baseline_only,validation_familiar,0.01,0.3933940865843021,0.6066059134156979
DEAP:S32:T11,DEAP:S32,T11,1,8.24,1,1,4,6,exposed,baseline_only,validation_familiar,0.01,0.46105376233354,0.53894623766646
DEAP:S32:T12,DEAP:S32,T12,1,7.31,1,1,4,6,exposed,baseline_only,validation_familiar,0.01,0.4755033216492289,0.5244966783507711
DEAP:S32:T16,DEAP:S32,T16,0,3.97,1,1,4,6,exposed,baseline_only,validation_familiar,0.01,0.44872314913326505,0.551276850866735
DEAP:S32:T23,DEAP:S32,T23,0,3.01,1,1,4,6,exposed,baseline_only,validation_familiar,0.01,0.43451057109805047,0.5654894289019495
DEAP:S32:T25,DEAP:S32,T25,0,4.01,1,1,4,6,exposed,baseline_only,validation_familiar,0.01,0.44378080809169973,0.5562191919083003
DEAP:S32:T26,DEAP:S32,T26,1,5.14,1,1,4,6,exposed,baseline_only,validation_familiar,0.01,0.44028903047534906,0.5597109695246509
DEAP:S32:T31,DEAP:S32,T31,0,4.17,1,1,4,6,exposed,baseline_only,validation_familiar,0.01,0.4026857023480277,0.5973142976519723
DEAP:S32:T33,DEAP:S32,T33,0,4.06,1,1,4,6,exposed,baseline_only,validation_familiar,0.01,0.4394765460060466,0.5605234539939534
DEAP:S32:T34,DEAP:S32,T34,0,4.05,1,1,4,6,exposed,baseline_only,validation_familiar,0.01,0.4747240624169704,0.5252759375830296
DEAP:S32:T35,DEAP:S32,T35,0,3.88,1,1,4,6,exposed,baseline_only,validation_familiar,0.01,0.43661040789950445,0.5633895921004956
DEAP:S32:T39,DEAP:S32,T39,0,3.99,1,1,4,6,exposed,baseline_only,validation_familiar,0.01,0.41581449919237157,0.5841855008076284
DEAP:S32:T40,DEAP:S32,T40,1,7.15,1,1,4,6,exposed,baseline_only,validation_familiar,0.01,0.44857592410415104,0.551424075895849
DEAP:S01:T01,DEAP:S01,T01,1,7.71,1,1,4,6,exposed,baseline_only,train,0.1,0.46854173560637147,0.5314582643936285
DEAP:S01:T03,DEAP:S01,T03,1,8.58,1,1,4,6,exposed,baseline_only,train,0.1,0.5119322234577078,0.48806777654229216
DEAP:S01:T06,DEAP:S01,T06,1,8.27,1,1,4,6,exposed,baseline_only,train,0.1,0.5005683990556928,0.4994316009443072
DEAP:S01:T08,DEAP:S01,T08,1,7.32,1,1,4,6,exposed,baseline_only,train,0.1,0.6281569212668463,0.37184307873315375
DEAP:S01:T11,DEAP:S01,T11,0,2.99,1,1,4,6,exposed,baseline_only,train,0.1,0.6273380317193797,0.3726619682806202
DEAP:S01:T12,DEAP:S01,T12,0,2.71,1,1,4,6,exposed,baseline_only,train,0.1,0.5675478701000893,0.4324521298999106
DEAP:S01:T16,DEAP:S01,T16,1,6.81,1,1,4,6,exposed,baseline_only,train,0.1,0.4778325839462122,0.5221674160537878
DEAP:S01:T23,DEAP:S01,T23,1,8.15,1,1,4,6,exposed,baseline_only,train,0.1,0.7092191870719762,0.29078081292802377
DEAP:S01:T25,DEAP:S01,T25,1,8.86,1,1,4,6,exposed,baseline_only,train,0.1,0.673521403308724,0.32647859669127594
DEAP:S01:T31,DEAP:S01,T31,0,3.03,1,1,4,6,exposed,baseline_only,train,0.1,0.6558960238626539,0.34410397613734617
DEAP:S01:T33,DEAP:S01,T33,0,3.81,1,1,4,6,exposed,baseline_only,train,0.1,0.5504551586482902,0.44954484135170986
DEAP:S01:T34,DEAP:S01,T34,0,2.28,1,1,4,6,exposed,baseline_only,train,0.1,0.5569629777809266,0.44303702221907343
DEAP:S01:T35,DEAP:S01,T35,0,2.06,1,1,4,6,exposed,baseline_only,train,0.1,0.5010262607374656,0.49897373926253435
DEAP:S01:T39,DEAP:S01,T39,0,3.24,1,1,4,6,exposed,baseline_only,train,0.1,0.667525060059944,0.33247493994005595
DEAP:S01:T40,DEAP:S01,T40,1,5.1,1,1,4,6,exposed,baseline_only,train,0.1,0.5684478591608488,0.4315521408391512
DEAP:S03:T01,DEAP:S03,T01,1,5.33,1,1,4,6,exposed,baseline_only,train,0.1,0.3918825232721611,0.6081174767278389
DEAP:S03:T03,DEAP:S03,T03,1,7.55,1,1,4,6,exposed,baseline_only,train,0.1,0.4940852655317505,0.5059147344682495
DEAP:S03:T06,DEAP:S03,T06,1,6.79,1,1,4,6,exposed,baseline_only,train,0.1,0.5783945875919946,0.4216054124080054
DEAP:S03:T08,DEAP:S03,T08,1,7.14,1,1,4,6,exposed,baseline_only,train,0.1,0.2974953299861135,0.7025046700138865
DEAP:S03:T11,DEAP:S03,T11,1,7.94,1,1,4,6,exposed,baseline_only,train,0.1,0.45695962981547456,0.5430403701845254
DEAP:S03:T12,DEAP:S03,T12,1,6.36,1,1,4,6,exposed,baseline_only,train,0.1,0.4491760858339169,0.5508239141660831
DEAP:S03:T16,DEAP:S03,T16,1,7.15,1,1,4,6,exposed,baseline_only,train,0.1,0.25565885533272437,0.7443411446672756
DEAP:S03:T23,DEAP:S03,T23,0,3.65,1,1,4,6,exposed,baseline_only,train,0.1,0.6476921493770013,0.35230785062299874
DEAP:S03:T31,DEAP:S03,T31,0,4.44,1,1,4,6,exposed,baseline_only,train,0.1,0.40319587385623357,0.5968041261437664
DEAP:S03:T33,DEAP:S03,T33,0,4.05,1,1,4,6,exposed,baseline_only,train,0.1,0.5906289493236723,0.40937105067632773
DEAP:S03:T34,DEAP:S03,T34,0,4.72,1,1,4,6,exposed,baseline_only,train,0.1,0.6118176779607023,0.38818232203929776
DEAP:S03:T35,DEAP:S03,T35,0,3.18,1,1,4,6,exposed,baseline_only,train,0.1,0.5400323862712705,0.4599676137287295
DEAP:S03:T39,DEAP:S03,T39,0,4.33,1,1,4,6,exposed,baseline_only,train,0.1,0.5662955916419898,0.4337044083580102
DEAP:S03:T40,DEAP:S03,T40,1,5.38,1,1,4,6,exposed,baseline_only,train,0.1,0.39979146913548036,0.6002085308645196
DEAP:S04:T01,DEAP:S04,T01,1,6.68,1,1,4,6,exposed,baseline_only,train,0.1,0.5127996790867801,0.48720032091321985
DEAP:S04:T03,DEAP:S04,T03,1,8.95,1,1,4,6,exposed,baseline_only,train,0.1,0.6606678972921383,0.3393321027078617
DEAP:S04:T06,DEAP:S04,T06,1,5.01,1,1,4,6,exposed,baseline_only,train,0.1,0.7464347479759446,0.25356525202405544
DEAP:S04:T12,DEAP:S04,T12,1,5.04,1,1,4,6,exposed,baseline_only,train,0.1,0.632870984469232,0.367129015530768
DEAP:S04:T16,DEAP:S04,T16,0,2.51,1,1,4,6,exposed,baseline_only,train,0.1,0.8204384251878937,0.1795615748121063
DEAP:S04:T23,DEAP:S04,T23,0,1.86,1,1,4,6,exposed,baseline_only,train,0.1,0.6362789479204042,0.3637210520795958
DEAP:S04:T26,DEAP:S04,T26,1,6.0,1,1,4,6,exposed,baseline_only,train,0.1,0.8111358097489083,0.18886419025109175
DEAP:S04:T31,DEAP:S04,T31,0,2.01,1,1,4,6,exposed,baseline_only,train,0.1,0.6099380991106409,0.3900619008893591
DEAP:S04:T33,DEAP:S04,T33,0,1.0,1,1,4,6,exposed,baseline_only,train,0.1,0.8094237884227213,0.1905762115772787
DEAP:S04:T34,DEAP:S04,T34,0,2.17,1,1,4,6,exposed,baseline_only,train,0.1,0.7593039087652598,0.24069609123474026
DEAP:S04:T35,DEAP:S04,T35,0,2.03,1,1,4,6,exposed,baseline_only,train,0.1,0.6834046426014532,0.31659535739854683
DEAP:S04:T39,DEAP:S04,T39,0,1.92,1,1,4,6,exposed,baseline_only,train,0.1,0.579889492566304,0.42011050743369605
DEAP:S04:T40,DEAP:S04,T40,0,1.86,1,1,4,6,exposed,baseline_only,train,0.1,0.7489289677568143,0.25107103224318567
DEAP:S07:T01,DEAP:S07,T01,1,8.1,1,1,4,6,exposed,baseline_only,train,0.1,0.18139955571642596,0.818600444283574
DEAP:S07:T03,DEAP:S07,T03,1,7.1,1,1,4,6,exposed,baseline_only,train,0.1,0.48880028056957514,0.5111997194304249
DEAP:S07:T06,DEAP:S07,T06,1,6.97,1,1,4,6,exposed,baseline_only,train,0.1,0.3317295349174785,0.6682704650825215
DEAP:S07:T08,DEAP:S07,T08,1,7.0,1,1,4,6,exposed,baseline_only,train,0.1,0.2584838737754982,0.7415161262245018
DEAP:S07:T11,DEAP:S07,T11,1,7.03,1,1,4,6,exposed,baseline_only,train,0.1,0.49273119706413504,0.507268802935865
DEAP:S07:T12,DEAP:S07,T12,1,6.99,1,1,4,6,exposed,baseline_only,train,0.1,0.3538617019735507,0.6461382980264493
DEAP:S07:T16,DEAP:S07,T16,0,3.03,1,1,4,6,exposed,baseline_only,train,0.1,0.39860792763631403,0.601392072363686
DEAP:S07:T23,DEAP:S07,T23,0,3.01,1,1,4,6,exposed,baseline_only,train,0.1,0.5038083955670383,0.4961916044329617
DEAP:S07:T26,DEAP:S07,T26,0,2.0,1,1,4,6,exposed,baseline_only,train,0.1,0.5484633215743233,0.45153667842567674
DEAP:S07:T31,DEAP:S07,T31,1,6.96,1,1,4,6,exposed,baseline_only,train,0.1,0.523023467385239,0.476976532614761
DEAP:S07:T33,DEAP:S07,T33,0,4.97,1,1,4,6,exposed,baseline_only,train,0.1,0.5530934614607439,0.4469065385392561
DEAP:S07:T35,DEAP:S07,T35,1,5.01,1,1,4,6,exposed,baseline_only,train,0.1,0.4898970370562591,0.5101029629437409
DEAP:S07:T39,DEAP:S07,T39,1,7.01,1,1,4,6,exposed,baseline_only,train,0.1,0.3426454288354469,0.6573545711645531
DEAP:S07:T40,DEAP:S07,T40,1,7.01,1,1,4,6,exposed,baseline_only,train,0.1,0.3431518087981643,0.6568481912018357
DEAP:S08:T01,DEAP:S08,T01,1,7.6,1,1,4,6,exposed,baseline_only,train,0.1,0.5287355066851605,0.47126449331483955
DEAP:S08:T03,DEAP:S08,T03,1,8.15,1,1,4,6,exposed,baseline_only,train,0.1,0.6338622346150868,0.3661377653849131
DEAP:S08:T06,DEAP:S08,T06,1,7.4,1,1,4,6,exposed,baseline_only,train,0.1,0.3226959744493997,0.6773040255506003
DEAP:S08:T08,DEAP:S08,T08,1,8.82,1,1,4,6,exposed,baseline_only,train,0.1,0.5350446555804128,0.4649553444195872
DEAP:S08:T11,DEAP:S08,T11,1,8.41,1,1,4,6,exposed,baseline_only,train,0.1,0.3995785723881199,0.6004214276118801
DEAP:S08:T12,DEAP:S08,T12,1,8.47,1,1,4,6,exposed,baseline_only,train,0.1,0.4092804362233923,0.5907195637766077
DEAP:S08:T16,DEAP:S08,T16,0,4.21,1,1,4,6,exposed,baseline_only,train,0.1,0.5080568662242629,0.49194313377573706
DEAP:S08:T25,DEAP:S08,T25,0,3.72,1,1,4,6,exposed,baseline_only,train,0.1,0.594388848508697,0.40561115149130295
DEAP:S08:T31,DEAP:S08,T31,0,1.45,1,1,4,6,exposed,baseline_only,train,0.1,0.5554721852073965,0.4445278147926035
DEAP:S08:T33,DEAP:S08,T33,0,4.44,1,1,4,6,exposed,baseline_only,train,0.1,0.5303040080297485,0.4696959919702515
DEAP:S08:T34,DEAP:S08,T34,1,5.05,1,1,4,6,exposed,baseline_only,train,0.1,0.6144082687453936,0.3855917312546064
DEAP:S08:T35,DEAP:S08,T35,0,3.62,1,1,4,6,exposed,baseline_only,train,0.1,0.4821926169266305,0.5178073830733695
DEAP:S08:T39,DEAP:S08,T39,1,5.05,1,1,4,6,exposed,baseline_only,train,0.1,0.2977898448191221,0.7022101551808779
DEAP:S08:T40,DEAP:S08,T40,0,3.13,1,1,4,6,exposed,baseline_only,train,0.1,0.515087502998423,0.48491249700157707
DEAP:S09:T01,DEAP:S09,T01,1,5.05,1,1,4,6,exposed,baseline_only,train,0.1,0.34201844555750094,0.6579815544424991
DEAP:S09:T03,DEAP:S09,T03,1,7.08,1,1,4,6,exposed,baseline_only,train,0.1,0.40493232722549544,0.5950676727745046
DEAP:S09:T06,DEAP:S09,T06,1,7.04,1,1,4,6,exposed,baseline_only,train,0.1,0.4729578964067953,0.5270421035932047
DEAP:S09:T08,DEAP:S09,T08,1,6.15,1,1,4,6,exposed,baseline_only,train,0.1,0.2479188363066417,0.7520811636933583
DEAP:S09:T11,DEAP:S09,T11,1,7.12,1,1,4,6,exposed,baseline_only,train,0.1,0.4750724286878062,0.5249275713121938
DEAP:S09:T12,DEAP:S09,T12,1,7.08,1,1,4,6,exposed,baseline_only,train,0.1,0.3660143104664412,0.6339856895335588
DEAP:S09:T16,DEAP:S09,T16,0,4.05,1,1,4,6,exposed,baseline_only,train,0.1,0.4214267843328088,0.5785732156671912
DEAP:S09:T25,DEAP:S09,T25,1,5.04,1,1,4,6,exposed,baseline_only,train,0.1,0.46166358558022724,0.5383364144197728
DEAP:S09:T26,DEAP:S09,T26,0,4.1,1,1,4,6,exposed,baseline_only,train,0.1,0.5491404443348469,0.45085955566515307
DEAP:S09:T31,DEAP:S09,T31,1,6.06,1,1,4,6,exposed,baseline_only,train,0.1,0.4773435250047048,0.5226564749952952
DEAP:S09:T33,DEAP:S09,T33,0,3.08,1,1,4,6,exposed,baseline_only,train,0.1,0.48953383904366743,0.5104661609563326
DEAP:S09:T34,DEAP:S09,T34,1,5.06,1,1,4,6,exposed,baseline_only,train,0.1,0.40554698330454775,0.5944530166954523
DEAP:S09:T35,DEAP:S09,T35,0,3.01,1,1,4,6,exposed,baseline_only,train,0.1,0.28516090719553977,0.7148390928044602
DEAP:S09:T39,DEAP:S09,T39,0,3.17,1,1,4,6,exposed,baseline_only,train,0.1,0.5449913999469147,0.45500860005308524
DEAP:S09:T40,DEAP:S09,T40,1,5.04,1,1,4,6,exposed,baseline_only,train,0.1,0.31207470963180683,0.6879252903681932
DEAP:S10:T01,DEAP:S10,T01,1,7.91,1,1,4,6,exposed,baseline_only,train,0.1,0.35766970253277774,0.6423302974672223
DEAP:S10:T03,DEAP:S10,T03,1,5.86,1,1,4,6,exposed,baseline_only,train,0.1,0.2839087375009218,0.7160912624990782
DEAP:S10:T06,DEAP:S10,T06,1,7.1,1,1,4,6,exposed,baseline_only,train,0.1,0.5869575639093061,0.41304243609069385
DEAP:S10:T08,DEAP:S10,T08,1,5.68,1,1,4,6,exposed,baseline_only,train,0.1,0.36763512061457715,0.6323648793854229
DEAP:S10:T11,DEAP:S10,T11,1,8.99,1,1,4,6,exposed,baseline_only,train,0.1,0.3539596877418978,0.6460403122581022
DEAP:S10:T12,DEAP:S10,T12,1,5.37,1,1,4,6,exposed,baseline_only,train,0.1,0.3451875792589657,0.6548124207410343
DEAP:S10:T16,DEAP:S10,T16,0,3.85,1,1,4,6,exposed,baseline_only,train,0.1,0.398566683642276,0.601433316357724
DEAP:S10:T23,DEAP:S10,T23,0,2.87,1,1,4,6,exposed,baseline_only,train,0.1,0.6334819046373403,0.3665180953626597
DEAP:S10:T25,DEAP:S10,T25,0,1.92,1,1,4,6,exposed,baseline_only,train,0.1,0.6167806182615836,0.3832193817384164
DEAP:S10:T31,DEAP:S10,T31,0,4.15,1,1,4,6,exposed,baseline_only,train,0.1,0.5663278346274141,0.43367216537258585
DEAP:S10:T33,DEAP:S10,T33,0,4.94,1,1,4,6,exposed,baseline_only,train,0.1,0.7264321881532182,0.2735678118467818
DEAP:S10:T35,DEAP:S10,T35,0,1.38,1,1,4,6,exposed,baseline_only,train,0.1,0.5843192085945701,0.41568079140542996
DEAP:S10:T40,DEAP:S10,T40,1,5.78,1,1,4,6,exposed,baseline_only,train,0.1,0.6343932021292332,0.3656067978707668
DEAP:S11:T01,DEAP:S11,T01,1,6.27,1,1,4,6,exposed,baseline_only,train,0.1,0.5563567551626565,0.44364324483734346
DEAP:S11:T03,DEAP:S11,T03,1,7.41,1,1,4,6,exposed,baseline_only,train,0.1,0.3827530234966039,0.6172469765033961
DEAP:S11:T06,DEAP:S11,T06,1,5.32,1,1,4,6,exposed,baseline_only,train,0.1,0.4505445944246723,0.5494554055753277
DEAP:S11:T08,DEAP:S11,T08,1,6.26,1,1,4,6,exposed,baseline_only,train,0.1,0.569164920568465,0.430835079431535
DEAP:S11:T11,DEAP:S11,T11,1,7.32,1,1,4,6,exposed,baseline_only,train,0.1,0.4955086048694475,0.5044913951305525
DEAP:S11:T12,DEAP:S11,T12,1,5.04,1,1,4,6,exposed,baseline_only,train,0.1,0.5060779102398216,0.4939220897601783
DEAP:S11:T16,DEAP:S11,T16,0,4.35,1,1,4,6,exposed,baseline_only,train,0.1,0.6158404854193567,0.38415951458064335
DEAP:S11:T23,DEAP:S11,T23,0,3.72,1,1,4,6,exposed,baseline_only,train,0.1,0.465943224217345,0.534056775782655
DEAP:S11:T25,DEAP:S11,T25,1,5.01,1,1,4,6,exposed,baseline_only,train,0.1,0.47928035469681907,0.5207196453031809
DEAP:S11:T26,DEAP:S11,T26,1,5.49,1,1,4,6,exposed,baseline_only,train,0.1,0.39089117359963466,0.6091088264003653
DEAP:S11:T31,DEAP:S11,T31,0,1.83,1,1,4,6,exposed,baseline_only,train,0.1,0.44809403387074553,0.5519059661292545
DEAP:S11:T33,DEAP:S11,T33,1,5.64,1,1,4,6,exposed,baseline_only,train,0.1,0.48302916095490733,0.5169708390450927
DEAP:S11:T34,DEAP:S11,T34,0,4.88,1,1,4,6,exposed,baseline_only,train,0.1,0.5337881313574548,0.46621186864254516
DEAP:S11:T35,DEAP:S11,T35,0,1.23,1,1,4,6,exposed,baseline_only,train,0.1,0.5130360182073485,0.48696398179265155
DEAP:S11:T39,DEAP:S11,T39,0,1.0,1,1,4,6,exposed,baseline_only,train,0.1,0.6848847078055122,0.3151152921944877
DEAP:S11:T40,DEAP:S11,T40,0,4.95,1,1,4,6,exposed,baseline_only,train,0.1,0.3766826436234775,0.6233173563765225
DEAP:S12:T01,DEAP:S12,T01,1,7.09,1,1,4,6,exposed,baseline_only,train,0.1,0.38564759041552577,0.6143524095844742
DEAP:S12:T03,DEAP:S12,T03,1,7.33,1,1,4,6,exposed,baseline_only,train,0.1,0.5621184641116657,0.43788153588833434
DEAP:S12:T06,DEAP:S12,T06,1,6.65,1,1,4,6,exposed,baseline_only,train,0.1,0.47972307255929914,0.5202769274407009
DEAP:S12:T08,DEAP:S12,T08,1,5.1,1,1,4,6,exposed,baseline_only,train,0.1,0.4979640413749816,0.5020359586250184
DEAP:S12:T11,DEAP:S12,T11,1,7.78,1,1,4,6,exposed,baseline_only,train,0.1,0.5046468261410261,0.4953531738589739
DEAP:S12:T12,DEAP:S12,T12,1,6.86,1,1,4,6,exposed,baseline_only,train,0.1,0.5198999065132871,0.4801000934867129
DEAP:S12:T16,DEAP:S12,T16,1,5.04,1,1,4,6,exposed,baseline_only,train,0.1,0.5193287885569327,0.4806712114430673
DEAP:S12:T23,DEAP:S12,T23,0,1.74,1,1,4,6,exposed,baseline_only,train,0.1,0.4702650008339361,0.5297349991660639
DEAP:S12:T25,DEAP:S12,T25,0,2.78,1,1,4,6,exposed,baseline_only,train,0.1,0.5356365218512225,0.4643634781487775
DEAP:S12:T26,DEAP:S12,T26,1,6.08,1,1,4,6,exposed,baseline_only,train,0.1,0.3726828566496183,0.6273171433503817
DEAP:S12:T31,DEAP:S12,T31,0,3.18,1,1,4,6,exposed,baseline_only,train,0.1,0.5469074342882003,0.4530925657117996
DEAP:S12:T33,DEAP:S12,T33,0,1.9,1,1,4,6,exposed,baseline_only,train,0.1,0.43589705768971077,0.5641029423102892
DEAP:S12:T35,DEAP:S12,T35,0,1.22,1,1,4,6,exposed,baseline_only,train,0.1,0.5116491375576255,0.4883508624423745
DEAP:S12:T39,DEAP:S12,T39,0,3.18,1,1,4,6,exposed,baseline_only,train,0.1,0.5376426798491487,0.46235732015085124
DEAP:S12:T40,DEAP:S12,T40,1,6.81,1,1,4,6,exposed,baseline_only,train,0.1,0.471371475666044,0.528628524333956
DEAP:S14:T01,DEAP:S14,T01,1,8.22,1,1,4,6,exposed,baseline_only,train,0.1,0.39214306005824795,0.607856939941752
DEAP:S14:T03,DEAP:S14,T03,1,7.5,1,1,4,6,exposed,baseline_only,train,0.1,0.5403325885884229,0.45966741141157713
DEAP:S14:T06,DEAP:S14,T06,1,7.19,1,1,4,6,exposed,baseline_only,train,0.1,0.3788828820460257,0.6211171179539743
DEAP:S14:T08,DEAP:S14,T08,1,7.0,1,1,4,6,exposed,baseline_only,train,0.1,0.42336068129243,0.57663931870757
DEAP:S14:T11,DEAP:S14,T11,1,8.03,1,1,4,6,exposed,baseline_only,train,0.1,0.4271149456411698,0.5728850543588302
DEAP:S14:T12,DEAP:S14,T12,1,7.63,1,1,4,6,exposed,baseline_only,train,0.1,0.46931861620138604,0.530681383798614
DEAP:S14:T16,DEAP:S14,T16,0,3.96,1,1,4,6,exposed,baseline_only,train,0.1,0.580876154881923,0.41912384511807693
DEAP:S14:T25,DEAP:S14,T25,0,3.87,1,1,4,6,exposed,baseline_only,train,0.1,0.5381579607961344,0.46184203920386563
DEAP:S14:T26,DEAP:S14,T26,0,3.28,1,1,4,6,exposed,baseline_only,train,0.1,0.5328423278406569,0.4671576721593432
DEAP:S14:T31,DEAP:S14,T31,0,3.26,1,1,4,6,exposed,baseline_only,train,0.1,0.6287337926679849,0.3712662073320151
DEAP:S14:T34,DEAP:S14,T34,0,2.5,1,1,4,6,exposed,baseline_only,train,0.1,0.5029464971098678,0.4970535028901321
DEAP:S14:T35,DEAP:S14,T35,0,2.68,1,1,4,6,exposed,baseline_only,train,0.1,0.5985139745691296,0.4014860254308704
DEAP:S14:T39,DEAP:S14,T39,1,6.65,1,1,4,6,exposed,baseline_only,train,0.1,0.5132444226725021,0.48675557732749786
DEAP:S14:T40,DEAP:S14,T40,1,6.68,1,1,4,6,exposed,baseline_only,train,0.1,0.4735880940490472,0.5264119059509528
DEAP:S16:T01,DEAP:S16,T01,0,2.51,1,1,4,6,exposed,baseline_only,train,0.1,0.8625996986666704,0.13740030133332953
DEAP:S16:T03,DEAP:S16,T03,1,6.74,1,1,4,6,exposed,baseline_only,train,0.1,0.7552578383349555,0.24474216166504448
DEAP:S16:T11,DEAP:S16,T11,1,7.27,1,1,4,6,exposed,baseline_only,train,0.1,0.6832524606097088,0.3167475393902912
DEAP:S16:T12,DEAP:S16,T12,1,5.97,1,1,4,6,exposed,baseline_only,train,0.1,0.46791707413090156,0.5320829258690984
DEAP:S16:T23,DEAP:S16,T23,0,3.9,1,1,4,6,exposed,baseline_only,train,0.1,0.6596948564140146,0.34030514358598535
DEAP:S16:T25,DEAP:S16,T25,0,2.47,1,1,4,6,exposed,baseline_only,train,0.1,0.732120344480707,0.26787965551929305
DEAP:S16:T26,DEAP:S16,T26,0,1.82,1,1,4,6,exposed,baseline_only,train,0.1,0.6834758998117563,0.3165241001882437
DEAP:S16:T31,DEAP:S16,T31,0,3.88,1,1,4,6,exposed,baseline_only,train,0.1,0.6549315358994914,0.34506846410050857
DEAP:S16:T33,DEAP:S16,T33,0,1.0,1,1,4,6,exposed,baseline_only,train,0.1,0.8317421633711711,0.1682578366288289
DEAP:S16:T34,DEAP:S16,T34,0,1.0,1,1,4,6,exposed,baseline_only,train,0.1,0.7740745706209722,0.22592542937902776
DEAP:S16:T39,DEAP:S16,T39,1,6.13,1,1,4,6,exposed,baseline_only,train,0.1,0.6626835356049345,0.3373164643950655
DEAP:S16:T40,DEAP:S16,T40,0,3.74,1,1,4,6,exposed,baseline_only,train,0.1,0.813307023998031,0.18669297600196902
DEAP:S17:T01,DEAP:S17,T01,0,4.05,1,1,4,6,exposed,baseline_only,train,0.1,0.5092968895941752,0.49070311040582487
DEAP:S17:T03,DEAP:S17,T03,1,6.46,1,1,4,6,exposed,baseline_only,train,0.1,0.4555762235035057,0.5444237764964943
DEAP:S17:T06,DEAP:S17,T06,1,6.9,1,1,4,6,exposed,baseline_only,train,0.1,0.41109736719545864,0.5889026328045414
DEAP:S17:T08,DEAP:S17,T08,1,6.05,1,1,4,6,exposed,baseline_only,train,0.1,0.42735363179766117,0.5726463682023388
DEAP:S17:T11,DEAP:S17,T11,1,6.03,1,1,4,6,exposed,baseline_only,train,0.1,0.4563017946506639,0.5436982053493361
DEAP:S17:T12,DEAP:S17,T12,1,5.96,1,1,4,6,exposed,baseline_only,train,0.1,0.4836104311280406,0.5163895688719594
DEAP:S17:T16,DEAP:S17,T16,1,5.92,1,1,4,6,exposed,baseline_only,train,0.1,0.5163051208228508,0.4836948791771492
DEAP:S17:T23,DEAP:S17,T23,0,3.62,1,1,4,6,exposed,baseline_only,train,0.1,0.496646085031507,0.503353914968493
DEAP:S17:T25,DEAP:S17,T25,1,6.18,1,1,4,6,exposed,baseline_only,train,0.1,0.4196693119743592,0.5803306880256408
DEAP:S17:T26,DEAP:S17,T26,0,3.73,1,1,4,6,exposed,baseline_only,train,0.1,0.44076343024796305,0.559236569752037
DEAP:S17:T33,DEAP:S17,T33,0,3.83,1,1,4,6,exposed,baseline_only,train,0.1,0.5221784431506646,0.4778215568493353
DEAP:S17:T34,DEAP:S17,T34,0,4.99,1,1,4,6,exposed,baseline_only,train,0.1,0.42401606189869245,0.5759839381013075
DEAP:S17:T35,DEAP:S17,T35,0,4.17,1,1,4,6,exposed,baseline_only,train,0.1,0.49245845304391966,0.5075415469560803
DEAP:S17:T39,DEAP:S17,T39,1,7.1,1,1,4,6,exposed,baseline_only,train,0.1,0.4990369927678918,0.5009630072321082
DEAP:S17:T40,DEAP:S17,T40,1,5.04,1,1,4,6,exposed,baseline_only,train,0.1,0.4990688882489994,0.5009311117510006
DEAP:S18:T01,DEAP:S18,T01,1,6.33,1,1,4,6,exposed,baseline_only,train,0.1,0.4287748352297144,0.5712251647702856
DEAP:S18:T03,DEAP:S18,T03,1,6.36,1,1,4,6,exposed,baseline_only,train,0.1,0.5324361732179297,0.4675638267820703
DEAP:S18:T06,DEAP:S18,T06,1,6.51,1,1,4,6,exposed,baseline_only,train,0.1,0.31561392090701224,0.6843860790929878
DEAP:S18:T11,DEAP:S18,T11,1,6.24,1,1,4,6,exposed,baseline_only,train,0.1,0.44344414163825996,0.55655585836174
DEAP:S18:T12,DEAP:S18,T12,1,5.55,1,1,4,6,exposed,baseline_only,train,0.1,0.4237228033881709,0.5762771966118291
DEAP:S18:T16,DEAP:S18,T16,0,4.38,1,1,4,6,exposed,baseline_only,train,0.1,0.5560074066229026,0.44399259337709734
DEAP:S18:T23,DEAP:S18,T23,0,3.71,1,1,4,6,exposed,baseline_only,train,0.1,0.6176948861381988,0.3823051138618012
DEAP:S18:T25,DEAP:S18,T25,0,4.23,1,1,4,6,exposed,baseline_only,train,0.1,0.4297753654230271,0.5702246345769729
DEAP:S18:T26,DEAP:S18,T26,1,5.44,1,1,4,6,exposed,baseline_only,train,0.1,0.4638316937780126,0.5361683062219874
DEAP:S18:T34,DEAP:S18,T34,0,4.15,1,1,4,6,exposed,baseline_only,train,0.1,0.5546864051156737,0.4453135948843263
DEAP:S18:T35,DEAP:S18,T35,1,5.12,1,1,4,6,exposed,baseline_only,train,0.1,0.3783042901534107,0.6216957098465893
DEAP:S18:T39,DEAP:S18,T39,0,4.06,1,1,4,6,exposed,baseline_only,train,0.1,0.3847777004813169,0.6152222995186831
DEAP:S20:T01,DEAP:S20,T01,1,5.76,1,1,4,6,exposed,baseline_only,train,0.1,0.5956038650046116,0.4043961349953884
DEAP:S20:T03,DEAP:S20,T03,1,7.18,1,1,4,6,exposed,baseline_only,train,0.1,0.34665685138762403,0.653343148612376
DEAP:S20:T06,DEAP:S20,T06,1,7.62,1,1,4,6,exposed,baseline_only,train,0.1,0.475812129219235,0.524187870780765
DEAP:S20:T08,DEAP:S20,T08,1,7.63,1,1,4,6,exposed,baseline_only,train,0.1,0.429097544994021,0.570902455005979
DEAP:S20:T11,DEAP:S20,T11,1,8.18,1,1,4,6,exposed,baseline_only,train,0.1,0.6488215859813337,0.35117841401866634
DEAP:S20:T12,DEAP:S20,T12,1,7.64,1,1,4,6,exposed,baseline_only,train,0.1,0.4051268954799788,0.5948731045200212
DEAP:S20:T16,DEAP:S20,T16,1,5.03,1,1,4,6,exposed,baseline_only,train,0.1,0.5748293041736066,0.4251706958263935
DEAP:S20:T23,DEAP:S20,T23,0,2.82,1,1,4,6,exposed,baseline_only,train,0.1,0.7189101332041238,0.2810898667958762
DEAP:S20:T26,DEAP:S20,T26,0,4.31,1,1,4,6,exposed,baseline_only,train,0.1,0.6075596322303267,0.3924403677696733
DEAP:S20:T31,DEAP:S20,T31,0,4.46,1,1,4,6,exposed,baseline_only,train,0.1,0.5721963186939529,0.42780368130604707
DEAP:S20:T33,DEAP:S20,T33,0,4.64,1,1,4,6,exposed,baseline_only,train,0.1,0.6458130615149487,0.3541869384850513
DEAP:S20:T34,DEAP:S20,T34,0,4.74,1,1,4,6,exposed,baseline_only,train,0.1,0.6658481070164068,0.3341518929835931
DEAP:S20:T35,DEAP:S20,T35,0,4.35,1,1,4,6,exposed,baseline_only,train,0.1,0.5772387411972965,0.42276125880270354
DEAP:S20:T40,DEAP:S20,T40,0,4.94,1,1,4,6,exposed,baseline_only,train,0.1,0.5125710259816856,0.48742897401831436
DEAP:S21:T01,DEAP:S21,T01,1,6.42,1,1,4,6,exposed,baseline_only,train,0.1,0.4832692008573739,0.5167307991426261
DEAP:S21:T06,DEAP:S21,T06,1,7.92,1,1,4,6,exposed,baseline_only,train,0.1,0.5457140789292309,0.45428592107076915
DEAP:S21:T08,DEAP:S21,T08,1,8.81,1,1,4,6,exposed,baseline_only,train,0.1,0.3766162761093197,0.6233837238906803
DEAP:S21:T11,DEAP:S21,T11,1,7.05,1,1,4,6,exposed,baseline_only,train,0.1,0.49723436060750226,0.5027656393924977
DEAP:S21:T12,DEAP:S21,T12,0,4.63,1,1,4,6,exposed,baseline_only,train,0.1,0.49009553078871326,0.5099044692112867
DEAP:S21:T16,DEAP:S21,T16,1,5.99,1,1,4,6,exposed,baseline_only,train,0.1,0.5866112171584414,0.4133887828415585
DEAP:S21:T23,DEAP:S21,T23,0,4.69,1,1,4,6,exposed,baseline_only,train,0.1,0.5794592133823248,0.42054078661767524
DEAP:S21:T26,DEAP:S21,T26,0,4.06,1,1,4,6,exposed,baseline_only,train,0.1,0.5819192347764317,0.41808076522356824
DEAP:S21:T31,DEAP:S21,T31,1,5.04,1,1,4,6,exposed,baseline_only,train,0.1,0.4962642275769368,0.5037357724230632
DEAP:S21:T33,DEAP:S21,T33,1,7.03,1,1,4,6,exposed,baseline_only,train,0.1,0.475304426622734,0.524695573377266
DEAP:S21:T34,DEAP:S21,T34,0,4.06,1,1,4,6,exposed,baseline_only,train,0.1,0.5660384270524751,0.4339615729475249
DEAP:S21:T35,DEAP:S21,T35,0,4.92,1,1,4,6,exposed,baseline_only,train,0.1,0.5685794967471487,0.4314205032528513
DEAP:S21:T39,DEAP:S21,T39,1,6.09,1,1,4,6,exposed,baseline_only,train,0.1,0.4708009117322485,0.5291990882677515
DEAP:S21:T40,DEAP:S21,T40,0,3.99,1,1,4,6,exposed,baseline_only,train,0.1,0.5130341208800874,0.4869658791199126
DEAP:S22:T01,DEAP:S22,T01,1,5.05,1,1,4,6,exposed,baseline_only,train,0.1,0.7103071239477611,0.2896928760522389
DEAP:S22:T03,DEAP:S22,T03,1,7.05,1,1,4,6,exposed,baseline_only,train,0.1,0.3639904967748624,0.6360095032251376
DEAP:S22:T06,DEAP:S22,T06,0,4.97,1,1,4,6,exposed,baseline_only,train,0.1,0.6840804892718106,0.31591951072818936
DEAP:S22:T08,DEAP:S22,T08,1,7.09,1,1,4,6,exposed,baseline_only,train,0.1,0.6401767909380709,0.3598232090619291
DEAP:S22:T11,DEAP:S22,T11,1,8.05,1,1,4,6,exposed,baseline_only,train,0.1,0.4854999526401782,0.5145000473598218
DEAP:S22:T12,DEAP:S22,T12,0,4.99,1,1,4,6,exposed,baseline_only,train,0.1,0.7000540671496095,0.2999459328503905
DEAP:S22:T16,DEAP:S22,T16,1,6.06,1,1,4,6,exposed,baseline_only,train,0.1,0.43543294681278655,0.5645670531872135
DEAP:S22:T23,DEAP:S22,T23,0,2.99,1,1,4,6,exposed,baseline_only,train,0.1,0.706954088955243,0.2930459110447569
DEAP:S22:T31,DEAP:S22,T31,0,2.01,1,1,4,6,exposed,baseline_only,train,0.1,0.6176272842223771,0.3823727157776229
DEAP:S22:T33,DEAP:S22,T33,0,1.96,1,1,4,6,exposed,baseline_only,train,0.1,0.7002536700822711,0.29974632991772887
DEAP:S22:T34,DEAP:S22,T34,1,5.04,1,1,4,6,exposed,baseline_only,train,0.1,0.7257737593662223,0.27422624063377765
DEAP:S22:T39,DEAP:S22,T39,0,1.0,1,1,4,6,exposed,baseline_only,train,0.1,0.5894717778900039,0.41052822210999607
DEAP:S22:T40,DEAP:S22,T40,0,2.97,1,1,4,6,exposed,baseline_only,train,0.1,0.6852028970521236,0.3147971029478764
DEAP:S23:T01,DEAP:S23,T01,1,7.71,1,1,4,6,exposed,baseline_only,train,0.1,0.29885404988268116,0.7011459501173188
DEAP:S23:T03,DEAP:S23,T03,1,7.09,1,1,4,6,exposed,baseline_only,train,0.1,0.31236635991647843,0.6876336400835216
DEAP:S23:T06,DEAP:S23,T06,1,5.09,1,1,4,6,exposed,baseline_only,train,0.1,0.28103175324746676,0.7189682467525332
DEAP:S23:T08,DEAP:S23,T08,1,7.23,1,1,4,6,exposed,baseline_only,train,0.1,0.36050336186279175,0.6394966381372083
DEAP:S23:T11,DEAP:S23,T11,1,7.0,1,1,4,6,exposed,baseline_only,train,0.1,0.29389993835989126,0.7061000616401087
DEAP:S23:T12,DEAP:S23,T12,1,7.0,1,1,4,6,exposed,baseline_only,train,0.1,0.5156401640603302,0.4843598359396698
DEAP:S23:T16,DEAP:S23,T16,1,5.15,1,1,4,6,exposed,baseline_only,train,0.1,0.13911680117395508,0.8608831988260449
DEAP:S23:T23,DEAP:S23,T23,0,4.17,1,1,4,6,exposed,baseline_only,train,0.1,0.5805658208752241,0.4194341791247759
DEAP:S23:T25,DEAP:S23,T25,0,4.97,1,1,4,6,exposed,baseline_only,train,0.1,0.3644683020818611,0.6355316979181389
DEAP:S23:T26,DEAP:S23,T26,1,8.27,1,1,4,6,exposed,baseline_only,train,0.1,0.579403939711627,0.42059606028837304
DEAP:S23:T31,DEAP:S23,T31,0,4.86,1,1,4,6,exposed,baseline_only,train,0.1,0.40940051250907805,0.590599487490922
DEAP:S23:T33,DEAP:S23,T33,1,5.04,1,1,4,6,exposed,baseline_only,train,0.1,0.3388699895824101,0.6611300104175899
DEAP:S23:T34,DEAP:S23,T34,1,6.72,1,1,4,6,exposed,baseline_only,train,0.1,0.2690769421663429,0.7309230578336571
DEAP:S23:T35,DEAP:S23,T35,1,5.18,1,1,4,6,exposed,baseline_only,train,0.1,0.3795073102094637,0.6204926897905363
DEAP:S23:T40,DEAP:S23,T40,0,4.88,1,1,4,6,exposed,baseline_only,train,0.1,0.36430778054157986,0.6356922194584201
DEAP:S25:T01,DEAP:S25,T01,1,8.06,1,1,4,6,exposed,baseline_only,train,0.1,0.4875245480526531,0.5124754519473469
DEAP:S25:T03,DEAP:S25,T03,1,7.12,1,1,4,6,exposed,baseline_only,train,0.1,0.6053932218994474,0.39460677810055256
DEAP:S25:T08,DEAP:S25,T08,1,8.04,1,1,4,6,exposed,baseline_only,train,0.1,0.3805052268489987,0.6194947731510013
DEAP:S25:T11,DEAP:S25,T11,1,9.0,1,1,4,6,exposed,baseline_only,train,0.1,0.5919530720770909,0.4080469279229091
DEAP:S25:T12,DEAP:S25,T12,1,8.04,1,1,4,6,exposed,baseline_only,train,0.1,0.5191696310944628,0.4808303689055372
DEAP:S25:T16,DEAP:S25,T16,1,6.05,1,1,4,6,exposed,baseline_only,train,0.1,0.5890109176483087,0.4109890823516913
DEAP:S25:T23,DEAP:S25,T23,0,2.01,1,1,4,6,exposed,baseline_only,train,0.1,0.7192351657457818,0.28076483425421817
DEAP:S25:T26,DEAP:S25,T26,0,4.99,1,1,4,6,exposed,baseline_only,train,0.1,0.41179794485937193,0.5882020551406281
DEAP:S25:T31,DEAP:S25,T31,0,1.01,1,1,4,6,exposed,baseline_only,train,0.1,0.5482089614253012,0.45179103857469877
DEAP:S25:T33,DEAP:S25,T33,0,1.94,1,1,4,6,exposed,baseline_only,train,0.1,0.5815383874574771,0.41846161254252295
DEAP:S25:T34,DEAP:S25,T34,0,4.95,1,1,4,6,exposed,baseline_only,train,0.1,0.5881719252390283,0.4118280747609717
DEAP:S25:T39,DEAP:S25,T39,0,1.0,1,1,4,6,exposed,baseline_only,train,0.1,0.5356277330030795,0.46437226699692047
DEAP:S25:T40,DEAP:S25,T40,0,1.0,1,1,4,6,exposed,baseline_only,train,0.1,0.6776027962864595,0.32239720371354047
DEAP:S26:T01,DEAP:S26,T01,1,7.97,1,1,4,6,exposed,baseline_only,train,0.1,0.3442631726143962,0.6557368273856038
DEAP:S26:T03,DEAP:S26,T03,1,9.0,1,1,4,6,exposed,baseline_only,train,0.1,0.4314975948475942,0.5685024051524058
DEAP:S26:T06,DEAP:S26,T06,1,8.09,1,1,4,6,exposed,baseline_only,train,0.1,0.45022794576581027,0.5497720542341897
DEAP:S26:T08,DEAP:S26,T08,1,8.01,1,1,4,6,exposed,baseline_only,train,0.1,0.5100390631278648,0.4899609368721351
DEAP:S26:T11,DEAP:S26,T11,1,8.04,1,1,4,6,exposed,baseline_only,train,0.1,0.49997979715697394,0.5000202028430261
DEAP:S26:T12,DEAP:S26,T12,1,7.04,1,1,4,6,exposed,baseline_only,train,0.1,0.42319521077509203,0.576804789224908
DEAP:S26:T16,DEAP:S26,T16,1,6.19,1,1,4,6,exposed,baseline_only,train,0.1,0.5128074275806771,0.48719257241932296
DEAP:S26:T23,DEAP:S26,T23,0,2.28,1,1,4,6,exposed,baseline_only,train,0.1,0.5316721390365498,0.4683278609634502
DEAP:S26:T25,DEAP:S26,T25,1,7.14,1,1,4,6,exposed,baseline_only,train,0.1,0.32858024442521183,0.6714197555747882
DEAP:S26:T26,DEAP:S26,T26,1,5.05,1,1,4,6,exposed,baseline_only,train,0.1,0.4550307333477839,0.5449692666522161
DEAP:S26:T31,DEAP:S26,T31,0,1.97,1,1,4,6,exposed,baseline_only,train,0.1,0.4519270513556939,0.5480729486443061
DEAP:S26:T34,DEAP:S26,T34,0,1.0,1,1,4,6,exposed,baseline_only,train,0.1,0.5649510489560758,0.4350489510439242
DEAP:S26:T39,DEAP:S26,T39,0,1.95,1,1,4,6,exposed,baseline_only,train,0.1,0.5723304478221063,0.42766955217789376
DEAP:S26:T40,DEAP:S26,T40,0,3.06,1,1,4,6,exposed,baseline_only,train,0.1,0.38732985845380363,0.6126701415461964
DEAP:S27:T01,DEAP:S27,T01,1,6.03,1,1,4,6,exposed,baseline_only,train,0.1,0.3069199904932819,0.6930800095067181
DEAP:S27:T03,DEAP:S27,T03,1,9.0,1,1,4,6,exposed,baseline_only,train,0.1,0.322091743724073,0.677908256275927
DEAP:S27:T06,DEAP:S27,T06,1,7.0,1,1,4,6,exposed,baseline_only,train,0.1,0.19688891528961783,0.8031110847103822
DEAP:S27:T08,DEAP:S27,T08,1,8.24,1,1,4,6,exposed,baseline_only,train,0.1,0.330273673763252,0.669726326236748
DEAP:S27:T11,DEAP:S27,T11,1,9.0,1,1,4,6,exposed,baseline_only,train,0.1,0.34293004624010315,0.6570699537598969
DEAP:S27:T12,DEAP:S27,T12,0,4.18,1,1,4,6,exposed,baseline_only,train,0.1,0.503186335255907,0.49681366474409305
DEAP:S27:T16,DEAP:S27,T16,1,8.06,1,1,4,6,exposed,baseline_only,train,0.1,0.3548722283590765,0.6451277716409235
DEAP:S27:T23,DEAP:S27,T23,1,8.0,1,1,4,6,exposed,baseline_only,train,0.1,0.32580669456422295,0.674193305435777
DEAP:S27:T26,DEAP:S27,T26,1,5.04,1,1,4,6,exposed,baseline_only,train,0.1,0.38210522439678885,0.6178947756032112
DEAP:S27:T31,DEAP:S27,T31,1,5.08,1,1,4,6,exposed,baseline_only,train,0.1,0.29412618008109903,0.705873819918901
DEAP:S27:T33,DEAP:S27,T33,1,5.04,1,1,4,6,exposed,baseline_only,train,0.1,0.3645460485995996,0.6354539514004004
DEAP:S27:T34,DEAP:S27,T34,0,2.85,1,1,4,6,exposed,baseline_only,train,0.1,0.34287293639153793,0.6571270636084621
DEAP:S27:T39,DEAP:S27,T39,0,2.14,1,1,4,6,exposed,baseline_only,train,0.1,0.4657849849216922,0.5342150150783078
DEAP:S27:T40,DEAP:S27,T40,1,5.04,1,1,4,6,exposed,baseline_only,train,0.1,0.37062150302411756,0.6293784969758824
DEAP:S28:T01,DEAP:S28,T01,1,7.03,1,1,4,6,exposed,baseline_only,train,0.1,0.2103326611734171,0.7896673388265829
DEAP:S28:T03,DEAP:S28,T03,1,9.0,1,1,4,6,exposed,baseline_only,train,0.1,0.2119069169551957,0.7880930830448043
DEAP:S28:T06,DEAP:S28,T06,1,8.15,1,1,4,6,exposed,baseline_only,train,0.1,0.396148519148367,0.603851480851633
DEAP:S28:T08,DEAP:S28,T08,1,7.01,1,1,4,6,exposed,baseline_only,train,0.1,0.285686998745738,0.714313001254262
DEAP:S28:T11,DEAP:S28,T11,1,7.01,1,1,4,6,exposed,baseline_only,train,0.1,0.2769635379819947,0.7230364620180053
DEAP:S28:T12,DEAP:S28,T12,1,6.06,1,1,4,6,exposed,baseline_only,train,0.1,0.4449274594570176,0.5550725405429824
DEAP:S28:T16,DEAP:S28,T16,1,6.91,1,1,4,6,exposed,baseline_only,train,0.1,0.3140212189960825,0.6859787810039175
DEAP:S28:T25,DEAP:S28,T25,0,4.06,1,1,4,6,exposed,baseline_only,train,0.1,0.39581053315508175,0.6041894668449183
DEAP:S28:T26,DEAP:S28,T26,0,1.99,1,1,4,6,exposed,baseline_only,train,0.1,0.4481433337340017,0.5518566662659983
DEAP:S28:T31,DEAP:S28,T31,1,6.91,1,1,4,6,exposed,baseline_only,train,0.1,0.37283349674199884,0.6271665032580012
DEAP:S28:T33,DEAP:S28,T33,1,7.01,1,1,4,6,exposed,baseline_only,train,0.1,0.27505072063614433,0.7249492793638557
DEAP:S28:T34,DEAP:S28,T34,1,5.99,1,1,4,6,exposed,baseline_only,train,0.1,0.29461062184798736,0.7053893781520126
DEAP:S28:T35,DEAP:S28,T35,0,1.08,1,1,4,6,exposed,baseline_only,train,0.1,0.25798315523913373,0.7420168447608663
DEAP:S28:T39,DEAP:S28,T39,0,1.04,1,1,4,6,exposed,baseline_only,train,0.1,0.36745670706135347,0.6325432929386465
DEAP:S28:T40,DEAP:S28,T40,1,7.1,1,1,4,6,exposed,baseline_only,train,0.1,0.3915961907786848,0.6084038092213152
DEAP:S29:T01,DEAP:S29,T01,1,6.06,1,1,4,6,exposed,baseline_only,train,0.1,0.1404477800350723,0.8595522199649277
DEAP:S29:T03,DEAP:S29,T03,1,9.0,1,1,4,6,exposed,baseline_only,train,0.1,0.2927558951393837,0.7072441048606163
DEAP:S29:T06,DEAP:S29,T06,1,8.03,1,1,4,6,exposed,baseline_only,train,0.1,0.44416162780650104,0.555838372193499
DEAP:S29:T08,DEAP:S29,T08,1,7.04,1,1,4,6,exposed,baseline_only,train,0.1,0.3886353264454907,0.6113646735545093
DEAP:S29:T11,DEAP:S29,T11,1,8.03,1,1,4,6,exposed,baseline_only,train,0.1,0.5308987630344567,0.4691012369655433
DEAP:S29:T12,DEAP:S29,T12,1,6.04,1,1,4,6,exposed,baseline_only,train,0.1,0.4913782870113247,0.5086217129886753
DEAP:S29:T16,DEAP:S29,T16,0,3.0,1,1,4,6,exposed,baseline_only,train,0.1,0.5209939067513045,0.4790060932486955
DEAP:S29:T23,DEAP:S29,T23,0,2.05,1,1,4,6,exposed,baseline_only,train,0.1,0.6544136132353883,0.34558638676461173
DEAP:S29:T31,DEAP:S29,T31,0,1.0,1,1,4,6,exposed,baseline_only,train,0.1,0.5771492079581046,0.4228507920418954
DEAP:S29:T34,DEAP:S29,T34,0,3.95,1,1,4,6,exposed,baseline_only,train,0.1,0.7687991695665298,0.2312008304334702
DEAP:S29:T35,DEAP:S29,T35,0,1.92,1,1,4,6,exposed,baseline_only,train,0.1,0.6272758592199332,0.3727241407800667
DEAP:S29:T39,DEAP:S29,T39,1,6.05,1,1,4,6,exposed,baseline_only,train,0.1,0.3591762775349515,0.6408237224650485
DEAP:S29:T40,DEAP:S29,T40,1,6.01,1,1,4,6,exposed,baseline_only,train,0.1,0.45117787871437953,0.5488221212856205
DEAP:S30:T01,DEAP:S30,T01,1,5.04,1,1,4,6,exposed,baseline_only,train,0.1,0.45968537628807493,0.5403146237119251
DEAP:S30:T03,DEAP:S30,T03,1,6.15,1,1,4,6,exposed,baseline_only,train,0.1,0.3820763524749954,0.6179236475250046
DEAP:S30:T06,DEAP:S30,T06,1,6.22,1,1,4,6,exposed,baseline_only,train,0.1,0.4289305971838363,0.5710694028161637
DEAP:S30:T08,DEAP:S30,T08,1,6.05,1,1,4,6,exposed,baseline_only,train,0.1,0.45691470247999,0.54308529752001
DEAP:S30:T11,DEAP:S30,T11,1,6.06,1,1,4,6,exposed,baseline_only,train,0.1,0.4623909996015356,0.5376090003984644
DEAP:S30:T12,DEAP:S30,T12,1,5.15,1,1,4,6,exposed,baseline_only,train,0.1,0.47295091247535526,0.5270490875246447
DEAP:S30:T16,DEAP:S30,T16,1,5.04,1,1,4,6,exposed,baseline_only,train,0.1,0.41990687821271155,0.5800931217872884
DEAP:S30:T23,DEAP:S30,T23,0,3.0,1,1,4,6,exposed,baseline_only,train,0.1,0.3374537020668429,0.6625462979331571
DEAP:S30:T25,DEAP:S30,T25,0,3.92,1,1,4,6,exposed,baseline_only,train,0.1,0.47520390566914106,0.5247960943308589
DEAP:S30:T26,DEAP:S30,T26,1,5.01,1,1,4,6,exposed,baseline_only,train,0.1,0.4973451796250571,0.5026548203749429
DEAP:S30:T31,DEAP:S30,T31,0,3.86,1,1,4,6,exposed,baseline_only,train,0.1,0.5005140534459851,0.4994859465540149
DEAP:S30:T33,DEAP:S30,T33,0,3.91,1,1,4,6,exposed,baseline_only,train,0.1,0.46043997039561524,0.5395600296043848
DEAP:S30:T34,DEAP:S30,T34,0,4.99,1,1,4,6,exposed,baseline_only,train,0.1,0.4454785690863242,0.5545214309136758
DEAP:S30:T35,DEAP:S30,T35,1,5.04,1,1,4,6,exposed,baseline_only,train,0.1,0.5264668412059761,0.47353315879402397
DEAP:S30:T39,DEAP:S30,T39,0,2.97,1,1,4,6,exposed,baseline_only,train,0.1,0.4576758629505495,0.5423241370494505
DEAP:S31:T01,DEAP:S31,T01,1,6.79,1,1,4,6,exposed,baseline_only,train,0.1,0.42997167619385845,0.5700283238061415
DEAP:S31:T03,DEAP:S31,T03,1,8.04,1,1,4,6,exposed,baseline_only,train,0.1,0.26482239393474105,0.735177606065259
DEAP:S31:T06,DEAP:S31,T06,0,4.99,1,1,4,6,exposed,baseline_only,train,0.1,0.5329464727554133,0.4670535272445867
DEAP:S31:T08,DEAP:S31,T08,1,6.03,1,1,4,6,exposed,baseline_only,train,0.1,0.3754541193506554,0.6245458806493446
DEAP:S31:T11,DEAP:S31,T11,1,9.0,1,1,4,6,exposed,baseline_only,train,0.1,0.44941299035518,0.55058700964482
DEAP:S31:T12,DEAP:S31,T12,1,7.14,1,1,4,6,exposed,baseline_only,train,0.1,0.3321838712854197,0.6678161287145803
DEAP:S31:T16,DEAP:S31,T16,1,6.09,1,1,4,6,exposed,baseline_only,train,0.1,0.3611890375555319,0.6388109624444681
DEAP:S31:T23,DEAP:S31,T23,0,1.0,1,1,4,6,exposed,baseline_only,train,0.1,0.5252351959756021,0.4747648040243979
DEAP:S31:T25,DEAP:S31,T25,1,6.14,1,1,4,6,exposed,baseline_only,train,0.1,0.4302625988447646,0.5697374011552354
DEAP:S31:T26,DEAP:S31,T26,1,7.08,1,1,4,6,exposed,baseline_only,train,0.1,0.4656969295038621,0.5343030704961379
DEAP:S31:T33,DEAP:S31,T33,0,4.18,1,1,4,6,exposed,baseline_only,train,0.1,0.3714405213935037,0.6285594786064963
DEAP:S31:T34,DEAP:S31,T34,0,1.95,1,1,4,6,exposed,baseline_only,train,0.1,0.5516486258526927,0.44835137414730725
DEAP:S31:T40,DEAP:S31,T40,0,3.99,1,1,4,6,exposed,baseline_only,train,0.1,0.7282716718436442,0.2717283281563559
DEAP:S13:T02,DEAP:S13,T02,0,4.03,1,1,4,6,exposed,baseline_only,validation_unseen,0.1,0.2594105637272053,0.7405894362727947
DEAP:S13:T10,DEAP:S13,T10,0,4.01,1,1,4,6,exposed,baseline_only,validation_unseen,0.1,0.4294536891396675,0.5705463108603325
DEAP:S13:T14,DEAP:S13,T14,1,7.97,1,1,4,6,exposed,baseline_only,validation_unseen,0.1,0.26896396288958135,0.7310360371104186
DEAP:S13:T17,DEAP:S13,T17,1,5.99,1,1,4,6,exposed,baseline_only,validation_unseen,0.1,0.4205301007430283,0.5794698992569717
DEAP:S13:T20,DEAP:S13,T20,1,7.6,1,1,4,6,exposed,baseline_only,validation_unseen,0.1,0.30927476509626617,0.6907252349037338
DEAP:S13:T21,DEAP:S13,T21,0,2.0,1,1,4,6,exposed,baseline_only,validation_unseen,0.1,0.3004963050441458,0.6995036949558542
DEAP:S13:T37,DEAP:S13,T37,0,1.0,1,1,4,6,exposed,baseline_only,validation_unseen,0.1,0.499705337376979,0.500294662623021
DEAP:S13:T38,DEAP:S13,T38,0,1.0,1,1,4,6,exposed,baseline_only,validation_unseen,0.1,0.2769603913866896,0.7230396086133104
DEAP:S15:T02,DEAP:S15,T02,1,5.04,1,1,4,6,exposed,baseline_only,validation_unseen,0.1,0.16597101470686604,0.834028985293134
DEAP:S15:T10,DEAP:S15,T10,0,4.99,1,1,4,6,exposed,baseline_only,validation_unseen,0.1,0.2661549404603153,0.7338450595396847
DEAP:S15:T14,DEAP:S15,T14,1,8.15,1,1,4,6,exposed,baseline_only,validation_unseen,0.1,0.09521799138974274,0.9047820086102573
DEAP:S15:T17,DEAP:S15,T17,1,8.1,1,1,4,6,exposed,baseline_only,validation_unseen,0.1,0.14060513071889336,0.8593948692811066
DEAP:S15:T20,DEAP:S15,T20,1,7.97,1,1,4,6,exposed,baseline_only,validation_unseen,0.1,0.12589633748071072,0.8741036625192893
DEAP:S15:T21,DEAP:S15,T21,0,3.09,1,1,4,6,exposed,baseline_only,validation_unseen,0.1,0.06442716699629913,0.9355728330037009
DEAP:S15:T37,DEAP:S15,T37,0,3.04,1,1,4,6,exposed,baseline_only,validation_unseen,0.1,0.3906735807633652,0.6093264192366348
DEAP:S15:T38,DEAP:S15,T38,0,2.08,1,1,4,6,exposed,baseline_only,validation_unseen,0.1,0.10712721494598276,0.8928727850540172
DEAP:S24:T02,DEAP:S24,T02,1,6.04,1,1,4,6,exposed,baseline_only,validation_unseen,0.1,0.6818855794748697,0.31811442052513034
DEAP:S24:T10,DEAP:S24,T10,1,5.01,1,1,4,6,exposed,baseline_only,validation_unseen,0.1,0.6436973362206531,0.356302663779347
DEAP:S24:T14,DEAP:S24,T14,1,8.05,1,1,4,6,exposed,baseline_only,validation_unseen,0.1,0.6085846150648648,0.3914153849351351
DEAP:S24:T17,DEAP:S24,T17,0,4.08,1,1,4,6,exposed,baseline_only,validation_unseen,0.1,0.6428536906995627,0.35714630930043734
DEAP:S24:T20,DEAP:S24,T20,0,4.03,1,1,4,6,exposed,baseline_only,validation_unseen,0.1,0.6727717639788509,0.3272282360211492
DEAP:S24:T21,DEAP:S24,T21,0,1.96,1,1,4,6,exposed,baseline_only,validation_unseen,0.1,0.7547192612747602,0.24528073872523978
DEAP:S24:T37,DEAP:S24,T37,0,4.0,1,1,4,6,exposed,baseline_only,validation_unseen,0.1,0.7222004235853934,0.27779957641460656
DEAP:S24:T38,DEAP:S24,T38,0,2.03,1,1,4,6,exposed,baseline_only,validation_unseen,0.1,0.6161857922041665,0.3838142077958336
DEAP:S32:T02,DEAP:S32,T02,0,4.99,1,1,4,6,exposed,baseline_only,validation_unseen,0.1,0.47286741522207865,0.5271325847779214
DEAP:S32:T10,DEAP:S32,T10,0,4.08,1,1,4,6,exposed,baseline_only,validation_unseen,0.1,0.5086352955265477,0.49136470447345226
DEAP:S32:T14,DEAP:S32,T14,1,7.1,1,1,4,6,exposed,baseline_only,validation_unseen,0.1,0.34760597801959214,0.6523940219804079
DEAP:S32:T17,DEAP:S32,T17,1,6.09,1,1,4,6,exposed,baseline_only,validation_unseen,0.1,0.43745883570231714,0.5625411642976829
DEAP:S32:T20,DEAP:S32,T20,1,6.03,1,1,4,6,exposed,baseline_only,validation_unseen,0.1,0.5532594102630499,0.44674058973695
DEAP:S32:T21,DEAP:S32,T21,0,4.12,1,1,4,6,exposed,baseline_only,validation_unseen,0.1,0.42540954426607624,0.5745904557339238
DEAP:S32:T37,DEAP:S32,T37,0,2.81,1,1,4,6,exposed,baseline_only,validation_unseen,0.1,0.49099592744126697,0.509004072558733
DEAP:S32:T38,DEAP:S32,T38,0,3.05,1,1,4,6,exposed,baseline_only,validation_unseen,0.1,0.5285181938014305,0.4714818061985695
DEAP:S13:T01,DEAP:S13,T01,1,6.15,1,1,4,6,exposed,baseline_only,validation_familiar,0.1,0.3885171665274857,0.6114828334725143
DEAP:S13:T03,DEAP:S13,T03,1,9.0,1,1,4,6,exposed,baseline_only,validation_familiar,0.1,0.38201178173027084,0.6179882182697292
DEAP:S13:T06,DEAP:S13,T06,0,4.46,1,1,4,6,exposed,baseline_only,validation_familiar,0.1,0.27315132774962236,0.7268486722503776
DEAP:S13:T08,DEAP:S13,T08,1,7.99,1,1,4,6,exposed,baseline_only,validation_familiar,0.1,0.28908140533488824,0.7109185946651118
DEAP:S13:T11,DEAP:S13,T11,1,7.04,1,1,4,6,exposed,baseline_only,validation_familiar,0.1,0.35081260435683603,0.649187395643164
DEAP:S13:T12,DEAP:S13,T12,1,5.08,1,1,4,6,exposed,baseline_only,validation_familiar,0.1,0.23794660054140815,0.7620533994585919
DEAP:S13:T23,DEAP:S13,T23,0,1.0,1,1,4,6,exposed,baseline_only,validation_familiar,0.1,0.20765099909489704,0.792349000905103
DEAP:S13:T25,DEAP:S13,T25,0,3.97,1,1,4,6,exposed,baseline_only,validation_familiar,0.1,0.2545374109816091,0.7454625890183909
DEAP:S13:T26,DEAP:S13,T26,1,5.04,1,1,4,6,exposed,baseline_only,validation_familiar,0.1,0.3550712362481483,0.6449287637518517
DEAP:S13:T31,DEAP:S13,T31,0,1.97,1,1,4,6,exposed,baseline_only,validation_familiar,0.1,0.3114083093058032,0.6885916906941968
DEAP:S13:T33,DEAP:S13,T33,0,4.55,1,1,4,6,exposed,baseline_only,validation_familiar,0.1,0.4349139744440007,0.5650860255559993
DEAP:S13:T34,DEAP:S13,T34,0,2.92,1,1,4,6,exposed,baseline_only,validation_familiar,0.1,0.270249692272996,0.729750307727004
DEAP:S13:T35,DEAP:S13,T35,0,1.0,1,1,4,6,exposed,baseline_only,validation_familiar,0.1,0.3417580133047412,0.6582419866952588
DEAP:S13:T39,DEAP:S13,T39,0,1.97,1,1,4,6,exposed,baseline_only,validation_familiar,0.1,0.33855277911641635,0.6614472208835837
DEAP:S13:T40,DEAP:S13,T40,0,4.08,1,1,4,6,exposed,baseline_only,validation_familiar,0.1,0.3389339001813373,0.6610660998186627
DEAP:S15:T01,DEAP:S15,T01,1,8.9,1,1,4,6,exposed,baseline_only,validation_familiar,0.1,0.36866034757794675,0.6313396524220533
DEAP:S15:T03,DEAP:S15,T03,1,8.04,1,1,4,6,exposed,baseline_only,validation_familiar,0.1,0.11592897971068128,0.8840710202893187
DEAP:S15:T06,DEAP:S15,T06,1,9.0,1,1,4,6,exposed,baseline_only,validation_familiar,0.1,0.08845356498019996,0.9115464350198
DEAP:S15:T08,DEAP:S15,T08,1,9.0,1,1,4,6,exposed,baseline_only,validation_familiar,0.1,0.253368114009597,0.746631885990403
DEAP:S15:T11,DEAP:S15,T11,1,8.99,1,1,4,6,exposed,baseline_only,validation_familiar,0.1,0.07453270478291518,0.9254672952170848
DEAP:S15:T12,DEAP:S15,T12,1,7.08,1,1,4,6,exposed,baseline_only,validation_familiar,0.1,0.09380358093806174,0.9061964190619383
DEAP:S15:T16,DEAP:S15,T16,0,4.17,1,1,4,6,exposed,baseline_only,validation_familiar,0.1,0.1785482408714989,0.8214517591285011
DEAP:S15:T23,DEAP:S15,T23,0,3.05,1,1,4,6,exposed,baseline_only,validation_familiar,0.1,0.06886703639949099,0.931132963600509
DEAP:S15:T25,DEAP:S15,T25,0,2.96,1,1,4,6,exposed,baseline_only,validation_familiar,0.1,0.049659921895447545,0.9503400781045525
DEAP:S15:T26,DEAP:S15,T26,0,4.96,1,1,4,6,exposed,baseline_only,validation_familiar,0.1,0.11432758505969487,0.8856724149403051
DEAP:S15:T31,DEAP:S15,T31,0,2.99,1,1,4,6,exposed,baseline_only,validation_familiar,0.1,0.10865963765686504,0.891340362343135
DEAP:S15:T33,DEAP:S15,T33,0,3.01,1,1,4,6,exposed,baseline_only,validation_familiar,0.1,0.12173077716313718,0.8782692228368628
DEAP:S15:T34,DEAP:S15,T34,0,3.01,1,1,4,6,exposed,baseline_only,validation_familiar,0.1,0.11875289742938933,0.8812471025706107
DEAP:S15:T35,DEAP:S15,T35,1,5.05,1,1,4,6,exposed,baseline_only,validation_familiar,0.1,0.13196429976593327,0.8680357002340667
DEAP:S15:T39,DEAP:S15,T39,0,4.0,1,1,4,6,exposed,baseline_only,validation_familiar,0.1,0.053484150181745904,0.9465158498182541
DEAP:S15:T40,DEAP:S15,T40,0,4.01,1,1,4,6,exposed,baseline_only,validation_familiar,0.1,0.1670836995437045,0.8329163004562955
DEAP:S24:T01,DEAP:S24,T01,1,7.06,1,1,4,6,exposed,baseline_only,validation_familiar,0.1,0.6485198921375562,0.35148010786244377
DEAP:S24:T03,DEAP:S24,T03,1,8.96,1,1,4,6,exposed,baseline_only,validation_familiar,0.1,0.6598400664359967,0.3401599335640033
DEAP:S24:T06,DEAP:S24,T06,1,5.96,1,1,4,6,exposed,baseline_only,validation_familiar,0.1,0.7419780688472677,0.2580219311527323
DEAP:S24:T08,DEAP:S24,T08,1,7.03,1,1,4,6,exposed,baseline_only,validation_familiar,0.1,0.5707011123110118,0.42929888768898816
DEAP:S24:T11,DEAP:S24,T11,1,7.03,1,1,4,6,exposed,baseline_only,validation_familiar,0.1,0.6880225377364206,0.3119774622635794
DEAP:S24:T12,DEAP:S24,T12,1,7.04,1,1,4,6,exposed,baseline_only,validation_familiar,0.1,0.7181321626571002,0.2818678373428998
DEAP:S24:T16,DEAP:S24,T16,0,4.0,1,1,4,6,exposed,baseline_only,validation_familiar,0.1,0.609146600221994,0.39085339977800604
DEAP:S24:T23,DEAP:S24,T23,0,1.0,1,1,4,6,exposed,baseline_only,validation_familiar,0.1,0.5881507719076936,0.4118492280923064
DEAP:S24:T25,DEAP:S24,T25,0,3.12,1,1,4,6,exposed,baseline_only,validation_familiar,0.1,0.47498055231531755,0.5250194476846824
DEAP:S24:T26,DEAP:S24,T26,0,4.05,1,1,4,6,exposed,baseline_only,validation_familiar,0.1,0.7069460499196654,0.2930539500803347
DEAP:S24:T31,DEAP:S24,T31,0,2.94,1,1,4,6,exposed,baseline_only,validation_familiar,0.1,0.7514689893019514,0.24853101069804864
DEAP:S24:T33,DEAP:S24,T33,1,5.01,1,1,4,6,exposed,baseline_only,validation_familiar,0.1,0.7540962797651587,0.24590372023484125
DEAP:S24:T34,DEAP:S24,T34,0,4.05,1,1,4,6,exposed,baseline_only,validation_familiar,0.1,0.7081031533546489,0.29189684664535104
DEAP:S24:T35,DEAP:S24,T35,0,4.05,1,1,4,6,exposed,baseline_only,validation_familiar,0.1,0.6235586104235359,0.3764413895764641
DEAP:S24:T39,DEAP:S24,T39,0,2.12,1,1,4,6,exposed,baseline_only,validation_familiar,0.1,0.6894716600887408,0.31052833991125917
DEAP:S32:T01,DEAP:S32,T01,1,8.13,1,1,4,6,exposed,baseline_only,validation_familiar,0.1,0.3627129878430223,0.6372870121569777
DEAP:S32:T03,DEAP:S32,T03,1,8.05,1,1,4,6,exposed,baseline_only,validation_familiar,0.1,0.5308513593929773,0.46914864060702266
DEAP:S32:T06,DEAP:S32,T06,1,5.78,1,1,4,6,exposed,baseline_only,validation_familiar,0.1,0.5400784033784407,0.45992159662155935
DEAP:S32:T08,DEAP:S32,T08,1,7.96,1,1,4,6,exposed,baseline_only,validation_familiar,0.1,0.3307830738657922,0.6692169261342078
DEAP:S32:T11,DEAP:S32,T11,1,8.24,1,1,4,6,exposed,baseline_only,validation_familiar,0.1,0.5333876045054158,0.4666123954945843
DEAP:S32:T12,DEAP:S32,T12,1,7.31,1,1,4,6,exposed,baseline_only,validation_familiar,0.1,0.6579807345178978,0.3420192654821021
DEAP:S32:T16,DEAP:S32,T16,0,3.97,1,1,4,6,exposed,baseline_only,validation_familiar,0.1,0.5212733579134756,0.4787266420865244
DEAP:S32:T23,DEAP:S32,T23,0,3.01,1,1,4,6,exposed,baseline_only,validation_familiar,0.1,0.48065953805066874,0.5193404619493313
DEAP:S32:T25,DEAP:S32,T25,0,4.01,1,1,4,6,exposed,baseline_only,validation_familiar,0.1,0.5674666936197292,0.43253330638027077
DEAP:S32:T26,DEAP:S32,T26,1,5.14,1,1,4,6,exposed,baseline_only,validation_familiar,0.1,0.5062660584896824,0.4937339415103176
DEAP:S32:T31,DEAP:S32,T31,0,4.17,1,1,4,6,exposed,baseline_only,validation_familiar,0.1,0.3304166247222743,0.6695833752777257
DEAP:S32:T33,DEAP:S32,T33,0,4.06,1,1,4,6,exposed,baseline_only,validation_familiar,0.1,0.5679433634890894,0.4320566365109107
DEAP:S32:T34,DEAP:S32,T34,0,4.05,1,1,4,6,exposed,baseline_only,validation_familiar,0.1,0.6299568610347175,0.37004313896528246
DEAP:S32:T35,DEAP:S32,T35,0,3.88,1,1,4,6,exposed,baseline_only,validation_familiar,0.1,0.5079656630040132,0.4920343369959868
DEAP:S32:T39,DEAP:S32,T39,0,3.99,1,1,4,6,exposed,baseline_only,validation_familiar,0.1,0.3968335027955203,0.6031664972044797
DEAP:S32:T40,DEAP:S32,T40,1,7.15,1,1,4,6,exposed,baseline_only,validation_familiar,0.1,0.5841621149859786,0.4158378850140214
DEAP:S01:T01,DEAP:S01,T01,1,7.71,1,1,4,6,exposed,baseline_only,train,1.0,0.35060182171492993,0.6493981782850701
DEAP:S01:T03,DEAP:S01,T03,1,8.58,1,1,4,6,exposed,baseline_only,train,1.0,0.41390400163379015,0.5860959983662098
DEAP:S01:T06,DEAP:S01,T06,1,8.27,1,1,4,6,exposed,baseline_only,train,1.0,0.4294667445267628,0.5705332554732372
DEAP:S01:T08,DEAP:S01,T08,1,7.32,1,1,4,6,exposed,baseline_only,train,1.0,0.6016159516510073,0.3983840483489926
DEAP:S01:T11,DEAP:S01,T11,0,2.99,1,1,4,6,exposed,baseline_only,train,1.0,0.5428234985307488,0.45717650146925115
DEAP:S01:T12,DEAP:S01,T12,0,2.71,1,1,4,6,exposed,baseline_only,train,1.0,0.5931261260115468,0.4068738739884532
DEAP:S01:T16,DEAP:S01,T16,1,6.81,1,1,4,6,exposed,baseline_only,train,1.0,0.33807776280875546,0.6619222371912445
DEAP:S01:T23,DEAP:S01,T23,1,8.15,1,1,4,6,exposed,baseline_only,train,1.0,0.8185091681437646,0.18149083185623532
DEAP:S01:T25,DEAP:S01,T25,1,8.86,1,1,4,6,exposed,baseline_only,train,1.0,0.7706962829806931,0.22930371701930688
DEAP:S01:T31,DEAP:S01,T31,0,3.03,1,1,4,6,exposed,baseline_only,train,1.0,0.746722909558132,0.2532770904418679
DEAP:S01:T33,DEAP:S01,T33,0,3.81,1,1,4,6,exposed,baseline_only,train,1.0,0.6737779806242402,0.3262220193757598
DEAP:S01:T34,DEAP:S01,T34,0,2.28,1,1,4,6,exposed,baseline_only,train,1.0,0.6025997012099963,0.3974002987900037
DEAP:S01:T35,DEAP:S01,T35,0,2.06,1,1,4,6,exposed,baseline_only,train,1.0,0.36473981967722535,0.6352601803227746
DEAP:S01:T39,DEAP:S01,T39,0,3.24,1,1,4,6,exposed,baseline_only,train,1.0,0.5360300725611671,0.46396992743883286
DEAP:S01:T40,DEAP:S01,T40,1,5.1,1,1,4,6,exposed,baseline_only,train,1.0,0.37988202402284166,0.6201179759771583
DEAP:S03:T01,DEAP:S03,T01,1,5.33,1,1,4,6,exposed,baseline_only,train,1.0,0.18621731867701674,0.8137826813229833
DEAP:S03:T03,DEAP:S03,T03,1,7.55,1,1,4,6,exposed,baseline_only,train,1.0,0.4408100671228308,0.5591899328771692
DEAP:S03:T06,DEAP:S03,T06,1,6.79,1,1,4,6,exposed,baseline_only,train,1.0,0.6673986338171889,0.33260136618281105
DEAP:S03:T08,DEAP:S03,T08,1,7.14,1,1,4,6,exposed,baseline_only,train,1.0,0.08682846322753746,0.9131715367724625
DEAP:S03:T11,DEAP:S03,T11,1,7.94,1,1,4,6,exposed,baseline_only,train,1.0,0.40758620224725484,0.5924137977527452
DEAP:S03:T12,DEAP:S03,T12,1,6.36,1,1,4,6,exposed,baseline_only,train,1.0,0.4126045338501948,0.5873954661498052
DEAP:S03:T16,DEAP:S03,T16,1,7.15,1,1,4,6,exposed,baseline_only,train,1.0,0.05599142638578869,0.9440085736142113
DEAP:S03:T23,DEAP:S03,T23,0,3.65,1,1,4,6,exposed,baseline_only,train,1.0,0.7715485260922768,0.22845147390772327
DEAP:S03:T31,DEAP:S03,T31,0,4.44,1,1,4,6,exposed,baseline_only,train,1.0,0.20740461394488807,0.7925953860551119
DEAP:S03:T33,DEAP:S03,T33,0,4.05,1,1,4,6,exposed,baseline_only,train,1.0,0.7668540604724554,0.23314593952754462
DEAP:S03:T34,DEAP:S03,T34,0,4.72,1,1,4,6,exposed,baseline_only,train,1.0,0.7340239356646066,0.2659760643353935
DEAP:S03:T35,DEAP:S03,T35,0,3.18,1,1,4,6,exposed,baseline_only,train,1.0,0.6027505507095854,0.39724944929041467
DEAP:S03:T39,DEAP:S03,T39,0,4.33,1,1,4,6,exposed,baseline_only,train,1.0,0.7867251471021651,0.21327485289783488
DEAP:S03:T40,DEAP:S03,T40,1,5.38,1,1,4,6,exposed,baseline_only,train,1.0,0.30201865952276863,0.6979813404772314
DEAP:S04:T01,DEAP:S04,T01,1,6.68,1,1,4,6,exposed,baseline_only,train,1.0,0.3495798780046836,0.6504201219953164
DEAP:S04:T03,DEAP:S04,T03,1,8.95,1,1,4,6,exposed,baseline_only,train,1.0,0.6422602556586483,0.35773974434135175
DEAP:S04:T06,DEAP:S04,T06,1,5.01,1,1,4,6,exposed,baseline_only,train,1.0,0.7965537254997923,0.20344627450020766
DEAP:S04:T12,DEAP:S04,T12,1,5.04,1,1,4,6,exposed,baseline_only,train,1.0,0.5199020283317386,0.48009797166826135
DEAP:S04:T16,DEAP:S04,T16,0,2.51,1,1,4,6,exposed,baseline_only,train,1.0,0.9099841599578151,0.09001584004218492
DEAP:S04:T23,DEAP:S04,T23,0,1.86,1,1,4,6,exposed,baseline_only,train,1.0,0.5421118520006316,0.45788814799936833
DEAP:S04:T26,DEAP:S04,T26,1,6.0,1,1,4,6,exposed,baseline_only,train,1.0,0.86346596405696,0.13653403594304006
DEAP:S04:T31,DEAP:S04,T31,0,2.01,1,1,4,6,exposed,baseline_only,train,1.0,0.5148061645458646,0.4851938354541354
DEAP:S04:T33,DEAP:S04,T33,0,1.0,1,1,4,6,exposed,baseline_only,train,1.0,0.8848901368133897,0.11510986318661034
DEAP:S04:T34,DEAP:S04,T34,0,2.17,1,1,4,6,exposed,baseline_only,train,1.0,0.845547147023079,0.15445285297692102
DEAP:S04:T35,DEAP:S04,T35,0,2.03,1,1,4,6,exposed,baseline_only,train,1.0,0.7799938224922748,0.2200061775077252
DEAP:S04:T39,DEAP:S04,T39,0,1.92,1,1,4,6,exposed,baseline_only,train,1.0,0.5931681641850819,0.40683183581491816
DEAP:S04:T40,DEAP:S04,T40,0,1.86,1,1,4,6,exposed,baseline_only,train,1.0,0.8756010518998587,0.12439894810014124
DEAP:S07:T01,DEAP:S07,T01,1,8.1,1,1,4,6,exposed,baseline_only,train,1.0,0.015557647295300403,0.9844423527046996
DEAP:S07:T03,DEAP:S07,T03,1,7.1,1,1,4,6,exposed,baseline_only,train,1.0,0.38555577000616725,0.6144442299938327
DEAP:S07:T06,DEAP:S07,T06,1,6.97,1,1,4,6,exposed,baseline_only,train,1.0,0.19111141716994318,0.8088885828300568
DEAP:S07:T08,DEAP:S07,T08,1,7.0,1,1,4,6,exposed,baseline_only,train,1.0,0.15704169361728726,0.8429583063827127
DEAP:S07:T11,DEAP:S07,T11,1,7.03,1,1,4,6,exposed,baseline_only,train,1.0,0.469903852437628,0.530096147562372
DEAP:S07:T12,DEAP:S07,T12,1,6.99,1,1,4,6,exposed,baseline_only,train,1.0,0.2186137255216164,0.7813862744783836
DEAP:S07:T16,DEAP:S07,T16,0,3.03,1,1,4,6,exposed,baseline_only,train,1.0,0.3432544416641393,0.6567455583358607
DEAP:S07:T23,DEAP:S07,T23,0,3.01,1,1,4,6,exposed,baseline_only,train,1.0,0.41834268901612015,0.5816573109838798
DEAP:S07:T26,DEAP:S07,T26,0,2.0,1,1,4,6,exposed,baseline_only,train,1.0,0.6989011031172983,0.3010988968827017
DEAP:S07:T31,DEAP:S07,T31,1,6.96,1,1,4,6,exposed,baseline_only,train,1.0,0.6133773029908667,0.3866226970091333
DEAP:S07:T33,DEAP:S07,T33,0,4.97,1,1,4,6,exposed,baseline_only,train,1.0,0.6632347032271365,0.3367652967728635
DEAP:S07:T35,DEAP:S07,T35,1,5.01,1,1,4,6,exposed,baseline_only,train,1.0,0.3745231569598102,0.6254768430401898
DEAP:S07:T39,DEAP:S07,T39,1,7.01,1,1,4,6,exposed,baseline_only,train,1.0,0.311315785935276,0.688684214064724
DEAP:S07:T40,DEAP:S07,T40,1,7.01,1,1,4,6,exposed,baseline_only,train,1.0,0.2501472246321832,0.7498527753678168
DEAP:S08:T01,DEAP:S08,T01,1,7.6,1,1,4,6,exposed,baseline_only,train,1.0,0.4207555563557098,0.5792444436442902
DEAP:S08:T03,DEAP:S08,T03,1,8.15,1,1,4,6,exposed,baseline_only,train,1.0,0.637651697674799,0.36234830232520093
DEAP:S08:T06,DEAP:S08,T06,1,7.4,1,1,4,6,exposed,baseline_only,train,1.0,0.20837971388314958,0.7916202861168504
DEAP:S08:T08,DEAP:S08,T08,1,8.82,1,1,4,6,exposed,baseline_only,train,1.0,0.48378836212364806,0.5162116378763519
DEAP:S08:T11,DEAP:S08,T11,1,8.41,1,1,4,6,exposed,baseline_only,train,1.0,0.23509765339770772,0.7649023466022923
DEAP:S08:T12,DEAP:S08,T12,1,8.47,1,1,4,6,exposed,baseline_only,train,1.0,0.3509339980171948,0.6490660019828052
DEAP:S08:T16,DEAP:S08,T16,0,4.21,1,1,4,6,exposed,baseline_only,train,1.0,0.502148123453752,0.49785187654624796
DEAP:S08:T25,DEAP:S08,T25,0,3.72,1,1,4,6,exposed,baseline_only,train,1.0,0.713945832980311,0.286054167019689
DEAP:S08:T31,DEAP:S08,T31,0,1.45,1,1,4,6,exposed,baseline_only,train,1.0,0.6588285734937873,0.3411714265062126
DEAP:S08:T33,DEAP:S08,T33,0,4.44,1,1,4,6,exposed,baseline_only,train,1.0,0.7540236024856359,0.2459763975143641
DEAP:S08:T34,DEAP:S08,T34,1,5.05,1,1,4,6,exposed,baseline_only,train,1.0,0.720300865136426,0.279699134863574
DEAP:S08:T35,DEAP:S08,T35,0,3.62,1,1,4,6,exposed,baseline_only,train,1.0,0.4027946092888043,0.5972053907111957
DEAP:S08:T39,DEAP:S08,T39,1,5.05,1,1,4,6,exposed,baseline_only,train,1.0,0.09403523607938546,0.9059647639206145
DEAP:S08:T40,DEAP:S08,T40,0,3.13,1,1,4,6,exposed,baseline_only,train,1.0,0.5998245975521492,0.40017540244785077
DEAP:S09:T01,DEAP:S09,T01,1,5.05,1,1,4,6,exposed,baseline_only,train,1.0,0.1785424774168881,0.8214575225831119
DEAP:S09:T03,DEAP:S09,T03,1,7.08,1,1,4,6,exposed,baseline_only,train,1.0,0.37984526120102224,0.6201547387989778
DEAP:S09:T06,DEAP:S09,T06,1,7.04,1,1,4,6,exposed,baseline_only,train,1.0,0.6173286607318189,0.3826713392681811
DEAP:S09:T08,DEAP:S09,T08,1,6.15,1,1,4,6,exposed,baseline_only,train,1.0,0.20655440026593863,0.7934455997340614
DEAP:S09:T11,DEAP:S09,T11,1,7.12,1,1,4,6,exposed,baseline_only,train,1.0,0.528904709868514,0.47109529013148593
DEAP:S09:T12,DEAP:S09,T12,1,7.08,1,1,4,6,exposed,baseline_only,train,1.0,0.2712750717386747,0.7287249282613253
DEAP:S09:T16,DEAP:S09,T16,0,4.05,1,1,4,6,exposed,baseline_only,train,1.0,0.5397055620174978,0.4602944379825022
DEAP:S09:T25,DEAP:S09,T25,1,5.04,1,1,4,6,exposed,baseline_only,train,1.0,0.47312680106787053,0.5268731989321295
DEAP:S09:T26,DEAP:S09,T26,0,4.1,1,1,4,6,exposed,baseline_only,train,1.0,0.71914780665284,0.28085219334716005
DEAP:S09:T31,DEAP:S09,T31,1,6.06,1,1,4,6,exposed,baseline_only,train,1.0,0.43412473634528925,0.5658752636547107
DEAP:S09:T33,DEAP:S09,T33,0,3.08,1,1,4,6,exposed,baseline_only,train,1.0,0.46131248240052436,0.5386875175994756
DEAP:S09:T34,DEAP:S09,T34,1,5.06,1,1,4,6,exposed,baseline_only,train,1.0,0.23712924321678686,0.7628707567832131
DEAP:S09:T35,DEAP:S09,T35,0,3.01,1,1,4,6,exposed,baseline_only,train,1.0,0.25532854013611694,0.7446714598638831
DEAP:S09:T39,DEAP:S09,T39,0,3.17,1,1,4,6,exposed,baseline_only,train,1.0,0.604633857536238,0.39536614246376195
DEAP:S09:T40,DEAP:S09,T40,1,5.04,1,1,4,6,exposed,baseline_only,train,1.0,0.2186094839017173,0.7813905160982827
DEAP:S10:T01,DEAP:S10,T01,1,7.91,1,1,4,6,exposed,baseline_only,train,1.0,0.2240130719523742,0.7759869280476258
DEAP:S10:T03,DEAP:S10,T03,1,5.86,1,1,4,6,exposed,baseline_only,train,1.0,0.08274788339667982,0.9172521166033202
DEAP:S10:T06,DEAP:S10,T06,1,7.1,1,1,4,6,exposed,baseline_only,train,1.0,0.7343965076354863,0.26560349236451375
DEAP:S10:T08,DEAP:S10,T08,1,5.68,1,1,4,6,exposed,baseline_only,train,1.0,0.17602760787939487,0.8239723921206051
DEAP:S10:T11,DEAP:S10,T11,1,8.99,1,1,4,6,exposed,baseline_only,train,1.0,0.2845091411736068,0.7154908588263932
DEAP:S10:T12,DEAP:S10,T12,1,5.37,1,1,4,6,exposed,baseline_only,train,1.0,0.18083906335454514,0.8191609366454549
DEAP:S10:T16,DEAP:S10,T16,0,3.85,1,1,4,6,exposed,baseline_only,train,1.0,0.4123064388032679,0.5876935611967321
DEAP:S10:T23,DEAP:S10,T23,0,2.87,1,1,4,6,exposed,baseline_only,train,1.0,0.5536304207951337,0.44636957920486625
DEAP:S10:T25,DEAP:S10,T25,0,1.92,1,1,4,6,exposed,baseline_only,train,1.0,0.7562023419672319,0.24379765803276815
DEAP:S10:T31,DEAP:S10,T31,0,4.15,1,1,4,6,exposed,baseline_only,train,1.0,0.6555419923119878,0.3444580076880122
DEAP:S10:T33,DEAP:S10,T33,0,4.94,1,1,4,6,exposed,baseline_only,train,1.0,0.9406244801801136,0.0593755198198864
DEAP:S10:T35,DEAP:S10,T35,0,1.38,1,1,4,6,exposed,baseline_only,train,1.0,0.6811045849967805,0.31889541500321955
DEAP:S10:T40,DEAP:S10,T40,1,5.78,1,1,4,6,exposed,baseline_only,train,1.0,0.7910681385844655,0.20893186141553455
DEAP:S11:T01,DEAP:S11,T01,1,6.27,1,1,4,6,exposed,baseline_only,train,1.0,0.5373187785606399,0.46268122143936
DEAP:S11:T03,DEAP:S11,T03,1,7.41,1,1,4,6,exposed,baseline_only,train,1.0,0.35401570222630585,0.6459842977736941
DEAP:S11:T06,DEAP:S11,T06,1,5.32,1,1,4,6,exposed,baseline_only,train,1.0,0.511090730538976,0.488909269461024
DEAP:S11:T08,DEAP:S11,T08,1,6.26,1,1,4,6,exposed,baseline_only,train,1.0,0.5314001738395135,0.4685998261604864
DEAP:S11:T11,DEAP:S11,T11,1,7.32,1,1,4,6,exposed,baseline_only,train,1.0,0.489283359837109,0.510716640162891
DEAP:S11:T12,DEAP:S11,T12,1,5.04,1,1,4,6,exposed,baseline_only,train,1.0,0.44154375571203297,0.558456244287967
DEAP:S11:T16,DEAP:S11,T16,0,4.35,1,1,4,6,exposed,baseline_only,train,1.0,0.7725476757803491,0.22745232421965084
DEAP:S11:T23,DEAP:S11,T23,0,3.72,1,1,4,6,exposed,baseline_only,train,1.0,0.46366246658340493,0.5363375334165951
DEAP:S11:T25,DEAP:S11,T25,1,5.01,1,1,4,6,exposed,baseline_only,train,1.0,0.31779275603148216,0.6822072439685178
DEAP:S11:T26,DEAP:S11,T26,1,5.49,1,1,4,6,exposed,baseline_only,train,1.0,0.2516935937434418,0.7483064062565582
DEAP:S11:T31,DEAP:S11,T31,0,1.83,1,1,4,6,exposed,baseline_only,train,1.0,0.4536479124640307,0.5463520875359693
DEAP:S11:T33,DEAP:S11,T33,1,5.64,1,1,4,6,exposed,baseline_only,train,1.0,0.5013139100833772,0.4986860899166227
DEAP:S11:T34,DEAP:S11,T34,0,4.88,1,1,4,6,exposed,baseline_only,train,1.0,0.553096993648868,0.446903006351132
DEAP:S11:T35,DEAP:S11,T35,0,1.23,1,1,4,6,exposed,baseline_only,train,1.0,0.5492150187175133,0.45078498128248673
DEAP:S11:T39,DEAP:S11,T39,0,1.0,1,1,4,6,exposed,baseline_only,train,1.0,0.861031702810266,0.13896829718973405
DEAP:S11:T40,DEAP:S11,T40,0,4.95,1,1,4,6,exposed,baseline_only,train,1.0,0.41725775011125854,0.5827422498887415
DEAP:S12:T01,DEAP:S12,T01,1,7.09,1,1,4,6,exposed,baseline_only,train,1.0,0.21084926746245358,0.7891507325375464
DEAP:S12:T03,DEAP:S12,T03,1,7.33,1,1,4,6,exposed,baseline_only,train,1.0,0.6813035200555284,0.3186964799444716
DEAP:S12:T06,DEAP:S12,T06,1,6.65,1,1,4,6,exposed,baseline_only,train,1.0,0.31302825554324765,0.6869717444567524
DEAP:S12:T08,DEAP:S12,T08,1,5.1,1,1,4,6,exposed,baseline_only,train,1.0,0.44185802810915475,0.5581419718908452
DEAP:S12:T11,DEAP:S12,T11,1,7.78,1,1,4,6,exposed,baseline_only,train,1.0,0.6262461449356016,0.37375385506439845
DEAP:S12:T12,DEAP:S12,T12,1,6.86,1,1,4,6,exposed,baseline_only,train,1.0,0.4741447635924495,0.5258552364075505
DEAP:S12:T16,DEAP:S12,T16,1,5.04,1,1,4,6,exposed,baseline_only,train,1.0,0.45703506231624114,0.5429649376837589
DEAP:S12:T23,DEAP:S12,T23,0,1.74,1,1,4,6,exposed,baseline_only,train,1.0,0.4278758625893403,0.5721241374106597
DEAP:S12:T25,DEAP:S12,T25,0,2.78,1,1,4,6,exposed,baseline_only,train,1.0,0.641062376528397,0.35893762347160296
DEAP:S12:T26,DEAP:S12,T26,1,6.08,1,1,4,6,exposed,baseline_only,train,1.0,0.20065239838560478,0.7993476016143952
DEAP:S12:T31,DEAP:S12,T31,0,3.18,1,1,4,6,exposed,baseline_only,train,1.0,0.5941558577054004,0.40584414229459964
DEAP:S12:T33,DEAP:S12,T33,0,1.9,1,1,4,6,exposed,baseline_only,train,1.0,0.4573831149940837,0.5426168850059163
DEAP:S12:T35,DEAP:S12,T35,0,1.22,1,1,4,6,exposed,baseline_only,train,1.0,0.5676899892167306,0.43231001078326936
DEAP:S12:T39,DEAP:S12,T39,0,3.18,1,1,4,6,exposed,baseline_only,train,1.0,0.5670365228083184,0.4329634771916816
DEAP:S12:T40,DEAP:S12,T40,1,6.81,1,1,4,6,exposed,baseline_only,train,1.0,0.4667106908953146,0.5332893091046854
DEAP:S14:T01,DEAP:S14,T01,1,8.22,1,1,4,6,exposed,baseline_only,train,1.0,0.20867006621011686,0.7913299337898831
DEAP:S14:T03,DEAP:S14,T03,1,7.5,1,1,4,6,exposed,baseline_only,train,1.0,0.49044019297816155,0.5095598070218385
DEAP:S14:T06,DEAP:S14,T06,1,7.19,1,1,4,6,exposed,baseline_only,train,1.0,0.20977743761111,0.79022256238889
DEAP:S14:T08,DEAP:S14,T08,1,7.0,1,1,4,6,exposed,baseline_only,train,1.0,0.27627435797496214,0.7237256420250379
DEAP:S14:T11,DEAP:S14,T11,1,8.03,1,1,4,6,exposed,baseline_only,train,1.0,0.4203633467504,0.5796366532496
DEAP:S14:T12,DEAP:S14,T12,1,7.63,1,1,4,6,exposed,baseline_only,train,1.0,0.3365184387305479,0.6634815612694521
DEAP:S14:T16,DEAP:S14,T16,0,3.96,1,1,4,6,exposed,baseline_only,train,1.0,0.7318270048813569,0.26817299511864306
DEAP:S14:T25,DEAP:S14,T25,0,3.87,1,1,4,6,exposed,baseline_only,train,1.0,0.69443267606363,0.30556732393637
DEAP:S14:T26,DEAP:S14,T26,0,3.28,1,1,4,6,exposed,baseline_only,train,1.0,0.5666829837189193,0.4333170162810807
DEAP:S14:T31,DEAP:S14,T31,0,3.26,1,1,4,6,exposed,baseline_only,train,1.0,0.8100607553905748,0.18993924460942518
DEAP:S14:T34,DEAP:S14,T34,0,2.5,1,1,4,6,exposed,baseline_only,train,1.0,0.5478266023707639,0.45217339762923614
DEAP:S14:T35,DEAP:S14,T35,0,2.68,1,1,4,6,exposed,baseline_only,train,1.0,0.7581222727167192,0.24187772728328077
DEAP:S14:T39,DEAP:S14,T39,1,6.65,1,1,4,6,exposed,baseline_only,train,1.0,0.4415616279145542,0.5584383720854458
DEAP:S14:T40,DEAP:S14,T40,1,6.68,1,1,4,6,exposed,baseline_only,train,1.0,0.3816619862816738,0.6183380137183262
DEAP:S16:T01,DEAP:S16,T01,0,2.51,1,1,4,6,exposed,baseline_only,train,1.0,0.977099948357452,0.022900051642548082
DEAP:S16:T03,DEAP:S16,T03,1,6.74,1,1,4,6,exposed,baseline_only,train,1.0,0.7375659103067911,0.26243408969320886
DEAP:S16:T11,DEAP:S16,T11,1,7.27,1,1,4,6,exposed,baseline_only,train,1.0,0.5605518056763619,0.4394481943236382
DEAP:S16:T12,DEAP:S16,T12,1,5.97,1,1,4,6,exposed,baseline_only,train,1.0,0.2567146915826538,0.7432853084173462
DEAP:S16:T23,DEAP:S16,T23,0,3.9,1,1,4,6,exposed,baseline_only,train,1.0,0.6250917777344476,0.3749082222655524
DEAP:S16:T25,DEAP:S16,T25,0,2.47,1,1,4,6,exposed,baseline_only,train,1.0,0.7602094164605733,0.23979058353942675
DEAP:S16:T26,DEAP:S16,T26,0,1.82,1,1,4,6,exposed,baseline_only,train,1.0,0.731694152666584,0.268305847333416
DEAP:S16:T31,DEAP:S16,T31,0,3.88,1,1,4,6,exposed,baseline_only,train,1.0,0.5764148461500642,0.42358515384993584
DEAP:S16:T33,DEAP:S16,T33,0,1.0,1,1,4,6,exposed,baseline_only,train,1.0,0.9032721545506189,0.09672784544938111
DEAP:S16:T34,DEAP:S16,T34,0,1.0,1,1,4,6,exposed,baseline_only,train,1.0,0.9217715139707311,0.07822848602926886
DEAP:S16:T39,DEAP:S16,T39,1,6.13,1,1,4,6,exposed,baseline_only,train,1.0,0.617678368883116,0.38232163111688405
DEAP:S16:T40,DEAP:S16,T40,0,3.74,1,1,4,6,exposed,baseline_only,train,1.0,0.9113318395227247,0.08866816047727534
DEAP:S17:T01,DEAP:S17,T01,0,4.05,1,1,4,6,exposed,baseline_only,train,1.0,0.6278900059563925,0.3721099940436074
DEAP:S17:T03,DEAP:S17,T03,1,6.46,1,1,4,6,exposed,baseline_only,train,1.0,0.3034196743213593,0.6965803256786407
DEAP:S17:T06,DEAP:S17,T06,1,6.9,1,1,4,6,exposed,baseline_only,train,1.0,0.35300450186723664,0.6469954981327634
DEAP:S17:T08,DEAP:S17,T08,1,6.05,1,1,4,6,exposed,baseline_only,train,1.0,0.33226236820903754,0.6677376317909625
DEAP:S17:T11,DEAP:S17,T11,1,6.03,1,1,4,6,exposed,baseline_only,train,1.0,0.37383541054012503,0.626164589459875
DEAP:S17:T12,DEAP:S17,T12,1,5.96,1,1,4,6,exposed,baseline_only,train,1.0,0.2902719324932278,0.7097280675067722
DEAP:S17:T16,DEAP:S17,T16,1,5.92,1,1,4,6,exposed,baseline_only,train,1.0,0.45676938483809104,0.543230615161909
DEAP:S17:T23,DEAP:S17,T23,0,3.62,1,1,4,6,exposed,baseline_only,train,1.0,0.6091618351409605,0.3908381648590395
DEAP:S17:T25,DEAP:S17,T25,1,6.18,1,1,4,6,exposed,baseline_only,train,1.0,0.18706600665463613,0.8129339933453639
DEAP:S17:T26,DEAP:S17,T26,0,3.73,1,1,4,6,exposed,baseline_only,train,1.0,0.46928293205650706,0.5307170679434929
DEAP:S17:T33,DEAP:S17,T33,0,3.83,1,1,4,6,exposed,baseline_only,train,1.0,0.5922937413376271,0.40770625866237287
DEAP:S17:T34,DEAP:S17,T34,0,4.99,1,1,4,6,exposed,baseline_only,train,1.0,0.5295655599780819,0.47043444002191814
DEAP:S17:T35,DEAP:S17,T35,0,4.17,1,1,4,6,exposed,baseline_only,train,1.0,0.6492159082754775,0.3507840917245225
DEAP:S17:T39,DEAP:S17,T39,1,7.1,1,1,4,6,exposed,baseline_only,train,1.0,0.5558805109804958,0.44411948901950415
DEAP:S17:T40,DEAP:S17,T40,1,5.04,1,1,4,6,exposed,baseline_only,train,1.0,0.525600415552849,0.474399584447151
DEAP:S18:T01,DEAP:S18,T01,1,6.33,1,1,4,6,exposed,baseline_only,train,1.0,0.39300601590383955,0.6069939840961605
DEAP:S18:T03,DEAP:S18,T03,1,6.36,1,1,4,6,exposed,baseline_only,train,1.0,0.5714285936496061,0.4285714063503939
DEAP:S18:T06,DEAP:S18,T06,1,6.51,1,1,4,6,exposed,baseline_only,train,1.0,0.1098962577558058,0.8901037422441942
DEAP:S18:T11,DEAP:S18,T11,1,6.24,1,1,4,6,exposed,baseline_only,train,1.0,0.3850833085599835,0.6149166914400165
DEAP:S18:T12,DEAP:S18,T12,1,5.55,1,1,4,6,exposed,baseline_only,train,1.0,0.42654565679657785,0.5734543432034221
DEAP:S18:T16,DEAP:S18,T16,0,4.38,1,1,4,6,exposed,baseline_only,train,1.0,0.7579247083123486,0.24207529168765143
DEAP:S18:T23,DEAP:S18,T23,0,3.71,1,1,4,6,exposed,baseline_only,train,1.0,0.8281179926998538,0.17188200730014627
DEAP:S18:T25,DEAP:S18,T25,0,4.23,1,1,4,6,exposed,baseline_only,train,1.0,0.39202568228220436,0.6079743177177956
DEAP:S18:T26,DEAP:S18,T26,1,5.44,1,1,4,6,exposed,baseline_only,train,1.0,0.3753001779595654,0.6246998220404346
DEAP:S18:T34,DEAP:S18,T34,0,4.15,1,1,4,6,exposed,baseline_only,train,1.0,0.6503668525786237,0.3496331474213763
DEAP:S18:T35,DEAP:S18,T35,1,5.12,1,1,4,6,exposed,baseline_only,train,1.0,0.39579439876413436,0.6042056012358656
DEAP:S18:T39,DEAP:S18,T39,0,4.06,1,1,4,6,exposed,baseline_only,train,1.0,0.39048230363015746,0.6095176963698425
DEAP:S20:T01,DEAP:S20,T01,1,5.76,1,1,4,6,exposed,baseline_only,train,1.0,0.6696319875772028,0.33036801242279723
DEAP:S20:T03,DEAP:S20,T03,1,7.18,1,1,4,6,exposed,baseline_only,train,1.0,0.15677790442074335,0.8432220955792566
DEAP:S20:T06,DEAP:S20,T06,1,7.62,1,1,4,6,exposed,baseline_only,train,1.0,0.5067246465797406,0.49327535342025935
DEAP:S20:T08,DEAP:S20,T08,1,7.63,1,1,4,6,exposed,baseline_only,train,1.0,0.20228432831768417,0.7977156716823158
DEAP:S20:T11,DEAP:S20,T11,1,8.18,1,1,4,6,exposed,baseline_only,train,1.0,0.5554693550515166,0.4445306449484833
DEAP:S20:T12,DEAP:S20,T12,1,7.64,1,1,4,6,exposed,baseline_only,train,1.0,0.1930446174704259,0.8069553825295741
DEAP:S20:T16,DEAP:S20,T16,1,5.03,1,1,4,6,exposed,baseline_only,train,1.0,0.650433219088149,0.34956678091185106
DEAP:S20:T23,DEAP:S20,T23,0,2.82,1,1,4,6,exposed,baseline_only,train,1.0,0.8589926572970041,0.14100734270299592
DEAP:S20:T26,DEAP:S20,T26,0,4.31,1,1,4,6,exposed,baseline_only,train,1.0,0.6897397878685279,0.3102602121314722
DEAP:S20:T31,DEAP:S20,T31,0,4.46,1,1,4,6,exposed,baseline_only,train,1.0,0.6174133467840955,0.38258665321590446
DEAP:S20:T33,DEAP:S20,T33,0,4.64,1,1,4,6,exposed,baseline_only,train,1.0,0.6512990483062427,0.34870095169375726
DEAP:S20:T34,DEAP:S20,T34,0,4.74,1,1,4,6,exposed,baseline_only,train,1.0,0.8127146766026732,0.18728532339732684
DEAP:S20:T35,DEAP:S20,T35,0,4.35,1,1,4,6,exposed,baseline_only,train,1.0,0.7011718871503794,0.2988281128496206
DEAP:S20:T40,DEAP:S20,T40,0,4.94,1,1,4,6,exposed,baseline_only,train,1.0,0.45979489823871245,0.5402051017612876
DEAP:S21:T01,DEAP:S21,T01,1,6.42,1,1,4,6,exposed,baseline_only,train,1.0,0.36518122860119717,0.6348187713988028
DEAP:S21:T06,DEAP:S21,T06,1,7.92,1,1,4,6,exposed,baseline_only,train,1.0,0.5651947486575947,0.43480525134240533
DEAP:S21:T08,DEAP:S21,T08,1,8.81,1,1,4,6,exposed,baseline_only,train,1.0,0.1825247333575316,0.8174752666424684
DEAP:S21:T11,DEAP:S21,T11,1,7.05,1,1,4,6,exposed,baseline_only,train,1.0,0.42419551797619737,0.5758044820238026
DEAP:S21:T12,DEAP:S21,T12,0,4.63,1,1,4,6,exposed,baseline_only,train,1.0,0.5037148217738808,0.4962851782261192
DEAP:S21:T16,DEAP:S21,T16,1,5.99,1,1,4,6,exposed,baseline_only,train,1.0,0.7682386879750385,0.23176131202496156
DEAP:S21:T23,DEAP:S21,T23,0,4.69,1,1,4,6,exposed,baseline_only,train,1.0,0.5789325099782714,0.42106749002172866
DEAP:S21:T26,DEAP:S21,T26,0,4.06,1,1,4,6,exposed,baseline_only,train,1.0,0.6709816714401231,0.32901832855987695
DEAP:S21:T31,DEAP:S21,T31,1,5.04,1,1,4,6,exposed,baseline_only,train,1.0,0.4515151511462937,0.5484848488537063
DEAP:S21:T33,DEAP:S21,T33,1,7.03,1,1,4,6,exposed,baseline_only,train,1.0,0.5511376691987803,0.44886233080121973
DEAP:S21:T34,DEAP:S21,T34,0,4.06,1,1,4,6,exposed,baseline_only,train,1.0,0.6637280774470325,0.33627192255296745
DEAP:S21:T35,DEAP:S21,T35,0,4.92,1,1,4,6,exposed,baseline_only,train,1.0,0.6635433116628997,0.33645668833710024
DEAP:S21:T39,DEAP:S21,T39,1,6.09,1,1,4,6,exposed,baseline_only,train,1.0,0.4254317049959204,0.5745682950040796
DEAP:S21:T40,DEAP:S21,T40,0,3.99,1,1,4,6,exposed,baseline_only,train,1.0,0.5527354201022073,0.44726457989779267
DEAP:S22:T01,DEAP:S22,T01,1,5.05,1,1,4,6,exposed,baseline_only,train,1.0,0.7310243755025452,0.2689756244974549
DEAP:S22:T03,DEAP:S22,T03,1,7.05,1,1,4,6,exposed,baseline_only,train,1.0,0.1819164822858106,0.8180835177141894
DEAP:S22:T06,DEAP:S22,T06,0,4.97,1,1,4,6,exposed,baseline_only,train,1.0,0.7515163997928573,0.24848360020714264
DEAP:S22:T08,DEAP:S22,T08,1,7.09,1,1,4,6,exposed,baseline_only,train,1.0,0.619733899990929,0.38026610000907096
DEAP:S22:T11,DEAP:S22,T11,1,8.05,1,1,4,6,exposed,baseline_only,train,1.0,0.26615671083140946,0.7338432891685905
DEAP:S22:T12,DEAP:S22,T12,0,4.99,1,1,4,6,exposed,baseline_only,train,1.0,0.7762842360264213,0.22371576397357867
DEAP:S22:T16,DEAP:S22,T16,1,6.06,1,1,4,6,exposed,baseline_only,train,1.0,0.31948733178990196,0.680512668210098
DEAP:S22:T23,DEAP:S22,T23,0,2.99,1,1,4,6,exposed,baseline_only,train,1.0,0.8189859920517395,0.1810140079482605
DEAP:S22:T31,DEAP:S22,T31,0,2.01,1,1,4,6,exposed,baseline_only,train,1.0,0.5993909808855546,0.4006090191144453
DEAP:S22:T33,DEAP:S22,T33,0,1.96,1,1,4,6,exposed,baseline_only,train,1.0,0.7171404798089827,0.2828595201910173
DEAP:S22:T34,DEAP:S22,T34,1,5.04,1,1,4,6,exposed,baseline_only,train,1.0,0.7881034779535838,0.21189652204641612
DEAP:S22:T39,DEAP:S22,T39,0,1.0,1,1,4,6,exposed,baseline_only,train,1.0,0.5407511996661034,0.45924880033389665
DEAP:S22:T40,DEAP:S22,T40,0,2.97,1,1,4,6,exposed,baseline_only,train,1.0,0.7798086444799617,0.2201913555200383
DEAP:S23:T01,DEAP:S23,T01,1,7.71,1,1,4,6,exposed,baseline_only,train,1.0,0.20546710893143638,0.7945328910685636
DEAP:S23:T03,DEAP:S23,T03,1,7.09,1,1,4,6,exposed,baseline_only,train,1.0,0.15910894189955993,0.8408910581004401
DEAP:S23:T06,DEAP:S23,T06,1,5.09,1,1,4,6,exposed,baseline_only,train,1.0,0.13768810343066873,0.8623118965693313
DEAP:S23:T08,DEAP:S23,T08,1,7.23,1,1,4,6,exposed,baseline_only,train,1.0,0.19965047707525363,0.8003495229247464
DEAP:S23:T11,DEAP:S23,T11,1,7.0,1,1,4,6,exposed,baseline_only,train,1.0,0.1598523201159815,0.8401476798840185
DEAP:S23:T12,DEAP:S23,T12,1,7.0,1,1,4,6,exposed,baseline_only,train,1.0,0.6470730233850582,0.35292697661494177
DEAP:S23:T16,DEAP:S23,T16,1,5.15,1,1,4,6,exposed,baseline_only,train,1.0,0.028188860345043865,0.9718111396549561
DEAP:S23:T23,DEAP:S23,T23,0,4.17,1,1,4,6,exposed,baseline_only,train,1.0,0.7486421678294457,0.25135783217055435
DEAP:S23:T25,DEAP:S23,T25,0,4.97,1,1,4,6,exposed,baseline_only,train,1.0,0.41312694343376233,0.5868730565662377
DEAP:S23:T26,DEAP:S23,T26,1,8.27,1,1,4,6,exposed,baseline_only,train,1.0,0.6099426093746132,0.39005739062538675
DEAP:S23:T31,DEAP:S23,T31,0,4.86,1,1,4,6,exposed,baseline_only,train,1.0,0.7554694334394948,0.24453056656050517
DEAP:S23:T33,DEAP:S23,T33,1,5.04,1,1,4,6,exposed,baseline_only,train,1.0,0.29209028955152105,0.707909710448479
DEAP:S23:T34,DEAP:S23,T34,1,6.72,1,1,4,6,exposed,baseline_only,train,1.0,0.15603940319941179,0.8439605968005882
DEAP:S23:T35,DEAP:S23,T35,1,5.18,1,1,4,6,exposed,baseline_only,train,1.0,0.28292676815441753,0.7170732318455825
DEAP:S23:T40,DEAP:S23,T40,0,4.88,1,1,4,6,exposed,baseline_only,train,1.0,0.4369538503518151,0.5630461496481849
DEAP:S25:T01,DEAP:S25,T01,1,8.06,1,1,4,6,exposed,baseline_only,train,1.0,0.42091658290622036,0.5790834170937796
DEAP:S25:T03,DEAP:S25,T03,1,7.12,1,1,4,6,exposed,baseline_only,train,1.0,0.7128650788424924,0.28713492115750755
DEAP:S25:T08,DEAP:S25,T08,1,8.04,1,1,4,6,exposed,baseline_only,train,1.0,0.36625094712209805,0.633749052877902
DEAP:S25:T11,DEAP:S25,T11,1,9.0,1,1,4,6,exposed,baseline_only,train,1.0,0.7242361529016661,0.2757638470983339
DEAP:S25:T12,DEAP:S25,T12,1,8.04,1,1,4,6,exposed,baseline_only,train,1.0,0.4019888511203259,0.5980111488796741
DEAP:S25:T16,DEAP:S25,T16,1,6.05,1,1,4,6,exposed,baseline_only,train,1.0,0.528700372549035,0.471299627450965
DEAP:S25:T23,DEAP:S25,T23,0,2.01,1,1,4,6,exposed,baseline_only,train,1.0,0.9205635223982124,0.07943647760178764
DEAP:S25:T26,DEAP:S25,T26,0,4.99,1,1,4,6,exposed,baseline_only,train,1.0,0.39690148473947495,0.603098515260525
DEAP:S25:T31,DEAP:S25,T31,0,1.01,1,1,4,6,exposed,baseline_only,train,1.0,0.5826243876634218,0.41737561233657816
DEAP:S25:T33,DEAP:S25,T33,0,1.94,1,1,4,6,exposed,baseline_only,train,1.0,0.781353600136214,0.21864639986378598
DEAP:S25:T34,DEAP:S25,T34,0,4.95,1,1,4,6,exposed,baseline_only,train,1.0,0.44496532676919975,0.5550346732308002
DEAP:S25:T39,DEAP:S25,T39,0,1.0,1,1,4,6,exposed,baseline_only,train,1.0,0.5646819959527838,0.43531800404721616
DEAP:S25:T40,DEAP:S25,T40,0,1.0,1,1,4,6,exposed,baseline_only,train,1.0,0.6725562729964831,0.3274437270035169
DEAP:S26:T01,DEAP:S26,T01,1,7.97,1,1,4,6,exposed,baseline_only,train,1.0,0.1887276762337179,0.8112723237662821
DEAP:S26:T03,DEAP:S26,T03,1,9.0,1,1,4,6,exposed,baseline_only,train,1.0,0.4609215494588068,0.5390784505411932
DEAP:S26:T06,DEAP:S26,T06,1,8.09,1,1,4,6,exposed,baseline_only,train,1.0,0.4970235225721398,0.5029764774278602
DEAP:S26:T08,DEAP:S26,T08,1,8.01,1,1,4,6,exposed,baseline_only,train,1.0,0.4531698931288768,0.5468301068711232
DEAP:S26:T11,DEAP:S26,T11,1,8.04,1,1,4,6,exposed,baseline_only,train,1.0,0.46672924252984993,0.5332707574701501
DEAP:S26:T12,DEAP:S26,T12,1,7.04,1,1,4,6,exposed,baseline_only,train,1.0,0.2927825465867544,0.7072174534132456
DEAP:S26:T16,DEAP:S26,T16,1,6.19,1,1,4,6,exposed,baseline_only,train,1.0,0.46658138158508733,0.5334186184149127
DEAP:S26:T23,DEAP:S26,T23,0,2.28,1,1,4,6,exposed,baseline_only,train,1.0,0.7176701098177829,0.2823298901822171
DEAP:S26:T25,DEAP:S26,T25,1,7.14,1,1,4,6,exposed,baseline_only,train,1.0,0.23682429386747805,0.763175706132522
DEAP:S26:T26,DEAP:S26,T26,1,5.05,1,1,4,6,exposed,baseline_only,train,1.0,0.3669913328183695,0.6330086671816305
DEAP:S26:T31,DEAP:S26,T31,0,1.97,1,1,4,6,exposed,baseline_only,train,1.0,0.4149187245642625,0.5850812754357375
DEAP:S26:T34,DEAP:S26,T34,0,1.0,1,1,4,6,exposed,baseline_only,train,1.0,0.6933155764759089,0.30668442352409103
DEAP:S26:T39,DEAP:S26,T39,0,1.95,1,1,4,6,exposed,baseline_only,train,1.0,0.7222230654979589,0.27777693450204116
DEAP:S26:T40,DEAP:S26,T40,0,3.06,1,1,4,6,exposed,baseline_only,train,1.0,0.27340439651869486,0.7265956034813051
DEAP:S27:T01,DEAP:S27,T01,1,6.03,1,1,4,6,exposed,baseline_only,train,1.0,0.2871013299476549,0.7128986700523451
DEAP:S27:T03,DEAP:S27,T03,1,9.0,1,1,4,6,exposed,baseline_only,train,1.0,0.1363531493553911,0.8636468506446089
DEAP:S27:T06,DEAP:S27,T06,1,7.0,1,1,4,6,exposed,baseline_only,train,1.0,0.031409633625967825,0.9685903663740322
DEAP:S27:T08,DEAP:S27,T08,1,8.24,1,1,4,6,exposed,baseline_only,train,1.0,0.37693458718933603,0.623065412810664
DEAP:S27:T11,DEAP:S27,T11,1,9.0,1,1,4,6,exposed,baseline_only,train,1.0,0.3263494186773329,0.6736505813226671
DEAP:S27:T12,DEAP:S27,T12,0,4.18,1,1,4,6,exposed,baseline_only,train,1.0,0.5898550092688517,0.4101449907311483
DEAP:S27:T16,DEAP:S27,T16,1,8.06,1,1,4,6,exposed,baseline_only,train,1.0,0.3098210448926785,0.6901789551073215
DEAP:S27:T23,DEAP:S27,T23,1,8.0,1,1,4,6,exposed,baseline_only,train,1.0,0.21169764330234764,0.7883023566976524
DEAP:S27:T26,DEAP:S27,T26,1,5.04,1,1,4,6,exposed,baseline_only,train,1.0,0.3593453287975754,0.6406546712024246
DEAP:S27:T31,DEAP:S27,T31,1,5.08,1,1,4,6,exposed,baseline_only,train,1.0,0.14900542112209392,0.8509945788779061
DEAP:S27:T33,DEAP:S27,T33,1,5.04,1,1,4,6,exposed,baseline_only,train,1.0,0.25439504697629767,0.7456049530237023
DEAP:S27:T34,DEAP:S27,T34,0,2.85,1,1,4,6,exposed,baseline_only,train,1.0,0.49063316315812266,0.5093668368418773
DEAP:S27:T39,DEAP:S27,T39,0,2.14,1,1,4,6,exposed,baseline_only,train,1.0,0.5647317197252835,0.4352682802747165
DEAP:S27:T40,DEAP:S27,T40,1,5.04,1,1,4,6,exposed,baseline_only,train,1.0,0.40018506619455474,0.5998149338054453
DEAP:S28:T01,DEAP:S28,T01,1,7.03,1,1,4,6,exposed,baseline_only,train,1.0,0.09054916269465085,0.9094508373053491
DEAP:S28:T03,DEAP:S28,T03,1,9.0,1,1,4,6,exposed,baseline_only,train,1.0,0.10766106498324746,0.8923389350167525
DEAP:S28:T06,DEAP:S28,T06,1,8.15,1,1,4,6,exposed,baseline_only,train,1.0,0.3333662074767114,0.6666337925232886
DEAP:S28:T08,DEAP:S28,T08,1,7.01,1,1,4,6,exposed,baseline_only,train,1.0,0.23466564835117343,0.7653343516488266
DEAP:S28:T11,DEAP:S28,T11,1,7.01,1,1,4,6,exposed,baseline_only,train,1.0,0.18642340688255055,0.8135765931174495
DEAP:S28:T12,DEAP:S28,T12,1,6.06,1,1,4,6,exposed,baseline_only,train,1.0,0.5807074143658701,0.41929258563412986
DEAP:S28:T16,DEAP:S28,T16,1,6.91,1,1,4,6,exposed,baseline_only,train,1.0,0.33085198042964825,0.6691480195703517
DEAP:S28:T25,DEAP:S28,T25,0,4.06,1,1,4,6,exposed,baseline_only,train,1.0,0.43157066052188797,0.568429339478112
DEAP:S28:T26,DEAP:S28,T26,0,1.99,1,1,4,6,exposed,baseline_only,train,1.0,0.46567392352597625,0.5343260764740237
DEAP:S28:T31,DEAP:S28,T31,1,6.91,1,1,4,6,exposed,baseline_only,train,1.0,0.40167127377426626,0.5983287262257337
DEAP:S28:T33,DEAP:S28,T33,1,7.01,1,1,4,6,exposed,baseline_only,train,1.0,0.14184145882369004,0.85815854117631
DEAP:S28:T34,DEAP:S28,T34,1,5.99,1,1,4,6,exposed,baseline_only,train,1.0,0.34353211370325154,0.6564678862967485
DEAP:S28:T35,DEAP:S28,T35,0,1.08,1,1,4,6,exposed,baseline_only,train,1.0,0.20759667261931236,0.7924033273806876
DEAP:S28:T39,DEAP:S28,T39,0,1.04,1,1,4,6,exposed,baseline_only,train,1.0,0.3040851092273572,0.6959148907726428
DEAP:S28:T40,DEAP:S28,T40,1,7.1,1,1,4,6,exposed,baseline_only,train,1.0,0.5140608640212588,0.48593913597874117
DEAP:S29:T01,DEAP:S29,T01,1,6.06,1,1,4,6,exposed,baseline_only,train,1.0,0.006369738560093818,0.9936302614399062
DEAP:S29:T03,DEAP:S29,T03,1,9.0,1,1,4,6,exposed,baseline_only,train,1.0,0.10316471769128588,0.8968352823087141
DEAP:S29:T06,DEAP:S29,T06,1,8.03,1,1,4,6,exposed,baseline_only,train,1.0,0.25184409001263175,0.7481559099873683
DEAP:S29:T08,DEAP:S29,T08,1,7.04,1,1,4,6,exposed,baseline_only,train,1.0,0.22309495416069336,0.7769050458393066
DEAP:S29:T11,DEAP:S29,T11,1,8.03,1,1,4,6,exposed,baseline_only,train,1.0,0.46469319237238793,0.5353068076276121
DEAP:S29:T12,DEAP:S29,T12,1,6.04,1,1,4,6,exposed,baseline_only,train,1.0,0.42398936218689887,0.5760106378131011
DEAP:S29:T16,DEAP:S29,T16,0,3.0,1,1,4,6,exposed,baseline_only,train,1.0,0.6767359761094933,0.3232640238905066
DEAP:S29:T23,DEAP:S29,T23,0,2.05,1,1,4,6,exposed,baseline_only,train,1.0,0.7296313138273189,0.270368686172681
DEAP:S29:T31,DEAP:S29,T31,0,1.0,1,1,4,6,exposed,baseline_only,train,1.0,0.5870651500035718,0.41293484999642815
DEAP:S29:T34,DEAP:S29,T34,0,3.95,1,1,4,6,exposed,baseline_only,train,1.0,0.9143050836006809,0.08569491639931918
DEAP:S29:T35,DEAP:S29,T35,0,1.92,1,1,4,6,exposed,baseline_only,train,1.0,0.818261554544825,0.181738445455175
DEAP:S29:T39,DEAP:S29,T39,1,6.05,1,1,4,6,exposed,baseline_only,train,1.0,0.28110123018207944,0.7188987698179206
DEAP:S29:T40,DEAP:S29,T40,1,6.01,1,1,4,6,exposed,baseline_only,train,1.0,0.28788595398222505,0.712114046017775
DEAP:S30:T01,DEAP:S30,T01,1,5.04,1,1,4,6,exposed,baseline_only,train,1.0,0.4533012241274179,0.5466987758725821
DEAP:S30:T03,DEAP:S30,T03,1,6.15,1,1,4,6,exposed,baseline_only,train,1.0,0.26243304036897963,0.7375669596310204
DEAP:S30:T06,DEAP:S30,T06,1,6.22,1,1,4,6,exposed,baseline_only,train,1.0,0.27988809375631485,0.7201119062436852
DEAP:S30:T08,DEAP:S30,T08,1,6.05,1,1,4,6,exposed,baseline_only,train,1.0,0.5339893755511991,0.4660106244488009
DEAP:S30:T11,DEAP:S30,T11,1,6.06,1,1,4,6,exposed,baseline_only,train,1.0,0.4879586394288792,0.5120413605711208
DEAP:S30:T12,DEAP:S30,T12,1,5.15,1,1,4,6,exposed,baseline_only,train,1.0,0.4761854964540241,0.5238145035459759
DEAP:S30:T16,DEAP:S30,T16,1,5.04,1,1,4,6,exposed,baseline_only,train,1.0,0.43664409407079285,0.5633559059292071
DEAP:S30:T23,DEAP:S30,T23,0,3.0,1,1,4,6,exposed,baseline_only,train,1.0,0.2831677317675305,0.7168322682324695
DEAP:S30:T25,DEAP:S30,T25,0,3.92,1,1,4,6,exposed,baseline_only,train,1.0,0.5259197112951947,0.47408028870480534
DEAP:S30:T26,DEAP:S30,T26,1,5.01,1,1,4,6,exposed,baseline_only,train,1.0,0.5562498335116168,0.44375016648838317
DEAP:S30:T31,DEAP:S30,T31,0,3.86,1,1,4,6,exposed,baseline_only,train,1.0,0.5473402178693629,0.4526597821306371
DEAP:S30:T33,DEAP:S30,T33,0,3.91,1,1,4,6,exposed,baseline_only,train,1.0,0.5017942182500221,0.4982057817499778
DEAP:S30:T34,DEAP:S30,T34,0,4.99,1,1,4,6,exposed,baseline_only,train,1.0,0.4383499238988887,0.5616500761011113
DEAP:S30:T35,DEAP:S30,T35,1,5.04,1,1,4,6,exposed,baseline_only,train,1.0,0.4334966712311271,0.5665033287688729
DEAP:S30:T39,DEAP:S30,T39,0,2.97,1,1,4,6,exposed,baseline_only,train,1.0,0.4872626503803068,0.5127373496196932
DEAP:S31:T01,DEAP:S31,T01,1,6.79,1,1,4,6,exposed,baseline_only,train,1.0,0.23215211932444157,0.7678478806755584
DEAP:S31:T03,DEAP:S31,T03,1,8.04,1,1,4,6,exposed,baseline_only,train,1.0,0.20516303181278595,0.794836968187214
DEAP:S31:T06,DEAP:S31,T06,0,4.99,1,1,4,6,exposed,baseline_only,train,1.0,0.6774281411344116,0.3225718588655884
DEAP:S31:T08,DEAP:S31,T08,1,6.03,1,1,4,6,exposed,baseline_only,train,1.0,0.34618218952849733,0.6538178104715027
DEAP:S31:T11,DEAP:S31,T11,1,9.0,1,1,4,6,exposed,baseline_only,train,1.0,0.36788976738127555,0.6321102326187245
DEAP:S31:T12,DEAP:S31,T12,1,7.14,1,1,4,6,exposed,baseline_only,train,1.0,0.19611907162298192,0.8038809283770181
DEAP:S31:T16,DEAP:S31,T16,1,6.09,1,1,4,6,exposed,baseline_only,train,1.0,0.2740660687726214,0.7259339312273786
DEAP:S31:T23,DEAP:S31,T23,0,1.0,1,1,4,6,exposed,baseline_only,train,1.0,0.7198237607556995,0.28017623924430046
DEAP:S31:T25,DEAP:S31,T25,1,6.14,1,1,4,6,exposed,baseline_only,train,1.0,0.2680612706957116,0.7319387293042884
DEAP:S31:T26,DEAP:S31,T26,1,7.08,1,1,4,6,exposed,baseline_only,train,1.0,0.43476160908680983,0.5652383909131902
DEAP:S31:T33,DEAP:S31,T33,0,4.18,1,1,4,6,exposed,baseline_only,train,1.0,0.34934344424212693,0.6506565557578731
DEAP:S31:T34,DEAP:S31,T34,0,1.95,1,1,4,6,exposed,baseline_only,train,1.0,0.8189534141383582,0.18104658586164177
DEAP:S31:T40,DEAP:S31,T40,0,3.99,1,1,4,6,exposed,baseline_only,train,1.0,0.7511320794313198,0.2488679205686802
DEAP:S13:T02,DEAP:S13,T02,0,4.03,1,1,4,6,exposed,baseline_only,validation_unseen,1.0,0.15853435595477217,0.8414656440452278
DEAP:S13:T10,DEAP:S13,T10,0,4.01,1,1,4,6,exposed,baseline_only,validation_unseen,1.0,0.4106189952454037,0.5893810047545963
DEAP:S13:T14,DEAP:S13,T14,1,7.97,1,1,4,6,exposed,baseline_only,validation_unseen,1.0,0.15659532191506187,0.8434046780849381
DEAP:S13:T17,DEAP:S13,T17,1,5.99,1,1,4,6,exposed,baseline_only,validation_unseen,1.0,0.4447828893992988,0.5552171106007012
DEAP:S13:T20,DEAP:S13,T20,1,7.6,1,1,4,6,exposed,baseline_only,validation_unseen,1.0,0.3938069830969625,0.6061930169030375
DEAP:S13:T21,DEAP:S13,T21,0,2.0,1,1,4,6,exposed,baseline_only,validation_unseen,1.0,0.1212261313525127,0.8787738686474873
DEAP:S13:T37,DEAP:S13,T37,0,1.0,1,1,4,6,exposed,baseline_only,validation_unseen,1.0,0.7453899767121799,0.2546100232878201
DEAP:S13:T38,DEAP:S13,T38,0,1.0,1,1,4,6,exposed,baseline_only,validation_unseen,1.0,0.25823976240668334,0.7417602375933167
DEAP:S15:T02,DEAP:S15,T02,1,5.04,1,1,4,6,exposed,baseline_only,validation_unseen,1.0,0.0035000658302148935,0.9964999341697851
DEAP:S15:T10,DEAP:S15,T10,0,4.99,1,1,4,6,exposed,baseline_only,validation_unseen,1.0,0.10045799519247722,0.8995420048075228
DEAP:S15:T14,DEAP:S15,T14,1,8.15,1,1,4,6,exposed,baseline_only,validation_unseen,1.0,0.00078315550742869,0.9992168444925713
DEAP:S15:T17,DEAP:S15,T17,1,8.1,1,1,4,6,exposed,baseline_only,validation_unseen,1.0,0.009601008068914174,0.9903989919310858
DEAP:S15:T20,DEAP:S15,T20,1,7.97,1,1,4,6,exposed,baseline_only,validation_unseen,1.0,0.00415811948983813,0.9958418805101619
DEAP:S15:T21,DEAP:S15,T21,0,3.09,1,1,4,6,exposed,baseline_only,validation_unseen,1.0,0.00015552738566670943,0.9998444726143333
DEAP:S15:T37,DEAP:S15,T37,0,3.04,1,1,4,6,exposed,baseline_only,validation_unseen,1.0,0.29727284060492287,0.7027271593950771
DEAP:S15:T38,DEAP:S15,T38,0,2.08,1,1,4,6,exposed,baseline_only,validation_unseen,1.0,0.0024294867185545854,0.9975705132814454
DEAP:S24:T02,DEAP:S24,T02,1,6.04,1,1,4,6,exposed,baseline_only,validation_unseen,1.0,0.6259470318377127,0.3740529681622872
DEAP:S24:T10,DEAP:S24,T10,1,5.01,1,1,4,6,exposed,baseline_only,validation_unseen,1.0,0.5731799086695051,0.426820091330495
DEAP:S24:T14,DEAP:S24,T14,1,8.05,1,1,4,6,exposed,baseline_only,validation_unseen,1.0,0.5177074208022551,0.48229257919774493
DEAP:S24:T17,DEAP:S24,T17,0,4.08,1,1,4,6,exposed,baseline_only,validation_unseen,1.0,0.6719260375927086,0.32807396240729136
DEAP:S24:T20,DEAP:S24,T20,0,4.03,1,1,4,6,exposed,baseline_only,validation_unseen,1.0,0.7217094639622792,0.27829053603772075
DEAP:S24:T21,DEAP:S24,T21,0,1.96,1,1,4,6,exposed,baseline_only,validation_unseen,1.0,0.8521473652477548,0.14785263475224517
DEAP:S24:T37,DEAP:S24,T37,0,4.0,1,1,4,6,exposed,baseline_only,validation_unseen,1.0,0.9216114056447847,0.07838859435521527
DEAP:S24:T38,DEAP:S24,T38,0,2.03,1,1,4,6,exposed,baseline_only,validation_unseen,1.0,0.7002162564514265,0.29978374354857357
DEAP:S32:T02,DEAP:S32,T02,0,4.99,1,1,4,6,exposed,baseline_only,validation_unseen,1.0,0.9428356894392315,0.05716431056076858
DEAP:S32:T10,DEAP:S32,T10,0,4.08,1,1,4,6,exposed,baseline_only,validation_unseen,1.0,0.8913505757245193,0.10864942427548072
DEAP:S32:T14,DEAP:S32,T14,1,7.1,1,1,4,6,exposed,baseline_only,validation_unseen,1.0,0.5745810586472415,0.42541894135275854
DEAP:S32:T17,DEAP:S32,T17,1,6.09,1,1,4,6,exposed,baseline_only,validation_unseen,1.0,0.791150614316495,0.20884938568350492
DEAP:S32:T20,DEAP:S32,T20,1,6.03,1,1,4,6,exposed,baseline_only,validation_unseen,1.0,0.946752318823194,0.05324768117680604
DEAP:S32:T21,DEAP:S32,T21,0,4.12,1,1,4,6,exposed,baseline_only,validation_unseen,1.0,0.9160271028136152,0.08397289718638476
DEAP:S32:T37,DEAP:S32,T37,0,2.81,1,1,4,6,exposed,baseline_only,validation_unseen,1.0,0.9308708333774185,0.06912916662258156
DEAP:S32:T38,DEAP:S32,T38,0,3.05,1,1,4,6,exposed,baseline_only,validation_unseen,1.0,0.9443349176688847,0.05566508233111531
DEAP:S13:T01,DEAP:S13,T01,1,6.15,1,1,4,6,exposed,baseline_only,validation_familiar,1.0,0.4526306134173175,0.5473693865826825
DEAP:S13:T03,DEAP:S13,T03,1,9.0,1,1,4,6,exposed,baseline_only,validation_familiar,1.0,0.32440146850499973,0.6755985314950003
DEAP:S13:T06,DEAP:S13,T06,0,4.46,1,1,4,6,exposed,baseline_only,validation_familiar,1.0,0.10825328903400389,0.8917467109659961
DEAP:S13:T08,DEAP:S13,T08,1,7.99,1,1,4,6,exposed,baseline_only,validation_familiar,1.0,0.19764474526087805,0.802355254739122
DEAP:S13:T11,DEAP:S13,T11,1,7.04,1,1,4,6,exposed,baseline_only,validation_familiar,1.0,0.3718940270101717,0.6281059729898283
DEAP:S13:T12,DEAP:S13,T12,1,5.08,1,1,4,6,exposed,baseline_only,validation_familiar,1.0,0.18625337215818993,0.8137466278418101
DEAP:S13:T23,DEAP:S13,T23,0,1.0,1,1,4,6,exposed,baseline_only,validation_familiar,1.0,0.06660118188924924,0.9333988181107508
DEAP:S13:T25,DEAP:S13,T25,0,3.97,1,1,4,6,exposed,baseline_only,validation_familiar,1.0,0.3350710433025311,0.6649289566974689
DEAP:S13:T26,DEAP:S13,T26,1,5.04,1,1,4,6,exposed,baseline_only,validation_familiar,1.0,0.2310256487173734,0.7689743512826266
DEAP:S13:T31,DEAP:S13,T31,0,1.97,1,1,4,6,exposed,baseline_only,validation_familiar,1.0,0.17645707368004682,0.8235429263199532
DEAP:S13:T33,DEAP:S13,T33,0,4.55,1,1,4,6,exposed,baseline_only,validation_familiar,1.0,0.513526387469557,0.4864736125304429
DEAP:S13:T34,DEAP:S13,T34,0,2.92,1,1,4,6,exposed,baseline_only,validation_familiar,1.0,0.24157373419948758,0.7584262658005124
DEAP:S13:T35,DEAP:S13,T35,0,1.0,1,1,4,6,exposed,baseline_only,validation_familiar,1.0,0.42202094872565676,0.5779790512743432
DEAP:S13:T39,DEAP:S13,T39,0,1.97,1,1,4,6,exposed,baseline_only,validation_familiar,1.0,0.4680167592496728,0.5319832407503272
DEAP:S13:T40,DEAP:S13,T40,0,4.08,1,1,4,6,exposed,baseline_only,validation_familiar,1.0,0.3977092774350477,0.6022907225649523
DEAP:S15:T01,DEAP:S15,T01,1,8.9,1,1,4,6,exposed,baseline_only,validation_familiar,1.0,0.08323505301997147,0.9167649469800285
DEAP:S15:T03,DEAP:S15,T03,1,8.04,1,1,4,6,exposed,baseline_only,validation_familiar,1.0,0.0006927823819125045,0.9993072176180875
DEAP:S15:T06,DEAP:S15,T06,1,9.0,1,1,4,6,exposed,baseline_only,validation_familiar,1.0,0.0020268320264582584,0.9979731679735417
DEAP:S15:T08,DEAP:S15,T08,1,9.0,1,1,4,6,exposed,baseline_only,validation_familiar,1.0,0.0237028940084848,0.9762971059915152
DEAP:S15:T11,DEAP:S15,T11,1,8.99,1,1,4,6,exposed,baseline_only,validation_familiar,1.0,0.0008181472368143927,0.9991818527631856
DEAP:S15:T12,DEAP:S15,T12,1,7.08,1,1,4,6,exposed,baseline_only,validation_familiar,1.0,0.0012497325844212925,0.9987502674155787
DEAP:S15:T16,DEAP:S15,T16,0,4.17,1,1,4,6,exposed,baseline_only,validation_familiar,1.0,0.01257982516369116,0.9874201748363088
DEAP:S15:T23,DEAP:S15,T23,0,3.05,1,1,4,6,exposed,baseline_only,validation_familiar,1.0,0.0009864165422400761,0.9990135834577599
DEAP:S15:T25,DEAP:S15,T25,0,2.96,1,1,4,6,exposed,baseline_only,validation_familiar,1.0,0.0003424015613414655,0.9996575984386585
DEAP:S15:T26,DEAP:S15,T26,0,4.96,1,1,4,6,exposed,baseline_only,validation_familiar,1.0,0.0019190658343909428,0.9980809341656091
DEAP:S15:T31,DEAP:S15,T31,0,2.99,1,1,4,6,exposed,baseline_only,validation_familiar,1.0,0.001997002497948097,0.9980029975020519
DEAP:S15:T33,DEAP:S15,T33,0,3.01,1,1,4,6,exposed,baseline_only,validation_familiar,1.0,0.0017757544694955163,0.9982242455305045
DEAP:S15:T34,DEAP:S15,T34,0,3.01,1,1,4,6,exposed,baseline_only,validation_familiar,1.0,0.0007654509358367978,0.9992345490641632
DEAP:S15:T35,DEAP:S15,T35,1,5.05,1,1,4,6,exposed,baseline_only,validation_familiar,1.0,0.007220769169446695,0.9927792308305533
DEAP:S15:T39,DEAP:S15,T39,0,4.0,1,1,4,6,exposed,baseline_only,validation_familiar,1.0,0.0001908643127247478,0.9998091356872753
DEAP:S15:T40,DEAP:S15,T40,0,4.01,1,1,4,6,exposed,baseline_only,validation_familiar,1.0,0.016220427886045052,0.983779572113955
DEAP:S24:T01,DEAP:S24,T01,1,7.06,1,1,4,6,exposed,baseline_only,validation_familiar,1.0,0.7469787242226091,0.2530212757773909
DEAP:S24:T03,DEAP:S24,T03,1,8.96,1,1,4,6,exposed,baseline_only,validation_familiar,1.0,0.6967322634542472,0.3032677365457528
DEAP:S24:T06,DEAP:S24,T06,1,5.96,1,1,4,6,exposed,baseline_only,validation_familiar,1.0,0.8763453277533937,0.12365467224660635
DEAP:S24:T08,DEAP:S24,T08,1,7.03,1,1,4,6,exposed,baseline_only,validation_familiar,1.0,0.4097462755296696,0.5902537244703304
DEAP:S24:T11,DEAP:S24,T11,1,7.03,1,1,4,6,exposed,baseline_only,validation_familiar,1.0,0.8026422077947837,0.19735779220521632
DEAP:S24:T12,DEAP:S24,T12,1,7.04,1,1,4,6,exposed,baseline_only,validation_familiar,1.0,0.9258918278270774,0.07410817217292265
DEAP:S24:T16,DEAP:S24,T16,0,4.0,1,1,4,6,exposed,baseline_only,validation_familiar,1.0,0.562634521257977,0.43736547874202303
DEAP:S24:T23,DEAP:S24,T23,0,1.0,1,1,4,6,exposed,baseline_only,validation_familiar,1.0,0.43584227100094863,0.5641577289990514
DEAP:S24:T25,DEAP:S24,T25,0,3.12,1,1,4,6,exposed,baseline_only,validation_familiar,1.0,0.3536355370856067,0.6463644629143933
DEAP:S24:T26,DEAP:S24,T26,0,4.05,1,1,4,6,exposed,baseline_only,validation_familiar,1.0,0.7395637130053023,0.2604362869946976
DEAP:S24:T31,DEAP:S24,T31,0,2.94,1,1,4,6,exposed,baseline_only,validation_familiar,1.0,0.8799793394746014,0.12002066052539866
DEAP:S24:T33,DEAP:S24,T33,1,5.01,1,1,4,6,exposed,baseline_only,validation_familiar,1.0,0.9070342912005411,0.09296570879945881
DEAP:S24:T34,DEAP:S24,T34,0,4.05,1,1,4,6,exposed,baseline_only,validation_familiar,1.0,0.7363762259110378,0.26362377408896226
DEAP:S24:T35,DEAP:S24,T35,0,4.05,1,1,4,6,exposed,baseline_only,validation_familiar,1.0,0.750994867444529,0.24900513255547094
DEAP:S24:T39,DEAP:S24,T39,0,2.12,1,1,4,6,exposed,baseline_only,validation_familiar,1.0,0.853869467040918,0.14613053295908193
DEAP:S32:T01,DEAP:S32,T01,1,8.13,1,1,4,6,exposed,baseline_only,validation_familiar,1.0,0.6692567491878365,0.3307432508121635
DEAP:S32:T03,DEAP:S32,T03,1,8.05,1,1,4,6,exposed,baseline_only,validation_familiar,1.0,0.9477602434565492,0.0522397565434508
DEAP:S32:T06,DEAP:S32,T06,1,5.78,1,1,4,6,exposed,baseline_only,validation_familiar,1.0,0.9729717268039058,0.02702827319609428
DEAP:S32:T08,DEAP:S32,T08,1,7.96,1,1,4,6,exposed,baseline_only,validation_familiar,1.0,0.44675834368818346,0.5532416563118165
DEAP:S32:T11,DEAP:S32,T11,1,8.24,1,1,4,6,exposed,baseline_only,validation_familiar,1.0,0.910312762361597,0.08968723763840303
DEAP:S32:T12,DEAP:S32,T12,1,7.31,1,1,4,6,exposed,baseline_only,validation_familiar,1.0,0.989776117631779,0.010223882368220987
DEAP:S32:T16,DEAP:S32,T16,0,3.97,1,1,4,6,exposed,baseline_only,validation_familiar,1.0,0.8710446627977305,0.12895533720226945
DEAP:S32:T23,DEAP:S32,T23,0,3.01,1,1,4,6,exposed,baseline_only,validation_familiar,1.0,0.7311697340478747,0.2688302659521253
DEAP:S32:T25,DEAP:S32,T25,0,4.01,1,1,4,6,exposed,baseline_only,validation_familiar,1.0,0.967765394724446,0.03223460527555402
DEAP:S32:T26,DEAP:S32,T26,1,5.14,1,1,4,6,exposed,baseline_only,validation_familiar,1.0,0.8896112270125854,0.11038877298741456
DEAP:S32:T31,DEAP:S32,T31,0,4.17,1,1,4,6,exposed,baseline_only,validation_familiar,1.0,0.5500209727028316,0.4499790272971684
DEAP:S32:T33,DEAP:S32,T33,0,4.06,1,1,4,6,exposed,baseline_only,validation_familiar,1.0,0.9718209703082815,0.028179029691718444
DEAP:S32:T34,DEAP:S32,T34,0,4.05,1,1,4,6,exposed,baseline_only,validation_familiar,1.0,0.9881627979736893,0.01183720202631069
DEAP:S32:T35,DEAP:S32,T35,0,3.88,1,1,4,6,exposed,baseline_only,validation_familiar,1.0,0.9127948032752203,0.08720519672477962
DEAP:S32:T39,DEAP:S32,T39,0,3.99,1,1,4,6,exposed,baseline_only,validation_familiar,1.0,0.7678790135784799,0.2321209864215201
DEAP:S32:T40,DEAP:S32,T40,1,7.15,1,1,4,6,exposed,baseline_only,validation_familiar,1.0,0.9758467780418036,0.02415322195819633
DEAP:S01:T01,DEAP:S01,T01,1,7.71,1,1,4,6,exposed,baseline_only,train,10.0,0.191227308582533,0.808772691417467
DEAP:S01:T03,DEAP:S01,T03,1,8.58,1,1,4,6,exposed,baseline_only,train,10.0,0.3210712226236556,0.6789287773763444
DEAP:S01:T06,DEAP:S01,T06,1,8.27,1,1,4,6,exposed,baseline_only,train,10.0,0.37615313525075667,0.6238468647492433
DEAP:S01:T08,DEAP:S01,T08,1,7.32,1,1,4,6,exposed,baseline_only,train,10.0,0.4134652397556339,0.5865347602443661
DEAP:S01:T11,DEAP:S01,T11,0,2.99,1,1,4,6,exposed,baseline_only,train,10.0,0.5365759214523529,0.4634240785476471
DEAP:S01:T12,DEAP:S01,T12,0,2.71,1,1,4,6,exposed,baseline_only,train,10.0,0.5484900296693426,0.45150997033065743
DEAP:S01:T16,DEAP:S01,T16,1,6.81,1,1,4,6,exposed,baseline_only,train,10.0,0.2884229653503436,0.7115770346496564
DEAP:S01:T23,DEAP:S01,T23,1,8.15,1,1,4,6,exposed,baseline_only,train,10.0,0.8589306949038207,0.14106930509617938
DEAP:S01:T25,DEAP:S01,T25,1,8.86,1,1,4,6,exposed,baseline_only,train,10.0,0.8211943724429728,0.1788056275570272
DEAP:S01:T31,DEAP:S01,T31,0,3.03,1,1,4,6,exposed,baseline_only,train,10.0,0.8477674302577096,0.15223256974229044
DEAP:S01:T33,DEAP:S01,T33,0,3.81,1,1,4,6,exposed,baseline_only,train,10.0,0.8155129037962046,0.18448709620379541
DEAP:S01:T34,DEAP:S01,T34,0,2.28,1,1,4,6,exposed,baseline_only,train,10.0,0.7386431031234271,0.26135689687657293
DEAP:S01:T35,DEAP:S01,T35,0,2.06,1,1,4,6,exposed,baseline_only,train,10.0,0.28397657079489047,0.7160234292051095
DEAP:S01:T39,DEAP:S01,T39,0,3.24,1,1,4,6,exposed,baseline_only,train,10.0,0.3655609388869665,0.6344390611130335
DEAP:S01:T40,DEAP:S01,T40,1,5.1,1,1,4,6,exposed,baseline_only,train,10.0,0.32135146601353015,0.6786485339864698
DEAP:S03:T01,DEAP:S03,T01,1,5.33,1,1,4,6,exposed,baseline_only,train,10.0,0.09847360183454557,0.9015263981654544
DEAP:S03:T03,DEAP:S03,T03,1,7.55,1,1,4,6,exposed,baseline_only,train,10.0,0.4497312643074879,0.5502687356925121
DEAP:S03:T06,DEAP:S03,T06,1,6.79,1,1,4,6,exposed,baseline_only,train,10.0,0.5936549580213557,0.4063450419786443
DEAP:S03:T08,DEAP:S03,T08,1,7.14,1,1,4,6,exposed,baseline_only,train,10.0,0.019469863937559673,0.9805301360624403
DEAP:S03:T11,DEAP:S03,T11,1,7.94,1,1,4,6,exposed,baseline_only,train,10.0,0.364287479037929,0.635712520962071
DEAP:S03:T12,DEAP:S03,T12,1,6.36,1,1,4,6,exposed,baseline_only,train,10.0,0.41616169361095756,0.5838383063890424
DEAP:S03:T16,DEAP:S03,T16,1,7.15,1,1,4,6,exposed,baseline_only,train,10.0,0.005436968476742243,0.9945630315232578
DEAP:S03:T23,DEAP:S03,T23,0,3.65,1,1,4,6,exposed,baseline_only,train,10.0,0.8465789956307749,0.1534210043692251
DEAP:S03:T31,DEAP:S03,T31,0,4.44,1,1,4,6,exposed,baseline_only,train,10.0,0.08803316477822964,0.9119668352217704
DEAP:S03:T33,DEAP:S03,T33,0,4.05,1,1,4,6,exposed,baseline_only,train,10.0,0.862562004404886,0.13743799559511402
DEAP:S03:T34,DEAP:S03,T34,0,4.72,1,1,4,6,exposed,baseline_only,train,10.0,0.6788066607732903,0.3211933392267096
DEAP:S03:T35,DEAP:S03,T35,0,3.18,1,1,4,6,exposed,baseline_only,train,10.0,0.7236690619337396,0.27633093806626047
DEAP:S03:T39,DEAP:S03,T39,0,4.33,1,1,4,6,exposed,baseline_only,train,10.0,0.9104904704318241,0.08950952956817594
DEAP:S03:T40,DEAP:S03,T40,1,5.38,1,1,4,6,exposed,baseline_only,train,10.0,0.19355091075093112,0.8064490892490689
DEAP:S04:T01,DEAP:S04,T01,1,6.68,1,1,4,6,exposed,baseline_only,train,10.0,0.26886113477271,0.73113886522729
DEAP:S04:T03,DEAP:S04,T03,1,8.95,1,1,4,6,exposed,baseline_only,train,10.0,0.6480133379503314,0.3519866620496686
DEAP:S04:T06,DEAP:S04,T06,1,5.01,1,1,4,6,exposed,baseline_only,train,10.0,0.7252706952371604,0.2747293047628397
DEAP:S04:T12,DEAP:S04,T12,1,5.04,1,1,4,6,exposed,baseline_only,train,10.0,0.3399137093132144,0.6600862906867856
DEAP:S04:T16,DEAP:S04,T16,0,2.51,1,1,4,6,exposed,baseline_only,train,10.0,0.9503289031079466,0.04967109689205341
DEAP:S04:T23,DEAP:S04,T23,0,1.86,1,1,4,6,exposed,baseline_only,train,10.0,0.4340251767961312,0.5659748232038688
DEAP:S04:T26,DEAP:S04,T26,1,6.0,1,1,4,6,exposed,baseline_only,train,10.0,0.881383367730625,0.11861663226937505
DEAP:S04:T31,DEAP:S04,T31,0,2.01,1,1,4,6,exposed,baseline_only,train,10.0,0.49295522983904894,0.5070447701609511
DEAP:S04:T33,DEAP:S04,T33,0,1.0,1,1,4,6,exposed,baseline_only,train,10.0,0.9192902499116287,0.08070975008837128
DEAP:S04:T34,DEAP:S04,T34,0,2.17,1,1,4,6,exposed,baseline_only,train,10.0,0.8939642411429608,0.10603575885703924
DEAP:S04:T35,DEAP:S04,T35,0,2.03,1,1,4,6,exposed,baseline_only,train,10.0,0.8852693904971801,0.11473060950281992
DEAP:S04:T39,DEAP:S04,T39,0,1.92,1,1,4,6,exposed,baseline_only,train,10.0,0.6738862171791277,0.32611378282087233
DEAP:S04:T40,DEAP:S04,T40,0,1.86,1,1,4,6,exposed,baseline_only,train,10.0,0.9454303753508938,0.05456962464910618
DEAP:S07:T01,DEAP:S07,T01,1,8.1,1,1,4,6,exposed,baseline_only,train,10.0,0.0006241619031449597,0.999375838096855
DEAP:S07:T03,DEAP:S07,T03,1,7.1,1,1,4,6,exposed,baseline_only,train,10.0,0.35413925430050675,0.6458607456994933
DEAP:S07:T06,DEAP:S07,T06,1,6.97,1,1,4,6,exposed,baseline_only,train,10.0,0.129681771598804,0.870318228401196
DEAP:S07:T08,DEAP:S07,T08,1,7.0,1,1,4,6,exposed,baseline_only,train,10.0,0.09052144050203126,0.9094785594979687
DEAP:S07:T11,DEAP:S07,T11,1,7.03,1,1,4,6,exposed,baseline_only,train,10.0,0.4470041770001937,0.5529958229998063
DEAP:S07:T12,DEAP:S07,T12,1,6.99,1,1,4,6,exposed,baseline_only,train,10.0,0.183960202806969,0.816039797193031
DEAP:S07:T16,DEAP:S07,T16,0,3.03,1,1,4,6,exposed,baseline_only,train,10.0,0.4298129606716595,0.5701870393283405
DEAP:S07:T23,DEAP:S07,T23,0,3.01,1,1,4,6,exposed,baseline_only,train,10.0,0.38836959591106435,0.6116304040889357
DEAP:S07:T26,DEAP:S07,T26,0,2.0,1,1,4,6,exposed,baseline_only,train,10.0,0.8058795453794294,0.19412045462057056
DEAP:S07:T31,DEAP:S07,T31,1,6.96,1,1,4,6,exposed,baseline_only,train,10.0,0.5386878971186051,0.46131210288139485
DEAP:S07:T33,DEAP:S07,T33,0,4.97,1,1,4,6,exposed,baseline_only,train,10.0,0.6715815606447375,0.32841843935526244
DEAP:S07:T35,DEAP:S07,T35,1,5.01,1,1,4,6,exposed,baseline_only,train,10.0,0.2944087319279747,0.7055912680720253
DEAP:S07:T39,DEAP:S07,T39,1,7.01,1,1,4,6,exposed,baseline_only,train,10.0,0.40321272637108474,0.5967872736289153
DEAP:S07:T40,DEAP:S07,T40,1,7.01,1,1,4,6,exposed,baseline_only,train,10.0,0.26573193063046463,0.7342680693695354
DEAP:S08:T01,DEAP:S08,T01,1,7.6,1,1,4,6,exposed,baseline_only,train,10.0,0.26991366822110796,0.730086331778892
DEAP:S08:T03,DEAP:S08,T03,1,8.15,1,1,4,6,exposed,baseline_only,train,10.0,0.5048462609723843,0.49515373902761567
DEAP:S08:T06,DEAP:S08,T06,1,7.4,1,1,4,6,exposed,baseline_only,train,10.0,0.19823282540700815,0.8017671745929918
DEAP:S08:T08,DEAP:S08,T08,1,8.82,1,1,4,6,exposed,baseline_only,train,10.0,0.3679400616293118,0.6320599383706882
DEAP:S08:T11,DEAP:S08,T11,1,8.41,1,1,4,6,exposed,baseline_only,train,10.0,0.1639357907335659,0.8360642092664341
DEAP:S08:T12,DEAP:S08,T12,1,8.47,1,1,4,6,exposed,baseline_only,train,10.0,0.31549351768189815,0.6845064823181018
DEAP:S08:T16,DEAP:S08,T16,0,4.21,1,1,4,6,exposed,baseline_only,train,10.0,0.47953861694678335,0.5204613830532167
DEAP:S08:T25,DEAP:S08,T25,0,3.72,1,1,4,6,exposed,baseline_only,train,10.0,0.8077575256891716,0.19224247431082847
DEAP:S08:T31,DEAP:S08,T31,0,1.45,1,1,4,6,exposed,baseline_only,train,10.0,0.7986571250646077,0.20134287493539224
DEAP:S08:T33,DEAP:S08,T33,0,4.44,1,1,4,6,exposed,baseline_only,train,10.0,0.900629643449938,0.09937035655006198
DEAP:S08:T34,DEAP:S08,T34,1,5.05,1,1,4,6,exposed,baseline_only,train,10.0,0.7809872137530378,0.21901278624696224
DEAP:S08:T35,DEAP:S08,T35,0,3.62,1,1,4,6,exposed,baseline_only,train,10.0,0.33790849770965237,0.6620915022903476
DEAP:S08:T39,DEAP:S08,T39,1,5.05,1,1,4,6,exposed,baseline_only,train,10.0,0.024114360453257877,0.9758856395467421
DEAP:S08:T40,DEAP:S08,T40,0,3.13,1,1,4,6,exposed,baseline_only,train,10.0,0.750991307317004,0.24900869268299602
DEAP:S09:T01,DEAP:S09,T01,1,5.05,1,1,4,6,exposed,baseline_only,train,10.0,0.09162966981275589,0.9083703301872441
DEAP:S09:T03,DEAP:S09,T03,1,7.08,1,1,4,6,exposed,baseline_only,train,10.0,0.21447616273656878,0.7855238372634312
DEAP:S09:T06,DEAP:S09,T06,1,7.04,1,1,4,6,exposed,baseline_only,train,10.0,0.8047846179910213,0.19521538200897873
DEAP:S09:T08,DEAP:S09,T08,1,6.15,1,1,4,6,exposed,baseline_only,train,10.0,0.1150133267966229,0.8849866732033771
DEAP:S09:T11,DEAP:S09,T11,1,7.12,1,1,4,6,exposed,baseline_only,train,10.0,0.6070548771635507,0.39294512283644933
DEAP:S09:T12,DEAP:S09,T12,1,7.08,1,1,4,6,exposed,baseline_only,train,10.0,0.18082957747167483,0.8191704225283252
DEAP:S09:T16,DEAP:S09,T16,0,4.05,1,1,4,6,exposed,baseline_only,train,10.0,0.7691671927439193,0.23083280725608069
DEAP:S09:T25,DEAP:S09,T25,1,5.04,1,1,4,6,exposed,baseline_only,train,10.0,0.48433789465679167,0.5156621053432083
DEAP:S09:T26,DEAP:S09,T26,0,4.1,1,1,4,6,exposed,baseline_only,train,10.0,0.859309129860102,0.14069087013989798
DEAP:S09:T31,DEAP:S09,T31,1,6.06,1,1,4,6,exposed,baseline_only,train,10.0,0.5430046298444104,0.4569953701555895
DEAP:S09:T33,DEAP:S09,T33,0,3.08,1,1,4,6,exposed,baseline_only,train,10.0,0.4121985124518409,0.5878014875481591
DEAP:S09:T34,DEAP:S09,T34,1,5.06,1,1,4,6,exposed,baseline_only,train,10.0,0.05445142747932008,0.9455485725206799
DEAP:S09:T35,DEAP:S09,T35,0,3.01,1,1,4,6,exposed,baseline_only,train,10.0,0.17905327287200334,0.8209467271279967
DEAP:S09:T39,DEAP:S09,T39,0,3.17,1,1,4,6,exposed,baseline_only,train,10.0,0.6594230114670514,0.3405769885329486
DEAP:S09:T40,DEAP:S09,T40,1,5.04,1,1,4,6,exposed,baseline_only,train,10.0,0.12160183827191806,0.8783981617280819
DEAP:S10:T01,DEAP:S10,T01,1,7.91,1,1,4,6,exposed,baseline_only,train,10.0,0.14417686271654095,0.855823137283459
DEAP:S10:T03,DEAP:S10,T03,1,5.86,1,1,4,6,exposed,baseline_only,train,10.0,0.01171364548821352,0.9882863545117865
DEAP:S10:T06,DEAP:S10,T06,1,7.1,1,1,4,6,exposed,baseline_only,train,10.0,0.7464931628900043,0.25350683710999566
DEAP:S10:T08,DEAP:S10,T08,1,5.68,1,1,4,6,exposed,baseline_only,train,10.0,0.06835725497489642,0.9316427450251036
DEAP:S10:T11,DEAP:S10,T11,1,8.99,1,1,4,6,exposed,baseline_only,train,10.0,0.25441006175654335,0.7455899382434567
DEAP:S10:T12,DEAP:S10,T12,1,5.37,1,1,4,6,exposed,baseline_only,train,10.0,0.05447618645169072,0.9455238135483093
DEAP:S10:T16,DEAP:S10,T16,0,3.85,1,1,4,6,exposed,baseline_only,train,10.0,0.5189306160722469,0.48106938392775317
DEAP:S10:T23,DEAP:S10,T23,0,2.87,1,1,4,6,exposed,baseline_only,train,10.0,0.4496593019218863,0.5503406980781137
DEAP:S10:T25,DEAP:S10,T25,0,1.92,1,1,4,6,exposed,baseline_only,train,10.0,0.8299996085923508,0.1700003914076492
DEAP:S10:T31,DEAP:S10,T31,0,4.15,1,1,4,6,exposed,baseline_only,train,10.0,0.7056879905889584,0.2943120094110417
DEAP:S10:T33,DEAP:S10,T33,0,4.94,1,1,4,6,exposed,baseline_only,train,10.0,0.9924679334770301,0.007532066522969898
DEAP:S10:T35,DEAP:S10,T35,0,1.38,1,1,4,6,exposed,baseline_only,train,10.0,0.766809520563085,0.23319047943691495
DEAP:S10:T40,DEAP:S10,T40,1,5.78,1,1,4,6,exposed,baseline_only,train,10.0,0.8972373148668172,0.1027626851331828
DEAP:S11:T01,DEAP:S11,T01,1,6.27,1,1,4,6,exposed,baseline_only,train,10.0,0.5362456653911516,0.46375433460884846
DEAP:S11:T03,DEAP:S11,T03,1,7.41,1,1,4,6,exposed,baseline_only,train,10.0,0.3882731426106839,0.6117268573893161
DEAP:S11:T06,DEAP:S11,T06,1,5.32,1,1,4,6,exposed,baseline_only,train,10.0,0.535725665293421,0.4642743347065789
DEAP:S11:T08,DEAP:S11,T08,1,6.26,1,1,4,6,exposed,baseline_only,train,10.0,0.4271154279799805,0.5728845720200195
DEAP:S11:T11,DEAP:S11,T11,1,7.32,1,1,4,6,exposed,baseline_only,train,10.0,0.36999166252955895,0.630008337470441
DEAP:S11:T12,DEAP:S11,T12,1,5.04,1,1,4,6,exposed,baseline_only,train,10.0,0.2938497090838136,0.7061502909161864
DEAP:S11:T16,DEAP:S11,T16,0,4.35,1,1,4,6,exposed,baseline_only,train,10.0,0.8596372900085179,0.1403627099914821
DEAP:S11:T23,DEAP:S11,T23,0,3.72,1,1,4,6,exposed,baseline_only,train,10.0,0.5862254644684242,0.4137745355315759
DEAP:S11:T25,DEAP:S11,T25,1,5.01,1,1,4,6,exposed,baseline_only,train,10.0,0.18135637162697515,0.8186436283730248
DEAP:S11:T26,DEAP:S11,T26,1,5.49,1,1,4,6,exposed,baseline_only,train,10.0,0.15675166536864704,0.843248334631353
DEAP:S11:T31,DEAP:S11,T31,0,1.83,1,1,4,6,exposed,baseline_only,train,10.0,0.5064634573044797,0.49353654269552033
DEAP:S11:T33,DEAP:S11,T33,1,5.64,1,1,4,6,exposed,baseline_only,train,10.0,0.5388136112695272,0.46118638873047285
DEAP:S11:T34,DEAP:S11,T34,0,4.88,1,1,4,6,exposed,baseline_only,train,10.0,0.5485230066432134,0.4514769933567866
DEAP:S11:T35,DEAP:S11,T35,0,1.23,1,1,4,6,exposed,baseline_only,train,10.0,0.6006326950528726,0.3993673049471273
DEAP:S11:T39,DEAP:S11,T39,0,1.0,1,1,4,6,exposed,baseline_only,train,10.0,0.9431053319285349,0.05689466807146517
DEAP:S11:T40,DEAP:S11,T40,0,4.95,1,1,4,6,exposed,baseline_only,train,10.0,0.444913853986181,0.555086146013819
DEAP:S12:T01,DEAP:S12,T01,1,7.09,1,1,4,6,exposed,baseline_only,train,10.0,0.09058781257161719,0.9094121874283828
DEAP:S12:T03,DEAP:S12,T03,1,7.33,1,1,4,6,exposed,baseline_only,train,10.0,0.7002009753197083,0.29979902468029174
DEAP:S12:T06,DEAP:S12,T06,1,6.65,1,1,4,6,exposed,baseline_only,train,10.0,0.20676525143940117,0.7932347485605988
DEAP:S12:T08,DEAP:S12,T08,1,5.1,1,1,4,6,exposed,baseline_only,train,10.0,0.24640224135780675,0.7535977586421932
DEAP:S12:T11,DEAP:S12,T11,1,7.78,1,1,4,6,exposed,baseline_only,train,10.0,0.7258600943016003,0.2741399056983997
DEAP:S12:T12,DEAP:S12,T12,1,6.86,1,1,4,6,exposed,baseline_only,train,10.0,0.30092902260992727,0.6990709773900727
DEAP:S12:T16,DEAP:S12,T16,1,5.04,1,1,4,6,exposed,baseline_only,train,10.0,0.32200159121322136,0.6779984087867786
DEAP:S12:T23,DEAP:S12,T23,0,1.74,1,1,4,6,exposed,baseline_only,train,10.0,0.45570535422919145,0.5442946457708085
DEAP:S12:T25,DEAP:S12,T25,0,2.78,1,1,4,6,exposed,baseline_only,train,10.0,0.7598337696509007,0.24016623034909934
DEAP:S12:T26,DEAP:S12,T26,1,6.08,1,1,4,6,exposed,baseline_only,train,10.0,0.10921271544258337,0.8907872845574166
DEAP:S12:T31,DEAP:S12,T31,0,3.18,1,1,4,6,exposed,baseline_only,train,10.0,0.7209615728959586,0.2790384271040414
DEAP:S12:T33,DEAP:S12,T33,0,1.9,1,1,4,6,exposed,baseline_only,train,10.0,0.5851759505974623,0.41482404940253775
DEAP:S12:T35,DEAP:S12,T35,0,1.22,1,1,4,6,exposed,baseline_only,train,10.0,0.6190533440091301,0.38094665599086985
DEAP:S12:T39,DEAP:S12,T39,0,3.18,1,1,4,6,exposed,baseline_only,train,10.0,0.5565237885119403,0.44347621148805966
DEAP:S12:T40,DEAP:S12,T40,1,6.81,1,1,4,6,exposed,baseline_only,train,10.0,0.5146616955345196,0.4853383044654805
DEAP:S14:T01,DEAP:S14,T01,1,8.22,1,1,4,6,exposed,baseline_only,train,10.0,0.024059546954215527,0.9759404530457845
DEAP:S14:T03,DEAP:S14,T03,1,7.5,1,1,4,6,exposed,baseline_only,train,10.0,0.39274191159627514,0.6072580884037249
DEAP:S14:T06,DEAP:S14,T06,1,7.19,1,1,4,6,exposed,baseline_only,train,10.0,0.047109813769191766,0.9528901862308082
DEAP:S14:T08,DEAP:S14,T08,1,7.0,1,1,4,6,exposed,baseline_only,train,10.0,0.16658583514795244,0.8334141648520476
DEAP:S14:T11,DEAP:S14,T11,1,8.03,1,1,4,6,exposed,baseline_only,train,10.0,0.4869185309570132,0.5130814690429868
DEAP:S14:T12,DEAP:S14,T12,1,7.63,1,1,4,6,exposed,baseline_only,train,10.0,0.20080821068106813,0.7991917893189319
DEAP:S14:T16,DEAP:S14,T16,0,3.96,1,1,4,6,exposed,baseline_only,train,10.0,0.8627314879797692,0.13726851202023088
DEAP:S14:T25,DEAP:S14,T25,0,3.87,1,1,4,6,exposed,baseline_only,train,10.0,0.8228219179885408,0.17717808201145918
DEAP:S14:T26,DEAP:S14,T26,0,3.28,1,1,4,6,exposed,baseline_only,train,10.0,0.5614143718996805,0.4385856281003195
DEAP:S14:T31,DEAP:S14,T31,0,3.26,1,1,4,6,exposed,baseline_only,train,10.0,0.9133208100657362,0.08667918993426378
DEAP:S14:T34,DEAP:S14,T34,0,2.5,1,1,4,6,exposed,baseline_only,train,10.0,0.6393847553214766,0.3606152446785233
DEAP:S14:T35,DEAP:S14,T35,0,2.68,1,1,4,6,exposed,baseline_only,train,10.0,0.9044592304243843,0.09554076957561572
DEAP:S14:T39,DEAP:S14,T39,1,6.65,1,1,4,6,exposed,baseline_only,train,10.0,0.22823317218319294,0.771766827816807
DEAP:S14:T40,DEAP:S14,T40,1,6.68,1,1,4,6,exposed,baseline_only,train,10.0,0.3416644897053529,0.6583355102946471
DEAP:S16:T01,DEAP:S16,T01,0,2.51,1,1,4,6,exposed,baseline_only,train,10.0,0.9982488403035755,0.0017511596964245085
DEAP:S16:T03,DEAP:S16,T03,1,6.74,1,1,4,6,exposed,baseline_only,train,10.0,0.6067982432433676,0.3932017567566324
DEAP:S16:T11,DEAP:S16,T11,1,7.27,1,1,4,6,exposed,baseline_only,train,10.0,0.3881189366197363,0.6118810633802637
DEAP:S16:T12,DEAP:S16,T12,1,5.97,1,1,4,6,exposed,baseline_only,train,10.0,0.23364902477759786,0.7663509752224021
DEAP:S16:T23,DEAP:S16,T23,0,3.9,1,1,4,6,exposed,baseline_only,train,10.0,0.5609601503523539,0.4390398496476461
DEAP:S16:T25,DEAP:S16,T25,0,2.47,1,1,4,6,exposed,baseline_only,train,10.0,0.7775352823592974,0.22246471764070266
DEAP:S16:T26,DEAP:S16,T26,0,1.82,1,1,4,6,exposed,baseline_only,train,10.0,0.7396883384229384,0.26031166157706165
DEAP:S16:T31,DEAP:S16,T31,0,3.88,1,1,4,6,exposed,baseline_only,train,10.0,0.5984769622903268,0.40152303770967324
DEAP:S16:T33,DEAP:S16,T33,0,1.0,1,1,4,6,exposed,baseline_only,train,10.0,0.9657921773332139,0.03420782266678611
DEAP:S16:T34,DEAP:S16,T34,0,1.0,1,1,4,6,exposed,baseline_only,train,10.0,0.9901443061754842,0.009855693824515756
DEAP:S16:T39,DEAP:S16,T39,1,6.13,1,1,4,6,exposed,baseline_only,train,10.0,0.5578656046994295,0.4421343953005706
DEAP:S16:T40,DEAP:S16,T40,0,3.74,1,1,4,6,exposed,baseline_only,train,10.0,0.961653997234056,0.038346002765944014
DEAP:S17:T01,DEAP:S17,T01,0,4.05,1,1,4,6,exposed,baseline_only,train,10.0,0.686878954831217,0.31312104516878303
DEAP:S17:T03,DEAP:S17,T03,1,6.46,1,1,4,6,exposed,baseline_only,train,10.0,0.10434685506256147,0.8956531449374385
DEAP:S17:T06,DEAP:S17,T06,1,6.9,1,1,4,6,exposed,baseline_only,train,10.0,0.3229870731758677,0.6770129268241323
DEAP:S17:T08,DEAP:S17,T08,1,6.05,1,1,4,6,exposed,baseline_only,train,10.0,0.29418545149210684,0.7058145485078932
DEAP:S17:T11,DEAP:S17,T11,1,6.03,1,1,4,6,exposed,baseline_only,train,10.0,0.4268755747678066,0.5731244252321934
DEAP:S17:T12,DEAP:S17,T12,1,5.96,1,1,4,6,exposed,baseline_only,train,10.0,0.1566383784431602,0.8433616215568398
DEAP:S17:T16,DEAP:S17,T16,1,5.92,1,1,4,6,exposed,baseline_only,train,10.0,0.2809885289837426,0.7190114710162574
DEAP:S17:T23,DEAP:S17,T23,0,3.62,1,1,4,6,exposed,baseline_only,train,10.0,0.6219840319828145,0.37801596801718557
DEAP:S17:T25,DEAP:S17,T25,1,6.18,1,1,4,6,exposed,baseline_only,train,10.0,0.020787267863370262,0.9792127321366297
DEAP:S17:T26,DEAP:S17,T26,0,3.73,1,1,4,6,exposed,baseline_only,train,10.0,0.5288340728978116,0.4711659271021884
DEAP:S17:T33,DEAP:S17,T33,0,3.83,1,1,4,6,exposed,baseline_only,train,10.0,0.6993247037533457,0.3006752962466543
DEAP:S17:T34,DEAP:S17,T34,0,4.99,1,1,4,6,exposed,baseline_only,train,10.0,0.7570683907407391,0.24293160925926094
DEAP:S17:T35,DEAP:S17,T35,0,4.17,1,1,4,6,exposed,baseline_only,train,10.0,0.8239214848579394,0.1760785151420606
DEAP:S17:T39,DEAP:S17,T39,1,7.1,1,1,4,6,exposed,baseline_only,train,10.0,0.5698671237015751,0.4301328762984249
DEAP:S17:T40,DEAP:S17,T40,1,5.04,1,1,4,6,exposed,baseline_only,train,10.0,0.4599621337503016,0.5400378662496984
DEAP:S18:T01,DEAP:S18,T01,1,6.33,1,1,4,6,exposed,baseline_only,train,10.0,0.37764059042626474,0.6223594095737353
DEAP:S18:T03,DEAP:S18,T03,1,6.36,1,1,4,6,exposed,baseline_only,train,10.0,0.6441059900212545,0.3558940099787455
DEAP:S18:T06,DEAP:S18,T06,1,6.51,1,1,4,6,exposed,baseline_only,train,10.0,0.013835734366992924,0.9861642656330071
DEAP:S18:T11,DEAP:S18,T11,1,6.24,1,1,4,6,exposed,baseline_only,train,10.0,0.25128012362376795,0.748719876376232
DEAP:S18:T12,DEAP:S18,T12,1,5.55,1,1,4,6,exposed,baseline_only,train,10.0,0.3881997753986127,0.6118002246013873
DEAP:S18:T16,DEAP:S18,T16,0,4.38,1,1,4,6,exposed,baseline_only,train,10.0,0.8815963783199962,0.1184036216800038
DEAP:S18:T23,DEAP:S18,T23,0,3.71,1,1,4,6,exposed,baseline_only,train,10.0,0.974670713839685,0.02532928616031509
DEAP:S18:T25,DEAP:S18,T25,0,4.23,1,1,4,6,exposed,baseline_only,train,10.0,0.40845175967030367,0.5915482403296963
DEAP:S18:T26,DEAP:S18,T26,1,5.44,1,1,4,6,exposed,baseline_only,train,10.0,0.28495750760096883,0.7150424923990312
DEAP:S18:T34,DEAP:S18,T34,0,4.15,1,1,4,6,exposed,baseline_only,train,10.0,0.6920171088067306,0.3079828911932694
DEAP:S18:T35,DEAP:S18,T35,1,5.12,1,1,4,6,exposed,baseline_only,train,10.0,0.41255277375720534,0.5874472262427947
DEAP:S18:T39,DEAP:S18,T39,0,4.06,1,1,4,6,exposed,baseline_only,train,10.0,0.41781480308333363,0.5821851969166664
DEAP:S20:T01,DEAP:S20,T01,1,5.76,1,1,4,6,exposed,baseline_only,train,10.0,0.7118629763979519,0.28813702360204807
DEAP:S20:T03,DEAP:S20,T03,1,7.18,1,1,4,6,exposed,baseline_only,train,10.0,0.06880644914682266,0.9311935508531773
DEAP:S20:T06,DEAP:S20,T06,1,7.62,1,1,4,6,exposed,baseline_only,train,10.0,0.5271989963504409,0.47280100364955907
DEAP:S20:T08,DEAP:S20,T08,1,7.63,1,1,4,6,exposed,baseline_only,train,10.0,0.07911400895636489,0.9208859910436351
DEAP:S20:T11,DEAP:S20,T11,1,8.18,1,1,4,6,exposed,baseline_only,train,10.0,0.3644300599668395,0.6355699400331605
DEAP:S20:T12,DEAP:S20,T12,1,7.64,1,1,4,6,exposed,baseline_only,train,10.0,0.14528582445384486,0.8547141755461551
DEAP:S20:T16,DEAP:S20,T16,1,5.03,1,1,4,6,exposed,baseline_only,train,10.0,0.8205741285655693,0.17942587143443064
DEAP:S20:T23,DEAP:S20,T23,0,2.82,1,1,4,6,exposed,baseline_only,train,10.0,0.9144996244805466,0.0855003755194535
DEAP:S20:T26,DEAP:S20,T26,0,4.31,1,1,4,6,exposed,baseline_only,train,10.0,0.8182247611302121,0.18177523886978783
DEAP:S20:T31,DEAP:S20,T31,0,4.46,1,1,4,6,exposed,baseline_only,train,10.0,0.5159639887646256,0.48403601123537443
DEAP:S20:T33,DEAP:S20,T33,0,4.64,1,1,4,6,exposed,baseline_only,train,10.0,0.6184467097148693,0.38155329028513074
DEAP:S20:T34,DEAP:S20,T34,0,4.74,1,1,4,6,exposed,baseline_only,train,10.0,0.9112158675557681,0.0887841324442319
DEAP:S20:T35,DEAP:S20,T35,0,4.35,1,1,4,6,exposed,baseline_only,train,10.0,0.8680712558287351,0.13192874417126493
DEAP:S20:T40,DEAP:S20,T40,0,4.94,1,1,4,6,exposed,baseline_only,train,10.0,0.5017189633317625,0.4982810366682376
DEAP:S21:T01,DEAP:S21,T01,1,6.42,1,1,4,6,exposed,baseline_only,train,10.0,0.2189429131280184,0.7810570868719816
DEAP:S21:T06,DEAP:S21,T06,1,7.92,1,1,4,6,exposed,baseline_only,train,10.0,0.6170893679597812,0.3829106320402188
DEAP:S21:T08,DEAP:S21,T08,1,8.81,1,1,4,6,exposed,baseline_only,train,10.0,0.054856199158325625,0.9451438008416744
DEAP:S21:T11,DEAP:S21,T11,1,7.05,1,1,4,6,exposed,baseline_only,train,10.0,0.37644222222535784,0.6235577777746422
DEAP:S21:T12,DEAP:S21,T12,0,4.63,1,1,4,6,exposed,baseline_only,train,10.0,0.5343040919608661,0.4656959080391339
DEAP:S21:T16,DEAP:S21,T16,1,5.99,1,1,4,6,exposed,baseline_only,train,10.0,0.9175955497251596,0.08240445027484045
DEAP:S21:T23,DEAP:S21,T23,0,4.69,1,1,4,6,exposed,baseline_only,train,10.0,0.6769951083085026,0.32300489169149743
DEAP:S21:T26,DEAP:S21,T26,0,4.06,1,1,4,6,exposed,baseline_only,train,10.0,0.6564655729904791,0.3435344270095208
DEAP:S21:T31,DEAP:S21,T31,1,5.04,1,1,4,6,exposed,baseline_only,train,10.0,0.3249535681093264,0.6750464318906736
DEAP:S21:T33,DEAP:S21,T33,1,7.03,1,1,4,6,exposed,baseline_only,train,10.0,0.4558745233235495,0.5441254766764505
DEAP:S21:T34,DEAP:S21,T34,0,4.06,1,1,4,6,exposed,baseline_only,train,10.0,0.7457186633035423,0.2542813366964577
DEAP:S21:T35,DEAP:S21,T35,0,4.92,1,1,4,6,exposed,baseline_only,train,10.0,0.7210758769222352,0.2789241230777648
DEAP:S21:T39,DEAP:S21,T39,1,6.09,1,1,4,6,exposed,baseline_only,train,10.0,0.42364243113938005,0.57635756886062
DEAP:S21:T40,DEAP:S21,T40,0,3.99,1,1,4,6,exposed,baseline_only,train,10.0,0.5567446630068308,0.4432553369931692
DEAP:S22:T01,DEAP:S22,T01,1,5.05,1,1,4,6,exposed,baseline_only,train,10.0,0.689720083057145,0.31027991694285495
DEAP:S22:T03,DEAP:S22,T03,1,7.05,1,1,4,6,exposed,baseline_only,train,10.0,0.047916167320970815,0.9520838326790292
DEAP:S22:T06,DEAP:S22,T06,0,4.97,1,1,4,6,exposed,baseline_only,train,10.0,0.8205066517844508,0.17949334821554924
DEAP:S22:T08,DEAP:S22,T08,1,7.09,1,1,4,6,exposed,baseline_only,train,10.0,0.6179809667677101,0.3820190332322899
DEAP:S22:T11,DEAP:S22,T11,1,8.05,1,1,4,6,exposed,baseline_only,train,10.0,0.08552755026577497,0.914472449734225
DEAP:S22:T12,DEAP:S22,T12,0,4.99,1,1,4,6,exposed,baseline_only,train,10.0,0.8393007843257967,0.1606992156742033
DEAP:S22:T16,DEAP:S22,T16,1,6.06,1,1,4,6,exposed,baseline_only,train,10.0,0.2957159386589804,0.7042840613410196
DEAP:S22:T23,DEAP:S22,T23,0,2.99,1,1,4,6,exposed,baseline_only,train,10.0,0.8849021811915303,0.11509781880846966
DEAP:S22:T31,DEAP:S22,T31,0,2.01,1,1,4,6,exposed,baseline_only,train,10.0,0.4744331756973046,0.5255668243026954
DEAP:S22:T33,DEAP:S22,T33,0,1.96,1,1,4,6,exposed,baseline_only,train,10.0,0.736907398274105,0.26309260172589505
DEAP:S22:T34,DEAP:S22,T34,1,5.04,1,1,4,6,exposed,baseline_only,train,10.0,0.7911683026187015,0.20883169738129853
DEAP:S22:T39,DEAP:S22,T39,0,1.0,1,1,4,6,exposed,baseline_only,train,10.0,0.5217185501976493,0.4782814498023507
DEAP:S22:T40,DEAP:S22,T40,0,2.97,1,1,4,6,exposed,baseline_only,train,10.0,0.8617337921880411,0.13826620781195884
DEAP:S23:T01,DEAP:S23,T01,1,7.71,1,1,4,6,exposed,baseline_only,train,10.0,0.09059182910360242,0.9094081708963976
DEAP:S23:T03,DEAP:S23,T03,1,7.09,1,1,4,6,exposed,baseline_only,train,10.0,0.022721482001593407,0.9772785179984066
DEAP:S23:T06,DEAP:S23,T06,1,5.09,1,1,4,6,exposed,baseline_only,train,10.0,0.02630020396785626,0.9736997960321437
DEAP:S23:T08,DEAP:S23,T08,1,7.23,1,1,4,6,exposed,baseline_only,train,10.0,0.03737813787630717,0.9626218621236928
DEAP:S23:T11,DEAP:S23,T11,1,7.0,1,1,4,6,exposed,baseline_only,train,10.0,0.0468316942044783,0.9531683057955217
DEAP:S23:T12,DEAP:S23,T12,1,7.0,1,1,4,6,exposed,baseline_only,train,10.0,0.6463314464983548,0.35366855350164517
DEAP:S23:T16,DEAP:S23,T16,1,5.15,1,1,4,6,exposed,baseline_only,train,10.0,0.002000042086054199,0.9979999579139458
DEAP:S23:T23,DEAP:S23,T23,0,4.17,1,1,4,6,exposed,baseline_only,train,10.0,0.9150837215976066,0.08491627840239335
DEAP:S23:T25,DEAP:S23,T25,0,4.97,1,1,4,6,exposed,baseline_only,train,10.0,0.5646823575479479,0.43531764245205207
DEAP:S23:T26,DEAP:S23,T26,1,8.27,1,1,4,6,exposed,baseline_only,train,10.0,0.5144696103144238,0.48553038968557616
DEAP:S23:T31,DEAP:S23,T31,0,4.86,1,1,4,6,exposed,baseline_only,train,10.0,0.9447867179993312,0.05521328200066878
DEAP:S23:T33,DEAP:S23,T33,1,5.04,1,1,4,6,exposed,baseline_only,train,10.0,0.2965075759387754,0.7034924240612246
DEAP:S23:T34,DEAP:S23,T34,1,6.72,1,1,4,6,exposed,baseline_only,train,10.0,0.04853292092674888,0.9514670790732511
DEAP:S23:T35,DEAP:S23,T35,1,5.18,1,1,4,6,exposed,baseline_only,train,10.0,0.08646656165331368,0.9135334383466863
DEAP:S23:T40,DEAP:S23,T40,0,4.88,1,1,4,6,exposed,baseline_only,train,10.0,0.547328230287639,0.45267176971236095
DEAP:S25:T01,DEAP:S25,T01,1,8.06,1,1,4,6,exposed,baseline_only,train,10.0,0.48014459265243226,0.5198554073475677
DEAP:S25:T03,DEAP:S25,T03,1,7.12,1,1,4,6,exposed,baseline_only,train,10.0,0.8095068293041121,0.19049317069588795
DEAP:S25:T08,DEAP:S25,T08,1,8.04,1,1,4,6,exposed,baseline_only,train,10.0,0.3342564282132745,0.6657435717867255
DEAP:S25:T11,DEAP:S25,T11,1,9.0,1,1,4,6,exposed,baseline_only,train,10.0,0.7759854633138814,0.22401453668611865
DEAP:S25:T12,DEAP:S25,T12,1,8.04,1,1,4,6,exposed,baseline_only,train,10.0,0.2900068590489536,0.7099931409510464
DEAP:S25:T16,DEAP:S25,T16,1,6.05,1,1,4,6,exposed,baseline_only,train,10.0,0.36623415544326154,0.6337658445567385
DEAP:S25:T23,DEAP:S25,T23,0,2.01,1,1,4,6,exposed,baseline_only,train,10.0,0.9898784523502985,0.010121547649701522
DEAP:S25:T26,DEAP:S25,T26,0,4.99,1,1,4,6,exposed,baseline_only,train,10.0,0.4675932293135192,0.5324067706864808
DEAP:S25:T31,DEAP:S25,T31,0,1.01,1,1,4,6,exposed,baseline_only,train,10.0,0.5682422909514155,0.43175770904858446
DEAP:S25:T33,DEAP:S25,T33,0,1.94,1,1,4,6,exposed,baseline_only,train,10.0,0.935123064115159,0.064876935884841
DEAP:S25:T34,DEAP:S25,T34,0,4.95,1,1,4,6,exposed,baseline_only,train,10.0,0.25791273709024864,0.7420872629097514
DEAP:S25:T39,DEAP:S25,T39,0,1.0,1,1,4,6,exposed,baseline_only,train,10.0,0.6590096731811773,0.3409903268188227
DEAP:S25:T40,DEAP:S25,T40,0,1.0,1,1,4,6,exposed,baseline_only,train,10.0,0.6872081323922898,0.3127918676077102
DEAP:S26:T01,DEAP:S26,T01,1,7.97,1,1,4,6,exposed,baseline_only,train,10.0,0.0965664865263468,0.9034335134736532
DEAP:S26:T03,DEAP:S26,T03,1,9.0,1,1,4,6,exposed,baseline_only,train,10.0,0.493450572723124,0.506549427276876
DEAP:S26:T06,DEAP:S26,T06,1,8.09,1,1,4,6,exposed,baseline_only,train,10.0,0.6422471160052883,0.3577528839947118
DEAP:S26:T08,DEAP:S26,T08,1,8.01,1,1,4,6,exposed,baseline_only,train,10.0,0.1934388776176772,0.8065611223823228
DEAP:S26:T11,DEAP:S26,T11,1,8.04,1,1,4,6,exposed,baseline_only,train,10.0,0.4788344170764477,0.5211655829235523
DEAP:S26:T12,DEAP:S26,T12,1,7.04,1,1,4,6,exposed,baseline_only,train,10.0,0.2886584699569956,0.7113415300430044
DEAP:S26:T16,DEAP:S26,T16,1,6.19,1,1,4,6,exposed,baseline_only,train,10.0,0.4034981701060777,0.5965018298939223
DEAP:S26:T23,DEAP:S26,T23,0,2.28,1,1,4,6,exposed,baseline_only,train,10.0,0.8616061843754471,0.13839381562455288
DEAP:S26:T25,DEAP:S26,T25,1,7.14,1,1,4,6,exposed,baseline_only,train,10.0,0.17959691088392138,0.8204030891160786
DEAP:S26:T26,DEAP:S26,T26,1,5.05,1,1,4,6,exposed,baseline_only,train,10.0,0.321385821486711,0.678614178513289
DEAP:S26:T31,DEAP:S26,T31,0,1.97,1,1,4,6,exposed,baseline_only,train,10.0,0.36785049025457306,0.6321495097454269
DEAP:S26:T34,DEAP:S26,T34,0,1.0,1,1,4,6,exposed,baseline_only,train,10.0,0.8303419768352472,0.16965802316475276
DEAP:S26:T39,DEAP:S26,T39,0,1.95,1,1,4,6,exposed,baseline_only,train,10.0,0.8604198128801815,0.13958018711981848
DEAP:S26:T40,DEAP:S26,T40,0,3.06,1,1,4,6,exposed,baseline_only,train,10.0,0.26609703849952226,0.7339029615004777
DEAP:S27:T01,DEAP:S27,T01,1,6.03,1,1,4,6,exposed,baseline_only,train,10.0,0.28270670450835367,0.7172932954916463
DEAP:S27:T03,DEAP:S27,T03,1,9.0,1,1,4,6,exposed,baseline_only,train,10.0,0.01714246557065402,0.982857534429346
DEAP:S27:T06,DEAP:S27,T06,1,7.0,1,1,4,6,exposed,baseline_only,train,10.0,0.0018888652747751644,0.9981111347252248
DEAP:S27:T08,DEAP:S27,T08,1,8.24,1,1,4,6,exposed,baseline_only,train,10.0,0.4918061984657006,0.5081938015342994
DEAP:S27:T11,DEAP:S27,T11,1,9.0,1,1,4,6,exposed,baseline_only,train,10.0,0.2856874371565359,0.7143125628434641
DEAP:S27:T12,DEAP:S27,T12,0,4.18,1,1,4,6,exposed,baseline_only,train,10.0,0.6470768227807265,0.35292317721927347
DEAP:S27:T16,DEAP:S27,T16,1,8.06,1,1,4,6,exposed,baseline_only,train,10.0,0.18650472792688932,0.8134952720731107
DEAP:S27:T23,DEAP:S27,T23,1,8.0,1,1,4,6,exposed,baseline_only,train,10.0,0.07433872907279593,0.9256612709272041
DEAP:S27:T26,DEAP:S27,T26,1,5.04,1,1,4,6,exposed,baseline_only,train,10.0,0.2902270051290784,0.7097729948709216
DEAP:S27:T31,DEAP:S27,T31,1,5.08,1,1,4,6,exposed,baseline_only,train,10.0,0.07200891415360688,0.9279910858463931
DEAP:S27:T33,DEAP:S27,T33,1,5.04,1,1,4,6,exposed,baseline_only,train,10.0,0.1640966370599738,0.8359033629400262
DEAP:S27:T34,DEAP:S27,T34,0,2.85,1,1,4,6,exposed,baseline_only,train,10.0,0.6675130025822928,0.33248699741770715
DEAP:S27:T39,DEAP:S27,T39,0,2.14,1,1,4,6,exposed,baseline_only,train,10.0,0.6820287196280336,0.3179712803719664
DEAP:S27:T40,DEAP:S27,T40,1,5.04,1,1,4,6,exposed,baseline_only,train,10.0,0.45149537496743997,0.54850462503256
DEAP:S28:T01,DEAP:S28,T01,1,7.03,1,1,4,6,exposed,baseline_only,train,10.0,0.05989311063941527,0.9401068893605847
DEAP:S28:T03,DEAP:S28,T03,1,9.0,1,1,4,6,exposed,baseline_only,train,10.0,0.05485041952056491,0.9451495804794351
DEAP:S28:T06,DEAP:S28,T06,1,8.15,1,1,4,6,exposed,baseline_only,train,10.0,0.2503285380315171,0.7496714619684829
DEAP:S28:T08,DEAP:S28,T08,1,7.01,1,1,4,6,exposed,baseline_only,train,10.0,0.21492953772650858,0.7850704622734914
DEAP:S28:T11,DEAP:S28,T11,1,7.01,1,1,4,6,exposed,baseline_only,train,10.0,0.14319522249907857,0.8568047775009214
DEAP:S28:T12,DEAP:S28,T12,1,6.06,1,1,4,6,exposed,baseline_only,train,10.0,0.60299484184713,0.39700515815287
DEAP:S28:T16,DEAP:S28,T16,1,6.91,1,1,4,6,exposed,baseline_only,train,10.0,0.38818590730675107,0.6118140926932489
DEAP:S28:T25,DEAP:S28,T25,0,4.06,1,1,4,6,exposed,baseline_only,train,10.0,0.44664097205557696,0.553359027944423
DEAP:S28:T26,DEAP:S28,T26,0,1.99,1,1,4,6,exposed,baseline_only,train,10.0,0.5062280516986919,0.4937719483013081
DEAP:S28:T31,DEAP:S28,T31,1,6.91,1,1,4,6,exposed,baseline_only,train,10.0,0.4369732207905801,0.5630267792094199
DEAP:S28:T33,DEAP:S28,T33,1,7.01,1,1,4,6,exposed,baseline_only,train,10.0,0.034652338458983634,0.9653476615410164
DEAP:S28:T34,DEAP:S28,T34,1,5.99,1,1,4,6,exposed,baseline_only,train,10.0,0.47722591643515855,0.5227740835648415
DEAP:S28:T35,DEAP:S28,T35,0,1.08,1,1,4,6,exposed,baseline_only,train,10.0,0.1339143271182789,0.8660856728817211
DEAP:S28:T39,DEAP:S28,T39,0,1.04,1,1,4,6,exposed,baseline_only,train,10.0,0.19746548115688223,0.8025345188431178
DEAP:S28:T40,DEAP:S28,T40,1,7.1,1,1,4,6,exposed,baseline_only,train,10.0,0.6478303031046493,0.3521696968953507
DEAP:S29:T01,DEAP:S29,T01,1,6.06,1,1,4,6,exposed,baseline_only,train,10.0,3.901391080285421e-05,0.9999609860891971
DEAP:S29:T03,DEAP:S29,T03,1,9.0,1,1,4,6,exposed,baseline_only,train,10.0,0.029706546981865367,0.9702934530181346
DEAP:S29:T06,DEAP:S29,T06,1,8.03,1,1,4,6,exposed,baseline_only,train,10.0,0.16350433363427652,0.8364956663657235
DEAP:S29:T08,DEAP:S29,T08,1,7.04,1,1,4,6,exposed,baseline_only,train,10.0,0.1310716621168777,0.8689283378831223
DEAP:S29:T11,DEAP:S29,T11,1,8.03,1,1,4,6,exposed,baseline_only,train,10.0,0.42524059987864504,0.574759400121355
DEAP:S29:T12,DEAP:S29,T12,1,6.04,1,1,4,6,exposed,baseline_only,train,10.0,0.21699540340563195,0.783004596594368
DEAP:S29:T16,DEAP:S29,T16,0,3.0,1,1,4,6,exposed,baseline_only,train,10.0,0.8631259956970411,0.13687400430295896
DEAP:S29:T23,DEAP:S29,T23,0,2.05,1,1,4,6,exposed,baseline_only,train,10.0,0.8139885459958132,0.1860114540041868
DEAP:S29:T31,DEAP:S29,T31,0,1.0,1,1,4,6,exposed,baseline_only,train,10.0,0.5108609692136508,0.4891390307863492
DEAP:S29:T34,DEAP:S29,T34,0,3.95,1,1,4,6,exposed,baseline_only,train,10.0,0.9667698337570078,0.03323016624299223
DEAP:S29:T35,DEAP:S29,T35,0,1.92,1,1,4,6,exposed,baseline_only,train,10.0,0.9679256104145701,0.032074389585429894
DEAP:S29:T39,DEAP:S29,T39,1,6.05,1,1,4,6,exposed,baseline_only,train,10.0,0.22526343255670533,0.7747365674432947
DEAP:S29:T40,DEAP:S29,T40,1,6.01,1,1,4,6,exposed,baseline_only,train,10.0,0.09704846316356375,0.9029515368364363
DEAP:S30:T01,DEAP:S30,T01,1,5.04,1,1,4,6,exposed,baseline_only,train,10.0,0.3940742101297593,0.6059257898702407
DEAP:S30:T03,DEAP:S30,T03,1,6.15,1,1,4,6,exposed,baseline_only,train,10.0,0.21928871284843177,0.7807112871515682
DEAP:S30:T06,DEAP:S30,T06,1,6.22,1,1,4,6,exposed,baseline_only,train,10.0,0.11414390818896958,0.8858560918110304
DEAP:S30:T08,DEAP:S30,T08,1,6.05,1,1,4,6,exposed,baseline_only,train,10.0,0.6528048671165142,0.3471951328834858
DEAP:S30:T11,DEAP:S30,T11,1,6.06,1,1,4,6,exposed,baseline_only,train,10.0,0.4131539627830192,0.5868460372169808
DEAP:S30:T12,DEAP:S30,T12,1,5.15,1,1,4,6,exposed,baseline_only,train,10.0,0.4281389571903862,0.5718610428096138
DEAP:S30:T16,DEAP:S30,T16,1,5.04,1,1,4,6,exposed,baseline_only,train,10.0,0.480350787200451,0.519649212799549
DEAP:S30:T23,DEAP:S30,T23,0,3.0,1,1,4,6,exposed,baseline_only,train,10.0,0.2778880107578817,0.7221119892421183
DEAP:S30:T25,DEAP:S30,T25,0,3.92,1,1,4,6,exposed,baseline_only,train,10.0,0.5344423183845102,0.46555768161548977
DEAP:S30:T26,DEAP:S30,T26,1,5.01,1,1,4,6,exposed,baseline_only,train,10.0,0.6283290974815718,0.3716709025184282
DEAP:S30:T31,DEAP:S30,T31,0,3.86,1,1,4,6,exposed,baseline_only,train,10.0,0.6036539441845379,0.3963460558154621
DEAP:S30:T33,DEAP:S30,T33,0,3.91,1,1,4,6,exposed,baseline_only,train,10.0,0.5829685307655813,0.4170314692344187
DEAP:S30:T34,DEAP:S30,T34,0,4.99,1,1,4,6,exposed,baseline_only,train,10.0,0.4538770169621831,0.5461229830378169
DEAP:S30:T35,DEAP:S30,T35,1,5.04,1,1,4,6,exposed,baseline_only,train,10.0,0.2891435238917791,0.7108564761082209
DEAP:S30:T39,DEAP:S30,T39,0,2.97,1,1,4,6,exposed,baseline_only,train,10.0,0.4675741347994359,0.5324258652005641
DEAP:S31:T01,DEAP:S31,T01,1,6.79,1,1,4,6,exposed,baseline_only,train,10.0,0.06288555228115089,0.9371144477188491
DEAP:S31:T03,DEAP:S31,T03,1,8.04,1,1,4,6,exposed,baseline_only,train,10.0,0.20204507387850545,0.7979549261214945
DEAP:S31:T06,DEAP:S31,T06,0,4.99,1,1,4,6,exposed,baseline_only,train,10.0,0.7690945602913904,0.23090543970860955
DEAP:S31:T08,DEAP:S31,T08,1,6.03,1,1,4,6,exposed,baseline_only,train,10.0,0.42882447582566807,0.5711755241743319
DEAP:S31:T11,DEAP:S31,T11,1,9.0,1,1,4,6,exposed,baseline_only,train,10.0,0.2788393727620321,0.7211606272379679
DEAP:S31:T12,DEAP:S31,T12,1,7.14,1,1,4,6,exposed,baseline_only,train,10.0,0.125001026568764,0.874998973431236
DEAP:S31:T16,DEAP:S31,T16,1,6.09,1,1,4,6,exposed,baseline_only,train,10.0,0.12580726795925723,0.8741927320407428
DEAP:S31:T23,DEAP:S31,T23,0,1.0,1,1,4,6,exposed,baseline_only,train,10.0,0.8741164046495402,0.12588359535045984
DEAP:S31:T25,DEAP:S31,T25,1,6.14,1,1,4,6,exposed,baseline_only,train,10.0,0.18197852108302426,0.8180214789169757
DEAP:S31:T26,DEAP:S31,T26,1,7.08,1,1,4,6,exposed,baseline_only,train,10.0,0.4420022755779629,0.5579977244220371
DEAP:S31:T33,DEAP:S31,T33,0,4.18,1,1,4,6,exposed,baseline_only,train,10.0,0.4078151759375984,0.5921848240624016
DEAP:S31:T34,DEAP:S31,T34,0,1.95,1,1,4,6,exposed,baseline_only,train,10.0,0.9400976916763538,0.059902308323646146
DEAP:S31:T40,DEAP:S31,T40,0,3.99,1,1,4,6,exposed,baseline_only,train,10.0,0.7165506564316024,0.2834493435683976
DEAP:S13:T02,DEAP:S13,T02,0,4.03,1,1,4,6,exposed,baseline_only,validation_unseen,10.0,0.3931137306031104,0.6068862693968896
DEAP:S13:T10,DEAP:S13,T10,0,4.01,1,1,4,6,exposed,baseline_only,validation_unseen,10.0,0.4306396587350597,0.5693603412649403
DEAP:S13:T14,DEAP:S13,T14,1,7.97,1,1,4,6,exposed,baseline_only,validation_unseen,10.0,0.1473527707462231,0.8526472292537769
DEAP:S13:T17,DEAP:S13,T17,1,5.99,1,1,4,6,exposed,baseline_only,validation_unseen,10.0,0.7425222980117696,0.25747770198823033
DEAP:S13:T20,DEAP:S13,T20,1,7.6,1,1,4,6,exposed,baseline_only,validation_unseen,10.0,0.8175070998730216,0.18249290012697844
DEAP:S13:T21,DEAP:S13,T21,0,2.0,1,1,4,6,exposed,baseline_only,validation_unseen,10.0,0.06892595637051957,0.9310740436294804
DEAP:S13:T37,DEAP:S13,T37,0,1.0,1,1,4,6,exposed,baseline_only,validation_unseen,10.0,0.9897493671183458,0.01025063288165423
DEAP:S13:T38,DEAP:S13,T38,0,1.0,1,1,4,6,exposed,baseline_only,validation_unseen,10.0,0.5798130249437079,0.4201869750562921
DEAP:S15:T02,DEAP:S15,T02,1,5.04,1,1,4,6,exposed,baseline_only,validation_unseen,10.0,4.512211179097392e-05,0.999954877888209
DEAP:S15:T10,DEAP:S15,T10,0,4.99,1,1,4,6,exposed,baseline_only,validation_unseen,10.0,0.06907948035632394,0.9309205196436761
DEAP:S15:T14,DEAP:S15,T14,1,8.15,1,1,4,6,exposed,baseline_only,validation_unseen,10.0,6.7525916649380235e-06,0.9999932474083351
DEAP:S15:T17,DEAP:S15,T17,1,8.1,1,1,4,6,exposed,baseline_only,validation_unseen,10.0,0.0014128278497861357,0.9985871721502139
DEAP:S15:T20,DEAP:S15,T20,1,7.97,1,1,4,6,exposed,baseline_only,validation_unseen,10.0,0.000215851948562662,0.9997841480514373
DEAP:S15:T21,DEAP:S15,T21,0,3.09,1,1,4,6,exposed,baseline_only,validation_unseen,10.0,4.211767583583992e-07,0.9999995788232416
DEAP:S15:T37,DEAP:S15,T37,0,3.04,1,1,4,6,exposed,baseline_only,validation_unseen,10.0,0.24044744581800237,0.7595525541819976
DEAP:S15:T38,DEAP:S15,T38,0,2.08,1,1,4,6,exposed,baseline_only,validation_unseen,10.0,6.457031574291783e-05,0.9999354296842571
DEAP:S24:T02,DEAP:S24,T02,1,6.04,1,1,4,6,exposed,baseline_only,validation_unseen,10.0,0.4328160015915886,0.5671839984084114
DEAP:S24:T10,DEAP:S24,T10,1,5.01,1,1,4,6,exposed,baseline_only,validation_unseen,10.0,0.3098585808542388,0.6901414191457612
DEAP:S24:T14,DEAP:S24,T14,1,8.05,1,1,4,6,exposed,baseline_only,validation_unseen,10.0,0.1563380182443953,0.8436619817556047
DEAP:S24:T17,DEAP:S24,T17,0,4.08,1,1,4,6,exposed,baseline_only,validation_unseen,10.0,0.4573857977409853,0.5426142022590147
DEAP:S24:T20,DEAP:S24,T20,0,4.03,1,1,4,6,exposed,baseline_only,validation_unseen,10.0,0.4973545343625554,0.5026454656374446
DEAP:S24:T21,DEAP:S24,T21,0,1.96,1,1,4,6,exposed,baseline_only,validation_unseen,10.0,0.9299526091818302,0.07004739081816976
DEAP:S24:T37,DEAP:S24,T37,0,4.0,1,1,4,6,exposed,baseline_only,validation_unseen,10.0,0.969429699008581,0.030570300991418976
DEAP:S24:T38,DEAP:S24,T38,0,2.03,1,1,4,6,exposed,baseline_only,validation_unseen,10.0,0.7667523605905049,0.23324763940949506
DEAP:S32:T02,DEAP:S32,T02,0,4.99,1,1,4,6,exposed,baseline_only,validation_unseen,10.0,0.9985560893591768,0.0014439106408231377
DEAP:S32:T10,DEAP:S32,T10,0,4.08,1,1,4,6,exposed,baseline_only,validation_unseen,10.0,0.9913456582289396,0.008654341771060383
DEAP:S32:T14,DEAP:S32,T14,1,7.1,1,1,4,6,exposed,baseline_only,validation_unseen,10.0,0.7692376885740739,0.23076231142592604
DEAP:S32:T17,DEAP:S32,T17,1,6.09,1,1,4,6,exposed,baseline_only,validation_unseen,10.0,0.9609273881177093,0.03907261188229071
DEAP:S32:T20,DEAP:S32,T20,1,6.03,1,1,4,6,exposed,baseline_only,validation_unseen,10.0,0.998189831404908,0.0018101685950919276
DEAP:S32:T21,DEAP:S32,T21,0,4.12,1,1,4,6,exposed,baseline_only,validation_unseen,10.0,0.997497426997307,0.0025025730026929584
DEAP:S32:T37,DEAP:S32,T37,0,2.81,1,1,4,6,exposed,baseline_only,validation_unseen,10.0,0.9954204511421774,0.0045795488578226715
DEAP:S32:T38,DEAP:S32,T38,0,3.05,1,1,4,6,exposed,baseline_only,validation_unseen,10.0,0.9978421015878192,0.0021578984121808057
DEAP:S13:T01,DEAP:S13,T01,1,6.15,1,1,4,6,exposed,baseline_only,validation_familiar,10.0,0.7898125315259463,0.21018746847405367
DEAP:S13:T03,DEAP:S13,T03,1,9.0,1,1,4,6,exposed,baseline_only,validation_familiar,10.0,0.5757213074373575,0.4242786925626425
DEAP:S13:T06,DEAP:S13,T06,0,4.46,1,1,4,6,exposed,baseline_only,validation_familiar,10.0,0.049262328674046674,0.9507376713259533
DEAP:S13:T08,DEAP:S13,T08,1,7.99,1,1,4,6,exposed,baseline_only,validation_familiar,10.0,0.16386785247459423,0.8361321475254058
DEAP:S13:T11,DEAP:S13,T11,1,7.04,1,1,4,6,exposed,baseline_only,validation_familiar,10.0,0.5007507269320246,0.4992492730679754
DEAP:S13:T12,DEAP:S13,T12,1,5.08,1,1,4,6,exposed,baseline_only,validation_familiar,10.0,0.4761641232758492,0.5238358767241508
DEAP:S13:T23,DEAP:S13,T23,0,1.0,1,1,4,6,exposed,baseline_only,validation_familiar,10.0,0.029735247363941175,0.9702647526360588
DEAP:S13:T25,DEAP:S13,T25,0,3.97,1,1,4,6,exposed,baseline_only,validation_familiar,10.0,0.7028764038970112,0.2971235961029887
DEAP:S13:T26,DEAP:S13,T26,1,5.04,1,1,4,6,exposed,baseline_only,validation_familiar,10.0,0.2565172143942307,0.7434827856057693
DEAP:S13:T31,DEAP:S13,T31,0,1.97,1,1,4,6,exposed,baseline_only,validation_familiar,10.0,0.20002291081293078,0.7999770891870692
DEAP:S13:T33,DEAP:S13,T33,0,4.55,1,1,4,6,exposed,baseline_only,validation_familiar,10.0,0.8293716967756605,0.17062830322433953
DEAP:S13:T34,DEAP:S13,T34,0,2.92,1,1,4,6,exposed,baseline_only,validation_familiar,10.0,0.41459711793633947,0.5854028820636605
DEAP:S13:T35,DEAP:S13,T35,0,1.0,1,1,4,6,exposed,baseline_only,validation_familiar,10.0,0.7580077294885281,0.24199227051147187
DEAP:S13:T39,DEAP:S13,T39,0,1.97,1,1,4,6,exposed,baseline_only,validation_familiar,10.0,0.7476050935827319,0.25239490641726814
DEAP:S13:T40,DEAP:S13,T40,0,4.08,1,1,4,6,exposed,baseline_only,validation_familiar,10.0,0.7058802302226892,0.29411976977731086
DEAP:S15:T01,DEAP:S15,T01,1,8.9,1,1,4,6,exposed,baseline_only,validation_familiar,10.0,0.006713917446142026,0.993286082553858
DEAP:S15:T03,DEAP:S15,T03,1,8.04,1,1,4,6,exposed,baseline_only,validation_familiar,10.0,2.843113765971239e-06,0.999997156886234
DEAP:S15:T06,DEAP:S15,T06,1,9.0,1,1,4,6,exposed,baseline_only,validation_familiar,10.0,0.00023527186599570094,0.9997647281340043
DEAP:S15:T08,DEAP:S15,T08,1,9.0,1,1,4,6,exposed,baseline_only,validation_familiar,10.0,0.0058712588047786785,0.9941287411952213
DEAP:S15:T11,DEAP:S15,T11,1,8.99,1,1,4,6,exposed,baseline_only,validation_familiar,10.0,4.510953533487516e-05,0.9999548904646651
DEAP:S15:T12,DEAP:S15,T12,1,7.08,1,1,4,6,exposed,baseline_only,validation_familiar,10.0,1.1651673058943324e-05,0.9999883483269411
DEAP:S15:T16,DEAP:S15,T16,0,4.17,1,1,4,6,exposed,baseline_only,validation_familiar,10.0,0.0028997219296375,0.9971002780703625
DEAP:S15:T23,DEAP:S15,T23,0,3.05,1,1,4,6,exposed,baseline_only,validation_familiar,10.0,4.021294294220823e-06,0.9999959787057058
DEAP:S15:T25,DEAP:S15,T25,0,2.96,1,1,4,6,exposed,baseline_only,validation_familiar,10.0,4.078613729863179e-06,0.9999959213862701
DEAP:S15:T26,DEAP:S15,T26,0,4.96,1,1,4,6,exposed,baseline_only,validation_familiar,10.0,2.7460199178763744e-05,0.9999725398008212
DEAP:S15:T31,DEAP:S15,T31,0,2.99,1,1,4,6,exposed,baseline_only,validation_familiar,10.0,2.455644748755592e-05,0.9999754435525124
DEAP:S15:T33,DEAP:S15,T33,0,3.01,1,1,4,6,exposed,baseline_only,validation_familiar,10.0,1.3257823243129074e-05,0.9999867421767569
DEAP:S15:T34,DEAP:S15,T34,0,3.01,1,1,4,6,exposed,baseline_only,validation_familiar,10.0,6.004659266367618e-06,0.9999939953407336
DEAP:S15:T35,DEAP:S15,T35,1,5.05,1,1,4,6,exposed,baseline_only,validation_familiar,10.0,0.0011097497704253279,0.9988902502295747
DEAP:S15:T39,DEAP:S15,T39,0,4.0,1,1,4,6,exposed,baseline_only,validation_familiar,10.0,9.17310317150033e-07,0.9999990826896828
DEAP:S15:T40,DEAP:S15,T40,0,4.01,1,1,4,6,exposed,baseline_only,validation_familiar,10.0,0.0009046874969240726,0.9990953125030759
DEAP:S24:T01,DEAP:S24,T01,1,7.06,1,1,4,6,exposed,baseline_only,validation_familiar,10.0,0.8324386212393895,0.16756137876061056
DEAP:S24:T03,DEAP:S24,T03,1,8.96,1,1,4,6,exposed,baseline_only,validation_familiar,10.0,0.7155866824875958,0.2844133175124041
DEAP:S24:T06,DEAP:S24,T06,1,5.96,1,1,4,6,exposed,baseline_only,validation_familiar,10.0,0.9591885461520532,0.04081145384794682
DEAP:S24:T08,DEAP:S24,T08,1,7.03,1,1,4,6,exposed,baseline_only,validation_familiar,10.0,0.05330388447255063,0.9466961155274494
DEAP:S24:T11,DEAP:S24,T11,1,7.03,1,1,4,6,exposed,baseline_only,validation_familiar,10.0,0.8012646860392028,0.1987353139607972
DEAP:S24:T12,DEAP:S24,T12,1,7.04,1,1,4,6,exposed,baseline_only,validation_familiar,10.0,0.9847249108549926,0.01527508914500743
DEAP:S24:T16,DEAP:S24,T16,0,4.0,1,1,4,6,exposed,baseline_only,validation_familiar,10.0,0.23044181047674317,0.7695581895232568
DEAP:S24:T23,DEAP:S24,T23,0,1.0,1,1,4,6,exposed,baseline_only,validation_familiar,10.0,0.11091908701359676,0.8890809129864032
DEAP:S24:T25,DEAP:S24,T25,0,3.12,1,1,4,6,exposed,baseline_only,validation_familiar,10.0,0.2561498530008516,0.7438501469991484
DEAP:S24:T26,DEAP:S24,T26,0,4.05,1,1,4,6,exposed,baseline_only,validation_familiar,10.0,0.6991055783897684,0.30089442161023155
DEAP:S24:T31,DEAP:S24,T31,0,2.94,1,1,4,6,exposed,baseline_only,validation_familiar,10.0,0.9348035940701177,0.06519640592988228
DEAP:S24:T33,DEAP:S24,T33,1,5.01,1,1,4,6,exposed,baseline_only,validation_familiar,10.0,0.9842461263315684,0.015753873668431596
DEAP:S24:T34,DEAP:S24,T34,0,4.05,1,1,4,6,exposed,baseline_only,validation_familiar,10.0,0.5535697044135887,0.44643029558641134
DEAP:S24:T35,DEAP:S24,T35,0,4.05,1,1,4,6,exposed,baseline_only,validation_familiar,10.0,0.8392158321402384,0.16078416785976155
DEAP:S24:T39,DEAP:S24,T39,0,2.12,1,1,4,6,exposed,baseline_only,validation_familiar,10.0,0.9562372769770399,0.04376272302296012
DEAP:S32:T01,DEAP:S32,T01,1,8.13,1,1,4,6,exposed,baseline_only,validation_familiar,10.0,0.8990674168784178,0.10093258312158214
DEAP:S32:T03,DEAP:S32,T03,1,8.05,1,1,4,6,exposed,baseline_only,validation_familiar,10.0,0.9989533654684958,0.001046634531504176
DEAP:S32:T06,DEAP:S32,T06,1,5.78,1,1,4,6,exposed,baseline_only,validation_familiar,10.0,0.9994811477839776,0.000518852216022397
DEAP:S32:T08,DEAP:S32,T08,1,7.96,1,1,4,6,exposed,baseline_only,validation_familiar,10.0,0.7360553921287374,0.26394460787126256
DEAP:S32:T11,DEAP:S32,T11,1,8.24,1,1,4,6,exposed,baseline_only,validation_familiar,10.0,0.9987265654594507,0.0012734345405492995
DEAP:S32:T12,DEAP:S32,T12,1,7.31,1,1,4,6,exposed,baseline_only,validation_familiar,10.0,0.999942319525713,5.768047428696069e-05
DEAP:S32:T16,DEAP:S32,T16,0,3.97,1,1,4,6,exposed,baseline_only,validation_familiar,10.0,0.9959569042284053,0.0040430957715947135
DEAP:S32:T23,DEAP:S32,T23,0,3.01,1,1,4,6,exposed,baseline_only,validation_familiar,10.0,0.9401072439144494,0.05989275608555053
DEAP:S32:T25,DEAP:S32,T25,0,4.01,1,1,4,6,exposed,baseline_only,validation_familiar,10.0,0.9995068450547474,0.0004931549452526104
DEAP:S32:T26,DEAP:S32,T26,1,5.14,1,1,4,6,exposed,baseline_only,validation_familiar,10.0,0.9954379748369999,0.004562025163000108
DEAP:S32:T31,DEAP:S32,T31,0,4.17,1,1,4,6,exposed,baseline_only,validation_familiar,10.0,0.771434092595778,0.228565907404222
DEAP:S32:T33,DEAP:S32,T33,0,4.06,1,1,4,6,exposed,baseline_only,validation_familiar,10.0,0.9994885290700762,0.0005114709299237236
DEAP:S32:T34,DEAP:S32,T34,0,4.05,1,1,4,6,exposed,baseline_only,validation_familiar,10.0,0.9999458122907494,5.418770925054696e-05
DEAP:S32:T35,DEAP:S32,T35,0,3.88,1,1,4,6,exposed,baseline_only,validation_familiar,10.0,0.9969419491589552,0.003058050841044807
DEAP:S32:T39,DEAP:S32,T39,0,3.99,1,1,4,6,exposed,baseline_only,validation_familiar,10.0,0.9605870018127949,0.039412998187205166
DEAP:S32:T40,DEAP:S32,T40,1,7.15,1,1,4,6,exposed,baseline_only,validation_familiar,10.0,0.9995551968100262,0.0004448031899737724
